9877 25973
1 2
1 3
1 4
5 6
5 7
5 8
5 9
5 10
5 11
5 12
13 14
15 16
15 17
18 19
18 20
18 21
18 22
18 23
18 24
18 25
18 26
18 27
25 28
20 25
23 25
25 29
25 30
25 31
25 32
25 33
25 34
25 35
25 36
25 37
25 38
25 39
25 40
25 41
25 42
25 43
25 44
25 45
25 46
25 47
48 49
48 50
51 52
51 53
51 54
51 55
51 56
51 57
51 58
51 59
51 60
51 61
51 62
63 64
65 66
65 67
65 68
65 69
70 71
70 72
73 74
73 75
73 76
73 77
73 78
73 79
73 80
73 81
73 82
73 83
73 84
73 85
73 86
73 87
73 88
73 89
73 90
73 91
92 93
92 94
92 95
92 96
97 98
97 99
97 100
97 101
97 102
97 103
97 104
97 105
106 107
108 109
108 110
111 112
111 113
114 115
114 116
117 118
119 120
121 122
121 123
121 124
121 125
121 126
121 127
121 128
121 129
121 130
121 131
121 132
121 133
134 135
134 136
137 138
139 140
139 141
139 142
139 143
139 144
139 145
139 146
139 147
148 149
148 150
151 152
153 154
153 155
153 156
153 157
153 158
153 159
153 160
153 161
153 162
153 163
164 165
164 166
164 167
164 168
164 169
164 170
164 171
164 172
164 173
164 174
164 175
164 176
164 177
164 178
164 179
164 180
164 181
164 182
164 183
164 184
164 185
164 186
164 187
164 188
164 189
164 190
164 191
164 192
164 193
164 194
164 195
196 197
75 79
79 86
79 198
78 79
79 199
79 91
200 201
200 202
203 204
205 206
205 207
205 208
209 210
209 211
209 212
209 213
214 215
214 216
214 217
218 219
218 220
221 222
221 223
221 224
221 225
221 226
227 228
229 230
229 231
229 232
233 234
233 235
233 236
237 238
237 239
75 240
240 241
240 242
240 243
240 244
240 245
246 247
246 248
246 249
250 251
250 252
250 253
254 255
256 257
256 258
259 260
259 261
259 262
259 263
259 264
259 265
252 259
259 266
259 267
259 268
259 269
259 270
259 271
259 272
259 273
259 274
259 275
259 276
259 277
259 278
259 279
259 280
259 281
259 282
259 283
259 284
259 285
259 286
259 287
259 288
289 290
289 291
289 292
293 294
293 295
296 297
296 298
296 299
296 300
296 301
296 302
296 303
296 304
29 296
296 305
296 306
296 307
308 309
308 310
308 311
312 313
273 286
261 286
262 286
286 314
276 286
277 286
286 315
286 316
267 286
286 287
279 286
265 286
280 286
317 318
317 319
317 320
317 321
322 323
322 324
325 326
327 328
327 329
330 331
330 332
330 333
330 334
330 335
330 336
330 337
338 339
338 340
338 341
204 338
338 342
241 338
141 338
338 343
338 344
338 345
346 347
346 348
346 349
350 351
350 352
353 354
353 355
356 357
358 359
257 360
361 362
361 363
110 364
110 365
110 366
109 110
110 367
110 368
110 369
110 370
110 371
110 372
110 373
110 374
110 375
376 377
378 379
378 380
381 382
381 383
381 384
381 385
381 386
381 387
381 388
381 389
390 391
390 392
390 393
390 394
390 395
396 397
396 398
396 399
400 401
400 402
400 403
348 349
404 405
404 406
404 407
408 409
408 410
408 411
412 413
412 414
412 415
412 416
412 417
412 418
412 419
420 421
420 422
420 423
420 424
425 426
427 428
427 429
427 430
427 431
427 432
427 433
427 434
427 435
146 427
427 436
427 437
427 438
439 440
441 442
443 444
445 446
447 448
447 449
447 450
451 452
451 453
451 454
451 455
456 457
456 458
456 459
456 460
456 461
456 462
463 464
463 465
463 466
340 467
467 468
467 469
467 470
467 471
467 472
467 473
467 474
467 475
467 476
467 477
478 479
478 480
481 482
481 483
484 485
484 486
487 488
487 489
487 490
487 491
492 493
492 494
495 496
495 497
498 499
500 501
283 500
500 502
500 503
500 504
500 505
277 500
500 506
500 507
500 508
500 509
500 510
500 511
500 512
500 513
514 515
514 516
517 518
519 520
519 521
522 523
522 524
522 525
522 526
522 527
522 528
522 529
522 530
522 531
522 532
522 533
522 534
522 535
522 536
522 537
522 538
522 539
540 541
540 542
540 543
544 545
544 546
544 547
548 549
548 550
548 551
548 552
548 553
554 555
554 556
554 557
558 559
560 561
560 562
563 564
565 566
565 567
565 568
569 570
569 571
569 572
569 573
569 574
569 575
569 576
569 577
569 578
569 579
212 569
569 580
569 581
569 582
569 583
569 584
585 586
585 587
585 588
585 589
585 590
591 592
52 593
52 594
52 56
574 595
574 596
574 597
574 598
156 574
574 599
574 600
103 574
574 581
574 601
574 602
574 603
574 576
604 605
604 606
604 607
604 608
355 604
604 609
610 611
610 612
610 613
610 614
610 615
610 616
610 617
610 618
610 619
499 620
620 621
620 622
620 623
620 624
620 625
626 627
626 628
626 629
626 630
626 631
626 632
626 633
626 634
626 635
626 636
626 637
626 638
626 639
626 640
626 641
626 642
626 643
644 645
646 647
646 648
72 646
646 649
650 651
652 653
652 654
652 655
656 657
658 659
658 660
658 661
662 663
662 664
662 665
662 666
662 667
662 668
662 669
195 662
103 662
662 670
662 671
662 672
324 662
673 674
673 675
673 676
673 677
678 679
678 680
678 681
682 683
684 685
684 686
684 687
684 688
684 689
684 690
684 691
684 692
693 694
693 695
696 697
698 699
700 701
700 702
700 703
700 704
700 705
700 706
559 707
707 708
707 709
710 711
710 712
154 710
713 714
713 715
713 716
713 717
713 718
280 719
719 720
721 722
232 721
721 723
721 724
721 725
721 726
727 728
598 727
727 729
730 731
730 732
733 734
733 735
733 736
733 737
733 738
733 739
424 733
733 740
733 741
599 733
733 742
733 743
744 745
744 746
744 747
744 748
744 749
744 750
744 751
744 752
744 753
744 754
744 755
220 744
226 744
744 756
744 757
744 758
744 759
744 760
744 761
744 762
763 764
763 765
766 767
766 768
769 770
28 769
769 771
772 773
772 774
772 775
772 776
215 216
215 217
777 778
777 779
780 781
780 782
783 784
783 785
783 786
783 787
783 788
783 789
38 40
790 791
790 792
793 794
124 793
795 796
795 797
795 798
799 800
799 801
331 802
802 803
802 804
711 802
144 802
802 805
806 807
806 808
268 809
810 811
810 812
810 813
42 47
42 43
30 42
20 42
814 815
814 816
814 817
814 818
814 819
814 820
814 821
814 822
294 814
814 823
294 824
824 825
826 827
232 826
828 829
830 831
830 832
616 833
612 833
833 834
614 833
833 835
165 191
166 191
167 191
168 191
169 191
170 191
171 191
172 191
173 191
174 191
175 191
176 191
177 191
178 191
179 191
180 191
181 191
182 191
183 191
184 191
185 191
186 191
187 191
188 191
189 191
190 191
191 192
191 193
191 194
191 195
699 836
837 838
837 839
840 841
840 842
840 843
840 844
840 845
840 846
840 847
840 848
849 850
849 851
852 853
854 855
854 856
854 857
854 858
854 859
854 860
854 861
862 863
862 864
862 865
201 202
202 866
202 867
202 868
202 869
870 871
872 873
872 874
875 876
875 877
875 878
879 880
879 881
879 882
879 883
879 884
480 885
885 886
885 887
885 888
885 889
885 890
885 891
885 892
885 893
885 894
885 895
885 896
885 897
885 898
885 899
885 900
885 901
885 902
885 903
885 904
885 905
885 906
885 907
93 885
885 908
885 909
885 910
885 911
912 913
803 912
711 912
912 914
912 915
144 912
916 917
916 918
916 919
920 921
920 922
920 923
920 924
920 925
926 927
926 928
926 929
926 930
926 931
926 932
933 934
933 935
800 801
936 937
936 938
81 936
936 939
936 940
936 941
936 942
943 944
943 945
201 946
946 947
946 948
946 949
946 950
946 951
946 952
953 954
953 955
953 956
906 953
953 957
953 958
509 953
953 959
953 960
953 961
508 953
962 963
962 964
962 965
962 966
962 967
962 968
962 969
962 970
962 971
294 972
973 974
973 975
976 977
976 978
976 979
980 981
980 982
980 983
980 984
980 985
986 987
986 988
986 989
798 986
986 990
631 986
986 991
599 986
986 992
986 993
986 994
83 986
423 986
596 986
598 986
986 995
986 996
986 997
576 986
986 998
999 1000
999 1001
504 999
505 999
715 999
999 1002
510 999
999 1003
999 1004
1005 1006
1005 1007
1008 1009
223 1010
223 1011
223 1012
223 1013
223 1014
223 1015
223 1016
223 1017
223 1018
223 1019
223 1020
223 1021
1022 1023
1022 1024
272 278
272 479
272 274
365 373
366 373
1025 1026
955 1025
1027 1028
1027 1029
627 1030
627 1031
627 1032
627 1033
597 627
627 631
458 627
627 630
627 1034
627 1035
627 1036
627 1037
627 1038
627 1039
1040 1041
1042 1043
1042 1044
1042 1045
1042 1046
1042 1047
1042 1048
1042 1049
1042 1050
1042 1051
1042 1052
1053 1054
1053 1055
1053 1056
1057 1058
1057 1059
50 455
454 455
450 455
455 1060
452 455
455 1061
281 455
1062 1063
1062 1064
1062 1065
1062 1066
1062 1067
1068 1069
1068 1070
1068 1071
1068 1072
1068 1073
457 1074
457 1075
457 1076
431 457
457 601
457 1077
457 1078
457 638
457 1079
87 457
457 1080
457 1081
457 458
457 1082
457 1083
457 1084
457 1085
457 1086
457 1087
457 1088
457 1089
457 1090
370 457
12 457
457 1091
457 1092
457 1093
457 461
457 1094
457 589
457 1095
1096 1097
1098 1099
1098 1100
1088 1098
1098 1101
1098 1102
1098 1103
1098 1104
324 1098
1105 1106
1107 1108
1109 1110
1109 1111
1109 1112
1109 1113
1109 1114
1109 1115
1116 1117
1116 1118
1116 1119
1120 1121
1120 1122
1120 1123
1120 1124
1125 1126
1127 1128
1127 1129
1128 1130
1129 1130
1131 1132
1131 1133
1131 1134
1131 1135
1131 1136
1131 1137
1131 1138
896 907
907 1139
1140 1141
1140 1142
1140 1143
1144 1145
1144 1146
1144 1147
1144 1148
1149 1150
1151 1152
1151 1153
1151 1154
1151 1155
436 437
437 1156
1157 1158
1157 1159
1157 1160
1157 1161
1157 1162
1157 1163
1157 1164
1157 1165
1166 1167
1166 1168
968 1166
1166 1169
579 1166
1166 1170
1166 1171
1166 1172
1166 1173
1174 1175
1174 1176
1174 1177
1174 1178
1174 1179
1180 1181
1180 1182
266 1183
1183 1184
1183 1185
1183 1186
1183 1187
1183 1188
1183 1189
1183 1190
1183 1191
1183 1192
1193 1194
45 1193
1193 1195
1193 1196
1193 1197
1193 1198
1193 1199
1193 1200
1193 1201
1193 1202
1203 1204
1203 1205
1203 1206
1203 1207
831 1208
831 1209
831 1210
831 1211
831 1212
831 1213
831 1154
831 832
1214 1215
1216 1217
1216 1218
1216 1219
1220 1221
1220 1222
1220 1223
1224 1225
1224 1226
1224 1227
1224 1228
851 1224
1224 1229
1224 1230
1224 1231
1224 1232
1224 1233
81 1224
155 1224
1224 1234
988 1224
1224 1235
1224 1236
1224 1237
1224 1238
850 1224
1224 1239
1224 1240
637 1224
1224 1241
1224 1242
1224 1243
1224 1244
798 1224
600 1224
1224 1245
1224 1246
1224 1247
942 1224
1224 1248
1249 1250
1251 1252
1251 1253
1251 1254
1255 1256
1255 1257
1255 1258
1255 1259
1255 1260
1255 1261
1255 1262
1255 1263
975 1264
975 1265
974 975
975 1266
975 1267
975 1268
975 1269
1270 1271
1270 1272
1270 1273
1274 1275
1274 1276
1274 1277
1274 1278
1279 1280
72 1279
1279 1281
1279 1282
1279 1283
1279 1284
1279 1285
637 1225
637 1286
637 1287
631 637
637 1288
637 1289
637 709
637 1290
637 1291
255 637
637 1049
637 1231
608 637
637 1033
637 1292
637 1293
637 1294
637 988
637 1295
602 637
637 796
637 1296
637 1237
637 1297
637 1298
629 637
637 1299
637 1300
637 1301
637 1302
637 1303
573 637
637 1233
637 1304
637 1305
637 1306
637 1046
637 798
637 1307
637 1308
637 1037
637 1247
1309 1310
1309 1311
1309 1312
1309 1313
1309 1314
1309 1315
1316 1317
1316 1318
1316 1319
1316 1320
1073 1316
1321 1322
1323 1324
1323 1325
1323 1326
1323 1327
1323 1328
1329 1330
1329 1331
1329 1332
1333 1334
1333 1335
1333 1336
1305 1337
1338 1339
1338 1340
893 1338
895 1338
1338 1341
1338 1342
199 1338
1343 1344
1343 1345
1343 1346
1343 1347
1343 1348
1343 1349
1343 1350
1351 1352
1351 1353
1354 1355
1356 1357
1358 1359
1358 1360
1358 1361
1358 1362
1358 1363
1358 1364
1358 1365
1358 1366
1358 1367
1358 1368
1358 1369
1358 1370
1358 1371
1358 1372
1358 1373
1358 1374
1358 1375
1358 1376
1377 1378
1377 1379
1380 1381
1382 1383
1076 1382
1382 1384
1382 1385
1382 1386
87 1382
1382 1387
1382 1388
1382 1389
261 1382
1382 1390
1382 1391
1382 1392
375 1382
1382 1393
1382 1394
1382 1395
1382 1396
1382 1397
1382 1398
1382 1399
1382 1400
1382 1401
1382 1402
589 1382
1382 1403
1382 1404
1382 1405
1382 1406
1382 1407
1382 1408
568 1382
1382 1409
1382 1410
1382 1411
881 1412
1412 1413
1414 1415
1414 1416
1414 1417
21 26
21 22
20 21
1418 1419
1420 1421
1420 1422
1420 1423
1420 1424
1420 1425
1426 1427
1426 1428
1429 1430
1429 1431
1429 1432
1433 1434
1433 1435
1433 1436
1433 1437
1433 1438
1439 1440
631 1439
1013 1439
1017 1439
1439 1441
1439 1442
1439 1443
1439 1444
1439 1445
1439 1446
1439 1447
568 1439
1439 1448
1439 1449
320 1439
1439 1450
1439 1451
1439 1452
1439 1453
1439 1454
1439 1455
1439 1456
1439 1457
1458 1459
1458 1460
1458 1461
1458 1462
1458 1463
1458 1464
1458 1465
1458 1466
1359 1367
1360 1367
1361 1367
1362 1367
1363 1367
1364 1367
1365 1367
1366 1367
1367 1368
1367 1369
1367 1370
1367 1371
1367 1372
1367 1373
1367 1374
1367 1375
1367 1376
380 1467
1467 1468
1467 1469
1467 1470
1467 1471
1467 1472
1467 1473
1474 1475
1474 1476
1477 1478
1477 1479
1477 1480
1160 1477
1477 1481
1477 1482
1477 1483
1477 1484
144 1477
1235 1477
1477 1485
1486 1487
1124 1488
1123 1124
1124 1489
1124 1490
1121 1124
1122 1124
1491 1492
1491 1493
1491 1494
1491 1495
1496 1497
1498 1499
1041 1500
1500 1501
1502 1503
1504 1505
1504 1506
1507 1508
1383 1388
1388 1509
632 1388
1388 1510
1388 1511
1388 1512
1388 1513
1388 1389
1388 1514
1388 1390
1388 1392
1388 1515
1388 1516
1388 1517
1388 1518
1388 1402
422 1388
1388 1519
1388 1520
1186 1388
1388 1521
1388 1522
1388 1410
1388 1523
53 1524
1074 1524
442 1524
1524 1525
482 1524
1524 1526
1524 1527
58 1524
277 1524
1524 1528
1524 1529
1065 1524
129 1524
1524 1530
1524 1531
594 1524
1532 1533
102 1532
1532 1534
502 1535
502 1536
283 502
501 502
502 1537
502 1538
502 504
502 1539
502 715
502 1540
502 513
1541 1542
1541 1543
1541 1544
1545 1546
1545 1547
961 1545
1545 1548
1478 1549
1549 1550
1551 1552
340 1551
1551 1553
1551 1554
1551 1555
1551 1556
1551 1557
1551 1558
1551 1559
1560 1561
1560 1562
368 1563
1563 1564
1563 1565
1566 1567
1566 1568
1569 1570
1569 1571
1569 1572
1569 1573
1574 1575
1574 1576
1577 1578
1259 1579
1579 1580
1579 1581
1579 1582
1579 1583
1584 1585
1586 1587
1588 1589
1383 1519
1519 1590
1480 1519
1188 1519
1519 1591
1510 1519
1519 1592
1519 1593
1519 1594
1415 1519
1511 1519
1519 1595
1186 1519
1047 1519
1514 1519
1390 1519
1519 1596
1519 1597
1392 1519
1519 1598
1519 1599
1516 1519
1519 1600
1519 1601
1519 1602
1519 1603
1403 1519
1519 1604
1519 1520
1519 1605
1519 1606
1519 1607
1518 1519
1407 1519
1041 1519
1519 1608
1519 1609
1410 1519
1519 1610
1519 1611
1519 1612
1519 1613
1519 1614
632 1519
1615 1616
1615 1617
1615 1618
1615 1619
1620 1621
1620 1622
1620 1623
1620 1624
690 1625
1625 1626
1625 1627
1625 1628
1625 1629
1625 1630
1625 1631
1625 1632
1625 1633
1625 1634
1625 1635
1625 1636
1625 1637
1625 1638
1625 1639
1625 1640
1625 1641
1625 1642
1625 1643
1625 1644
1625 1645
1625 1646
1625 1647
1625 1648
1649 1650
1649 1651
1637 1649
1649 1652
1480 1649
841 1653
1654 1655
1654 1656
1657 1658
1657 1659
1657 1660
1661 1662
1661 1663
1661 1664
1665 1666
1665 1667
1665 1668
1669 1670
1669 1671
1669 1672
1669 1673
1674 1675
764 1676
1676 1677
1676 1678
1676 1679
1480 1680
1480 1681
1480 1682
1480 1683
1480 1684
1480 1685
472 1480
1480 1686
1480 1650
1480 1687
1480 1652
1480 1688
1480 1592
1480 1637
1480 1689
1480 1690
1480 1691
1480 1692
534 1480
1480 1693
1480 1483
1480 1694
1480 1695
1480 1696
1697 1698
1697 1699
1611 1697
1697 1700
1701 1702
1701 1703
1701 1704
1701 1705
1701 1706
1701 1707
1701 1708
1701 1709
1590 1710
1710 1711
1614 1710
1712 1713
1712 1714
1712 1715
1712 1716
757 1717
1718 1719
1718 1720
889 1718
1721 1722
1721 1723
1721 1724
1154 1721
1721 1725
1721 1726
1727 1728
967 1383
340 967
298 967
967 1729
967 1730
967 1731
967 1732
967 1733
967 1734
967 1735
967 1736
967 1737
967 1738
967 1739
967 1740
967 1741
967 1742
967 1743
967 1744
967 1745
967 1452
967 1746
422 967
967 1747
967 1748
967 1749
967 1750
1751 1752
1753 1754
1753 1755
1753 1756
1002 1753
277 1753
264 1753
1753 1757
1753 1758
1753 1759
1760 1761
333 1760
1760 1762
1760 1763
1760 1764
1760 1765
1760 1766
1760 1767
1768 1769
1768 1770
75 244
243 244
244 1771
242 244
244 1772
244 1773
244 1774
241 244
244 245
244 1775
206 208
1383 1518
1518 1590
1518 1776
1518 1777
1518 1731
1518 1778
1511 1518
1512 1518
1518 1779
1518 1780
1518 1781
1518 1711
1202 1518
1518 1782
1069 1518
1518 1783
1518 1599
384 1518
1518 1784
1518 1785
1518 1786
1518 1787
1518 1788
1518 1789
422 1518
1518 1520
1410 1518
1518 1610
1518 1611
1518 1790
386 1518
632 1518
362 1791
362 363
1792 1793
1792 1794
1792 1795
1792 1796
1792 1797
1792 1798
1792 1799
1792 1800
1801 1802
1801 1803
1801 1804
1801 1805
1801 1806
1801 1807
823 1801
364 1808
1808 1809
1808 1810
372 1808
1811 1812
1811 1813
1811 1814
1811 1815
1811 1816
1817 1818
1817 1819
1817 1820
1821 1822
1823 1824
1823 1825
433 1823
434 1823
1823 1826
1823 1827
1823 1828
1823 1829
1823 1830
1823 1831
1247 1823
1823 1832
1823 1833
1492 1834
1611 1835
1186 1611
1590 1611
1512 1611
1611 1836
1217 1611
1514 1611
1611 1699
1597 1611
1592 1611
1611 1700
1611 1837
1611 1785
1403 1611
1605 1611
1611 1838
1611 1839
1520 1611
1611 1840
1611 1698
1611 1841
1611 1711
1611 1842
1611 1843
1611 1844
1611 1845
1846 1847
1846 1848
1846 1849
1846 1850
1846 1851
1852 1853
1852 1854
1852 1855
1852 1856
1852 1857
1852 1858
1859 1860
1861 1862
1861 1863
1830 1864
1481 1864
1865 1866
1626 1867
1626 1868
1626 1869
1626 1870
1626 1871
1626 1872
630 1626
1626 1873
1626 1874
1626 1639
1626 1875
546 1626
1626 1876
1626 1637
1626 1877
386 1626
1626 1878
1626 1850
1626 1879
1880 1881
1295 1882
1730 1883
1884 1885
1884 1886
1476 1887
1475 1476
1476 1888
1476 1889
1476 1890
1476 1891
1476 1892
1476 1893
241 1476
1476 1894
1476 1895
1476 1896
1476 1897
1476 1898
1476 1899
1476 1900
877 1476
1476 1901
1476 1902
1903 1904
1905 1906
1907 1908
1907 1909
1907 1910
1907 1911
278 1907
921 1907
1907 1912
925 1907
922 1907
1907 1913
924 1907
1907 1914
1915 1916
1915 1917
1915 1918
1088 1915
1919 1920
1921 1922
344 1921
1923 1924
1923 1925
1926 1927
1926 1928
1926 1929
377 1926
1930 1931
1930 1932
1930 1933
1930 1934
1930 1935
1930 1936
1930 1937
1930 1938
1930 1939
1655 1656
392 1940
479 1941
1941 1942
1724 1941
1941 1943
1941 1944
1941 1945
1941 1946
571 1390
1390 1947
1383 1390
1390 1948
642 1390
1390 1778
1390 1949
1390 1950
146 1390
1390 1511
1390 1466
1390 1951
1390 1952
1032 1390
1072 1390
1390 1953
1047 1390
1390 1954
1390 1955
1390 1392
1390 1478
1390 1956
1390 1957
1390 1958
1070 1390
681 1390
1390 1402
212 1390
1390 1465
1390 1959
1390 1960
1038 1390
1390 1607
1390 1961
1390 1520
580 1390
1390 1962
1390 1614
1390 1415
1604 1963
1599 1963
1410 1963
1629 1964
1964 1965
1966 1967
1885 1966
1966 1968
1966 1969
144 1966
1966 1970
1966 1971
1972 1973
1038 1972
1972 1974
1972 1975
1227 1972
1976 1977
1976 1978
1976 1979
80 1976
1976 1980
1976 1981
1976 1982
1976 1983
1976 1984
1976 1985
1976 1986
1987 1988
499 1989
1989 1990
123 1989
1989 1991
321 1992
321 1993
321 1994
1995 1996
1995 1997
1995 1998
1297 1999
1999 2000
1999 2001
1999 2002
1999 2003
1999 2004
1185 2005
1953 2005
2005 2006
747 2005
2005 2007
2005 2008
1172 2005
1838 2005
382 2009
2009 2010
2009 2011
2009 2012
2009 2013
387 2009
2009 2014
2009 2015
307 2009
2016 2017
2016 2018
2016 2019
2020 2021
2020 2022
276 2020
2020 2023
2020 2024
2020 2025
2020 2026
2020 2027
2028 2029
2011 2028
2028 2030
307 2028
1225 1605
1605 1608
1076 1605
1590 1605
1605 2031
307 1605
1605 2032
1514 1605
1598 1605
1605 2033
1605 1606
1038 1605
1605 1612
1605 2034
1599 1605
1605 2035
1605 2036
1403 1605
1605 2037
1605 2038
1605 2039
1308 1605
1186 1605
1605 1610
1605 1778
1494 1605
1039 1605
1410 1605
2040 2041
2040 2042
2043 2044
2043 2045
1931 2046
2047 2048
2047 2049
1172 2047
364 2050
2050 2051
2050 2052
58 2050
1992 2050
2050 2053
2050 2054
2050 2055
2050 2056
2050 2057
2058 2059
2058 2060
2058 2061
2058 2062
2058 2063
2064 2065
880 881
2025 2066
2066 2067
2066 2068
340 1614
1607 1614
1599 1614
1614 2069
1186 1614
1614 2070
1614 2071
1614 1711
1614 2072
1614 1781
1614 2073
1614 1951
468 1614
1786 2074
2074 2075
2074 2076
2074 2077
2074 2078
2079 2080
2079 2081
2079 2082
2079 2083
2079 2084
2079 2085
1218 2079
2079 2086
291 2079
1341 2079
2079 2087
292 2079
2088 2089
2090 2091
197 2092
2092 2093
571 1033
571 2094
212 571
571 2095
571 580
571 582
2096 2097
2096 2098
2096 2099
2100 2101
2100 2102
2100 2103
207 2104
208 2104
927 2104
2104 2105
2106 2107
2106 2108
2106 2109
2106 2110
2106 2111
98 2112
2113 2114
2113 2115
2113 2116
2113 2117
2113 2118
2113 2119
2113 2120
2113 2121
2113 2122
1879 2113
1340 2113
2113 2123
2113 2124
2113 2125
2113 2126
2113 2127
1873 2113
2113 2128
2113 2129
2113 2130
2113 2131
2113 2132
2117 2125
2117 2122
2133 2134
2133 2135
2136 2137
2136 2138
2136 2139
2136 2140
2136 2141
2136 2142
2136 2143
2136 2144
865 2136
2136 2145
2136 2146
2136 2147
2136 2148
2149 2150
2149 2151
657 2152
657 2153
657 2154
657 2155
657 1731
657 2156
2157 2158
2159 2160
2161 2162
2161 2163
2164 2165
2164 2166
2012 2164
2164 2167
2168 2169
893 2170
909 2170
895 2170
1341 2170
2171 2172
948 2171
454 1061
2173 2174
1889 2173
1406 2175
2175 2176
2175 2177
2175 2178
2179 2180
2179 2181
2179 2182
2179 2183
2179 2184
2179 2185
2186 2187
2186 2188
2186 2189
2186 2190
2186 2191
2186 2192
2186 2193
2186 2194
2186 2195
2186 2196
2186 2197
2186 2198
2199 2200
2199 2201
906 2199
1872 2199
2199 2202
2199 2203
387 2199
2199 2204
2199 2205
2206 2207
2206 2208
2206 2209
1875 2206
2206 2210
2206 2211
2206 2212
2206 2213
2206 2214
50 2215
50 2216
50 2217
50 2127
50 453
50 118
50 454
50 452
50 2218
602 1225
602 2219
155 602
598 602
602 2220
602 1289
602 994
602 1037
602 2221
602 2222
602 2223
602 796
602 1237
602 2224
602 2225
602 1241
602 603
600 602
602 2226
602 2227
2228 2229
2187 2191
2191 2230
2188 2191
2191 2231
2191 2232
2191 2194
2191 2198
2233 2234
2165 2235
651 2236
1756 2237
709 1756
84 449
449 2238
449 2239
449 850
449 2240
449 2241
449 2242
449 2243
449 453
449 450
449 2244
91 449
2245 2246
2068 2247
2068 2248
623 2068
2068 2249
2068 2250
2068 2251
1778 2068
474 2068
1398 2068
2025 2068
2067 2068
2252 2253
75 2254
2254 2255
89 2254
2256 2257
2132 2256
680 2258
2258 2259
1466 2258
2258 2260
679 2258
1250 2261
1250 2262
1250 2263
1250 2264
1199 1250
252 2265
1912 2265
2265 2266
2267 2268
438 2269
434 438
430 438
433 438
1824 1830
1824 1827
1824 1833
1479 2270
2270 2271
86 2270
2270 2272
2270 2273
2270 2274
2270 2275
2270 2276
2270 2277
2270 2278
2270 2279
2270 2280
2270 2281
2270 2282
2270 2283
2270 2284
1339 2270
2270 2285
2270 2286
506 2270
2270 2287
494 2270
2288 2289
2288 2290
2288 2291
2288 2292
2288 2293
2294 2295
1389 1407
1407 1594
1392 1407
375 1407
1924 2296
1925 2296
2297 2298
2297 2299
2300 2301
2302 2303
2150 2304
2150 2305
2150 2306
2150 2307
2150 2151
2308 2309
2308 2310
2308 2311
2293 2308
2308 2312
2308 2313
2308 2314
2308 2315
131 2308
2308 2316
493 2317
2317 2318
2319 2320
2319 2321
2319 2322
485 2319
2319 2323
2319 2324
2319 2325
2319 2326
2319 2327
513 2319
2319 2328
422 1383
1383 1741
1383 1514
1383 2329
1383 1517
1383 1410
1383 1516
1383 1840
632 1383
1383 1745
1383 1645
1383 2330
1383 1523
2331 2332
1003 2331
2331 2333
129 594
2334 2335
873 2336
873 2283
873 874
873 2337
873 2338
873 2339
873 2340
715 873
873 1758
873 2341
873 2342
873 2343
2344 2345
2344 2346
2347 2348
2349 2350
2351 2352
479 2351
2351 2353
2354 2355
2354 2356
2354 2357
2358 2359
2358 2360
2358 2361
2358 2362
2363 2364
2363 2365
2363 2366
1885 2363
2363 2367
2363 2368
2363 2369
2363 2370
2363 2371
2363 2372
2363 2373
2374 2375
2374 2376
2374 2377
2378 2379
2378 2380
2378 2381
2378 2382
2383 2384
2383 2385
2383 2386
2383 2387
2383 2388
893 2383
2383 2389
2383 2390
2383 2391
2383 2392
1444 2393
1748 2393
817 2080
2080 2083
1218 2080
2080 2081
2394 2395
2394 2396
1968 2394
2394 2397
2394 2398
2399 2400
2401 2402
2403 2404
1069 2405
93 2406
2406 2407
2406 2408
94 2406
2406 2409
2410 2411
2412 2413
2414 2415
2414 2416
2414 2417
326 2418
326 2419
326 2420
326 2421
326 2422
326 2423
2154 2424
2424 2425
1875 2426
1875 2124
1875 2427
1875 2428
630 1875
1875 2429
1875 2210
1875 2430
1874 1875
1875 2431
1875 2432
1032 1875
1875 2433
1875 1876
1875 2434
1875 2435
1875 1877
1875 2436
1448 1875
2292 2437
2437 2438
2154 2437
2437 2439
2437 2440
2441 2442
2441 2443
2441 2444
2445 2446
653 654
654 655
2447 2448
2447 2449
768 2447
2447 2450
2451 2452
2451 2453
2451 2454
901 2451
2121 2455
2000 2455
2455 2456
2455 2457
2455 2458
2455 2459
2455 2460
1629 2072
1948 2072
2069 2072
2072 2461
2072 2462
2463 2464
668 2463
2463 2465
2463 2466
2463 2467
2463 2468
2463 2469
2463 2470
2463 2471
2463 2472
2463 2473
1058 2463
262 2463
2463 2474
2463 2475
2463 2476
2463 2477
2463 2478
435 2463
2438 2463
2463 2479
2463 2480
2463 2481
331 2482
1887 2482
803 2482
2482 2483
711 2482
2482 2484
144 2482
2482 2485
2480 2482
2094 2095
2486 2487
2486 2488
2486 2489
2486 2490
2486 2491
2486 2492
2493 2494
937 2493
611 2495
796 2495
2495 2496
2458 2495
2495 2497
2495 2498
2495 2499
1041 2495
2495 2500
2495 2501
2495 2502
2456 2495
2457 2495
2121 2495
2495 2503
2504 2505
1938 2506
667 2506
695 2507
695 2508
695 2509
694 695
2262 2510
2438 2511
2438 2512
2438 2513
2438 2464
2438 2514
2362 2438
2438 2466
2438 2515
435 2438
2438 2516
1063 2438
2438 2517
760 2438
1481 2438
2154 2438
2438 2518
2438 2440
2361 2438
2438 2519
2438 2479
2520 2521
2520 2522
2523 2524
2523 2525
269 2523
2523 2526
1072 2523
1226 2527
1226 1244
851 1226
1226 1229
1226 1894
1226 1243
1079 1226
82 1226
1226 2528
1226 2529
1226 1234
1226 2530
91 1226
1226 2531
1226 2532
850 1226
1090 1226
1226 1240
1035 1226
1226 2533
1226 2534
1226 1242
1226 2535
1226 2536
1226 1245
1226 1246
1226 1247
1226 1248
851 2537
2529 2537
1248 2537
91 2537
2538 2539
2540 2541
1262 2540
251 252
251 253
2542 2543
2542 2544
2545 2546
2545 2547
2545 2548
651 738
738 1632
738 2549
735 738
1444 2550
2550 2551
354 2552
355 2552
2553 2554
715 2555
2555 2556
264 277
82 2557
82 1044
82 631
82 770
82 87
82 1444
82 2558
82 2559
82 1293
82 988
82 2560
82 755
82 1448
76 82
82 2561
82 1090
82 1035
82 2562
82 2563
82 2564
82 2565
82 2566
82 2567
82 1248
1478 2568
1538 2568
2568 2569
1758 2568
1759 2568
2568 2570
2571 2572
2571 2573
2571 2574
2571 2575
2571 2576
1876 2571
2571 2577
2571 2578
2571 2579
1647 2571
2571 2580
1638 2581
2581 2582
2581 2583
37 2584
2584 2585
2586 2587
2588 2589
2588 2590
2588 2591
2588 2592
2588 2593
2588 2594
2588 2595
2588 2596
2588 2597
2588 2598
2588 2599
2588 2600
2588 2601
2588 2602
2588 2603
217 2588
2588 2604
422 2605
2219 2605
2605 2606
2605 2607
2605 2608
2605 2609
2610 2611
280 2332
720 2332
2332 2333
1003 2332
1296 2612
1296 2613
1296 2614
1296 2615
1296 2616
1296 2617
1296 2618
1296 1632
1296 2619
1296 2620
1043 1296
1033 1296
1296 2621
1296 2622
1296 2623
1035 1296
1296 2624
1296 2625
1296 2626
1296 1889
1296 1707
1296 2627
1296 2628
1248 1296
2244 2629
118 2630
1445 1449
1440 1449
1449 2631
1441 1449
1449 2632
1013 1449
1017 1449
1449 2633
1442 1449
1449 2634
1245 1449
1449 2635
1449 2636
1449 2637
2638 2639
2638 2640
2007 2641
2006 2007
2007 2642
2007 2643
2007 2644
1838 2007
2645 2646
906 2645
2645 2647
853 2645
2645 2648
2645 2649
2645 2650
2645 2651
2652 2653
2654 2655
1866 2656
299 2657
898 2657
2657 2658
180 2657
2657 2659
2657 2660
2657 2661
2657 2662
2663 2664
2663 2665
2663 2666
2663 2667
2668 2669
2668 2670
2668 2671
2668 2672
2668 2673
2668 2674
2668 2675
2668 2676
2668 2677
2668 2678
2668 2679
2668 2680
2668 2681
2668 2682
2668 2683
2668 2684
2668 2685
2668 2686
2668 2687
2668 2688
2668 2689
2668 2690
2668 2691
2692 2693
1691 2694
1685 1691
2695 2696
2695 2697
2695 2698
2625 2699
631 2625
2623 2625
1063 2700
2700 2701
2700 2702
16 2703
2703 2704
2703 2705
2703 2706
2703 2707
2703 2708
2703 2709
2703 2710
2703 2711
2703 2712
2703 2713
2703 2714
2703 2715
1590 1711
1076 1711
1511 1711
1711 1779
1711 2716
1711 2717
1392 1711
1711 1784
1711 2718
1711 2719
1520 1711
1608 1711
1410 1711
1494 1711
1711 2720
1711 2721
632 1711
1248 1711
1401 2722
1592 2722
2722 2723
1300 2724
1247 2724
583 2724
1746 2725
2725 2726
2727 2728
2727 2729
2132 2727
2727 2730
1225 2731
2731 2732
2733 2734
2733 2735
844 2736
897 2736
2737 2738
1978 2737
2739 2740
2739 2741
2739 2742
2743 2744
2745 2746
2745 2747
1547 2745
961 2745
2745 2748
2749 2750
2749 2751
2752 2753
2752 2754
1348 2755
2755 2756
2757 2758
1960 2757
2759 2760
2761 2762
1196 2763
2764 2765
2764 2766
2767 2768
2767 2769
2770 2771
482 1530
482 2772
482 1505
482 2773
482 2774
482 2775
141 482
482 532
482 1054
143 482
340 482
220 482
482 2776
482 2777
482 2778
482 2779
482 2780
482 2781
219 482
482 2782
482 2783
482 2784
482 2785
482 1513
319 482
482 2786
482 2787
482 2788
482 1613
482 2789
482 2790
482 2791
482 1425
482 2792
482 2793
482 2794
482 2795
482 2796
482 2797
482 2798
482 2799
145 482
482 2800
482 2801
482 2802
482 2803
482 2804
482 2805
482 2806
482 1967
482 2807
333 482
442 482
482 2808
142 482
482 2809
482 2053
482 1968
482 2810
482 483
482 2811
482 2812
482 2813
1446 1447
1446 1454
1440 1446
1188 2591
2591 2598
1117 2591
2591 2814
2591 2604
595 2591
2558 2591
2559 2591
2591 2815
2591 2816
2591 2593
2590 2591
2591 2817
2591 2818
2566 2591
1088 2591
2591 2599
2591 2819
2591 2820
2591 2602
1983 2591
2591 2821
2589 2591
2591 2822
2591 2592
2591 2823
2591 2600
2591 2824
2591 2825
2591 2603
2591 2594
948 1212
948 949
947 948
948 952
948 2826
948 2827
948 950
948 951
948 2172
782 948
948 2828
948 2829
154 2830
1047 1947
1047 2831
1047 1520
630 1047
642 1047
632 1047
1047 2832
1047 2833
1047 1048
1047 1807
1038 1047
1047 1392
726 1047
1032 1954
2834 2835
2834 2836
1277 1278
1598 1606
1606 1610
1514 1606
1606 1612
1152 2837
1835 2837
653 2837
945 2837
2837 2838
2837 2839
2837 2840
146 2837
257 258
258 2841
258 429
258 737
258 424
258 2842
2843 2844
2843 2845
2843 2846
1238 2469
1227 1238
630 1238
850 1238
988 1238
1238 2847
1238 2848
1238 2849
1238 2465
1238 2850
2851 2852
2851 2853
2108 2854
2854 2855
2110 2854
1160 2856
803 1160
1160 2857
141 1160
146 1160
1072 1160
1160 1482
1160 2858
1160 1161
1160 1389
711 1160
1071 1160
1160 1728
1070 1160
1160 2859
1160 2860
1160 1402
144 1160
1160 2861
1160 2862
1160 1520
1160 2863
1160 2864
1160 1164
1160 2865
1160 1485
1160 2866
2867 2868
2867 2869
2867 2870
2867 2871
2867 2872
2867 2873
2867 2874
2875 2876
2877 2878
2877 2879
2877 2880
2877 2881
1645 2882
2882 2883
2884 2885
2884 2886
2471 2887
2887 2888
2887 2889
2887 2890
1394 2891
2551 2891
2891 2892
1916 2891
2891 2893
2891 2894
2891 2895
2896 2897
2896 2898
699 2899
1636 2900
2900 2901
1628 2900
2902 2903
2902 2904
2902 2905
2902 2906
1228 2907
2907 2908
543 2907
2909 2910
2903 2909
2909 2911
2909 2912
2909 2913
1536 1537
1537 1538
504 1537
1537 2914
1537 2915
494 1537
1150 2916
2916 2917
2916 2918
1535 1540
1539 1540
513 1540
2034 2919
990 2919
803 2919
2658 2919
2919 2920
2919 2921
2290 2919
2029 2919
307 2919
2922 2923
1171 2924
2508 2924
207 2924
2924 2925
1648 2926
1648 2655
1648 2927
1630 1648
1648 2928
1631 1648
1648 2929
1648 2718
1636 1648
1287 2930
1287 2931
994 1287
1287 1809
1287 1731
1287 2932
1530 2772
2772 2933
2772 2804
2772 2813
2772 2777
2772 2778
2772 2779
1425 2772
483 2772
2772 2784
743 2772
2772 2793
2772 2790
525 2772
2772 2934
2772 2796
2772 2935
2485 2772
2772 2800
740 2772
2772 2936
1996 2772
2772 2803
2772 2937
2772 2798
30 2772
2772 2811
2938 2939
2938 2940
2941 2942
2941 2943
2941 2944
1837 2941
2941 2945
2941 2946
2213 2941
2941 2947
1739 2941
2503 2941
2941 2948
990 2223
1227 2223
2220 2223
2223 2949
2223 2950
2223 2951
2223 2952
2223 2953
2223 2954
2223 2955
2223 2411
2076 2223
2223 2956
2223 2494
850 2223
2223 2957
2223 2958
761 2223
2223 2226
2223 2244
2077 2223
476 2223
968 2959
968 2960
968 2961
968 1173
1598 1612
1599 1612
1186 1612
1610 1612
1514 1612
1612 2031
1612 2962
1410 1612
1610 2031
1186 2031
1410 2031
2963 2964
2963 2965
2963 2966
2967 2968
2967 2969
2970 2971
1592 2972
1958 2972
1693 2972
1401 2972
1521 2972
1512 2972
1299 2973
813 2973
2973 2974
2973 2975
2973 2976
2977 2978
1592 2979
1000 2979
156 2979
2719 2979
1778 2979
1512 2979
2980 2981
2982 2983
2982 2984
2481 2982
2985 2986
2985 2987
1599 2988
906 2988
1512 2988
1514 2988
1410 2988
464 465
465 2989
465 466
2990 2991
2990 2992
2990 2993
2990 2994
2990 2995
577 2990
2990 2996
2990 2997
2990 2998
2990 2999
1830 2990
2990 3000
2990 3001
2990 3002
3003 3004
3005 3006
480 3007
3008 3009
479 1739
1739 3010
1739 1745
599 1739
1739 1837
1609 1739
994 1739
1739 3011
1731 1739
1739 2501
1739 2213
1739 1746
1739 2352
1738 1739
1739 3012
1739 2503
3013 3014
3013 3015
2793 3016
3016 3017
3016 3018
1786 3019
1924 3019
3019 3020
2000 3019
466 3021
466 616
464 466
466 922
466 924
2187 2194
2188 2194
2194 2198
1359 1369
1360 1369
1369 3022
1361 1369
1362 1369
1363 1369
1364 1369
1365 1369
1366 1369
1369 3023
1369 2921
1369 1370
1369 1371
1369 1372
1368 1369
1369 1373
1369 1374
1369 1375
1369 1376
3024 3025
3024 3026
2912 3027
2903 2912
2911 2912
2906 2912
3028 3029
666 3028
3028 3030
3031 3032
3031 3033
3031 3034
3031 3035
3031 3036
3031 3037
3031 3038
1922 3031
3031 3039
683 3040
3040 3041
913 3042
1364 3042
1365 3042
3042 3043
3042 3044
3042 3045
3042 3046
711 3042
3042 3047
3042 3048
2148 3049
2148 3050
2148 3051
2140 2148
2148 3052
2147 2148
3053 3054
2257 3053
3053 3055
3053 3056
3057 3058
2428 3057
2496 2497
2496 2498
2496 2499
2496 2502
3059 3060
1302 3059
2803 2813
2777 2803
2800 2803
2790 2803
3061 3062
3061 3063
1645 2883
1645 2124
1645 3064
1645 2901
1637 1645
1631 1645
1645 3065
1645 3066
1633 1645
1645 3067
1645 3068
1643 1645
3069 3070
88 3069
315 3069
564 3069
3069 3071
2324 3069
506 3069
3069 3072
3069 3073
3069 3074
199 3069
1857 3075
1855 1857
1854 1857
1134 3076
3076 3077
16 2712
2711 2712
2612 2614
2614 2615
458 2614
1293 2614
1035 2614
608 3078
355 3078
3079 3080
3079 3081
460 3079
2535 3079
3079 3082
994 3083
3083 3084
3083 3085
850 3086
156 3086
3087 3088
3087 3089
332 3087
3087 3090
3087 3091
2032 3087
3087 3092
3087 3093
2000 3087
1610 3087
3087 3094
3087 3095
3087 3096
1912 3087
3087 3097
2036 3087
3098 3099
3044 3048
3044 3046
3100 3101
3100 3102
3100 3103
3100 3104
3100 3105
3100 3106
3100 3107
3100 3108
1650 1652
1561 1652
1637 1652
241 3109
3110 3111
3110 3112
3110 3113
3114 3115
3116 3117
1260 3116
3056 3116
2558 3118
2559 3118
3118 3119
1101 3118
2593 3118
1293 3118
3118 3120
1088 3118
2765 3118
3118 3121
3118 3122
3118 3123
3118 3124
2595 3118
2566 3118
3118 3125
3118 3126
3118 3127
726 3118
3128 3129
3128 3130
3128 3131
2266 3128
3128 3132
1632 3133
1741 3134
1783 3135
3135 3136
3135 3137
3138 3139
3138 3140
3138 3141
3138 3142
3138 3143
3138 3144
3138 3145
3138 3146
3138 3147
3148 3149
711 3148
913 3148
3150 3151
3152 3153
3154 3155
3156 3157
3156 3158
2599 3159
2592 2599
521 2599
2597 2599
2599 2600
2599 3160
2599 3161
2594 2599
2121 2500
2500 3162
1714 2500
2457 2500
2458 2500
2500 3163
1110 1112
1111 1112
1112 1113
1112 1114
1112 1115
3164 3165
3164 3166
670 3167
670 990
665 670
670 3168
670 3169
670 3170
195 670
306 670
670 3171
3172 3173
3172 3174
3172 3175
3172 3176
1424 3172
3172 3177
3178 3179
370 3178
3178 3180
3181 3182
3181 3183
779 3181
3181 3184
3181 3185
3181 3186
979 3181
3181 3187
3181 3188
3181 3189
3181 3190
1487 3191
1017 1487
3192 3193
3192 3194
3195 3196
3197 3198
3199 3200
3199 3201
3199 3202
679 3199
3199 3203
3199 3204
3130 3199
3199 3205
3199 3206
3199 3207
1685 2694
3033 3208
3208 3209
3208 3210
832 3208
3208 3211
3208 3212
3208 3213
589 3214
1087 3214
3215 3216
3217 3218
3219 3220
3219 3221
3176 3219
3219 3222
3219 3223
2957 3224
2222 3224
635 3224
2894 2895
2923 3225
3226 3227
3226 3228
3226 3229
3226 3230
3226 3231
3226 3232
1996 1998
1997 1998
1998 2229
3233 3234
3233 3235
3233 3236
3233 3237
3233 3238
3233 3239
3240 3241
3240 3242
3240 3243
2845 3240
3244 3245
3244 3246
3244 3247
1581 3244
3248 3249
3248 3250
93 3251
3251 3252
3253 3254
3253 3255
3253 3256
2257 3257
2132 3257
3257 3258
364 365
365 366
365 3259
365 368
365 367
365 3260
365 1893
365 3261
365 877
365 370
365 371
365 3180
365 369
365 374
365 3262
2590 2819
1075 2819
2819 2823
2593 2819
2819 2953
2819 3263
2819 3264
761 2819
2604 2819
1052 2819
74 3265
2531 3265
3265 3266
2831 3265
3265 3267
3265 3268
851 3265
3265 3269
3265 3270
3265 3271
669 3265
1231 3265
3185 3265
711 3272
3272 3273
803 3272
3274 3275
3274 3276
3274 3277
3278 3279
3280 3281
3280 3282
3280 3283
3280 3284
3285 3286
3285 3287
3285 3288
3289 3290
588 3289
1228 3289
3289 3291
3289 3292
3289 3293
3289 3294
3289 3295
3289 3296
3297 3298
3297 3299
3297 3300
3297 3301
3302 3303
3302 3304
3302 3305
3302 3306
2452 3302
3302 3307
3302 3308
41 3235
1794 3235
3235 3309
3234 3235
3235 3236
3235 3237
3235 3238
3235 3239
3310 3311
3310 3312
3310 3313
1478 3314
3314 3315
3314 3316
347 349
1492 3317
3317 3318
1872 3317
3319 3320
3319 3321
3319 3322
3323 3324
3323 3325
715 3323
3326 3327
718 3326
922 3328
1038 3328
3328 3329
925 3328
3328 3330
3331 3332
3331 3333
275 3334
275 3335
275 1629
275 3336
275 1886
263 275
275 3015
275 3337
275 3338
1887 3339
3339 3340
3339 3341
3339 3342
2892 3339
3343 3344
1745 1840
1745 2330
1745 3345
1633 1745
262 273
262 277
262 668
262 279
262 278
262 2481
262 3346
3347 3348
3347 3349
3347 3350
3347 3351
3347 3352
3353 3354
3353 3355
2556 3353
1217 3356
3352 3356
2628 3356
479 1609
1609 3357
1602 1609
1594 1609
1609 2352
3358 3359
2508 3360
1187 3361
2055 3362
3362 3363
3362 3364
607 2546
605 607
606 607
607 609
607 608
355 607
1286 2823
155 2823
2593 2823
2823 3281
2598 2823
2823 3365
1231 2823
2221 2823
2823 3366
2559 2823
2823 3367
2818 2823
2765 2823
2823 3368
2823 3123
2823 3263
2820 2823
2823 3264
2823 3369
2823 3370
2590 2823
2823 3371
2823 3372
2823 3373
2823 3374
2626 3375
3376 3377
1086 3376
803 3376
3376 3378
3376 3379
3376 3380
2503 3376
1448 3376
1263 3376
3381 3382
3381 3383
779 1286
779 3384
779 3184
741 779
779 3385
779 3386
779 2971
779 2559
779 3190
779 1293
779 1469
779 1841
779 3186
779 3387
779 3388
779 3389
779 3390
779 3391
779 3032
779 1468
331 779
779 3392
778 779
779 805
779 3182
779 2395
779 2475
779 906
779 3372
779 3393
779 2864
779 3394
779 3395
779 997
3396 3397
3261 3398
3261 3399
3081 3261
3261 3262
1681 1692
3400 3401
927 3402
927 3403
207 927
927 3404
927 3299
927 1506
927 3405
380 927
927 1526
927 2798
927 3406
927 1403
927 3407
208 927
927 1202
927 932
927 2105
468 927
3408 3409
1494 3408
3410 3411
3412 3413
3412 3414
990 2921
480 2921
2202 2921
2921 3415
1894 2921
2362 2921
726 2921
2921 3416
2658 2921
2921 3417
2921 3418
2921 3419
2921 3420
2921 3421
524 2921
1085 2921
320 2921
1088 2921
1299 2921
2921 3422
2921 3022
2039 2921
2921 3423
2921 3424
302 2921
306 2921
3425 3426
3427 3428
3416 3419
1085 3419
3417 3419
1299 3419
1056 3429
1056 3430
3431 3432
3431 3433
3431 3434
2097 2098
2097 2099
2097 3435
1299 2097
2646 3436
807 808
3437 3438
3439 3440
3439 3441
3439 3442
3439 3443
3179 3439
1557 3439
1558 3439
3439 3444
2392 3014
3014 3445
3014 3446
2250 3014
3014 3447
3014 3448
3014 3449
3014 3450
3451 3452
3451 3453
3445 3451
3451 3454
3449 3451
3451 3455
37 2585
2585 3456
3134 3457
3457 3458
588 590
588 3292
588 929
588 3459
588 3460
588 1779
588 3461
588 3462
588 3463
588 932
588 3290
588 3464
588 3465
588 589
588 3466
588 2118
588 3467
588 3295
586 588
588 3468
588 3469
588 2089
588 3470
588 3471
1425 3472
1424 3472
3472 3473
1423 3472
3472 3474
1422 3472
3472 3475
1943 3476
1943 1946
72 3477
2282 2286
2284 2286
2286 3478
2277 2286
508 2286
86 2286
820 3479
197 820
820 3480
818 820
820 3481
820 3482
820 1162
820 3483
820 3484
820 3096
819 820
820 1427
820 3485
820 3486
820 1738
820 1164
820 3487
820 3488
820 3489
3490 3491
3490 3492
3490 3493
3490 3494
3490 3495
3490 3496
2395 3497
297 3497
3497 3498
3497 3499
2289 3497
3497 3500
3497 3501
3502 3503
3502 3504
2790 3502
2065 3502
3502 3505
2025 3502
3502 3506
3502 3507
3502 3508
3502 3509
3510 3511
642 3510
3510 3512
1095 3510
3510 3513
1103 3510
3514 3515
3514 3516
3514 3517
3514 3518
3514 3519
3514 3520
2000 3514
3514 3521
2744 3522
2744 3523
2744 3524
2744 3525
2744 3526
368 374
374 3527
3528 3529
3528 3530
3528 3531
3532 3533
3532 3534
3532 3535
3532 3536
534 3532
3532 3537
3538 3539
83 3540
3541 3542
3541 3543
3544 3545
2203 3546
2202 2203
2203 3547
2203 3548
2203 3549
387 2203
2203 3550
2203 3551
3552 3553
3554 3555
3554 3556
1017 3554
3554 3557
3554 3558
1441 3554
2636 3554
3554 3559
375 3554
3560 3561
2653 3560
1087 3560
3562 3563
3524 3562
2193 3562
3562 3564
2514 2515
3565 3566
3567 3568
81 3567
3567 3569
2467 3416
81 2467
2467 3570
2467 2472
385 2467
1831 2467
1738 2467
2467 2477
3571 3572
490 3571
2818 3371
2593 3371
3369 3371
3123 3371
3366 3371
1850 3371
141 3573
2702 3573
1171 3574
12 3574
567 3575
1072 3575
2322 2323
2323 2324
987 1632
1632 3576
1632 2621
1632 2619
1632 1637
1632 1639
1632 1707
1632 3577
3101 3108
3102 3108
3104 3108
3105 3108
3106 3108
3107 3108
3103 3108
3108 3357
2647 3578
2646 3578
1357 3578
3022 3367
3367 3368
3367 3374
3367 3579
3367 3580
3367 3370
3581 3582
3581 3583
3584 3585
3584 3586
3584 3587
3584 3588
2488 3584
3584 3589
3584 3590
3584 3591
2369 3584
708 3584
3584 3592
3584 3593
3584 3594
3584 3595
494 3584
2237 3584
2490 3584
3596 3597
1136 3596
3598 3599
3600 3601
2139 3600
3600 3602
2395 3603
663 3603
1297 3603
3603 3604
1305 3603
3603 3605
3603 3606
3603 3607
994 3603
1894 3603
3603 3608
3603 3609
3610 3611
1423 3610
3610 3612
3613 3614
3613 3615
2165 3616
1874 3617
3618 3619
3618 3620
3621 3622
156 3621
642 3621
3621 3623
3621 3624
638 3621
255 3621
925 3621
3621 3625
726 3621
1293 3621
1736 3621
3621 3626
3621 3627
103 3621
3149 3621
922 3621
3621 3628
1635 3621
3621 3629
3621 3630
3621 3631
921 3621
3263 3621
3621 3632
924 3621
3621 3633
3621 3634
1307 3621
3621 3635
3621 3636
1702 1707
1703 1707
1704 1707
1707 2619
1707 3637
1705 1707
1706 1707
1707 1709
1707 1708
1731 3638
1635 3638
2824 3639
1075 2824
2593 2824
2824 3640
2824 3641
638 2824
87 2824
2824 3642
2824 3643
2815 2824
1088 2824
589 2824
2824 3644
1983 2824
2821 2824
2824 3645
2589 2824
2824 3646
2824 3647
586 2824
2824 3648
2824 3518
2824 3649
2824 3125
2824 3650
3651 3652
3651 3653
1538 2728
2728 3654
2728 3655
792 2728
651 2728
2728 3656
2728 3527
2728 3657
2728 3658
1878 2728
868 869
867 868
947 3659
2181 3659
3659 3660
3661 3662
3663 3664
3663 3665
3663 3666
3663 3667
3668 3669
2558 3668
2773 3668
81 3668
3119 3668
2593 3668
3121 3668
435 3668
3123 3668
1058 3668
2788 3668
2566 3668
636 3668
1069 1869
1869 2380
1869 3670
1869 3671
758 1869
1869 2459
1850 1869
3672 3673
661 3672
3674 3675
3674 3676
3674 3677
1885 3674
1971 3674
1924 3678
3678 3679
2108 3678
2110 3678
3678 3680
3678 3681
3056 3678
3327 3682
3682 3683
659 3684
3685 3686
775 3685
453 2240
453 3687
453 2241
453 2242
453 2243
453 3688
450 453
453 3689
118 453
3690 3691
1391 3690
3690 3692
3690 3693
1457 3690
520 3694
520 3695
520 521
520 2128
520 3696
1054 3697
340 1054
1054 2785
1054 1228
1054 2816
1054 1118
141 1054
1054 3698
1054 2793
1054 1894
1054 1117
477 1054
1054 3699
1054 3700
1054 3701
1054 2789
3702 3703
669 3702
3702 3704
3702 3705
3706 3707
3708 3709
2524 3710
3710 3711
1742 3710
3710 3712
3713 3714
3715 3716
3715 3717
3718 3719
2558 2765
2559 2765
2765 3720
2765 3721
2765 2766
552 611
552 3722
552 2069
552 3723
552 3724
552 3725
549 552
552 553
552 3726
552 3727
552 3221
552 3728
552 3729
552 3730
552 3731
1841 3732
3732 3733
81 3734
385 3734
1090 3735
1079 3735
219 2474
1804 2474
2474 2802
1162 2474
988 2474
2474 2519
2474 3284
2474 3736
2474 3737
2474 3738
3739 3740
2955 3739
433 3739
1959 1962
580 1959
118 2240
118 3741
118 3742
118 3688
118 337
118 3743
257 3744
3183 3745
3745 3746
3745 3747
3745 3748
3745 3749
3750 3751
3752 3753
3752 3754
2635 3755
3755 3756
3757 3758
851 3757
3757 3759
3757 3760
1300 3757
1894 3757
3444 3757
736 739
739 742
739 3761
739 1286
3762 3763
2488 3762
3762 3764
3762 3765
2491 3762
3762 3766
886 3762
3762 3767
3768 3769
3768 3770
3768 3771
1075 3772
3772 3773
433 3772
1154 3772
3772 3774
3772 3775
3776 3777
1154 3776
850 2536
851 2536
1243 2536
2531 2536
2825 3778
3779 3780
3779 3781
3782 3783
3286 3287
3286 3288
3784 3785
803 2480
2478 2480
2475 2480
711 2480
3786 3787
3786 3788
1733 3786
1879 3786
3786 3789
2329 3786
3786 3790
3786 3791
1750 3786
3786 3792
1873 3786
399 3786
3786 3793
3786 3794
3786 3795
1740 3786
3786 3796
1225 1289
526 1289
1289 3797
155 1289
1289 3798
1289 2997
1289 3799
1049 1289
1033 1289
1289 3800
1289 2035
83 1289
994 1289
212 1289
74 1289
1241 1289
712 1289
1289 3759
1289 3801
1289 3802
1289 3803
997 1289
3804 3805
855 3804
898 3806
3806 3807
643 3808
1134 1136
1136 3597
947 2778
2778 3809
442 2778
142 2778
2778 2804
2778 2787
2778 2798
2776 2778
319 2778
2778 2829
3810 3811
3810 3812
3810 3813
3810 3814
3810 3815
3816 3817
3818 3819
3820 3821
1481 3820
3820 3822
3820 3823
3820 3824
2244 3820
3825 3826
3825 3827
3825 3828
3825 3829
3825 3830
3825 3831
3825 3832
3825 3833
3825 3834
3825 3835
3825 3836
3825 3837
3825 3838
3825 3839
3825 3840
3825 3841
3825 3842
3825 3843
3825 3844
3825 3845
2059 2060
54 61
54 57
54 3846
54 59
54 1511
54 62
54 132
3316 3847
1208 1209
1208 1210
1154 1208
1208 1211
3848 3849
3848 3850
3848 3851
3848 3852
3848 3853
729 3854
3512 3854
3854 3855
728 3854
1102 3854
726 3854
3516 3518
3516 3517
741 3856
1468 3856
3857 3858
3859 3860
3859 3861
526 901
480 901
901 2041
901 3862
901 3863
901 3245
901 3306
901 3864
901 3865
901 3866
1928 3867
1928 3868
1928 3869
1353 1928
1928 3870
1928 2885
1928 3871
1928 3872
1927 1928
3873 3874
3873 3875
3876 3877
3876 3878
3876 3879
2821 3876
87 3876
3880 3881
3880 3882
1478 2596
2596 3883
2596 3884
749 2596
2596 3885
2596 3886
2596 2600
2596 2602
2596 3887
217 2596
2596 3888
990 3391
937 3391
2494 3391
3391 3889
2221 3391
3391 3890
2954 3391
2951 3391
3391 3891
3391 3892
1034 3391
3391 3893
3020 3391
3391 3894
211 3391
3391 3895
3391 3896
2771 3391
2395 3391
212 3391
3391 3700
2226 3391
3391 3897
3391 3898
3263 3391
997 3391
3899 3900
3237 3899
3881 3901
3882 3901
1508 3902
1508 3903
1508 3904
1508 3905
3906 3907
3906 3908
3906 3909
2827 3906
2828 3906
3906 3910
1812 1815
1813 1815
1814 1815
1815 1816
1728 3911
3912 3913
3912 3914
3915 3916
3915 3917
3915 3918
1479 3915
3915 3919
3885 3915
141 3915
747 3915
3915 3920
146 3915
1955 3915
547 3746
545 547
547 2284
547 3921
547 2285
547 3184
547 3922
547 3875
546 547
86 547
547 3874
547 2667
3923 3924
3187 3925
851 3187
1293 3187
1230 3187
2598 3187
3187 3484
3187 3455
90 3187
1248 3187
91 3187
3526 3926
3526 3927
3526 3928
3525 3526
3526 3929
3930 3931
3930 3932
3930 3933
3930 3934
74 90
90 3935
90 3936
90 222
81 90
90 3937
80 90
90 2519
3203 3206
1297 2001
1538 2001
2000 2001
2001 3938
2001 2002
2001 3341
3939 3940
3893 3939
3941 3942
760 3941
3941 3943
3941 3944
3941 3945
3941 3946
220 3941
3941 3947
3941 3948
561 3647
561 562
561 2137
561 3949
1946 3950
913 3951
803 913
913 3952
913 3953
913 3954
913 3955
711 913
913 3956
144 913
913 3957
913 3958
896 913
3959 3960
3743 3959
3034 3035
2827 3961
3961 3962
3961 3963
760 3961
2522 3961
3964 3965
1324 3964
3964 3966
853 906
853 955
853 2201
649 853
853 3967
853 3968
853 1215
853 2648
853 3969
853 3970
853 2647
853 3971
853 3972
853 3973
647 853
853 3974
853 3975
853 3976
3977 3978
3805 3979
855 3979
2338 3980
715 2338
2338 3981
537 3982
537 3462
537 3983
3588 3592
3589 3592
3592 3595
3984 3985
3984 3986
3984 3987
1887 3984
3984 3988
3984 3989
75 2255
77 2255
78 2255
2255 3990
2255 3991
2255 3992
2255 3993
89 2255
2255 3994
3995 3996
3995 3997
3998 3999
3998 4000
3998 4001
3998 4002
3998 4003
4004 4005
2572 2576
2572 2579
4006 4007
4008 4009
421 4008
1297 4008
4008 4010
4008 4011
3179 4008
2389 4008
423 4008
1556 4008
851 4012
1079 4012
4013 4014
1393 4013
3228 3230
3228 3231
3228 3229
4015 4016
1556 4015
994 4017
1232 4017
4017 4018
4019 4020
4021 4022
4021 4023
4021 4024
4021 4025
2162 4021
4021 4026
4021 4027
1702 1705
1705 4028
1705 3093
1705 4029
1705 4030
1704 1705
1705 2000
1610 1705
1705 1706
1705 1708
1705 1709
1705 4031
1705 4032
1703 1705
4033 4034
3062 3063
3348 4035
4035 4036
3604 3605
4037 4038
4037 4039
1364 4037
1365 4037
4037 4040
1748 4037
263 4037
433 4037
4037 4041
1154 4037
1155 4037
4037 4042
4037 4043
4037 4044
2976 4037
1444 4037
1074 3723
2785 3723
3723 4045
3723 4046
1809 3723
1894 3723
3644 3723
3126 3723
3723 4047
3723 4048
3723 3729
3723 4049
1248 3723
1634 4050
4050 4051
4052 4053
4052 4054
4052 4055
4052 4056
4052 4057
4052 4058
2484 4052
4052 4059
1090 4060
1090 4061
430 1090
851 1090
1089 1090
1079 1090
1090 4062
1090 2558
1090 2559
1090 3190
1081 1090
1090 4063
635 1090
864 1090
1090 2732
1090 4064
1090 3379
1090 4065
992 1090
1090 4066
989 1090
1090 4067
1090 4068
1090 2566
1090 1248
4069 4070
4071 4072
679 4073
4073 4074
680 4073
479 2352
2000 2352
2352 2353
2352 4075
4076 4077
4076 4078
4076 4079
4076 4080
2431 4076
1938 4081
3169 4081
667 4081
4081 4082
1726 4081
4081 4083
4081 4084
3171 4081
232 4085
232 1212
232 4086
232 4087
232 4088
232 3807
232 3783
232 4089
232 4090
232 1488
232 1121
232 827
4091 4092
2419 4091
2422 4091
4093 4094
2611 4093
4093 4095
4093 4096
1019 4093
2948 4093
4093 4097
2944 2945
2944 2946
2944 2947
4098 4099
884 4098
1327 4098
4098 4100
4098 4101
4098 4102
4098 4103
4098 4104
1945 4105
2411 4105
2476 4105
4106 4107
4106 4108
4109 4110
971 4109
987 2557
2557 2564
1804 2557
1967 2557
631 2557
988 2557
770 2557
2143 2557
1035 2557
1248 2557
865 2557
2557 4111
1448 2557
4112 4113
4112 4114
528 4115
528 4116
528 4117
528 906
528 4118
528 4119
528 1481
528 4120
528 4121
528 4122
528 2648
528 535
528 4123
528 2828
528 4124
528 4125
528 2651
528 4126
4127 4128
1970 4129
4129 4130
1786 2000
2000 3090
1872 2000
2000 4131
2000 4132
2000 3521
2000 4133
2000 3518
2000 3093
2000 2002
2000 3091
1735 2000
2000 3517
2000 4134
2000 4135
2000 3520
1780 2000
2000 3213
2000 3088
2000 4136
1610 2000
2000 3092
2000 2032
2000 2036
2000 4075
2000 4137
2000 3097
2000 3515
2000 3073
1912 2000
3089 3095
2036 3089
3089 3090
4138 4139
4138 4140
252 253
4141 4142
4141 4143
4141 4144
4141 4145
4141 4146
4141 4147
3282 3284
3282 4148
3282 4134
3282 4149
2121 3282
3282 4150
3163 3282
922 4133
3517 4133
1912 4133
925 4133
1631 4151
947 4152
947 2041
947 4090
947 1946
947 949
947 950
947 4153
782 947
947 952
947 4154
947 4155
947 3432
947 4156
947 1212
947 951
947 4157
947 2181
947 2829
1630 1631
219 4158
1213 4158
3792 4159
2329 3792
1893 4160
3259 4160
4160 4161
896 4162
896 3952
222 896
896 1139
896 4163
896 4164
896 3957
896 3958
3290 4165
3290 4166
1259 3290
533 3290
3290 4167
3290 4168
4169 4170
273 4169
4171 4172
2108 2110
2109 2110
2107 2110
2110 3680
2110 2855
2110 2111
3626 3631
3625 3631
1635 3631
3631 3634
1634 1644
1637 1644
3101 3107
3102 3107
3103 3107
3104 3107
3105 3107
3106 3107
1818 1819
1818 1820
74 4173
74 4174
74 526
74 3010
74 937
74 631
74 847
74 642
74 636
74 1037
74 1726
74 4175
74 103
74 4176
74 796
74 4177
74 1033
74 3267
74 2035
74 2329
74 83
74 1299
74 994
74 832
74 4178
74 2039
74 586
74 4179
74 3271
74 1944
74 3802
74 1247
987 989
989 4180
989 1298
989 994
989 1048
989 1049
989 2848
4181 4182
4181 4183
2594 4181
2362 4181
2897 2898
4184 4185
4184 4186
4187 4188
340 4187
479 4187
4187 4189
1526 4187
4187 4190
3846 4187
4187 4191
4187 4192
146 4187
4187 4193
4187 4194
4187 4195
477 4187
4196 4197
4198 4199
1996 4198
4198 4200
423 4198
2498 2502
4201 4202
4201 4203
4204 4205
4204 4206
4204 4207
832 4208
297 3499
3499 3500
3498 3499
4209 4210
4209 4211
1737 4209
4209 4212
1192 3916
1192 2831
1192 4213
1192 4214
1186 1192
1192 3987
1192 4215
1192 4216
543 1192
747 1192
761 1192
3056 4217
3144 4218
4218 4219
4218 4220
4218 4221
1334 1335
1335 1336
2369 4222
2485 4223
4223 4224
1288 4225
631 1288
1247 1288
4226 4227
623 4226
4226 4228
4229 4230
2063 4229
421 4231
4231 4232
1209 1210
1154 1209
1209 1211
4233 4234
2360 2466
1099 2466
742 2466
603 2466
435 2466
2466 4235
1102 2466
1103 2466
2362 2466
2440 2466
643 2466
2120 2128
1879 2120
2116 2120
1340 2120
1873 2120
2120 2123
2120 2131
633 4236
2032 3090
332 3090
422 3090
3090 3093
3090 3094
3090 3092
3090 4237
3090 3131
2036 3090
2906 3090
3090 3095
3090 3096
3090 4238
3090 4239
2433 3090
3090 4240
3090 4241
2257 3090
2160 4242
559 4243
559 4244
1478 1952
1072 1952
1070 1952
1952 1960
4119 4245
4117 4119
4119 4246
4119 4247
4119 4120
4119 4248
4119 4123
4119 4249
4250 4251
4252 4253
4254 4255
543 1737
252 4256
263 271
1783 1786
1786 4212
1786 4257
1786 4258
1786 4259
1731 1786
3303 4260
3303 3304
3303 3305
3303 4261
3303 3306
3303 3307
3303 3308
4262 4263
4264 4265
4264 4266
2794 2810
2783 2794
1044 2335
2335 4267
1305 2335
1544 2335
709 2335
4031 4032
3429 4268
4268 4269
4268 4270
4268 4271
911 4268
1199 4268
4268 4272
4268 4273
4268 4274
4268 4275
4276 4277
4276 4278
4276 4279
3863 4276
4280 4281
4282 4283
210 4284
479 4284
1839 4285
1839 4286
1839 4287
1837 1839
1839 4288
1839 4289
1839 4290
1839 2802
4291 4292
4291 4293
3951 4294
711 3951
3665 3666
3665 3667
4295 4296
4295 4297
4295 4298
4295 4299
1259 1580
1580 4300
1580 1581
4301 4302
4301 4303
4301 4304
4301 4305
4301 4306
179 4301
4301 4307
4301 4308
4301 4309
4301 4310
4311 4312
4313 4314
4313 4315
4313 4316
4313 4317
4313 4318
4238 4313
4319 4320
4319 4321
354 4319
4319 4322
267 3658
2551 3658
3655 3658
3658 4323
651 3658
3656 3658
1878 3658
3658 4324
3658 4325
3657 3658
3658 4326
2528 3658
792 3658
3658 4327
3827 3842
3828 3842
3829 3842
3830 3842
3831 3842
3832 3842
3833 3842
3841 3842
3834 3842
3835 3842
3836 3842
3837 3842
3838 3842
3839 3842
3840 3842
3826 3842
3842 3843
3842 3844
3842 3845
219 4328
2411 4328
925 4329
925 3622
925 3330
156 925
925 4330
925 1910
925 1914
726 925
925 3627
925 1233
925 1736
923 925
925 1909
922 925
925 4331
925 4332
925 3629
925 1911
616 925
925 4333
925 1913
924 925
925 4334
925 4335
925 4336
921 925
925 4337
925 1307
925 4338
925 3512
925 1912
925 3635
2243 4339
4339 4340
4339 4341
2032 3112
2032 4342
332 2032
2032 3088
2032 3094
2032 3092
1610 2032
917 2032
2032 2036
2032 4343
4344 4345
4346 4347
1736 4348
1736 4060
422 1736
1736 2419
921 1736
1293 1736
156 1736
1736 1742
1735 1736
1736 3629
1307 1736
1736 3627
922 1736
1736 4349
1736 3635
4350 4351
1631 4350
2213 4352
2213 2427
2213 4353
2213 4136
2213 3010
2213 4354
2213 4355
2212 2213
2014 2213
2213 4356
2213 4357
2213 2503
2213 4358
2717 4359
1392 2717
2717 2720
735 4360
2635 3084
372 3084
339 4361
4361 4362
4361 4363
4364 4365
4364 4366
4364 4367
1978 2738
4345 4368
4368 4369
380 525
525 4370
525 4371
525 2485
525 3264
525 4372
30 525
525 1052
2291 4342
2291 4373
2291 4374
2291 2292
2291 4375
2289 2291
4376 4377
4378 4379
4380 4381
4380 4382
4380 4383
4380 4384
4380 4385
4380 4386
4380 4387
4380 4388
4022 4026
4026 4389
4026 4390
177 4026
2162 4026
4026 4391
4026 4027
900 4392
887 900
1221 1223
4393 4394
4393 4395
4393 4396
4393 4397
1069 3671
3671 4398
3670 3671
2864 3671
3266 3671
758 3671
86 3671
3671 4399
199 3671
961 4400
1325 4401
4402 4403
1052 4402
4404 4405
4404 4406
4404 4407
4404 4408
1848 4409
2309 4410
4410 4411
2366 4410
1320 4410
4410 4412
4 4413
4413 4414
4415 4416
4417 4418
1763 4417
4417 4419
2130 3737
2130 4420
1259 2130
2130 4421
2129 2130
2130 3512
2130 4422
2130 4423
2130 4424
2130 4425
2130 4426
2130 4427
1164 2130
2130 4428
2130 4429
4430 4431
4430 4432
4430 4433
4430 4434
1997 4435
4436 4437
2693 4436
4436 4438
4439 4440
4439 4441
2355 4442
4442 4443
4442 4444
4442 4445
2356 4442
4130 4442
2357 4442
4446 4447
2746 2748
2748 4448
4449 4450
2416 4449
1878 4449
4437 4451
2693 4437
4437 4438
3473 4452
3473 4453
1424 4453
4453 4454
1013 3691
1013 1440
1013 1391
1013 3693
1013 1247
1013 1017
1013 1300
568 1013
1013 1014
1013 2636
1013 4455
583 1013
1013 4456
1013 1457
4398 4457
4398 4458
4398 4459
458 4398
2361 4398
2483 4398
4398 4460
2065 4398
1492 4398
4398 4461
1034 4398
4398 4462
4111 4398
3264 4398
4463 4464
4463 4465
1650 4463
4463 4466
4463 4467
4463 4468
4463 4469
4463 4470
534 4463
4463 4471
4472 4473
4472 4474
1067 4475
2395 4476
4476 4477
297 4476
4476 4478
1947 4476
4476 4479
3266 4476
1534 4476
1726 4476
582 4476
4476 4480
2237 4481
3729 3730
1081 2612
1081 2971
1081 1086
1081 1093
1081 3330
1078 1081
1081 2863
1081 2475
434 1081
1035 1081
1081 4482
1079 1081
1081 1248
3916 4483
747 4483
4484 4485
905 4486
905 4487
905 4488
905 4489
905 4490
905 4491
905 4492
905 1558
905 4493
905 4494
4495 4496
207 4495
1395 2635
2635 4497
2632 2635
2635 4498
1245 2635
2635 3756
1557 1559
1559 4499
1558 1559
1559 4500
339 4501
1890 4501
414 4501
4502 4503
4504 4505
4504 4506
4387 4504
3470 4507
2143 3330
2143 4508
2143 4509
2143 4510
2143 4511
2143 4512
479 2143
1967 2143
2143 4513
2143 4514
1298 2143
2143 4515
2143 3264
2143 2146
924 2143
2143 3171
2143 4516
2143 4111
863 2143
2143 4517
4285 4289
368 4289
4288 4289
1450 4289
1452 4289
4518 4519
2619 4518
4518 4520
4327 4521
2551 4521
4522 4523
4522 4524
4525 4526
743 4527
4527 4528
4527 4529
3796 4527
4530 4531
4530 4532
4533 4534
4533 4535
4536 4537
4536 4538
1673 4536
4536 4539
3746 4540
4540 4541
4540 4542
4540 4543
1568 4540
4540 4544
4545 4546
4545 4547
4102 4548
4099 4102
4102 4549
4102 4550
1327 4102
4102 4551
1730 4102
4102 4552
4102 4424
4102 4103
1738 4102
1746 4102
4102 4553
1164 4554
1164 3484
1164 1262
1164 4555
1164 4556
1164 1259
1161 1164
1163 1164
1164 4557
1164 1738
1164 4558
1164 4559
1164 1451
1162 1164
1164 4560
1164 4561
1164 4562
1164 4421
1164 3487
1091 4563
1085 4563
3622 4563
3378 4563
4563 4564
1973 4563
741 4565
741 4566
741 1227
741 3390
741 4567
741 2528
741 4568
741 2971
741 2618
741 3384
741 3186
741 4569
741 4570
741 1468
741 994
741 3263
741 4571
734 741
741 4043
741 3372
741 3393
741 3394
741 2561
741 2850
4572 4573
4572 4574
414 4572
4575 4576
4575 4577
355 4575
434 1828
1828 1829
2559 3120
768 3120
3120 4578
1384 3120
3120 3126
3120 4579
1409 3120
1787 4580
2721 4580
1782 4580
4580 4581
4582 4583
4582 4584
1546 4585
4585 4586
4243 4585
4585 4587
3033 3212
3211 3212
3212 4588
4043 4589
1364 4043
3168 4043
2951 4043
3393 4043
4043 4590
4043 4591
2869 4592
4593 4594
461 4593
4593 4595
4333 4593
3404 4596
3404 4597
421 3404
3404 4598
4599 4600
4599 4601
435 2468
3449 3454
3445 3449
3446 3449
2250 3449
3270 3449
3447 3449
3449 3452
3449 3455
3449 3453
2181 4153
2038 4153
4153 4155
4153 4602
2108 2855
2642 2643
1172 2643
2643 4603
1838 2643
1635 4604
1635 1731
1635 3625
1635 4605
1629 1635
1635 4606
1635 3626
1635 1636
1635 1637
1635 4607
1635 4608
1635 3046
1635 4609
1635 3048
1635 4610
1635 3634
1635 4611
1635 4612
4212 4257
4257 4258
4613 4614
4387 4615
1134 4616
3953 4616
4617 4618
4619 4620
4619 4621
4443 4619
4619 4622
4619 4623
4619 4624
4619 4625
4619 4626
2162 4619
4619 4627
1658 1659
1659 4628
1659 4629
1659 4630
1659 1660
1659 4631
1659 3370
1748 4632
1748 2226
1748 4633
1748 4634
1748 4040
1748 4042
1748 4635
1748 3149
1748 4636
1748 2952
1444 1748
4637 4638
4637 4639
1318 1319
1073 1318
4640 4641
4640 4642
4640 4643
4644 4645
4644 4646
4644 4647
2558 4648
1547 2546
1547 2747
961 1547
1547 4649
1547 3958
1547 4650
1547 1548
3047 4651
3045 4651
4652 4653
4652 4654
4652 4655
4635 4656
2559 4635
4635 4657
4633 4635
4635 4658
2475 4635
4635 4659
3389 4635
162 4635
4635 4660
4635 4661
4635 4662
22 26
20 26
32 46
4663 4664
4663 4665
4666 4667
4666 4668
4669 4670
3294 4669
3962 3963
3962 4671
3846 3962
2522 3962
2053 3962
1511 3962
2991 2994
2991 2995
2991 2996
1830 2991
2991 3001
4672 4673
4674 4675
1462 4676
4676 4677
4678 4679
3434 4678
228 4680
628 4680
638 4680
635 4680
2976 4681
263 2976
1299 2976
2976 4682
2976 3693
2976 4041
2976 4683
12 2976
639 2976
2976 4684
1960 2976
1235 4685
4685 4686
4685 4687
4685 4688
4685 4689
4565 4568
4568 4690
4541 4543
3746 4541
458 2612
458 3330
458 1076
458 1089
458 2475
458 1078
458 638
458 3082
458 1231
458 979
458 2971
458 1263
458 1034
458 2163
458 4691
458 4068
458 1085
458 1036
458 1086
458 1035
458 1827
458 4692
458 992
458 4693
458 3700
458 1093
458 461
458 4482
458 4694
2561 2565
4695 4696
4697 4698
197 4697
877 4697
4697 4699
4697 4700
4697 4701
4697 4702
4697 4703
4697 4704
4697 4705
2850 4697
4697 4706
4480 4707
433 755
755 2564
755 2560
755 1154
755 2561
755 2563
211 3894
211 2494
211 4708
211 2951
211 2771
211 212
211 4709
211 1641
211 2221
211 4710
211 476
4711 4712
4711 4713
4711 4714
4711 4715
4711 4716
4711 4717
4142 4143
4143 4144
4143 4145
4143 4146
4143 4147
146 3952
3952 3957
2246 2546
2246 4718
2246 4719
2246 4720
2246 4721
2246 4722
2246 4723
2246 3885
2246 3817
2246 4724
2246 4321
2246 4725
2246 4726
2246 4727
2246 2547
2246 4728
2246 4729
2246 4730
4731 4732
1509 1520
1076 1520
1188 1520
1511 1520
1513 1520
1520 2716
1071 1520
1038 1520
1069 1520
1520 2831
1070 1520
422 1520
1186 1520
1034 1520
3245 4733
2648 4733
4734 4735
4734 4736
4737 4738
1752 4739
1365 1373
1365 3010
1359 1365
1365 3045
1365 4740
1365 2952
1365 4741
1365 1368
1365 1376
1363 1365
1365 1366
1365 1370
160 1365
1365 2226
1365 1374
1360 1365
1362 1365
1365 4742
1365 1371
832 1365
1364 1365
1361 1365
157 1365
1365 4743
1365 4744
1365 4679
596 1365
1365 1372
1365 1375
1365 3047
3797 3798
977 978
978 992
978 4745
2464 2971
1078 2464
1958 2464
1415 2464
2464 2949
2464 4638
2464 2864
2464 4746
2464 2485
2464 3264
91 2464
796 4747
4747 4748
4747 4749
4747 4750
4747 4751
4747 4752
4747 4753
1529 4754
4755 4756
4116 4125
4118 4125
4121 4125
4115 4125
4120 4125
2828 4125
4124 4125
4757 4758
4759 4760
4759 4761
4130 4759
4759 4762
2892 4763
4764 4765
4764 4766
4764 4767
4764 4768
4764 4769
4764 4770
4764 4771
4772 4773
2846 4772
4774 4775
4776 4777
3169 4778
3169 4779
3022 3169
306 3169
3167 3169
3169 4780
3168 3169
2951 3169
1410 3169
1726 3169
3169 4781
1730 3169
3169 3171
4782 4783
4782 4784
4500 4782
3443 4782
4782 4785
1557 4782
1558 4782
27 4782
4786 4787
3428 4786
4786 4788
3586 4789
1600 4789
3448 4789
4790 4791
4790 4792
4790 4793
4790 4794
4795 4796
4795 4797
4795 4798
4795 4799
3666 4795
715 4795
4800 4801
4800 4802
4803 4804
4601 4803
4803 4805
1032 2124
2121 2124
2124 4806
2124 4807
304 4808
304 4809
304 4810
304 4811
304 4812
304 4813
304 4814
304 4815
304 1348
304 4816
304 4817
302 304
304 4818
304 4819
304 306
304 3147
1835 1838
1838 4535
1838 4603
1838 4820
1838 4821
1589 1838
1838 4822
1794 1838
1838 4823
1838 2702
1838 4824
893 1838
1838 2049
1838 2642
1024 1838
1838 2641
1838 4791
1742 1838
813 1838
1838 4255
1488 1838
791 1838
1838 3324
1838 2006
1838 4825
1838 4826
1838 4827
1172 1838
1838 4215
1838 1843
1838 4828
1838 2644
1838 1845
4829 4830
2631 4829
4829 4831
1452 4829
392 4829
1444 4829
1448 4829
4832 4833
4457 4832
241 4832
4834 4835
4834 4836
1862 4837
1862 1863
1862 4838
1862 4839
1862 4840
138 4841
4841 4842
4422 4843
4420 4422
4421 4422
4422 4426
4422 4425
4422 4844
4422 4424
2741 4422
1095 4422
4422 4845
493 4846
2318 4846
864 4847
864 4848
864 4849
864 1089
864 4850
864 865
864 3264
863 864
864 1104
864 1248
4851 4852
4851 4853
4851 4854
4851 4855
4851 4856
4851 4857
4851 4858
4851 4859
4851 4860
4851 4861
2219 2222
598 3622
155 598
598 4087
598 1291
598 4862
597 598
598 2470
598 1237
83 598
598 728
598 2503
598 4863
598 4864
598 1300
598 729
598 3269
596 598
576 598
598 2850
4865 4866
1993 4867
1992 1993
1993 1994
1900 1993
1993 4868
4869 4870
4869 4871
4869 4872
4869 4873
4712 4874
1542 4874
4874 4875
337 4874
4874 4876
14 4877
526 3306
3304 3306
3306 3958
3306 3862
3306 3864
3306 3865
4649 4650
961 4649
4878 4879
4880 4881
3518 4880
4880 4882
4880 4883
4880 4884
4880 4885
4348 4880
3837 4880
4425 4880
4766 4886
4886 4887
4886 4888
4767 4886
1499 4889
1499 4890
4891 4892
1189 4893
1189 4894
1189 4895
1185 1189
1187 1189
1189 4896
1189 1190
1189 2162
1189 4897
1189 4898
1175 1177
1177 1178
4765 4766
4765 4767
4765 4768
1731 4765
4765 4771
4899 4900
1381 4899
4901 4902
4459 4901
3311 4901
1211 4901
1154 4901
4901 4903
433 4901
754 757
58 757
757 4904
756 757
757 759
4905 4906
816 4905
4905 4907
4429 4905
4905 4908
4905 4909
4427 4905
990 4910
201 4910
804 4910
4910 4911
2607 4910
3171 4910
2290 4910
4910 4912
4910 4913
4712 4875
4875 4914
4875 4915
4875 4916
4875 4917
4875 4918
902 4875
1544 4875
4875 4876
1542 4875
4875 4919
337 4875
4875 4920
4875 4921
1709 4922
4922 4923
4924 4925
4924 4926
1187 4924
4924 4927
4924 4928
4924 4929
4924 4930
2522 3963
2522 4931
2522 4671
2522 3846
2522 2827
2521 2522
2522 2828
1511 2522
4457 4932
4457 4833
4457 4461
4457 4933
4457 4548
1327 4457
4457 4934
4457 4935
4457 4826
241 4457
485 4457
4457 4936
4457 4937
3264 4457
1738 4457
4457 4938
1324 4457
4457 4939
4597 4940
4940 4941
4942 4943
1252 4942
1254 4942
165 178
166 178
167 178
168 178
169 178
170 178
171 178
172 178
173 178
174 178
175 178
176 178
177 178
178 192
178 179
178 180
178 181
178 182
178 183
178 184
178 185
178 186
178 187
178 188
178 189
178 190
178 193
178 194
178 195
4348 4944
3738 4944
2234 4944
1874 4944
3130 4944
2413 4944
2549 4944
4944 4945
530 531
529 530
4946 4947
846 4948
4948 4949
307 4950
307 4951
307 1778
307 4952
307 2693
307 4953
307 2013
307 4954
307 4955
307 4956
307 2030
307 4957
307 2034
307 2011
307 2329
307 2330
307 4958
307 4959
307 4458
307 4960
307 2234
302 307
307 1944
307 1646
307 4961
307 4962
306 307
307 2029
1320 1479
1320 4963
1317 1320
1320 4964
1256 1259
1259 4965
1259 1384
709 1259
1259 1262
1259 4966
1259 4967
1259 4968
1259 4557
1259 4969
612 1259
1257 1259
1259 4970
1258 1259
1259 4421
1259 1581
1259 4971
14 4972
14 4973
14 4974
14 4975
14 4976
14 4977
1638 3564
3563 3564
3564 4978
2193 3564
4979 4980
4979 4981
4979 4982
4812 4983
283 4983
4983 4984
4985 4986
4985 4987
138 4842
3058 4988
4080 4988
3799 4989
4990 4991
3579 4992
2293 3579
3283 3579
3579 4993
3579 4911
3281 3579
3579 4994
3579 4995
3579 4996
3579 4997
3392 3579
3579 4998
3022 3579
3579 3580
283 4931
283 4999
283 5000
283 1536
283 5001
283 5002
283 5003
283 1239
280 283
283 5004
283 4984
283 288
283 5005
2546 5006
5006 5007
1339 2273
1339 2278
1339 2285
1339 2816
1339 1340
1119 1339
1339 5008
1339 5009
86 1339
1339 4598
1339 2284
1339 2287
199 1339
1339 5010
2648 5011
5011 5012
5011 5013
3402 3407
3403 3407
1506 3407
3405 3407
2798 3407
1394 4578
4578 4719
768 4578
4578 5014
1384 4578
4578 5015
587 4578
4578 5016
4578 5017
4578 5018
4578 5019
1916 4578
4578 5020
1302 4578
4578 5021
1568 4578
4578 5022
4578 5023
4578 5024
1409 4578
2603 2822
2603 2817
2597 2603
2598 2603
1117 2603
2594 2603
2603 5025
5026 5027
5026 5028
5026 5029
53 1530
58 1530
1530 5030
1117 1530
483 1530
1530 2446
328 329
329 5031
329 5032
5033 5034
5033 5035
3182 5010
749 5010
1119 5010
5010 5036
1117 5010
5009 5010
5010 5037
2558 3122
2559 3122
2593 3122
2595 3122
2566 3122
1225 1232
1232 4565
1232 3891
636 1232
996 1232
1033 1232
1232 2222
599 1232
1232 4653
1232 4018
1232 1237
1232 1297
1232 2329
1232 1299
1232 1300
994 1232
1232 5038
1232 5039
798 1232
1232 5040
5041 5042
5043 5044
5043 5045
3423 5046
3414 5046
1724 4303
479 1724
1724 5047
1724 5048
1724 5049
1348 1724
1724 5050
1724 1946
992 5051
2472 5051
5052 5053
3619 5054
3619 5055
3619 3620
1548 1929
1548 5056
961 1548
3865 5057
2646 5058
955 5058
2647 5058
2648 5058
5058 5059
5058 5060
1877 3794
3794 5061
4060 4691
4691 5062
1909 4691
4691 5063
1086 4691
4691 5064
4691 4849
1089 4691
638 4691
4482 4691
2163 4691
4691 5065
4691 5066
2802 5067
3738 5067
555 556
555 557
5068 5069
3531 5068
5070 5071
4108 5070
5072 5073
4065 5074
3895 4065
4065 5075
2221 4065
3890 4065
4065 4067
4065 4657
2620 2624
2619 2624
4060 4336
4336 5064
4336 5076
1037 4336
4336 5077
201 4336
4336 5078
4336 4911
1909 4336
4336 5079
922 4336
4336 5080
1538 4336
1742 4336
4336 5081
4336 4998
4336 5062
4336 4797
3170 4336
1104 4336
4336 5082
5063 5064
3305 5083
5083 5084
5083 5085
5083 5086
93 5087
5088 5089
3645 5088
3332 5073
3332 3333
3332 5090
435 668
435 4174
435 5091
435 5092
81 435
435 5093
435 5094
435 1300
435 2473
435 1058
435 2440
146 435
435 2476
431 435
5095 5096
1853 1856
1856 2693
485 1856
1855 1856
1856 1858
1946 5097
5098 5099
216 5100
5100 5101
5100 5102
521 5100
5103 5104
3139 3144
5105 5106
5105 5107
5105 5108
4287 5105
5109 5110
3711 5109
5109 5111
2409 5109
5109 5112
5109 5113
5114 5115
5114 5116
5114 5117
5118 5119
5118 5120
5118 5121
5118 5122
5118 5123
144 5118
5118 5124
1434 5125
5125 5126
5125 5127
1438 5125
5128 5129
892 5128
1782 5128
5128 5130
504 1536
1536 1754
1536 5131
1536 1538
1536 1742
1536 5132
1536 4931
509 1536
1536 5133
1536 5134
1536 5135
1536 4984
1536 5136
5137 5138
1236 5139
1085 5139
3622 5139
3424 5139
1076 5139
1089 5139
5139 5140
512 2277
874 2277
2277 5141
2277 5142
2277 2931
2277 5143
2277 5144
2277 2284
2277 5145
2277 5146
508 2277
86 2277
2275 2277
2277 2280
2272 2277
2277 5147
2277 3478
5148 5149
2162 5148
2272 5150
1479 5150
5151 5152
5153 5154
5153 5155
5153 5156
5153 5157
2329 5158
5159 5160
28 5159
1067 1728
1728 5161
1728 4843
1728 5162
1728 5163
1728 5164
1162 1728
1728 5165
1728 5166
1728 5167
970 1728
1728 5168
1728 5169
4154 5152
3157 5170
3157 5171
3157 5172
3157 5173
3157 3158
3761 5174
1237 5174
4038 5175
433 4038
1154 4038
1155 4038
4038 4044
5176 5177
5176 5178
5176 5179
5176 5180
5181 5182
5183 5184
5183 5185
5183 5186
5183 5187
5183 5188
5183 5189
5183 5190
5183 5191
3045 3047
1364 3047
5192 5193
5194 5195
1396 5194
5196 5197
5048 5198
5164 5198
945 5198
5199 5200
5199 5201
3223 5202
3223 5062
3223 5203
3223 5204
2041 3223
3223 5205
3223 4825
3223 5206
3222 3223
2776 3223
3223 5207
3223 5208
3223 5209
3223 4027
5210 5211
3348 5212
2330 5212
5212 5213
493 2103
2102 2103
1400 2103
2103 5214
2101 2103
2103 5215
2103 5216
2103 5217
2103 4597
2103 5218
2103 4154
494 2103
2103 4730
3327 3683
526 5219
5219 5220
4779 4780
4780 5221
4780 5222
3171 4780
5223 5224
3434 5223
5223 5225
2753 5223
5223 5226
922 5223
726 5223
5227 5228
5227 5229
663 5230
1962 5230
2507 2509
2509 2925
2508 2509
5231 5232
5231 5233
5234 5235
5236 5237
1553 5236
2789 5238
2785 2789
1228 2789
2789 5239
2789 3180
2789 3700
141 2789
2789 2804
1425 2789
1731 2789
340 2789
2789 3699
2789 2793
2789 5240
1931 1933
1932 1933
1933 1938
1933 1934
1933 1936
1933 1937
1933 1935
4953 5241
4953 5242
2011 4953
4953 4960
4953 5243
4953 5244
1647 5245
5245 5246
5245 5247
5245 5248
5249 5250
385 5249
1348 5251
1345 1348
1348 5047
1347 1348
1346 1348
533 1348
1344 1348
1348 5252
1348 5253
1348 1350
1348 1349
1348 5254
1348 5255
1210 1211
433 1211
1154 1211
1759 5256
1758 5256
2964 2965
2964 3917
2964 5257
2964 5258
1479 2964
2964 5259
2964 5260
2964 5261
2964 5262
2964 5263
2964 5264
2964 4570
2964 2966
2964 5265
1759 5258
5258 5266
1758 5258
2535 5267
2535 3414
1076 2535
2535 5268
2240 2535
2475 2535
2535 2949
2212 2535
2535 5269
2535 3080
2503 2535
3533 3535
5270 5271
2773 5270
2615 5270
5270 5272
2788 5270
5270 5273
5274 5275
2827 5276
3909 5276
2828 5276
3022 5277
4547 5277
4788 5278
3913 3914
1311 1312
1310 1312
526 3802
1033 3802
2035 3802
83 3802
1225 1247
1227 1247
1228 1247
631 1247
851 1247
1247 5279
1247 5280
1247 1832
1247 1297
937 1247
1247 2559
1233 1247
597 1247
1247 5281
1247 4569
1247 4600
1033 1247
1247 3377
850 1247
1247 2329
1247 1299
1247 2224
1247 1830
1247 2529
1247 1300
1247 5038
1247 5282
1247 2039
1247 3606
1247 3447
1247 2244
1039 1247
583 1247
5283 5284
5283 5285
306 3167
3167 5286
3863 4278
4278 5287
898 4278
2041 4278
4020 4278
4278 4321
4278 4279
4278 5288
4277 4278
461 5289
4595 5289
3378 5289
5290 5291
5292 5293
2476 5292
5294 5295
715 3980
4534 5296
2119 5296
2126 5296
5296 5297
1384 5296
1409 5296
2260 5298
3081 5298
3428 5298
5299 5300
1475 1891
1387 1389
261 1387
1387 5301
1387 5302
1387 5303
1387 3518
1387 5304
1387 1392
375 1387
5305 5306
4620 5307
4443 4620
1969 4620
4620 5308
4620 5309
621 5310
5310 5311
5310 5312
5310 5313
1778 5314
5315 5316
945 5048
5048 5317
5318 5319
5318 5320
1033 5318
2832 5318
3415 5318
945 5164
3849 3852
3851 3852
3850 3852
3852 3853
295 5321
1550 5322
4131 5323
5324 5325
874 5146
5142 5146
5145 5146
1757 5146
5146 5326
958 960
1578 5327
5328 5329
1850 5328
4270 4275
5330 5331
5330 5332
5330 5333
844 897
842 844
843 844
844 845
844 846
844 848
2380 5334
2380 2381
2380 2382
2380 5335
2379 2380
5336 5337
3576 5336
706 5336
5336 5338
5336 5339
5336 5340
5336 5341
5342 5343
567 5344
567 5345
567 1072
567 2153
567 5346
567 5347
567 5348
567 5349
567 5350
567 5351
567 5352
567 5353
567 5354
804 4516
3630 4516
4515 4516
4516 5355
4516 5356
3171 4516
4516 5357
4512 4516
2200 5005
5005 5358
5005 5359
518 5005
4230 5005
2162 5005
5005 5360
5361 5362
2038 5361
5361 5363
3470 5364
3470 5365
3470 4046
3470 5366
3470 5367
422 3470
247 3470
3176 3470
3130 3470
1894 3470
12 3470
2890 5368
2890 5369
2888 2890
1076 2890
2041 2890
2889 2890
2042 2890
2890 5370
2642 2890
850 2890
1810 2890
2471 2890
5371 5372
1079 5373
4178 5373
4314 4316
4316 4318
4238 4316
4316 4317
668 2476
668 2469
668 1058
668 2465
668 2481
518 2641
518 5374
518 1587
518 2042
518 5375
518 5376
518 5377
5378 5379
5378 5380
4625 5359
4625 4626
5381 5382
5383 5384
5383 5385
3176 3220
3220 3222
5386 5387
3264 5388
266 4302
4302 4305
4302 4304
4302 4306
2702 4302
2659 4302
179 4302
4302 4821
4302 4307
970 4302
4302 4308
4302 4310
1670 5389
5389 5390
3382 5389
5391 5392
5391 5393
4784 5394
5394 5395
3459 5396
4720 4728
2051 4728
3817 4728
58 4728
4728 5397
4728 4730
2852 2853
2931 5398
3001 5398
3916 5399
3885 5399
5399 5400
1997 4010
4010 5401
2516 2519
3204 5402
3202 3204
3204 5403
3204 3383
3200 3204
3204 3205
3204 5404
3204 3756
5405 5406
5407 5408
2485 5407
2775 5407
2780 5407
2415 2417
2415 2416
2908 5409
2086 5410
292 2086
3234 3238
3236 3238
3237 3238
3238 3239
791 4828
791 4823
791 792
5411 5412
5413 5414
31 5413
3237 5413
5415 5416
5415 5417
5415 5418
4977 5415
1254 4263
1253 1254
1254 4943
1252 1254
1254 5419
1254 5420
29 5421
5422 5423
5422 5424
2289 5425
4225 5425
305 5425
726 5425
5425 5426
5425 5427
5425 5428
3237 5429
3237 5430
3237 5431
3237 5432
3237 5433
3237 5434
3237 3239
31 3237
1794 3237
3237 4304
99 3237
3237 5435
3237 5436
3236 3237
3237 5437
3237 3900
3237 5414
3237 5438
3237 5439
41 3237
3237 5440
3237 4215
5441 5442
5441 5443
5441 5444
5441 5445
5446 5447
5446 5448
5446 5449
1779 5446
5446 5450
557 5451
754 5452
2407 5452
333 5452
2632 5452
93 5452
5157 5452
5452 5453
761 5452
1452 5452
5454 5455
5454 5456
5454 5457
1629 3949
3949 5458
266 3411
266 5459
266 2989
266 4087
266 1188
263 266
266 3774
266 1731
266 970
266 5460
266 2041
266 4956
266 5287
266 5461
266 5462
266 5463
266 5464
266 5465
266 450
266 5466
266 5467
266 5468
5469 5470
5177 5469
5180 5469
1359 1363
1360 1363
1361 1363
1362 1363
1363 1376
1363 1364
1363 1366
1363 1368
1363 1370
1363 1371
1363 1372
1363 1373
1363 1374
1363 1375
4373 5471
5471 5472
736 5471
5471 5473
669 5471
3591 5471
5471 5474
494 5471
1960 5471
5233 5475
663 5476
5476 5477
1931 5476
5476 5478
5476 5479
5476 5480
1478 5481
5482 5483
5484 5485
5484 5486
3200 3205
3205 3558
3446 5487
5488 5489
2303 5488
5488 5490
3640 3642
3125 3640
4159 5491
4159 5492
4159 5493
2220 4159
4159 5494
939 4159
4159 5495
4159 5496
1687 5497
4423 5498
5498 5499
459 5498
5498 5500
5501 5502
715 1535
715 3666
715 5503
715 4796
715 4798
715 2995
715 5504
715 1069
715 3325
715 4799
715 3324
715 1539
715 2556
715 3074
715 5505
715 1000
715 4797
715 3981
715 5506
715 5507
715 3001
513 715
5508 5509
3558 5510
1441 3558
3558 5511
3558 5512
1451 3558
3558 5513
4303 4305
179 4303
4303 4309
4303 4307
4303 5050
4303 4310
5514 5515
5514 5516
5514 5517
4852 5518
4855 5518
5518 5519
5520 5521
5522 5523
5522 5524
5522 5525
1046 1048
1046 1049
5526 5527
295 5526
1511 2243
2243 5528
2243 5529
1315 2243
5530 5531
5530 5532
5530 5533
454 5530
5530 5534
5530 5535
3463 5536
2534 5537
5537 5538
5537 5539
5096 5540
2132 5541
197 2093
1957 2093
2093 5542
2093 5543
2093 5544
2093 5545
2093 4363
2093 4225
2093 3488
726 2093
2093 5546
2093 5547
2093 2151
758 5548
746 758
753 758
758 3023
758 3670
758 761
582 758
758 5549
796 2465
1033 2465
1227 2465
2465 2476
850 2465
1894 2465
2465 2469
2465 2848
332 3091
956 3091
2774 3091
2775 3091
3091 3094
3091 3095
3091 3644
3091 5079
2036 3091
3091 5550
3101 3106
3102 3106
3103 3106
3104 3106
3105 3106
796 2469
1033 2469
1227 2469
2469 2476
850 2469
1894 2469
2469 2848
1546 4586
1546 4243
1546 4244
3601 5551
1680 5551
497 5551
3037 5551
335 4342
335 1794
335 4443
334 335
335 336
335 5552
2528 5281
494 5281
617 5553
580 5553
5553 5554
5553 5555
485 2320
1709 3938
1538 3938
1041 3938
3341 3938
949 952
950 952
951 952
5556 5557
5556 5558
5556 5559
5169 5560
5081 5561
5382 5561
4787 5562
5562 5563
1206 5564
5564 5565
5566 5567
5566 5568
394 3545
391 394
394 4241
392 394
5344 5351
5569 5570
5569 5571
1324 5569
1327 5569
5569 5572
4497 4498
1395 4498
4498 5573
212 990
212 712
212 5574
212 2954
212 2951
212 577
212 3608
212 3799
212 580
212 1534
212 1726
212 573
212 997
434 5575
5575 5576
1831 5575
5577 5578
5081 5577
5577 5579
1832 5577
1694 5577
3193 5580
5581 5582
2247 5583
2247 5584
2247 5585
3533 4179
4179 5565
4179 5586
1726 4179
4173 4179
1206 4179
4178 4179
1257 1260
1260 1889
1260 5587
1260 5588
1260 3117
1260 5589
265 5590
1878 5590
1582 5591
2587 5401
5592 5593
5594 5595
5594 5596
5597 5598
2439 5597
5597 5599
5597 5600
850 2527
3241 5601
5601 5602
5601 5603
5406 5601
4108 5601
1089 1099
1089 3622
156 1089
635 1089
1078 1089
1089 1102
638 1089
460 1089
1089 2360
1089 1263
1089 5604
1089 4847
1085 1089
1086 1089
629 1089
615 1089
1089 5605
992 1089
1089 3647
1089 3424
603 1089
1089 5606
1089 4482
1089 3379
3045 3048
1364 3045
59 5607
4689 5607
4023 4025
4025 5359
4025 5608
2162 4025
4025 4027
5184 5188
5185 5188
5186 5188
5187 5188
5188 5189
5188 5190
5188 5191
5609 5610
1866 5611
5612 5613
1100 5612
5612 5614
494 5612
87 5612
737 743
743 5615
743 4528
743 5616
743 3796
743 4118
599 743
743 5617
743 2934
424 743
740 743
743 2935
743 4529
743 2936
743 2937
743 5618
743 5619
743 5620
743 5621
3304 3308
5622 5623
5622 5624
5622 5625
480 5622
1154 5626
5081 5627
5382 5627
1764 5628
1764 3081
1764 4539
1764 5629
1764 1765
1764 3382
1557 5630
1558 5630
586 3292
589 3292
3292 3466
3140 3746
3140 3143
3140 3144
3140 3875
546 3140
5631 5632
855 5631
857 5631
1613 5633
4870 4872
506 5634
5634 5635
5634 5636
88 5634
1851 5634
5637 5638
5637 5639
5637 5640
5637 5641
5642 5643
12 5642
5642 5644
5642 5645
1087 5642
4053 5646
5646 5647
5646 5648
4056 5646
545 546
838 4629
838 839
5649 5650
2477 2524
2475 2477
1293 2477
1297 2477
2477 5651
631 2477
2472 2477
2477 2995
600 2477
2477 5652
843 2477
2477 5653
2477 5654
2477 5655
1033 2477
5045 5656
5044 5045
981 985
981 983
2285 5657
3746 5657
5589 5657
5657 5658
5657 5659
623 4227
4227 5660
5661 5662
855 5661
5661 5663
5106 5107
421 5106
5106 5108
4287 5106
3315 5664
3316 5664
1134 5665
399 5666
399 5667
399 5668
2101 5168
5168 5669
825 5670
5671 5672
1946 5673
494 5674
1960 5674
61 5675
57 61
61 5676
59 61
61 5677
61 1198
61 5678
61 5679
61 62
499 5680
1990 5680
1394 1568
1568 5681
1568 5682
1567 1568
1384 1568
542 1568
1568 4724
1568 5683
1568 5684
956 1568
1568 4544
1568 4719
1409 1568
1305 4200
3239 3309
3398 3399
3081 3398
3398 5685
3724 3726
3724 3725
3724 3729
3724 3731
3479 5686
5686 5687
1003 2333
720 1003
1003 5688
1003 3478
510 1003
280 1003
1003 1004
3958 5689
964 5690
3258 5691
4720 5692
4720 5693
4720 5694
4720 5695
3467 4720
4720 5696
4720 5697
5698 5699
5698 5700
5701 5702
1050 5701
5282 5701
778 5703
778 850
778 3389
5704 5705
3234 5704
1212 4087
1212 5706
1212 1726
1212 5707
782 1212
1212 2359
1212 3211
1212 2329
1212 3807
728 1212
1212 1488
832 1212
1212 2827
729 1212
1212 2039
1212 1622
1212 5708
1212 2828
1212 2829
1122 1212
815 5709
2052 5709
5709 5710
5709 5711
5559 5709
5355 5709
5709 5712
1478 1623
1623 5713
732 1623
1623 1624
37 1623
1623 5714
1623 5715
1623 3793
1623 5716
1623 5717
1623 3976
2856 2858
5306 5718
1069 1776
1071 1776
4673 5719
2647 5720
3765 5720
3767 5720
5615 5620
2589 2597
611 2597
2597 5721
2597 3159
2597 5722
2597 5723
2595 2597
521 2597
2597 2598
2597 2600
2597 3160
2594 2597
3294 5724
3294 4670
3146 3294
3294 3301
3294 3296
5725 5726
855 5725
859 860
857 860
856 860
860 861
3533 5727
5727 5728
5565 5727
4062 4068
5729 5730
5729 5731
1683 1684
5732 5733
3085 5732
257 5734
5284 5285
5285 5735
5285 5736
5737 5738
5737 5739
5492 5493
1962 5492
5492 5740
5741 5742
4024 5741
5743 5744
3676 5745
5745 5746
5745 5747
5748 5749
5748 5750
5751 5752
4673 5751
5751 5753
1346 5754
5755 5756
3444 5755
5757 5758
2224 3377
2224 5038
2224 5282
2224 3758
2224 5759
2224 2472
1300 2224
2055 2224
2224 2227
2224 2225
370 1552
370 877
370 3259
370 5760
370 2746
370 822
370 1893
370 5761
368 370
367 370
370 546
370 371
370 3180
370 1456
902 5762
294 5762
340 5763
141 5763
557 5764
5765 5766
4535 5765
1700 5765
239 4808
238 239
239 874
239 5142
239 4221
239 5767
239 5768
488 489
488 490
1783 3136
3136 3934
3136 5769
3136 3180
146 3136
3136 5355
3136 3137
5770 5771
775 5770
5681 5772
611 613
613 618
613 3722
613 632
613 642
613 616
613 4510
613 1036
613 5773
57 59
59 62
459 4690
4690 5774
2158 5775
1359 1372
1360 1372
1366 1372
1362 1372
1364 1372
99 1372
1368 1372
1361 1372
1370 1372
1371 1372
1372 1373
1372 1374
1372 1375
1372 1376
4932 5776
5776 5777
5778 5779
340 5780
5780 5781
141 5780
20 43
20 22
20 47
20 30
2994 2995
2994 2996
1830 2994
2994 3001
546 3746
546 5782
546 2773
546 3184
546 5783
546 5784
86 546
546 877
546 1889
546 3183
546 5785
546 4321
546 1175
546 5786
546 2788
546 5787
546 2667
546 5788
546 5789
546 3943
546 5790
546 3874
546 1850
546 2284
546 2285
546 3875
3385 5791
803 1804
433 1804
1804 1807
1804 4862
1804 2348
1804 5792
987 1804
219 1804
1804 4315
988 1804
711 1804
1048 1804
1804 2472
1804 4314
1804 1827
1804 2503
712 1804
1804 4317
1035 1804
641 1804
1248 1804
224 226
226 5793
226 5794
222 226
226 5683
226 5795
225 226
226 5796
226 5797
2365 2373
2365 2371
3758 5798
2847 5798
4044 5798
1242 5798
5798 5799
1668 5800
1668 5801
1666 1668
667 1668
1667 1668
1291 2831
2831 4080
1228 2831
2831 5802
1230 2831
630 2831
2831 5154
2831 2946
1034 2831
2831 4862
1231 2831
1305 2831
2831 3185
1069 5803
1478 5804
5804 5805
5736 5806
2152 2154
2154 2439
2154 5807
2154 5808
2154 5809
2154 5810
1063 2154
2154 2701
2154 5811
2154 5812
5271 5813
444 5814
5815 5816
5815 5817
5815 5818
1134 5815
5815 5819
5815 5820
5815 5821
722 2292
1810 2292
2292 5822
2292 5823
2292 5824
485 2292
2289 2292
2292 4845
2292 5825
479 2292
2292 5326
2292 5826
2292 5827
3628 5828
1184 5828
5828 5829
534 5830
5830 5831
1682 5830
1650 5830
5832 5833
5832 5834
1017 5832
1766 5832
1767 5832
2513 5835
1315 4712
1315 4915
1315 5528
1314 1315
2954 5836
5836 5837
5836 5838
1845 5839
1835 1845
1843 1845
1845 5840
1217 1219
1218 1219
4039 4044
1154 4039
433 4039
414 5841
1102 4329
1102 4565
1102 5842
1102 2362
1101 1102
1099 1102
1102 5843
1102 1103
1102 1262
87 1102
619 1102
1102 2360
81 1102
1102 1735
1102 5844
1100 1102
1102 4706
1085 1102
1088 1102
615 1102
1102 5845
1102 5605
1102 3126
1102 1913
924 1102
422 1102
1102 3414
1102 4638
603 1102
1102 5846
1102 3512
324 1102
1102 1104
1102 2850
643 1102
5847 5848
58 2051
2051 5154
2051 4844
2051 5849
5850 5851
5850 5852
5850 5853
599 600
599 1297
599 1225
599 5854
599 737
599 2329
599 3012
599 740
599 994
599 636
424 599
103 599
576 599
599 1448
5855 5856
5855 5857
1773 5858
1772 1773
1819 1820
921 3627
156 3627
3627 3629
1307 3627
922 3627
3627 3635
5859 5860
5652 5859
3593 3595
3593 5708
3591 3593
3593 3594
494 3593
1783 5861
4020 5861
95 5861
3411 5861
898 5862
5862 5863
5862 5864
526 5862
4154 5862
1225 1237
155 1237
1076 1237
1037 1237
996 1237
1237 5865
988 1237
1237 4653
1237 2225
1237 5866
796 1237
1237 1297
994 1237
1237 4863
1237 4864
798 1237
600 1237
1237 3761
1237 5040
576 1237
5867 5868
5867 5869
5867 5870
5871 5872
5871 5873
2966 5871
5871 5874
2729 5875
2729 5876
165 186
166 186
167 186
168 186
169 186
170 186
171 186
172 186
173 186
174 186
175 186
176 186
177 186
179 186
180 186
181 186
182 186
183 186
184 186
185 186
186 187
186 188
186 189
186 190
186 192
186 193
186 194
186 195
1455 5877
568 5877
3099 5878
1395 3099
3099 5879
222 3099
3099 5880
2519 3099
3099 5513
5881 5882
4909 5881
5881 5883
1341 5881
5787 5881
292 5881
689 5884
5884 5885
4304 4310
4310 5886
4306 4310
179 4310
4310 4509
4305 4310
4307 4310
4310 4511
4308 4310
4309 4310
5343 5887
1983 3649
3647 3649
638 3649
3648 3649
1425 5888
2034 5888
5888 5889
1874 5888
5888 5890
5888 5891
5892 5893
5892 5894
5892 5895
5896 5897
5896 5898
5899 5900
2773 2792
2773 5272
2773 2788
636 2773
709 1044
709 1262
631 709
709 5901
709 1544
708 709
709 5211
709 2054
709 5020
629 709
709 4333
709 5902
422 709
382 709
709 1305
709 5903
709 2089
643 709
377 5904
1028 2395
1028 1788
1028 4061
1028 5905
1028 1029
5652 5906
5652 5907
2443 5652
2995 5652
2442 5652
5652 5860
639 5652
5652 5654
1147 5652
570 619
612 619
617 619
603 619
614 619
615 619
616 619
618 619
5908 5909
3985 4382
4382 5910
4214 4382
4382 5911
3987 4382
4382 5912
4382 4505
1571 4382
165 192
166 192
167 192
168 192
169 192
170 192
171 192
172 192
173 192
174 192
175 192
176 192
177 192
179 192
180 192
181 192
182 192
183 192
184 192
185 192
187 192
188 192
189 192
190 192
192 193
192 194
192 195
2559 5913
4661 5913
5913 5914
4659 5913
3263 5913
4657 5913
712 5915
5915 5916
5915 5917
1378 1379
1379 5918
1379 5919
159 1379
1379 5920
1379 5921
1070 1379
587 1379
1379 5922
1379 5923
1379 5924
1379 4338
1379 3940
1379 5849
1379 5925
1379 5926
5715 5927
4561 5928
4556 4561
4561 4843
4554 4561
4559 4561
4561 4562
5598 5929
5929 5930
3273 5929
2895 5929
5929 5931
5932 5933
313 692
2508 2925
281 5934
5934 5935
5035 5936
5034 5035
1113 5035
5035 5937
3879 5938
1075 5938
87 5938
1452 5939
1452 1587
1452 4394
1452 4784
1452 2631
1452 5375
1452 5940
1452 4338
1452 2634
1452 5941
1450 1452
392 1452
1452 5942
1452 5943
1452 2637
165 187
166 187
167 187
168 187
169 187
170 187
171 187
172 187
173 187
174 187
175 187
176 187
177 187
179 187
180 187
181 187
182 187
183 187
184 187
185 187
187 188
187 189
187 190
187 193
187 194
187 195
5944 5945
5156 5157
5946 5947
5802 5946
1299 5946
5948 5949
5950 5951
5950 5952
5950 5953
3958 5954
506 5954
1713 3561
3561 4826
3561 5955
1638 3561
3561 5956
3213 5957
865 5958
1248 5958
340 5959
1978 5959
5959 5960
5959 5961
5959 5962
5959 5963
5959 5964
5959 5965
5959 5966
3022 4547
4546 4547
4042 4632
4040 4042
577 4042
3020 4042
1158 5967
4104 5967
1159 5967
5967 5968
595 3513
2476 3513
493 3513
81 3513
642 3513
1088 3513
3512 3513
3511 3513
3513 5969
827 3513
81 5970
385 5970
5970 5971
1044 1227
631 1044
1044 1544
1044 5972
248 1044
1044 1444
988 1044
1044 1048
1044 5973
1044 2848
1043 1044
1044 4267
1044 4199
1044 1052
1044 1241
1044 1305
600 1044
1044 1448
2807 5974
4383 5974
5974 5975
4628 5976
4991 5977
5978 5979
784 5978
4664 4665
45 4665
4665 5980
3922 5981
3922 5982
3921 3922
3922 5983
3922 5984
294 3922
5655 5744
735 2587
2587 5985
2587 5986
2587 3693
2587 4041
2587 5987
2587 5988
2587 5989
2587 5547
5990 5991
3071 5990
2023 2024
2022 2024
2024 2027
1256 5992
712 5992
5658 5992
2927 5992
1231 5992
5589 5992
3176 4792
4792 4794
2595 5993
2593 2595
2595 2598
543 2595
2558 2595
2559 2595
2595 3384
2595 3119
611 2595
2595 5994
2595 4255
618 2595
1830 2595
2589 2595
1803 2595
2595 2600
2566 2595
2595 4657
2594 2595
5995 5996
5728 5995
5995 5997
5565 5995
3867 3868
2 3
3 4
3 5998
3 5999
4645 4646
4646 4647
392 3837
392 393
392 2295
392 6000
392 6001
392 3131
392 4831
392 3545
391 392
392 1245
392 6002
392 6003
392 4241
4784 5942
5940 5942
4535 6004
3703 6005
2309 4389
4389 6006
4573 4574
414 4574
37 3456
663 5478
5477 5478
1931 5478
5478 5479
5478 5480
869 6007
6007 6008
6007 6009
2556 6010
2556 3355
1755 2556
2556 6011
2556 3071
2556 3855
2556 6012
2556 6013
2345 2556
4022 4027
4023 4027
4024 4027
2041 4027
2162 4027
1187 6014
6014 6015
964 966
964 5094
964 1977
964 6016
964 6017
964 1300
964 4887
964 1709
6018 6019
146 6020
2839 6020
2840 6020
6020 6021
2838 6020
3270 6022
3011 3270
3270 6023
2041 3270
3269 3270
1837 3270
2042 3270
1300 3270
669 3270
1048 3270
2799 3270
3270 5966
761 3270
726 3270
3270 6024
3270 6025
3270 3509
2162 6026
6027 6028
201 6027
2053 6029
1210 6029
1154 6029
1297 6029
4898 6029
6030 6031
1742 6030
2888 6030
311 6030
5211 6030
6032 6033
6032 6034
6035 6036
2713 6037
2713 6038
2709 2713
2713 5676
2711 2713
2713 6039
2713 2715
5065 5358
2163 5065
2461 2462
2069 2462
6040 6041
6040 6042
2798 6043
2806 6043
2812 6043
87 5846
3512 5846
5846 6044
5216 5846
2362 5846
1104 5846
324 5846
1505 6045
1505 6046
1505 6047
1505 2798
1505 6033
483 1505
1505 2806
1505 2812
1505 4689
583 6048
6048 6049
6050 6051
1256 5589
3746 5589
5589 5659
712 5589
1257 5589
5588 5589
5589 5658
3183 3746
3183 4565
3183 6052
3183 3184
3183 5784
3183 3188
3183 3749
3183 3386
2559 3183
3183 6053
3183 6054
3183 3747
3183 6055
3183 4683
761 3183
3183 6056
3183 5216
3183 3395
3183 3189
1072 5346
855 5662
5662 5663
4852 4856
4856 6057
4856 6058
4856 6059
3931 4856
4856 6060
4856 4858
4856 4859
3170 4856
2056 4856
4856 6061
4856 5864
4856 6062
6063 6064
6063 6065
75 1774
241 1774
242 1774
243 1774
245 1774
1774 1775
6066 6067
6039 6068
1159 6068
971 6068
461 6069
1900 6070
1888 6070
2253 6071
6072 6073
6072 6074
3694 3695
6075 6076
2167 6075
1425 2796
2796 4499
2796 6077
2796 5966
2779 2796
2796 2811
2796 6078
6079 6080
5968 6079
6079 6081
409 410
410 411
1299 6082
6083 6084
6083 6085
6083 6086
6083 6087
5812 6083
6088 6089
6088 6090
2590 3370
3368 3370
3370 3374
3049 3050
2234 3049
3049 3318
846 3049
3049 6091
935 6092
934 935
2165 6093
6093 6094
2034 6093
2430 6093
6093 6095
2230 2232
2231 2232
2198 2232
6096 6097
1633 2910
2910 6098
2481 2910
2864 4638
2598 4638
4638 6099
2949 4638
1106 4638
87 4638
146 4638
1738 4638
4638 4639
583 4638
324 4638
2212 6100
2212 6101
2212 2582
2166 2212
2212 4136
2212 6098
2212 6102
2212 5268
2212 6103
2212 6104
2212 5269
2212 6105
2014 2212
2212 6106
2212 6107
2212 4357
5442 5444
5443 5444
5444 5445
1618 6108
2014 6109
6095 6109
6110 6111
483 6110
6047 6110
2806 6110
2812 6110
2669 2674
2670 2674
2671 2674
2672 2674
2673 2674
2674 2675
2674 2676
2674 2677
2674 2678
2674 2679
2674 2680
2674 2681
2674 2682
2674 2683
2674 2684
2674 2685
2674 2686
2674 2687
2674 2688
2674 2689
2674 2690
2674 2691
368 4285
4285 4288
6112 6113
1479 6112
6112 6114
2021 2026
6115 6116
6115 6117
2639 6118
6118 6119
869 6009
6008 6009
3145 3146
1032 2075
1087 2075
2075 6120
2075 2076
2075 6121
1235 2075
2075 6122
2075 2077
2075 6123
5965 6124
6124 6125
5963 6124
2237 6126
6127 6128
3170 6129
6129 6130
6129 6131
6129 6132
6022 6024
1299 6022
761 6022
5947 6022
3509 6022
6064 6133
6064 6065
5885 6064
6064 6134
6064 6135
3322 6064
863 6136
1300 3736
1176 3736
3736 6137
1553 3736
3701 6138
6139 6140
2602 6141
6142 6143
6142 6144
6142 6145
165 190
166 190
167 190
168 190
169 190
170 190
171 190
172 190
173 190
174 190
175 190
176 190
177 190
179 190
180 190
181 190
182 190
183 190
184 190
185 190
188 190
189 190
190 193
190 194
190 195
2077 6146
2355 6147
2356 6147
711 6148
2364 4215
4215 4821
543 4215
2372 4215
1794 4215
2370 4215
2702 4215
4215 5434
2642 4215
2049 4215
1172 4215
2641 4215
4215 4255
41 4215
4215 4825
4215 4826
4215 4827
4215 4828
3161 4215
2644 4215
3378 6149
6150 6151
4664 6152
298 3390
297 298
298 6153
298 1730
298 3186
298 2955
298 1065
29 298
298 6154
298 6155
298 4898
6156 6157
6156 6158
6156 6159
3970 6160
3970 6161
3969 3970
2389 3970
3970 3974
1769 2153
965 1769
1769 6162
2563 6163
2561 6163
2641 2974
2974 5287
2974 6164
813 2974
895 2974
2974 6165
2667 2974
2974 2975
83 6166
1033 6166
103 6166
5676 6037
5675 5676
5676 6038
2709 5676
5676 6039
62 5676
5523 6167
5523 6168
5523 5525
6169 6170
6169 6171
768 5018
3245 3246
372 3246
3275 3277
5080 6172
2163 5080
5076 5080
5080 6173
1909 5080
6174 6175
6174 6176
5205 6174
6174 6177
6174 6178
2162 4621
4621 4627
5020 6179
6180 6181
6180 6182
57 62
1969 5307
5307 5308
6183 6184
6183 6185
3531 6183
144 803
141 144
144 6161
144 6186
144 146
144 6187
144 201
144 1967
144 1482
144 5121
144 2702
144 711
144 5123
144 1969
144 804
144 1235
144 3273
144 6188
144 6189
144 6190
144 805
144 1589
144 331
144 5120
144 3955
144 1968
144 1485
3101 3103
3102 3103
3103 3104
3103 3105
6191 6192
6191 6193
6191 6194
2442 6195
787 6196
4292 6197
6197 6198
6199 6200
6199 6201
6199 6202
6199 6203
6199 6204
6199 6205
6199 6206
6199 6207
4994 5625
2607 5625
6208 6209
1419 3249
1419 6210
1419 6211
4900 6212
75 3992
315 3992
3990 3992
3991 3992
3992 3993
4853 6213
6213 6214
6213 6215
6213 6216
6213 6217
6213 6218
6213 6219
4861 6213
6213 6220
6221 6222
4965 4970
1262 4965
4557 4965
6223 6224
5840 6225
1962 6225
775 6225
6226 6227
2880 6228
6228 6229
4465 5355
2240 5355
3934 5355
5355 6230
5355 5356
5355 6231
5355 6232
4469 5355
5355 6233
3783 5355
5355 6234
160 5355
5355 6235
5222 5355
1104 5355
3171 5355
6185 6236
3531 6185
6184 6185
6185 6237
6185 6238
6185 6239
624 6185
6240 6241
6240 6242
6240 6243
2273 2285
86 2273
2273 2284
2273 2278
6244 6245
6244 6246
6247 6248
3151 6247
1953 3387
3032 3387
3387 6249
3387 6250
1206 6251
3865 6251
291 6252
291 1217
290 291
291 6253
291 6254
291 5650
291 1341
291 6255
291 6256
291 292
6257 6258
1481 6259
1481 2244
1479 1481
1481 3821
337 1481
1481 6260
1481 3213
1481 3823
1481 1830
1481 4220
1481 6261
3386 6262
5994 6262
6262 6263
643 6262
636 6262
3395 6262
5843 6262
639 6262
6262 6264
6265 6266
6265 6267
6265 6268
5312 6265
3515 6265
6269 6270
732 6271
6271 6272
2547 6273
6273 6274
4228 5311
6275 6276
745 6277
5985 5989
4041 5989
100 105
98 105
1241 3373
3373 3799
103 3373
3101 3105
3102 3105
3104 3105
3105 6278
5893 5894
5893 5895
2404 6279
1070 6279
6279 6280
6279 6281
6279 6282
3453 6283
3445 6283
3448 6283
6283 6284
6283 6285
6283 6286
3599 6283
2993 3000
2992 2993
2993 2998
2993 2999
6287 6288
6287 6289
979 3082
979 3576
573 979
979 6290
979 4693
979 6291
979 6292
979 2475
977 979
979 1827
979 2163
979 6293
979 4692
979 5228
979 3185
979 6294
6295 6296
939 6297
6298 6299
255 6300
6301 6302
6301 6303
1395 5878
5878 5879
5834 5878
5878 6304
5878 5880
2259 5878
5878 6305
135 5878
2095 5878
5878 6306
1585 5878
5513 5878
6307 6308
4853 6307
1593 6307
4858 6307
1702 1704
1703 1704
1704 1706
1704 1708
1704 1709
6309 6310
2669 2675
2670 2675
2671 2675
2672 2675
2673 2675
2675 2676
2675 2677
2675 2678
2675 2679
2675 2680
2675 2681
2675 2682
2675 2683
2675 2684
2675 2685
2675 2686
2675 2687
2675 2688
2675 2689
2675 2690
2675 2691
4885 6311
4885 6312
893 4824
813 4824
1024 4824
1488 4824
6167 6168
2696 6313
2696 2698
2696 2697
2696 6314
27 2696
1685 1688
472 1688
6315 6316
3871 6315
2563 6315
987 998
998 3011
991 998
635 998
998 1299
988 998
995 998
998 5966
998 5947
1302 3060
6317 6318
2935 6317
2933 6317
1553 5237
2398 5237
1629 6319
8 9
8 11
3446 6320
4063 4064
3379 4064
4511 6321
6321 6322
6323 6324
6325 6326
6327 6328
6327 6329
6327 6330
6327 6331
6327 6332
6327 6333
6327 6334
6335 6336
294 6335
6337 6338
6339 6340
4918 6341
4612 6341
1184 3628
1184 6342
1184 5829
493 1184
965 1184
1184 1190
1184 6343
1184 6344
474 1184
11 1184
1184 1191
472 1184
1184 2318
895 1184
2669 2686
2670 2686
2671 2686
2672 2686
2673 2686
2676 2686
2677 2686
2678 2686
2679 2686
2680 2686
2681 2686
2682 2686
2683 2686
2684 2686
2685 2686
2686 2687
2686 2688
2686 2689
2686 2690
2686 2691
787 6345
1695 6345
2850 5093
1227 2850
2850 4087
2850 4564
1973 2850
2850 6346
1514 2850
764 2850
2850 3384
2850 6347
2850 6348
2850 4569
2850 4703
1556 2850
2850 6349
2850 4706
2850 4600
160 2850
850 2850
2850 6293
902 2850
1303 2850
2850 5366
12 2850
573 2850
2503 2850
2850 4863
2850 4698
630 2850
2850 3269
2850 6044
2850 6350
2850 6351
2850 5216
2848 2850
1677 2850
324 2850
2427 5402
2427 6352
2427 2428
2427 6353
2178 2427
1876 2427
2427 6354
2427 3545
2427 2432
1464 2427
1877 2427
2427 3202
4113 4114
767 768
3877 3878
3878 3879
2821 3878
87 3878
5221 6355
6355 6356
3456 6355
3377 6357
5038 6357
6357 6358
5759 6357
6357 6359
2530 6357
6357 6360
6361 6362
4870 6363
4870 6217
4870 6220
5112 6364
113 6364
6365 6366
5598 6367
6367 6368
4403 6367
3534 6367
1434 5126
1434 5127
1434 1435
1434 1436
1434 1437
1434 1438
6369 6370
1778 6369
5851 5852
2114 5852
130 5852
5852 5853
6371 6372
1929 6371
2847 4353
1590 2847
2847 2888
1242 2847
1405 2847
2847 6373
2847 6374
2847 6375
573 2847
1400 2847
2240 2847
1085 2847
2847 6376
2847 3124
2847 6377
2847 5799
1038 2847
2847 4044
2847 6378
3403 6379
6379 6380
2793 3018
3017 3018
2340 2342
639 6381
633 6381
643 6381
651 3656
792 3656
2379 2382
2381 2382
1866 6382
1282 2054
2054 2055
3827 3840
3828 3840
3829 3840
3830 3840
3831 3840
3832 3840
3840 3841
3834 3840
3835 3840
3836 3840
3837 3840
3838 3840
3839 3840
3833 3840
3826 3840
3840 3843
3840 3844
3840 3845
6383 6384
1896 6383
4114 6383
534 6385
535 6385
6385 6386
6385 6387
4565 6388
6388 6389
3185 6388
4049 6388
3070 4243
2284 3070
88 3070
2281 3070
3070 3071
3070 6390
506 3070
86 3070
3070 6391
3070 4244
2272 5147
5144 5147
5147 6392
4020 6393
1204 1207
1205 1207
1207 5565
1207 6394
1206 1207
3414 6395
6396 6397
6396 6398
3822 3824
5785 5790
5787 5790
6399 6400
6399 6401
6399 6402
6399 6403
3729 4046
549 3729
3725 3729
3726 3729
3729 3731
1885 3675
40 3675
3675 6404
3675 3676
1971 3675
2356 6405
2355 2356
2356 4443
2356 6406
2356 2357
2356 4428
2356 6407
2360 2361
2361 2362
2361 3264
2361 6408
5936 5937
1113 5937
165 193
166 193
167 193
168 193
169 193
170 193
171 193
172 193
173 193
174 193
175 193
176 193
177 193
179 193
180 193
193 6409
181 193
182 193
183 193
184 193
185 193
188 193
189 193
193 194
193 195
5565 5996
5728 5996
5996 5997
6410 6411
6410 6412
4769 6410
6413 6414
2781 6413
1158 4104
1159 4104
4104 6415
4104 6416
4104 4797
4104 5968
4104 4909
81 942
939 942
942 1308
942 995
942 996
6374 6378
6375 6378
6376 6378
6417 6418
6417 6419
1475 6420
1475 6421
4645 4647
1257 5588
5588 6422
1850 5588
371 5588
3369 5588
5588 6423
1478 5714
5713 5714
1624 5714
5714 6313
732 5714
23 3112
23 1978
23 3897
706 6424
3647 6425
2293 6425
2862 6425
4542 6425
4911 6425
6425 6426
4996 6425
5606 6425
865 6425
2145 6425
990 6425
4998 6425
1832 5579
1694 1832
1832 5354
1832 6427
2489 4852
2489 6428
2489 6429
6430 6431
1450 6432
3029 3030
666 3030
3030 6433
2476 3030
6434 6435
2253 6434
6434 6436
165 179
166 179
167 179
179 6322
168 179
169 179
170 179
171 179
172 179
173 179
174 179
175 179
179 4308
176 179
179 4304
177 179
179 4911
179 180
179 4309
179 181
179 182
179 183
179 184
179 4305
179 185
179 189
179 6437
179 4307
179 188
179 4306
179 194
179 195
6438 6439
6438 6440
5170 6441
6442 6443
6444 6445
6444 6446
6444 6447
397 6448
5983 6448
3094 5079
1538 5079
5079 5550
5170 6449
5170 6450
5170 5171
5170 5172
5170 5173
5170 6451
5170 6452
3158 5170
4606 4608
4608 4609
4607 4608
4604 4608
282 6012
6010 6012
6012 6453
6012 6454
6012 6455
5416 6456
6456 6457
6456 6458
6459 6460
6461 6462
1850 3071
1850 3366
1850 1878
1850 6423
1850 6463
1850 5329
1738 1850
1850 2667
1409 1850
1394 1850
1850 6464
1850 3369
1850 1851
1847 1850
1850 6422
1850 2240
1847 1851
6465 6466
6465 6467
1511 6465
1108 6465
5416 6468
6457 6468
6469 6470
479 6469
461 6471
600 6472
760 6473
6473 6474
6473 6475
6473 6476
1670 1673
1670 1672
764 1670
1670 5390
1670 5869
1670 1671
1670 6477
5834 6306
2259 6306
2095 6306
1359 1375
1360 1375
1361 1375
1362 1375
1364 1375
1366 1375
1370 1375
1371 1375
1373 1375
1374 1375
1368 1375
1375 1376
6478 6479
6478 6480
6478 6481
6478 6482
2885 2886
377 2886
501 6483
6483 6484
1651 6483
508 6483
509 6483
260 263
6485 6486
6485 6487
6485 6488
6485 6489
1002 6485
1535 5433
1759 5433
1758 5433
5433 6490
5433 6491
5433 6492
3703 3705
669 3705
3704 3705
3886 3888
749 3886
2665 2667
2665 2666
2665 6493
2665 2998
2488 2491
2491 3764
2491 3591
2491 2492
3324 6494
1709 4923
3074 5503
252 6495
263 6495
6496 6497
2289 5428
305 5428
4243 5872
5872 5874
5872 6498
5872 5873
2966 5872
1357 2646
2646 6499
886 2646
2646 3245
2646 6500
2646 6501
2646 6502
2646 5090
2646 5060
649 2646
2646 3765
2646 2648
2646 3719
1171 2646
955 2646
2646 6503
2646 6504
12 2646
2646 2647
2646 5059
2646 6505
6506 6507
2561 6506
6508 6509
663 6508
1561 6508
6508 6510
1488 6508
1726 6508
6508 6511
1122 6508
6512 6513
6420 6514
268 6420
2618 6420
6420 6515
6420 6516
6420 6517
6420 6421
6420 6518
6420 6519
6420 6520
5017 6420
6420 6521
1720 6522
5301 6522
349 6523
349 6524
349 6525
446 2151
2151 5544
2151 6526
1304 6527
1303 6527
75 76
76 87
76 86
823 6528
6529 6530
4843 5542
505 1001
1001 1002
6531 6532
6531 6533
1395 6531
5879 6531
4342 6534
4383 4384
4384 6535
4384 6536
3443 4384
1558 4384
5448 6537
5448 6350
2561 5448
6439 6538
6440 6538
2818 2820
2593 2820
2820 5723
804 5357
3630 5357
4554 4562
4556 4562
4559 4562
6539 6540
4107 6539
4443 6539
6541 6542
6541 6543
30 43
34 43
43 47
138 2450
2448 2450
2450 6544
2449 2450
6545 6546
4500 6545
6545 6547
3496 6545
1557 6545
6545 6548
6549 6550
3780 3781
6551 6552
6553 6554
549 6553
6553 6555
6553 6556
3652 6553
165 195
166 195
167 195
168 195
169 195
170 195
171 195
172 195
173 195
174 195
175 195
176 195
195 665
177 195
180 195
181 195
182 195
183 195
184 195
185 195
188 195
189 195
194 195
1885 6557
6557 6558
6557 6559
6560 6561
6561 6562
380 6561
6561 6563
3985 6564
1887 6564
6564 6565
6564 6566
3987 6564
6564 6567
6564 6568
932 6564
5154 6569
1805 6569
1894 6569
3414 6569
234 235
235 236
6570 6571
6572 6573
6574 6575
6576 6577
5461 6576
4675 6576
6578 6579
165 172
166 172
167 172
168 172
169 172
170 172
171 172
172 173
172 174
172 175
172 176
172 177
172 180
172 181
172 182
172 183
172 184
172 185
172 188
172 189
172 194
4576 6580
4576 6581
4576 6582
4576 6583
4576 4577
355 4576
3872 6584
98 6585
6586 6587
6586 6588
6586 6589
6586 6590
6046 6591
1488 4089
3380 6592
351 6592
892 6592
6592 6593
6594 6595
414 6594
4542 6594
4108 5071
3790 6596
3790 6597
3790 6598
3790 3796
2035 3417
2039 3417
3783 5062
3783 6599
3783 4088
3783 4503
3783 4086
3783 4812
5620 6600
4014 6601
4573 6602
414 6602
6603 6604
1946 6605
6605 6606
6607 6608
6607 6609
3009 6607
3875 6610
2366 2371
1885 2371
2369 2371
2371 2373
6597 6598
6596 6598
3324 3325
5126 5127
3134 3458
1075 4014
4014 4524
3512 4014
534 4014
2840 4014
1393 4014
6611 6612
6611 6613
3401 6614
1746 6615
66 67
66 69
66 68
66 6616
66 395
3093 3095
3095 4030
2036 3095
1610 3095
1410 3095
5107 5108
4287 5108
6263 6617
847 6618
832 6618
6619 6620
6619 6621
6619 6622
5677 5678
5678 5679
1198 5678
3123 6623
12 6623
6623 6624
494 6623
6623 6625
5849 5919
5919 6626
3606 5319
3606 6627
1033 3606
937 3606
3606 5320
3606 3728
3606 6628
4992 4995
4993 4995
319 2808
2787 2808
372 2808
2777 2808
2800 2808
1134 5818
5818 5819
4932 6629
4746 6630
994 4746
1078 4746
4746 6631
1806 4746
204 342
204 5844
204 785
204 4041
204 5547
2240 4066
796 3415
3415 5279
990 3415
1033 3415
2411 3415
2226 3415
6632 6633
1245 6632
6634 6635
5197 6634
5197 6635
6636 6637
6636 6638
41 4304
4304 6639
4304 4322
4304 4305
4304 5437
4304 4306
4304 5432
2659 4304
2702 4304
4304 4321
4304 4821
4304 4307
4304 4308
3866 4304
3934 5356
5356 6230
5356 6231
5356 6233
1399 3693
3693 5547
3693 4683
3693 5987
12 3693
3693 4041
1391 3693
3693 6640
1457 3693
4853 4858
4858 6641
4858 6308
3882 4858
4858 4859
4858 4860
4858 6074
4858 4861
1593 4858
6642 6643
1034 1036
1036 4692
337 6644
339 6645
3382 6645
446 6646
6646 6647
666 6646
6646 6648
3081 6646
6646 6649
3837 6646
6433 6646
6128 6646
6646 6650
697 6646
6646 6651
2960 6652
6267 6653
1176 6654
1176 2532
1176 4456
1175 1176
372 1176
1176 1178
1759 6655
6655 6656
6655 6657
6655 6658
2935 6659
1996 2935
2933 2935
2935 4603
2935 2937
2935 6633
2935 4820
2935 4825
2934 2935
740 2935
2935 6660
1245 2935
2935 6318
1589 2935
2935 6661
483 2935
1024 2935
2935 2936
6662 6663
2718 6662
6662 6664
6665 6666
6665 6667
6665 6668
6669 6670
6669 6671
6669 6672
722 6673
722 881
722 3648
485 722
722 6674
722 4845
722 6145
687 6675
6675 6676
2607 6675
3872 6677
4174 6678
1405 6678
6678 6679
1400 6678
921 6678
6678 6680
1837 6678
6678 6681
1650 5579
1650 5145
1650 5963
1650 1682
1650 1694
1650 1686
1650 6682
1650 1651
1650 3037
1239 1650
1637 1650
1650 1689
1650 4465
534 1650
1650 1680
1650 5382
1650 6683
367 371
371 6684
6685 6686
6685 6687
303 6688
1534 6688
4202 4203
6689 6690
6691 6692
4667 6691
1242 6691
534 6691
535 6691
423 6691
2849 6691
2037 6691
573 6691
6192 6194
6193 6194
6693 6694
4352 6695
680 6695
679 6695
6575 6695
6354 6695
1466 6695
6696 6697
4911 6698
6503 6698
6698 6699
4998 6698
6698 6700
4641 4643
4642 4643
6701 6702
4703 6703
6704 6705
6704 6706
4103 4548
4099 4103
4103 4549
4103 4550
3518 3521
3517 3521
3519 3521
6220 6707
6245 6708
2507 6709
5171 6449
5171 6450
5171 5172
5171 5173
5171 6452
3158 5171
877 5761
1599 5761
5629 5761
5544 5761
5761 6710
3180 5761
1893 5761
5761 6711
5760 5761
1699 5761
2923 5761
423 5761
5761 6712
5761 6713
4225 5761
5761 6714
5261 5262
4675 6577
3330 4513
6715 6716
6715 6717
3569 6715
1946 6606
1297 6718
3241 3242
3242 3243
2845 3242
333 2783
333 3738
333 6719
333 2774
333 4286
333 2809
333 336
333 4424
333 1671
333 2805
333 2802
333 6720
333 1766
333 1767
3691 6721
504 6722
504 1538
503 504
504 2914
504 5134
494 504
5810 5812
3411 6723
1682 1689
4801 4802
3916 5400
1479 5400
3885 5400
5400 6724
5145 5400
5400 6725
1757 5400
1685 3976
72 3976
906 3976
2201 3976
3976 6726
3976 6727
3976 6728
3976 6729
3459 3976
3976 6500
3976 6730
3976 6731
3976 6732
3976 5715
2034 6733
3509 6733
4766 6734
4766 4768
4766 6735
4766 5494
4766 4767
4766 4769
4766 4771
4766 6736
1186 1509
1186 1513
1186 1410
1186 1610
1186 1601
1186 1510
1186 1415
1186 1392
5894 6737
6737 6738
1971 3676
1885 1971
279 287
6739 6740
6205 6206
6200 6206
6203 6206
6741 6742
1887 6743
1305 6743
631 6743
6743 6744
761 6743
1444 6743
1448 6743
497 3601
440 3601
1680 3601
3037 3601
3601 6745
479 6470
479 480
479 4509
479 609
479 1726
479 4511
479 5326
479 4192
479 5728
479 2353
479 1945
210 479
479 4779
479 3022
479 1942
479 6746
479 667
479 6747
479 1944
305 479
6397 6398
1293 2612
1293 3622
1293 3184
1293 4571
1293 1297
1293 2558
1293 2559
1293 6748
1293 2470
1293 1295
103 1293
1293 2593
1293 4348
1033 1293
1293 1556
1293 3369
1293 3119
1293 1307
1293 3395
1293 2561
1293 6749
1293 4349
1248 1293
1830 6750
6750 6751
2237 6750
364 369
368 369
86 91
91 851
91 3991
91 770
91 2949
91 1079
91 2529
81 91
78 91
91 199
75 91
91 850
91 6752
91 1233
91 629
91 1248
1359 1360
1360 1361
1360 1362
1360 1364
1360 1366
1360 1368
1360 1370
1360 1371
1360 1373
1360 1374
1360 1376
6753 6754
6753 6755
6753 6756
2503 6757
1291 2503
2503 3378
1953 2503
2503 6758
2503 6759
2503 3622
2503 4862
2348 2503
2503 3080
2503 6760
2503 3010
6761 6762
2144 6763
302 6763
6764 6765
6764 6766
3283 3284
3281 3284
2802 3284
3284 3738
3479 6767
5687 6767
4698 4706
4706 6346
4703 4706
324 4706
2185 6768
2180 2185
2185 6216
2181 2185
2182 2185
2183 2185
2184 2185
823 2185
3812 3814
1246 6769
159 6769
6770 6771
2422 6770
493 6772
493 6773
493 1759
493 827
493 6774
6 493
493 4237
81 493
493 2318
493 1478
493 6775
493 1538
493 1088
493 6776
493 4238
493 2821
493 494
493 4730
4121 4124
4120 4121
4116 4121
354 6777
354 2647
354 6778
354 3245
354 6779
354 5191
354 355
2413 6780
2413 4539
2413 6781
651 2413
2413 6782
2413 6783
135 2413
2413 6784
2077 2413
1415 2413
2413 2549
6781 6785
2077 6785
6785 6786
5093 6785
1302 6785
3576 5337
1292 3576
3576 4317
3576 5228
641 3576
6787 6788
6789 6790
474 841
340 474
468 474
474 623
474 4505
474 6343
472 474
474 6791
474 6792
5666 6793
1810 2955
850 1810
1810 6794
945 1810
667 1810
1810 4461
1810 5825
1810 6795
1810 6796
29 1810
1810 4511
863 1810
1810 6797
231 6798
1843 6798
1441 6799
6084 6086
6085 6086
2360 4235
3434 4235
4235 6232
2411 4235
4235 6800
841 847
847 1033
847 2039
631 847
832 847
5129 5130
6801 6802
6801 6803
6801 6804
6801 6805
6801 6806
4741 6801
1307 4334
922 4334
924 4334
2669 2684
2670 2684
2671 2684
2672 2684
2673 2684
2676 2684
2677 2684
2678 2684
2679 2684
2684 2687
2681 2684
2682 2684
2683 2684
2680 2684
2684 2685
2684 2688
2684 2689
2684 2690
2684 2691
4583 6807
6807 6808
4938 6807
6807 6809
6807 6810
6811 6812
4852 6057
6813 6814
5457 6813
1552 1893
877 1893
1893 3259
1893 2746
1893 3180
629 1893
1456 1893
1893 6815
368 1893
340 1893
395 1893
1451 1893
490 3572
2783 2809
2809 3537
2802 2809
2774 2809
4277 4279
4321 6816
3142 6816
4322 6816
6817 6818
6817 6819
4108 6817
4387 6817
6820 6821
384 6820
6820 6822
6820 6823
6820 6824
6820 6825
6820 6826
71 72
72 4243
72 1282
72 3459
72 6500
72 6502
72 6827
72 2201
72 6828
72 961
72 6732
72 647
72 380
72 6727
72 6829
72 649
72 906
2119 2126
6830 6831
6830 6832
6220 6363
3791 6833
3791 3795
3791 6834
372 3791
4679 4742
157 4742
5941 6835
5943 6835
306 5286
1983 3641
3641 3648
6509 6836
6836 6837
1488 6836
6510 6836
5359 5608
5608 6838
2163 5608
6353 6839
5402 6839
1466 6839
6839 6840
1464 6839
2546 6841
4725 6841
3686 6842
6843 6844
5419 5420
3426 6845
6845 6846
434 4656
4633 4656
428 4656
1841 4656
4656 4662
6847 6848
4297 6847
6847 6849
6850 6851
422 6852
1233 6852
2329 6852
1742 6852
1735 6852
6053 6852
761 6852
6852 6853
6852 6854
6855 6856
332 4342
4342 6857
4342 6858
4342 4554
3488 4342
3112 4342
4342 6859
4342 6860
4342 5928
334 4342
1468 4342
4342 6861
4342 4374
336 4342
4342 6862
918 4342
917 4342
3096 4342
4342 6863
4342 6864
728 6865
6865 6866
2329 6865
729 6865
6867 6868
898 6869
2662 6869
201 6028
5374 6028
2041 6028
6028 6870
6028 6871
888 899
899 909
899 911
711 6189
1968 6189
803 6189
534 6387
535 6387
534 6386
535 6386
612 1805
1805 3414
823 1805
1805 3413
1805 4557
1805 6154
932 1805
6872 6873
6872 6874
3293 3466
3466 5358
1228 3466
586 3466
3466 3700
589 3466
3460 3466
3738 6875
6514 6519
6519 6521
6612 6613
687 691
1204 6876
1206 6876
156 1000
1000 2995
1000 3001
3728 5320
1033 5320
2832 5320
679 680
679 4074
679 1950
679 6877
679 1466
679 2260
679 3201
679 6354
679 4132
679 2259
679 3130
679 4352
679 681
679 2408
679 6878
679 6616
679 6575
679 6879
677 679
679 6880
6881 6882
6881 6883
2576 2577
2575 2576
2576 2579
2011 6884
4947 6884
2030 6884
6885 6886
6885 6887
6885 6888
897 6889
6889 6890
6889 6891
6889 6892
846 6889
6889 6893
6889 6894
2187 2198
2198 6895
2198 2230
2188 2198
2198 2231
2198 6896
706 4675
4675 6897
3536 4675
4675 6074
4675 5461
4675 6898
6899 6900
422 2178
2178 4595
1872 2178
2178 6901
2178 6902
2178 6903
2178 3475
2178 6904
2029 4951
3916 6905
6597 6905
3380 6906
3380 6593
351 3380
3380 6907
892 3380
3380 5130
3094 5550
2774 5550
2036 5550
3529 6908
6908 6909
6908 6910
6239 6908
6911 6912
6911 6913
6630 6631
1806 6630
6914 6915
1241 5802
4174 5802
5802 5947
5802 5865
155 5802
1299 5802
2946 5802
1231 5802
5802 6916
6917 6918
6917 6919
768 6917
6917 6920
5442 5443
5442 5445
6921 6922
281 6921
6923 6924
6923 6925
3943 6923
4520 6923
6204 6205
3448 6654
3448 3453
803 3448
3448 6926
1600 3448
3448 6927
3448 6928
3448 3586
3448 6929
3448 3450
6930 6931
1051 6930
6932 6933
6934 6935
5027 5029
5027 5028
6936 6937
2395 2396
1968 2396
2404 6938
1070 2404
2404 4937
6939 6940
2 5999
764 5999
4 5999
5113 5999
5998 5999
5177 5178
5178 6941
5178 5179
5178 5180
1085 3266
1188 3266
2362 3266
3266 4399
608 3266
3266 6942
417 418
417 419
876 878
876 877
1726 6943
5981 6944
5981 5982
3921 5981
5981 6945
5981 5984
2885 5981
5981 6946
669 6947
3591 6947
6933 6947
6948 6949
4373 4375
1168 4375
736 4375
4374 4375
4375 5220
4375 6950
6951 6952
6951 6953
2756 6951
5966 6954
5966 6833
3011 5966
5966 6955
4499 5966
2799 5966
5960 5966
5966 6956
5966 6957
5966 6078
2782 6958
1424 6958
6958 6959
1513 6958
3474 6958
2777 6958
2800 6958
4154 6960
6961 6962
6963 6964
6963 6965
6966 6967
6966 6968
6966 6969
2989 5460
6970 6971
6970 6972
6970 6973
6970 6974
605 606
606 609
606 608
355 606
6975 6976
6074 6975
4511 6322
4511 5886
667 4511
4509 4511
4511 6796
337 4712
337 4876
337 6977
337 4265
337 1542
337 4266
337 6978
337 6979
1187 6980
6980 6981
6976 6982
6074 6982
6983 6984
6983 6985
3630 6983
3934 6983
6983 6986
3769 3771
3769 3770
683 3041
2768 3041
2769 3041
3041 3174
3021 6987
281 6988
6965 6988
273 2735
273 1538
273 4170
3746 3749
3747 3749
3749 6055
1086 2612
1085 1086
1086 3424
1076 1086
1078 1086
638 1086
1086 4482
1080 1086
1353 6989
6989 6990
6991 6992
4814 4815
3141 4815
274 278
278 6993
278 922
278 924
5533 6171
3741 5533
454 5533
5531 5533
3445 6994
3676 5746
3676 5747
1885 3676
2426 2436
2426 2428
2426 2435
992 1236
992 4061
992 2472
992 993
992 994
977 992
992 4482
992 6995
992 1231
992 1900
992 1034
992 2225
2861 2862
3743 6996
6997 6998
6999 7000
6999 7001
3144 7002
7002 7003
1143 7002
4220 4221
4219 4220
4220 6261
4220 4753
3144 4220
1143 4220
556 7004
556 7005
217 556
556 557
1527 1528
1527 6734
442 1527
1527 7006
827 7007
1052 4370
1324 7008
4936 7008
1326 7008
1327 7008
4385 4386
2607 4994
2607 7009
2607 4542
480 2607
2607 3330
2607 4911
2607 7010
2607 7011
1093 2607
2607 4653
2607 3392
2607 4998
3746 5272
5272 5659
5271 5272
5272 7012
2615 5272
2285 5272
2788 5272
5272 5273
5658 7013
6679 7013
2699 7014
1589 1967
1589 4820
1589 4825
141 1589
1589 3324
1589 5624
1589 1968
146 1589
6596 7015
6597 7015
3796 7015
7016 7017
7018 7019
2299 7020
2298 2299
4843 5928
4554 4843
4843 7021
4843 7022
4843 7023
4843 7024
4458 4459
2483 4459
4459 7025
3311 4459
965 4459
1492 4459
3409 4459
4111 4459
3967 3975
906 3968
7026 7027
881 7028
2546 7029
2547 7029
1384 7029
1298 7029
3330 7029
2718 6663
6663 6673
3827 3838
3828 3838
3829 3838
3830 3838
3831 3838
3832 3838
3833 3838
3838 3841
3834 3838
3835 3838
3836 3838
3837 3838
3838 3843
3838 3839
3826 3838
3838 3844
3838 3845
3474 7030
255 7031
7031 7032
7033 7034
7033 7035
4768 6734
1528 6734
6734 7006
1570 1571
1570 1572
1570 1573
6722 7036
6722 7037
6722 7038
3542 3543
7039 7040
6013 7041
2055 7038
7038 7042
4489 4491
2390 4491
4487 4491
2202 7043
2309 4411
4411 4412
2056 6061
2546 3330
1384 2546
156 2546
2546 2547
1894 2546
608 2546
2546 2548
2546 7044
2546 5007
2546 3885
961 2546
1758 2546
2546 7045
2546 3958
2237 2546
2546 7046
2546 5681
605 2546
906 2546
2546 7047
2546 7048
2546 7049
2196 2546
2546 7050
2546 4725
7051 7052
3934 7051
7051 7053
3997 7051
4090 7051
782 7051
3363 7051
4427 7054
816 7054
4429 7054
7055 7056
7055 7057
796 3759
3759 3797
2039 3759
3758 3759
3759 7058
1300 3759
1894 3759
3759 7059
1783 7060
1731 7060
7060 7061
95 7060
7060 7062
6000 6336
294 6336
6336 7063
6336 7064
165 194
166 194
167 194
168 194
169 194
170 194
171 194
173 194
174 194
175 194
176 194
177 194
180 194
181 194
182 194
183 194
184 194
185 194
188 194
189 194
663 1962
945 1962
580 1962
1171 1962
127 2871
2868 2871
2871 7065
2871 7066
2871 7067
2869 2871
2870 2871
2871 2872
2871 2873
2871 2874
1389 1522
1076 2721
1782 2721
1778 2721
1410 2721
7068 7069
7068 7070
7068 7071
7068 7072
2885 7073
2885 7074
2885 7075
2885 7076
2885 3753
2885 7077
1353 2885
950 2885
2885 3869
377 2885
2885 7078
2885 7079
2885 3754
2885 7080
6397 7081
6397 7082
320 6713
4500 6713
2669 2670
2669 2671
2669 2672
2669 2673
2669 2676
2669 2677
2669 2678
2669 2679
2669 2680
2669 2681
2669 2682
2669 2683
2669 2685
2669 2687
2669 2688
2669 2689
2669 2690
2669 2691
4395 4397
4395 4396
7083 7084
651 7085
2551 7085
1431 1432
1430 1432
4426 4429
4420 4426
4421 4426
3512 4426
4425 4426
4424 4426
4426 4427
3737 4426
30 34
6720 7086
6719 6720
3738 6720
277 3346
1225 1297
1297 4565
1297 7087
666 1297
1297 4174
1297 3691
1297 7088
1290 1297
1049 1297
1297 1807
996 1297
1297 7089
600 1297
1297 6748
1297 5651
988 1297
1295 1297
1154 1297
1297 4569
103 1297
1297 1556
1297 4898
1297 4600
1297 4667
1033 1297
1210 1297
994 1297
1297 2473
423 1297
1297 4863
1297 5039
1297 2038
1297 1305
798 1297
1297 7090
1297 5040
3999 4002
4001 4002
6818 7091
5760 7091
7091 7092
7091 7093
6581 6583
355 6583
2827 3908
3908 7094
3908 7095
3908 7096
7097 7098
3324 4825
506 6390
1134 5819
7099 7100
2056 2827
2055 2056
2056 3363
7101 7102
2293 6624
2293 3283
2293 4911
2293 3281
2290 2293
2293 2313
2293 4996
2293 4998
3746 6056
1074 6056
6056 7103
3386 6056
4661 6056
2285 6056
6056 6263
6056 6347
6056 7104
6056 7105
3395 6056
3119 6056
3188 6056
4657 6056
7106 7107
971 7106
2055 7108
7109 7110
7109 7111
4827 7109
3599 6284
2812 6111
483 2812
2812 6047
2812 4687
2806 2812
2804 2812
2798 2812
2812 4689
2957 4099
1887 4099
5860 5906
7112 7113
2304 7114
2304 7115
624 2304
3753 3869
3753 7074
3753 7116
3753 3754
7117 7118
7117 7119
5681 7117
7117 7120
7044 7117
1282 7121
1282 7122
6033 6045
6033 6046
6033 6034
2806 6033
7123 7124
747 3918
747 754
747 1953
747 3885
747 789
747 750
747 2931
747 6724
747 7125
747 1583
747 1830
747 760
747 3916
747 1185
747 4213
747 7126
747 7127
1154 1835
1075 1154
1154 7128
1154 3774
433 1154
1154 1725
1154 3775
1154 7129
1154 3777
434 1154
1154 3389
1154 4898
1154 6628
1154 1722
1154 1210
1154 7130
1154 3773
832 1154
1153 1154
1154 2864
1154 1155
1154 4044
5221 6356
3931 6356
3456 6356
4020 7131
7131 7132
3703 3704
3703 7133
669 3703
4871 4873
4873 5500
4873 7134
3969 7135
2648 3969
3969 7121
3969 3974
1303 1304
630 1303
1303 2848
1303 6348
1303 4569
573 1303
7136 7137
7136 7138
6660 6661
6633 6661
2384 2392
2250 2392
276 2392
2392 7139
2392 7140
7141 7142
7141 7143
7144 7145
7144 7146
418 7147
419 7147
6781 6783
2077 6781
6781 6786
7148 7149
7148 7150
1814 1816
1814 7151
1812 1814
1813 1814
2821 7152
601 7152
1910 7152
1911 7152
87 7152
3647 5606
1391 1455
568 1455
1454 1455
3096 7153
3096 7154
3096 6860
332 3096
2036 3096
7155 7156
3507 7157
3507 7158
3504 3507
2065 3507
3505 3507
3506 3507
4956 7159
6666 7160
7161 7162
7161 7163
7161 7164
4136 4358
1750 4358
4355 4358
4357 4358
1740 4358
7165 7166
7167 7168
4624 7167
7167 7169
7167 7170
75 3991
3991 7171
86 3991
3991 3994
3990 3991
78 3991
3991 3993
3991 6752
89 3991
199 3991
5368 7172
5319 7172
6916 7172
1039 7172
597 7172
1509 7173
3058 7173
7173 7174
2012 7173
7173 7175
7176 7177
7176 7178
7176 7179
4632 7180
2951 4632
577 4632
2952 4632
649 7181
649 6827
649 906
649 2201
649 2647
649 1215
649 2648
649 4243
649 7182
647 649
649 7183
380 649
649 3974
648 649
649 7184
6439 7185
4214 7185
1571 7185
7185 7186
7187 7188
1890 1895
1895 1900
1895 4539
7021 7189
7189 7190
7189 7191
6198 7189
2876 7192
4024 4244
4243 4244
4244 4587
505 4244
5570 7193
562 7193
3916 6724
6724 7194
3885 6724
6293 6724
568 6724
789 6724
280 6724
2931 6724
6724 7195
2237 7196
267 4324
792 4324
4324 4326
1983 3647
1983 3648
1983 2593
1088 1983
638 1983
1982 1983
1983 2815
1983 1984
1983 1985
4610 7197
4603 7197
4173 4178
4178 7198
3937 4178
1079 4178
987 7199
631 7199
843 7199
1241 7199
2558 7200
2559 7200
2566 7200
760 7201
7201 7202
6626 7203
4087 5465
2711 7204
2714 7204
7132 7204
7204 7205
6567 7206
7206 7207
1902 7206
6302 6303
6052 6673
881 6673
3648 6673
6145 6673
1190 1191
401 403
402 403
7208 7209
1627 1639
1627 1637
1627 1631
219 220
220 7210
220 760
220 633
220 7211
220 1694
220 3945
220 3946
220 7212
220 3450
220 5201
1123 7213
1730 7213
1735 2716
422 1735
1735 1742
1511 1735
1735 3512
1610 1735
1604 1735
1735 1781
1735 1780
4365 4366
4366 4367
1642 7214
7214 7215
1631 7214
5699 7216
5177 7216
6941 7216
5179 7216
7216 7217
1803 5500
612 5500
4871 5500
5500 7218
5500 6220
5500 7219
616 5500
5500 6740
1799 5500
1800 5500
6670 6672
6671 6672
1134 5820
5820 5821
3953 5820
7220 7221
7220 7222
1117 7220
7220 7223
6957 7220
2965 4570
4567 4570
4570 5263
1225 2848
1227 2848
631 2848
1290 2848
1049 2848
987 2848
1292 2848
2848 6348
988 2848
1048 2848
2848 4569
1033 2848
850 2848
2472 2848
994 2848
1827 2848
2848 4199
573 2848
2848 6360
1241 2848
1242 2848
630 2848
2848 4317
2848 4044
641 2848
977 7224
7225 7226
7225 7227
7225 7228
75 7229
245 7229
7229 7230
243 7229
3648 3973
1215 3973
638 3973
3973 7231
3973 3974
5416 7232
5984 6944
3921 5984
5982 5984
4321 5984
2634 5984
7233 7234
568 7233
1451 4558
1163 4558
351 6593
892 6593
303 726
303 2411
303 1534
7235 7236
4405 7237
4405 4408
4405 7238
7239 7240
1478 5716
2034 5716
53 5716
5408 5716
5716 7241
5716 7242
3799 5716
832 5716
5716 7243
2594 5716
5807 5808
5807 5812
1793 1795
1795 1798
1795 1799
957 958
955 958
958 959
4107 7244
4443 7244
6011 7245
7245 7246
2153 6162
2153 5345
965 2153
2153 5349
723 7166
6340 7166
7166 7247
7166 7248
7166 7249
6977 6978
3796 5621
583 1295
583 7250
583 1033
583 6049
583 7251
583 2035
583 7252
583 2039
83 583
583 1300
583 1894
103 583
583 5799
583 2780
583 1233
1325 1327
1325 1326
1324 1325
1325 7253
7254 7255
7254 7256
3817 7257
961 7257
6260 7258
2513 6260
3213 6260
4023 6260
1133 1138
3568 7259
3568 7260
3568 7261
3568 3569
4263 7262
2127 4263
3666 4263
4263 7263
5090 6499
3333 5090
3711 7264
3712 7264
5092 7264
5193 7265
1111 7266
7266 7267
7266 7268
7269 7270
2038 7269
7226 7227
7227 7228
3891 5038
2222 3891
937 3891
1299 3891
1034 3891
3891 3897
1242 3891
4115 4120
4116 4120
4118 4120
4120 4122
2828 4120
4120 4124
4243 6498
1731 7271
4020 7271
7132 7271
711 6186
803 6186
6161 6186
2969 7272
7272 7273
4912 7274
2290 4912
990 4912
2969 7273
4107 7275
4108 7275
4852 6428
6428 6429
6428 7276
3032 7277
3032 3033
1922 3032
3032 3036
3032 3037
3032 4526
3032 7278
1221 1222
1221 7279
7280 7281
4499 7280
2513 7280
3213 7280
7280 7282
2364 2869
2868 2869
2367 2869
2869 2870
2869 2872
2869 2873
2869 7283
2869 2874
611 618
612 618
617 618
614 618
618 2593
615 618
616 618
618 4255
618 3119
6954 6956
6956 7222
3011 6956
6955 6956
1118 6956
6956 6957
7259 7261
7260 7261
987 4317
4314 4317
4315 4317
2472 4317
4317 4318
433 4317
4317 7284
1290 4317
4317 7285
1827 4317
4317 6360
4317 7286
2348 4317
4044 4317
641 4317
1292 4317
7287 7288
4461 4932
2955 4461
3184 4461
3186 4461
3264 4461
4461 4938
4461 4939
3827 3839
3828 3839
3829 3839
3830 3839
3831 3839
3832 3839
3833 3839
3839 3841
3834 3839
3835 3839
3836 3839
3837 3839
3839 3843
3826 3839
3839 3844
3839 3845
7289 7290
2829 3809
2829 7291
782 2829
146 7292
7292 7293
3281 7292
2863 7292
1148 7292
4450 7294
3743 7295
1069 1188
1188 1305
1188 2594
1188 1478
1188 6942
1188 3509
6754 6755
6754 6756
2122 7296
5547 7296
2272 5143
5143 7297
2069 7298
4624 7170
4624 7299
4624 7168
4623 4624
4622 4624
2639 4624
4624 7169
4624 7300
4624 4627
7301 7302
7301 7303
7304 7305
146 7306
7306 7307
3885 7306
1733 7306
2840 7306
1070 6282
534 7308
2835 7309
2835 2836
7310 7311
2184 7312
823 7312
549 3722
2069 3722
521 3722
3722 5773
3722 3727
292 6252
3997 7052
3996 3997
3997 7053
1794 5434
3870 3871
593 7313
56 7313
4583 6810
4938 6810
6810 7314
749 1478
749 839
749 3883
749 7315
749 3182
749 7316
749 4629
746 749
749 1892
749 5036
749 3888
749 7317
749 3887
749 7318
521 3159
521 5101
521 5102
521 3160
7145 7146
2036 3088
332 2036
956 2036
2036 3092
1610 2036
2036 4343
7319 7320
7255 7256
7034 7035
1742 7035
7035 7321
7035 7322
6037 6039
6038 6039
6039 7323
1159 6039
216 217
217 7004
217 7005
217 982
217 2602
217 2600
217 5991
217 2446
7324 7325
7222 7326
7326 7327
2082 7326
6955 7326
6957 7326
557 7326
5154 7328
1311 4117
898 4117
4117 4249
4784 5395
965 7329
7329 7330
7329 7331
6571 7332
955 7333
2487 2490
4853 4857
4857 4860
7334 7335
1746 7336
3903 3904
3903 3905
4230 7337
2063 7337
7338 7339
1019 7338
2196 7340
4793 7340
7340 7341
480 4779
480 6624
480 4542
480 7342
480 4911
480 4653
480 7343
480 775
480 1726
480 4998
480 1945
480 5840
480 3686
4622 7344
1078 2612
1078 1085
1078 1263
1078 3330
1076 1078
638 1078
1078 4482
1078 1080
311 689
310 311
311 7345
311 7346
311 2240
309 311
311 6679
311 7347
311 7348
311 1806
311 5658
1239 5004
7349 7350
7349 7351
568 5195
1396 5195
5195 7352
2633 5195
7353 7354
7353 7355
7353 7356
7353 7357
7353 7358
4041 5985
4041 5986
4041 5987
4041 7359
263 4041
4041 5547
6192 7360
1104 1909
1909 2888
1909 2163
1909 6331
1909 2041
1909 7361
1909 4337
1909 6838
1909 2360
922 1909
1909 5066
2181 7362
1794 5552
5552 7363
2701 5552
5552 7364
334 5552
5552 6667
1991 5552
1063 5552
5552 7365
576 7366
5789 6288
3746 5789
5789 7367
2807 5789
5789 7368
5783 5789
1118 1119
1119 2065
1119 1239
1117 1119
1119 5009
1119 2951
5369 6377
2534 6377
1032 6377
2888 6377
2529 6377
597 6377
6377 7369
631 6377
6377 7370
4849 6377
1300 6377
2041 6377
4044 6377
3258 7371
7372 7373
3011 7374
5211 7375
1228 5358
3700 5358
5358 6173
2163 5358
4984 5358
5203 7376
5207 7376
813 7376
4928 4930
4926 4928
4927 4928
3957 4163
4163 7019
146 4163
3594 4163
4163 7377
1763 7378
7378 7379
3733 5221
5221 5222
1841 5221
3171 5221
3456 5221
6117 7380
7380 7381
1143 3144
1142 1143
1143 7003
1143 4219
1143 1269
1067 7382
5858 7382
7382 7383
2309 2366
2366 7222
2364 2366
2366 2370
1885 2366
2366 2367
2366 2368
2366 2369
2366 6957
2366 2372
2366 2373
7184 7384
5416 6458
4604 4606
4604 4609
4604 4607
4583 4584
1083 4584
7385 7386
398 7387
3746 7388
3085 5733
3807 7389
5565 5997
5728 5997
3931 7390
3088 3093
422 3093
3093 4030
3092 3093
1610 3093
1912 3093
3093 3097
1410 3093
1198 5677
3193 7391
7391 7392
2707 2709
2709 2711
2709 2715
2709 7325
4020 7132
7132 7393
1731 7132
2711 7132
2714 7132
7132 7205
3072 7394
3073 7394
5643 5645
955 5643
5643 7395
1026 5643
7302 7396
4701 4705
965 7397
7330 7397
6571 7398
6046 7398
7399 7400
2653 7399
1435 1436
1436 1438
1436 1437
954 955
7401 7402
7401 7403
6231 7401
2892 7404
7073 7077
136 7077
3813 3815
5756 7405
7406 7407
7408 7409
7408 7410
102 7411
102 991
102 4479
102 7412
102 7413
102 1726
101 102
99 102
102 7414
102 669
102 103
102 4710
102 5840
102 7415
102 1213
102 1534
102 5707
102 761
102 1945
102 2038
102 7416
102 1533
2670 2683
2683 2691
2672 2683
2673 2683
2676 2683
2677 2683
2678 2683
2679 2683
2680 2683
2681 2683
2682 2683
2683 2685
2683 2687
2683 2688
2683 2689
2683 2690
2671 2683
752 1145
746 1145
1145 1146
761 1145
1145 1147
2670 2679
2671 2679
2672 2679
2673 2679
2676 2679
2677 2679
2678 2679
2679 2680
2679 2681
2679 2682
2679 2685
2679 2687
2679 2688
2679 2689
2679 2690
2679 2691
881 6145
3648 6145
2670 2680
2671 2680
2672 2680
2673 2680
2676 2680
2677 2680
2678 2680
2680 2687
2680 2681
2680 2682
2680 2685
2680 2688
2680 2689
2680 2690
2680 2691
1841 7417
1841 3733
1841 7418
428 1841
1841 7419
1841 7420
1785 1841
434 1841
1841 3389
436 1841
1841 7421
1410 1841
3932 3933
127 2873
2870 2873
2873 7422
2868 2873
2873 7065
2872 2873
2873 7067
2873 7423
2873 7066
2873 7424
2873 7425
2873 2874
305 666
305 5823
305 667
305 2289
305 774
5639 5640
5640 5641
5638 5640
515 7426
7427 7428
4913 4998
4913 7429
3171 4913
2965 7430
7430 7431
1633 6098
6098 6101
2481 6098
7432 7433
7434 7435
5660 7434
7434 7436
2943 7437
4458 7438
7438 7439
2190 2192
5145 6626
5145 6725
1757 5145
1759 5145
5145 5326
786 788
6455 7440
6455 7441
88 6455
2284 7442
6752 7442
2281 7442
506 7442
86 7442
6912 6913
2951 4549
937 2951
1730 2951
2951 5009
2221 2951
2951 3890
2951 4662
2951 2954
160 2951
2951 3894
2951 7180
2951 3895
1239 2951
1153 2951
2290 2951
2951 6351
4084 7443
1344 1347
1345 1347
1346 1347
1347 1349
1347 1350
1206 3533
1204 1206
1205 1206
1206 5565
1206 5728
1206 5586
1206 6394
1206 3865
5547 7444
263 5547
5547 7445
5547 5987
5547 7359
2122 5547
4022 7446
2162 4022
4022 7447
7448 7449
7448 7450
6065 7451
6065 6690
7452 7453
3765 7452
7452 7454
886 7452
7455 7456
7455 7457
7455 7458
7459 7460
7459 7461
7459 7462
7459 7463
3645 7464
5180 7465
5180 7466
5180 5470
5177 5180
5179 5180
5180 5593
5180 5585
7467 7468
3733 7469
3733 7421
162 3733
5544 7470
7470 7471
568 3639
568 1440
568 4539
568 1017
568 985
568 7234
568 2841
568 1445
568 2633
568 5037
568 7317
568 1396
568 6293
568 7195
568 6579
566 568
7472 7473
7472 7474
6823 7472
41 3161
2600 3161
1172 3161
906 7341
7341 7475
7341 7476
2196 7341
2193 7341
6902 7477
5414 5431
5429 5431
3341 7478
796 4750
4748 4750
4749 4750
4750 4751
4750 4752
4750 4753
1117 7479
1117 2816
1117 7480
1113 1117
983 1117
1117 2446
1117 6957
1117 7222
1117 2817
1117 1118
1117 5030
1117 7221
1117 5037
1117 2822
982 1117
5177 6941
6941 7217
4797 6941
5179 6941
5699 6941
6941 7481
2529 7482
736 7482
1169 7482
7482 7483
5220 7482
2697 7482
7482 7484
6950 7482
2653 7485
2055 7042
4837 4838
3885 7486
5279 7487
7488 7489
2708 7490
2708 7491
2708 2710
2708 7492
2708 2714
761 3023
1384 6447
6445 6447
2033 2038
2558 4101
2559 4101
884 4101
2593 4101
3119 4101
4100 4101
4101 7493
4101 7494
2566 4101
4101 7495
4101 5991
832 1075
832 2239
832 7128
832 4087
631 832
642 832
433 832
832 1777
832 3799
832 990
219 832
832 2411
160 832
832 7496
832 1033
832 3268
832 2329
832 1213
832 4399
832 2476
832 7252
832 2039
832 7497
832 3512
832 3146
832 4349
1521 7498
1512 7498
7498 7499
135 6780
6780 7433
4539 6780
1134 7500
3985 5911
1887 3985
3985 6566
3985 3987
3985 5912
3985 6567
7501 7502
7503 7504
7503 7505
4496 7506
2582 7506
7506 7507
7506 7508
1638 7506
4355 7506
7506 7509
3305 7510
3305 5085
3304 3305
3305 5084
3305 5086
2452 3305
3305 7511
3305 7512
7513 7514
2377 7515
2377 7516
4852 6429
6429 7276
2670 2671
2670 2672
2670 2673
2670 2676
2670 2677
2670 2678
2670 2681
2670 2682
2670 2685
2670 2687
2670 2688
2670 2689
2670 2690
2670 2691
2965 7122
7122 7431
6102 6106
6106 7517
3974 7231
7518 7519
422 1780
1599 1780
632 1780
1610 1780
1777 1780
728 7520
11 7521
5822 7521
9 11
2147 7522
2140 2147
2147 7523
3746 3875
3875 7524
1889 3875
2285 3875
320 3875
3875 5785
3875 7525
1175 3875
3875 7526
3874 3875
2667 3875
5697 7527
1802 5653
1802 7528
1802 6631
1802 1806
1802 7529
1802 7530
1802 6942
4440 4441
2933 6318
2933 4610
2933 2937
2933 7531
2933 4825
2933 3846
2933 7532
483 2933
6967 6968
6968 6969
2082 7222
2082 6955
2082 2085
1218 2082
2082 6957
2648 7533
7533 7534
906 7533
2838 6021
2838 7535
1017 2838
2838 2840
146 2838
6176 6177
6177 7536
6113 6114
2034 7537
2015 7537
1874 7537
7537 7538
1638 7539
7540 7541
1885 7540
7540 7542
7540 7543
53 7544
1509 7545
3746 4543
7546 7547
1334 1336
1867 7548
2166 7548
7549 7550
1757 6725
1757 7551
1757 3599
1757 5326
1757 7552
1392 2720
2589 7553
2594 7553
2672 2690
2671 2690
2673 2690
2676 2690
2677 2690
2678 2690
2681 2690
2682 2690
2685 2690
2687 2690
2688 2690
2689 2690
2690 2691
6992 7554
6992 7555
1902 6992
2042 7556
1111 7267
1110 1111
1111 7557
1111 7268
1111 1113
1111 1114
1111 1115
2648 7558
2309 7559
4083 7559
6089 7559
3119 7559
4412 7559
1241 5972
631 5972
1227 5972
2636 5972
1069 1953
1953 7560
1887 1953
1947 1953
1185 1953
1953 7561
1953 7562
1392 1953
1071 1953
1953 3149
1953 7563
7564 7565
5268 7564
7564 7566
7564 7567
7564 7568
409 411
7522 7523
1647 5247
5246 5247
5247 5248
1872 4889
4889 7569
4889 7538
1425 2063
2063 4230
6686 6687
612 834
612 7218
612 614
612 4255
612 1262
612 6748
612 3512
612 4557
612 4969
611 612
612 615
612 616
612 617
612 1803
612 835
1779 3464
1286 3464
384 7570
384 386
1488 7571
5241 5242
5241 7572
1158 4909
816 4909
1159 4909
4429 4909
4909 6416
4909 5787
4909 5968
4909 5882
1341 4909
4427 4909
292 4909
7573 7574
7221 7222
6957 7221
2420 2423
6823 7575
6823 7474
6823 7473
6823 6825
6823 6826
6765 6766
6766 7576
1557 7577
7577 7578
2923 7577
1558 7577
7577 7579
5402 7174
2481 7174
7174 7580
7576 7581
4548 4549
4548 4550
4548 4936
1327 4548
4548 4935
1324 4548
4548 4937
436 7417
7417 7419
7417 7420
7582 7583
383 7076
3612 5402
3202 3612
3612 7584
3545 3612
3611 3612
1423 3612
2142 2144
2138 2144
2139 2144
302 2144
2065 2144
1492 2144
2144 7585
7586 7587
7586 7588
7586 7589
2558 2566
2559 2566
1263 2566
2566 2593
2566 2825
1088 2566
2566 3121
2566 3123
2566 3119
2566 2604
1085 2566
6825 7590
4947 6825
754 759
4526 7278
7118 7120
7591 7592
1070 7593
1072 7593
2511 2513
7504 7505
1778 7594
1511 7594
1512 7594
1592 7594
7595 7596
4708 5039
4708 7597
3889 4708
4708 4709
1667 5800
1667 5801
1666 1667
2250 2903
2903 7598
2903 7599
2903 4240
2903 6526
2903 2911
2903 4356
2903 6105
2903 2904
2903 7600
7601 7602
7601 7603
2202 3550
387 3550
7604 7605
7604 7606
2782 4900
2782 2923
2782 3474
2782 6959
1513 2782
2782 2801
1424 2782
3524 7607
680 6354
6354 7608
1456 6354
2408 6354
6354 7609
1466 6354
3151 6248
3151 7240
3151 7610
7611 7612
7611 7613
7611 7614
7615 7616
7615 7617
1783 7618
1783 7061
1783 7202
1731 1783
1783 7062
1783 3137
1783 7044
1783 7619
1783 7620
792 1783
1492 1783
1783 7621
95 1783
1783 7622
1783 7623
1783 7624
1783 4423
1783 2240
1783 7625
1783 5197
1783 7626
2240 7627
1876 7627
7627 7628
331 336
332 336
334 336
1402 2866
1402 2857
1402 1405
1402 1415
1402 7629
1402 1958
1402 1417
1402 1403
1402 1781
1402 3002
1830 6751
5377 7630
6248 7610
4809 7373
3934 6984
6589 7631
1970 7631
7631 7632
1885 7631
5000 5003
2644 5000
5000 7633
7634 7635
7351 7634
4900 6373
4044 6373
1242 6373
6373 7636
653 945
653 655
4641 4642
4642 7637
5483 7638
586 587
587 5366
587 5282
587 5924
587 5921
587 5922
587 5920
587 589
587 601
587 1231
587 5014
587 5020
587 7639
3399 5685
6886 6887
6887 6888
2411 3434
2411 2953
726 2411
219 2411
2411 6800
1034 2411
2411 4956
2411 4594
2411 5279
2411 4958
1945 2411
2411 7640
2077 2411
2411 2476
2411 3591
2411 7641
6800 7642
711 803
154 711
711 5792
711 6187
711 5120
711 5121
711 3954
711 5123
711 804
711 3149
711 7643
711 3273
711 7644
711 712
711 6160
711 3955
711 1968
1295 7307
1733 7307
7645 7646
1459 1460
1459 1462
1459 1463
1459 1461
2931 7647
2930 2931
1731 2931
2931 2932
2931 7648
2931 7649
2931 3001
7110 7111
4827 7110
6190 7650
5120 7650
1302 5093
255 1302
1302 1807
1302 2077
4864 7651
155 4864
3269 4864
2470 4864
2226 4864
1231 4864
2953 4864
2828 4115
3647 7652
1085 3647
2559 3647
3647 7653
3647 7654
320 3647
892 3647
638 3647
2137 3647
3647 3648
1901 3647
726 3647
7655 7656
1242 1840
1840 2330
1840 3447
1840 7657
1840 2037
1840 4863
1840 7658
3509 7659
3390 3395
2559 3395
3386 3395
3395 6263
3395 7660
3395 5206
3395 7104
3395 7103
7646 7661
7661 7662
5466 5468
1308 3803
156 5468
5460 5468
4535 4820
4791 4820
4820 4827
4820 6659
2644 4820
1024 4820
1425 6182
6181 6182
6182 7663
6182 7664
5408 6182
6182 6926
3524 6182
6182 7665
6182 7666
4534 7667
708 3916
708 7668
708 3591
708 6933
708 3595
708 7127
4499 6078
1306 7669
7669 7670
7669 7671
1965 7672
5344 5350
1072 5344
5344 5348
2659 5344
5344 5347
5344 5965
5344 5353
5344 5354
3866 6639
4544 7673
7673 7674
3926 7675
7675 7676
3929 7675
6892 7675
6758 6759
3345 6758
6758 6760
1357 7677
2011 2013
3530 7678
7678 7679
2142 7680
712 2142
208 2142
2138 2142
2139 2142
5639 5641
5638 5639
5084 5085
4351 7681
1631 4351
4212 4351
2458 2459
2121 2459
2457 2459
1535 5505
1535 5740
1535 2965
1535 1539
1535 6491
775 1535
1535 1758
1535 1759
1535 6492
513 1535
127 2870
2868 2870
2870 7065
2870 2872
2870 7067
2870 7066
2870 2874
5084 7682
786 1843
786 7683
339 4363
4362 4363
2476 6433
666 6433
3112 6433
6433 7684
3698 7685
697 7686
2476 7686
6870 6871
5534 7641
454 5534
2359 7687
7687 7688
1848 3559
2137 7689
1187 7690
4929 7690
3527 7690
7690 7691
5149 7690
7690 7692
5282 5366
601 5282
1050 5282
4195 5282
11 5282
12 5282
5020 5282
5282 7693
2137 7694
2137 7695
1004 2333
1004 3478
1004 5688
510 1004
796 3010
219 3010
1629 3010
3010 7696
3010 4743
3010 4744
3010 7697
2481 3010
6036 7698
398 7699
796 4094
4094 6821
2034 4094
387 4094
4094 7700
2070 2071
468 2070
4007 7701
7701 7702
7701 7703
4293 7701
7704 7705
4532 7704
1262 2541
1899 1901
1889 1899
3268 7706
3986 7706
7270 7706
7706 7707
7706 7708
7709 7710
7355 7357
7355 7356
7355 7358
5598 5930
2895 5930
3273 5930
5930 5931
2641 7711
7711 7712
2387 7711
7457 7711
7711 7713
7711 7714
5885 7711
19 24
2785 4046
2785 7715
2785 7716
2785 2804
2785 7717
1633 7718
1628 1633
1631 1633
1633 1640
1633 1647
1633 1642
1633 2481
1800 7719
1800 7720
1796 1800
1800 4421
1800 7219
1799 1800
1800 3865
2330 2693
2330 6230
2330 6232
2330 4959
2330 3348
2330 7721
2330 5213
7719 7720
7219 7720
4421 7720
3865 7720
5142 7722
162 7469
3942 3943
3943 5782
3943 5660
3943 7723
3943 6924
3943 5955
3943 3944
3505 3943
3943 3947
3943 7724
1729 1743
1641 2253
1631 1641
1641 4709
1641 7725
2458 2460
2121 2460
2456 2460
1796 1799
1799 7219
1798 1799
7219 7719
3865 7719
4421 7719
1478 3315
3315 7726
3315 5182
3315 7727
3315 3316
3849 3850
3850 3851
3850 3853
3626 3634
3625 3634
7728 7729
7728 7730
1889 2174
575 2636
575 4456
575 6290
7731 7732
4762 5372
4760 4762
4761 4762
4130 4762
4762 7733
4762 7734
6838 7735
2163 7735
7641 7736
1034 7641
861 7737
2543 7738
3354 3355
7000 7001
7001 7609
2201 7739
7740 7741
2452 2453
2453 2454
7742 7743
2387 7742
7169 7744
340 1731
699 1731
1731 7745
1685 1731
1731 7620
1731 4020
1492 1731
95 1731
1019 1731
1690 1731
1731 1744
1593 4853
1593 6308
1593 1600
1593 7746
7747 7748
893 2390
2105 2390
2384 2390
2499 7749
1947 2499
2499 7750
2497 2499
1631 2499
419 2499
2499 6407
6488 7751
7751 7752
6489 7751
1002 7751
7751 7753
506 7751
6200 6205
6200 6203
1482 1485
1629 7754
1629 3337
1629 1948
1629 7755
1629 1965
1629 7697
1629 5458
1629 2121
295 1629
631 7756
3185 7756
7651 7756
446 7757
3357 7758
1594 3357
1123 7759
4096 4097
3020 3892
3020 5160
473 3020
160 3020
2956 3020
3020 7760
3020 3890
1746 2726
3680 4034
3245 7761
6637 7762
6637 7763
897 6637
6637 6638
2452 2454
364 423
423 1300
421 423
423 6137
423 1996
423 631
423 573
423 3180
423 7716
423 994
423 5760
372 423
423 1556
423 1233
1556 4016
1894 3699
1051 3699
965 7025
3409 7025
6890 6894
6891 6894
6894 7764
6892 6894
6894 7765
4998 7766
1225 5039
937 5039
2732 5039
155 5039
5039 7597
3889 5039
2950 5039
3897 5039
2222 5039
7767 7768
7767 7769
1055 7767
7767 7770
1730 1747
7771 7772
1037 7773
5866 7773
4352 7774
6575 7774
6740 7019
2825 7019
4365 4367
83 7775
1512 7775
3268 7708
7270 7708
5416 7776
5416 6457
5416 7777
4977 5416
5416 5417
5416 7778
3074 5416
2448 6544
2449 6544
1558 7579
1558 4493
1558 2923
1558 7578
1558 7779
1558 4500
1558 3443
1198 1558
1557 1558
1558 6548
1444 7780
631 1444
1444 1448
5619 6596
5619 6597
3796 5619
1175 1179
1178 1179
1179 7781
6500 7782
414 7782
7783 7784
7783 7785
415 416
413 415
414 415
2037 2849
1242 2849
7786 7787
1596 7788
2628 7789
1075 1393
1393 4524
1393 3512
534 1393
1393 2840
1043 7790
1043 4180
1043 2472
1043 2623
1035 1043
1043 1048
1043 1052
7791 7792
2389 4189
5681 7793
7794 7795
895 7253
1395 1399
1399 6640
7796 7797
6609 7796
5120 5122
5121 5122
5122 5123
5122 5124
5119 5122
841 6791
6343 6791
3529 7798
7798 7799
2648 7800
7800 7801
2650 7800
7646 7662
956 7044
955 956
956 7802
956 5602
956 7803
542 956
58 956
956 5860
956 5603
7804 7805
7804 7806
2457 7804
7807 7808
7807 7809
3645 7810
143 7811
1613 7811
3006 7812
3928 7813
3927 3928
6500 6731
6730 6731
7814 7815
5160 7814
7814 7816
3893 7814
3892 7814
7817 7818
6612 7626
380 7626
6563 7626
7626 7819
3137 7626
3249 6210
729 6710
1599 6710
5544 6710
6710 7820
728 6710
1699 6710
6710 7821
5900 6710
775 5740
3462 6500
6500 6503
414 6500
6500 7822
6500 7823
6500 6502
6500 6700
454 7824
340 1781
1599 1781
1781 2073
1590 1781
1038 1781
1713 6423
6423 6464
6423 7825
3369 6423
7826 7827
7826 7828
1595 7829
1389 1595
1595 2071
1595 1604
1591 1595
1511 1595
5257 7830
5257 7831
3885 5257
5257 7832
515 5257
5257 7833
5257 5265
2345 2346
1241 5865
576 5865
155 5865
4833 4934
4934 4935
501 508
508 6484
508 3478
508 509
507 508
508 512
508 7834
86 508
508 7835
508 2272
1035 2619
2619 2628
2619 2620
2619 2627
1782 1787
1782 1951
1782 7836
1782 7837
1782 4581
2966 4931
2966 7468
2966 7838
2965 2966
2966 5874
2966 3644
2966 5263
2341 2966
5823 5826
5822 5826
6261 7839
7839 7840
165 183
166 183
167 183
168 183
169 183
170 183
171 183
173 183
174 183
175 183
176 183
177 183
180 183
181 183
182 183
183 184
183 185
183 188
183 189
413 416
413 414
497 6748
497 1680
497 3037
497 7841
497 2952
1599 1785
1785 7842
1778 1785
865 1785
1410 1785
3999 7843
3999 7844
3999 4001
3316 7727
3249 3250
3249 7845
1076 5140
1085 5140
3622 5140
3424 5140
2395 4480
4009 4480
297 4480
3179 4480
3291 4480
4480 7846
248 4480
4480 7847
4480 5703
4480 7848
2389 4480
4480 7849
3263 4480
1887 7563
2888 6031
5211 6031
683 7850
7850 7851
6117 7852
4976 7853
7302 7854
5524 7854
3101 3102
3102 3104
4487 5408
5408 5962
5408 7664
1978 5408
5408 5961
5408 6926
397 5408
3524 5408
5408 7241
5408 7666
5856 5857
122 126
126 133
126 132
126 131
526 531
531 536
529 531
2959 2961
7836 7837
3216 7855
2341 3916
2341 3644
88 2341
2341 7838
2341 7668
2341 7856
2341 5636
2324 2341
506 2341
2276 2341
2341 7127
2341 7857
2341 2343
2844 7858
2845 7858
7858 7859
7858 7860
2846 7858
501 6484
501 1651
501 4724
501 509
501 7834
501 513
7861 7862
5121 7861
5123 7861
7861 7863
760 4973
4973 7864
4053 4056
4054 4056
4056 4058
4056 4057
4056 5648
4056 4059
4055 4056
6137 7865
1690 7745
6517 7866
7866 7867
5969 7868
5222 5969
3434 5969
3512 5969
1327 4424
4421 4424
4286 4424
823 4424
4424 4854
2184 4424
3363 4424
4424 4553
1685 1690
472 1685
1685 1693
5161 5166
3628 6342
737 7869
7869 7870
1307 7871
4349 7871
7872 7873
2350 7874
252 2350
7875 7876
7877 7878
4845 7877
865 7877
2145 7877
2865 7877
1775 7877
1738 5659
1738 2598
1738 4833
1738 2076
1048 1738
1738 2667
1738 4333
1738 7059
1738 2602
1738 1913
1738 1746
460 1738
1695 1738
1738 2089
1830 1833
146 7879
7880 7881
7882 7883
5721 5722
5721 5723
3160 5721
3159 5721
7884 7885
7884 7886
7884 7887
7644 7884
7888 7889
7888 7890
6856 7891
5049 6856
3821 6856
5432 5437
6532 6533
1395 6532
5879 6532
1410 7842
3379 7892
1263 3379
635 3379
1065 3379
1531 3379
3379 4063
1417 1958
1416 1417
1415 1417
1417 7629
3022 7893
429 7893
157 7893
158 7893
7893 7894
3422 7893
6246 7893
1415 1416
1416 2073
3797 4743
2997 4743
4743 4744
2014 4743
461 1074
461 1075
461 2943
461 3378
431 461
459 461
461 7895
461 7896
461 5228
461 2776
461 6624
461 1082
461 6347
461 2525
461 5499
461 4333
461 1809
461 4595
461 4338
461 3394
461 494
1842 4863
538 3149
534 538
538 7897
538 7898
5352 5354
1344 1350
1345 1350
1346 1350
1349 1350
3862 3864
526 3864
3864 3865
2221 3580
3022 3580
3580 5075
839 4629
839 7899
1885 1886
1886 6037
1886 3015
1158 6415
4797 6415
1159 6415
5968 6415
3916 3919
1479 3919
75 7900
77 7900
2128 7900
850 7900
243 7900
245 7900
1528 7006
442 1528
1528 4292
1528 7901
4914 4919
459 4919
1544 4919
4916 4919
4917 4919
4918 4919
4919 4921
4914 4918
4917 4918
4916 4918
4612 4918
4918 4921
75 88
88 564
88 3071
88 243
88 5636
88 506
88 2287
88 199
5447 5449
1779 5447
7902 7903
7902 7904
2109 7902
1038 1975
6203 6205
4447 7905
4412 7906
6600 7006
6600 7907
6600 7908
7909 7910
5337 5340
706 5340
315 7911
7912 7913
7912 7914
3170 7915
7350 7915
1059 7915
6400 6402
6401 6402
6402 6403
380 4371
58 380
380 7916
380 2777
380 1473
380 7917
380 6563
380 932
380 6450
380 1421
380 1052
380 7918
380 7919
380 7920
380 4347
6400 6403
6401 6403
4340 4341
319 2787
2787 6633
2775 2787
2787 2804
2787 2800
1181 1182
7921 7922
7923 7924
614 617
615 617
616 617
580 617
617 3978
617 5554
3978 5693
529 3978
3978 7925
863 2146
865 2146
970 7926
5220 7926
6952 6953
339 7927
339 7198
339 3382
339 7928
339 7929
339 3698
339 7930
339 7931
339 5773
339 4362
339 7932
339 1890
339 7933
154 7934
154 712
154 803
154 7935
154 6160
154 7936
154 156
154 157
154 406
154 160
154 162
154 7643
4473 5510
1395 5510
5510 7937
5403 5510
5510 5912
5510 7938
5510 5513
6581 6582
6580 6581
80 6702
3931 6702
6702 7939
3907 6702
4190 4192
1866 3907
1866 4414
1866 7605
1866 7606
1866 7940
2693 4450
4450 7941
2416 4450
1878 4450
3865 4450
7942 7943
6081 7942
760 7944
7944 7945
7944 7946
5699 7217
5177 7217
5179 7217
712 7935
5184 5185
5185 5186
5185 5187
5185 5189
5185 5190
5185 5191
4900 7947
123 7947
7947 7948
4489 7947
7947 7949
3473 7947
7950 7951
5436 5440
5436 7952
99 5436
7168 7953
7168 7170
7168 7299
299 7168
4128 7168
7168 7551
3599 7168
7168 7169
4898 7954
4895 4898
2955 4898
4898 7129
1210 4898
4898 5759
4898 7128
432 4898
4897 4898
3892 7955
473 7955
4709 7955
6349 6350
2971 6349
3384 6349
165 182
166 182
167 182
168 182
169 182
170 182
171 182
173 182
174 182
175 182
176 182
177 182
180 182
181 182
182 184
182 185
182 188
182 189
3746 3747
3747 6052
3747 6055
3747 4996
3747 4998
3747 3748
638 7956
635 7956
2934 2937
740 2934
2934 2936
745 7957
3434 7957
12 1075
12 601
12 3245
12 1050
12 6773
12 87
12 5218
12 6044
12 2439
12 2201
12 2821
12 6347
12 4557
12 1171
12 4597
12 1391
12 1087
11 12
12 1088
12 6280
12 6776
12 247
12 5366
12 906
12 3518
12 4195
12 5880
12 5216
12 4844
12 3263
12 494
12 7958
7959 7960
6853 6854
1050 7693
2012 7961
7311 7962
5788 7311
7311 7963
2845 7311
7311 7964
4238 7965
2494 3897
1978 3897
937 3897
3897 7966
1034 3897
473 3897
3112 3897
3893 3897
971 7967
4377 7968
4377 7969
4377 7970
4377 7971
7969 7970
4432 4433
4431 4432
4432 4434
7972 7973
3268 7974
4741 7974
3168 7974
3746 6052
6052 6055
1892 7975
3189 7975
5414 5439
564 3071
3071 7976
199 3071
506 3071
3071 3073
3071 3855
3071 7977
1878 3071
529 7925
3624 7978
2840 3624
3624 3636
579 1167
579 1168
579 1169
579 580
579 1170
579 1171
579 1173
579 6806
7979 7980
1929 6372
3170 6130
6130 6131
6130 6132
7125 7981
98 7982
7125 7983
340 7983
3518 6187
6187 7984
803 6187
4812 7985
4984 7985
4053 4058
4057 4058
4058 4059
4058 7986
2534 5538
5538 7987
1867 7988
5831 7989
1682 5831
1362 7990
865 1599
771 865
299 865
865 2141
865 2659
770 865
865 2145
863 865
865 2865
865 1248
7991 7992
6579 7317
535 6692
534 6692
750 754
750 760
750 4603
7993 7994
7995 7996
7995 7997
7995 7998
5001 5002
4999 5002
2791 2795
815 7999
5712 7999
7999 8000
5559 7999
616 8001
616 7218
616 4255
616 834
616 1807
616 6748
616 922
611 616
616 4333
615 616
616 924
616 1803
614 616
616 835
3170 6131
1571 4214
1571 1572
1571 1573
3926 7676
3929 7676
1421 1424
1421 2014
1421 3474
1421 1422
1225 2732
2222 2732
2732 8002
2732 2950
2732 2956
4932 7653
1996 7653
4826 7653
994 7653
7653 8003
6624 7653
6074 7653
3827 3830
3828 3830
3830 3832
3829 3830
3830 3831
3830 3833
3830 3841
3830 3834
3830 3835
3830 3836
3830 3837
3826 3830
3830 3843
3830 3844
3830 3845
3590 8004
3112 8004
2551 8004
1110 1114
1113 1114
1114 1115
4768 6736
53 2034
53 1019
53 1526
53 2611
53 58
53 7242
53 8005
53 7243
4956 8006
2011 8006
2608 8006
5464 8006
219 7128
7128 7129
7128 7252
1538 5131
3073 5131
6201 6205
4205 8007
8007 8008
3073 8007
5214 5215
199 1878
1878 6464
1878 2128
1878 8009
1878 8010
651 1878
1878 3073
265 1878
1878 2287
1878 2416
792 1878
141 1425
1425 2779
1425 2793
787 1425
1422 1425
1425 8011
1425 8012
1425 2945
1058 1425
1423 1425
1425 2811
442 1425
1424 1425
5074 8013
5074 5075
3281 5074
5074 7223
2221 5074
4657 5074
8014 8015
2165 8016
3588 3595
3588 3591
3588 3589
2840 8017
765 8017
6971 6972
6972 6973
6972 6974
906 3170
2201 3170
1059 3170
3170 6062
3170 8018
306 3170
3170 3171
3170 7350
3037 8019
3033 3037
3037 5149
1680 3037
534 3037
3037 8020
3036 3037
3037 5963
2162 3037
3037 8021
1922 3037
2678 3037
146 1955
1955 8022
141 1955
4225 5426
7094 8023
768 7094
3666 7094
1913 7094
608 7094
222 8024
764 6477
1021 6477
5869 6477
1726 3171
3171 4082
3171 4512
3171 5222
3171 8025
3171 4515
534 3171
3171 8026
3171 7429
3171 4998
3171 4779
3168 3171
3171 6232
3171 8027
1944 3171
306 3171
8028 8029
2639 7299
7169 7299
4852 5193
3738 5193
4866 5193
5193 7036
5193 8030
5193 8031
5193 8032
5193 8033
2558 3121
1092 3121
2593 3121
3121 3123
3119 3121
775 8034
4174 7090
3657 8035
3654 3657
3655 3657
2452 3657
792 3657
3657 8036
207 208
208 712
208 4512
8037 8038
2181 4152
2181 6768
2181 4854
2180 2181
2181 8039
2181 6216
2181 2184
2181 5708
2181 2182
2181 8040
2181 2183
2181 8041
2181 4155
2034 7538
7538 7569
7538 8042
1872 7538
422 7538
2905 7538
2911 7538
4520 7538
7538 8043
2395 7849
7846 7849
8044 8045
8046 8047
222 5797
5364 5365
4174 4175
3146 4175
1837 4175
1239 4465
4465 4469
534 4465
1682 4465
2429 2431
2065 7585
1492 7585
506 2276
2276 7857
2276 3074
2276 2343
578 5655
578 2038
578 3124
462 578
8048 8049
683 7851
5916 5917
2965 5263
5263 8050
414 5263
6266 6267
3515 6266
2756 8051
2756 8052
2756 3608
726 2756
2128 3695
8053 8054
2230 2231
1759 6626
247 249
247 248
3377 5038
3377 3378
3377 5759
2472 3377
3377 4683
3377 6360
1448 3377
2225 3377
3916 4213
3409 8055
142 2804
142 5993
1885 7541
4977 5417
446 8056
446 6648
446 5544
446 3518
446 6128
446 697
2369 8057
2369 3590
1885 2369
2369 2488
2369 3586
2369 2373
2369 8058
1916 1917
1917 1918
1088 1917
4854 8041
156 2201
2201 4854
2182 2201
608 2201
2201 8059
2201 8060
2201 4952
2201 2648
2201 8061
2201 8062
647 2201
2201 2205
2201 3907
2200 2201
2201 6727
2201 7606
906 2201
2201 8063
2201 2214
2201 8064
3366 8065
1110 7557
1110 1113
1110 1115
893 8066
8067 8068
8067 8069
1153 1155
1155 2220
433 1155
1155 4044
1141 1155
156 462
462 3434
462 5843
462 3124
462 6916
1280 8070
937 3895
3700 3895
3889 3895
3895 8071
3890 3895
4396 4397
929 3465
93 2407
2407 2632
2407 8072
5920 8073
4265 8074
4266 8074
3368 3374
1108 6466
7973 8075
6719 7086
4356 7600
4356 7598
4136 4356
3746 3874
1889 3874
2285 3874
3874 7526
3874 5785
2667 3874
5135 5136
489 490
1162 4560
7768 7769
7769 8076
3441 6288
8077 8078
8078 8079
6463 8080
7456 8081
7458 8081
8081 8082
6489 8083
6488 6489
6489 8084
1002 6489
6489 6668
7367 7368
4784 5940
494 5473
669 5473
3591 5473
2862 8085
4778 4781
922 4329
3512 4329
924 4329
122 133
122 132
122 131
8086 8087
1204 1205
1525 1531
1065 1525
2098 2099
2099 8088
2099 2754
5486 8089
6370 8090
1778 8090
2753 8091
2753 2754
7566 8092
5268 7566
6105 7566
955 8093
955 8094
4152 8040
8040 8095
5565 6394
576 595
81 595
595 1088
595 2814
103 595
595 2821
595 3185
2452 5702
83 5702
4458 8096
434 5576
4657 5075
2221 5075
6679 6680
1837 6679
1806 6679
5658 6679
5222 7868
923 8097
921 923
923 4338
923 4876
923 6107
922 923
923 924
2038 6942
1806 6942
1977 1978
80 1977
966 1977
1977 6016
1977 6017
1977 4887
1709 1977
8098 8099
165 184
166 184
167 184
168 184
169 184
170 184
171 184
173 184
174 184
175 184
176 184
177 184
180 184
181 184
184 185
184 188
184 189
8100 8101
3587 3595
1281 1285
3101 3104
216 5101
5101 5102
318 320
994 2473
8102 8103
1479 1830
1830 2593
1830 2995
543 1830
1830 7668
1830 6077
1830 2996
1830 7126
1830 8104
1830 3002
1830 5368
1830 5994
1830 3916
1830 8105
921 1830
1827 1830
1830 5655
1830 4657
1830 7057
1039 1830
1830 6681
1830 3001
5864 6062
4154 5864
5864 6059
2364 7283
8106 8107
5142 8106
5647 8106
7605 8106
7606 8106
2180 6768
6216 6768
2182 6768
2183 6768
2184 6768
1256 1258
1257 1258
1258 7606
1258 1262
1258 6681
1258 4969
4768 4771
4421 7219
1796 7219
3865 7219
1167 1169
1168 1169
1169 8108
1169 7966
1169 8020
1169 1170
1169 1171
1169 1173
8109 8110
8109 8111
1916 8112
2892 8112
4845 7878
8113 8114
647 7184
7184 8115
1948 7755
496 8116
3291 8116
6019 8116
473 8116
8116 8117
8116 8118
5220 8119
3384 8120
2971 3384
1803 3384
3384 5993
431 3384
3384 4567
3384 3393
3384 6350
2475 3384
3384 4571
3384 3394
1381 8121
8121 8122
252 270
263 270
1851 5635
3263 4596
1960 4596
1099 1100
1088 1100
1100 1101
8123 8124
8123 8125
3799 8123
222 3935
2519 3935
3935 8126
7753 8127
3934 8127
2182 3907
906 3907
3907 6727
3907 6643
3907 3931
3907 4414
3907 7939
3907 7606
3907 7605
2827 3907
3907 4854
2205 3907
2828 3907
3907 7940
3907 8128
3907 8129
3907 7512
1395 5573
332 8130
7154 8130
3916 6597
6596 6597
6597 8131
789 6597
3796 6597
1146 1147
1246 8132
159 8132
4853 4861
4861 6641
4861 8133
3882 4861
4861 8134
4860 4861
4861 6218
4861 8135
906 6829
4828 8136
4823 4828
5722 5723
3160 5722
3159 5722
1638 4978
2193 4978
2711 8137
8138 8139
8138 8140
4444 4445
8141 8142
3849 3851
3849 3853
1835 1843
1843 8143
1843 7624
1843 7010
1843 8144
1148 1843
231 1843
47 1843
2015 2034
2015 8145
2015 6095
2012 2015
1874 2015
2612 2615
2612 8146
1076 2612
1298 2612
1035 2612
2612 4692
1248 2612
8147 8148
5177 7465
5593 7465
608 8149
355 8149
1887 3340
3340 8150
3340 3342
2892 3340
1949 7838
1392 1949
1949 1950
4520 8060
1257 8060
2139 8151
2945 3177
8152 8153
4136 4352
4136 8154
680 4136
681 4136
1872 4136
4132 4136
4136 4355
2014 4136
4136 4357
5629 5760
1765 5629
3180 5629
2196 7475
2651 8155
156 8156
156 1076
156 1829
156 1894
156 638
156 161
156 2548
156 726
156 1233
156 3330
156 160
156 162
156 922
156 4512
156 4335
156 3629
156 921
156 7059
156 924
156 8157
156 4331
156 906
156 157
156 1307
156 4482
156 3635
156 643
8156 8158
8157 8158
8158 8159
2129 4423
5115 5116
5115 5117
550 551
7710 8160
8160 8161
8160 8162
401 402
1104 8163
6172 8163
267 4323
792 4323
103 5370
631 5370
642 5370
2042 5370
4510 5370
596 5370
1038 5370
994 4018
7952 8164
8164 8165
7952 8165
5312 7952
1713 1714
1713 4907
1713 7825
1713 4826
1713 1772
1713 5705
1713 7628
1713 4154
533 8166
533 898
533 8167
533 8168
5965 6125
5963 6125
2817 2822
2816 2822
906 8169
906 2650
906 957
906 4854
906 2182
906 8170
608 906
906 7534
906 2200
906 4952
906 5844
906 2648
906 961
906 8062
647 906
906 3958
906 8171
906 2205
906 8172
906 955
906 6727
906 7606
906 5900
906 2651
906 2303
906 3173
906 2647
906 959
906 7182
906 2196
8173 8174
4812 5062
4809 4812
4812 8175
4812 8176
4812 4818
4812 4819
4812 4984
4812 8177
5165 8178
5165 8179
5165 8180
3273 5598
3534 5598
5598 5931
2895 5598
4403 5598
5598 5600
5598 6368
1678 1679
4804 4805
6890 7764
6890 6891
6890 6892
2901 3666
1636 2901
1628 2901
1295 8181
5450 8182
884 4552
1384 4552
1892 4552
4552 8183
4552 8184
4552 8185
4552 8186
4552 4636
4552 8187
1916 8188
8188 8189
7644 8188
2697 6313
2698 6313
4029 8190
1263 8191
1263 2558
1263 2559
1257 1263
1092 1263
1263 2818
1263 2593
1263 3119
1088 1263
1085 1263
1262 1263
8192 8193
1647 2574
2573 2574
2196 3583
3582 3583
219 3450
1300 3450
3450 7212
3450 7140
2205 8059
2200 2205
2205 7598
2205 5269
4496 7508
4355 7508
7508 8194
7508 8195
277 1526
277 510
58 277
276 277
277 505
277 512
1401 1693
1401 1511
1401 1410
1401 1521
1401 1592
1038 1401
1401 1512
1690 1693
4423 7623
7623 8196
8139 8140
1405 1590
1405 6680
1405 2995
1400 1405
1403 1405
1038 1405
1592 1693
8197 8198
1575 8197
1389 2073
1511 2073
2073 8199
1398 2073
1415 2073
1608 2073
2073 8200
2073 2719
1038 2073
1778 2073
2073 4976
2073 8201
58 6181
58 754
58 7917
58 2784
58 2793
58 8202
58 4188
58 1526
58 4844
58 129
58 4730
1442 8203
4077 8204
2189 8204
808 8205
4078 8206
2234 6091
3318 6091
6091 8207
8208 8209
8208 8210
8208 8211
3123 6624
6624 8212
6624 8213
6624 7342
4911 6624
6624 8214
4338 6624
775 6624
6624 8215
6624 8003
6624 8216
6624 8217
494 6624
1638 2583
2582 2583
2583 8218
2583 8219
8220 8221
666 8222
3858 8223
422 2911
2905 2911
2911 4986
1638 2911
2433 2911
611 8224
7250 8224
1887 8224
8224 8225
3269 8224
1300 8224
8224 8226
8224 8227
3463 8224
5773 8224
8228 8229
8228 8230
7078 7320
5504 5507
5521 8231
5521 8232
4108 5521
5521 8233
422 8234
422 2433
422 6903
421 422
422 8235
422 7599
422 8236
422 8237
422 3130
422 1742
422 4239
422 424
422 1638
422 8238
422 2905
422 8239
422 4240
422 3512
5462 5467
3182 3184
3182 3186
3182 5036
6922 8240
6915 8240
6171 8240
8240 8241
8240 8242
8243 8244
8245 8246
8247 8248
8247 8249
8247 8250
8247 8251
674 677
677 5402
677 8252
677 680
677 3202
677 1876
675 677
1492 8253
7614 8253
1585 8254
3473 4454
1424 4454
549 8255
8255 8256
7075 7076
2138 2139
8257 8258
6524 6525
6523 6525
1464 5402
1464 3202
1464 6353
1464 7584
1464 6840
1464 3545
1464 8259
1464 1465
1463 1464
1464 2408
1464 6352
1464 1466
1464 5513
101 103
99 101
6759 6760
6821 6826
387 6821
6821 6824
2109 2111
2108 2109
2109 7904
2107 2109
2109 7903
1227 2946
2946 2947
2431 2946
2945 2946
2025 8260
276 8260
6891 6892
917 8261
332 8261
4431 4433
4433 4434
557 7327
2138 2389
8262 8263
7616 7617
3546 3547
3547 8264
3547 3549
387 3547
3547 3551
1538 2569
1538 8265
1538 1759
1538 1914
1538 6774
6 1538
1538 6658
1538 3341
1002 1538
1538 2318
1478 1538
1538 8266
1538 1742
1538 3527
1403 1538
1538 8267
1538 1913
1538 2735
1538 2240
505 1538
1538 3073
1104 1538
6331 7361
6580 6582
3890 8071
3700 8071
146 3623
3623 3633
3623 8268
344 3623
7162 7164
7163 7164
1307 8269
4911 8269
2582 8270
2582 7700
2582 8271
2582 8219
2582 7583
2582 4240
1638 2582
2582 3474
2582 8272
2582 6105
775 8273
2041 3411
2041 7370
2041 2776
726 2041
201 2041
1076 2041
2041 2642
2041 2471
2041 4154
2041 5208
2041 6025
2041 2889
1837 2041
2041 4020
2041 3221
2041 2042
2041 7205
2041 7369
2041 5209
596 2041
5911 8274
5911 5912
3589 3595
8267 8275
2968 2969
1074 2776
2042 2776
2776 2798
2776 5209
2141 2145
3892 8276
2226 8276
8276 8277
2807 5975
5975 6414
4383 5975
2797 5975
2784 2793
2793 6231
1228 2793
2793 3700
2793 2804
2793 2807
2793 3017
787 2793
2793 6181
881 1413
891 904
889 891
230 891
891 911
5491 5496
8278 8279
2525 4327
2525 8280
2525 4539
431 2525
945 2525
2525 6900
2525 5560
2525 2528
651 2525
2355 6405
2355 4443
2355 6406
2355 2357
2355 4428
2355 6407
2259 5834
2095 5834
1466 5834
2290 4778
712 2290
990 2290
803 2290
2290 6931
804 2290
2290 8281
1730 2290
2290 8282
146 2290
3176 4791
3174 3176
3176 4253
3176 3222
3176 6025
507 4724
507 509
8283 8284
509 7834
75 6752
6752 8285
199 6752
506 6752
86 6752
8286 8287
6426 8286
7446 8175
7446 7447
6237 6239
6237 8288
6236 6237
3531 6237
2827 4118
2828 4118
4118 4124
509 6484
509 1651
509 4724
509 7835
1694 7027
534 1694
1682 1694
4154 8289
364 8290
372 8290
8291 8292
2172 8291
815 816
816 4429
816 4908
816 4427
1806 8293
1359 1376
1361 1376
1362 1376
1364 1376
1366 1376
1368 1376
1370 1376
1371 1376
1373 1376
1374 1376
636 3669
636 1033
633 636
636 7561
600 636
636 2788
636 639
754 3002
3002 5655
141 3002
2558 3720
2558 2593
2475 2558
2558 3127
2558 2604
2558 2559
2558 8294
2558 3119
2558 2825
1088 2558
2558 3123
1552 2746
877 2746
2746 3259
2746 8295
6276 6552
397 5983
397 6633
397 8296
2305 2307
2305 2306
2049 2641
1794 2049
2049 4255
1172 2049
3686 5840
5839 5840
775 5840
4479 5840
5840 7414
815 8297
5712 8297
8000 8297
5559 8297
1039 5368
2889 5368
2642 5368
2471 5368
5368 6916
3929 8298
8298 8299
2303 8300
2377 8300
1048 6023
8301 8302
8301 8303
5233 8304
5233 8305
5233 8306
5232 5233
2769 5233
4835 5233
5233 8307
4797 5081
5081 5578
5081 5382
5081 8308
5077 5081
8309 8310
7392 8309
680 2408
2408 8311
1466 2408
6822 6824
6824 6826
4982 6824
2076 6122
2077 6122
3885 8312
690 1631
688 690
689 690
690 8313
690 2501
687 690
690 692
667 8314
665 667
667 8315
667 1938
667 8316
667 1726
667 6796
667 2348
667 4083
667 4084
667 671
8156 8159
8157 8159
1227 1509
1227 3622
631 1227
1227 4564
996 1227
1227 5280
1227 1233
1227 1513
1227 6053
1227 4569
850 1227
1038 1227
1227 8317
1227 2329
994 1227
761 1227
1227 1973
1227 6137
630 1227
1227 7598
476 1227
1227 5216
81 1227
1726 8314
8314 8316
8314 8315
5182 7726
2481 7696
158 159
158 8318
157 158
158 8319
764 8320
2014 8320
8320 8321
2481 8320
2983 8320
2917 2918
1150 2918
2089 8322
5843 8322
4029 5753
4673 5753
5753 8323
4297 5753
5753 6897
5753 8324
5312 5753
5753 8325
8019 8020
8326 8327
893 2551
893 1673
893 6107
893 1342
888 893
893 7928
351 893
893 8328
893 895
893 1341
893 1024
893 897
893 2384
813 893
893 902
893 1488
893 4327
93 893
8329 8330
1275 1276
1276 8331
1276 8232
5295 6870
6596 8131
3569 8332
3569 6772
3569 3570
3569 6716
6954 6955
6954 6957
3011 6954
2309 6414
2311 6414
4383 6414
2797 6414
6414 6955
6414 7111
2807 6414
4412 6414
6414 6957
2781 6414
2022 2023
2022 2027
2069 8266
334 1794
334 4443
340 1554
3965 8333
6421 8333
340 7125
4191 7125
1583 7125
5965 7125
1763 8334
3711 8334
8334 8335
955 5059
2647 5059
2648 5059
5059 5060
804 8336
712 8336
822 8337
822 5760
822 3180
8338 8339
5866 8338
8340 8341
3321 8340
8340 8342
3322 8340
297 2395
297 3179
297 3498
297 3186
297 2289
29 297
297 6154
297 3500
297 3501
669 3704
1395 5879
5879 6533
3409 8343
5965 8344
340 8344
2165 8345
8345 8346
1913 8345
615 8345
8346 8347
1913 8347
615 8347
4492 8348
8348 8349
2077 6783
7778 8350
1585 8351
1585 6305
1585 7447
5243 8352
450 5459
7592 8353
7592 8354
7592 8355
444 7592
1222 7279
5312 6933
2387 5312
5312 6263
5312 5313
5312 8356
5312 6074
5312 6268
5312 8357
2360 2362
1085 2362
2362 8358
2039 2362
2362 2519
1088 2362
728 2362
2362 5843
2362 5605
643 2362
2362 4349
324 2362
5409 8359
3211 5409
5409 8360
1340 1879
1340 2116
1340 1384
1340 6107
1340 1342
1340 2131
1340 4286
199 1340
1340 2123
1340 1409
1340 1394
1340 1873
1340 4636
1340 3126
1340 2802
1340 4327
1340 2128
1340 3738
1340 2592
902 1340
1340 3073
1340 2089
95 96
669 6933
669 726
669 2038
669 1069
669 3021
669 1213
669 2439
669 761
669 4710
669 3269
669 3271
669 8361
669 3591
669 6255
494 669
3330 5973
631 5973
1298 5973
4510 5973
850 5973
4199 5973
1038 5973
1052 5973
745 3858
745 8362
745 761
745 8363
745 7639
4188 8202
1526 8202
8364 8365
1396 2633
1396 5037
3389 8366
3385 8366
6374 6375
6375 6376
8242 8367
1015 1017
2309 2312
123 2312
131 2312
1294 8368
3155 8368
3611 8369
1423 3611
1295 8370
8371 8372
3276 8371
231 8371
8371 8373
4029 8374
4029 6897
4029 4397
4029 8375
1381 8122
3893 8376
3518 4881
3518 4882
3518 7984
3517 3518
3518 4135
1075 3518
5384 8377
1058 5384
5384 5385
5584 8378
2642 8378
1759 6491
6491 6492
1758 6491
3719 8379
5134 8380
8380 8381
898 4399
4399 7496
641 987
629 641
641 4314
641 4315
641 7284
641 2472
641 4318
433 641
641 1827
641 2348
641 6360
641 1292
8382 8383
5149 8384
8384 8385
6609 8386
1300 5094
5094 8387
5091 5094
4653 4655
4654 4655
8287 8388
6426 8388
125 129
124 125
3287 3288
8389 8390
8389 8391
5889 8389
8389 8392
2575 2577
7202 7624
760 7202
2240 7202
4423 7202
7202 7619
4777 8393
3082 4692
161 162
161 2389
157 161
8394 8395
8118 8394
460 8396
2589 2815
1045 2815
2593 2815
1088 2815
2815 8397
1048 2815
87 2815
2815 8398
2815 2821
2815 3879
1359 1366
1366 1373
1362 1366
1364 1366
1361 1366
1366 1368
1366 1371
1366 1370
1366 1374
8399 8400
8399 8401
8400 8401
1294 1300
1294 3758
1294 3155
8402 8403
580 8402
5555 8402
1134 5816
7894 8404
5064 8405
8405 8406
3011 6833
2799 6833
6143 8407
6143 6144
4023 7258
2513 4023
2162 4023
1128 1129
6000 7064
6000 7063
1877 5061
1395 6533
2375 2377
2376 2377
2303 2377
2377 8408
8409 8410
5787 8411
4976 8411
7481 8411
1447 8412
8412 8413
2864 6099
433 2864
2475 2864
2864 2949
2864 3389
5130 6906
351 5130
892 5130
2508 8414
8414 8415
1225 3330
1384 3330
3330 8416
3330 8417
3330 4510
638 3330
2547 3330
3329 3330
3330 8418
1292 3330
3330 8018
3330 4653
3330 7046
922 3330
1038 3330
1298 3330
945 3330
3330 8419
924 3330
1093 3330
863 3330
1248 3330
4787 5563
5563 8420
5563 8421
4724 8422
4719 4724
961 4724
5144 8423
1091 1101
1085 1101
1101 8424
1088 1101
1101 3512
1101 3125
1101 3124
1099 1101
726 1101
1394 2893
1479 2272
2272 8227
2272 7297
86 2272
2272 5144
2272 2278
706 5337
5337 8425
5337 8426
2774 5337
5337 8427
3537 5337
5337 5339
5337 5341
4314 4315
2472 4315
4315 7286
2348 4315
2634 8428
8428 8429
7343 8430
7343 8431
1572 8432
1572 4214
1572 8433
1572 7170
1572 1573
4 8434
473 2494
473 496
473 7466
470 473
473 7966
473 3291
473 3892
473 4709
473 2359
473 5585
473 476
84 850
850 2240
850 851
850 4510
850 1049
850 1231
850 1233
850 988
850 6095
850 1035
850 5838
630 850
850 5093
850 3447
850 2244
476 850
8435 8436
2777 8435
8437 8438
3652 8439
3652 6554
3652 8440
3652 8441
3652 3653
444 3652
1887 1960
1960 8442
1960 4682
1960 3594
1960 8443
1960 5474
1960 2528
726 1960
1960 4681
1072 1960
1960 6347
1960 8302
1069 1960
1478 1960
1070 1960
1960 3263
1960 5708
494 1960
562 5570
1327 5570
1324 5570
5570 5572
5570 5571
5038 5759
5759 6358
81 5759
2832 5759
5759 6359
2530 5759
573 5759
2225 5759
7004 7005
2283 2339
534 5382
5382 6683
1682 5382
5382 8444
3494 3495
3494 3496
3493 3494
3491 3494
895 908
5116 5117
3444 8445
4554 6863
3655 8035
3654 3655
792 3655
2452 3655
3655 8036
3234 3236
3234 5705
3234 3239
1916 7063
1916 1918
1088 1916
4976 8446
4976 4977
4976 5787
4976 5655
5616 5618
3796 5616
8447 8448
666 8449
265 8450
265 8009
265 8010
265 1758
265 1759
265 3073
265 6492
265 494
2644 8451
5208 8451
3165 3166
796 4753
4748 4753
4749 4753
4751 4753
4752 4753
6053 8452
1233 6053
1305 6053
2329 6053
1544 6053
1034 6053
4683 6053
1231 6053
761 6053
6053 7651
6116 6117
6117 7381
8453 8454
2162 8453
2163 8453
8455 8456
608 8455
2309 4412
4412 8457
4412 7111
3119 4412
7599 8458
2481 8458
8458 8459
2889 5369
2471 2889
1422 2889
219 1213
1213 5279
526 1213
1213 8460
1213 8461
761 1213
1213 1511
1213 3866
1075 3773
3773 3774
433 3773
3773 3775
3954 3956
7691 8462
5149 8462
1359 1371
1361 1371
1362 1371
1364 1371
1368 1371
1370 1371
1371 1373
1371 1374
6690 7451
6690 7620
6690 8463
3321 8464
3322 8464
632 8465
4510 8465
642 8465
3916 8466
7668 8466
7127 8466
2384 8467
2384 2385
877 1456
1456 3259
1456 7609
1456 6815
1456 8468
1451 1456
1456 3737
6853 8469
1478 3509
2034 3509
3509 6024
3509 8470
2220 3509
3509 8471
3509 8472
368 3509
3394 3509
3509 8473
761 3509
3509 8474
1147 3509
2004 3509
3509 7639
5860 8475
639 8475
643 8475
8476 8477
8476 8478
3885 8479
1218 2083
2081 2083
1225 1290
629 1290
1290 8480
81 1290
993 1290
994 1290
1290 6995
1290 4044
1290 6360
3701 8230
8481 8482
8481 8483
4907 8481
8232 8481
5119 5121
803 5121
5121 8484
5120 5121
5121 6190
5121 5123
5121 5124
5121 8485
5121 7862
3887 5964
5963 5964
414 5964
433 5964
5141 8486
7440 8486
506 8486
7832 8486
4712 4713
4712 4876
4712 4714
4712 4915
4712 8421
902 4712
4712 8487
1542 4712
2741 4712
4712 4717
3953 8488
8489 8490
8489 8491
8489 8492
3586 8493
2492 8493
1835 7130
6450 7918
6450 8494
6450 7846
1992 8015
1992 4867
1992 3764
1992 1994
1992 4868
295 5527
7927 7930
4833 6245
6245 8495
6245 8496
1324 6245
6245 6246
6492 8497
2310 2311
2311 2315
2311 6955
2311 2314
2311 6957
2311 2316
7815 7816
309 310
4164 8498
5683 8498
4281 8499
4281 8500
4499 7282
1104 5062
1104 1742
1104 6172
1104 3934
603 1104
1104 4849
1103 1104
87 1104
1104 2888
324 1104
7014 8501
6276 7014
7014 8502
1870 7014
340 4191
477 4191
141 4191
4191 5963
4191 5965
4191 8148
130 4191
2163 6838
2954 3799
3022 3799
712 3799
3797 3799
3186 3799
3799 5838
4761 7733
4130 7733
7733 7734
1185 4822
4822 8503
4822 5207
4822 8504
1024 4822
1187 4894
1187 8505
1187 7691
1187 2162
1187 6015
1187 7692
1187 8506
1187 4929
1187 8454
1187 7447
1187 4893
1187 4925
1187 3527
1187 6981
1185 1187
1187 5149
1076 4045
632 4045
4045 4049
1248 4045
4569 4600
573 4569
630 4569
197 4569
4569 6348
4569 7088
1038 4569
4569 4863
3597 8507
5655 8508
8509 8510
6955 8509
4265 8511
4266 8511
3599 3948
511 6391
506 6391
3628 5829
965 3628
3628 3629
1307 3628
2965 7431
2345 7431
3771 8512
3770 3771
8513 8514
8513 8515
7897 8513
7898 8513
4583 4938
4583 8516
1083 4583
4583 7314
4871 7134
3264 8517
8517 8518
1968 8517
4224 8517
1967 8517
1628 1636
997 2395
990 997
937 997
997 1286
997 2476
997 2221
997 2771
798 997
988 997
997 3385
997 3889
997 8519
997 3894
997 3389
30 997
7752 7753
564 7752
506 7752
7752 8520
4537 4538
4538 4539
4565 5843
642 5843
5843 8521
1894 5843
639 5843
5843 8522
726 5843
5843 7124
3512 5843
4594 5843
5843 8523
1085 5843
633 5843
1032 5843
5843 8524
924 5843
603 5843
4421 5843
1427 5843
4225 5843
2089 5843
2244 5843
324 5843
643 5843
6604 8525
6604 8030
6604 8526
6604 8527
4818 4819
7021 7024
1236 2222
1225 2222
2222 2957
635 2222
2222 4515
994 2222
798 2222
2222 8528
2222 2226
2222 2950
2222 2956
803 5120
5120 6190
5120 5123
3264 5120
8529 8530
4980 4982
2655 2928
2926 2928
6161 8531
6161 8532
4598 6161
2121 4134
3163 4134
3517 4134
7440 8533
199 8533
7832 8533
898 8534
8534 8535
3021 8534
8534 8536
328 8537
8537 8538
8537 8539
6699 7823
6699 6700
6503 6699
6699 8540
8541 8542
8541 8543
3531 8541
146 7293
3281 7293
2863 7293
1148 7293
3403 3405
3405 3446
1506 3405
3405 7457
3405 8544
3405 6380
3405 8545
2472 8546
1231 2472
1034 2472
1048 2472
2348 2472
2472 2475
988 2472
5123 6190
8547 8548
1848 8549
8549 8550
8549 8551
7603 8552
7602 7603
889 903
45 5980
4893 8553
4893 8554
4893 8555
2162 4893
4893 8556
4893 8557
5184 5186
5184 5187
5184 5189
5184 5190
5184 5191
4427 4907
2740 2741
2741 4915
2741 8558
2741 3590
2741 8421
2741 4845
1542 2741
526 5220
2529 5220
4374 5220
736 5220
1168 5220
4373 5220
5220 6950
5220 8559
7646 8560
1307 6749
1074 6749
1913 6749
3622 6749
570 5287
6772 8332
81 6772
3570 6772
6772 8561
4844 6772
5021 6772
2821 6772
5918 5922
159 5922
5920 5922
5921 5922
1070 5922
5922 5926
5922 5924
4338 5922
3940 5922
5849 5922
8562 8563
8564 8565
8564 8566
8564 8567
7808 7809
8568 8569
5515 5516
5515 5517
7729 7730
720 7730
3796 5617
3796 5618
3796 6596
3796 4528
3796 4529
2052 8570
2052 8571
2052 8572
2052 2053
2052 5711
1514 1598
1514 1599
1514 8573
1410 1514
1514 1610
1514 6350
1514 1597
1403 1514
1514 2962
1514 3213
3890 3892
3892 3893
3892 5160
2226 3892
2952 3892
3892 4709
5705 7628
4154 7628
1876 7628
877 5240
141 5240
340 5240
146 5240
5240 8148
5240 5781
7190 7191
6198 7190
8574 8575
8576 8577
3413 8578
3414 8578
5414 5429
5414 5430
5414 5435
5414 5438
31 5414
4293 7702
4292 4293
4007 4293
8579 8580
418 419
1608 1610
1610 2962
1610 2716
1610 3088
1598 1610
1599 1610
1610 4030
1610 3097
1610 2960
1494 1610
1410 1610
1610 8581
1778 8582
1512 8582
1592 8582
590 6681
2996 6681
586 6681
921 6681
589 6681
5366 6681
922 6681
6681 6684
4331 6681
1835 7624
1835 8583
1835 2391
41 2702
1794 2702
141 2702
2702 4827
2702 4826
2702 4821
2659 2702
1063 2702
2702 4828
2701 2702
255 7032
255 8584
8585 8586
2827 7095
8430 8431
429 3441
3441 8587
3441 3444
4722 4723
3276 8588
8588 8589
8588 8590
3313 8588
2379 2381
7256 8591
5177 5593
1038 6777
1038 1590
1038 1076
642 1038
1038 3245
1038 1829
1037 1038
1038 3329
1038 8592
1038 4601
1038 1973
1038 2716
1030 1038
1038 1592
197 1038
1038 1400
1038 1604
1038 1831
1038 2647
1038 1608
1038 8593
632 1038
8594 8595
8594 8596
1292 1298
1298 8416
945 1298
1298 4653
1298 4510
2517 2518
1592 2719
1410 2719
1778 2719
1512 2719
1515 2719
1389 8597
7829 8597
543 6725
8598 8599
4451 5681
2693 4451
884 4451
542 4451
4451 7044
4451 7605
1262 4451
4451 8600
892 4451
2237 4451
3712 5092
8601 8602
8601 8603
1415 2618
1415 1958
1415 2077
2508 8415
1702 1706
1703 1706
1706 1708
1706 1709
5669 8604
8604 8605
8606 8607
5617 8606
7065 8606
7420 8606
7418 8606
8606 8608
8609 8610
8358 8609
8609 8611
8609 8612
1942 8613
8613 8614
2857 2866
3869 7074
7074 8615
6990 7074
7074 8616
3754 7074
1093 8417
4509 5886
6648 8617
1512 1778
1511 1512
1512 7499
1512 1521
1392 1512
1512 1515
1512 1592
1033 1512
1512 1958
1512 1517
280 1512
3209 4086
4086 4088
768 5023
3081 8618
1897 8618
1235 8191
1235 2003
1235 6121
1087 1235
1235 8619
1235 6120
1235 4688
1235 6900
1235 1239
1235 2076
1032 1235
1235 8620
1235 2077
1235 1485
1235 6123
1235 4689
1812 1813
1813 1816
2003 8413
2422 6771
3597 8621
2310 2315
2310 2314
2310 2316
6955 8622
2878 2879
5049 5886
1944 5886
1945 5886
4266 8623
2623 4048
1033 2623
2623 8624
2623 2832
1035 2623
573 2623
6128 8625
3837 6128
983 6128
5544 6128
6128 6648
6128 8626
6128 8627
6128 8628
2816 6128
5030 6128
6128 8629
982 6128
2069 3221
549 3221
8630 8631
8632 8633
3372 3390
2559 3372
1286 3372
3372 3393
2560 3372
3372 3394
3264 3372
1931 8634
8634 8635
460 4725
460 8636
6486 6487
6192 6193
6193 8637
6193 8638
2242 3688
450 3688
2241 3688
2309 4769
4769 6411
4767 4769
4769 8639
4769 8640
4769 6412
3430 4769
6608 6609
3009 6608
207 4060
207 1171
238 8641
165 170
166 170
167 170
168 170
169 170
170 171
170 173
170 174
170 175
170 176
170 177
170 180
170 181
170 185
170 188
170 189
737 7870
424 737
737 740
737 2842
737 7195
6347 8442
2220 5495
5844 8642
7898 8515
7897 7898
8231 8233
8233 8643
8030 8644
7831 8644
4938 8644
751 753
751 762
748 751
1217 6253
1217 1218
1217 2628
292 1217
3931 8645
1829 8645
5681 7044
5681 5682
1384 5681
5681 7605
5681 8265
5681 5684
3073 5681
5681 7606
1262 5681
4967 5681
2237 5681
1409 5681
4549 4550
2631 8646
8647 8648
8647 8649
8648 8649
6157 6159
6158 6159
994 4565
994 6358
994 1225
843 994
994 1037
994 996
994 3085
994 2561
987 994
81 994
994 1048
994 4710
796 994
631 994
994 2329
993 994
994 7561
994 1809
994 1033
994 1996
994 1305
994 7598
994 3271
372 994
643 994
2634 4394
320 2634
2631 2634
2634 8429
2634 4321
2634 2637
729 8650
83 8650
2329 8650
642 8650
728 8650
6310 8650
1122 8650
666 8650
726 8650
6509 8651
2329 6509
642 6509
6509 6510
1488 6509
1122 6509
6509 6837
726 6509
5093 8652
1286 5093
3374 5093
1300 5093
5093 5216
2077 5093
7784 7785
1256 1257
1256 5658
1256 1262
1256 4971
1256 4969
1357 2647
1357 3767
2647 8653
6777 8653
7456 8082
7458 8082
8654 8655
115 116
8656 8657
4107 8656
712 8658
1384 6773
6773 6776
2547 6773
3126 6773
4063 6773
5218 6773
6558 6559
1885 6559
6559 8659
1969 5308
8660 8661
1702 1703
1702 1708
1702 1709
4914 4917
4914 4916
4914 4921
5883 8662
5963 8662
2303 5490
3488 6860
332 6860
6230 7721
4467 4469
5430 5435
8663 8664
494 7146
7350 7351
949 950
201 950
950 951
950 7080
950 7073
4984 8665
2992 2998
2998 2999
2998 3000
2998 6493
4698 4703
4699 4703
8666 8667
8666 8668
8666 8669
3754 7116
1761 1763
1761 1766
7226 7228
4387 6819
3446 8670
3445 3446
3446 8671
2250 3446
2387 3446
3446 3455
3446 8544
3446 8545
8387 8672
6680 8672
1894 8317
6137 8317
2529 8317
7 10
10 11
1854 4505
1854 1855
1854 8070
2089 8673
1851 4497
1851 8674
1851 8187
1660 8675
1660 8676
1660 8677
889 8678
1924 8679
1924 3679
1924 1925
1924 8680
252 1924
2359 7466
5585 7466
8681 8682
3531 6239
3529 6239
6239 6909
6239 6910
7768 8683
2475 4658
4658 4660
2475 2478
8684 8685
7357 8686
7511 8687
4932 5777
884 4932
1892 4932
485 4932
4288 4932
4932 8185
4932 5107
4932 4939
494 4932
4932 8184
4932 8187
1244 4833
1076 1244
1244 7760
863 1244
1244 1248
3111 8688
3111 3112
3111 4526
3111 3113
8689 8690
888 5548
888 909
888 911
888 7928
47 888
8542 8543
8542 8691
3531 8542
3033 3036
3033 3211
1922 3033
4796 4797
4796 4798
4796 4799
3666 4796
3022 3186
3186 5838
3184 3186
2955 3186
3186 6154
1896 8692
6140 8692
4205 6299
377 6299
5218 6299
6299 6990
1395 7937
1395 5403
1395 5513
1395 3756
983 1395
1395 4473
984 1395
1395 7938
1395 8693
1395 4497
1395 1766
988 8694
4863 8694
549 8695
8696 8697
124 8696
8068 8069
2564 7525
1889 7525
1901 7525
2561 7525
282 6453
775 8698
2039 4087
631 2039
219 2039
1233 2039
796 2039
1085 2039
1033 2039
2035 2039
1088 2039
1299 2039
1300 2039
5216 6044
2888 6044
1074 1307
1307 3622
638 1307
1307 3512
726 1307
1307 2559
1307 4911
922 1307
1307 4348
1307 3629
921 1307
1307 1913
924 1307
1307 4349
1307 3635
6802 6804
222 225
224 225
7554 8699
6479 6482
1074 1095
1095 1803
1095 2561
1095 6347
1095 2949
1095 4844
87 1095
1095 4571
1095 4845
5918 5920
3119 5920
159 5920
5920 5926
5920 5921
1070 5920
5920 5924
4338 5920
3940 5920
5920 8700
5920 8701
5920 5925
5849 5920
5717 8267
732 5717
5047 5049
1134 1137
1286 7484
431 7484
600 7484
4523 7484
601 7484
971 7484
3931 8702
7512 8702
3793 4088
4088 4682
3958 8703
2416 8703
1346 8704
146 1478
1478 4216
1478 3793
1478 6774
1478 8705
6 1478
1072 1478
1478 5805
1478 8706
1478 3316
1478 1550
1478 8302
965 1478
1478 2318
1069 1478
1478 5713
1070 1478
344 1478
1478 2569
1478 3887
6955 7222
1118 7222
6957 7222
7907 7908
982 8627
299 2659
2659 2660
2659 3147
2029 2659
5571 5572
1324 5572
1327 5572
6633 8296
4573 8707
414 4573
3348 4036
4486 4489
4486 7420
4486 4487
8708 8709
3851 3853
3853 8710
3853 8711
8571 8572
1613 2804
143 1613
483 1613
910 2002
8712 8713
3639 3642
3639 3646
1075 3639
3639 8714
3639 3648
1088 3639
1638 3639
3639 8715
3125 3639
87 3639
3639 3650
608 3639
6322 6437
4911 6322
5252 6322
6322 8716
4998 6322
774 6322
2458 3162
2121 3162
8717 8718
3112 8717
4526 8717
1996 8719
3934 7753
506 7753
3958 7753
7976 7977
621 5311
1488 1489
510 3478
510 8720
505 510
510 1002
510 8721
123 8722
2840 7978
4205 4207
4667 5651
4915 8421
1072 5844
3512 5844
5705 5844
1913 5844
924 5844
3021 8536
8535 8536
564 8520
506 8520
1855 3075
1855 1858
3737 3738
3737 4421
159 3940
159 1246
159 5849
5918 5926
1070 5926
4338 5926
5849 5926
1158 6416
1159 6416
5968 6416
2758 8723
2758 8724
4044 7285
4318 7285
3144 7003
990 2395
2395 5905
2395 7561
775 2395
146 2395
2395 7846
2395 3385
2221 2395
2395 4009
663 2395
248 2395
2395 7847
1968 2395
2395 8725
2395 3894
2395 3179
1956 2395
2395 6595
2395 3263
805 2395
2389 2395
2395 5703
3934 6231
3931 3934
3934 8726
3934 6986
3144 4219
4219 4221
1269 4219
1147 5907
761 1147
1147 7639
2841 8179
5304 8179
8179 8180
2524 2526
4487 4489
123 4489
4489 7949
4489 4492
4489 4494
4809 8727
2693 4438
8229 8230
8710 8711
8728 8729
8728 8730
8728 8731
2698 8728
4741 6802
4741 6803
4740 4741
2485 4372
4142 4147
4147 8732
4147 4605
4146 4147
4145 4147
4147 8733
4144 4147
219 3435
3435 8734
1299 3435
8735 8736
4653 7342
8737 8738
8737 8739
8737 8740
3009 8737
8737 8741
8737 8742
629 3268
3268 6137
586 3268
3268 7252
3268 7270
3268 6916
8315 8316
8743 8744
4653 4654
1344 1349
1345 1349
1346 1349
729 7640
7640 8745
2329 7640
83 7640
728 7640
3646 8746
3125 3646
3646 8747
1942 8614
609 1942
6291 8748
8729 8731
306 1944
1944 8199
1009 1944
1944 8749
1944 8750
1944 6747
1048 1944
1944 7059
1944 8751
1944 1945
1944 2257
3429 4270
3429 4271
3429 8752
3429 8753
3429 4272
3429 3430
892 3429
3429 4273
5660 8045
8045 8754
8045 8755
8756 8757
3434 4565
3434 5224
1037 3434
3434 6800
726 3434
98 3434
3434 8758
922 3434
3185 3434
3434 4348
3434 8759
3434 7883
3434 8760
3434 4679
3434 7864
3434 8559
7409 7410
6895 6896
4515 8528
454 2218
8761 8762
687 8763
687 6676
687 1014
687 688
687 689
687 692
5205 6175
3885 4725
4725 7045
961 4725
4725 7048
2995 3916
2995 6077
2995 3993
2443 2995
2442 2995
1400 2995
2995 2996
2995 3001
2995 5654
3298 3299
3298 3300
2006 8764
2559 4047
965 4047
4047 4333
3644 4047
3126 4047
2089 4047
104 4047
6181 7663
2095 7663
7663 7666
7663 7665
8765 8766
3884 3885
3883 3884
2387 7743
1447 1454
1447 8767
351 352
1020 1021
2589 2590
2589 3119
2589 2593
2589 2602
1082 2589
1088 2589
2589 2598
2589 2600
2589 2821
2589 2594
1763 6041
6041 6042
1506 6041
5750 8311
6293 8311
8311 8768
5749 8311
3667 8311
1766 8311
8769 8770
1867 1877
1868 1877
1877 1879
1870 1877
1871 1877
630 1877
1873 1877
1874 1877
1877 5404
1876 1877
1877 6105
1448 1877
1877 3666
851 1246
8771 8772
534 8771
705 8773
5069 8774
2710 7490
7490 7492
2714 7490
6291 6292
6291 6293
902 6291
6291 8775
3185 6291
6291 6294
1752 8776
6892 8776
4994 7011
231 8144
47 8144
2844 7860
2844 2845
2844 8777
2844 8778
2844 2846
3986 3988
3988 3989
8779 8780
971 8779
8779 8781
3036 7277
231 8143
4458 7439
454 5531
784 785
632 1951
1778 1951
1951 8782
2387 2388
2384 2388
472 6343
841 6343
680 3130
3130 3131
1874 3130
3130 4132
2259 3130
3130 3201
697 3130
8783 8784
2806 6111
2806 6046
2806 6047
2806 6045
2798 2806
483 2806
8785 8786
8785 8787
8785 8788
1173 8789
431 8790
1241 4523
4523 8791
4523 8792
1286 4523
4523 4911
4523 8793
600 4523
3394 4523
4523 8794
2528 4523
431 4523
138 3644
3644 4046
3644 7838
3644 3648
965 3644
3644 5216
2448 3644
3644 3645
3126 3644
8795 8796
6084 8795
897 8795
2648 5013
5012 5013
3837 4497
4497 8674
4497 8187
1885 8659
8318 8797
8319 8797
2590 3374
219 3374
3374 8118
2598 3374
3263 3374
4631 8798
6971 6974
6973 6974
2475 4566
2971 4566
331 4566
2475 4567
2971 4567
331 4567
4567 6507
3394 4567
4567 8120
1894 2548
1758 2548
2547 2548
1759 2548
2548 6492
2237 2548
1009 8750
2257 8750
8199 8750
6045 6046
4020 8799
8799 8800
5177 5179
5179 5699
5177 5699
5699 5700
4797 5699
5699 7481
2648 8801
2648 5012
2648 8169
2648 2650
2648 3245
2648 4952
2648 8170
2648 5060
2200 2648
2648 3971
2648 2649
2648 3958
2648 8171
2648 8172
955 2648
760 2648
2648 5900
2648 7534
2648 2651
2647 2648
1215 2648
2648 3974
2697 7483
3159 3160
3160 5723
3160 4277
4428 4559
4428 8802
4428 6407
7449 7646
7350 7449
7449 7450
3159 5723
8803 8804
402 8805
6523 6524
6524 8806
6524 8807
6524 8808
3048 4609
4605 4609
4606 4609
4607 4609
3046 4609
6511 8809
1561 8809
2671 2685
2672 2685
2673 2685
2676 2685
2677 2685
2678 2685
2681 2685
2682 2685
2685 2687
2685 2688
2685 2689
2685 2691
4598 8532
1317 4083
123 1317
5525 8810
5525 8811
5524 5525
5525 8812
1306 7671
605 8813
605 8456
605 609
605 608
355 605
8729 8730
2698 8730
1651 5141
4214 8432
4214 8814
4214 7170
4214 7551
3987 4214
4214 8815
4214 8433
4214 8816
3599 4214
1573 4214
368 8472
2 5998
4 5998
3022 4997
542 6612
6563 6612
6612 7819
3137 6612
1542 8817
8817 8818
1017 3191
635 803
803 6928
803 3484
803 990
803 5792
803 3378
803 5123
803 804
803 3273
201 803
803 6654
331 803
712 803
803 863
803 6929
803 1968
803 7760
803 8819
1879 3666
3666 5555
3666 5117
608 3666
3666 4798
3666 4799
961 3666
1636 3666
1873 3666
3666 8820
3666 4797
3666 5697
3666 3667
29 3276
29 6795
29 4876
29 8821
2927 8822
8822 8823
2038 8822
6664 8822
4797 5077
2122 8824
2122 2125
2122 8825
4917 4921
4916 4921
4542 8826
8552 8827
8827 8828
8827 8829
5457 8830
1435 1438
1435 1437
2387 8671
843 848
842 848
1931 1935
1932 1935
1934 1935
1935 1936
1935 1937
1935 1938
6154 8831
2606 8831
728 7820
729 7820
1069 1071
1071 1887
1071 1072
1070 1071
1071 8419
75 78
78 3990
78 4606
78 8832
78 86
78 89
78 199
6990 8615
8615 8616
4911 8675
8675 8676
4998 8675
2279 2287
2279 7034
2279 8833
86 2279
4900 8834
2906 8834
8633 8835
424 740
421 424
424 2842
424 7195
1384 5684
4967 5684
1409 5684
3359 8836
98 104
104 706
104 2089
104 4333
104 3126
104 4265
2065 3508
2025 3508
665 671
332 7154
7705 8837
666 2476
2476 6800
726 2476
219 2476
1945 2476
2476 3512
895 2476
2476 8838
2329 2476
2476 6916
2476 7883
697 2476
3893 8839
8839 8840
2309 7111
4827 7111
210 213
8059 8063
2200 8063
8063 8841
387 8063
8063 8842
2513 7258
83 85
5009 8843
8544 8844
855 5663
2409 4631
4090 4631
4155 4631
8845 8846
8035 8036
7316 8036
1892 8036
8036 8847
8036 8848
2452 8036
674 675
1803 8001
615 8001
4216 7027
30 7027
1072 7027
1196 4383
1195 1196
1194 1196
1196 1199
4182 4183
2594 4182
197 3488
3479 3488
3488 8849
332 3488
1427 3488
3488 8850
3679 8680
2253 8680
7725 8680
3260 8851
8851 8852
3068 8853
3636 8853
736 4373
736 5472
736 2529
736 1167
431 736
736 742
697 736
736 6950
3712 7529
2042 7529
3711 7529
1806 7529
7529 7530
5653 7529
5658 7529
7613 7614
1359 1374
1361 1374
1362 1374
1364 1374
1368 1374
1370 1374
1373 1374
199 564
86 199
199 4606
75 199
199 5008
199 2128
199 506
199 2287
2846 7860
2846 4773
2845 2846
2846 8777
8531 8854
6231 7403
3299 6231
6231 8855
3269 6231
6231 8856
6231 7402
6231 8857
5760 8337
3081 8337
3258 8337
81 6995
993 6995
1085 5845
7259 7260
8625 8626
3837 8625
8625 8629
982 8625
8625 8858
3826 3827
3827 3828
3827 3829
3827 3831
3827 3832
3827 3833
3827 3834
3827 3835
3827 3836
3827 3837
3827 3841
3827 3843
3827 3844
3827 3845
6153 6155
1065 6155
3022 3281
3281 3283
3281 8013
3281 4996
2221 3281
146 3281
3281 5718
4535 4827
4826 4827
4821 4827
4827 4828
2644 4827
7639 8859
7639 8860
7639 8861
761 7639
7639 8419
1384 8862
340 3697
141 3697
295 7754
5494 6735
4767 6735
770 8863
1035 8863
28 8863
7059 8863
771 8863
7440 8864
7440 7441
7440 8865
7440 7832
506 7440
2281 7440
2953 2955
2220 2953
476 2953
2076 2953
2950 2953
2226 2953
2953 2956
1231 2953
2953 2958
761 2953
2077 2953
2952 2953
1052 2953
5030 7479
1113 7479
1118 7479
2446 7479
4991 8866
3247 8867
1581 8867
1896 8867
8009 8010
3073 8009
468 2071
2071 7829
1389 2071
6192 8637
6192 8638
3312 3313
3311 3312
5730 5731
5144 6392
3480 3482
162 3022
157 162
162 2863
162 3389
160 162
2492 3586
2488 2492
472 475
3445 3454
3445 3453
2250 3445
2387 3445
3445 3447
3445 3452
3445 6285
3445 7140
3445 3455
6808 6809
5824 5827
5824 8868
5823 5824
5824 8869
5824 8870
3958 5824
4053 5647
5142 5647
5647 5648
5647 8107
1172 2008
3142 4322
2647 4322
4322 8871
4321 4322
4322 8872
4305 4306
4306 4307
4306 4308
5968 6080
1513 2053
753 2053
8133 8134
4853 8134
3882 8134
1996 3394
1074 3394
2971 3394
3390 3394
431 3394
3394 6347
3394 8120
1231 3394
2618 3394
2475 3394
3394 8873
8874 8875
765 2115
765 6270
764 765
765 2840
113 765
765 8804
1033 8559
8559 8759
8559 8760
8559 8876
1139 4164
1139 4162
222 1139
1139 3957
124 8697
1063 8877
2701 8877
8877 8878
7441 8865
2281 7441
2641 7457
3403 7457
7457 7713
7457 7714
5885 7457
6380 7457
4473 4474
886 890
4305 4308
4307 4308
8530 8879
3545 8530
1462 8530
1461 8530
8530 8880
3428 8530
8091 8530
75 77
77 2128
77 84
77 89
77 243
77 245
1239 6682
80 6682
534 6682
6682 6683
1682 6682
3871 6316
2314 2315
2314 2316
7107 8881
8882 8883
8882 8884
4348 4883
4348 8885
3185 4348
4348 4425
2077 4348
4348 4349
6133 6135
6133 8886
6133 6134
5885 6133
3322 6133
3334 3338
3334 3335
7644 7887
7644 8189
3149 7644
8525 8526
8030 8526
8526 8527
3916 7856
2324 7856
8633 8887
219 8118
496 8118
2494 8118
3291 8118
6019 8118
2997 8118
8118 8395
7512 8888
7512 8889
7512 7939
7512 8890
3931 7512
7512 8891
5049 7891
3821 7891
4686 4688
4686 4689
8892 8893
157 4679
157 160
8894 8895
6350 6351
4549 6351
160 6351
3190 8186
1248 8186
7242 7243
5182 8896
1074 1809
1074 4657
1074 4661
1074 2618
1074 7896
1074 6347
87 1074
1074 5228
4418 4419
1763 4419
5983 7242
5983 6633
2804 5983
1245 5983
294 5983
1103 2360
1099 1103
603 1103
1103 3512
324 1103
643 1103
987 1049
1049 1225
1049 2997
1048 1049
1049 4174
1049 1231
712 4512
4512 4515
160 4512
6587 6589
6587 6588
6587 6590
2984 6101
8897 8898
6981 8506
2162 8506
2337 2343
506 2343
2343 7857
526 3865
881 3865
3862 3865
2244 3865
3865 3958
2818 8191
1092 2818
2593 2818
2818 3369
2818 3123
2818 3119
2818 3366
2551 3590
3590 4369
2488 3590
3590 5304
3590 5965
3590 5963
5078 8626
5544 8626
3837 8626
8626 8629
982 8626
3491 3493
3492 3493
3493 3495
3493 3496
541 611
541 8652
541 4911
541 8899
541 543
541 4277
1497 8900
1671 2783
1671 2805
1671 1673
1671 1672
1671 8901
1671 8902
1671 2802
3418 8903
663 776
774 776
165 189
166 189
167 189
168 189
169 189
171 189
173 189
174 189
175 189
176 189
177 189
180 189
189 6409
181 189
185 189
188 189
4383 8904
2797 4383
2807 4383
4383 8670
4383 8905
1199 4383
4383 8906
3241 8907
3241 8908
3241 4108
3241 3243
3241 5406
797 1291
7142 7143
3390 3393
2971 3393
3393 4571
2955 7760
635 7760
5160 7760
160 7760
7760 8819
863 7760
6797 7760
863 8819
2416 4373
2416 2417
2416 3958
4349 4971
1262 4971
1257 4971
3533 8909
5728 8909
5565 8909
4060 8910
1257 8910
898 2662
2658 2662
180 2662
6144 8407
1890 1901
1890 7929
1890 8911
1890 3698
1890 8184
1890 8912
1890 5339
1890 1900
1890 7933
1113 8913
8913 8914
6407 7749
6407 7750
3746 6055
4243 7620
7620 8463
7620 8915
7620 8916
8404 8917
949 951
796 6358
796 1225
796 4565
155 796
796 991
796 7058
796 1894
796 4862
796 1037
796 996
219 796
796 4748
796 4749
796 988
103 796
796 1033
796 2035
796 2329
83 796
796 1299
796 4751
796 5947
796 4752
796 798
796 8918
796 4177
723 724
5228 5229
2892 5582
2892 4007
4 2892
386 2892
731 732
340 877
877 4699
146 877
395 877
877 8148
877 5238
877 878
4 877
877 1451
877 1552
877 3259
368 877
877 3180
877 6815
877 2481
6280 8685
3263 6280
4597 6280
4193 6280
6236 8288
222 3957
3957 5941
3957 4164
3957 8919
7157 7158
740 2937
483 2937
2936 2937
8920 8921
6802 6803
4778 8281
8281 8282
955 959
1557 4500
1557 2923
1557 6548
1557 4499
1557 7578
1557 7579
1198 1557
1557 3443
1175 1178
1178 1231
4046 4048
863 6797
2955 6797
7181 7183
647 7181
201 3142
3142 4911
3142 4321
3142 8922
3142 3147
2029 3142
7461 7463
7460 7463
7462 7463
4833 8496
1324 8496
886 7453
886 3765
886 2647
886 7454
886 3245
886 3766
886 3767
1849 5107
2456 2458
2121 2456
3625 3626
436 1156
1885 5746
1885 2364
1885 3015
1885 6558
1885 8923
1885 1970
1885 8924
1885 2373
629 8213
1233 8213
8213 8925
1300 8213
146 8213
628 635
628 8926
628 638
228 628
146 7622
2240 7622
3137 7622
712 8927
712 8928
712 2997
712 5792
712 7643
712 7936
712 8929
712 6931
712 6160
1968 8518
1968 4224
1968 2775
1967 1968
1968 3264
483 1968
1968 2781
4544 7674
6445 6446
123 127
127 7065
127 129
127 7067
127 128
127 7066
127 2874
165 167
166 167
167 168
167 169
167 171
167 173
167 174
167 175
167 176
167 177
167 180
167 181
167 185
167 188
1887 2484
1887 6567
1069 1887
1887 2485
1887 8419
1887 3987
1887 7560
1887 1888
328 8539
8538 8539
629 4011
8930 8931
4479 5583
4479 8932
4478 4479
754 4479
4479 7414
3155 4479
4479 8933
2076 4479
582 4479
4479 7665
3385 5838
3385 3389
2221 3385
8807 8808
8806 8807
8934 8935
8587 8934
4554 4556
4556 4559
8936 8937
8936 8938
1897 8936
4007 8939
815 4007
4007 5559
4007 5712
2986 8940
2986 8941
2986 2987
3570 8332
3364 3570
81 3570
385 3570
3570 8942
3570 8943
3570 8944
1002 8945
1002 6488
1002 1754
1002 1755
1002 8083
1002 6668
1002 8084
1900 8946
8946 8947
1812 1816
3291 7848
377 8948
2952 4709
983 7480
8524 8949
8522 8524
6609 8950
375 3556
375 1389
372 375
375 1441
375 1392
881 8951
6555 8951
6556 8951
8951 8952
1039 1225
1033 1039
597 1039
1039 7270
1039 1308
1039 6916
450 2242
2241 2242
6540 8953
8953 8954
3409 8955
7867 8955
6475 8955
8955 8956
1091 1093
1092 1093
601 1093
1093 1094
1228 3293
771 1228
1228 3700
1228 8957
2271 2287
86 2271
2880 2881
2880 6229
8958 8959
1055 7768
1055 7770
5638 5641
6755 6756
2671 2677
2672 2677
2673 2677
2676 2677
2677 2678
2677 2681
2677 2682
2677 2687
2677 2688
2677 2689
2677 2691
971 8780
971 4110
971 8960
971 8781
971 8961
971 7107
922 8962
922 3622
922 5224
922 4330
922 1910
922 1914
726 922
922 1233
922 4331
922 8963
922 3629
922 1911
922 4333
922 1913
922 924
922 4335
921 922
922 4338
922 3512
922 1912
922 3635
1030 1037
1030 4862
2997 8964
1168 4373
1167 1168
1168 4180
1168 1170
1168 1171
1168 6950
1168 1173
8965 8966
902 8967
897 902
902 2592
902 8968
902 6293
93 902
294 902
5017 8969
5017 5019
5017 6517
5017 8970
2895 5017
5015 5017
5017 8971
5017 8972
4557 5017
5017 5022
5017 8973
8185 8974
1714 1715
1714 1716
75 3994
89 3994
8975 8976
3260 8852
8265 8977
884 8265
1409 8265
75 245
245 2128
245 1771
241 245
242 245
243 245
245 7230
245 1775
863 4517
4517 4847
3081 5628
3081 6647
3081 8978
3081 8979
3081 8980
3081 8981
3081 5760
3081 3258
3081 8982
3081 8983
697 3081
1879 3793
3788 3793
1873 3793
3793 5853
3793 8984
3793 5851
8792 8794
1286 8794
2952 6748
2952 2956
2952 6019
2076 2952
2950 2952
2226 2952
2952 8985
596 2952
2952 4634
1575 1576
1576 8986
2615 5271
1059 7350
1059 8987
1058 1059
1059 5252
1295 7251
7251 8361
320 4500
320 524
320 7524
320 3416
320 2561
320 3422
320 3418
320 8983
320 3420
320 2563
320 1901
328 5031
5031 5032
8988 8989
8990 8991
1286 3263
431 3263
3263 8685
2559 3263
3263 4597
3263 5914
3149 3263
2590 3263
3263 8992
2226 3263
95 7624
95 7061
95 792
2280 2284
2275 2280
506 2280
86 2280
2280 6011
2965 5260
5260 7857
5259 5260
5260 7958
1032 8993
642 8993
3512 8993
1051 6931
6931 8994
804 6931
146 6931
823 8995
98 7864
123 7864
760 7864
2784 7864
1427 1428
1241 2636
1440 2636
1961 2636
1017 2636
631 2636
1448 2636
1241 6358
5038 6358
155 6358
81 6358
3271 6358
6358 6359
6358 8996
2530 6358
996 6358
3073 8010
8518 8997
4224 8997
577 2992
577 2997
573 577
252 263
252 8998
252 3359
2524 5653
1806 5653
5653 7530
3637 8999
2384 9000
3222 9001
6503 7823
6700 7823
6782 6784
2077 6782
2549 6782
2364 2367
2367 2368
2367 2370
2367 2372
2930 2932
2932 7647
3414 4557
4557 6347
1262 4557
4557 5218
5529 9002
3378 5529
8490 8491
8491 8492
9003 9004
4975 9003
6140 9003
7392 8310
3193 7392
2705 2706
580 1033
580 5555
580 9005
580 775
580 5554
580 596
580 8403
7619 7624
2240 7624
241 7624
1897 7624
9006 9007
7918 8494
7846 7918
7237 7238
7619 7625
5822 7625
2240 7625
1581 7625
241 7625
1231 7876
2927 7876
6664 7876
3879 7876
2828 4126
7052 7053
1067 9008
1772 9008
6831 6832
9009 9010
2132 9009
1344 1345
1345 1346
812 2975
812 813
990 9011
2559 3622
2559 3720
2559 3378
631 2559
2559 8294
2559 3184
2475 2559
2559 3365
2559 3188
2559 3127
2559 2604
726 2559
2559 3386
2559 3126
103 2559
2559 2593
2559 3390
1085 2559
1033 2559
2559 2825
1088 2559
2559 5914
2559 3119
2559 3264
2559 9012
2559 2590
2559 3189
2559 4349
1552 6815
3259 6815
6815 9013
6815 9014
1451 6815
1088 1099
1075 1088
1088 4844
1088 2593
601 1088
1088 8424
1088 2814
1083 1088
1088 2604
726 1088
81 1088
1087 1088
1088 3512
1088 3418
1088 3124
1088 6935
1085 1088
1088 1091
1088 2825
1088 5605
1088 1913
1088 2821
1088 3642
1088 3125
643 1088
1106 9015
1106 4559
2085 2087
1218 2085
2081 2085
4597 7034
7034 8833
4499 9016
7456 7458
6555 8952
6555 6556
549 6555
7056 9017
494 7056
7056 9018
1085 3423
3414 3423
3423 3424
3423 4721
1460 1462
1462 1463
1462 4677
1461 1462
1462 5988
1462 9019
4297 6848
6848 6849
5866 6848
112 764
112 113
112 7433
3382 3397
3531 6184
651 4327
651 2551
651 4325
651 792
651 9020
651 6107
651 2528
651 2549
506 5636
4767 4768
490 491
490 9021
165 175
166 175
168 175
169 175
141 175
171 175
173 175
174 175
146 175
175 176
175 706
175 177
175 180
175 181
175 8302
175 185
175 4265
175 188
175 4266
729 9022
8477 8478
623 9023
9023 9024
2651 9023
9023 9025
5683 5793
621 622
499 621
1118 2816
2816 5030
1113 2816
2446 2816
982 2816
406 407
165 180
166 180
168 180
169 180
171 180
173 180
174 180
176 180
177 180
180 181
180 185
180 188
3986 7707
8888 8891
3931 8891
8889 8891
611 2593
543 611
611 8226
611 6748
611 3463
611 3119
611 1803
611 4255
611 5773
611 1300
611 1041
611 3725
611 2594
9026 9027
8302 9026
2387 7712
1912 3092
3092 3097
681 4132
681 1441
681 1465
680 681
681 4357
681 1466
984 4713
983 984
9028 9029
9030 9031
1353 8895
7883 8895
8895 9032
1285 8895
8895 9033
8915 8916
1324 3966
3686 9034
2202 9034
5885 7713
6267 9035
6595 9036
9036 9037
2398 9036
3756 4473
3756 5402
3756 5404
3383 3756
9038 9039
9038 9040
9038 9041
147 9038
9038 9042
5509 9038
62 5675
4853 9043
9043 9044
3599 7552
7551 7552
9045 9046
9047 9048
9047 9049
8967 8968
75 242
241 242
242 243
242 9050
2409 9051
4155 9051
884 8184
1892 8184
8184 8185
8184 8187
1945 7413
1018 1019
2257 3054
3359 8998
639 3511
633 639
634 639
639 5860
639 4520
639 4267
639 827
639 4684
639 643
5792 7815
5792 6757
955 5060
2647 5060
515 516
4597 8833
86 8833
4325 9052
269 1072
2333 5688
6011 7246
1195 5583
1195 8932
1195 3155
1194 1195
1195 1199
3971 3974
680 4352
4352 7598
4352 6575
2014 4352
4352 6903
4352 4357
1466 4352
3452 3454
3453 3454
3454 3455
1113 8914
5595 5596
3533 5728
5565 5728
5586 5728
5712 8939
815 5712
5559 5712
5712 8000
8979 9053
5456 5457
5455 5456
5456 9054
4443 4622
4443 9055
4107 4443
2162 4443
2357 4443
4443 7023
3893 8840
3893 5160
3893 3940
2671 2688
2672 2688
2673 2688
2676 2688
2678 2688
2681 2688
2682 2688
2687 2688
2688 2689
2688 2691
3862 9056
2613 2617
843 987
843 1241
842 843
631 843
843 993
1033 9005
596 9005
433 1075
430 433
433 3774
433 2348
433 1829
433 2269
433 3775
433 2955
433 3740
433 7089
433 434
433 3389
433 1827
433 3887
433 4314
433 4044
4852 4854
4854 4855
2182 4854
2184 4854
3363 4854
5910 9057
985 2841
261 985
985 3184
985 4290
985 3188
983 985
2671 2672
2672 2673
2672 2676
2672 2678
2672 2681
2672 2682
2672 2687
2672 2689
2672 2691
6400 6401
6588 6589
6589 6590
1970 6589
6589 7632
9058 9059
2711 9058
4833 4937
1327 4937
1324 4937
3236 3239
3389 3416
44 3389
3931 8890
4049 9060
328 8538
1113 5936
1113 1118
1113 5030
1113 1115
1113 2446
5991 9061
5991 9062
2602 5991
2600 5991
5894 6738
6738 9063
6738 9064
6738 9065
2389 4009
4009 7847
1199 2263
7186 9066
3245 9067
9067 9068
1581 9067
1225 7270
2038 7270
991 7270
1300 7270
6024 7270
2225 7270
6171 9069
9069 9070
430 1831
1831 3416
1825 1831
434 1831
1829 1831
1225 5038
5038 8928
81 5038
1299 5038
1300 5038
5038 6359
2530 5038
1236 5038
996 5038
2225 5038
1912 9071
6278 9071
1754 9072
1754 1755
1754 9073
4797 4799
1158 4797
1159 4797
4797 4798
4797 7481
4797 5968
4797 5177
5557 5558
5557 5559
3667 9074
6670 6671
414 6670
5692 9075
2563 9075
6647 9075
8981 9075
6340 7247
431 4565
431 1075
431 1286
431 8791
431 1894
146 431
431 2528
431 8793
421 431
431 4911
431 1234
431 1241
431 600
855 3805
1344 1346
1346 9076
8746 8747
5706 5707
3797 5706
5706 9077
5706 9078
5706 9079
5706 9080
5706 9081
9082 9083
471 9082
9084 9085
9084 9086
2754 9087
8551 9088
3365 8551
8550 8551
1848 8551
827 8551
11 9089
1759 8450
6492 8450
1758 8450
9090 9091
6897 9090
4673 9090
3536 9090
9090 9092
4297 9090
6074 9090
8325 9090
8884 9090
4871 9093
3826 3835
3828 3835
3829 3835
3831 3835
3832 3835
3833 3835
3834 3835
3835 3844
3835 3837
3835 3841
3835 3843
3835 3836
3835 3845
3831 3844
3836 3844
3837 3844
3841 3844
3833 3844
3826 3844
3844 3846
3843 3844
3829 3844
3844 3845
3828 3844
3844 7664
3832 3844
3834 3844
5304 9094
823 9094
5707 9095
9033 9095
2089 9096
1913 9096
4970 9096
965 9097
3409 9097
40 9097
9097 9098
4290 9099
8398 9100
1077 8398
8397 8398
87 8398
2821 8398
8648 8729
2698 8729
6488 8083
8083 9101
6290 6567
4456 6290
3746 5788
5374 5788
5785 5788
5788 9102
5788 7963
2845 5788
5788 6714
2485 4224
2485 2775
2484 2485
2485 3264
30 2485
2485 2780
4318 6360
4044 6360
2802 3738
3738 4286
87 3738
3073 3738
3738 6719
6965 9103
1305 9104
1913 5705
395 5705
4154 5705
5142 9105
2965 9105
7073 7080
2606 2609
3645 5089
3378 3622
1076 3622
1230 3622
3622 4862
3622 4564
1236 3622
1085 3622
1973 3622
1091 3622
3424 3622
3622 4349
1672 1673
1673 8328
1673 8901
895 1673
1342 1673
1673 1775
7928 9106
5760 7716
7716 9107
3180 7716
4740 9108
6556 8952
582 4478
582 8933
582 2076
582 1726
582 7665
1466 2260
680 1466
1466 2259
1463 1466
1465 1466
1466 5513
7929 7933
7933 9109
770 3190
1248 3190
1860 9110
1860 6492
4911 4994
3392 4994
7267 7268
1427 4677
1991 7363
1991 2701
123 1991
1991 6667
1063 1991
9111 9112
3218 9111
3545 3819
1085 1236
1236 8928
1230 1236
1236 3271
1236 1299
1236 1300
1236 8424
1236 1894
1236 2225
1231 1236
996 1236
576 1236
987 1827
1827 4314
430 1827
1827 2348
434 1827
1826 1827
1827 2163
1827 1829
1827 9113
4748 4751
4749 4751
4751 4752
2768 2769
123 2262
123 2784
123 129
123 128
123 7949
1041 2641
41 1041
1041 9114
813 1041
1041 4821
1041 1709
1041 1457
1041 9115
1041 6025
1041 1501
9116 9117
909 7705
909 7330
895 909
909 9118
909 911
1242 4044
573 4044
4044 5799
6981 8505
7832 9119
4673 9120
1561 2965
1561 1562
1561 6511
5331 5333
5332 5333
1543 1544
3491 3495
3492 3495
3495 3496
3495 9121
3495 9122
130 3495
506 511
505 511
1542 4915
1542 4876
1542 8818
813 6165
6331 6334
6329 6334
1241 8793
1286 8793
4510 8418
1248 8418
268 8664
268 6518
268 6516
268 6520
4863 7657
2888 6025
4791 6025
2042 6025
596 6025
813 6025
4984 6025
5209 6025
543 9123
2042 5209
2042 3712
2042 2644
2042 5377
2042 3711
2042 5208
663 9124
8824 8825
8248 8249
8504 9125
2524 3712
81 3712
1742 3712
3512 3712
3711 3712
827 3712
3712 5658
4174 9126
2035 4174
597 4174
1837 4174
1400 4174
4174 4510
4174 4710
4174 8419
1746 4174
1242 4174
1479 7453
1479 7561
86 1479
1479 3917
1479 7126
1479 3885
789 1479
1479 2278
1479 7036
1479 2965
344 1479
1479 3916
9127 9128
87 9127
3390 9129
729 9130
3931 7939
2488 7939
7939 8128
534 9131
535 9131
2384 2386
8815 8816
8432 8433
7170 8433
1763 9132
1441 3556
6154 9133
6154 9134
1881 6154
2606 6154
5160 6154
6154 9135
3885 3918
3885 3920
3883 3885
789 3885
3885 9136
3885 3916
1257 1261
634 5860
5860 8561
2839 5860
643 5860
5544 9137
6270 8804
764 8804
113 8804
4931 5142
874 5142
2965 5142
5142 8107
5142 9138
238 3630
631 3630
3630 6985
3630 9139
3630 9140
3630 8277
8456 8813
608 8456
881 6556
549 6556
4338 9141
9141 9142
9143 9144
874 9138
2226 8452
2220 2226
635 2226
2226 2950
2221 2226
584 2226
2226 7414
1034 2226
2226 9145
1322 2226
2226 2957
83 2226
2226 2771
586 2226
476 2226
1245 6660
1245 2632
1245 2295
1245 2804
600 1245
1245 7089
1245 6633
1245 2637
1245 7242
2647 3767
3765 3767
2888 7561
6595 7561
5567 7561
7561 8725
506 564
564 3366
434 1825
1825 1829
5544 7471
1308 9146
1225 1308
629 1308
1233 1308
81 1308
1308 3447
1300 1308
995 1308
996 1308
9147 9148
1305 9147
1070 8443
75 89
89 8832
89 3990
84 89
132 133
132 3846
131 132
2318 6774
6074 6976
5036 7242
7242 7632
7089 7242
165 177
166 177
168 177
169 177
171 177
173 177
174 177
176 177
177 181
177 9149
177 185
177 188
714 716
716 717
716 718
5905 9150
5406 5905
4798 4799
4286 9151
3073 4286
2602 4286
4286 4290
2802 4286
3269 8857
241 343
5787 5882
5787 7481
1341 5787
292 5787
726 9152
4 9153
1032 8191
1092 8191
2593 8191
3119 8191
2077 8191
6900 8191
261 2461
2069 2461
3527 8385
3527 7691
2162 3527
3527 5149
3527 7692
2592 2600
2598 2600
2600 2601
2600 2602
2594 2600
5123 7862
5119 5123
5123 8484
5123 5124
5123 8485
549 551
7768 7770
2786 3131
2906 3131
3131 4876
3131 4241
281 6922
6915 6922
6922 8241
1305 6024
5211 6024
6024 9154
761 6024
689 7345
2618 9155
470 476
543 2593
2593 3366
2593 2604
2590 2593
2593 3119
2593 5994
2593 2825
2593 4255
2593 3369
2593 2821
1092 2593
2593 3123
2593 4657
3276 8589
1353 6990
6990 9156
6990 8616
3185 6990
1900 7081
2221 3894
1322 2221
2221 4657
2221 5837
2221 8013
869 6008
866 869
867 869
4423 9157
8777 9157
1045 1048
3498 3500
3209 9158
1185 3209
3209 3213
3209 9159
1295 9160
103 1295
1295 1733
261 983
566 983
983 4713
982 983
1912 9161
9161 9162
4852 4855
4855 5519
1722 6565
1722 9163
1722 9164
1722 1725
1722 9165
2162 6173
2163 6173
761 1075
754 761
761 2220
761 4216
761 9142
761 1233
752 761
761 1448
761 2329
761 4683
761 5965
761 1052
746 761
761 1034
761 5216
761 4349
5902 6292
4333 5902
1185 9158
1023 1185
1185 9166
1185 5494
1185 5207
1024 1185
2563 9167
1234 9167
2561 9167
146 429
1073 1319
454 2217
2217 5535
2215 2217
7945 7946
614 835
2409 4090
2409 4155
47 5548
47 231
30 47
1378 9168
5947 9169
1299 9169
2551 3382
2551 4327
2551 6107
792 2551
2481 9170
1017 3691
3691 9171
3691 4455
1391 3691
3691 3692
2257 3258
3258 8980
3258 9172
2132 3258
3545 8091
8091 9173
2257 8091
5279 6800
4958 6800
4956 6800
6800 9174
1069 1978
1978 4487
1978 5962
1978 9175
80 1978
1978 5961
1978 3112
1978 7665
11 9176
11 5822
7 11
11 9177
11 4195
2647 3766
2318 6775
6 2318
1759 2318
2318 9178
5952 5953
5951 5952
5952 7350
4597 9179
4916 9179
9179 9180
133 9181
3383 5402
3382 3383
3383 5404
1153 7180
1996 9182
1902 7652
1889 1902
1902 7555
1902 3837
1902 9183
1900 1902
1902 3185
8811 8812
8810 8812
7073 9184
623 9185
9185 9186
75 8285
1723 1726
3125 3642
87 3642
2604 2825
6144 9187
2895 3273
2895 5015
2895 5931
135 4539
2633 4539
4539 9188
4539 6900
4539 5560
4539 9189
4537 4539
4539 7433
9091 9092
4673 9091
6074 9091
8325 9091
8884 9091
3484 6654
851 3484
1231 3484
3455 3484
1892 3872
3872 9190
3872 9191
3189 3872
7194 7195
2598 5025
3001 7648
3366 3369
3123 3366
9177 9192
1889 7652
1889 2616
1889 1900
1889 2618
1889 9193
94 1889
1889 2622
1889 2564
1889 8397
1889 5587
1889 2561
6563 7819
3137 6563
1473 6563
8244 9194
2543 8244
6523 9195
1194 1199
1199 4269
1197 1199
911 1199
1198 1199
1199 1200
1199 1201
146 9196
1901 7652
1901 5941
1901 2561
1900 1901
1901 2563
4090 9197
524 3418
6046 6571
8355 9198
2868 2872
2872 2874
7021 7022
7021 9199
4736 7021
3149 3633
1947 3633
542 4046
4046 4777
1300 4046
1894 4046
1248 4046
86 2283
494 8212
8212 8216
1150 2917
3751 9200
483 7532
3846 7532
7532 9201
9202 9203
8670 8905
2387 8670
8670 8906
8670 8904
1742 8087
526 3411
526 539
526 9204
526 1033
526 5287
526 2035
83 526
526 4020
526 3866
526 8540
526 7226
526 3862
8667 8668
8668 8669
2512 2519
2512 2517
8354 8355
8911 8980
8980 8983
1017 8980
3365 8550
75 7230
243 7230
8949 9205
5544 9206
3679 8679
2655 9207
851 3925
1134 5817
1134 9209
1134 3953
1134 3077
1134 5821
3953 9210
1460 1461
1461 1463
1461 5988
2999 3000
2992 3000
9004 9211
40 965
40 3409
40 9212
1132 1135
8108 8984
5851 8984
5853 8984
2563 5042
2563 6647
2563 8981
2563 8580
1234 2563
2560 2563
2563 8629
672 2563
2563 2564
2563 9213
2563 4238
2563 5486
2563 5692
2561 2563
2563 8674
3409 9214
2561 9214
1009 8751
8199 8751
2978 5707
3746 5659
86 3746
3746 5785
2281 3746
2667 3746
2278 3746
3746 3748
2284 3746
2285 3746
3746 5783
3746 5784
1076 3390
1076 1085
1076 1682
1076 1511
1076 2947
1076 2471
1076 8157
1076 1392
238 1076
1076 4785
1076 3424
586 1076
1076 1608
1076 3271
1076 1778
1076 3473
1076 1494
632 1076
1076 1248
2442 2443
2443 2444
6643 8129
4055 5303
6915 8241
5535 9215
9215 9216
6903 8237
897 6903
1872 6903
6903 9217
5544 6903
2481 6903
6903 6904
1391 3692
1271 1273
1272 1273
1167 1170
1167 1171
1167 1173
5632 5726
855 5726
3926 6892
2923 6892
6892 9218
1752 6892
6892 7764
3929 6892
1587 9219
5692 7530
1806 7530
468 1202
1202 1403
6796 8315
2240 9220
5825 9221
5825 5982
5825 9222
9223 9224
2561 6507
1539 5505
1539 2965
513 1539
4528 4529
4998 9225
2210 2434
2107 2111
3188 9012
3184 9012
3795 9226
8693 9227
7352 8693
2315 2316
7832 8864
2189 8193
2189 4077
2189 9228
2189 2197
2189 9229
2108 3680
2107 3680
792 4325
2135 9230
2134 2135
1646 8059
1646 8271
1646 4458
1646 9231
1646 8841
1638 1646
1646 2923
1646 4957
1646 4954
1646 9232
2195 2196
2193 2195
1947 9233
2475 4660
1996 9234
1495 2210
8413 9235
4238 9235
1575 8986
5544 6648
4845 6648
726 6648
2014 3474
2014 2983
2014 6095
2014 2997
1424 2014
2014 2620
1422 2014
1423 2014
1806 6631
6575 9236
434 7418
385 5250
3817 5695
961 5695
987 7762
897 7762
2101 2102
2102 5217
2481 8321
1389 7829
261 1389
1389 1778
1389 1511
1389 1392
680 9237
680 4074
2285 2667
2666 2667
2289 9238
5823 9238
1892 8187
884 8187
8185 8187
8187 8674
8713 9239
3411 3866
3866 5287
3866 4020
7170 8432
1726 3022
3022 6246
3022 3894
3022 8749
3022 3422
3022 5838
2863 3022
1872 7569
8209 8211
8210 8211
4992 4993
9240 9241
1234 9240
7069 7072
7069 7070
7069 7071
4240 7599
9242 9243
9242 9244
9242 9245
1766 5833
1763 1766
1766 7938
1766 8768
1766 1767
6499 9246
9246 9247
3179 6933
6933 9248
3591 6933
683 6933
2389 6933
1533 1534
752 4216
4216 5965
30 4216
8057 8058
328 5032
3185 4565
3185 9249
1544 3185
3185 3837
3185 5211
103 3185
3185 8072
3185 9250
3185 9156
3185 7032
1305 3185
3185 4049
2237 2488
1262 2237
1758 2237
1759 2237
2237 6492
2237 7044
6667 7363
2701 6667
1063 6667
4373 4374
4374 5472
4374 6950
2788 2792
3821 9251
1932 3821
3821 5049
4487 7420
7420 8607
7419 7420
436 7420
6609 9252
9252 9253
7960 9254
315 316
1233 3986
1961 3986
3986 3989
9255 9256
3222 9257
331 8120
331 332
331 2971
331 804
331 2475
331 805
3586 9072
2488 9072
3141 3144
8318 8319
3029 4482
638 4482
4482 9258
2543 2544
2628 9259
1035 2628
2671 2689
2673 2689
2676 2689
2678 2689
2681 2689
2682 2689
2687 2689
2689 2691
955 1026
624 6236
624 6238
624 625
1353 3869
1927 3869
3754 3869
3534 4403
4403 6368
1052 4403
5692 9260
1730 3390
1730 9261
1730 8183
2387 6285
1305 9154
5211 9154
1091 4564
1973 4564
4283 4510
642 4283
103 4283
1974 9262
5379 9263
81 8561
385 8561
8561 9264
7460 7461
7460 7462
7843 7844
1384 4719
961 4719
1409 4719
4611 9265
5455 5457
5301 5302
5302 5304
7065 7067
7066 7067
2874 7067
2364 2368
2368 2370
2368 2372
589 590
589 1286
589 3774
589 3462
589 1894
87 589
589 1075
589 608
589 3643
589 929
589 1391
589 5020
589 4600
589 1087
589 2118
586 589
589 2839
589 6684
4305 4307
4307 4309
2077 6784
2549 6784
9266 9267
4748 4752
4749 4752
9268 9269
1394 2592
1384 2592
2592 2601
1121 1123
1122 1123
1384 4636
3126 4636
2089 4636
924 4636
355 608
355 609
764 9061
9061 9062
135 9061
2602 9061
1759 5266
1758 5266
4142 4145
4144 4145
4145 4146
2693 6232
4515 6232
8387 9270
1837 8387
1300 8387
6680 8387
2602 9062
2345 2965
1755 2345
2693 4852
2693 3216
2693 3726
485 2693
2693 4959
892 2693
2419 4092
2419 8846
2419 2422
222 5794
1175 5785
1980 1985
8786 8787
8787 8788
5941 5943
815 8939
815 5559
815 8000
4900 7948
3473 7948
6517 6521
2055 2827
2827 3909
2827 7096
2827 2828
2827 3363
2827 3910
4597 4941
6595 9271
5838 9271
1085 5605
615 5605
3462 9272
5331 5332
3428 4787
1172 2048
2488 8057
2488 8015
2488 9273
2488 3764
2488 3586
2488 9274
8767 9275
1900 9183
238 8277
8277 9139
1170 1171
1170 1173
5042 8674
3837 8674
3837 4881
165 166
166 168
166 169
166 171
166 173
166 174
166 176
166 181
166 185
166 188
248 1051
1051 2564
1050 1051
1051 5020
1051 6684
3996 7053
5207 6036
7061 7062
3072 3073
2324 3072
7691 8385
2162 7691
5149 7691
7691 7692
774 5823
774 8716
1494 8652
543 8652
319 2775
319 2800
4287 5107
753 9276
5494 9276
8072 9277
3637 8072
93 8072
8072 9278
4241 8072
1913 8963
924 8963
8490 8492
1957 5543
1158 5968
1159 5968
2920 9279
302 9279
2651 9216
2651 9025
2303 2651
2650 2651
2651 9280
165 188
168 188
169 188
171 188
173 188
174 188
176 188
181 188
185 188
8664 9281
6521 8664
9282 9283
1225 1242
851 1242
1229 1242
1231 1242
597 1242
1242 4710
1242 4667
1242 2037
573 1242
1242 5799
1631 7215
1430 1431
8056 9281
1732 1749
2501 3681
1066 7892
1065 1066
324 603
323 324
324 4565
324 3512
324 672
87 324
324 2360
4373 5472
9284 9285
4779 9286
1048 9286
1441 1556
1017 1441
9287 9288
2814 2821
494 5895
3416 5895
3591 5895
5894 5895
6909 6910
2172 8292
8610 8612
8610 8611
31 41
8580 9289
306 3416
3416 3422
3416 3418
3416 3420
3416 9290
7044 7605
7605 7606
7605 7940
2678 2691
2162 2678
2673 2678
2676 2678
2678 2681
2678 2682
2678 2687
2671 2678
2180 2184
823 2184
2184 6216
2182 2184
2183 2184
2184 3363
499 1990
3931 8888
1829 3931
3931 8128
1526 8005
9158 9291
344 9291
8620 9291
7821 9291
1912 9162
2641 5624
6567 7207
4956 4962
4962 7226
3418 4962
4852 7036
3216 4852
4852 5519
3428 9107
5238 9107
1553 9107
6348 9107
3940 9292
8124 8125
3364 7250
3364 5613
2055 3364
3363 3364
4053 5648
428 2863
434 2863
1969 2863
146 2863
1148 2863
2863 2865
1488 6510
6510 6837
1122 6510
8419 9293
1009 9293
6654 6929
6928 6929
6929 9294
4853 6218
83 9295
1033 9295
8595 8596
9296 9297
4030 8581
219 4087
4087 5279
4087 9298
2329 4087
3269 4087
83 4087
8268 9299
8268 9300
344 8268
8227 8268
146 8268
8268 9301
8268 9302
4565 5784
5784 6054
4911 5784
5099 5784
5784 5961
3189 5784
2802 4290
663 3686
2647 3686
2202 3686
302 3686
775 3686
3686 8716
3011 6955
6955 8510
1118 6955
6955 6957
789 7453
789 3916
491 9021
9024 9025
4778 8282
4999 5001
280 5001
855 5632
857 5632
4998 8716
4542 4998
4911 4998
4996 4998
280 3916
280 9303
280 1521
280 1778
280 720
2220 9304
8985 9304
938 9304
7302 9158
6964 6965
281 6965
452 6965
2513 9305
990 7497
6107 8097
294 9306
7989 9307
8358 9307
4090 8495
4090 4826
4090 9308
1946 4090
782 4090
4090 4155
1981 1985
1982 1984
1982 1985
485 486
608 1075
608 3774
608 8715
608 2547
608 768
608 8062
608 5020
608 9309
608 8813
608 1638
608 2348
608 629
608 2839
608 7047
608 609
4623 4627
2639 4627
2162 4627
4627 7169
566 982
842 845
842 846
6647 8580
1234 8580
8580 9213
2561 8580
294 825
5177 5470
5177 7481
3283 4996
1742 4060
1742 4984
1742 3711
1742 9310
1742 7321
4622 4623
4623 7169
130 340
130 477
130 4917
128 130
130 9121
130 9122
2637 4394
2632 2637
1225 2225
1017 1306
421 8992
4598 8992
5849 5918
1070 5849
5154 5849
4338 5849
3940 5849
996 5040
726 5224
642 3511
642 4510
642 726
642 1032
81 642
642 3512
103 642
642 4594
642 1392
642 2329
83 642
642 4333
642 728
642 3475
642 729
632 642
642 643
332 3112
666 3112
3112 8718
3112 5933
3112 3113
3112 8688
3112 4526
7070 7072
7070 7071
4853 8135
3386 3390
3386 7103
3386 6263
3386 7660
3386 5206
3386 7104
6006 9311
6006 6034
4605 8732
4605 4606
4605 4607
4605 8733
4144 4605
3180 5760
5760 7093
103 367
647 8171
961 8171
2650 8171
7867 8956
615 4970
1262 4970
2089 4970
1913 4970
1162 2519
1162 1163
5982 9221
9221 9222
5941 9312
1892 5941
3055 3056
7065 7066
2874 7066
138 2448
138 9313
3378 4595
1872 4595
4333 4595
4595 7895
4595 8947
5707 7416
7412 7416
631 1305
1305 1544
1305 9148
1305 7651
1305 5211
1069 1305
1305 2012
1305 8823
1305 4077
9314 9315
4531 9314
9314 9316
4532 9314
93 897
93 3252
93 2632
93 94
93 4241
1324 3965
3965 6421
718 3327
4347 7920
4347 7919
165 168
165 169
165 171
165 173
165 174
165 176
165 181
165 185
3411 4020
1896 3411
3411 4154
768 2449
2448 2449
823 2449
6293 9259
1485 4416
4416 9317
534 9318
1621 1622
4956 9319
7575 9319
2202 9319
302 9319
5201 7210
5200 5201
4053 4055
4053 4054
4053 4057
4053 4059
1868 1879
1868 1871
1868 1873
1868 1870
2439 5809
2439 8361
726 2439
5044 9320
1871 1879
1871 1873
1870 1871
3837 8629
982 8629
8629 9321
2561 8629
5149 7692
8859 8861
241 8861
8861 9322
1352 8861
787 8861
4761 7734
4130 7734
8739 8742
1892 7316
2045 7316
2532 6654
98 100
5486 9323
5485 5486
2528 5486
5486 5866
1552 5238
1552 3259
1552 9324
1552 1556
1451 1552
75 1771
243 1771
241 1771
3311 3313
1925 3311
7429 9325
4814 7281
5362 5363
5800 5801
4519 9326
476 2244
2240 2244
2035 2244
1299 2244
2244 2949
1894 2244
543 2244
2244 3264
81 2244
9039 9040
1067 9327
2598 4657
2598 2602
2594 2598
1931 1936
1932 1936
1934 1936
1936 1937
1936 1938
2180 2182
2182 6216
2182 2183
4327 6107
459 6107
4876 6107
2549 6107
9328 9329
2543 9194
7889 7890
1870 9330
1870 1879
1870 1873
1870 7444
726 9331
3958 8174
4853 8174
8174 8860
1398 8201
1778 8201
1608 8201
1494 8201
549 3726
3725 3726
3726 3727
1511 1591
1591 1604
2321 2326
955 3958
955 961
955 2650
955 2647
955 9048
955 7182
961 9332
3916 7729
7729 8232
7729 9303
720 7729
6170 6171
9333 9334
8242 9333
2490 3595
7606 8128
2954 5838
5838 6595
448 450
450 5464
450 2127
450 454
450 4956
450 2241
5718 9335
770 2865
532 9336
532 9337
638 9338
635 638
638 6916
638 3648
638 2839
1017 1442
299 2660
201 5374
201 4911
472 895
895 5287
895 1342
813 895
895 6120
895 1341
895 4594
895 8328
1493 1494
4534 7447
2162 7447
4984 7447
5485 7792
1271 1272
1241 4199
631 4199
988 4199
1052 4199
9339 9340
4331 8962
921 4331
8327 9341
3462 9342
9342 9343
4849 5369
2534 4849
2888 4849
4849 5211
631 4849
1248 4849
5516 5517
7551 9344
3599 7551
5392 5393
3184 3189
3184 3188
168 171
169 171
171 173
171 174
171 176
171 181
171 185
2309 8639
2309 3119
131 2309
2309 3430
3916 6077
5535 9345
5535 9216
781 1353
781 782
4810 4817
3218 4817
534 3149
5821 9209
3953 5821
2549 4945
534 5809
855 857
2207 2211
2209 2211
1970 4130
1970 9346
1970 7632
5359 9347
701 702
702 705
2620 9348
9348 9349
5955 9350
5955 9351
5955 7723
5955 6745
5955 6883
5955 7724
5955 6904
1647 5246
1647 2573
1642 1647
1647 9352
1640 1647
1647 5248
1647 9353
1872 2204
6883 7724
7723 7724
147 5509
382 8234
385 8234
7599 8234
8234 8236
8234 8459
5402 5404
3202 5404
5404 7584
5404 9354
5404 9355
5404 5869
726 7575
726 4565
726 1509
726 1230
726 1085
726 3512
726 4845
726 3124
726 4956
726 4594
726 9032
726 4682
726 2329
726 4333
726 728
726 3173
726 924
726 729
630 726
726 5464
726 8361
726 3125
726 3591
726 4225
643 726
1778 2034
387 2034
2034 6094
1019 2034
1874 2034
2034 2165
2034 2430
2034 6095
2034 4958
2034 5891
2034 4960
2034 4095
2034 2611
2034 5890
2034 8145
83 8452
83 996
83 988
83 103
83 1033
83 2035
83 2329
83 635
83 4863
83 9356
84 6095
6095 8145
4095 6095
6084 6087
8207 9357
4987 9357
2797 2807
5483 9358
5243 9359
764 7938
75 2128
243 2128
1879 2128
2116 2128
2128 2287
1873 2128
2123 2128
1248 2128
2128 2131
2234 9360
2234 4952
2234 9361
2234 8207
2234 9362
2234 4987
2234 9363
2234 3318
846 2234
2234 4961
2234 4590
5890 5891
45 9364
45 965
45 9365
45 9366
45 7632
4911 8716
5252 8716
4142 4144
4144 8732
4144 4146
2647 6777
3245 6777
4894 9367
1931 1932
1932 1934
1932 1937
1932 1938
4554 6857
5928 6857
6499 9247
87 3877
9166 9368
7560 9166
3473 9166
4950 4961
5956 9369
9369 9370
7158 9369
219 4862
1291 4862
1230 4862
4080 4862
1031 4862
3926 3929
3929 8299
8979 9371
586 3643
1075 3643
3125 3643
4164 5683
4164 9372
5379 5380
4542 9373
4542 6595
4542 4911
6171 8242
3741 6171
6171 9070
663 9374
7963 9375
2845 9375
3255 3256
1286 2590
2590 3119
2590 2604
1065 6153
6540 8954
6540 9376
6492 9110
1758 6492
1759 6492
3725 3731
3021 8535
1017 1440
1017 1445
1017 2633
1017 1448
1017 9377
1017 1408
1017 7535
1239 6683
534 6683
1682 6683
4152 8095
8942 8943
6205 6207
2081 2084
817 2081
1218 2081
2081 2087
2044 2045
1892 2045
961 2650
961 4650
961 3817
647 961
961 3958
961 9378
961 5697
961 2747
961 7048
961 7050
3894 5837
3422 3894
30 3894
5457 6814
341 344
1720 9379
5301 9379
9380 9381
351 3807
898 3807
4487 5961
5961 5962
5099 5961
4911 5961
2641 4255
4255 6748
3119 4255
1794 4255
1807 4255
1172 4255
5539 6350
2534 5539
3467 5692
586 3467
3467 3469
3463 3467
9382 9383
6374 6376
2134 9230
4977 7777
4977 7778
1225 1286
1286 8792
1286 2997
1286 1894
1286 2528
1286 2971
1286 4911
1286 8791
1286 3264
1241 1286
600 1286
1286 3761
6501 8849
197 8849
459 5499
459 7895
5499 9384
238 9139
9139 9385
966 6017
6016 6017
4887 6017
1709 6017
6654 6928
81 5021
2671 2673
2673 2676
2673 2681
2673 2682
2673 2687
2673 2691
9386 9387
692 1014
688 692
689 692
9020 9388
4142 4146
874 9389
874 6246
9390 9391
1118 2446
2446 5030
982 2446
6967 6969
3491 3492
3491 3496
3523 9392
7032 9393
534 535
535 9394
535 9395
503 6011
1763 4418
9396 9397
3453 7140
834 5694
4692 4693
3137 5197
3342 9398
4357 9399
3529 3531
3529 6909
3529 7799
3529 3530
9400 9401
1330 1331
1331 1332
3137 7819
7044 7819
7805 7806
1075 3125
3124 3125
515 7830
515 7831
515 9402
515 7832
515 1511
6270 7433
764 7433
1587 7433
113 7433
7433 9403
3889 7597
2992 2997
2992 2999
4429 4908
4427 4429
5567 5568
3765 7453
2647 3765
3765 7454
3245 3765
7996 7997
7997 7998
146 1148
231 1148
884 8977
9188 9404
1264 1269
1266 1269
666 8838
4425 4883
1957 4425
4425 8555
4478 8933
4478 7665
8084 9405
6488 8084
8759 8760
5666 5668
5666 5667
6633 6660
1763 3711
3074 9406
315 3074
506 3074
3074 7857
5134 9407
8381 9407
8720 8721
7461 7462
1023 1024
937 2698
2698 9408
2697 2698
5238 9409
3180 9409
2285 2287
2284 2287
2278 2287
86 2287
3916 7453
7453 7454
267 792
792 4423
792 4326
792 2528
792 4327
7737 9410
9410 9411
4900 9261
8183 9261
8302 9261
1969 4791
1758 2570
1758 1759
1758 2342
5205 5209
5206 5209
5559 8939
600 8791
5206 7660
1876 7660
5211 9412
8969 8971
8970 8971
8971 8972
8971 8973
4590 9363
9361 9363
2281 2282
2275 2281
2281 2285
2278 2281
86 2281
2281 2284
494 2281
2282 2284
86 2282
5956 9413
3052 9413
302 2920
302 9414
302 2202
302 4956
302 306
2360 2519
222 2519
2519 3937
2359 2519
2517 2519
8448 9415
5078 5544
5544 9416
1699 5544
4423 5544
5544 6526
5544 9403
1599 5544
1867 5956
1638 5956
3052 5956
1509 1513
1513 6959
1513 4080
1513 2012
1424 1513
1513 1874
1513 3474
1513 9417
1513 2913
1513 4078
9418 9419
9420 9421
81 9264
81 6359
81 827
81 996
81 1233
81 3512
81 2530
81 8059
81 8471
81 385
81 629
81 1058
81 1638
81 995
647 648
647 3817
647 7183
3817 9378
4554 5928
6037 6038
3916 8105
7668 8105
921 3629
3629 3635
6609 9422
9253 9422
534 8126
4487 5962
4487 4494
3430 4487
1494 8232
1494 7732
1494 1608
1494 9423
1494 1638
1492 1494
1494 1778
1494 3409
1494 1511
1494 9424
1494 1618
1494 6904
5558 5559
5559 8000
2196 3582
590 5366
586 590
590 6684
5683 5796
5683 9425
3456 9426
387 3546
382 387
387 8841
387 2010
387 2202
387 3549
387 3551
7916 9427
2777 7916
1398 8390
8390 8391
8390 8392
5889 8390
597 1225
597 6137
597 631
597 4565
597 5319
597 1033
472 4505
4505 6535
623 4505
4505 5910
4505 4506
851 2530
2530 6359
1079 2530
1248 2530
4353 7700
2943 7700
7598 7700
6084 7700
7583 7700
3474 7700
6916 7700
1423 7700
3113 8688
2547 4718
4718 4722
4808 4816
3147 4808
4381 4388
4381 4387
4667 4668
4667 9428
3921 5982
8022 9429
8810 8811
5909 6250
732 5715
1624 5715
4327 8280
4327 9430
2549 4327
4600 9431
2955 6795
146 3180
3180 5238
3179 3180
1052 3180
629 3180
3180 9432
3180 9248
368 3180
2389 3180
2193 9433
5739 9434
5738 5739
3714 5739
5739 9435
2012 9436
3342 8264
1967 2775
2775 9437
2775 8544
143 2775
2775 3537
2775 2780
2775 9438
5554 5555
2780 7250
1967 2780
2780 5993
2780 7252
2780 8544
2780 9438
4464 9439
9439 9440
8258 9439
8236 9439
309 7348
3515 3517
3517 4137
3517 4135
3517 3520
3517 8483
3517 3519
1892 9441
9441 9442
3189 9441
6019 8985
1879 2123
2116 2123
1873 2123
2123 2131
6217 6220
8242 9334
222 224
1359 1362
1361 1362
1362 1364
1362 1368
1362 1370
1362 1373
168 185
169 185
173 185
174 185
176 185
181 185
7777 7778
2 4
4 4414
4 2172
6503 6700
603 2360
603 1099
603 615
603 643
4825 5205
5205 5206
421 4598
764 1677
9121 9122
2641 2644
2644 9443
2644 4535
2644 4825
2644 4534
2642 2644
2644 5208
2644 9444
3403 6380
572 1322
572 1526
572 4188
572 4193
572 4195
5982 9222
1794 9445
4826 9445
9445 9446
6516 6520
314 315
1896 1898
1310 1311
9447 9448
1234 5366
1048 5366
672 5366
5366 7059
601 5366
5366 7958
706 6074
705 706
706 4265
706 9449
41 1063
1063 1067
1063 1794
1063 7363
1063 5858
1063 2701
2954 2957
635 2957
2957 2958
476 2957
2616 2622
2618 2622
3837 9321
3916 9450
3916 9303
3916 7668
720 3916
3916 7126
471 3916
2324 3916
3591 3916
3916 7127
754 8932
5583 8932
3155 8932
771 3390
28 771
770 771
771 6916
614 834
614 615
4205 4206
4205 8008
4205 5218
4205 9451
8859 9322
7127 7668
3591 7127
1900 7652
5583 5584
5584 6019
2642 5584
5584 5585
8979 9452
2065 8979
8979 8983
4938 8030
8030 8033
5868 5870
5869 5870
428 434
248 3940
732 1624
1624 5713
5582 7248
6858 6859
1292 8419
3531 8543
3531 6909
3530 3531
1234 9241
1234 3189
1234 2564
1234 4238
1234 2561
1234 9453
672 1234
2561 9213
705 9454
421 4597
4597 9180
4597 4916
4597 9455
4597 9456
4597 9457
4597 5218
9458 9459
2084 2087
817 2087
1218 2087
4607 9460
889 9460
1767 5833
945 1152
754 5655
292 6253
6466 9461
1511 9461
3496 6546
3492 3496
3496 6547
1024 6659
7063 7064
7063 9462
4673 9092
6074 9092
8325 9092
8884 9092
1198 7779
5513 5880
4887 4888
966 4887
4887 6016
1709 4887
2528 4565
421 4565
3512 4565
4565 6054
103 4565
4565 4594
1700 4565
4565 4571
4565 6916
573 4565
600 4565
643 4565
2348 9463
7302 9464
7302 7303
977 4745
977 4318
977 1035
977 4238
1121 1122
241 9465
6421 9466
1326 4551
6202 6205
631 1048
1048 2348
1048 7790
1033 1048
1048 8749
1048 7059
1048 1052
1048 4779
1048 4180
3418 3420
3420 3422
2658 3420
937 2494
2220 2494
2494 7966
476 2494
2494 9467
2494 2771
2807 5154
494 5215
1300 5091
1894 5091
5091 9468
2971 8120
2475 8120
4603 4610
4607 4610
3626 4610
483 4610
4024 5742
3586 8015
1600 3586
664 666
103 666
666 729
666 3211
666 3456
666 3029
666 8688
3409 4779
3409 9469
3409 6475
3409 8855
3409 8078
3409 4068
2561 3409
3409 4692
965 3409
3409 7949
3409 9098
6236 6238
9470 9471
9470 9472
1031 8452
1031 5866
1384 5682
1409 5682
4333 9473
1342 8328
3909 3910
2828 3909
2387 7423
7422 7423
8156 8157
9474 9475
1299 9476
1622 9477
1806 5658
340 5965
752 5965
5963 5965
4657 5965
3698 5965
4407 4408
4406 4407
292 9478
1763 9479
1763 7379
4996 9480
720 9303
720 6140
720 9481
5613 5614
494 5614
3615 9482
3614 3817
3614 3615
3615 3817
1779 9483
1888 1900
1900 8947
241 1900
1896 1900
2384 9484
4211 4212
4783 4784
9485 9486
6571 9485
6140 9487
1069 1072
1072 4629
1070 1072
1072 5354
1065 7892
1065 1531
1391 4600
1391 9488
1391 1457
87 1391
1391 4863
136 4537
135 136
4473 9489
4473 5513
1327 4936
1326 4936
1324 4936
1896 6384
4114 6384
5822 5823
2289 5823
1911 1912
7996 7998
3432 3433
1141 2220
499 622
499 623
1243 2531
851 1243
1243 8148
6411 6412
4848 4850
1069 9175
4371 9490
9037 9491
2398 9491
911 4269
1075 3774
1075 8715
87 1075
1075 3775
1075 2839
1075 5020
1075 9309
1052 1075
1075 1638
586 1075
1075 7252
1075 3879
3797 3801
197 4705
197 4704
432 2955
2955 3740
2955 2958
2077 2955
4908 9492
4427 4908
4908 9493
8156 9494
4853 4860
3882 4860
2077 6786
3591 7668
3591 9495
3591 5107
3591 5708
3591 3594
494 3591
3320 3322
3321 3322
3322 8341
3322 7305
3322 8342
3322 6134
3322 6135
3322 5885
9496 9497
8908 9498
5406 8908
9133 9134
9134 9135
965 9098
965 6162
965 4333
965 3126
965 7331
965 2089
1067 5858
1067 7383
2038 6137
2529 6137
3447 6137
1300 6137
1894 6137
1553 6137
4180 7790
234 236
8552 8828
416 9499
414 416
9500 9501
372 9502
9176 9177
988 9503
596 9503
798 9503
1448 5267
8994 9504
9504 9505
241 1772
241 1897
241 4833
75 241
241 243
241 1775
241 5822
241 1581
241 1352
549 9506
9506 9507
6620 6621
3068 3636
3245 9068
9068 9508
1581 9068
1326 1327
1327 4553
1324 1327
1327 5571
5028 5029
1763 8335
6588 6590
929 932
921 2996
2996 8302
146 2996
2996 9300
344 2996
2996 3001
3714 9435
3714 9434
3264 4847
5565 5586
6350 9509
7721 9510
4835 8307
9126 9511
1746 9126
5617 7065
5617 8608
4373 6950
1092 3123
3119 3123
3123 3369
494 3123
1631 7681
4212 7681
8544 8545
1996 1997
1894 1996
1996 5155
1581 5822
146 5781
340 5781
141 5781
881 4996
3440 3443
2923 3443
3443 4500
1198 3443
3211 8359
8359 8360
1037 1225
1037 5211
9421 9512
1233 3758
1233 4683
1233 1894
1233 9513
1034 1233
1233 1556
1233 1448
1233 2329
1233 1300
892 1233
629 1233
1233 3447
2452 8035
2452 3304
4063 6776
75 84
75 3990
75 86
75 243
75 3993
75 1775
75 7171
75 8832
9063 9065
9063 9064
8250 8251
1797 1798
1794 1798
8209 8210
9514 9515
267 4326
8969 8973
8970 8973
8972 8973
5334 6526
56 593
55 56
6254 6255
1638 5036
5009 5036
5036 9516
2560 2561
2561 4845
672 2561
2561 4238
2561 2564
2561 6350
1248 2561
1353 1927
7250 7252
7250 8227
3463 7250
3363 7250
496 3291
3291 6019
3291 5585
4423 9416
2442 2444
1225 2528
2528 4911
2528 2534
600 2528
494 2528
1248 2528
9517 9518
9517 9519
2077 2549
9520 9521
8886 9520
3143 3144
2802 9151
5102 9151
2602 9151
506 3855
3855 6011
5796 9425
5796 9522
8847 8848
2121 4807
8770 9523
8770 9524
8599 8770
2804 6633
2602 2802
2594 2602
9299 9300
9300 9525
9300 9526
9300 9301
9300 9302
629 631
629 9527
629 1032
629 5866
629 1300
629 3424
629 5903
3904 3905
4657 4661
4657 6347
4657 4659
4657 5994
4657 5963
543 4657
7071 7072
8723 8724
1091 3378
1085 3378
768 3378
3378 7895
3378 9002
1448 3378
5403 5513
68 69
9528 9529
6439 9530
9530 9531
2180 2183
2183 6216
2783 2805
2783 2810
483 2783
2783 2802
2774 2783
2805 8902
2802 2805
2391 9532
9532 9533
2384 9532
1631 1947
1631 4212
1631 1637
1631 1639
1631 1642
1631 1643
1631 3359
3626 4607
9534 9535
9534 9536
3414 4721
4721 4722
4721 7047
2547 4721
4927 4930
4926 4930
163 1956
163 775
155 163
1794 2641
2641 5885
2641 9114
2641 9115
2641 4825
2641 7714
813 2641
2641 2642
1172 2641
6034 9311
1009 8199
1009 8419
1009 2257
1069 8419
8419 8860
3879 8419
4929 6981
2162 6981
6981 8454
7892 9537
4170 9538
41 1457
8983 9539
1225 8416
1225 1231
996 1225
1033 1225
573 1225
155 1225
988 1225
1225 4653
1225 5947
945 1225
1225 1299
1225 1241
798 1225
600 1225
4116 4124
2639 6119
3863 4277
1803 7218
615 7218
586 3469
3463 3469
3460 3469
3295 3469
4916 4917
1807 9540
6116 7381
6084 9541
385 9542
382 9542
496 6019
468 623
622 623
623 2248
623 2249
623 9186
623 9025
623 6792
472 623
584 7414
7665 8933
1553 5238
3512 8523
534 9395
1033 6916
1700 6916
4571 6916
7352 9227
7352 9543
7352 9544
6059 6060
6059 6062
4394 9545
4060 4068
4068 4692
141 340
340 5963
146 340
340 472
340 469
340 3698
340 9546
340 477
340 1555
340 471
340 8148
3259 9014
9014 9547
754 3155
752 754
754 3637
754 760
5443 5445
6263 9548
1922 4526
1922 3036
344 1922
8565 8567
8566 8567
4863 9356
5692 6647
6647 8978
6647 8981
697 6647
4730 6647
586 3462
3462 6503
3462 6426
3462 9343
884 8185
1892 8185
3189 8185
8763 9549
9549 9550
9549 9551
7491 7492
2714 7492
8859 9552
1775 9552
1638 8270
8270 8271
1070 4629
1070 5918
1069 1070
1070 3119
1070 4338
2960 6666
6924 9336
5660 9336
3295 3463
1617 1619
1618 1619
1616 1619
1958 9553
9553 9554
1608 8199
8199 8200
1778 8199
2257 8199
5583 5585
5585 6019
5585 9555
2359 5585
3602 5585
898 9556
9557 9558
3243 8907
3243 9559
3243 5603
3243 5406
1526 9560
643 1099
9518 9519
663 5479
5477 5479
1931 5479
5479 5480
2954 3890
3700 3890
3889 3890
2888 5211
5211 8823
2329 5211
2470 5211
631 5211
573 5211
4277 8899
4911 8899
813 1488
811 813
813 2975
813 5207
813 1024
9561 9562
2295 3545
2295 4241
1526 9563
124 9563
5066 9564
5062 6172
5078 6172
2163 6172
2275 2278
2278 2285
2274 2278
86 2278
2278 2284
494 2278
2971 6350
160 6350
5157 6350
5154 6350
5202 5207
5062 5207
5207 7832
5203 5207
1511 5207
1024 5207
1763 9565
5735 5736
2200 8842
1230 8928
1299 8928
3545 9566
3382 5390
2945 9567
6103 9567
1423 9567
2253 7725
7725 9568
8235 8237
2431 8235
4659 4661
4661 6347
4661 5228
661 3673
6627 6628
3770 8512
8565 8566
469 471
469 477
7103 7104
7104 7656
2240 7104
1778 6370
573 631
573 6348
573 5866
573 2832
573 1299
573 630
1958 9554
7575 9569
5254 9569
740 2936
6330 6333
6328 6330
3860 6293
3860 3861
6879 6880
680 6880
6877 6880
2260 6880
1359 1364
1364 1373
1364 1368
1364 1370
1361 1364
1698 1699
1698 1700
9570 9571
1897 9570
5889 8391
8391 8392
714 717
1997 9572
87 5842
87 601
87 1077
87 1910
87 2802
87 2821
87 9128
87 3879
87 494
1231 8452
1231 6664
155 1231
1231 2927
851 1231
1231 1829
1230 1231
1034 1231
1231 3879
1231 7651
1231 1300
1231 1241
630 1231
811 9573
811 9574
1967 2781
2781 3846
483 2781
3452 3453
3452 3455
5667 5668
5423 5424
683 3174
932 3414
932 6565
932 2484
932 6568
932 3413
932 3299
1437 1438
4357 8154
680 8154
4132 8154
276 889
276 2026
276 1719
276 2025
1171 4060
1171 3245
1171 9575
945 1171
1171 1173
4947 7590
2011 4947
2030 4947
1913 3512
1913 3126
1913 1914
1913 2165
1913 8346
1913 4333
615 1913
1403 1913
924 1913
1912 1913
1913 2089
3546 3551
3549 3551
2289 3501
6311 6312
5297 9450
5297 8026
4534 5297
2162 5297
689 7346
688 689
689 7347
689 5885
3348 5213
1803 5993
2949 3937
1894 2949
2949 5216
2949 4844
1807 2949
2949 3264
476 2949
168 174
169 174
173 174
174 176
174 181
1172 1204
4975 6140
414 6140
2172 6140
1896 6140
6418 6419
2956 8452
2076 2956
2950 2956
596 2956
294 6270
294 9576
294 295
6818 7093
3669 5216
3669 5287
4748 4749
683 9577
9577 9578
3828 3829
3829 3832
3829 3831
3829 3833
3829 3841
3829 3834
3829 3836
3829 3837
3826 3829
3829 3843
3829 3845
281 448
448 454
448 9579
635 9580
4611 4612
281 5935
740 9581
4246 9582
3817 9582
145 2786
1938 4083
4083 6089
4534 9444
4535 9444
3320 3321
3320 9583
1622 3211
1368 9584
2836 7309
7354 7356
7356 7357
7356 7358
1938 4084
332 6864
918 6864
6861 6864
917 6864
2089 9585
4212 4258
219 2997
631 2997
6278 9586
1912 6278
103 631
103 4510
103 996
103 1033
99 103
103 988
103 1291
103 798
103 600
103 664
103 576
3958 8869
3958 8172
3958 4793
3958 9587
1215 3958
3958 7047
506 3958
7587 7589
7588 7589
2253 9568
6595 9588
1956 6595
6595 9037
3422 6595
4526 6595
2398 6595
4519 5217
2101 5217
4520 5217
1118 5030
1118 6957
4492 8349
6134 6135
5885 6134
6015 6376
7567 7583
2431 7567
4722 4729
4722 4726
2547 4722
3447 4353
1509 3447
2529 3447
1300 3447
3447 9513
3447 4710
3447 4863
452 454
9589 9590
1509 4353
1509 2012
1509 3058
1509 4155
4431 4434
2248 2249
1406 2177
2176 2177
8287 9591
2821 8287
6426 8287
9341 9592
2616 2618
8448 9593
4391 9594
4391 9595
4108 4883
2470 3269
2470 2471
729 5708
728 5708
5708 9596
3594 5708
494 5708
421 1556
631 1556
1300 1556
1556 4571
4108 8231
2734 2735
3414 9597
4967 9598
2012 9599
2012 8272
2012 2165
2012 7175
2012 4949
1872 3318
3318 4987
3318 8207
5402 6352
6352 6353
6352 7584
3545 6352
6352 8259
5951 7350
5951 5953
3299 8855
3299 3300
3299 9600
3299 7205
382 2010
382 385
382 388
382 5020
2010 2202
2010 9601
2010 9602
1752 2010
2240 7656
2240 7619
2240 6463
2240 3743
2240 3369
2240 3414
1733 1750
1750 3787
1740 1750
4020 8800
9603 9604
7346 7347
4387 4388
7958 9605
8056 9606
3359 9606
9607 9608
2261 2262
1912 5842
3359 8056
1544 7651
1544 2037
6565 9163
9609 9610
9609 9611
2710 2714
8033 9612
990 996
155 996
996 1033
996 1299
996 1241
996 3271
995 996
576 996
622 625
3826 3828
3826 3831
3826 3832
3826 3833
3826 3834
3826 3836
3826 3837
3826 3841
3826 3843
3826 3845
5406 9150
3430 8639
2253 9613
2457 2458
2121 2458
2458 3163
4956 9614
5279 9615
1033 5279
2329 5279
5279 8461
945 5279
3029 5279
5279 9616
5279 9174
168 181
169 181
173 181
176 181
3058 9617
9617 9618
9617 9619
2207 2214
2207 2209
1406 2176
1638 8219
697 6650
6089 6090
1511 1789
6757 7815
6157 6158
2389 3179
1553 2389
2384 2389
2389 6160
2389 9248
2389 4679
146 2389
344 2389
823 2389
6514 6521
6521 9620
6521 9571
1406 1411
8059 9621
1422 9621
6664 8823
2927 6664
1034 6664
1829 6664
306 4811
3147 4811
4853 6308
6246 9389
9622 9623
2650 7801
2196 2650
2165 9624
9624 9625
1492 9626
4458 9626
1492 9627
6882 6883
4853 8860
4853 8133
4853 9044
3882 4853
1069 9628
16 2711
2711 9059
2711 2715
2711 7205
889 1719
889 4607
889 1720
889 904
889 911
1592 1958
1590 1958
1599 1958
1608 1958
1958 9629
1958 2716
1778 1958
1511 1958
1515 1958
1590 1784
534 4469
4958 4960
4956 4958
3051 3052
7435 7436
5660 7436
9625 9630
506 7857
506 2284
506 7832
506 9406
506 6011
505 506
9631 9632
680 4357
4357 7598
4132 4357
4355 4357
1740 4357
5243 5244
2784 6181
2095 6181
6181 7665
6181 7666
9048 9049
990 991
991 1299
988 991
991 1726
2324 7519
5228 6347
2950 8452
586 2950
2076 2950
2077 2950
2647 6501
3269 9633
3202 5869
764 5869
5868 5869
1587 5869
5869 9355
1021 5869
4107 8657
9114 9115
539 9204
1763 8477
1763 5833
9634 9635
4956 9636
2011 4956
4956 5464
7913 7914
4991 9637
8518 9638
4224 8518
1967 8518
7059 9078
7059 9639
3797 7059
248 7059
7059 7966
7059 8749
1829 7059
9640 9641
9640 9642
1085 3424
9643 9644
8960 9643
4397 8374
4397 4470
4397 9645
4397 8375
2035 9646
5186 5190
5187 5190
5189 5190
5190 5191
494 5107
86 494
494 5218
494 3595
494 3363
494 8216
494 4338
494 9495
494 4288
494 5216
494 6457
494 9017
494 1400
494 3594
494 2284
494 9647
494 5613
494 5474
494 4730
292 6256
1807 5216
4338 9142
1488 6837
663 3609
3607 3609
471 9083
468 472
4237 9648
4238 9648
3797 7966
3124 4353
1085 3124
7065 8608
3088 3097
1322 1526
1553 9649
4981 4982
3216 5096
748 762
6 9650
385 9264
8570 8572
2547 7047
9525 9526
9301 9526
945 9174
1775 8859
6886 6888
1300 3758
1894 3758
3193 3194
2089 9651
8372 8373
3276 8373
231 8373
601 1087
601 1091
601 2821
601 1092
601 4844
601 1094
576 601
534 9652
3230 3231
351 6906
892 6906
6906 6907
4594 8758
1451 5512
3774 5020
5107 9381
7575 9653
5464 9653
2821 9591
5882 5883
1341 5882
292 5882
2905 8042
2905 4520
2905 8043
6241 6242
6241 6243
1285 9654
1285 9032
222 9655
1759 6656
6656 6657
364 2611
1019 2611
4982 6822
1587 5375
27 2373
8473 8474
1599 8473
2965 5264
5268 8092
7583 8092
6105 8092
3828 3831
3831 3832
3831 3833
3831 3841
3831 3834
3831 3836
3831 3837
3831 3843
3831 3845
28 5160
1359 5160
160 5160
9594 9595
9078 9079
3797 9079
9079 9081
2671 2691
2676 2691
2681 2691
2682 2691
2687 2691
1759 2570
1759 6657
3453 3455
1680 1686
1682 1686
2202 2920
4510 7046
2359 2360
2359 7688
2359 9656
1726 2359
2359 3608
2359 9657
238 3456
1938 3456
663 3456
3456 9658
1682 3456
4338 6457
970 5833
8069 9659
4833 4935
1324 4935
128 129
1638 8218
8193 9228
1085 4353
2529 4353
4353 4354
4353 6103
4353 8258
2943 4353
2253 6436
2253 6435
798 990
798 2718
798 1299
798 988
798 8424
3058 4080
1777 3058
3058 9618
5402 7580
3276 8821
3250 9660
534 5579
1682 5579
1359 1361
1359 1368
1359 1370
1359 1373
1587 9661
3035 3038
168 173
169 173
173 176
827 9088
385 827
827 3512
827 6776
5374 8989
2841 5304
8767 9662
7616 9663
7616 9664
7616 9665
775 5771
2524 5658
1596 4900
1596 9666
1596 7636
3276 8372
231 8372
1515 1592
1515 1777
1511 1515
3430 9667
732 5713
9668 9669
468 1403
1403 1778
1403 1597
6214 6219
4188 4671
1511 4671
3846 4671
1746 4833
1607 1746
1400 1746
1695 1746
9641 9642
421 735
735 1876
4225 8114
1680 8282
1680 1682
1680 6246
238 4221
3144 4221
4060 5062
1257 4060
6609 7797
4496 8194
8194 8195
5064 8406
5875 5876
5707 7412
1311 4809
898 1311
9492 9493
4600 4601
1581 9508
804 8994
8994 9505
6160 8994
3009 8738
3009 7598
3009 6609
7989 8358
4462 7989
2076 7665
5062 5202
631 9670
5707 7320
9671 9672
1775 9671
3029 9258
7357 7358
7354 7357
4916 9180
3645 3648
9455 9457
8978 8981
5406 5602
5406 5603
5406 8907
2077 5659
2076 2077
1087 2077
1239 2077
1032 2077
476 2077
2077 6900
4688 9673
4683 9674
1448 4683
238 1682
534 1682
663 1682
1239 1682
8468 9675
8611 8612
4534 4535
4534 9450
4534 8026
2162 4534
2862 4845
4845 6347
485 4845
4845 6267
4844 4845
3719 9676
2923 9218
2845 6714
3670 9677
4238 4318
6292 6293
6293 7195
6293 6294
4247 4248
4246 4248
8806 8808
468 1778
468 1599
6616 6878
1950 6878
1521 1592
1521 7499
1521 3846
1521 1778
5216 5287
5216 5218
5216 6347
3512 5216
1091 6935
230 231
663 5477
1931 5477
5477 5480
1241 2220
2220 3700
476 2220
4423 7963
2845 7963
7600 7963
1445 4128
1445 1448
1445 5866
364 2618
372 2618
2618 6515
635 9678
845 846
2076 6123
6120 6123
576 1291
6463 9679
542 4777
5110 5113
5113 6270
764 5113
5113 6575
5112 5113
113 5113
5186 5187
5186 5189
5186 5191
4704 4705
630 631
630 1032
630 1874
630 6348
630 5866
630 7651
630 1034
5304 9680
7572 9681
897 6893
846 6893
4961 9361
3307 4261
3304 3307
2639 9682
6019 9683
701 705
2329 7087
4682 7087
4333 6292
6292 6294
4024 4243
4243 4587
4243 4586
344 1553
1526 1553
1553 4500
1553 6348
1300 1553
1553 2132
8915 9684
2329 9146
2329 4682
2329 9660
1894 2329
2329 2529
2329 3512
1299 2329
1033 2329
2329 3475
728 2329
729 2329
2329 3146
4673 6897
4673 9685
4673 6074
4673 8325
4673 8884
9686 9687
4107 4108
823 4107
1448 2562
1703 1709
966 1709
1709 6016
1708 1709
27 6314
4713 4915
3293 3700
1034 3700
3700 3889
6340 9578
5187 5189
5189 5191
8059 8236
4464 8236
385 8236
4954 8236
7599 8236
8236 8258
8236 9440
1946 9688
1946 3345
760 6476
6475 6476
9689 9690
6105 7583
2431 7583
2180 6216
2620 9349
1035 2620
1424 2620
1248 2620
1361 1370
1368 1370
1370 1373
4464 4466
4464 4954
4464 8258
4464 9440
4464 9691
4464 9692
4554 4559
4559 9015
6488 8945
1381 4900
4900 9693
2906 4900
4900 7636
3473 4900
4900 8302
6971 6973
542 2971
542 884
542 7044
9360 9362
7599 9362
7606 7940
3052 9694
3050 3052
3052 9695
1423 2811
1726 9657
3608 9657
3698 5963
534 5963
5883 5963
3887 5963
2121 4070
2121 2457
1392 9696
1511 7829
1511 2716
1974 2716
2716 9629
1604 2716
2716 8593
697 742
1997 6812
8685 9372
4535 5766
1700 5766
1957 9697
1957 8555
1957 4225
3126 6776
1384 3126
3126 4333
2089 3126
2547 3126
3321 8341
3321 8342
8374 8375
2089 9698
2089 3512
2089 4594
2089 8346
615 2089
2089 4333
2089 4421
299 3599
3599 9344
8960 9699
921 3635
168 169
169 176
856 857
857 859
600 9700
1300 9700
1218 2084
817 1218
1594 1602
1794 3239
4844 7917
3213 8573
3213 9701
3213 9702
3213 9159
1634 1637
4299 5287
5287 7226
3046 3048
3046 4606
3046 4607
2839 6021
2839 2840
2839 3774
635 2839
146 2839
643 2839
5947 9146
1299 9146
1879 5555
1879 2115
1879 2131
1879 2118
1873 1879
1879 2116
8905 8906
8904 8906
3990 8832
3990 3993
9243 9245
2348 4314
2348 2547
1526 4193
4193 9704
4188 4193
4193 8685
129 4193
4193 4195
4653 8018
4510 8018
7350 8018
1517 8592
141 8592
6802 6806
672 2564
672 9453
1492 7780
1636 2927
1636 1637
1590 2718
1240 1248
3335 3338
8503 8504
299 3147
3144 3147
3147 4816
3147 8922
306 3147
3147 4813
2029 3147
643 9705
643 3512
643 9706
633 643
643 4338
643 4349
4224 9638
8461 9616
8169 8172
851 1079
851 2529
851 8148
851 2531
851 3455
851 1248
5218 6347
5218 9456
9148 9707
917 919
918 919
477 4154
1158 1159
5994 6263
543 5994
3348 3349
3349 3350
3349 3351
3349 3352
2802 3073
2774 2802
5692 8981
299 2029
3828 3832
3832 3833
3832 3841
3832 3834
3832 3836
3832 3837
3832 3843
3832 3845
4354 4590
4080 4354
2162 8021
1590 1592
1590 1599
1590 1608
1400 1590
168 176
4054 4055
5808 5812
5107 9495
86 2284
86 2274
86 2275
86 3993
86 7171
86 2285
9343 9708
9343 9709
430 434
434 1829
434 1826
9710 9711
7609 9712
9713 9714
2790 2813
2777 2790
2790 2800
2023 2027
1384 1394
1394 9715
1394 3073
1394 5876
1394 1409
2208 6084
6084 9716
6084 6085
1488 4152
1122 1488
1024 1488
9717 9718
1324 9717
8786 8788
3173 9719
3173 3175
1324 9718
5464 7575
2011 5464
6877 6879
680 6879
2260 6879
1262 7044
1262 3512
1262 4969
1257 1262
1262 3073
543 5773
543 9583
6488 9720
2923 8271
8271 9231
1638 8271
8271 9232
261 267
939 5494
4767 5494
2484 5494
1897 8938
4954 8059
4458 4954
4954 8841
385 4954
4954 4957
2065 3505
3504 3505
248 249
5749 5750
683 9721
9722 9723
4345 9724
4057 4059
9725 9726
3267 3271
5660 8754
8754 8755
2422 4092
5134 8381
2062 6526
2062 8252
1984 1985
5660 6924
6924 6925
4520 6924
3474 6959
1424 6959
5889 8392
7846 8494
1198 2923
3304 4260
2868 2874
5009 9727
41 4821
1794 4821
4821 9446
4821 4826
4821 4828
4821 9031
3530 7679
6439 9531
4867 4868
7149 7150
6439 8427
6439 6440
1468 1469
1469 1471
4225 9341
5582 9341
5883 7113
292 5883
5660 7435
219 633
633 8280
633 3511
633 634
5885 7714
5019 9728
3608 8051
1330 1332
4590 9361
4080 4590
4589 4590
4000 4003
1248 2534
6802 6805
4828 6802
2594 4183
9729 9730
4128 7169
124 129
129 1526
129 4188
129 4195
2196 7476
2193 2196
1033 5319
3728 5319
1872 9731
1872 1876
386 1872
1872 4132
6246 8282
2391 7928
2364 2372
2370 2372
9732 9733
4925 4929
4926 4927
1931 1934
1934 1937
1934 1938
3050 9694
9694 9695
549 8256
9114 9734
2324 6927
290 292
155 1241
631 1241
987 1241
988 1241
1241 8424
635 1241
995 1241
634 1894
1427 4225
8490 8854
1892 3189
3189 6054
3188 3189
1772 5858
5858 7383
261 982
663 3608
990 3608
3608 9735
1726 3608
7169 7170
2639 7169
680 2260
2259 2260
2260 6877
9736 9737
898 2658
2658 3418
2029 2658
784 1341
1341 6503
292 1341
1129 9738
7651 8452
631 7651
6359 7651
4241 9739
364 1809
1809 7896
372 1809
6609 9253
1526 2105
2105 3406
884 7044
884 1892
884 9740
884 4423
882 884
663 5049
8637 8638
3987 6567
3987 6565
3463 3468
3468 3471
1703 1708
8846 9741
3926 9742
9742 9743
9663 9664
9664 9665
2202 7575
6826 7575
5254 7575
1422 3474
3473 3474
1423 3474
1424 3474
3474 3475
7732 9424
1324 4833
2984 9744
2481 2984
2983 2984
6103 7386
6103 6105
2166 6103
6103 8258
4510 4653
945 4653
4653 8416
2193 3563
1638 2193
2187 2188
7158 9370
2166 2167
351 892
924 4510
924 3512
924 4333
921 924
924 1912
8426 8427
8425 8427
8427 9745
6440 8427
8886 9521
4297 6849
3473 9350
1424 3473
1422 3473
3473 9368
3473 7560
406 3473
1423 3473
3473 9746
3473 3475
1526 4195
3846 4195
4188 4195
4271 4986
4986 9714
4986 4987
231 3276
131 133
1874 1876
1874 2431
41 1172
1172 1794
1172 4603
3483 3489
1719 1720
1398 9747
1398 1778
1398 2251
2165 9748
1033 2832
41 9749
9133 9135
1848 8550
1019 4095
8166 8167
3168 4591
306 3168
2481 8459
2481 7599
2481 9750
2481 9751
1423 2481
2481 7718
1779 9752
2118 9752
764 6270
113 6270
28 770
770 1448
8667 8669
8226 8227
5773 8226
1775 9672
4760 4761
4130 4761
1079 2529
1300 2529
1894 2529
2529 6950
1248 2529
2038 8823
2927 8823
9077 9078
3797 9077
9077 9081
3426 6846
8482 8483
6451 6452
8904 8905
663 9735
1726 9735
1451 9753
1163 9753
2384 9754
5851 8108
5851 5853
1326 9755
4292 7006
5374 9756
155 1829
155 5866
155 1300
155 3271
155 576
1779 5449
1384 9757
1384 2547
1384 4966
768 1384
1384 1409
1384 4967
1384 6776
1384 6445
1384 3073
2115 2118
1873 2118
1779 2118
1468 9758
892 6907
549 3727
2069 3727
9759 9760
549 9507
8905 9761
2750 2751
8763 9551
9550 9551
1511 6466
846 9762
5707 9763
8214 8215
113 2115
113 764
113 5112
1896 9764
1581 1896
1896 4020
1896 1897
1896 4114
4688 9765
3382 8911
3512 4421
4421 4594
1352 1353
4265 4266
3273 5931
1775 7602
98 1069
1069 3271
937 1033
631 1033
1033 2035
1033 1085
1033 3728
596 1033
124 1526
124 794
30 8013
8397 9193
94 8397
2821 8397
421 2285
421 4333
421 1876
4139 4140
6518 6520
263 285
3817 9766
8439 8440
6666 9767
1931 3146
3146 9768
1777 3146
7827 7828
7542 7543
414 8050
2904 8436
8436 9769
2777 8436
1077 1087
1077 1094
1077 2821
2200 8059
2200 4952
2200 8061
2200 5360
2200 8062
2200 2214
2200 8064
4271 9714
3155 5583
2166 6105
2391 9533
2025 2026
2431 4080
6329 6331
2799 3011
2799 2804
2798 2799
483 2799
2208 2945
2945 2947
2945 4571
4241 9278
1778 2251
9770 9771
2322 2324
2324 3073
5149 8385
2162 5149
1599 8782
9523 9524
1506 3403
2065 3504
3504 3506
3504 5254
4688 4689
937 9408
7749 7750
1867 9772
3463 8227
586 3463
3463 3471
219 8734
6267 9773
2862 6267
2387 6267
3515 6267
6267 9086
615 1803
615 8346
615 2165
990 2771
2642 9443
5208 9443
3163 4149
2162 2888
2888 9774
2888 5203
2471 2888
5062 5203
5203 9774
471 477
4825 5206
5341 8544
1122 2642
8232 8482
8232 8643
1032 7370
4108 6818
2777 2813
2800 2813
7632 9364
7632 9366
7632 9365
930 931
928 931
6263 6264
2275 2284
5377 8482
2671 2682
2676 2682
2681 2682
2682 2687
1837 2943
1837 9270
1400 1837
1837 6680
990 1299
1230 1299
1085 1299
1299 5947
1299 2035
1299 1300
1299 4177
4809 9775
7646 9775
1511 1604
1604 8593
1410 1604
3048 4606
3048 4607
9776 9777
680 6877
680 4132
680 2259
680 6616
680 6575
1423 9778
1637 2266
2257 9173
1385 1409
4606 4607
5650 8590
292 5650
1638 8715
1638 5009
631 1052
1052 4371
9779 9780
9299 9301
9301 9525
9301 9302
3202 5402
3202 9354
3202 5868
3202 9355
3202 9781
3202 9782
483 4825
4825 9783
2642 4825
4825 4835
4825 9581
2923 7578
2923 7579
2965 5259
219 990
219 988
219 7212
219 4349
746 752
752 3637
8886 9784
9784 9785
344 5960
5560 6900
5301 9786
1720 5301
5301 5304
4689 6111
4687 4689
3050 9695
7402 7403
1873 5555
1873 2115
1873 2131
1873 2116
1873 9787
732 6272
9078 9081
3797 9081
1092 4844
1087 4844
2821 4844
141 146
141 4826
1616 1617
1617 1618
143 483
9663 9665
898 9788
2845 7859
8763 9550
7330 7705
4532 7705
3534 3537
3534 6368
6047 6111
483 6047
683 6347
4957 8059
4458 4957
4957 8841
4809 7646
2655 2926
9789 9790
4779 9791
8855 9791
1637 1639
2011 4960
4537 9781
9354 9781
7177 7178
1424 3475
2067 3475
1422 3475
1423 3475
9352 9353
5248 9353
5660 9792
3119 4338
4338 5918
5275 9793
5275 9794
9795 9796
4895 4897
2642 9581
4713 9250
4713 4714
3837 4713
4713 4717
5897 5898
2065 3503
3503 3506
5402 6353
6353 7584
6353 6840
3545 6353
6353 8259
2639 7300
2172 2639
2639 2640
4077 4079
4079 8272
4079 9797
3926 9402
7832 9402
1324 1326
1651 4931
5117 8820
3245 6732
6526 8252
5078 6526
2250 6526
6526 7600
8440 8441
8440 9798
2906 9751
9750 9751
5868 9782
4520 9799
1422 4793
2431 5268
5268 5269
5268 7565
2038 3271
7600 9800
7598 7600
9691 9692
2132 9801
1892 2132
2114 2132
2132 9010
2132 3879
2132 2257
2115 9802
9802 9803
7737 9411
3269 8227
8227 9302
4987 8207
5009 8207
9804 9805
9231 9232
8969 8970
8970 8972
7970 7971
988 990
631 988
988 8424
987 988
988 1035
988 4863
596 988
8940 8941
368 4288
4288 5107
2011 2030
332 4343
1410 4030
3648 8714
4779 8855
8855 9469
4813 4816
9360 9806
1423 8012
2398 9037
5269 7598
804 805
805 3264
8193 9229
3011 6957
8302 9693
7354 7358
5660 8755
406 9350
406 9746
483 6111
4687 6111
2798 6111
1752 2202
2202 9807
9808 9809
2025 2065
2025 2067
146 6021
2840 6021
846 4949
6440 9810
248 3390
248 3797
248 631
248 9639
8525 8527
8527 9811
2165 8346
2165 2430
2165 9625
2165 4095
3926 9743
1252 1253
846 897
846 8796
1091 1973
2384 2387
2387 6263
2387 3515
2285 5659
2274 2285
2284 2285
697 6651
2364 2370
6897 6898
7609 8983
8302 8303
1400 9812
1085 1230
1085 1894
1085 3512
1085 3418
1085 8424
1085 1091
728 1085
1085 8358
1400 6680
1400 3993
4297 9685
3536 4297
4297 4299
315 3993
982 3837
982 8628
982 5030
8960 9644
6074 8325
8325 8884
476 990
146 990
990 1726
990 995
990 4349
5953 7350
1252 4943
928 930
5242 7572
3774 3775
1361 1368
1368 1373
2647 4321
898 4321
4321 5786
2971 3390
631 3390
3390 9813
385 8059
385 388
1534 5947
1534 9814
1534 4477
1300 2038
4679 7945
4477 4679
8732 8733
1618 9423
1616 1618
332 1468
332 918
332 917
632 1777
1950 6616
1392 1950
3363 3594
4586 4587
386 1876
6435 6436
8302 9027
146 8302
344 8302
9471 9472
918 6861
804 9815
146 804
817 823
1640 1642
6488 9405
7044 8600
7883 9816
3348 3352
3348 3351
3348 3350
764 9817
1967 4111
4826 4828
937 3889
937 1034
5603 9559
5603 7044
1079 1248
30 9818
2065 4458
2065 9819
1492 2065
2065 8983
2065 5009
2065 3506
5866 8339
4966 4967
2431 2433
2431 8272
2431 7565
3351 3352
3350 3352
4668 9428
2943 5062
5062 5078
5062 9820
2163 5062
1087 1092
1092 3119
1091 1092
1092 1094
1092 2821
3369 6422
1392 7560
476 2954
476 2958
5110 5112
2774 3537
9821 9822
4911 5099
1034 8452
1034 2927
1034 1230
1034 1829
1034 4458
1034 1492
1032 1034
30 5548
30 1468
30 2971
454 2127
2547 6776
9708 9709
768 9823
9315 9316
4532 9315
3896 3898
1248 1894
1248 2547
1035 1248
632 1248
1248 4510
2114 5853
2116 2131
8911 8912
1460 1463
1463 1465
9086 9773
1087 1910
1910 1912
1910 2821
1409 1910
8341 8342
2560 2564
2560 3264
782 7291
782 4114
94 9193
728 729
728 3512
728 8358
1550 8706
1581 3247
2947 8258
8258 9440
7578 7579
8061 8064
635 9824
635 995
635 9338
635 863
631 987
987 1035
9825 9826
414 9499
3837 9250
2035 4177
1300 2035
1492 7614
483 1967
483 3846
483 9201
1894 5154
1424 2777
1424 2947
1422 1424
1424 2800
1423 1424
1424 3175
1581 9827
3881 3882
2428 2430
760 3945
9816 9828
6609 9829
2777 9427
2777 9769
2777 2904
2777 2800
4526 9588
3422 4526
4526 8718
1956 4526
4730 8981
2141 4458
1492 2141
2141 9830
436 2141
2141 9831
6242 6243
3524 8272
5707 9033
2208 9716
7044 7606
4298 4299
3422 9588
1956 3422
3422 6246
3418 3422
3421 3422
8339 8886
8886 9832
3828 3834
3833 3834
3834 3841
3834 3836
3834 3837
3834 3843
3834 3845
364 372
372 600
372 1894
4130 4760
4130 4991
1423 2943
6347 8873
1892 9312
4271 8752
4271 8753
4271 4273
7599 8459
9833 9834
945 9835
2259 6616
2259 6575
2259 4132
2095 2259
1163 1451
9836 9837
1468 2971
1468 1471
1794 4826
41 1794
1794 9446
3369 6463
2971 3264
1967 3264
3350 3351
1772 6463
4492 9730
9730 9838
7473 7474
6571 9486
1361 1373
3670 4020
3670 7205
2647 6340
6340 9839
4835 8306
2769 8306
970 2172
1967 4224
1032 1087
1032 3512
1032 2076
1032 4594
5853 8108
6010 9840
3837 6310
3546 3549
238 663
1257 4969
2017 2018
2017 2029
5876 9723
1733 3269
576 3269
1409 3073
9114 9841
2011 2029
768 6918
3025 3026
3025 3660
436 7419
3313 9842
3313 8590
1485 3313
436 1492
7830 7832
7831 7832
1511 7832
1526 4188
3846 4188
2162 4024
2162 8454
2162 9450
2163 5078
1448 9674
3511 3512
3512 8424
3512 4594
2840 3512
1091 3512
729 3512
2483 4458
4531 4532
4292 9843
1324 5571
3418 3421
4369 5304
281 454
2076 5659
945 8416
4510 8416
4863 8416
3882 8133
1087 2076
2076 6120
3179 8587
8587 9844
9845 9846
7802 8413
4270 4273
596 2642
576 596
4349 9847
1914 4330
663 1726
1726 3607
1912 1914
8718 9248
1931 1938
1937 1938
4108 9848
1239 3879
2821 3879
1091 8424
1091 1094
1087 2821
4305 4309
99 5440
1608 4600
1608 1778
1511 1608
1392 1608
1608 4863
8148 9849
414 3887
5374 9737
7599 9360
600 8413
4238 8413
600 8792
4532 9316
3828 3841
3833 3841
3836 3841
3837 3841
3841 3843
3841 3845
5187 5191
1392 1510
1392 1778
1392 1974
1392 1517
1392 1601
1974 9850
1974 4273
632 1516
1410 1516
4705 9851
1410 1778
1410 1511
1410 1599
632 1410
1894 2547
1894 3418
631 1894
1894 1897
1300 1894
892 1894
4423 8777
2845 8777
1599 9852
1599 1699
1599 9853
1599 1788
1599 9854
632 1599
1517 1778
5402 7584
1422 1423
632 4510
632 1778
2029 8922
4492 9838
1778 2250
2904 9769
1511 1778
1511 3846
1511 1592
1511 9855
9852 9854
5885 6135
3137 7044
897 9217
1912 3097
1592 1778
897 8796
4520 8042
146 2840
2701 7363
243 1775
315 9856
7587 7588
4863 9857
3545 9858
3828 3833
3833 3836
3833 3837
3833 3843
3833 3845
5155 9114
1947 7211
4519 4520
4267 4520
704 9859
703 704
704 705
1422 9746
9350 9746
2531 8148
4477 7945
944 945
945 8280
3545 5402
3545 4241
3797 9078
3797 9639
586 9860
9299 9302
2475 2971
2971 4571
3414 3817
3817 4246
1215 9861
146 9546
5402 6840
1640 5248
1640 9352
2067 8011
3342 9862
1492 3342
2647 3245
760 2647
1215 2647
2647 3974
4470 9645
7664 7666
764 2115
5555 8403
1587 5376
5376 9863
1700 4535
1720 9786
1587 9355
1422 8059
8426 9745
8425 8426
4911 4996
5707 9864
2172 9865
995 8424
1215 3648
1215 3974
160 1829
1829 2927
1826 1829
7968 7970
9793 9794
2055 3363
4292 7191
4292 6198
146 1300
1300 9866
1300 9513
8514 8515
6919 6920
917 918
1087 1094
1526 9867
3533 5565
9573 9574
663 1931
663 5480
414 6503
631 1035
1035 1448
1035 4692
8883 8884
3479 5687
631 2163
631 1448
631 2524
7862 7863
1897 8937
4237 4238
2471 2642
787 9868
3179 9248
146 3179
8969 8972
2671 2687
2676 2687
2681 2687
9365 9366
9364 9365
3211 8360
4629 7318
1050 3401
1740 3787
7321 7322
773 775
703 705
2845 9869
1492 9830
1492 4458
1492 9831
364 4571
1803 4571
1700 4571
368 9870
4020 7205
3846 9855
160 4549
4716 4717
4715 4716
5402 8259
2874 7065
6214 6216
135 9189
3413 3414
1581 3245
146 344
146 8148
146 9432
3846 7664
1526 3846
3846 9871
1699 1700
1058 5252
534 8025
4132 6575
764 6575
5248 9352
1230 9872
1175 7781
8752 8753
4500 6548
534 1637
534 1239
3828 3843
3828 3836
3828 3837
3828 3845
3536 4298
6535 6536
3277 9519
1239 5009
4277 4911
4911 6437
4132 6616
7400 9873
1997 9874
2845 4705
7830 7831
1931 8635
9723 9875
368 5339
5338 5339
6074 8884
4600 4863
8059 8841
442 2798
1587 9863
1931 5480
364 600
364 368
9543 9544
4835 9783
4826 9783
9031 9446
4826 9446
775 1956
2163 2475
8484 8485
4779 9469
344 8620
549 553
6198 7191
1772 4826
3836 3837
3836 3843
3836 3845
549 2069
2069 3728
292 6503
6073 6074
8339 9832
5345 5349
2769 4835
9535 9536
2671 2681
2676 2681
760 6475
368 1564
549 3728
2798 2804
2800 2804
549 9876
1931 1937
5707 9877
6328 6333
2906 4241
2471 5369
4715 4717
4826 4835
306 8026
2798 2800
1575 8198
3837 3843
3843 3845
1956 9588
1947 1956
3837 6616
3837 3845
966 6016
4496 8195
2671 2676
9364 9366
4333 4594
