13590 21240
1 11611
1 1999
1981 11611
1984 11611
1987 11611
1990 11611
5132 11611
5135 11611
5150 11611
5153 11611
5168 11611
5171 11611
2 11612
2 2000
1982 11612
1985 11612
1993 11612
1996 11612
5138 11612
5141 11612
5156 11612
5159 11612
5174 11612
5177 11612
3 11613
3 2001
1988 11613
1991 11613
1994 11613
1997 11613
5144 11613
5147 11613
5162 11613
5165 11613
5180 11613
5183 11613
4 11614
4 2020
2002 11614
2005 11614
2008 11614
2011 11614
5186 11614
5189 11614
5204 11614
5207 11614
5222 11614
5225 11614
5 11615
5 2021
2003 11615
2006 11615
2014 11615
2017 11615
5192 11615
5195 11615
5210 11615
5213 11615
5228 11615
5231 11615
6 11616
6 2022
2009 11616
2012 11616
2015 11616
2018 11616
5198 11616
5201 11616
5216 11616
5219 11616
5234 11616
5237 11616
7 11617
7 2041
2023 11617
2026 11617
2029 11617
2032 11617
5240 11617
5243 11617
5258 11617
5261 11617
5276 11617
5279 11617
8 11618
8 2042
2024 11618
2027 11618
2035 11618
2038 11618
5246 11618
5249 11618
5264 11618
5267 11618
5282 11618
5285 11618
9 11619
9 2043
2030 11619
2033 11619
2036 11619
2039 11619
5252 11619
5255 11619
5270 11619
5273 11619
5288 11619
5291 11619
10 11620
10 2062
2044 11620
2047 11620
2050 11620
2053 11620
5294 11620
5297 11620
5312 11620
5315 11620
5330 11620
5333 11620
5348 11620
5351 11620
5366 11620
5369 11620
5384 11620
5387 11620
5402 11620
5405 11620
11 11621
11 2063
2045 11621
2048 11621
2056 11621
2059 11621
5300 11621
5303 11621
5318 11621
5321 11621
5336 11621
5339 11621
5354 11621
5357 11621
5372 11621
5375 11621
5390 11621
5393 11621
5408 11621
5411 11621
12 11622
12 2064
2051 11622
2054 11622
2057 11622
2060 11622
5306 11622
5309 11622
5324 11622
5327 11622
5342 11622
5345 11622
5360 11622
5363 11622
5378 11622
5381 11622
5396 11622
5399 11622
5414 11622
5417 11622
13 11623
13 2083
2065 11623
2068 11623
2071 11623
2074 11623
5420 11623
5423 11623
5438 11623
5441 11623
5456 11623
5459 11623
5474 11623
5477 11623
5492 11623
5495 11623
14 11624
14 2084
2066 11624
2069 11624
2077 11624
2080 11624
5426 11624
5429 11624
5444 11624
5447 11624
5462 11624
5465 11624
5480 11624
5483 11624
5498 11624
5501 11624
15 11625
15 2085
2072 11625
2075 11625
2078 11625
2081 11625
5432 11625
5435 11625
5450 11625
5453 11625
5468 11625
5471 11625
5486 11625
5489 11625
5504 11625
5507 11625
16 11626
16 2104
2086 11626
2089 11626
2092 11626
2095 11626
5510 11626
5513 11626
5528 11626
5531 11626
5546 11626
5549 11626
5564 11626
5567 11626
5582 11626
5585 11626
17 11627
17 2105
2087 11627
2090 11627
2098 11627
2101 11627
5516 11627
5519 11627
5534 11627
5537 11627
5552 11627
5555 11627
5570 11627
5573 11627
5588 11627
5591 11627
18 11628
18 2106
2093 11628
2096 11628
2099 11628
2102 11628
5522 11628
5525 11628
5540 11628
5543 11628
5558 11628
5561 11628
5576 11628
5579 11628
5594 11628
5597 11628
19 11629
19 2125
2107 11629
2110 11629
2113 11629
2116 11629
5600 11629
5603 11629
5618 11629
5621 11629
5636 11629
5639 11629
5654 11629
5657 11629
20 11630
20 2126
2108 11630
2111 11630
2119 11630
2122 11630
5606 11630
5609 11630
5624 11630
5627 11630
5642 11630
5645 11630
5660 11630
5663 11630
21 11631
21 2127
2114 11631
2117 11631
2120 11631
2123 11631
5612 11631
5615 11631
5630 11631
5633 11631
5648 11631
5651 11631
5666 11631
5669 11631
22 11632
22 2146
2128 11632
2131 11632
2134 11632
2137 11632
5672 11632
5675 11632
5690 11632
5693 11632
5708 11632
5711 11632
5726 11632
5729 11632
5744 11632
5747 11632
23 11633
23 2147
2129 11633
2132 11633
2140 11633
2143 11633
5678 11633
5681 11633
5696 11633
5699 11633
5714 11633
5717 11633
5732 11633
5735 11633
5750 11633
5753 11633
24 11634
24 2148
2135 11634
2138 11634
2141 11634
2144 11634
5684 11634
5687 11634
5702 11634
5705 11634
5720 11634
5723 11634
5738 11634
5741 11634
5756 11634
5759 11634
25 11635
25 2167
2149 11635
2152 11635
2155 11635
2158 11635
5762 11635
5765 11635
5780 11635
5783 11635
5798 11635
5801 11635
5816 11635
5819 11635
5834 11635
5837 11635
26 11636
26 2168
2150 11636
2153 11636
2161 11636
2164 11636
5768 11636
5771 11636
5786 11636
5789 11636
5804 11636
5807 11636
5822 11636
5825 11636
5840 11636
5843 11636
27 11637
27 2169
2156 11637
2159 11637
2162 11637
2165 11637
5774 11637
5777 11637
5792 11637
5795 11637
5810 11637
5813 11637
5828 11637
5831 11637
5846 11637
5849 11637
28 11638
28 2188
2170 11638
2173 11638
2176 11638
2179 11638
5852 11638
5855 11638
5870 11638
5873 11638
5888 11638
5891 11638
29 11639
29 2189
2171 11639
2174 11639
2182 11639
2185 11639
5858 11639
5861 11639
5876 11639
5879 11639
5894 11639
5897 11639
30 11640
30 2190
2177 11640
2180 11640
2183 11640
2186 11640
5864 11640
5867 11640
5882 11640
5885 11640
5900 11640
5903 11640
31 11641
31 2209
2191 11641
2194 11641
2197 11641
2200 11641
5906 11641
5909 11641
5924 11641
5927 11641
5942 11641
5945 11641
5960 11641
5963 11641
5978 11641
5981 11641
5996 11641
5999 11641
6014 11641
6017 11641
32 11642
32 2210
2192 11642
2195 11642
2203 11642
2206 11642
5912 11642
5915 11642
5930 11642
5933 11642
5948 11642
5951 11642
5966 11642
5969 11642
5984 11642
5987 11642
6002 11642
6005 11642
6020 11642
6023 11642
33 11643
33 2211
2198 11643
2201 11643
2204 11643
2207 11643
5918 11643
5921 11643
5936 11643
5939 11643
5954 11643
5957 11643
5972 11643
5975 11643
5990 11643
5993 11643
6008 11643
6011 11643
6026 11643
6029 11643
34 11644
34 2230
2212 11644
2215 11644
2218 11644
2221 11644
6032 11644
6035 11644
6050 11644
6053 11644
6068 11644
6071 11644
6086 11644
6089 11644
6104 11644
6107 11644
35 11645
35 2231
2213 11645
2216 11645
2224 11645
2227 11645
6038 11645
6041 11645
6056 11645
6059 11645
6074 11645
6077 11645
6092 11645
6095 11645
6110 11645
6113 11645
36 11646
36 2232
2219 11646
2222 11646
2225 11646
2228 11646
6044 11646
6047 11646
6062 11646
6065 11646
6080 11646
6083 11646
6098 11646
6101 11646
6116 11646
6119 11646
37 11647
37 2251
2233 11647
2236 11647
2239 11647
2242 11647
5671 11647
5674 11647
6122 11647
6125 11647
6140 11647
6143 11647
6158 11647
6161 11647
6176 11647
6179 11647
6194 11647
6197 11647
6212 11647
6215 11647
38 11648
38 2252
2234 11648
2237 11648
2245 11648
2248 11648
5677 11648
5680 11648
6128 11648
6131 11648
6146 11648
6149 11648
6164 11648
6167 11648
6182 11648
6185 11648
6200 11648
6203 11648
6218 11648
6221 11648
39 11649
39 2253
2240 11649
2243 11649
2246 11649
2249 11649
5683 11649
5686 11649
6134 11649
6137 11649
6152 11649
6155 11649
6170 11649
6173 11649
6188 11649
6191 11649
6206 11649
6209 11649
6224 11649
6227 11649
40 11650
40 2272
2254 11650
2257 11650
2260 11650
2263 11650
5905 11650
5908 11650
6230 11650
6233 11650
6248 11650
6251 11650
6266 11650
6269 11650
6284 11650
6287 11650
6302 11650
6305 11650
41 11651
41 2273
2255 11651
2258 11651
2266 11651
2269 11651
5911 11651
5914 11651
6236 11651
6239 11651
6254 11651
6257 11651
6272 11651
6275 11651
6290 11651
6293 11651
6308 11651
6311 11651
42 11652
42 2274
2261 11652
2264 11652
2267 11652
2270 11652
5917 11652
5920 11652
6242 11652
6245 11652
6260 11652
6263 11652
6278 11652
6281 11652
6296 11652
6299 11652
6314 11652
6317 11652
43 11653
43 2293
2275 11653
2278 11653
2281 11653
2284 11653
5599 11653
5602 11653
6320 11653
6323 11653
6338 11653
6341 11653
6356 11653
6359 11653
6374 11653
6377 11653
44 11654
44 2294
2276 11654
2279 11654
2287 11654
2290 11654
5605 11654
5608 11654
6326 11654
6329 11654
6344 11654
6347 11654
6362 11654
6365 11654
6380 11654
6383 11654
45 11655
45 2295
2282 11655
2285 11655
2288 11655
2291 11655
5611 11655
5614 11655
6332 11655
6335 11655
6350 11655
6353 11655
6368 11655
6371 11655
6386 11655
6389 11655
46 11656
46 2314
2296 11656
2299 11656
2302 11656
2305 11656
6392 11656
6395 11656
6410 11656
6413 11656
6428 11656
6431 11656
6446 11656
6449 11656
6464 11656
6467 11656
47 11657
47 2315
2297 11657
2300 11657
2308 11657
2311 11657
6398 11657
6401 11657
6416 11657
6419 11657
6434 11657
6437 11657
6452 11657
6455 11657
6470 11657
6473 11657
48 11658
48 2316
2303 11658
2306 11658
2309 11658
2312 11658
6404 11658
6407 11658
6422 11658
6425 11658
6440 11658
6443 11658
6458 11658
6461 11658
6476 11658
6479 11658
49 11659
49 2335
2317 11659
2320 11659
2323 11659
2326 11659
6482 11659
6485 11659
6500 11659
6503 11659
6518 11659
6521 11659
6536 11659
6539 11659
50 11660
50 2336
2318 11660
2321 11660
2329 11660
2332 11660
6488 11660
6491 11660
6506 11660
6509 11660
6524 11660
6527 11660
6542 11660
6545 11660
51 11661
51 2337
2324 11661
2327 11661
2330 11661
2333 11661
6494 11661
6497 11661
6512 11661
6515 11661
6530 11661
6533 11661
6548 11661
6551 11661
52 11662
52 2356
2338 11662
2341 11662
2344 11662
2347 11662
5689 11662
5692 11662
6554 11662
6557 11662
6572 11662
6575 11662
6590 11662
6593 11662
6608 11662
6611 11662
6626 11662
6629 11662
53 11663
53 2357
2339 11663
2342 11663
2350 11663
2353 11663
5695 11663
5698 11663
6560 11663
6563 11663
6578 11663
6581 11663
6596 11663
6599 11663
6614 11663
6617 11663
6632 11663
6635 11663
54 11664
54 2358
2345 11664
2348 11664
2351 11664
2354 11664
5701 11664
5704 11664
6566 11664
6569 11664
6584 11664
6587 11664
6602 11664
6605 11664
6620 11664
6623 11664
6638 11664
6641 11664
55 11665
55 2377
2359 11665
2362 11665
2365 11665
2368 11665
6644 11665
6647 11665
6662 11665
6665 11665
6680 11665
6683 11665
6698 11665
6701 11665
6716 11665
6719 11665
6734 11665
6737 11665
6752 11665
6755 11665
56 11666
56 2378
2360 11666
2363 11666
2371 11666
2374 11666
6650 11666
6653 11666
6668 11666
6671 11666
6686 11666
6689 11666
6704 11666
6707 11666
6722 11666
6725 11666
6740 11666
6743 11666
6758 11666
6761 11666
57 11667
57 2379
2366 11667
2369 11667
2372 11667
2375 11667
6656 11667
6659 11667
6674 11667
6677 11667
6692 11667
6695 11667
6710 11667
6713 11667
6728 11667
6731 11667
6746 11667
6749 11667
6764 11667
6767 11667
58 11668
58 2398
2380 11668
2383 11668
2386 11668
2389 11668
6229 11668
6232 11668
6770 11668
6773 11668
6788 11668
6791 11668
6806 11668
6809 11668
6824 11668
6827 11668
6842 11668
6845 11668
6860 11668
6863 11668
59 11669
59 2399
2381 11669
2384 11669
2392 11669
2395 11669
6235 11669
6238 11669
6776 11669
6779 11669
6794 11669
6797 11669
6812 11669
6815 11669
6830 11669
6833 11669
6848 11669
6851 11669
6866 11669
6869 11669
60 11670
60 2400
2387 11670
2390 11670
2393 11670
2396 11670
6241 11670
6244 11670
6782 11670
6785 11670
6800 11670
6803 11670
6818 11670
6821 11670
6836 11670
6839 11670
6854 11670
6857 11670
6872 11670
6875 11670
61 11671
61 2419
2401 11671
2404 11671
2407 11671
2410 11671
5185 11671
5188 11671
6878 11671
6881 11671
6896 11671
6899 11671
6914 11671
6917 11671
6932 11671
6935 11671
6950 11671
6953 11671
6968 11671
6971 11671
6986 11671
6989 11671
62 11672
62 2420
2402 11672
2405 11672
2413 11672
2416 11672
5191 11672
5194 11672
6884 11672
6887 11672
6902 11672
6905 11672
6920 11672
6923 11672
6938 11672
6941 11672
6956 11672
6959 11672
6974 11672
6977 11672
6992 11672
6995 11672
63 11673
63 2421
2408 11673
2411 11673
2414 11673
2417 11673
5197 11673
5200 11673
6890 11673
6893 11673
6908 11673
6911 11673
6926 11673
6929 11673
6944 11673
6947 11673
6962 11673
6965 11673
6980 11673
6983 11673
6998 11673
7001 11673
64 11674
64 2440
2422 11674
2425 11674
2428 11674
2431 11674
5851 11674
5854 11674
7004 11674
7007 11674
7022 11674
7025 11674
7040 11674
7043 11674
65 11675
65 2441
2423 11675
2426 11675
2434 11675
2437 11675
5857 11675
5860 11675
7010 11675
7013 11675
7028 11675
7031 11675
7046 11675
7049 11675
66 11676
66 2442
2429 11676
2432 11676
2435 11676
2438 11676
5863 11676
5866 11676
7016 11676
7019 11676
7034 11676
7037 11676
7052 11676
7055 11676
67 11677
67 2461
2443 11677
2446 11677
2449 11677
2452 11677
5761 11677
5764 11677
7058 11677
7061 11677
7076 11677
7079 11677
7094 11677
7097 11677
7112 11677
7115 11677
7130 11677
7133 11677
68 11678
68 2462
2444 11678
2447 11678
2455 11678
2458 11678
5767 11678
5770 11678
7064 11678
7067 11678
7082 11678
7085 11678
7100 11678
7103 11678
7118 11678
7121 11678
7136 11678
7139 11678
69 11679
69 2463
2450 11679
2453 11679
2456 11679
2459 11679
5773 11679
5776 11679
7070 11679
7073 11679
7088 11679
7091 11679
7106 11679
7109 11679
7124 11679
7127 11679
7142 11679
7145 11679
70 11680
70 2482
2464 11680
2467 11680
2470 11680
2473 11680
7148 11680
7151 11680
7166 11680
7169 11680
7184 11680
7187 11680
7202 11680
7205 11680
71 11681
71 2483
2465 11681
2468 11681
2476 11681
2479 11681
7154 11681
7157 11681
7172 11681
7175 11681
7190 11681
7193 11681
7208 11681
7211 11681
72 11682
72 2484
2471 11682
2474 11682
2477 11682
2480 11682
7160 11682
7163 11682
7178 11682
7181 11682
7196 11682
7199 11682
7214 11682
7217 11682
73 11683
73 2503
2485 11683
2488 11683
2491 11683
2494 11683
6553 11683
6556 11683
7220 11683
7223 11683
7238 11683
7241 11683
74 11684
74 2504
2486 11684
2489 11684
2497 11684
2500 11684
6559 11684
6562 11684
7226 11684
7229 11684
7244 11684
7247 11684
75 11685
75 2505
2492 11685
2495 11685
2498 11685
2501 11685
6565 11685
6568 11685
7232 11685
7235 11685
7250 11685
7253 11685
76 11686
76 2524
2506 11686
2509 11686
2512 11686
2515 11686
7256 11686
7259 11686
7274 11686
7277 11686
7292 11686
7295 11686
77 11687
77 2525
2507 11687
2510 11687
2518 11687
2521 11687
7262 11687
7265 11687
7280 11687
7283 11687
7298 11687
7301 11687
78 11688
78 2526
2513 11688
2516 11688
2519 11688
2522 11688
7268 11688
7271 11688
7286 11688
7289 11688
7304 11688
7307 11688
79 11689
79 2545
2527 11689
2530 11689
2533 11689
2536 11689
7310 11689
7313 11689
7328 11689
7331 11689
80 11690
80 2546
2528 11690
2531 11690
2539 11690
2542 11690
7316 11690
7319 11690
7334 11690
7337 11690
81 11691
81 2547
2534 11691
2537 11691
2540 11691
2543 11691
7322 11691
7325 11691
7340 11691
7343 11691
82 11692
82 2566
2548 11692
2551 11692
2554 11692
2557 11692
7346 11692
7349 11692
83 11693
83 2567
2549 11693
2552 11693
2560 11693
2563 11693
7352 11693
7355 11693
84 11694
84 2568
2555 11694
2558 11694
2561 11694
2564 11694
7358 11694
7361 11694
85 11695
85 2587
2569 11695
2572 11695
2575 11695
2578 11695
6319 11695
6322 11695
7003 11695
7006 11695
7364 11695
7367 11695
7382 11695
7385 11695
7400 11695
7403 11695
7418 11695
7421 11695
7436 11695
7439 11695
86 11696
86 2588
2570 11696
2573 11696
2581 11696
2584 11696
6325 11696
6328 11696
7009 11696
7012 11696
7370 11696
7373 11696
7388 11696
7391 11696
7406 11696
7409 11696
7424 11696
7427 11696
7442 11696
7445 11696
87 11697
87 2589
2576 11697
2579 11697
2582 11697
2585 11697
6331 11697
6334 11697
7015 11697
7018 11697
7376 11697
7379 11697
7394 11697
7397 11697
7412 11697
7415 11697
7430 11697
7433 11697
7448 11697
7451 11697
88 11698
88 2608
2590 11698
2593 11698
2596 11698
2599 11698
5293 11698
5296 11698
7454 11698
7457 11698
7472 11698
7475 11698
7490 11698
7493 11698
7508 11698
7511 11698
89 11699
89 2609
2591 11699
2594 11699
2602 11699
2605 11699
5299 11699
5302 11699
7460 11699
7463 11699
7478 11699
7481 11699
7496 11699
7499 11699
7514 11699
7517 11699
90 11700
90 2610
2597 11700
2600 11700
2603 11700
2606 11700
5305 11700
5308 11700
7466 11700
7469 11700
7484 11700
7487 11700
7502 11700
7505 11700
7520 11700
7523 11700
91 11701
91 2629
2611 11701
2614 11701
2617 11701
2620 11701
5779 11701
5782 11701
7526 11701
7529 11701
7544 11701
7547 11701
7562 11701
7565 11701
7580 11701
7583 11701
7598 11701
7601 11701
7616 11701
7619 11701
92 11702
92 2630
2612 11702
2615 11702
2623 11702
2626 11702
5785 11702
5788 11702
7532 11702
7535 11702
7550 11702
7553 11702
7568 11702
7571 11702
7586 11702
7589 11702
7604 11702
7607 11702
7622 11702
7625 11702
93 11703
93 2631
2618 11703
2621 11703
2624 11703
2627 11703
5791 11703
5794 11703
7538 11703
7541 11703
7556 11703
7559 11703
7574 11703
7577 11703
7592 11703
7595 11703
7610 11703
7613 11703
7628 11703
7631 11703
94 11704
94 2650
2632 11704
2635 11704
2638 11704
2641 11704
7634 11704
7637 11704
7652 11704
7655 11704
7670 11704
7673 11704
7688 11704
7691 11704
7706 11704
7709 11704
7724 11704
7727 11704
7742 11704
7745 11704
95 11705
95 2651
2633 11705
2636 11705
2644 11705
2647 11705
7640 11705
7643 11705
7658 11705
7661 11705
7676 11705
7679 11705
7694 11705
7697 11705
7712 11705
7715 11705
7730 11705
7733 11705
7748 11705
7751 11705
96 11706
96 2652
2639 11706
2642 11706
2645 11706
2648 11706
7646 11706
7649 11706
7664 11706
7667 11706
7682 11706
7685 11706
7700 11706
7703 11706
7718 11706
7721 11706
7736 11706
7739 11706
7754 11706
7757 11706
97 11707
97 2671
2653 11707
2656 11707
2659 11707
2662 11707
5311 11707
5314 11707
7760 11707
7763 11707
7778 11707
7781 11707
7796 11707
7799 11707
98 11708
98 2672
2654 11708
2657 11708
2665 11708
2668 11708
5317 11708
5320 11708
7766 11708
7769 11708
7784 11708
7787 11708
7802 11708
7805 11708
99 11709
99 2673
2660 11709
2663 11709
2666 11709
2669 11709
5323 11709
5326 11709
7772 11709
7775 11709
7790 11709
7793 11709
7808 11709
7811 11709
100 11710
100 2692
2674 11710
2677 11710
2680 11710
2683 11710
7219 11710
7222 11710
7453 11710
7456 11710
7814 11710
7817 11710
7832 11710
7835 11710
101 11711
101 2693
2675 11711
2678 11711
2686 11711
2689 11711
7225 11711
7228 11711
7459 11711
7462 11711
7820 11711
7823 11711
7838 11711
7841 11711
102 11712
102 2694
2681 11712
2684 11712
2687 11712
2690 11712
7231 11712
7234 11712
7465 11712
7468 11712
7826 11712
7829 11712
7844 11712
7847 11712
103 11713
103 2713
2695 11713
2698 11713
2701 11713
2704 11713
5419 11713
5422 11713
7850 11713
7853 11713
7868 11713
7871 11713
7886 11713
7889 11713
7904 11713
7907 11713
104 11714
104 2714
2696 11714
2699 11714
2707 11714
2710 11714
5425 11714
5428 11714
7856 11714
7859 11714
7874 11714
7877 11714
7892 11714
7895 11714
7910 11714
7913 11714
105 11715
105 2715
2702 11715
2705 11715
2708 11715
2711 11715
5431 11715
5434 11715
7862 11715
7865 11715
7880 11715
7883 11715
7898 11715
7901 11715
7916 11715
7919 11715
106 11716
106 2734
2716 11716
2719 11716
2722 11716
2725 11716
6121 11716
6124 11716
7922 11716
7925 11716
7940 11716
7943 11716
107 11717
107 2735
2717 11717
2720 11717
2728 11717
2731 11717
6127 11717
6130 11717
7928 11717
7931 11717
7946 11717
7949 11717
108 11718
108 2736
2723 11718
2726 11718
2729 11718
2732 11718
6133 11718
6136 11718
7934 11718
7937 11718
7952 11718
7955 11718
109 11719
109 2755
2737 11719
2740 11719
2743 11719
2746 11719
6769 11719
6772 11719
7958 11719
7961 11719
7976 11719
7979 11719
7994 11719
7997 11719
8012 11719
8015 11719
110 11720
110 2756
2738 11720
2741 11720
2749 11720
2752 11720
6775 11720
6778 11720
7964 11720
7967 11720
7982 11720
7985 11720
8000 11720
8003 11720
8018 11720
8021 11720
111 11721
111 2757
2744 11721
2747 11721
2750 11721
2753 11721
6781 11721
6784 11721
7970 11721
7973 11721
7988 11721
7991 11721
8006 11721
8009 11721
8024 11721
8027 11721
112 11722
112 2776
2758 11722
2761 11722
2764 11722
2767 11722
5437 11722
5440 11722
8030 11722
8033 11722
8048 11722
8051 11722
8066 11722
8069 11722
8084 11722
8087 11722
8102 11722
8105 11722
113 11723
113 2777
2759 11723
2762 11723
2770 11723
2773 11723
5443 11723
5446 11723
8036 11723
8039 11723
8054 11723
8057 11723
8072 11723
8075 11723
8090 11723
8093 11723
8108 11723
8111 11723
114 11724
114 2778
2765 11724
2768 11724
2771 11724
2774 11724
5449 11724
5452 11724
8042 11724
8045 11724
8060 11724
8063 11724
8078 11724
8081 11724
8096 11724
8099 11724
8114 11724
8117 11724
115 11725
115 2797
2779 11725
2782 11725
2785 11725
2788 11725
5239 11725
5242 11725
8120 11725
8123 11725
8138 11725
8141 11725
116 11726
116 2798
2780 11726
2783 11726
2791 11726
2794 11726
5245 11726
5248 11726
8126 11726
8129 11726
8144 11726
8147 11726
117 11727
117 2799
2786 11727
2789 11727
2792 11727
2795 11727
5251 11727
5254 11727
8132 11727
8135 11727
8150 11727
8153 11727
118 11728
118 2818
2800 11728
2803 11728
2806 11728
2809 11728
6481 11728
6484 11728
8156 11728
8159 11728
8174 11728
8177 11728
8192 11728
8195 11728
8210 11728
8213 11728
8228 11728
8231 11728
8246 11728
8249 11728
119 11729
119 2819
2801 11729
2804 11729
2812 11729
2815 11729
6487 11729
6490 11729
8162 11729
8165 11729
8180 11729
8183 11729
8198 11729
8201 11729
8216 11729
8219 11729
8234 11729
8237 11729
8252 11729
8255 11729
120 11730
120 2820
2807 11730
2810 11730
2813 11730
2816 11730
6493 11730
6496 11730
8168 11730
8171 11730
8186 11730
8189 11730
8204 11730
8207 11730
8222 11730
8225 11730
8240 11730
8243 11730
8258 11730
8261 11730
121 11731
121 2839
2821 11731
2824 11731
2827 11731
2830 11731
7921 11731
7924 11731
8264 11731
8267 11731
8282 11731
8285 11731
8300 11731
8303 11731
8318 11731
8321 11731
122 11732
122 2840
2822 11732
2825 11732
2833 11732
2836 11732
7927 11732
7930 11732
8270 11732
8273 11732
8288 11732
8291 11732
8306 11732
8309 11732
8324 11732
8327 11732
123 11733
123 2841
2828 11733
2831 11733
2834 11733
2837 11733
7933 11733
7936 11733
8276 11733
8279 11733
8294 11733
8297 11733
8312 11733
8315 11733
8330 11733
8333 11733
124 11734
124 2860
2842 11734
2845 11734
2848 11734
2851 11734
7147 11734
7150 11734
7471 11734
7474 11734
8336 11734
8339 11734
8354 11734
8357 11734
8372 11734
8375 11734
8390 11734
8393 11734
125 11735
125 2861
2843 11735
2846 11735
2854 11735
2857 11735
7153 11735
7156 11735
7477 11735
7480 11735
8342 11735
8345 11735
8360 11735
8363 11735
8378 11735
8381 11735
8396 11735
8399 11735
126 11736
126 2862
2849 11736
2852 11736
2855 11736
2858 11736
7159 11736
7162 11736
7483 11736
7486 11736
8348 11736
8351 11736
8366 11736
8369 11736
8384 11736
8387 11736
8402 11736
8405 11736
127 11737
127 2881
2863 11737
2866 11737
2869 11737
2872 11737
6031 11737
6034 11737
8408 11737
8411 11737
8426 11737
8429 11737
8444 11737
8447 11737
128 11738
128 2882
2864 11738
2867 11738
2875 11738
2878 11738
6037 11738
6040 11738
8414 11738
8417 11738
8432 11738
8435 11738
8450 11738
8453 11738
129 11739
129 2883
2870 11739
2873 11739
2876 11739
2879 11739
6043 11739
6046 11739
8420 11739
8423 11739
8438 11739
8441 11739
8456 11739
8459 11739
130 11740
130 2902
2884 11740
2887 11740
2890 11740
2893 11740
5203 11740
5206 11740
7021 11740
7024 11740
7363 11740
7366 11740
8462 11740
8465 11740
8480 11740
8483 11740
8498 11740
8501 11740
131 11741
131 2903
2885 11741
2888 11741
2896 11741
2899 11741
5209 11741
5212 11741
7027 11741
7030 11741
7369 11741
7372 11741
8468 11741
8471 11741
8486 11741
8489 11741
8504 11741
8507 11741
132 11742
132 2904
2891 11742
2894 11742
2897 11742
2900 11742
5215 11742
5218 11742
7033 11742
7036 11742
7375 11742
7378 11742
8474 11742
8477 11742
8492 11742
8495 11742
8510 11742
8513 11742
133 11743
133 2923
2905 11743
2908 11743
2911 11743
2914 11743
5509 11743
5512 11743
8335 11743
8338 11743
8516 11743
8519 11743
8534 11743
8537 11743
8552 11743
8555 11743
134 11744
134 2924
2906 11744
2909 11744
2917 11744
2920 11744
5515 11744
5518 11744
8341 11744
8344 11744
8522 11744
8525 11744
8540 11744
8543 11744
8558 11744
8561 11744
135 11745
135 2925
2912 11745
2915 11745
2918 11745
2921 11745
5521 11745
5524 11745
8347 11745
8350 11745
8528 11745
8531 11745
8546 11745
8549 11745
8564 11745
8567 11745
136 11746
136 2944
2926 11746
2929 11746
2932 11746
2935 11746
5923 11746
5926 11746
8570 11746
8573 11746
137 11747
137 2945
2927 11747
2930 11747
2938 11747
2941 11747
5929 11747
5932 11747
8576 11747
8579 11747
138 11748
138 2946
2933 11748
2936 11748
2939 11748
2942 11748
5935 11748
5938 11748
8582 11748
8585 11748
139 11749
139 2965
2947 11749
2950 11749
2953 11749
2956 11749
6571 11749
6574 11749
8588 11749
8591 11749
8606 11749
8609 11749
140 11750
140 2966
2948 11750
2951 11750
2959 11750
2962 11750
6577 11750
6580 11750
8594 11750
8597 11750
8612 11750
8615 11750
141 11751
141 2967
2954 11751
2957 11751
2960 11751
2963 11751
6583 11751
6586 11751
8600 11751
8603 11751
8618 11751
8621 11751
142 11752
142 2986
2968 11752
2971 11752
2974 11752
2977 11752
6139 11752
6142 11752
7525 11752
7528 11752
8624 11752
8627 11752
8642 11752
8645 11752
143 11753
143 2987
2969 11753
2972 11753
2980 11753
2983 11753
6145 11753
6148 11753
7531 11753
7534 11753
8630 11753
8633 11753
8648 11753
8651 11753
144 11754
144 2988
2975 11754
2978 11754
2981 11754
2984 11754
6151 11754
6154 11754
7537 11754
7540 11754
8636 11754
8639 11754
8654 11754
8657 11754
145 11755
145 3007
2989 11755
2992 11755
2995 11755
2998 11755
6877 11755
6880 11755
8515 11755
8518 11755
8660 11755
8663 11755
8678 11755
8681 11755
8696 11755
8699 11755
8714 11755
8717 11755
8732 11755
8735 11755
146 11756
146 3008
2990 11756
2993 11756
3001 11756
3004 11756
6883 11756
6886 11756
8521 11756
8524 11756
8666 11756
8669 11756
8684 11756
8687 11756
8702 11756
8705 11756
8720 11756
8723 11756
8738 11756
8741 11756
147 11757
147 3009
2996 11757
2999 11757
3002 11757
3005 11757
6889 11757
6892 11757
8527 11757
8530 11757
8672 11757
8675 11757
8690 11757
8693 11757
8708 11757
8711 11757
8726 11757
8729 11757
8744 11757
8747 11757
148 11758
148 3028
3010 11758
3013 11758
3016 11758
3019 11758
5527 11758
5530 11758
7633 11758
7636 11758
7849 11758
7852 11758
8750 11758
8753 11758
8768 11758
8771 11758
8786 11758
8789 11758
149 11759
149 3029
3011 11759
3014 11759
3022 11759
3025 11759
5533 11759
5536 11759
7639 11759
7642 11759
7855 11759
7858 11759
8756 11759
8759 11759
8774 11759
8777 11759
8792 11759
8795 11759
150 11760
150 3030
3017 11760
3020 11760
3023 11760
3026 11760
5539 11760
5542 11760
7645 11760
7648 11760
7861 11760
7864 11760
8762 11760
8765 11760
8780 11760
8783 11760
8798 11760
8801 11760
151 11761
151 3049
3031 11761
3034 11761
3037 11761
3040 11761
5941 11761
5944 11761
8804 11761
8807 11761
8822 11761
8825 11761
8840 11761
8843 11761
8858 11761
8861 11761
8876 11761
8879 11761
152 11762
152 3050
3032 11762
3035 11762
3043 11762
3046 11762
5947 11762
5950 11762
8810 11762
8813 11762
8828 11762
8831 11762
8846 11762
8849 11762
8864 11762
8867 11762
8882 11762
8885 11762
153 11763
153 3051
3038 11763
3041 11763
3044 11763
3047 11763
5953 11763
5956 11763
8816 11763
8819 11763
8834 11763
8837 11763
8852 11763
8855 11763
8870 11763
8873 11763
8888 11763
8891 11763
154 11764
154 3070
3052 11764
3055 11764
3058 11764
3061 11764
5455 11764
5458 11764
6643 11764
6646 11764
6895 11764
6898 11764
8155 11764
8158 11764
8894 11764
8897 11764
155 11765
155 3071
3053 11765
3056 11765
3064 11765
3067 11765
5461 11765
5464 11765
6649 11765
6652 11765
6901 11765
6904 11765
8161 11765
8164 11765
8900 11765
8903 11765
156 11766
156 3072
3059 11766
3062 11766
3065 11766
3068 11766
5467 11766
5470 11766
6655 11766
6658 11766
6907 11766
6910 11766
8167 11766
8170 11766
8906 11766
8909 11766
157 11767
157 3091
3073 11767
3076 11767
3079 11767
3082 11767
7165 11767
7168 11767
8912 11767
8915 11767
8930 11767
8933 11767
8948 11767
8951 11767
158 11768
158 3092
3074 11768
3077 11768
3085 11768
3088 11768
7171 11768
7174 11768
8918 11768
8921 11768
8936 11768
8939 11768
8954 11768
8957 11768
159 11769
159 3093
3080 11769
3083 11769
3086 11769
3089 11769
7177 11769
7180 11769
8924 11769
8927 11769
8942 11769
8945 11769
8960 11769
8963 11769
160 11770
160 3112
3094 11770
3097 11770
3100 11770
3103 11770
8587 11770
8590 11770
8966 11770
8969 11770
161 11771
161 3113
3095 11771
3098 11771
3106 11771
3109 11771
8593 11771
8596 11771
8972 11771
8975 11771
162 11772
162 3114
3101 11772
3104 11772
3107 11772
3110 11772
8599 11772
8602 11772
8978 11772
8981 11772
163 11773
163 3133
3115 11773
3118 11773
3121 11773
3124 11773
8984 11773
8987 11773
9002 11773
9005 11773
9020 11773
9023 11773
164 11774
164 3134
3116 11774
3119 11774
3127 11774
3130 11774
8990 11774
8993 11774
9008 11774
9011 11774
9026 11774
9029 11774
165 11775
165 3135
3122 11775
3125 11775
3128 11775
3131 11775
8996 11775
8999 11775
9014 11775
9017 11775
9032 11775
9035 11775
166 11776
166 3154
3136 11776
3139 11776
3142 11776
3145 11776
5473 11776
5476 11776
6661 11776
6664 11776
9038 11776
9041 11776
9056 11776
9059 11776
9074 11776
9077 11776
9092 11776
9095 11776
167 11777
167 3155
3137 11777
3140 11777
3148 11777
3151 11777
5479 11777
5482 11777
6667 11777
6670 11777
9044 11777
9047 11777
9062 11777
9065 11777
9080 11777
9083 11777
9098 11777
9101 11777
168 11778
168 3156
3143 11778
3146 11778
3149 11778
3152 11778
5485 11778
5488 11778
6673 11778
6676 11778
9050 11778
9053 11778
9068 11778
9071 11778
9086 11778
9089 11778
9104 11778
9107 11778
169 11779
169 3175
3157 11779
3160 11779
3163 11779
3166 11779
6787 11779
6790 11779
9110 11779
9113 11779
9128 11779
9131 11779
9146 11779
9149 11779
9164 11779
9167 11779
170 11780
170 3176
3158 11780
3161 11780
3169 11780
3172 11780
6793 11780
6796 11780
9116 11780
9119 11780
9134 11780
9137 11780
9152 11780
9155 11780
9170 11780
9173 11780
171 11781
171 3177
3164 11781
3167 11781
3170 11781
3173 11781
6799 11781
6802 11781
9122 11781
9125 11781
9140 11781
9143 11781
9158 11781
9161 11781
9176 11781
9179 11781
172 11782
172 3196
3178 11782
3181 11782
3184 11782
3187 11782
6499 11782
6502 11782
6805 11782
6808 11782
9182 11782
9185 11782
9200 11782
9203 11782
9218 11782
9221 11782
9236 11782
9239 11782
173 11783
173 3197
3179 11783
3182 11783
3190 11783
3193 11783
6505 11783
6508 11783
6811 11783
6814 11783
9188 11783
9191 11783
9206 11783
9209 11783
9224 11783
9227 11783
9242 11783
9245 11783
174 11784
174 3198
3185 11784
3188 11784
3191 11784
3194 11784
6511 11784
6514 11784
6817 11784
6820 11784
9194 11784
9197 11784
9212 11784
9215 11784
9230 11784
9233 11784
9248 11784
9251 11784
175 11785
175 3217
3199 11785
3202 11785
3205 11785
3208 11785
7651 11785
7654 11785
8803 11785
8806 11785
9254 11785
9257 11785
9272 11785
9275 11785
9290 11785
9293 11785
9308 11785
9311 11785
176 11786
176 3218
3200 11786
3203 11786
3211 11786
3214 11786
7657 11786
7660 11786
8809 11786
8812 11786
9260 11786
9263 11786
9278 11786
9281 11786
9296 11786
9299 11786
9314 11786
9317 11786
177 11787
177 3219
3206 11787
3209 11787
3212 11787
3215 11787
7663 11787
7666 11787
8815 11787
8818 11787
9266 11787
9269 11787
9284 11787
9287 11787
9302 11787
9305 11787
9320 11787
9323 11787
178 11788
178 3238
3220 11788
3223 11788
3226 11788
3229 11788
5869 11788
5872 11788
6913 11788
6916 11788
7669 11788
7672 11788
8911 11788
8914 11788
9109 11788
9112 11788
179 11789
179 3239
3221 11789
3224 11789
3232 11789
3235 11789
5875 11789
5878 11789
6919 11789
6922 11789
7675 11789
7678 11789
8917 11789
8920 11789
9115 11789
9118 11789
180 11790
180 3240
3227 11790
3230 11790
3233 11790
3236 11790
5881 11790
5884 11790
6925 11790
6928 11790
7681 11790
7684 11790
8923 11790
8926 11790
9121 11790
9124 11790
181 11791
181 3259
3241 11791
3244 11791
3247 11791
3250 11791
5707 11791
5710 11791
7381 11791
7384 11791
9326 11791
9329 11791
9344 11791
9347 11791
9362 11791
9365 11791
9380 11791
9383 11791
182 11792
182 3260
3242 11792
3245 11792
3253 11792
3256 11792
5713 11792
5716 11792
7387 11792
7390 11792
9332 11792
9335 11792
9350 11792
9353 11792
9368 11792
9371 11792
9386 11792
9389 11792
183 11793
183 3261
3248 11793
3251 11793
3254 11793
3257 11793
5719 11793
5722 11793
7393 11793
7396 11793
9338 11793
9341 11793
9356 11793
9359 11793
9374 11793
9377 11793
9392 11793
9395 11793
184 11794
184 3280
3262 11794
3265 11794
3268 11794
3271 11794
9398 11794
9401 11794
9416 11794
9419 11794
9434 11794
9437 11794
9452 11794
9455 11794
9470 11794
9473 11794
185 11795
185 3281
3263 11795
3266 11795
3274 11795
3277 11795
9404 11795
9407 11795
9422 11795
9425 11795
9440 11795
9443 11795
9458 11795
9461 11795
9476 11795
9479 11795
186 11796
186 3282
3269 11796
3272 11796
3275 11796
3278 11796
9410 11796
9413 11796
9428 11796
9431 11796
9446 11796
9449 11796
9464 11796
9467 11796
9482 11796
9485 11796
187 11797
187 3301
3283 11797
3286 11797
3289 11797
3292 11797
5617 11797
5620 11797
5725 11797
5728 11797
7057 11797
7060 11797
9488 11797
9491 11797
9506 11797
9509 11797
9524 11797
9527 11797
9542 11797
9545 11797
188 11798
188 3302
3284 11798
3287 11798
3295 11798
3298 11798
5623 11798
5626 11798
5731 11798
5734 11798
7063 11798
7066 11798
9494 11798
9497 11798
9512 11798
9515 11798
9530 11798
9533 11798
9548 11798
9551 11798
189 11799
189 3303
3290 11799
3293 11799
3296 11799
3299 11799
5629 11799
5632 11799
5737 11799
5740 11799
7069 11799
7072 11799
9500 11799
9503 11799
9518 11799
9521 11799
9536 11799
9539 11799
9554 11799
9557 11799
190 11800
190 3322
3304 11800
3307 11800
3310 11800
3313 11800
5545 11800
5548 11800
6931 11800
6934 11800
9560 11800
9563 11800
191 11801
191 3323
3305 11801
3308 11801
3316 11801
3319 11801
5551 11801
5554 11801
6937 11801
6940 11801
9566 11801
9569 11801
192 11802
192 3324
3311 11802
3314 11802
3317 11802
3320 11802
5557 11802
5560 11802
6943 11802
6946 11802
9572 11802
9575 11802
193 11803
193 3343
3325 11803
3328 11803
3331 11803
3334 11803
8029 11803
8032 11803
8821 11803
8824 11803
9325 11803
9328 11803
9578 11803
9581 11803
194 11804
194 3344
3326 11804
3329 11804
3337 11804
3340 11804
8035 11804
8038 11804
8827 11804
8830 11804
9331 11804
9334 11804
9584 11804
9587 11804
195 11805
195 3345
3332 11805
3335 11805
3338 11805
3341 11805
8041 11805
8044 11805
8833 11805
8836 11805
9337 11805
9340 11805
9590 11805
9593 11805
196 11806
196 3364
3346 11806
3349 11806
3352 11806
3355 11806
5329 11806
5332 11806
8983 11806
8986 11806
9487 11806
9490 11806
9596 11806
9599 11806
9614 11806
9617 11806
9632 11806
9635 11806
9650 11806
9653 11806
9668 11806
9671 11806
197 11807
197 3365
3347 11807
3350 11807
3358 11807
3361 11807
5335 11807
5338 11807
8989 11807
8992 11807
9493 11807
9496 11807
9602 11807
9605 11807
9620 11807
9623 11807
9638 11807
9641 11807
9656 11807
9659 11807
9674 11807
9677 11807
198 11808
198 3366
3353 11808
3356 11808
3359 11808
3362 11808
5341 11808
5344 11808
8995 11808
8998 11808
9499 11808
9502 11808
9608 11808
9611 11808
9626 11808
9629 11808
9644 11808
9647 11808
9662 11808
9665 11808
9680 11808
9683 11808
199 11809
199 3385
3367 11809
3370 11809
3373 11809
3376 11809
5347 11809
5350 11809
6823 11809
6826 11809
9343 11809
9346 11809
9686 11809
9689 11809
9704 11809
9707 11809
200 11810
200 3386
3368 11810
3371 11810
3379 11810
3382 11810
5353 11810
5356 11810
6829 11810
6832 11810
9349 11810
9352 11810
9692 11810
9695 11810
9710 11810
9713 11810
201 11811
201 3387
3374 11811
3377 11811
3380 11811
3383 11811
5359 11811
5362 11811
6835 11811
6838 11811
9355 11811
9358 11811
9698 11811
9701 11811
9716 11811
9719 11811
202 11812
202 3406
3388 11812
3391 11812
3394 11812
3397 11812
5797 11812
5800 11812
6049 11812
6052 11812
6391 11812
6394 11812
8533 11812
8536 11812
9505 11812
9508 11812
9722 11812
9725 11812
9740 11812
9743 11812
9758 11812
9761 11812
203 11813
203 3407
3389 11813
3392 11813
3400 11813
3403 11813
5803 11813
5806 11813
6055 11813
6058 11813
6397 11813
6400 11813
8539 11813
8542 11813
9511 11813
9514 11813
9728 11813
9731 11813
9746 11813
9749 11813
9764 11813
9767 11813
204 11814
204 3408
3395 11814
3398 11814
3401 11814
3404 11814
5809 11814
5812 11814
6061 11814
6064 11814
6403 11814
6406 11814
8545 11814
8548 11814
9517 11814
9520 11814
9734 11814
9737 11814
9752 11814
9755 11814
9770 11814
9773 11814
205 11815
205 3427
3409 11815
3412 11815
3415 11815
3418 11815
9523 11815
9526 11815
9776 11815
9779 11815
9794 11815
9797 11815
9812 11815
9815 11815
9830 11815
9833 11815
206 11816
206 3428
3410 11816
3413 11816
3421 11816
3424 11816
9529 11816
9532 11816
9782 11816
9785 11816
9800 11816
9803 11816
9818 11816
9821 11816
9836 11816
9839 11816
207 11817
207 3429
3416 11817
3419 11817
3422 11817
3425 11817
9535 11817
9538 11817
9788 11817
9791 11817
9806 11817
9809 11817
9824 11817
9827 11817
9842 11817
9845 11817
208 11818
208 3448
3430 11818
3433 11818
3436 11818
3439 11818
5257 11818
5260 11818
9848 11818
9851 11818
9866 11818
9869 11818
9884 11818
9887 11818
209 11819
209 3449
3431 11819
3434 11819
3442 11819
3445 11819
5263 11819
5266 11819
9854 11819
9857 11819
9872 11819
9875 11819
9890 11819
9893 11819
210 11820
210 3450
3437 11820
3440 11820
3443 11820
3446 11820
5269 11820
5272 11820
9860 11820
9863 11820
9878 11820
9881 11820
9896 11820
9899 11820
211 11821
211 3469
3451 11821
3454 11821
3457 11821
3460 11821
6067 11821
6070 11821
9577 11821
9580 11821
9775 11821
9778 11821
9902 11821
9905 11821
9920 11821
9923 11821
212 11822
212 3470
3452 11822
3455 11822
3463 11822
3466 11822
6073 11822
6076 11822
9583 11822
9586 11822
9781 11822
9784 11822
9908 11822
9911 11822
9926 11822
9929 11822
213 11823
213 3471
3458 11823
3461 11823
3464 11823
3467 11823
6079 11823
6082 11823
9589 11823
9592 11823
9787 11823
9790 11823
9914 11823
9917 11823
9932 11823
9935 11823
214 11824
214 3490
3472 11824
3475 11824
3478 11824
3481 11824
8551 11824
8554 11824
8623 11824
8626 11824
9938 11824
9941 11824
9956 11824
9959 11824
9974 11824
9977 11824
215 11825
215 3491
3473 11825
3476 11825
3484 11825
3487 11825
8557 11825
8560 11825
8629 11825
8632 11825
9944 11825
9947 11825
9962 11825
9965 11825
9980 11825
9983 11825
216 11826
216 3492
3479 11826
3482 11826
3485 11826
3488 11826
8563 11826
8566 11826
8635 11826
8638 11826
9950 11826
9953 11826
9968 11826
9971 11826
9986 11826
9989 11826
217 11827
217 3511
3493 11827
3496 11827
3499 11827
3502 11827
6841 11827
6844 11827
9847 11827
9850 11827
9992 11827
9995 11827
10010 11827
10013 11827
218 11828
218 3512
3494 11828
3497 11828
3505 11828
3508 11828
6847 11828
6850 11828
9853 11828
9856 11828
9998 11828
10001 11828
10016 11828
10019 11828
219 11829
219 3513
3500 11829
3503 11829
3506 11829
3509 11829
6853 11829
6856 11829
9859 11829
9862 11829
10004 11829
10007 11829
10022 11829
10025 11829
220 11830
220 3532
3514 11830
3517 11830
3520 11830
3523 11830
5815 11830
5818 11830
5959 11830
5962 11830
6679 11830
6682 11830
7039 11830
7042 11830
10028 11830
10031 11830
10046 11830
10049 11830
10064 11830
10067 11830
10082 11830
10085 11830
221 11831
221 3533
3515 11831
3518 11831
3526 11831
3529 11831
5821 11831
5824 11831
5965 11831
5968 11831
6685 11831
6688 11831
7045 11831
7048 11831
10034 11831
10037 11831
10052 11831
10055 11831
10070 11831
10073 11831
10088 11831
10091 11831
222 11832
222 3534
3521 11832
3524 11832
3527 11832
3530 11832
5827 11832
5830 11832
5971 11832
5974 11832
6691 11832
6694 11832
7051 11832
7054 11832
10040 11832
10043 11832
10058 11832
10061 11832
10076 11832
10079 11832
10094 11832
10097 11832
223 11833
223 3553
3535 11833
3538 11833
3541 11833
3544 11833
9037 11833
9040 11833
10100 11833
10103 11833
224 11834
224 3554
3536 11834
3539 11834
3547 11834
3550 11834
9043 11834
9046 11834
10106 11834
10109 11834
225 11835
225 3555
3542 11835
3545 11835
3548 11835
3551 11835
9049 11835
9052 11835
10112 11835
10115 11835
226 11836
226 3574
3556 11836
3559 11836
3562 11836
3565 11836
7399 11836
7402 11836
10118 11836
10121 11836
10136 11836
10139 11836
10154 11836
10157 11836
227 11837
227 3575
3557 11837
3560 11837
3568 11837
3571 11837
7405 11837
7408 11837
10124 11837
10127 11837
10142 11837
10145 11837
10160 11837
10163 11837
228 11838
228 3576
3563 11838
3566 11838
3569 11838
3572 11838
7411 11838
7414 11838
10130 11838
10133 11838
10148 11838
10151 11838
10166 11838
10169 11838
229 11839
229 3595
3577 11839
3580 11839
3583 11839
3586 11839
6949 11839
6952 11839
7417 11839
7420 11839
10172 11839
10175 11839
10190 11839
10193 11839
10208 11839
10211 11839
10226 11839
10229 11839
230 11840
230 3596
3578 11840
3581 11840
3589 11840
3592 11840
6955 11840
6958 11840
7423 11840
7426 11840
10178 11840
10181 11840
10196 11840
10199 11840
10214 11840
10217 11840
10232 11840
10235 11840
231 11841
231 3597
3584 11841
3587 11841
3590 11841
3593 11841
6961 11841
6964 11841
7429 11841
7432 11841
10184 11841
10187 11841
10202 11841
10205 11841
10220 11841
10223 11841
10238 11841
10241 11841
232 11842
232 3616
3598 11842
3601 11842
3604 11842
3607 11842
7183 11842
7186 11842
9991 11842
9994 11842
10244 11842
10247 11842
233 11843
233 3617
3599 11843
3602 11843
3610 11843
3613 11843
7189 11843
7192 11843
9997 11843
10000 11843
10250 11843
10253 11843
234 11844
234 3618
3605 11844
3608 11844
3611 11844
3614 11844
7195 11844
7198 11844
10003 11844
10006 11844
10256 11844
10259 11844
235 11845
235 3637
3619 11845
3622 11845
3625 11845
3628 11845
8893 11845
8896 11845
10262 11845
10265 11845
236 11846
236 3638
3620 11846
3623 11846
3631 11846
3634 11846
8899 11846
8902 11846
10268 11846
10271 11846
237 11847
237 3639
3626 11847
3629 11847
3632 11847
3635 11847
8905 11847
8908 11847
10274 11847
10277 11847
238 11848
238 3658
3640 11848
3643 11848
3646 11848
3649 11848
8119 11848
8122 11848
9127 11848
9130 11848
10280 11848
10283 11848
239 11849
239 3659
3641 11849
3644 11849
3652 11849
3655 11849
8125 11849
8128 11849
9133 11849
9136 11849
10286 11849
10289 11849
240 11850
240 3660
3647 11850
3650 11850
3653 11850
3656 11850
8131 11850
8134 11850
9139 11850
9142 11850
10292 11850
10295 11850
241 11851
241 3679
3661 11851
3664 11851
3667 11851
3670 11851
7309 11851
7312 11851
9181 11851
9184 11851
9865 11851
9868 11851
242 11852
242 3680
3662 11852
3665 11852
3673 11852
3676 11852
7315 11852
7318 11852
9187 11852
9190 11852
9871 11852
9874 11852
243 11853
243 3681
3668 11853
3671 11853
3674 11853
3677 11853
7321 11853
7324 11853
9193 11853
9196 11853
9877 11853
9880 11853
244 11854
244 3700
3682 11854
3685 11854
3688 11854
3691 11854
10298 11854
10301 11854
10316 11854
10319 11854
10334 11854
10337 11854
10352 11854
10355 11854
245 11855
245 3701
3683 11855
3686 11855
3694 11855
3697 11855
10304 11855
10307 11855
10322 11855
10325 11855
10340 11855
10343 11855
10358 11855
10361 11855
246 11856
246 3702
3689 11856
3692 11856
3695 11856
3698 11856
10310 11856
10313 11856
10328 11856
10331 11856
10346 11856
10349 11856
10364 11856
10367 11856
247 11857
247 3721
3703 11857
3706 11857
3709 11857
3712 11857
6085 11857
6088 11857
8173 11857
8176 11857
10370 11857
10373 11857
248 11858
248 3722
3704 11858
3707 11858
3715 11858
3718 11858
6091 11858
6094 11858
8179 11858
8182 11858
10376 11858
10379 11858
249 11859
249 3723
3710 11859
3713 11859
3716 11859
3719 11859
6097 11859
6100 11859
8185 11859
8188 11859
10382 11859
10385 11859
250 11860
250 3742
3724 11860
3727 11860
3730 11860
3733 11860
7435 11860
7438 11860
7813 11860
7816 11860
7939 11860
7942 11860
8137 11860
8140 11860
10388 11860
10391 11860
251 11861
251 3743
3725 11861
3728 11861
3736 11861
3739 11861
7441 11861
7444 11861
7819 11861
7822 11861
7945 11861
7948 11861
8143 11861
8146 11861
10394 11861
10397 11861
252 11862
252 3744
3731 11862
3734 11862
3737 11862
3740 11862
7447 11862
7450 11862
7825 11862
7828 11862
7951 11862
7954 11862
8149 11862
8152 11862
10400 11862
10403 11862
253 11863
253 3763
3745 11863
3748 11863
3751 11863
3754 11863
9595 11863
9598 11863
10406 11863
10409 11863
10424 11863
10427 11863
10442 11863
10445 11863
10460 11863
10463 11863
10478 11863
10481 11863
10496 11863
10499 11863
254 11864
254 3764
3746 11864
3749 11864
3757 11864
3760 11864
9601 11864
9604 11864
10412 11864
10415 11864
10430 11864
10433 11864
10448 11864
10451 11864
10466 11864
10469 11864
10484 11864
10487 11864
10502 11864
10505 11864
255 11865
255 3765
3752 11865
3755 11865
3758 11865
3761 11865
9607 11865
9610 11865
10418 11865
10421 11865
10436 11865
10439 11865
10454 11865
10457 11865
10472 11865
10475 11865
10490 11865
10493 11865
10508 11865
10511 11865
256 11866
256 3784
3766 11866
3769 11866
3772 11866
3775 11866
9055 11866
9058 11866
10405 11866
10408 11866
10514 11866
10517 11866
257 11867
257 3785
3767 11867
3770 11867
3778 11867
3781 11867
9061 11867
9064 11867
10411 11867
10414 11867
10520 11867
10523 11867
258 11868
258 3786
3773 11868
3776 11868
3779 11868
3782 11868
9067 11868
9070 11868
10417 11868
10420 11868
10526 11868
10529 11868
259 11869
259 3805
3787 11869
3790 11869
3793 11869
3796 11869
5365 11869
5368 11869
8191 11869
8194 11869
9361 11869
9364 11869
260 11870
260 3806
3788 11870
3791 11870
3799 11870
3802 11870
5371 11870
5374 11870
8197 11870
8200 11870
9367 11870
9370 11870
261 11871
261 3807
3794 11871
3797 11871
3800 11871
3803 11871
5377 11871
5380 11871
8203 11871
8206 11871
9373 11871
9376 11871
262 11872
262 3826
3808 11872
3811 11872
3814 11872
3817 11872
8659 11872
8662 11872
10532 11872
10535 11872
263 11873
263 3827
3809 11873
3812 11873
3820 11873
3823 11873
8665 11873
8668 11873
10538 11873
10541 11873
264 11874
264 3828
3815 11874
3818 11874
3821 11874
3824 11874
8671 11874
8674 11874
10544 11874
10547 11874
265 11875
265 3847
3829 11875
3832 11875
3835 11875
3838 11875
6157 11875
6160 11875
7543 11875
7546 11875
7867 11875
7870 11875
8677 11875
8680 11875
8749 11875
8752 11875
9397 11875
9400 11875
10550 11875
10553 11875
266 11876
266 3848
3830 11876
3833 11876
3841 11876
3844 11876
6163 11876
6166 11876
7549 11876
7552 11876
7873 11876
7876 11876
8683 11876
8686 11876
8755 11876
8758 11876
9403 11876
9406 11876
10556 11876
10559 11876
267 11877
267 3849
3836 11877
3839 11877
3842 11877
3845 11877
6169 11877
6172 11877
7555 11877
7558 11877
7879 11877
7882 11877
8689 11877
8692 11877
8761 11877
8764 11877
9409 11877
9412 11877
10562 11877
10565 11877
268 11878
268 3868
3850 11878
3853 11878
3856 11878
3859 11878
6247 11878
6250 11878
7759 11878
7762 11878
9145 11878
9148 11878
9613 11878
9616 11878
9721 11878
9724 11878
10568 11878
10571 11878
10586 11878
10589 11878
10604 11878
10607 11878
269 11879
269 3869
3851 11879
3854 11879
3862 11879
3865 11879
6253 11879
6256 11879
7765 11879
7768 11879
9151 11879
9154 11879
9619 11879
9622 11879
9727 11879
9730 11879
10574 11879
10577 11879
10592 11879
10595 11879
10610 11879
10613 11879
270 11880
270 3870
3857 11880
3860 11880
3863 11880
3866 11880
6259 11880
6262 11880
7771 11880
7774 11880
9157 11880
9160 11880
9625 11880
9628 11880
9733 11880
9736 11880
10580 11880
10583 11880
10598 11880
10601 11880
10616 11880
10619 11880
271 11881
271 3889
3871 11881
3874 11881
3877 11881
3880 11881
8047 11881
8050 11881
8353 11881
8356 11881
9541 11881
9544 11881
10622 11881
10625 11881
272 11882
272 3890
3872 11882
3875 11882
3883 11882
3886 11882
8053 11882
8056 11882
8359 11882
8362 11882
9547 11882
9550 11882
10628 11882
10631 11882
273 11883
273 3891
3878 11883
3881 11883
3884 11883
3887 11883
8059 11883
8062 11883
8365 11883
8368 11883
9553 11883
9556 11883
10634 11883
10637 11883
274 11884
274 3910
3892 11884
3895 11884
3898 11884
3901 11884
5491 11884
5494 11884
6589 11884
6592 11884
6697 11884
6700 11884
8605 11884
8608 11884
8695 11884
8698 11884
10423 11884
10426 11884
10640 11884
10643 11884
275 11885
275 3911
3893 11885
3896 11885
3904 11885
3907 11885
5497 11885
5500 11885
6595 11885
6598 11885
6703 11885
6706 11885
8611 11885
8614 11885
8701 11885
8704 11885
10429 11885
10432 11885
10646 11885
10649 11885
276 11886
276 3912
3899 11886
3902 11886
3905 11886
3908 11886
5503 11886
5506 11886
6601 11886
6604 11886
6709 11886
6712 11886
8617 11886
8620 11886
8707 11886
8710 11886
10435 11886
10438 11886
10652 11886
10655 11886
277 11887
277 3931
3913 11887
3916 11887
3919 11887
3922 11887
5383 11887
5386 11887
7489 11887
7492 11887
9253 11887
9256 11887
10261 11887
10264 11887
10658 11887
10661 11887
278 11888
278 3932
3914 11888
3917 11888
3925 11888
3928 11888
5389 11888
5392 11888
7495 11888
7498 11888
9259 11888
9262 11888
10267 11888
10270 11888
10664 11888
10667 11888
279 11889
279 3933
3920 11889
3923 11889
3926 11889
3929 11889
5395 11889
5398 11889
7501 11889
7504 11889
9265 11889
9268 11889
10273 11889
10276 11889
10670 11889
10673 11889
280 11890
280 3952
3934 11890
3937 11890
3940 11890
3943 11890
7507 11890
7510 11890
9001 11890
9004 11890
9379 11890
9382 11890
10441 11890
10444 11890
281 11891
281 3953
3935 11891
3938 11891
3946 11891
3949 11891
7513 11891
7516 11891
9007 11891
9010 11891
9385 11891
9388 11891
10447 11891
10450 11891
282 11892
282 3954
3941 11892
3944 11892
3947 11892
3950 11892
7519 11892
7522 11892
9013 11892
9016 11892
9391 11892
9394 11892
10453 11892
10456 11892
283 11893
283 3973
3955 11893
3958 11893
3961 11893
3964 11893
6265 11893
6268 11893
6337 11893
6340 11893
7255 11893
7258 11893
10676 11893
10679 11893
284 11894
284 3974
3956 11894
3959 11894
3967 11894
3970 11894
6271 11894
6274 11894
6343 11894
6346 11894
7261 11894
7264 11894
10682 11894
10685 11894
285 11895
285 3975
3962 11895
3965 11895
3968 11895
3971 11895
6277 11895
6280 11895
6349 11895
6352 11895
7267 11895
7270 11895
10688 11895
10691 11895
286 11896
286 3994
3976 11896
3979 11896
3982 11896
3985 11896
6967 11896
6970 11896
10279 11896
10282 11896
10694 11896
10697 11896
10712 11896
10715 11896
10730 11896
10733 11896
10748 11896
10751 11896
287 11897
287 3995
3977 11897
3980 11897
3988 11897
3991 11897
6973 11897
6976 11897
10285 11897
10288 11897
10700 11897
10703 11897
10718 11897
10721 11897
10736 11897
10739 11897
10754 11897
10757 11897
288 11898
288 3996
3983 11898
3986 11898
3989 11898
3992 11898
6979 11898
6982 11898
10291 11898
10294 11898
10706 11898
10709 11898
10724 11898
10727 11898
10742 11898
10745 11898
10760 11898
10763 11898
289 11899
289 4015
3997 11899
4000 11899
4003 11899
4006 11899
6409 11899
6412 11899
10297 11899
10300 11899
290 11900
290 4016
3998 11900
4001 11900
4009 11900
4012 11900
6415 11900
6418 11900
10303 11900
10306 11900
291 11901
291 4017
4004 11901
4007 11901
4010 11901
4013 11901
6421 11901
6424 11901
10309 11901
10312 11901
292 11902
292 4036
4018 11902
4021 11902
4024 11902
4027 11902
7885 11902
7888 11902
10459 11902
10462 11902
10621 11902
10624 11902
10766 11902
10769 11902
10784 11902
10787 11902
10802 11902
10805 11902
10820 11902
10823 11902
10838 11902
10841 11902
293 11903
293 4037
4019 11903
4022 11903
4030 11903
4033 11903
7891 11903
7894 11903
10465 11903
10468 11903
10627 11903
10630 11903
10772 11903
10775 11903
10790 11903
10793 11903
10808 11903
10811 11903
10826 11903
10829 11903
10844 11903
10847 11903
294 11904
294 4038
4025 11904
4028 11904
4031 11904
4034 11904
7897 11904
7900 11904
10471 11904
10474 11904
10633 11904
10636 11904
10778 11904
10781 11904
10796 11904
10799 11904
10814 11904
10817 11904
10832 11904
10835 11904
10850 11904
10853 11904
295 11905
295 4057
4039 11905
4042 11905
4045 11905
4048 11905
7561 11905
7564 11905
9631 11905
9634 11905
10027 11905
10030 11905
10765 11905
10768 11905
10856 11905
10859 11905
10874 11905
10877 11905
10892 11905
10895 11905
10910 11905
10913 11905
296 11906
296 4058
4040 11906
4043 11906
4051 11906
4054 11906
7567 11906
7570 11906
9637 11906
9640 11906
10033 11906
10036 11906
10771 11906
10774 11906
10862 11906
10865 11906
10880 11906
10883 11906
10898 11906
10901 11906
10916 11906
10919 11906
297 11907
297 4059
4046 11907
4049 11907
4052 11907
4055 11907
7573 11907
7576 11907
9643 11907
9646 11907
10039 11907
10042 11907
10777 11907
10780 11907
10868 11907
10871 11907
10886 11907
10889 11907
10904 11907
10907 11907
10922 11907
10925 11907
298 11908
298 4078
4060 11908
4063 11908
4066 11908
4069 11908
8209 11908
8212 11908
8569 11908
8572 11908
9685 11908
9688 11908
10928 11908
10931 11908
10946 11908
10949 11908
299 11909
299 4079
4061 11909
4064 11909
4072 11909
4075 11909
8215 11909
8218 11909
8575 11909
8578 11909
9691 11909
9694 11909
10934 11909
10937 11909
10952 11909
10955 11909
300 11910
300 4080
4067 11910
4070 11910
4073 11910
4076 11910
8221 11910
8224 11910
8581 11910
8584 11910
9697 11910
9700 11910
10940 11910
10943 11910
10958 11910
10961 11910
301 11911
301 4099
4081 11911
4084 11911
4087 11911
4090 11911
10783 11911
10786 11911
10964 11911
10967 11911
10982 11911
10985 11911
11000 11911
11003 11911
11018 11911
11021 11911
11036 11911
11039 11911
11054 11911
11057 11911
302 11912
302 4100
4082 11912
4085 11912
4093 11912
4096 11912
10789 11912
10792 11912
10970 11912
10973 11912
10988 11912
10991 11912
11006 11912
11009 11912
11024 11912
11027 11912
11042 11912
11045 11912
11060 11912
11063 11912
303 11913
303 4101
4088 11913
4091 11913
4094 11913
4097 11913
10795 11913
10798 11913
10976 11913
10979 11913
10994 11913
10997 11913
11012 11913
11015 11913
11030 11913
11033 11913
11048 11913
11051 11913
11066 11913
11069 11913
304 11914
304 4120
4102 11914
4105 11914
4108 11914
4111 11914
7687 11914
7690 11914
9073 11914
9076 11914
9415 11914
9418 11914
10801 11914
10804 11914
305 11915
305 4121
4103 11915
4106 11915
4114 11915
4117 11915
7693 11915
7696 11915
9079 11915
9082 11915
9421 11915
9424 11915
10807 11915
10810 11915
306 11916
306 4122
4109 11916
4112 11916
4115 11916
4118 11916
7699 11916
7702 11916
9085 11916
9088 11916
9427 11916
9430 11916
10813 11916
10816 11916
307 11917
307 4141
4123 11917
4126 11917
4129 11917
4132 11917
9559 11917
9562 11917
10315 11917
10318 11917
11072 11917
11075 11917
11090 11917
11093 11917
11108 11917
11111 11917
308 11918
308 4142
4124 11918
4127 11918
4135 11918
4138 11918
9565 11918
9568 11918
10321 11918
10324 11918
11078 11918
11081 11918
11096 11918
11099 11918
11114 11918
11117 11918
309 11919
309 4143
4130 11919
4133 11919
4136 11919
4139 11919
9571 11919
9574 11919
10327 11919
10330 11919
11084 11919
11087 11919
11102 11919
11105 11919
11120 11919
11123 11919
310 11920
310 4162
4144 11920
4147 11920
4150 11920
4153 11920
10639 11920
10642 11920
11126 11920
11129 11920
311 11921
311 4163
4145 11921
4148 11921
4156 11921
4159 11921
10645 11921
10648 11921
11132 11921
11135 11921
312 11922
312 4164
4151 11922
4154 11922
4157 11922
4160 11922
10651 11922
10654 11922
11138 11922
11141 11922
313 11923
313 4183
4165 11923
4168 11923
4171 11923
4174 11923
6517 11923
6520 11923
9433 11923
9436 11923
10117 11923
10120 11923
10963 11923
10966 11923
11144 11923
11147 11923
11162 11923
11165 11923
314 11924
314 4184
4166 11924
4169 11924
4177 11924
4180 11924
6523 11924
6526 11924
9439 11924
9442 11924
10123 11924
10126 11924
10969 11924
10972 11924
11150 11924
11153 11924
11168 11924
11171 11924
315 11925
315 4185
4172 11925
4175 11925
4178 11925
4181 11925
6529 11925
6532 11925
9445 11925
9448 11925
10129 11925
10132 11925
10975 11925
10978 11925
11156 11925
11159 11925
11174 11925
11177 11925
316 11926
316 4204
4186 11926
4189 11926
4192 11926
4195 11926
6283 11926
6286 11926
9019 11926
9022 11926
9883 11926
9886 11926
10513 11926
10516 11926
10981 11926
10984 11926
11143 11926
11146 11926
317 11927
317 4205
4187 11927
4190 11927
4198 11927
4201 11927
6289 11927
6292 11927
9025 11927
9028 11927
9889 11927
9892 11927
10519 11927
10522 11927
10987 11927
10990 11927
11149 11927
11152 11927
318 11928
318 4206
4193 11928
4196 11928
4199 11928
4202 11928
6295 11928
6298 11928
9031 11928
9034 11928
9895 11928
9898 11928
10525 11928
10528 11928
10993 11928
10996 11928
11155 11928
11158 11928
319 11929
319 4225
4207 11929
4210 11929
4213 11929
4216 11929
5275 11929
5278 11929
8929 11929
8932 11929
320 11930
320 4226
4208 11930
4211 11930
4219 11930
4222 11930
5281 11930
5284 11930
8935 11930
8938 11930
321 11931
321 4227
4214 11931
4217 11931
4220 11931
4223 11931
5287 11931
5290 11931
8941 11931
8944 11931
322 11932
322 4246
4228 11932
4231 11932
4234 11932
4237 11932
6715 11932
6718 11932
8947 11932
8950 11932
323 11933
323 4247
4229 11933
4232 11933
4240 11933
4243 11933
6721 11933
6724 11933
8953 11933
8956 11933
324 11934
324 4248
4235 11934
4238 11934
4241 11934
4244 11934
6727 11934
6730 11934
8959 11934
8962 11934
325 11935
325 4267
4249 11935
4252 11935
4255 11935
4258 11935
5131 11935
5134 11935
6355 11935
6358 11935
6859 11935
6862 11935
7345 11935
7348 11935
10171 11935
10174 11935
11180 11935
11183 11935
326 11936
326 4268
4250 11936
4253 11936
4261 11936
4264 11936
5137 11936
5140 11936
6361 11936
6364 11936
6865 11936
6868 11936
7351 11936
7354 11936
10177 11936
10180 11936
11186 11936
11189 11936
327 11937
327 4269
4256 11937
4259 11937
4262 11937
4265 11937
5143 11937
5146 11937
6367 11937
6370 11937
6871 11937
6874 11937
7357 11937
7360 11937
10183 11937
10186 11937
11192 11937
11195 11937
328 11938
328 4288
4270 11938
4273 11938
4276 11938
4279 11938
5977 11938
5980 11938
9649 11938
9652 11938
10999 11938
11002 11938
11198 11938
11201 11938
329 11939
329 4289
4271 11939
4274 11939
4282 11939
4285 11939
5983 11939
5986 11939
9655 11939
9658 11939
11005 11939
11008 11939
11204 11939
11207 11939
330 11940
330 4290
4277 11940
4280 11940
4283 11940
4286 11940
5989 11940
5992 11940
9661 11940
9664 11940
11011 11940
11014 11940
11210 11940
11213 11940
331 11941
331 4309
4291 11941
4294 11941
4297 11941
4300 11941
5149 11941
5152 11941
7579 11941
7582 11941
7957 11941
7960 11941
10243 11941
10246 11941
11071 11941
11074 11941
11216 11941
11219 11941
332 11942
332 4310
4292 11942
4295 11942
4303 11942
4306 11942
5155 11942
5158 11942
7585 11942
7588 11942
7963 11942
7966 11942
10249 11942
10252 11942
11077 11942
11080 11942
11222 11942
11225 11942
333 11943
333 4311
4298 11943
4301 11943
4304 11943
4307 11943
5161 11943
5164 11943
7591 11943
7594 11943
7969 11943
7972 11943
10255 11943
10258 11943
11083 11943
11086 11943
11228 11943
11231 11943
334 11944
334 4330
4312 11944
4315 11944
4318 11944
4321 11944
6301 11944
6304 11944
8371 11944
8374 11944
10387 11944
10390 11944
10675 11944
10678 11944
11017 11944
11020 11944
11234 11944
11237 11944
335 11945
335 4331
4313 11945
4316 11945
4324 11945
4327 11945
6307 11945
6310 11945
8377 11945
8380 11945
10393 11945
10396 11945
10681 11945
10684 11945
11023 11945
11026 11945
11240 11945
11243 11945
336 11946
336 4332
4319 11946
4322 11946
4325 11946
4328 11946
6313 11946
6316 11946
8383 11946
8386 11946
10399 11946
10402 11946
10687 11946
10690 11946
11029 11946
11032 11946
11246 11946
11249 11946
337 11947
337 4351
4333 11947
4336 11947
4339 11947
4342 11947
7597 11947
7600 11947
10927 11947
10930 11947
338 11948
338 4352
4334 11948
4337 11948
4345 11948
4348 11948
7603 11948
7606 11948
10933 11948
10936 11948
339 11949
339 4353
4340 11949
4343 11949
4346 11949
4349 11949
7609 11949
7612 11949
10939 11949
10942 11949
340 11950
340 4372
4354 11950
4357 11950
4360 11950
4363 11950
7615 11950
7618 11950
9199 11950
9202 11950
11252 11950
11255 11950
11270 11950
11273 11950
341 11951
341 4373
4355 11951
4358 11951
4366 11951
4369 11951
7621 11951
7624 11951
9205 11951
9208 11951
11258 11951
11261 11951
11276 11951
11279 11951
342 11952
342 4374
4361 11952
4364 11952
4367 11952
4370 11952
7627 11952
7630 11952
9211 11952
9214 11952
11264 11952
11267 11952
11282 11952
11285 11952
343 11953
343 4393
4375 11953
4378 11953
4381 11953
4384 11953
7075 11953
7078 11953
11288 11953
11291 11953
344 11954
344 4394
4376 11954
4379 11954
4387 11954
4390 11954
7081 11954
7084 11954
11294 11954
11297 11954
345 11955
345 4395
4382 11955
4385 11955
4388 11955
4391 11955
7087 11955
7090 11955
11300 11955
11303 11955
346 11956
346 4414
4396 11956
4399 11956
4402 11956
4405 11956
8227 11956
8230 11956
8407 11956
8410 11956
10945 11956
10948 11956
11306 11956
11309 11956
11324 11956
11327 11956
347 11957
347 4415
4397 11957
4400 11957
4408 11957
4411 11957
8233 11957
8236 11957
8413 11957
8416 11957
10951 11957
10954 11957
11312 11957
11315 11957
11330 11957
11333 11957
348 11958
348 4416
4403 11958
4406 11958
4409 11958
4412 11958
8239 11958
8242 11958
8419 11958
8422 11958
10957 11958
10960 11958
11318 11958
11321 11958
11336 11958
11339 11958
349 11959
349 4435
4417 11959
4420 11959
4423 11959
4426 11959
7093 11959
7096 11959
7903 11959
7906 11959
8065 11959
8068 11959
8713 11959
8716 11959
9937 11959
9940 11959
10189 11959
10192 11959
10819 11959
10822 11959
350 11960
350 4436
4418 11960
4421 11960
4429 11960
4432 11960
7099 11960
7102 11960
7909 11960
7912 11960
8071 11960
8074 11960
8719 11960
8722 11960
9943 11960
9946 11960
10195 11960
10198 11960
10825 11960
10828 11960
351 11961
351 4437
4424 11961
4427 11961
4430 11961
4433 11961
7105 11961
7108 11961
7915 11961
7918 11961
8077 11961
8080 11961
8725 11961
8728 11961
9949 11961
9952 11961
10201 11961
10204 11961
10831 11961
10834 11961
352 11962
352 4456
4438 11962
4441 11962
4444 11962
4447 11962
7975 11962
7978 11962
10333 11962
10336 11962
10657 11962
10660 11962
10855 11962
10858 11962
11342 11962
11345 11962
11360 11962
11363 11962
353 11963
353 4457
4439 11963
4442 11963
4450 11963
4453 11963
7981 11963
7984 11963
10339 11963
10342 11963
10663 11963
10666 11963
10861 11963
10864 11963
11348 11963
11351 11963
11366 11963
11369 11963
354 11964
354 4458
4445 11964
4448 11964
4451 11964
4454 11964
7987 11964
7990 11964
10345 11964
10348 11964
10669 11964
10672 11964
10867 11964
10870 11964
11354 11964
11357 11964
11372 11964
11375 11964
355 11965
355 4477
4459 11965
4462 11965
4465 11965
4468 11965
6175 11965
6178 11965
8965 11965
8968 11965
9793 11965
9796 11965
9955 11965
9958 11965
10837 11965
10840 11965
11378 11965
11381 11965
356 11966
356 4478
4460 11966
4463 11966
4471 11966
4474 11966
6181 11966
6184 11966
8971 11966
8974 11966
9799 11966
9802 11966
9961 11966
9964 11966
10843 11966
10846 11966
11384 11966
11387 11966
357 11967
357 4479
4466 11967
4469 11967
4472 11967
4475 11967
6187 11967
6190 11967
8977 11967
8980 11967
9805 11967
9808 11967
9967 11967
9970 11967
10849 11967
10852 11967
11390 11967
11393 11967
358 11968
358 4498
4480 11968
4483 11968
4486 11968
4489 11968
7237 11968
7240 11968
7273 11968
7276 11968
10135 11968
10138 11968
11341 11968
11344 11968
11396 11968
11399 11968
359 11969
359 4499
4481 11969
4484 11969
4492 11969
4495 11969
7243 11969
7246 11969
7279 11969
7282 11969
10141 11969
10144 11969
11347 11969
11350 11969
11402 11969
11405 11969
360 11970
360 4500
4487 11970
4490 11970
4493 11970
4496 11970
7249 11970
7252 11970
7285 11970
7288 11970
10147 11970
10150 11970
11353 11970
11356 11970
11408 11970
11411 11970
361 11971
361 4519
4501 11971
4504 11971
4507 11971
4510 11971
7993 11971
7996 11971
9973 11971
9976 11971
10369 11971
10372 11971
362 11972
362 4520
4502 11972
4505 11972
4513 11972
4516 11972
7999 11972
8002 11972
9979 11972
9982 11972
10375 11972
10378 11972
363 11973
363 4521
4508 11973
4511 11973
4514 11973
4517 11973
8005 11973
8008 11973
9985 11973
9988 11973
10381 11973
10384 11973
364 11974
364 4540
4522 11974
4525 11974
4528 11974
4531 11974
9217 11974
9220 11974
365 11975
365 4541
4523 11975
4526 11975
4534 11975
4537 11975
9223 11975
9226 11975
366 11976
366 4542
4529 11976
4532 11976
4535 11976
4538 11976
9229 11976
9232 11976
367 11977
367 4561
4543 11977
4546 11977
4549 11977
4552 11977
6607 11977
6610 11977
7705 11977
7708 11977
10693 11977
10696 11977
11287 11977
11290 11977
11414 11977
11417 11977
11432 11977
11435 11977
368 11978
368 4562
4544 11978
4547 11978
4555 11978
4558 11978
6613 11978
6616 11978
7711 11978
7714 11978
10699 11978
10702 11978
11293 11978
11296 11978
11420 11978
11423 11978
11438 11978
11441 11978
369 11979
369 4563
4550 11979
4553 11979
4556 11979
4559 11979
6619 11979
6622 11979
7717 11979
7720 11979
10705 11979
10708 11979
11299 11979
11302 11979
11426 11979
11429 11979
11444 11979
11447 11979
370 11980
370 4582
4564 11980
4567 11980
4570 11980
4573 11980
10477 11980
10480 11980
11305 11980
11308 11980
11450 11980
11453 11980
371 11981
371 4583
4565 11981
4568 11981
4576 11981
4579 11981
10483 11981
10486 11981
11311 11981
11314 11981
11456 11981
11459 11981
372 11982
372 4584
4571 11982
4574 11982
4577 11982
4580 11982
10489 11982
10492 11982
11317 11982
11320 11982
11462 11982
11465 11982
373 11983
373 4603
4585 11983
4588 11983
4591 11983
4594 11983
8767 11983
8770 11983
11197 11983
11200 11983
11413 11983
11416 11983
374 11984
374 4604
4586 11984
4589 11984
4597 11984
4600 11984
8773 11984
8776 11984
11203 11984
11206 11984
11419 11984
11422 11984
375 11985
375 4605
4592 11985
4595 11985
4598 11985
4601 11985
8779 11985
8782 11985
11209 11985
11212 11985
11425 11985
11428 11985
376 11986
376 4624
4606 11986
4609 11986
4612 11986
4615 11986
5995 11986
5998 11986
6427 11986
6430 11986
7327 11986
7330 11986
8731 11986
8734 11986
11089 11986
11092 11986
377 11987
377 4625
4607 11987
4610 11987
4618 11987
4621 11987
6001 11987
6004 11987
6433 11987
6436 11987
7333 11987
7336 11987
8737 11987
8740 11987
11095 11987
11098 11987
378 11988
378 4626
4613 11988
4616 11988
4619 11988
4622 11988
6007 11988
6010 11988
6439 11988
6442 11988
7339 11988
7342 11988
8743 11988
8746 11988
11101 11988
11104 11988
379 11989
379 4645
4627 11989
4630 11989
4633 11989
4636 11989
8425 11989
8428 11989
8461 11989
8464 11989
9901 11989
9904 11989
10045 11989
10048 11989
10099 11989
10102 11989
10549 11989
10552 11989
11468 11989
11471 11989
380 11990
380 4646
4628 11990
4631 11990
4639 11990
4642 11990
8431 11990
8434 11990
8467 11990
8470 11990
9907 11990
9910 11990
10051 11990
10054 11990
10105 11990
10108 11990
10555 11990
10558 11990
11474 11990
11477 11990
381 11991
381 4647
4634 11991
4637 11991
4640 11991
4643 11991
8437 11991
8440 11991
8473 11991
8476 11991
9913 11991
9916 11991
10057 11991
10060 11991
10111 11991
10114 11991
10561 11991
10564 11991
11480 11991
11483 11991
382 11992
382 4666
4648 11992
4651 11992
4654 11992
4657 11992
8263 11992
8266 11992
10207 11992
10210 11992
11251 11992
11254 11992
383 11993
383 4667
4649 11993
4652 11993
4660 11993
4663 11993
8269 11993
8272 11993
10213 11993
10216 11993
11257 11993
11260 11993
384 11994
384 4668
4655 11994
4658 11994
4661 11994
4664 11994
8275 11994
8278 11994
10219 11994
10222 11994
11263 11994
11266 11994
385 11995
385 4687
4669 11995
4672 11995
4675 11995
4678 11995
5833 11995
5836 11995
6373 11995
6376 11995
9451 11995
9454 11995
10225 11995
10228 11995
10873 11995
10876 11995
386 11996
386 4688
4670 11996
4673 11996
4681 11996
4684 11996
5839 11996
5842 11996
6379 11996
6382 11996
9457 11996
9460 11996
10231 11996
10234 11996
10879 11996
10882 11996
387 11997
387 4689
4676 11997
4679 11997
4682 11997
4685 11997
5845 11997
5848 11997
6385 11997
6388 11997
9463 11997
9466 11997
10237 11997
10240 11997
10885 11997
10888 11997
388 11998
388 4708
4690 11998
4693 11998
4696 11998
4699 11998
7111 11998
7114 11998
8083 11998
8086 11998
8479 11998
8482 11998
8839 11998
8842 11998
9271 11998
9274 11998
11486 11998
11489 11998
389 11999
389 4709
4691 11999
4694 11999
4702 11999
4705 11999
7117 11999
7120 11999
8089 11999
8092 11999
8485 11999
8488 11999
8845 11999
8848 11999
9277 11999
9280 11999
11492 11999
11495 11999
390 12000
390 4710
4697 12000
4700 12000
4703 12000
4706 12000
7123 12000
7126 12000
8095 12000
8098 12000
8491 12000
8494 12000
8851 12000
8854 12000
9283 12000
9286 12000
11498 12000
11501 12000
391 12001
391 4729
4711 12001
4714 12001
4717 12001
4720 12001
7201 12001
7204 12001
392 12002
392 4730
4712 12002
4715 12002
4723 12002
4726 12002
7207 12002
7210 12002
393 12003
393 4731
4718 12003
4721 12003
4724 12003
4727 12003
7213 12003
7216 12003
394 12004
394 4750
4732 12004
4735 12004
4738 12004
4741 12004
5563 12004
5566 12004
9091 12004
9094 12004
9739 12004
9742 12004
395 12005
395 4751
4733 12005
4736 12005
4744 12005
4747 12005
5569 12005
5572 12005
9097 12005
9100 12005
9745 12005
9748 12005
396 12006
396 4752
4739 12006
4742 12006
4745 12006
4748 12006
5575 12006
5578 12006
9103 12006
9106 12006
9751 12006
9754 12006
397 12007
397 4771
4753 12007
4756 12007
4759 12007
4762 12007
10711 12007
10714 12007
11233 12007
11236 12007
11377 12007
11380 12007
398 12008
398 4772
4754 12008
4757 12008
4765 12008
4768 12008
10717 12008
10720 12008
11239 12008
11242 12008
11383 12008
11386 12008
399 12009
399 4773
4760 12009
4763 12009
4766 12009
4769 12009
10723 12009
10726 12009
11245 12009
11248 12009
11389 12009
11392 12009
400 12010
400 4792
4774 12010
4777 12010
4780 12010
4783 12010
7291 12010
7294 12010
8389 12010
8392 12010
10729 12010
10732 12010
11125 12010
11128 12010
11467 12010
11470 12010
11504 12010
11507 12010
11522 12010
11525 12010
401 12011
401 4793
4775 12011
4778 12011
4786 12011
4789 12011
7297 12011
7300 12011
8395 12011
8398 12011
10735 12011
10738 12011
11131 12011
11134 12011
11473 12011
11476 12011
11510 12011
11513 12011
11528 12011
11531 12011
402 12012
402 4794
4781 12012
4784 12012
4787 12012
4790 12012
7303 12012
7306 12012
8401 12012
8404 12012
10741 12012
10744 12012
11137 12012
11140 12012
11479 12012
11482 12012
11516 12012
11519 12012
11534 12012
11537 12012
403 12013
403 4813
4795 12013
4798 12013
4801 12013
4804 12013
5743 12013
5746 12013
6103 12013
6106 12013
7723 12013
7726 12013
11540 12013
11543 12013
404 12014
404 4814
4796 12014
4799 12014
4807 12014
4810 12014
5749 12014
5752 12014
6109 12014
6112 12014
7729 12014
7732 12014
11546 12014
11549 12014
405 12015
405 4815
4802 12015
4805 12015
4808 12015
4811 12015
5755 12015
5758 12015
6115 12015
6118 12015
7735 12015
7738 12015
11552 12015
11555 12015
406 12016
406 4834
4816 12016
4819 12016
4822 12016
4825 12016
6193 12016
6196 12016
8011 12016
8014 12016
8497 12016
8500 12016
9667 12016
9670 12016
10567 12016
10570 12016
10747 12016
10750 12016
11558 12016
11561 12016
407 12017
407 4835
4817 12017
4820 12017
4828 12017
4831 12017
6199 12017
6202 12017
8017 12017
8020 12017
8503 12017
8506 12017
9673 12017
9676 12017
10573 12017
10576 12017
10753 12017
10756 12017
11564 12017
11567 12017
408 12018
408 4836
4823 12018
4826 12018
4829 12018
4832 12018
6205 12018
6208 12018
8023 12018
8026 12018
8509 12018
8512 12018
9679 12018
9682 12018
10579 12018
10582 12018
10759 12018
10762 12018
11570 12018
11573 12018
409 12019
409 4855
4837 12019
4840 12019
4843 12019
4846 12019
8245 12019
8248 12019
11107 12019
11110 12019
11323 12019
11326 12019
410 12020
410 4856
4838 12020
4841 12020
4849 12020
4852 12020
8251 12020
8254 12020
11113 12020
11116 12020
11329 12020
11332 12020
411 12021
411 4857
4844 12021
4847 12021
4850 12021
4853 12021
8257 12021
8260 12021
11119 12021
11122 12021
11335 12021
11338 12021
412 12022
412 4876
4858 12022
4861 12022
4864 12022
4867 12022
8785 12022
8788 12022
10495 12022
10498 12022
11179 12022
11182 12022
11576 12022
11579 12022
413 12023
413 4877
4859 12023
4862 12023
4870 12023
4873 12023
8791 12023
8794 12023
10501 12023
10504 12023
11185 12023
11188 12023
11582 12023
11585 12023
414 12024
414 4878
4865 12024
4868 12024
4871 12024
4874 12024
8797 12024
8800 12024
10507 12024
10510 12024
11191 12024
11194 12024
11588 12024
11591 12024
415 12025
415 4897
4879 12025
4882 12025
4885 12025
4888 12025
8857 12025
8860 12025
10063 12025
10066 12025
10891 12025
10894 12025
11215 12025
11218 12025
11539 12025
11542 12025
416 12026
416 4898
4880 12026
4883 12026
4891 12026
4894 12026
8863 12026
8866 12026
10069 12026
10072 12026
10897 12026
10900 12026
11221 12026
11224 12026
11545 12026
11548 12026
417 12027
417 4899
4886 12027
4889 12027
4892 12027
4895 12027
8869 12027
8872 12027
10075 12027
10078 12027
10903 12027
10906 12027
11227 12027
11230 12027
11551 12027
11554 12027
418 12028
418 4918
4900 12028
4903 12028
4906 12028
4909 12028
6985 12028
6988 12028
8281 12028
8284 12028
11503 12028
11506 12028
11575 12028
11578 12028
419 12029
419 4919
4901 12029
4904 12029
4912 12029
4915 12029
6991 12029
6994 12029
8287 12029
8290 12029
11509 12029
11512 12029
11581 12029
11584 12029
420 12030
420 4920
4907 12030
4910 12030
4913 12030
4916 12030
6997 12030
7000 12030
8293 12030
8296 12030
11515 12030
11518 12030
11587 12030
11590 12030
421 12031
421 4939
4921 12031
4924 12031
4927 12031
4930 12031
5635 12031
5638 12031
6013 12031
6016 12031
7741 12031
7744 12031
7831 12031
7834 12031
9289 12031
9292 12031
10081 12031
10084 12031
10585 12031
10588 12031
422 12032
422 4940
4922 12032
4925 12032
4933 12032
4936 12032
5641 12032
5644 12032
6019 12032
6022 12032
7747 12032
7750 12032
7837 12032
7840 12032
9295 12032
9298 12032
10087 12032
10090 12032
10591 12032
10594 12032
423 12033
423 4941
4928 12033
4931 12033
4934 12033
4937 12033
5647 12033
5650 12033
6025 12033
6028 12033
7753 12033
7756 12033
7843 12033
7846 12033
9301 12033
9304 12033
10093 12033
10096 12033
10597 12033
10600 12033
424 12034
424 4960
4942 12034
4945 12034
4948 12034
4951 12034
9307 12034
9310 12034
10153 12034
10156 12034
11431 12034
11434 12034
11521 12034
11524 12034
425 12035
425 4961
4943 12035
4946 12035
4954 12035
4957 12035
9313 12035
9316 12035
10159 12035
10162 12035
11437 12035
11440 12035
11527 12035
11530 12035
426 12036
426 4962
4949 12036
4952 12036
4955 12036
4958 12036
9319 12036
9322 12036
10165 12036
10168 12036
11443 12036
11446 12036
11533 12036
11536 12036
427 12037
427 4981
4963 12037
4966 12037
4969 12037
4972 12037
6625 12037
6628 12037
7777 12037
7780 12037
11035 12037
11038 12037
11395 12037
11398 12037
11594 12037
11597 12037
428 12038
428 4982
4964 12038
4967 12038
4975 12038
4978 12038
6631 12038
6634 12038
7783 12038
7786 12038
11041 12038
11044 12038
11401 12038
11404 12038
11600 12038
11603 12038
429 12039
429 4983
4970 12039
4973 12039
4976 12039
4979 12039
6637 12039
6640 12039
7789 12039
7792 12039
11047 12039
11050 12039
11407 12039
11410 12039
11606 12039
11609 12039
430 12040
430 5002
4984 12040
4987 12040
4990 12040
4993 12040
5887 12040
5890 12040
6445 12040
6448 12040
6733 12040
6736 12040
8299 12040
8302 12040
9811 12040
9814 12040
9919 12040
9922 12040
431 12041
431 5003
4985 12041
4988 12041
4996 12041
4999 12041
5893 12041
5896 12041
6451 12041
6454 12041
6739 12041
6742 12041
8305 12041
8308 12041
9817 12041
9820 12041
9925 12041
9928 12041
432 12042
432 5004
4991 12042
4994 12042
4997 12042
5000 12042
5899 12042
5902 12042
6457 12042
6460 12042
6745 12042
6748 12042
8311 12042
8314 12042
9823 12042
9826 12042
9931 12042
9934 12042
433 12043
433 5023
5005 12043
5008 12043
5011 12043
5014 12043
6211 12043
6214 12043
6751 12043
6754 12043
8317 12043
8320 12043
9829 12043
9832 12043
434 12044
434 5024
5006 12044
5009 12044
5017 12044
5020 12044
6217 12044
6220 12044
6757 12044
6760 12044
8323 12044
8326 12044
9835 12044
9838 12044
435 12045
435 5025
5012 12045
5015 12045
5018 12045
5021 12045
6223 12045
6226 12045
6763 12045
6766 12045
8329 12045
8332 12045
9841 12045
9844 12045
436 12046
436 5044
5026 12046
5029 12046
5032 12046
5035 12046
5167 12046
5170 12046
7129 12046
7132 12046
7795 12046
7798 12046
8101 12046
8104 12046
8641 12046
8644 12046
11359 12046
11362 12046
11557 12046
11560 12046
437 12047
437 5045
5027 12047
5030 12047
5038 12047
5041 12047
5173 12047
5176 12047
7135 12047
7138 12047
7801 12047
7804 12047
8107 12047
8110 12047
8647 12047
8650 12047
11365 12047
11368 12047
11563 12047
11566 12047
438 12048
438 5046
5033 12048
5036 12048
5039 12048
5042 12048
5179 12048
5182 12048
7141 12048
7144 12048
7807 12048
7810 12048
8113 12048
8116 12048
8653 12048
8656 12048
11371 12048
11374 12048
11569 12048
11572 12048
439 12049
439 5065
5047 12049
5050 12049
5053 12049
5056 12049
5581 12049
5584 12049
5653 12049
5656 12049
9757 12049
9760 12049
10531 12049
10534 12049
11161 12049
11164 12049
11269 12049
11272 12049
440 12050
440 5066
5048 12050
5051 12050
5059 12050
5062 12050
5587 12050
5590 12050
5659 12050
5662 12050
9763 12050
9766 12050
10537 12050
10540 12050
11167 12050
11170 12050
11275 12050
11278 12050
441 12051
441 5067
5054 12051
5057 12051
5060 12051
5063 12051
5593 12051
5596 12051
5665 12051
5668 12051
9769 12051
9772 12051
10543 12051
10546 12051
11173 12051
11176 12051
11281 12051
11284 12051
442 12052
442 5086
5068 12052
5071 12052
5074 12052
5077 12052
6463 12052
6466 12052
6535 12052
6538 12052
9163 12052
9166 12052
9703 12052
9706 12052
10009 12052
10012 12052
10603 12052
10606 12052
11449 12052
11452 12052
11485 12052
11488 12052
443 12053
443 5087
5069 12053
5072 12053
5080 12053
5083 12053
6469 12053
6472 12053
6541 12053
6544 12053
9169 12053
9172 12053
9709 12053
9712 12053
10015 12053
10018 12053
10609 12053
10612 12053
11455 12053
11458 12053
11491 12053
11494 12053
444 12054
444 5088
5075 12054
5078 12054
5081 12054
5084 12054
6475 12054
6478 12054
6547 12054
6550 12054
9175 12054
9178 12054
9715 12054
9718 12054
10021 12054
10024 12054
10615 12054
10618 12054
11461 12054
11464 12054
11497 12054
11500 12054
445 12055
445 5107
5089 12055
5092 12055
5095 12055
5098 12055
8443 12055
8446 12055
9235 12055
9238 12055
10351 12055
10354 12055
10909 12055
10912 12055
11053 12055
11056 12055
446 12056
446 5108
5090 12056
5093 12056
5101 12056
5104 12056
8449 12056
8452 12056
9241 12056
9244 12056
10357 12056
10360 12056
10915 12056
10918 12056
11059 12056
11062 12056
447 12057
447 5109
5096 12057
5099 12057
5102 12057
5105 12057
8455 12057
8458 12057
9247 12057
9250 12057
10363 12057
10366 12057
10921 12057
10924 12057
11065 12057
11068 12057
448 12058
448 5128
5110 12058
5113 12058
5116 12058
5119 12058
5221 12058
5224 12058
5401 12058
5404 12058
8875 12058
8878 12058
9469 12058
9472 12058
11593 12058
11596 12058
449 12059
449 5129
5111 12059
5114 12059
5122 12059
5125 12059
5227 12059
5230 12059
5407 12059
5410 12059
8881 12059
8884 12059
9475 12059
9478 12059
11599 12059
11602 12059
450 12060
450 5130
5117 12060
5120 12060
5123 12060
5126 12060
5233 12060
5236 12060
5413 12060
5416 12060
8887 12060
8890 12060
9481 12060
9484 12060
11605 12060
11608 12060
451 12061
451 1986
1983 12061
452 12062
452 1992
1989 12062
453 12063
453 1998
1995 12063
454 12064
454 2007
2004 12064
455 12065
455 2013
2010 12065
456 12066
456 2019
2016 12066
457 12067
457 2028
2025 12067
458 12068
458 2034
2031 12068
459 12069
459 2040
2037 12069
460 12070
460 2049
2046 12070
461 12071
461 2055
2052 12071
462 12072
462 2061
2058 12072
463 12073
463 2070
2067 12073
464 12074
464 2076
2073 12074
465 12075
465 2082
2079 12075
466 12076
466 2091
2088 12076
467 12077
467 2097
2094 12077
468 12078
468 2103
2100 12078
469 12079
469 2112
2109 12079
470 12080
470 2118
2115 12080
471 12081
471 2124
2121 12081
472 12082
472 2133
2130 12082
473 12083
473 2139
2136 12083
474 12084
474 2145
2142 12084
475 12085
475 2154
2151 12085
476 12086
476 2160
2157 12086
477 12087
477 2166
2163 12087
478 12088
478 2175
2172 12088
479 12089
479 2181
2178 12089
480 12090
480 2187
2184 12090
481 12091
481 2196
2193 12091
482 12092
482 2202
2199 12092
483 12093
483 2208
2205 12093
484 12094
484 2217
2214 12094
485 12095
485 2223
2220 12095
486 12096
486 2229
2226 12096
487 12097
487 2238
2235 12097
488 12098
488 2244
2241 12098
489 12099
489 2250
2247 12099
490 12100
490 2259
2256 12100
491 12101
491 2265
2262 12101
492 12102
492 2271
2268 12102
493 12103
493 2280
2277 12103
494 12104
494 2286
2283 12104
495 12105
495 2292
2289 12105
496 12106
496 2301
2298 12106
497 12107
497 2307
2304 12107
498 12108
498 2313
2310 12108
499 12109
499 2322
2319 12109
500 12110
500 2328
2325 12110
501 12111
501 2334
2331 12111
502 12112
502 2343
2340 12112
503 12113
503 2349
2346 12113
504 12114
504 2355
2352 12114
505 12115
505 2364
2361 12115
506 12116
506 2370
2367 12116
507 12117
507 2376
2373 12117
508 12118
508 2385
2382 12118
509 12119
509 2391
2388 12119
510 12120
510 2397
2394 12120
511 12121
511 2406
2403 12121
512 12122
512 2412
2409 12122
513 12123
513 2418
2415 12123
514 12124
514 2427
2424 12124
515 12125
515 2433
2430 12125
516 12126
516 2439
2436 12126
517 12127
517 2448
2445 12127
518 12128
518 2454
2451 12128
519 12129
519 2460
2457 12129
520 12130
520 2469
2466 12130
521 12131
521 2475
2472 12131
522 12132
522 2481
2478 12132
523 12133
523 2490
2487 12133
524 12134
524 2496
2493 12134
525 12135
525 2502
2499 12135
526 12136
526 2511
2508 12136
527 12137
527 2517
2514 12137
528 12138
528 2523
2520 12138
529 12139
529 2532
2529 12139
530 12140
530 2538
2535 12140
531 12141
531 2544
2541 12141
532 12142
532 2553
2550 12142
533 12143
533 2559
2556 12143
534 12144
534 2565
2562 12144
535 12145
535 2574
2571 12145
536 12146
536 2580
2577 12146
537 12147
537 2586
2583 12147
538 12148
538 2595
2592 12148
539 12149
539 2601
2598 12149
540 12150
540 2607
2604 12150
541 12151
541 2616
2613 12151
542 12152
542 2622
2619 12152
543 12153
543 2628
2625 12153
544 12154
544 2637
2634 12154
545 12155
545 2643
2640 12155
546 12156
546 2649
2646 12156
547 12157
547 2658
2655 12157
548 12158
548 2664
2661 12158
549 12159
549 2670
2667 12159
550 12160
550 2679
2676 12160
551 12161
551 2685
2682 12161
552 12162
552 2691
2688 12162
553 12163
553 2700
2697 12163
554 12164
554 2706
2703 12164
555 12165
555 2712
2709 12165
556 12166
556 2721
2718 12166
557 12167
557 2727
2724 12167
558 12168
558 2733
2730 12168
559 12169
559 2742
2739 12169
560 12170
560 2748
2745 12170
561 12171
561 2754
2751 12171
562 12172
562 2763
2760 12172
563 12173
563 2769
2766 12173
564 12174
564 2775
2772 12174
565 12175
565 2784
2781 12175
566 12176
566 2790
2787 12176
567 12177
567 2796
2793 12177
568 12178
568 2805
2802 12178
569 12179
569 2811
2808 12179
570 12180
570 2817
2814 12180
571 12181
571 2826
2823 12181
572 12182
572 2832
2829 12182
573 12183
573 2838
2835 12183
574 12184
574 2847
2844 12184
575 12185
575 2853
2850 12185
576 12186
576 2859
2856 12186
577 12187
577 2868
2865 12187
578 12188
578 2874
2871 12188
579 12189
579 2880
2877 12189
580 12190
580 2889
2886 12190
581 12191
581 2895
2892 12191
582 12192
582 2901
2898 12192
583 12193
583 2910
2907 12193
584 12194
584 2916
2913 12194
585 12195
585 2922
2919 12195
586 12196
586 2931
2928 12196
587 12197
587 2937
2934 12197
588 12198
588 2943
2940 12198
589 12199
589 2952
2949 12199
590 12200
590 2958
2955 12200
591 12201
591 2964
2961 12201
592 12202
592 2973
2970 12202
593 12203
593 2979
2976 12203
594 12204
594 2985
2982 12204
595 12205
595 2994
2991 12205
596 12206
596 3000
2997 12206
597 12207
597 3006
3003 12207
598 12208
598 3015
3012 12208
599 12209
599 3021
3018 12209
600 12210
600 3027
3024 12210
601 12211
601 3036
3033 12211
602 12212
602 3042
3039 12212
603 12213
603 3048
3045 12213
604 12214
604 3057
3054 12214
605 12215
605 3063
3060 12215
606 12216
606 3069
3066 12216
607 12217
607 3078
3075 12217
608 12218
608 3084
3081 12218
609 12219
609 3090
3087 12219
610 12220
610 3099
3096 12220
611 12221
611 3105
3102 12221
612 12222
612 3111
3108 12222
613 12223
613 3120
3117 12223
614 12224
614 3126
3123 12224
615 12225
615 3132
3129 12225
616 12226
616 3141
3138 12226
617 12227
617 3147
3144 12227
618 12228
618 3153
3150 12228
619 12229
619 3162
3159 12229
620 12230
620 3168
3165 12230
621 12231
621 3174
3171 12231
622 12232
622 3183
3180 12232
623 12233
623 3189
3186 12233
624 12234
624 3195
3192 12234
625 12235
625 3204
3201 12235
626 12236
626 3210
3207 12236
627 12237
627 3216
3213 12237
628 12238
628 3225
3222 12238
629 12239
629 3231
3228 12239
630 12240
630 3237
3234 12240
631 12241
631 3246
3243 12241
632 12242
632 3252
3249 12242
633 12243
633 3258
3255 12243
634 12244
634 3267
3264 12244
635 12245
635 3273
3270 12245
636 12246
636 3279
3276 12246
637 12247
637 3288
3285 12247
638 12248
638 3294
3291 12248
639 12249
639 3300
3297 12249
640 12250
640 3309
3306 12250
641 12251
641 3315
3312 12251
642 12252
642 3321
3318 12252
643 12253
643 3330
3327 12253
644 12254
644 3336
3333 12254
645 12255
645 3342
3339 12255
646 12256
646 3351
3348 12256
647 12257
647 3357
3354 12257
648 12258
648 3363
3360 12258
649 12259
649 3372
3369 12259
650 12260
650 3378
3375 12260
651 12261
651 3384
3381 12261
652 12262
652 3393
3390 12262
653 12263
653 3399
3396 12263
654 12264
654 3405
3402 12264
655 12265
655 3414
3411 12265
656 12266
656 3420
3417 12266
657 12267
657 3426
3423 12267
658 12268
658 3435
3432 12268
659 12269
659 3441
3438 12269
660 12270
660 3447
3444 12270
661 12271
661 3456
3453 12271
662 12272
662 3462
3459 12272
663 12273
663 3468
3465 12273
664 12274
664 3477
3474 12274
665 12275
665 3483
3480 12275
666 12276
666 3489
3486 12276
667 12277
667 3498
3495 12277
668 12278
668 3504
3501 12278
669 12279
669 3510
3507 12279
670 12280
670 3519
3516 12280
671 12281
671 3525
3522 12281
672 12282
672 3531
3528 12282
673 12283
673 3540
3537 12283
674 12284
674 3546
3543 12284
675 12285
675 3552
3549 12285
676 12286
676 3561
3558 12286
677 12287
677 3567
3564 12287
678 12288
678 3573
3570 12288
679 12289
679 3582
3579 12289
680 12290
680 3588
3585 12290
681 12291
681 3594
3591 12291
682 12292
682 3603
3600 12292
683 12293
683 3609
3606 12293
684 12294
684 3615
3612 12294
685 12295
685 3624
3621 12295
686 12296
686 3630
3627 12296
687 12297
687 3636
3633 12297
688 12298
688 3645
3642 12298
689 12299
689 3651
3648 12299
690 12300
690 3657
3654 12300
691 12301
691 3666
3663 12301
692 12302
692 3672
3669 12302
693 12303
693 3678
3675 12303
694 12304
694 3687
3684 12304
695 12305
695 3693
3690 12305
696 12306
696 3699
3696 12306
697 12307
697 3708
3705 12307
698 12308
698 3714
3711 12308
699 12309
699 3720
3717 12309
700 12310
700 3729
3726 12310
701 12311
701 3735
3732 12311
702 12312
702 3741
3738 12312
703 12313
703 3750
3747 12313
704 12314
704 3756
3753 12314
705 12315
705 3762
3759 12315
706 12316
706 3771
3768 12316
707 12317
707 3777
3774 12317
708 12318
708 3783
3780 12318
709 12319
709 3792
3789 12319
710 12320
710 3798
3795 12320
711 12321
711 3804
3801 12321
712 12322
712 3813
3810 12322
713 12323
713 3819
3816 12323
714 12324
714 3825
3822 12324
715 12325
715 3834
3831 12325
716 12326
716 3840
3837 12326
717 12327
717 3846
3843 12327
718 12328
718 3855
3852 12328
719 12329
719 3861
3858 12329
720 12330
720 3867
3864 12330
721 12331
721 3876
3873 12331
722 12332
722 3882
3879 12332
723 12333
723 3888
3885 12333
724 12334
724 3897
3894 12334
725 12335
725 3903
3900 12335
726 12336
726 3909
3906 12336
727 12337
727 3918
3915 12337
728 12338
728 3924
3921 12338
729 12339
729 3930
3927 12339
730 12340
730 3939
3936 12340
731 12341
731 3945
3942 12341
732 12342
732 3951
3948 12342
733 12343
733 3960
3957 12343
734 12344
734 3966
3963 12344
735 12345
735 3972
3969 12345
736 12346
736 3981
3978 12346
737 12347
737 3987
3984 12347
738 12348
738 3993
3990 12348
739 12349
739 4002
3999 12349
740 12350
740 4008
4005 12350
741 12351
741 4014
4011 12351
742 12352
742 4023
4020 12352
743 12353
743 4029
4026 12353
744 12354
744 4035
4032 12354
745 12355
745 4044
4041 12355
746 12356
746 4050
4047 12356
747 12357
747 4056
4053 12357
748 12358
748 4065
4062 12358
749 12359
749 4071
4068 12359
750 12360
750 4077
4074 12360
751 12361
751 4086
4083 12361
752 12362
752 4092
4089 12362
753 12363
753 4098
4095 12363
754 12364
754 4107
4104 12364
755 12365
755 4113
4110 12365
756 12366
756 4119
4116 12366
757 12367
757 4128
4125 12367
758 12368
758 4134
4131 12368
759 12369
759 4140
4137 12369
760 12370
760 4149
4146 12370
761 12371
761 4155
4152 12371
762 12372
762 4161
4158 12372
763 12373
763 4170
4167 12373
764 12374
764 4176
4173 12374
765 12375
765 4182
4179 12375
766 12376
766 4191
4188 12376
767 12377
767 4197
4194 12377
768 12378
768 4203
4200 12378
769 12379
769 4212
4209 12379
770 12380
770 4218
4215 12380
771 12381
771 4224
4221 12381
772 12382
772 4233
4230 12382
773 12383
773 4239
4236 12383
774 12384
774 4245
4242 12384
775 12385
775 4254
4251 12385
776 12386
776 4260
4257 12386
777 12387
777 4266
4263 12387
778 12388
778 4275
4272 12388
779 12389
779 4281
4278 12389
780 12390
780 4287
4284 12390
781 12391
781 4296
4293 12391
782 12392
782 4302
4299 12392
783 12393
783 4308
4305 12393
784 12394
784 4317
4314 12394
785 12395
785 4323
4320 12395
786 12396
786 4329
4326 12396
787 12397
787 4338
4335 12397
788 12398
788 4344
4341 12398
789 12399
789 4350
4347 12399
790 12400
790 4359
4356 12400
791 12401
791 4365
4362 12401
792 12402
792 4371
4368 12402
793 12403
793 4380
4377 12403
794 12404
794 4386
4383 12404
795 12405
795 4392
4389 12405
796 12406
796 4401
4398 12406
797 12407
797 4407
4404 12407
798 12408
798 4413
4410 12408
799 12409
799 4422
4419 12409
800 12410
800 4428
4425 12410
801 12411
801 4434
4431 12411
802 12412
802 4443
4440 12412
803 12413
803 4449
4446 12413
804 12414
804 4455
4452 12414
805 12415
805 4464
4461 12415
806 12416
806 4470
4467 12416
807 12417
807 4476
4473 12417
808 12418
808 4485
4482 12418
809 12419
809 4491
4488 12419
810 12420
810 4497
4494 12420
811 12421
811 4506
4503 12421
812 12422
812 4512
4509 12422
813 12423
813 4518
4515 12423
814 12424
814 4527
4524 12424
815 12425
815 4533
4530 12425
816 12426
816 4539
4536 12426
817 12427
817 4548
4545 12427
818 12428
818 4554
4551 12428
819 12429
819 4560
4557 12429
820 12430
820 4569
4566 12430
821 12431
821 4575
4572 12431
822 12432
822 4581
4578 12432
823 12433
823 4590
4587 12433
824 12434
824 4596
4593 12434
825 12435
825 4602
4599 12435
826 12436
826 4611
4608 12436
827 12437
827 4617
4614 12437
828 12438
828 4623
4620 12438
829 12439
829 4632
4629 12439
830 12440
830 4638
4635 12440
831 12441
831 4644
4641 12441
832 12442
832 4653
4650 12442
833 12443
833 4659
4656 12443
834 12444
834 4665
4662 12444
835 12445
835 4674
4671 12445
836 12446
836 4680
4677 12446
837 12447
837 4686
4683 12447
838 12448
838 4695
4692 12448
839 12449
839 4701
4698 12449
840 12450
840 4707
4704 12450
841 12451
841 4716
4713 12451
842 12452
842 4722
4719 12452
843 12453
843 4728
4725 12453
844 12454
844 4737
4734 12454
845 12455
845 4743
4740 12455
846 12456
846 4749
4746 12456
847 12457
847 4758
4755 12457
848 12458
848 4764
4761 12458
849 12459
849 4770
4767 12459
850 12460
850 4779
4776 12460
851 12461
851 4785
4782 12461
852 12462
852 4791
4788 12462
853 12463
853 4800
4797 12463
854 12464
854 4806
4803 12464
855 12465
855 4812
4809 12465
856 12466
856 4821
4818 12466
857 12467
857 4827
4824 12467
858 12468
858 4833
4830 12468
859 12469
859 4842
4839 12469
860 12470
860 4848
4845 12470
861 12471
861 4854
4851 12471
862 12472
862 4863
4860 12472
863 12473
863 4869
4866 12473
864 12474
864 4875
4872 12474
865 12475
865 4884
4881 12475
866 12476
866 4890
4887 12476
867 12477
867 4896
4893 12477
868 12478
868 4905
4902 12478
869 12479
869 4911
4908 12479
870 12480
870 4917
4914 12480
871 12481
871 4926
4923 12481
872 12482
872 4932
4929 12482
873 12483
873 4938
4935 12483
874 12484
874 4947
4944 12484
875 12485
875 4953
4950 12485
876 12486
876 4959
4956 12486
877 12487
877 4968
4965 12487
878 12488
878 4974
4971 12488
879 12489
879 4980
4977 12489
880 12490
880 4989
4986 12490
881 12491
881 4995
4992 12491
882 12492
882 5001
4998 12492
883 12493
883 5010
5007 12493
884 12494
884 5016
5013 12494
885 12495
885 5022
5019 12495
886 12496
886 5031
5028 12496
887 12497
887 5037
5034 12497
888 12498
888 5043
5040 12498
889 12499
889 5052
5049 12499
890 12500
890 5058
5055 12500
891 12501
891 5064
5061 12501
892 12502
892 5073
5070 12502
893 12503
893 5079
5076 12503
894 12504
894 5085
5082 12504
895 12505
895 5094
5091 12505
896 12506
896 5100
5097 12506
897 12507
897 5106
5103 12507
898 12508
898 5115
5112 12508
899 12509
899 5121
5118 12509
900 12510
900 5127
5124 12510
901 12511
901 5136
5133 12511
902 12512
902 5142
5139 12512
903 12513
903 5148
5145 12513
904 12514
904 5154
5151 12514
905 12515
905 5160
5157 12515
906 12516
906 5166
5163 12516
907 12517
907 5172
5169 12517
908 12518
908 5178
5175 12518
909 12519
909 5184
5181 12519
910 12520
910 5190
5187 12520
911 12521
911 5196
5193 12521
912 12522
912 5202
5199 12522
913 12523
913 5208
5205 12523
914 12524
914 5214
5211 12524
915 12525
915 5220
5217 12525
916 12526
916 5226
5223 12526
917 12527
917 5232
5229 12527
918 12528
918 5238
5235 12528
919 12529
919 5244
5241 12529
920 12530
920 5250
5247 12530
921 12531
921 5256
5253 12531
922 12532
922 5262
5259 12532
923 12533
923 5268
5265 12533
924 12534
924 5274
5271 12534
925 12535
925 5280
5277 12535
926 12536
926 5286
5283 12536
927 12537
927 5292
5289 12537
928 12538
928 5298
5295 12538
929 12539
929 5304
5301 12539
930 12540
930 5310
5307 12540
931 12541
931 5316
5313 12541
932 12542
932 5322
5319 12542
933 12543
933 5328
5325 12543
934 12544
934 5334
5331 12544
935 12545
935 5340
5337 12545
936 12546
936 5346
5343 12546
937 12547
937 5352
5349 12547
938 12548
938 5358
5355 12548
939 12549
939 5364
5361 12549
940 12550
940 5370
5367 12550
941 12551
941 5376
5373 12551
942 12552
942 5382
5379 12552
943 12553
943 5388
5385 12553
944 12554
944 5394
5391 12554
945 12555
945 5400
5397 12555
946 12556
946 5406
5403 12556
947 12557
947 5412
5409 12557
948 12558
948 5418
5415 12558
949 12559
949 5424
5421 12559
950 12560
950 5430
5427 12560
951 12561
951 5436
5433 12561
952 12562
952 5442
5439 12562
953 12563
953 5448
5445 12563
954 12564
954 5454
5451 12564
955 12565
955 5460
5457 12565
956 12566
956 5466
5463 12566
957 12567
957 5472
5469 12567
958 12568
958 5478
5475 12568
959 12569
959 5484
5481 12569
960 12570
960 5490
5487 12570
961 12571
961 5496
5493 12571
962 12572
962 5502
5499 12572
963 12573
963 5508
5505 12573
964 12574
964 5514
5511 12574
965 12575
965 5520
5517 12575
966 12576
966 5526
5523 12576
967 12577
967 5532
5529 12577
968 12578
968 5538
5535 12578
969 12579
969 5544
5541 12579
970 12580
970 5550
5547 12580
971 12581
971 5556
5553 12581
972 12582
972 5562
5559 12582
973 12583
973 5568
5565 12583
974 12584
974 5574
5571 12584
975 12585
975 5580
5577 12585
976 12586
976 5586
5583 12586
977 12587
977 5592
5589 12587
978 12588
978 5598
5595 12588
979 12589
979 5604
5601 12589
980 12590
980 5610
5607 12590
981 12591
981 5616
5613 12591
982 12592
982 5622
5619 12592
983 12593
983 5628
5625 12593
984 12594
984 5634
5631 12594
985 12595
985 5640
5637 12595
986 12596
986 5646
5643 12596
987 12597
987 5652
5649 12597
988 12598
988 5658
5655 12598
989 12599
989 5664
5661 12599
990 12600
990 5670
5667 12600
991 12601
991 5676
5673 12601
992 12602
992 5682
5679 12602
993 12603
993 5688
5685 12603
994 12604
994 5694
5691 12604
995 12605
995 5700
5697 12605
996 12606
996 5706
5703 12606
997 12607
997 5712
5709 12607
998 12608
998 5718
5715 12608
999 12609
999 5724
5721 12609
1000 12610
1000 5730
5727 12610
1001 12611
1001 5736
5733 12611
1002 12612
1002 5742
5739 12612
1003 12613
1003 5748
5745 12613
1004 12614
1004 5754
5751 12614
1005 12615
1005 5760
5757 12615
1006 12616
1006 5766
5763 12616
1007 12617
1007 5772
5769 12617
1008 12618
1008 5778
5775 12618
1009 12619
1009 5784
5781 12619
1010 12620
1010 5790
5787 12620
1011 12621
1011 5796
5793 12621
1012 12622
1012 5802
5799 12622
1013 12623
1013 5808
5805 12623
1014 12624
1014 5814
5811 12624
1015 12625
1015 5820
5817 12625
1016 12626
1016 5826
5823 12626
1017 12627
1017 5832
5829 12627
1018 12628
1018 5838
5835 12628
1019 12629
1019 5844
5841 12629
1020 12630
1020 5850
5847 12630
1021 12631
1021 5856
5853 12631
1022 12632
1022 5862
5859 12632
1023 12633
1023 5868
5865 12633
1024 12634
1024 5874
5871 12634
1025 12635
1025 5880
5877 12635
1026 12636
1026 5886
5883 12636
1027 12637
1027 5892
5889 12637
1028 12638
1028 5898
5895 12638
1029 12639
1029 5904
5901 12639
1030 12640
1030 5910
5907 12640
1031 12641
1031 5916
5913 12641
1032 12642
1032 5922
5919 12642
1033 12643
1033 5928
5925 12643
1034 12644
1034 5934
5931 12644
1035 12645
1035 5940
5937 12645
1036 12646
1036 5946
5943 12646
1037 12647
1037 5952
5949 12647
1038 12648
1038 5958
5955 12648
1039 12649
1039 5964
5961 12649
1040 12650
1040 5970
5967 12650
1041 12651
1041 5976
5973 12651
1042 12652
1042 5982
5979 12652
1043 12653
1043 5988
5985 12653
1044 12654
1044 5994
5991 12654
1045 12655
1045 6000
5997 12655
1046 12656
1046 6006
6003 12656
1047 12657
1047 6012
6009 12657
1048 12658
1048 6018
6015 12658
1049 12659
1049 6024
6021 12659
1050 12660
1050 6030
6027 12660
1051 12661
1051 6036
6033 12661
1052 12662
1052 6042
6039 12662
1053 12663
1053 6048
6045 12663
1054 12664
1054 6054
6051 12664
1055 12665
1055 6060
6057 12665
1056 12666
1056 6066
6063 12666
1057 12667
1057 6072
6069 12667
1058 12668
1058 6078
6075 12668
1059 12669
1059 6084
6081 12669
1060 12670
1060 6090
6087 12670
1061 12671
1061 6096
6093 12671
1062 12672
1062 6102
6099 12672
1063 12673
1063 6108
6105 12673
1064 12674
1064 6114
6111 12674
1065 12675
1065 6120
6117 12675
1066 12676
1066 6126
6123 12676
1067 12677
1067 6132
6129 12677
1068 12678
1068 6138
6135 12678
1069 12679
1069 6144
6141 12679
1070 12680
1070 6150
6147 12680
1071 12681
1071 6156
6153 12681
1072 12682
1072 6162
6159 12682
1073 12683
1073 6168
6165 12683
1074 12684
1074 6174
6171 12684
1075 12685
1075 6180
6177 12685
1076 12686
1076 6186
6183 12686
1077 12687
1077 6192
6189 12687
1078 12688
1078 6198
6195 12688
1079 12689
1079 6204
6201 12689
1080 12690
1080 6210
6207 12690
1081 12691
1081 6216
6213 12691
1082 12692
1082 6222
6219 12692
1083 12693
1083 6228
6225 12693
1084 12694
1084 6234
6231 12694
1085 12695
1085 6240
6237 12695
1086 12696
1086 6246
6243 12696
1087 12697
1087 6252
6249 12697
1088 12698
1088 6258
6255 12698
1089 12699
1089 6264
6261 12699
1090 12700
1090 6270
6267 12700
1091 12701
1091 6276
6273 12701
1092 12702
1092 6282
6279 12702
1093 12703
1093 6288
6285 12703
1094 12704
1094 6294
6291 12704
1095 12705
1095 6300
6297 12705
1096 12706
1096 6306
6303 12706
1097 12707
1097 6312
6309 12707
1098 12708
1098 6318
6315 12708
1099 12709
1099 6324
6321 12709
1100 12710
1100 6330
6327 12710
1101 12711
1101 6336
6333 12711
1102 12712
1102 6342
6339 12712
1103 12713
1103 6348
6345 12713
1104 12714
1104 6354
6351 12714
1105 12715
1105 6360
6357 12715
1106 12716
1106 6366
6363 12716
1107 12717
1107 6372
6369 12717
1108 12718
1108 6378
6375 12718
1109 12719
1109 6384
6381 12719
1110 12720
1110 6390
6387 12720
1111 12721
1111 6396
6393 12721
1112 12722
1112 6402
6399 12722
1113 12723
1113 6408
6405 12723
1114 12724
1114 6414
6411 12724
1115 12725
1115 6420
6417 12725
1116 12726
1116 6426
6423 12726
1117 12727
1117 6432
6429 12727
1118 12728
1118 6438
6435 12728
1119 12729
1119 6444
6441 12729
1120 12730
1120 6450
6447 12730
1121 12731
1121 6456
6453 12731
1122 12732
1122 6462
6459 12732
1123 12733
1123 6468
6465 12733
1124 12734
1124 6474
6471 12734
1125 12735
1125 6480
6477 12735
1126 12736
1126 6486
6483 12736
1127 12737
1127 6492
6489 12737
1128 12738
1128 6498
6495 12738
1129 12739
1129 6504
6501 12739
1130 12740
1130 6510
6507 12740
1131 12741
1131 6516
6513 12741
1132 12742
1132 6522
6519 12742
1133 12743
1133 6528
6525 12743
1134 12744
1134 6534
6531 12744
1135 12745
1135 6540
6537 12745
1136 12746
1136 6546
6543 12746
1137 12747
1137 6552
6549 12747
1138 12748
1138 6558
6555 12748
1139 12749
1139 6564
6561 12749
1140 12750
1140 6570
6567 12750
1141 12751
1141 6576
6573 12751
1142 12752
1142 6582
6579 12752
1143 12753
1143 6588
6585 12753
1144 12754
1144 6594
6591 12754
1145 12755
1145 6600
6597 12755
1146 12756
1146 6606
6603 12756
1147 12757
1147 6612
6609 12757
1148 12758
1148 6618
6615 12758
1149 12759
1149 6624
6621 12759
1150 12760
1150 6630
6627 12760
1151 12761
1151 6636
6633 12761
1152 12762
1152 6642
6639 12762
1153 12763
1153 6648
6645 12763
1154 12764
1154 6654
6651 12764
1155 12765
1155 6660
6657 12765
1156 12766
1156 6666
6663 12766
1157 12767
1157 6672
6669 12767
1158 12768
1158 6678
6675 12768
1159 12769
1159 6684
6681 12769
1160 12770
1160 6690
6687 12770
1161 12771
1161 6696
6693 12771
1162 12772
1162 6702
6699 12772
1163 12773
1163 6708
6705 12773
1164 12774
1164 6714
6711 12774
1165 12775
1165 6720
6717 12775
1166 12776
1166 6726
6723 12776
1167 12777
1167 6732
6729 12777
1168 12778
1168 6738
6735 12778
1169 12779
1169 6744
6741 12779
1170 12780
1170 6750
6747 12780
1171 12781
1171 6756
6753 12781
1172 12782
1172 6762
6759 12782
1173 12783
1173 6768
6765 12783
1174 12784
1174 6774
6771 12784
1175 12785
1175 6780
6777 12785
1176 12786
1176 6786
6783 12786
1177 12787
1177 6792
6789 12787
1178 12788
1178 6798
6795 12788
1179 12789
1179 6804
6801 12789
1180 12790
1180 6810
6807 12790
1181 12791
1181 6816
6813 12791
1182 12792
1182 6822
6819 12792
1183 12793
1183 6828
6825 12793
1184 12794
1184 6834
6831 12794
1185 12795
1185 6840
6837 12795
1186 12796
1186 6846
6843 12796
1187 12797
1187 6852
6849 12797
1188 12798
1188 6858
6855 12798
1189 12799
1189 6864
6861 12799
1190 12800
1190 6870
6867 12800
1191 12801
1191 6876
6873 12801
1192 12802
1192 6882
6879 12802
1193 12803
1193 6888
6885 12803
1194 12804
1194 6894
6891 12804
1195 12805
1195 6900
6897 12805
1196 12806
1196 6906
6903 12806
1197 12807
1197 6912
6909 12807
1198 12808
1198 6918
6915 12808
1199 12809
1199 6924
6921 12809
1200 12810
1200 6930
6927 12810
1201 12811
1201 6936
6933 12811
1202 12812
1202 6942
6939 12812
1203 12813
1203 6948
6945 12813
1204 12814
1204 6954
6951 12814
1205 12815
1205 6960
6957 12815
1206 12816
1206 6966
6963 12816
1207 12817
1207 6972
6969 12817
1208 12818
1208 6978
6975 12818
1209 12819
1209 6984
6981 12819
1210 12820
1210 6990
6987 12820
1211 12821
1211 6996
6993 12821
1212 12822
1212 7002
6999 12822
1213 12823
1213 7008
7005 12823
1214 12824
1214 7014
7011 12824
1215 12825
1215 7020
7017 12825
1216 12826
1216 7026
7023 12826
1217 12827
1217 7032
7029 12827
1218 12828
1218 7038
7035 12828
1219 12829
1219 7044
7041 12829
1220 12830
1220 7050
7047 12830
1221 12831
1221 7056
7053 12831
1222 12832
1222 7062
7059 12832
1223 12833
1223 7068
7065 12833
1224 12834
1224 7074
7071 12834
1225 12835
1225 7080
7077 12835
1226 12836
1226 7086
7083 12836
1227 12837
1227 7092
7089 12837
1228 12838
1228 7098
7095 12838
1229 12839
1229 7104
7101 12839
1230 12840
1230 7110
7107 12840
1231 12841
1231 7116
7113 12841
1232 12842
1232 7122
7119 12842
1233 12843
1233 7128
7125 12843
1234 12844
1234 7134
7131 12844
1235 12845
1235 7140
7137 12845
1236 12846
1236 7146
7143 12846
1237 12847
1237 7152
7149 12847
1238 12848
1238 7158
7155 12848
1239 12849
1239 7164
7161 12849
1240 12850
1240 7170
7167 12850
1241 12851
1241 7176
7173 12851
1242 12852
1242 7182
7179 12852
1243 12853
1243 7188
7185 12853
1244 12854
1244 7194
7191 12854
1245 12855
1245 7200
7197 12855
1246 12856
1246 7206
7203 12856
1247 12857
1247 7212
7209 12857
1248 12858
1248 7218
7215 12858
1249 12859
1249 7224
7221 12859
1250 12860
1250 7230
7227 12860
1251 12861
1251 7236
7233 12861
1252 12862
1252 7242
7239 12862
1253 12863
1253 7248
7245 12863
1254 12864
1254 7254
7251 12864
1255 12865
1255 7260
7257 12865
1256 12866
1256 7266
7263 12866
1257 12867
1257 7272
7269 12867
1258 12868
1258 7278
7275 12868
1259 12869
1259 7284
7281 12869
1260 12870
1260 7290
7287 12870
1261 12871
1261 7296
7293 12871
1262 12872
1262 7302
7299 12872
1263 12873
1263 7308
7305 12873
1264 12874
1264 7314
7311 12874
1265 12875
1265 7320
7317 12875
1266 12876
1266 7326
7323 12876
1267 12877
1267 7332
7329 12877
1268 12878
1268 7338
7335 12878
1269 12879
1269 7344
7341 12879
1270 12880
1270 7350
7347 12880
1271 12881
1271 7356
7353 12881
1272 12882
1272 7362
7359 12882
1273 12883
1273 7368
7365 12883
1274 12884
1274 7374
7371 12884
1275 12885
1275 7380
7377 12885
1276 12886
1276 7386
7383 12886
1277 12887
1277 7392
7389 12887
1278 12888
1278 7398
7395 12888
1279 12889
1279 7404
7401 12889
1280 12890
1280 7410
7407 12890
1281 12891
1281 7416
7413 12891
1282 12892
1282 7422
7419 12892
1283 12893
1283 7428
7425 12893
1284 12894
1284 7434
7431 12894
1285 12895
1285 7440
7437 12895
1286 12896
1286 7446
7443 12896
1287 12897
1287 7452
7449 12897
1288 12898
1288 7458
7455 12898
1289 12899
1289 7464
7461 12899
1290 12900
1290 7470
7467 12900
1291 12901
1291 7476
7473 12901
1292 12902
1292 7482
7479 12902
1293 12903
1293 7488
7485 12903
1294 12904
1294 7494
7491 12904
1295 12905
1295 7500
7497 12905
1296 12906
1296 7506
7503 12906
1297 12907
1297 7512
7509 12907
1298 12908
1298 7518
7515 12908
1299 12909
1299 7524
7521 12909
1300 12910
1300 7530
7527 12910
1301 12911
1301 7536
7533 12911
1302 12912
1302 7542
7539 12912
1303 12913
1303 7548
7545 12913
1304 12914
1304 7554
7551 12914
1305 12915
1305 7560
7557 12915
1306 12916
1306 7566
7563 12916
1307 12917
1307 7572
7569 12917
1308 12918
1308 7578
7575 12918
1309 12919
1309 7584
7581 12919
1310 12920
1310 7590
7587 12920
1311 12921
1311 7596
7593 12921
1312 12922
1312 7602
7599 12922
1313 12923
1313 7608
7605 12923
1314 12924
1314 7614
7611 12924
1315 12925
1315 7620
7617 12925
1316 12926
1316 7626
7623 12926
1317 12927
1317 7632
7629 12927
1318 12928
1318 7638
7635 12928
1319 12929
1319 7644
7641 12929
1320 12930
1320 7650
7647 12930
1321 12931
1321 7656
7653 12931
1322 12932
1322 7662
7659 12932
1323 12933
1323 7668
7665 12933
1324 12934
1324 7674
7671 12934
1325 12935
1325 7680
7677 12935
1326 12936
1326 7686
7683 12936
1327 12937
1327 7692
7689 12937
1328 12938
1328 7698
7695 12938
1329 12939
1329 7704
7701 12939
1330 12940
1330 7710
7707 12940
1331 12941
1331 7716
7713 12941
1332 12942
1332 7722
7719 12942
1333 12943
1333 7728
7725 12943
1334 12944
1334 7734
7731 12944
1335 12945
1335 7740
7737 12945
1336 12946
1336 7746
7743 12946
1337 12947
1337 7752
7749 12947
1338 12948
1338 7758
7755 12948
1339 12949
1339 7764
7761 12949
1340 12950
1340 7770
7767 12950
1341 12951
1341 7776
7773 12951
1342 12952
1342 7782
7779 12952
1343 12953
1343 7788
7785 12953
1344 12954
1344 7794
7791 12954
1345 12955
1345 7800
7797 12955
1346 12956
1346 7806
7803 12956
1347 12957
1347 7812
7809 12957
1348 12958
1348 7818
7815 12958
1349 12959
1349 7824
7821 12959
1350 12960
1350 7830
7827 12960
1351 12961
1351 7836
7833 12961
1352 12962
1352 7842
7839 12962
1353 12963
1353 7848
7845 12963
1354 12964
1354 7854
7851 12964
1355 12965
1355 7860
7857 12965
1356 12966
1356 7866
7863 12966
1357 12967
1357 7872
7869 12967
1358 12968
1358 7878
7875 12968
1359 12969
1359 7884
7881 12969
1360 12970
1360 7890
7887 12970
1361 12971
1361 7896
7893 12971
1362 12972
1362 7902
7899 12972
1363 12973
1363 7908
7905 12973
1364 12974
1364 7914
7911 12974
1365 12975
1365 7920
7917 12975
1366 12976
1366 7926
7923 12976
1367 12977
1367 7932
7929 12977
1368 12978
1368 7938
7935 12978
1369 12979
1369 7944
7941 12979
1370 12980
1370 7950
7947 12980
1371 12981
1371 7956
7953 12981
1372 12982
1372 7962
7959 12982
1373 12983
1373 7968
7965 12983
1374 12984
1374 7974
7971 12984
1375 12985
1375 7980
7977 12985
1376 12986
1376 7986
7983 12986
1377 12987
1377 7992
7989 12987
1378 12988
1378 7998
7995 12988
1379 12989
1379 8004
8001 12989
1380 12990
1380 8010
8007 12990
1381 12991
1381 8016
8013 12991
1382 12992
1382 8022
8019 12992
1383 12993
1383 8028
8025 12993
1384 12994
1384 8034
8031 12994
1385 12995
1385 8040
8037 12995
1386 12996
1386 8046
8043 12996
1387 12997
1387 8052
8049 12997
1388 12998
1388 8058
8055 12998
1389 12999
1389 8064
8061 12999
1390 13000
1390 8070
8067 13000
1391 13001
1391 8076
8073 13001
1392 13002
1392 8082
8079 13002
1393 13003
1393 8088
8085 13003
1394 13004
1394 8094
8091 13004
1395 13005
1395 8100
8097 13005
1396 13006
1396 8106
8103 13006
1397 13007
1397 8112
8109 13007
1398 13008
1398 8118
8115 13008
1399 13009
1399 8124
8121 13009
1400 13010
1400 8130
8127 13010
1401 13011
1401 8136
8133 13011
1402 13012
1402 8142
8139 13012
1403 13013
1403 8148
8145 13013
1404 13014
1404 8154
8151 13014
1405 13015
1405 8160
8157 13015
1406 13016
1406 8166
8163 13016
1407 13017
1407 8172
8169 13017
1408 13018
1408 8178
8175 13018
1409 13019
1409 8184
8181 13019
1410 13020
1410 8190
8187 13020
1411 13021
1411 8196
8193 13021
1412 13022
1412 8202
8199 13022
1413 13023
1413 8208
8205 13023
1414 13024
1414 8214
8211 13024
1415 13025
1415 8220
8217 13025
1416 13026
1416 8226
8223 13026
1417 13027
1417 8232
8229 13027
1418 13028
1418 8238
8235 13028
1419 13029
1419 8244
8241 13029
1420 13030
1420 8250
8247 13030
1421 13031
1421 8256
8253 13031
1422 13032
1422 8262
8259 13032
1423 13033
1423 8268
8265 13033
1424 13034
1424 8274
8271 13034
1425 13035
1425 8280
8277 13035
1426 13036
1426 8286
8283 13036
1427 13037
1427 8292
8289 13037
1428 13038
1428 8298
8295 13038
1429 13039
1429 8304
8301 13039
1430 13040
1430 8310
8307 13040
1431 13041
1431 8316
8313 13041
1432 13042
1432 8322
8319 13042
1433 13043
1433 8328
8325 13043
1434 13044
1434 8334
8331 13044
1435 13045
1435 8340
8337 13045
1436 13046
1436 8346
8343 13046
1437 13047
1437 8352
8349 13047
1438 13048
1438 8358
8355 13048
1439 13049
1439 8364
8361 13049
1440 13050
1440 8370
8367 13050
1441 13051
1441 8376
8373 13051
1442 13052
1442 8382
8379 13052
1443 13053
1443 8388
8385 13053
1444 13054
1444 8394
8391 13054
1445 13055
1445 8400
8397 13055
1446 13056
1446 8406
8403 13056
1447 13057
1447 8412
8409 13057
1448 13058
1448 8418
8415 13058
1449 13059
1449 8424
8421 13059
1450 13060
1450 8430
8427 13060
1451 13061
1451 8436
8433 13061
1452 13062
1452 8442
8439 13062
1453 13063
1453 8448
8445 13063
1454 13064
1454 8454
8451 13064
1455 13065
1455 8460
8457 13065
1456 13066
1456 8466
8463 13066
1457 13067
1457 8472
8469 13067
1458 13068
1458 8478
8475 13068
1459 13069
1459 8484
8481 13069
1460 13070
1460 8490
8487 13070
1461 13071
1461 8496
8493 13071
1462 13072
1462 8502
8499 13072
1463 13073
1463 8508
8505 13073
1464 13074
1464 8514
8511 13074
1465 13075
1465 8520
8517 13075
1466 13076
1466 8526
8523 13076
1467 13077
1467 8532
8529 13077
1468 13078
1468 8538
8535 13078
1469 13079
1469 8544
8541 13079
1470 13080
1470 8550
8547 13080
1471 13081
1471 8556
8553 13081
1472 13082
1472 8562
8559 13082
1473 13083
1473 8568
8565 13083
1474 13084
1474 8574
8571 13084
1475 13085
1475 8580
8577 13085
1476 13086
1476 8586
8583 13086
1477 13087
1477 8592
8589 13087
1478 13088
1478 8598
8595 13088
1479 13089
1479 8604
8601 13089
1480 13090
1480 8610
8607 13090
1481 13091
1481 8616
8613 13091
1482 13092
1482 8622
8619 13092
1483 13093
1483 8628
8625 13093
1484 13094
1484 8634
8631 13094
1485 13095
1485 8640
8637 13095
1486 13096
1486 8646
8643 13096
1487 13097
1487 8652
8649 13097
1488 13098
1488 8658
8655 13098
1489 13099
1489 8664
8661 13099
1490 13100
1490 8670
8667 13100
1491 13101
1491 8676
8673 13101
1492 13102
1492 8682
8679 13102
1493 13103
1493 8688
8685 13103
1494 13104
1494 8694
8691 13104
1495 13105
1495 8700
8697 13105
1496 13106
1496 8706
8703 13106
1497 13107
1497 8712
8709 13107
1498 13108
1498 8718
8715 13108
1499 13109
1499 8724
8721 13109
1500 13110
1500 8730
8727 13110
1501 13111
1501 8736
8733 13111
1502 13112
1502 8742
8739 13112
1503 13113
1503 8748
8745 13113
1504 13114
1504 8754
8751 13114
1505 13115
1505 8760
8757 13115
1506 13116
1506 8766
8763 13116
1507 13117
1507 8772
8769 13117
1508 13118
1508 8778
8775 13118
1509 13119
1509 8784
8781 13119
1510 13120
1510 8790
8787 13120
1511 13121
1511 8796
8793 13121
1512 13122
1512 8802
8799 13122
1513 13123
1513 8808
8805 13123
1514 13124
1514 8814
8811 13124
1515 13125
1515 8820
8817 13125
1516 13126
1516 8826
8823 13126
1517 13127
1517 8832
8829 13127
1518 13128
1518 8838
8835 13128
1519 13129
1519 8844
8841 13129
1520 13130
1520 8850
8847 13130
1521 13131
1521 8856
8853 13131
1522 13132
1522 8862
8859 13132
1523 13133
1523 8868
8865 13133
1524 13134
1524 8874
8871 13134
1525 13135
1525 8880
8877 13135
1526 13136
1526 8886
8883 13136
1527 13137
1527 8892
8889 13137
1528 13138
1528 8898
8895 13138
1529 13139
1529 8904
8901 13139
1530 13140
1530 8910
8907 13140
1531 13141
1531 8916
8913 13141
1532 13142
1532 8922
8919 13142
1533 13143
1533 8928
8925 13143
1534 13144
1534 8934
8931 13144
1535 13145
1535 8940
8937 13145
1536 13146
1536 8946
8943 13146
1537 13147
1537 8952
8949 13147
1538 13148
1538 8958
8955 13148
1539 13149
1539 8964
8961 13149
1540 13150
1540 8970
8967 13150
1541 13151
1541 8976
8973 13151
1542 13152
1542 8982
8979 13152
1543 13153
1543 8988
8985 13153
1544 13154
1544 8994
8991 13154
1545 13155
1545 9000
8997 13155
1546 13156
1546 9006
9003 13156
1547 13157
1547 9012
9009 13157
1548 13158
1548 9018
9015 13158
1549 13159
1549 9024
9021 13159
1550 13160
1550 9030
9027 13160
1551 13161
1551 9036
9033 13161
1552 13162
1552 9042
9039 13162
1553 13163
1553 9048
9045 13163
1554 13164
1554 9054
9051 13164
1555 13165
1555 9060
9057 13165
1556 13166
1556 9066
9063 13166
1557 13167
1557 9072
9069 13167
1558 13168
1558 9078
9075 13168
1559 13169
1559 9084
9081 13169
1560 13170
1560 9090
9087 13170
1561 13171
1561 9096
9093 13171
1562 13172
1562 9102
9099 13172
1563 13173
1563 9108
9105 13173
1564 13174
1564 9114
9111 13174
1565 13175
1565 9120
9117 13175
1566 13176
1566 9126
9123 13176
1567 13177
1567 9132
9129 13177
1568 13178
1568 9138
9135 13178
1569 13179
1569 9144
9141 13179
1570 13180
1570 9150
9147 13180
1571 13181
1571 9156
9153 13181
1572 13182
1572 9162
9159 13182
1573 13183
1573 9168
9165 13183
1574 13184
1574 9174
9171 13184
1575 13185
1575 9180
9177 13185
1576 13186
1576 9186
9183 13186
1577 13187
1577 9192
9189 13187
1578 13188
1578 9198
9195 13188
1579 13189
1579 9204
9201 13189
1580 13190
1580 9210
9207 13190
1581 13191
1581 9216
9213 13191
1582 13192
1582 9222
9219 13192
1583 13193
1583 9228
9225 13193
1584 13194
1584 9234
9231 13194
1585 13195
1585 9240
9237 13195
1586 13196
1586 9246
9243 13196
1587 13197
1587 9252
9249 13197
1588 13198
1588 9258
9255 13198
1589 13199
1589 9264
9261 13199
1590 13200
1590 9270
9267 13200
1591 13201
1591 9276
9273 13201
1592 13202
1592 9282
9279 13202
1593 13203
1593 9288
9285 13203
1594 13204
1594 9294
9291 13204
1595 13205
1595 9300
9297 13205
1596 13206
1596 9306
9303 13206
1597 13207
1597 9312
9309 13207
1598 13208
1598 9318
9315 13208
1599 13209
1599 9324
9321 13209
1600 13210
1600 9330
9327 13210
1601 13211
1601 9336
9333 13211
1602 13212
1602 9342
9339 13212
1603 13213
1603 9348
9345 13213
1604 13214
1604 9354
9351 13214
1605 13215
1605 9360
9357 13215
1606 13216
1606 9366
9363 13216
1607 13217
1607 9372
9369 13217
1608 13218
1608 9378
9375 13218
1609 13219
1609 9384
9381 13219
1610 13220
1610 9390
9387 13220
1611 13221
1611 9396
9393 13221
1612 13222
1612 9402
9399 13222
1613 13223
1613 9408
9405 13223
1614 13224
1614 9414
9411 13224
1615 13225
1615 9420
9417 13225
1616 13226
1616 9426
9423 13226
1617 13227
1617 9432
9429 13227
1618 13228
1618 9438
9435 13228
1619 13229
1619 9444
9441 13229
1620 13230
1620 9450
9447 13230
1621 13231
1621 9456
9453 13231
1622 13232
1622 9462
9459 13232
1623 13233
1623 9468
9465 13233
1624 13234
1624 9474
9471 13234
1625 13235
1625 9480
9477 13235
1626 13236
1626 9486
9483 13236
1627 13237
1627 9492
9489 13237
1628 13238
1628 9498
9495 13238
1629 13239
1629 9504
9501 13239
1630 13240
1630 9510
9507 13240
1631 13241
1631 9516
9513 13241
1632 13242
1632 9522
9519 13242
1633 13243
1633 9528
9525 13243
1634 13244
1634 9534
9531 13244
1635 13245
1635 9540
9537 13245
1636 13246
1636 9546
9543 13246
1637 13247
1637 9552
9549 13247
1638 13248
1638 9558
9555 13248
1639 13249
1639 9564
9561 13249
1640 13250
1640 9570
9567 13250
1641 13251
1641 9576
9573 13251
1642 13252
1642 9582
9579 13252
1643 13253
1643 9588
9585 13253
1644 13254
1644 9594
9591 13254
1645 13255
1645 9600
9597 13255
1646 13256
1646 9606
9603 13256
1647 13257
1647 9612
9609 13257
1648 13258
1648 9618
9615 13258
1649 13259
1649 9624
9621 13259
1650 13260
1650 9630
9627 13260
1651 13261
1651 9636
9633 13261
1652 13262
1652 9642
9639 13262
1653 13263
1653 9648
9645 13263
1654 13264
1654 9654
9651 13264
1655 13265
1655 9660
9657 13265
1656 13266
1656 9666
9663 13266
1657 13267
1657 9672
9669 13267
1658 13268
1658 9678
9675 13268
1659 13269
1659 9684
9681 13269
1660 13270
1660 9690
9687 13270
1661 13271
1661 9696
9693 13271
1662 13272
1662 9702
9699 13272
1663 13273
1663 9708
9705 13273
1664 13274
1664 9714
9711 13274
1665 13275
1665 9720
9717 13275
1666 13276
1666 9726
9723 13276
1667 13277
1667 9732
9729 13277
1668 13278
1668 9738
9735 13278
1669 13279
1669 9744
9741 13279
1670 13280
1670 9750
9747 13280
1671 13281
1671 9756
9753 13281
1672 13282
1672 9762
9759 13282
1673 13283
1673 9768
9765 13283
1674 13284
1674 9774
9771 13284
1675 13285
1675 9780
9777 13285
1676 13286
1676 9786
9783 13286
1677 13287
1677 9792
9789 13287
1678 13288
1678 9798
9795 13288
1679 13289
1679 9804
9801 13289
1680 13290
1680 9810
9807 13290
1681 13291
1681 9816
9813 13291
1682 13292
1682 9822
9819 13292
1683 13293
1683 9828
9825 13293
1684 13294
1684 9834
9831 13294
1685 13295
1685 9840
9837 13295
1686 13296
1686 9846
9843 13296
1687 13297
1687 9852
9849 13297
1688 13298
1688 9858
9855 13298
1689 13299
1689 9864
9861 13299
1690 13300
1690 9870
9867 13300
1691 13301
1691 9876
9873 13301
1692 13302
1692 9882
9879 13302
1693 13303
1693 9888
9885 13303
1694 13304
1694 9894
9891 13304
1695 13305
1695 9900
9897 13305
1696 13306
1696 9906
9903 13306
1697 13307
1697 9912
9909 13307
1698 13308
1698 9918
9915 13308
1699 13309
1699 9924
9921 13309
1700 13310
1700 9930
9927 13310
1701 13311
1701 9936
9933 13311
1702 13312
1702 9942
9939 13312
1703 13313
1703 9948
9945 13313
1704 13314
1704 9954
9951 13314
1705 13315
1705 9960
9957 13315
1706 13316
1706 9966
9963 13316
1707 13317
1707 9972
9969 13317
1708 13318
1708 9978
9975 13318
1709 13319
1709 9984
9981 13319
1710 13320
1710 9990
9987 13320
1711 13321
1711 9996
9993 13321
1712 13322
1712 10002
9999 13322
1713 13323
1713 10008
10005 13323
1714 13324
1714 10014
10011 13324
1715 13325
1715 10020
10017 13325
1716 13326
1716 10026
10023 13326
1717 13327
1717 10032
10029 13327
1718 13328
1718 10038
10035 13328
1719 13329
1719 10044
10041 13329
1720 13330
1720 10050
10047 13330
1721 13331
1721 10056
10053 13331
1722 13332
1722 10062
10059 13332
1723 13333
1723 10068
10065 13333
1724 13334
1724 10074
10071 13334
1725 13335
1725 10080
10077 13335
1726 13336
1726 10086
10083 13336
1727 13337
1727 10092
10089 13337
1728 13338
1728 10098
10095 13338
1729 13339
1729 10104
10101 13339
1730 13340
1730 10110
10107 13340
1731 13341
1731 10116
10113 13341
1732 13342
1732 10122
10119 13342
1733 13343
1733 10128
10125 13343
1734 13344
1734 10134
10131 13344
1735 13345
1735 10140
10137 13345
1736 13346
1736 10146
10143 13346
1737 13347
1737 10152
10149 13347
1738 13348
1738 10158
10155 13348
1739 13349
1739 10164
10161 13349
1740 13350
1740 10170
10167 13350
1741 13351
1741 10176
10173 13351
1742 13352
1742 10182
10179 13352
1743 13353
1743 10188
10185 13353
1744 13354
1744 10194
10191 13354
1745 13355
1745 10200
10197 13355
1746 13356
1746 10206
10203 13356
1747 13357
1747 10212
10209 13357
1748 13358
1748 10218
10215 13358
1749 13359
1749 10224
10221 13359
1750 13360
1750 10230
10227 13360
1751 13361
1751 10236
10233 13361
1752 13362
1752 10242
10239 13362
1753 13363
1753 10248
10245 13363
1754 13364
1754 10254
10251 13364
1755 13365
1755 10260
10257 13365
1756 13366
1756 10266
10263 13366
1757 13367
1757 10272
10269 13367
1758 13368
1758 10278
10275 13368
1759 13369
1759 10284
10281 13369
1760 13370
1760 10290
10287 13370
1761 13371
1761 10296
10293 13371
1762 13372
1762 10302
10299 13372
1763 13373
1763 10308
10305 13373
1764 13374
1764 10314
10311 13374
1765 13375
1765 10320
10317 13375
1766 13376
1766 10326
10323 13376
1767 13377
1767 10332
10329 13377
1768 13378
1768 10338
10335 13378
1769 13379
1769 10344
10341 13379
1770 13380
1770 10350
10347 13380
1771 13381
1771 10356
10353 13381
1772 13382
1772 10362
10359 13382
1773 13383
1773 10368
10365 13383
1774 13384
1774 10374
10371 13384
1775 13385
1775 10380
10377 13385
1776 13386
1776 10386
10383 13386
1777 13387
1777 10392
10389 13387
1778 13388
1778 10398
10395 13388
1779 13389
1779 10404
10401 13389
1780 13390
1780 10410
10407 13390
1781 13391
1781 10416
10413 13391
1782 13392
1782 10422
10419 13392
1783 13393
1783 10428
10425 13393
1784 13394
1784 10434
10431 13394
1785 13395
1785 10440
10437 13395
1786 13396
1786 10446
10443 13396
1787 13397
1787 10452
10449 13397
1788 13398
1788 10458
10455 13398
1789 13399
1789 10464
10461 13399
1790 13400
1790 10470
10467 13400
1791 13401
1791 10476
10473 13401
1792 13402
1792 10482
10479 13402
1793 13403
1793 10488
10485 13403
1794 13404
1794 10494
10491 13404
1795 13405
1795 10500
10497 13405
1796 13406
1796 10506
10503 13406
1797 13407
1797 10512
10509 13407
1798 13408
1798 10518
10515 13408
1799 13409
1799 10524
10521 13409
1800 13410
1800 10530
10527 13410
1801 13411
1801 10536
10533 13411
1802 13412
1802 10542
10539 13412
1803 13413
1803 10548
10545 13413
1804 13414
1804 10554
10551 13414
1805 13415
1805 10560
10557 13415
1806 13416
1806 10566
10563 13416
1807 13417
1807 10572
10569 13417
1808 13418
1808 10578
10575 13418
1809 13419
1809 10584
10581 13419
1810 13420
1810 10590
10587 13420
1811 13421
1811 10596
10593 13421
1812 13422
1812 10602
10599 13422
1813 13423
1813 10608
10605 13423
1814 13424
1814 10614
10611 13424
1815 13425
1815 10620
10617 13425
1816 13426
1816 10626
10623 13426
1817 13427
1817 10632
10629 13427
1818 13428
1818 10638
10635 13428
1819 13429
1819 10644
10641 13429
1820 13430
1820 10650
10647 13430
1821 13431
1821 10656
10653 13431
1822 13432
1822 10662
10659 13432
1823 13433
1823 10668
10665 13433
1824 13434
1824 10674
10671 13434
1825 13435
1825 10680
10677 13435
1826 13436
1826 10686
10683 13436
1827 13437
1827 10692
10689 13437
1828 13438
1828 10698
10695 13438
1829 13439
1829 10704
10701 13439
1830 13440
1830 10710
10707 13440
1831 13441
1831 10716
10713 13441
1832 13442
1832 10722
10719 13442
1833 13443
1833 10728
10725 13443
1834 13444
1834 10734
10731 13444
1835 13445
1835 10740
10737 13445
1836 13446
1836 10746
10743 13446
1837 13447
1837 10752
10749 13447
1838 13448
1838 10758
10755 13448
1839 13449
1839 10764
10761 13449
1840 13450
1840 10770
10767 13450
1841 13451
1841 10776
10773 13451
1842 13452
1842 10782
10779 13452
1843 13453
1843 10788
10785 13453
1844 13454
1844 10794
10791 13454
1845 13455
1845 10800
10797 13455
1846 13456
1846 10806
10803 13456
1847 13457
1847 10812
10809 13457
1848 13458
1848 10818
10815 13458
1849 13459
1849 10824
10821 13459
1850 13460
1850 10830
10827 13460
1851 13461
1851 10836
10833 13461
1852 13462
1852 10842
10839 13462
1853 13463
1853 10848
10845 13463
1854 13464
1854 10854
10851 13464
1855 13465
1855 10860
10857 13465
1856 13466
1856 10866
10863 13466
1857 13467
1857 10872
10869 13467
1858 13468
1858 10878
10875 13468
1859 13469
1859 10884
10881 13469
1860 13470
1860 10890
10887 13470
1861 13471
1861 10896
10893 13471
1862 13472
1862 10902
10899 13472
1863 13473
1863 10908
10905 13473
1864 13474
1864 10914
10911 13474
1865 13475
1865 10920
10917 13475
1866 13476
1866 10926
10923 13476
1867 13477
1867 10932
10929 13477
1868 13478
1868 10938
10935 13478
1869 13479
1869 10944
10941 13479
1870 13480
1870 10950
10947 13480
1871 13481
1871 10956
10953 13481
1872 13482
1872 10962
10959 13482
1873 13483
1873 10968
10965 13483
1874 13484
1874 10974
10971 13484
1875 13485
1875 10980
10977 13485
1876 13486
1876 10986
10983 13486
1877 13487
1877 10992
10989 13487
1878 13488
1878 10998
10995 13488
1879 13489
1879 11004
11001 13489
1880 13490
1880 11010
11007 13490
1881 13491
1881 11016
11013 13491
1882 13492
1882 11022
11019 13492
1883 13493
1883 11028
11025 13493
1884 13494
1884 11034
11031 13494
1885 13495
1885 11040
11037 13495
1886 13496
1886 11046
11043 13496
1887 13497
1887 11052
11049 13497
1888 13498
1888 11058
11055 13498
1889 13499
1889 11064
11061 13499
1890 13500
1890 11070
11067 13500
1891 13501
1891 11076
11073 13501
1892 13502
1892 11082
11079 13502
1893 13503
1893 11088
11085 13503
1894 13504
1894 11094
11091 13504
1895 13505
1895 11100
11097 13505
1896 13506
1896 11106
11103 13506
1897 13507
1897 11112
11109 13507
1898 13508
1898 11118
11115 13508
1899 13509
1899 11124
11121 13509
1900 13510
1900 11130
11127 13510
1901 13511
1901 11136
11133 13511
1902 13512
1902 11142
11139 13512
1903 13513
1903 11148
11145 13513
1904 13514
1904 11154
11151 13514
1905 13515
1905 11160
11157 13515
1906 13516
1906 11166
11163 13516
1907 13517
1907 11172
11169 13517
1908 13518
1908 11178
11175 13518
1909 13519
1909 11184
11181 13519
1910 13520
1910 11190
11187 13520
1911 13521
1911 11196
11193 13521
1912 13522
1912 11202
11199 13522
1913 13523
1913 11208
11205 13523
1914 13524
1914 11214
11211 13524
1915 13525
1915 11220
11217 13525
1916 13526
1916 11226
11223 13526
1917 13527
1917 11232
11229 13527
1918 13528
1918 11238
11235 13528
1919 13529
1919 11244
11241 13529
1920 13530
1920 11250
11247 13530
1921 13531
1921 11256
11253 13531
1922 13532
1922 11262
11259 13532
1923 13533
1923 11268
11265 13533
1924 13534
1924 11274
11271 13534
1925 13535
1925 11280
11277 13535
1926 13536
1926 11286
11283 13536
1927 13537
1927 11292
11289 13537
1928 13538
1928 11298
11295 13538
1929 13539
1929 11304
11301 13539
1930 13540
1930 11310
11307 13540
1931 13541
1931 11316
11313 13541
1932 13542
1932 11322
11319 13542
1933 13543
1933 11328
11325 13543
1934 13544
1934 11334
11331 13544
1935 13545
1935 11340
11337 13545
1936 13546
1936 11346
11343 13546
1937 13547
1937 11352
11349 13547
1938 13548
1938 11358
11355 13548
1939 13549
1939 11364
11361 13549
1940 13550
1940 11370
11367 13550
1941 13551
1941 11376
11373 13551
1942 13552
1942 11382
11379 13552
1943 13553
1943 11388
11385 13553
1944 13554
1944 11394
11391 13554
1945 13555
1945 11400
11397 13555
1946 13556
1946 11406
11403 13556
1947 13557
1947 11412
11409 13557
1948 13558
1948 11418
11415 13558
1949 13559
1949 11424
11421 13559
1950 13560
1950 11430
11427 13560
1951 13561
1951 11436
11433 13561
1952 13562
1952 11442
11439 13562
1953 13563
1953 11448
11445 13563
1954 13564
1954 11454
11451 13564
1955 13565
1955 11460
11457 13565
1956 13566
1956 11466
11463 13566
1957 13567
1957 11472
11469 13567
1958 13568
1958 11478
11475 13568
1959 13569
1959 11484
11481 13569
1960 13570
1960 11490
11487 13570
1961 13571
1961 11496
11493 13571
1962 13572
1962 11502
11499 13572
1963 13573
1963 11508
11505 13573
1964 13574
1964 11514
11511 13574
1965 13575
1965 11520
11517 13575
1966 13576
1966 11526
11523 13576
1967 13577
1967 11532
11529 13577
1968 13578
1968 11538
11535 13578
1969 13579
1969 11544
11541 13579
1970 13580
1970 11550
11547 13580
1971 13581
1971 11556
11553 13581
1972 13582
1972 11562
11559 13582
1973 13583
1973 11568
11565 13583
1974 13584
1974 11574
11571 13584
1975 13585
1975 11580
11577 13585
1976 13586
1976 11586
11583 13586
1977 13587
1977 11592
11589 13587
1978 13588
1978 11598
11595 13588
1979 13589
1979 11604
11601 13589
1980 13590
1980 11610
11607 13590
1981 1982
1981 1983
1982 1983
1984 1985
1984 1986
1985 1986
1987 1988
1987 1989
1988 1989
1990 1991
1990 1992
1991 1992
1993 1994
1993 1995
1994 1995
1996 1997
1996 1998
1997 1998
1999 2000
1999 2001
2000 2001
2002 2003
2002 2004
2003 2004
2005 2006
2005 2007
2006 2007
2008 2009
2008 2010
2009 2010
2011 2012
2011 2013
2012 2013
2014 2015
2014 2016
2015 2016
2017 2018
2017 2019
2018 2019
2020 2021
2020 2022
2021 2022
2023 2024
2023 2025
2024 2025
2026 2027
2026 2028
2027 2028
2029 2030
2029 2031
2030 2031
2032 2033
2032 2034
2033 2034
2035 2036
2035 2037
2036 2037
2038 2039
2038 2040
2039 2040
2041 2042
2041 2043
2042 2043
2044 2045
2044 2046
2045 2046
2047 2048
2047 2049
2048 2049
2050 2051
2050 2052
2051 2052
2053 2054
2053 2055
2054 2055
2056 2057
2056 2058
2057 2058
2059 2060
2059 2061
2060 2061
2062 2063
2062 2064
2063 2064
2065 2066
2065 2067
2066 2067
2068 2069
2068 2070
2069 2070
2071 2072
2071 2073
2072 2073
2074 2075
2074 2076
2075 2076
2077 2078
2077 2079
2078 2079
2080 2081
2080 2082
2081 2082
2083 2084
2083 2085
2084 2085
2086 2087
2086 2088
2087 2088
2089 2090
2089 2091
2090 2091
2092 2093
2092 2094
2093 2094
2095 2096
2095 2097
2096 2097
2098 2099
2098 2100
2099 2100
2101 2102
2101 2103
2102 2103
2104 2105
2104 2106
2105 2106
2107 2108
2107 2109
2108 2109
2110 2111
2110 2112
2111 2112
2113 2114
2113 2115
2114 2115
2116 2117
2116 2118
2117 2118
2119 2120
2119 2121
2120 2121
2122 2123
2122 2124
2123 2124
2125 2126
2125 2127
2126 2127
2128 2129
2128 2130
2129 2130
2131 2132
2131 2133
2132 2133
2134 2135
2134 2136
2135 2136
2137 2138
2137 2139
2138 2139
2140 2141
2140 2142
2141 2142
2143 2144
2143 2145
2144 2145
2146 2147
2146 2148
2147 2148
2149 2150
2149 2151
2150 2151
2152 2153
2152 2154
2153 2154
2155 2156
2155 2157
2156 2157
2158 2159
2158 2160
2159 2160
2161 2162
2161 2163
2162 2163
2164 2165
2164 2166
2165 2166
2167 2168
2167 2169
2168 2169
2170 2171
2170 2172
2171 2172
2173 2174
2173 2175
2174 2175
2176 2177
2176 2178
2177 2178
2179 2180
2179 2181
2180 2181
2182 2183
2182 2184
2183 2184
2185 2186
2185 2187
2186 2187
2188 2189
2188 2190
2189 2190
2191 2192
2191 2193
2192 2193
2194 2195
2194 2196
2195 2196
2197 2198
2197 2199
2198 2199
2200 2201
2200 2202
2201 2202
2203 2204
2203 2205
2204 2205
2206 2207
2206 2208
2207 2208
2209 2210
2209 2211
2210 2211
2212 2213
2212 2214
2213 2214
2215 2216
2215 2217
2216 2217
2218 2219
2218 2220
2219 2220
2221 2222
2221 2223
2222 2223
2224 2225
2224 2226
2225 2226
2227 2228
2227 2229
2228 2229
2230 2231
2230 2232
2231 2232
2233 2234
2233 2235
2234 2235
2236 2237
2236 2238
2237 2238
2239 2240
2239 2241
2240 2241
2242 2243
2242 2244
2243 2244
2245 2246
2245 2247
2246 2247
2248 2249
2248 2250
2249 2250
2251 2252
2251 2253
2252 2253
2254 2255
2254 2256
2255 2256
2257 2258
2257 2259
2258 2259
2260 2261
2260 2262
2261 2262
2263 2264
2263 2265
2264 2265
2266 2267
2266 2268
2267 2268
2269 2270
2269 2271
2270 2271
2272 2273
2272 2274
2273 2274
2275 2276
2275 2277
2276 2277
2278 2279
2278 2280
2279 2280
2281 2282
2281 2283
2282 2283
2284 2285
2284 2286
2285 2286
2287 2288
2287 2289
2288 2289
2290 2291
2290 2292
2291 2292
2293 2294
2293 2295
2294 2295
2296 2297
2296 2298
2297 2298
2299 2300
2299 2301
2300 2301
2302 2303
2302 2304
2303 2304
2305 2306
2305 2307
2306 2307
2308 2309
2308 2310
2309 2310
2311 2312
2311 2313
2312 2313
2314 2315
2314 2316
2315 2316
2317 2318
2317 2319
2318 2319
2320 2321
2320 2322
2321 2322
2323 2324
2323 2325
2324 2325
2326 2327
2326 2328
2327 2328
2329 2330
2329 2331
2330 2331
2332 2333
2332 2334
2333 2334
2335 2336
2335 2337
2336 2337
2338 2339
2338 2340
2339 2340
2341 2342
2341 2343
2342 2343
2344 2345
2344 2346
2345 2346
2347 2348
2347 2349
2348 2349
2350 2351
2350 2352
2351 2352
2353 2354
2353 2355
2354 2355
2356 2357
2356 2358
2357 2358
2359 2360
2359 2361
2360 2361
2362 2363
2362 2364
2363 2364
2365 2366
2365 2367
2366 2367
2368 2369
2368 2370
2369 2370
2371 2372
2371 2373
2372 2373
2374 2375
2374 2376
2375 2376
2377 2378
2377 2379
2378 2379
2380 2381
2380 2382
2381 2382
2383 2384
2383 2385
2384 2385
2386 2387
2386 2388
2387 2388
2389 2390
2389 2391
2390 2391
2392 2393
2392 2394
2393 2394
2395 2396
2395 2397
2396 2397
2398 2399
2398 2400
2399 2400
2401 2402
2401 2403
2402 2403
2404 2405
2404 2406
2405 2406
2407 2408
2407 2409
2408 2409
2410 2411
2410 2412
2411 2412
2413 2414
2413 2415
2414 2415
2416 2417
2416 2418
2417 2418
2419 2420
2419 2421
2420 2421
2422 2423
2422 2424
2423 2424
2425 2426
2425 2427
2426 2427
2428 2429
2428 2430
2429 2430
2431 2432
2431 2433
2432 2433
2434 2435
2434 2436
2435 2436
2437 2438
2437 2439
2438 2439
2440 2441
2440 2442
2441 2442
2443 2444
2443 2445
2444 2445
2446 2447
2446 2448
2447 2448
2449 2450
2449 2451
2450 2451
2452 2453
2452 2454
2453 2454
2455 2456
2455 2457
2456 2457
2458 2459
2458 2460
2459 2460
2461 2462
2461 2463
2462 2463
2464 2465
2464 2466
2465 2466
2467 2468
2467 2469
2468 2469
2470 2471
2470 2472
2471 2472
2473 2474
2473 2475
2474 2475
2476 2477
2476 2478
2477 2478
2479 2480
2479 2481
2480 2481
2482 2483
2482 2484
2483 2484
2485 2486
2485 2487
2486 2487
2488 2489
2488 2490
2489 2490
2491 2492
2491 2493
2492 2493
2494 2495
2494 2496
2495 2496
2497 2498
2497 2499
2498 2499
2500 2501
2500 2502
2501 2502
2503 2504
2503 2505
2504 2505
2506 2507
2506 2508
2507 2508
2509 2510
2509 2511
2510 2511
2512 2513
2512 2514
2513 2514
2515 2516
2515 2517
2516 2517
2518 2519
2518 2520
2519 2520
2521 2522
2521 2523
2522 2523
2524 2525
2524 2526
2525 2526
2527 2528
2527 2529
2528 2529
2530 2531
2530 2532
2531 2532
2533 2534
2533 2535
2534 2535
2536 2537
2536 2538
2537 2538
2539 2540
2539 2541
2540 2541
2542 2543
2542 2544
2543 2544
2545 2546
2545 2547
2546 2547
2548 2549
2548 2550
2549 2550
2551 2552
2551 2553
2552 2553
2554 2555
2554 2556
2555 2556
2557 2558
2557 2559
2558 2559
2560 2561
2560 2562
2561 2562
2563 2564
2563 2565
2564 2565
2566 2567
2566 2568
2567 2568
2569 2570
2569 2571
2570 2571
2572 2573
2572 2574
2573 2574
2575 2576
2575 2577
2576 2577
2578 2579
2578 2580
2579 2580
2581 2582
2581 2583
2582 2583
2584 2585
2584 2586
2585 2586
2587 2588
2587 2589
2588 2589
2590 2591
2590 2592
2591 2592
2593 2594
2593 2595
2594 2595
2596 2597
2596 2598
2597 2598
2599 2600
2599 2601
2600 2601
2602 2603
2602 2604
2603 2604
2605 2606
2605 2607
2606 2607
2608 2609
2608 2610
2609 2610
2611 2612
2611 2613
2612 2613
2614 2615
2614 2616
2615 2616
2617 2618
2617 2619
2618 2619
2620 2621
2620 2622
2621 2622
2623 2624
2623 2625
2624 2625
2626 2627
2626 2628
2627 2628
2629 2630
2629 2631
2630 2631
2632 2633
2632 2634
2633 2634
2635 2636
2635 2637
2636 2637
2638 2639
2638 2640
2639 2640
2641 2642
2641 2643
2642 2643
2644 2645
2644 2646
2645 2646
2647 2648
2647 2649
2648 2649
2650 2651
2650 2652
2651 2652
2653 2654
2653 2655
2654 2655
2656 2657
2656 2658
2657 2658
2659 2660
2659 2661
2660 2661
2662 2663
2662 2664
2663 2664
2665 2666
2665 2667
2666 2667
2668 2669
2668 2670
2669 2670
2671 2672
2671 2673
2672 2673
2674 2675
2674 2676
2675 2676
2677 2678
2677 2679
2678 2679
2680 2681
2680 2682
2681 2682
2683 2684
2683 2685
2684 2685
2686 2687
2686 2688
2687 2688
2689 2690
2689 2691
2690 2691
2692 2693
2692 2694
2693 2694
2695 2696
2695 2697
2696 2697
2698 2699
2698 2700
2699 2700
2701 2702
2701 2703
2702 2703
2704 2705
2704 2706
2705 2706
2707 2708
2707 2709
2708 2709
2710 2711
2710 2712
2711 2712
2713 2714
2713 2715
2714 2715
2716 2717
2716 2718
2717 2718
2719 2720
2719 2721
2720 2721
2722 2723
2722 2724
2723 2724
2725 2726
2725 2727
2726 2727
2728 2729
2728 2730
2729 2730
2731 2732
2731 2733
2732 2733
2734 2735
2734 2736
2735 2736
2737 2738
2737 2739
2738 2739
2740 2741
2740 2742
2741 2742
2743 2744
2743 2745
2744 2745
2746 2747
2746 2748
2747 2748
2749 2750
2749 2751
2750 2751
2752 2753
2752 2754
2753 2754
2755 2756
2755 2757
2756 2757
2758 2759
2758 2760
2759 2760
2761 2762
2761 2763
2762 2763
2764 2765
2764 2766
2765 2766
2767 2768
2767 2769
2768 2769
2770 2771
2770 2772
2771 2772
2773 2774
2773 2775
2774 2775
2776 2777
2776 2778
2777 2778
2779 2780
2779 2781
2780 2781
2782 2783
2782 2784
2783 2784
2785 2786
2785 2787
2786 2787
2788 2789
2788 2790
2789 2790
2791 2792
2791 2793
2792 2793
2794 2795
2794 2796
2795 2796
2797 2798
2797 2799
2798 2799
2800 2801
2800 2802
2801 2802
2803 2804
2803 2805
2804 2805
2806 2807
2806 2808
2807 2808
2809 2810
2809 2811
2810 2811
2812 2813
2812 2814
2813 2814
2815 2816
2815 2817
2816 2817
2818 2819
2818 2820
2819 2820
2821 2822
2821 2823
2822 2823
2824 2825
2824 2826
2825 2826
2827 2828
2827 2829
2828 2829
2830 2831
2830 2832
2831 2832
2833 2834
2833 2835
2834 2835
2836 2837
2836 2838
2837 2838
2839 2840
2839 2841
2840 2841
2842 2843
2842 2844
2843 2844
2845 2846
2845 2847
2846 2847
2848 2849
2848 2850
2849 2850
2851 2852
2851 2853
2852 2853
2854 2855
2854 2856
2855 2856
2857 2858
2857 2859
2858 2859
2860 2861
2860 2862
2861 2862
2863 2864
2863 2865
2864 2865
2866 2867
2866 2868
2867 2868
2869 2870
2869 2871
2870 2871
2872 2873
2872 2874
2873 2874
2875 2876
2875 2877
2876 2877
2878 2879
2878 2880
2879 2880
2881 2882
2881 2883
2882 2883
2884 2885
2884 2886
2885 2886
2887 2888
2887 2889
2888 2889
2890 2891
2890 2892
2891 2892
2893 2894
2893 2895
2894 2895
2896 2897
2896 2898
2897 2898
2899 2900
2899 2901
2900 2901
2902 2903
2902 2904
2903 2904
2905 2906
2905 2907
2906 2907
2908 2909
2908 2910
2909 2910
2911 2912
2911 2913
2912 2913
2914 2915
2914 2916
2915 2916
2917 2918
2917 2919
2918 2919
2920 2921
2920 2922
2921 2922
2923 2924
2923 2925
2924 2925
2926 2927
2926 2928
2927 2928
2929 2930
2929 2931
2930 2931
2932 2933
2932 2934
2933 2934
2935 2936
2935 2937
2936 2937
2938 2939
2938 2940
2939 2940
2941 2942
2941 2943
2942 2943
2944 2945
2944 2946
2945 2946
2947 2948
2947 2949
2948 2949
2950 2951
2950 2952
2951 2952
2953 2954
2953 2955
2954 2955
2956 2957
2956 2958
2957 2958
2959 2960
2959 2961
2960 2961
2962 2963
2962 2964
2963 2964
2965 2966
2965 2967
2966 2967
2968 2969
2968 2970
2969 2970
2971 2972
2971 2973
2972 2973
2974 2975
2974 2976
2975 2976
2977 2978
2977 2979
2978 2979
2980 2981
2980 2982
2981 2982
2983 2984
2983 2985
2984 2985
2986 2987
2986 2988
2987 2988
2989 2990
2989 2991
2990 2991
2992 2993
2992 2994
2993 2994
2995 2996
2995 2997
2996 2997
2998 2999
2998 3000
2999 3000
3001 3002
3001 3003
3002 3003
3004 3005
3004 3006
3005 3006
3007 3008
3007 3009
3008 3009
3010 3011
3010 3012
3011 3012
3013 3014
3013 3015
3014 3015
3016 3017
3016 3018
3017 3018
3019 3020
3019 3021
3020 3021
3022 3023
3022 3024
3023 3024
3025 3026
3025 3027
3026 3027
3028 3029
3028 3030
3029 3030
3031 3032
3031 3033
3032 3033
3034 3035
3034 3036
3035 3036
3037 3038
3037 3039
3038 3039
3040 3041
3040 3042
3041 3042
3043 3044
3043 3045
3044 3045
3046 3047
3046 3048
3047 3048
3049 3050
3049 3051
3050 3051
3052 3053
3052 3054
3053 3054
3055 3056
3055 3057
3056 3057
3058 3059
3058 3060
3059 3060
3061 3062
3061 3063
3062 3063
3064 3065
3064 3066
3065 3066
3067 3068
3067 3069
3068 3069
3070 3071
3070 3072
3071 3072
3073 3074
3073 3075
3074 3075
3076 3077
3076 3078
3077 3078
3079 3080
3079 3081
3080 3081
3082 3083
3082 3084
3083 3084
3085 3086
3085 3087
3086 3087
3088 3089
3088 3090
3089 3090
3091 3092
3091 3093
3092 3093
3094 3095
3094 3096
3095 3096
3097 3098
3097 3099
3098 3099
3100 3101
3100 3102
3101 3102
3103 3104
3103 3105
3104 3105
3106 3107
3106 3108
3107 3108
3109 3110
3109 3111
3110 3111
3112 3113
3112 3114
3113 3114
3115 3116
3115 3117
3116 3117
3118 3119
3118 3120
3119 3120
3121 3122
3121 3123
3122 3123
3124 3125
3124 3126
3125 3126
3127 3128
3127 3129
3128 3129
3130 3131
3130 3132
3131 3132
3133 3134
3133 3135
3134 3135
3136 3137
3136 3138
3137 3138
3139 3140
3139 3141
3140 3141
3142 3143
3142 3144
3143 3144
3145 3146
3145 3147
3146 3147
3148 3149
3148 3150
3149 3150
3151 3152
3151 3153
3152 3153
3154 3155
3154 3156
3155 3156
3157 3158
3157 3159
3158 3159
3160 3161
3160 3162
3161 3162
3163 3164
3163 3165
3164 3165
3166 3167
3166 3168
3167 3168
3169 3170
3169 3171
3170 3171
3172 3173
3172 3174
3173 3174
3175 3176
3175 3177
3176 3177
3178 3179
3178 3180
3179 3180
3181 3182
3181 3183
3182 3183
3184 3185
3184 3186
3185 3186
3187 3188
3187 3189
3188 3189
3190 3191
3190 3192
3191 3192
3193 3194
3193 3195
3194 3195
3196 3197
3196 3198
3197 3198
3199 3200
3199 3201
3200 3201
3202 3203
3202 3204
3203 3204
3205 3206
3205 3207
3206 3207
3208 3209
3208 3210
3209 3210
3211 3212
3211 3213
3212 3213
3214 3215
3214 3216
3215 3216
3217 3218
3217 3219
3218 3219
3220 3221
3220 3222
3221 3222
3223 3224
3223 3225
3224 3225
3226 3227
3226 3228
3227 3228
3229 3230
3229 3231
3230 3231
3232 3233
3232 3234
3233 3234
3235 3236
3235 3237
3236 3237
3238 3239
3238 3240
3239 3240
3241 3242
3241 3243
3242 3243
3244 3245
3244 3246
3245 3246
3247 3248
3247 3249
3248 3249
3250 3251
3250 3252
3251 3252
3253 3254
3253 3255
3254 3255
3256 3257
3256 3258
3257 3258
3259 3260
3259 3261
3260 3261
3262 3263
3262 3264
3263 3264
3265 3266
3265 3267
3266 3267
3268 3269
3268 3270
3269 3270
3271 3272
3271 3273
3272 3273
3274 3275
3274 3276
3275 3276
3277 3278
3277 3279
3278 3279
3280 3281
3280 3282
3281 3282
3283 3284
3283 3285
3284 3285
3286 3287
3286 3288
3287 3288
3289 3290
3289 3291
3290 3291
3292 3293
3292 3294
3293 3294
3295 3296
3295 3297
3296 3297
3298 3299
3298 3300
3299 3300
3301 3302
3301 3303
3302 3303
3304 3305
3304 3306
3305 3306
3307 3308
3307 3309
3308 3309
3310 3311
3310 3312
3311 3312
3313 3314
3313 3315
3314 3315
3316 3317
3316 3318
3317 3318
3319 3320
3319 3321
3320 3321
3322 3323
3322 3324
3323 3324
3325 3326
3325 3327
3326 3327
3328 3329
3328 3330
3329 3330
3331 3332
3331 3333
3332 3333
3334 3335
3334 3336
3335 3336
3337 3338
3337 3339
3338 3339
3340 3341
3340 3342
3341 3342
3343 3344
3343 3345
3344 3345
3346 3347
3346 3348
3347 3348
3349 3350
3349 3351
3350 3351
3352 3353
3352 3354
3353 3354
3355 3356
3355 3357
3356 3357
3358 3359
3358 3360
3359 3360
3361 3362
3361 3363
3362 3363
3364 3365
3364 3366
3365 3366
3367 3368
3367 3369
3368 3369
3370 3371
3370 3372
3371 3372
3373 3374
3373 3375
3374 3375
3376 3377
3376 3378
3377 3378
3379 3380
3379 3381
3380 3381
3382 3383
3382 3384
3383 3384
3385 3386
3385 3387
3386 3387
3388 3389
3388 3390
3389 3390
3391 3392
3391 3393
3392 3393
3394 3395
3394 3396
3395 3396
3397 3398
3397 3399
3398 3399
3400 3401
3400 3402
3401 3402
3403 3404
3403 3405
3404 3405
3406 3407
3406 3408
3407 3408
3409 3410
3409 3411
3410 3411
3412 3413
3412 3414
3413 3414
3415 3416
3415 3417
3416 3417
3418 3419
3418 3420
3419 3420
3421 3422
3421 3423
3422 3423
3424 3425
3424 3426
3425 3426
3427 3428
3427 3429
3428 3429
3430 3431
3430 3432
3431 3432
3433 3434
3433 3435
3434 3435
3436 3437
3436 3438
3437 3438
3439 3440
3439 3441
3440 3441
3442 3443
3442 3444
3443 3444
3445 3446
3445 3447
3446 3447
3448 3449
3448 3450
3449 3450
3451 3452
3451 3453
3452 3453
3454 3455
3454 3456
3455 3456
3457 3458
3457 3459
3458 3459
3460 3461
3460 3462
3461 3462
3463 3464
3463 3465
3464 3465
3466 3467
3466 3468
3467 3468
3469 3470
3469 3471
3470 3471
3472 3473
3472 3474
3473 3474
3475 3476
3475 3477
3476 3477
3478 3479
3478 3480
3479 3480
3481 3482
3481 3483
3482 3483
3484 3485
3484 3486
3485 3486
3487 3488
3487 3489
3488 3489
3490 3491
3490 3492
3491 3492
3493 3494
3493 3495
3494 3495
3496 3497
3496 3498
3497 3498
3499 3500
3499 3501
3500 3501
3502 3503
3502 3504
3503 3504
3505 3506
3505 3507
3506 3507
3508 3509
3508 3510
3509 3510
3511 3512
3511 3513
3512 3513
3514 3515
3514 3516
3515 3516
3517 3518
3517 3519
3518 3519
3520 3521
3520 3522
3521 3522
3523 3524
3523 3525
3524 3525
3526 3527
3526 3528
3527 3528
3529 3530
3529 3531
3530 3531
3532 3533
3532 3534
3533 3534
3535 3536
3535 3537
3536 3537
3538 3539
3538 3540
3539 3540
3541 3542
3541 3543
3542 3543
3544 3545
3544 3546
3545 3546
3547 3548
3547 3549
3548 3549
3550 3551
3550 3552
3551 3552
3553 3554
3553 3555
3554 3555
3556 3557
3556 3558
3557 3558
3559 3560
3559 3561
3560 3561
3562 3563
3562 3564
3563 3564
3565 3566
3565 3567
3566 3567
3568 3569
3568 3570
3569 3570
3571 3572
3571 3573
3572 3573
3574 3575
3574 3576
3575 3576
3577 3578
3577 3579
3578 3579
3580 3581
3580 3582
3581 3582
3583 3584
3583 3585
3584 3585
3586 3587
3586 3588
3587 3588
3589 3590
3589 3591
3590 3591
3592 3593
3592 3594
3593 3594
3595 3596
3595 3597
3596 3597
3598 3599
3598 3600
3599 3600
3601 3602
3601 3603
3602 3603
3604 3605
3604 3606
3605 3606
3607 3608
3607 3609
3608 3609
3610 3611
3610 3612
3611 3612
3613 3614
3613 3615
3614 3615
3616 3617
3616 3618
3617 3618
3619 3620
3619 3621
3620 3621
3622 3623
3622 3624
3623 3624
3625 3626
3625 3627
3626 3627
3628 3629
3628 3630
3629 3630
3631 3632
3631 3633
3632 3633
3634 3635
3634 3636
3635 3636
3637 3638
3637 3639
3638 3639
3640 3641
3640 3642
3641 3642
3643 3644
3643 3645
3644 3645
3646 3647
3646 3648
3647 3648
3649 3650
3649 3651
3650 3651
3652 3653
3652 3654
3653 3654
3655 3656
3655 3657
3656 3657
3658 3659
3658 3660
3659 3660
3661 3662
3661 3663
3662 3663
3664 3665
3664 3666
3665 3666
3667 3668
3667 3669
3668 3669
3670 3671
3670 3672
3671 3672
3673 3674
3673 3675
3674 3675
3676 3677
3676 3678
3677 3678
3679 3680
3679 3681
3680 3681
3682 3683
3682 3684
3683 3684
3685 3686
3685 3687
3686 3687
3688 3689
3688 3690
3689 3690
3691 3692
3691 3693
3692 3693
3694 3695
3694 3696
3695 3696
3697 3698
3697 3699
3698 3699
3700 3701
3700 3702
3701 3702
3703 3704
3703 3705
3704 3705
3706 3707
3706 3708
3707 3708
3709 3710
3709 3711
3710 3711
3712 3713
3712 3714
3713 3714
3715 3716
3715 3717
3716 3717
3718 3719
3718 3720
3719 3720
3721 3722
3721 3723
3722 3723
3724 3725
3724 3726
3725 3726
3727 3728
3727 3729
3728 3729
3730 3731
3730 3732
3731 3732
3733 3734
3733 3735
3734 3735
3736 3737
3736 3738
3737 3738
3739 3740
3739 3741
3740 3741
3742 3743
3742 3744
3743 3744
3745 3746
3745 3747
3746 3747
3748 3749
3748 3750
3749 3750
3751 3752
3751 3753
3752 3753
3754 3755
3754 3756
3755 3756
3757 3758
3757 3759
3758 3759
3760 3761
3760 3762
3761 3762
3763 3764
3763 3765
3764 3765
3766 3767
3766 3768
3767 3768
3769 3770
3769 3771
3770 3771
3772 3773
3772 3774
3773 3774
3775 3776
3775 3777
3776 3777
3778 3779
3778 3780
3779 3780
3781 3782
3781 3783
3782 3783
3784 3785
3784 3786
3785 3786
3787 3788
3787 3789
3788 3789
3790 3791
3790 3792
3791 3792
3793 3794
3793 3795
3794 3795
3796 3797
3796 3798
3797 3798
3799 3800
3799 3801
3800 3801
3802 3803
3802 3804
3803 3804
3805 3806
3805 3807
3806 3807
3808 3809
3808 3810
3809 3810
3811 3812
3811 3813
3812 3813
3814 3815
3814 3816
3815 3816
3817 3818
3817 3819
3818 3819
3820 3821
3820 3822
3821 3822
3823 3824
3823 3825
3824 3825
3826 3827
3826 3828
3827 3828
3829 3830
3829 3831
3830 3831
3832 3833
3832 3834
3833 3834
3835 3836
3835 3837
3836 3837
3838 3839
3838 3840
3839 3840
3841 3842
3841 3843
3842 3843
3844 3845
3844 3846
3845 3846
3847 3848
3847 3849
3848 3849
3850 3851
3850 3852
3851 3852
3853 3854
3853 3855
3854 3855
3856 3857
3856 3858
3857 3858
3859 3860
3859 3861
3860 3861
3862 3863
3862 3864
3863 3864
3865 3866
3865 3867
3866 3867
3868 3869
3868 3870
3869 3870
3871 3872
3871 3873
3872 3873
3874 3875
3874 3876
3875 3876
3877 3878
3877 3879
3878 3879
3880 3881
3880 3882
3881 3882
3883 3884
3883 3885
3884 3885
3886 3887
3886 3888
3887 3888
3889 3890
3889 3891
3890 3891
3892 3893
3892 3894
3893 3894
3895 3896
3895 3897
3896 3897
3898 3899
3898 3900
3899 3900
3901 3902
3901 3903
3902 3903
3904 3905
3904 3906
3905 3906
3907 3908
3907 3909
3908 3909
3910 3911
3910 3912
3911 3912
3913 3914
3913 3915
3914 3915
3916 3917
3916 3918
3917 3918
3919 3920
3919 3921
3920 3921
3922 3923
3922 3924
3923 3924
3925 3926
3925 3927
3926 3927
3928 3929
3928 3930
3929 3930
3931 3932
3931 3933
3932 3933
3934 3935
3934 3936
3935 3936
3937 3938
3937 3939
3938 3939
3940 3941
3940 3942
3941 3942
3943 3944
3943 3945
3944 3945
3946 3947
3946 3948
3947 3948
3949 3950
3949 3951
3950 3951
3952 3953
3952 3954
3953 3954
3955 3956
3955 3957
3956 3957
3958 3959
3958 3960
3959 3960
3961 3962
3961 3963
3962 3963
3964 3965
3964 3966
3965 3966
3967 3968
3967 3969
3968 3969
3970 3971
3970 3972
3971 3972
3973 3974
3973 3975
3974 3975
3976 3977
3976 3978
3977 3978
3979 3980
3979 3981
3980 3981
3982 3983
3982 3984
3983 3984
3985 3986
3985 3987
3986 3987
3988 3989
3988 3990
3989 3990
3991 3992
3991 3993
3992 3993
3994 3995
3994 3996
3995 3996
3997 3998
3997 3999
3998 3999
4000 4001
4000 4002
4001 4002
4003 4004
4003 4005
4004 4005
4006 4007
4006 4008
4007 4008
4009 4010
4009 4011
4010 4011
4012 4013
4012 4014
4013 4014
4015 4016
4015 4017
4016 4017
4018 4019
4018 4020
4019 4020
4021 4022
4021 4023
4022 4023
4024 4025
4024 4026
4025 4026
4027 4028
4027 4029
4028 4029
4030 4031
4030 4032
4031 4032
4033 4034
4033 4035
4034 4035
4036 4037
4036 4038
4037 4038
4039 4040
4039 4041
4040 4041
4042 4043
4042 4044
4043 4044
4045 4046
4045 4047
4046 4047
4048 4049
4048 4050
4049 4050
4051 4052
4051 4053
4052 4053
4054 4055
4054 4056
4055 4056
4057 4058
4057 4059
4058 4059
4060 4061
4060 4062
4061 4062
4063 4064
4063 4065
4064 4065
4066 4067
4066 4068
4067 4068
4069 4070
4069 4071
4070 4071
4072 4073
4072 4074
4073 4074
4075 4076
4075 4077
4076 4077
4078 4079
4078 4080
4079 4080
4081 4082
4081 4083
4082 4083
4084 4085
4084 4086
4085 4086
4087 4088
4087 4089
4088 4089
4090 4091
4090 4092
4091 4092
4093 4094
4093 4095
4094 4095
4096 4097
4096 4098
4097 4098
4099 4100
4099 4101
4100 4101
4102 4103
4102 4104
4103 4104
4105 4106
4105 4107
4106 4107
4108 4109
4108 4110
4109 4110
4111 4112
4111 4113
4112 4113
4114 4115
4114 4116
4115 4116
4117 4118
4117 4119
4118 4119
4120 4121
4120 4122
4121 4122
4123 4124
4123 4125
4124 4125
4126 4127
4126 4128
4127 4128
4129 4130
4129 4131
4130 4131
4132 4133
4132 4134
4133 4134
4135 4136
4135 4137
4136 4137
4138 4139
4138 4140
4139 4140
4141 4142
4141 4143
4142 4143
4144 4145
4144 4146
4145 4146
4147 4148
4147 4149
4148 4149
4150 4151
4150 4152
4151 4152
4153 4154
4153 4155
4154 4155
4156 4157
4156 4158
4157 4158
4159 4160
4159 4161
4160 4161
4162 4163
4162 4164
4163 4164
4165 4166
4165 4167
4166 4167
4168 4169
4168 4170
4169 4170
4171 4172
4171 4173
4172 4173
4174 4175
4174 4176
4175 4176
4177 4178
4177 4179
4178 4179
4180 4181
4180 4182
4181 4182
4183 4184
4183 4185
4184 4185
4186 4187
4186 4188
4187 4188
4189 4190
4189 4191
4190 4191
4192 4193
4192 4194
4193 4194
4195 4196
4195 4197
4196 4197
4198 4199
4198 4200
4199 4200
4201 4202
4201 4203
4202 4203
4204 4205
4204 4206
4205 4206
4207 4208
4207 4209
4208 4209
4210 4211
4210 4212
4211 4212
4213 4214
4213 4215
4214 4215
4216 4217
4216 4218
4217 4218
4219 4220
4219 4221
4220 4221
4222 4223
4222 4224
4223 4224
4225 4226
4225 4227
4226 4227
4228 4229
4228 4230
4229 4230
4231 4232
4231 4233
4232 4233
4234 4235
4234 4236
4235 4236
4237 4238
4237 4239
4238 4239
4240 4241
4240 4242
4241 4242
4243 4244
4243 4245
4244 4245
4246 4247
4246 4248
4247 4248
4249 4250
4249 4251
4250 4251
4252 4253
4252 4254
4253 4254
4255 4256
4255 4257
4256 4257
4258 4259
4258 4260
4259 4260
4261 4262
4261 4263
4262 4263
4264 4265
4264 4266
4265 4266
4267 4268
4267 4269
4268 4269
4270 4271
4270 4272
4271 4272
4273 4274
4273 4275
4274 4275
4276 4277
4276 4278
4277 4278
4279 4280
4279 4281
4280 4281
4282 4283
4282 4284
4283 4284
4285 4286
4285 4287
4286 4287
4288 4289
4288 4290
4289 4290
4291 4292
4291 4293
4292 4293
4294 4295
4294 4296
4295 4296
4297 4298
4297 4299
4298 4299
4300 4301
4300 4302
4301 4302
4303 4304
4303 4305
4304 4305
4306 4307
4306 4308
4307 4308
4309 4310
4309 4311
4310 4311
4312 4313
4312 4314
4313 4314
4315 4316
4315 4317
4316 4317
4318 4319
4318 4320
4319 4320
4321 4322
4321 4323
4322 4323
4324 4325
4324 4326
4325 4326
4327 4328
4327 4329
4328 4329
4330 4331
4330 4332
4331 4332
4333 4334
4333 4335
4334 4335
4336 4337
4336 4338
4337 4338
4339 4340
4339 4341
4340 4341
4342 4343
4342 4344
4343 4344
4345 4346
4345 4347
4346 4347
4348 4349
4348 4350
4349 4350
4351 4352
4351 4353
4352 4353
4354 4355
4354 4356
4355 4356
4357 4358
4357 4359
4358 4359
4360 4361
4360 4362
4361 4362
4363 4364
4363 4365
4364 4365
4366 4367
4366 4368
4367 4368
4369 4370
4369 4371
4370 4371
4372 4373
4372 4374
4373 4374
4375 4376
4375 4377
4376 4377
4378 4379
4378 4380
4379 4380
4381 4382
4381 4383
4382 4383
4384 4385
4384 4386
4385 4386
4387 4388
4387 4389
4388 4389
4390 4391
4390 4392
4391 4392
4393 4394
4393 4395
4394 4395
4396 4397
4396 4398
4397 4398
4399 4400
4399 4401
4400 4401
4402 4403
4402 4404
4403 4404
4405 4406
4405 4407
4406 4407
4408 4409
4408 4410
4409 4410
4411 4412
4411 4413
4412 4413
4414 4415
4414 4416
4415 4416
4417 4418
4417 4419
4418 4419
4420 4421
4420 4422
4421 4422
4423 4424
4423 4425
4424 4425
4426 4427
4426 4428
4427 4428
4429 4430
4429 4431
4430 4431
4432 4433
4432 4434
4433 4434
4435 4436
4435 4437
4436 4437
4438 4439
4438 4440
4439 4440
4441 4442
4441 4443
4442 4443
4444 4445
4444 4446
4445 4446
4447 4448
4447 4449
4448 4449
4450 4451
4450 4452
4451 4452
4453 4454
4453 4455
4454 4455
4456 4457
4456 4458
4457 4458
4459 4460
4459 4461
4460 4461
4462 4463
4462 4464
4463 4464
4465 4466
4465 4467
4466 4467
4468 4469
4468 4470
4469 4470
4471 4472
4471 4473
4472 4473
4474 4475
4474 4476
4475 4476
4477 4478
4477 4479
4478 4479
4480 4481
4480 4482
4481 4482
4483 4484
4483 4485
4484 4485
4486 4487
4486 4488
4487 4488
4489 4490
4489 4491
4490 4491
4492 4493
4492 4494
4493 4494
4495 4496
4495 4497
4496 4497
4498 4499
4498 4500
4499 4500
4501 4502
4501 4503
4502 4503
4504 4505
4504 4506
4505 4506
4507 4508
4507 4509
4508 4509
4510 4511
4510 4512
4511 4512
4513 4514
4513 4515
4514 4515
4516 4517
4516 4518
4517 4518
4519 4520
4519 4521
4520 4521
4522 4523
4522 4524
4523 4524
4525 4526
4525 4527
4526 4527
4528 4529
4528 4530
4529 4530
4531 4532
4531 4533
4532 4533
4534 4535
4534 4536
4535 4536
4537 4538
4537 4539
4538 4539
4540 4541
4540 4542
4541 4542
4543 4544
4543 4545
4544 4545
4546 4547
4546 4548
4547 4548
4549 4550
4549 4551
4550 4551
4552 4553
4552 4554
4553 4554
4555 4556
4555 4557
4556 4557
4558 4559
4558 4560
4559 4560
4561 4562
4561 4563
4562 4563
4564 4565
4564 4566
4565 4566
4567 4568
4567 4569
4568 4569
4570 4571
4570 4572
4571 4572
4573 4574
4573 4575
4574 4575
4576 4577
4576 4578
4577 4578
4579 4580
4579 4581
4580 4581
4582 4583
4582 4584
4583 4584
4585 4586
4585 4587
4586 4587
4588 4589
4588 4590
4589 4590
4591 4592
4591 4593
4592 4593
4594 4595
4594 4596
4595 4596
4597 4598
4597 4599
4598 4599
4600 4601
4600 4602
4601 4602
4603 4604
4603 4605
4604 4605
4606 4607
4606 4608
4607 4608
4609 4610
4609 4611
4610 4611
4612 4613
4612 4614
4613 4614
4615 4616
4615 4617
4616 4617
4618 4619
4618 4620
4619 4620
4621 4622
4621 4623
4622 4623
4624 4625
4624 4626
4625 4626
4627 4628
4627 4629
4628 4629
4630 4631
4630 4632
4631 4632
4633 4634
4633 4635
4634 4635
4636 4637
4636 4638
4637 4638
4639 4640
4639 4641
4640 4641
4642 4643
4642 4644
4643 4644
4645 4646
4645 4647
4646 4647
4648 4649
4648 4650
4649 4650
4651 4652
4651 4653
4652 4653
4654 4655
4654 4656
4655 4656
4657 4658
4657 4659
4658 4659
4660 4661
4660 4662
4661 4662
4663 4664
4663 4665
4664 4665
4666 4667
4666 4668
4667 4668
4669 4670
4669 4671
4670 4671
4672 4673
4672 4674
4673 4674
4675 4676
4675 4677
4676 4677
4678 4679
4678 4680
4679 4680
4681 4682
4681 4683
4682 4683
4684 4685
4684 4686
4685 4686
4687 4688
4687 4689
4688 4689
4690 4691
4690 4692
4691 4692
4693 4694
4693 4695
4694 4695
4696 4697
4696 4698
4697 4698
4699 4700
4699 4701
4700 4701
4702 4703
4702 4704
4703 4704
4705 4706
4705 4707
4706 4707
4708 4709
4708 4710
4709 4710
4711 4712
4711 4713
4712 4713
4714 4715
4714 4716
4715 4716
4717 4718
4717 4719
4718 4719
4720 4721
4720 4722
4721 4722
4723 4724
4723 4725
4724 4725
4726 4727
4726 4728
4727 4728
4729 4730
4729 4731
4730 4731
4732 4733
4732 4734
4733 4734
4735 4736
4735 4737
4736 4737
4738 4739
4738 4740
4739 4740
4741 4742
4741 4743
4742 4743
4744 4745
4744 4746
4745 4746
4747 4748
4747 4749
4748 4749
4750 4751
4750 4752
4751 4752
4753 4754
4753 4755
4754 4755
4756 4757
4756 4758
4757 4758
4759 4760
4759 4761
4760 4761
4762 4763
4762 4764
4763 4764
4765 4766
4765 4767
4766 4767
4768 4769
4768 4770
4769 4770
4771 4772
4771 4773
4772 4773
4774 4775
4774 4776
4775 4776
4777 4778
4777 4779
4778 4779
4780 4781
4780 4782
4781 4782
4783 4784
4783 4785
4784 4785
4786 4787
4786 4788
4787 4788
4789 4790
4789 4791
4790 4791
4792 4793
4792 4794
4793 4794
4795 4796
4795 4797
4796 4797
4798 4799
4798 4800
4799 4800
4801 4802
4801 4803
4802 4803
4804 4805
4804 4806
4805 4806
4807 4808
4807 4809
4808 4809
4810 4811
4810 4812
4811 4812
4813 4814
4813 4815
4814 4815
4816 4817
4816 4818
4817 4818
4819 4820
4819 4821
4820 4821
4822 4823
4822 4824
4823 4824
4825 4826
4825 4827
4826 4827
4828 4829
4828 4830
4829 4830
4831 4832
4831 4833
4832 4833
4834 4835
4834 4836
4835 4836
4837 4838
4837 4839
4838 4839
4840 4841
4840 4842
4841 4842
4843 4844
4843 4845
4844 4845
4846 4847
4846 4848
4847 4848
4849 4850
4849 4851
4850 4851
4852 4853
4852 4854
4853 4854
4855 4856
4855 4857
4856 4857
4858 4859
4858 4860
4859 4860
4861 4862
4861 4863
4862 4863
4864 4865
4864 4866
4865 4866
4867 4868
4867 4869
4868 4869
4870 4871
4870 4872
4871 4872
4873 4874
4873 4875
4874 4875
4876 4877
4876 4878
4877 4878
4879 4880
4879 4881
4880 4881
4882 4883
4882 4884
4883 4884
4885 4886
4885 4887
4886 4887
4888 4889
4888 4890
4889 4890
4891 4892
4891 4893
4892 4893
4894 4895
4894 4896
4895 4896
4897 4898
4897 4899
4898 4899
4900 4901
4900 4902
4901 4902
4903 4904
4903 4905
4904 4905
4906 4907
4906 4908
4907 4908
4909 4910
4909 4911
4910 4911
4912 4913
4912 4914
4913 4914
4915 4916
4915 4917
4916 4917
4918 4919
4918 4920
4919 4920
4921 4922
4921 4923
4922 4923
4924 4925
4924 4926
4925 4926
4927 4928
4927 4929
4928 4929
4930 4931
4930 4932
4931 4932
4933 4934
4933 4935
4934 4935
4936 4937
4936 4938
4937 4938
4939 4940
4939 4941
4940 4941
4942 4943
4942 4944
4943 4944
4945 4946
4945 4947
4946 4947
4948 4949
4948 4950
4949 4950
4951 4952
4951 4953
4952 4953
4954 4955
4954 4956
4955 4956
4957 4958
4957 4959
4958 4959
4960 4961
4960 4962
4961 4962
4963 4964
4963 4965
4964 4965
4966 4967
4966 4968
4967 4968
4969 4970
4969 4971
4970 4971
4972 4973
4972 4974
4973 4974
4975 4976
4975 4977
4976 4977
4978 4979
4978 4980
4979 4980
4981 4982
4981 4983
4982 4983
4984 4985
4984 4986
4985 4986
4987 4988
4987 4989
4988 4989
4990 4991
4990 4992
4991 4992
4993 4994
4993 4995
4994 4995
4996 4997
4996 4998
4997 4998
4999 5000
4999 5001
5000 5001
5002 5003
5002 5004
5003 5004
5005 5006
5005 5007
5006 5007
5008 5009
5008 5010
5009 5010
5011 5012
5011 5013
5012 5013
5014 5015
5014 5016
5015 5016
5017 5018
5017 5019
5018 5019
5020 5021
5020 5022
5021 5022
5023 5024
5023 5025
5024 5025
5026 5027
5026 5028
5027 5028
5029 5030
5029 5031
5030 5031
5032 5033
5032 5034
5033 5034
5035 5036
5035 5037
5036 5037
5038 5039
5038 5040
5039 5040
5041 5042
5041 5043
5042 5043
5044 5045
5044 5046
5045 5046
5047 5048
5047 5049
5048 5049
5050 5051
5050 5052
5051 5052
5053 5054
5053 5055
5054 5055
5056 5057
5056 5058
5057 5058
5059 5060
5059 5061
5060 5061
5062 5063
5062 5064
5063 5064
5065 5066
5065 5067
5066 5067
5068 5069
5068 5070
5069 5070
5071 5072
5071 5073
5072 5073
5074 5075
5074 5076
5075 5076
5077 5078
5077 5079
5078 5079
5080 5081
5080 5082
5081 5082
5083 5084
5083 5085
5084 5085
5086 5087
5086 5088
5087 5088
5089 5090
5089 5091
5090 5091
5092 5093
5092 5094
5093 5094
5095 5096
5095 5097
5096 5097
5098 5099
5098 5100
5099 5100
5101 5102
5101 5103
5102 5103
5104 5105
5104 5106
5105 5106
5107 5108
5107 5109
5108 5109
5110 5111
5110 5112
5111 5112
5113 5114
5113 5115
5114 5115
5116 5117
5116 5118
5117 5118
5119 5120
5119 5121
5120 5121
5122 5123
5122 5124
5123 5124
5125 5126
5125 5127
5126 5127
5128 5129
5128 5130
5129 5130
5131 5132
5131 5133
5132 5133
5134 5135
5134 5136
5135 5136
5137 5138
5137 5139
5138 5139
5140 5141
5140 5142
5141 5142
5143 5144
5143 5145
5144 5145
5146 5147
5146 5148
5147 5148
5149 5150
5149 5151
5150 5151
5152 5153
5152 5154
5153 5154
5155 5156
5155 5157
5156 5157
5158 5159
5158 5160
5159 5160
5161 5162
5161 5163
5162 5163
5164 5165
5164 5166
5165 5166
5167 5168
5167 5169
5168 5169
5170 5171
5170 5172
5171 5172
5173 5174
5173 5175
5174 5175
5176 5177
5176 5178
5177 5178
5179 5180
5179 5181
5180 5181
5182 5183
5182 5184
5183 5184
5185 5186
5185 5187
5186 5187
5188 5189
5188 5190
5189 5190
5191 5192
5191 5193
5192 5193
5194 5195
5194 5196
5195 5196
5197 5198
5197 5199
5198 5199
5200 5201
5200 5202
5201 5202
5203 5204
5203 5205
5204 5205
5206 5207
5206 5208
5207 5208
5209 5210
5209 5211
5210 5211
5212 5213
5212 5214
5213 5214
5215 5216
5215 5217
5216 5217
5218 5219
5218 5220
5219 5220
5221 5222
5221 5223
5222 5223
5224 5225
5224 5226
5225 5226
5227 5228
5227 5229
5228 5229
5230 5231
5230 5232
5231 5232
5233 5234
5233 5235
5234 5235
5236 5237
5236 5238
5237 5238
5239 5240
5239 5241
5240 5241
5242 5243
5242 5244
5243 5244
5245 5246
5245 5247
5246 5247
5248 5249
5248 5250
5249 5250
5251 5252
5251 5253
5252 5253
5254 5255
5254 5256
5255 5256
5257 5258
5257 5259
5258 5259
5260 5261
5260 5262
5261 5262
5263 5264
5263 5265
5264 5265
5266 5267
5266 5268
5267 5268
5269 5270
5269 5271
5270 5271
5272 5273
5272 5274
5273 5274
5275 5276
5275 5277
5276 5277
5278 5279
5278 5280
5279 5280
5281 5282
5281 5283
5282 5283
5284 5285
5284 5286
5285 5286
5287 5288
5287 5289
5288 5289
5290 5291
5290 5292
5291 5292
5293 5294
5293 5295
5294 5295
5296 5297
5296 5298
5297 5298
5299 5300
5299 5301
5300 5301
5302 5303
5302 5304
5303 5304
5305 5306
5305 5307
5306 5307
5308 5309
5308 5310
5309 5310
5311 5312
5311 5313
5312 5313
5314 5315
5314 5316
5315 5316
5317 5318
5317 5319
5318 5319
5320 5321
5320 5322
5321 5322
5323 5324
5323 5325
5324 5325
5326 5327
5326 5328
5327 5328
5329 5330
5329 5331
5330 5331
5332 5333
5332 5334
5333 5334
5335 5336
5335 5337
5336 5337
5338 5339
5338 5340
5339 5340
5341 5342
5341 5343
5342 5343
5344 5345
5344 5346
5345 5346
5347 5348
5347 5349
5348 5349
5350 5351
5350 5352
5351 5352
5353 5354
5353 5355
5354 5355
5356 5357
5356 5358
5357 5358
5359 5360
5359 5361
5360 5361
5362 5363
5362 5364
5363 5364
5365 5366
5365 5367
5366 5367
5368 5369
5368 5370
5369 5370
5371 5372
5371 5373
5372 5373
5374 5375
5374 5376
5375 5376
5377 5378
5377 5379
5378 5379
5380 5381
5380 5382
5381 5382
5383 5384
5383 5385
5384 5385
5386 5387
5386 5388
5387 5388
5389 5390
5389 5391
5390 5391
5392 5393
5392 5394
5393 5394
5395 5396
5395 5397
5396 5397
5398 5399
5398 5400
5399 5400
5401 5402
5401 5403
5402 5403
5404 5405
5404 5406
5405 5406
5407 5408
5407 5409
5408 5409
5410 5411
5410 5412
5411 5412
5413 5414
5413 5415
5414 5415
5416 5417
5416 5418
5417 5418
5419 5420
5419 5421
5420 5421
5422 5423
5422 5424
5423 5424
5425 5426
5425 5427
5426 5427
5428 5429
5428 5430
5429 5430
5431 5432
5431 5433
5432 5433
5434 5435
5434 5436
5435 5436
5437 5438
5437 5439
5438 5439
5440 5441
5440 5442
5441 5442
5443 5444
5443 5445
5444 5445
5446 5447
5446 5448
5447 5448
5449 5450
5449 5451
5450 5451
5452 5453
5452 5454
5453 5454
5455 5456
5455 5457
5456 5457
5458 5459
5458 5460
5459 5460
5461 5462
5461 5463
5462 5463
5464 5465
5464 5466
5465 5466
5467 5468
5467 5469
5468 5469
5470 5471
5470 5472
5471 5472
5473 5474
5473 5475
5474 5475
5476 5477
5476 5478
5477 5478
5479 5480
5479 5481
5480 5481
5482 5483
5482 5484
5483 5484
5485 5486
5485 5487
5486 5487
5488 5489
5488 5490
5489 5490
5491 5492
5491 5493
5492 5493
5494 5495
5494 5496
5495 5496
5497 5498
5497 5499
5498 5499
5500 5501
5500 5502
5501 5502
5503 5504
5503 5505
5504 5505
5506 5507
5506 5508
5507 5508
5509 5510
5509 5511
5510 5511
5512 5513
5512 5514
5513 5514
5515 5516
5515 5517
5516 5517
5518 5519
5518 5520
5519 5520
5521 5522
5521 5523
5522 5523
5524 5525
5524 5526
5525 5526
5527 5528
5527 5529
5528 5529
5530 5531
5530 5532
5531 5532
5533 5534
5533 5535
5534 5535
5536 5537
5536 5538
5537 5538
5539 5540
5539 5541
5540 5541
5542 5543
5542 5544
5543 5544
5545 5546
5545 5547
5546 5547
5548 5549
5548 5550
5549 5550
5551 5552
5551 5553
5552 5553
5554 5555
5554 5556
5555 5556
5557 5558
5557 5559
5558 5559
5560 5561
5560 5562
5561 5562
5563 5564
5563 5565
5564 5565
5566 5567
5566 5568
5567 5568
5569 5570
5569 5571
5570 5571
5572 5573
5572 5574
5573 5574
5575 5576
5575 5577
5576 5577
5578 5579
5578 5580
5579 5580
5581 5582
5581 5583
5582 5583
5584 5585
5584 5586
5585 5586
5587 5588
5587 5589
5588 5589
5590 5591
5590 5592
5591 5592
5593 5594
5593 5595
5594 5595
5596 5597
5596 5598
5597 5598
5599 5600
5599 5601
5600 5601
5602 5603
5602 5604
5603 5604
5605 5606
5605 5607
5606 5607
5608 5609
5608 5610
5609 5610
5611 5612
5611 5613
5612 5613
5614 5615
5614 5616
5615 5616
5617 5618
5617 5619
5618 5619
5620 5621
5620 5622
5621 5622
5623 5624
5623 5625
5624 5625
5626 5627
5626 5628
5627 5628
5629 5630
5629 5631
5630 5631
5632 5633
5632 5634
5633 5634
5635 5636
5635 5637
5636 5637
5638 5639
5638 5640
5639 5640
5641 5642
5641 5643
5642 5643
5644 5645
5644 5646
5645 5646
5647 5648
5647 5649
5648 5649
5650 5651
5650 5652
5651 5652
5653 5654
5653 5655
5654 5655
5656 5657
5656 5658
5657 5658
5659 5660
5659 5661
5660 5661
5662 5663
5662 5664
5663 5664
5665 5666
5665 5667
5666 5667
5668 5669
5668 5670
5669 5670
5671 5672
5671 5673
5672 5673
5674 5675
5674 5676
5675 5676
5677 5678
5677 5679
5678 5679
5680 5681
5680 5682
5681 5682
5683 5684
5683 5685
5684 5685
5686 5687
5686 5688
5687 5688
5689 5690
5689 5691
5690 5691
5692 5693
5692 5694
5693 5694
5695 5696
5695 5697
5696 5697
5698 5699
5698 5700
5699 5700
5701 5702
5701 5703
5702 5703
5704 5705
5704 5706
5705 5706
5707 5708
5707 5709
5708 5709
5710 5711
5710 5712
5711 5712
5713 5714
5713 5715
5714 5715
5716 5717
5716 5718
5717 5718
5719 5720
5719 5721
5720 5721
5722 5723
5722 5724
5723 5724
5725 5726
5725 5727
5726 5727
5728 5729
5728 5730
5729 5730
5731 5732
5731 5733
5732 5733
5734 5735
5734 5736
5735 5736
5737 5738
5737 5739
5738 5739
5740 5741
5740 5742
5741 5742
5743 5744
5743 5745
5744 5745
5746 5747
5746 5748
5747 5748
5749 5750
5749 5751
5750 5751
5752 5753
5752 5754
5753 5754
5755 5756
5755 5757
5756 5757
5758 5759
5758 5760
5759 5760
5761 5762
5761 5763
5762 5763
5764 5765
5764 5766
5765 5766
5767 5768
5767 5769
5768 5769
5770 5771
5770 5772
5771 5772
5773 5774
5773 5775
5774 5775
5776 5777
5776 5778
5777 5778
5779 5780
5779 5781
5780 5781
5782 5783
5782 5784
5783 5784
5785 5786
5785 5787
5786 5787
5788 5789
5788 5790
5789 5790
5791 5792
5791 5793
5792 5793
5794 5795
5794 5796
5795 5796
5797 5798
5797 5799
5798 5799
5800 5801
5800 5802
5801 5802
5803 5804
5803 5805
5804 5805
5806 5807
5806 5808
5807 5808
5809 5810
5809 5811
5810 5811
5812 5813
5812 5814
5813 5814
5815 5816
5815 5817
5816 5817
5818 5819
5818 5820
5819 5820
5821 5822
5821 5823
5822 5823
5824 5825
5824 5826
5825 5826
5827 5828
5827 5829
5828 5829
5830 5831
5830 5832
5831 5832
5833 5834
5833 5835
5834 5835
5836 5837
5836 5838
5837 5838
5839 5840
5839 5841
5840 5841
5842 5843
5842 5844
5843 5844
5845 5846
5845 5847
5846 5847
5848 5849
5848 5850
5849 5850
5851 5852
5851 5853
5852 5853
5854 5855
5854 5856
5855 5856
5857 5858
5857 5859
5858 5859
5860 5861
5860 5862
5861 5862
5863 5864
5863 5865
5864 5865
5866 5867
5866 5868
5867 5868
5869 5870
5869 5871
5870 5871
5872 5873
5872 5874
5873 5874
5875 5876
5875 5877
5876 5877
5878 5879
5878 5880
5879 5880
5881 5882
5881 5883
5882 5883
5884 5885
5884 5886
5885 5886
5887 5888
5887 5889
5888 5889
5890 5891
5890 5892
5891 5892
5893 5894
5893 5895
5894 5895
5896 5897
5896 5898
5897 5898
5899 5900
5899 5901
5900 5901
5902 5903
5902 5904
5903 5904
5905 5906
5905 5907
5906 5907
5908 5909
5908 5910
5909 5910
5911 5912
5911 5913
5912 5913
5914 5915
5914 5916
5915 5916
5917 5918
5917 5919
5918 5919
5920 5921
5920 5922
5921 5922
5923 5924
5923 5925
5924 5925
5926 5927
5926 5928
5927 5928
5929 5930
5929 5931
5930 5931
5932 5933
5932 5934
5933 5934
5935 5936
5935 5937
5936 5937
5938 5939
5938 5940
5939 5940
5941 5942
5941 5943
5942 5943
5944 5945
5944 5946
5945 5946
5947 5948
5947 5949
5948 5949
5950 5951
5950 5952
5951 5952
5953 5954
5953 5955
5954 5955
5956 5957
5956 5958
5957 5958
5959 5960
5959 5961
5960 5961
5962 5963
5962 5964
5963 5964
5965 5966
5965 5967
5966 5967
5968 5969
5968 5970
5969 5970
5971 5972
5971 5973
5972 5973
5974 5975
5974 5976
5975 5976
5977 5978
5977 5979
5978 5979
5980 5981
5980 5982
5981 5982
5983 5984
5983 5985
5984 5985
5986 5987
5986 5988
5987 5988
5989 5990
5989 5991
5990 5991
5992 5993
5992 5994
5993 5994
5995 5996
5995 5997
5996 5997
5998 5999
5998 6000
5999 6000
6001 6002
6001 6003
6002 6003
6004 6005
6004 6006
6005 6006
6007 6008
6007 6009
6008 6009
6010 6011
6010 6012
6011 6012
6013 6014
6013 6015
6014 6015
6016 6017
6016 6018
6017 6018
6019 6020
6019 6021
6020 6021
6022 6023
6022 6024
6023 6024
6025 6026
6025 6027
6026 6027
6028 6029
6028 6030
6029 6030
6031 6032
6031 6033
6032 6033
6034 6035
6034 6036
6035 6036
6037 6038
6037 6039
6038 6039
6040 6041
6040 6042
6041 6042
6043 6044
6043 6045
6044 6045
6046 6047
6046 6048
6047 6048
6049 6050
6049 6051
6050 6051
6052 6053
6052 6054
6053 6054
6055 6056
6055 6057
6056 6057
6058 6059
6058 6060
6059 6060
6061 6062
6061 6063
6062 6063
6064 6065
6064 6066
6065 6066
6067 6068
6067 6069
6068 6069
6070 6071
6070 6072
6071 6072
6073 6074
6073 6075
6074 6075
6076 6077
6076 6078
6077 6078
6079 6080
6079 6081
6080 6081
6082 6083
6082 6084
6083 6084
6085 6086
6085 6087
6086 6087
6088 6089
6088 6090
6089 6090
6091 6092
6091 6093
6092 6093
6094 6095
6094 6096
6095 6096
6097 6098
6097 6099
6098 6099
6100 6101
6100 6102
6101 6102
6103 6104
6103 6105
6104 6105
6106 6107
6106 6108
6107 6108
6109 6110
6109 6111
6110 6111
6112 6113
6112 6114
6113 6114
6115 6116
6115 6117
6116 6117
6118 6119
6118 6120
6119 6120
6121 6122
6121 6123
6122 6123
6124 6125
6124 6126
6125 6126
6127 6128
6127 6129
6128 6129
6130 6131
6130 6132
6131 6132
6133 6134
6133 6135
6134 6135
6136 6137
6136 6138
6137 6138
6139 6140
6139 6141
6140 6141
6142 6143
6142 6144
6143 6144
6145 6146
6145 6147
6146 6147
6148 6149
6148 6150
6149 6150
6151 6152
6151 6153
6152 6153
6154 6155
6154 6156
6155 6156
6157 6158
6157 6159
6158 6159
6160 6161
6160 6162
6161 6162
6163 6164
6163 6165
6164 6165
6166 6167
6166 6168
6167 6168
6169 6170
6169 6171
6170 6171
6172 6173
6172 6174
6173 6174
6175 6176
6175 6177
6176 6177
6178 6179
6178 6180
6179 6180
6181 6182
6181 6183
6182 6183
6184 6185
6184 6186
6185 6186
6187 6188
6187 6189
6188 6189
6190 6191
6190 6192
6191 6192
6193 6194
6193 6195
6194 6195
6196 6197
6196 6198
6197 6198
6199 6200
6199 6201
6200 6201
6202 6203
6202 6204
6203 6204
6205 6206
6205 6207
6206 6207
6208 6209
6208 6210
6209 6210
6211 6212
6211 6213
6212 6213
6214 6215
6214 6216
6215 6216
6217 6218
6217 6219
6218 6219
6220 6221
6220 6222
6221 6222
6223 6224
6223 6225
6224 6225
6226 6227
6226 6228
6227 6228
6229 6230
6229 6231
6230 6231
6232 6233
6232 6234
6233 6234
6235 6236
6235 6237
6236 6237
6238 6239
6238 6240
6239 6240
6241 6242
6241 6243
6242 6243
6244 6245
6244 6246
6245 6246
6247 6248
6247 6249
6248 6249
6250 6251
6250 6252
6251 6252
6253 6254
6253 6255
6254 6255
6256 6257
6256 6258
6257 6258
6259 6260
6259 6261
6260 6261
6262 6263
6262 6264
6263 6264
6265 6266
6265 6267
6266 6267
6268 6269
6268 6270
6269 6270
6271 6272
6271 6273
6272 6273
6274 6275
6274 6276
6275 6276
6277 6278
6277 6279
6278 6279
6280 6281
6280 6282
6281 6282
6283 6284
6283 6285
6284 6285
6286 6287
6286 6288
6287 6288
6289 6290
6289 6291
6290 6291
6292 6293
6292 6294
6293 6294
6295 6296
6295 6297
6296 6297
6298 6299
6298 6300
6299 6300
6301 6302
6301 6303
6302 6303
6304 6305
6304 6306
6305 6306
6307 6308
6307 6309
6308 6309
6310 6311
6310 6312
6311 6312
6313 6314
6313 6315
6314 6315
6316 6317
6316 6318
6317 6318
6319 6320
6319 6321
6320 6321
6322 6323
6322 6324
6323 6324
6325 6326
6325 6327
6326 6327
6328 6329
6328 6330
6329 6330
6331 6332
6331 6333
6332 6333
6334 6335
6334 6336
6335 6336
6337 6338
6337 6339
6338 6339
6340 6341
6340 6342
6341 6342
6343 6344
6343 6345
6344 6345
6346 6347
6346 6348
6347 6348
6349 6350
6349 6351
6350 6351
6352 6353
6352 6354
6353 6354
6355 6356
6355 6357
6356 6357
6358 6359
6358 6360
6359 6360
6361 6362
6361 6363
6362 6363
6364 6365
6364 6366
6365 6366
6367 6368
6367 6369
6368 6369
6370 6371
6370 6372
6371 6372
6373 6374
6373 6375
6374 6375
6376 6377
6376 6378
6377 6378
6379 6380
6379 6381
6380 6381
6382 6383
6382 6384
6383 6384
6385 6386
6385 6387
6386 6387
6388 6389
6388 6390
6389 6390
6391 6392
6391 6393
6392 6393
6394 6395
6394 6396
6395 6396
6397 6398
6397 6399
6398 6399
6400 6401
6400 6402
6401 6402
6403 6404
6403 6405
6404 6405
6406 6407
6406 6408
6407 6408
6409 6410
6409 6411
6410 6411
6412 6413
6412 6414
6413 6414
6415 6416
6415 6417
6416 6417
6418 6419
6418 6420
6419 6420
6421 6422
6421 6423
6422 6423
6424 6425
6424 6426
6425 6426
6427 6428
6427 6429
6428 6429
6430 6431
6430 6432
6431 6432
6433 6434
6433 6435
6434 6435
6436 6437
6436 6438
6437 6438
6439 6440
6439 6441
6440 6441
6442 6443
6442 6444
6443 6444
6445 6446
6445 6447
6446 6447
6448 6449
6448 6450
6449 6450
6451 6452
6451 6453
6452 6453
6454 6455
6454 6456
6455 6456
6457 6458
6457 6459
6458 6459
6460 6461
6460 6462
6461 6462
6463 6464
6463 6465
6464 6465
6466 6467
6466 6468
6467 6468
6469 6470
6469 6471
6470 6471
6472 6473
6472 6474
6473 6474
6475 6476
6475 6477
6476 6477
6478 6479
6478 6480
6479 6480
6481 6482
6481 6483
6482 6483
6484 6485
6484 6486
6485 6486
6487 6488
6487 6489
6488 6489
6490 6491
6490 6492
6491 6492
6493 6494
6493 6495
6494 6495
6496 6497
6496 6498
6497 6498
6499 6500
6499 6501
6500 6501
6502 6503
6502 6504
6503 6504
6505 6506
6505 6507
6506 6507
6508 6509
6508 6510
6509 6510
6511 6512
6511 6513
6512 6513
6514 6515
6514 6516
6515 6516
6517 6518
6517 6519
6518 6519
6520 6521
6520 6522
6521 6522
6523 6524
6523 6525
6524 6525
6526 6527
6526 6528
6527 6528
6529 6530
6529 6531
6530 6531
6532 6533
6532 6534
6533 6534
6535 6536
6535 6537
6536 6537
6538 6539
6538 6540
6539 6540
6541 6542
6541 6543
6542 6543
6544 6545
6544 6546
6545 6546
6547 6548
6547 6549
6548 6549
6550 6551
6550 6552
6551 6552
6553 6554
6553 6555
6554 6555
6556 6557
6556 6558
6557 6558
6559 6560
6559 6561
6560 6561
6562 6563
6562 6564
6563 6564
6565 6566
6565 6567
6566 6567
6568 6569
6568 6570
6569 6570
6571 6572
6571 6573
6572 6573
6574 6575
6574 6576
6575 6576
6577 6578
6577 6579
6578 6579
6580 6581
6580 6582
6581 6582
6583 6584
6583 6585
6584 6585
6586 6587
6586 6588
6587 6588
6589 6590
6589 6591
6590 6591
6592 6593
6592 6594
6593 6594
6595 6596
6595 6597
6596 6597
6598 6599
6598 6600
6599 6600
6601 6602
6601 6603
6602 6603
6604 6605
6604 6606
6605 6606
6607 6608
6607 6609
6608 6609
6610 6611
6610 6612
6611 6612
6613 6614
6613 6615
6614 6615
6616 6617
6616 6618
6617 6618
6619 6620
6619 6621
6620 6621
6622 6623
6622 6624
6623 6624
6625 6626
6625 6627
6626 6627
6628 6629
6628 6630
6629 6630
6631 6632
6631 6633
6632 6633
6634 6635
6634 6636
6635 6636
6637 6638
6637 6639
6638 6639
6640 6641
6640 6642
6641 6642
6643 6644
6643 6645
6644 6645
6646 6647
6646 6648
6647 6648
6649 6650
6649 6651
6650 6651
6652 6653
6652 6654
6653 6654
6655 6656
6655 6657
6656 6657
6658 6659
6658 6660
6659 6660
6661 6662
6661 6663
6662 6663
6664 6665
6664 6666
6665 6666
6667 6668
6667 6669
6668 6669
6670 6671
6670 6672
6671 6672
6673 6674
6673 6675
6674 6675
6676 6677
6676 6678
6677 6678
6679 6680
6679 6681
6680 6681
6682 6683
6682 6684
6683 6684
6685 6686
6685 6687
6686 6687
6688 6689
6688 6690
6689 6690
6691 6692
6691 6693
6692 6693
6694 6695
6694 6696
6695 6696
6697 6698
6697 6699
6698 6699
6700 6701
6700 6702
6701 6702
6703 6704
6703 6705
6704 6705
6706 6707
6706 6708
6707 6708
6709 6710
6709 6711
6710 6711
6712 6713
6712 6714
6713 6714
6715 6716
6715 6717
6716 6717
6718 6719
6718 6720
6719 6720
6721 6722
6721 6723
6722 6723
6724 6725
6724 6726
6725 6726
6727 6728
6727 6729
6728 6729
6730 6731
6730 6732
6731 6732
6733 6734
6733 6735
6734 6735
6736 6737
6736 6738
6737 6738
6739 6740
6739 6741
6740 6741
6742 6743
6742 6744
6743 6744
6745 6746
6745 6747
6746 6747
6748 6749
6748 6750
6749 6750
6751 6752
6751 6753
6752 6753
6754 6755
6754 6756
6755 6756
6757 6758
6757 6759
6758 6759
6760 6761
6760 6762
6761 6762
6763 6764
6763 6765
6764 6765
6766 6767
6766 6768
6767 6768
6769 6770
6769 6771
6770 6771
6772 6773
6772 6774
6773 6774
6775 6776
6775 6777
6776 6777
6778 6779
6778 6780
6779 6780
6781 6782
6781 6783
6782 6783
6784 6785
6784 6786
6785 6786
6787 6788
6787 6789
6788 6789
6790 6791
6790 6792
6791 6792
6793 6794
6793 6795
6794 6795
6796 6797
6796 6798
6797 6798
6799 6800
6799 6801
6800 6801
6802 6803
6802 6804
6803 6804
6805 6806
6805 6807
6806 6807
6808 6809
6808 6810
6809 6810
6811 6812
6811 6813
6812 6813
6814 6815
6814 6816
6815 6816
6817 6818
6817 6819
6818 6819
6820 6821
6820 6822
6821 6822
6823 6824
6823 6825
6824 6825
6826 6827
6826 6828
6827 6828
6829 6830
6829 6831
6830 6831
6832 6833
6832 6834
6833 6834
6835 6836
6835 6837
6836 6837
6838 6839
6838 6840
6839 6840
6841 6842
6841 6843
6842 6843
6844 6845
6844 6846
6845 6846
6847 6848
6847 6849
6848 6849
6850 6851
6850 6852
6851 6852
6853 6854
6853 6855
6854 6855
6856 6857
6856 6858
6857 6858
6859 6860
6859 6861
6860 6861
6862 6863
6862 6864
6863 6864
6865 6866
6865 6867
6866 6867
6868 6869
6868 6870
6869 6870
6871 6872
6871 6873
6872 6873
6874 6875
6874 6876
6875 6876
6877 6878
6877 6879
6878 6879
6880 6881
6880 6882
6881 6882
6883 6884
6883 6885
6884 6885
6886 6887
6886 6888
6887 6888
6889 6890
6889 6891
6890 6891
6892 6893
6892 6894
6893 6894
6895 6896
6895 6897
6896 6897
6898 6899
6898 6900
6899 6900
6901 6902
6901 6903
6902 6903
6904 6905
6904 6906
6905 6906
6907 6908
6907 6909
6908 6909
6910 6911
6910 6912
6911 6912
6913 6914
6913 6915
6914 6915
6916 6917
6916 6918
6917 6918
6919 6920
6919 6921
6920 6921
6922 6923
6922 6924
6923 6924
6925 6926
6925 6927
6926 6927
6928 6929
6928 6930
6929 6930
6931 6932
6931 6933
6932 6933
6934 6935
6934 6936
6935 6936
6937 6938
6937 6939
6938 6939
6940 6941
6940 6942
6941 6942
6943 6944
6943 6945
6944 6945
6946 6947
6946 6948
6947 6948
6949 6950
6949 6951
6950 6951
6952 6953
6952 6954
6953 6954
6955 6956
6955 6957
6956 6957
6958 6959
6958 6960
6959 6960
6961 6962
6961 6963
6962 6963
6964 6965
6964 6966
6965 6966
6967 6968
6967 6969
6968 6969
6970 6971
6970 6972
6971 6972
6973 6974
6973 6975
6974 6975
6976 6977
6976 6978
6977 6978
6979 6980
6979 6981
6980 6981
6982 6983
6982 6984
6983 6984
6985 6986
6985 6987
6986 6987
6988 6989
6988 6990
6989 6990
6991 6992
6991 6993
6992 6993
6994 6995
6994 6996
6995 6996
6997 6998
6997 6999
6998 6999
7000 7001
7000 7002
7001 7002
7003 7004
7003 7005
7004 7005
7006 7007
7006 7008
7007 7008
7009 7010
7009 7011
7010 7011
7012 7013
7012 7014
7013 7014
7015 7016
7015 7017
7016 7017
7018 7019
7018 7020
7019 7020
7021 7022
7021 7023
7022 7023
7024 7025
7024 7026
7025 7026
7027 7028
7027 7029
7028 7029
7030 7031
7030 7032
7031 7032
7033 7034
7033 7035
7034 7035
7036 7037
7036 7038
7037 7038
7039 7040
7039 7041
7040 7041
7042 7043
7042 7044
7043 7044
7045 7046
7045 7047
7046 7047
7048 7049
7048 7050
7049 7050
7051 7052
7051 7053
7052 7053
7054 7055
7054 7056
7055 7056
7057 7058
7057 7059
7058 7059
7060 7061
7060 7062
7061 7062
7063 7064
7063 7065
7064 7065
7066 7067
7066 7068
7067 7068
7069 7070
7069 7071
7070 7071
7072 7073
7072 7074
7073 7074
7075 7076
7075 7077
7076 7077
7078 7079
7078 7080
7079 7080
7081 7082
7081 7083
7082 7083
7084 7085
7084 7086
7085 7086
7087 7088
7087 7089
7088 7089
7090 7091
7090 7092
7091 7092
7093 7094
7093 7095
7094 7095
7096 7097
7096 7098
7097 7098
7099 7100
7099 7101
7100 7101
7102 7103
7102 7104
7103 7104
7105 7106
7105 7107
7106 7107
7108 7109
7108 7110
7109 7110
7111 7112
7111 7113
7112 7113
7114 7115
7114 7116
7115 7116
7117 7118
7117 7119
7118 7119
7120 7121
7120 7122
7121 7122
7123 7124
7123 7125
7124 7125
7126 7127
7126 7128
7127 7128
7129 7130
7129 7131
7130 7131
7132 7133
7132 7134
7133 7134
7135 7136
7135 7137
7136 7137
7138 7139
7138 7140
7139 7140
7141 7142
7141 7143
7142 7143
7144 7145
7144 7146
7145 7146
7147 7148
7147 7149
7148 7149
7150 7151
7150 7152
7151 7152
7153 7154
7153 7155
7154 7155
7156 7157
7156 7158
7157 7158
7159 7160
7159 7161
7160 7161
7162 7163
7162 7164
7163 7164
7165 7166
7165 7167
7166 7167
7168 7169
7168 7170
7169 7170
7171 7172
7171 7173
7172 7173
7174 7175
7174 7176
7175 7176
7177 7178
7177 7179
7178 7179
7180 7181
7180 7182
7181 7182
7183 7184
7183 7185
7184 7185
7186 7187
7186 7188
7187 7188
7189 7190
7189 7191
7190 7191
7192 7193
7192 7194
7193 7194
7195 7196
7195 7197
7196 7197
7198 7199
7198 7200
7199 7200
7201 7202
7201 7203
7202 7203
7204 7205
7204 7206
7205 7206
7207 7208
7207 7209
7208 7209
7210 7211
7210 7212
7211 7212
7213 7214
7213 7215
7214 7215
7216 7217
7216 7218
7217 7218
7219 7220
7219 7221
7220 7221
7222 7223
7222 7224
7223 7224
7225 7226
7225 7227
7226 7227
7228 7229
7228 7230
7229 7230
7231 7232
7231 7233
7232 7233
7234 7235
7234 7236
7235 7236
7237 7238
7237 7239
7238 7239
7240 7241
7240 7242
7241 7242
7243 7244
7243 7245
7244 7245
7246 7247
7246 7248
7247 7248
7249 7250
7249 7251
7250 7251
7252 7253
7252 7254
7253 7254
7255 7256
7255 7257
7256 7257
7258 7259
7258 7260
7259 7260
7261 7262
7261 7263
7262 7263
7264 7265
7264 7266
7265 7266
7267 7268
7267 7269
7268 7269
7270 7271
7270 7272
7271 7272
7273 7274
7273 7275
7274 7275
7276 7277
7276 7278
7277 7278
7279 7280
7279 7281
7280 7281
7282 7283
7282 7284
7283 7284
7285 7286
7285 7287
7286 7287
7288 7289
7288 7290
7289 7290
7291 7292
7291 7293
7292 7293
7294 7295
7294 7296
7295 7296
7297 7298
7297 7299
7298 7299
7300 7301
7300 7302
7301 7302
7303 7304
7303 7305
7304 7305
7306 7307
7306 7308
7307 7308
7309 7310
7309 7311
7310 7311
7312 7313
7312 7314
7313 7314
7315 7316
7315 7317
7316 7317
7318 7319
7318 7320
7319 7320
7321 7322
7321 7323
7322 7323
7324 7325
7324 7326
7325 7326
7327 7328
7327 7329
7328 7329
7330 7331
7330 7332
7331 7332
7333 7334
7333 7335
7334 7335
7336 7337
7336 7338
7337 7338
7339 7340
7339 7341
7340 7341
7342 7343
7342 7344
7343 7344
7345 7346
7345 7347
7346 7347
7348 7349
7348 7350
7349 7350
7351 7352
7351 7353
7352 7353
7354 7355
7354 7356
7355 7356
7357 7358
7357 7359
7358 7359
7360 7361
7360 7362
7361 7362
7363 7364
7363 7365
7364 7365
7366 7367
7366 7368
7367 7368
7369 7370
7369 7371
7370 7371
7372 7373
7372 7374
7373 7374
7375 7376
7375 7377
7376 7377
7378 7379
7378 7380
7379 7380
7381 7382
7381 7383
7382 7383
7384 7385
7384 7386
7385 7386
7387 7388
7387 7389
7388 7389
7390 7391
7390 7392
7391 7392
7393 7394
7393 7395
7394 7395
7396 7397
7396 7398
7397 7398
7399 7400
7399 7401
7400 7401
7402 7403
7402 7404
7403 7404
7405 7406
7405 7407
7406 7407
7408 7409
7408 7410
7409 7410
7411 7412
7411 7413
7412 7413
7414 7415
7414 7416
7415 7416
7417 7418
7417 7419
7418 7419
7420 7421
7420 7422
7421 7422
7423 7424
7423 7425
7424 7425
7426 7427
7426 7428
7427 7428
7429 7430
7429 7431
7430 7431
7432 7433
7432 7434
7433 7434
7435 7436
7435 7437
7436 7437
7438 7439
7438 7440
7439 7440
7441 7442
7441 7443
7442 7443
7444 7445
7444 7446
7445 7446
7447 7448
7447 7449
7448 7449
7450 7451
7450 7452
7451 7452
7453 7454
7453 7455
7454 7455
7456 7457
7456 7458
7457 7458
7459 7460
7459 7461
7460 7461
7462 7463
7462 7464
7463 7464
7465 7466
7465 7467
7466 7467
7468 7469
7468 7470
7469 7470
7471 7472
7471 7473
7472 7473
7474 7475
7474 7476
7475 7476
7477 7478
7477 7479
7478 7479
7480 7481
7480 7482
7481 7482
7483 7484
7483 7485
7484 7485
7486 7487
7486 7488
7487 7488
7489 7490
7489 7491
7490 7491
7492 7493
7492 7494
7493 7494
7495 7496
7495 7497
7496 7497
7498 7499
7498 7500
7499 7500
7501 7502
7501 7503
7502 7503
7504 7505
7504 7506
7505 7506
7507 7508
7507 7509
7508 7509
7510 7511
7510 7512
7511 7512
7513 7514
7513 7515
7514 7515
7516 7517
7516 7518
7517 7518
7519 7520
7519 7521
7520 7521
7522 7523
7522 7524
7523 7524
7525 7526
7525 7527
7526 7527
7528 7529
7528 7530
7529 7530
7531 7532
7531 7533
7532 7533
7534 7535
7534 7536
7535 7536
7537 7538
7537 7539
7538 7539
7540 7541
7540 7542
7541 7542
7543 7544
7543 7545
7544 7545
7546 7547
7546 7548
7547 7548
7549 7550
7549 7551
7550 7551
7552 7553
7552 7554
7553 7554
7555 7556
7555 7557
7556 7557
7558 7559
7558 7560
7559 7560
7561 7562
7561 7563
7562 7563
7564 7565
7564 7566
7565 7566
7567 7568
7567 7569
7568 7569
7570 7571
7570 7572
7571 7572
7573 7574
7573 7575
7574 7575
7576 7577
7576 7578
7577 7578
7579 7580
7579 7581
7580 7581
7582 7583
7582 7584
7583 7584
7585 7586
7585 7587
7586 7587
7588 7589
7588 7590
7589 7590
7591 7592
7591 7593
7592 7593
7594 7595
7594 7596
7595 7596
7597 7598
7597 7599
7598 7599
7600 7601
7600 7602
7601 7602
7603 7604
7603 7605
7604 7605
7606 7607
7606 7608
7607 7608
7609 7610
7609 7611
7610 7611
7612 7613
7612 7614
7613 7614
7615 7616
7615 7617
7616 7617
7618 7619
7618 7620
7619 7620
7621 7622
7621 7623
7622 7623
7624 7625
7624 7626
7625 7626
7627 7628
7627 7629
7628 7629
7630 7631
7630 7632
7631 7632
7633 7634
7633 7635
7634 7635
7636 7637
7636 7638
7637 7638
7639 7640
7639 7641
7640 7641
7642 7643
7642 7644
7643 7644
7645 7646
7645 7647
7646 7647
7648 7649
7648 7650
7649 7650
7651 7652
7651 7653
7652 7653
7654 7655
7654 7656
7655 7656
7657 7658
7657 7659
7658 7659
7660 7661
7660 7662
7661 7662
7663 7664
7663 7665
7664 7665
7666 7667
7666 7668
7667 7668
7669 7670
7669 7671
7670 7671
7672 7673
7672 7674
7673 7674
7675 7676
7675 7677
7676 7677
7678 7679
7678 7680
7679 7680
7681 7682
7681 7683
7682 7683
7684 7685
7684 7686
7685 7686
7687 7688
7687 7689
7688 7689
7690 7691
7690 7692
7691 7692
7693 7694
7693 7695
7694 7695
7696 7697
7696 7698
7697 7698
7699 7700
7699 7701
7700 7701
7702 7703
7702 7704
7703 7704
7705 7706
7705 7707
7706 7707
7708 7709
7708 7710
7709 7710
7711 7712
7711 7713
7712 7713
7714 7715
7714 7716
7715 7716
7717 7718
7717 7719
7718 7719
7720 7721
7720 7722
7721 7722
7723 7724
7723 7725
7724 7725
7726 7727
7726 7728
7727 7728
7729 7730
7729 7731
7730 7731
7732 7733
7732 7734
7733 7734
7735 7736
7735 7737
7736 7737
7738 7739
7738 7740
7739 7740
7741 7742
7741 7743
7742 7743
7744 7745
7744 7746
7745 7746
7747 7748
7747 7749
7748 7749
7750 7751
7750 7752
7751 7752
7753 7754
7753 7755
7754 7755
7756 7757
7756 7758
7757 7758
7759 7760
7759 7761
7760 7761
7762 7763
7762 7764
7763 7764
7765 7766
7765 7767
7766 7767
7768 7769
7768 7770
7769 7770
7771 7772
7771 7773
7772 7773
7774 7775
7774 7776
7775 7776
7777 7778
7777 7779
7778 7779
7780 7781
7780 7782
7781 7782
7783 7784
7783 7785
7784 7785
7786 7787
7786 7788
7787 7788
7789 7790
7789 7791
7790 7791
7792 7793
7792 7794
7793 7794
7795 7796
7795 7797
7796 7797
7798 7799
7798 7800
7799 7800
7801 7802
7801 7803
7802 7803
7804 7805
7804 7806
7805 7806
7807 7808
7807 7809
7808 7809
7810 7811
7810 7812
7811 7812
7813 7814
7813 7815
7814 7815
7816 7817
7816 7818
7817 7818
7819 7820
7819 7821
7820 7821
7822 7823
7822 7824
7823 7824
7825 7826
7825 7827
7826 7827
7828 7829
7828 7830
7829 7830
7831 7832
7831 7833
7832 7833
7834 7835
7834 7836
7835 7836
7837 7838
7837 7839
7838 7839
7840 7841
7840 7842
7841 7842
7843 7844
7843 7845
7844 7845
7846 7847
7846 7848
7847 7848
7849 7850
7849 7851
7850 7851
7852 7853
7852 7854
7853 7854
7855 7856
7855 7857
7856 7857
7858 7859
7858 7860
7859 7860
7861 7862
7861 7863
7862 7863
7864 7865
7864 7866
7865 7866
7867 7868
7867 7869
7868 7869
7870 7871
7870 7872
7871 7872
7873 7874
7873 7875
7874 7875
7876 7877
7876 7878
7877 7878
7879 7880
7879 7881
7880 7881
7882 7883
7882 7884
7883 7884
7885 7886
7885 7887
7886 7887
7888 7889
7888 7890
7889 7890
7891 7892
7891 7893
7892 7893
7894 7895
7894 7896
7895 7896
7897 7898
7897 7899
7898 7899
7900 7901
7900 7902
7901 7902
7903 7904
7903 7905
7904 7905
7906 7907
7906 7908
7907 7908
7909 7910
7909 7911
7910 7911
7912 7913
7912 7914
7913 7914
7915 7916
7915 7917
7916 7917
7918 7919
7918 7920
7919 7920
7921 7922
7921 7923
7922 7923
7924 7925
7924 7926
7925 7926
7927 7928
7927 7929
7928 7929
7930 7931
7930 7932
7931 7932
7933 7934
7933 7935
7934 7935
7936 7937
7936 7938
7937 7938
7939 7940
7939 7941
7940 7941
7942 7943
7942 7944
7943 7944
7945 7946
7945 7947
7946 7947
7948 7949
7948 7950
7949 7950
7951 7952
7951 7953
7952 7953
7954 7955
7954 7956
7955 7956
7957 7958
7957 7959
7958 7959
7960 7961
7960 7962
7961 7962
7963 7964
7963 7965
7964 7965
7966 7967
7966 7968
7967 7968
7969 7970
7969 7971
7970 7971
7972 7973
7972 7974
7973 7974
7975 7976
7975 7977
7976 7977
7978 7979
7978 7980
7979 7980
7981 7982
7981 7983
7982 7983
7984 7985
7984 7986
7985 7986
7987 7988
7987 7989
7988 7989
7990 7991
7990 7992
7991 7992
7993 7994
7993 7995
7994 7995
7996 7997
7996 7998
7997 7998
7999 8000
7999 8001
8000 8001
8002 8003
8002 8004
8003 8004
8005 8006
8005 8007
8006 8007
8008 8009
8008 8010
8009 8010
8011 8012
8011 8013
8012 8013
8014 8015
8014 8016
8015 8016
8017 8018
8017 8019
8018 8019
8020 8021
8020 8022
8021 8022
8023 8024
8023 8025
8024 8025
8026 8027
8026 8028
8027 8028
8029 8030
8029 8031
8030 8031
8032 8033
8032 8034
8033 8034
8035 8036
8035 8037
8036 8037
8038 8039
8038 8040
8039 8040
8041 8042
8041 8043
8042 8043
8044 8045
8044 8046
8045 8046
8047 8048
8047 8049
8048 8049
8050 8051
8050 8052
8051 8052
8053 8054
8053 8055
8054 8055
8056 8057
8056 8058
8057 8058
8059 8060
8059 8061
8060 8061
8062 8063
8062 8064
8063 8064
8065 8066
8065 8067
8066 8067
8068 8069
8068 8070
8069 8070
8071 8072
8071 8073
8072 8073
8074 8075
8074 8076
8075 8076
8077 8078
8077 8079
8078 8079
8080 8081
8080 8082
8081 8082
8083 8084
8083 8085
8084 8085
8086 8087
8086 8088
8087 8088
8089 8090
8089 8091
8090 8091
8092 8093
8092 8094
8093 8094
8095 8096
8095 8097
8096 8097
8098 8099
8098 8100
8099 8100
8101 8102
8101 8103
8102 8103
8104 8105
8104 8106
8105 8106
8107 8108
8107 8109
8108 8109
8110 8111
8110 8112
8111 8112
8113 8114
8113 8115
8114 8115
8116 8117
8116 8118
8117 8118
8119 8120
8119 8121
8120 8121
8122 8123
8122 8124
8123 8124
8125 8126
8125 8127
8126 8127
8128 8129
8128 8130
8129 8130
8131 8132
8131 8133
8132 8133
8134 8135
8134 8136
8135 8136
8137 8138
8137 8139
8138 8139
8140 8141
8140 8142
8141 8142
8143 8144
8143 8145
8144 8145
8146 8147
8146 8148
8147 8148
8149 8150
8149 8151
8150 8151
8152 8153
8152 8154
8153 8154
8155 8156
8155 8157
8156 8157
8158 8159
8158 8160
8159 8160
8161 8162
8161 8163
8162 8163
8164 8165
8164 8166
8165 8166
8167 8168
8167 8169
8168 8169
8170 8171
8170 8172
8171 8172
8173 8174
8173 8175
8174 8175
8176 8177
8176 8178
8177 8178
8179 8180
8179 8181
8180 8181
8182 8183
8182 8184
8183 8184
8185 8186
8185 8187
8186 8187
8188 8189
8188 8190
8189 8190
8191 8192
8191 8193
8192 8193
8194 8195
8194 8196
8195 8196
8197 8198
8197 8199
8198 8199
8200 8201
8200 8202
8201 8202
8203 8204
8203 8205
8204 8205
8206 8207
8206 8208
8207 8208
8209 8210
8209 8211
8210 8211
8212 8213
8212 8214
8213 8214
8215 8216
8215 8217
8216 8217
8218 8219
8218 8220
8219 8220
8221 8222
8221 8223
8222 8223
8224 8225
8224 8226
8225 8226
8227 8228
8227 8229
8228 8229
8230 8231
8230 8232
8231 8232
8233 8234
8233 8235
8234 8235
8236 8237
8236 8238
8237 8238
8239 8240
8239 8241
8240 8241
8242 8243
8242 8244
8243 8244
8245 8246
8245 8247
8246 8247
8248 8249
8248 8250
8249 8250
8251 8252
8251 8253
8252 8253
8254 8255
8254 8256
8255 8256
8257 8258
8257 8259
8258 8259
8260 8261
8260 8262
8261 8262
8263 8264
8263 8265
8264 8265
8266 8267
8266 8268
8267 8268
8269 8270
8269 8271
8270 8271
8272 8273
8272 8274
8273 8274
8275 8276
8275 8277
8276 8277
8278 8279
8278 8280
8279 8280
8281 8282
8281 8283
8282 8283
8284 8285
8284 8286
8285 8286
8287 8288
8287 8289
8288 8289
8290 8291
8290 8292
8291 8292
8293 8294
8293 8295
8294 8295
8296 8297
8296 8298
8297 8298
8299 8300
8299 8301
8300 8301
8302 8303
8302 8304
8303 8304
8305 8306
8305 8307
8306 8307
8308 8309
8308 8310
8309 8310
8311 8312
8311 8313
8312 8313
8314 8315
8314 8316
8315 8316
8317 8318
8317 8319
8318 8319
8320 8321
8320 8322
8321 8322
8323 8324
8323 8325
8324 8325
8326 8327
8326 8328
8327 8328
8329 8330
8329 8331
8330 8331
8332 8333
8332 8334
8333 8334
8335 8336
8335 8337
8336 8337
8338 8339
8338 8340
8339 8340
8341 8342
8341 8343
8342 8343
8344 8345
8344 8346
8345 8346
8347 8348
8347 8349
8348 8349
8350 8351
8350 8352
8351 8352
8353 8354
8353 8355
8354 8355
8356 8357
8356 8358
8357 8358
8359 8360
8359 8361
8360 8361
8362 8363
8362 8364
8363 8364
8365 8366
8365 8367
8366 8367
8368 8369
8368 8370
8369 8370
8371 8372
8371 8373
8372 8373
8374 8375
8374 8376
8375 8376
8377 8378
8377 8379
8378 8379
8380 8381
8380 8382
8381 8382
8383 8384
8383 8385
8384 8385
8386 8387
8386 8388
8387 8388
8389 8390
8389 8391
8390 8391
8392 8393
8392 8394
8393 8394
8395 8396
8395 8397
8396 8397
8398 8399
8398 8400
8399 8400
8401 8402
8401 8403
8402 8403
8404 8405
8404 8406
8405 8406
8407 8408
8407 8409
8408 8409
8410 8411
8410 8412
8411 8412
8413 8414
8413 8415
8414 8415
8416 8417
8416 8418
8417 8418
8419 8420
8419 8421
8420 8421
8422 8423
8422 8424
8423 8424
8425 8426
8425 8427
8426 8427
8428 8429
8428 8430
8429 8430
8431 8432
8431 8433
8432 8433
8434 8435
8434 8436
8435 8436
8437 8438
8437 8439
8438 8439
8440 8441
8440 8442
8441 8442
8443 8444
8443 8445
8444 8445
8446 8447
8446 8448
8447 8448
8449 8450
8449 8451
8450 8451
8452 8453
8452 8454
8453 8454
8455 8456
8455 8457
8456 8457
8458 8459
8458 8460
8459 8460
8461 8462
8461 8463
8462 8463
8464 8465
8464 8466
8465 8466
8467 8468
8467 8469
8468 8469
8470 8471
8470 8472
8471 8472
8473 8474
8473 8475
8474 8475
8476 8477
8476 8478
8477 8478
8479 8480
8479 8481
8480 8481
8482 8483
8482 8484
8483 8484
8485 8486
8485 8487
8486 8487
8488 8489
8488 8490
8489 8490
8491 8492
8491 8493
8492 8493
8494 8495
8494 8496
8495 8496
8497 8498
8497 8499
8498 8499
8500 8501
8500 8502
8501 8502
8503 8504
8503 8505
8504 8505
8506 8507
8506 8508
8507 8508
8509 8510
8509 8511
8510 8511
8512 8513
8512 8514
8513 8514
8515 8516
8515 8517
8516 8517
8518 8519
8518 8520
8519 8520
8521 8522
8521 8523
8522 8523
8524 8525
8524 8526
8525 8526
8527 8528
8527 8529
8528 8529
8530 8531
8530 8532
8531 8532
8533 8534
8533 8535
8534 8535
8536 8537
8536 8538
8537 8538
8539 8540
8539 8541
8540 8541
8542 8543
8542 8544
8543 8544
8545 8546
8545 8547
8546 8547
8548 8549
8548 8550
8549 8550
8551 8552
8551 8553
8552 8553
8554 8555
8554 8556
8555 8556
8557 8558
8557 8559
8558 8559
8560 8561
8560 8562
8561 8562
8563 8564
8563 8565
8564 8565
8566 8567
8566 8568
8567 8568
8569 8570
8569 8571
8570 8571
8572 8573
8572 8574
8573 8574
8575 8576
8575 8577
8576 8577
8578 8579
8578 8580
8579 8580
8581 8582
8581 8583
8582 8583
8584 8585
8584 8586
8585 8586
8587 8588
8587 8589
8588 8589
8590 8591
8590 8592
8591 8592
8593 8594
8593 8595
8594 8595
8596 8597
8596 8598
8597 8598
8599 8600
8599 8601
8600 8601
8602 8603
8602 8604
8603 8604
8605 8606
8605 8607
8606 8607
8608 8609
8608 8610
8609 8610
8611 8612
8611 8613
8612 8613
8614 8615
8614 8616
8615 8616
8617 8618
8617 8619
8618 8619
8620 8621
8620 8622
8621 8622
8623 8624
8623 8625
8624 8625
8626 8627
8626 8628
8627 8628
8629 8630
8629 8631
8630 8631
8632 8633
8632 8634
8633 8634
8635 8636
8635 8637
8636 8637
8638 8639
8638 8640
8639 8640
8641 8642
8641 8643
8642 8643
8644 8645
8644 8646
8645 8646
8647 8648
8647 8649
8648 8649
8650 8651
8650 8652
8651 8652
8653 8654
8653 8655
8654 8655
8656 8657
8656 8658
8657 8658
8659 8660
8659 8661
8660 8661
8662 8663
8662 8664
8663 8664
8665 8666
8665 8667
8666 8667
8668 8669
8668 8670
8669 8670
8671 8672
8671 8673
8672 8673
8674 8675
8674 8676
8675 8676
8677 8678
8677 8679
8678 8679
8680 8681
8680 8682
8681 8682
8683 8684
8683 8685
8684 8685
8686 8687
8686 8688
8687 8688
8689 8690
8689 8691
8690 8691
8692 8693
8692 8694
8693 8694
8695 8696
8695 8697
8696 8697
8698 8699
8698 8700
8699 8700
8701 8702
8701 8703
8702 8703
8704 8705
8704 8706
8705 8706
8707 8708
8707 8709
8708 8709
8710 8711
8710 8712
8711 8712
8713 8714
8713 8715
8714 8715
8716 8717
8716 8718
8717 8718
8719 8720
8719 8721
8720 8721
8722 8723
8722 8724
8723 8724
8725 8726
8725 8727
8726 8727
8728 8729
8728 8730
8729 8730
8731 8732
8731 8733
8732 8733
8734 8735
8734 8736
8735 8736
8737 8738
8737 8739
8738 8739
8740 8741
8740 8742
8741 8742
8743 8744
8743 8745
8744 8745
8746 8747
8746 8748
8747 8748
8749 8750
8749 8751
8750 8751
8752 8753
8752 8754
8753 8754
8755 8756
8755 8757
8756 8757
8758 8759
8758 8760
8759 8760
8761 8762
8761 8763
8762 8763
8764 8765
8764 8766
8765 8766
8767 8768
8767 8769
8768 8769
8770 8771
8770 8772
8771 8772
8773 8774
8773 8775
8774 8775
8776 8777
8776 8778
8777 8778
8779 8780
8779 8781
8780 8781
8782 8783
8782 8784
8783 8784
8785 8786
8785 8787
8786 8787
8788 8789
8788 8790
8789 8790
8791 8792
8791 8793
8792 8793
8794 8795
8794 8796
8795 8796
8797 8798
8797 8799
8798 8799
8800 8801
8800 8802
8801 8802
8803 8804
8803 8805
8804 8805
8806 8807
8806 8808
8807 8808
8809 8810
8809 8811
8810 8811
8812 8813
8812 8814
8813 8814
8815 8816
8815 8817
8816 8817
8818 8819
8818 8820
8819 8820
8821 8822
8821 8823
8822 8823
8824 8825
8824 8826
8825 8826
8827 8828
8827 8829
8828 8829
8830 8831
8830 8832
8831 8832
8833 8834
8833 8835
8834 8835
8836 8837
8836 8838
8837 8838
8839 8840
8839 8841
8840 8841
8842 8843
8842 8844
8843 8844
8845 8846
8845 8847
8846 8847
8848 8849
8848 8850
8849 8850
8851 8852
8851 8853
8852 8853
8854 8855
8854 8856
8855 8856
8857 8858
8857 8859
8858 8859
8860 8861
8860 8862
8861 8862
8863 8864
8863 8865
8864 8865
8866 8867
8866 8868
8867 8868
8869 8870
8869 8871
8870 8871
8872 8873
8872 8874
8873 8874
8875 8876
8875 8877
8876 8877
8878 8879
8878 8880
8879 8880
8881 8882
8881 8883
8882 8883
8884 8885
8884 8886
8885 8886
8887 8888
8887 8889
8888 8889
8890 8891
8890 8892
8891 8892
8893 8894
8893 8895
8894 8895
8896 8897
8896 8898
8897 8898
8899 8900
8899 8901
8900 8901
8902 8903
8902 8904
8903 8904
8905 8906
8905 8907
8906 8907
8908 8909
8908 8910
8909 8910
8911 8912
8911 8913
8912 8913
8914 8915
8914 8916
8915 8916
8917 8918
8917 8919
8918 8919
8920 8921
8920 8922
8921 8922
8923 8924
8923 8925
8924 8925
8926 8927
8926 8928
8927 8928
8929 8930
8929 8931
8930 8931
8932 8933
8932 8934
8933 8934
8935 8936
8935 8937
8936 8937
8938 8939
8938 8940
8939 8940
8941 8942
8941 8943
8942 8943
8944 8945
8944 8946
8945 8946
8947 8948
8947 8949
8948 8949
8950 8951
8950 8952
8951 8952
8953 8954
8953 8955
8954 8955
8956 8957
8956 8958
8957 8958
8959 8960
8959 8961
8960 8961
8962 8963
8962 8964
8963 8964
8965 8966
8965 8967
8966 8967
8968 8969
8968 8970
8969 8970
8971 8972
8971 8973
8972 8973
8974 8975
8974 8976
8975 8976
8977 8978
8977 8979
8978 8979
8980 8981
8980 8982
8981 8982
8983 8984
8983 8985
8984 8985
8986 8987
8986 8988
8987 8988
8989 8990
8989 8991
8990 8991
8992 8993
8992 8994
8993 8994
8995 8996
8995 8997
8996 8997
8998 8999
8998 9000
8999 9000
9001 9002
9001 9003
9002 9003
9004 9005
9004 9006
9005 9006
9007 9008
9007 9009
9008 9009
9010 9011
9010 9012
9011 9012
9013 9014
9013 9015
9014 9015
9016 9017
9016 9018
9017 9018
9019 9020
9019 9021
9020 9021
9022 9023
9022 9024
9023 9024
9025 9026
9025 9027
9026 9027
9028 9029
9028 9030
9029 9030
9031 9032
9031 9033
9032 9033
9034 9035
9034 9036
9035 9036
9037 9038
9037 9039
9038 9039
9040 9041
9040 9042
9041 9042
9043 9044
9043 9045
9044 9045
9046 9047
9046 9048
9047 9048
9049 9050
9049 9051
9050 9051
9052 9053
9052 9054
9053 9054
9055 9056
9055 9057
9056 9057
9058 9059
9058 9060
9059 9060
9061 9062
9061 9063
9062 9063
9064 9065
9064 9066
9065 9066
9067 9068
9067 9069
9068 9069
9070 9071
9070 9072
9071 9072
9073 9074
9073 9075
9074 9075
9076 9077
9076 9078
9077 9078
9079 9080
9079 9081
9080 9081
9082 9083
9082 9084
9083 9084
9085 9086
9085 9087
9086 9087
9088 9089
9088 9090
9089 9090
9091 9092
9091 9093
9092 9093
9094 9095
9094 9096
9095 9096
9097 9098
9097 9099
9098 9099
9100 9101
9100 9102
9101 9102
9103 9104
9103 9105
9104 9105
9106 9107
9106 9108
9107 9108
9109 9110
9109 9111
9110 9111
9112 9113
9112 9114
9113 9114
9115 9116
9115 9117
9116 9117
9118 9119
9118 9120
9119 9120
9121 9122
9121 9123
9122 9123
9124 9125
9124 9126
9125 9126
9127 9128
9127 9129
9128 9129
9130 9131
9130 9132
9131 9132
9133 9134
9133 9135
9134 9135
9136 9137
9136 9138
9137 9138
9139 9140
9139 9141
9140 9141
9142 9143
9142 9144
9143 9144
9145 9146
9145 9147
9146 9147
9148 9149
9148 9150
9149 9150
9151 9152
9151 9153
9152 9153
9154 9155
9154 9156
9155 9156
9157 9158
9157 9159
9158 9159
9160 9161
9160 9162
9161 9162
9163 9164
9163 9165
9164 9165
9166 9167
9166 9168
9167 9168
9169 9170
9169 9171
9170 9171
9172 9173
9172 9174
9173 9174
9175 9176
9175 9177
9176 9177
9178 9179
9178 9180
9179 9180
9181 9182
9181 9183
9182 9183
9184 9185
9184 9186
9185 9186
9187 9188
9187 9189
9188 9189
9190 9191
9190 9192
9191 9192
9193 9194
9193 9195
9194 9195
9196 9197
9196 9198
9197 9198
9199 9200
9199 9201
9200 9201
9202 9203
9202 9204
9203 9204
9205 9206
9205 9207
9206 9207
9208 9209
9208 9210
9209 9210
9211 9212
9211 9213
9212 9213
9214 9215
9214 9216
9215 9216
9217 9218
9217 9219
9218 9219
9220 9221
9220 9222
9221 9222
9223 9224
9223 9225
9224 9225
9226 9227
9226 9228
9227 9228
9229 9230
9229 9231
9230 9231
9232 9233
9232 9234
9233 9234
9235 9236
9235 9237
9236 9237
9238 9239
9238 9240
9239 9240
9241 9242
9241 9243
9242 9243
9244 9245
9244 9246
9245 9246
9247 9248
9247 9249
9248 9249
9250 9251
9250 9252
9251 9252
9253 9254
9253 9255
9254 9255
9256 9257
9256 9258
9257 9258
9259 9260
9259 9261
9260 9261
9262 9263
9262 9264
9263 9264
9265 9266
9265 9267
9266 9267
9268 9269
9268 9270
9269 9270
9271 9272
9271 9273
9272 9273
9274 9275
9274 9276
9275 9276
9277 9278
9277 9279
9278 9279
9280 9281
9280 9282
9281 9282
9283 9284
9283 9285
9284 9285
9286 9287
9286 9288
9287 9288
9289 9290
9289 9291
9290 9291
9292 9293
9292 9294
9293 9294
9295 9296
9295 9297
9296 9297
9298 9299
9298 9300
9299 9300
9301 9302
9301 9303
9302 9303
9304 9305
9304 9306
9305 9306
9307 9308
9307 9309
9308 9309
9310 9311
9310 9312
9311 9312
9313 9314
9313 9315
9314 9315
9316 9317
9316 9318
9317 9318
9319 9320
9319 9321
9320 9321
9322 9323
9322 9324
9323 9324
9325 9326
9325 9327
9326 9327
9328 9329
9328 9330
9329 9330
9331 9332
9331 9333
9332 9333
9334 9335
9334 9336
9335 9336
9337 9338
9337 9339
9338 9339
9340 9341
9340 9342
9341 9342
9343 9344
9343 9345
9344 9345
9346 9347
9346 9348
9347 9348
9349 9350
9349 9351
9350 9351
9352 9353
9352 9354
9353 9354
9355 9356
9355 9357
9356 9357
9358 9359
9358 9360
9359 9360
9361 9362
9361 9363
9362 9363
9364 9365
9364 9366
9365 9366
9367 9368
9367 9369
9368 9369
9370 9371
9370 9372
9371 9372
9373 9374
9373 9375
9374 9375
9376 9377
9376 9378
9377 9378
9379 9380
9379 9381
9380 9381
9382 9383
9382 9384
9383 9384
9385 9386
9385 9387
9386 9387
9388 9389
9388 9390
9389 9390
9391 9392
9391 9393
9392 9393
9394 9395
9394 9396
9395 9396
9397 9398
9397 9399
9398 9399
9400 9401
9400 9402
9401 9402
9403 9404
9403 9405
9404 9405
9406 9407
9406 9408
9407 9408
9409 9410
9409 9411
9410 9411
9412 9413
9412 9414
9413 9414
9415 9416
9415 9417
9416 9417
9418 9419
9418 9420
9419 9420
9421 9422
9421 9423
9422 9423
9424 9425
9424 9426
9425 9426
9427 9428
9427 9429
9428 9429
9430 9431
9430 9432
9431 9432
9433 9434
9433 9435
9434 9435
9436 9437
9436 9438
9437 9438
9439 9440
9439 9441
9440 9441
9442 9443
9442 9444
9443 9444
9445 9446
9445 9447
9446 9447
9448 9449
9448 9450
9449 9450
9451 9452
9451 9453
9452 9453
9454 9455
9454 9456
9455 9456
9457 9458
9457 9459
9458 9459
9460 9461
9460 9462
9461 9462
9463 9464
9463 9465
9464 9465
9466 9467
9466 9468
9467 9468
9469 9470
9469 9471
9470 9471
9472 9473
9472 9474
9473 9474
9475 9476
9475 9477
9476 9477
9478 9479
9478 9480
9479 9480
9481 9482
9481 9483
9482 9483
9484 9485
9484 9486
9485 9486
9487 9488
9487 9489
9488 9489
9490 9491
9490 9492
9491 9492
9493 9494
9493 9495
9494 9495
9496 9497
9496 9498
9497 9498
9499 9500
9499 9501
9500 9501
9502 9503
9502 9504
9503 9504
9505 9506
9505 9507
9506 9507
9508 9509
9508 9510
9509 9510
9511 9512
9511 9513
9512 9513
9514 9515
9514 9516
9515 9516
9517 9518
9517 9519
9518 9519
9520 9521
9520 9522
9521 9522
9523 9524
9523 9525
9524 9525
9526 9527
9526 9528
9527 9528
9529 9530
9529 9531
9530 9531
9532 9533
9532 9534
9533 9534
9535 9536
9535 9537
9536 9537
9538 9539
9538 9540
9539 9540
9541 9542
9541 9543
9542 9543
9544 9545
9544 9546
9545 9546
9547 9548
9547 9549
9548 9549
9550 9551
9550 9552
9551 9552
9553 9554
9553 9555
9554 9555
9556 9557
9556 9558
9557 9558
9559 9560
9559 9561
9560 9561
9562 9563
9562 9564
9563 9564
9565 9566
9565 9567
9566 9567
9568 9569
9568 9570
9569 9570
9571 9572
9571 9573
9572 9573
9574 9575
9574 9576
9575 9576
9577 9578
9577 9579
9578 9579
9580 9581
9580 9582
9581 9582
9583 9584
9583 9585
9584 9585
9586 9587
9586 9588
9587 9588
9589 9590
9589 9591
9590 9591
9592 9593
9592 9594
9593 9594
9595 9596
9595 9597
9596 9597
9598 9599
9598 9600
9599 9600
9601 9602
9601 9603
9602 9603
9604 9605
9604 9606
9605 9606
9607 9608
9607 9609
9608 9609
9610 9611
9610 9612
9611 9612
9613 9614
9613 9615
9614 9615
9616 9617
9616 9618
9617 9618
9619 9620
9619 9621
9620 9621
9622 9623
9622 9624
9623 9624
9625 9626
9625 9627
9626 9627
9628 9629
9628 9630
9629 9630
9631 9632
9631 9633
9632 9633
9634 9635
9634 9636
9635 9636
9637 9638
9637 9639
9638 9639
9640 9641
9640 9642
9641 9642
9643 9644
9643 9645
9644 9645
9646 9647
9646 9648
9647 9648
9649 9650
9649 9651
9650 9651
9652 9653
9652 9654
9653 9654
9655 9656
9655 9657
9656 9657
9658 9659
9658 9660
9659 9660
9661 9662
9661 9663
9662 9663
9664 9665
9664 9666
9665 9666
9667 9668
9667 9669
9668 9669
9670 9671
9670 9672
9671 9672
9673 9674
9673 9675
9674 9675
9676 9677
9676 9678
9677 9678
9679 9680
9679 9681
9680 9681
9682 9683
9682 9684
9683 9684
9685 9686
9685 9687
9686 9687
9688 9689
9688 9690
9689 9690
9691 9692
9691 9693
9692 9693
9694 9695
9694 9696
9695 9696
9697 9698
9697 9699
9698 9699
9700 9701
9700 9702
9701 9702
9703 9704
9703 9705
9704 9705
9706 9707
9706 9708
9707 9708
9709 9710
9709 9711
9710 9711
9712 9713
9712 9714
9713 9714
9715 9716
9715 9717
9716 9717
9718 9719
9718 9720
9719 9720
9721 9722
9721 9723
9722 9723
9724 9725
9724 9726
9725 9726
9727 9728
9727 9729
9728 9729
9730 9731
9730 9732
9731 9732
9733 9734
9733 9735
9734 9735
9736 9737
9736 9738
9737 9738
9739 9740
9739 9741
9740 9741
9742 9743
9742 9744
9743 9744
9745 9746
9745 9747
9746 9747
9748 9749
9748 9750
9749 9750
9751 9752
9751 9753
9752 9753
9754 9755
9754 9756
9755 9756
9757 9758
9757 9759
9758 9759
9760 9761
9760 9762
9761 9762
9763 9764
9763 9765
9764 9765
9766 9767
9766 9768
9767 9768
9769 9770
9769 9771
9770 9771
9772 9773
9772 9774
9773 9774
9775 9776
9775 9777
9776 9777
9778 9779
9778 9780
9779 9780
9781 9782
9781 9783
9782 9783
9784 9785
9784 9786
9785 9786
9787 9788
9787 9789
9788 9789
9790 9791
9790 9792
9791 9792
9793 9794
9793 9795
9794 9795
9796 9797
9796 9798
9797 9798
9799 9800
9799 9801
9800 9801
9802 9803
9802 9804
9803 9804
9805 9806
9805 9807
9806 9807
9808 9809
9808 9810
9809 9810
9811 9812
9811 9813
9812 9813
9814 9815
9814 9816
9815 9816
9817 9818
9817 9819
9818 9819
9820 9821
9820 9822
9821 9822
9823 9824
9823 9825
9824 9825
9826 9827
9826 9828
9827 9828
9829 9830
9829 9831
9830 9831
9832 9833
9832 9834
9833 9834
9835 9836
9835 9837
9836 9837
9838 9839
9838 9840
9839 9840
9841 9842
9841 9843
9842 9843
9844 9845
9844 9846
9845 9846
9847 9848
9847 9849
9848 9849
9850 9851
9850 9852
9851 9852
9853 9854
9853 9855
9854 9855
9856 9857
9856 9858
9857 9858
9859 9860
9859 9861
9860 9861
9862 9863
9862 9864
9863 9864
9865 9866
9865 9867
9866 9867
9868 9869
9868 9870
9869 9870
9871 9872
9871 9873
9872 9873
9874 9875
9874 9876
9875 9876
9877 9878
9877 9879
9878 9879
9880 9881
9880 9882
9881 9882
9883 9884
9883 9885
9884 9885
9886 9887
9886 9888
9887 9888
9889 9890
9889 9891
9890 9891
9892 9893
9892 9894
9893 9894
9895 9896
9895 9897
9896 9897
9898 9899
9898 9900
9899 9900
9901 9902
9901 9903
9902 9903
9904 9905
9904 9906
9905 9906
9907 9908
9907 9909
9908 9909
9910 9911
9910 9912
9911 9912
9913 9914
9913 9915
9914 9915
9916 9917
9916 9918
9917 9918
9919 9920
9919 9921
9920 9921
9922 9923
9922 9924
9923 9924
9925 9926
9925 9927
9926 9927
9928 9929
9928 9930
9929 9930
9931 9932
9931 9933
9932 9933
9934 9935
9934 9936
9935 9936
9937 9938
9937 9939
9938 9939
9940 9941
9940 9942
9941 9942
9943 9944
9943 9945
9944 9945
9946 9947
9946 9948
9947 9948
9949 9950
9949 9951
9950 9951
9952 9953
9952 9954
9953 9954
9955 9956
9955 9957
9956 9957
9958 9959
9958 9960
9959 9960
9961 9962
9961 9963
9962 9963
9964 9965
9964 9966
9965 9966
9967 9968
9967 9969
9968 9969
9970 9971
9970 9972
9971 9972
9973 9974
9973 9975
9974 9975
9976 9977
9976 9978
9977 9978
9979 9980
9979 9981
9980 9981
9982 9983
9982 9984
9983 9984
9985 9986
9985 9987
9986 9987
9988 9989
9988 9990
9989 9990
9991 9992
9991 9993
9992 9993
9994 9995
9994 9996
9995 9996
9997 9998
9997 9999
9998 9999
10000 10001
10000 10002
10001 10002
10003 10004
10003 10005
10004 10005
10006 10007
10006 10008
10007 10008
10009 10010
10009 10011
10010 10011
10012 10013
10012 10014
10013 10014
10015 10016
10015 10017
10016 10017
10018 10019
10018 10020
10019 10020
10021 10022
10021 10023
10022 10023
10024 10025
10024 10026
10025 10026
10027 10028
10027 10029
10028 10029
10030 10031
10030 10032
10031 10032
10033 10034
10033 10035
10034 10035
10036 10037
10036 10038
10037 10038
10039 10040
10039 10041
10040 10041
10042 10043
10042 10044
10043 10044
10045 10046
10045 10047
10046 10047
10048 10049
10048 10050
10049 10050
10051 10052
10051 10053
10052 10053
10054 10055
10054 10056
10055 10056
10057 10058
10057 10059
10058 10059
10060 10061
10060 10062
10061 10062
10063 10064
10063 10065
10064 10065
10066 10067
10066 10068
10067 10068
10069 10070
10069 10071
10070 10071
10072 10073
10072 10074
10073 10074
10075 10076
10075 10077
10076 10077
10078 10079
10078 10080
10079 10080
10081 10082
10081 10083
10082 10083
10084 10085
10084 10086
10085 10086
10087 10088
10087 10089
10088 10089
10090 10091
10090 10092
10091 10092
10093 10094
10093 10095
10094 10095
10096 10097
10096 10098
10097 10098
10099 10100
10099 10101
10100 10101
10102 10103
10102 10104
10103 10104
10105 10106
10105 10107
10106 10107
10108 10109
10108 10110
10109 10110
10111 10112
10111 10113
10112 10113
10114 10115
10114 10116
10115 10116
10117 10118
10117 10119
10118 10119
10120 10121
10120 10122
10121 10122
10123 10124
10123 10125
10124 10125
10126 10127
10126 10128
10127 10128
10129 10130
10129 10131
10130 10131
10132 10133
10132 10134
10133 10134
10135 10136
10135 10137
10136 10137
10138 10139
10138 10140
10139 10140
10141 10142
10141 10143
10142 10143
10144 10145
10144 10146
10145 10146
10147 10148
10147 10149
10148 10149
10150 10151
10150 10152
10151 10152
10153 10154
10153 10155
10154 10155
10156 10157
10156 10158
10157 10158
10159 10160
10159 10161
10160 10161
10162 10163
10162 10164
10163 10164
10165 10166
10165 10167
10166 10167
10168 10169
10168 10170
10169 10170
10171 10172
10171 10173
10172 10173
10174 10175
10174 10176
10175 10176
10177 10178
10177 10179
10178 10179
10180 10181
10180 10182
10181 10182
10183 10184
10183 10185
10184 10185
10186 10187
10186 10188
10187 10188
10189 10190
10189 10191
10190 10191
10192 10193
10192 10194
10193 10194
10195 10196
10195 10197
10196 10197
10198 10199
10198 10200
10199 10200
10201 10202
10201 10203
10202 10203
10204 10205
10204 10206
10205 10206
10207 10208
10207 10209
10208 10209
10210 10211
10210 10212
10211 10212
10213 10214
10213 10215
10214 10215
10216 10217
10216 10218
10217 10218
10219 10220
10219 10221
10220 10221
10222 10223
10222 10224
10223 10224
10225 10226
10225 10227
10226 10227
10228 10229
10228 10230
10229 10230
10231 10232
10231 10233
10232 10233
10234 10235
10234 10236
10235 10236
10237 10238
10237 10239
10238 10239
10240 10241
10240 10242
10241 10242
10243 10244
10243 10245
10244 10245
10246 10247
10246 10248
10247 10248
10249 10250
10249 10251
10250 10251
10252 10253
10252 10254
10253 10254
10255 10256
10255 10257
10256 10257
10258 10259
10258 10260
10259 10260
10261 10262
10261 10263
10262 10263
10264 10265
10264 10266
10265 10266
10267 10268
10267 10269
10268 10269
10270 10271
10270 10272
10271 10272
10273 10274
10273 10275
10274 10275
10276 10277
10276 10278
10277 10278
10279 10280
10279 10281
10280 10281
10282 10283
10282 10284
10283 10284
10285 10286
10285 10287
10286 10287
10288 10289
10288 10290
10289 10290
10291 10292
10291 10293
10292 10293
10294 10295
10294 10296
10295 10296
10297 10298
10297 10299
10298 10299
10300 10301
10300 10302
10301 10302
10303 10304
10303 10305
10304 10305
10306 10307
10306 10308
10307 10308
10309 10310
10309 10311
10310 10311
10312 10313
10312 10314
10313 10314
10315 10316
10315 10317
10316 10317
10318 10319
10318 10320
10319 10320
10321 10322
10321 10323
10322 10323
10324 10325
10324 10326
10325 10326
10327 10328
10327 10329
10328 10329
10330 10331
10330 10332
10331 10332
10333 10334
10333 10335
10334 10335
10336 10337
10336 10338
10337 10338
10339 10340
10339 10341
10340 10341
10342 10343
10342 10344
10343 10344
10345 10346
10345 10347
10346 10347
10348 10349
10348 10350
10349 10350
10351 10352
10351 10353
10352 10353
10354 10355
10354 10356
10355 10356
10357 10358
10357 10359
10358 10359
10360 10361
10360 10362
10361 10362
10363 10364
10363 10365
10364 10365
10366 10367
10366 10368
10367 10368
10369 10370
10369 10371
10370 10371
10372 10373
10372 10374
10373 10374
10375 10376
10375 10377
10376 10377
10378 10379
10378 10380
10379 10380
10381 10382
10381 10383
10382 10383
10384 10385
10384 10386
10385 10386
10387 10388
10387 10389
10388 10389
10390 10391
10390 10392
10391 10392
10393 10394
10393 10395
10394 10395
10396 10397
10396 10398
10397 10398
10399 10400
10399 10401
10400 10401
10402 10403
10402 10404
10403 10404
10405 10406
10405 10407
10406 10407
10408 10409
10408 10410
10409 10410
10411 10412
10411 10413
10412 10413
10414 10415
10414 10416
10415 10416
10417 10418
10417 10419
10418 10419
10420 10421
10420 10422
10421 10422
10423 10424
10423 10425
10424 10425
10426 10427
10426 10428
10427 10428
10429 10430
10429 10431
10430 10431
10432 10433
10432 10434
10433 10434
10435 10436
10435 10437
10436 10437
10438 10439
10438 10440
10439 10440
10441 10442
10441 10443
10442 10443
10444 10445
10444 10446
10445 10446
10447 10448
10447 10449
10448 10449
10450 10451
10450 10452
10451 10452
10453 10454
10453 10455
10454 10455
10456 10457
10456 10458
10457 10458
10459 10460
10459 10461
10460 10461
10462 10463
10462 10464
10463 10464
10465 10466
10465 10467
10466 10467
10468 10469
10468 10470
10469 10470
10471 10472
10471 10473
10472 10473
10474 10475
10474 10476
10475 10476
10477 10478
10477 10479
10478 10479
10480 10481
10480 10482
10481 10482
10483 10484
10483 10485
10484 10485
10486 10487
10486 10488
10487 10488
10489 10490
10489 10491
10490 10491
10492 10493
10492 10494
10493 10494
10495 10496
10495 10497
10496 10497
10498 10499
10498 10500
10499 10500
10501 10502
10501 10503
10502 10503
10504 10505
10504 10506
10505 10506
10507 10508
10507 10509
10508 10509
10510 10511
10510 10512
10511 10512
10513 10514
10513 10515
10514 10515
10516 10517
10516 10518
10517 10518
10519 10520
10519 10521
10520 10521
10522 10523
10522 10524
10523 10524
10525 10526
10525 10527
10526 10527
10528 10529
10528 10530
10529 10530
10531 10532
10531 10533
10532 10533
10534 10535
10534 10536
10535 10536
10537 10538
10537 10539
10538 10539
10540 10541
10540 10542
10541 10542
10543 10544
10543 10545
10544 10545
10546 10547
10546 10548
10547 10548
10549 10550
10549 10551
10550 10551
10552 10553
10552 10554
10553 10554
10555 10556
10555 10557
10556 10557
10558 10559
10558 10560
10559 10560
10561 10562
10561 10563
10562 10563
10564 10565
10564 10566
10565 10566
10567 10568
10567 10569
10568 10569
10570 10571
10570 10572
10571 10572
10573 10574
10573 10575
10574 10575
10576 10577
10576 10578
10577 10578
10579 10580
10579 10581
10580 10581
10582 10583
10582 10584
10583 10584
10585 10586
10585 10587
10586 10587
10588 10589
10588 10590
10589 10590
10591 10592
10591 10593
10592 10593
10594 10595
10594 10596
10595 10596
10597 10598
10597 10599
10598 10599
10600 10601
10600 10602
10601 10602
10603 10604
10603 10605
10604 10605
10606 10607
10606 10608
10607 10608
10609 10610
10609 10611
10610 10611
10612 10613
10612 10614
10613 10614
10615 10616
10615 10617
10616 10617
10618 10619
10618 10620
10619 10620
10621 10622
10621 10623
10622 10623
10624 10625
10624 10626
10625 10626
10627 10628
10627 10629
10628 10629
10630 10631
10630 10632
10631 10632
10633 10634
10633 10635
10634 10635
10636 10637
10636 10638
10637 10638
10639 10640
10639 10641
10640 10641
10642 10643
10642 10644
10643 10644
10645 10646
10645 10647
10646 10647
10648 10649
10648 10650
10649 10650
10651 10652
10651 10653
10652 10653
10654 10655
10654 10656
10655 10656
10657 10658
10657 10659
10658 10659
10660 10661
10660 10662
10661 10662
10663 10664
10663 10665
10664 10665
10666 10667
10666 10668
10667 10668
10669 10670
10669 10671
10670 10671
10672 10673
10672 10674
10673 10674
10675 10676
10675 10677
10676 10677
10678 10679
10678 10680
10679 10680
10681 10682
10681 10683
10682 10683
10684 10685
10684 10686
10685 10686
10687 10688
10687 10689
10688 10689
10690 10691
10690 10692
10691 10692
10693 10694
10693 10695
10694 10695
10696 10697
10696 10698
10697 10698
10699 10700
10699 10701
10700 10701
10702 10703
10702 10704
10703 10704
10705 10706
10705 10707
10706 10707
10708 10709
10708 10710
10709 10710
10711 10712
10711 10713
10712 10713
10714 10715
10714 10716
10715 10716
10717 10718
10717 10719
10718 10719
10720 10721
10720 10722
10721 10722
10723 10724
10723 10725
10724 10725
10726 10727
10726 10728
10727 10728
10729 10730
10729 10731
10730 10731
10732 10733
10732 10734
10733 10734
10735 10736
10735 10737
10736 10737
10738 10739
10738 10740
10739 10740
10741 10742
10741 10743
10742 10743
10744 10745
10744 10746
10745 10746
10747 10748
10747 10749
10748 10749
10750 10751
10750 10752
10751 10752
10753 10754
10753 10755
10754 10755
10756 10757
10756 10758
10757 10758
10759 10760
10759 10761
10760 10761
10762 10763
10762 10764
10763 10764
10765 10766
10765 10767
10766 10767
10768 10769
10768 10770
10769 10770
10771 10772
10771 10773
10772 10773
10774 10775
10774 10776
10775 10776
10777 10778
10777 10779
10778 10779
10780 10781
10780 10782
10781 10782
10783 10784
10783 10785
10784 10785
10786 10787
10786 10788
10787 10788
10789 10790
10789 10791
10790 10791
10792 10793
10792 10794
10793 10794
10795 10796
10795 10797
10796 10797
10798 10799
10798 10800
10799 10800
10801 10802
10801 10803
10802 10803
10804 10805
10804 10806
10805 10806
10807 10808
10807 10809
10808 10809
10810 10811
10810 10812
10811 10812
10813 10814
10813 10815
10814 10815
10816 10817
10816 10818
10817 10818
10819 10820
10819 10821
10820 10821
10822 10823
10822 10824
10823 10824
10825 10826
10825 10827
10826 10827
10828 10829
10828 10830
10829 10830
10831 10832
10831 10833
10832 10833
10834 10835
10834 10836
10835 10836
10837 10838
10837 10839
10838 10839
10840 10841
10840 10842
10841 10842
10843 10844
10843 10845
10844 10845
10846 10847
10846 10848
10847 10848
10849 10850
10849 10851
10850 10851
10852 10853
10852 10854
10853 10854
10855 10856
10855 10857
10856 10857
10858 10859
10858 10860
10859 10860
10861 10862
10861 10863
10862 10863
10864 10865
10864 10866
10865 10866
10867 10868
10867 10869
10868 10869
10870 10871
10870 10872
10871 10872
10873 10874
10873 10875
10874 10875
10876 10877
10876 10878
10877 10878
10879 10880
10879 10881
10880 10881
10882 10883
10882 10884
10883 10884
10885 10886
10885 10887
10886 10887
10888 10889
10888 10890
10889 10890
10891 10892
10891 10893
10892 10893
10894 10895
10894 10896
10895 10896
10897 10898
10897 10899
10898 10899
10900 10901
10900 10902
10901 10902
10903 10904
10903 10905
10904 10905
10906 10907
10906 10908
10907 10908
10909 10910
10909 10911
10910 10911
10912 10913
10912 10914
10913 10914
10915 10916
10915 10917
10916 10917
10918 10919
10918 10920
10919 10920
10921 10922
10921 10923
10922 10923
10924 10925
10924 10926
10925 10926
10927 10928
10927 10929
10928 10929
10930 10931
10930 10932
10931 10932
10933 10934
10933 10935
10934 10935
10936 10937
10936 10938
10937 10938
10939 10940
10939 10941
10940 10941
10942 10943
10942 10944
10943 10944
10945 10946
10945 10947
10946 10947
10948 10949
10948 10950
10949 10950
10951 10952
10951 10953
10952 10953
10954 10955
10954 10956
10955 10956
10957 10958
10957 10959
10958 10959
10960 10961
10960 10962
10961 10962
10963 10964
10963 10965
10964 10965
10966 10967
10966 10968
10967 10968
10969 10970
10969 10971
10970 10971
10972 10973
10972 10974
10973 10974
10975 10976
10975 10977
10976 10977
10978 10979
10978 10980
10979 10980
10981 10982
10981 10983
10982 10983
10984 10985
10984 10986
10985 10986
10987 10988
10987 10989
10988 10989
10990 10991
10990 10992
10991 10992
10993 10994
10993 10995
10994 10995
10996 10997
10996 10998
10997 10998
10999 11000
10999 11001
11000 11001
11002 11003
11002 11004
11003 11004
11005 11006
11005 11007
11006 11007
11008 11009
11008 11010
11009 11010
11011 11012
11011 11013
11012 11013
11014 11015
11014 11016
11015 11016
11017 11018
11017 11019
11018 11019
11020 11021
11020 11022
11021 11022
11023 11024
11023 11025
11024 11025
11026 11027
11026 11028
11027 11028
11029 11030
11029 11031
11030 11031
11032 11033
11032 11034
11033 11034
11035 11036
11035 11037
11036 11037
11038 11039
11038 11040
11039 11040
11041 11042
11041 11043
11042 11043
11044 11045
11044 11046
11045 11046
11047 11048
11047 11049
11048 11049
11050 11051
11050 11052
11051 11052
11053 11054
11053 11055
11054 11055
11056 11057
11056 11058
11057 11058
11059 11060
11059 11061
11060 11061
11062 11063
11062 11064
11063 11064
11065 11066
11065 11067
11066 11067
11068 11069
11068 11070
11069 11070
11071 11072
11071 11073
11072 11073
11074 11075
11074 11076
11075 11076
11077 11078
11077 11079
11078 11079
11080 11081
11080 11082
11081 11082
11083 11084
11083 11085
11084 11085
11086 11087
11086 11088
11087 11088
11089 11090
11089 11091
11090 11091
11092 11093
11092 11094
11093 11094
11095 11096
11095 11097
11096 11097
11098 11099
11098 11100
11099 11100
11101 11102
11101 11103
11102 11103
11104 11105
11104 11106
11105 11106
11107 11108
11107 11109
11108 11109
11110 11111
11110 11112
11111 11112
11113 11114
11113 11115
11114 11115
11116 11117
11116 11118
11117 11118
11119 11120
11119 11121
11120 11121
11122 11123
11122 11124
11123 11124
11125 11126
11125 11127
11126 11127
11128 11129
11128 11130
11129 11130
11131 11132
11131 11133
11132 11133
11134 11135
11134 11136
11135 11136
11137 11138
11137 11139
11138 11139
11140 11141
11140 11142
11141 11142
11143 11144
11143 11145
11144 11145
11146 11147
11146 11148
11147 11148
11149 11150
11149 11151
11150 11151
11152 11153
11152 11154
11153 11154
11155 11156
11155 11157
11156 11157
11158 11159
11158 11160
11159 11160
11161 11162
11161 11163
11162 11163
11164 11165
11164 11166
11165 11166
11167 11168
11167 11169
11168 11169
11170 11171
11170 11172
11171 11172
11173 11174
11173 11175
11174 11175
11176 11177
11176 11178
11177 11178
11179 11180
11179 11181
11180 11181
11182 11183
11182 11184
11183 11184
11185 11186
11185 11187
11186 11187
11188 11189
11188 11190
11189 11190
11191 11192
11191 11193
11192 11193
11194 11195
11194 11196
11195 11196
11197 11198
11197 11199
11198 11199
11200 11201
11200 11202
11201 11202
11203 11204
11203 11205
11204 11205
11206 11207
11206 11208
11207 11208
11209 11210
11209 11211
11210 11211
11212 11213
11212 11214
11213 11214
11215 11216
11215 11217
11216 11217
11218 11219
11218 11220
11219 11220
11221 11222
11221 11223
11222 11223
11224 11225
11224 11226
11225 11226
11227 11228
11227 11229
11228 11229
11230 11231
11230 11232
11231 11232
11233 11234
11233 11235
11234 11235
11236 11237
11236 11238
11237 11238
11239 11240
11239 11241
11240 11241
11242 11243
11242 11244
11243 11244
11245 11246
11245 11247
11246 11247
11248 11249
11248 11250
11249 11250
11251 11252
11251 11253
11252 11253
11254 11255
11254 11256
11255 11256
11257 11258
11257 11259
11258 11259
11260 11261
11260 11262
11261 11262
11263 11264
11263 11265
11264 11265
11266 11267
11266 11268
11267 11268
11269 11270
11269 11271
11270 11271
11272 11273
11272 11274
11273 11274
11275 11276
11275 11277
11276 11277
11278 11279
11278 11280
11279 11280
11281 11282
11281 11283
11282 11283
11284 11285
11284 11286
11285 11286
11287 11288
11287 11289
11288 11289
11290 11291
11290 11292
11291 11292
11293 11294
11293 11295
11294 11295
11296 11297
11296 11298
11297 11298
11299 11300
11299 11301
11300 11301
11302 11303
11302 11304
11303 11304
11305 11306
11305 11307
11306 11307
11308 11309
11308 11310
11309 11310
11311 11312
11311 11313
11312 11313
11314 11315
11314 11316
11315 11316
11317 11318
11317 11319
11318 11319
11320 11321
11320 11322
11321 11322
11323 11324
11323 11325
11324 11325
11326 11327
11326 11328
11327 11328
11329 11330
11329 11331
11330 11331
11332 11333
11332 11334
11333 11334
11335 11336
11335 11337
11336 11337
11338 11339
11338 11340
11339 11340
11341 11342
11341 11343
11342 11343
11344 11345
11344 11346
11345 11346
11347 11348
11347 11349
11348 11349
11350 11351
11350 11352
11351 11352
11353 11354
11353 11355
11354 11355
11356 11357
11356 11358
11357 11358
11359 11360
11359 11361
11360 11361
11362 11363
11362 11364
11363 11364
11365 11366
11365 11367
11366 11367
11368 11369
11368 11370
11369 11370
11371 11372
11371 11373
11372 11373
11374 11375
11374 11376
11375 11376
11377 11378
11377 11379
11378 11379
11380 11381
11380 11382
11381 11382
11383 11384
11383 11385
11384 11385
11386 11387
11386 11388
11387 11388
11389 11390
11389 11391
11390 11391
11392 11393
11392 11394
11393 11394
11395 11396
11395 11397
11396 11397
11398 11399
11398 11400
11399 11400
11401 11402
11401 11403
11402 11403
11404 11405
11404 11406
11405 11406
11407 11408
11407 11409
11408 11409
11410 11411
11410 11412
11411 11412
11413 11414
11413 11415
11414 11415
11416 11417
11416 11418
11417 11418
11419 11420
11419 11421
11420 11421
11422 11423
11422 11424
11423 11424
11425 11426
11425 11427
11426 11427
11428 11429
11428 11430
11429 11430
11431 11432
11431 11433
11432 11433
11434 11435
11434 11436
11435 11436
11437 11438
11437 11439
11438 11439
11440 11441
11440 11442
11441 11442
11443 11444
11443 11445
11444 11445
11446 11447
11446 11448
11447 11448
11449 11450
11449 11451
11450 11451
11452 11453
11452 11454
11453 11454
11455 11456
11455 11457
11456 11457
11458 11459
11458 11460
11459 11460
11461 11462
11461 11463
11462 11463
11464 11465
11464 11466
11465 11466
11467 11468
11467 11469
11468 11469
11470 11471
11470 11472
11471 11472
11473 11474
11473 11475
11474 11475
11476 11477
11476 11478
11477 11478
11479 11480
11479 11481
11480 11481
11482 11483
11482 11484
11483 11484
11485 11486
11485 11487
11486 11487
11488 11489
11488 11490
11489 11490
11491 11492
11491 11493
11492 11493
11494 11495
11494 11496
11495 11496
11497 11498
11497 11499
11498 11499
11500 11501
11500 11502
11501 11502
11503 11504
11503 11505
11504 11505
11506 11507
11506 11508
11507 11508
11509 11510
11509 11511
11510 11511
11512 11513
11512 11514
11513 11514
11515 11516
11515 11517
11516 11517
11518 11519
11518 11520
11519 11520
11521 11522
11521 11523
11522 11523
11524 11525
11524 11526
11525 11526
11527 11528
11527 11529
11528 11529
11530 11531
11530 11532
11531 11532
11533 11534
11533 11535
11534 11535
11536 11537
11536 11538
11537 11538
11539 11540
11539 11541
11540 11541
11542 11543
11542 11544
11543 11544
11545 11546
11545 11547
11546 11547
11548 11549
11548 11550
11549 11550
11551 11552
11551 11553
11552 11553
11554 11555
11554 11556
11555 11556
11557 11558
11557 11559
11558 11559
11560 11561
11560 11562
11561 11562
11563 11564
11563 11565
11564 11565
11566 11567
11566 11568
11567 11568
11569 11570
11569 11571
11570 11571
11572 11573
11572 11574
11573 11574
11575 11576
11575 11577
11576 11577
11578 11579
11578 11580
11579 11580
11581 11582
11581 11583
11582 11583
11584 11585
11584 11586
11585 11586
11587 11588
11587 11589
11588 11589
11590 11591
11590 11592
11591 11592
11593 11594
11593 11595
11594 11595
11596 11597
11596 11598
11597 11598
11599 11600
11599 11601
11600 11601
11602 11603
11602 11604
11603 11604
11605 11606
11605 11607
11606 11607
11608 11609
11608 11610
11609 11610
