23541 34233
7040 16086
20499 20505
9310 9660
17704 17705
13873 14200
15020 19515
2219 19637
7597 7598
2504 2505
287 23523
9438 9439
12255 12256
3306 10423
18998 18999
22987 22988
1503 1504
6734 6735
421 422
8895 11783
16084 16085
3992 16733
6459 8763
11596 11597
7859 7860
8985 8986
5988 5989
16517 16518
23055 23056
8920 12139
13219 13220
13650 21738
2432 2433
3266 3267
21295 21296
18213 18214
12942 15428
8176 19267
19625 19627
8605 8606
23145 23146
11904 20773
15502 15503
5387 5388
8811 8812
11041 11042
6242 17943
4003 4008
7309 18519
1091 1234
15073 20105
4113 13688
710 5071
15309 15983
23228 23229
3309 3310
1017 1028
11125 11126
3910 8184
12867 12878
3864 4662
10499 17658
1357 2399
5647 5648
7142 7143
21595 21600
13988 13989
20813 20822
10568 19310
10565 10566
7535 9088
19789 19790
3248 6674
18389 21006
5255 10763
3182 3183
10962 10963
2783 2789
13410 15855
7507 7508
9201 9300
12628 20936
1058 3398
9817 9818
4835 4836
18392 18393
1979 1980
23028 23029
2636 2637
13610 17753
1123 1131
13583 13584
16918 23241
1858 1859
2925 4785
3979 3980
19440 19441
4201 7239
21362 21363
13037 13161
1656 2984
18573 18574
14933 14934
22919 22920
7828 21056
6969 6970
8660 8661
8620 16932
1155 1156
22311 22312
21819 21820
9637 13254
8052 8053
7524 7525
1974 1975
15936 15937
11280 11310
5518 16211
4685 4686
8418 8419
12301 12302
5840 5841
1535 1536
4736 4737
13924 20000
15129 15130
7402 7403
23123 23133
843 844
4216 4217
16534 21666
20315 20324
12914 13724
22614 22615
3497 3498
22320 22321
6268 6269
18635 18649
19948 19950
19343 19360
9604 9605
17809 22529
10257 10258
5097 5098
4261 19796
7019 7020
10102 10104
112 113
1840 8760
11767 11768
22673 22674
1786 21528
204 15905
6234 11514
870 16581
21923 21924
19464 21139
13269 13270
23227 23228
1731 1732
2616 17086
1398 1399
10757 10758
12392 12393
2984 4791
4924 4925
1777 1778
604 623
8979 21906
5055 5056
1439 1440
15342 15343
3201 3202
9544 9546
12178 12179
17373 18151
4530 21752
13793 13808
13270 18070
7788 7789
8631 21496
13273 13274
16283 20490
3647 4702
13147 13148
19349 19369
2663 8956
14786 14787
6343 6345
11018 18815
2746 2747
15278 17002
5564 5565
12434 12435
1952 1959
649 650
2813 9164
21633 21634
12094 12095
18379 19318
3275 3276
18355 18356
6226 6227
19142 21466
11461 11462
4689 4690
870 871
7189 7190
19282 19748
19506 22978
3975 6850
12473 12474
19409 19482
17266 17267
4347 4348
16431 16432
2865 8284
12414 17493
9149 9150
4417 4418
16522 16525
11590 11641
12398 12399
1912 3232
2175 2176
156 1702
14452 16795
13408 13409
9528 9529
627 9939
15441 15447
7539 7540
5830 5831
9751 20989
7489 7502
19001 19856
12828 12829
15497 15498
18843 18844
13704 13705
12329 12330
677 9788
22834 22835
3675 3676
7940 7941
5969 5970
10409 10410
10638 10639
5477 5534
9934 9935
8427 8428
7324 21016
16112 16113
1155 1157
8502 19533
4013 4014
10331 10332
15530 15531
15750 15751
7861 7862
23061 23274
19984 19985
1385 1386
1454 16814
14818 14819
21735 21736
11651 11652
8888 10410
19258 19259
11237 11238
252 13143
14312 14313
1210 1211
10861 10865
5482 6398
20629 20630
1311 4194
12276 21157
5369 20904
687 689
5315 18607
16850 16851
16328 16493
12222 13704
3308 3309
10663 13733
2135 11998
707 10487
10460 21347
5371 21739
11316 12755
11887 11888
3858 3937
2491 8030
8720 8721
20474 20475
19524 19525
4126 4129
20425 20426
12245 17417
4074 4075
1664 1665
3031 3032
11435 18445
12456 19434
934 935
8911 8912
1574 1575
19464 19465
19416 19417
7919 7920
1713 3125
6902 13388
8383 8385
19191 19192
674 675
2523 8809
126 128
2076 2077
10632 10633
1713 1714
20309 20707
4587 18305
6574 6575
17380 20434
607 608
9711 10516
2338 10465
5652 5653
324 2310
18696 18698
22333 22334
17169 22424
8110 16463
20683 21598
15558 22164
2880 2881
22460 22461
1993 12581
18341 18342
5619 13796
3421 3422
12111 16223
5294 20663
12286 12287
18689 18690
3211 3212
11598 11599
15582 15583
18555 18557
8538 9492
10314 19653
610 1084
17230 17231
7949 17958
16277 16278
4225 7374
18292 18293
15931 15932
11936 16676
2307 2308
11786 11787
8992 17492
6978 22716
11967 11968
15470 15471
12916 12917
697 3838
21906 21922
18862 18873
1462 1466
11850 11851
201 2933
4963 4964
12902 20347
8338 16847
17608 17609
7151 7152
9237 9238
6084 6085
5330 5331
14994 14995
19977 19978
1986 1987
12433 12434
435 436
18388 18389
3083 3084
13848 13849
2134 2139
4032 4033
17978 17979
4582 4583
10505 14242
8462 12478
17371 18151
6251 11676
7097 7098
6376 6377
5410 5411
9219 9220
22695 23347
6748 6749
17463 23469
7675 7676
15587 15588
13483 13488
5281 5282
1078 1079
6896 13494
14748 14749
7624 7625
40 41
478 479
8890 21898
19112 19113
625 626
2738 2739
2709 6951
2694 2695
3926 10499
2092 2093
4569 11213
8966 22147
5284 5285
19024 19025
1448 6971
9276 23478
21911 21912
22515 22516
23048 23049
11547 11548
81 82
15273 15274
7538 7539
305 306
7147 7148
4535 4536
512 15281
2925 2926
14051 14052
13720 13721
18146 20081
19043 19044
14366 14367
207 6473
12690 12691
6307 17363
13683 16774
20659 22278
12438 12439
23226 23232
9984 14037
14468 14470
4612 7903
8705 8706
6785 12989
3290 10460
9619 9620
16797 16798
8138 8139
18744 23335
8875 8876
3997 3999
1317 1318
14563 14564
16808 17019
15022 22056
15586 15587
1609 6701
4858 4859
20043 20044
19139 19140
13419 14047
17682 19323
5866 12163
7838 7851
16830 16831
3396 4195
378 19882
22451 22452
10874 10875
3582 3583
574 2375
5049 5050
16621 16622
5338 5339
8623 20121
8277 8278
12423 12424
5286 5287
19635 21905
12345 12346
127 2052
11139 22034
13047 13048
11265 17847
11878 17429
6978 6979
1286 1287
2148 2149
10966 10967
19154 19155
9500 9501
18458 22427
11963 18790
2927 7165
2734 2735
22095 22096
15966 15967
5840 9882
16375 16376
9886 9887
6939 9117
2289 2290
16120 16121
11540 11541
2463 21609
5259 5260
3654 3655
12364 18262
17669 17670
12055 17107
679 680
17046 17047
19541 19542
17606 17607
14441 14452
19588 19589
337 3229
1448 7742
5085 5086
21760 21761
11273 11313
289 17981
22960 22961
17963 17964
5555 7019
1157 1158
3968 3969
4866 5437
259 16753
15437 19320
8693 8694
8343 18396
16852 18179
8112 10998
11811 17599
7035 16106
4022 9212
19611 19612
13393 21871
2166 2167
12287 12288
901 902
20513 20514
40 347
20987 20988
16252 22858
9247 9248
22401 22402
8867 13094
6290 6291
2886 2887
3819 5783
12180 12181
15905 17578
3148 3149
17129 17130
5916 22282
8349 18479
3163 3164
8463 12483
13380 13381
15227 15228
6022 9213
12005 12006
11145 11146
8716 14098
2147 4009
9038 9039
11105 11106
5035 5036
21574 21575
3774 3775
6039 6040
7777 7778
1897 1898
13926 13927
6780 6782
8597 8598
13627 13628
14647 14650
10636 10637
1911 1912
6713 14527
3835 3836
18607 18614
10582 10583
6485 14766
860 861
10398 22039
3784 3785
14612 14613
17070 17071
1380 1381
1841 1842
9544 9545
9838 9839
10910 13356
1880 4215
5302 5303
12733 12734
18446 18447
10073 10074
4176 4177
16430 19079
12748 12749
7802 7803
8305 21849
17110 17111
1708 1709
14433 14439
18391 18403
8058 8068
3218 14261
14189 14190
6691 6692
20177 20178
1353 1354
20005 20009
17045 17053
389 23461
556 1275
16305 17284
17562 17563
14504 14505
13810 13811
15261 15265
1847 1848
3373 5493
21086 21087
2560 2561
13338 21050
13429 13430
15599 15600
12996 19963
5567 5575
21258 21259
1822 1823
1214 8217
10371 10372
18802 18804
9959 22185
21098 21099
13623 19105
197 198
5582 7713
20538 20539
129 130
9704 9705
20654 20655
15378 15379
6593 6594
8968 22147
8393 17476
18176 18177
3070 19144
9813 9833
3925 18154
4843 12186
10779 10780
19499 19500
2561 15910
871 872
185 7849
2441 2442
1771 1772
5508 5509
7158 10098
3996 6833
2422 2424
7076 22435
16751 16754
196 9229
10990 12753
17286 17287
12873 12874
15939 15940
7064 7065
551 552
4221 7363
22912 22913
15777 15778
1349 1350
9268 22327
18792 18793
22420 22421
4698 4699
11352 11353
14628 14629
1519 1520
8305 21725
574 575
12002 20261
20870 20871
15914 15915
17885 17886
3354 3355
14576 14577
3539 3540
3916 16301
19453 19454
18394 21013
13463 17163
8620 18333
12581 12583
3998 3999
13483 18486
1631 1632
18000 20556
542 543
16428 21304
16018 21952
3134 3135
15998 21222
45 7574
13631 14148
14539 14540
9080 9081
10529 10531
8899 12151
9027 12627
8065 21623
3727 11054
10791 10792
4374 4375
13141 13142
6968 12756
4997 16969
1724 1725
16549 16550
606 1748
14152 14155
1664 9835
4549 14535
1282 1283
1917 1918
10286 10287
4655 19929
21683 21684
14054 14055
1629 1927
6707 6708
517 518
488 489
2491 9472
2973 19270
3053 3054
11286 18865
400 17698
4245 4246
8396 17471
14793 14794
15307 15989
9675 9677
2019 3594
12864 12877
2218 18770
7821 22294
8930 8931
140 1585
17750 17751
6953 12395
1686 9167
2033 2034
5992 5993
545 15178
11057 11058
671 672
20228 20231
14460 14461
15801 15802
4203 7237
12402 12403
19900 19901
21721 21722
14972 14973
3608 11576
1947 1948
12643 12644
4845 12220
2543 2544
16189 17381
1774 1777
19359 19367
14995 14996
1596 1597
19209 19210
16939 16940
10221 10222
4248 11127
22572 22573
4622 14288
4811 4812
4945 4946
11049 11050
4070 4071
3039 5010
16909 16910
16379 16380
2169 2170
16641 16648
16835 16836
18227 18829
15923 15924
11948 12577
21986 21987
18358 18359
17931 17932
1671 1940
18391 18397
17273 17274
11551 11552
15724 23253
18981 18982
3408 3409
18679 22107
13388 13389
14696 22845
4288 15490
20098 20099
3107 4597
2468 21617
1587 5760
20899 20900
9568 16941
6658 6659
14821 14822
343 344
1828 9235
7172 7173
15909 15910
6708 16500
1121 1122
6414 9646
5714 14728
3827 3828
17115 17123
15920 15921
21844 21845
5229 5230
19303 19304
5430 5431
6780 7983
3762 17158
1455 1456
17251 17252
20649 21867
6663 7467
7308 19888
579 580
20771 20772
2178 8115
12357 12369
146 5764
9469 9470
2766 10412
18493 20086
8002 9476
19605 19620
6715 12095
21634 23061
5071 5073
2066 2067
14429 14439
21828 21829
1253 6318
13298 13299
4022 10800
9835 9836
7503 7504
18659 18660
7157 7158
20595 20596
12640 12641
1402 1403
18506 18510
22006 22008
998 5243
201 202
15324 15337
15622 15623
2816 2817
339 340
1801 15832
516 518
7939 21108
3413 3414
7311 7312
10745 10746
7965 19011
196 2110
315 316
196 8130
23182 23183
20892 20893
5930 5931
12324 12325
6408 6409
1664 6637
8113 8114
7522 7523
15119 15431
1188 1193
20946 20947
7542 7543
863 864
14565 14566
9521 9522
5644 5645
12905 19600
8851 8852
18949 18950
378 19879
15265 15266
2479 2480
18997 18998
2775 2814
7987 20274
20766 20767
12735 17721
2080 11939
6248 20599
204 17576
8721 8722
10859 10860
1995 5601
642 643
8333 8334
20627 20628
4518 4519
17399 17400
7054 16712
15223 15224
9755 9756
7398 7399
2725 9326
17393 21834
20450 20451
22504 22505
17197 17198
10243 10244
13120 13121
22400 22818
17943 17944
13759 13760
14742 14743
5426 6439
23193 23194
15995 17095
1590 1823
3751 5224
16241 16243
16203 16204
4624 4625
11590 12314
10655 10656
10512 10513
8664 8665
1716 1717
14282 14283
5780 5781
13727 13728
20953 20954
6077 20741
5472 21840
14359 14360
6930 6932
999 1000
1396 21262
2955 2957
3376 20971
22202 22203
2353 8523
662 664
10589 10590
21382 21383
11973 16335
2096 19623
12317 12318
15187 15188
8315 15540
3264 3265
8646 16035
2209 19651
13978 13979
3605 3606
3743 3787
8600 8601
8596 8597
14927 20829
991 5411
1161 1446
6404 12574
19463 19464
3598 3601
610 8237
4235 13707
9892 9893
1823 6053
2978 2979
6977 6978
22800 23419
21060 21061
13827 13828
8831 8832
881 882
7977 15050
22664 22665
1030 1031
1038 23173
1588 1589
21519 22054
6498 17259
22583 23287
16381 16382
2705 6609
2121 2122
21793 21794
6594 6595
4261 19799
15969 17452
16219 16220
2297 3045
1821 1822
9102 9103
13872 13873
12409 17291
17384 20492
3897 19002
13888 20172
5749 5750
22863 22869
20124 21744
19435 19436
12213 12214
2756 8889
6199 6200
6970 13681
753 11788
378 8269
9295 22525
10115 10116
2495 9471
7203 7204
7068 7069
7064 10728
11370 11371
6774 7988
19290 19291
9540 17869
7464 7465
554 3590
15883 15884
15034 15035
15914 15919
19808 22904
13127 21128
12116 21381
6288 6289
18879 22285
10782 10783
20344 20345
7370 7371
21612 21613
20158 20159
15287 19889
1036 1037
10036 12838
7065 7066
3841 3850
13506 14183
12459 12461
5114 5115
13495 13496
21494 21512
8994 8995
1024 14833
10972 14498
3498 3499
1721 3786
10279 10280
17278 17279
4939 4940
13863 14199
22150 22151
6793 6794
10998 11897
13974 13977
21722 21723
14403 14404
1993 11176
10997 18504
7687 17412
11852 11853
9921 23320
20286 20287
19131 19132
7765 12284
5358 5359
8338 17152
15522 15523
13107 13108
16566 16567
15128 15130
1508 1509
22027 22028
12481 12482
2990 2991
15638 15639
10142 10143
640 22911
12441 12442
15704 16924
11472 11473
11640 11641
1000 3107
11155 17716
21157 21158
3013 10617
3910 3911
13875 21147
3437 6687
2328 22259
869 870
935 936
14433 14434
1090 1091
14429 15219
4597 21065
114 2267
16989 16990
5461 18457
3925 10820
8563 8564
4345 4354
13158 13159
7536 7537
12339 12340
15957 19827
3200 3201
15103 21530
15095 15306
7413 7414
2085 2184
9264 22323
16955 16956
22855 22856
18980 18981
16216 16217
20052 20053
1063 1064
5381 5382
3432 3433
9841 9842
13661 15212
2876 2877
18644 18645
20948 22916
20649 21870
21912 21913
4178 4179
11502 18142
20084 20085
11993 11994
3279 3280
4578 5736
5286 14376
9455 9456
1534 15963
10433 10434
3430 13185
16109 16110
6786 21553
1193 15280
22123 22124
18269 18270
22859 22860
21768 21769
18746 18747
16448 16449
467 468
552 17144
1306 1307
2084 2186
18303 18304
8594 21260
8077 8078
10619 10620
8702 10417
508 1114
19433 19434
8402 11152
1143 1144
11938 16674
16126 16127
4091 4092
14461 16516
20651 20656
6058 6059
164 8070
1131 21660
16391 16401
13597 13598
6810 6812
5148 5167
323 2815
2286 2287
10511 10512
2912 4979
4541 4542
6807 21895
4133 4134
1680 1681
1587 1769
11398 11399
5875 12189
1972 1973
3703 3704
15309 15982
16921 16922
15293 15294
14821 21545
2491 2496
17059 17060
5320 5321
6771 20465
8670 17430
11632 11633
13399 13400
5903 20990
19511 20702
2017 2018
858 18431
14934 14941
3883 3884
19393 19394
2999 3000
551 3593
1809 1810
9467 12475
3632 15461
7940 21107
17966 17967
1335 1336
12706 12707
1010 5741
5482 5483
7855 12987
509 510
17137 19736
12461 20520
2546 10514
8876 21750
14793 19564
6249 22986
458 459
8641 16035
16070 16071
1180 1182
1556 1557
2773 2775
9111 9112
16796 18855
3829 3830
7277 9451
90 105
17570 18802
21378 21379
21954 23179
9681 9683
4436 4437
14999 15000
6805 6814
11982 11983
18835 18839
12211 12212
12544 12545
3467 3468
4954 4955
7214 12921
1140 20835
8132 20023
16270 16271
6905 6906
19471 19472
9774 12074
12055 12065
6450 6451
13093 20823
4948 18721
436 2055
6384 6385
4423 4424
11691 13714
13535 13541
1110 7874
13154 13155
12646 18075
14412 14413
16229 16289
798 799
3609 3610
18417 18418
16515 23240
8613 8624
6458 7360
6601 14942
3649 6626
11779 11780
6973 21058
4776 4777
15305 15306
11429 16620
9875 9876
16854 16855
10258 10259
4762 4763
9761 9762
18985 18986
2657 21147
10370 10371
6641 6642
2094 2095
1190 1191
12843 12844
12532 23022
6917 6918
5294 20662
18081 18082
17415 17419
21633 23062
19018 19019
22171 22172
2302 4220
7066 16943
21066 21067
15656 15675
18785 18786
1217 6706
2763 15312
6172 6173
18229 18230
8822 8823
18643 18644
11821 22686
7592 7593
2301 8789
15117 15118
18675 18676
8029 8044
16141 16142
9151 9152
11649 11650
2809 2810
1460 1461
11590 11591
4184 9876
16236 16237
7455 7456
389 8376
3253 7907
14648 14649
2597 2598
12153 12154
12759 12760
1007 5689
2527 9188
396 11413
11275 11289
8797 8798
594 595
12994 12995
2221 2222
15819 15820
7694 11394
5067 5068
11235 17499
14252 14253
8801 8802
19817 19818
18250 22800
11429 16619
1293 1294
15190 15191
6479 6625
20340 20341
11471 15549
5718 12551
6403 6404
22130 22131
14974 21650
17503 19955
13861 17060
3222 3233
14646 14653
4860 22236
21141 23112
20956 20957
15937 15938
20649 20650
205 4998
10188 16530
9451 20353
5982 5983
20480 20490
3798 3799
10155 10156
12210 18558
129 2593
4203 7238
14641 21981
2640 2641
9833 16522
4948 4949
8698 8699
7884 7885
2411 2412
14072 14073
4565 9022
5485 6412
10826 10827
15584 15818
2971 2972
8629 8630
19654 19755
3840 3841
10178 10179
14140 14141
99 100
4381 4382
1803 15679
5457 5458
9367 9368
19305 19306
5349 9857
10030 10031
5967 6021
2923 2924
21488 21489
6312 22378
2783 18083
21999 22000
19295 19296
16235 16244
11188 11189
7341 7342
5918 22929
3539 16921
16596 16597
3358 3359
4009 15411
3444 9586
13642 15426
15589 18601
8604 8605
3606 3607
15045 15046
4136 4137
4035 4043
23073 23075
23043 23044
9413 11488
7520 7521
11713 11714
7690 7691
1308 5348
9764 22160
1504 1607
6629 6630
4123 4124
4446 22015
4827 4828
18598 18776
16369 16370
9338 9339
2087 3930
277 7732
4404 4405
2061 3918
15006 19454
12647 18074
7732 15378
2451 20778
1611 1612
4527 4529
9343 17721
14696 14697
11738 11739
4009 5524
18739 18740
8793 9308
9816 9817
908 910
3980 22719
2762 2766
16367 16368
14416 14417
13032 22841
14406 14407
13687 17746
16154 16155
13102 13103
1395 2395
1201 1202
6757 9428
8205 18535
4142 4143
12276 12277
18358 18369
4510 4511
15615 15616
1793 18550
8416 8417
5900 5901
1810 15683
3280 3300
1455 16807
12243 12244
8331 16872
4499 17177
18296 18297
15308 15984
1949 6969
16687 16688
454 6160
713 714
10987 10989
20676 20677
950 8160
11103 11104
1562 2398
23440 23441
7953 21116
9016 20710
6237 6238
9364 17735
5761 5762
16386 16388
2987 2988
4729 4730
1025 7135
14225 14226
16753 16754
15602 16383
19188 19189
15407 15408
22657 22659
15757 15758
9155 9156
1171 9310
14578 14579
3983 3984
4928 4929
16182 16183
9206 9207
11909 11910
1704 1705
11154 17715
14526 20468
6117 6119
11541 14506
8132 17622
11455 11456
12293 20019
287 288
16619 16627
8910 12138
8634 8635
1808 15678
12652 17484
5936 18879
3411 10725
6361 6362
5888 6082
14082 14083
12904 19601
19702 19703
6974 22294
10991 10992
12905 12906
17068 17069
13958 22367
7013 9808
221 222
15175 15176
204 1164
14409 14410
3628 3629
12076 19224
8457 8458
12765 12766
19531 19532
7777 9341
5696 5697
663 664
18779 18780
3409 3410
13327 21052
8422 8423
537 1290
2516 7741
13029 15744
427 2581
13873 14193
18915 20037
16810 16811
4715 4716
6833 20394
387 17690
11702 11703
3624 3625
5650 5651
12767 12768
20922 23472
11685 11686
5418 5419
14689 14690
12885 18848
14161 14167
6680 16550
6347 6358
12057 12058
4221 4222
7539 7541
2564 2570
10434 10435
15247 15248
18591 19184
6685 6686
18989 18990
21097 21098
7026 7027
2315 2316
8899 12206
18209 18210
424 425
2898 4073
11553 13897
14562 14563
18915 18916
8590 22052
20101 20102
6831 12701
19438 19439
11983 11984
164 165
3427 10945
7691 7692
4090 4091
19197 19198
2926 8792
8878 8892
19465 21138
6642 17611
3334 3335
5062 5063
1268 1269
17847 21803
2657 2659
521 1111
9247 14467
4643 4644
393 8385
21223 21224
54 4094
18801 21480
7447 16451
9026 9027
4821 12389
16561 16562
4572 4613
23016 23432
12728 14260
13314 13316
11257 11258
11988 11989
20644 20684
9091 9092
2482 22468
14923 14924
13776 13777
9142 9143
10754 10755
7933 7934
2824 2825
475 5217
13041 16606
8503 16166
13412 13632
6864 6865
20453 20454
19185 19186
924 8514
5451 5452
16037 23261
4577 5713
4249 4250
147 5767
3247 14301
19706 20811
606 780
20500 20501
2353 21238
12445 12446
13609 13610
15093 15094
6123 6138
19907 19913
5758 5759
15601 15602
14311 14312
20786 20787
12250 12251
5931 5932
9042 9043
10672 20329
557 558
20251 20252
333 1258
6172 18325
4472 8514
12987 12988
14802 20917
6215 6216
13862 13863
13629 17785
13317 13318
13206 13207
3580 3581
13913 13930
12651 23098
698 6268
14879 14880
5664 5665
13336 13337
2228 2229
11668 11669
14561 14563
12249 12250
20484 20485
975 8326
1190 9665
2979 2980
18442 18444
2187 18465
4955 4956
711 3874
11588 11589
1553 1638
4507 17182
17804 21438
5093 5094
13836 13837
13386 13387
12944 21655
19999 20006
5367 18341
5950 5951
465 466
10923 10924
19580 19584
10275 13710
3770 3771
3795 3796
7265 7266
14441 14442
10394 10395
18368 18369
7045 18188
2069 2070
15514 15515
9300 14574
12269 15377
8605 8631
10641 10642
10376 15604
8462 8463
7871 7873
3323 3324
1415 1416
17756 17757
3272 3273
2504 8000
17058 17059
13633 13634
15275 18745
9326 9327
17600 17601
9918 21667
7939 21109
15487 15488
2912 20045
10126 10518
1936 1937
7732 18205
5926 11273
10246 10247
22973 22974
172 174
2291 2292
2758 2759
12380 16122
4388 4389
13616 17344
3236 21659
14270 17703
15296 15985
7125 7126
12591 23212
5655 5656
18474 18475
18692 18693
4224 7374
17421 20382
10673 10675
10779 14099
11985 11986
325 1262
17910 17911
8525 8526
3117 6654
3598 3599
1160 10443
15282 18007
29 774
14644 14653
287 23093
14701 14702
12098 17067
12502 23012
4647 17526
183 7864
2078 2079
13400 20724
9991 9992
4962 4963
9451 17308
18071 18074
9750 9751
9684 13475
17025 17026
14036 14037
2853 9089
221 242
13427 13428
202 2932
656 657
15623 19895
1985 1986
15475 15476
1812 1813
16127 16128
1454 17022
8904 8906
21923 21928
14012 14013
16376 16377
2267 2268
2462 21609
18155 18156
8603 22711
5862 9898
1708 4793
7798 7804
1768 5279
15480 15481
1 6675
4007 4008
21699 21700
9680 19740
10199 10200
10722 11495
4331 4335
1786 21845
16853 16854
9049 9052
8742 8743
3864 4666
2008 2009
323 3895
12924 13652
11785 15316
13223 16938
3849 8818
19342 19343
5819 5820
19599 23162
12826 12827
14173 14174
4484 17098
3234 3235
4567 4931
15790 15791
21939 21940
1305 4190
18175 18176
16352 16353
532 533
20949 22917
971 972
16022 21487
18147 18152
20451 20452
378 21534
11205 12629
8411 8727
16647 18389
8690 10428
8536 10270
12734 15214
19831 19832
351 5355
11265 17846
5471 21839
22269 22270
22018 22019
19709 19710
6003 6004
6069 22276
10096 13271
22647 22648
323 2294
17052 17053
7973 12197
14475 14487
1781 1782
19486 19487
5073 9182
13453 13454
22454 22455
11971 11972
20980 20981
5479 17397
22979 22980
9707 9732
20578 20579
19587 19588
19563 19847
1061 1062
6565 6566
17705 17706
17293 17294
1013 3120
5823 5824
22094 22095
22132 22133
4166 4167
3383 5487
9332 9333
9268 9271
16138 23176
200 22536
11948 11953
11375 20274
1123 1124
5013 5014
3032 16041
990 1015
5883 5884
803 1110
20951 20952
6340 6341
1034 21003
4617 4618
21586 21587
1396 8252
13250 13251
9803 9804
15508 17838
710 3835
4439 4440
9057 9058
3558 3559
9246 9247
7369 8860
22824 22834
5164 5165
12290 12291
7922 7923
9559 14855
12304 12305
2145 23391
125 3961
9188 12156
18736 19845
21664 21665
18438 22336
6088 6089
5439 9174
16196 21740
5444 7449
735 736
12331 12332
4406 4407
8526 8527
8453 8456
4949 13491
6522 6523
16283 20494
11284 14860
2073 2074
16235 18273
16052 16053
18167 18168
12482 15406
9243 9244
440 442
16454 16467
2341 2342
7051 18185
8196 17415
2529 2530
2418 2419
3175 3176
2672 2691
14858 14859
9655 9656
7773 19941
16668 16669
20887 20888
1320 1321
2055 16298
4270 19806
8807 8808
2371 8553
15925 15926
11509 11510
13871 13872
162 163
3023 3024
13079 15215
11456 11457
10602 10603
1593 2253
23511 23512
20729 20736
20623 20624
4955 17501
7489 7490
20724 20730
10292 10293
2502 2503
4364 4365
439 1769
9429 9449
11297 11304
5465 5466
11491 11492
11270 11272
5083 5084
8032 8034
8575 19096
21923 21927
7034 7035
5777 5779
15070 15071
12252 12253
13660 13661
13680 17561
6985 6986
22261 22262
8128 9215
3734 6342
3923 3924
7514 7515
2901 2902
11715 11716
166 167
3224 10426
716 717
10562 10563
5728 5759
6392 6393
16350 21243
10678 10679
8611 16022
17884 17885
17543 17544
8402 8403
9973 10885
8694 8695
8350 8351
5349 7581
6425 6426
15153 15154
5132 5133
15875 23377
17242 17243
15781 17346
6264 6265
13889 21768
14281 14283
8064 8074
19734 23527
47 48
168 4655
7810 7811
4888 6856
3179 3180
6350 6366
13188 13189
13016 19259
5127 14318
5905 5906
17538 17539
18431 18432
22315 22316
6528 6529
18508 18511
8615 21498
10285 10286
1179 1180
15846 15847
5325 5326
8267 20865
15061 15062
6075 6076
16666 20448
5642 20019
16225 16292
2923 8298
1663 1664
14248 14249
14274 14275
8542 10269
628 12074
17103 17106
16625 16626
3750 6513
8223 8224
19474 19475
12161 12162
7673 7674
12410 17301
10054 10055
6256 18166
3256 3257
347 348
18966 19699
7911 7912
3221 3222
12545 12546
14404 14405
3731 3732
12535 12536
8663 8664
5861 5862
6198 9231
1600 3916
1361 1362
2099 2100
11392 16339
1651 9199
5952 5953
16843 16844
11373 11374
16697 16698
8673 8674
1752 6792
18196 20877
4237 4238
2965 16636
1112 1113
4471 4472
7400 12754
12882 15991
3539 16920
6077 8408
10003 10004
9380 9381
2230 2231
9180 9181
4401 4402
3880 3881
20771 22162
22141 22143
366 367
15919 15920
42 43
19944 19945
2044 7180
6873 6874
12987 20349
22096 22097
2438 2439
712 2276
1364 1365
11410 11413
15241 15242
3832 3833
1060 1061
10382 17067
13979 13980
1814 4159
16630 16631
297 298
5152 5153
1781 11310
12288 12289
10907 10908
6941 6942
12177 12737
7453 7454
14739 14740
3661 3662
3719 3720
7966 19011
2032 2033
22875 22876
16055 16056
6832 20396
8688 8689
7202 12944
7447 8106
11210 11907
7987 11367
12646 12647
8963 22146
12960 15122
4781 4782
426 15838
1314 1624
11311 11314
6318 6319
4807 4808
14971 19406
10858 10859
12639 12640
22213 22214
14888 14889
6013 6014
14437 14453
8608 16005
1696 1697
20142 20143
11317 13523
14722 14723
16672 23524
8474 16390
17539 17547
4487 18209
2752 2767
2341 4324
9507 9508
178 21556
10211 10212
13140 20434
5813 9014
7066 18338
4162 18535
6045 22815
22831 22832
5868 12115
10915 10916
11722 11725
19550 23390
17502 17503
11849 11850
21381 22159
11675 23108
21959 21960
3685 4713
17075 20106
3607 3608
8517 8518
16806 17971
1801 1805
8343 10718
3674 3675
14528 22004
15367 15368
16048 16050
19992 19993
15842 18376
7558 7559
8976 21918
19076 19077
5212 5213
765 767
15947 15948
2045 2046
9237 19517
8509 8510
21196 21197
6558 6559
11639 13905
18922 18923
16992 16993
17137 17140
23399 23400
204 10128
3616 3617
1706 4612
1074 1075
15133 15134
11731 11732
18932 18933
14950 14951
1437 4990
13688 13689
3173 19983
8881 18983
4647 4648
6184 6185
5289 5290
17360 17361
8640 8641
22428 22429
10405 10406
3056 12042
14080 14081
4460 16715
15623 19911
11629 11630
16675 16676
8450 8451
18493 18691
7503 7518
375 376
6988 6997
15877 15878
640 641
604 3637
9684 11065
813 814
1499 4199
11598 11629
8866 19590
9762 19203
14761 14762
978 979
16599 16600
2127 2128
21024 22281
259 3927
2497 8015
19954 19955
1732 4588
8703 8704
6572 9162
18623 18624
2452 20777
6260 6261
20430 20431
140 141
10066 16944
11481 11482
22908 22909
4195 4196
2540 12152
2971 19272
13640 14522
489 490
19009 19010
12980 12981
10518 13811
17372 20432
16700 16701
15050 15051
1102 1103
9259 9260
11510 18040
1470 1471
18652 18668
9931 9932
11644 22149
8239 8241
2025 2026
8040 20792
1801 15684
17208 17209
5171 23421
7565 7566
1039 23172
8377 8379
5254 5255
22595 22596
3439 3440
23131 23132
12742 19331
23165 23166
10970 14498
6483 14182
8609 8610
18625 18626
2473 13294
16509 16510
8403 8405
1608 1609
1758 1759
7856 12981
252 9914
20460 20461
7717 7718
7752 18796
21840 21841
1067 3396
19725 19726
3063 3064
21925 21926
8349 18475
18020 18021
4379 4380
9270 9271
10946 10947
7032 14056
16963 16964
2052 2053
11821 11822
3796 11104
8448 8459
5888 6635
2190 2191
2915 9395
5660 5664
4339 4340
1297 1298
1657 13429
109 110
2532 13795
7199 12942
14840 20071
11324 11326
18313 18314
9234 17016
16862 16863
175 180
3343 3344
17001 17002
1705 4794
2653 19010
8902 8903
676 677
7667 7668
14208 14209
1220 1221
18115 18116
8684 8685
15558 15559
2484 22473
2492 2494
3852 3853
14975 21652
12802 20528
15579 20704
17233 17234
10135 14763
9253 9254
5859 5860
3687 3688
8201 8202
4522 21433
8570 8571
20641 20643
5691 6548
3862 18547
2914 2915
13683 21776
8058 10528
22680 22681
3540 3541
18270 18271
22071 22072
5841 9883
18110 18111
9343 11175
7443 8852
22870 23430
6918 6919
11518 11519
14009 22183
2955 2956
16825 16826
992 996
4405 4406
15271 22831
596 6693
8505 8506
11476 11477
13303 13304
6590 10750
653 19540
8548 10324
11469 11470
15309 19920
6500 6501
810 811
3655 3656
17972 17973
21540 21541
15484 15485
9756 9757
4529 4530
2163 11894
9125 9127
2718 2719
16469 20214
2275 17245
20678 21717
1674 1675
4782 4783
1659 4764
11136 11137
5911 5913
8497 8498
6378 6379
4327 16716
13015 13016
8818 19771
6710 14741
493 21872
7574 7575
425 426
9416 9417
10620 10621
12744 12747
4946 7099
2110 15098
21604 22075
5261 5262
16135 16136
6324 6325
6135 6136
2479 2511
9930 9938
4484 10027
6846 19944
7100 17501
22691 22692
20248 20249
15261 15262
16380 16381
58 1346
22460 22462
8346 18480
15220 22882
13919 20001
589 1616
1564 1565
6518 6519
19288 22481
2797 23106
5439 5440
6628 8254
3600 3601
2623 2624
17707 17899
2177 2178
15640 15641
11594 11595
12580 18793
1044 14752
660 661
3615 3616
14220 14221
9898 22171
2694 12044
5593 5594
323 1905
21463 21464
2451 20783
19290 19298
6747 6748
2804 6434
1673 1674
2382 2383
4577 4578
10955 10956
874 10842
12375 12376
17805 23380
1489 1490
15002 15003
10773 10774
428 1594
3257 3258
10364 10366
20141 20142
6416 9646
8936 16740
16765 16766
16442 16443
420 421
2818 4213
23257 23258
18127 18128
15764 16188
5470 5471
4139 4140
4484 17182
2304 6467
3099 3101
2448 2449
8788 8789
17402 17403
16097 23225
14417 14423
18411 18412
3911 5893
6248 6250
21112 21113
20989 20990
8307 19858
616 1078
18879 22089
4899 4900
17544 17545
20567 20568
1986 16743
9666 9667
23013 23014
12503 12504
8818 17823
84 85
10277 10278
6077 6681
3432 15642
10669 11068
10354 10355
7682 10146
16831 16832
9451 9452
17630 17631
2800 2801
16946 16947
629 630
15213 15214
15023 15024
9288 17186
20587 20588
2456 2457
18457 22103
7502 7979
3094 3095
13407 13408
14824 21540
4549 4550
17884 19929
3048 3049
463 17302
7748 7749
4481 4482
2056 2057
4782 8738
12432 22955
1651 5303
388 6169
8204 8205
8636 21512
9565 9566
23112 23113
14848 21663
1056 1057
17080 22770
9284 15716
4466 4467
17353 17354
12735 17736
3569 8858
1594 3920
14922 23145
10711 10712
1958 1959
15119 15120
20518 20519
13277 13559
12510 18024
6895 6896
2462 21360
15029 21069
15976 15977
5129 9478
21521 22054
1331 1332
7460 7461
21251 21252
9549 9550
6902 6992
1669 10272
10670 10671
11109 11110
3360 3361
8343 18388
19580 19581
8279 8280
16884 18004
8680 8682
3976 23278
965 966
9365 12172
15158 15159
3985 12241
1712 1713
5457 5459
6680 16551
9633 9634
14910 14911
19212 20590
22132 22300
11773 11774
1716 3123
514 516
2416 2417
20794 21689
1425 1426
11290 11310
6730 6731
8555 9295
2293 2294
1311 5556
14679 14680
1939 6968
12482 12483
3056 11797
8533 8534
11579 11580
12903 20347
15114 15115
6158 10530
3471 3472
12930 12932
6213 9379
4630 14400
6808 16520
15626 15627
11397 11398
10600 10601
9794 9795
778 1748
16500 16501
16861 16862
20405 20406
10612 10613
10380 14636
550 1849
4953 4954
10595 10596
23083 23084
15073 17075
5060 5061
189 3848
3805 3806
15870 23216
6074 8406
15456 15457
3124 3125
11937 16674
3081 3082
21398 21399
2656 12191
4787 4788
4696 9483
9278 9279
2059 2060
18739 19051
960 961
12570 12571
1301 1302
21553 21556
6900 6901
2084 14156
13689 17745
8962 8963
6651 6652
428 2582
12509 14146
938 939
7051 7052
2291 12996
4856 4860
2429 2430
6600 6601
21321 21322
7354 19055
1064 1065
1502 1503
15642 17514
11970 20475
5209 5210
6304 6305
468 469
2938 2939
15654 15655
4485 10027
10452 10453
14967 14968
14873 14874
4444 4445
13568 20619
13399 20733
16444 16445
9675 17006
22179 22180
21921 21922
18203 18204
2306 19073
17325 17326
7309 12512
9185 9186
6334 6345
15549 15550
2001 2426
15810 15811
18683 20806
527 9230
12779 12780
19834 19835
19473 19474
19301 19302
17163 19493
5511 22610
10029 10030
16776 16777
6687 12889
13662 13663
11471 11472
4009 5523
4758 4759
2718 2720
22738 22739
10922 18952
1861 1862
11782 15329
2035 2427
23037 23038
17531 17535
8096 8097
4289 4290
6410 6411
2716 14948
6887 6913
17535 21881
4628 13509
2657 19014
655 656
14736 14737
3218 5535
2614 11419
20342 20343
426 427
12105 12106
9150 9151
21703 21704
16213 16971
2558 2559
10635 10636
3234 11869
2214 2215
3928 6765
6267 19733
461 462
22151 22152
10370 15595
6713 6714
16332 16333
14071 14072
15938 15939
8059 8066
1595 1596
19654 19655
10361 15868
3626 3627
14002 18591
7421 7422
8415 8421
3133 3134
3819 12096
10082 10083
1376 1377
6910 6911
12825 12826
16746 16747
600 8232
15526 15527
14987 14988
16454 16455
3910 9930
547 2022
18053 18054
8129 20046
1703 1704
17490 17492
6274 6275
1670 1939
16029 16030
8157 8158
3561 5271
4994 4995
16225 18276
3559 3560
10586 10587
14960 14961
12292 20020
249 250
3787 5741
9600 9601
1436 4991
7302 17446
13372 13373
2961 6272
3137 3139
3533 3534
2180 2181
15887 15888
3054 19961
21383 21384
2904 2905
16022 21508
18129 19762
3910 9936
12258 12259
4490 4491
1126 21661
20532 20533
2473 13309
12644 12645
258 259
5773 5774
13192 13193
3647 3648
17471 17472
19472 19473
16459 16480
5005 17858
10566 10567
19789 19801
11156 11157
8644 15137
7257 7258
11524 11525
2327 2328
2253 5279
6375 6376
9877 9878
6550 10158
14368 22680
9174 9175
5794 19058
20668 20669
19971 19972
14826 21542
2981 11794
1029 5837
14927 14928
16550 22297
14999 22597
5438 5439
2131 2132
680 14054
11527 17798
702 703
4875 4876
1124 21662
17977 17978
6753 6754
21998 23464
12576 20967
14955 16350
11171 11172
9621 9622
6709 12093
22638 22639
18105 18106
9596 9598
2671 2672
14431 22774
3982 3983
2215 19637
2811 2812
18742 18743
2391 5551
712 713
5274 5275
8909 8910
1864 1865
9774 20161
16042 16043
1811 15683
4264 4269
11647 11648
677 678
18548 18552
3488 3489
10808 10809
13772 13773
19717 20810
793 1745
12596 12597
10548 10549
21002 21005
6598 6599
12300 12301
6816 16519
5446 14590
15644 15645
18909 18913
2339 2340
5705 5706
7408 7409
3842 3843
4022 4024
14500 14501
3357 3358
12077 12078
10391 20535
11142 21172
2179 8115
5643 5644
19011 21417
3086 3087
11251 11252
6128 6129
14614 14615
355 356
15352 15536
10892 16888
3710 3715
9738 15676
12642 12643
6354 6355
4739 4740
2200 2201
19454 21133
18481 22254
12893 12894
22852 22853
22857 22858
1221 1222
10472 10473
701 5386
8655 15135
2173 2174
20957 20958
7429 10110
14005 18590
11971 18933
17390 17391
20893 20894
2570 2571
19339 19371
11652 12819
1798 4161
14670 14671
21194 21195
2405 2406
3803 3804
9368 17740
20199 20200
1895 1896
11249 11250
11357 11359
17335 17336
2922 2923
4380 4393
5193 5194
10968 21698
3495 3496
424 6162
18695 18696
7294 7295
185 186
4022 10308
9766 9767
2823 2824
8280 8281
22088 22990
7640 7641
5482 5499
6578 6579
13894 13895
16734 20182
4005 19550
7772 7773
2995 2996
2557 2558
1288 4864
2217 17289
2974 2975
14840 16166
22604 22605
11286 11287
7710 7711
17663 17664
13886 13887
13072 13073
1448 1454
3988 3989
5727 5757
19020 19023
16148 16149
2711 2712
12977 17366
2618 13852
12152 12153
12419 20932
16423 16424
21526 21527
10069 10070
8869 8870
10018 10903
2500 8016
2355 2356
13701 13702
7939 23370
1597 6758
13544 13545
15115 15116
10198 15405
10733 10734
5560 7227
20639 21597
4754 4755
13225 13226
10299 10300
19706 19707
1165 1168
8941 9568
21123 21124
1820 1821
6681 13362
2192 16685
6294 6295
12041 23394
15858 15859
13020 19982
5311 5312
19257 19258
7839 7840
7968 15490
847 848
3928 3929
21170 21171
14988 14989
17536 17547
5444 5942
783 784
6836 20185
18176 21416
4847 4848
3796 10578
13780 22747
3649 21269
5828 5829
22524 22525
17915 17916
17356 17357
3685 3686
5078 6824
21357 21359
1034 1035
3112 12564
4369 4370
13080 22269
10196 10197
20039 20040
20030 20031
21335 21336
7016 9807
9425 9426
667 15612
13338 13339
14971 14972
20035 22416
4440 4441
4844 4845
5426 6440
20364 20369
14362 14363
1223 1224
4527 4534
21046 21047
7144 7145
20918 20919
10792 10793
802 803
12382 16120
8046 12470
336 337
5708 5709
7041 16086
21206 21207
9771 9772
8394 8396
1149 1150
11783 15326
17541 17542
8576 8577
8194 8195
15901 15902
20620 20633
11491 17141
2665 2666
2163 11890
755 756
14432 14433
19883 19884
18487 18488
16417 16418
16840 16841
6503 6504
793 1934
12333 12334
15279 15280
7698 7699
9743 9744
5857 11986
3663 4725
6952 6953
18634 19491
5359 19978
2262 6852
3755 5238
21614 21615
10090 10091
3184 11581
12041 14768
2455 2456
9726 9727
18412 18413
2151 2152
14480 14481
9525 9526
11851 11852
2934 17577
17932 17933
9940 9941
14174 14175
1486 1487
1363 1364
5390 12701
21449 21450
13830 13831
5683 6534
5717 5718
11506 13144
4902 4903
2772 15338
8001 8008
11440 11441
22608 22609
1339 1340
15748 15749
11699 16130
12231 12232
16799 18853
2209 19639
11499 11500
20783 20784
8781 8782
22635 22636
13486 13487
7449 8111
3759 18484
14218 14219
4398 4399
1887 1888
2920 2922
9361 12904
13634 13635
13057 18089
308 309
5251 9278
7059 7060
19231 19232
2313 3261
3099 11093
16166 16167
15466 15467
3631 3632
3970 3971
20121 20122
19068 19069
28 6332
1041 1042
2686 2687
9067 9068
10330 10331
811 812
12720 17831
13894 20004
11702 17879
3538 21016
13400 20731
15643 15644
17443 19888
6692 19664
15294 15295
9037 9038
2159 20189
1359 1360
3991 8306
11638 11639
6709 6716
13401 20724
269 270
9367 12171
15985 22889
11216 11221
6515 23341
11552 11553
12929 12930
3180 3181
11884 11885
11420 11434
323 10753
3183 11580
11435 11436
12303 12304
14964 14965
19864 19865
3931 3932
9202 9204
2023 2024
10377 16952
20408 20409
15428 15429
5542 12070
9660 9661
16058 23453
6440 6453
1610 1611
8882 8883
1654 10120
9346 17081
710 1868
4615 6005
3916 5335
4572 4573
2145 2146
18676 18679
14795 14796
21947 21948
9624 9625
12396 12397
1637 3070
16620 16621
17678 17679
10491 10492
18881 18883
2374 4904
8040 9463
13640 13641
2908 2909
1725 1726
5916 21118
4242 4243
5247 5248
5664 5667
3926 13134
9104 9105
342 1236
2866 2867
21974 21975
21947 21951
6708 6709
4151 4152
518 519
8140 18668
3320 3321
7331 16723
11995 21839
16038 16039
13329 21053
5153 5154
18011 18012
21541 21542
23175 23176
2178 20191
11768 14592
10823 20434
13665 13666
5881 14296
1422 1423
4843 10092
1520 1521
4459 4460
9618 14964
6117 6120
13697 19253
2495 12501
15822 15823
22754 22755
16475 16476
991 4229
17 1249
2145 20392
13077 13078
263 264
3576 6687
3145 13959
21592 21593
3378 3379
2159 23191
3107 3117
20421 20422
16063 16064
3140 3141
5501 5502
16616 16617
4379 4868
5568 6759
10852 22651
2047 5627
2449 18018
926 927
2996 15195
13249 13250
4832 21873
6346 6347
21736 21737
10193 23314
16286 16287
13656 13660
2141 2142
548 3447
1665 19674
911 912
17075 17076
4522 8445
12911 12912
14825 20737
18036 22023
5328 5329
4 5
3058 12035
204 209
17448 17449
14411 23464
22643 22644
3630 3631
18302 18303
12055 12056
11835 19991
3732 3735
3162 3163
6101 6102
12611 12612
216 217
13004 13005
7505 21569
16806 16820
12015 12016
7346 7347
1200 15215
2048 2050
7391 7393
3991 4019
1372 1373
7050 18187
2060 3918
12508 12509
20314 20315
17432 20815
8622 8623
15637 15638
360 1319
6250 8058
320 321
9573 9574
23290 23291
2528 2529
5610 5611
6805 6806
20747 20748
13126 13127
1708 7897
1762 13712
13619 13620
10650 13885
1959 1960
5917 5936
13593 19082
6210 6211
11697 23157
15783 17344
7625 14092
19365 19366
15884 15885
16386 16387
13347 23102
7027 7028
18842 18843
15216 15217
4523 4524
9209 9210
11708 17957
3172 8327
5685 5686
15783 15784
1507 4602
22602 22603
1677 1678
1650 2409
8159 20608
8201 17780
3543 9293
22490 22491
15614 15615
4042 20732
3996 12242
3903 3904
14203 14213
7551 15806
2944 6296
1113 3657
8611 8613
257 258
1291 4095
2084 14155
19060 19061
4345 6630
5718 18309
9889 9904
2469 2470
5738 7893
3599 3600
23054 23055
11654 11656
9176 17737
20323 20324
1222 4199
6249 6250
6073 8862
1713 3126
4649 13503
4573 4574
22028 22029
7214 11527
17774 17775
13833 13834
3727 23462
19394 19395
2961 2962
5178 5179
8624 21491
1491 1492
14822 14823
11617 11618
5658 5659
3061 4788
8059 8060
3396 5555
19212 19213
9662 19034
18732 18733
22615 22625
2562 2563
8608 16024
11771 11772
22562 22563
6842 22569
6884 18084
2419 2420
4916 5097
9085 9086
3126 3127
21220 21221
6940 13012
3618 3619
10495 18151
8903 12156
13002 13003
2015 2016
12656 12657
7205 7206
19444 19446
1329 5355
19206 19207
5171 5172
8624 8639
17759 17775
21995 21996
5565 5566
997 6650
8999 18245
18479 18480
3178 3179
1904 1905
6747 23296
16134 23178
7507 21579
442 2241
9024 11225
19443 19444
17934 17935
782 783
21057 21058
17506 17507
20459 20460
10344 11067
11758 11759
4012 15410
10440 10441
14461 18975
5705 7684
10455 10460
7271 7272
4867 15081
10035 13616
12428 20925
6238 6239
17909 20258
16241 22866
4516 4517
12010 12011
7513 19428
23096 23097
1533 1534
7848 7977
3341 8728
17808 17809
22386 22387
2826 2827
8762 8763
3325 17468
20308 20309
3340 3341
9505 9506
5530 5533
8880 8881
12111 17386
21100 22345
4059 4060
17107 17108
13266 13758
757 758
8326 16878
17027 21782
5587 14598
21370 21371
4055 7765
8899 8900
18179 18180
3406 18994
11826 11827
13106 13107
11431 11432
9998 15746
9145 9146
316 4128
3931 5833
10918 10919
514 2441
7495 7496
11430 11431
1785 1786
5324 5325
6485 14181
2435 2436
4523 20696
7630 7631
4995 16214
1892 1893
4534 4535
2788 2789
12296 12297
6461 9426
4959 4960
4054 4056
15641 15642
2130 22892
22791 22792
4970 4971
7954 22941
946 5314
5243 10157
11384 11385
7902 11100
18075 18076
14162 14164
22135 22137
17191 17192
15445 15446
13416 13419
8463 15257
13444 13445
17288 17289
16765 18039
7917 7918
1257 1258
3335 3336
350 1327
435 2249
3627 3628
15928 15929
12524 12534
7192 7193
462 19222
9769 9770
7235 7236
17418 17419
22493 23215
391 392
6822 6823
3215 14252
14161 20371
7050 7051
6780 7838
9275 18390
13827 15444
13687 13688
4200 4201
1338 1342
7456 7457
13264 13272
8095 8096
2122 2123
21318 21319
6252 6253
9758 9759
473 475
3673 3674
13457 19029
727 728
712 764
14968 14969
2791 2792
1497 4604
17525 17526
17053 17054
4900 4901
9821 9822
10377 21064
11180 11181
18082 18083
10121 10122
617 6435
19634 19635
8787 8788
16224 20489
318 319
16279 16280
7481 7482
9825 9826
13993 13994
22072 22073
19643 19644
11917 11918
2984 4747
18548 18549
1283 1284
18958 18959
6888 6889
1718 15594
9405 12238
19518 19519
18137 18138
3274 3275
2323 2324
9661 9662
10274 10275
1469 1470
15415 21879
22773 22774
22328 22329
9874 9875
15907 17564
23181 23182
15322 15335
8266 8267
7216 7217
15017 17420
663 665
10144 10145
857 858
9778 9779
17170 17171
21554 21555
8649 22690
11135 11136
11948 11949
2743 2744
966 967
20947 20948
5484 10730
1163 11488
21406 21407
11498 17886
7067 10071
13841 18062
9653 9654
11815 11817
15298 15299
2203 2204
9647 10377
9649 9650
11623 11624
2254 2255
19255 19256
14598 17124
7061 20879
6573 6574
2915 2916
11622 11623
158 15651
16521 21878
16864 16865
2615 2616
686 14532
3783 3784
19987 19988
668 669
2582 2583
15792 15793
5864 5865
15418 15419
7995 12004
18952 18953
22581 22582
18565 18566
23483 23484
21916 21917
4229 14121
4256 4257
11169 19998
22572 22576
10689 10690
18954 18955
22683 22684
14687 14688
5788 12150
7321 16728
3089 3090
11953 12580
8271 8272
5851 5852
20873 20874
14065 14066
20282 20283
21890 22280
12503 23011
1027 19956
7699 14766
23113 23114
3481 10917
3819 18258
3527 3528
4076 4093
477 480
1654 10119
18757 18758
5916 21023
12424 14211
14938 14939
6869 6870
6663 6664
8656 23058
545 1277
2713 5870
5342 7725
1793 15833
7556 7557
4432 4934
7396 7397
9598 9600
1949 13683
7997 7998
4499 17178
10945 10946
2213 2215
4512 4513
5669 13211
3371 20280
19862 19863
8238 8239
1726 18290
10176 10177
5584 5585
153 154
7274 7275
2488 8013
13156 19981
10251 10252
9912 9913
7519 15045
8648 23071
19328 19329
15651 22446
20713 20714
8601 23490
9767 9768
1737 1738
4449 4450
9531 17874
22019 22020
11522 11523
12683 12684
11546 11547
5291 5292
13631 20703
5625 5626
8712 8713
15719 15720
20400 20401
23114 23115
21485 21486
15816 18601
13589 13590
19870 19871
13534 13536
5370 16204
15734 15735
9352 9353
3715 5373
1311 1312
17755 17757
15725 18502
12647 12648
22419 22420
13452 13453
14999 15243
4662 19670
20522 22038
16286 20493
13411 13412
15624 15625
1509 4602
16789 16790
22081 22082
6970 6971
14081 14082
503 9450
1245 1246
21822 21823
7063 20880
9138 9139
17818 17819
211 212
18343 18347
11219 11220
4672 4673
14843 14844
1038 16671
7000 7001
9557 17866
9079 9083
8650 8651
7399 7400
11901 11902
12872 12873
7383 7389
5087 5088
6389 20582
6076 12659
14891 14892
13078 14457
944 945
6617 6618
2156 2160
17329 17330
283 20385
9582 23205
12828 16158
8628 8629
20983 20984
16805 17549
281 282
13696 13697
6069 22277
419 420
4229 5411
7869 14340
17922 17923
6295 6296
12870 12875
2516 11837
3056 14767
2093 2094
7752 19754
9321 9322
1996 2750
3463 3464
5175 5176
13400 20725
13352 13353
6255 6256
458 19933
20545 22948
9912 12115
2952 13059
12845 12846
10333 15991
4559 4560
16664 16665
20944 20945
12511 12512
17248 17249
7493 7494
2301 2302
12081 14101
2405 2407
12176 12177
201 204
18516 18518
13842 13843
14188 14189
10298 10299
3052 3053
14826 20737
17855 17856
14316 14317
10855 10856
8502 17143
10485 10486
17231 17232
1872 1873
18390 21010
11687 18650
8012 8013
11593 11594
1718 5714
5170 5171
11130 11131
4677 4678
5129 9479
13892 20007
13774 13775
15995 18619
17357 17358
10383 10384
1251 9323
11577 11578
13894 13925
13559 13560
8978 8979
5373 6337
1833 3470
4881 15716
7834 7835
3114 3115
752 16437
6949 14224
10012 10013
6210 7880
1599 3916
13086 13087
1907 8367
13648 13649
2009 3459
15998 15999
9740 9741
3167 18045
7080 16550
929 931
21646 21654
5519 16220
8188 22721
13637 13638
13066 13568
1191 1192
18178 19012
14186 14187
19902 19909
158 19339
1181 1182
11969 17574
14165 20372
1517 1518
16873 16874
3454 3455
147 148
21082 21083
2483 2484
11656 11657
12880 15310
9973 19177
1581 1582
11939 11940
11494 11495
2938 17558
12438 12463
16059 21261
7152 18171
3287 5178
20472 20473
3645 9484
11847 11848
21414 21415
8330 8331
13695 13696
10909 13356
4918 7446
5526 5527
14786 19565
22468 22469
5887 5888
7133 20333
32 33
20895 20896
1003 7888
16786 16787
8045 12471
386 8271
17772 17773
473 474
20503 20504
1276 14536
5979 5980
14844 14848
8516 8517
13001 13002
15426 15427
1000 3117
9019 11218
1793 8655
307 308
4009 12260
2110 22260
6867 6868
8656 23057
688 689
6569 6570
4454 4455
15000 15001
20224 20226
21908 21909
12829 21960
7344 7345
14679 14683
11787 13517
3315 3316
12431 22954
8215 12891
21204 21205
16487 16488
8125 8126
19293 19294
19226 19227
6605 6606
3767 15369
16243 16244
350 351
11796 14767
608 609
2474 2475
4572 10148
10526 14233
7847 15039
10997 18505
4556 4557
19747 23156
12008 21863
3384 10737
3985 19382
1664 6020
6974 7821
2012 7084
2715 2716
20716 20719
3330 3331
19060 21068
14243 14244
12716 12717
20131 23066
9846 9847
10128 17960
2164 21794
12061 12062
5961 13258
18538 18539
17522 17523
11534 11535
8819 8820
17532 17533
22731 22734
4757 20859
15707 15708
12874 12875
7448 16447
4783 4784
13778 13779
19017 19018
5986 5987
18374 18375
10262 10263
13446 15184
13765 13766
5077 5078
13697 13698
8195 12243
14548 14549
13872 16345
17552 17553
4022 14688
9252 9253
2868 2869
7722 11120
15627 19903
15694 15695
2390 2391
1885 1886
2232 5528
13659 21732
1383 1384
228 229
17119 18977
14895 14896
9233 21220
20876 20877
1801 18551
2983 2984
3766 4454
9035 9036
463 12335
15962 18113
3405 3406
8568 8791
7128 7129
16701 16702
7483 11818
2451 2452
5146 5147
5321 14835
15088 15089
2614 4984
3044 3045
5512 5513
6990 6991
4986 13755
8594 16071
947 1016
6686 6687
21583 21584
20619 20620
13362 13416
1054 1055
17424 17425
4522 16529
21079 21080
17494 17495
409 410
17605 17606
3004 3005
20619 20648
13040 13123
12369 12370
7313 7314
4510 11782
4698 9483
18469 20758
14490 14491
176 177
8593 8594
1376 22205
11331 12754
11951 11952
13875 13876
3726 3727
10683 14468
13942 22363
10947 10948
4644 4645
21344 21345
10069 18338
8360 8361
5848 5850
6769 6770
4095 4096
344 770
94 95
12497 12498
377 378
8498 8500
5190 5191
20306 20307
5748 5749
15785 15788
2078 11924
20725 20735
21673 22623
3715 11045
18007 19891
12346 12347
313 4114
10973 10974
2118 15498
1322 7570
10249 10250
14993 14994
3763 3764
2712 6948
3386 3387
16320 16321
5463 5464
8603 8611
9600 17133
18644 18648
11926 11939
2504 18353
991 7333
5862 5863
12173 12174
19835 19836
9216 9229
15852 15853
7114 11233
13347 23101
3460 7089
7504 7518
14700 14701
16470 16471
8335 16871
2055 2060
1029 1767
2181 3981
9966 9967
13575 14923
2190 2192
16383 22879
16345 16346
12080 14100
15520 15521
6266 23540
10572 10573
7430 7431
3761 19497
14377 18223
4548 4549
13041 19168
15597 15600
8326 16877
9636 9637
2600 10230
11273 21028
8583 8584
15539 15540
5659 5660
16715 21294
2992 2993
12923 13653
9245 9246
7065 16944
7761 7762
20393 20394
13039 13160
12881 12882
18799 18800
6071 6072
5643 18406
12934 12935
12833 12834
14362 19246
13614 13615
4461 4462
5016 5017
3710 14414
11969 19311
11757 11758
6681 16548
5303 5304
1841 5815
7022 7023
5327 5328
12458 20515
1262 1347
15268 15269
2459 20649
2838 2839
442 2247
69 70
17565 17566
16204 16205
1796 4161
2453 13541
8485 8486
10052 18526
2370 19013
926 2834
6465 6466
9428 16490
4895 5107
4432 13389
16169 16170
17281 17285
6836 17532
13854 13855
5981 10745
6107 6108
11339 11341
8561 8562
1200 13081
14527 14738
8678 11353
7296 13535
682 683
10501 13139
2972 6081
2042 2043
9440 9448
9382 9383
13127 13128
23046 23047
11001 11002
8276 8277
16864 18288
8305 19879
10446 10447
859 18435
12824 16158
5666 5667
11145 19172
7618 15496
14537 14557
18934 18935
9409 13115
11201 11202
18602 20520
22240 22241
4834 4835
14318 21876
9374 9375
7803 14441
3647 4703
5244 5245
13096 22266
18869 21025
10168 10169
13420 13421
14954 14955
12357 12358
14413 16504
1071 1072
9558 9559
1993 1994
11394 11395
23063 23064
706 3836
14101 14714
10909 10910
17524 19764
7155 15140
22057 22058
19610 19611
10406 10407
13561 13562
8599 8600
6069 20622
10019 10020
2534 2535
1877 1878
2235 12241
981 982
17449 18514
3802 3803
3466 3467
303 304
4485 4486
18798 18799
18838 18846
15322 19303
15726 16682
16646 23478
10718 10719
4159 4160
2217 21644
6363 6365
17793 17794
11321 11322
4972 4973
23371 23372
4422 4423
11372 11373
12959 12960
3056 11809
17602 17603
3218 15482
14520 14521
10435 12007
21321 22475
2723 2724
17984 17985
2159 8113
9447 9448
6293 6294
1434 11081
8469 8474
8197 17777
5820 5821
5242 6550
1231 17861
13463 23312
19211 19212
3084 3088
1728 1729
8553 8554
5238 6562
11162 11163
7762 18784
16197 16203
14075 14076
9083 9084
2063 3919
13481 13484
2743 11836
4740 4741
11978 11979
510 512
4797 4798
6282 18085
8198 19880
13128 13129
1390 1391
8886 8887
12025 12030
12604 12620
9561 9562
2217 18769
18391 21012
1542 1543
15658 15659
10484 10485
2199 18456
56 57
432 440
6904 6905
707 9183
19087 19088
3554 3555
14973 20712
14491 14492
2568 2569
1321 1322
2108 2109
2453 20039
11535 11536
22108 22109
10525 10526
6491 14322
16419 20905
12224 22919
8873 8874
15270 20751
20978 20979
12225 12226
4967 4968
12336 12337
6072 6073
6891 6892
1008 1009
13076 13096
18013 18014
3938 15977
8064 8076
4981 4982
6755 6756
7822 7823
18349 18350
3023 3045
2223 2224
1037 16671
7175 7176
320 322
710 1867
7973 19011
15101 21538
19762 19763
14885 14886
3805 10577
16406 23226
264 265
14543 17413
13219 17116
2196 16688
3287 23424
2625 2626
2284 2285
20135 20138
20202 20203
1041 23170
11485 11486
5923 5924
6972 12775
1632 3870
15606 15607
10971 10972
1929 1930
7865 7866
21553 21554
18560 21083
9470 9474
9310 15281
5414 5856
73 74
12711 12712
13507 13508
7040 7041
2583 2584
5864 12164
18021 23019
4019 19384
12762 12763
11138 23474
3285 3286
2470 2471
7448 7449
187 188
18458 18459
15515 15516
10658 10659
14055 20160
22715 22716
6461 6462
22441 22444
6280 6281
8063 8069
2704 5869
5215 5216
19460 19461
2196 16687
2971 2973
12048 12049
9996 9997
13737 15950
15296 15297
13559 22466
9739 9740
7843 21288
15232 15233
7282 13554
2351 2352
341 342
6865 6866
1602 1603
8191 22717
11639 11640
6230 19756
14616 18336
10605 10606
10820 10821
16428 21298
14529 16189
12157 13804
12314 12315
9576 14239
9654 9655
4589 4590
15650 15651
4772 15187
11149 19173
13924 19999
1355 1563
17467 17468
16893 16894
12103 12104
14559 14561
13084 13085
524 525
2662 13319
7941 7942
2817 9421
11944 11945
22748 22749
15943 15944
4255 4256
3841 3842
4760 4761
10100 10101
1171 1193
18874 18875
7540 7541
8832 20462
19932 20070
13752 13753
129 5279
9967 9968
1513 1514
4270 7830
10505 11704
2876 6962
4809 4810
10563 10723
17366 17367
17724 17725
4223 7365
6045 9717
5109 23284
10519 17956
5553 8713
5195 5196
7949 11708
6590 6591
474 5117
3136 3137
14057 14058
6808 6809
5688 18317
19363 19364
6541 6542
22258 22259
21113 21114
2836 2837
19908 19909
16858 18288
12158 12159
9732 18635
6779 6780
11634 11635
5718 5719
206 1163
4252 4253
1000 3115
3555 12634
456 457
18396 21012
4522 4525
23007 23008
13738 13739
15814 20520
8920 12149
588 589
20788 20789
11542 14505
16064 21245
3756 5235
12037 12038
9894 9911
6700 6701
14408 14409
13319 13320
161 162
1446 4996
9771 23324
10781 10782
4588 21773
13237 13238
4770 4771
9075 9076
207 1164
2075 15727
16903 23477
15589 15590
1876 6938
4118 15491
6837 6838
483 484
17078 22766
15525 15526
4071 5691
11913 11914
5039 5040
21007 21008
4524 8463
11845 11846
361 18536
15876 15877
19713 19714
1477 4186
4739 4742
2473 10442
3151 3153
9708 9709
436 16300
21562 21563
12229 22350
4116 4117
12365 12366
11888 23191
13565 20619
7080 13416
15932 15933
6832 20395
14883 14884
5445 7451
15628 18069
7951 21118
14442 14559
12960 12961
16091 16092
13891 13892
5941 6075
15889 15890
4648 13148
5478 13374
14069 14070
16934 20121
3634 3635
11943 17546
17313 17645
6980 7005
8010 12004
13191 13192
10524 14236
15774 15779
2657 8975
10233 10234
19629 19741
3195 3196
7363 8861
7809 16357
5892 19668
10398 18561
11872 17714
18466 18467
8118 8119
10311 10312
2621 2622
6732 23285
18138 18139
6733 6734
8030 9472
1044 12975
9474 12475
8574 8575
25 26
12849 12850
18514 18515
2708 2709
12619 12620
19072 19073
8345 8346
3977 3979
18312 19414
4408 5200
13736 13737
1449 1450
4482 4483
10127 10520
17541 21793
8196 8268
1092 1625
1805 1806
775 776
14374 14375
19241 19242
9139 9140
4493 12854
19336 19337
4215 9424
9242 22330
5109 5110
22811 22812
3352 3353
19854 19855
5553 8714
13794 13795
8527 8528
4735 16001
2321 9811
3643 4692
10816 10817
23160 23166
10496 20521
13285 20973
7784 7785
5503 5504
7583 7584
3806 3807
4496 13611
5336 5337
5300 5301
18065 21450
4009 19551
12533 15286
1802 1804
2450 20787
17571 17572
14804 14805
5343 16699
1365 13516
902 903
4583 4584
698 699
14740 14741
10503 10504
13409 15903
11726 22600
7612 7613
13938 13939
22852 22864
14414 16506
13646 13647
14801 14802
17747 17748
13879 20685
4695 4696
12496 12497
9313 9314
1178 1179
22260 22261
22255 23088
9992 22670
2233 2234
7060 7061
18218 18222
21223 22387
21075 21076
22207 22209
7003 12417
1444 1445
8520 8521
17628 17629
9362 9363
2084 14153
11345 21980
1121 22192
127 128
21681 21682
11960 11961
972 973
11250 12771
3020 3021
3127 3128
504 505
8145 15646
3612 3613
8566 8567
8405 8406
14745 20469
20183 20184
2342 8998
8452 8453
11489 11490
361 362
11853 21521
18158 18159
2705 6608
6643 6644
1792 1793
5453 16469
830 22647
2788 21340
9467 12474
1965 1966
14567 14568
661 15618
13741 13755
18613 18614
1200 13082
2723 6205
13282 13283
18265 19560
14921 14922
8095 8097
9058 9059
19412 19465
74 5354
13320 13321
3751 17453
18264 19560
7632 7633
2473 23306
16108 16109
9526 17876
8020 8021
4620 4621
2473 6069
5522 16206
14457 19302
9472 12477
2236 2237
2788 21339
12175 12176
2703 19522
5339 5340
16408 16409
8053 8054
2925 8299
7188 7212
13788 18561
22366 22367
18377 18378
478 14111
21547 21548
7808 7809
403 404
2089 11257
10202 10203
18880 22287
14157 14158
3651 3652
3544 3545
2840 2841
2394 21262
19632 19633
1454 1455
5718 18310
1860 1861
3696 10543
15096 15291
402 17697
8540 8541
2473 19995
10667 10668
19638 19639
28 29
8584 8585
19835 19841
11428 11429
16018 16019
2706 12394
3102 3103
2222 19632
11822 11823
7209 7214
5080 12639
288 289
13044 16605
490 491
16942 16943
779 780
5496 5497
19570 19571
2629 2630
20842 20843
7251 17647
17668 20446
9168 9169
8000 8001
7171 13058
12422 14210
11349 22818
2342 9718
22877 22878
14338 14339
23297 23298
14991 14992
2167 2168
15274 15275
15058 15059
2613 2614
1721 5741
14989 14990
16402 16406
16507 21988
5497 5498
5932 7947
19715 19716
4058 4059
14602 14603
18693 18694
9683 15271
19644 19645
2957 2958
13321 13322
10500 17379
13235 13236
5488 6408
16689 18466
11543 11544
22822 22823
20304 20305
11660 11661
7513 12458
9776 9939
1781 1784
15465 15466
6969 12599
10810 10811
2321 2323
3843 3844
11330 13522
11324 11325
22701 22702
3884 3885
14857 14858
7443 7444
1984 1985
8249 14851
538 539
8622 23355
13414 14661
5936 21024
7934 15717
6146 6147
5469 14154
12234 12235
23081 23082
710 6828
6178 6179
18224 18225
10550 10551
7800 16800
223 224
604 3909
1492 1493
1798 1799
5903 20992
20300 20301
18551 18552
13616 20868
7869 7870
17293 18940
13396 13397
13345 19206
8962 22991
5644 5660
1206 1207
9899 9901
14999 22596
13831 13832
14949 14950
8140 11683
2496 8006
1565 1566
9129 9130
19478 19479
2972 4675
9240 9241
7582 7583
19532 19533
9234 9237
16401 16402
10536 10537
5936 22283
7819 22896
2275 2276
12902 12903
19642 19643
21388 21403
1033 1034
17967 17968
5955 5956
6176 17265
9079 17593
2650 2651
7830 7831
1445 4997
17156 17158
11514 11515
7546 7547
13118 21130
19087 19091
12870 12871
2435 17802
224 247
2881 2882
5574 5575
20636 20638
1780 1781
23423 23424
16587 16588
5087 13270
13533 13534
12174 12740
13469 13470
2104 5628
7195 15353
9465 12473
22243 22244
9033 9034
4814 4815
4614 4615
208 209
4425 4426
1389 1390
18480 18481
1485 1486
4345 4346
22147 22148
3394 3395
14790 14791
15094 20333
100 101
2342 5170
11562 11563
20406 20407
548 549
2976 11795
9912 15564
474 475
686 687
22594 22595
4767 4768
21174 21175
4382 4383
19200 19201
10521 10522
241 242
17546 18788
1010 1011
10491 10828
8331 8332
19896 19897
17665 17666
19724 19725
11906 11907
7749 18795
1916 1917
4641 4642
7209 7210
21285 21286
4222 4223
5552 5553
11955 11956
4357 4358
1920 1921
12320 12321
4291 7970
3172 11466
17645 18819
12525 12526
16480 16481
7720 11120
2088 20270
4556 4558
18481 22252
12219 12220
16906 16907
14303 14304
3992 22494
3452 3453
118 119
1727 1728
13522 13523
16004 16005
20566 20567
8011 8035
2670 20838
14216 14217
12608 12609
403 6166
11805 11811
16928 16929
9119 9120
13185 13186
1337 1338
443 2241
18618 18619
6233 6234
8688 22400
4631 4632
7651 13629
13403 13404
745 746
19091 19093
22947 23314
93 94
8586 8587
12488 16884
9097 9098
6322 6323
14082 20088
2240 2241
11159 11160
5829 5830
2129 2130
3686 3687
20482 20483
14161 16682
10381 10382
6459 6460
3280 13970
2968 2969
3468 3469
4090 4107
23299 23300
13272 13763
4110 4111
1454 16807
5974 5975
13835 13836
15085 15094
21588 21589
11172 11173
1736 1737
22907 23449
7506 21572
9933 9934
4003 4009
17246 17247
203 23189
9258 9259
4405 12099
10623 10624
8921 8922
20839 20841
416 417
1080 1081
3788 3789
9250 12486
11604 11605
15950 15951
4870 4871
11036 11037
13874 13879
15442 15443
6073 8866
18100 18101
18184 18185
8430 8431
13564 13565
15600 15601
3221 10427
11037 11038
11549 11550
14185 14186
17092 17109
16898 16899
3570 3571
6221 6222
15635 15636
21732 21733
8974 8975
695 696
20347 22587
18928 18929
19061 21068
15477 15478
2813 6074
10598 10599
13317 13326
9609 9610
6121 6122
19759 19760
4766 4767
6367 6368
10951 10952
21528 21853
10084 10086
5474 5475
12947 12948
5084 5090
18117 18118
5672 5673
21461 21462
17928 17929
7006 21041
8464 9647
585 3821
11936 11937
22119 22302
21988 21994
17759 17760
1811 4160
18774 18775
13252 13253
18201 18202
9435 9436
3982 22723
7015 7016
4725 4726
2141 2232
6583 6584
22314 22315
4653 16848
12282 12283
14414 16504
18611 18612
12081 12082
3753 17275
10455 10456
11961 11962
16344 16348
10518 17955
10918 18960
11989 11990
15559 15560
22426 22427
6616 6617
1233 6320
9122 9123
11526 16978
16174 16175
2877 2878
16954 18495
22333 22338
7775 7776
21051 21061
12896 12897
8287 8288
5392 5393
15629 15630
22897 22901
11539 11540
10314 19654
1687 9165
11055 11056
15318 15319
681 682
9771 9773
6592 6593
9893 9894
8581 8793
19502 19503
8031 8048
3473 3474
11847 16638
20738 20739
14461 14462
4211 4212
14107 17788
15522 16964
2553 2554
16672 16673
21393 21394
1577 5933
18377 18385
4109 13686
9511 9512
732 733
2348 21240
15721 19024
964 17612
17848 18783
4243 15511
6083 6084
19286 19287
2624 2625
278 12731
1174 1175
19092 19094
8040 8041
3085 3086
1749 9319
6815 6816
2693 19523
20231 20232
3210 3211
6788 11371
1908 1909
203 17576
3417 3418
3708 3709
9444 23002
1635 1636
5653 5654
12455 15049
5597 5599
2311 2312
16255 20487
2364 2365
15624 15627
10762 10763
5013 12998
1721 5691
12878 12879
15853 15854
3251 3252
13544 22342
16958 16959
6859 6860
224 246
13888 13889
6633 6634
335 3949
12864 15988
11661 11662
18401 21009
5464 5465
11331 13522
8678 8962
368 1785
12670 12671
13435 13436
259 20115
809 10899
8790 8791
23527 23528
13876 13877
1014 3788
4038 4042
11848 11849
798 1744
9503 9504
1188 9662
11999 12000
16933 16934
20345 22039
1360 1361
19242 19243
5294 5296
22092 22093
20471 20472
1028 16184
13593 13594
2722 6207
11620 11621
10463 21347
13996 14044
1186 1188
5498 5506
1340 1341
12879 12880
7488 11820
8188 8189
5482 12104
8297 8298
4022 14185
4516 23372
14066 14067
13227 16938
8435 8436
3210 3753
15763 15766
3253 3254
478 3764
20576 20577
1929 2730
10704 10707
15445 21001
2014 2015
15391 15392
21383 21385
6723 6724
10782 17126
3715 3716
5673 19008
8716 8717
15907 17566
17164 21354
19038 19039
18 19
4154 4155
2707 6608
14559 14560
12987 21557
7078 22428
18396 18398
21141 22501
13719 13720
20504 20598
1959 11966
15036 15718
376 378
1668 1669
6299 13063
2084 15725
980 981
2098 2099
12666 12667
768 769
1908 8228
6483 6484
3653 3654
2697 2701
10443 12577
20082 20088
9039 9040
7974 7975
5881 14297
22009 22010
7244 7245
3117 3743
11835 19983
1645 11691
5084 5085
14362 14364
10282 10283
8988 8989
15379 17714
11216 18671
4304 4305
18561 20346
16402 16405
19953 19954
3613 17401
22924 22925
11579 12300
9239 9240
4728 4729
9014 9584
372 373
653 5834
10665 10666
17459 17461
653 4884
2946 2947
17937 17938
12265 12266
22755 22756
14718 14719
17265 17266
10091 10092
2522 2523
13198 13199
10231 10232
1681 1682
20448 20449
7294 21679
10008 10009
10561 10563
6158 10529
16351 16352
3149 3150
8464 15605
10823 10824
6660 6661
14422 19886
15874 23376
3290 3291
10614 10615
1919 1920
16748 16769
10708 15633
3819 6140
14419 14422
1354 1560
7836 10445
8063 8064
12409 18941
21470 21471
5567 5568
10206 10207
13953 13954
17364 17365
7940 7945
16957 17024
11187 16302
7127 7128
8131 17632
7143 7144
1035 1037
22273 22274
2723 2925
1980 1981
330 331
5314 5315
7998 8000
11283 11284
22135 22140
2068 16699
1216 1217
3430 3431
12838 12841
1557 1558
13165 15566
6508 6509
1678 1679
4862 22241
4066 4586
9911 9912
20807 20808
12531 12532
3676 3677
13475 13487
16660 16661
561 562
9034 9035
9954 18583
7056 16713
3710 16954
6627 8252
9028 11222
8744 14637
5520 5521
4515 4546
16506 16507
4599 10159
17853 17854
15383 15384
4294 4295
3755 6562
255 5858
16745 16746
13145 13146
2083 2084
5045 5046
13739 17325
10503 13140
12546 12547
430 5279
18391 18392
1596 2251
6115 6116
17267 17268
2712 6947
18318 18319
7757 21158
7076 22434
5872 5873
5483 5484
11008 11009
21395 21396
10869 10870
2523 5459
3459 3582
7848 7986
1388 13515
6098 6099
1287 1288
20588 21365
11242 11243
7981 12461
8645 8646
10312 13814
1111 17596
1642 8243
14721 14722
17160 17161
12349 12350
7181 7182
1966 1967
3761 19490
3247 3249
7095 23120
2036 2037
1369 1371
12510 18007
1092 1093
17807 17808
5411 7332
8143 11684
20356 21690
5277 5278
2000 2001
16900 16901
11183 16304
2776 9831
20854 20855
1778 1779
1029 1868
7803 20615
4337 9723
3696 10558
19527 19528
10261 12263
4375 4376
6595 18934
20728 20729
12378 12379
8865 22343
11733 11734
3139 3140
10200 10201
3582 8157
13718 13723
3524 11316
22753 22754
10067 10068
7732 15456
3292 3293
12370 12371
14102 14103
7760 7761
11871 11872
6297 6298
376 377
4355 5026
4937 10139
15541 15542
16043 16044
14787 14788
1862 1863
18071 18073
13104 13105
426 2256
15574 15575
18806 18807
20303 20304
15371 15372
158 8151
14753 14754
7987 11375
10391 15029
4228 8859
19837 19838
8197 8198
16550 19966
1152 1153
17710 17711
13615 13616
4666 4669
19695 19696
1509 1912
5841 9889
4113 22322
16917 16918
18597 18778
19400 23254
15638 22409
16350 16352
3103 3104
21487 21509
11591 11592
7811 7812
5622 5623
482 521
7732 18200
7812 7813
11432 11433
9463 15224
908 7729
20444 20445
15096 17974
1187 17009
6838 23278
1281 1282
7768 7769
9588 9589
13242 13243
18584 18585
2342 3283
1602 5281
15193 15194
13477 13478
17389 17390
1231 1232
20398 21742
6418 6419
5998 14133
14669 14670
21193 21194
10341 10342
7742 7743
20077 20078
1355 1356
628 9774
11200 11201
8467 8468
13360 13361
11159 17083
23192 23193
5269 5270
6729 6735
22437 22445
16673 23172
20352 20354
22796 22797
8608 19786
10132 19344
22274 22275
8699 8700
17168 17169
18839 23087
5206 5207
2102 2103
16744 16745
6056 6057
6672 16310
13278 13279
1685 1689
20920 23489
1276 7082
6181 6182
3439 3441
8352 8353
18878 22284
5674 5675
16601 16602
39 347
14684 14685
9869 13906
22137 22138
6249 8132
7843 7844
20068 20069
8560 8561
6236 20587
19972 19973
2641 2642
10846 17992
246 7908
15382 15383
2387 8722
14525 14526
15436 15437
6923 6924
951 952
7953 7954
19810 20765
8205 18536
18869 18870
11739 11740
146 147
8011 8029
7054 18188
3119 3120
20130 20131
5135 5136
378 19383
7243 8208
5398 5399
17105 17106
11333 11334
748 749
7841 21289
12192 12193
1952 1960
10493 10494
9574 14239
4481 16836
15857 15858
7700 7701
16354 17141
15117 15431
132 1587
1539 20326
9271 18399
6231 6232
21171 21172
628 9775
16859 16860
796 797
2308 2309
17 3241
2405 5881
6005 14397
7285 20355
11977 11978
10034 10035
14214 14215
16779 16780
10169 10170
12876 12882
35 1302
5850 5851
8196 8198
10701 10702
15439 15440
2455 15222
6887 18084
7732 7733
14309 18023
13699 13700
13006 13007
204 6972
1222 1223
6020 6635
11210 11908
586 587
7982 7983
8029 21364
11517 11518
1526 1527
20756 20757
4987 10444
3204 17453
9954 9955
8031 8032
3129 3791
6942 6943
7869 14341
16022 16023
15579 17673
1653 5886
1049 1051
16012 16013
19193 19194
17030 17031
14478 14487
4149 4150
21191 21192
12923 13654
5932 7946
10205 10206
3625 3626
14202 21040
10543 15952
3418 3419
7188 7213
463 2228
2603 2604
3717 3718
19840 19841
13890 19319
2164 10998
6972 14480
17079 22766
5071 12702
9234 9236
15189 15190
14261 14262
18728 18729
17844 17845
2067 5342
12454 12455
16688 18466
10634 10635
2239 2240
17482 17483
4520 17804
8355 19503
7254 7255
8854 8855
6274 9162
3782 7469
4831 18472
6432 6433
15616 15617
5226 6514
12537 12538
9542 9543
3193 3194
8620 18331
8895 8896
8504 8505
1284 1285
7895 7896
10089 10090
8423 8424
1793 1794
7100 7101
2200 2204
4390 13884
15650 19376
15042 15043
14561 14562
9811 9812
582 583
8896 8897
19105 22354
7115 7116
10809 10810
8496 8497
18267 18268
4215 4216
19129 19130
1866 2040
21222 21223
2299 2300
323 1424
15474 15475
2250 2251
10952 10953
5513 11723
9506 9507
6589 6590
21394 21395
12104 12105
7466 7467
17951 17952
13458 19029
21283 21285
592 593
14898 14899
17914 17915
19392 19393
15492 22891
1990 1991
1996 8889
1641 6210
19671 19672
11903 11904
15440 15441
5411 5412
1717 1718
9720 11037
41 4100
13605 13606
11421 11434
3757 3758
2703 19521
15467 15468
5839 5853
2062 2063
16957 16958
5255 5256
13491 13492
1090 1233
9216 9217
3819 14524
14277 17426
5289 20676
403 1812
2234 11944
533 534
12591 12592
8190 8307
15239 15240
11463 11464
12601 12617
385 19872
5078 5079
7181 10778
4410 4411
16015 16019
19571 19572
2657 14185
16189 16195
12574 12575
7122 7123
11514 19559
16567 16568
22692 22705
7133 7134
3415 3416
3189 3190
1924 1925
1975 1976
1641 14853
21377 22157
7324 16725
4244 4245
19885 23236
8146 15647
6727 6728
22968 22978
16256 16257
5143 5144
14149 14150
20716 20717
9690 9691
14549 14550
9671 9672
16011 19788
21505 21506
11736 11737
4882 13940
19439 19440
13774 22735
2816 2818
10018 17100
10010 10011
13917 13918
13020 13021
5629 5630
4214 4215
905 7686
10061 10062
22952 22953
95 96
21163 21176
12954 12956
4576 4577
18687 18688
3993 3994
15504 17972
20512 20513
8460 8461
13745 13746
2332 2342
9519 9520
5334 5335
4334 4335
7088 7089
8770 8771
10427 13210
13215 22099
5003 5004
10285 19676
5424 6439
8081 8082
792 1746
18341 20616
4397 4398
3722 3728
23228 23231
9925 14849
9027 12626
18371 18372
4050 4051
8076 9079
19228 19229
6390 6391
19706 23124
1852 1853
525 526
6504 6505
7295 7296
4799 4800
2657 11488
6850 19946
2049 2050
344 345
3666 3667
17850 17851
8655 15139
2420 2421
17885 20694
132 133
21151 21432
20067 20068
19124 19125
7746 7748
21859 21860
14953 14954
8506 8507
367 368
5572 5573
3013 3025
13140 17379
13586 13587
4905 7620
1235 1236
6972 12776
1654 9196
2257 2258
3597 3598
13263 13764
3769 17241
9880 9881
1012 1013
8192 16729
15773 16142
5445 7450
4086 4087
16823 17965
11899 11900
1841 3441
14370 14371
6710 6711
7911 20200
10877 10878
9800 9801
8879 8880
1576 1577
8159 8160
11348 22148
17119 17120
11696 11697
638 22912
692 693
5367 5368
15528 15529
15636 15637
5550 6625
571 3822
6781 6782
17689 17699
1135 21661
3833 3834
7838 7853
5286 5288
754 755
5080 5397
20246 20247
15473 15577
13473 13474
15725 18508
16783 16784
14339 14340
22309 22310
23120 23134
10058 10059
17973 17974
5478 13775
17096 17097
947 948
17386 17387
529 530
13768 13769
15585 15586
12510 14146
17468 19994
16665 16666
7405 7406
17269 17270
14255 14256
9710 9711
17103 17104
6490 6491
14930 14931
21924 21925
7182 10780
1992 8939
3076 3077
1657 2988
1607 6701
902 17409
20390 20391
3372 3373
924 926
13325 13326
20870 23420
343 1244
5840 5853
4517 4518
12502 12536
9955 9956
14672 14673
8576 16937
6743 6749
3873 3874
11309 18704
3612 4048
21095 21096
22066 22067
9118 9119
18686 18687
4122 4123
15020 19516
12883 12884
14714 14715
23500 23501
865 866
9362 12741
8197 17415
4651 4655
5618 13807
12524 12525
16276 16277
7323 16727
7578 7579
10314 10315
22471 22472
9773 20940
11694 19756
15154 15155
5422 5423
3919 16311
15678 15685
8310 8311
18128 18129
6143 6144
8099 8101
3825 3826
4722 4723
177 11371
2971 3277
17437 21526
10117 10118
12461 16866
13323 21050
6037 17954
13877 13878
10048 10049
2116 2117
7980 7981
6301 6302
7697 14766
18869 18891
18649 21274
5586 10778
3369 3370
7554 7555
2859 8278
13459 13460
2925 9372
19959 19960
20217 20218
2193 2194
11818 11819
4917 4918
15267 15268
10011 15745
17505 17506
6264 23173
13870 16341
6833 20185
15035 15036
17742 17743
3823 7028
12431 12432
5509 11724
12719 17831
19836 19837
6794 6795
15423 15424
9053 13785
6661 6662
10236 10237
7001 12418
2664 2665
3819 16503
13972 16391
16754 16764
19903 19904
5398 18070
21919 21920
7647 14600
2168 10998
180 181
16788 16789
17369 17370
3228 15823
931 932
7055 16713
12868 12869
2628 2629
13268 13757
4170 4171
15331 23383
12282 21950
1664 1669
20139 20140
2768 8889
20294 20295
627 9776
14547 14548
14586 14587
5089 5090
9570 16940
8346 8347
11287 11306
2013 7084
20665 20666
1797 15680
3214 3215
6523 6524
835 10862
16734 23393
754 11788
5466 14155
16573 16574
1224 1225
3985 8190
20316 20317
3606 19455
6024 18849
3441 3442
4039 4040
340 341
5580 5581
7411 7412
4408 4409
8732 8733
10651 10652
9608 9609
605 3067
5444 5446
22814 22815
2448 18019
12877 12879
5345 5346
4265 4266
1745 1933
21088 21089
2352 2353
20040 22640
10603 10604
4336 4337
16534 22619
551 17144
3763 4733
173 174
18625 18627
18029 18030
20505 22437
13394 13395
12514 23438
2503 2504
2345 21241
4022 7950
2444 8862
14414 16196
12257 12258
1665 1666
1443 4996
8288 8289
16719 16721
934 8509
15528 15530
11820 11821
3244 3245
7956 7957
15814 15817
19183 19185
219 220
18805 18806
10244 10245
20619 20633
15130 20116
15320 15321
20767 20768
7720 16693
12581 13747
12233 12234
19933 19934
1998 11965
17280 17281
3819 14342
7305 7306
6477 6478
15683 15684
7067 10072
8 9360
20266 22141
370 21849
23252 23253
22059 22060
14514 14515
2217 19635
4539 4540
11612 11613
4482 16838
22044 22045
10661 13732
10210 10211
2082 18498
16939 18063
12257 22496
10432 10433
2713 2714
18891 18892
5304 5305
3707 6157
23449 23450
6735 14923
10090 15767
4850 4851
20242 20243
9392 9393
5308 5309
22437 22438
8865 8866
15284 15285
410 411
121 122
1076 2384
7073 7074
12951 14966
9639 9640
11561 11562
4365 4366
3975 19947
2747 2769
5571 5572
8941 20033
5668 5669
5464 14152
4362 4363
1877 17849
7234 7235
14449 14450
19469 19470
7871 7872
10564 10719
1134 1135
15873 15874
13400 13401
7181 7651
5048 5049
7612 18991
3227 3228
11500 15814
19624 19625
1199 8867
4666 4667
22932 22933
18543 18544
1736 18301
8669 8670
22861 22862
7649 12946
4532 21745
6206 6207
15469 15470
10539 10540
8487 20049
14830 14831
4544 4545
5981 5982
13068 13069
14582 14591
14204 14213
21246 21247
11210 11211
12939 12940
18844 18845
22029 22030
11208 11209
16707 23499
13224 13225
19999 20000
7747 13678
14166 14167
21998 23465
10062 10063
3033 3034
4902 5102
11889 11890
3977 22565
4940 4941
1274 1275
17114 17115
6100 6101
13546 23459
4434 11675
9517 15581
7563 15800
9640 13222
2211 2212
8722 14097
14447 14448
2080 11925
335 336
9176 17741
293 294
3715 3727
3537 12886
481 482
4750 4751
13331 13332
13090 19279
14919 14920
21663 21668
7713 7714
8872 8873
7533 7534
22631 22632
10648 10649
10193 23313
15531 18834
10293 10294
3030 16041
16540 16541
12654 12655
11023 11024
1004 7887
20099 20100
8612 8613
8470 8471
10500 13139
17618 17619
18168 18170
328 1264
1025 1026
13399 20731
10640 10641
5688 5744
22364 22365
13736 15950
17080 17722
12639 14611
454 455
3747 11095
22429 22431
21585 21586
13319 16951
7953 22946
1189 1190
591 1615
20012 20014
9179 19980
9751 9752
16289 20488
7306 17446
11980 11981
8126 8127
6983 6984
4572 15368
2138 7619
1875 1876
439 441
5839 9882
14683 15532
4181 4182
14663 14664
8920 8921
20797 20798
3412 3413
4376 21862
5623 5624
10430 10431
11510 18357
5179 5180
5382 5383
8573 9179
3909 9929
3362 3363
3713 3715
11958 11959
19395 19396
10130 19325
13998 13999
7811 14758
12587 12588
12062 12063
7253 17646
11114 11115
10753 10777
18734 18735
5553 5554
8075 8076
4536 4537
1590 5562
4526 8871
11219 11662
16756 16757
6114 13827
9290 17186
6191 6192
994 996
21589 21590
378 385
124 125
8735 14095
5446 7451
22129 22130
23183 23184
5710 5711
2227 2228
505 5118
2357 2358
10631 13100
1894 14691
20480 20486
3960 7565
13748 13749
21272 21273
15422 15423
15652 15653
13430 13431
11930 16679
3670 3671
17255 17256
15420 15421
14276 14277
10784 10785
10113 10114
16512 16513
5996 5997
4341 22063
3862 10285
8300 8301
8608 16006
12808 12820
10659 10660
17410 17411
8283 8284
1173 1174
5050 5051
7299 7300
1960 1961
7909 7910
940 941
2220 18771
15292 15293
18569 18570
12515 17887
13025 13026
19371 19372
8512 8513
2411 8601
13771 13772
2757 2758
10069 20597
20065 20066
187 3841
3853 3854
13409 15854
10136 10137
3700 3701
23452 23457
4207 4208
14168 16683
13326 13327
2342 11435
8454 9924
16666 16670
11574 11575
9863 9864
14911 14912
8203 18534
12124 12125
182 183
11839 11846
10906 10907
3005 3006
5448 5449
5914 22091
2142 2143
2657 16344
1098 1099
4479 4480
11279 11311
10533 10534
2218 2219
5987 6017
12922 12923
14840 14841
3645 3646
7197 7202
5882 6090
3990 19384
1302 5351
18979 18980
9638 9641
2517 2518
20100 20101
19708 19709
4802 21202
1822 6761
9897 9898
8445 8449
8620 20129
3572 8508
10766 10767
5867 5868
18276 20478
9264 9265
23223 23224
21047 22230
23040 23041
10669 10670
20097 20100
8856 8857
9997 22656
1402 7595
3957 3958
7607 7608
17433 20813
6498 6499
6223 6228
17021 17022
11977 11993
9622 9623
745 9105
16167 16168
12275 12280
23104 23105
22568 22569
2140 5528
9494 9495
523 524
5946 20092
17281 17282
15152 18279
11163 11164
20915 20916
302 303
12157 13806
17551 17552
13889 13890
15378 18206
12495 21144
674 21182
22925 22926
4635 4636
9845 9846
4207 19276
2436 2437
8217 14659
21607 21608
2619 13851
1993 1995
4884 4885
10123 10124
7066 16944
20483 20484
8215 8216
22588 22589
160 11684
685 14532
5534 22730
4215 11265
14797 14798
3219 3301
6159 14373
7288 20363
4670 4671
13917 13919
624 3909
331 332
568 1265
18607 18628
13398 13414
10594 10595
9921 9922
8463 10684
11310 11311
22111 22112
12130 12132
942 943
16318 16319
272 273
4978 4979
19597 19598
7784 17121
14745 20470
2744 2745
2443 18923
4508 4515
10239 10240
7877 7878
5489 10345
6695 6696
12333 12437
1365 1366
14049 14050
5263 8086
6429 6431
13577 17934
634 15668
15152 23448
21596 21597
8541 9557
18799 19754
16684 20760
9958 9959
6519 6520
4454 10065
10885 16604
1544 1545
114 2269
1085 2803
7661 7662
21039 21040
4600 10160
5695 9937
1641 3357
16614 16615
19596 19979
9031 9032
18637 18638
2974 11795
1805 15691
10942 10943
633 12374
10920 10921
15995 15996
18445 18446
2920 2921
18373 18374
5279 5280
12393 16121
17755 17758
17849 17850
180 6787
9076 9077
10001 10002
480 10056
2886 8928
9433 9434
10876 10877
638 15667
9714 10517
18715 22557
2453 2454
15722 19016
17430 17432
10692 10693
1010 1720
8354 8355
14863 18719
11017 11018
9959 22174
13329 13330
2003 2004
8768 8769
4890 4891
15803 15804
5296 16310
8449 8456
241 6183
14883 14908
14459 14460
178 180
5497 13367
11830 11831
4971 4972
534 535
18045 18046
23491 23492
10312 10313
4756 4757
5544 5545
4114 4115
1360 1647
13624 22351
5910 18887
5370 20902
4575 4576
14838 16172
22051 22053
17056 17057
1834 1835
13034 15742
7604 7605
1860 3471
4434 4435
18953 21705
2460 20656
19356 19357
2333 2338
361 369
12653 17484
3615 16340
6772 20466
16291 16292
16622 16623
204 11490
12604 12605
1687 1688
5373 6334
5321 14834
4591 10450
6114 13826
10099 10100
7441 7442
15627 19897
9994 15749
8305 19881
14517 14518
4768 20863
15439 19320
749 750
6715 14745
12295 17110
9647 21915
1295 1296
1956 17574
2724 2725
15117 15119
9918 9925
15221 22881
10821 10822
17132 17133
11652 11653
2817 2818
7982 19662
15096 22145
11512 20431
110 111
12076 12077
12801 12802
2792 21335
7188 7189
22874 22875
7497 7498
5696 7682
13973 13974
8475 8476
1639 1640
1269 1270
5498 6402
6496 6497
13562 13563
15063 15064
4129 4130
10862 10863
12617 12618
18171 18177
4798 4799
8058 8059
9470 9471
907 908
14917 14918
14526 14527
12803 12804
15172 15173
2654 2655
18937 18938
3881 20112
18994 18995
6391 6392
12410 18947
378 1789
9654 19737
6358 6359
16150 16151
17446 18015
670 671
7519 7520
1049 1050
419 421
4593 4594
19739 22831
2263 2264
9369 9370
17081 17082
2708 6608
16298 16300
17703 17704
1942 1943
16836 16838
5506 5507
19399 19400
10628 10629
4625 4626
14408 23466
2537 2538
20712 21653
1799 1800
11441 11442
18467 20760
18728 19846
9992 11899
8183 8184
8849 8850
11838 21515
2256 6853
6133 6134
3611 3612
12880 12881
10365 15856
3007 11791
7920 7921
39 4101
16592 16593
4099 4100
5208 5209
10563 15736
5924 5925
8965 22399
4849 4850
6559 6560
13584 13585
436 438
22124 22125
16189 16191
252 12990
4408 4455
18961 19700
16177 16178
172 19630
18690 21926
9647 10376
1239 1240
17092 17108
5607 5608
1722 1723
10132 14764
23484 23485
16168 16169
18768 18769
4445 4446
17295 17296
9719 13809
13853 13854
23263 23264
14305 14306
11183 11187
12080 12081
14249 14250
9674 17006
14694 14695
14118 14119
17252 17253
19409 19489
17785 17786
10137 13490
15097 22891
17407 20174
5796 5797
4522 8451
930 931
13873 13874
10590 10591
19605 19606
4670 7259
17023 17024
400 401
15321 15322
10362 10363
21484 21499
11089 11117
1205 1206
17733 17734
5137 5138
9051 9052
16799 18027
3621 3622
11933 11934
5006 5007
10846 18430
2523 8808
4366 4367
8503 8504
4519 23216
16674 16675
16359 16360
20086 20087
6077 12658
20107 20108
16175 16176
2376 2377
6019 6020
22733 22734
5487 5489
22684 22685
5226 5227
6597 6598
1000 1001
11425 13041
4733 4734
1952 1998
10082 10084
5407 13269
15278 15279
18903 18904
7754 7755
6420 6421
3992 20185
15703 15704
15283 15284
14309 14310
11673 11674
13139 17376
4378 4379
9589 9590
21776 21777
13623 13624
14875 18542
15297 15303
6681 20108
14163 15726
4538 4540
1991 1992
12865 15992
9086 9087
14972 20712
13591 13592
15655 17314
3465 3466
18058 21963
11 17861
20239 20240
20730 20733
17333 17339
8012 21357
2162 2164
11516 19554
3172 12699
11930 16678
10939 10940
12338 12340
18876 18879
1227 1228
7603 15256
7196 7197
11023 11035
8840 8841
10148 10149
18150 20435
12230 22348
4767 15158
19359 19360
19500 19501
19606 19607
20633 20634
1312 1313
3092 3093
1031 1759
19878 19879
5766 5767
989 991
16998 16999
12075 22653
11281 11309
21617 22071
15657 15658
17722 22764
1823 6058
14524 14525
3310 12265
7589 7590
4927 4928
13624 22352
5339 15019
20889 20902
9572 11707
4467 4468
12510 19891
10416 10417
7851 7852
14760 14761
7569 7570
245 246
6146 21483
20626 20627
6169 8088
17065 17066
8487 8506
15416 16215
10567 10568
986 987
3926 3927
2096 19628
10940 10941
13092 13093
6783 6784
15590 15815
17423 23536
1314 6321
8564 8565
16867 16868
6295 6582
2172 8113
8588 8589
5890 6632
3897 7615
16929 18333
8679 11353
5849 5850
11931 11932
6127 6128
20203 20204
10561 10562
9249 9251
1757 1758
806 22076
1150 1151
6602 6603
18875 22989
2622 2623
8029 8030
8799 20699
11 12
11925 11929
16749 18039
14618 14619
604 626
8611 8624
3838 3839
8823 11372
22523 22524
7904 7905
3861 11137
5540 15463
8910 8922
2134 2135
722 723
381 382
1810 1811
3295 3296
21713 21714
1714 1715
5389 6831
890 891
5497 10737
18102 18103
5461 18460
21045 22231
8729 8730
1669 3862
12963 12964
2688 2689
15255 15256
7255 7256
13316 16953
7981 15813
2477 2478
4652 15571
7696 7699
14827 14828
2168 8116
2798 4904
8557 8558
9112 9113
19508 22978
4514 4515
9980 21200
2861 2862
20981 20982
6839 6840
4508 15334
418 419
756 3364
1325 1326
6052 6053
6806 6807
17402 17408
10309 10310
15619 15620
10018 10199
21343 21344
16899 16900
14053 20162
16570 16571
7103 23521
4852 4853
15944 15945
18924 18925
1160 12578
13592 13596
11952 11953
23285 23286
19239 19240
20179 20180
186 7858
4711 7166
20745 20746
8369 8370
16788 16955
16095 16107
9765 9766
11846 22293
10057 10058
306 307
20526 20527
12697 17826
510 511
23198 23199
22470 22471
2778 2779
14647 21983
5837 5838
14275 14276
14900 14901
8695 8696
6640 19957
7739 7740
11034 11035
15906 15907
15468 21140
3879 3880
18347 18348
7688 7689
15314 15315
10177 10178
15951 15952
9502 9503
20268 20269
10976 10977
12030 12031
485 486
4015 15409
15608 15609
4659 9489
4525 8461
3663 16841
19851 19852
3000 3001
18795 18796
1877 19062
17814 17815
2226 5298
9501 9550
7036 7037
10137 16356
14108 21648
1693 1694
4841 4842
22175 22176
5246 5247
13108 13109
7334 7335
8816 8817
10931 10932
10368 22878
9889 9890
13160 13161
2140 2237
3750 10584
14730 14731
13571 13572
13236 13237
19359 19362
4517 21440
16341 16342
1336 5353
680 20160
12512 18007
3049 19962
18349 20617
11805 11808
15524 15525
21590 21591
5291 6673
10516 13660
14308 14309
6232 10686
11789 13982
9707 9710
761 762
5266 5267
10312 18520
16058 16059
8340 8341
7327 7328
14008 14009
5892 5893
4930 16317
11611 11612
13314 13315
16802 16805
1769 1770
7101 17499
12364 12365
20689 20690
1117 1118
6990 21042
3410 3411
5073 5396
7486 7487
8107 8108
3023 14981
2822 8752
3103 11096
18604 18605
7529 7530
614 615
4484 4486
23506 23507
21118 21119
19757 21284
14476 14477
15915 15916
19058 19059
763 764
14061 14062
15273 19739
12086 12087
8893 8894
13000 13001
17653 17654
5485 13372
6842 23278
5522 5523
476 477
7894 7895
14926 14927
6489 6490
7248 7249
19801 19802
2764 2765
11782 11783
2372 2771
13484 13485
11447 11448
2296 2297
21094 21095
11000 11001
15095 15307
11200 11205
565 1265
291 292
8432 8433
20044 20045
9045 11138
2385 2386
498 499
4808 4809
17363 17364
1038 1039
9331 9332
2129 7618
13925 20003
14677 14686
8309 8310
19951 19952
787 17036
9771 21380
8631 8632
7454 7455
6787 6788
1993 1996
15577 19575
1867 7440
8682 8683
18079 18080
7365 7366
331 8375
14294 14295
15653 17324
19246 19252
13150 13151
7392 7393
5569 5570
522 523
2938 17557
3794 3795
9234 12066
12822 12862
10027 17342
8163 8164
5231 5232
12967 13648
14763 14765
5361 5362
7655 13412
2162 10998
6839 17537
2670 2671
2460 21866
7829 19804
9799 9800
1991 8939
2195 2196
13939 13940
6838 6841
16806 17029
7943 7944
1381 1644
8453 8455
803 3870
12524 20804
21408 21413
15454 19828
19378 19379
21435 21436
23480 23481
10146 10147
4818 4819
10557 10558
6024 6025
20639 21602
4733 16003
15530 21367
15968 15969
6300 13063
16608 16609
7167 9395
2290 2291
4009 21883
8594 8595
15051 15052
7270 7271
3382 5488
12316 21588
13351 13352
8168 8169
1705 1706
341 1235
1308 5349
172 175
13756 13757
20101 23385
653 906
4997 16970
2449 2450
13058 13059
1405 1406
3249 3250
2043 2440
5683 5684
16773 16774
22417 22418
13288 13289
16787 16788
18329 18330
4077 4078
2448 7294
7910 8981
4757 4758
17461 17462
5059 5060
13059 13060
13856 13857
14706 14707
11510 11511
5838 11526
6792 6793
15440 15450
12732 15212
9294 9295
2414 2415
15361 15362
3705 3706
2186 2187
29 31
4664 4665
4707 4708
12484 12485
12577 12579
2555 2556
4668 4669
10969 18966
20233 20234
3662 3663
15905 15906
12467 12468
519 1113
6736 22577
14889 14890
14197 20443
8589 8590
3181 11577
7289 7290
7404 7405
1949 7752
2961 9161
2159 2162
343 1243
3927 6234
21634 23064
466 21724
22802 22803
16041 17859
8618 8619
13639 18424
6059 17350
8776 8777
1556 13664
4629 13508
222 223
2176 8124
7594 7595
19637 19638
10975 10976
11425 19168
601 602
18876 18882
19156 19157
13354 13355
13958 22369
10796 10797
2295 2296
2986 2987
12933 12934
21148 21149
8448 8452
378 8305
4891 4892
7142 9003
443 444
20246 22560
9757 9758
21457 21458
617 618
14425 14426
18163 18164
12577 13751
7630 21648
15145 15146
5070 10097
7201 7202
14957 14958
44 15897
15038 16923
18057 18058
17096 18620
5505 22602
2371 2372
6846 6847
6961 6963
6561 14533
3845 17822
10569 10574
1042 1043
3898 3899
17356 20338
8212 8213
4802 4842
7125 7127
8198 19884
22821 22822
4463 4464
6914 15808
11185 11186
1997 19094
6189 11923
20505 22442
3262 3263
20960 20961
4565 11225
14660 14661
7765 7766
18474 22250
16858 16859
13113 13114
22084 22085
6325 7012
3448 8131
11700 20570
4130 4131
11446 11447
1452 1453
2675 13880
16663 16670
8593 21246
8031 8034
13897 18738
5294 5295
5026 14757
10265 10266
10993 10994
3010 7331
2651 5023
17367 17368
10360 10361
14105 14107
19656 19657
2192 16684
17300 17301
1583 1584
7271 7273
16058 23457
4829 4830
11241 11242
6255 18165
12674 12675
18529 18530
10247 10248
2237 4012
13534 13535
14222 14223
3784 4592
3117 10154
6568 6569
15505 15506
19719 19720
9221 9226
1652 6008
9205 9206
13293 13294
1003 1004
14293 14294
18400 21008
5307 5308
9359 9360
5197 12791
5543 20175
11558 12208
894 895
11805 13428
21163 21180
8706 8707
10850 21199
14394 14398
4368 4369
21349 22248
17423 23535
699 3837
7232 8219
12504 12505
1132 1133
22663 22664
234 20195
2663 2669
373 4162
10289 12703
6105 6106
18428 18429
5211 5212
5090 10105
358 360
17755 17756
16822 17966
2260 2262
2909 2910
2964 16637
12495 18677
658 659
4460 10056
10377 13315
4779 4780
8518 8519
10259 10260
13892 20002
8061 21629
10209 10210
665 19171
3371 20299
14779 14780
7730 7732
9108 9109
5614 13793
6785 21556
5874 5875
1114 1123
15291 22511
20059 20060
10916 10917
8392 8393
1562 1563
21181 21182
17463 17464
17756 20212
2962 2963
8755 12780
13602 13604
17731 19333
12657 12658
18104 18105
13652 13653
13156 21020
9116 10109
243 244
17614 17615
1272 1273
14820 14821
9679 19740
19098 22512
9134 9135
7510 19420
7384 7390
1833 1834
6462 6463
14609 14610
5539 5540
1454 10130
3425 3426
9385 9386
15481 15482
23352 23353
7566 7567
10573 10574
7345 7346
494 496
20976 20977
7996 7998
12168 12169
22238 22239
129 1594
18171 18183
4168 11344
18968 21701
12904 23169
7338 7339
9914 12164
17533 17534
30 31
21891 21892
14161 18769
11211 11920
12528 20110
5654 5655
16907 16908
23472 23473
365 366
9449 16492
5931 5934
12562 12563
19348 19349
14687 14802
11391 16339
19492 23396
16718 16719
6882 6928
9418 9419
3772 3773
4012 4014
10122 10124
612 613
9209 22017
9641 13254
7065 7081
11290 11314
10016 10017
2554 2555
17517 17519
17674 17682
13802 13803
2505 2506
11158 17720
14314 14315
8221 19277
17310 17311
12078 12079
8345 12054
13402 13403
1828 4746
8661 8662
10703 10704
6888 6912
19773 19774
10130 17971
4829 7053
5370 20887
3117 9491
9574 19221
11582 11583
5083 5090
10752 12407
1200 6068
563 564
199 4993
1828 1829
13409 15107
16606 16607
21357 21358
22271 22272
2969 2970
4552 14705
13205 13206
19177 19178
9995 9996
9592 9593
9680 9683
8089 8090
16965 16966
4559 4567
19375 19376
2130 11999
19546 19964
10663 10664
10544 10545
14207 20924
14161 14163
4005 4006
2344 9515
15441 15442
22177 22178
1336 1337
8961 8962
9072 9073
9221 9222
16289 16290
19511 22968
9525 17877
1694 1695
21045 21046
15169 15170
13581 13582
6267 13826
5379 5380
11910 12809
9251 17150
325 8255
10002 11645
1855 1856
13164 17520
12174 12175
7297 13535
5633 5634
1652 1653
1015 13101
4026 4027
1490 2380
20042 20043
2185 2191
17974 22511
23538 23539
2698 2700
1622 1925
2104 2105
5027 14756
316 3226
13295 13296
8169 8170
9786 9787
18773 18774
3447 3448
23492 23493
8210 8211
2268 6851
5875 10082
12226 12227
13661 13662
5707 5708
20422 20423
9684 13487
16472 16476
5680 5681
2342 10128
9609 12947
10778 10779
14976 19407
648 2362
17235 17236
4069 14729
1212 1483
15302 15986
19508 19509
9723 9724
1779 10079
6710 6714
5066 5067
15219 15220
5548 5549
7580 7581
10405 13191
10216 13628
383 6170
1262 1263
18401 18404
15571 15572
3414 3415
13186 13189
8685 11351
204 1163
10865 10866
15 1059
12538 12539
5890 7260
1100 1101
13175 13176
4581 18313
20505 20506
19150 19151
14256 14257
20019 21158
1262 8254
20108 23414
5689 12558
2389 2391
21417 21418
5867 21976
13568 20640
8434 8435
885 16581
11143 11144
1022 1023
15056 15059
17847 17848
4291 4293
6929 6930
10021 23447
5502 11726
8419 8420
12043 21219
8949 8950
5492 10347
11959 11960
8076 21623
10051 10052
13883 21856
20714 20715
16634 16635
6230 11694
18384 18385
7025 7026
4496 4497
12486 18001
20275 20276
4801 4802
13066 13067
22982 22983
14819 14820
11507 11508
23180 23181
14345 22366
5797 5798
7395 7396
4978 20041
2770 4904
17883 17884
1176 4732
19536 19537
5812 5814
8106 8107
8905 8906
12803 20530
2114 2115
16551 16552
132 1824
16890 16891
13139 13140
5747 5748
13971 16407
17598 17599
13005 13006
3380 3381
15132 20116
8571 8572
14286 14287
3291 10466
59 60
8646 8647
8192 19858
5005 17859
10788 10789
19005 19006
20938 20939
1802 15703
17366 17368
16224 16225
21502 21503
11768 11769
4372 4373
4829 7047
15243 15244
8046 9465
4361 5794
729 730
15500 15501
20527 20528
1961 1962
12484 12486
18357 18368
20 22
132 1823
23329 23330
14573 14574
9257 9258
10114 10115
10041 18527
16688 20761
7415 7416
11512 11513
16249 16250
4012 4013
18032 18033
8890 15924
5621 5622
13534 21678
14362 14367
8141 8142
6535 6536
6488 6489
13063 22377
1030 10739
5148 5149
5700 5701
20357 20358
6230 6231
2308 11079
2886 6964
2514 2515
1040 1041
16309 17287
4127 4128
3761 8356
1098 5823
17885 19764
74 75
18529 18533
7217 15434
16007 16024
6075 16554
4920 4921
3384 5489
13897 16468
4745 9234
743 744
6980 6981
20050 20051
12956 20712
8820 8821
2026 2027
7731 15457
3918 3919
6957 6958
15166 16237
9920 9921
8651 8652
9724 14918
387 389
6413 6414
14139 14140
908 909
18474 19502
832 833
922 3660
6110 6111
1706 4613
4412 4413
556 2030
1956 1957
8468 8469
20258 20259
328 329
4002 4003
378 21535
12751 12752
4138 4139
2288 2289
3237 3238
7105 8991
13904 13905
14956 14959
22220 22221
20697 20698
17670 17671
114 6852
11286 14859
16888 16889
3868 3869
7112 23389
12819 18647
18170 21203
15093 20332
16800 17549
1003 1730
11421 11422
17155 19490
7979 16826
6577 6578
2795 2796
5225 17453
10254 10255
12087 12088
19031 19032
6935 6936
5790 5791
8411 21269
123 11122
477 3764
9077 9078
2760 12207
19230 19231
11783 11784
7534 11400
8079 15062
21094 22344
20311 23496
22580 22581
3781 3782
7912 7913
19938 19939
3592 3593
1822 6057
8641 8642
2636 10238
1253 2730
4622 4623
2212 2213
20913 20914
505 7314
14847 14848
3462 12889
22414 22415
2525 2526
17661 17662
5711 5712
1667 19675
20162 20163
383 12240
18525 20732
9720 11035
3663 16845
20103 20104
12522 12523
15975 15976
23261 23262
18873 18890
13767 13768
11288 11308
11339 11340
12985 12986
4257 4258
1613 1614
2337 2338
7535 14319
11023 11036
10825 10826
3976 23279
11131 11132
6082 6083
23131 23153
2200 2203
1641 3873
19362 19363
587 588
19631 19632
11874 11875
4413 4414
12277 12278
4485 23503
5730 5731
462 6159
9625 9626
3317 11833
4876 4877
7179 7180
15257 15259
29 1749
627 684
21368 21369
10915 14048
1146 1163
12111 16293
1671 5642
5588 5589
18876 22284
2735 2736
15384 15385
309 310
2342 10126
15201 15202
17730 17731
18590 18591
12498 12499
18597 18598
6168 11410
2118 12001
19843 19844
16066 16067
1005 4069
8529 16992
5857 11973
9982 9983
8468 10361
13850 13851
8755 8756
2458 21868
20985 20986
2016 2017
7057 7058
16194 16195
11695 11696
16640 21031
6978 13956
20598 20599
21940 21941
14582 14583
9954 22185
2695 2696
12998 13899
284 285
3927 6232
14518 14519
15651 22447
14571 14572
1148 1149
1549 1550
2321 14683
22380 22381
1793 15711
6828 6829
12148 12149
3395 13778
14152 14170
9813 9815
22406 22423
5615 5616
19166 19167
6738 6739
6069 20684
9530 9531
20826 20827
15779 16141
21861 21862
2723 2927
18609 18614
4618 4619
18041 18042
7697 7698
1835 1836
5251 9277
6242 8079
8653 15138
9171 9172
4528 4529
22505 22506
9083 17594
10495 10496
14383 17307
2789 2795
5413 11315
8349 18478
1899 1900
1949 12584
12083 17789
20605 20606
5171 5184
4855 15677
23027 23028
1009 18324
147 5768
4541 20143
13330 13331
7643 7647
22582 22583
18143 18144
9337 18977
15928 18599
11564 11565
7159 7160
8455 9924
7780 7781
8465 10361
16926 16927
741 16438
3212 3213
12059 12060
18066 18068
16017 16018
12802 12803
8302 9371
12284 12285
4086 4108
45 46
22648 22649
18537 18538
9246 14490
6002 6003
4627 4628
19002 19857
16665 23171
371 372
12232 12233
548 2022
2166 2235
9327 9328
15294 15985
11139 22037
2158 11896
2269 2270
1200 19741
6802 14687
17709 17710
10470 10471
8464 8468
3107 4598
20542 20543
6350 6353
11842 21517
19493 19494
4834 15956
17284 17285
253 254
17313 17314
9020 9021
16308 17290
10128 10129
6997 21043
2258 2259
22715 22898
2088 2090
7038 16086
1774 11297
3109 3110
3992 23392
2927 2928
5439 12735
4873 4874
4249 11127
8588 8591
8029 8031
75 76
16888 22077
8270 19877
8655 20132
554 555
10441 10442
2304 8761
4046 4047
6790 6791
17406 17407
16412 20892
17642 17643
1222 1480
114 450
1997 1998
1871 1872
2264 2265
8343 11496
1529 1530
6188 6189
2685 2686
3126 10150
7742 7744
3899 3900
23273 23276
9040 9041
6554 6555
16342 16343
14932 14933
13348 13349
16136 16137
11482 11483
16817 16818
3495 6686
5842 5843
2399 2400
11474 11486
10038 10047
3435 19955
17381 17382
8444 16885
362 363
2141 21886
17995 17996
9094 9095
2457 21868
7321 7322
2164 11947
15907 20453
6839 17543
18005 18006
5937 18898
3725 14413
6524 6525
14953 14955
17789 19229
1825 1826
1406 1407
4327 4328
8645 23077
8666 8667
19085 19086
19149 19150
1188 17009
1140 20836
15020 15021
5941 5942
4950 13495
8269 8270
20079 20080
18243 18244
3919 3920
14758 14759
10564 10720
323 1400
14876 14877
145 146
1983 1984
5481 21826
4415 4416
1401 7596
13795 13796
7995 8010
15298 15302
12976 12977
18879 18880
990 991
9663 9664
15888 15889
22657 22658
1426 1427
697 6253
21277 21278
7711 7712
448 6161
1670 5642
5927 14617
11772 11773
8886 18983
3863 3864
16483 16485
11239 11240
9707 12883
1604 1605
20128 22708
2533 2534
9546 9547
3460 3585
3243 3244
4400 15084
17427 17428
4293 4294
6832 6833
15508 15509
18965 18966
22405 22422
10193 16536
21808 21809
7410 7411
4913 20996
15648 20600
17597 17598
12004 12005
8082 8083
8089 14512
3530 11323
2722 2723
3743 3786
18016 18017
4692 4693
11270 11271
8390 8391
22806 22807
16021 16022
4569 9021
9261 22393
18 20
8373 8374
9511 9513
16124 16125
5372 5373
3881 3883
5130 9477
19358 19359
4210 4211
21192 21193
21263 21264
16579 16580
6455 6456
6075 6077
5376 5377
3755 10162
12440 12441
634 635
20082 20083
877 878
1110 3912
6754 6755
11527 11528
3117 3744
8348 8349
2154 2155
23132 23133
15813 15814
11478 11479
3304 3305
21571 21572
23408 23409
12432 12433
17481 17482
21815 21816
7901 11099
8129 9216
13414 18835
3543 5276
5895 7545
8644 15135
2747 13195
1023 1024
8059 19388
1808 1809
14837 14838
2635 10239
12369 18259
1676 1677
16151 16162
17004 17005
20524 20525
6264 6266
6615 6616
11804 12042
6115 15436
17351 17352
5082 5083
6468 9414
11497 18388
3743 8057
1357 1358
15 16
10278 10279
9979 18595
3109 5242
5742 12559
5563 5564
7194 7195
11515 11516
3754 18971
15885 15887
12566 12567
3168 3169
14712 14713
7187 7188
13037 13159
6553 6554
14137 14138
2044 7175
3539 5278
12159 13798
15685 15691
12709 12710
1361 2400
14525 14527
2653 2654
8633 16026
5118 5119
11584 15226
11939 16679
3105 3755
2731 2732
18560 18561
9973 10901
15224 20793
15182 15183
17437 21525
19118 21160
10126 16471
3461 12889
3381 3382
7483 7484
7635 7636
715 716
7009 9810
9018 16983
20069 20070
9718 9719
5078 14616
7298 7299
21948 21949
4493 4494
1777 11275
4424 4425
15372 15374
11521 11522
11090 11091
5193 15165
2164 2165
21037 21038
4522 8450
2777 2778
344 771
2159 2167
13007 13008
16578 20546
13155 13156
11975 11976
5740 7892
10369 10375
1125 1126
21506 21507
5478 22279
723 16440
22411 22412
16449 18748
21163 21174
4647 18122
2112 2113
20004 20005
6369 6370
29 9319
7910 7911
22310 22311
8312 11469
3461 3584
14349 14350
14945 14946
11532 11533
3819 12373
8611 8645
13470 23308
2644 2645
22909 22910
13878 13879
344 1242
18217 21271
19400 19401
1055 1056
20088 23458
892 8441
8976 21920
15561 22163
19506 19507
11444 11445
11827 11828
3097 3098
7844 7845
3218 5542
7557 7558
14552 14553
12885 15212
5461 10996
19659 21154
3858 12729
4526 20764
6652 6653
22914 22915
20397 20398
7629 7630
103 104
13030 22837
110 17776
3680 18243
21446 21447
12049 12050
8076 15572
6019 6637
6140 6716
9407 12237
16905 16906
8751 8752
4777 20853
7375 7376
3120 7889
932 933
17477 17478
15269 20754
4051 4052
16924 16925
12172 19327
6626 6628
514 7309
5371 13972
18698 18699
4806 4807
17037 17038
11796 11797
16151 16152
11077 14401
5967 5968
12763 12764
2313 2314
12977 12978
6010 6011
15419 15420
18268 19561
19604 19621
4226 7382
22645 22646
353 5355
18827 18828
7631 21648
14630 14631
5356 5362
8021 8022
11203 11204
19513 19514
6196 6197
8835 8836
1786 21852
5876 10628
5644 18409
12088 12089
13550 13551
7644 7645
8746 14638
4566 4567
7335 7336
17472 17475
12808 12809
9153 9154
4216 17907
11504 18139
8478 8479
12534 12535
4832 4833
4862 4863
3889 3890
3073 14361
1392 2396
2699 2700
387 11402
5528 15416
10128 17959
7041 23225
11871 19829
8137 8138
681 23334
5461 20763
1008 6547
18879 22990
17028 17029
14611 14612
3345 3346
19582 19583
15979 15980
19056 19057
2920 8293
3184 3185
7528 7529
23331 23332
12312 12313
12336 12338
4913 5100
2051 2899
4126 4127
367 4163
15584 15585
2951 2952
16818 17020
8162 8163
19961 19962
7798 7799
1151 1152
19108 19109
5032 5033
19629 19753
7949 7950
13416 13417
6235 19918
14437 14454
1672 9062
2030 2031
1725 3118
9614 12950
9680 19739
1655 2989
6470 6471
9324 9325
3380 5491
266 22584
184 185
4227 12754
11991 11992
1036 16125
2547 2768
7288 7289
4699 4700
9407 13119
4329 4330
21249 21250
199 17557
15250 18249
12476 12477
158 15649
7262 7263
5826 5827
3123 3124
9798 9799
3851 3852
13015 14695
9785 9786
19041 19042
9263 22392
739 5091
2829 2830
18462 18463
22201 22202
16059 21247
17885 19340
15658 15662
7113 11233
7279 7280
8078 8079
621 2807
11553 16468
15754 17202
9930 9931
3894 7544
2888 2889
1124 1125
11976 11977
7862 7863
7551 7552
20825 20826
2132 2133
3578 3579
13919 13920
1538 20318
12316 12317
947 16174
16458 16480
5110 5111
2511 13297
11520 11521
16818 16819
3862 4248
4849 22375
11490 20745
9469 9473
2571 2572
5370 13971
7523 15042
13439 13442
17538 17542
5424 10325
175 176
12230 21211
12487 12488
16230 16231
18802 18803
3070 22200
5532 5533
17988 17989
13292 13293
21189 21190
1877 21801
1814 1815
4084 4085
5095 9149
828 829
3733 6341
2342 13809
16915 16916
3650 8411
19906 19912
16146 16147
8024 8025
18360 21625
8554 9295
7980 20519
11194 12491
11545 11546
11879 14267
23304 23305
3043 3044
19684 19685
16811 16813
12747 19600
16433 16434
8247 8248
6073 11022
20937 20939
14348 14349
15238 15239
74 1333
8775 8776
11159 11163
7383 7384
605 2971
7945 7946
6575 13054
2523 4252
13888 20173
16799 18038
14417 14418
4530 4531
20909 20910
22459 22460
7750 7751
344 7164
10468 10469
2973 19271
4275 4276
4087 4113
1596 6758
168 4649
21933 21934
21515 21516
5678 5679
3555 11923
3050 3051
8896 8899
9790 9791
6807 6808
12649 18236
12664 12665
16837 16838
6654 12560
204 17555
1607 11254
9391 9392
3516 12888
3987 8191
8611 21492
7624 15364
4773 4774
19548 19964
808 10900
10494 10495
8305 19892
5094 5095
10629 10630
17640 17641
2629 20335
8546 8547
22922 22923
17779 17780
8219 14659
12685 12686
8455 13527
4035 4036
3429 13185
15388 20389
12674 22138
3151 3152
15132 15133
6134 6135
10845 18429
4741 4742
3726 21991
18050 18051
16008 16009
8200 21854
4784 4785
1343 1344
5121 5122
1880 1881
19410 20589
13993 21676
15223 20791
3835 12974
12361 12372
4696 4697
6095 6096
18219 21271
11439 11441
111 17776
7657 7658
15688 15689
13575 13576
16741 16742
800 1743
2604 2605
7312 21872
4174 4175
8087 17713
13192 22559
855 856
19285 19286
5756 19006
1088 1089
2185 20371
5914 5915
21827 21828
8604 23063
15121 15122
12484 14468
13588 13589
12860 12861
10200 10903
4671 5891
8970 8971
2011 2012
2788 21341
8758 8759
21932 21933
4765 9850
2486 2487
11486 11487
6570 6571
17479 18421
5599 5600
11865 11866
19152 19153
14257 14258
8611 8616
709 5070
15188 15189
2516 2517
14935 14940
4433 9697
2841 2842
12404 18949
15579 17672
14529 15763
11888 11889
1218 1219
1423 1424
8733 8734
9751 20995
2461 2462
1214 1483
16971 16972
13170 13171
18801 18802
662 11147
327 4694
10295 10296
498 8676
8225 8226
12744 12745
13284 13285
8569 23167
10734 10735
9539 9540
3096 3097
1882 1883
11560 11561
5284 14373
17055 17056
15354 15355
12114 20497
15331 15332
2450 20784
19545 19546
5390 6830
14267 17428
8608 8609
8620 18330
11883 17421
9268 12775
1108 1110
365 18540
6164 6165
11743 11744
6839 17538
13679 13680
13579 17933
13425 13426
18644 18646
15100 15101
3653 19097
10964 10965
5954 5955
5663 23159
13404 13415
1931 1932
19056 20334
1790 15099
11721 11722
7355 20334
2645 2646
8071 8072
12844 12845
8345 22254
3971 3972
12924 12925
5476 5477
10422 10423
18239 18240
19162 19163
6833 6835
7838 7839
4022 14687
6262 6263
2222 2223
14868 14869
7679 7680
14897 14898
8417 8418
8397 17475
6035 6036
6092 8172
18661 18662
15399 20145
6053 6761
19371 19378
989 4229
4220 4221
12932 12933
5037 5038
5096 10750
9602 9603
11411 11412
18468 20759
14076 14413
13350 13351
4208 4209
21591 21592
223 19399
5265 5266
19042 19043
7977 15041
9676 17006
13037 13038
19227 19228
11619 11627
9713 11039
21325 21326
21188 21189
5718 12550
6787 11371
12359 12360
16490 20255
22898 22899
19315 19316
10890 10891
19989 19990
9455 18809
19627 19628
2152 2153
3943 3944
11108 11109
7921 7922
6536 6537
5642 17024
1957 12276
8367 14774
22948 22961
1153 1154
15292 22511
10332 10333
2452 2453
6204 7882
7150 7430
17949 17950
6077 19692
11465 11469
91 92
4719 9309
1939 8904
15233 15234
14489 18004
751 752
3927 10689
16221 16222
21584 21585
6069 20623
15510 17838
4745 4746
18410 18411
3406 3407
14237 14238
9968 10883
838 839
15447 15448
9244 9247
1690 12756
21611 21612
16853 18772
11698 16130
5141 5142
14444 14445
7 785
8529 16986
23410 23411
22402 22403
21673 21674
21810 21811
5875 5876
11197 11198
15030 15031
4145 4146
18149 20435
12894 12895
1591 5562
7699 11381
4500 17178
18482 18483
21546 21547
22203 22204
17912 17913
18133 18134
9208 9209
15068 15069
22508 22509
14104 14105
6185 6186
7969 7970
10492 10493
20766 20770
2025 3593
17769 17770
2674 2675
19295 19298
16328 16486
3790 3791
5022 7122
2283 2284
7936 7937
14441 14451
23319 23320
476 21290
9062 9063
8885 8886
8674 8675
13921 19999
14279 14280
5424 18385
3309 10424
21043 22231
14277 14278
2024 2025
12081 14100
16868 16869
17179 17180
3080 3081
22430 22431
895 8443
15494 15495
17256 17257
13797 13808
10505 14241
11557 12208
12052 12053
13055 13056
5485 10343
4518 21440
12553 12554
7356 7357
17561 17562
21103 21104
14709 14710
4946 13495
17812 17814
8875 18984
4847 19693
1554 7687
17003 17004
18837 22257
10368 10369
983 984
5030 5031
21602 21603
7079 13416
5370 16403
2223 19631
12443 12447
2342 20097
2704 14228
16472 16479
8635 8636
3718 3719
6818 6819
1107 1108
10061 16185
9864 9865
16548 16549
5809 5810
18156 18157
7034 16093
114 148
16954 18496
1656 4771
13896 13924
18699 18700
23450 23451
13209 13210
2219 21902
3760 18484
18731 18732
1868 16663
9180 12639
9404 9405
775 1749
1959 17575
1373 1374
11782 15328
6558 10161
9275 9276
7307 7308
18022 18023
119 120
18909 22373
5113 5114
9121 9122
17141 17142
1809 15691
8900 8901
9787 9788
17654 17655
10831 10832
3644 4693
4266 19794
1007 5691
2010 2011
11065 16954
16810 17027
13555 18811
4377 4379
5916 22938
14327 14328
1146 9276
2813 4903
1015 5856
2814 2902
16280 16281
3710 3713
9612 9613
13414 14666
15652 15665
822 823
9144 9145
7204 13718
6315 17365
5981 8161
21610 21611
7047 7048
18325 18326
20026 20027
11284 18713
15124 23049
3404 7592
18909 18910
21391 21392
11756 11757
13218 13219
13419 17597
2141 15410
4298 7134
10302 10303
1323 1324
11930 23281
2043 13364
3395 10340
19809 19810
18918 18919
1787 1788
12684 17827
925 926
3477 21021
15334 20133
15116 15117
18397 18398
3075 3076
3384 5493
15274 18744
8640 16033
10186 10187
19074 19569
12411 17301
11859 22043
4574 4575
15562 15563
17631 17632
14245 14246
4721 4722
6834 6835
646 647
19504 19505
44 45
1843 1844
20008 20016
9753 9754
17141 23031
8185 8186
9908 9909
7599 15251
10361 15607
5283 5284
12949 12956
9344 9345
6736 22579
12804 12805
12882 15982
2125 20261
5681 5746
15290 19890
259 7976
11106 11107
10894 10895
14802 14803
14411 14412
3876 20987
6176 6177
8833 20466
5869 14226
9581 9582
15075 15076
1432 1433
6916 6917
18856 18889
17846 21810
18653 18654
14306 14307
9896 22170
4508 20133
689 6254
8342 8343
2561 2562
8977 21913
9616 9617
15235 15236
15169 16236
11017 17313
21089 21100
14146 15282
2307 4628
7835 10448
12121 12122
18229 22219
5478 13777
20737 20740
3902 3903
7265 7318
7815 7816
12463 12464
7981 16866
2208 16688
1330 1331
168 169
796 2376
1534 1535
8592 16936
13395 13396
21966 21967
10375 10376
19622 19623
7579 14692
8249 8250
11468 11469
17486 17487
6225 6226
19069 19070
12098 12099
1047 7161
5702 7684
6244 6245
2998 13462
11272 11273
9976 21200
5842 16979
6830 6831
11766 11767
11934 11935
5495 21581
4837 4838
15093 17074
10137 16360
10432 12018
9100 9101
2727 6079
14510 14511
1265 14535
8632 8633
22731 22732
9042 13786
4775 4776
18042 22441
9946 11151
23045 23046
10364 10365
5255 10764
3009 11791
13135 17380
11854 11855
5253 5254
8064 8065
13276 15487
5429 5430
13286 13287
11704 14232
7983 19662
11586 12315
12005 12029
10056 21294
11513 21283
10122 10123
15012 15013
4997 4998
16264 16265
7341 13668
23435 23436
9279 9280
12526 12527
2943 7168
16366 16367
2945 2946
22892 22893
2602 2603
9364 9365
18684 18694
22105 22106
15531 19567
19757 21287
3351 3352
18330 23263
8597 21260
6889 6890
9618 9623
9146 9147
17283 17284
5444 5445
13972 13973
18258 18259
11374 20461
14473 14474
36 1303
11086 11087
9779 9780
192 193
5729 5730
1020 7135
1638 1639
15399 23315
19591 19592
11246 11250
16472 16473
116 117
371 4162
9202 9203
12938 12939
7931 7932
3318 3326
12630 12631
275 276
2641 13843
4860 11558
10445 10446
4276 4277
5800 5801
11856 15026
8568 22519
15972 15973
12214 12215
12494 12495
17113 17114
14796 14797
8640 16032
6996 6997
7852 7853
23351 23352
11320 11321
10038 10039
17783 17784
699 5387
14477 14478
13558 13559
11936 19949
3568 3569
15612 15613
2459 22778
1891 1892
12221 13704
8989 8990
6681 6687
10397 10398
7405 8859
22166 22167
4863 11262
5479 5480
8893 10412
10063 10064
20272 20273
18103 18104
5498 5499
12800 12801
226 227
9333 9334
23395 23396
23233 23234
1928 6078
5788 19060
19421 19422
21750 21751
10118 10119
11157 20238
3900 3901
11932 11933
8696 8697
23062 23063
21686 21687
6248 22986
15653 17316
2326 2327
13798 13799
9274 9275
3197 3198
10760 10761
16544 16545
17104 17105
14528 16365
478 9260
6833 6839
1640 2416
5221 5222
425 2256
21733 21734
16463 16464
2546 2751
15565 15570
10683 21762
282 15392
5897 11084
11904 20772
15089 15090
7506 19427
3275 4677
16908 16909
2633 2634
2651 7359
8601 19547
9709 10516
693 6271
3799 3800
12058 18617
19034 19035
14023 14024
15262 15263
14925 14926
12568 12569
20094 20095
7663 7664
15934 15935
14117 14118
23125 23154
2140 16215
7430 10099
9542 23186
20285 20286
17479 17480
773 5351
5158 13727
514 518
8750 8751
21994 21995
14944 14945
6208 6209
5936 18877
3808 3809
916 917
15302 15303
225 226
8072 8073
2781 2783
11489 20756
8806 8807
3211 21946
10188 21673
15396 15397
11712 11713
7868 7869
20645 20646
1597 5332
18586 18587
7426 7427
4225 4226
14173 19204
754 16437
19124 21159
10615 10616
11752 11753
9867 21355
4055 7786
1005 1006
19568 21331
3605 18973
10906 10911
8205 8206
19647 19648
6061 6759
8749 15538
13737 13738
31 62
18250 23499
16131 16132
2179 8238
10782 17125
2786 2787
17841 22220
13140 17377
17 1089
1634 11415
370 17782
14435 14436
10155 18900
8511 8512
3177 3225
10681 10682
6655 14725
20736 20738
19851 22547
5688 5689
157 158
6639 6640
3158 5187
8504 13886
4804 4805
2061 3917
18349 20615
15690 15691
17673 17674
8878 8890
2638 2639
10163 10164
5184 22803
17078 17080
13075 13076
20498 21697
19282 19283
3504 3505
20100 21741
14804 20055
5098 14094
8166 8167
9613 9614
3603 5812
2084 2184
7112 10132
6265 6266
10721 10722
8823 8824
14082 22210
9642 9643
6439 15311
1096 1097
15784 15785
8671 8672
15448 19322
212 213
7299 18016
18935 18936
22849 22850
9648 16388
3996 3997
16053 16054
15802 15803
259 11972
2088 8819
17076 22298
16997 16998
15843 15844
5124 5125
17158 18634
11165 11166
17513 17514
387 393
7545 15790
2539 2540
1779 1780
11537 11538
21657 22611
1755 1756
3637 12892
13249 13251
2088 12003
13790 13791
3535 3536
6299 6300
7124 7975
11098 11099
23109 23110
8383 8384
22005 22013
5889 5890
22805 22806
16990 16991
7302 7303
7748 18807
2874 2875
4508 4510
15221 15222
5687 18312
19946 19948
1773 11298
10263 12863
6774 17821
1107 1484
1251 1252
5129 5130
9568 9569
1146 10560
12184 17447
14488 14496
4088 4090
4297 4298
17804 17805
13262 13263
8146 8147
2302 2303
19897 19898
2428 6719
18605 18615
6349 6350
13455 13456
1752 6791
6796 6798
10487 10488
15596 15597
6992 15155
4411 4412
135 1588
7132 7133
2962 13518
21462 21463
8647 8648
18658 18667
5878 5879
7652 14148
17315 17316
4947 13497
3922 3923
15245 15246
159 160
7833 21254
12914 12917
16434 16435
11902 11903
16703 20878
3377 3378
20657 21611
19102 19103
14412 21991
2071 2072
13638 13639
20997 20998
15922 15923
6469 6470
6499 6500
23413 23414
431 432
7625 7626
6780 6781
3305 8708
4743 4744
8922 12138
8993 8994
4205 7237
17139 17140
5614 5615
2144 4009
10229 10230
13202 13203
4485 15783
8333 16872
21163 21165
1679 1680
1242 1243
3958 3959
15813 18603
8446 8457
22615 22616
7437 7438
2181 3980
21959 22543
1518 1519
16001 16002
5812 5813
520 920
17853 21816
12008 12026
6764 18439
19718 19719
386 19875
11479 11480
21399 21400
10003 22161
21990 22003
22956 22957
11154 11155
6250 20514
5288 20680
4355 5022
17911 17912
4416 4417
3738 3739
7701 7702
8271 19870
1032 1760
5720 5721
12908 12909
14974 14975
9527 9528
8934 8935
8971 8972
11785 13805
1628 1629
17969 17970
6741 23292
7217 13717
2687 2688
4977 4978
16532 16533
5126 5127
4321 4322
5684 5685
20407 20408
6342 6343
8394 17478
329 1215
8869 13569
7093 7094
21673 22616
8956 8957
6307 6308
11004 11005
353 354
15723 19357
1664 17977
11150 11151
11878 14267
21888 22500
6606 6607
16905 20339
17011 17012
1770 5764
14806 14807
9563 9564
12318 12319
5920 22930
22381 22382
18470 20759
3759 3760
3143 20378
7214 7215
15869 22526
276 3948
18636 18643
2548 10512
21178 21179
14973 14974
16832 16833
17212 17213
2234 8112
14419 14420
11118 11119
12940 15435
22074 22307
7043 7044
3346 3347
18382 18383
1641 7537
8625 14756
14306 14309
21477 21478
13157 22599
6177 17266
12687 12688
8991 23519
3209 3210
2512 2513
12354 12355
902 2410
1394 1395
7534 7535
22556 23258
5389 12700
14422 22886
8832 8833
20477 22559
10315 19755
9685 9686
1239 9867
19113 21161
9269 12489
18132 18133
3532 7403
7442 7443
12083 12084
2588 2589
2232 16215
5889 6632
1506 1507
11498 11499
260 1699
18111 21418
12816 12817
11856 18722
1836 5812
3546 5275
14355 14356
9862 9863
3599 8156
19054 19055
5031 5032
9570 9572
3318 8845
3906 3907
10172 10173
3318 3328
9637 9638
181 6785
7919 8981
3181 3182
15261 17807
15285 15286
15772 15783
17773 17774
5488 5489
394 17692
12144 12145
6073 17309
667 19169
8339 8358
15501 17973
12309 12310
4479 18444
3767 17241
9543 9544
2476 2477
16932 16933
589 1615
6820 6821
3710 17187
7828 19806
15355 21657
4418 4419
13339 13340
14831 14832
2484 22469
9530 17875
13287 13559
2418 20311
3002 3003
4678 19264
18036 18037
16124 19850
20748 20749
527 528
20656 20660
3311 3312
14955 14957
13083 19742
866 867
19165 19166
2341 3282
12554 12555
11358 11359
8355 20181
5315 14834
4733 17096
2614 13860
21971 21972
13626 13627
9152 9153
19607 19608
5985 5986
5402 5403
10389 10390
7547 7548
9782 9943
519 1165
1242 9881
3951 3952
8958 8959
1751 6220
8187 8188
6436 6696
5913 18874
771 7577
8587 8588
20611 20612
8136 8137
10313 13815
12834 12835
5594 5596
11353 11354
9871 9873
3505 3506
7737 20701
2090 2091
5924 22932
18740 19030
6914 7817
9784 9948
3379 3380
5645 18410
4700 4701
388 8088
12483 15399
17947 17948
7269 7270
4486 10026
1828 4745
2061 7715
8161 8162
2898 3404
15385 15386
9265 9266
20736 23038
13086 19282
1515 1516
9024 9031
2704 5092
16821 16822
20443 20444
1164 1447
22133 22134
5615 14502
7479 7480
9634 9635
7951 7952
19890 19891
16735 16737
14493 14494
3538 12886
10886 14035
6100 14704
19743 19744
21149 21150
15454 15455
707 5070
5825 5826
20500 20506
17674 17675
3782 3783
21436 22299
6348 18489
5444 13217
2164 17546
114 16694
6991 6992
1656 4772
1168 1170
4795 5787
8709 10431
10518 13813
5938 5939
5289 5296
3220 3302
16619 16626
22522 22523
7563 7564
2523 4552
17071 17073
11558 11559
16077 16078
420 6162
4857 4858
3459 3460
24 15891
12866 12867
624 19665
15046 15047
12764 12765
10919 10920
6250 20507
16248 16252
17487 17488
9736 9737
6681 13363
13596 13597
1182 1183
13983 13984
15659 15660
8655 8659
15200 15201
6400 6401
1561 1562
19424 19425
2118 2119
1665 9841
23385 23514
5909 18897
2237 15410
11949 12583
16378 17135
4813 7550
327 3645
6197 6198
1111 1113
9789 17273
203 1448
11809 11810
1577 1578
7507 19427
16383 16384
14042 14043
555 556
4869 4870
7647 9596
20514 20598
16241 22872
18893 18894
21298 21311
6335 16416
5439 9343
6792 6796
2678 2679
2862 2863
3461 3462
11516 20456
8973 8974
16577 17999
1718 15365
12054 17105
393 23461
3135 3136
20198 20199
18378 18379
6850 8188
12857 12858
6802 6803
8904 8925
11472 15548
2214 19637
8592 21244
5944 5945
14076 14077
4551 4570
6494 13988
12565 12566
2478 2512
16846 17152
8493 8494
13351 15639
11019 11020
17019 17027
6097 6098
10601 10602
19091 19092
3482 3483
614 6436
8845 8846
7285 7286
1650 14395
12574 20967
6676 7240
3769 3770
4980 4981
9079 9080
9712 22685
8874 8875
6871 6872
19133 19134
12051 12052
10786 10787
123 2054
5450 5451
4851 4852
3611 3613
21169 22194
1369 1370
3694 15953
10746 10747
7257 12101
6316 6317
8134 8135
11515 19757
9021 11212
6159 17277
7067 7068
520 521
3276 4675
11804 19377
20705 20706
7541 21569
1709 1710
6074 8405
23401 23402
15160 15161
7303 7304
4912 4913
875 876
12691 12692
4682 4683
495 496
629 23324
15778 15779
12448 22065
3711 3714
8288 10640
14639 14640
537 10467
7 8
7856 7858
14996 15245
13922 13923
12127 12128
10136 16359
3233 3782
19691 19692
3595 3596
13474 13475
4840 4841
10747 10748
17758 17759
13664 13665
15531 15534
22764 22765
7742 8943
2962 7173
20958 22228
17024 21777
452 453
3070 21479
15845 15846
13822 13823
19163 19164
11074 11075
1141 1142
7985 7986
13470 23307
12837 13613
2352 21239
7296 16521
14931 14932
22087 22088
13219 17117
7191 7192
19641 19642
19964 20920
777 778
10135 14762
19381 19382
12743 12744
11864 11865
9688 9689
3777 8837
4079 4080
1784 11275
249 13141
14138 14139
2145 19553
17166 17167
1203 1204
9533 9534
11420 11421
21419 21420
378 388
7830 21257
17503 17504
8404 8405
1945 1946
5904 5905
6809 6810
9233 9262
5071 12973
15319 15320
175 195
3992 3995
20736 21544
2212 2215
10596 19066
9721 11040
7890 7892
6857 6858
4817 4818
14414 18683
8002 18356
8833 20464
16702 16703
6968 17745
15032 15033
1823 2584
20097 20098
4090 4092
17579 17580
7083 7084
9244 14489
23195 23196
18800 18801
15336 15337
14295 14296
11334 13519
10391 21073
18514 18516
14997 14998
17536 17537
8492 8493
8079 8080
2569 2572
12749 12750
12060 12061
4365 21859
7339 7340
342 343
7488 11821
12418 12419
15373 15374
10888 10889
5875 10081
6431 6432
2049 5625
22649 22650
1618 1619
10682 10683
14407 14458
7820 7821
15346 15347
17206 17207
10585 10586
7119 7120
470 5222
16310 17287
4451 4452
21993 21994
7105 7106
5946 5947
4294 4306
13277 13278
12720 12721
4370 4371
12515 23081
10674 10675
2013 2014
10419 10420
4759 4760
12282 20018
4691 19273
6664 6665
11416 11417
14313 14314
7957 7958
123 124
17309 17310
5976 5977
14572 14573
15224 20792
2563 2564
6990 22899
2022 2023
3344 3345
6250 17613
3940 3941
2055 3916
20787 20788
10637 10656
11720 11721
4889 13262
9099 9100
16842 16843
13398 20725
1029 11520
14734 14735
14176 14177
8068 18364
22220 22226
8524 8525
1306 13910
22862 22863
4764 4765
14585 14586
10456 10457
1136 1137
9212 9213
16957 17023
22383 22394
12593 16791
18056 18057
9271 12776
8289 8290
10674 23482
18895 18896
20313 22048
9486 9487
267 268
8080 8081
508 509
1395 1396
9647 21916
21459 21460
17 3398
15223 20790
4547 7092
19125 19126
14555 14556
23025 23026
9290 9291
19677 19678
4015 4016
12815 12816
18406 18407
19140 19141
7864 7987
20776 20781
7613 7614
6958 6959
18013 18016
6577 13053
18525 20744
1661 9844
20023 23211
12272 12273
9536 17872
19550 22495
6740 6741
10059 10060
21739 22008
9084 9085
2578 2579
5364 5365
1056 1058
8539 17866
17957 17958
11649 20768
20041 20042
8559 8560
5836 21935
9901 21975
5918 22928
8501 8503
18634 22850
12850 12851
16552 16553
22458 22459
259 5857
9406 9407
903 904
6678 6705
3897 3898
2179 2180
129 2055
7349 7350
10471 10472
2875 2876
927 929
775 6690
10204 10205
4278 4279
15303 15304
5885 5886
1662 9844
776 777
13811 13812
17841 17842
19375 19379
6988 21041
11469 15548
11060 11065
4816 4817
11825 11826
6770 6771
791 792
9848 9849
13857 14799
17016 17017
547 1848
9612 20713
15149 15152
6742 6743
6899 6901
267 12903
10721 10723
16533 22613
14844 16535
19429 19430
731 748
4936 6901
8167 8168
11174 11175
5040 5041
17331 17332
7523 12453
15464 15465
4653 4654
5915 5916
3814 3815
20058 22486
3490 3491
17554 17555
9403 9404
5635 5636
20952 20953
18587 18588
10065 16714
5356 5358
9110 9111
21747 21748
616 617
21918 21919
19199 19200
8464 8465
8031 8045
2591 2592
11502 11503
4652 23344
5398 15459
8152 8153
15178 15179
19278 20866
2668 2669
21667 21668
7280 13556
3419 3420
9284 9285
22255 22256
11470 11471
2749 2769
444 445
3755 5239
12276 19083
8395 8396
950 3499
4949 13498
14669 14682
9747 9748
16403 16404
1989 1990
2161 11897
3665 3666
2465 2507
11859 22044
21 22
5384 7159
3431 17514
4223 7364
7419 7420
19037 19038
10844 10845
4861 18737
2580 6164
13986 13987
1345 1346
20660 20661
6034 6035
9893 9909
20510 20511
13383 13384
11391 11392
10974 10975
3856 12980
10336 10337
17458 17459
1793 17433
721 722
8620 8621
8051 8052
20984 20985
18863 18869
22520 22521
6364 6365
19766 19767
2502 2504
8603 8604
5487 10344
12980 17638
7067 10078
1729 18293
14206 14207
17031 17032
7393 7394
20841 20842
15986 15987
22147 22399
7694 7695
3099 11119
16610 16611
15277 15278
231 232
13464 13465
3265 3267
5367 20616
10495 18152
14101 14102
427 2254
512 513
455 456
6956 6957
2660 2662
10140 10141
126 127
2815 21675
4584 4585
7809 7810
14875 14876
11240 11241
12431 22955
4258 7833
9582 9583
192 195
3892 3893
3596 3597
14943 14944
8597 16060
2515 2516
1801 15689
14678 14679
6332 6333
22820 22828
1513 3521
157 8152
12494 18672
15604 15605
4579 4580
16009 16010
16242 16243
16400 16401
3588 3589
16916 16917
13409 15855
10185 10186
2070 2071
5315 5316
2119 2120
9211 14687
23451 23455
3766 4455
12247 12248
5051 18109
9053 12799
6106 6107
1672 1698
370 4162
17794 17795
3342 8411
2107 17975
6118 6119
9770 22652
7440 7441
21116 21117
8730 8731
4068 4069
1881 21804
20104 20105
4772 4773
13465 22824
3502 3503
12172 19334
13632 13633
357 358
10208 10209
3439 11227
21180 21181
9638 13254
15307 15308
13439 13440
3925 14644
1796 20812
5163 5164
4895 13261
16283 16288
15369 15370
13688 17746
10398 10399
11412 15681
2118 8128
8541 8542
6142 6143
12427 12428
10560 23484
9904 9905
13431 13432
710 5075
17241 21949
3343 8725
14540 14541
7925 7926
6838 11943
14272 14273
12452 22560
5779 5783
3122 5739
4655 23343
2530 9187
14838 14839
4061 5721
12549 12550
17507 17508
20715 22113
604 3865
10497 10498
889 890
20874 20875
19939 19940
15498 20267
5915 21023
13264 13761
5176 5177
830 14032
18447 18448
14186 14198
5219 5220
8980 21906
21419 21422
6714 6715
1795 1796
7228 7229
8267 14850
19418 21122
16964 16965
7524 9091
1649 2408
1249 1250
7654 7655
10718 21099
11383 11384
19323 19324
15060 15061
4025 4026
1039 23173
19936 19937
7340 13667
13419 13420
20426 20427
8513 16841
2660 2661
9288 9289
4831 4832
5306 11786
17375 17376
6988 6989
4474 4475
18606 18607
8372 8373
18553 18554
3614 3615
3069 3865
19037 19047
163 164
7446 11341
2710 5869
18465 20365
15767 15768
12489 14495
20419 20420
11517 19555
2503 8007
370 371
1981 1982
12043 12044
11452 17590
19506 22977
13273 15489
8977 8978
12035 14824
1599 5335
19758 19759
17471 17474
17635 17636
19715 20810
20247 20248
7586 7587
22265 22266
1878 21801
8093 14511
3895 3896
5954 14297
16193 16194
975 976
23332 23333
23130 23131
7418 7419
18099 22179
11097 12565
21313 21314
12644 12646
4767 15161
21375 21376
8749 8750
16931 18332
12505 12506
3223 10426
7951 21125
3547 3548
1801 15692
20362 20363
15776 15777
5252 5253
23317 23318
10154 10155
4937 4938
6739 6740
1735 1736
7674 7675
5945 5963
13381 13382
6334 16193
7078 10906
7846 7847
11514 20455
18129 18130
6997 6998
6595 6596
4262 4263
12025 12026
9524 9525
23507 23508
3819 6143
8894 8895
6200 6201
19903 19905
5490 5491
154 155
5590 5591
16138 21956
18685 18686
1799 15835
18332 22923
7617 7618
3948 17842
18905 18907
23044 23045
5191 12798
2865 2866
2162 2163
4508 16529
6992 6993
16033 19782
20679 20680
5446 16453
22133 22135
11399 14320
3513 3514
16932 18331
3743 5941
2855 2856
7164 7576
2653 5788
22714 22897
283 15392
7044 7045
17497 17498
16945 16946
6840 6841
16510 16511
15473 15474
18076 18080
7929 7930
2160 2161
6103 6104
4632 4633
5453 6725
205 206
7465 7466
300 301
23528 23529
14215 14216
2340 5184
4107 22065
9098 9099
2987 20862
16226 16296
8278 8279
2844 15670
14458 14462
13807 15890
2782 2783
18130 18131
6073 13557
12652 12653
17879 17880
10013 15745
1157 1163
6611 6612
1208 1209
15645 15646
17675 17676
10967 10968
1193 1199
15123 23050
16384 16385
8824 8825
21595 21596
8260 8261
12172 19335
8534 10270
5001 5002
11492 17142
13269 18182
935 8509
10839 10840
4800 4801
19113 19114
17753 17754
5911 5912
8078 15063
114 9763
13616 13617
13051 13052
12518 15287
21104 21105
5944 5961
1523 1524
9638 13222
1826 1827
12746 19599
680 681
2710 6949
16985 16986
18828 20353
6527 6528
16624 16625
21669 21670
11856 11857
6534 6535
2732 2733
9203 9204
19223 19445
6645 6646
21468 21469
360 1320
17088 21093
318 4158
10562 10723
3619 3620
4393 4394
474 5218
3132 3133
2785 2786
8718 8719
2407 2408
8176 8177
530 531
10736 10737
2499 2500
1436 17819
8621 8622
18861 18890
17990 18563
10928 10930
19148 19149
7343 7344
8990 8991
3561 20934
1641 7697
7309 17449
2402 2403
18161 18162
3872 10639
8218 17656
10728 10729
5792 5793
10193 10196
892 893
2324 2325
10044 10045
10583 10584
698 3837
13705 13706
901 1553
18029 18031
3518 3519
7126 7127
12824 16160
13080 22266
13863 13864
21533 21534
19871 19872
8779 8780
12983 12985
15737 15738
9159 9160
7770 7771
1161 9410
19021 19022
3271 3272
3494 3495
12257 22497
9047 11138
2169 20192
5865 12163
16322 16323
5026 5027
15047 15048
19159 19160
6141 6142
4755 4756
17026 17027
7281 13554
9913 12115
12895 12896
22122 22123
7086 7087
13406 18424
3173 3174
6774 8835
13465 13466
8083 8084
3199 5223
22702 22703
13587 13588
696 697
14233 14235
5749 19005
1400 1401
3384 10345
13475 22826
19247 19248
4328 4329
7509 7510
15392 15393
2096 2097
2748 2749
18481 22250
617 3638
15453 15454
18123 18124
2306 2307
14219 14220
17332 17339
17841 22225
9733 9734
6784 6785
2854 7528
11565 11566
3367 3368
12389 12390
22743 22744
18860 21027
15582 18053
7482 9329
6223 6224
20720 20721
7016 7017
131 1768
872 873
2576 6165
5363 19630
2559 2560
1601 1602
9919 9920
13472 13473
10834 10835
20508 20510
6284 6285
1729 7888
8490 20051
18217 18218
10141 10142
9540 17868
7447 16447
1231 5555
16555 16556
13503 18122
13114 13115
652 18252
17250 17251
15151 15152
3780 3781
3858 3859
8201 18534
4545 4546
5198 5199
9709 9710
8620 15139
15092 15093
3788 10153
20858 20859
14768 14769
4585 4586
6731 23152
19053 19054
13819 13820
14549 14556
7033 7035
1391 1392
14072 14091
5516 9009
14928 16999
18007 19890
9782 9783
17299 17300
18404 18405
114 442
5704 5705
6126 6127
15681 15714
14609 18241
2993 2994
10316 10317
870 16582
1612 1613
8061 8062
10203 10217
3586 3587
8783 8784
6148 6149
15483 15484
13232 13233
142 143
15851 15852
10611 10612
5828 5835
22472 22473
16472 16477
20676 20678
19126 19127
9870 9871
18300 18301
2746 19986
8259 8260
2143 4012
8073 8074
8226 8227
12524 20796
7439 7440
17079 17080
199 200
11349 22400
8773 8774
14821 21546
19519 19520
6266 6267
6683 6684
2418 20310
9632 9633
21011 21012
12067 17091
9676 9684
3270 3271
8436 8437
15637 22401
4571 4572
140 439
16879 16880
7412 7413
5999 6000
8744 8745
3844 3845
3976 23280
20620 22465
4419 4420
8355 8361
7776 9341
2377 2378
12222 13703
15215 15216
22478 22479
6485 7696
3072 3073
4523 8461
13996 13997
12237 12238
11087 11088
18776 18777
4434 4960
13972 16395
11769 11770
14516 14517
20700 20701
4906 4907
13233 13234
4892 4893
3840 3848
18184 18199
5709 5710
6814 6815
21644 22515
2449 20358
11263 11264
22972 22973
12459 18603
10545 10546
324 2311
2444 2445
23052 23060
1789 17438
4171 4172
5553 7230
18880 18881
3863 5964
13743 13744
2454 2455
3669 3670
2342 6045
3716 3717
6637 19673
5227 10582
9081 9083
13954 13955
5995 5996
17882 17883
7280 7281
1169 2843
20106 20107
12366 14342
3984 12241
13827 23526
6348 6349
8181 8182
12451 12452
14566 14567
11523 18253
16494 16495
6360 11064
1080 7245
5660 5661
6023 6037
18570 18571
2253 2584
19600 19601
20485 20486
6897 6898
11460 11461
9670 17012
5768 19015
14806 20056
17506 22449
5920 5921
478 481
3294 3295
5505 22601
13792 13793
18049 18050
12824 12825
4716 4717
2658 2674
14271 17702
22820 22821
12123 12124
6098 7738
12730 12731
10195 21673
9282 9283
18500 18501
4426 4427
5769 5770
13118 13119
11585 12313
9237 12043
2135 2136
10437 10438
18640 18641
17909 17910
4522 22526
3449 8929
5510 9011
3614 3619
3677 4480
15604 22879
1209 1210
1200 1201
18148 18149
15921 15922
21154 21155
18716 22557
9855 9856
23248 23249
22379 22380
1505 6701
8314 8315
7958 7959
2657 8343
20280 20281
1138 1139
2595 6165
13821 13822
5469 13768
22563 22564
15478 15479
2797 12651
11203 12630
8481 8482
18180 18181
1573 1574
17047 17048
2657 13865
8752 8753
9788 9947
14671 14672
9456 9457
22196 22197
8265 14850
8003 9476
6657 6659
2530 13795
4647 17881
2294 5011
433 434
12487 18002
10927 10928
20404 20405
17809 17810
20515 20516
16997 20828
1046 1047
14431 14432
9000 9001
18380 22456
6152 6153
186 17643
14908 14909
16460 16461
10565 22249
3216 3217
17243 17244
10320 10321
4829 7046
13300 13301
23135 23141
6077 19681
2060 2061
17720 20238
11920 11922
2134 2136
20573 20574
16743 16744
11704 14241
9573 18901
5344 5345
2310 6879
11264 16468
13485 13486
1779 1784
16255 20488
18157 18158
8135 8136
7961 23359
16442 16444
8102 8103
4022 11416
13133 13134
4303 4304
16035 16036
3992 12241
492 7312
10402 10403
16471 16472
17050 17051
2675 13861
8734 8735
15276 17003
4535 20140
1167 1168
11166 11167
15177 16232
16404 16405
12408 18941
12340 23283
21648 21654
10424 10425
3456 3457
2084 18503
11576 19412
13080 13096
1793 15834
2313 3260
20499 20507
5725 5726
15906 17559
9218 9219
21665 21666
368 369
2523 13385
15621 19913
12340 19445
2855 9089
8245 8246
3282 5173
2775 2813
16028 19785
4795 4842
14165 14166
7567 7568
6061 6066
12810 12811
22894 22895
19717 19718
11926 11927
3368 10357
17576 17577
12913 12914
10066 10067
3259 4201
11334 11335
23254 23255
1932 1933
19350 19369
22605 22606
1123 21662
19289 19290
13609 20210
8291 8292
9025 9026
1082 1083
15298 15304
7901 7902
1618 3821
18506 18511
3729 3730
5675 5676
20061 20062
376 19883
6155 6156
8613 8616
7471 7473
5056 5057
16939 18069
15237 15238
19116 21160
7445 7446
12053 16537
17504 22449
2489 2490
18343 18346
5918 21127
13566 13567
10377 21051
18977 20908
10576 21707
5034 5035
1964 19089
5020 5021
157 8151
7208 7209
5598 5599
7776 7777
1622 1624
4346 9903
6612 6613
8269 8305
15316 15317
14832 14833
13916 13917
8075 9079
5315 18608
6971 7744
16273 16274
13083 13084
20396 20397
8700 8701
992 5412
18174 18245
15354 15356
13341 13342
1690 12759
8683 8684
5478 13373
7434 9006
8778 8779
1901 1902
19812 20765
15664 16434
22934 22935
18474 18484
16451 16452
16223 16225
3696 10544
9366 9367
6814 6816
10716 14251
20089 20090
5957 5958
19584 19585
5380 5381
10241 10242
13255 14962
5304 14392
6250 8131
4022 14188
3905 3906
10950 10951
18104 22174
3564 3565
10516 13661
10885 19181
20580 20581
5120 17264
16207 16208
10795 10796
12516 12517
9737 9738
8049 8050
16250 16251
1987 1988
16205 16406
15412 21886
5028 5051
20169 20170
16474 23470
11198 11199
1351 1352
6346 6359
3066 3067
5886 5887
6279 18089
8026 8027
13397 13398
11011 11012
18949 18951
4665 4666
19284 19285
5296 5297
7304 7305
22082 22083
20602 20614
15120 15121
23074 23075
1578 1579
18247 18248
7716 7717
16149 16162
2120 7616
2096 19627
8969 8970
20059 20066
410 2596
4881 5251
12130 12131
4578 7468
20319 20320
2523 19516
9462 9463
5472 5473
21570 21571
8065 21619
11915 11916
17041 17042
23525 23527
9536 17871
4744 9261
7847 7848
662 9952
15413 15414
11061 11062
4226 4227
4790 7254
21143 21144
8062 8063
3057 3058
218 219
6542 6543
8883 8884
6393 6394
11648 11649
19958 19960
20277 20278
10214 10215
2634 2635
6359 18490
1097 1098
11077 14396
20418 20419
6310 6311
11142 19173
1160 1446
11878 17702
21311 21312
8580 8784
9096 9097
7849 21281
1599 1600
15598 15599
16751 16765
10175 10176
8426 8427
17734 17735
15196 15197
9023 9024
8514 8853
16696 16697
13060 13061
6423 6424
14569 14570
18433 18434
2776 2813
12667 12668
13029 13030
16153 17334
8841 8843
16305 21644
2273 2274
6227 6228
11072 11073
4400 4401
4204 4205
8639 16032
7144 9004
1441 16977
15001 15241
10937 10938
9330 9331
6907 6908
4950 4951
18109 18110
6856 6857
296 297
6026 23035
4218 21813
3225 11836
7584 7585
12291 12294
15103 15104
1241 1477
248 249
2371 2772
13595 19082
1038 19734
12541 12542
13202 17684
11700 20569
12187 12188
6473 6474
5451 5453
1794 1795
6118 15449
5669 5683
8464 14528
3660 4465
1298 5352
4331 4332
15310 15982
9200 9201
14187 14188
19517 19518
17686 17687
16521 19890
20207 20208
4153 14778
67 68
6439 9214
3659 4408
11474 11475
4403 13259
8082 17943
9628 9629
12694 12695
6369 20585
3860 7352
13684 16789
3112 3113
9242 9243
7876 7877
4055 7785
14056 14057
11824 17241
8864 8865
15850 15851
14622 14623
8247 14852
3558 20195
6666 6667
23398 23411
10718 11496
17082 17083
2065 5336
15600 15611
21390 21403
3605 11576
12067 12068
10827 10828
5144 5168
5991 5992
12405 12406
20721 20722
7095 7096
14731 14732
708 5395
14450 14451
54 1291
3959 4105
2775 2776
7599 7601
21635 21636
5594 5595
6120 15449
420 4275
5197 5198
7111 7112
2136 2137
10650 10651
17536 21799
13592 13593
17157 17158
4532 4533
23455 23456
22502 22503
6234 11695
6426 6427
385 6170
2342 11449
3190 3191
17586 17587
10194 10195
17675 17678
7541 16825
3342 9481
9773 22679
11840 11841
4505 4506
1940 1941
1549 2418
12107 12108
18071 18072
21651 21652
12877 15994
15258 15259
1060 1232
4860 12217
3925 3926
5846 19310
18641 18642
3516 3517
16680 16681
17944 18042
2491 8019
401 402
2675 13864
1278 1279
7283 7284
3650 6626
6512 7537
1413 1414
11904 11905
905 11076
9954 22191
14317 14318
12335 12336
9275 18401
10133 19368
11684 19373
6899 11670
6229 6230
17935 17936
19847 19848
17183 17185
13700 13701
8837 8838
11878 14268
12136 12137
12893 12899
5783 20468
5133 5134
16807 16808
11879 17427
5373 16423
12415 12416
21324 21325
831 832
3788 8055
3890 20983
138 139
10822 10823
13684 13685
6723 13365
13436 13437
21332 21333
22831 22833
13667 13668
5645 12299
4479 18442
2773 7630
20206 20207
3388 3389
16647 18388
21782 21783
8270 8271
19306 22575
14513 14514
1288 1289
1798 15834
9879 9880
14673 14674
13353 13354
20301 20302
6254 6258
18014 18015
14060 14061
18612 18631
5473 21833
9847 9848
8398 17475
2174 2175
7449 16446
1993 11948
13239 13240
16305 17289
10696 10697
6778 7982
6946 6947
7383 7391
2335 2336
21962 21963
9695 9696
16213 16214
8613 8614
8446 8448
3744 3745
298 299
407 9763
20948 20949
6494 13987
4823 4824
11389 11390
10228 14817
11215 17894
21411 21412
438 439
2050 2051
1786 1790
3501 3512
12319 21593
1829 1830
6695 8236
4949 4951
15381 15382
11948 11951
6640 6641
10370 15597
9466 9467
13042 13043
19425 19426
3368 3369
8578 8580
9783 9784
3380 23323
6479 6480
5978 10749
9768 9769
9445 9446
18101 18102
22896 22897
7757 21157
19901 19904
12597 12598
12055 17092
19593 19594
5530 22737
3023 3028
16092 16106
19136 19137
3974 6850
14259 19679
1 8368
2516 7831
22271 23089
2306 13507
16176 16177
6683 10917
5918 22930
1426 5443
1504 6703
6551 6552
9731 14917
15146 15147
8490 8491
1214 1215
5477 17388
1189 20833
13451 13452
9347 9348
508 510
1670 4326
8865 21412
11608 11609
3980 22720
2087 3929
12756 12757
7035 7036
9178 19980
5435 5436
6986 6987
2141 2237
2718 7694
5693 5694
2518 2522
12239 14943
11697 11698
1522 1523
9390 9391
2763 2766
19895 19910
16430 19080
5681 5682
6937 6938
2205 16689
7800 7801
19128 19129
6280 18089
6833 6837
6601 6602
6707 6709
1922 1923
9193 9194
7338 13694
638 639
236 3554
11115 11116
11514 11516
4907 4908
8552 10979
22487 22488
10989 10990
9635 9636
22246 22247
18029 18855
11597 11598
2929 2930
22658 22676
18853 18854
515 516
3032 3033
8338 9271
1711 3126
886 887
19461 19462
12211 18559
18971 18972
16048 16049
13247 13248
6416 6417
6382 6383
7065 10716
2689 2690
2238 2241
4288 7968
23184 23185
22995 22996
12078 17787
5936 18875
3235 3236
10568 10575
1005 4587
7939 7943
4168 4170
861 862
3012 14116
8040 20791
22550 22551
4290 4291
14976 19406
342 1245
10366 10368
23339 23340
186 187
15065 17946
97 98
17812 17815
11285 11286
7288 17308
2425 2426
4585 18307
6850 8189
9074 9075
21965 21966
13421 13422
1718 1719
2074 2075
2723 6204
13309 13311
8046 8047
10367 10368
2145 6834
2960 2961
1652 1654
4146 4147
19557 22967
21957 23178
19031 19048
18516 18517
11635 11636
11292 11293
330 1216
3107 3108
3464 3465
5333 5334
7639 7640
1461 1465
10789 10790
15546 17592
1377 1378
17073 17074
9399 9400
16914 16915
6186 6187
7541 7542
11585 11586
8960 22991
3555 5272
22883 22884
7231 8218
13896 13927
20399 20400
11139 11140
6123 6137
4371 21858
18362 18363
10621 10622
6439 6454
11527 21737
3137 3138
8202 8203
13076 13077
11977 11992
20950 20951
12381 12382
16365 16366
7055 7056
10728 11707
623 624
394 8088
14197 14198
3552 3553
16590 16591
10668 10669
457 458
1247 1310
9856 9857
11223 11224
697 6270
9126 9127
6863 6864
6250 18652
8014 8015
6216 7879
21192 22186
4580 4581
1985 20379
4493 20440
3078 13958
10268 10269
14711 14712
22152 22153
9905 9906
4168 5362
2463 2464
8231 14657
1486 1488
215 216
11621 11622
480 481
20889 20890
13844 13845
459 460
6982 6983
359 14693
2464 2507
7810 14758
9052 9059
7787 7788
13233 13242
8103 8104
704 705
2882 2883
6865 6867
14699 14700
1957 1958
16613 16614
180 195
11613 11614
15874 15875
7856 7857
12029 21863
20601 20602
8914 8915
2805 2806
5586 7182
10509 10510
451 452
16975 16976
15511 17837
4598 4599
13501 15548
295 23501
18614 18631
3372 10347
1641 6483
9822 9823
114 448
20943 22677
1927 2730
6250 17621
20307 20707
4486 17185
7470 22528
1551 1552
11307 18712
2287 2288
14191 20446
3268 3269
5942 13637
15881 15882
417 418
693 6256
5587 5588
12224 12225
19484 19485
10007 10008
4407 10378
3013 4779
11842 11843
11193 11194
1719 18318
22992 22993
7114 7115
2941 2942
18264 18265
20357 20795
8232 8233
3258 7240
4840 19201
1570 1571
4639 4640
7631 7632
20656 20657
8281 8282
3028 3029
119 19732
3450 3451
11059 11060
4481 16838
2140 2141
180 11370
19957 19958
17950 17951
1906 3265
1998 18790
22135 22136
18683 19924
14739 20468
2971 4790
8273 8274
3759 8353
2757 2759
6926 6927
6491 11388
16549 19966
12727 12728
2448 21681
4296 4297
8595 16060
17682 20706
13456 13459
8295 8296
11426 11427
6927 6928
16583 16584
6467 10585
20637 21598
15841 18375
2164 20194
7677 7678
23216 23382
4078 4329
6544 6545
397 11413
16504 21997
5160 13726
1292 1293
2504 2506
7333 7334
11299 11300
2635 2636
1503 1507
13050 13051
977 12698
10302 13708
1685 1940
10315 19654
66 67
2682 2683
3760 3761
13530 13531
9898 9912
15053 15054
4231 4232
4824 4825
15929 15930
204 205
19283 19284
6531 6532
1908 3269
5682 5683
8898 10414
8966 8967
2766 8893
18518 23086
20486 20490
12618 12619
740 741
10720 10721
3546 3547
17393 21842
3864 4663
21684 21685
2164 21791
8544 8545
23537 23538
12792 12793
1172 1173
21567 21996
15066 15067
15056 15057
3411 3412
2160 10998
14039 14040
1900 1901
5498 22602
8871 8872
1384 1385
191 3841
1404 1405
16419 20906
3204 3205
5468 14154
1661 13716
10785 10786
15623 19894
2673 2674
21869 21870
3574 3575
10521 13814
12160 12161
17961 20742
16552 19687
7669 7670
2338 17204
13342 13343
9244 12489
14091 14415
7893 7894
11515 19554
15501 15503
10358 10359
9093 9094
14762 14765
2111 2112
16144 16145
15463 15573
6047 6048
17322 17323
10364 15608
7451 16462
18284 18285
21690 21691
3405 18993
876 877
22804 22805
1625 1626
10893 16561
18851 18852
6887 6888
7620 15520
1923 1924
12176 22757
1160 12577
277 15393
2392 4704
13874 14193
19613 19614
13227 13228
7502 7519
10135 10136
14960 16338
11873 11874
20639 21601
2458 2459
9604 9606
3314 11365
17715 20226
12027 12028
15864 15865
1226 1227
8100 8101
12598 12599
16996 16997
4673 4674
17736 17737
1954 1955
3801 3802
4000 4001
11654 11655
16755 16756
11060 11061
21175 21176
7110 7111
14675 14681
365 8304
11005 11006
17572 18801
6086 6088
3174 11836
6729 14922
9728 9729
16647 21006
1644 1646
14488 14492
9 584
2333 2334
9045 10403
9238 19517
6780 21278
8839 8840
6350 6351
6880 15144
10039 10040
14302 14303
8631 16025
10752 10753
21621 21622
19895 19896
19142 21467
4450 4451
18442 18443
570 9926
10204 10218
13201 13202
11594 11632
8321 8322
3105 3107
20570 20571
6478 16494
1791 15099
3644 8219
16208 16209
16778 16779
14335 14336
7597 11264
16064 22050
5318 8493
20325 20326
13283 13284
13042 16606
10351 10352
22758 22759
2084 2085
12017 12018
5754 5755
13995 13996
18873 18891
2745 2746
10601 19067
8794 8795
7757 7758
15879 15880
17541 17547
9944 9945
18975 23235
2342 6039
9711 9712
1474 1475
20190 20191
2842 2843
2858 12134
5949 5950
5342 19380
12386 12387
9823 9824
4821 12388
2709 13010
11499 18726
7263 7264
14206 21049
23520 23521
2145 23390
15824 15835
740 9108
687 688
10921 10922
18629 21930
4068 4587
6248 18044
22860 22861
2443 2444
11826 11828
2790 2791
133 19415
1963 1964
14072 18683
11245 11246
22438 22439
18159 18160
870 22337
759 760
13361 14048
17342 17349
5926 22930
23200 23201
16719 16722
6824 6825
10225 10226
18568 18569
129 1768
5498 6398
9727 9728
12908 23168
8542 8543
20725 20729
15859 15860
7609 7610
9356 9357
17509 22450
5337 5338
4354 8256
10735 10736
20929 20930
5239 5240
7389 7390
16570 16572
16222 16223
3337 3338
12538 14597
14353 14354
13467 19496
1547 1548
3711 3742
13137 13138
12225 13014
20634 20635
16515 16516
19063 19064
1108 4713
18555 18556
4078 4079
9213 17947
2814 6074
868 869
2632 2633
15622 19906
1784 18703
7296 13534
18911 18912
11600 11601
8603 8631
23325 23330
8665 17432
15682 15683
15006 15007
14259 14260
4706 14096
160 11683
12599 13683
4515 4516
3941 13123
1532 1533
4487 12829
21795 21796
17404 17405
15601 16381
12512 18008
609 610
3177 3178
6675 6676
17845 17846
2155 2156
11470 15548
220 16499
12952 12953
12399 12400
370 373
13109 13110
2453 22640
17801 17802
15791 15792
3038 3039
19407 19408
20035 20036
667 15613
5466 5467
8463 12478
9312 11258
21650 21658
22406 22421
14697 19260
11643 22149
9702 23111
21812 21813
13078 22476
17156 19491
4662 4666
879 880
12232 22347
15349 15350
2708 6951
9594 9595
16919 16920
13635 13636
18073 18163
12330 12331
19657 19658
5643 18408
262 263
2046 2047
12405 18951
8531 8532
15096 22511
11605 11606
526 9252
23033 23034
5265 20937
4028 4042
4535 4539
370 21726
4513 4544
19243 21639
4733 4735
1066 1067
14600 14601
8343 10717
7306 7307
1710 1711
15658 15661
4734 4735
4633 4634
6156 18471
659 660
5213 5215
13294 13558
11589 11590
19943 23281
11664 18234
1667 10272
11646 22153
3635 3636
5077 9181
8733 14095
7550 7551
12429 12430
4243 4244
13914 13915
21896 21897
5677 5678
16691 20666
1950 1951
16265 16266
7463 22092
1637 22196
1723 1724
7066 9568
1673 1939
11919 11920
15816 15817
8623 20120
5637 5638
21615 22074
9032 16995
12326 20322
2303 2304
14071 20805
2848 2849
1774 1775
4361 19057
8522 8523
10604 10605
13349 13350
16141 16163
4569 4570
13248 13252
9191 9192
4735 4736
6722 6723
5071 5396
15468 15469
5889 12623
3908 14875
1195 1196
4926 4928
4819 4820
12510 12511
23008 23009
20375 20376
11797 11798
6466 13099
17536 21798
12244 17416
404 405
14643 18337
19182 19183
8190 22725
14458 20457
10801 10802
14930 16739
4446 4447
20641 20642
21119 21120
11664 11665
1201 19741
16540 16542
7084 7085
13803 13804
3078 3079
4077 4093
17141 23030
7750 7752
667 668
21714 23342
12195 12196
3373 3374
14381 17305
731 747
9234 17015
19416 22928
3714 3715
6833 17537
15973 15974
2159 20186
10167 10168
4855 4856
9826 9827
14902 14905
3174 3175
6568 14201
5481 21827
19562 19563
4822 4823
2973 5888
1902 1903
6190 6191
20328 20329
1659 11689
15436 15438
9228 9229
18723 21519
12125 12126
20197 20198
8603 8625
16631 16632
17781 17782
19079 19081
14608 14609
2564 2565
8887 8888
11847 20618
8685 8687
13580 13581
9676 18739
8616 8620
7473 7477
16710 23419
10519 10520
15942 15943
7561 7562
11542 11543
21634 23063
15171 15172
5080 5081
2873 6203
18956 18958
15390 15391
14836 14837
16578 16579
7611 7612
9140 10107
3932 3933
7309 15287
3755 3756
13266 13759
7140 7141
9590 9591
7121 7908
341 3240
7264 7276
15401 15402
7006 14204
11182 11183
14629 14630
15041 15051
10960 10961
19320 19321
13622 19105
6874 6875
6355 6356
18836 18846
4085 4087
20537 20538
9127 9128
4863 11263
2048 4407
8540 10269
13492 13493
3804 5244
4973 4974
4520 21438
2139 22890
4747 4748
7322 7323
4976 4977
5807 5808
9994 11642
12026 21863
17639 17640
6471 6472
1913 7242
3108 3109
13404 14660
3102 21067
452 6160
13573 13574
15324 15325
4955 13490
12732 15213
22385 22386
4492 4493
13616 17343
8025 8026
15055 15056
8795 9308
1988 1989
591 781
941 9704
22237 22238
2440 13364
19906 19907
2977 2978
1715 1716
7894 15366
12602 12603
64 65
18707 18708
18818 18819
12129 12130
814 18562
17960 17961
2325 2326
16635 16636
22627 22628
16537 22625
9657 9658
5612 5613
13480 13481
12744 19331
9335 9336
7934 7935
18136 18137
5916 22937
20890 20896
14375 14376
11645 11646
10478 10479
17165 17166
21917 21918
16719 16720
4057 4058
2750 3173
4230 4231
5076 5077
7799 7800
3760 8360
2870 2871
12705 12706
3101 3102
3172 15539
18345 18346
7261 7265
15393 15394
3773 3774
6247 6248
9215 10329
11191 11192
14687 14800
2199 18455
19720 19721
13124 13125
4248 11128
13111 13112
9106 9107
1999 2000
9790 10035
6234 6235
4706 8723
2459 22779
122 3962
2885 2886
18121 19765
17402 18973
4051 14733
8701 8702
370 385
14594 14595
2976 2977
10665 17548
13578 13579
11969 17575
9748 9749
14811 14812
265 266
15347 15348
11633 11634
15710 15713
5961 5962
23432 23433
8999 9000
11659 11660
9984 16886
3992 12242
12367 12368
16759 16760
11316 11317
4642 14125
4599 4600
15266 15267
2566 2567
22826 22827
23004 23005
5644 5683
378 21528
8193 8306
19279 19280
1720 4792
436 2249
19942 19943
16227 20479
5262 8086
2341 4321
1419 1420
5130 9478
17815 17816
14429 14438
13442 13443
12747 12748
8339 8359
19615 19616
3817 3818
1996 3743
19330 19331
8679 8680
15722 15723
3927 10702
486 487
7624 19408
182 12989
13801 13802
9189 9191
4137 4138
4884 20994
15651 19376
13467 13468
7898 7899
1418 1419
6751 23298
598 599
9457 9458
12393 23451
12822 12840
21674 22625
23136 23137
16065 16069
948 949
17572 17573
10911 10912
3081 21430
21814 21815
5687 5716
6693 6694
9011 22610
7515 7516
7836 17799
3303 3304
21720 21721
9241 19517
20156 20157
10752 12408
1 3256
7874 7875
17080 22767
1075 1076
11962 18790
1803 1804
5824 5825
9714 9720
4583 5688
781 782
17918 20257
19321 19322
15498 15499
6057 6066
9030 11223
16611 16612
19854 19857
10733 20968
2500 8008
2524 2525
16449 16450
7348 7349
1118 1119
5846 5847
16910 16911
18777 18778
10832 10833
18893 21027
11572 11573
235 236
4152 4153
15995 17094
3576 3577
4380 4381
13668 13669
16412 20904
11555 11556
17792 17793
5417 5418
4009 15409
8448 8449
60 61
20579 20580
14080 14414
7554 15797
1219 1481
13649 13650
21298 21299
19459 19460
1670 1690
17523 17524
15136 15137
5104 5105
7149 9004
2069 2234
7840 7983
8877 8878
17903 17904
12879 15990
4631 14126
18964 18965
15264 15265
7010 7011
2247 2248
9676 18740
3489 3490
10280 10281
19541 19965
9964 22178
384 387
17566 17567
2471 2473
6721 6722
4596 4597
8637 16031
14160 14161
7032 7033
21093 21094
2643 2649
13849 13850
7707 7708
6902 6903
1822 6066
13019 13020
6025 6026
7518 12457
2698 16172
4169 4170
9632 13254
6972 14479
17081 17723
6272 9162
14759 14760
1096 2799
77 78
422 423
3484 6817
7090 7091
3003 3004
17704 19915
20140 20141
5616 14502
3812 3813
17777 17784
2952 2953
4002 16734
3605 9789
6989 6990
17161 17162
1957 11968
8606 8607
2186 14157
2149 2150
4335 4337
11296 11297
7786 7787
22745 22746
979 980
20766 20769
2709 6950
16485 16486
16325 16326
15996 15997
6120 6121
2869 2870
5698 5699
8935 8936
4860 11261
13958 21430
1513 9398
1645 1646
1593 2584
6838 23522
3841 3849
8575 9177
6792 16123
14171 14172
5495 5496
19331 23163
8581 8582
16473 19146
5933 5934
129 131
16807 17019
2301 7597
11619 11620
3806 3808
8624 19788
1103 1104
8637 21494
17768 17769
16353 16355
2501 7989
191 192
14641 14651
8479 8480
11647 20769
7937 7938
5236 5237
18340 18341
13618 23505
18475 18483
10457 10458
12041 14818
9672 17007
8636 8637
3477 3478
2971 5889
7683 7684
21790 21791
8112 18788
8413 8414
16372 16373
14712 22062
9758 20988
9467 12496
8011 8012
4186 9862
11601 11602
10195 13528
1607 6702
7962 7963
3607 4049
10005 10006
9339 9340
12040 12041
2781 20224
15886 15887
14354 14355
6190 19781
13943 13944
8112 17546
15902 15903
19852 19853
14955 16349
11816 11817
21081 21082
15604 15609
23103 23104
7647 7648
4240 4241
4684 4685
17423 22488
18988 18989
2973 6081
13532 13539
9593 9594
2657 13824
2233 17545
11503 18142
3922 4868
13265 13266
1166 1167
10507 10508
13309 22467
4001 16734
9453 9454
6442 7728
20873 20885
23149 23150
15992 18528
15703 15831
7150 7151
10767 10768
10942 17843
6822 12638
3748 3749
11909 16073
12512 18024
17515 17516
8220 8221
13896 13928
5396 6827
16262 16270
13254 13255
5838 10565
9460 9461
7643 7644
22368 22369
11367 11368
12170 12171
10912 10913
4415 12797
10391 12432
14113 14114
1970 1971
8382 8383
6114 21000
597 598
10506 22573
7550 9762
19449 19450
9295 19013
7291 7292
1160 17819
21359 21867
12866 15994
3752 6513
14365 19252
16202 16203
573 574
4921 8847
20523 22036
7292 19535
1326 1327
10622 10623
12645 12646
1894 17908
9547 9548
12920 12921
12677 12678
5545 5546
7064 18339
8828 8829
8644 8654
289 290
1029 10739
3561 3562
2692 2693
4871 4872
1511 8267
20565 20566
14009 19186
17748 17749
4009 16218
23385 23512
8149 8150
21287 23498
1651 14393
18083 20224
7875 7876
21892 21893
7585 7586
12805 12806
22546 22547
17695 17696
21820 21821
8959 8960
750 751
14579 14591
12877 15990
5144 5145
10420 10421
8811 9305
3645 7219
18436 18437
2495 8019
13754 13755
519 3658
7309 18518
13285 13286
7508 19427
1586 6759
1650 4646
1358 1359
9629 9630
18451 18452
11361 11362
5218 18325
10368 10370
3564 4478
16283 17383
14478 14479
21633 23061
20480 20489
7588 7589
19811 20765
484 485
2749 2750
6215 9380
13400 20718
1442 1443
1007 4583
6479 7699
14299 14632
4223 4224
3848 12979
3122 3123
2444 7288
6648 6649
1867 2051
14584 14585
13852 13853
13754 17803
6077 8391
15317 15318
19019 19021
866 16585
6505 6506
12686 12687
10392 22948
17542 21800
2544 2545
4595 4596
7604 7607
1776 1777
6335 16424
19169 19170
6061 6062
13915 13916
1113 3658
4165 11347
9465 12472
6114 6115
7771 7772
9276 23479
2146 2147
10738 13366
8979 21907
3420 3421
14824 14825
653 17413
4477 4478
1032 1033
7391 20586
2866 10646
14396 14397
19894 19895
10305 10306
12012 12013
18736 18737
2265 6852
5858 11986
10004 10005
21166 21167
11357 11358
20480 20491
17559 20454
17076 17077
23151 23152
18468 18469
20688 20689
22020 22021
8463 12481
2310 14391
8983 8984
4904 7620
7078 7079
16655 16656
15177 18275
1230 1479
7073 13345
792 793
4751 4752
10721 15736
18136 18146
14011 14012
12426 12427
1812 15693
2396 2397
10531 15945
22308 22309
22207 22208
1306 9858
20140 21746
7198 7199
3954 7164
18335 18336
5876 10084
1791 1792
10597 10598
16 17
921 922
7480 9330
52 53
11158 11163
8510 17143
21531 21539
13865 13873
18608 18609
12509 19890
3875 3876
18108 18582
5634 5635
13414 13415
2736 2737
1451 1452
14982 14983
15662 15663
565 566
16295 16296
9652 9653
1774 1784
1805 1810
12603 12604
11642 22658
17667 17668
8154 8155
10506 10507
20133 21745
2181 2182
21692 21693
7281 7282
3058 3059
2156 21796
4904 12921
6330 9320
18297 18298
6538 6539
23041 23042
8262 8263
3992 8306
1395 2394
18360 18361
5170 6051
892 895
5670 23158
9315 9316
10377 16953
2500 2501
11501 11502
4355 4356
3549 3550
3216 3755
10761 10762
21442 21443
440 6759
17210 17211
12631 12632
8686 8687
17249 17250
16259 16260
4634 4635
1113 1165
16058 23454
10235 10236
18938 18939
17985 17986
21499 21500
13811 19326
5941 6074
5370 16391
3373 5482
13547 19537
4520 15870
10184 10185
2618 17086
5467 14155
13855 13856
202 203
3039 3040
11149 19174
20637 20647
7942 7943
22708 22709
12819 22906
16834 20075
2209 19650
1237 9859
20093 20094
83 3055
10029 17098
5462 5464
475 476
9724 9725
5661 5662
20356 20794
7078 10905
10610 10611
16815 16816
11684 19339
4896 4899
5099 5100
9568 11707
5416 5417
15534 15535
7023 7024
12732 12885
6074 15350
12076 19225
1506 7242
7733 7734
17332 17340
4258 4259
11215 11216
6988 7006
602 603
23385 23386
234 235
20640 21603
11908 11909
14923 21402
8601 23491
18915 20036
10847 22209
9537 9538
15856 15857
2561 22106
7924 7925
12829 16159
1153 20750
7963 7964
17843 17844
19995 19997
13275 13276
921 2839
19575 19576
15226 15227
7653 7654
20027 20028
17751 17752
7148 15141
9422 9423
651 652
6730 23135
14537 14538
3710 14529
15706 15707
3070 21454
5581 5582
3800 3801
8193 19892
14482 14483
7476 7477
8142 8143
11785 13804
18870 18871
148 2249
6692 6693
8454 13526
6831 12700
12026 12030
6279 10256
2323 2326
975 19731
12582 13749
3594 3595
16128 16129
15076 15077
4337 4338
11276 11277
775 6331
14456 14457
12694 17826
8633 8634
17479 18422
2010 3586
6823 6824
22441 22442
9528 17876
8572 8573
1554 7686
6012 6013
20815 20816
2281 2282
7038 7039
651 4814
18295 18296
9081 9082
9840 9841
14723 14724
15720 15721
10502 10503
12526 20095
6462 8764
2549 2550
18334 18335
14175 19204
2708 6080
22869 22870
8521 8522
2115 2116
7218 13717
217 220
7236 17649
19523 19524
14126 14127
20122 20123
6640 7136
10370 15865
7914 8982
2975 2976
4545 15329
3630 15462
897 898
1242 7577
18246 18247
18800 18802
12451 18933
16091 23217
1303 1304
16103 16104
21500 21504
4189 4190
372 8203
12025 21863
4274 4275
14 15892
5822 5823
19723 19724
21164 21174
6457 6458
5439 23174
2159 8117
7340 13691
920 921
8567 8568
4651 4656
329 1261
114 403
5373 6335
6314 6315
10475 10476
7932 7933
12593 12594
17192 17193
3430 13184
8558 8559
10037 12837
1802 15713
1238 1239
3278 3279
10969 10970
3750 5230
6560 6561
21836 21837
2394 4704
1864 21022
9247 12488
12024 12025
11228 11229
10523 11705
1880 21805
2773 9164
9941 9942
5644 18408
16757 16758
16228 16289
7971 7972
1299 1300
2830 2831
7635 7637
3891 20982
17944 22440
14132 14133
22767 22768
3736 3737
13551 13552
1172 9310
2933 2934
5618 13798
17432 21845
17711 17712
19936 20668
4277 17350
9442 9443
12999 13000
13718 13719
16960 16961
6807 16520
278 279
15930 15931
8204 18535
10067 18339
10518 10520
17124 17125
7932 15717
5916 22927
6905 18277
4486 10027
8128 15311
18908 18918
477 478
8995 8996
18788 21792
2080 2081
17905 17906
18874 22090
7552 7553
1171 1172
5493 13781
2082 18499
1691 22025
22093 22094
9415 9416
346 7164
16060 16072
4568 4569
6038 14687
13076 13081
19123 19124
16554 20741
1315 1316
11170 11171
1785 4162
829 830
2460 2461
22964 22965
14750 14751
9574 18921
4486 15783
22145 22511
2143 2144
16289 20481
2487 22474
1760 1761
3314 3315
6480 6512
21909 21910
13779 13780
2936 2937
2661 2676
13030 22838
15236 15237
15437 15438
14841 16171
13999 14000
8128 8129
3550 5274
2197 16687
14735 14736
13777 21829
5506 22603
4502 4503
7617 15492
8678 8679
505 506
16080 16081
11528 11529
17048 17049
9005 9006
22823 22824
702 5386
9612 12958
13775 22740
9669 17008
5687 6543
5270 5271
6833 20392
3926 13139
1467 4103
180 19630
15008 15009
1162 1163
14413 14414
7513 7514
13956 13957
3941 4885
8091 8092
7673 16482
21644 21645
7779 7780
1652 5305
3143 3145
2064 3919
15399 22947
316 317
16742 17976
3069 3866
16618 16619
10002 10003
7602 7603
7347 7348
21327 21328
3520 3521
8715 8716
9684 18485
7889 7890
8630 18328
15379 15380
17570 17571
1971 19092
10882 10883
7035 7040
8502 14849
19313 19314
16373 16374
18835 18836
16615 16616
125 126
7867 14341
19477 19478
21047 21048
14626 14627
15841 15900
14645 14653
9841 19674
13129 13130
3545 3546
8227 8229
5456 5457
7639 17940
8500 20054
21803 21804
16748 16763
16902 16903
9497 9498
2964 9162
23219 23220
15358 21657
12571 12572
7140 16427
1367 1368
16948 16949
3538 3941
3826 3827
491 492
16365 16371
11172 12735
10483 10484
3144 3145
13642 13643
8301 8302
8687 11350
1487 1488
7652 13630
1838 1839
15639 15640
8625 18111
1793 15125
6479 6483
4711 9480
124 3961
826 827
8650 20132
22951 22952
4063 4064
21787 21788
5444 7450
2657 16948
1431 1432
2748 3219
6394 6395
16806 16819
5452 5453
5449 5450
6466 6467
5005 18782
21126 21127
4864 4865
11147 11148
11976 11994
441 442
15126 15127
6660 6662
22477 22478
10895 10896
8536 8537
4647 18135
3284 3285
22098 22102
13880 20685
18352 20921
6100 7738
18074 18075
9002 9003
4205 4206
4360 4361
6684 6685
11853 11854
7223 7224
1874 1875
21857 21858
18294 18295
8528 8529
7007 7008
16689 16690
14570 14571
19106 19107
1996 3173
5 6
5359 19975
2215 2216
2500 2502
6798 19849
13863 13867
19118 19119
2541 2542
6786 6787
6227 11694
2958 2959
20562 20563
5777 5778
7448 16446
2481 22467
12683 17828
5483 13375
3857 7730
11477 11478
573 1101
2051 4903
6339 6340
6749 23291
4578 14727
16748 16749
1910 1911
21056 21057
16299 16300
406 407
10589 13098
2460 21865
11769 14592
14271 14272
10815 10816
18390 18401
2892 2893
15830 15831
11159 17718
9973 10884
5079 5080
129 1824
1842 3444
14934 14935
14465 14466
1386 13515
17340 17341
12084 18899
4164 4165
999 13912
6764 6765
1786 17433
18913 20037
3762 3763
9133 9134
12459 12460
18961 19701
5473 17391
3129 3130
9681 9682
19881 19882
7526 7527
23061 23062
15291 15292
3107 3755
16860 16861
1811 15694
1596 2252
18118 18119
11453 11454
9566 9567
3658 21295
11646 22152
15269 17811
204 1443
21977 21978
3668 3669
21190 21191
1018 1019
12340 12341
1490 2382
7081 10729
19995 19996
3872 8291
3410 10726
5869 14227
1600 2250
19161 19162
35 36
17254 17255
7959 7960
17675 20706
3095 3748
15995 18615
9244 14488
20095 20800
3480 3485
6833 20395
9599 13252
19074 19573
11519 18255
15288 19889
15969 15970
1711 1712
23392 23393
5383 5384
1753 6792
13334 13335
9178 17738
4982 4983
10625 10626
11913 19819
8306 12241
11217 17895
1443 16973
5728 5729
8180 8181
3434 19954
18129 18368
9741 12332
18021 18022
11018 18814
2856 10112
20589 20591
1247 3950
7508 7510
16953 21055
10133 19361
17757 20212
4926 16316
131 1594
5772 5773
13769 13770
20458 20459
19572 19573
13363 14047
12327 12328
5493 6407
2963 2964
14151 14153
3742 15765
7481 9329
13149 22844
4056 4057
7981 22880
23529 23530
14073 14463
17214 17215
7839 22756
9550 23185
6103 7737
18929 19538
1186 1187
20651 20652
15025 15026
1036 16671
1031 6223
5712 5713
1504 1505
18452 18453
9668 17011
5139 5140
21838 21839
370 21850
4229 14124
2970 18091
7079 7080
19248 19249
20901 20902
1133 1134
17918 17919
9054 11139
19083 19084
11542 16316
10608 10609
21163 21164
10096 10097
7277 10999
23337 23338
11945 11946
4803 4804
16140 16141
14496 22328
4670 7260
4889 4891
2310 14388
7425 7426
15545 15546
18804 18805
18031 18032
954 955
17706 17707
12172 12173
9049 9050
13964 13965
16539 16540
18531 18532
14279 14281
2190 5461
11322 11323
17528 17536
11902 22671
15205 15206
22144 22145
16393 16394
18684 18685
4506 4507
5694 5695
11819 11820
5532 22728
12858 12859
15149 15150
203 204
9681 22833
6712 20468
7838 7852
742 743
10458 10459
9493 9494
15623 19910
21493 21513
18353 18354
14419 22887
7287 7288
1996 20477
2220 22517
8195 17415
17974 17975
12514 15290
9256 9257
12050 12051
18655 18656
5295 20676
605 2320
6278 6279
10400 10401
13446 13447
13132 13133
6775 6776
2496 8015
11745 11890
10173 10174
1171 9676
8193 8196
15257 15258
16347 16348
17924 17925
22607 22608
131 2593
3724 17194
593 594
1008 6546
7523 7977
12167 12168
17071 20331
8066 8068
12125 21380
5047 5048
16486 16487
13029 22836
335 7022
11765 11766
3280 14379
18863 18868
12950 12951
10053 10054
6868 12034
6653 6654
1716 5738
14341 20469
160 8132
717 718
17665 22398
20006 20009
12259 19552
1649 2409
16808 16809
2986 4760
5482 13777
16423 22013
18204 18205
6020 6636
13747 13748
168 19340
20955 20956
260 261
17454 17455
14687 18216
2243 2244
16720 16721
13655 13656
22408 22418
2052 3919
3890 3891
2202 20368
15366 15367
1536 1537
22923 22924
12217 12218
5482 22641
2859 12133
17493 17494
13959 13960
14649 14650
14905 14906
4148 4149
4542 4543
6973 7822
9176 9369
4510 15334
8925 13378
3402 3403
11079 11080
471 522
12525 20359
18498 18499
5057 5058
3810 3811
5983 5984
11017 17645
17810 20755
9790 10037
22356 22357
9299 9300
70 71
20229 20230
17764 17765
9895 9896
10498 17658
8322 8323
7197 7199
1989 8938
20017 20018
7721 7722
17393 17394
910 13731
15142 15143
15472 15473
19512 20702
19932 21565
5852 16849
7951 22927
181 182
10683 10684
15603 15610
5511 5512
11352 22146
4124 4125
15738 19262
12682 12683
3846 11368
7398 14145
16956 16957
204 1464
21384 21385
8542 14856
6590 10751
7325 12886
2832 2833
3007 3008
14079 18684
475 5218
10135 12417
15971 17451
19658 19659
852 16584
6745 6746
9468 9469
16349 16350
5847 5848
19456 19457
17405 17406
739 5092
1 2
4759 20860
13815 13816
351 1328
5956 5957
14674 14675
9699 16650
2754 2755
13913 13916
11846 11847
21456 21457
8145 8146
13532 13540
15342 15345
9109 9110
971 13512
7765 17527
14527 14742
1721 1722
3444 3445
23360 23361
1986 17976
2609 2610
11003 11004
11884 20382
19746 19747
5697 5698
2774 2775
2538 2539
21887 22495
6743 6744
11680 11681
4313 4314
2610 2611
201 4994
3571 3572
7452 7453
5370 16395
13631 14147
11284 14861
10531 10532
2485 2486
14023 14026
14 15
16833 16834
16147 16148
1230 1231
14059 14060
3380 11730
21640 21641
18432 18433
14894 14907
6773 6774
1698 1939
132 7948
13879 13880
13779 22279
22190 22191
6151 6152
19248 19250
11394 14321
4715 5310
2341 11435
709 710
9345 9346
21981 21982
130 429
22786 22787
7575 7576
714 715
16062 16063
12632 17556
7066 10070
7104 12413
4317 4318
7 15894
14307 14308
10087 10088
21177 21178
8361 20179
3647 7219
13668 13691
13385 13386
4679 4680
19552 19553
12485 12486
8005 8006
22491 23215
21226 21227
13537 13538
22549 22550
15064 15065
9517 9518
16775 16776
14376 20672
10171 10172
1867 2374
508 8677
15964 15965
7091 7092
4526 9918
10860 16598
15863 22876
9116 9117
20657 20658
15388 20386
23122 23123
13410 13411
20493 20494
4191 4192
16352 16355
1002 1003
13264 13265
1279 1280
11506 11507
2971 4791
2316 2317
22757 22758
2972 19266
6922 6923
14167 14168
591 606
925 8756
1251 1312
15398 21762
14810 22116
19779 23493
11567 11568
13608 13609
12945 21656
2046 7174
3281 3282
9615 14965
17111 17112
2374 8552
12815 19808
1793 20817
4957 4958
16752 16753
16574 16575
5886 6631
21373 21375
16702 16710
2445 2446
19592 19593
18491 18492
7550 15806
13322 13323
19558 19559
17096 18626
21884 21885
4456 4457
22118 22119
8305 19882
19151 19152
9887 9888
11784 15322
2748 3301
2681 2682
11705 14243
21062 21063
14070 20150
6516 6517
3514 12888
11396 11397
22744 22745
6555 6556
18835 18846
13039 13040
4340 22064
5070 12636
4005 23391
6273 6572
3037 3038
19778 19779
7634 7635
14047 20108
16145 16146
5941 6680
19028 19029
6353 6354
13545 13546
11238 11239
16360 17495
17311 17312
17162 19492
3432 17512
15867 15868
17388 17389
21611 22458
14800 14801
3530 3531
3656 3657
9672 9673
16249 22854
266 20347
18752 18753
975 3172
8689 11349
21215 21216
15772 15782
20057 20058
9568 10729
8616 18329
1580 1581
13867 13868
21422 21423
4526 13896
12444 12445
21860 21861
7587 7588
14920 14921
7550 15795
14413 18685
2721 2722
14030 14031
4637 4638
12483 12484
610 611
19699 19700
17699 17700
4897 4898
4648 4649
14005 14006
10599 10600
402 17696
501 502
1967 1968
20151 20152
6308 6309
11797 14767
12063 12064
3067 4789
4421 4422
18380 19318
1880 4217
18140 18141
3938 15978
23247 23248
16126 20449
11828 17241
2357 21237
5926 5935
1324 1325
10779 12076
22352 22353
2028 2029
22578 22579
3671 3672
7500 7501
16677 16678
3811 3812
2192 2193
13379 13380
14647 21987
12113 16292
4392 13884
3625 22214
14924 16490
22750 22751
22464 22465
1170 4728
3288 3289
1541 20317
1849 1850
17359 17659
827 828
16725 16726
13894 20003
2998 2999
15933 15934
6250 9583
7648 14599
5968 5969
13346 13347
7530 7531
12053 16530
10516 14366
15010 15011
17446 18014
5864 9914
2499 9476
18348 20617
11862 11863
17155 22849
2973 2974
13903 13904
5078 10096
15341 15342
3987 3988
9178 9179
8601 23489
19253 19254
7451 7452
1766 1767
17472 17474
469 19435
143 144
12248 12249
17738 17739
2897 4075
13450 13451
201 1436
22422 22423
14193 14194
17532 20392
543 544
22839 22840
2891 2892
20076 20077
7199 7200
14615 18334
77 5442
2192 2208
5027 5028
19543 19544
19939 22792
11503 11504
6588 6589
13317 16952
2484 2485
15899 15900
1069 1070
10451 10452
14999 15244
8133 8134
23121 23122
3305 11364
2266 2267
6361 21929
14936 14937
108 109
20961 20962
2657 2662
20232 20233
4475 4476
9681 22820
20897 20898
12555 12556
19389 19390
471 18812
8164 8165
17469 17470
10536 10556
9343 9344
8773 11267
1393 1394
6484 6485
3759 8361
1964 1965
8643 8644
9720 9721
558 559
5112 5113
9436 9437
4846 11261
1691 1692
15573 15574
9252 9255
1868 16673
5157 5158
4022 20399
17104 17154
19355 20166
9577 9578
18966 20809
9614 9615
304 305
3699 3700
22241 23033
7643 9644
3224 3225
3531 11324
22654 22678
2741 2742
17045 17046
8344 17089
8503 8505
8455 8456
1078 2804
6709 12092
2234 2235
9597 9598
12520 12521
19568 21332
19177 22651
8129 8130
1844 1845
1548 1549
2815 2816
16568 18427
18459 18460
16101 16102
22373 22374
4315 4316
9865 9866
992 993
10234 10235
13231 13232
12302 12303
7499 7500
38 39
114 14371
4429 4430
2598 2599
1766 6122
16305 17285
14877 14878
196 7008
11943 17545
2711 6949
463 17278
2020 2021
1654 1655
7386 9805
4260 4261
6973 6974
14032 22646
3970 3974
12058 17092
665 666
17498 23520
23309 23310
9233 21214
1646 13517
20101 23514
19141 19142
6348 6357
10151 10152
6735 13595
3373 3375
10216 19101
18014 23023
402 17700
10913 10914
4640 14126
5734 5735
12715 12716
5025 5026
3806 12344
394 403
6776 8833
21031 21032
7155 9006
3757 20177
9311 19628
2774 9164
564 1860
18000 20557
9764 9766
8877 18984
7705 7709
3710 14071
7116 19353
14221 14222
5119 5120
2674 13864
2347 2348
14625 22934
11777 11778
14424 14425
9610 9611
14170 14171
5516 5517
10256 13057
3087 13958
2924 4711
2759 12207
12443 12444
4379 4393
3939 3940
8644 8650
17900 17901
4286 10631
21905 22851
3010 3011
5997 5998
1793 1802
10438 10439
9683 9684
14457 19288
8116 8123
1977 1978
11020 11021
9211 9212
9214 9215
4825 9342
11259 11260
16796 16797
17155 17156
2614 2615
8603 21496
9128 9129
8340 8358
6652 18900
4704 5550
7478 7479
6628 8253
10207 10208
4805 19202
985 986
21766 21767
5370 5371
10844 16568
17196 17197
370 8203
14468 14469
15928 21898
7943 23092
4835 6153
22521 22522
19598 23161
3099 3100
6000 6001
10787 10788
2077 2078
15409 15411
19428 19429
505 507
12865 12866
3091 3092
8604 16039
1249 1312
6214 6215
14315 14316
4520 4521
5665 5666
19816 19817
114 1587
1381 11691
3509 3510
3288 22987
9580 9581
8833 17821
19353 20166
3448 6687
17051 17052
10642 10643
10660 10661
4311 4312
18222 18223
9891 9892
10268 19145
9725 9726
8903 12155
12970 12971
8616 16037
9730 9735
16785 16786
7870 7871
11496 11497
13620 13621
13044 13045
12671 12672
13324 13325
2576 2578
15862 15863
2843 2844
14345 22365
20727 20728
25 9320
1289 1290
130 428
7300 7301
18051 18052
2301 11549
6792 6794
5972 5973
8030 21364
4935 4936
13810 19326
5971 5972
4535 4537
5414 5415
481 4462
4646 14393
18016 23024
2652 4355
17464 17465
10824 13132
739 16438
6298 6299
12726 12727
10980 10981
5283 6160
15914 15925
758 759
14560 14561
6498 6510
3813 3814
18566 18567
817 818
1540 20326
10252 10253
15004 15005
14914 21273
7725 19380
807 808
1192 1193
5762 5763
5022 19061
366 18540
2940 2941
13802 15888
273 274
4022 17660
2215 22518
15809 15810
2151 2155
432 433
1285 1286
15656 19587
1510 1511
7171 13057
9147 9148
3975 3976
13656 13657
6783 6785
22729 22730
9334 9335
11071 11072
11506 13145
2177 10997
935 3564
3324 3325
734 735
10143 10144
17209 17210
7354 7355
10348 10349
22555 22556
22542 22543
16521 17264
12732 12884
1699 1700
10983 10984
183 185
15617 15618
12419 12420
3882 3883
19132 19133
1667 11124
5770 5771
22665 22666
21296 21297
3250 3251
7942 19416
790 4961
7627 7628
12621 15425
12184 12185
10396 12436
771 772
17577 17578
6641 17612
3963 3964
22437 22444
13814 18522
4918 4919
12011 12012
12196 12197
7652 7653
3912 3913
13532 13533
1310 13909
6510 6511
22312 22313
7350 7351
623 3910
8398 8399
9130 9131
15793 15794
5943 5944
9158 9159
2552 2553
11216 11222
7330 16723
13622 13623
8435 16890
12757 12758
3982 22566
2643 2648
13187 13190
4893 4894
3753 3754
9894 9905
14128 14129
20992 20993
15622 19911
9660 9662
10807 10808
2971 4675
354 355
19019 19020
14410 14411
18629 18630
8959 22992
3130 3131
21043 21044
11505 18138
20318 20319
8305 17418
3739 3740
8040 9464
351 352
20154 20155
1893 1894
1841 3448
2294 5016
4067 4068
6532 6533
14996 14997
12751 23164
11928 11939
15911 15912
10263 10264
18080 18081
5080 9180
8455 10196
12297 12298
5868 9901
9638 9639
11858 18722
22232 22233
11930 23279
7215 9361
16235 16240
7723 7724
16189 16190
23327 23328
185 17644
18628 18629
9630 9631
8448 9923
23268 23269
8928 8929
7308 7309
16435 16436
10707 10708
3218 15579
10920 18967
8962 23001
323 3897
17199 17200
2943 6580
7104 7105
19716 19717
1672 5643
10039 10050
19897 19899
20875 20876
2582 17350
6590 19147
12006 12007
180 6788
13483 13484
12634 17556
5613 5614
8822 20272
522 18812
17749 22320
16196 21739
21147 21148
2887 2888
2443 18922
989 3010
2192 5463
22318 22319
8879 8889
905 9736
2183 15725
13405 13632
22650 22651
11275 14863
6077 6680
3796 3797
799 800
4846 4847
10366 10369
2932 2933
10311 18520
9650 16388
2488 2489
8993 17491
2659 2660
405 406
13130 13131
17604 17605
20544 20545
9437 9438
1708 7898
20101 21741
7246 7247
11281 11282
11307 11308
495 13506
14698 22848
6099 6100
11055 11057
13009 13010
7145 7146
16410 16411
5517 5518
5079 21131
4742 9232
15192 15193
7618 22892
8315 8316
9266 22324
10049 10051
604 8211
19100 19101
16623 17356
4526 9925
10563 16642
13279 13280
171 1397
7082 7083
10713 10714
5264 5265
5042 5043
19000 19001
7756 7757
20267 20268
5667 13168
8473 8474
8573 19980
15614 21184
8611 8612
20623 20684
1538 1539
15781 22918
3068 3069
12951 14967
14289 14290
7938 9286
17939 17940
3955 3956
15304 15305
1842 9587
12578 22534
2706 14946
6253 6254
3242 3243
3061 3062
16353 16518
17442 18513
11918 11919
7002 7003
15532 18834
196 12882
2326 2330
13375 18886
9272 16846
19044 19045
8798 8799
21073 22040
2540 2541
1075 1937
11244 11245
22384 22385
19254 19255
2759 8888
10494 18151
6619 6620
5735 5736
5365 5366
11616 11617
2118 15497
62 7226
8663 15126
699 700
20900 20901
206 2931
329 330
13362 13363
8658 8659
9978 9979
1024 1025
11705 11706
3097 11094
19260 19261
2191 2192
3252 3253
11503 16828
21299 21328
4631 4640
3751 5225
4452 4453
982 983
10000 22150
1252 1253
627 9991
16768 16769
15643 15649
4867 15080
3298 3299
5471 5472
20312 20313
8574 9368
172 1029
3926 10497
7910 7912
1751 1752
8603 18328
9337 20908
13944 13945
11233 19341
1029 1766
9383 9384
15254 15255
6746 23293
22737 22738
9373 9374
320 4980
12777 12778
17462 17463
16002 16003
15782 15783
8312 11465
10675 10676
2705 2706
12680 12681
8876 8877
18627 18628
6902 13387
9411 9412
13222 13223
223 23259
530 6202
11914 11915
1407 1408
15814 20694
7732 15455
9659 19735
4511 4512
16110 16111
6363 18491
18762 18763
16663 16664
18 1058
1388 1389
14783 14784
13357 13358
8665 8666
17025 21780
149 1771
7489 16829
10075 10076
13528 13529
2059 2061
7866 7867
17350 17351
2564 10506
13244 13245
2706 2707
393 394
8678 22991
8499 8500
8915 8916
18182 18183
3392 3393
8550 8551
17754 17755
13802 15889
18840 18841
14956 14957
16633 16634
21474 21475
3945 13390
20663 20671
15917 15918
5128 9479
16328 16329
17583 17584
3261 3262
13193 22559
463 19222
21786 21787
11513 19757
19509 19510
1029 10575
19396 19397
18632 18633
6681 13416
4106 6112
887 17998
10666 10667
22580 23300
22064 22070
11261 11262
3860 12711
2506 7998
1920 3231
7457 7458
4860 4861
16542 16543
16138 16163
16501 16502
5293 5294
19741 19752
4848 4849
5619 5620
19291 19292
7943 19416
6765 12622
19943 19944
18797 18798
1079 1080
5586 5587
8381 8382
4355 14757
3015 3016
918 919
7774 19941
13800 13801
13685 16783
11861 22045
21889 21890
4170 11343
5915 5936
22275 22276
16073 19813
1168 1169
8940 8941
10415 10430
6744 23292
18770 20373
7013 7014
12595 16772
3652 3653
8941 15635
18264 19563
13432 13433
9575 9576
10198 15404
3445 3446
12606 12607
559 560
993 3523
14407 14462
3010 3012
11646 11647
3915 3916
12038 12039
2893 2894
710 3836
9254 9255
2789 2797
11875 17904
19590 19591
14980 14981
2696 2697
6555 10160
9344 17728
10158 10159
4321 11449
4690 19273
6736 6737
2656 19010
6334 16192
5927 7939
1044 1045
10531 15936
599 600
7598 11264
3894 5894
1193 17005
21961 21962
15608 15610
5541 5542
15772 21958
7703 7704
9069 9070
3956 8409
1530 1532
19086 19087
2171 8113
5803 5804
21423 21424
20336 20337
3976 23277
11070 13735
17524 18129
7857 17644
2321 19567
3207 3208
935 1111
7130 7131
13445 13446
1878 1879
12067 17153
5296 20676
17805 17806
1824 5279
21197 21198
1952 1953
3480 3481
9286 9287
14168 14169
9844 9845
12760 12774
15623 19912
5468 14156
20673 20674
12228 12229
1869 4879
9701 16650
6115 15437
4965 4966
368 4163
6718 6719
2379 2380
3809 3810
2330 2331
1037 1038
8641 16034
8338 8343
11006 11007
17872 17873
20779 20784
86 87
7646 7647
5810 5811
3834 3835
18657 18658
7475 7476
6808 20743
13419 16547
19438 19446
7523 12454
5508 11717
8455 10195
4297 4304
14323 14324
17039 17040
7215 15533
16851 20682
14996 22594
4009 4010
17553 17554
3121 3122
6023 6024
16846 16847
23265 23266
8045 8046
913 15165
11160 11161
13245 13248
14298 14632
14588 14589
3644 7220
11063 11064
11284 21029
10350 10351
13519 13520
2338 10464
19655 19656
13546 13547
3640 6434
1672 1689
1857 1858
2750 10415
19612 19614
19901 19902
17992 18430
1516 1517
3159 3160
10721 11495
16392 16393
14299 14300
6032 6033
22586 22590
3767 11824
18860 18861
15269 20753
7508 7509
549 3448
8539 9555
19130 19131
5677 19004
5838 5839
21789 21790
3787 5444
10283 13709
8220 19276
730 731
20737 21543
2959 2960
3072 10216
19705 19706
7628 7629
11876 17905
4477 10055
11853 21522
2346 2347
14059 20158
2550 2551
2890 17222
359 1319
10927 10931
13026 13027
555 1275
3582 8158
8862 8863
14846 14847
129 10386
1187 1189
4081 4082
10488 10489
5785 5786
20577 20578
8036 22780
8066 18040
9899 14872
9263 9264
1199 14929
9414 9415
5789 5790
11626 21132
3475 3476
9424 14691
19304 19305
2389 21268
5155 5156
712 6219
19135 19136
9452 9453
23475 23477
5792 19059
11658 11659
20260 20269
181 12989
13681 13682
33 1298
12351 12352
20067 20069
15417 15418
13164 13165
710 10098
12614 12615
15600 15603
7400 7401
2321 14680
8795 8796
22970 22971
5865 5866
9603 9604
7261 7262
15260 15261
2341 3283
20305 20306
2372 2772
4043 4044
1105 1106
7337 7338
4710 4711
18290 18291
13883 13884
14304 14305
1787 21846
15910 22104
13481 13482
12914 12915
5507 22604
1194 1195
12054 12067
10941 10942
8546 10324
16565 21201
12910 12911
15974 15975
2393 13167
694 695
1550 1551
6821 6822
1141 5364
4919 7446
9388 9389
3640 3641
6262 6266
11674 11675
9977 13994
3620 3621
4022 6022
4387 4388
9513 9514
22768 22769
15117 15430
6481 6482
15209 15210
4594 4595
16321 16322
12031 21864
3187 3188
13173 13174
5473 17392
2235 8112
17581 17582
20564 20565
22121 22122
5723 6622
14035 22207
14494 14495
5319 5320
10014 10904
18018 18019
20649 22772
8150 8151
19810 20766
14645 18338
3816 3817
9054 9055
7277 13557
7130 7133
1332 1333
17992 17993
1914 1915
3293 3294
7319 7320
12083 17790
14704 14705
2948 2949
11504 18136
13396 13398
21452 21453
16044 16057
4746 9260
15073 20719
8265 8266
3985 19381
4080 4081
14181 14182
466 467
12409 18946
9029 9030
1462 1465
5578 14531
3622 3623
17601 17602
5592 5593
8668 21844
21507 21508
8379 8380
13240 13241
5842 5852
5724 5725
3862 4247
1142 1143
16284 16285
4431 14706
16933 18331
2444 18922
8465 8980
20240 20241
3724 3725
5098 19409
10195 10196
4364 18257
19018 19020
7207 7208
712 6501
5875 18677
21671 21672
7600 7601
1468 1469
17359 17360
7422 7423
15048 15049
9418 9420
13082 13083
2280 2281
8173 8174
18880 22286
13465 22825
2837 2838
5947 5948
16235 22869
8963 8964
14839 20071
7964 7965
16133 16134
20136 20137
8060 8061
4744 4745
7872 14337
8351 8352
20384 23523
18283 20048
15242 15243
3384 6408
12167 12736
15732 15733
7954 22926
19757 21282
5655 14576
23530 23532
22370 22371
3563 9292
2244 2245
10985 10990
3301 8710
11490 20757
12275 12276
9774 14053
653 902
1614 1615
8941 8942
6323 6324
5224 6513
2496 2497
20311 20312
11473 11474
21033 21034
199 13742
10637 10638
16933 23346
21882 21883
500 501
17156 19490
10607 10608
3966 3967
7042 7043
2567 2568
10824 10825
12840 12841
642 22908
4318 4319
6214 9379
15074 23416
17806 17807
3185 3186
1037 23532
8780 8781
19757 19758
5913 5914
15997 15998
3931 5834
11707 14250
11492 23029
9499 9500
7973 7974
2751 2752
2998 3538
15090 15091
19541 20113
9366 12172
9745 9746
20010 20011
406 6166
621 622
17627 17628
21846 21847
19109 19110
2460 20653
4233 4234
9059 9060
16129 18264
11554 11555
5839 5840
14310 14311
13229 13230
8611 23260
3329 3330
2280 4286
6120 15443
9196 9197
20539 23473
1850 1851
3690 3709
4915 19476
5867 12160
8678 11360
5077 5079
15769 15770
20653 20655
2663 11356
10752 10777
13027 13028
21392 21393
5383 5385
10040 10051
2161 2162
17707 17898
5699 5700
772 773
903 1637
15282 15283
16115 16116
11586 12314
15169 18273
276 3945
16158 17341
23206 23207
1786 17434
5936 18882
6362 21929
9017 9018
9516 9517
12749 23168
18340 18351
1571 4352
11338 11339
6762 18440
10813 10814
5041 5042
21244 21245
5530 22736
7820 22896
8543 8544
382 383
7397 7398
15267 15269
387 8088
12653 12654
4578 5714
4887 4888
17306 17307
22681 22682
8378 8381
18295 21774
2065 7724
5679 5680
17539 17540
5993 6015
8501 14844
386 387
8967 8968
19534 19535
4992 22536
2761 10412
16669 17371
11409 11410
8061 21620
1656 2971
12707 12708
11544 11545
5916 21126
19114 19115
15065 15066
7484 7485
4991 4992
7125 7355
16748 16750
9019 17890
15775 15776
5473 6401
5667 5669
11480 11481
8612 21509
13864 13880
10333 10334
5524 5525
11268 11269
1187 1188
7803 14440
21215 22331
186 12981
8659 15123
11844 11845
13393 13394
10196 23313
9790 15784
14010 14011
5696 7683
5651 5652
15161 15162
4065 4066
22446 22447
1718 4578
22682 22683
13658 13659
11672 11673
14484 14485
4441 22016
4335 9707
15415 21893
3451 3452
4475 16186
7281 13555
4581 6544
4551 11212
15784 17184
22876 22877
11213 11214
10564 11495
12922 19246
1630 1631
4484 17183
637 638
19583 19584
5297 5298
23129 23130
8396 8397
8186 8187
4188 4189
8076 21618
4660 4661
7923 7924
5997 16546
10500 17377
5368 5369
15945 15947
22810 22811
1059 1060
3927 6233
21044 21045
16209 16210
3241 3242
17117 17118
427 2593
8691 8692
3373 5495
17175 17176
9389 9390
364 1786
10392 20544
5839 5852
8060 18360
3042 3043
17026 21781
7109 7110
19990 19991
14027 14028
4650 4655
434 1768
20123 20124
3009 3010
368 4162
274 275
18220 18221
18266 18267
9337 19941
11764 11765
8742 14636
18524 18525
3555 3556
137 138
12461 18603
10256 10257
506 507
11284 11308
4570 16981
9175 9370
1495 4604
14928 17000
3111 3112
11626 19447
21957 23177
2107 2109
6097 8808
18394 18395
21059 21060
16856 16857
14150 14151
11788 11790
8065 8076
14161 14162
3258 7239
22402 22406
11294 11295
6695 8235
320 323
16686 18466
1000 11450
7030 9991
15275 15276
3739 23188
3279 18221
15691 15715
4252 4272
6041 6042
13095 20467
8501 21770
2197 16688
2501 2502
3864 5892
2449 21680
13122 13123
13971 13972
8101 8102
6847 6848
3222 12264
15527 15528
12462 16866
18859 18860
4001 4002
15647 15648
423 424
2055 11122
21117 21123
6797 6798
18 22
2943 6295
5531 5534
6878 12033
22794 22795
13916 13919
920 4463
18497 18508
7101 17498
16272 16273
12937 12938
7796 7797
6485 7695
1978 1979
19143 21455
11148 11149
13017 14695
9769 12075
8064 21623
10255 10256
12586 23212
11371 21559
239 240
12048 12050
9250 9251
13737 15949
16580 16581
3784 4593
21181 21185
2614 11420
8503 16165
2874 17242
2845 15670
20384 20385
1428 11716
7992 7998
14111 17272
2687 2690
20723 20730
4518 4522
13091 13092
5192 5193
7406 7407
20004 20009
12103 12107
3315 12266
8415 8416
23126 23127
18033 18034
1773 11305
13268 13269
2298 2299
4501 17179
3916 3917
5125 5126
22776 22777
3663 12784
9857 13910
6924 6925
934 4715
11599 11600
10482 10483
4498 17173
15339 15340
16088 16089
4881 4882
2344 2345
23143 23144
19626 19627
23093 23094
16953 21060
6921 6922
2946 6297
4099 7837
2441 7308
10476 10477
10474 10475
10969 14901
5318 20053
14456 19289
2294 4285
16455 16456
16065 22049
16795 16796
15553 15554
9268 9269
2618 2619
1000 3116
9972 9973
2943 2944
5581 14530
3289 3290
23515 23516
15362 15363
11168 11169
10802 10803
2761 2762
6 6674
6517 21710
2164 18789
10758 10759
17927 21391
16619 16620
3878 3879
294 295
18514 18518
6671 7464
4736 21230
2427 2428
3835 5071
9166 9167
4208 4691
4155 4156
9784 9785
16244 16245
21348 21349
2378 2379
3548 3549
4070 5691
10713 10715
8878 8879
18265 18269
17930 17931
1888 1889
10240 10241
653 14537
8157 20604
4435 4436
16966 16967
2964 9163
12946 16108
7355 12202
9558 14856
12252 16731
8105 8106
9707 9709
22011 22014
7548 7549
14478 17151
20543 20921
1111 6972
11229 11230
3087 21953
3761 8355
12162 12163
4686 4687
10283 10284
6122 10739
7250 7251
11225 12626
9261 9262
3749 3756
3021 3022
13641 13642
18879 22292
3436 3437
5002 5003
12851 12852
17753 20214
4182 4183
12540 12541
22408 22409
3849 19777
14844 16534
23016 23017
18463 18464
8338 8339
8644 15134
3384 3385
15768 15769
3543 3544
20635 20636
11140 22036
3349 3350
9568 10716
19520 19521
18641 20837
3677 3678
7065 15628
3977 3978
22383 22384
1870 1871
8401 8402
8084 18041
441 2242
9567 19790
9918 9919
2507 2508
6976 6977
11312 18704
12698 12699
10133 10134
19007 19008
15473 19575
13327 21050
7427 7428
10410 10411
11709 11710
9044 10403
8098 8099
14923 17927
18815 18816
12046 12047
7001 7002
2113 15504
12594 12595
18636 18637
2808 2809
14108 14109
22051 22052
18729 18730
21756 21757
20175 20176
5285 20665
13265 13761
18326 18327
3343 4706
12825 16157
20341 20342
14179 14180
17089 17090
20563 20564
3375 3376
12590 12591
21117 21124
8620 23068
12290 22173
3023 5877
4630 4631
11615 11616
803 4788
1733 1734
2518 2519
9668 9669
21518 21519
6632 6633
1007 5742
7347 15981
19744 19745
2166 11944
3402 10727
18330 23275
6373 6374
6487 6488
10998 19550
12917 12918
21074 21075
7473 7474
10032 10033
11724 11726
7113 19341
11416 20558
15468 15576
4683 4684
697 698
16247 16248
173 5356
7928 7929
602 12891
4821 4822
7367 7368
5374 5379
6215 19095
10712 10713
7838 7848
5315 18609
20975 20976
15286 23022
2220 18465
11069 11070
12299 18416
19485 19486
20066 20067
16790 16791
5017 5018
3559 20196
905 10657
4173 10486
8933 16747
5323 5324
21354 21355
9454 19537
17093 17094
463 17277
12521 20801
3112 11097
3623 3624
8393 8394
5473 5474
12007 12008
18085 18086
2974 19269
1805 15685
6022 14688
18175 18245
6114 13828
5009 5010
16030 16031
13607 13608
378 386
12806 12820
647 648
11284 18873
3610 5543
16134 22360
7510 7511
5645 5646
17232 17233
3208 3209
23039 23040
9834 16524
9162 16637
15007 15008
17337 17338
4690 4691
20146 20147
5292 20675
3522 10975
7170 13058
9827 9828
21357 21866
52 15898
12291 12292
8805 8806
4882 4883
780 1085
2994 2995
12817 12818
3027 3028
537 4183
12423 14210
4028 10308
2014 16555
6669 6670
10036 18207
9560 9561
8611 21490
1539 1540
13302 13303
4171 7976
14953 16337
1458 1459
5686 5687
1720 5741
6250 22986
11925 20193
3918 3920
4028 4044
14414 14415
549 550
13152 13153
2858 2859
14890 14891
9207 9208
10093 21330
1867 2050
21785 21786
16400 23003
20962 20963
4572 5708
6563 6564
12923 12924
7676 7677
1026 1027
1175 1176
18972 22598
2342 6681
2318 2319
18332 18333
2321 2322
15272 15273
7050 18186
8039 8040
4216 18987
13869 13870
12334 19223
2404 5880
5394 5395
13269 15458
14915 14916
6680 6682
9759 9760
7758 7759
5445 5446
6117 15442
14162 18765
16661 16662
5536 5537
3602 3603
13765 14149
3265 3642
10068 10069
10760 14815
14492 18005
442 14369
14970 19406
21187 21188
4088 4089
5981 5983
9635 9638
10969 14899
17609 17610
9522 17878
4923 4924
19070 20254
11910 11911
8190 8191
17138 17139
7151 16426
4105 6113
3209 13900
14829 14830
2674 20847
11263 13897
1851 1852
11298 11299
3286 3287
1538 20322
11235 17498
3752 10581
2846 2847
8400 8401
19455 19456
12327 20322
3569 3570
22553 22554
3860 3861
20646 20683
11142 11143
6231 10685
2581 8028
13829 13830
16197 16198
3879 20986
14413 22687
18727 18728
6550 6551
5779 5780
4476 4477
18866 21028
5921 5922
22910 22911
7309 7310
6291 6292
17113 17122
12650 21346
9873 9874
9954 18099
8338 8340
11275 11296
10427 10428
8387 8388
13330 19014
14788 14789
2053 2054
1488 4607
14445 22023
255 256
5086 5087
1567 1568
7662 7663
426 2255
160 161
6008 6009
1815 1816
9770 22679
1667 4251
3713 3714
1649 11690
22578 23288
2450 2451
180 6784
16362 16363
2336 17221
16015 16016
3014 5879
15026 16058
10771 10772
17321 17322
9749 9750
2164 17543
15168 15169
21484 21485
10681 15728
9095 9096
4925 5097
20123 20129
8753 8754
2871 4607
3744 3786
22142 22144
14779 19566
2867 2868
5586 7643
14845 14846
14417 14424
10313 10315
15770 15771
903 14545
1867 2770
10275 10276
11546 16047
17259 17260
12305 12306
21954 21955
5909 18887
23 24
3 15895
19157 21638
3029 14979
8689 22400
1934 1935
13599 13600
10737 21582
14415 19921
5360 5361
401 17689
11971 18932
13799 13800
152 153
8862 13557
12657 20741
10500 13140
19898 19899
106 107
3525 3526
7805 7806
6116 15436
21358 21359
1566 1567
3310 12264
1029 1751
8942 20031
3105 5241
10228 10229
7706 7709
2725 2727
7981 20686
21955 21956
20839 20840
22492 22493
4403 4405
11488 11489
516 517
1843 9587
2164 17539
20620 20621
3017 3018
17496 17497
8471 8472
3897 18998
1062 1063
5453 5454
9027 9028
15707 15710
5559 7227
1884 1885
16980 16981
2780 2781
15525 21369
1853 1854
6842 19950
13215 13216
17478 18422
7070 7071
20063 20064
14489 14490
15959 15960
20102 20103
6970 16780
4288 4289
5255 9036
11907 20774
4741 9231
1 15895
683 684
7024 7025
17982 17983
6894 7807
6183 6184
3126 11098
5075 10828
15578 19576
5667 18982
17436 17437
4387 15079
3232 8265
2806 2807
15621 15622
13142 13143
1726 4072
5006 14691
16974 16975
7545 7546
17573 17574
22225 22226
11774 11775
10732 20970
114 1771
867 868
14446 22022
10190 12053
1217 1218
16537 22612
13021 13022
12403 18951
16919 19236
8642 8643
11425 11426
14803 14804
2990 2992
10174 10175
9018 20710
12651 12652
3756 14258
9365 9366
18879 19418
14068 14069
6757 9449
16891 16892
21216 21217
13398 13399
4565 11200
10152 10153
5151 5152
15098 20264
14373 14374
6785 11369
8016 8017
221 3554
5445 16453
11515 20455
16308 16309
14643 14644
2277 4287
3848 19774
19065 19066
13974 13975
9975 9976
7653 15107
16412 16415
1908 1910
7461 7462
18709 18710
8876 8879
10833 10834
4521 4522
2757 8889
2067 2068
16285 16286
16875 16876
3361 3362
13164 18135
13625 13626
11584 13904
2607 2608
17219 17220
3578 20605
8058 8084
5028 5029
4886 4887
9346 9347
6145 6146
12978 16336
2392 4705
6234 11515
4190 4191
15784 15786
3828 3829
1338 1339
12927 12928
7061 16707
11468 15541
1943 1944
18535 18536
15360 15361
6409 6410
2409 14394
3107 10838
10500 10501
11459 11460
15011 15012
17156 17157
19511 22980
5748 19004
2626 2627
19111 19112
4487 17338
330 1260
6213 6214
18656 18667
8183 9936
5973 5974
7247 7248
9868 21356
19346 19347
17465 17466
596 597
612 11255
11400 14319
2389 5552
9275 21007
2619 2620
5318 5319
5596 5597
6785 6787
2742 2743
8501 14843
7490 7501
22695 23348
10526 10527
1000 10450
1671 16042
15532 16522
12378 12380
14470 14473
9701 9702
4525 8338
614 6695
627 15750
16523 16524
1831 1832
10788 10797
18219 18221
3964 3965
21719 21720
14378 14379
7619 22893
14224 14225
14844 14845
7386 7387
15036 15719
3831 3832
12665 12666
6305 6306
3720 3721
2083 15725
14668 14682
14360 14361
10716 10728
6217 6218
1603 1604
2352 8524
11660 16988
9607 9608
12120 12121
2219 19652
5750 5751
5079 12639
21543 21544
18420 18421
4650 19925
5901 5902
6515 6516
15439 21234
2185 16685
8174 8175
1435 11081
696 6271
3510 3512
10938 10939
11583 11584
7000 19365
8650 15138
4280 4281
7420 7421
8456 10198
17660 17661
15602 17140
1793 15712
17409 17410
15424 15425
188 189
5486 5487
10961 10962
3284 5177
8044 12471
7610 7611
6974 6975
12695 12696
19001 19002
8032 8036
7872 7873
1958 17575
8059 19387
1866 2039
6925 6926
15181 18282
17780 17781
16558 16559
2752 2753
3186 3187
7182 7650
2939 2940
15169 18274
17238 17239
7415 10111
22205 22206
9676 23426
12442 12443
12456 12457
9910 9911
17087 21092
6288 6578
1530 1531
8364 8365
311 312
10182 10183
1718 7468
13146 18137
16156 16157
7430 9004
2594 17354
1810 1812
17289 17290
9247 12486
15009 15010
10191 10192
19291 20629
19829 19830
17069 17070
14442 14443
6667 6668
2265 3967
12403 12404
1545 12327
7152 7153
2194 18464
16063 16070
3876 5899
805 22785
12881 15310
6445 6446
13861 13863
378 3991
16046 16047
20949 20950
15395 15396
3428 3430
132 135
2168 8113
14841 16172
10984 10985
3422 3423
286 287
4332 4333
4355 19009
16852 18289
8549 8550
8743 14637
2903 2904
1801 4160
7139 7140
11381 11382
18690 21927
158 15643
10116 10117
4911 4912
14639 14650
19215 19411
989 992
16241 22865
20516 20517
19683 19688
14886 14887
6442 6443
7328 16724
18342 18343
8346 22253
1964 19090
15289 15290
20060 20061
11475 11476
12406 12407
18117 19768
18469 18470
1344 1345
21361 21362
20128 22707
13418 13419
5866 21976
101 102
8144 8145
8372 14773
20687 20688
2087 2088
2856 2857
1895 1897
14545 14546
7746 7747
17259 19729
2235 3989
13052 13053
8285 8286
19202 19203
13195 13196
3046 3047
7624 14094
1670 1698
2292 4285
4552 9022
15885 15886
16226 16227
8131 8132
10907 22434
10127 10128
2684 2685
17734 19332
2844 2845
1650 5302
11013 11014
2143 2237
19441 19442
4487 20441
11068 11069
2177 8124
21169 21170
10943 10944
7832 7833
7284 7285
18862 18890
6726 6727
14457 19289
17530 17535
16100 23223
4438 9698
685 6258
3683 3684
1429 1430
14003 19185
708 709
7629 21658
16058 16060
20833 20834
15147 15148
7823 7824
6999 7000
8303 9371
17434 17435
8623 22086
1772 1773
4647 18145
7949 10128
3342 4707
10806 10807
249 21969
6582 6583
14741 20468
5228 14258
3566 3567
20034 20035
16124 21005
12854 12855
1992 5607
13574 13575
1969 1970
6732 6733
12487 18003
2807 2808
746 747
19866 19867
793 794
1692 1693
261 262
15096 17975
19750 19752
16809 17025
1185 1186
4180 4181
939 940
1314 9323
9833 9834
7310 7311
13972 23003
3763 17097
12907 12908
2081 2082
5576 5577
387 6167
13933 13934
6073 7277
13775 22741
2164 11930
8139 8140
9717 9718
13090 13091
18639 18644
11587 11588
9024 9025
1700 1701
7687 7688
21405 22803
14661 14662
5954 5960
22113 22114
10133 19344
20662 20673
7278 7279
13971 16395
5204 5206
2860 2861
7104 8992
2795 12650
16135 21957
16481 16482
1939 13688
6975 7821
13913 13914
17395 17396
6480 6481
6669 9490
6805 6816
39 346
2814 8407
2482 2483
12444 12446
2510 2511
6234 10691
6027 6028
18836 22256
4188 9861
13315 21059
6741 6742
12966 12967
194 2096
4089 4090
9772 9773
4012 15411
6848 6849
5251 5252
547 1277
6833 17530
9626 9627
6070 6071
1029 6790
18494 20086
1786 8665
6370 6371
174 175
2673 8955
5631 5632
9598 9599
13010 13898
5095 6315
4828 18193
16774 16775
281 283
2672 2673
21765 21766
4554 4556
8104 8105
14458 23204
644 645
135 1587
10900 22078
2065 2066
2857 2858
1990 13743
11650 11651
6725 16469
14290 14291
16531 16532
17735 19338
2523 15020
6893 6894
2151 21797
1363 13516
3014 3023
631 15669
12813 12814
1347 1348
14700 19512
8263 8264
7206 7207
1184 1185
19820 19821
104 105
11513 11514
5873 5874
10856 10857
18745 23426
3519 3520
9276 16647
5535 5536
597 11256
7297 7298
17298 17299
8626 14755
20193 20194
5875 12494
2044 7174
12253 22490
2853 2854
9123 9124
10494 18150
22460 22463
6842 6843
2237 5528
1070 1071
8632 16025
16820 16821
11386 11387
1417 1418
16190 16191
7371 7372
2585 2590
9939 9940
12229 12230
13281 13282
4966 4967
3515 3516
4281 4282
5838 5853
9175 11173
14715 14716
189 190
10568 10569
15332 15333
18481 18482
5440 5441
14120 14121
2225 2226
2137 2138
18628 21931
5068 5069
19187 19188
12600 12601
7230 8712
540 541
7813 15812
13824 13874
6338 6339
17090 22254
15208 15209
12321 12322
3747 3748
12996 19238
16926 22699
2446 2447
13925 20004
428 2581
12523 12524
1059 5816
3487 6647
8365 8366
394 11408
20883 20884
1337 1343
2130 2131
8646 23077
5424 5436
10181 10182
11990 11991
6525 6526
999 12562
12490 12491
8257 8258
19810 19811
12944 12945
17072 17073
8037 8038
6920 6921
17164 17165
13088 13089
4490 9790
1040 16673
1041 1043
13290 13291
15918 15919
566 4550
10395 12436
5760 5761
12427 14212
22636 22637
5670 5671
18200 18201
1251 3230
18874 22283
21141 21142
12527 12528
2226 2227
19830 19831
21054 21055
6439 8130
7706 7707
19580 19586
11052 11053
18916 18917
23374 23375
1685 1687
21572 21573
6595 12606
13992 13993
7344 13690
13870 13871
7935 7936
6634 6635
13022 13023
16702 22800
16470 16473
2078 11941
9169 9170
5532 13771
7517 7518
18173 18174
18880 22291
146 5763
2657 2676
11169 11170
2768 10414
15583 15584
14229 14230
3643 3644
8990 13177
12674 12676
9764 9765
8458 8459
6373 20585
4687 9485
8002 8003
4237 9427
14019 14020
4352 5309
5261 9033
2724 7882
6115 21002
20683 20684
3384 5486
19292 19293
1881 1882
6151 15957
13333 13334
21491 21492
10047 10048
16290 16291
11523 11524
14647 21985
8870 13066
2663 2672
3217 3218
5419 5420
5131 5132
333 1259
21850 21851
2797 13347
17345 22542
20561 20562
13315 13316
2563 10510
5297 6672
5174 5175
5732 5733
16028 19784
2164 17541
19120 19121
1079 3638
22006 22007
13075 13096
2626 17085
13609 20211
4742 4743
19327 19328
438 18235
4140 4141
51 52
469 2231
20491 20492
5424 6454
6672 21645
445 446
2085 2183
19032 19033
20414 20415
22532 22533
11069 11073
10293 15519
20881 20882
20638 20639
8708 8709
20481 20482
21553 21555
1108 10110
2985 2986
6250 6251
12942 12943
14382 14383
18871 18872
8604 21634
404 6167
535 17896
6994 6995
9141 9142
2145 4003
20890 20891
19418 23365
17257 19730
2198 2199
14546 14547
513 514
19596 23160
14449 18038
10407 12207
3757 3761
18832 18833
20457 23240
3992 19381
15166 22872
19613 19615
16086 16105
12398 19052
11557 11558
11349 22148
20653 20654
6905 7816
16456 16457
11073 13734
9676 19050
7042 18191
12222 12223
5287 5288
6778 6779
7678 7679
6795 6796
19852 22548
9894 9895
9045 9046
18759 18760
11159 17717
15445 21000
18681 18682
4300 4301
10990 23168
4856 4857
11150 19176
2916 2917
4650 4651
1308 1309
17469 19994
1498 1499
4382 13884
5164 12625
719 16441
19479 19481
6385 6386
5234 5235
12 15892
1137 1138
5702 5703
15773 16144
6771 8822
4012 15409
14383 14384
5480 5481
6789 12988
3983 22723
16775 17550
22080 22081
14014 14015
10016 10904
17158 23395
3105 3106
19689 19690
13937 13938
8543 19145
13902 13903
2042 13364
19508 22968
12789 12790
13859 13860
8624 8637
10192 23314
14376 19937
19020 19021
196 8818
14894 14895
114 14372
11727 11748
9 15894
5171 22802
21475 21476
22316 22317
1779 1781
3435 17503
9402 9403
2481 2482
3220 3221
15113 15433
6474 8943
9819 9820
627 22670
9959 9960
17442 17443
10729 15629
11194 11195
19925 19927
14416 14419
15097 15493
5036 5037
2185 2186
5203 5204
10342 10343
11293 11305
22842 22843
11762 11763
14355 17328
17471 21276
11062 11063
14695 14696
13220 13221
3107 3216
9569 10715
10024 10025
10334 10335
5194 5195
3753 14265
18512 18513
899 900
13567 13568
4486 20436
5804 5805
20103 20109
3380 22642
13995 21677
11776 11777
4866 4867
8347 8348
12599 16957
5857 5858
15191 15192
5618 5619
6656 6657
22757 22762
13267 13757
10223 10224
12282 21951
10368 15865
11703 11704
4778 20854
1441 16212
3760 8354
1262 1572
6422 6423
5478 5481
1010 7468
19683 19689
15403 15406
14006 22182
15615 15617
8118 11894
17790 17791
14175 14176
14858 18865
370 21853
8501 20171
4261 4262
6537 6538
11128 19676
20960 20962
13621 13622
18008 19890
11624 11626
585 586
8865 19589
8668 21848
131 10387
12004 12032
10570 16865
15725 18506
587 1617
22956 22962
12877 12878
3160 3161
20674 20675
12647 18073
8472 8473
18181 18182
11907 20775
12803 20529
18237 18238
20668 20672
11218 11219
5727 5728
15916 15917
4638 4639
19551 19552
8256 8257
13342 13344
9760 9761
1266 1267
17520 19763
134 135
677 9944
9346 17722
6153 6155
14887 14888
6825 6826
9248 9249
1679 8922
297 17986
1867 4904
3871 3872
2164 18785
7618 22893
19640 19641
5378 5379
10505 10523
15738 15739
9019 9022
22024 22025
2792 23096
19646 19647
7149 7150
12847 12848
4143 14782
19366 20170
12581 13746
5071 6826
207 1163
4846 19693
9987 9988
6882 6883
19416 23357
7068 10072
9064 9065
18195 18196
16258 16259
1423 2890
11112 11113
1110 2930
3512 7074
13361 13416
9375 9376
21208 21209
4482 16839
1663 11688
6250 20504
17625 17626
7541 21578
2715 14948
18674 18675
4591 4592
10645 10646
3649 3650
21359 21360
15988 18528
5692 5693
3299 3300
3340 3650
15391 19003
787 788
1456 1457
2294 3045
20661 22783
19070 19071
12082 14101
13503 18146
4186 13907
4294 4305
9680 9681
8616 8623
12451 22561
8903 12159
1813 4160
4022 14804
22600 22601
9640 9641
12270 12271
3359 3360
17666 17668
1497 1498
672 673
13456 13458
1971 1972
5453 13610
21604 21605
10432 21363
8648 8649
13264 13762
3778 3779
3363 3364
21887 21888
21500 21501
15330 23383
6711 12093
17347 17348
2315 3065
9694 9695
20753 20754
3534 3535
17517 17518
3307 10423
1634 3765
11299 11302
4845 4846
1132 22193
2237 15409
5742 5743
3219 11363
10673 23483
6162 6163
14640 14641
4752 4753
11284 11285
14247 14248
2425 6724
16667 16668
4789 7243
1310 5348
9831 9832
14203 14204
9461 9462
1457 1458
21754 21755
2004 2005
23125 23126
12422 12423
6810 20744
3732 3736
23140 23141
3714 3727
4301 4302
21823 21824
3740 23188
5433 5434
401 17690
15958 15959
6614 11085
18218 18219
18660 18661
20367 20368
9883 11526
6972 9268
16686 16687
6303 6304
2934 2935
15022 15023
21503 21504
15333 15334
7813 15811
10737 10738
6359 6360
3749 5234
945 5313
2814 2901
5689 5744
2962 10260
6575 6576
1448 16814
461 6159
3747 11094
22429 22430
16344 16345
3914 5091
2849 2850
21177 21179
12557 12558
1626 1627
8491 8492
21137 21138
3550 5273
15627 19905
10563 10564
21458 21459
5775 5776
16984 16985
10020 10021
12900 17101
950 964
3864 4665
509 21333
3941 12755
16319 16320
6762 23399
1246 1247
6894 6895
720 721
17944 17945
11911 12810
7743 7744
20002 20003
3107 4596
23036 23043
2217 19650
5532 22735
10870 18564
12057 12063
1086 2803
5095 5096
6747 23293
8635 21495
6713 12095
12637 12638
12106 12107
6995 6996
3009 14117
17374 17375
9815 9816
7360 7361
1690 1691
124 126
1642 13713
114 115
1401 1402
967 13514
3318 3319
21778 21779
18634 23397
20499 20500
10889 14036
22332 22333
6939 14214
1859 7083
14314 21877
15386 15387
12701 19602
639 640
10929 10930
1620 1621
9813 16527
6318 9325
1016 1017
2534 12153
21309 21310
2889 2890
5158 13726
22289 22290
14806 14808
8964 8965
7967 7968
9041 9042
2330 22257
20208 20209
9715 9716
5960 14298
6157 10539
1958 11965
12725 12726
15872 23371
14801 20411
8843 8844
893 10896
8036 8037
8001 8007
341 17164
14211 14212
1126 1127
187 3840
18274 18275
11158 11159
10693 10694
10781 13253
8829 8830
20519 21945
21970 21971
9750 18666
11678 11679
14486 14487
17155 19498
19808 19809
7916 7917
13601 13602
9796 9797
3481 3482
16211 21964
17680 17681
12651 23097
9015 9016
12122 12123
15730 15731
7290 7291
915 916
18669 18673
4498 17176
23025 23502
15872 15873
15814 17885
3205 17453
14381 14382
1840 3443
7288 8863
10104 10105
15690 23092
9052 9053
129 2253
17800 17801
18522 18523
16629 16630
5602 5603
3487 3488
874 875
16899 20113
800 801
13780 22746
11382 11383
15173 15174
23146 23147
7351 20974
12385 12386
17069 17071
8390 8408
7277 7278
3723 3724
14080 19923
14158 14159
15761 15762
19685 19686
23368 23369
17078 17079
14280 14283
2582 6059
13477 23311
9615 9616
13847 13848
4051 14734
2710 2711
1649 1650
552 1276
6290 10559
2228 16305
2787 2789
6744 6745
4946 4947
6836 17531
8092 18370
1146 1153
3984 22718
6959 6960
14041 14042
376 8305
19745 19746
16225 20489
7202 7203
19237 21084
22505 22510
9949 9950
9225 9226
5488 10345
10814 10815
929 930
1734 1735
11328 11329
4563 4564
20321 20322
15219 22884
13893 20008
8541 9556
187 3856
5482 5497
22036 22037
8047 8048
6944 13011
6236 11514
6139 6140
14550 14557
2319 3867
8449 8460
11164 11165
4150 4151
18881 22289
2890 20808
23363 23364
2268 11930
3663 4463
2896 2897
19580 19695
9906 9907
3979 12241
3206 3207
5098 19476
6220 6221
16526 16527
1778 14865
13245 13246
22021 22022
17457 17458
1846 1847
2465 2466
17323 17324
18680 21019
14707 14708
6173 6174
18715 18716
12658 19692
2015 9014
4863 12216
12267 12268
8058 8060
20867 20868
7787 14730
12141 12142
18046 18047
1203 14427
4909 4910
11930 11947
1010 1719
10935 10936
18326 21290
8341 8344
14244 14245
14998 14999
5645 18409
8454 23317
7138 7140
4679 19266
18753 18754
1867 2774
4009 21886
4943 4944
299 300
7803 16799
615 6436
12465 12466
16019 16020
6194 6195
11651 18647
361 368
8498 8499
1403 2891
7680 7681
21983 23509
5515 5516
17332 19853
207 208
79 80
9465 9466
6572 6573
3915 18235
13091 19287
15811 19728
16078 16079
6662 6663
13213 13214
11784 11785
16225 23471
16666 16669
13598 13599
21674 22614
15059 15060
8702 8703
7117 11232
13304 13305
13892 20011
18176 18246
15907 20452
3154 5189
11929 11930
16303 16304
4834 15957
1913 14657
22779 22782
15228 15229
9885 9886
8937 8938
12945 15358
19409 19483
2178 2179
12502 12509
1653 9195
4651 4652
4232 4233
10566 22249
21314 21315
1107 4714
8771 8772
21653 21654
14411 23463
8870 13065
16676 16677
630 631
6284 10830
2372 2374
6288 6579
13680 17560
16959 16960
959 960
7068 10073
3457 3458
22666 22667
8044 8045
2847 2848
15166 15167
3322 8844
10503 13138
4645 4646
17489 17490
471 472
5530 22730
15358 15359
4596 10449
2185 5465
6421 6422
1643 13713
7927 7928
6365 21928
605 606
9707 12732
706 707
9441 9442
3531 3532
12019 12023
13251 13252
5389 5390
636 22907
11129 11130
9981 10889
1253 1927
10353 20296
6844 19948
12296 17113
4298 4299
6620 6621
21672 21673
9618 9619
21389 21390
19885 23238
562 563
6680 13416
12794 12795
21676 21677
6379 6380
16529 21444
18172 18248
19192 19193
13877 13879
16294 16296
3423 10724
6334 16417
15945 15946
506 5118
5391 5392
21834 21843
5805 5806
8690 8691
17707 19914
8179 8180
8589 11861
13078 13081
10918 10972
3764 14111
21817 21818
7735 7736
4846 12221
22063 22068
412 413
13407 15901
7702 7703
6853 6854
8065 15572
10975 12890
2145 4010
13761 13762
5074 5075
1734 4587
616 3638
13423 13424
2953 2954
3926 13140
9766 23325
288 17981
19885 23237
15433 15434
12224 14694
19288 19299
1640 2415
14024 14025
23474 23475
10387 10388
5237 10579
18857 18872
9674 9675
15354 21655
12039 12040
5526 9007
8175 8176
8305 17783
21070 21071
13657 13658
18619 18620
3866 3867
2965 16637
3170 3171
276 17842
9651 9652
7423 7424
10649 10650
10083 10085
13971 13981
3835 7158
16702 16711
16198 22014
13426 13427
17520 17521
4738 9233
10415 10416
7477 7478
18493 18494
14033 14034
21672 22623
7543 15039
5369 20891
11307 18710
2635 14816
4723 4724
920 3659
6073 18813
9610 20713
6033 6034
9976 14041
476 10059
5696 10147
16313 17287
195 196
8692 8693
1671 1672
4342 4343
7299 17446
6486 6487
21510 21511
13508 13509
15882 15883
4383 4384
4097 4098
1368 1369
1272 1857
21723 21724
18575 18576
14491 18003
341 19316
4705 4706
1645 13715
13475 15271
15202 15203
9829 9830
12836 13614
3927 18256
22784 22785
1598 1599
16215 16216
334 1256
7505 7506
6697 6698
5462 5465
9190 9191
16581 18000
5909 5910
13467 19495
16528 21441
15560 22164
9337 9338
12113 16222
6250 11678
989 990
9533 17873
14466 14467
13947 13948
22096 22100
2441 7288
18947 18951
15532 16524
17717 19998
4705 5551
12782 12783
2527 2528
21078 21079
19935 19936
3493 3494
2772 2773
11732 11733
2883 17226
16153 16154
5202 5203
2584 6059
2242 2243
20544 22957
13199 13200
17189 17190
8809 8810
21646 21647
2477 2512
6411 6412
21198 21199
5491 5492
20496 20497
9249 9250
10664 10665
9565 14854
17077 17078
9699 9700
7598 7599
5622 10380
9287 9288
18878 22292
12697 12698
13533 13540
22468 22798
3919 16312
13087 13088
8383 23460
6279 13056
15216 19299
4648 13503
3143 3144
11954 11957
18236 23203
17443 17444
22711 22712
12090 12091
10840 20557
8172 8173
1453 1454
9336 15904
13555 18809
8064 21622
6716 14527
19086 21767
15074 15075
834 835
2168 2175
2602 10230
21077 21078
1240 1241
18822 18823
7993 7994
15922 15926
131 132
8197 21730
10564 16641
12262 12263
1119 1121
12362 12363
4872 4873
6774 6775
11088 11089
20831 20832
2176 2177
11493 11494
15022 22293
5131 9477
6762 6765
18585 18586
279 15397
17434 17436
3637 3638
8109 8111
17617 17618
13357 22433
249 5868
4235 10307
9197 9198
6119 6120
16422 16423
10614 14977
14839 14840
4943 10138
4241 4242
17397 17398
4899 13263
483 21660
2185 20759
5341 5342
2077 16681
707 708
2776 2778
3806 12343
6057 6062
14084 14085
2966 2967
20565 20698
11729 11730
12014 12015
10687 10688
23006 23007
7960 7961
14987 15018
620 621
9550 23186
2998 15196
7075 7076
17820 23047
1371 1372
4458 12793
16623 16624
21090 21100
11101 11102
1069 4961
7020 7021
15857 15867
11273 11277
17195 17196
7689 17412
7891 7892
16023 21490
1617 1618
2202 2203
19110 19111
5615 13792
4117 4118
1249 3950
2404 19205
6414 6415
5371 5372
16361 17496
17090 17091
2052 3920
569 570
7217 7218
16778 22232
13422 13423
12145 12146
20781 22626
9393 9394
2360 2361
19404 19405
12294 12295
18634 19492
13931 13932
8192 12241
10906 13357
19345 19361
18604 18616
1738 4591
3876 3877
627 11149
2219 21426
5600 18237
10025 10026
10312 18521
20220 20221
13079 22268
1784 11301
19752 19753
11890 11891
8992 12413
4884 5907
8910 8911
7100 17499
21907 21908
18688 18689
8148 8149
1511 3232
5321 14836
2989 2990
1627 1628
1176 1177
2421 19779
7251 7252
277 278
7762 7763
21150 21151
21338 21339
5737 5738
9157 9158
13846 13847
1855 3587
4552 11213
11630 11631
19940 22790
8394 8395
2546 2553
2185 14167
8857 8858
6363 6364
13034 21020
13840 13841
1540 1541
5493 5495
13568 20639
10697 10698
114 2066
4478 4479
2269 3968
550 551
17043 17066
3102 3107
17624 17625
14683 14686
18107 18108
15544 15545
11026 11027
2586 2587
3667 3668
18574 18575
815 10901
9362 19332
8786 8787
19039 19040
4064 4065
10905 10907
12185 12186
10569 10570
3819 12095
21401 21402
1909 7221
4736 21231
12197 12198
7148 9004
2397 2398
11710 11711
3575 8508
17377 17378
2187 2188
9114 9115
12254 12255
370 8198
21764 21765
2009 7090
6191 19780
8644 8663
10742 10743
8453 8454
2830 8754
17857 18782
6518 10576
20800 20801
18876 21121
14802 20916
2313 7238
787 17035
9729 9730
1670 11546
10296 10297
15269 15270
3276 4676
387 8087
8213 8214
7108 7109
18953 18954
962 963
17227 17228
11467 11468
5606 5607
2693 12048
1641 6623
19347 20167
8121 8122
1804 1805
13197 19986
8195 8196
1668 4251
7155 16426
2077 15727
54 55
370 376
1146 6972
13038 13039
10783 10784
16074 16075
575 576
12106 20297
21471 21472
17550 17551
4746 12066
9898 9913
18810 18811
3959 3960
4121 4122
701 702
5561 7226
6476 6477
14067 14068
1051 1052
22099 22101
7577 7578
11811 11812
13416 20108
5628 5629
7051 18186
21176 21177
7745 7746
12224 13695
1463 1464
12577 12578
12515 12516
16122 23452
16530 16531
12362 12372
7991 7992
3438 3439
5071 5072
6530 22528
2055 2056
994 1558
2410 2411
1656 2998
3518 9401
13267 13268
22126 22127
18269 19563
1464 10318
16294 16295
13920 13921
12688 12689
12993 12994
8058 8085
9973 14046
16337 16348
21136 21137
16652 16653
9177 9178
5370 13973
4371 4372
15442 15449
16449 16466
795 796
1499 1500
13650 13651
17547 23522
10956 10957
20502 20503
2494 2495
3653 15670
5831 5832
21291 21292
8585 22968
8275 8276
1996 2768
8946 8947
9417 9418
12298 18417
15306 15985
2639 2640
10534 10535
11092 11093
8112 17545
9451 10999
6094 6095
10222 10223
9802 9803
19244 19245
318 3427
2038 2039
13301 13302
8065 13166
210 211
1771 5932
1459 1460
158 159
4508 20144
20734 20735
13335 13337
13816 13817
6258 6259
14675 14676
11156 17716
19873 19874
13222 13255
13268 13756
7623 14976
4143 4144
16600 16601
1954 11969
6752 23299
9721 9722
4996 4997
16485 16493
22761 22762
14767 14768
8782 8783
2090 12003
133 134
8603 8634
18200 18205
2062 2064
9405 9407
6167 8087
15565 15566
15398 21761
5370 16407
10391 20545
12822 12839
1927 1928
13340 13341
13618 20867
2751 2768
3973 3974
14440 14441
15490 19549
12319 12320
364 365
22264 22265
9016 9017
5373 6345
16809 17027
2217 19636
5289 5295
5444 14589
17854 17855
1212 1213
12523 20796
628 629
19090 19093
6195 6196
1854 1855
11531 11532
13123 13124
14605 14606
810 8434
19318 19603
21388 21389
1661 11688
13904 15230
22127 22128
14834 14835
16993 16994
13820 13821
11763 11764
13276 13277
4054 4055
3056 3057
23133 23153
11735 11736
21492 21513
17158 17159
15260 20696
10276 10277
19812 19813
4531 4532
2755 8889
7715 7716
16368 16369
20093 21694
6351 6352
7450 13217
6881 6882
22803 23425
8504 16165
7980 12459
14826 14828
823 824
2963 5096
8490 18283
980 23180
16343 16344
9681 22826
23378 23379
20281 20300
18073 18074
7029 7030
5295 5296
5682 5746
14162 14163
21739 22009
16846 18399
11570 11571
2477 2508
15828 16926
12008 12009
7210 7215
4485 23508
6278 18095
22461 22462
2500 7989
1022 1025
17732 17733
1362 2402
10202 13623
6655 6656
5575 6060
690 6254
5127 21876
9412 9413
2773 8407
2019 2020
4330 4331
23073 23074
17539 21800
1165 1171
17022 17023
325 326
1867 5941
3630 5540
8079 17941
18869 21024
5583 14530
4299 4308
17081 17727
544 1145
4288 19549
3773 8838
12418 20931
3777 3778
19886 19888
12934 13717
18974 18975
20575 20576
11728 11729
8972 8973
3164 3165
12732 12733
10031 10032
17368 17369
8501 8502
7009 7010
6844 6845
2213 2214
6765 6766
15725 18503
6402 6403
16267 16268
6286 6287
11835 13204
586 1618
3760 18474
14924 20255
22779 22780
2086 15725
329 1216
7105 12413
991 5412
1265 1859
4175 4176
333 1068
2882 17227
21279 21280
12444 12447
9741 9742
3537 3538
511 512
15880 15881
6943 6944
2720 2721
2566 22573
18407 18408
4236 4237
4655 19925
440 441
114 1820
923 924
1787 4162
9018 9019
1732 1733
1738 1739
3657 15671
8649 22706
114 2070
1309 4193
14334 14335
16507 21567
8147 8148
1873 1874
2344 9516
3067 3068
5926 21108
7535 7536
3579 8157
5080 14867
12360 12361
16291 17387
11246 11247
15327 15328
20640 21601
2342 9710
16550 19970
22262 22263
5556 5557
17080 22769
7961 19417
11284 14857
13949 13950
15495 15496
4321 20096
1955 1956
15414 15415
18978 18979
11369 21279
1437 1438
12114 17386
5393 5394
2989 4772
6969 16780
20630 22277
1773 1774
13805 13806
9684 13480
13858 13859
5926 14623
4865 4866
3575 8500
22621 22623
22352 22357
8199 8305
15215 22484
492 493
7366 7367
5343 5344
3604 5812
754 2718
7783 7784
4085 4086
810 8433
1015 5413
20530 20531
18396 21014
18571 18572
15630 15631
12282 21947
17626 17627
9421 9422
3750 3751
5498 22601
7380 7381
2310 14392
17676 17681
8895 11785
1519 1555
12091 12092
584 17860
19166 20201
1959 1998
10542 10543
4432 4433
7193 7194
8554 8555
1909 3232
1912 8231
2657 2690
11417 11418
9401 9402
20499 20512
17729 17730
15690 23091
8487 8488
1621 1622
22597 22598
14209 22903
10017 10018
8942 13350
8489 8490
5621 8746
10520 17956
4105 6112
5232 5233
1177 4732
14133 14134
7869 7871
5223 17454
10979 10982
8941 13351
17073 20332
2973 8177
9579 21204
3028 14980
6216 13989
3762 17160
12506 12507
9521 15580
17000 17001
1059 3241
3436 17511
2495 2496
5648 5649
4671 4672
1552 1553
8867 13093
6273 6274
15223 20040
7532 7533
4102 7164
11917 21141
17421 17984
10123 10125
1411 1412
6586 6587
578 579
11935 11947
2740 2741
10852 18096
4430 4431
87 88
15014 15015
10511 15908
114 1602
14869 14870
12475 12476
6728 23135
7353 7354
17268 17269
10190 22624
13070 13071
847 22339
4024 20915
23228 23234
1213 1214
8226 14658
16666 16667
9970 21199
10130 17970
20423 20424
19462 19463
8140 8141
22349 22350
292 11885
2365 2366
8275 9377
15375 15376
15638 22410
17187 17188
18662 18663
17333 17334
11872 15380
8764 8765
19645 19646
11637 11638
9732 12883
4514 4544
6896 6897
14377 14378
10551 10552
11504 11505
4070 11083
16144 17345
59 6675
11701 11702
15814 18602
12864 15994
6419 6421
11015 11016
15458 15459
7190 7191
2997 2998
5075 5076
2490 2491
2926 10643
4104 4105
8814 9301
16205 16403
12142 12143
1253 3229
19239 22372
7156 7157
22439 22440
4581 4582
1472 4185
1446 4997
18831 18832
19510 19511
9710 10516
17042 17066
13067 21603
1591 1592
6398 6399
14807 14808
7096 10138
6054 6055
6632 7271
845 846
4111 4112
4522 15869
334 335
5523 9008
9188 9189
10424 12264
661 9952
21212 21213
10277 13710
6349 6353
2478 2479
6911 6912
2917 2918
7184 7185
14867 14868
11378 11379
14745 14746
2776 9830
4201 8370
6147 6148
7762 21950
3223 8846
9408 9409
18285 18286
3074 3075
6657 6658
4464 4465
15905 17560
18298 21773
15349 15537
10673 10674
2389 2390
12615 12616
3205 3206
2408 2409
7119 11231
8817 8818
15039 15040
12070 20174
14958 14959
6028 6029
2231 17276
3946 3947
21089 21090
2403 2404
1670 4329
3317 11832
2478 2507
9317 9318
18676 18677
7177 7178
8887 19307
3182 11577
1797 15681
1086 1087
1841 3598
13076 13080
282 283
21345 21346
4578 5737
909 910
14082 20082
1789 17436
6585 6586
16798 18037
6441 6442
18939 18940
432 5279
16026 16027
5160 5161
19917 20176
7818 15148
18007 18008
2981 2982
1786 1787
3404 7591
12274 12275
2585 2586
21910 21911
3154 3155
3976 23281
6839 17542
21825 21826
2692 19522
12323 12324
15389 15390
7614 7615
18230 22219
21478 21479
122 124
15932 21900
9274 18400
14881 14882
10165 10166
8294 8295
6736 13595
7011 9809
15625 15626
15679 15714
335 1253
15567 15568
11974 11975
9080 17594
9124 9125
8982 8983
11899 22158
13036 13037
1537 1538
21223 22388
1602 5282
12290 12295
21386 22916
16577 16578
11578 11579
15999 16000
19186 22181
21887 22496
2249 3915
8624 16007
19040 19041
10372 10373
4674 4675
3131 3132
5985 6096
8465 10360
9890 9910
17607 17608
12166 12167
9598 13249
5978 5979
9301 9302
16199 16200
9429 20255
10958 10959
5464 5467
12486 12487
17134 17135
7722 7723
9277 9278
13476 22829
3425 10724
20941 20942
2206 2207
13512 13513
16714 18327
12298 12299
14896 14897
5002 6474
5771 5772
13783 13784
14085 14086
15429 15430
7324 7325
5799 5800
5264 20937
3049 3051
2833 2834
2100 19618
12841 12842
14713 14715
4615 4616
10022 10023
5862 9914
14666 14684
10617 10618
4992 4993
5527 21524
15300 15301
1078 17648
4843 5876
12289 12295
6872 6873
9946 9947
19542 19543
14798 14799
4727 12784
7943 23091
4526 13929
16271 16282
13348 13350
2196 2197
16659 16660
10805 10819
3768 3769
13861 13862
604 12891
4518 21445
3010 4228
18344 18345
8933 8934
2386 2387
14018 14019
2475 2476
1995 1996
7943 7945
1666 19675
13156 13157
4891 5107
6515 23342
16246 22852
15536 15537
6767 6768
16565 16566
15863 15864
4914 4915
13171 13172
15542 15543
15595 15596
7012 7013
1841 3444
7502 16829
920 1112
2066 2268
6870 6871
7039 7040
2734 19989
4812 4813
9686 9687
4113 17746
2356 2357
1387 1388
10911 21425
2109 2110
53 55
13669 13670
6877 14380
1306 5350
752 753
21455 21456
5405 5406
8109 8110
15679 15680
5746 6533
3885 3886
11729 23323
6279 6280
14148 14709
12528 12529
10300 13708
13299 13300
11808 12042
10497 13134
2898 3405
3278 3296
10679 10680
9223 9224
16360 16364
9020 17892
8598 8599
5317 5318
14568 14569
8822 20271
5249 5250
1357 1564
10687 10702
2722 2725
14324 22641
7966 7967
2185 20372
15294 22889
1076 3348
2720 2722
12569 12570
10192 23316
2068 5343
11235 11236
8420 8421
20535 20536
88 89
7003 19364
9496 9497
3455 8926
12430 15030
5043 5044
9739 15676
12502 12533
177 178
8469 16390
4202 4203
14034 19179
784 785
8619 18329
11513 16749
16502 16503
2102 5424
15246 15247
15755 15756
11947 23280
21633 23064
3942 3943
14001 19184
12965 12966
4497 4498
19581 19582
22511 22888
17257 17258
19722 19723
4406 10378
6451 6452
5509 5510
8 9
397 398
18265 18266
23244 23245
12227 12228
23116 23117
1362 1363
17526 17881
10250 10251
10885 10886
16688 23486
172 249
3985 12242
6727 23142
5927 5935
1769 5760
4157 14777
4838 4839
9217 9218
633 634
2210 21429
15624 19895
9528 17875
6557 6558
8613 21487
4879 4880
1379 1380
3695 10543
15849 15850
19170 19171
7781 7782
14035 19181
10955 14499
19667 19668
9047 9048
514 12512
896 8412
9280 9281
7401 7402
20355 21689
14106 14107
16044 16045
2478 2509
9059 12799
2766 10410
19426 19427
16374 16375
16656 16657
18104 22185
16950 16951
12551 12552
16918 16919
14199 14200
12828 12841
2600 2601
2350 21239
1298 3910
4898 4899
14000 14001
1622 1623
13023 13024
10661 10662
7840 7841
15860 15862
2608 2609
14006 14007
11464 14810
10708 10709
8592 21261
11033 11034
11836 13203
13620 22355
1649 2407
3696 3697
9729 14902
3613 3614
17215 17216
10653 10654
9681 19739
11406 11407
5335 7724
6899 6900
14402 14403
3573 3574
16552 19686
9475 12500
18669 18670
14865 14866
8414 8415
10959 10960
9702 9703
18439 18440
16709 16710
7551 15796
8804 9306
128 1596
14808 16963
15839 15840
19706 23123
2461 2463
1171 1188
8611 22540
1828 9260
15262 17805
4503 4504
8193 19893
20917 20918
6350 18486
10806 10819
3521 9401
6242 15055
15660 15673
12432 15030
5310 5311
22216 22217
9355 9356
8818 19770
15817 15818
15461 22212
17262 17263
10837 10838
12679 12680
14458 14461
1467 6113
22329 22330
8046 9472
11395 11396
5817 9928
3720 11046
765 766
13139 17375
2657 8464
20004 20016
21350 21351
5075 5078
15162 15164
3521 9400
11775 11776
8728 8729
13041 13042
19134 19135
12567 12568
1381 1382
20288 20289
12647 18236
7727 7728
8066 8067
8202 18534
13414 14663
11876 17712
1200 8867
9234 9262
1198 16996
6782 6783
107 108
8282 8283
20637 20638
769 1750
9132 9133
9361 9362
1110 1632
19366 20169
20855 20856
23349 23350
22808 22809
16802 16803
7603 7604
8236 8237
4611 4612
2514 7741
5122 5123
10990 10991
11839 11840
641 642
11473 13501
975 13511
13932 13933
1951 1952
20715 22112
11504 18140
3083 13958
2209 2216
14810 14811
2069 16681
5943 13258
6250 11676
16371 17137
21664 21669
6117 6118
997 5243
2159 18785
11657 11658
690 691
21549 21550
4948 13497
11570 18557
12307 12308
57 58
8785 8786
4472 8853
7708 7947
12513 23438
449 5282
8377 8378
10132 10133
12405 18949
14677 14678
6282 10830
13243 13244
1352 1353
15554 17579
5821 5822
10909 13355
10040 10041
7774 7775
17308 17309
17535 17536
13200 13201
1706 1707
19927 19928
15412 15413
8947 8948
1025 14833
16855 18778
7416 7417
6876 6877
1791 21534
11746 11747
20740 23039
2374 2770
18967 18968
9988 9989
16553 16554
19068 20254
5518 5519
2574 2575
11134 18546
12016 12017
326 1572
11058 11059
2468 2469
202 4995
653 16896
12981 12982
3433 3434
10922 14497
11346 11347
9244 14496
4359 4360
22384 22394
4258 21255
927 928
4225 7381
22 23
14977 14978
13575 17936
16511 16512
3728 3729
17022 17798
18646 18648
3664 3665
961 962
15814 18601
6988 6996
788 789
767 768
4088 12448
2076 2234
385 8272
13187 13188
5007 5008
17401 17408
4719 4720
18943 18944
6281 6282
5088 5089
3819 14334
7563 15799
2301 3349
19557 19558
4553 4554
20343 20344
4306 7971
21119 21125
2145 4009
7825 7826
6846 19942
1161 1162
1855 3588
16079 16080
984 985
13134 13135
22971 22972
4472 4473
1666 9841
20752 20753
7731 7732
4316 4317
22907 22913
8907 8908
9724 14906
7361 7362
5424 10326
11858 11859
20779 20780
16841 19099
16064 16065
6704 6705
4934 4935
21664 21670
2773 15338
8568 19595
6055 6056
11977 18808
569 3823
14102 14714
17456 17457
11778 11779
2729 6079
2928 2929
8311 8312
3077 3078
9812 16524
9518 9519
9764 20250
4296 4304
9997 9998
4645 6004
3451 8927
21071 21072
13149 19261
22300 22301
18342 18347
12407 17291
3819 21716
7999 8000
11220 11221
20746 20747
13016 13017
19969 19970
13546 19537
2716 5158
4024 4025
10284 10286
3712 3723
19555 19556
1941 1942
8224 8225
3642 3643
1729 18294
10180 10181
526 9255
1545 1546
22109 22110
9227 9228
4654 21961
13095 13569
6308 17363
18816 18817
1646 11787
4610 4611
5444 16323
13181 13182
5064 5065
5916 22283
16343 17058
10954 10955
1911 3270
7124 7125
1494 1495
920 1113
2674 8975
12380 12381
14892 14893
11512 20416
12315 12316
13440 13441
20736 21545
4239 4240
6093 10798
7487 7488
18927 18928
8620 8623
17373 17374
577 578
4508 20135
1089 1090
11048 11049
6883 6884
7819 7820
169 170
17923 17924
18315 18316
13253 17126
16223 16224
3916 16300
3818 3819
10460 10466
338 1253
719 720
9751 18663
570 571
5388 5389
5802 5803
11796 12040
12503 23019
4562 4563
8515 17596
20313 20314
10467 10468
1525 1526
16288 16289
17274 17275
1509 1510
2516 2518
460 461
11934 11947
6681 16550
818 819
2759 2760
13054 13055
12864 12876
10891 10892
19033 19049
13616 15783
13312 22468
336 1254
22211 23458
2726 2727
10314 13815
13447 13448
3238 3239
18583 18584
11486 13501
12628 12629
5755 5756
14805 20056
19218 19219
14436 14437
4836 4837
1960 21763
2497 2498
12921 17304
8268 8305
7212 7213
11530 11531
10592 10593
3353 3354
18936 18937
10986 10987
11354 11360
9889 9891
2450 20785
3192 3193
1589 10390
10464 10465
18761 18762
7336 7337
7253 7254
14236 14240
1156 1157
17524 17882
921 3660
18835 18840
8112 11943
7431 7432
149 5771
6009 6010
12502 23021
403 8087
9576 9577
5478 21830
13394 21871
1048 7160
4443 4444
175 19630
4487 4488
7774 7776
11141 11142
17468 17469
7305 17446
3484 6646
1003 7887
11295 11296
5 61
8559 8791
14329 14330
6218 6219
18611 18621
17548 20327
5721 5722
16533 21674
19163 21637
15451 15452
7996 8010
6275 6276
7858 17634
4932 4933
2394 3648
10156 10157
21326 21327
1120 1121
21434 21435
3776 3777
11284 18866
3937 3938
13921 13922
8984 13178
1764 10739
21185 21186
12376 12377
5444 7447
22403 22404
2523 13384
13802 23010
22395 22396
2082 2083
3842 3850
7977 15040
1011 1012
8356 8357
310 311
1801 15712
14129 14130
15782 17344
1682 1683
140 6759
3748 6569
950 951
16767 16768
13476 13479
7730 7731
5814 5815
1805 15705
11797 11810
16361 16362
14909 14910
15222 22630
20361 20362
4608 4609
3081 3142
285 286
7182 7183
11510 20426
3297 3298
13437 13438
8324 16878
18357 18366
11618 11619
6678 6679
9547 17867
8219 17650
470 471
12811 12812
2452 15223
3965 3966
19280 19281
1804 15678
20993 20994
16212 16213
5989 5990
15658 19583
14613 14614
10391 21069
8384 8385
22807 22808
8646 23076
22767 22770
1111 7312
3643 4691
15731 15732
3858 5894
13214 13215
11198 11207
10499 13134
17478 17479
6102 8800
7650 12946
15772 22359
4243 15510
11759 11760
3646 3647
18414 18415
5913 5915
1021 1022
13472 22829
18749 18750
21493 21494
5927 11268
4261 4263
6242 6243
46 47
17120 17121
14076 14414
132 1768
21655 21656
12040 12042
20402 20403
9092 9093
465 6159
1575 1576
8662 8663
8545 8546
11964 11965
16123 16124
9647 10360
21469 21470
14416 19629
7795 7796
19633 19634
1402 3399
11571 11572
204 1448
19468 19469
15037 15038
370 384
12745 12746
12116 22160
21788 21789
21337 21338
4085 4092
815 19181
1929 2729
1160 1161
5073 5075
13147 18123
13405 13639
12095 12096
9600 9603
2307 11077
12729 12730
3891 3892
6077 16554
20637 21600
10884 10885
2158 2159
10932 10933
4349 4353
21091 21092
6782 7987
9044 11138
12996 12997
1995 2545
5469 9013
7433 7434
13234 13235
11553 11554
21801 21802
15590 15591
3994 3995
18322 18323
1657 1658
18525 18545
12081 14107
16507 16508
6485 6486
15828 22700
4103 4104
8876 8891
4964 4965
584 585
12325 20322
3090 3091
6296 13062
12662 12664
6073 16436
1007 5690
5654 14575
12876 12877
7568 11082
3835 10098
16237 18273
4377 4378
19538 19539
10294 10295
20625 20626
23036 23037
8731 8732
9220 9221
20387 20388
1129 1130
7559 7560
11901 22158
9160 9161
5559 7228
10347 10353
17664 22397
3321 3322
7954 7955
17063 17064
19802 19803
14134 14135
7186 7187
21989 23462
6397 6398
12929 13651
16576 16577
15508 17839
12836 12837
5497 13780
11066 11067
7340 7341
7148 7149
14407 14408
1998 11964
3328 3329
2663 2664
12112 12113
215 14772
21179 21180
15848 15901
14365 19248
5936 18881
1907 8228
10060 10061
16229 16230
8494 18283
1251 9324
3923 4869
3779 3780
15673 15674
2190 18461
12404 18948
7210 7211
3955 4103
6490 11389
7762 12283
12209 12210
9048 11138
5806 5807
13151 13152
996 3523
10469 10470
7570 11082
345 346
19268 19269
13424 13425
4119 4120
8649 22691
2663 2670
16689 19649
22136 22137
12657 12661
7259 12101
11874 11876
129 1599
15500 17973
11017 17312
7995 8009
1949 1950
19340 19928
11488 17039
333 334
2852 19568
11039 11043
12366 12367
15653 17317
3393 3395
12869 12870
7867 7868
9981 18595
5489 5493
12434 20346
7256 7257
17735 19337
9434 9435
7818 7819
849 850
15850 18760
4674 19263
3119 3787
22132 22140
10587 13098
5620 9192
14864 14865
4906 20996
1732 18300
2699 20072
7543 7977
2795 2797
1155 1161
12871 12872
3174 19984
21436 21437
21841 21843
20084 20087
11167 17717
15170 15171
11091 11092
14361 16131
10134 12416
3310 11365
11452 14813
83 1433
21367 21368
15764 15765
1146 23485
18467 18468
4731 9310
5565 5567
20413 20414
8986 8987
11073 11074
4710 9480
10879 10880
6260 6262
11258 11259
11755 11756
13154 19262
5887 6630
20473 20474
16352 16517
114 447
18614 21930
4763 4764
2229 2230
12738 12739
3625 3636
19196 19197
7483 9331
7469 7470
16534 16535
1805 15678
13487 18485
21821 21822
2631 2632
3342 3343
627 628
2963 9163
13415 14660
6870 12034
7034 16085
3701 3702
13659 13660
1689 12298
12453 12455
17071 17072
7623 7624
464 465
13028 14698
2204 2205
12310 12311
1409 1410
2494 8019
16749 16750
3318 3327
12166 12177
13579 19370
1774 5932
1119 1120
15270 20752
12261 12262
15649 15650
3795 4609
2697 2698
364 1807
10703 10729
11751 11756
197 13741
2185 2193
709 1038
7501 7502
13327 13328
21110 21111
6465 13825
5618 13808
2460 22772
16810 17025
17919 17921
16373 17136
14662 14663
10266 10267
12971 12972
10780 10781
4726 4727
2321 14675
15263 15264
11992 20246
285 312
7136 7137
3040 3041
8578 16937
14580 14581
8403 8404
16198 16199
19525 19526
3562 3563
22141 22888
328 8219
5551 13167
895 896
5912 22217
10560 10674
387 11401
4701 4702
902 1554
19905 19908
13466 13467
9584 9585
23347 23348
20131 23067
6316 9328
22659 22660
4442 4443
815 816
14645 14646
15095 15096
8327 8328
9233 9263
6765 6774
3756 10580
3380 5530
2166 17545
6312 6313
18348 18349
7066 10071
15656 15672
4156 4157
18205 23418
7939 19417
16817 17020
4112 17746
6159 14375
15271 22830
21567 22033
5977 5978
8719 8720
4496 13612
12 15893
7326 7327
5689 5743
2781 2782
23082 23085
10804 10805
8305 17778
2057 2058
1333 5354
3754 15003
1188 9664
12502 12535
12350 12351
10443 10444
14177 14178
13674 13675
10982 10983
14784 14785
14038 14039
2865 8285
14720 14721
23372 23384
19714 19715
18642 18643
9615 9618
16297 22296
4010 4011
1948 1949
18614 18630
20883 20886
20511 20512
9070 9072
6623 6624
8153 8154
8454 8455
10803 10804
5145 5146
3492 3493
2077 11942
7197 7198
8221 8222
2373 2798
8498 20054
20670 20681
1073 1074
11309 11310
437 438
12061 22340
3902 3907
5245 5246
10094 10095
15740 15741
7076 7077
837 838
4619 4620
22660 22661
12900 12901
1828 9237
928 929
3289 10455
14017 14018
11828 11829
21996 21997
8623 18331
4857 4860
753 754
6413 18884
9649 16388
5460 5461
22217 22218
11948 12580
18126 18127
5022 5023
15024 22055
22131 22132
2906 2907
13049 13050
17438 17439
9982 22078
11330 11331
571 572
11817 17600
11790 13982
8227 14658
13677 13690
18388 21006
19697 19698
17448 23086
8129 9228
15692 15715
7033 7034
22869 23430
22447 22448
17276 17277
2717 2718
12246 17417
20023 20024
2724 6203
2535 2536
8222 19277
5482 20296
8747 8748
2075 11939
23400 23401
5656 5657
3309 11365
12117 12118
4068 14729
15906 17560
19581 19584
20360 20361
5514 5515
16201 20898
16857 16858
3818 12368
18771 20365
4738 4742
12766 12767
11327 11328
14604 14606
12140 12141
8991 8992
482 3659
3722 17414
6328 6329
18077 18078
6819 6820
1255 1256
17393 21835
114 5282
10845 10846
15583 15593
702 5393
12450 12451
14083 20088
3793 3794
5899 5900
12741 12742
1505 1506
14697 14698
21836 21842
2770 12921
4003 6832
11515 23498
17216 17217
10089 15771
13179 13180
3855 20279
20132 22689
21074 22040
12729 19679
7082 14536
18869 18888
840 841
10898 10899
688 6254
5646 5647
2265 2266
5638 5639
2547 2548
7672 7673
2332 2333
6808 21897
15259 15260
7637 7638
16355 16517
14064 14065
10304 10305
10449 10450
12135 12136
7649 14599
48 49
10227 10228
2733 2734
1200 13079
13685 13686
10519 17955
8199 8200
8768 9425
10652 10653
22529 22531
14912 14913
8182 8183
10949 10950
12413 17492
16396 16397
8936 8937
3815 6516
5396 6826
11483 13500
16642 16643
1374 1375
10910 10911
6380 6381
18596 18597
922 4727
12578 17803
9912 22170
4526 8876
20888 20889
172 5363
3991 8192
2779 2780
19027 19029
1381 8740
12335 19223
4546 20148
16508 16509
8274 8275
11287 11288
5911 18897
4551 4552
15723 19356
6750 6751
8456 10196
1099 1100
5733 5734
12486 14467
8338 18399
5554 5555
7099 7100
17336 17337
2466 2467
5885 5887
5299 5300
14691 17908
8272 19870
14454 14455
1272 1856
20370 20371
7893 15365
3432 17517
26 27
2575 4976
6245 6246
7955 7956
3806 5250
3679 18243
21972 21973
6447 6448
998 999
4437 4438
3633 15461
20095 20359
20559 20560
12542 12543
3319 3327
9229 15991
8363 8364
2714 14947
18400 18401
22760 22761
16932 18332
20690 20691
21306 21309
9715 9721
17782 21727
4699 9482
43 44
5199 5200
13383 13931
4354 9903
15452 15453
19080 19081
16269 16270
10527 10528
11891 11892
5460 10996
19603 19621
15095 15308
4338 4340
8547 8548
5609 5610
2601 14817
6150 6151
3819 7873
1079 17648
17483 17484
12224 13706
22079 22080
10850 13998
12951 12952
16799 18026
7232 7233
1651 6007
3379 5491
22153 22154
10449 11097
18829 18830
5908 5909
12420 12421
16800 16802
10 11
519 520
16740 16741
19016 19017
9746 9747
8198 8305
655 9953
2168 8119
7829 19806
16716 16717
3332 3333
6693 11256
15274 23426
20040 22639
14050 14051
977 978
9654 19736
883 884
1331 5355
10516 21731
17376 17377
8649 8650
10041 10052
20803 20804
16528 21443
16149 16152
8538 8539
1205 14427
18494 20085
15906 17558
248 4164
4515 20149
3014 3015
17610 17611
7522 15044
2001 2002
2971 19263
16521 18017
16751 16752
4051 4053
21648 21649
16459 16460
4288 4309
21804 21817
462 463
158 3428
334 1257
7820 22294
12095 14525
2041 2042
3645 4695
3613 5549
5074 21131
19771 19772
6228 18256
8644 8647
2704 5093
71 72
4669 4670
8968 8969
18118 19766
6365 11056
18637 21275
9250 14492
17536 21796
16735 16736
14416 14427
6804 6805
12507 12508
2506 8007
15132 16022
18310 18311
18201 18203
11510 20425
6776 6777
4535 21745
21464 21465
653 1554
2237 15416
7649 7650
4385 4386
809 810
12529 12530
10215 10216
17498 17499
9136 9137
8605 16004
1128 1129
3282 22803
3858 3894
10058 21291
8708 10431
2331 2332
9018 16986
4565 4566
19808 19813
8891 8892
9731 9732
3958 8409
5936 18894
8709 8710
4488 4489
5695 5696
8976 8977
24 25
14226 14227
22125 22126
15295 15296
2907 2908
18054 18056
14062 14063
8577 8578
2083 18497
335 1255
10077 10078
3289 22988
23385 23513
8884 8885
5454 5455
12897 12898
13416 16550
3840 12980
1111 1112
494 495
22606 22607
11857 11858
8620 22706
20501 20502
19250 19251
6329 6330
15691 15692
21883 21884
8343 18395
6635 6636
5540 5541
15560 15561
3746 3747
5069 5070
18875 22090
2926 2927
18876 18883
3896 3897
2950 2951
12204 12205
12147 12148
4600 4601
16504 16506
5464 14153
4956 10137
213 214
6803 6805
279 280
6404 6405
4457 4458
4383 13883
20216 20217
22407 22408
496 497
12487 14467
10480 10481
3117 3118
14011 22190
6517 6518
14939 14940
2918 2919
5618 13797
4263 19796
1773 11296
7138 7139
2593 5279
15878 15879
8680 8681
9954 22174
3247 3248
5128 5129
1109 7429
9220 21419
7827 21259
14273 14274
5356 5357
14079 14080
14486 23479
2707 6952
12408 12412
13935 13936
373 374
11780 11781
16521 20628
19725 20809
9570 9571
8611 8617
11514 19757
5063 5064
7452 13216
1671 11548
11031 11032
9187 13795
1869 1870
14607 14608
8904 12135
8906 8925
3771 3772
348 349
9648 16389
345 3954
14131 14132
12056 12069
1188 1189
2330 18847
19701 19702
434 5279
12599 21776
22693 22694
5390 5392
3536 3537
4384 4385
11920 11921
407 408
189 3849
3153 3154
3218 5539
21111 21112
2875 17244
7841 7842
11189 15377
3317 3318
13624 13625
5547 5548
6861 6862
19168 20209
2651 5024
3985 3996
6709 6710
18359 18369
1810 15689
6827 6828
20002 20010
3265 6860
18654 18656
20897 20903
6277 6278
23273 23275
16690 20366
8567 8791
7053 7054
12298 18419
3727 21990
13474 13479
8338 9272
11192 11193
17317 17318
924 12781
3710 15754
13414 18230
7618 15492
12210 12211
3992 3996
11289 18713
11970 20476
1251 1314
1111 8863
6731 6732
203 1447
6086 6087
2391 2392
7849 7864
17962 17963
1806 15678
13209 19992
19436 19437
11788 13982
19507 19508
13826 13827
22714 22896
18291 18292
12157 12158
9678 18739
8131 17621
17080 22771
18232 18233
991 992
12059 12061
4786 4787
17332 17333
14455 14456
19598 19599
3300 14379
10845 17989
20860 20861
12246 12247
3985 19383
13999 18593
937 938
6682 13416
3854 3855
3340 5550
10529 10530
6440 6441
17536 21792
2326 18228
12515 23080
16227 20480
22281 22282
8084 17945
14970 20711
8399 8400
4958 4959
4546 20149
3233 8846
3472 3473
22781 22782
4929 4930
17862 17863
7890 7891
1725 9491
5876 5877
13183 13184
3035 3036
21396 21397
15793 20112
8644 23069
9888 9889
1962 1963
13263 13272
16679 16680
12007 12029
4590 4591
3899 3901
4481 16834
11610 11611
14421 14422
21763 21764
2105 2106
852 853
15051 15054
1306 5349
5038 18112
5121 8672
16776 18796
8090 8091
13014 13015
16346 16347
8765 8766
11602 11603
20716 20720
5994 5995
935 16187
2145 6832
1111 4408
20613 20614
7871 20470
16617 16618
11699 11700
6845 6846
11047 11048
370 21728
15550 15551
16717 16718
233 234
9665 9666
18977 18978
13197 13198
947 16173
8867 13095
9564 9565
11525 11526
673 674
20536 20537
5926 14625
19657 21153
7720 7721
18289 18773
9115 9116
335 7021
6090 10799
7117 7118
10844 17999
4253 4272
5464 5469
10377 13317
3978 3979
3819 6123
1805 15715
4578 6655
11023 11044
21620 21628
2138 2139
16889 16890
22342 22343
15442 15448
31 5561
2165 2166
1309 1310
17931 20256
3645 4694
16235 16236
6143 16489
9957 9958
8058 18040
18610 18611
18453 20101
8243 8244
18750 18751
19979 23161
13207 13208
2055 5335
4409 4410
4177 4178
4340 22070
2189 2190
9540 9541
21755 21756
7995 21864
14350 14351
21709 21710
16227 16289
4266 4267
8979 8980
2980 2981
8201 17781
5832 5833
3684 3685
14641 14642
4171 12449
6888 6891
14719 14720
13017 13018
14970 14971
4004 4005
12084 12085
9963 9964
6905 18278
5421 5855
21649 21658
11600 11628
3087 16134
10537 10538
19735 19737
3819 12366
16940 18068
17347 22918
370 17778
10977 10978
3945 3946
7666 7667
4083 4084
17582 17583
21487 21488
1688 1689
18354 18355
10217 10218
11490 11491
5639 5640
13980 13981
22577 23288
74 15896
8825 11374
6250 22443
4551 16980
4749 4750
13075 13081
3463 16556
5180 5181
16495 16496
3836 12974
20244 20245
8850 8851
17993 17994
276 17820
7315 7316
2637 2638
8623 16934
14153 14179
7542 7979
1560 1561
15013 15014
20546 20547
11985 11992
9334 20017
7298 13536
15958 18114
6239 6240
12901 12902
23264 23265
8810 8811
8847 20999
15686 15687
20458 20466
8743 8744
76 1334
2219 2220
4055 4587
19727 19728
10498 10499
10880 10881
18696 18697
13078 13079
19786 19787
11053 11054
383 10515
20188 20189
5371 16406
8349 18476
9052 12799
19511 19512
17064 17065
9861 14596
17921 17922
15793 15807
2144 4011
20540 20541
21168 21169
10751 10752
5951 5952
17568 17569
21641 21642
18308 18309
21433 21434
5258 5259
5783 14527
1549 2417
10380 10381
18369 19761
7325 7326
3088 22369
11367 20278
21559 21560
11992 22560
5731 5732
5870 5871
7525 7526
15376 17441
12363 12364
2653 5022
5615 13793
13327 13329
12113 12114
20265 20266
10839 20549
13924 20006
6174 6175
9337 17119
2848 3654
925 8510
5199 12787
4022 18849
616 1080
3047 3048
7854 7855
6269 6270
23073 23076
4076 9061
13535 20786
16330 16331
3807 3808
7641 7642
11408 11409
19804 19806
9804 9805
1595 3961
6756 6757
3715 17414
6987 14203
1730 1731
7899 7900
2087 20270
23296 23297
20663 20676
8334 8335
3603 3604
1690 5645
18803 18804
587 3821
7290 21686
175 178
13437 15185
2834 2835
1003 1729
5583 5584
12815 19824
19547 20920
22404 22405
15613 15614
4518 16528
11462 11463
11527 13651
2271 2272
193 2100
5461 18461
7724 16312
5527 5528
10451 10462
1982 11177
3947 3948
10618 10619
624 625
8194 19893
6057 6061
4346 4347
14475 14476
5701 5702
12768 12769
408 2580
20429 20430
2895 2896
10518 13810
10553 10554
706 1052
23138 23139
13375 13377
10596 10597
13735 13736
8651 22688
5970 5971
21663 21664
12662 12663
3886 3887
18153 18154
19153 19154
3462 3463
7737 14703
208 6472
6311 6312
12713 12714
8678 11352
9340 9341
8888 10408
20965 20966
11544 16048
493 494
4073 4074
5432 5433
2430 2431
178 20348
1131 1132
3142 13969
910 911
204 7949
4259 4260
1816 1817
18645 18646
3907 3908
4291 4292
14246 14247
10722 10723
6006 6007
15056 17942
2057 11121
3104 3105
4062 4063
13788 13789
19160 19161
12948 12949
9574 18908
18905 18906
29 30
18197 18198
3948 17820
15847 15848
18336 23510
20609 20610
9676 9677
6076 6077
15980 15981
10633 10634
18856 18872
1739 1740
8343 11497
1081 1082
6960 6961
5478 5479
20621 20622
15702 15703
22885 22886
18513 18514
2217 18770
9998 9999
1146 10561
5176 22804
15484 22793
4657 4658
9271 9272
3182 11585
18047 18048
114 1770
8881 8882
14904 14905
3862 11128
2100 2101
13291 13292
13268 18164
6767 23398
11437 15735
6179 6180
16246 16247
841 842
6987 7006
378 19382
463 12342
10560 10673
16498 16499
18160 18161
325 1347
8944 8945
790 791
7071 19216
13920 19999
20704 21140
23210 23211
5471 5529
16566 17998
7104 8993
4196 4198
9238 9239
13670 13671
15414 21893
8200 8201
10681 21759
16528 16529
5662 5663
3082 3083
15393 19003
18863 18864
17671 17672
10287 10288
14228 14229
10874 18565
39 40
1495 1496
2924 2925
12198 12199
3541 3542
8003 8004
16691 20667
20911 20912
22117 22118
21571 21579
4207 8221
17851 17852
11668 18231
13270 15459
9508 9509
20771 21377
21837 21838
7543 15049
5038 5039
11280 11281
15800 15801
723 724
20324 20325
552 7082
13721 13722
9679 18739
8657 8658
394 8087
7988 8822
14369 14370
7814 19727
1675 1676
3992 4004
3248 3249
23015 23016
3958 6112
8108 8109
5248 5249
14387 14388
14581 14582
4135 4136
2561 22104
8533 10271
8866 11007
13895 13896
3399 3400
7762 12279
2902 8407
4377 4381
21476 21477
21753 21754
3469 3470
413 2595
20078 20079
19035 19037
5377 5378
21475 22873
8401 17715
14002 14003
2905 2906
10769 14814
5882 6091
6022 6038
8043 8044
13116 13117
10192 22947
12120 20250
4813 5784
2739 2740
5690 5691
18494 18495
4299 4300
13248 13249
393 8386
11541 11542
12802 12821
16116 16117
6401 17395
9579 21210
23162 23163
12795 12796
13226 13227
6198 6199
21561 21562
15578 15579
21448 21449
11388 14322
16607 16608
8747 15250
10896 10897
1158 1159
7824 7825
844 845
257 14654
678 9947
11146 21173
12950 12956
15309 15310
1110 3914
442 2242
20848 20849
13368 13369
18012 18013
13438 13439
6569 6571
10219 10220
7543 12455
1232 8711
17430 17440
2055 11121
17371 17372
1944 1945
19721 19722
301 302
4375 18257
21407 22804
6494 6495
12355 12356
8042 9464
16383 16385
3749 5233
12652 23099
4508 4513
19996 19997
19410 19411
11925 11940
14240 14241
16842 20080
16705 16706
23238 23239
5493 6406
9429 9431
18385 18386
4688 4689
18403 21015
21982 21983
10719 17088
20252 20253
35 773
870 16583
2421 2422
374 375
1801 15702
7986 7987
10439 10440
2304 2305
1744 2726
14265 14266
5649 22032
10074 10075
15107 15108
11822 22686
10846 10847
8761 8762
18116 19769
22609 22610
5507 5508
16382 16383
12469 12470
16795 18025
20620 22466
20711 21652
1354 1355
167 168
1721 3119
10524 10525
5052 7162
9724 9730
9897 9910
4485 17183
1762 1763
12524 20797
14346 14347
11196 11197
16695 16696
9053 9054
4001 4018
196 2102
1793 17432
4246 4247
6972 17151
1804 1806
10306 13707
10273 10274
20394 21743
18809 18811
130 131
11761 11762
1690 20021
14604 14605
6699 6700
10489 10490
13960 13961
16065 16068
8610 8611
1865 1866
4289 4309
2442 2443
1382 1383
993 996
18316 18317
9791 9792
9609 9613
7103 7104
4904 4906
1350 1351
5791 5792
370 379
9720 11023
14669 14685
20749 20750
12519 12520
3947 17840
14337 14338
5218 6172
13401 13414
11380 11381
5024 7357
21225 21226
9534 9535
11671 11672
9669 9670
11345 11346
8097 8098
13503 18135
22587 22588
6228 6229
6395 6396
13304 15486
22116 22117
1334 1335
5895 15790
8488 8489
1788 8670
17790 17797
7183 7184
17791 17792
8537 8538
9296 9297
7951 22940
5550 6626
12116 12117
15703 15832
16134 16135
77 1278
5019 5020
14344 14345
5813 5814
2739 2741
610 6438
4226 12754
8529 8530
7511 7512
3220 3223
2034 2035
21953 21954
5326 5327
2082 15726
7915 7916
2491 2493
13312 13313
18197 20874
12432 22954
12577 13752
3691 13740
5340 15019
2148 20398
2910 2911
13576 13577
21143 22501
816 817
23142 23286
4810 4811
18592 18593
22083 22084
1476 1477
16911 16912
12676 12677
2612 2613
15836 16311
11948 12583
2595 6164
11288 14863
9776 12073
17991 17992
10425 10426
14601 14602
13786 13787
2261 2262
15815 15816
16470 16474
2624 17085
2776 2777
323 6967
2657 13864
12509 12510
22544 22545
2192 19640
5976 10748
1818 1819
2499 7990
3389 3390
10396 10397
20047 20048
2183 14180
1122 1123
122 4021
3223 13209
16609 16610
19217 19218
3383 5489
6973 13956
15813 20520
9553 9554
3858 12728
23205 23206
15417 21932
7329 7330
164 8071
6771 6772
4165 4166
700 5388
9605 9606
20096 20097
14365 19247
16685 16686
15015 15016
13134 17380
17603 17604
15285 18009
6031 6032
8575 9176
19490 19498
13890 20007
1 1502
15662 16434
7100 23515
14063 14064
10127 11708
3263 3264
1496 1497
7278 10999
10892 10893
5071 6829
552 3593
12768 12770
5942 13636
6728 23149
18787 18788
16403 16405
13629 16113
6458 6459
1484 1485
8114 8115
6381 6382
17437 17438
22167 22168
13081 13096
3227 14689
9647 15605
2392 2393
21253 21254
3707 3708
2988 20862
3893 3894
13770 13771
3338 12264
15138 15139
14902 14903
1643 11692
7724 7725
6903 6904
18518 18519
10126 13809
16235 18274
13517 19205
12421 12422
22665 22674
22775 22776
13771 22751
10242 10243
3797 11105
18025 18026
17987 17988
7287 20360
2217 20364
17087 17088
196 21422
22031 22032
12865 18528
21776 21784
22821 22828
3614 16340
3433 17512
14033 19179
8058 18364
15056 17943
477 5206
5420 5421
3500 3508
4593 6649
9237 17014
18009 18010
7767 7768
1763 1764
12112 12114
9726 9733
7303 17446
16958 17022
12586 12587
4196 4197
21973 21974
16192 22004
2643 2644
1677 9173
20974 20975
22534 22535
9813 9814
14727 14728
2500 9476
3524 11315
10002 21377
13305 13306
2171 2172
7435 9006
6479 11378
12289 12290
497 498
3100 11119
2208 18466
822 19179
6038 14688
5011 5012
5881 14633
16261 16262
13464 22827
10870 22647
317 3226
1589 1590
7069 7070
5267 5268
2710 6950
4168 11345
13390 13391
4843 12185
19125 21159
6289 6290
642 15666
13731 13732
2328 2329
3681 18242
17877 17878
6843 6844
2149 21967
394 8377
19373 19374
9354 9355
18654 18655
11458 11459
157 11230
19828 19836
15582 15593
22519 22520
7367 8860
8639 8640
4843 5875
19585 19586
4938 4939
15169 16228
18028 18029
8438 16895
16131 16134
11427 11428
3926 10503
388 389
1348 1349
20409 20410
9893 22171
23525 23526
12724 12725
1949 7753
19659 19660
20793 20794
10840 10841
10398 13788
1065 3396
8644 8659
10385 12097
10189 10190
426 4021
3976 22568
22671 22672
15273 23335
11152 11153
89 90
7372 7373
1505 1914
1029 21003
8580 8785
4636 4637
22078 22079
21605 21606
4526 23321
17398 21831
13641 14523
2459 2460
14267 17897
2301 10942
9569 9570
9842 9843
13071 13072
17536 17543
11760 11761
1651 1652
11491 23032
941 942
18523 18524
6401 22736
11472 17591
17278 17302
1039 1040
690 6258
1106 1107
6599 6600
12951 12954
12584 12585
924 8515
17042 17043
2723 10642
5225 6514
627 9775
4338 4341
23427 23428
236 237
15073 15078
18081 20215
1164 4998
19588 22343
2277 2278
1460 1465
507 8677
911 23302
22022 22023
8815 8816
22389 22390
7648 7649
12292 12293
1039 19734
5011 19963
4041 4042
15597 15598
14282 22487
6526 6527
4134 4135
12008 12029
6117 15449
15747 22656
1048 1049
20302 20303
18875 18876
656 23302
893 10894
1855 7083
12772 12773
10500 17657
3804 3805
17228 17229
11457 11458
22958 22959
10051 18526
4009 15413
2018 2019
16800 20615
6310 19147
11169 17717
13404 14661
15462 15463
8644 22710
6712 14744
12199 12200
20250 20251
14090 19924
22592 22593
16360 16361
7616 7617
1178 20836
21377 22150
17137 19738
7649 9597
13786 20038
8069 8070
10391 18352
9781 9782
8502 14843
12817 18647
7895 15366
22575 22576
3830 3831
13916 19319
22270 22271
14755 18111
20638 20646
13918 13919
4238 4239
662 15072
6836 21743
12748 23167
10447 10448
13868 13869
10479 10480
12181 12182
9839 9840
15166 16238
10300 10301
7172 13518
1060 1233
2241 6161
7106 7107
16515 18974
2771 2772
151 152
19159 21638
1186 17009
3610 3611
20517 20518
13323 13324
3927 6231
23481 23482
14375 16691
16874 16875
12230 19256
11133 11134
2460 20649
2773 2813
490 492
8735 8736
11306 14860
12855 12856
12464 12465
7129 7130
3697 3698
13644 13645
19122 19123
774 775
20436 20437
3908 14916
13722 13723
18605 18606
17515 17518
3894 11084
880 881
10769 10770
541 542
7593 7594
1043 1044
14582 14584
2027 2028
7335 13666
20057 22486
1461 1462
10896 10898
2307 13510
12194 12195
15913 15914
2063 2064
20630 20631
14824 20737
2984 17824
5468 13768
9174 12735
14647 21986
7396 14144
14076 16504
14959 14960
19158 19159
756 757
5468 14153
2534 2766
16506 21988
2043 2430
2693 19522
22255 23087
5385 5386
14752 14753
1641 6479
5214 5217
5288 20670
446 447
7463 7464
5510 5511
20480 20488
9867 9868
1446 9410
5798 5799
4949 4950
13639 13640
19750 19751
23117 23118
14073 14074
10498 13140
10050 10051
16205 16404
19926 19927
22589 22590
7642 7643
11837 11838
14805 20919
5458 5459
13463 13466
8800 8801
17719 17720
16736 16737
5052 9184
18673 18674
4082 4083
124 2054
15511 15512
11317 11319
132 6053
519 919
8888 13193
7007 21424
12013 12014
11646 20769
3087 23175
2303 6464
4504 17181
6576 6577
16241 22853
648 649
7682 10145
8611 16038
11195 11196
8504 21771
17104 22252
6291 6580
6829 12702
2136 11998
14551 14552
2185 14149
336 5819
8338 22041
4895 5106
4830 4831
2749 10415
12191 12192
14209 14210
2141 2236
5306 5307
9068 9069
12416 14764
114 1584
2467 2468
16976 16977
340 1234
15479 17669
7017 7018
6459 7360
10363 10364
1454 17960
229 230
13543 21409
16241 16244
13449 13450
1202 1203
10835 10836
5579 5580
12922 19252
14234 14235
21307 21308
14647 14652
10132 19361
9609 12951
14232 14233
6540 6541
14981 14982
4867 4868
1906 1907
1915 1916
17638 17639
13346 19207
20818 20819
15438 21234
9572 9573
5928 5929
9398 9399
636 12377
15118 15119
16089 16090
3924 3925
4730 4731
613 6437
12210 18559
17207 17208
15101 15102
11698 20574
6613 6614
4647 4649
4429 14708
11202 11203
3428 8942
4253 4254
8666 8668
12563 12564
1072 1073
18231 18232
18944 18945
8297 9376
9031 11224
9138 10107
168 4651
850 851
2477 2507
12906 12907
15656 15657
16575 16576
16513 16514
16904 16905
4216 18986
10242 19155
9365 12173
16706 16707
2047 2048
14271 19916
12133 12134
1879 1880
18946 18947
1653 1654
21837 22731
1 7906
3056 14769
16173 16174
4042 10308
9849 17839
12056 17092
3989 19385
14658 19278
22244 22245
4407 13881
16094 16107
11686 11687
10965 10966
17095 17096
5542 5543
1035 1036
18742 19740
4518 17804
8582 8583
14352 14353
1546 12327
10045 10046
13741 13742
1378 1379
13358 13359
2412 2413
15565 15569
6347 6348
1434 1435
16205 16405
11973 11974
16749 16765
5977 6018
1845 1846
10524 14232
11139 20522
165 166
19632 21901
19198 19199
9387 9388
1600 16301
5007 14329
351 1329
11954 18791
19757 20455
839 840
21824 21825
4968 4969
1719 7468
420 17355
14428 14429
884 885
13529 13530
3291 21348
611 612
11069 13734
2825 2826
15513 17837
15123 20119
7883 7884
21734 21735
17849 18783
11029 11030
23406 23407
4120 15491
9368 19096
12926 12927
13038 16067
132 6854
19030 19031
5446 16454
15204 15205
2889 6965
2120 2121
4526 14849
18023 23013
10930 19855
9345 17721
19792 19793
6067 6068
15741 15742
5512 9011
21176 21179
8099 8100
11627 15248
7309 17448
1020 1021
14789 14790
1667 10273
1167 2840
11369 11370
4485 17185
2657 16949
9707 9708
1907 1908
11519 20456
2919 2920
7 786
14003 14004
4642 4643
4441 4442
10309 10313
5423 5854
6913 6914
10379 10380
4480 18442
13398 20734
23128 23129
19315 21354
16815 16824
8611 16032
16421 16422
7184 7212
9071 9072
2037 2038
2294 5408
19635 19650
16758 16759
3273 3274
9266 9267
12026 12027
13753 13754
16632 16633
4432 7109
5455 5456
1163 16969
22843 22844
1859 20560
22325 22326
5078 13271
18264 18266
4060 4061
5936 22282
19540 20113
8494 8495
13066 21601
13311 13312
1817 1818
18929 18930
9922 13542
20637 21597
2166 8112
7243 7244
1394 8251
1656 1657
11269 11270
2007 4548
9454 13547
547 9595
6492 6493
15973 17451
15601 15603
16490 16491
141 142
12435 12436
657 658
13928 13929
16181 16182
19874 19875
12656 22371
260 3060
3267 3268
22551 22552
2491 8014
17766 17767
15501 15502
15483 22794
6689 9322
11040 11041
2963 11433
4274 17355
3915 16301
14823 14824
7198 12943
2007 2008
19952 19953
20740 21544
10587 10588
16853 19309
6644 6645
956 957
13392 13393
17511 22451
11556 11557
6077 12660
19027 19028
10963 10964
2406 2407
8313 8314
13027 14698
14368 18450
10668 11071
20629 22273
7947 11123
11918 21141
8854 14874
16988 16989
1656 2989
3953 3954
14639 14652
2170 2171
10732 13370
6968 6969
5622 8741
3754 14266
1973 1974
545 546
10397 13788
8229 8230
2577 2578
17555 18784
1869 4878
5295 20671
17294 17295
13275 13310
4913 11341
7962 15490
20024 20025
15127 15128
20058 20059
8089 12960
14845 21769
3887 3888
22114 22115
13343 13344
967 968
19581 19697
15948 15949
5014 5015
1789 17437
18885 18886
9914 12990
17200 17201
2246 4284
21405 23425
10463 22812
16218 16219
11917 22502
5493 10737
5925 18695
1059 3868
9113 9114
16308 16313
3976 6841
2340 5172
1397 1398
8656 8657
10756 10757
14674 14681
11072 11075
9635 9641
4226 7381
16252 16253
1110 3871
12449 12450
21217 21218
3110 3111
20315 20316
2747 2748
17892 17893
7035 7041
12093 12094
18287 20575
2530 2531
13157 13158
21280 21281
19100 19107
1641 7880
11591 11597
6241 6242
9148 9149
5926 7940
6655 14726
11925 11927
17297 17298
1959 20380
14512 14513
5392 6855
128 129
3431 17512
4341 4342
10496 17657
15125 15126
16450 16451
1300 5352
5519 5520
1546 20311
700 701
19071 19072
17278 23487
4541 20144
570 3823
19789 19807
16090 16091
12684 12685
15372 15373
14501 14502
18415 18416
10049 10050
21751 21752
3522 3523
9907 9908
2362 2363
13246 13247
16851 16852
1761 1762
22212 22215
16104 16105
3611 4048
6263 6264
20478 20479
20475 20476
13101 13525
14207 14208
115 116
7656 7657
11884 17421
5906 5907
19665 19666
7391 7392
12535 23020
933 934
11424 11425
4986 4987
12203 12204
537 538
7101 7102
3589 3590
8563 8790
16510 21568
1200 22484
675 676
14664 14665
11293 11294
12291 20020
7881 10632
1768 3920
6756 13571
14159 14160
2657 13344
870 18000
20823 20824
8313 14809
12054 17102
6968 13689
15543 15544
3986 3987
15582 15590
9423 9424
5551 21265
3222 3223
14405 14406
6069 20624
7681 7682
14333 17857
5953 5954
16698 16699
16268 16269
7615 18992
16222 16294
7512 12458
13333 13335
8603 8630
6321 6322
22742 22743
4402 4403
4295 4296
20639 21596
20736 20737
10845 17990
14025 14026
1877 4218
13840 18062
15601 16380
18125 18126
4846 18727
3688 3765
22444 22445
10546 10547
15675 17315
21874 21875
3282 5184
502 503
9 10
1310 1311
11614 14992
13323 13326
8611 8615
9234 9261
17694 17695
23376 23377
18873 21030
10737 13780
1803 15712
6812 16519
11214 11217
23403 23404
10376 20906
9747 18665
4663 4666
2601 2602
20457 23204
6014 6015
1427 1428
15194 15195
6681 18473
2693 2694
2168 20186
22034 22036
4053 4054
383 19872
12799 12800
7047 18188
3220 11363
2561 10511
11558 22242
12223 12224
668 21186
4331 11237
148 149
2719 2720
1720 1721
16704 16705
2651 2652
18876 22218
12437 12438
16772 16773
1403 1404
441 5567
5213 5214
8942 13348
5912 5913
8510 8511
4179 4180
6728 23142
5201 5202
11625 11626
19608 19609
17677 17678
9607 12958
14408 23465
14431 22775
11897 11898
12182 17447
5290 5291
5936 21023
9913 14872
464 12342
16274 16275
2183 14149
16784 16785
1685 9170
7664 7665
3532 3533
10518 13812
12344 12345
13048 13049
13565 13566
14667 14669
21560 21561
2921 2922
5689 12559
2575 4962
1806 1807
2409 14395
1139 1140
20514 22986
8192 8193
117 118
15971 15972
4469 4470
12778 12779
23250 23251
6102 6103
5342 7723
14373 19938
2145 20394
7002 7004
3384 5488
14913 14914
2142 4012
3116 3117
8988 17489
18708 18709
194 8819
2661 2662
20121 23345
2134 12001
5853 10565
14217 14218
7981 18603
5569 7714
405 6167
3434 17507
7749 7750
3724 14414
7751 7752
10366 10367
7718 7719
9429 9430
7555 7556
8614 8615
12739 17729
14448 14449
7850 7854
8349 18477
2163 3979
15276 15277
11144 11145
15181 15182
22840 22841
3167 3168
1507 1913
12543 12544
21536 21537
23208 23211
4338 4339
1501 4199
1912 1913
14191 20558
8609 8625
5159 5160
5801 5802
2078 11942
1248 1313
1347 1571
6545 6546
383 6171
5852 16850
7909 22555
2679 2680
7801 7802
17281 19934
18321 18322
11719 11723
20171 21770
8004 8005
8685 8686
7215 7216
2486 22473
10364 10370
18658 18659
15036 15724
9295 9296
3103 3105
12278 12279
8590 22053
22452 22453
9989 9990
21372 21373
18826 18827
2207 2208
18966 19726
16129 16130
2954 2955
17990 17991
10970 21700
8128 10329
17023 17025
3483 3484
11669 11670
5466 14178
12353 12354
17539 21793
209 210
10948 10949
2322 2323
3086 14359
13857 13858
337 338
7732 17900
3098 3099
3733 3734
22430 23412
10764 10765
9135 10108
10875 10876
3872 8290
13972 16400
14160 14169
8893 8895
17927 17928
5285 6160
7104 17492
9681 23429
2139 12001
552 553
3481 6683
22034 22035
21575 21576
2783 2784
3107 3109
14280 14282
3531 11325
8610 8633
2282 2283
3355 3356
21451 21452
19899 19900
18718 18719
5916 22936
3997 3998
4713 4714
9358 9359
3601 3602
20416 20417
2531 2532
10542 10555
356 357
5854 5855
14407 20457
1662 9843
554 3591
130 8020
15555 22169
20946 21386
5138 5139
7994 7995
2145 2152
7757 20019
3434 3436
8931 8932
5891 7259
9650 9654
5916 21125
16671 16672
13916 20015
7358 7359
18331 20131
23197 23198
4653 21962
4396 4397
4344 6628
9767 21379
659 23305
9052 13785
14923 21401
3254 3255
21942 21943
23164 23165
16799 18037
20064 20065
4944 4945
18048 18049
16663 16665
2801 2802
6735 13594
22120 22302
14103 14104
10997 18506
7116 19352
10363 15866
2441 18931
14268 14269
21405 21406
2221 18770
3049 3050
1735 18302
17777 17778
12326 12327
12245 12246
11187 11188
4427 4428
22732 22733
21954 23175
22668 22669
2486 2513
6659 6660
15824 20820
13036 19981
2519 7740
4522 14470
805 10893
18612 18632
14485 14486
11679 11680
11808 11809
6360 6361
5228 5229
19860 19861
7980 12458
140 5567
605 2318
16176 19956
12306 12307
8165 8166
2996 2997
3629 3630
19115 19116
21758 21759
11962 11963
14429 14437
8343 21011
11110 11111
1045 14752
4340 22069
21141 22509
5012 5013
17584 17585
15166 15177
11274 11275
19345 19346
3987 12241
19556 19557
200 201
7516 7517
5998 5999
8988 17486
7848 7853
4943 7097
18320 18321
1416 1418
6138 6139
16208 16210
2040 2041
7972 7973
5929 5930
7031 7032
21183 21184
7521 7522
1193 1194
9520 9521
10739 10740
9968 9969
3636 22214
10613 10614
15591 15592
23118 23119
16312 16692
21352 22248
3833 11342
4373 4374
22098 22099
10663 17548
21614 22074
5061 5062
18216 18217
20509 20510
12669 12670
9224 9225
9250 14464
15911 15913
5185 5186
2058 2059
18913 22373
18196 18197
8060 18359
6749 6750
23158 23159
16525 16526
17811 17812
16164 20171
9744 9745
6650 6651
19838 19842
13714 13715
50 349
12244 12245
18716 18717
11847 18724
4768 20864
5210 5211
12899 17101
2627 2628
11814 11815
1709 10149
16857 18780
6644 22593
10498 20521
221 7121
13093 13095
15330 15331
9983 9984
7997 15483
7208 7214
18198 18199
10752 12410
12058 18616
2449 18019
16961 16962
2471 2472
20290 20291
11937 11938
19852 22546
21620 21621
9730 9731
1029 1030
10575 16849
1953 1954
14093 14094
8757 8758
6895 13493
9632 13255
2965 2966
757 13983
7759 7760
5236 11451
12806 16082
1867 4903
16852 18178
9101 9102
2899 10046
19803 19804
8122 8123
23407 23408
7425 7878
1976 1977
9337 15904
4748 4749
4335 4336
21397 21398
5075 12969
2629 11422
19119 19120
13129 21128
4769 4770
5519 16211
3758 3759
3977 8307
1594 2584
10036 12843
13241 13242
2969 9915
5115 5116
16458 16459
8487 8507
6255 6271
8158 8159
7990 7991
10463 10464
7502 7503
20182 20183
250 251
1949 17555
5196 5197
4066 4587
18457 18458
8004 9475
16388 16389
20031 20032
14363 14364
4513 4514
5841 16979
17421 22488
5774 5775
13105 13106
6864 6867
9512 9513
5371 23233
19311 19312
13045 13046
2011 7090
737 738
9715 11042
9878 9879
6077 12659
3265 3266
4874 4875
8109 16463
1629 1630
12020 12021
7542 15039
18650 18651
16155 16156
21467 21468
2810 2811
7827 7828
16243 22868
3797 4611
1863 1864
7148 18172
12111 12113
6735 6736
3922 4869
22150 22162
23052 23059
21680 21681
379 380
12338 12339
11989 13144
2338 2339
5706 5707
3438 11227
1500 1501
13890 13892
8032 8033
22809 22810
257 16770
760 761
6118 6120
6367 9523
7286 7287
193 8815
1144 1145
15784 17185
5936 22284
8056 8057
4738 4739
3196 3197
2285 2286
10473 10474
1154 1155
8555 8556
18767 18768
3539 19236
4533 4534
590 782
8668 17430
16534 22617
11465 14809
16538 16539
5887 6082
7305 23023
18066 18067
23433 23434
11167 11168
15662 19574
313 314
6330 6331
9615 14966
19442 19443
7699 11380
1605 1606
4839 4840
1172 4731
4087 4088
11544 14503
7773 7774
10264 12261
8370 8371
20591 20594
10208 19103
6603 6604
13950 13951
15512 15513
3989 3990
3026 3027
16283 22570
14006 19186
10070 10071
11399 11400
9251 14475
11981 11982
808 809
21162 21173
10846 22208
7826 7827
8234 8235
14642 14643
7855 20349
13702 13703
1688 9165
14508 14509
16588 16589
4227 14145
385 12240
904 14550
15722 19024
13863 13865
4096 4097
19306 22574
11419 11420
139 5567
16531 16537
17693 17694
4113 13687
12983 12984
3056 11796
16880 16881
8202 8305
15343 15344
12356 12357
18549 18550
1327 1328
4022 10801
9683 13474
10517 11029
17075 23417
10369 10370
1821 15840
13180 13181
8890 18599
11886 11897
12560 13912
21496 21510
16807 16813
12517 12518
7831 7832
4686 6862
11111 11112
8821 8822
1773 11304
20505 23488
17741 17742
16949 16950
13054 18090
20168 20169
1237 1247
3147 3148
4793 4794
12382 16122
12918 15521
13955 13956
8569 19596
11800 11801
13418 16547
13904 15229
1023 14827
18370 18371
9606 9607
8796 8797
20554 20555
4670 5890
21342 21343
11581 11582
13789 18561
20163 20164
10335 10336
17426 17427
2147 2149
12832 12833
3704 3705
18173 18248
5608 8903
326 327
1459 1465
9782 9949
4080 12760
7719 7720
3220 3233
1790 1791
23372 23381
8697 8698
12552 12553
15381 20382
11059 11065
23218 23219
3605 15004
17358 17359
18099 18100
711 4843
10179 10180
738 739
17102 17103
5925 14864
3577 20610
17370 17371
2516 14919
23082 23083
4503 23439
11126 11127
15705 15706
6004 9193
12552 19414
7267 7268
321 322
6250 20598
11875 11876
393 23460
10853 10854
13434 13435
7123 7124
17927 21390
4583 5683
15431 15432
5079 12646
507 508
14978 14979
1037 23524
23072 23073
387 6169
16010 19788
1805 1809
20427 20428
11284 18863
21616 21617
864 865
14056 20159
114 1580
9828 9829
1153 1163
8891 18984
3703 10555
7112 7113
7981 15817
19138 19139
18852 18853
14332 14333
10878 16599
6330 9321
18746 23428
270 271
18892 21030
4508 4534
18027 18028
12111 16291
3416 3417
15471 15472
4782 8737
18283 18287
6603 12239
271 272
16152 16153
4355 5023
4899 13764
9018 16984
1657 4764
9568 21453
8250 8251
19245 21583
3748 6567
9623 9624
615 616
10490 10491
894 8442
16195 16196
16007 16008
3743 5691
1726 1727
3172 8315
13033 15743
15610 15611
19710 19711
15941 15942
16457 16458
6143 16324
5123 5124
4908 4909
5916 22930
3220 8710
7995 7996
7655 18423
9814 9815
7382 7383
21322 21323
5156 5157
7944 7945
3081 13958
3380 13777
17567 17568
6282 6283
15199 15200
3522 10976
15779 15781
1521 1522
4458 4459
2220 2221
2123 2124
6885 6887
19609 19610
17 1251
22953 22954
5649 5650
5502 5503
8338 10717
11921 11922
11398 14320
12056 12057
2125 2126
1027 1028
12710 12711
2962 6272
9698 9699
6149 6150
378 1790
4863 12215
22463 22464
18397 18403
17112 17113
2145 20395
5663 5664
2542 2543
21435 22299
13784 13785
3732 3733
11807 11808
19146 20381
2762 2763
8879 8892
2500 7990
450 2585
4902 13260
8339 8341
7803 18029
775 6330
15774 15775
9410 9411
15841 15842
5864 17980
2025 6720
23014 23015
6609 6610
9378 12995
9574 9575
1593 2593
21250 21251
140 1586
1737 4592
19319 20015
9778 12073
9458 9459
16326 16327
46 15897
16262 16263
9773 22652
16317 16318
9504 9505
15217 15218
4522 4523
9210 9211
10670 10672
19460 19475
16363 16364
17725 17726
15211 18848
21062 21064
21283 21284
14473 17150
1788 1789
2052 15836
17148 17149
9647 10365
6030 6031
2209 2218
13582 13583
18743 18744
17664 17665
1090 1251
651 2361
1641 2914
4248 4249
20090 20091
949 950
12721 12722
1455 16815
10427 13206
22061 22062
156 157
10134 10135
7621 7622
5757 5758
4622 11078
17142 23032
1490 1491
20186 20187
68 69
9008 16218
18987 18988
3750 5231
976 977
4612 4613
9789 17407
12113 16294
2725 2873
11916 11917
16554 19682
969 970
5751 5752
16430 16431
2206 2208
11155 11156
2302 8769
20758 20759
12112 16223
6038 9212
653 9953
3877 3878
1240 9866
9378 9379
18895 21026
19340 19929
2164 11946
23217 23218
10393 10394
13008 13009
12308 12309
9235 9236
18800 18803
12089 12090
21036 21037
5828 9797
16067 18121
21682 21683
19190 19191
10245 10246
12420 12422
653 16897
9789 18972
3864 19669
2560 22104
21881 21882
9667 9668
9837 9838
22531 22532
399 400
9650 9651
5688 5745
14780 14781
15940 15941
17198 17199
23350 23351
16146 17335
11490 23025
3796 4610
4815 4816
23516 23517
11936 11938
7693 17411
733 734
21214 21215
8244 8245
22435 22436
15492 22892
10690 10691
11595 11596
11677 17633
18063 18064
16505 16506
2061 2062
7436 7437
7309 12518
9302 9303
318 13829
4768 4769
18813 18814
1590 1591
11264 11554
7918 7919
11847 21032
114 6164
12212 12213
1029 16851
12099 12100
8396 17475
13729 13730
8155 8156
5413 5414
708 5394
16922 16923
7032 9784
4199 4200
8710 13196
1014 3786
18902 18903
18357 18358
1837 1838
6703 6704
8143 8144
6262 23170
3434 3435
18967 18970
22017 22018
20851 20852
13317 21063
4924 21085
8589 21244
5370 20904
16065 16066
1632 3689
7482 7483
17791 19235
9683 13463
12818 18647
15299 15300
12884 12885
20297 20298
12082 12083
4407 8746
7970 19012
10370 15602
14676 14677
14978 14985
13391 13392
6840 17529
2874 6961
4737 4739
12982 12983
11559 11560
4616 4617
20171 20172
2079 16682
22583 23300
378 382
18847 22258
9056 9057
15081 15082
6886 15145
19526 19527
4761 4762
2475 13295
19194 19195
18087 18088
669 670
13510 14400
13990 13991
6521 6522
11624 11625
3086 3088
2072 2073
2227 21643
1029 9882
12361 12362
3225 17470
4999 5000
2340 2341
319 320
7618 7619
3176 3177
14409 23467
8226 20866
22591 22592
18817 18818
2926 4712
18758 18759
16241 16249
14937 14938
1414 1415
22759 22760
3861 3862
18626 18627
21636 23273
6263 23170
1590 6854
13134 13140
1593 1594
17253 17254
11036 11044
16901 16902
11533 11534
6993 22902
637 22912
18685 18692
11908 16074
2358 2359
2077 11924
6984 6985
4828 4829
13693 13694
19870 19876
5626 5627
695 6255
9932 9933
2341 3281
18331 20120
14263 14264
6884 6885
1233 3230
9677 18739
9196 13429
20878 22799
10677 10678
13033 22842
1517 1559
428 1593
22048 22049
3307 3308
6192 6193
15110 15111
180 21558
19811 19812
20293 20294
12335 12338
10926 10927
17427 17429
1042 16336
15978 15979
5655 14577
8901 8902
5910 5911
12948 12957
4263 19789
12848 20441
9059 13783
18521 18522
21978 21979
4218 4219
3201 3752
13460 13461
20693 20694
387 388
20568 20569
15152 18280
8195 19893
1032 10739
8611 8637
2988 4765
21691 21692
5860 5861
14515 14516
3963 4021
20204 20205
13212 13213
4651 19926
12898 12899
8672 8673
8833 20463
15142 18281
9792 9793
2062 3919
1698 5642
19680 19681
5910 22216
477 9260
12058 12059
11354 22997
13149 13150
2437 2438
204 207
3341 8727
18925 18926
1526 15964
20623 20641
5781 5782
5918 14619
14135 16538
12648 12649
378 1796
12224 14695
15875 15876
5919 5920
11385 11386
7987 11369
4678 4679
18124 18125
9868 9869
7848 15051
4509 4510
17167 17168
6227 11693
18451 18453
7072 19215
10461 10462
9992 15157
14089 14090
14953 16348
2091 2092
11838 11839
4951 4952
4274 17351
3917 5335
19430 19431
15027 15028
18043 18044
12325 12326
2875 6962
12230 22349
12 13
2462 21610
1113 3659
21120 21121
11722 11723
10738 14324
1661 11689
15517 17836
19437 19438
12966 13647
6690 9320
6065 6066
18862 18889
17813 17814
1356 1357
12882 15310
4889 4890
8548 8549
16302 16303
4936 10139
6728 6729
7792 7793
12829 12830
6334 16190
8791 19595
1589 7948
2103 2104
5925 14621
10647 10648
33 34
18741 18742
17042 17062
3431 3432
7144 7148
6289 10559
13549 13550
21500 21505
8361 20178
4009 16217
479 480
18581 18582
771 3951
11508 11509
5415 18622
3787 5941
23042 23043
20118 23048
12722 12723
2238 2239
23053 23059
19137 19138
21844 21848
678 679
998 6549
7669 16483
7523 7976
8067 8068
17723 17724
12439 12467
2714 2715
11190 11191
1101 1102
1779 1782
11753 19317
22256 23088
4322 4323
22410 22411
19967 19968
8922 12756
15874 23375
17421 22489
22999 23000
10052 18527
10953 14499
6155 15956
6966 6967
16734 16737
13698 13699
11302 11303
7671 7672
10768 10769
15131 15132
8128 9227
8335 8336
520 1165
11339 20998
6248 6249
23194 23195
1296 1297
17146 17147
4500 4501
19074 19079
20350 20354
5513 5514
1707 1708
15555 15556
3288 20381
1 3255
653 905
15410 19550
17650 17651
14422 14429
2096 9311
8484 8485
18914 18915
878 879
9914 17980
21631 21632
7769 7770
22186 22187
14270 19915
19954 22448
9812 9813
7275 7276
15041 15054
1228 1479
7878 10644
20630 22278
9883 9884
6953 6954
21537 21538
4336 4343
2511 19995
8855 8856
6080 6608
16987 16991
7886 7887
18189 18190
16925 18441
3344 8723
23271 23272
185 7859
22326 22327
19819 19820
17442 17449
8889 8895
4037 4038
4417 8757
7176 7177
12428 14212
17421 17422
20680 20681
1840 3597
10036 10037
16956 16958
8636 21495
16883 16884
6114 15446
925 8515
4490 4492
10064 16714
17 1233
9696 9697
17247 17248
20884 20885
10542 15952
1657 15186
9494 9555
11232 19353
9954 14013
1918 1919
14091 19923
14052 14053
5257 5258
4623 4624
11288 11289
846 847
4508 4543
2048 5625
2783 20226
19416 22930
1672 1673
710 5079
12621 12622
15681 15695
133 7948
628 12127
5936 18895
10188 10192
12478 12479
15001 15002
18912 18913
17817 17818
9675 9676
16822 16823
6157 10557
2797 12646
18067 18068
19233 19234
575 2376
2 3
1572 8255
887 888
17401 17402
21240 21241
21330 21331
22069 22070
15271 15272
10154 10319
6773 7988
9059 20534
4405 13882
15531 15532
9013 13768
11545 11547
17888 17889
13922 19999
9678 23426
6040 6041
6772 6773
22960 22964
15062 15063
2676 2677
18560 20346
20462 20463
11363 11364
1001 1002
12035 21548
8867 8868
16117 16118
4782 8736
23494 23495
6569 6611
10391 10392
5108 10384
22042 22043
685 6256
8620 22707
18869 21027
2828 2829
10498 13133
7171 7172
5782 5783
21934 21935
19451 19452
11536 11537
5858 16752
7706 7710
1994 1995
15152 22901
12700 12701
6626 6627
2657 9647
4040 4041
7519 16827
18910 18911
9898 9899
21642 21643
9407 13120
276 13390
11014 11015
1236 1237
5482 21830
13103 13104
10685 10686
11466 13502
332 333
11784 15323
12362 12370
11291 11292
16797 18029
5521 5522
12581 12582
2702 2703
18225 18226
1582 1583
10982 10984
21135 21136
9921 23321
16823 16824
2248 2249
15135 22690
15463 15464
4439 22016
20533 20534
14519 14520
14430 14431
12460 12461
10721 16642
150 151
15150 15151
3299 13970
19983 19984
5446 16467
6999 7001
2659 2662
14870 14871
13503 18136
6309 6310
987 988
5705 7685
3835 6828
1793 15825
19623 19624
8826 8827
13140 17380
14163 14164
9562 9563
1159 1160
4952 4953
2388 2389
12750 12751
1322 1323
5404 5405
588 1616
13895 20008
9009 9010
6890 6891
3645 7220
12975 12976
8312 8313
15493 15494
5288 5289
9242 22331
6681 14047
11132 11133
3857 3858
2694 12045
1251 1624
3310 3338
436 3915
2163 23191
12672 12673
11849 16640
5239 10161
9922 23319
3960 7576
14805 14806
13874 13877
17437 21532
1930 1931
19333 19334
3976 3977
2529 13794
2576 2577
7041 7042
3319 3320
5321 16521
7447 7448
9240 21218
19175 19176
11462 14812
13461 13462
4227 4228
8848 8849
21888 21889
2894 2895
16283 20493
19859 19860
4399 15081
4501 4502
17720 20239
17911 21874
2423 2424
23373 23374
13110 13111
5243 6549
23336 23337
10606 10607
3146 3147
16464 16465
6604 6605
18260 18261
17204 17205
6712 6713
14564 14565
11216 11217
11261 12217
5478 21831
13085 13086
18207 18208
18 19663
7853 7987
4612 7902
6688 12990
10101 10102
1029 1752
4947 13494
2168 8117
18999 19000
17439 17440
6691 9809
10759 10760
17886 20694
3740 3741
1514 1515
17750 22320
3934 3935
323 10777
3374 3375
9793 9794
17509 17510
7651 7652
12259 12260
14724 14725
13351 15640
17530 17531
6729 6730
3857 4813
8594 16936
20366 21775
172 259
7435 9005
18706 18720
14446 22023
14863 22558
1299 1318
589 590
16903 16904
7440 7624
4228 7403
18471 18472
21501 21502
6838 23279
12263 16935
5437 5438
20692 20693
6752 6753
3006 3007
9620 9621
18543 21353
1641 11692
22854 22855
15444 15445
5586 7181
10593 10594
6559 14533
16037 16038
7144 18172
4657 19671
3767 21949
20083 20084
8425 9983
18995 18996
556 2029
14667 14684
5101 5102
15687 15688
21943 21944
5397 5398
14660 18839
19764 20694
14072 19924
20817 20818
14472 14473
2087 3842
12607 12608
22922 22946
2711 6948
11124 11125
12058 17093
3058 21549
2147 2148
17361 17659
17629 17630
18453 18454
2709 2710
4025 4027
11469 14809
4641 14126
9420 21156
332 1259
8578 8579
20603 20604
1450 1451
6919 6920
21152 21153
13468 13469
4647 18136
22907 23456
3496 3497
20730 20731
9038 9040
3150 3151
7144 15141
7543 7978
11700 11701
4738 15999
325 4344
2521 7739
13481 13489
11806 11807
15872 17806
13682 13683
3730 3732
2556 2557
2587 2588
19282 19749
9625 14963
21555 21563
72 73
7748 18794
11355 11356
10349 10350
13258 20092
4233 14184
2619 18061
16521 20629
6681 16549
17563 17564
5445 14590
7630 14108
19036 19037
19219 19220
8541 10268
18177 18178
8603 8624
8662 23058
4615 14396
2199 5460
13332 13333
17186 20933
12676 22139
6627 8253
13996 14045
18151 23190
16239 16240
5897 5898
364 4162
3424 3425
1922 3231
3070 3071
17799 17800
23362 23363
973 974
16982 17888
2260 2261
1200 22267
13774 22741
5922 5923
580 581
36 37
2294 2295
8197 17784
21116 22921
14732 14733
8018 8019
13337 13338
5425 5426
18317 21772
15033 15034
8616 16038
4527 4528
7062 7063
13520 13521
17508 17509
3012 3941
17901 17902
4225 7375
1010 5740
6642 6643
7590 7591
10897 10898
392 393
15962 15963
21629 21630
5845 5846
13135 13136
370 17783
2574 6858
8054 8055
16291 17383
7390 7391
8607 8608
6424 6425
11156 20236
6192 19780
10615 13097
2185 16684
13527 13528
9674 19033
21626 21627
8585 8586
1141 1425
16809 16810
18833 18834
12696 12697
8604 23065
2409 14393
6517 21711
2179 8116
9890 9891
9037 13789
8667 8668
3680 3681
5716 5717
22245 22246
21076 21077
20007 20014
14991 15018
1571 4351
187 3851
21915 21916
18967 18969
15958 18115
20664 20665
13416 18473
1584 1585
8233 8234
183 184
13579 21404
12035 19959
15992 15993
7103 11234
1325 7571
12846 12847
22863 22868
14455 15218
6118 15443
17044 17045
1867 7436
318 10219
21550 21551
1996 8936
8031 8043
17040 17041
7283 8863
4676 4677
17767 17768
3914 9090
20327 21894
4519 4522
5936 22217
3284 20381
11134 11135
5482 13366
1493 1494
11277 18867
8193 8195
49 7573
3541 9293
528 529
3819 6144
7146 7147
16275 16276
2775 9832
10297 10298
11930 11946
20572 20573
4196 8712
12676 22138
4909 4911
22060 22061
9899 15555
21296 21334
8906 12756
23475 23476
16206 16207
20825 20828
11665 11666
1077 1078
2599 2600
2872 10131
8596 16060
5867 9901
1957 20380
9636 9638
1778 14866
1421 1422
5676 5677
7214 9361
14521 14522
7098 7099
21625 21626
4022 9211
2700 16172
9268 14496
9945 9946
7407 7408
463 19445
6989 21042
15113 15432
14702 19513
12998 12999
11326 11327
12001 12002
4513 15334
7660 7661
23505 23506
180 6789
17666 17667
3429 13190
6448 6452
23441 23442
17777 21729
11742 11743
3161 3162
848 849
11954 11955
4358 4359
19213 19214
15074 23415
15101 21529
9509 9510
11090 11118
4125 4126
2151 21799
12201 12202
1029 1031
1267 1268
5611 5612
16929 16930
12235 15737
20845 20846
3649 21262
5424 18377
6249 22443
15479 17670
19767 19768
6211 6212
1114 1115
18701 18703
13034 13035
21317 21318
7533 9088
12154 12155
16385 16386
12736 12737
3170 5186
3166 3167
2241 2242
16565 18425
10517 11028
7542 15049
16676 23277
2967 2968
2598 4982
114 6163
11651 22905
22491 22492
6305 17362
2144 2145
711 17245
727 5151
9647 10361
10844 17987
5964 6020
256 257
8922 8923
3789 3790
14083 14084
368 18541
15804 15805
7640 17937
18638 18639
11835 11836
180 12989
11475 13501
7908 7909
13832 13833
11550 11551
3743 3744
6376 20583
1838 5812
1644 11691
5657 5658
12522 20802
11505 11506
19448 19449
15399 16883
2497 8016
4831 19825
13977 13978
1366 1367
113 2268
3617 3618
5673 5674
16761 16763
1511 4790
4211 14593
7802 14452
12069 17092
7835 7836
2234 17545
5493 9012
14461 19885
15871 15872
3047 16040
13069 13070
478 480
378 15102
17540 17541
7231 7232
18892 21027
7494 7495
4914 7620
4697 4698
5723 5724
12009 12010
20126 20127
3146 20377
21487 21490
2372 2373
21505 22541
1673 1675
13359 22433
370 8199
2827 2828
1821 6053
2657 13333
5298 21645
5530 5531
17731 17732
18691 18692
3344 8724
16138 16139
21371 21372
11153 11154
8339 8345
338 1092
2498 7989
10957 10958
2320 3868
1153 1155
3474 3475
18338 21446
2464 2465
13834 13835
10021 10022
9899 9900
499 500
12742 12743
852 20552
6428 6429
12579 12580
3657 3658
5415 10978
6243 6244
22813 22814
18765 18766
22030 22031
2523 6097
11379 11380
7168 7169
20928 20929
10357 10358
2441 7293
11717 11725
4298 15087
201 17576
8500 8508
20073 20074
16098 16099
6556 6557
16908 20340
23404 23405
6934 6935
4001 4017
3336 3337
9046 16913
1024 14826
19742 19743
21614 21616
5556 7229
15382 17903
4061 4062
540 1832
3183 3184
14161 20369
13361 13362
3194 3195
8200 18534
21472 21473
22305 22306
3858 5895
3145 3146
1319 7571
22497 22498
5784 7549
7029 9991
1683 1684
3672 3673
10501 10503
1670 4335
728 729
13798 13807
21648 21658
9820 9821
1180 1181
8087 17693
158 22455
4320 4321
10006 10007
8189 8307
16535 22620
13003 13004
3967 19732
7196 12937
8269 19878
19411 20592
5304 14380
12502 12503
7120 7121
15057 15058
6234 10688
15811 18278
9739 14551
4565 11205
5941 9348
19432 19433
15590 15814
12071 12072
136 1769
6933 6934
1083 1084
8916 8917
23333 23334
15503 22263
33 62
4438 4439
12936 12937
13662 18637
4753 4754
20785 20795
20639 20640
19088 19089
769 770
13945 13946
6482 6483
4468 4469
4588 18299
14414 19923
2616 2617
17897 17898
5567 6061
12439 12466
18007 18020
14770 14771
12811 19814
12352 12353
10550 10553
22165 22166
4526 4535
3232 3270
469 21640
7692 7693
8119 11893
7502 7517
1659 1660
12925 12926
3528 3529
10462 10463
5924 22939
16781 16782
9984 10899
5546 5547
3819 6520
7516 7980
1445 1446
15124 20117
3660 3661
3979 22721
626 3864
518 1113
8993 17490
10009 10010
841 843
3845 3846
11401 11410
10027 20437
8987 8988
14262 14263
16816 16817
11376 11377
13308 13309
11291 11314
6850 8187
5714 15594
1005 4070
20598 22443
1294 1295
4363 4364
2412 19964
947 7834
2532 9187
11297 11298
8813 8814
13541 20796
14538 14539
11684 19372
20105 20106
1006 1007
21530 21539
378 1794
9935 9936
2919 8294
4506 10028
23289 23290
12224 19257
9710 15212
20356 20357
11282 11283
5893 8179
4329 4331
2216 22518
2010 3921
12627 12628
18331 23356
16688 22426
7774 9337
6833 6840
13394 13413
19651 19652
3910 9929
11887 11898
14281 14282
20153 20154
15856 22874
13703 13704
23082 23437
2902 6074
15353 15354
18413 18414
2947 2948
7384 7391
2158 11895
7052 18185
9596 9597
4725 12783
5756 19007
20221 20222
935 10053
1793 15828
9137 9138
8487 20050
6547 6548
10211 19102
4479 16838
346 4101
5078 6823
11900 11901
19493 19496
17159 17160
15438 15439
15290 23078
7855 12986
21385 21386
11990 18808
280 281
20235 20236
5532 13773
6287 6288
9052 19173
4802 4803
8295 9376
2064 2065
14373 22789
4120 4121
2980 8164
8534 8535
10201 10202
19822 19823
4540 4541
7969 19012
2560 9186
18238 18239
18031 18854
19 20
6085 6086
13568 22075
1894 1895
15814 15816
11963 11964
18617 18618
2704 6610
6168 11413
9614 12949
11592 11593
15844 15845
3199 3200
12384 12385
5343 9806
5197 12790
12852 12853
14443 14444
6223 11693
13560 13561
11804 11805
10555 10558
411 412
3113 3114
22728 22729
3992 17530
18172 18173
16557 16558
6757 14924
266 20559
18333 22693
4042 10309
12708 12709
4759 17825
7085 7086
13242 13245
9775 12127
3992 6835
22238 23034
846 22339
5895 5896
266 22585
22586 22587
12224 22846
11205 11206
214 215
7204 7214
3453 3454
20247 22560
13678 13679
16061 19805
19349 19350
15077 15078
11747 11748
3721 3722
17122 17123
16179 16180
16418 16419
114 7712
11878 19916
4090 22064
4785 8727
4055 4056
3819 16324
10709 10710
472 473
553 1276
20504 20505
20896 20897
17378 17379
22210 22211
9200 9202
1756 1757
8412 8413
17225 17226
3792 3793
18635 18636
22352 22358
11215 17895
20571 20572
12516 23085
16693 16694
6493 6494
22530 22531
4669 5891
3605 3756
12193 12194
12831 21960
15026 15027
16853 20682
9923 9924
9807 9808
10400 13787
4132 4133
15017 15018
1782 1783
6640 7135
2309 2310
19341 19342
21715 21716
20225 20226
21020 22599
4647 18146
4763 9850
10170 10171
14953 17055
23170 23171
11890 22642
5987 5988
10261 10262
17225 20807
12588 12589
16033 16034
2360 8516
1545 20320
6682 6683
22871 22872
13153 13154
16045 16046
1004 1005
13919 20012
149 1579
9950 12129
14880 14881
12082 17788
2586 2590
4708 4709
2293 19238
2984 2985
14001 14002
17152 17153
22662 22663
11340 11341
17536 21785
3908 13504
5147 5148
11835 17470
3611 4047
18437 22335
20948 22914
20722 20723
3348 8303
13073 13074
408 409
3376 20968
14093 14976
13140 17658
17131 17132
924 12782
3648 4703
18475 18476
17234 17235
23354 23355
17786 17787
8542 9558
3279 3298
394 11413
14755 18112
17964 17965
17176 20439
2084 13766
15041 15042
2472 2474
14932 16739
17022 17025
10068 16945
6861 8263
7823 22295
19374 19375
4560 4931
12527 20110
10776 14814
15575 15576
11449 15732
5848 5852
9726 9730
18901 18902
4828 18192
10953 10954
4521 15869
11492 23030
4263 4264
5115 5117
17869 17870
3331 3332
13313 15484
16644 16647
14644 14645
9409 13116
2898 7593
7118 7119
12347 12348
922 923
10248 10249
8198 19882
15908 15909
5669 5671
7506 7507
21151 21152
6837 17530
6302 6303
17394 17395
19143 22197
191 196
7705 7707
21439 23216
2200 18455
14519 21376
18856 18862
21995 21997
2662 13344
6417 6418
8306 19858
11511 11512
14471 14472
21282 21283
19678 19679
6256 6257
6189 6190
14307 14310
3225 11835
724 725
15388 15389
7807 7808
11684 11685
12374 12375
683 7030
2079 2080
8198 19883
6944 6945
16257 16258
16456 16458
4460 4461
13034 19981
9453 13543
5479 21819
11596 11631
9028 9029
18264 20562
23042 23044
12169 12170
13101 13102
4147 4148
812 813
6464 6465
10699 10700
4782 8739
12096 14746
19544 19545
2956 2957
463 16306
8206 8207
12700 19602
22221 22222
862 863
23208 23209
14122 14123
11711 11712
7953 19419
23127 23128
16800 16801
2663 8957
4780 4781
7204 7205
23120 23121
5667 5668
22045 22981
9154 9155
3003 11792
5819 9927
15933 21900
12814 12815
9265 22396
21262 21263
4919 4920
9580 21209
3584 3585
18465 18466
16432 16433
21783 21784
12717 12718
18165 18168
12731 15789
3316 12267
10908 10909
20871 20872
4688 8258
15261 20696
14849 15208
7163 11786
14205 14206
2145 23392
1375 1376
7141 16427
2598 13845
7996 7997
9241 9242
3663 3664
16852 16853
23115 23116
4484 4485
15415 21887
15930 15932
13154 15738
9801 9802
23102 23103
9625 14964
8917 8918
2674 8955
23000 23001
8888 13194
15297 15304
7800 7802
5471 9013
13603 13604
11925 20192
11272 11275
3682 3683
3486 3487
15958 19769
2784 2785
5260 5261
6787 21556
17510 17511
21701 21702
14860 18705
369 4162
9776 9777
5442 5443
21702 21703
5991 6016
18408 18409
10126 13810
4717 4718
1541 1542
1392 1393
23272 23273
2781 20223
14312 21878
7626 14092
2653 7122
4086 4113
7342 13667
10188 12053
16798 16799
17994 18429
20977 20978
13411 18423
22268 22269
3610 4048
4458 12794
521 920
6969 13685
4354 6629
18572 18573
14418 14419
15523 15524
11292 11294
12922 13655
4649 4655
3567 3568
15625 19897
8906 8907
1647 11690
12112 16293
2342 9719
6945 6946
685 6257
12864 12865
18904 18905
8017 8018
14825 14826
3819 6716
14861 14862
3300 13970
2233 2235
16429 16430
9048 9049
9964 22179
1539 20323
1076 8410
10698 10699
18892 18893
20777 22640
19528 19529
5078 12638
12712 12713
14053 20161
7475 11834
7222 7223
12761 12762
17762 17763
10676 10677
13354 22406
23353 23354
681 7031
11676 11677
15931 21899
3103 3746
19711 19712
6460 6461
17959 17960
14625 22933
6632 7261
11608 11628
4109 13687
3691 3692
3857 15457
20990 20995
786 787
20652 20653
2141 15407
15932 21899
9541 9542
16260 16261
8586 22969
16324 16325
403 1814
15631 15632
2113 22262
3691 10529
4588 4589
4038 4039
6080 6607
8337 16867
2220 5301
227 228
13470 13471
1225 1226
14377 18224
14086 14087
22667 22668
17591 17592
3223 10427
13312 15485
9140 9141
11072 13733
19034 20832
13886 13888
15166 16235
12290 20020
15374 15375
17722 22763
11038 11039
4652 4656
6224 6225
3071 3072
2353 2354
20650 20651
12142 12144
17190 17191
8427 13992
8591 11861
16860 18288
1248 4194
17564 17565
2110 2113
2343 2344
10220 10221
1666 1667
12723 12724
15099 15101
18065 18066
17558 17559
3997 12242
6374 6375
2192 18466
16597 16598
4565 9023
8474 9648
4006 4007
13962 13963
20152 20153
6591 6592
20222 20223
3435 17508
18391 18402
23256 23257
6836 6837
5586 13405
22155 22161
8548 10323
118 3967
17728 22770
19422 19423
2925 4786
16471 19146
6414 6424
19350 19351
2878 2879
2082 18500
2245 2246
15114 15432
4203 17649
4833 6153
5305 5306
19026 19027
5862 12164
14269 14270
12113 16221
3633 3634
17846 21809
2294 3046
2423 23494
10848 10849
12410 12411
6092 6093
5537 5538
21606 21607
9780 12072
4505 17181
10057 16715
17 18
2620 2621
9431 9432
5669 5670
10202 10902
1436 10443
15176 15177
3863 4657
2055 15837
10867 10868
3676 4480
1655 10120
16282 16283
390 391
15820 15821
21090 21091
4356 5022
5142 5143
12383 12384
11717 11718
5503 11726
6624 6625
14301 17030
14386 14387
2140 15416
6156 6157
9041 19237
3557 3558
16149 16150
3429 13179
564 1266
16534 22618
8084 8085
11209 11210
4155 14777
13223 13224
21731 22514
13267 13758
3034 3035
4941 4942
16591 16592
13265 13760
11288 18713
16972 16973
18397 21012
2210 2211
12116 22159
4403 4404
17188 17189
13645 13646
2473 6070
12830 12831
7261 7318
5688 21772
430 431
19406 21652
1177 1178
16248 16249
9548 9549
393 8377
19483 19484
2157 2158
4915 7621
5936 18883
5786 5787
9267 9268
8624 8638
1495 4605
18261 18262
8951 8952
13578 19370
7528 9089
11205 18678
4345 16794
16235 22863
10150 10151
13668 13675
6552 6553
3142 3143
9562 14856
1076 2383
5464 14151
11568 11569
3015 3024
7652 14709
18526 22527
21071 21073
13121 13122
8932 16747
19498 19499
21958 21959
17022 21779
1801 1811
4537 4538
1633 3688
1821 6061
6814 16519
18839 22255
19530 19531
3373 12576
968 969
6963 6964
8611 19782
6800 6801
5882 5883
1836 1837
5444 16452
4478 18442
5753 5754
13287 13558
16331 16332
6368 6369
15273 18744
2268 6852
13631 15112
2294 4843
18876 18877
15798 15799
18567 18568
23531 23532
127 3961
9454 18809
18191 18192
14782 14783
23386 23387
10237 10238
15853 18761
12382 12383
323 7596
8001 8002
5054 9184
13999 18594
2224 19631
4628 4629
23266 23267
8592 8593
5134 14302
5649 22026
16201 16202
9988 15753
18174 18175
395 396
4508 4516
2006 4547
3157 3158
11911 11912
13369 13370
18078 18079
10811 10812
10934 10935
20937 20938
6955 6956
6822 10094
21192 22185
6266 10829
15005 15006
10669 10672
15109 15110
903 14544
20135 20136
8988 13177
6443 6445
12509 15282
9264 21215
3283 19146
3113 3785
9961 9962
17282 17283
12008 21361
583 584
18830 18831
691 692
4630 14401
8042 8048
10401 10402
5842 5849
6811 6812
3288 10454
9795 9796
10503 13139
10933 10934
15463 20176
12656 12660
4200 11997
12045 12046
904 905
3980 22567
3310 3311
12507 12509
9041 16914
23226 23227
22088 22089
9407 9408
11813 11814
17667 20445
13309 13313
1235 13909
14914 14915
4386 4392
20266 20267
2789 2790
13841 13842
9922 9923
7203 12944
1591 1593
7249 7250
15779 16163
5525 5526
6796 6797
4680 19265
6322 9323
2091 2096
20298 20299
4738 9232
11709 11781
6281 18088
5399 5400
6860 6861
3348 8302
7323 7324
1113 4408
6396 6397
18869 18895
3691 10530
4433 4434
873 874
10288 10289
11248 11249
17763 17764
20187 20188
19604 19618
4325 19987
1199 13094
1955 17574
14326 14327
8391 8392
16130 18264
18197 20878
10504 10505
7368 7369
2262 2264
22827 22828
11614 11615
3952 3953
3552 5273
9782 9948
10564 15736
11959 20450
9976 14040
6627 6628
5892 19669
20327 20328
13948 13949
10289 10290
4679 19265
4162 8203
7958 19418
3508 22370
10313 10314
5543 5544
1867 2773
19319 20007
23078 23079
7222 7225
10217 10902
8538 9556
2817 9422
3055 3056
2342 16470
255 14655
15476 15477
92 93
3283 3284
12605 12606
11232 19352
6447 6451
7634 14108
627 12128
14254 14255
18922 19539
9440 9441
640 15666
5101 13260
10779 19224
477 479
2394 3649
22212 22213
6810 20743
2796 12650
395 15833
11439 11440
5608 5609
2725 2726
17245 17246
2107 2118
2818 2819
18477 18478
11681 11682
6125 6126
22334 22335
2819 2820
19810 20771
16043 16057
1270 1271
12668 12669
1153 20751
9535 9536
18393 21013
9465 12470
4578 14726
9658 9659
18931 19534
710 7158
20219 20220
16978 16979
18116 18117
1296 1317
8707 8708
9973 10848
77 5441
1810 11410
5473 17396
6 7
8638 8639
16021 19788
10223 10225
8425 8426
1050 1051
16806 16807
18072 18073
15348 15349
12655 12656
13182 13183
8827 8828
287 20383
23094 23095
16986 16992
14664 23388
5370 10376
17443 17449
4626 4627
22026 22027
1550 2417
387 8389
4394 4395
8863 20040
8879 8890
15126 20117
12961 12962
5926 18867
5925 5926
14161 18770
8066 18364
17743 17744
3585 12889
13579 13580
179 12988
20262 20263
22661 22675
13089 13090
18799 21480
16516 20111
1253 1928
20850 20851
12575 12576
16577 18429
3703 10542
13266 13267
6838 17528
11374 11375
9654 19735
4209 14593
12111 20498
2787 2788
16470 19146
20967 20972
6143 7873
18573 22188
14434 14435
4281 13991
12152 16793
15523 21367
13874 13875
18467 20758
6830 6855
12281 12282
13443 13444
23069 23070
22909 22917
6151 21481
10166 10167
9045 16912
9244 9245
1198 1199
4003 19550
16266 16267
4228 16724
13823 13824
7789 7790
21323 21324
14005 18589
16101 23222
2172 2173
21012 21014
19220 19221
5668 13168
13289 13290
2448 21680
16198 22011
2773 12921
19243 19244
16949 20845
4554 4559
15085 15086
15779 15780
20905 22012
12864 12866
331 1260
20313 22047
2846 10093
7981 17885
16278 16279
15463 19917
1036 16663
9631 9632
1998 13791
23328 23329
6785 6786
15179 15180
4704 5551
9836 9837
14367 14368
5875 12495
7976 22561
18850 18851
1660 1661
20723 20724
11922 11923
19090 19091
8841 8842
4522 8448
11351 11352
4153 4154
14554 14555
3093 3094
1029 1759
8060 18128
251 252
15626 19903
373 8201
15562 22163
1793 15710
2097 2098
5555 8711
2344 21242
9312 9313
2872 2873
18379 19603
8651 15138
16640 18723
3901 3902
526 527
4916 4925
3690 6158
8565 8566
1115 1116
19087 19093
11957 11958
6763 6764
8642 21631
2749 3220
178 6789
14717 14718
21835 21836
15021 15022
8094 8095
7233 7234
3836 5070
23016 23431
19343 19344
16855 22817
3291 3292
1528 1530
16314 22296
19344 19361
2229 16305
12425 12426
18389 18390
13165 15567
5646 22024
14449 19859
16111 16112
11231 23256
20923 20924
1056 2802
1980 1983
5041 8626
2233 11943
9608 12947
18097 18098
8799 8800
3429 3430
223 247
20368 21775
6053 6054
10826 18147
3925 14653
17511 22450
19529 19530
7799 7804
5482 6402
17779 17782
4853 4854
9625 22108
8644 15139
4208 8220
4184 9877
12547 12548
4779 22201
2707 2708
6740 23290
6851 11366
20551 20552
4736 4739
18756 18757
13208 13209
8120 8121
6383 6384
6915 6916
14368 19252
5316 5317
7689 7690
5926 14626
5513 9010
11275 11276
1813 15693
5894 5895
17435 17436
4525 8463
3001 3002
3316 3317
1793 1800
8117 11894
1671 1698
301 23500
13366 13367
7037 7038
23540 23541
194 8816
12236 17450
16927 16928
572 1100
6920 6922
5162 5163
12673 22139
10886 10887
1196 1197
2142 2237
7875 10645
11801 11802
500 8676
5176 21407
2491 8029
11392 11393
11863 11864
19107 22351
1809 15678
14738 14739
11177 11178
3442 3443
3051 3052
2487 2488
2198 5460
23310 23311
4144 4145
16099 16100
19257 22847
114 1579
18010 18011
7914 7915
11062 21929
22714 22901
3526 3527
16291 20480
11288 14860
14862 18715
3564 3566
15653 15654
19189 19190
7428 7429
4503 23440
11392 14321
7 6674
20926 20927
21292 21293
931 935
2716 10404
15821 15822
21903 21904
21806 21807
2297 2298
21164 21165
14286 14635
2614 18059
290 291
2773 10043
14654 16770
11435 11449
10731 13371
1726 5715
2722 6208
11454 11455
5268 5269
4631 11077
370 8204
7065 9568
15499 15500
1820 2595
6077 19682
10192 22624
15130 15131
2991 2992
5205 5206
5500 5501
3972 3973
11805 11806
658 23303
8305 12243
3927 10687
5357 5358
2813 8407
4513 20133
4520 15869
12825 16161
5752 5753
11385 11387
23346 23347
17330 17331
4215 14691
6513 10581
11188 15377
17929 20256
2194 2195
15174 15175
17475 18420
8660 15123
11564 11566
938 5312
5444 14590
10985 10986
11749 11750
16170 16171
12945 15357
14429 14430
11966 11967
13863 13866
18701 18702
9869 9870
11297 18701
520 1113
1108 4714
3564 4477
15983 15984
921 1111
10033 10034
5776 11361
17714 17900
21472 22873
6050 6051
5962 5963
16255 16256
15878 23006
2128 2129
3706 3707
3767 3768
18168 18169
20029 20030
7605 7606
471 473
11516 11517
16227 16228
6429 6430
13533 13537
6236 19918
14135 14136
9712 9713
11700 23157
4745 9233
18861 18862
8004 12501
3246 3247
18748 18749
463 12341
8132 8133
9561 14855
12878 15990
9345 17728
16027 16028
4735 16000
4356 4357
477 9271
3216 3218
2159 2160
15128 15129
18820 18821
4520 17806
14270 23534
499 9450
2279 4287
16087 16088
17863 17864
3372 5492
14357 14358
19157 19158
1543 1544
7896 7897
4742 17018
4518 16529
7165 7166
1381 13714
21038 21039
6171 15104
1204 1205
11754 11755
4557 4558
12156 12157
4472 8513
17687 17688
2249 2250
2370 2371
13330 13337
8660 15124
9474 9475
10397 20345
6539 6540
10290 12703
14899 14900
17062 17063
11729 14324
12656 12661
6782 11369
11262 12216
9191 14500
1744 2377
11065 19923
1306 7580
5256 5257
9679 18741
20420 20421
11846 22056
9175 11174
12479 12480
22493 22494
11077 14286
2205 2206
318 3226
13600 13601
14878 14879
3687 3765
7619 15492
826 14031
19514 19515
12596 13684
18489 18490
4718 4719
22317 22318
2897 2898
15253 15254
4621 4622
16854 18289
10361 10362
5894 7544
7582 19577
3780 6529
18228 20442
4554 4555
13163 13164
3156 3157
6367 9522
4602 4789
4039 22398
12400 12401
22974 22975
15880 15882
14026 14027
11077 14284
8573 8574
20004 20013
10011 10012
8592 21245
7459 7460
2385 3348
5225 5226
6150 15957
12019 12020
2572 15911
15582 15592
17685 17686
22290 22291
6984 14202
4922 4923
4263 19795
6029 6030
3844 17822
19386 19387
3969 3970
374 376
14863 18714
10076 10077
5293 6673
14016 14017
3407 3408
496 7313
6759 6760
9993 9994
9872 9873
2820 2821
21598 21599
4508 20143
9708 15211
3280 3299
2048 2049
14558 14559
18021 23018
12493 12494
23452 23453
9529 9530
21460 21461
1271 1272
573 3822
3384 10344
2276 2277
12838 12842
1443 1444
3426 3427
10399 10400
2698 2699
2693 12047
9055 9056
1408 1409
2804 3639
13968 13969
3219 3220
18233 18234
8321 16879
2062 16692
21890 21891
6045 6046
727 16439
10974 12890
1951 1960
16967 16968
6222 6223
5111 5112
4583 5687
20205 20206
11803 11804
4662 9489
9914 21968
11977 11987
1676 20022
17925 17926
9165 12298
17820 22227
6399 6400
20218 20219
11905 11906
9752 9753
3831 11342
8064 8075
17711 17899
13287 13288
204 5000
6468 6469
20829 20830
15552 15553
9882 9883
17651 17652
9017 9019
286 312
11245 12772
8465 9647
10588 10589
18751 18752
4953 13499
14529 15764
4363 5795
13400 20733
9073 9074
9222 9223
1108 1109
18923 18924
1739 6530
16589 22332
12285 12286
22479 22480
20637 21595
1435 1436
9212 14687
6681 7080
2498 2499
20005 20006
14230 14231
7438 7439
3373 20972
14845 20171
7306 23023
22088 23348
15970 15971
5575 5576
4351 4353
16183 16184
6300 6301
8170 8171
11089 11090
22981 22982
8277 9377
12372 18260
7553 7554
2995 15195
9964 9965
2290 12996
11161 11162
2590 2591
3753 14264
19815 19816
9247 14493
15031 15032
7388 7389
22653 22677
20102 20109
4771 15186
8581 8794
3933 3934
11279 11280
19289 22272
22097 22100
2089 9318
20912 20913
9700 9701
324 1572
5022 7356
3642 8367
4643 14125
14935 14936
9117 13012
4236 9427
16537 21671
8466 8467
21141 23111
12686 17827
3440 3441
4484 17342
3306 3307
11438 11439
3732 3741
16205 16391
15043 15044
19597 19979
1793 15829
815 18427
4264 4265
2748 3220
5911 5936
3772 8839
13406 13407
11636 11637
16780 16781
4213 4214
17019 17028
4406 12100
9945 16096
8464 8466
18141 18142
2453 20777
16639 21518
6153 6154
8659 8660
9498 9499
17968 17969
2268 3977
14828 14829
6027 9211
1056 1091
14331 14332
12092 14747
12478 15257
5764 5768
6044 6045
7734 7735
22223 22224
18194 18195
14528 14529
9789 11576
8065 8075
7118 23254
14464 14465
3962 3963
10164 10165
14841 14842
21155 21156
9105 9106
23139 23140
16244 22864
15287 15288
16963 16968
22058 22059
13613 13614
14357 17327
1386 1387
11216 18670
977 13511
6981 6982
1842 1843
7072 7073
8149 20600
18887 18896
14794 14795
14813 15551
23445 23446
3819 6717
1000 3109
4361 4362
9161 10106
12824 12828
556 2028
4399 15082
3328 3333
327 328
6716 12096
3755 6561
10311 10313
13146 13147
7283 7315
14983 14984
8953 8954
16465 16466
2315 3064
4667 4668
10732 20969
2724 6204
22564 22565
6205 6206
11422 11423
18389 21010
19872 21530
22513 22514
4344 4345
14034 14035
12091 14748
12807 16082
19975 19976
12639 14871
2006 2007
4267 4268
7913 7914
487 488
9510 9511
5879 5880
1273 1274
8328 8329
10942 11265
12230 12231
1038 1040
17858 17859
23108 23109
2211 21429
2005 2006
8624 8634
1506 1607
18465 22517
14364 14365
20202 20337
18217 20415
15995 17096
19596 19597
7417 7418
5044 5045
6049 6050
4488 9790
10552 10553
5993 5994
8912 8924
21263 21270
12972 12973
13313 15485
4414 4415
11859 11860
22256 22257
3781 6530
7061 7062
10992 10995
18120 18121
14196 14197
7634 7638
10866 10867
195 6442
10127 10518
10269 19108
6740 23289
3976 22567
23229 23230
6688 9914
49 63
8034 8035
18090 18091
1701 1702
9120 9121
15577 15578
4455 17272
2900 2901
2151 21798
5624 5625
10378 13882
806 10894
21421 21422
7981 18602
5178 5183
4777 4778
16 1059
3282 21405
685 686
16496 16497
20872 20873
11902 22669
18835 22255
6343 6344
8428 22786
11798 11799
11970 18932
12328 12329
20314 20324
3016 3017
6880 6881
9703 23119
15763 16189
5397 13270
613 614
4778 20853
731 732
20486 20487
1000 1007
3727 3741
18307 18308
17318 17319
1690 8922
3506 3507
12116 20253
2968 9916
7578 13911
3581 3582
22390 22391
10361 10365
414 415
19902 19903
4772 15186
10000 10001
13416 13418
8119 11892
2701 2702
548 2020
17444 17445
7118 23256
18503 18509
10451 10463
7211 7218
4399 4400
6965 6966
19659 19661
2480 2481
2492 2493
19661 21431
195 8815
254 255
12915 12916
10129 10130
8424 8425
2349 2350
13163 17521
2268 3970
12096 14526
17961 17962
13618 13619
8786 11663
16863 18596
2371 8552
9896 9897
10765 10766
14458 14459
17032 17033
13755 22535
4271 7833
14884 14885
6004 6005
129 2252
6060 6760
7608 7609
20670 20680
259 3928
1807 1808
13245 22115
17397 17400
20417 20418
12208 12209
20004 20008
3524 3525
16137 16138
478 6972
21055 21061
19344 19345
13890 13925
2084 13768
15697 15698
13033 13034
4334 23497
387 8387
1383 4782
4319 4320
8825 8826
19067 19068
14955 14956
21964 21965
7153 21414
15818 18600
6765 6769
14470 14471
434 435
17580 17581
20812 20813
13238 13239
629 15669
822 10857
5073 5074
5262 5263
14603 14604
55 56
6576 18087
19 22
6674 14301
10826 18148
10202 19104
20147 20148
18755 18756
7704 7705
2116 20267
15162 15163
9567 19791
4843 5408
2606 2607
9117 14215
9625 14962
11164 11166
15345 15346
5498 5504
7094 23134
547 548
22086 22087
2142 4016
12867 12868
13890 13891
2124 2125
11302 18700
21246 21261
2746 19985
17083 17726
20562 20697
21265 21266
9432 9433
15517 15518
21305 21306
2145 20391
1010 1718
8374 8375
22353 22354
9981 9982
11016 11017
6365 21923
18955 18956
4908 19488
7562 7563
7693 9740
15563 15564
505 521
13414 22255
14411 21998
2523 4273
11829 11830
2167 2235
10315 10316
15795 15807
8349 8350
8502 14842
4905 4906
18397 21015
3710 3711
8230 8231
3462 3585
11650 18647
1153 15270
19651 21427
7141 7142
2372 2770
17569 17570
14836 16521
4312 4313
4948 13494
8812 8813
2044 2045
12095 14744
20543 20544
939 5313
5251 10754
18365 18366
997 998
8991 17491
8329 16873
11987 11988
3169 3170
118 16298
21567 21991
10395 22950
5219 18325
23229 23234
3954 3955
13563 13564
14185 14188
21387 21388
19876 19877
10914 10915
405 9763
5538 5539
6336 6337
15016 15017
12387 12388
8869 13065
3317 23187
20849 20850
6456 6457
20035 22417
1146 1147
9713 9714
7520 7522
14579 14580
14928 14929
3029 3030
2035 2036
19143 19144
4494 4495
3225 13205
13032 13033
6000 10744
10576 21708
8240 8241
11181 11182
2755 8897
13685 16790
4524 8450
13884 21856
12718 12719
11363 13198
5370 16401
11925 11931
2536 2537
3986 12241
1800 1801
6646 6647
9673 9674
9311 11257
12031 12032
8789 11266
16959 17021
5095 22382
12612 12613
21979 21980
4432 7093
1935 1936
6833 20391
1221 1500
7813 19728
18909 18920
21687 21688
16086 16087
14804 14808
4622 14289
7384 7385
10572 10574
1546 1547
18174 18246
12371 12372
18212 18213
19195 19196
11312 21028
17588 17589
3994 3996
20789 20790
12256 12257
7700 7702
3813 3819
482 922
581 582
17036 17037
4081 12761
10193 10194
3976 14325
4524 8451
4661 4662
4386 4387
114 5771
2363 2364
481 1111
10129 17960
8604 21635
62 1298
2314 2315
456 461
14758 16358
4229 4230
3992 22495
6702 6703
7993 7998
8475 8477
7282 13553
4298 12165
12358 12359
3860 12712
10083 10084
3824 6818
6596 6597
13028 14699
9790 12837
13941 22363
7645 7646
21102 21103
12809 12810
14276 17426
13593 13596
2190 5462
6774 8832
17142 23031
6330 6689
6251 11677
2595 4159
17842 22227
12582 13750
20990 20991
8396 20245
17403 17404
8246 8247
19540 19541
8804 8805
15736 16645
1992 1993
1881 21805
1825 6067
13482 13483
15568 15569
5560 5561
9153 22377
8619 8620
2013 5812
2523 8576
18147 18148
5033 5034
19335 19336
4086 4088
16694 16695
21757 21758
4221 7362
15073 15074
12057 12064
10095 10096
12032 21864
21116 22922
13263 13264
21306 21307
8707 10420
14035 19180
16474 16475
7211 7214
12532 12533
10694 10695
6777 6778
12556 12557
17327 17328
9691 9692
17137 17138
3357 3872
4827 9342
9647 13314
2133 2134
1475 1476
14270 14271
16076 16077
2653 19053
322 323
5880 5881
6498 17258
10081 10092
5913 21023
16676 23282
13989 19095
4028 6806
14617 14618
5105 5106
6292 6293
12452 12453
2412 8601
13893 13894
21388 21404
8239 8240
16471 16473
1859 2031
11140 11141
19340 21936
14666 14667
6377 6378
8032 8048
22654 22655
12401 12402
15079 15080
23209 23210
13408 15902
1648 1649
237 238
10395 10396
8466 8468
16333 16334
1777 1784
3372 10353
7753 7754
5410 21017
6242 15071
19534 21696
20639 21595
1928 1929
2062 5335
7071 7072
11269 14622
13817 13818
8556 8557
3365 10359
14046 19182
508 7312
11448 11449
3661 4465
4473 4474
8539 8540
7630 14109
2766 12207
14778 14779
3815 3816
15028 21070
9065 9066
16562 16563
10925 10926
10291 10292
611 6437
9767 12075
16708 16709
1420 1421
2066 7725
3558 5272
18947 18948
20210 20213
2611 2612
7885 7886
17574 17575
3400 3401
3694 3695
10035 10036
18070 18071
10630 10631
13925 20008
2012 2013
10687 10691
1029 18725
3142 13957
5509 9010
9501 9502
8041 8042
3171 3172
711 712
13726 14949
7658 7659
3501 7075
19976 19977
19318 19618
14204 14205
381 19873
7376 7377
855 862
15359 15360
19695 22341
22220 22223
2445 12519
4073 7592
18597 18779
9882 11526
11799 11800
11930 23277
17478 17485
11866 11867
17997 17998
19075 19076
17913 17914
7058 7059
6401 17391
11888 11890
8687 8688
23490 23491
3846 20270
1116 1117
4508 4509
7485 7486
15525 15527
2462 2463
18504 18509
5929 5935
4984 4985
15557 15558
21365 21366
12085 12086
15036 15037
13463 13464
1959 11965
12663 12664
12928 12929
8323 8324
19690 19691
2163 3987
3503 3504
13523 14656
10858 18430
10319 10320
22299 22526
10516 15212
22481 22482
6132 6133
15234 15235
16703 22799
8866 11008
1015 3012
10839 20556
18472 19826
12428 12429
1807 18541
2310 17305
2319 2320
8681 8682
2426 13365
2087 2090
5477 5478
7668 7669
18372 21370
9577 21204
5568 5569
6931 6932
7696 7697
482 4463
661 662
2084 18509
20497 20498
9970 21196
8676 9450
18283 18284
1515 1559
21073 21074
2439 2440
14861 18719
2974 19270
4209 4210
18064 18065
15351 15352
18289 18772
17893 17894
1305 1306
893 894
11617 11627
13934 13935
1679 9172
283 284
18810 20350
149 5582
23374 23381
2153 2154
14528 17382
10382 10383
12950 12955
13585 13586
3766 16185
21211 21212
13654 13655
18763 18764
20124 20125
22431 22432
16263 17385
17685 17698
15230 15231
6849 11366
4001 16733
18264 19562
370 377
16973 16974
9954 18108
21465 21466
494 8675
11879 11880
8993 13170
10543 10555
1383 1644
19164 19165
8648 23070
18633 18634
2084 18508
22287 22288
22428 22436
18381 18382
8222 8223
15827 15828
8087 8386
15015 17420
8050 8051
20283 20284
17069 20331
4290 7969
17372 17373
19420 19421
7099 11236
1801 15690
1810 15692
5462 18470
3423 3424
9250 14474
22001 22002
2012 7086
19934 19940
2401 2402
18437 18438
7597 10944
5926 11304
15848 15849
8617 8618
18765 20374
9860 9861
21320 21321
17813 17815
14009 14011
19074 19075
3079 3080
22068 22069
12838 12839
7054 7055
3507 3508
22998 22999
13475 13476
7946 21115
1237 1238
23100 23101
3754 9789
2789 23107
14710 14711
20947 21386
12579 13751
1262 4345
20351 20352
7200 7201
6638 6639
8649 22705
3742 15754
15113 15114
16804 16805
7211 15113
19581 22341
15068 20330
2185 14164
14230 17145
15824 20821
18917 18918
2580 6165
4017 16734
5941 16553
4947 4948
9782 9784
17260 17261
13913 20581
20274 20276
21316 21319
22579 22580
6798 6799
3927 18272
8058 19760
15793 15806
2456 22632
12981 17643
1015 12755
5617 14502
22143 22144
1632 1633
7764 7765
13112 13113
10854 10855
2697 20074
20088 22210
4648 13163
16283 20491
7976 12450
8065 18363
9815 9833
10992 10993
9378 17263
16731 16732
4974 4975
9143 9144
7726 7727
8579 8580
3762 8357
9194 9195
4538 4539
10541 10555
18219 18222
20210 20211
9204 9205
21228 21229
20739 20740
15265 17807
6212 6213
2447 2448
7282 7317
15220 15221
8966 22146
6164 9763
8562 8563
7981 12462
5577 5578
19645 21428
16399 16400
14373 20672
3058 12036
1961 13790
8978 21921
2676 2681
5340 5341
2564 10510
14291 14292
9768 22678
14058 14059
13579 21387
22904 22905
22506 22507
16472 23470
10839 20548
7981 11498
15527 15529
10928 10929
16506 20111
8865 18824
3265 19277
12954 12955
9617 9618
6223 6227
18227 20442
4362 5794
1641 10632
8658 23056
6386 6387
9351 9352
15535 18833
8714 8715
21519 21520
9384 9385
7196 12936
9869 22424
20659 20660
1643 6479
6766 6767
18702 18703
1200 23090
655 13731
14429 14453
17718 17719
5817 9927
1059 1233
12495 21145
17810 17811
11273 11274
370 21727
6776 7988
8474 8475
4916 4917
19649 20366
4736 4738
789 1747
2713 16738
5846 19308
20138 20139
13401 13402
10059 21293
2208 2209
8130 20046
6497 6498
352 353
11179 11180
19481 19482
208 2931
12946 14598
8336 8337
3283 3288
22634 22635
16263 16264
19211 20591
20241 20242
22453 22454
2729 6078
7425 7427
18738 22247
10541 10542
15774 21957
9998 15747
14941 14942
8624 8626
1093 1094
9467 9468
3786 8057
1207 16521
3985 8188
3578 8157
193 194
8462 10684
8862 11770
8724 8725
19907 19908
15910 22106
10192 10193
7930 7931
22976 22977
9270 22340
3413 10725
11858 15026
3974 3975
7939 7961
8653 8654
2617 2618
22476 22477
3376 10346
23246 23247
10232 10233
7498 7499
1656 15158
17320 17321
11812 11813
18878 18879
2342 19146
15421 15422
7906 7907
18271 18272
778 779
21989 21990
20273 20274
15057 20330
2899 2900
15783 22544
6709 14751
5065 5066
11277 11312
6049 10126
20025 20026
2793 2794
3198 3199
1830 1831
5765 5766
16545 16546
14984 14985
7288 20360
19257 22846
11329 11331
3642 19277
1069 1746
2491 2492
20261 20262
7104 8991
11145 11148
10683 21760
776 6691
394 395
21438 23380
3725 3726
18635 18648
13274 13275
14168 16684
18448 18449
7511 7538
1796 1799
19596 19598
10388 10389
1059 3242
6885 15808
2279 2280
1910 3232
20292 20293
9583 17633
14191 14192
13067 13068
19631 21903
4131 4132
2657 2658
16954 20088
917 918
2105 2107
15877 23005
5817 5818
1996 2546
12422 22903
7354 19056
5155 13729
22838 22839
10718 21088
5299 6672
2113 2114
10056 10057
16054 16055
15231 15232
3814 6515
20541 20542
6256 18165
14627 14628
1609 1610
2578 6165
12899 12900
2205 18455
3526 12887
12095 14745
6707 14748
11278 11279
15814 20695
7636 15355
17831 19677
4519 23382
19536 20353
4364 4374
11018 11019
12931 12932
8344 8345
10858 18437
4805 4806
16657 16658
15387 15388
9960 9961
10281 13709
6074 15343
1971 19094
2756 2757
14711 15105
8708 10420
4983 4985
9843 11688
4168 4169
9713 11032
14654 14655
10226 10227
23050 23060
21349 21350
7989 9476
15987 15988
1211 1212
6584 6585
9454 9455
12612 12616
9563 20965
5375 5376
3897 18985
120 121
6412 6413
4448 4449
5305 7163
3819 6708
10332 15991
10923 14497
2506 8001
15275 23427
16721 16722
5875 12187
12689 12690
5890 5891
22482 22483
9368 17739
13046 13047
4402 13259
2095 2096
11878 17428
3201 3203
12578 13741
5130 5131
8611 8643
18094 18095
19450 19451
19249 19250
8195 17416
18350 18351
3014 5878
9571 9572
5154 5155
15274 23335
14801 20412
11877 11878
9993 15157
19578 19579
19683 19684
17536 21797
11927 11928
10052 22527
1968 1969
2278 2279
22797 22798
12632 12633
2796 2797
17401 18973
5493 21580
9899 12115
7626 7627
2773 2901
378 8268
1480 1481
6731 6734
8007 18353
1109 1110
4144 14781
12269 17441
16686 16688
12770 12771
7860 7861
11 584
17636 17637
3985 19858
1075 1938
6366 18487
2367 9298
8494 20054
16137 23176
18961 18962
4552 4553
10240 14816
115 2268
2603 4983
3439 6687
21813 21814
16028 16029
18926 18927
11416 14192
6977 22900
15492 15496
242 243
19736 19738
21443 21444
15866 15867
16125 16126
2359 21236
7624 14093
22850 23397
20782 20783
6124 6125
19167 19168
7766 17527
5719 5720
2164 2175
17521 17522
21545 21552
8626 8627
796 1744
11843 11844
8463 15398
7956 22940
9678 9679
595 596
3925 8940
3529 3530
5945 5946
2380 2381
20355 20356
9531 9532
11613 14993
7094 7095
21415 21416
8957 8958
2322 14673
8845 11833
6242 8077
5918 5919
13 14
13552 13553
15410 21886
10079 10080
9777 9778
2572 2573
19942 19944
14079 14414
6987 6988
7979 16827
23396 23397
11823 11824
5446 19405
8299 8300
20589 20595
90 91
17237 17238
21649 21650
16780 22232
12512 12517
3760 8339
383 385
13174 13175
18236 21342
5948 5949
6001 6002
1416 1417
9670 17007
20945 20946
8833 8834
2166 2233
1754 1755
3382 3383
8427 21676
1784 11303
20857 20858
15870 15871
9336 9337
4540 20144
21129 21130
6227 19756
3025 3026
7599 7600
15546 15547
5952 13256
2259 2260
10337 10338
17885 21937
14713 14714
9654 9659
15736 16642
9211 17952
4045 4046
18357 20424
11491 23027
837 10864
13132 18153
5489 5490
10522 13813
6474 6475
5916 5918
12280 12281
6069 20626
10197 10198
14002 18592
144 145
14654 16752
5841 5842
19121 19122
197 2942
2052 16298
18682 21018
5863 5864
7320 7321
17090 18481
14802 18218
15855 18764
7643 18241
11275 14623
8214 8215
2943 13062
10408 10409
2675 17061
32 62
17504 17505
8392 17477
16050 16051
11452 11453
9103 9104
16178 16179
2831 8755
16307 17290
7939 7941
11354 11355
3322 3323
21089 22345
14119 14120
4942 4943
2532 2533
7900 7901
16598 18436
3278 3297
8935 16747
11792 11793
3991 3992
9030 9031
19353 19354
6740 23301
13533 20780
17536 21793
114 118
18507 18508
4606 4607
1041 6263
5636 5637
3191 3192
6670 7463
15971 17452
13965 13966
8585 22979
15504 17973
23437 23438
2770 8552
16643 16644
6180 6181
10839 20555
2139 15097
3981 3982
13154 13162
8449 8450
2934 17576
3011 7409
4602 7242
8035 8036
3883 5898
12222 13705
13463 13473
11452 15552
198 199
9710 21731
2913 2914
9370 12167
5524 9007
6428 9645
13307 13308
12578 22535
936 937
20958 20959
1247 1248
5081 5082
15503 15504
7793 7794
16428 16429
15411 15412
21381 21382
12509 12513
7195 7196
9715 9722
2768 8898
4028 4029
23147 23148
6123 6124
7687 14544
6367 15580
11264 13897
9867 13906
3919 15836
14543 14544
14702 14703
8975 8976
9280 9282
4669 7259
4190 9858
8076 18362
23509 23510
10188 16537
11939 16681
14075 14463
16948 16950
15828 16925
1980 20379
7044 18189
4953 18721
50 350
5415 5416
5471 11995
14848 14849
9024 11223
2164 2167
8745 14638
8519 8520
9977 9978
3276 3277
9013 13770
20063 20065
7066 7067
15772 17348
2109 9222
13028 13029
20522 20523
4913 4914
3974 8188
2657 16348
18874 22091
23402 23403
13974 16394
191 12979
4983 4984
1810 15693
11745 14324
6632 7318
1773 5932
21032 21033
12378 16058
16981 16982
13604 13605
9514 9515
6975 6976
6261 6262
3992 20184
19487 19488
5164 5871
404 6166
10969 18961
2156 2157
20622 20632
3222 3339
5795 5796
4187 4188
13896 15210
17476 17477
1147 1148
11148 15072
1940 9172
5298 5299
22824 22825
7998 7999
12183 12184
1946 1947
18837 18838
10443 12578
8576 8808
1170 1171
3992 3993
1112 4408
14952 16337
9714 9715
6011 6012
5928 7939
3236 3237
8502 8503
804 896
20905 22011
8532 8533
18914 20023
14586 14588
17154 17155
19028 22485
2204 18455
17559 17560
7849 7850
6670 6671
6419 6420
6452 6453
3888 3889
14007 14008
5164 5872
16896 16897
3843 17823
1650 4614
15203 15204
2712 2713
21938 21939
13450 19026
10774 10775
13590 13591
21992 21993
13355 22402
17707 17708
7470 7471
892 10896
8908 8909
7556 15805
7797 7798
4522 8456
12909 12911
6711 6712
9707 13663
18332 22697
4480 4481
18967 21701
12311 12312
7526 9090
2192 19639
8986 13178
7323 16726
9995 22658
11992 11993
132 1590
7642 17937
450 451
15588 15589
6751 6752
1438 1439
9311 9312
736 737
20644 20645
2873 6317
13321 13323
424 2258
2543 2545
12079 12080
15912 15913
20638 20647
12513 12514
14509 14510
2594 17355
12095 14746
2658 2675
9708 12885
3577 3578
9980 22788
22882 22883
8454 13542
4109 4110
635 12377
21002 21003
12829 16158
17811 20755
2964 9917
20287 20288
1511 3641
11749 11751
6621 6622
149 150
4895 4896
536 17896
14079 20806
11404 11405
16750 16751
10890 14037
23367 23368
6159 17284
19022 19023
8988 17488
14919 19800
16724 16725
6334 16425
9849 9850
18607 21931
22142 22143
12411 12412
2484 22470
9813 16524
17480 17481
11178 11179
2521 2522
6681 16547
7462 7463
8918 8919
14123 14124
3129 3793
5550 8411
16812 16813
8023 8024
2164 11943
12719 17832
1664 3863
8465 8466
6216 6217
8611 21633
7029 12128
20104 23415
17589 17590
16970 16971
14893 14894
464 6159
238 239
463 464
15701 15702
5478 5483
6725 6726
5289 20671
5568 6061
13839 13840
14079 18683
11501 18143
18580 18581
15340 15341
17665 23213
342 1478
12532 23021
6371 6372
5493 21581
4769 20864
3979 22722
5926 11276
7369 7370
7490 7491
14292 14293
5120 5121
5263 5264
1493 4605
6356 6357
15664 15665
11300 11301
7154 7435
4173 4174
10347 10348
3649 5550
7394 7395
8879 18983
9682 13475
21569 21579
1507 1508
3652 10093
684 9992
2715 7225
10587 13099
9750 18663
10770 10771
6277 6279
20636 20647
14771 14772
6604 12239
16132 16133
11279 11313
7363 7364
4578 4579
16010 16011
1908 3267
3213 3214
21904 21905
3861 10289
10126 16475
10530 15953
5484 5485
21165 21166
10508 10509
12422 12424
1883 1884
2164 8112
18663 18666
5052 5053
8679 11352
4489 4490
358 359
19833 19834
7640 14110
1490 2872
605 6438
4029 4030
14762 20168
15102 21531
13228 13229
4023 4024
8596 21248
13770 22752
10421 10422
801 802
7014 7015
2515 21253
21618 21619
3710 18683
14668 14669
14026 22187
11893 11894
5907 20909
11719 11720
9726 14918
2455 15218
5218 5219
18366 18367
1839 8760
6474 8954
8449 8453
20432 20433
22739 22740
5084 10105
22983 22984
6782 21277
9729 9733
5493 5494
3393 5482
19887 19888
6696 6697
9912 15557
14142 14143
14990 14991
4685 6863
8941 22407
8207 8304
5136 5137
11050 11052
2627 17084
8601 8602
18915 22374
9116 9119
5472 5534
17829 17830
2491 8018
905 1637
18378 18381
4224 4225
8620 23356
18585 22176
7279 13556
8270 19878
13403 14660
15578 19575
21052 21053
12681 17829
1094 1095
16235 22871
12589 12590
6104 6105
18294 21774
7326 8859
12065 12067
623 9929
19117 19118
15274 19739
16748 16754
1864 21021
8469 8470
19707 19708
16801 16802
13936 13937
3376 3377
5146 5168
18427 18428
196 2105
9496 9554
21790 23522
13024 13025
7011 9810
2664 2669
7104 17491
18598 18775
5029 5030
4208 19275
19046 19047
1678 9173
13949 20377
17652 17653
19212 20592
19749 19750
23050 23051
6520 16489
8505 13886
11870 11871
15159 15160
14287 14288
2177 18505
19648 19649
11030 11031
8261 8262
8193 8194
1964 19091
16107 20150
10908 10910
6676 6677
20607 20608
12752 12753
14347 14348
5207 5208
6240 6241
3992 4003
709 3835
5424 7726
11643 15746
8138 11682
622 3909
17130 17131
3324 3326
4826 4827
7624 21085
18996 18997
6543 14534
1499 4198
6676 7241
13378 13379
9734 9735
5447 5448
5371 16403
5406 5407
16428 21303
13811 16471
475 481
6725 13610
9237 12066
18361 18362
3985 3991
12273 12274
21666 22617
3399 7595
22234 22235
4720 4721
6835 6836
645 646
5793 5794
10088 10089
5307 7163
14507 14508
8888 10407
6804 14687
21529 21531
12753 23164
12947 12949
19062 19063
1015 1512
389 390
15312 15313
4042 17665
3982 22722
63 64
37 773
11288 14864
9574 14240
2605 2606
5884 5885
12583 13750
603 604
8341 8342
7236 7237
6334 20907
15948 17326
2307 4630
1165 1166
5199 12786
10540 10541
15758 15759
22361 22362
12515 23079
12673 17830
1907 3269
622 623
19351 19352
12155 13792
1810 15681
726 727
8248 8249
15965 15966
8952 8953
4709 4710
1045 7161
7670 7671
553 554
11527 13652
12348 12349
11273 11278
1820 6761
5329 5330
1650 12624
16665 23172
5106 13261
19357 19358
10413 10414
3938 3939
9859 9860
2473 13287
8644 15136
17534 20392
22789 22790
7425 10644
10817 10818
4258 4271
20028 20029
6681 6682
1827 1828
15409 15410
9707 13660
12057 12069
18614 21931
1471 12539
10775 10776
13125 13126
17162 17163
10317 10318
16327 16328
10662 10663
6680 6681
18304 18305
20201 20202
7472 7473
1007 1008
14375 19937
2342 16471
7033 16085
814 815
5276 5277
11085 11086
2798 12921
15024 15025
10654 10655
2931 6473
14437 14438
7802 16799
3056 21551
15344 15345
21748 21749
12156 14500
22154 22155
19222 23283
8941 15634
631 632
15679 15713
20134 20135
390 8376
16051 16052
15995 20447
4922 8847
12514 12515
4260 4270
19921 19922
14029 14030
10661 13731
3073 3074
20922 20923
9656 9657
1233 1624
1786 21527
21101 21102
9705 9706
8614 21486
1992 11176
14315 21877
1685 1686
16586 16587
22657 22676
2566 2569
16156 16161
18286 18287
1960 1998
14161 20370
23230 23231
556 557
16761 16762
15828 22701
1307 1308
12912 12913
18570 18573
8093 8094
11488 16498
4765 4766
6898 6899
15927 15928
16102 16103
10863 10864
3432 3436
4321 11435
943 944
11902 22157
7458 7459
19210 19211
9548 17867
2488 2491
23105 23106
13028 22848
17091 17105
21622 21624
3313 23187
7803 18025
2301 11266
19872 19873
4071 5715
7502 16827
8654 8655
11741 11742
825 826
436 437
11387 11388
14428 14438
6375 20584
12861 12862
12224 22847
22134 22135
11566 11567
6495 6496
7987 20275
15629 16941
5926 14624
4499 4500
2499 7989
2209 2210
9681 13475
7474 7475
9019 17891
16841 16842
13548 13549
16936 21246
9001 9002
23462 23463
15297 15298
7048 7049
333 1069
4602 8208
5191 5192
22644 22645
2766 10411
13165 13166
13895 13926
3688 3689
17279 17280
13887 13888
6936 6937
17812 17813
18393 18394
4109 17746
16859 16864
5562 19415
8329 8331
20507 20508
18227 18228
22548 22549
9303 9304
6201 6202
7273 7274
13074 13075
5499 5500
9567 19807
7029 9776
18879 22286
5726 5727
6707 16500
10493 10826
8319 8320
369 370
2649 2650
15308 15309
3663 4466
9971 9972
7480 7481
13577 13578
6136 6137
19612 19613
22359 22360
4498 17172
9667 17011
9980 9981
12649 12650
8590 8591
15624 19894
9984 9985
13289 20973
12482 15398
14667 14668
1197 1198
19035 19036
14445 14446
4067 18306
7829 7830
1443 4997
2181 10997
11965 17575
12041 14820
4684 9486
12964 12965
19397 19398
4737 4738
13971 16408
2159 20190
3572 3573
840 842
10758 14815
3138 3139
4832 18472
2363 21235
22580 22583
3146 20378
8595 8596
15999 20447
14634 14635
15166 16241
13080 13081
2209 19640
8611 23276
16262 16272
11521 18253
11912 11913
18166 18167
9536 9537
13924 13925
9683 22826
3737 3738
2163 3989
8480 8481
16281 16282
9784 14055
12103 12109
10393 22958
6567 6568
13272 15092
11745 11746
478 9271
22257 22258
123 2055
13739 13740
3065 3066
4586 18306
10805 10806
18093 18094
11152 11154
4547 4548
11700 17880
9738 9739
19589 21413
8325 8326
11149 11150
18690 18691
16533 16534
584 3247
10310 10311
18766 18767
13557 19594
5963 13257
14351 14352
7658 7660
8176 9396
9693 9694
17938 17939
18993 18994
21649 21654
11563 11564
14394 14395
2079 11925
3347 3348
1592 1593
9237 17013
17014 17015
953 954
2348 2349
2971 4674
5555 7230
3259 11997
10858 22335
7512 7538
21420 21421
19868 19869
13370 20970
6838 21785
7903 7904
21706 21707
9046 9047
16017 21952
16409 16410
5504 5505
16671 19734
6945 13011
18338 23201
2075 2076
8544 10262
2446 21693
3438 11228
23357 23358
11745 22641
12530 12531
206 4998
17169 17170
8000 8007
7669 21566
4346 4354
9973 9974
18681 21019
18876 18881
13801 23010
7060 16708
5187 5188
3344 14096
3734 3735
2139 22894
657 23303
3857 3936
8591 21244
10730 13377
19562 20561
9599 9600
7029 9990
20366 20367
18733 18734
2218 20373
6836 20393
14683 15531
19931 19932
8131 20507
17431 17432
5424 18387
11485 13500
347 4100
6483 7695
295 296
16779 22232
17795 17796
1475 12537
4774 4775
9677 9678
10691 10692
4089 4091
172 173
707 3836
16863 16865
8292 8293
10794 10795
14362 14368
7181 7190
3062 3063
22324 22325
18544 18545
338 339
4481 16837
5984 5985
11744 11745
2067 5343
2597 10231
2718 11394
5240 5241
20164 20165
6340 6342
22950 22951
12414 12415
653 4883
13744 13745
12660 12661
376 21852
3995 3996
10574 19309
17749 17750
18823 18824
12377 23454
17808 23378
7872 14336
22405 22406
14277 17425
1455 16824
3370 10356
2388 14097
15179 18282
18462 20763
15154 18279
4282 4283
18476 18479
17370 23190
3396 3397
4842 19187
8329 8330
5966 5967
11920 15156
20550 20551
4555 4556
12601 12602
7066 16942
11878 11879
12244 19892
7052 7053
5167 13725
15616 21162
455 6160
19694 19695
3517 3518
17491 23519
4904 4905
402 403
5285 5286
9235 17013
12704 12705
22584 22585
21034 21035
7155 7156
2822 2823
6610 14227
6940 6941
22141 22142
187 190
5058 5059
20495 20496
4524 4525
5917 5918
11437 11438
8603 16019
7154 7155
8099 15899
20196 20197
2116 20264
2302 4219
10518 10521
9773 20941
6080 6952
3058 19958
18769 20364
2160 11897
16543 16544
23065 23066
4163 8207
6614 6615
5640 5641
8324 8325
10436 10437
22297 22298
19747 19748
6794 6796
15502 22889
111 112
20576 20578
9261 17018
11569 11570
18147 18153
14414 19885
8465 8979
4250 4251
16897 16898
16235 22870
13345 13346
5604 5605
14683 15535
127 1595
6803 6804
11474 15548
20612 20613
2357 21236
600 601
12988 20348
2520 2521
18336 18337
6444 6445
2303 6463
19127 19128
2652 2653
7294 18018
13117 13118
17115 17116
20894 20895
15967 15968
7447 16448
15252 15253
9050 9051
2493 2494
7107 8992
21779 21780
14617 14631
1108 7429
15723 19355
16226 18276
15096 22888
14549 14776
9799 14135
18849 18850
16200 16201
12055 17103
21293 21294
7961 23360
8942 20032
17022 21778
6862 8264
4094 4095
5427 5428
21351 21352
1410 1411
3944 3945
13772 22735
15825 15826
14143 14144
3992 16732
11609 11610
2473 2475
22506 22508
6785 13782
9993 11899
13923 13924
22488 22489
16387 16388
5482 14323
5965 6021
11698 11699
1219 1220
20410 20411
2763 2764
17173 17174
19929 19930
16241 16247
947 1017
5046 5047
1206 14426
9262 17017
9229 12882
6878 6879
2441 19534
20653 20661
18450 18451
9552 9553
12260 19550
18713 18714
363 364
19084 19085
23124 23125
2116 2118
8338 9273
9970 9971
1195 16996
11445 11446
13193 13194
11538 11539
2209 19635
4367 4368
8736 8737
19425 21570
14278 14279
22184 22189
5990 6093
6160 14373
6387 6388
22715 22897
19734 23526
12673 22138
16022 21489
25 15891
11729 11745
4628 13510
426 15839
7849 7854
2973 9396
10290 10291
1232 1251
8442 8443
8960 8961
1619 1620
16855 16856
3 4
17919 17920
16434 19570
10885 14038
3106 3107
385 387
8652 8653
5468 13766
626 2812
12055 12057
7665 7666
656 911
7755 7756
3710 14091
14665 14666
14503 14504
230 231
7783 7785
21486 21498
13309 22457
3379 10731
16350 16351
4358 4360
19635 21901
9578 9579
17271 17272
11435 15733
9413 9414
19658 21431
7828 7829
12703 12704
7066 7081
15335 15336
20508 20509
16211 16220
8616 16036
4762 9853
10570 10571
15762 15763
18825 18826
13011 14223
6970 13680
20117 20816
2579 2580
2368 2369
6564 6565
13676 13677
5238 10579
2974 8176
2407 12624
1887 17907
11868 11869
2153 21798
2885 16792
10377 13316
3960 4106
7857 7858
20602 20603
1708 1710
13404 18839
13863 13870
8655 15137
17780 18533
11043 11044
4277 4278
3287 3288
5495 21580
8890 15935
9707 12884
7150 7152
6143 16488
21109 21110
4779 5954
851 852
15623 15624
6779 7983
17990 18562
3990 3991
12440 12468
8613 21497
2265 4020
7523 12455
13487 13489
17771 17772
14975 20711
1300 1301
13513 13514
20136 20138
5286 6160
11332 11333
1200 6069
7653 15106
19064 19065
2052 16299
13250 17127
12481 15398
7113 7114
11601 11628
8465 21906
16646 16647
5158 5159
7280 13555
5980 5981
8305 19883
9780 9781
11484 11485
12396 19052
5926 11284
20359 20803
13230 13231
18096 18097
5216 5217
14462 18976
10353 12103
17096 18625
2454 20040
1801 15693
3953 4102
19905 19906
6312 22379
11584 11585
15483 22793
1793 1796
17459 17460
4012 4015
8616 21632
16013 16014
11317 11318
8305 21728
16271 16284
19114 21161
776 19664
4495 4496
4854 4855
3333 3334
2236 16215
15623 19896
1926 1927
1017 6638
14009 22184
9473 9474
3013 13097
8038 8039
4825 4826
16483 16484
9710 9713
283 19003
12800 12821
20843 20844
17391 21840
6893 6909
13643 13644
2110 2111
5916 5919
9313 11257
201 23189
17361 17362
5374 5375
875 10843
3158 3159
10891 16887
2706 6080
3730 3731
3089 3097
1026 1028
4804 19202
19418 21126
2085 2086
13894 20008
9350 9351
3769 11825
13136 13137
5517 16210
4696 9484
6475 6476
5135 5169
6004 6006
16892 16893
1 59
18857 18858
12984 12985
3754 15240
7185 7186
20525 20526
14486 23480
6581 6582
10861 10864
16238 16239
13359 13360
4548 7092
9999 10000
1600 1602
13925 20009
3813 16334
23267 23268
16537 21666
14452 16799
2217 2222
10524 14235
20289 20290
11948 11956
5434 5435
17809 22530
4261 19797
12510 15282
1824 2593
12548 12549
16305 17286
16639 16640
13000 13899
17292 17293
5566 5567
13318 13319
425 13990
2089 9312
14791 19564
20943 22655
7628 7630
10700 10701
554 7083
10306 10307
6715 6716
13211 13212
8503 16164
14882 14883
11957 18791
6838 6839
7506 21570
8668 8669
7977 15051
2334 2335
3935 3936
9994 9995
21856 21857
858 859
19548 20920
5927 5928
13394 13396
12341 12342
9265 22323
5739 5740
5768 5769
16 1060
8543 19108
6045 9713
8358 8359
1448 1449
14987 14992
6513 6514
7272 7273
21567 21988
7633 7634
2336 2337
13375 13376
8912 8913
20963 20964
2084 2086
2797 6075
10841 10842
13572 13573
2232 2237
15356 15357
3897 7582
15105 15106
13524 13525
22178 22189
8659 20119
906 907
2247 4284
3019 3020
17025 21781
4526 4527
6331 15891
22097 22098
6045 9716
17007 17008
10917 21425
427 1593
10922 10923
119 2268
22391 22392
2216 2217
3560 3561
3408 10726
7845 7846
6260 6264
22198 22199
168 4650
4349 4350
1910 8265
1111 2444
5589 5590
1242 5940
4270 19789
1008 18322
2864 2865
2163 2164
8975 9647
373 377
5475 5476
252 21978
20062 20063
4803 21202
17236 17237
8495 8496
4306 4307
3636 15460
12495 22107
3690 3691
14650 14651
2792 2793
5024 7358
10812 10813
5295 20663
20699 20700
22375 22376
4107 22067
3862 11129
1898 1899
1972 1975
8620 8644
13335 13336
5471 5534
10453 10454
3927 18263
10968 10969
6977 22716
23535 23536
4553 4559
6930 6931
12098 17068
7379 7380
19619 19620
9314 9315
16413 16414
3695 15952
1168 2843
17975 22145
11095 11096
6962 17244
11184 11185
6954 6955
8100 8103
17662 17663
9611 9612
1265 2032
12395 12396
888 889
1806 15685
3707 10530
6159 23487
13837 13838
17655 17656
17664 22398
13061 13062
1031 1038
8717 8718
604 8212
12991 12992
2949 13064
11009 11010
8530 8531
5562 5563
4900 4902
3485 3486
16186 16187
17352 17353
552 7083
16378 16379
1801 1802
10162 10163
12059 22340
12008 12017
11289 22558
16314 16315
5161 5162
6242 8078
11789 11790
14446 14447
5918 19416
22168 22169
15412 21883
15148 15149
13864 13865
15216 22484
20180 20181
23123 23155
4564 4565
18588 18589
7301 7302
11756 19317
10624 10625
21555 21564
9020 17889
15733 15734
23372 23375
1641 1642
2342 20096
4842 5787
882 883
7355 12203
11692 13713
1347 4352
619 620
14792 14793
12492 12493
3693 3694
8194 8196
13033 15742
12729 14259
8429 8430
2982 10113
3749 3750
7133 12165
6842 22562
17261 17262
16559 16560
2373 2374
17145 17146
2305 2306
9116 9118
20668 20670
2320 4886
2714 16738
19090 19092
8226 19278
5992 6094
13941 22362
19614 19615
15068 17946
6893 6908
6334 6335
22335 22338
19637 21902
12755 12887
8490 20049
18858 18872
13946 13947
12296 17110
3460 3461
666 667
10811 10818
1959 13791
1294 1317
1620 9807
19863 19864
22065 22066
7305 17445
12179 12180
16286 17384
23536 23537
568 14535
1412 1413
1677 1679
9363 9364
14481 14482
821 822
10520 10521
1201 19629
19249 19251
2121 7616
15936 15955
7332 14122
8842 8843
2565 2566
10715 15629
22120 22121
137 1587
20927 20928
13328 13329
20773 20774
10524 10526
3927 11514
6838 6842
7448 8111
19074 19571
1382 1384
22503 22504
4764 9849
8772 8773
17043 17044
17168 21356
15643 15648
17033 17034
8378 8379
3480 3484
3041 3042
15787 15788
18263 18272
957 958
606 607
17296 17297
12752 23164
9860 13908
12236 12237
11584 11592
16370 16371
5660 13218
13796 13797
12503 23012
3446 3447
21319 21320
11867 11868
252 253
9720 11024
450 6160
2217 2218
3383 3384
6235 6236
2813 2901
11198 11206
21283 21286
20227 20228
18942 18943
10695 10696
3748 6566
12535 23011
6145 19828
4333 23497
4112 17747
3086 14358
65 66
18706 18707
10740 10741
3695 3696
21611 21614
10395 22963
2130 7618
2932 4995
10204 10902
6810 21353
16310 16313
16491 16492
20658 20659
15381 17714
20964 20965
21991 21998
1000 1005
15180 15181
6159 17285
13810 16471
18877 18878
1029 16849
114 2241
23148 23149
20249 22561
17786 22057
4098 4099
16641 16649
15797 15798
15454 19844
7048 18187
591 592
3770 17241
2052 2056
17856 17857
5977 10748
266 267
21811 21812
14697 22845
694 6255
1801 15683
3775 3776
344 1750
9304 9305
4724 4725
1828 9234
13629 17786
3128 3129
23071 23072
7255 8362
18671 18672
1045 1046
16124 18269
18492 18493
407 6165
3282 3283
4578 6656
14398 14399
19467 19468
15740 19262
448 449
17803 22535
11802 11803
9917 16637
1658 1659
5907 12323
19604 19620
12753 23168
9685 16662
11231 23255
21195 21196
6787 7984
170 171
994 7333
17009 17010
4052 4053
5373 6336
7705 7706
999 5243
201 203
19165 21637
5533 13774
16916 23243
12432 22956
19384 19385
3761 3762
17460 17461
11190 12492
15785 15786
6727 23149
654 655
4498 13611
3437 3438
19823 19824
7553 15796
8616 21633
15772 15784
1968 1970
7225 10404
21329 21330
16673 19734
9970 18594
9563 20966
1802 1803
23444 23445
8948 8949
27 9319
4736 21232
8227 8228
20765 20775
11529 11530
3726 14411
9985 22085
11704 20698
449 14371
336 3949
11706 11707
4030 4031
22695 22696
20 22727
2084 14151
999 6549
2854 2855
14821 21552
15905 17559
85 86
13217 16483
727 5150
22406 22420
12611 12615
3542 3543
6774 19630
7153 7154
7752 18797
11603 11604
3500 3509
17788 17789
8316 8317
20760 20762
10281 10282
16083 16084
17224 17225
18502 18504
384 385
21678 21679
10549 10550
13008 13898
2374 2798
3914 9089
1110 4788
12429 12431
6026 6027
9523 9524
9683 22830
19494 19495
9198 9199
17118 17119
4208 4692
9131 9132
13498 13499
7316 7317
1127 1128
12095 14527
3305 3306
8421 8422
7426 7878
9394 9395
8345 17089
2756 8888
3904 3905
12113 16223
16233 16234
2150 2151
18534 21854
6889 6910
16251 16252
2006 7092
3727 23468
8397 8398
15108 15109
36 13911
11102 11103
10523 10524
15703 15826
1753 1754
12064 17152
18092 18093
9272 9273
9976 9977
20597 23192
3722 11047
250 252
21666 22620
19470 19471
189 192
5616 5617
5237 5238
14713 14716
7342 7343
8633 21496
1867 2798
3478 3479
19240 19241
11275 14626
13085 22264
1886 1887
17570 22726
12519 18929
7123 7355
4228 7404
5603 5604
12381 23452
10185 10187
3952 7164
4681 4682
11276 11284
15310 19919
1641 8242
1029 10570
4561 4932
3751 10581
9992 20940
10136 16358
6907 18277
21035 21036
4502 17180
15605 15606
2973 12623
469 21717
6688 21977
3223 3224
925 12781
18496 20805
3350 3351
6217 7879
6051 16470
20075 20076
15102 15103
1655 1656
662 665
18076 18077
5496 21581
3565 3566
5918 22937
16537 23316
12424 18352
1048 1050
2184 2185
4941 10138
1183 1184
15415 22816
189 12979
7045 7046
2167 14325
8803 8804
12693 12694
3073 22198
5472 5530
11168 17717
21312 21313
2107 2110
7777 15904
7344 13676
8913 8914
5485 6413
4966 14690
2646 2647
276 23043
10728 16939
1329 1330
13624 19106
8692 8694
8888 8893
20403 20404
9316 9317
15842 15843
6427 6428
16553 19683
474 5217
3974 8185
9773 9774
6327 6689
496 14183
22224 22225
15633 15634
8338 8358
2342 4324
370 8202
9487 9488
13418 18473
3608 3610
18417 18419
2511 13298
19274 19275
8880 8892
8888 12207
2460 20650
20003 20008
2151 2157
7823 7825
14345 14346
7328 7329
9648 9649
2321 13414
10703 15632
8362 14775
15052 21555
16585 16586
974 975
139 140
2192 2210
10503 20433
8305 12245
2262 2263
22718 22719
650 651
7946 11123
8830 8831
20365 21645
12785 12786
21017 21018
2564 9185
10345 13781
2944 6297
4364 5797
8625 14755
1031 1032
5851 19309
16031 19784
13861 17061
16180 16181
444 446
15507 15508
16097 16098
19253 21213
5102 5103
3608 3609
15098 20262
999 12561
3857 7549
18876 22217
1053 1054
8624 16021
13818 19654
11538 14507
3310 3339
11393 11394
16139 16140
16353 16354
19825 19826
1623 1624
2195 18464
1000 3114
8725 8726
17229 17230
4587 7790
6159 12340
2737 2738
5915 21026
19000 19857
4088 4107
2451 20779
1313 1314
654 906
6993 6994
4414 4458
7282 7283
4279 4280
7344 7346
15329 15330
17443 18513
13886 20173
8365 14774
1810 15682
449 14372
10183 10184
2916 7167
8058 20115
19480 19489
13952 13953
16143 16144
19267 19268
5298 16310
564 21022
3249 6674
5121 16521
16844 16845
13687 17752
6149 21481
7078 10907
96 97
4896 4897
19832 19833
4202 6679
2647 2648
4508 4526
1200 19629
3486 16557
17319 17320
1803 1806
17623 17624
15199 15207
23338 23339
12812 12813
23530 23531
819 820
23245 23246
8320 8321
8437 8438
8965 8966
13711 13712
2087 3846
9349 9350
14975 14976
19210 20593
14428 15220
5359 5360
18372 18373
14045 14046
12746 12747
11714 11715
14049 20165
16241 16252
395 6168
15219 22885
1381 4782
5998 10744
12980 17637
16827 19432
10326 10327
19234 19235
2972 2973
6175 6176
361 364
16603 16604
4659 4660
7182 9596
224 225
15288 15289
16478 16479
9660 13570
12065 16846
12609 12610
593 3820
21341 23203
19821 19822
2772 15341
10731 10732
18193 18194
3757 8353
18395 18396
4689 8260
11796 11810
14090 14091
2883 2884
3862 10284
11414 11415
4610 10578
8611 8638
11008 18821
6337 6338
314 315
23251 23252
23020 23021
14714 14716
18287 20047
3881 3882
21725 21726
21322 22475
20213 20214
4645 6005
12480 12481
7056 7057
23150 23151
6266 19733
2104 5641
23160 23167
10970 10971
1741 1742
14762 19366
10529 15953
4484 17185
18501 18511
13327 21051
1742 1743
12250 16731
9942 9943
2302 8770
12572 12573
20882 20883
1695 1696
12773 12774
8392 8398
23358 23359
5240 10161
11275 14857
2185 20370
9269 9270
4720 9309
1569 1570
16900 20114
22626 22627
3366 3367
6897 11668
387 17691
3288 16473
3691 17325
5926 11272
20606 20607
13414 23387
15439 15450
11012 11015
11423 11424
4224 7373
10526 15068
4348 4349
15028 15029
19687 19688
13858 18060
324 325
16958 17021
3390 3391
7763 7764
1779 1783
7774 20908
13673 13674
3553 15038
2937 2938
8332 8333
5165 13725
12113 16291
9772 12126
14397 14399
11606 11607
15746 22655
8904 8905
10538 10539
2393 2394
5024 5025
13092 13095
4658 4659
3370 3371
23120 23122
7198 12942
20678 21718
15982 19919
8483 8484
10723 11495
6884 6887
13890 20011
20127 20128
790 1067
11113 11114
19704 20811
10561 16646
7505 23533
14269 23534
1160 1163
3245 3246
7852 7986
20383 20384
11275 14864
2404 2406
7778 7779
1371 22204
12036 12037
8107 16445
5351 9855
8227 19278
17054 17055
3521 3522
21133 21134
192 2101
7832 21254
10377 21061
1135 1136
14373 22790
442 10322
14080 18683
3313 3314
10732 13371
20553 20554
14483 14484
14204 21049
16461 16462
14791 14792
8500 20052
7081 9568
590 591
5263 9032
2236 5528
7669 13217
21516 21517
7266 7267
16241 16242
11872 11873
9662 9663
2457 2458
5072 5073
11692 14853
7636 7637
2835 2836
18861 18894
2944 2945
9255 9256
21227 21228
14927 16999
7181 13629
10871 10872
11653 11654
3823 5827
11277 18866
9005 15140
7331 7405
12269 12270
10243 19156
14091 16954
3011 3012
5902 5903
7178 7179
7813 7814
16283 20495
6061 15840
9424 14329
442 443
6875 12033
3383 10345
12856 12857
2159 8116
2799 2800
8036 22781
22130 22301
335 1254
11925 11926
12938 15427
1594 2253
5018 14328
18042 18043
8428 8429
1060 1251
19248 19251
1303 7578
3510 3511
13850 18061
16092 16093
18298 18299
7720 16312
6518 21709
1783 1784
3098 11094
12413 12414
3782 3784
7181 7188
18036 19869
13985 13986
11809 19377
9932 9938
14236 14237
7081 10066
16919 23244
10861 10862
18330 21636
653 19965
18959 18960
6630 6631
4560 4561
9695 16651
15447 21514
3221 12264
5073 6828
9343 20234
6228 6230
14673 23388
23308 23309
10192 16536
15655 15675
1206 16521
5909 5911
16100 16101
18585 22177
18508 18510
13040 13161
3945 17820
2222 22516
11688 13716
15394 15395
13973 16394
10459 10466
34 35
17728 23174
10870 10871
10591 10592
11275 11283
19225 19226
11491 23026
5617 14501
7489 7496
15516 15517
7339 13692
1464 5004
2185 16683
10626 10627
4877 4878
4986 13741
2551 2552
10844 17994
8076 15565
6050 23422
2653 7353
18283 20054
11971 12451
4022 6038
1994 15225
8276 12134
10383 17067
2526 2527
11275 14624
3476 3477
10834 21066
6140 6141
5467 5468
21175 21177
10347 22571
15197 15198
2473 13558
10366 10370
20896 20903
3976 19943
12499 12500
4983 13846
4733 15995
9747 18664
5990 5991
23443 23444
20628 20629
14194 14195
15739 15740
11918 15156
205 1163
12969 12970
114 1819
17128 17129
6589 19148
8616 8621
2051 2813
7386 7388
7103 13176
10211 10213
10609 10610
5812 9014
14330 14331
1643 1644
2372 2798
6704 7241
8061 21628
1801 1806
3491 3492
4500 20438
22699 22700
3698 3699
16261 17385
718 719
20979 20980
12879 15982
17174 17175
10014 10015
13483 13489
22498 22499
713 6502
1436 4990
9977 13995
19410 20594
2540 12151
14587 14588
5288 5290
10405 10407
2210 19639
3165 3166
1893 17908
19097 19098
19462 21139
14489 18006
12019 12028
19308 19309
9306 9307
17176 17177
22 22727
14863 18715
10460 10461
13367 13368
6180 19403
9954 22175
13196 13197
2583 6059
11068 11070
15403 15405
6448 6449
12788 12789
2112 15504
2662 2663
10103 10104
18456 18457
16658 16659
1634 3689
653 654
20954 20955
6405 6406
7449 8110
6971 7745
697 6252
11704 14242
9679 9680
15794 15795
12218 12219
22787 22788
15582 18600
6838 11947
9818 16527
13630 14709
8595 8597
8081 8083
12268 12269
891 892
621 6434
18358 18365
10578 11105
13198 17684
9386 9387
19423 19424
12276 12278
1670 1671
328 1261
15946 15954
16420 16421
22143 22511
10000 15746
13966 13967
5559 5560
21096 21097
4680 9488
9283 9284
14952 14953
1183 1185
6506 6507
3967 4020
12055 17102
4792 5741
16191 16192
2753 2754
21072 21073
5595 5596
14542 14543
3764 3766
4583 14534
7100 17500
23369 23370
9043 9044
9670 17008
16 1233
12026 12029
19798 19799
22073 22074
13081 13092
1031 19848
50 51
20639 21600
9692 9693
9028 12627
4910 4911
2911 2912
15523 15527
12022 12023
4254 4255
17692 17693
22577 22578
1528 1529
18564 22646
2294 16040
18449 18450
23207 23208
11286 18868
1581 1583
21993 21995
2004 6721
10477 10478
3435 3436
12864 15303
2383 8303
22128 22129
18331 18332
13153 19262
18008 18020
10211 10214
19447 21132
13163 13503
18144 18145
14000 19183
22820 22835
31 32
9962 9963
16248 22853
824 825
1513 3523
1801 1809
4071 5690
13031 13032
6719 13364
4969 4970
8361 18484
8058 19386
17917 17918
2062 16312
12110 12111
5103 13764
11923 19781
4153 19566
18343 20615
1454 8950
21619 21630
18930 18931
9923 13531
323 2816
11429 11430
23110 23118
22944 22945
1527 15964
9274 18399
7926 7927
21447 23202
19299 19300
23325 23326
1722 4792
15807 21233
1075 8303
605 2317
4455 4456
5482 6401
3243 9807
7863 7864
22552 22553
9377 12134
22749 22750
2304 6455
2666 2667
14021 14022
19294 19295
7122 19056
5918 5927
17475 17479
15746 22149
3985 8189
13660 13662
18098 18099
2725 10131
4036 4037
10843 17994
12509 17887
2159 2166
15166 22865
15618 21167
3948 17840
3372 12576
13901 13902
1667 1668
2237 15408
17810 20754
2446 20093
17213 17214
21492 21493
317 318
1634 1635
8307 22722
9974 9975
15513 15514
16477 16478
19912 19913
2199 10996
5486 10344
10857 19178
3499 6640
16870 16871
4516 23373
7432 7433
8624 16023
8269 19877
3979 22717
8068 19397
10887 10888
2279 13100
22694 22943
14015 14016
13683 16962
378 12240
1473 1474
11900 23331
2595 6163
1067 1068
16201 20899
12652 17483
576 577
5835 5836
19604 19605
13308 19995
16064 22046
20945 22229
8616 8617
6970 22235
15509 15510
19402 19403
22239 22240
11220 11226
11255 11256
16900 20113
16248 22859
16550 18473
11505 13145
19399 23259
22633 22634
119 2595
6769 7988
14267 14275
11336 11337
20276 20277
15067 15068
18646 22513
17222 17223
3772 17463
16011 16012
8580 8581
13798 14500
10720 16649
2292 2293
1671 1939
8224 8226
13402 20718
12377 12378
21646 21649
5005 14333
5678 5747
1359 13517
21833 21834
22624 23315
11860 11861
10850 10851
5530 13775
16653 16654
1229 1230
12111 12112
21674 22613
11346 21980
9430 9431
22268 23090
20726 20727
16881 16882
2350 2351
2952 20869
10734 20969
1749 6333
22533 22534
18314 18315
12904 12905
8474 9647
20748 20750
6776 18439
2428 2429
599 8233
12759 13382
8032 8042
8627 8628
18610 18621
4326 4327
3796 4611
974 3172
18386 18387
6799 6800
16237 16238
1464 1466
13975 13976
2107 15096
18838 18847
15409 21886
3095 3096
17165 19315
8027 8028
12271 12272
16114 16115
14922 23144
19919 19920
830 831
21520 21594
21523 21524
18390 21006
6810 6811
14384 14385
7038 18251
6677 6678
955 956
22714 22715
8081 17941
17539 17541
19214 19215
16934 21744
3357 3359
122 123
12391 12392
16533 22617
3711 3712
18869 18887
20428 20429
8193 8305
21116 22945
16419 16420
1059 9928
13307 15486
21899 23322
20335 20336
4287 14951
3824 3825
23357 23370
2359 2360
8541 19108
13723 13724
1280 1281
11941 16682
17013 17014
10682 14469
13063 13064
20655 20656
8667 17432
4676 19264
8748 8749
12610 12611
4108 4109
11519 11520
3925 14646
394 17691
22937 22938
7255 12102
22288 22289
17466 17467
13323 21063
5586 13632
5 3252
12488 14492
23241 23242
2519 2520
13625 22352
19045 19046
16897 20114
4795 4796
3016 3022
18494 20088
9818 9819
1232 7019
13463 13475
19418 21125
173 5362
14334 14342
1068 1746
11930 19943
1441 1442
6272 6273
9311 11260
17218 17219
12232 22348
13280 13281
5989 6016
22772 22773
8591 8592
21694 21695
7434 7435
9234 9260
11435 15730
16547 18473
11783 15327
703 704
9649 19735
7238 7239
8361 20181
12404 12405
1034 21004
1799 20821
9270 16846
10085 10086
14421 14429
2413 2414
5911 18887
2469 2472
1472 1473
10253 10254
11348 11357
7029 9775
21229 21230
13076 22270
17784 21730
17034 17035
3184 11580
12200 12201
10535 10556
7077 7078
15582 15818
2182 2183
19616 19617
3605 4049
4777 17824
16244 16246
5783 14741
4170 7976
21431 21432
12209 22242
2011 7084
102 103
17455 17456
21854 21855
5493 22571
762 763
8286 8287
20023 23209
15919 15921
564 565
15674 15675
13951 13952
16133 23179
7148 7150
16137 21957
13919 19999
10668 11070
5100 12921
12714 12715
2553 8889
3913 3914
7102 7103
19416 23365
15059 17942
773 1303
16377 16378
23343 23344
2307 4629
15875 17806
2451 20784
12758 12759
1085 1086
1653 5882
1890 1891
22367 22368
20880 20881
3247 17860
15518 15519
176 11371
18059 18060
11146 21162
3267 8226
9346 17080
9677 19051
16132 19101
2145 2147
9789 18973
20125 20126
21004 21005
20350 20351
253 6688
2707 6607
1253 1629
7211 7217
3714 15755
853 854
2123 20260
12052 16537
15860 15861
8910 12137
1877 1880
10532 10533
3702 3703
3056 11810
17270 17271
5000 5001
22661 22662
6826 6827
2084 13767
2433 2434
5818 5819
2964 2965
2763 8893
16348 17057
13662 14368
12521 12522
19457 19458
21988 21992
741 742
17 1250
11513 21282
22443 22444
8196 8197
15814 20686
23137 23138
17770 17771
18622 18623
11021 11022
12940 12941
20145 22947
18364 19398
16245 16246
11861 21244
6149 21482
3455 3456
13818 13819
15037 15718
14647 14648
4863 12214
327 3644
18723 18724
3312 3313
15269 17810
7377 7378
16398 16399
6348 18488
13296 13297
1775 1776
15813 20686
255 5859
19570 19574
15960 15961
18770 18771
7042 18190
11572 18555
16535 22619
700 5387
13543 23459
12512 12513
16094 16095
3786 3787
14071 16188
9532 9533
16531 22612
10267 10268
20215 20216
4076 4077
6914 7816
13317 21062
13416 16547
2145 4004
21577 21578
994 18682
11860 22042
9250 18002
21255 21256
4486 17183
1304 1305
1952 1957
9291 9292
18941 18942
19030 19048
12103 12106
4880 4881
4480 16838
14229 17149
18933 20471
6782 7852
21571 21573
555 557
16371 16372
9381 9382
7993 8009
2326 18229
10882 19178
9773 12126
6771 20464
11343 11344
16954 19923
13023 14696
1511 4789
14606 14609
4942 7096
21695 21696
2234 17546
3391 3392
13433 13434
8774 8775
12214 22246
10755 10756
18963 18964
9682 9683
19734 23525
2126 2127
15547 15548
1642 8242
2089 2090
20139 21746
20824 20825
9579 9580
1689 13688
19288 22480
4223 8861
5778 5779
23235 23236
21408 21409
14082 18496
19617 19618
12234 17450
11045 11046
19049 19050
16852 18598
1291 1292
195 5424
15102 21529
1005 11083
17152 22041
4107 12448
8865 18825
7087 7088
20363 21688
8064 21624
12879 15989
17569 22726
6069 20625
9004 9005
15441 21514
22051 22985
21316 21317
5863 17980
14356 14357
6798 6801
9983 10890
16898 20114
17223 17224
6914 15809
20055 20919
13132 18147
417 2594
22101 22102
7512 7513
8611 8634
22074 22303
539 540
374 8201
14590 16451
3203 3204
7211 12935
17211 17212
4861 4862
21267 21268
7601 7602
221 246
19827 21873
2009 3921
22874 22876
3583 3584
10530 10531
14105 14106
19142 19143
463 12334
21869 22630
13264 13763
403 1813
20798 20799
20523 20524
9344 17721
13662 18649
19001 19855
13457 13458
3215 3216
292 294
2370 8553
8775 11267
7081 10728
2080 15726
12692 12693
8646 19783
21302 21303
3347 8410
12212 22243
2387 2388
17594 17595
395 15704
4115 4116
2191 16685
17541 21799
5390 5391
9720 11036
11970 11971
10429 10430
23340 23341
12481 15406
9070 9071
2492 8030
5008 5009
12343 12344
21914 21915
8440 8441
22803 23424
10376 20907
7803 14452
2748 2769
4745 9236
8741 8742
1111 8515
5485 11066
477 481
14141 14142
7351 7352
8061 21627
14698 14699
13672 13673
13040 16068
12356 12369
20072 20073
1627 2801
3486 3488
18366 20425
16548 18473
9272 17156
23109 23119
1524 1525
23213 23214
23434 23435
6272 18092
21097 22344
7387 7388
1909 1910
8978 21913
7840 21289
4373 5797
22182 22183
17493 23518
21879 21880
20005 20013
17518 17519
8635 21511
4694 7220
292 293
15385 17901
4620 11078
350 7573
3638 12892
10682 14470
18343 18344
7907 9349
3681 3682
1640 2417
346 4102
21409 21410
8941 22408
15700 15701
5494 6406
22000 22001
15437 15439
1348 1571
11500 20687
20359 20802
4229 5412
8828 8830
3755 5236
1996 2749
4375 4381
8066 19761
5182 5183
7478 9331
16096 20151
449 2585
20812 20819
7170 7171
3579 3580
368 370
13815 19653
4989 4990
21426 21427
20519 21943
14850 20865
4518 4520
13317 13323
9428 9429
16411 16412
27 28
18322 18324
4630 14285
18734 19845
439 440
14032 14033
6344 6345
5866 5867
16939 16947
14288 14634
1015 11315
7622 7623
18544 21352
14146 19891
6048 6049
20007 20012
11684 18652
3239 3240
7424 7425
12030 12032
22355 22356
5926 5927
499 8676
12923 13656
1228 1229
1118 21329
8876 21749
12867 15993
16283 16284
13625 19100
20945 23325
10301 10302
9574 21204
17201 17202
2566 10506
15176 16232
5908 5937
20717 20718
11886 11898
4525 15257
13418 19974
4333 4334
17641 17642
16563 16564
15712 15713
17841 22223
12087 18899
13189 13190
17183 17184
5973 10749
18425 18426
5591 5592
554 3448
16196 16197
17545 17546
16006 16007
1633 1634
10435 12008
4022 14186
17089 22254
4184 4185
20596 20597
2774 2813
9979 9980
2355 21237
3517 9401
7850 7851
16287 20492
9268 12489
820 821
7342 13691
14077 14078
12835 12836
7965 7966
8610 8624
22199 22200
18070 18162
4314 4315
11908 16073
2224 5298
11676 17614
4522 16528
119 16298
3685 3687
9276 10561
7307 17442
2199 2200
21091 22346
16349 21243
9969 9970
9812 9814
18794 18807
20668 20680
480 5201
20791 22637
17721 17744
114 16693
8586 22968
8996 13169
6746 6747
6454 10339
5848 5849
16841 22512
9988 15752
16594 16595
14903 14904
11210 20775
1956 11969
394 8388
12000 12001
632 633
2146 4009
18443 18444
10364 15868
1632 3869
5671 5672
7638 7639
4301 4308
18576 18577
7695 14986
204 4996
10706 10707
8899 10413
18991 18992
5005 5006
12035 12036
1896 1897
8453 13527
1810 11413
19842 19843
11918 22509
2657 2674
18912 18914
6074 15351
14785 14786
545 547
1903 1904
6109 6110
3013 10616
2270 18215
14428 22887
21174 21176
22975 22976
1049 1052
1652 6007
18008 18024
17920 17921
3847 19773
13529 21673
14343 14344
3428 3429
4680 4681
2457 21869
2818 2820
3443 5812
18711 18712
5844 5845
503 504
20781 20782
10501 13140
23409 23410
14583 14584
19452 19453
1676 1689
370 17779
8318 8319
2593 6059
4203 4204
8941 22418
477 6972
9063 9064
11132 18546
415 2594
11856 21594
6415 6416
21504 22541
10651 13885
394 17701
16015 16018
11687 18651
8529 16987
6115 21000
2562 2572
627 7030
2293 3046
10129 20742
7215 7217
7707 7710
2106 2107
15201 15206
3431 17517
1664 6929
9519 15581
2525 2765
9443 9444
18916 22374
10064 10065
16118 16119
12867 12877
3401 3402
11214 11215
8777 8778
3756 5236
1867 2813
5932 5933
572 573
16401 16406
7978 7979
14644 18153
6372 6373
7427 10644
2312 2313
11198 18678
8366 8367
16035 19782
1370 1372
2055 4021
13617 13618
12641 12642
6676 6705
12719 12720
11290 11291
3441 3443
5345 9806
10832 21065
12930 12931
21144 21145
7560 7561
17965 17966
603 8216
21106 21107
19418 23364
9871 9872
3976 3980
7809 15812
11009 18822
1752 1753
2381 2872
3081 3087
5236 10580
11737 11738
23387 23511
4420 4421
19388 19389
7287 21688
16777 16778
6737 6738
14114 14115
11930 11931
15642 17513
8941 15637
16612 16613
6736 19082
6430 9645
209 14770
4346 9902
8089 12959
11492 11493
9046 9048
2009 2010
18858 18859
2096 8818
5204 5205
7659 7660
14136 14137
3976 3978
13956 22295
5531 5532
13527 13529
7531 7532
187 189
11172 17721
15041 15043
11809 12042
19911 19912
12390 12391
4118 4119
5573 5574
12848 20440
19098 19099
14091 18496
20055 20056
8589 8592
5242 6549
12941 12942
21490 21497
1000 3785
1679 9173
14127 14128
459 461
1568 1569
6330 6690
4652 4653
13203 13204
5478 21828
17708 17709
408 6165
3556 3557
1462 17203
1172 15281
15338 15339
3562 5271
15028 21071
7976 12449
4521 22299
12418 20932
13409 13410
7803 18855
3322 3327
3976 19946
114 150
15488 15489
7855 7856
23361 23362
5621 14636
135 136
18754 18755
16123 19849
2116 20265
19672 19673
11173 12735
6877 6878
8895 10413
1889 1890
12424 12425
11845 11847
361 18537
11500 11501
23294 23295
2219 18771
8386 17713
20583 20584
8738 8739
17484 23100
37 38
4428 4429
24 9320
14161 20372
4488 16160
8868 8869
6885 15145
22043 22044
15702 15706
13198 17683
5482 13374
9459 9460
8137 11681
5409 5410
14149 14180
21400 21401
13355 22419
17512 19951
3724 17195
18007 23011
6562 6563
19812 20775
716 6509
15123 20118
19344 23389
14022 14023
1305 7579
4192 4193
22236 22237
14161 14166
1114 16841
21473 21474
379 8305
10513 10514
359 1320
22073 22303
7732 18206
2268 14325
22050 22051
18730 18731
16305 19935
9998 22655
11935 11936
14004 14005
15261 15263
9464 19578
13865 13866
14521 14523
221 7104
3260 6678
5369 5370
20129 20130
18211 18212
7839 7853
12885 15211
7099 13495
3978 22565
12918 12919
5893 8178
1238 1478
8305 12249
9601 9602
14011 22177
20643 20644
10517 10518
401 17701
477 10060
20139 21747
16514 23239
5018 5019
11157 11158
398 399
4987 4988
4936 4937
334 4961
11666 11667
5558 5559
9742 9743
18460 22103
1764 1765
403 405
16644 16645
8082 17944
20020 22173
16510 22033
11156 20237
3501 3502
20307 20308
11831 11832
12295 12296
744 745
16654 16655
2234 11943
4502 17179
11348 22818
13088 13091
6875 6876
5918 22936
8644 8656
18333 22704
11337 11338
4519 4520
5775 11362
11651 22906
2209 19636
5496 9012
21257 21258
3289 10454
2546 8898
19669 19670
12283 21950
10039 18526
16571 16572
8308 16882
2835 5205
12035 19958
17370 18151
7834 7836
17816 17817
15658 15660
18735 18736
20637 20646
10400 20038
4350 4351
8642 16034
3302 3303
11883 17983
14088 14089
16602 16603
16235 16242
10435 10436
8655 15824
16271 16272
12326 20321
20388 20389
16514 16515
14282 17423
3926 10500
16375 17136
17524 17525
5918 11274
19886 19887
217 218
5918 14620
5903 5904
5498 6401
1600 1601
12119 12120
12409 12410
10873 10874
11390 11391
19466 19467
9851 9852
9922 9924
19603 19604
7981 11503
8137 11682
20636 20637
370 6171
463 2229
22110 22111
12114 16291
3976 22720
6768 6769
22672 22673
16016 16017
1661 1662
15541 15543
3844 3855
3010 14116
6576 18086
4901 4902
8362 12102
8702 10429
14393 14395
16098 23224
12269 15376
19306 19307
21594 22054
23221 23222
3696 10541
3487 16557
7817 7818
2653 12150
10264 10265
10520 10522
9472 12469
17663 22397
18962 18963
18378 18386
16836 16837
1654 13429
10353 10354
16306 16307
12451 20471
118 16297
2167 8112
18453 20100
1598 6758
21895 21896
6868 6869
19390 19391
15163 15164
21386 22915
4066 4067
3221 13205
23326 23327
2449 20785
8411 8728
10394 22949
5385 7159
1662 1663
1114 22193
14298 14299
19329 19330
1233 1313
22997 22998
7151 21414
18908 20709
1455 16810
8068 18040
20357 20794
18845 18846
12864 18528
10860 10861
1087 1088
14185 14187
19966 19967
7003 7004
12673 12674
20119 23050
13984 13985
2844 21334
10930 19856
13093 20830
14112 14113
114 2268
10086 10087
16059 16060
2641 13844
3941 7392
19367 19368
16529 21445
3247 3821
3984 3985
5242 5243
6940 6942
19694 19698
7988 8834
2847 10093
12221 12222
19625 19626
12433 21081
19271 19272
21088 21100
17178 20439
914 915
22709 22710
12502 23019
12151 16793
14087 14088
20000 20001
9372 9373
1360 1646
16686 23486
5896 5897
10338 10339
2704 2705
14160 14168
17473 17474
11788 11789
6700 11254
2320 3869
4630 14284
6885 6886
2008 3459
8962 11353
1647 1648
6387 20582
1770 5765
11286 18864
5965 5966
16703 16704
7214 7620
18383 18384
13630 13631
14082 16954
19296 19297
16356 16357
2341 4310
18503 18504
5918 14625
18149 18150
15138 22688
6091 6092
14892 14907
4860 22237
897 1640
9782 12071
725 16440
10895 16561
12513 18008
12803 16081
20224 20225
15756 15766
15522 16963
5070 9183
11279 11310
9924 13526
18932 20249
2337 17205
10501 10502
8644 20128
2342 16473
13593 13595
21829 21832
13139 17373
13810 16474
21304 21305
6665 6666
4519 21439
13439 15185
10852 10853
11970 16771
21576 21577
1959 1997
1298 1299
3637 8209
378 379
2935 2936
114 6160
8217 8218
1548 2418
2798 4906
16198 22010
15073 23413
10040 10050
19791 19792
7849 7851
743 9105
8209 8210
19077 19078
11651 12818
2569 22573
8750 15538
12021 12022
15949 15954
16734 16736
9167 9168
8633 16027
2657 13880
18501 18502
17751 22321
3393 3394
19839 19840
205 4999
13450 22485
7131 7132
21615 21616
20945 20947
9860 13907
1982 1983
8465 15605
7041 16097
9285 9286
806 807
12739 12740
11586 11587
20539 20540
23293 23294
11365 12264
11950 11951
2329 2330
15068 19217
13606 13607
4507 10028
4235 4236
18481 22251
2168 2169
15143 15144
9272 9274
6276 6277
22303 22304
14971 21651
7057 16710
10999 11000
10721 16641
8620 16931
6481 6512
6022 6023
3373 10347
3202 3203
12065 17091
21205 21206
18226 18227
9812 9834
10058 21294
6467 13825
8979 9647
2342 16472
1753 1757
1765 1766
3012 7409
11727 11728
18254 18255
12235 12236
12769 12770
6285 6286
8041 8048
22358 22359
18341 18347
7496 7497
11522 18254
2431 2432
10190 10191
14109 14110
5107 5108
4779 5960
5916 5917
181 11371
12585 12586
7952 7953
12368 23336
14083 20082
2845 2846
13317 21064
2546 2768
17422 17423
512 19098
11949 11950
7804 16800
5788 5789
1430 1431
15073 22298
17343 17349
470 472
9613 12949
11841 11842
2553 2768
15772 15773
20925 20926
15052 15053
20991 20992
9683 23429
9156 9157
10020 17100
11855 11856
4706 9481
1164 4999
8996 8997
14457 22483
2510 13297
19733 23541
18529 18532
12751 23168
7955 22942
10072 19411
4395 4396
2197 10996
3484 3485
1104 1105
19861 19862
2853 7410
12909 12910
12923 13660
10657 10658
12596 12599
22959 22960
11576 11626
380 6171
4785 8726
5887 6084
16393 16396
7489 7500
15652 17317
9557 10269
136 137
12525 20799
2367 2368
12430 12431
2188 2189
4517 23384
17108 17109
11284 18891
1511 7221
14020 14021
2442 7290
2548 2549
17676 17677
22313 22314
10360 15607
2185 20369
21794 21795
10003 22156
15370 15371
19579 19580
12509 18020
6986 21039
78 79
13602 13603
1806 1810
13900 13901
15812 19727
2680 2681
5401 5402
1679 1940
2883 16792
13120 21129
8462 10683
7116 7117
12146 12147
11883 11884
18705 18706
9270 16847
250 6688
11210 12490
12397 12398
16231 16232
16504 21989
19703 19704
11490 23502
16190 16425
8128 9216
11642 22659
1381 1383
7817 15809
3753 3756
12699 19731
3259 8369
15069 15070
20776 20777
7814 7815
6283 6284
18210 18211
1607 1608
12108 12109
661 22194
12176 12738
12054 12065
12550 18310
602 604
17080 22763
13538 13539
21647 21648
11350 11351
2183 10997
4024 6802
8014 8019
6094 8171
10535 10536
8903 13808
2742 19988
5227 5228
4843 5135
6443 6444
9965 9966
10128 11708
3798 10578
8246 14852
8847 8848
15751 15752
4292 4293
2422 2423
13801 23009
8767 8768
372 374
17688 17689
18562 19181
23303 23304
19657 19661
14834 14836
8788 11663
7655 7656
5580 14531
18119 18120
19260 22845
9608 9642
10327 10328
5808 5809
384 19872
4520 21437
11025 11026
20544 22962
12035 12040
16014 16015
10393 22965
13550 18809
689 690
9670 9671
21284 21285
10188 10189
1607 4603
6350 18487
20291 20292
8627 8629
20297 20708
15679 15709
7462 22092
20978 20980
21941 21942
6327 6328
20834 20835
2677 2678
6491 6492
4596 21065
11319 11320
10627 10628
4504 4505
16902 23476
16280 16282
11538 14505
453 454
385 386
9060 20534
12435 18560
1361 1646
80 81
11913 19818
4463 12785
16665 16670
10988 10989
5605 5606
19416 23366
19647 21428
14749 14750
13682 16782
17683 17684
19401 19402
6145 19836
1996 4508
5599 18241
18035 18036
8003 9475
13577 19370
23053 23054
15663 15664
1915 9354
22074 22308
3679 3680
8568 8569
13523 13524
4688 8259
5529 5530
22663 22675
21573 21574
114 6851
514 515
6313 6314
20910 20911
15759 15760
18834 19567
7294 21685
5373 21999
15748 22657
10124 10125
14076 18684
3012 9397
19347 19349
705 706
21410 21411
8551 10323
16834 16835
23098 23099
11607 11608
22306 22307
3008 3009
924 925
20490 22570
342 1244
10418 10419
14074 14075
22830 22831
10028 10029
2183 13765
22180 22181
1029 6228
15323 15324
8611 22539
1867 5942
5619 13807
13164 17522
22856 22857
20547 20548
15358 22611
10996 16688
11903 21377
662 663
3909 3910
3010 9397
290 17981
13804 14500
14606 14607
12097 12098
12251 12252
2107 2108
804 805
16483 21566
910 7729
2509 2510
6727 23143
7252 7253
7040 18251
4850 22376
10710 10711
22993 22994
2100 22456
22929 22930
2084 2183
378 1792
17049 17050
455 461
3751 3752
16232 16233
4036 4038
663 9951
14903 14906
11287 11307
20465 22753
8745 8746
2986 9854
898 899
5078 9181
8078 15056
17587 17588
1646 11691
20840 20841
2090 2096
15099 21525
5471 5530
6587 6588
3841 3847
8364 14775
12459 21945
17287 17288
4450 22015
9428 20255
3268 8225
19209 20593
11643 15749
10303 10304
18787 18789
23280 23282
1449 8951
6908 6909
14615 14616
10843 10844
9708 18635
16305 16306
10981 10982
1342 1343
18609 18610
11405 11406
2756 2767
2452 20778
18683 18684
5370 16205
15099 15100
854 855
5482 12106
2760 2761
3992 16731
6698 6699
11436 11437
17078 22765
2050 2813
5482 13778
17848 21802
6130 6131
12139 12140
711 2275
21231 21232
13941 13942
6850 8307
2082 18501
643 644
12717 17832
5384 5385
16645 16646
18997 19854
11796 12041
3911 8178
15325 15326
5927 14626
1009 1010
14442 14558
174 5363
15558 22165
1132 1207
21447 21448
5284 14372
2043 6718
4027 4028
3766 10065
8033 9464
7612 18990
4202 6678
11024 11025
5140 5142
1737 18301
1178 20831
17489 17491
7471 7472
2141 15416
707 5394
11010 11011
21530 21531
12595 12596
4321 11436
18562 22207
3457 8926
11275 11284
23262 23272
963 964
17346 17347
5346 5347
13971 16415
15773 15779
6267 19734
11928 11929
9678 19051
17913 21875
2831 2832
5703 5705
16582 16583
21988 21998
6335 16425
12054 17089
14620 14621
6064 6065
15274 18745
4097 7837
18913 18914
7803 7804
23421 23422
1720 18324
5578 5579
6209 7881
2404 2405
22628 22629
8708 10418
22984 22985
16595 16596
2850 2851
11876 11877
2384 2385
4820 4821
192 2100
18068 21451
9884 9885
2139 7619
10352 10353
5838 9882
7842 21288
5954 14633
9189 9190
13043 13044
11956 18792
8339 12054
13671 13672
13529 22622
5071 9182
22085 22784
22769 22771
636 15667
20036 22414
11143 19172
9710 18848
19666 19667
190 3848
13524 14656
1034 21005
10979 10980
5743 12558
18563 18564
5188 5189
11403 11404
18208 18209
23467 23468
2705 12394
15170 16232
7743 8944
1017 1018
1722 3787
18400 18404
332 4961
2145 2151
1597 1598
8604 23062
5370 16406
7538 12456
6446 6447
8945 8946
6668 6669
15410 15411
7151 7430
3637 8210
11453 14813
6836 17534
223 6182
13205 15729
8594 16061
2859 2860
22935 22936
18577 18578
7502 19431
21301 21302
1939 8922
6483 7537
9998 22656
12083 17797
815 21146
13810 16472
19586 19587
9708 18646
3224 3233
20299 20708
3710 3742
2268 3975
447 448
22398 23213
17616 17617
10881 10882
4552 4568
16084 16094
17926 17927
7709 7710
7259 7260
9361 15533
4071 4072
9543 9545
2622 13851
2216 21902
10213 10214
5464 14154
2206 16689
194 195
11306 18720
4647 13503
5964 5965
3897 3899
3172 19731
3650 6625
4185 14597
7489 16828
5424 5425
13805 15315
8443 8444
13149 14696
7791 7795
2743 4325
12657 12660
8641 16033
900 901
6988 21042
15603 15604
11291 11309
3703 10554
16764 16765
378 21527
5481 5482
10039 10052
6295 6581
1650 1651
10021 23446
8338 9274
6507 6508
4387 4392
4649 19930
7064 15628
13206 15729
17994 17999
15556 15557
4407 13882
11329 11330
2151 20390
665 21184
17753 20213
11483 11484
15380 15381
15961 15962
7571 7572
22002 22003
1189 17010
19312 19313
13505 13506
14195 14196
15931 23322
22735 22742
19631 22851
14654 16771
3170 20089
22694 22695
12992 12993
12958 20713
7782 7783
9986 15753
14283 23539
16414 16415
190 12979
7127 7130
173 248
10395 22949
14415 19923
8933 16746
16709 18250
11247 11248
7378 7379
19550 19551
16609 20338
22304 22305
3632 3633
12042 19377
2068 2069
12112 16222
3018 3019
13164 18134
5497 20971
2166 11943
11642 11643
4915 4916
19993 19994
693 695
22005 22006
14170 14173
9568 10715
15068 15071
437 3915
5362 5363
19237 21083
17953 17954
21142 21143
14377 18227
3656 15671
5557 5558
13040 13383
7330 7331
6944 14223
9812 16522
3643 19274
725 16439
18530 18531
18919 18920
21712 21713
13272 15091
11718 11719
15313 15314
5916 21027
15620 15621
6159 17278
16241 22859
808 10890
14071 17187
13317 21051
8092 8093
875 885
9850 9851
8704 8705
5926 11268
17761 17762
10924 10925
5220 5221
8932 8933
18034 18035
9613 12957
16342 16344
1996 8898
7018 7019
19838 19839
1163 1164
1077 1079
10849 10850
16568 16569
11183 11184
10547 10548
4988 4989
221 3553
4141 4142
4523 8451
20670 20678
12516 17448
10025 23447
7117 11231
12406 12600
3999 4000
1921 1922
23366 23367
15132 16023
424 4283
15721 15722
82 83
16651 16652
6042 6043
4494 13612
11805 12042
18357 18365
22267 22268
7029 22670
7332 7333
20243 20244
3243 17865
19244 21639
6326 6327
12951 12953
16839 16840
4946 13497
2619 2622
10504 11704
11212 11213
400 17697
4055 17527
3059 3060
5876 10085
1836 3466
1840 1841
2084 14152
10196 13527
3384 5487
2279 4286
4905 11336
11416 11418
6054 6761
618 619
20677 20678
1188 17010
5882 10798
10329 10330
20888 20902
12510 19890
1025 6640
13765 14153
15196 15207
13967 13968
2892 3450
22537 22538
1060 3868
2773 2774
20631 20632
10333 12882
8243 11692
9567 14854
18786 18787
5849 5851
5166 5167
6187 6188
6762 6763
148 441
1488 1489
1 1501
3283 10463
14971 20712
3983 22718
16225 16226
16869 16870
8305 17782
3085 3087
13836 13839
22968 22979
7991 7997
6769 23410
23270 23271
18021 23012
4003 4017
23416 23417
5497 10738
7643 14610
17432 20814
13448 13449
3840 3856
22867 22868
8702 10418
2984 4778
13040 18121
5289 5294
7981 15814
15389 20386
17890 17891
8616 8619
12253 12254
18642 20837
11066 13372
3859 3860
10309 10311
7056 16700
3605 11626
10878 10879
19476 19477
4009 4012
21711 21712
3210 5224
9853 9854
16075 16076
14422 14423
20959 20960
4508 4535
4701 9482
4012 10998
3514 3515
6145 11870
1169 1170
3377 14323
2851 2852
5116 5117
3210 3752
13417 13418
12263 12863
3256 8368
12750 12908
10188 12052
8451 8460
1657 9850
6325 6326
14820 23394
20036 22413
6885 18084
7747 7748
14206 21048
4525 8462
9641 13222
6903 18278
10037 12838
13949 13952
12492 12494
1269 4549
6249 20499
9160 10106
8904 8922
9551 9552
17009 20832
1670 8921
6309 22378
1503 4603
17646 17647
16684 20762
6255 18168
15223 22638
10936 10937
16113 16114
7989 7990
1841 6687
3797 3798
2049 4407
2982 2983
3979 3984
6362 6363
2100 19619
521 4463
8611 18330
19776 19777
22943 22944
114 2068
1837 5813
8678 22819
6159 17286
13441 13442
72 15896
11278 11312
6502 6503
2667 2668
3282 5172
3692 3693
376 21851
10188 21671
11700 20568
5426 5427
9732 13663
1778 10080
22712 22713
893 10893
5642 12296
7056 18250
22388 22389
5827 9926
9627 9628
2914 7167
1381 1645
16506 18685
16309 16310
8679 22819
18319 18320
1512 1513
20725 20726
6046 6047
14190 14191
19232 19233
6892 6893
13473 13477
1130 1131
370 378
15144 18281
1115 22192
10868 10869
7258 7259
7296 7297
17615 17616
684 11899
2209 2222
6799 19849
6062 6063
5916 19418
9066 9067
17184 17185
463 12340
5843 5844
20312 23495
5152 13730
8402 17715
17709 19914
5369 20892
661 21168
5479 5534
2159 2163
21299 21300
14389 14390
2863 2864
815 9973
17433 20814
2375 2376
2871 6203
13792 13808
5524 9008
396 397
11661 16987
22233 22234
21869 22631
9598 13248
7629 21648
9719 10126
5570 5571
5485 5486
20819 20820
9542 17868
5054 5055
795 1745
6088 10799
2886 3449
16707 16708
2480 2511
17804 21439
9175 11169
7951 21117
913 914
9703 23110
18311 18312
9233 9234
5075 5079
8117 8118
1502 6676
3496 22591
3649 5551
21805 21806
17760 17761
1813 4159
9648 9650
15773 15774
2117 2118
7984 7985
17179 20438
2369 2370
1218 6706
10732 10733
2277 14951
15835 20822
4355 4358
4415 12796
1915 9353
20543 20922
12440 12443
7211 9362
9655 19737
5582 5583
6692 7011
14420 14421
6163 9763
12859 12860
2454 13541
19444 19445
172 5362
3371 3372
19712 19713
4767 20863
6129 6130
6326 6689
5020 14326
20452 20453
5173 5174
21500 21502
5876 10626
1218 1482
4484 4507
5865 21976
11443 11444
16532 22613
2713 14947
22383 22395
1477 14596
19412 19466
4031 4032
15097 15098
16628 16629
619 6435
5816 5817
1796 1797
13543 13544
546 547
129 1595
1784 11310
9955 14014
16307 16308
4891 10384
15096 15501
23154 23155
17147 17148
14285 14286
6939 13012
11331 12755
15297 15299
12671 12678
13477 23312
6787 13782
12880 12882
5292 5293
5431 5432
12114 12635
18908 18909
9684 13476
6043 6044
8450 8456
8477 8478
16638 16639
8032 9464
13035 13036
885 886
132 19415
429 5279
13077 19288
5366 5367
17264 22801
17840 17841
11331 13521
4090 22068
18332 22698
8923 8924
16289 16291
11950 22529
7834 10448
18579 18580
3847 3848
7337 13692
4386 13884
1306 14692
11975 16335
9903 16794
6236 6237
11848 21031
8643 21631
4351 4352
1811 1812
6670 9490
507 5118
21100 22346
8446 8447
16084 16107
2168 20189
232 233
15704 15705
11275 21029
9176 17740
13697 22920
8655 15134
6904 15811
7414 7415
1797 1798
7169 7170
856 857
3399 10727
16189 21739
6813 6814
19208 19209
15402 15403
7541 7978
10793 10794
6267 10829
17017 17018
2683 2684
5889 6081
21134 21135
7766 7767
3591 3592
10018 10019
3551 3552
20960 22228
4170 12449
131 1824
1675 1697
5403 5404
3377 3379
21969 21970
11881 11882
668 11149
13454 13455
10022 17099
3989 4019
18856 18857
693 694
1810 15690
4344 8254
612 6694
2007 4547
3761 17158
1056 1092
3283 4321
8251 14851
16234 16235
13567 21604
11495 16641
20 21
16095 16096
5907 20914
1641 6209
739 740
113 114
3030 3031
8890 15927
18710 18711
11050 11051
12989 21558
4492 12853
19880 19883
995 5409
11835 13203
4921 4922
17996 17997
7382 12754
393 11407
20771 22152
7478 9330
4022 4023
3707 6158
2496 8019
4447 4448
16240 16241
9175 9176
5924 22931
10872 10873
8611 21631
20021 20022
21207 21208
8282 10647
14059 20157
11753 11754
19546 19547
5464 14155
10027 10028
11218 11226
13595 23287
1029 1034
1013 1014
13416 14047
21936 21937
19890 23431
13067 21601
21984 21985
17516 17517
17970 19325
22836 22837
7550 21233
1952 11964
12681 17828
8531 10271
7571 14693
1527 1528
19782 19783
18001 18002
11284 11287
20656 21613
4902 5101
10504 14242
114 414
20669 20670
5468 5469
9754 9755
1468 6113
1095 1096
17585 17586
5002 16497
1535 15963
3565 8854
1999 13365
22621 22622
16801 17549
5098 5099
2355 21238
16564 16565
23405 23406
12787 12788
10496 10497
3636 22213
5102 9825
4995 4996
1200 15216
13975 13978
1466 17203
576 2375
9992 9993
1823 6065
13405 13406
2424 19778
22747 22748
16395 16415
18329 23263
14361 16132
16254 16255
15613 21183
5534 11995
9214 10328
9900 9901
12109 12110
1786 1789
5362 19630
18578 18579
8984 8985
1636 11414
8898 8899
9915 9916
2016 2018
8622 20121
994 995
2655 2656
1689 1690
9080 9084
16563 21201
22503 22510
14506 14507
5950 13256
5601 5602
9995 15748
9125 9126
12740 17729
9643 9644
7161 7162
9204 9299
13771 22735
1490 4606
22703 22704
10373 10374
3989 19946
3711 15754
9997 15747
3500 3512
5103 5104
4252 4273
548 2021
2362 21235
2166 2234
15870 15872
9999 11644
4034 4035
3850 19776
8535 8536
10688 10689
15703 15827
387 395
18591 19185
244 245
14161 14165
8559 8564
1531 1532
1507 4603
15249 15250
10340 10341
20506 20514
2088 2089
21439 23382
12421 12424
18236 21341
8801 9307
15479 15480
23084 23436
19354 19355
1802 15696
4843 5874
10210 10213
13526 13527
16778 16781
16803 16804
394 8387
2185 14160
3432 19955
1686 1687
7945 21101
5764 5765
16627 16628
14130 14131
2250 5280
11354 22996
5869 14225
22119 22120
10968 21699
13540 20781
390 6169
1440 1441
3999 4018
14039 22195
15141 18172
10325 10326
16443 16444
10826 18149
17994 17995
1489 2871
22890 22895
12299 18415
10197 15403
2727 2728
21619 21620
6077 8390
15124 15125
19406 20711
1065 1066
5482 14324
4913 20997
10741 10742
22104 22105
13012 13013
6073 19594
14557 14776
2145 20390
5850 11519
9495 9496
22612 22625
19480 19481
21003 21005
7492 7493
12362 14342
178 179
13836 13840
3117 3745
17870 17871
2168 20190
640 20948
3188 3189
13034 15741
5863 21968
8362 8363
15698 15699
3988 8191
11886 11887
10111 10112
1575 1577
11807 12042
1338 5353
15177 16233
15960 18114
575 1931
22046 22047
414 2595
10056 16715
6993 23448
1938 2383
1746 1747
3847 19772
1839 3443
20935 20936
3174 19983
5411 7333
449 450
1361 2401
15592 15593
6449 6450
4015 15410
14205 22230
9740 15676
10361 15606
21105 21106
3266 6859
13346 19208
382 6171
15570 15571
10574 22817
9136 10108
1014 8056
426 6853
9954 22184
4640 4641
6160 14372
21880 21881
8918 13688
12933 12968
16241 22863
636 15668
6259 6260
11895 11896
13925 20006
6143 6716
14282 17424
11979 11980
18910 18920
12211 18558
10347 21580
12510 12512
6805 16519
3487 6817
5529 21839
13952 20376
13541 20776
11939 11941
9687 9688
11100 11101
3956 3957
16734 16735
380 381
18570 22187
15569 15570
15400 15401
4090 12448
3221 3339
16288 17384
11027 11028
2345 2346
18957 18958
22820 22829
16069 19805
15086 15087
18727 19846
15251 15252
2773 2814
8317 8318
13467 13478
14390 14391
17158 19492
721 16441
21567 21568
4498 4499
397 6168
9882 10575
7956 22941
15169 16229
9587 9588
6250 11677
13454 13456
2412 19543
22284 22285
21727 21728
6145 15454
4711 4712
20228 20230
21114 21115
8611 16023
6833 17535
3291 10459
22264 23156
9738 14555
1672 9061
4652 16848
1641 2913
3036 3037
3711 3723
6234 19918
7951 21124
5617 5618
20531 20532
9445 9447
6434 7248
8159 20609
19391 19392
13092 20467
3639 3640
2690 2691
3842 3844
19447 19448
845 22333
21913 21914
10102 10103
8592 16064
1471 1472
12876 15095
1796 1801
9689 9690
4389 4390
11751 11752
16930 16931
20678 20679
17993 22336
5469 5470
2412 8602
20846 20847
531 532
9338 15904
378 6170
16020 16021
12077 14099
2629 17084
6518 21708
20637 21599
5569 5578
12636 12637
2310 6878
8554 9294
22724 22725
3095 14201
7292 7293
13306 13307
19792 19794
2190 18462
4735 15999
9343 20227
5525 21523
16475 23423
11012 11013
11677 17620
13480 13487
21248 21249
337 6318
16727 16728
12678 12679
19290 19295
2052 16300
2658 2659
160 18652
13892 13893
12648 18236
11676 17613
8066 18368
5279 5331
7444 7445
5857 11985
15709 15710
9451 18828
19704 19705
1670 4093
4162 8204
10687 10690
15389 20389
13961 13962
14112 18624
22155 22156
15222 22629
8779 19505
4545 20146
10518 10519
2201 2202
13393 13413
4796 4797
20001 20012
18917 20709
10041 10042
12112 16225
10847 17994
5630 5631
16572 16573
13681 16778
6319 6320
16664 16670
5321 5322
9923 23318
2456 22633
15780 15781
6998 6999
13314 21054
7954 22925
9383 12991
2879 2880
22412 22413
22076 22077
11651 12819
13096 22269
662 11146
1878 21818
9238 21219
3403 3404
12422 18352
560 561
13030 13031
2185 14165
2804 2805
3326 3327
15772 15781
18767 20374
2965 9917
12005 12008
6906 6907
12919 12920
18969 18970
2839 3660
13416 19971
18219 18220
15363 15364
11096 21067
3806 10577
14450 18038
2175 20192
15082 15083
17333 22554
18506 18507
8385 8386
19770 19771
11734 11735
8086 9032
17392 17393
18400 18405
23503 23504
6111 7737
1682 1685
1632 3765
12292 12294
18055 18056
11294 11304
9011 11724
18502 18507
220 6468
1462 1463
9956 9957
1828 22393
4157 4158
8438 8439
5468 13767
16811 16812
13963 13964
18639 18640
5011 16040
20263 20264
6899 11671
14976 19409
14743 14744
3129 3792
14373 19935
15720 15724
13568 21608
22204 22206
662 9951
22642 23191
3840 3849
3058 19959
13971 16205
8348 18479
1463 1466
3858 5896
11199 11200
4522 10192
18169 18170
18106 18107
8619 23262
17921 20257
7992 7993
21083 21084
958 959
16471 19326
18998 19854
18379 18380
2156 21797
14388 14389
3341 3342
14009 14010
1012 5739
10126 10127
21266 21267
9234 17017
15696 15697
11965 11966
8612 8624
15045 16827
3259 7238
15786 15787
12633 12634
5015 12997
12806 12807
15152 22902
14028 14029
14963 14964
16191 21740
11348 11349
19418 22927
149 1580
21482 21483
582 17038
10224 10225
1765 10743
20942 20943
311 23095
9902 9903
1642 1643
18956 18957
42 347
11600 11608
17104 22251
5642 5643
449 5283
836 837
12997 19238
1986 16742
12172 19338
20686 21938
9492 9493
9289 9290
1047 1048
22044 22981
10129 17959
8065 18362
15111 15112
2219 19636
2217 19651
6143 21706
4196 7230
4234 4235
15125 20117
8934 16747
9674 18747
13413 21871
5597 5598
3635 15460
7513 7538
16760 16761
13404 20724
19292 19295
9591 9592
13018 19982
9986 9987
3985 3986
64 7573
12967 12968
114 5283
3995 6833
5959 5960
13692 13693
16876 16877
14969 14970
4325 19988
23067 23274
4186 9861
17239 17240
17472 17473
41 42
21336 21337
1024 14827
9448 23002
566 567
17882 19764
922 2839
15837 15838
23051 23052
14762 14763
21983 21984
5478 13776
20401 20402
179 180
3365 3366
2148 21742
3985 16729
359 360
11751 19317
7491 7492
21569 23533
12613 12614
15662 15665
16063 16069
5870 12625
3259 4202
1682 1684
5487 5488
11600 11607
7083 14536
17449 18512
7152 7430
2531 13795
2980 11794
19968 19969
9019 9020
15760 15761
18332 22694
2949 2950
11573 11575
3979 22566
2723 9480
13595 13596
19925 19926
4516 16529
4167 4168
17008 17012
4890 5108
11402 11403
393 17713
15334 20134
7573 15898
5764 19015
14577 14578
2755 2756
12831 12832
11937 19949
18836 18837
16287 16288
805 806
207 4998
4191 14594
17834 17835
18001 18003
18426 18427
1013 5739
993 994
16948 20844
16569 16570
17789 19230
3001 11793
16064 16069
13184 13186
15135 22689
19797 19798
16391 16392
591 3820
5053 5054
6520 10576
6306 6307
425 2257
14784 19565
2275 6501
9585 9586
17673 17682
15829 15830
1057 1058
9729 14918
12592 12593
17852 17853
21617 22319
240 241
23269 23270
4663 4664
6087 6088
13973 13979
14522 14523
1810 11411
2372 10979
4033 4034
19347 19348
18542 21272
16810 17019
7791 7792
1232 1233
16522 16523
20354 20355
16504 16505
16329 16330
5155 13728
2381 2382
2804 7246
4108 4110
11107 11108
11239 11253
2973 8176
10704 10705
10212 10213
6116 6117
17805 23379
5286 16691
18841 18842
21122 21123
22795 22796
5696 9937
9044 16912
12461 15813
7171 20869
8573 19979
1489 2381
3028 18781
4022 14187
1304 5350
10414 12206
4687 4688
11845 20618
7224 7225
17513 17515
5926 11275
12131 12132
18474 19501
17929 17930
15275 18746
12439 12440
13468 13471
4259 19806
642 22907
10034 18214
11466 11467
9439 9440
4231 14184
19547 19548
15083 15084
15960 18113
205 207
4206 4207
19843 23418
22415 22416
4432 7104
17083 17727
1802 15705
8569 23160
17500 17501
3229 3230
1900 3054
22994 22995
15699 15700
7803 16795
4526 8502
1370 1371
149 7712
16711 16712
17916 17917
1997 11966
190 191
20480 23471
8452 8456
22269 23089
21714 21715
15828 18441
12333 12439
16484 16485
49 50
10025 17099
12408 12409
7852 11369
12159 13807
8624 8625
4520 16528
8371 8372
9676 9678
14959 16338
22924 22942
8296 8297
8941 20034
12599 16962
20386 20387
2052 2055
3258 3259
18389 21009
12379 12380
12703 17835
6809 20743
7049 7050
11442 11443
9245 14489
6246 6247
5540 19917
5236 12070
2233 8112
9526 9527
9580 21210
14172 14173
14919 19801
21118 21125
383 384
16027 19785
10728 14251
14324 23191
13147 18122
7833 21256
14161 16683
21718 21719
797 798
8997 13169
14862 14863
4747 20857
576 1930
12807 12808
16898 20113
14002 21197
15532 15535
18268 18269
18004 18006
8502 16164
12066 17013
4376 4377
21508 22540
2185 14162
17528 17542
20930 20931
114 5582
130 1593
12560 12561
1428 1429
13618 23504
10800 10801
19479 19480
14428 14453
5969 6019
766 767
15167 15168
2118 15096
15583 18053
1594 5279
16397 16398
7939 7940
1186 20832
19865 19866
2055 16311
4488 16159
13172 13173
19965 20113
6897 11667
10680 10681
636 637
1672 8904
10851 10852
1064 3397
8644 8645
5803 22538
794 795
9084 17593
2933 17576
2434 2435
5842 9883
5482 10353
15169 16234
13456 13457
5117 18325
12188 12189
3220 3301
9896 22171
567 568
19078 19079
14043 14044
23017 23018
8655 8656
4926 4927
9533 17874
11899 15157
17993 18438
16412 16413
11503 18140
19922 19923
8482 8483
9454 13548
7134 15088
6940 13013
9770 9771
15561 15562
9538 9539
13681 16780
9464 19696
3836 9183
16932 22697
17864 17865
16589 16590
2125 12002
23067 23068
14285 14397
17382 21990
9444 9445
2052 11121
4270 4271
3300 14378
2237 16215
16927 22698
5127 5128
8464 10360
5396 9182
12040 14769
2272 18215
415 416
2144 4015
8922 13688
18884 18885
8660 20119
17342 17343
17015 17016
12681 12682
5935 22966
8131 9583
6833 20184
20281 20282
12431 22956
7842 7843
6833 6834
10836 10837
12848 12849
11516 22967
2631 11422
149 1584
19300 19301
19867 19868
6878 14381
19640 19642
2156 2158
18874 22989
412 2596
859 860
2113 2118
13742 13755
11207 11208
22715 22900
15725 18505
20228 20229
17495 23518
18869 21029
12641 12644
17220 17221
11252 11253
1672 8922
5416 14115
1038 1868
14161 20364
206 207
16807 16810
21023 21026
11275 11285
5975 6018
200 17576
442 2246
20877 20886
3100 3101
2794 2795
2766 8894
20691 20692
387 8388
15025 22055
18130 18132
6688 13143
13631 13632
8714 14098
20770 20771
3393 5478
16114 16119
23227 23232
13943 22364
2232 2236
5497 13366
345 7576
9500 9551
9311 9315
1839 1840
4197 4198
7115 11232
8766 8767
10571 10572
9559 9560
19174 19175
2197 2198
18168 21203
19550 22494
20312 23496
21893 22500
3550 3551
8538 17866
6022 6037
1012 3121
8031 8047
11464 11465
1786 15102
3377 10346
16708 20878
17994 22337
9044 16913
20934 20935
17840 17842
2048 8746
9707 10520
3690 10530
6979 6980
1593 8023
23249 23250
15708 15709
20549 20550
1436 17576
10772 10773
4562 4933
8439 8440
20480 20481
10203 10204
9212 17953
2354 2355
7046 7047
13018 13019
9853 17825
3976 6842
11325 11326
17619 17620
22790 22791
4491 4492
18502 18503
11884 17982
3785 10450
6063 6064
22473 22474
13420 19973
6165 6167
22777 22778
18910 21205
22866 22867
17572 19314
16402 16403
5505 5506
12107 20707
8624 21490
4710 8792
21569 21578
11367 20279
952 953
4302 4303
2700 14839
9297 9298
23135 23136
14023 22188
1670 4076
23220 23221
1685 9171
7072 19216
2716 2717
11130 18547
3380 11731
18717 18718
9893 22170
5918 22938
2546 2547
403 9763
10987 10988
20733 20734
11290 11311
11271 11272
402 6167
10283 10285
14826 14827
3989 19945
9942 9950
2335 17206
4186 4187
139 1586
4390 4391
2734 4325
13924 20004
21373 21374
340 1092
461 19222
8846 11833
16141 21957
606 608
35 9855
8919 8920
1819 2595
1454 17029
8116 8120
20120 23345
23442 23443
4162 21855
2197 18456
5285 14374
12797 12798
1662 13716
8447 8448
7951 7953
18656 18657
9453 13546
9414 11488
7504 12457
17256 19730
3605 19475
8611 19787
13550 18810
5916 21024
11976 11985
10658 11076
3282 19146
833 834
2164 21792
16160 17329
7107 7108
9046 9052
16886 16887
664 665
5946 13257
1111 12515
394 11411
1032 13711
4364 4373
8348 22253
5975 5976
16593 16594
3450 8927
10392 10393
328 7233
10661 11075
17622 17623
15186 20848
2270 2271
10384 10385
6838 17529
9973 13997
23241 23243
6939 6940
7502 7516
10994 10995
21224 21225
16020 19788
4061 19413
16748 16755
9043 9045
16142 16143
19814 19815
21305 21310
9357 9358
14503 16056
5428 5429
22580 23287
945 946
20270 20273
535 536
14253 14254
16224 16226
13153 13162
17663 23214
18054 18055
13616 22545
3387 3388
842 843
10531 15955
13942 13943
10680 15728
9008 16217
14553 14554
6812 6813
838 10859
16930 22696
4583 5745
4853 15677
17193 17194
2313 4202
12791 12792
11984 11985
3172 5185
5077 14616
20033 20035
19324 20705
4517 21441
3927 6236
11880 11881
5262 16995
8464 8486
18367 18368
8616 23260
2027 6720
4988 10444
1555 1556
4535 4540
1037 6115
8569 8570
17 1059
15097 15492
11643 11644
21807 21808
8218 8219
12707 17833
1540 20323
9573 18907
18680 18681
2268 2269
8065 9079
17483 17485
17960 22425
5911 22216
15529 15530
7794 7795
3840 19775
17 19663
7855 21557
11144 19172
8660 20118
3013 3014
9849 15507
5086 13270
22952 22963
3959 4106
620 622
477 3766
19458 19459
4112 4113
7951 19419
11752 19317
6089 6090
3985 3993
20943 20944
12409 17292
18893 21025
6850 6851
20155 20156
15725 18497
1799 4161
4470 4471
5619 13793
11234 11235
17634 17635
2361 18252
8615 8616
114 413
5121 17264
7631 21087
20523 22038
4775 20852
18434 18435
14241 14242
9556 9557
17535 22816
14233 14238
22429 23412
2145 2150
14161 14164
3219 8710
1637 14537
2185 14163
3202 5224
11138 16913
15850 15852
8431 8432
18909 18921
870 10845
20284 20285
19795 19796
2478 2480
9419 9420
9954 9959
21300 21301
5140 5141
970 971
15443 15449
6495 6511
1653 9196
6159 19222
12091 14747
12461 12462
17833 17834
15026 16072
2655 12205
11243 11244
5866 12160
13866 13867
17258 19729
22143 22888
835 836
11331 11332
15601 17134
20742 22425
11782 15331
2410 8602
5988 6017
17790 17796
6849 6850
4520 4522
14440 14452
8306 16730
15987 15992
2178 15725
4268 4269
19209 19213
18896 18897
7268 7269
11012 18820
22969 22970
4627 13510
11740 11741
7295 20786
9135 9136
11468 13502
2783 20225
11573 11574
14541 14542
18663 18665
19180 19181
1026 19956
11288 14861
4288 4307
1233 6321
7828 7830
3385 3386
5958 5959
2048 13881
18859 18888
9852 9853
2884 2885
8192 16730
3683 18242
15756 15757
18954 21705
12906 23169
12118 12119
18737 18738
4310 4311
8611 16037
19116 19117
16017 22539
13086 19281
8426 10900
11796 11809
5646 22025
246 7120
11250 11251
10393 20545
5875 12190
5632 5633
429 430
4894 4895
12822 12823
21534 21536
1590 7948
17470 19991
16205 20901
8370 14773
1877 17848
20033 20034
4207 4692
17127 17128
13888 21768
3023 18781
1325 7572
5165 5166
21729 21730
20235 21276
725 726
13281 13310
23293 23295
15616 21164
8672 22801
5896 7544
6296 7168
20838 20840
18507 18511
11815 11816
20275 20277
4833 4834
14078 14079
3861 10291
18395 21014
8380 8381
5421 5422
15655 15656
3172 5186
10899 10900
20941 22229
18558 18559
7385 7386
3040 3042
2224 2225
18026 18038
13417 13419
9405 9406
1801 15711
17765 17766
2987 20861
23290 23301
11186 11187
12109 12635
789 790
1019 1020
1393 2395
16894 16895
16766 16767
4586 18307
189 191
22653 22654
2472 2473
22830 22833
2728 2729
11318 11319
5332 5333
1436 1437
3264 6859
3577 20611
6131 6132
2164 2169
21532 21533
3430 17517
16915 19237
14280 14281
20589 20590
6860 8264
17303 17304
8338 17156
2693 2703
1015 3524
6388 6389
8001 18353
518 520
4323 4324
365 18539
18054 18057
13031 15744
14174 14177
23052 23053
16528 21442
17679 17680
381 15104
6040 22813
5703 5704
18612 18613
8597 21252
10043 10044
6108 6109
14662 14666
19086 21765
13357 22432
22005 22012
4391 4392
19793 19794
1593 8022
13229 13231
14836 14839
14147 14148
922 4465
22035 22036
16422 22012
10526 14234
10378 10379
11939 16678
6119 15449
16 1251
14040 21146
5621 13881
11285 11308
10705 10706
19936 20672
16061 16062
3259 3260
17593 17594
895 9985
12483 15400
12962 12963
15152 15153
10391 10393
18380 18381
13421 19974
3843 8818
370 12240
4651 16848
741 9107
119 16314
9943 12129
8802 8803
7155 7435
12182 12183
19936 20667
15616 21163
5909 5937
15515 17836
16416 16417
13186 13187
268 269
2080 11941
4188 14595
4799 5785
1939 1940
18543 18545
15845 15848
8414 16885
1467 1468
21274 21275
3614 5549
12054 12055
5569 5576
14381 17306
22585 22586
19345 20167
20329 21894
7238 11996
1160 1445
4561 4562
14446 19859
17430 17431
2853 7527
20838 20839
18119 19765
53 54
17217 17218
11284 18862
5918 5925
8308 8309
6038 23035
9783 9785
15198 15199
8624 16018
2876 6961
6978 7005
18240 18241
16982 16983
2984 20856
11338 17303
6028 6036
11002 11003
365 4163
13463 23307
3712 3713
20412 20413
7684 7685
18030 18031
2473 2474
8455 13529
5914 21023
16904 20339
21315 21316
23198 23200
336 1253
20345 21080
17746 22322
811 8428
9114 10109
13595 22580
1216 1482
7568 7569
19789 19800
20062 20064
22087 23349
8968 22399
19633 21901
6152 19827
12582 12583
7956 19418
130 1824
3500 3501
11918 22502
20088 22211
5181 5182
5936 18874
3155 3156
7283 19536
13237 13239
23196 23197
10023 10024
13468 13472
20587 21366
12023 12024
5137 5169
2084 18502
1310 4193
4516 16528
10 15893
7630 21086
9899 21975
4689 9485
13031 15743
3598 5812
11032 11033
17095 17097
12233 22347
2681 2687
11288 14866
25 6331
8961 22991
8895 12206
5462 5463
12341 19222
17948 17949
13449 15184
6634 7318
114 3970
9044 9045
8445 8446
10355 10356
9661 13570
9754 18653
9165 9166
1164 5001
5586 16113
11882 11883
8611 16021
18433 20553
13996 14040
342 13908
4522 22299
15037 16923
14385 14386
16532 22612
15149 18280
12921 13723
8655 15136
248 5363
12823 12824
10790 10791
5400 5401
149 1770
1232 17862
1641 7881
2002 2003
1248 1249
14376 20664
11158 20237
13376 13377
21958 22359
1253 1926
6154 6155
15782 17348
10284 19676
10015 10016
18097 22180
13976 13977
2630 2631
5533 5534
16981 16983
15589 20695
21673 22622
22461 22465
8539 9556
427 428
635 636
12884 15211
3084 3085
21520 21521
