13431 16234
9959 9960
5915 6329
9438 9439
3200 3331
1503 1504
6734 6735
6565 6566
3572 3574
11596 11597
7859 7860
2685 2686
13219 13220
7752 7753
2432 2433
564 565
8605 8606
5387 5388
8811 8812
11885 11886
8911 8912
10497 10498
9817 9818
11547 11548
11631 11632
3568 9890
11735 12258
6604 10030
1858 1859
5259 5260
6969 6970
8660 8661
568 600
1155 1156
1380 1381
1974 1975
3742 3743
11137 11210
5840 5841
10239 10240
11646 11647
843 844
4216 4217
6499 6537
9604 9605
301 1536
10257 10258
5097 5098
7019 7020
11767 11768
2797 2798
184 5975
8039 8882
13269 13270
11825 13083
1731 1732
1446 1468
1398 1399
10757 10758
3990 3991
8333 8334
4257 4719
5736 5737
12274 13414
788 4850
1439 1440
3201 3202
8010 8011
1644 1645
13273 13274
8671 13014
9800 12936
8355 8356
11706 11707
5564 5565
649 650
12094 12095
12854 12856
2133 2232
4689 4690
870 871
7189 7190
12473 12474
12041 13104
5338 9381
12079 13099
4347 4348
9149 9150
11410 11411
2175 2176
13408 13409
7539 7540
7702 9866
2089 2090
7940 7941
5969 5970
1796 6678
10638 10639
8427 8428
3840 3841
4013 4014
616 3455
1385 1386
11651 11652
11286 11861
4072 4073
6980 6981
2429 2430
687 689
4106 4107
11749 11760
5620 5621
10469 10470
10723 10724
7136 7137
4074 4075
991 1993
1664 1665
3031 3032
934 935
5647 5648
1574 1575
1134 1245
674 675
4388 4389
10632 10633
10159 10614
8525 8526
9810 9811
788 1578
607 608
5652 5653
10893 10894
9400 9401
5166 9395
12226 13389
1543 2332
1951 2059
3421 3422
7682 7683
4994 8034
6286 6287
3415 3471
3661 10079
11715 11716
11786 11787
1663 1664
2929 5030
3445 3463
7151 7152
9237 9238
9977 10646
375 376
6084 6085
5330 5331
1986 1987
3083 3084
4032 4033
4582 4583
1018 2514
7097 7098
11775 11788
7675 7676
1078 1079
1636 1637
40 41
478 479
7392 7411
625 626
2738 2739
12934 12935
2092 2093
1956 1957
7767 7768
81 82
2119 2120
8846 8847
148 234
4535 4536
2925 2926
1909 3497
1719 1720
12382 12383
1052 5548
12138 12139
1082 1095
7575 7611
9619 9620
8875 8876
11362 11363
4858 4859
3582 3583
11046 11047
3533 3534
6543 6544
5286 5287
12345 12346
1800 10319
2148 2149
10966 10967
9500 9501
1132 1245
1234 1235
352 353
2289 2290
1604 4301
11540 11541
3979 3980
679 680
8068 8069
5085 5086
9806 9807
8576 8577
872 876
8693 8694
2166 2167
4735 4736
901 902
9247 9248
2886 2887
12180 12181
3163 3164
2793 2794
1828 1832
2141 2142
3598 6642
11145 11146
9038 9039
5035 5036
2773 8267
8459 8460
7777 7778
1897 1898
7821 7822
1911 1912
3417 3471
3835 3836
8795 10550
1294 1344
860 861
3784 3785
7985 7986
9544 9545
11730 12259
5302 5303
4176 4177
7802 7803
1708 1709
2400 2475
6691 6692
4681 4682
1521 2649
1383 1384
3374 3485
3402 5996
5212 6028
1847 1848
2560 2561
4410 9422
10203 12997
7966 7967
7972 12833
8702 13007
197 198
129 130
9704 9705
6593 6594
8037 8038
1455 2876
6255 6256
2441 2442
1771 1772
10874 10875
12873 12874
551 552
10863 10865
4698 4699
11783 11784
1519 1520
9666 9667
3539 3540
9533 9534
3998 3999
1631 1632
151 8001
5241 5245
542 543
11951 11952
4374 4375
6527 11399
7049 7087
11941 11942
1282 1283
10286 10287
1670 1673
6661 6662
488 489
3053 3054
12578 12579
7181 7182
2538 8422
5992 5993
7679 7680
4287 4288
834 3296
996 4772
2543 2544
12039 13104
1596 1597
11457 13140
4811 4812
4945 4946
4070 4071
3779 3971
2169 2170
13288 13289
4875 9203
668 669
3408 3409
2260 2261
12211 12212
1957 2057
1819 1820
3388 3389
3735 3736
7172 7173
3827 3828
5229 5230
10181 11987
9013 9014
7599 7600
11230 11231
579 580
9469 9470
7503 7504
4492 6844
12143 12144
2012 2013
165 476
2400 2401
1402 1403
201 202
12550 12551
339 340
3413 3414
6851 6852
1337 1338
10454 10455
12324 12325
1782 1783
8113 8114
7522 7523
2207 2208
7483 10842
863 864
9521 9522
8785 8786
8851 8852
2479 2480
1481 1482
13259 13261
4259 12847
1866 2319
642 643
3106 3116
9223 9224
4518 4519
9755 9756
1291 1292
10437 11285
3727 3728
12223 12224
3566 3567
3090 3091
1716 1717
6508 6509
8215 8216
3570 3572
999 1000
7443 7445
11749 11750
8150 12747
5331 5332
3264 3265
3605 3606
1624 1625
8596 8597
3598 3601
6977 6978
11938 11939
7882 7930
8831 8832
881 882
1030 1031
7596 7597
10167 10168
8198 8199
6594 6595
2401 2402
9102 9103
12471 12472
5749 5750
6125 11496
112 242
10115 10116
11370 11371
5334 5335
4676 4677
1327 1328
7008 7096
4295 12416
1036 1037
5700 5701
5955 6299
4560 4561
5114 5115
122 238
11063 11064
8623 12607
10279 10280
4939 4940
6793 6794
1313 1338
2297 2538
190 192
8732 8733
12481 12482
2990 2991
8288 8289
12441 12442
8992 8993
11640 11641
9194 9195
3410 9700
11461 11462
935 936
9716 12629
3942 3943
11947 11948
3200 3201
7413 7414
1839 1840
6565 6592
7547 9894
9525 11105
1063 1064
5381 5382
3432 3433
11358 11359
516 3880
5528 5529
940 941
9455 9456
5558 13132
11559 13172
5403 9363
5213 5214
467 468
10281 10599
1306 1307
9562 9563
1933 1934
3285 7532
2580 2581
175 1864
1143 1144
4091 4092
6058 6059
2286 2287
4133 4134
8058 8059
2124 2125
12663 12664
3098 3145
11632 11633
2077 2078
8885 12976
10189 10190
2374 2479
1809 1810
12398 12399
3855 3856
10148 10149
5482 5483
509 510
258 6339
1729 1730
9926 9927
1556 1557
4170 8771
452 10564
3561 3563
9111 9112
8478 8542
3829 3830
10243 10244
7334 7335
39 9479
761 762
6060 6061
6450 6451
6384 6385
10716 10717
9714 12630
2914 2915
301 1545
3609 3610
11132 11133
299 362
10370 10371
1190 1191
2295 2296
773 774
4731 4929
5787 5788
11231 11242
5605 7491
2045 11641
6172 6173
8822 8823
2258 2259
7592 7593
11702 13097
8874 11072
9151 9152
11649 11650
658 659
4794 4795
7276 7277
7455 7456
2597 2598
59 3380
8797 8798
11582 11583
9569 9570
5067 5068
3195 3197
8801 8802
9246 9260
1293 1294
2627 11234
6403 6404
7215 7401
11094 11095
6852 8396
5982 5983
2346 2347
11344 11345
4948 4949
8698 8699
7884 7885
1651 1652
8646 8647
5373 5374
12370 12371
341 427
2971 2972
2550 2551
3765 3766
279 9416
4381 4382
6353 6354
5355 5356
2923 2924
11264 11265
792 3315
7597 7598
7341 7342
5108 5156
8604 8605
3606 3607
11030 11031
4194 4195
4140 6192
11713 11714
978 979
6735 6736
161 8023
4827 4828
4081 4082
9338 9339
1611 1612
2683 2686
4646 4647
808 811
7043 7044
9816 9817
6637 8262
2934 2935
4142 4143
2672 4588
9588 12772
8416 8417
5900 5901
6931 6932
3549 3551
5303 10359
713 714
3751 3753
2909 2910
2987 2988
4485 4486
1937 1938
4885 4886
3983 3984
9206 9207
3791 7584
11909 11910
2573 2574
1151 1152
287 288
36 6338
1366 1486
13057 13058
9798 9799
4282 12711
6361 6362
3023 3024
10991 10992
12905 12906
221 222
8457 8458
9790 9791
663 664
3409 3410
6239 9830
8422 8423
5840 12938
1813 1814
9706 9743
8024 8025
2830 2831
11702 11703
3624 3625
5650 5651
10015 10016
12128 12129
5418 5419
8544 8545
12057 12058
5407 8469
11035 11036
5868 10810
10434 10435
6685 6686
3117 3118
7785 7786
7026 7027
5875 5876
1682 10866
5923 9284
11887 11888
392 393
3054 3055
2575 2576
4442 4443
1460 2877
5081 5165
11322 11323
1268 1269
5324 9383
2281 2283
4643 4644
1453 10729
5223 5224
4286 4287
11257 11258
10828 10829
30 2835
11484 11485
9142 9143
7933 7934
3802 4027
11438 11439
11028 11029
5451 5452
4249 4250
3798 8625
11534 12686
1404 1405
4141 5802
8118 8121
10639 13094
5758 5759
4071 4072
10743 10744
1270 1273
3574 9889
4027 6229
557 558
283 284
12267 12276
6215 6216
7401 9241
13317 13318
13206 13207
9471 9472
1048 1049
11668 11669
12249 12250
6307 6308
4955 4956
7236 7388
5093 5094
925 926
12491 12492
12614 12615
3795 3796
7265 7266
10394 10395
7922 7923
8696 13008
3393 3394
10386 10387
1936 1937
8793 8794
5938 5939
10246 10247
2291 2292
5638 5639
7160 7161
2076 2077
2342 6853
4109 10412
7587 7588
2705 2719
7857 7858
3598 3599
453 10563
2221 2222
2039 11869
9610 12768
2078 2079
1670 2109
656 657
10704 10705
5904 8455
1985 1986
10706 10707
1812 1813
10481 12291
2267 2268
9732 9733
4007 4008
10199 10200
10636 13075
2008 2009
3285 7531
5819 5820
11833 11840
998 4770
2405 2406
971 972
3770 8632
10750 10751
11366 11367
3952 3953
1781 1782
12881 13366
8228 8229
2417 2472
4166 4167
7564 7565
10754 11051
1368 1486
13064 13065
1123 1124
3155 5534
6340 6341
21 3325
4617 4618
62 63
12170 13120
9803 9804
7085 10163
4439 4440
8 223
1893 1894
12290 12291
11352 11521
1917 1918
2027 11874
6088 6089
8942 8943
4687 9991
735 736
314 3611
6522 6523
198 5939
11188 11189
5470 5795
2073 2074
8069 8070
9243 9244
2341 2342
10382 10392
2418 2419
4913 4914
1320 1321
2927 2928
4316 11501
12910 12911
3862 3863
12568 13378
3576 9888
10945 10946
10292 10293
2502 2503
4364 4365
4203 8756
2083 2084
5083 5084
1156 1157
3449 5912
10686 10687
6312 6313
7251 7252
218 219
2901 2902
8783 8784
12596 12597
289 316
4964 6175
6392 6393
10678 10679
3521 3522
8402 8403
8694 8695
9957 9958
5866 8624
6264 6265
47 48
2948 2949
12155 13121
5913 12686
9710 9711
5744 5745
7718 9861
1179 1180
5325 5326
6075 6076
12632 12633
12165 12166
1960 1961
6382 6383
8223 8224
12161 12162
7673 7674
2766 8275
347 348
7911 7912
7278 11037
10589 10590
5861 5862
919 920
8673 8674
878 4753
4237 4238
1112 1113
12218 13391
4401 4402
366 367
42 43
6873 6874
2438 2439
1364 1365
3832 3833
13348 13349
5152 5153
6941 6942
7453 7454
3719 3720
787 4175
5360 5361
8688 8689
11470 13137
12646 12647
3247 3248
6318 6319
4807 4808
5988 5990
10858 10859
1494 1495
6013 6014
11460 11461
1913 4774
997 998
9507 9508
10211 10212
11849 11850
4734 4735
3607 3608
8517 8518
175 12977
3674 3675
5763 5764
2760 2766
7074 7075
2045 2046
7263 7372
7922 12886
6558 6559
5200 5201
13397 13398
3616 3617
1074 1075
11731 11732
3448 3449
4647 4648
8640 8641
8450 8451
640 641
13032 13033
6957 6958
5933 11067
2440 2450
40 9479
2127 2128
8888 12975
852 869
8703 8704
140 141
10377 10396
11481 11482
2283 10062
489 490
11259 11260
9924 9925
10476 10477
5127 5182
7969 7970
9931 9932
2025 2026
7565 7566
5590 11531
1042 6561
7080 7084
6434 6435
11231 11232
1217 11510
8665 8666
7312 7313
5876 5878
1460 1461
435 436
10427 10430
4745 4928
4379 4380
10946 10947
7319 7320
2052 2053
3171 5515
9629 9630
6249 6250
2190 2191
4902 4920
4339 4340
1297 1298
109 110
6622 6623
3343 3344
12249 12256
1220 1221
9204 9267
11552 11553
6812 11118
3852 3853
8201 8202
8570 8571
3540 3541
12465 12466
6918 6919
2955 2956
10581 10582
8505 8506
11476 11477
8922 10195
6500 6501
810 811
4342 4343
7757 7758
9442 9443
7519 7520
8497 8498
6378 6379
11896 11897
2929 2930
3847 3848
1136 1137
512 6909
12518 12519
12126 13131
10895 10896
1564 1565
150 10338
6518 6519
1915 1967
8320 13043
8338 13038
6079 6080
3600 3601
7458 7459
2177 2178
2584 2585
11594 11595
660 661
5593 5594
7346 7476
362 10578
1673 1674
2382 2383
3613 3614
12375 12376
8858 8859
10773 10774
3257 3258
7538 7539
12189 12196
10173 10174
5470 5471
2448 2449
7276 11038
7594 7595
4044 4045
8171 8172
5755 12723
4899 4900
8042 8881
84 85
764 765
3571 3572
2800 2801
629 630
6756 8398
1461 1462
1002 1003
4549 4550
1910 1969
1604 1605
4481 4482
12296 12297
172 173
8204 8205
5607 7490
8793 10551
3856 3857
4932 4977
3724 3725
10711 10712
1958 1959
6895 6896
10574 10575
8928 8929
8164 8165
22 212
7460 7461
12156 12162
3391 3500
12438 12439
2016 2017
3360 3361
2411 2412
965 966
2484 5189
7591 7592
5936 5937
9633 9634
6658 6659
7165 7166
2416 2417
6586 6621
6137 6138
1425 1426
6730 6731
2293 2294
985 988
11442 13146
9482 9483
6412 6464
9971 10336
6035 6036
3980 3981
3553 3555
4953 4954
5987 5988
5060 5061
1602 4301
7010 7011
8871 11402
4443 4466
3081 3082
5623 11507
2059 2060
960 961
12570 12571
1301 1302
4450 4465
6900 6901
2756 8268
4350 4351
6651 6652
938 939
6600 6601
1064 1065
1502 1503
8091 8092
11173 11174
6304 6305
12756 12757
9978 9979
13356 13357
6315 6316
10639 13074
11124 11217
189 190
2391 2477
12779 12780
12268 13413
8173 8174
11471 11472
4758 4759
1861 1862
9729 9730
8096 8097
4289 4290
6410 6411
1203 12642
4937 4976
655 656
568 7627
12105 12106
9150 9151
3549 6791
10635 10636
8121 8122
12491 12528
2214 2215
461 462
6713 6714
1186 4605
1595 1596
3626 3627
7421 7422
12201 13397
11490 11491
754 778
2140 2229
4259 9746
10082 10083
1376 1377
13240 13241
1703 1704
6274 6275
3741 3742
8157 8158
4994 4995
3559 3560
10586 10587
3664 10077
9600 9601
803 804
6861 6862
4490 4491
4732 4733
5773 5774
8915 10198
7737 7738
1243 1244
10566 10567
11156 11157
7257 7258
2820 2821
10908 11700
2327 2328
6375 6376
5428 9389
1264 10888
6557 6612
5438 5439
6059 6060
9024 9025
4875 4876
581 9277
6753 6754
499 4969
9621 9622
11375 11376
3982 3983
2811 2812
1560 2515
712 713
5274 5275
6961 6962
12584 12585
8630 8631
2943 2944
677 678
10808 10809
13190 13362
7176 9527
6598 6599
2339 2340
5705 5706
7333 7358
3842 3843
3357 3358
12077 12078
11251 11252
10240 10241
6349 6473
2068 2252
355 356
6474 11251
150 482
6354 6355
4739 4740
5269 10369
1221 1222
12065 13101
10472 10473
1153 1154
6496 6497
12316 12928
2570 2571
7287 7368
6115 6116
8039 8040
4082 4083
5193 5194
2970 3090
5992 6243
9064 10328
9766 9767
2834 8546
4309 4310
5118 5120
5307 5308
7772 7773
12035 13106
2557 2558
8369 8370
2974 2975
11286 11287
2080 2081
3988 3989
290 316
2711 2712
12152 12153
5423 5424
11478 11479
1905 1970
8869 8870
2355 2356
10637 10638
3987 8030
5898 5899
7470 8376
7839 7840
847 848
3928 3929
4847 4848
4906 4907
3685 3686
698 700
9425 9426
11497 11498
3046 3047
4440 4441
5006 9328
646 3005
10792 10793
802 803
8479 8480
336 337
9771 9772
1149 1150
10105 10106
3968 3969
8194 8195
800 3314
2665 2666
6899 6900
2803 2804
6453 6454
3599 3600
1554 1555
6263 7528
10090 10091
991 1992
3123 7176
2455 2456
9726 9727
790 3256
2151 2152
1284 1286
11851 11852
11331 11332
6442 6443
1995 2522
1363 1364
809 9272
5717 5718
4902 4903
4912 4918
11440 11441
13179 13180
10852 10853
3516 3517
7741 7742
6473 11418
2898 2899
4398 4399
1887 1888
1585 1586
7059 7060
7045 7046
3631 3632
6167 12924
3110 3111
8115 8116
4320 11500
808 10005
9037 9038
269 270
689 2996
3547 3549
5010 5011
10168 11990
5100 10843
11884 11885
2589 2590
12503 12541
11373 11517
8167 8168
8126 12751
9660 9661
7699 7700
8249 8250
12385 12386
4411 12922
6744 6745
9068 9069
2283 10060
10491 10492
303 1488
4068 4069
1725 1726
4242 4243
9104 9105
1860 4970
6092 6093
6708 6709
4151 4152
518 519
3364 3365
2672 4589
3873 3874
1422 1423
1520 1521
8853 8854
3378 3379
3710 11996
10881 10882
5096 5097
926 927
13249 13250
1802 4974
9716 9717
11007 11008
12005 12006
10188 11985
911 912
12911 12912
5328 5329
1955 2058
10260 10261
13263 13346
5523 5524
3162 3163
6101 6102
5839 5840
13272 13273
12015 12016
7346 7347
2074 2075
1372 1373
12508 12509
9409 9410
8622 8623
6702 6703
2528 2529
13270 13344
5610 5611
6039 6040
838 839
7694 9870
1959 1960
3780 3970
883 884
2460 2471
11137 11211
4523 4524
9209 9210
2053 11633
1677 1678
2499 2500
7437 13115
13326 13327
12846 12919
3903 3904
257 258
9115 10095
2469 2470
1456 2875
9059 9060
10133 10134
4573 4574
2870 6193
5612 5613
1850 1851
1491 1492
7009 7010
8361 13024
10726 10727
3705 3706
8059 8060
2562 2563
3067 3068
2419 2420
968 969
7240 7241
3618 3619
13002 13003
2015 2016
2731 2732
5565 5566
8219 8220
1904 1905
10231 11048
9691 9881
782 783
11709 11710
7859 7881
6824 6825
1651 11996
7271 7272
7221 7222
2910 2911
13071 13072
12010 12011
5318 5446
11618 11619
3340 3341
4059 4060
757 758
4730 4731
2131 2132
10022 10023
4827 5851
7495 7496
6872 6873
1401 2905
1785 1786
6964 6965
2435 2436
4558 4559
732 733
3658 3659
2788 2789
10689 10690
1822 1823
1275 4603
11384 11385
5433 9385
6557 6558
7917 7918
7401 7402
1361 1364
3627 3628
12509 12540
9525 9526
955 956
391 392
7050 7051
12643 12644
4200 4201
7456 7457
1951 1952
7882 12165
2924 2925
9758 9759
3673 3674
727 728
2791 2792
3433 3434
13299 13300
13124 13125
1161 1162
9073 10631
11917 11918
7483 7484
8088 8089
7855 10958
3274 3275
4573 5846
12380 12381
6946 6947
6721 6722
2376 2377
9874 9875
6437 6438
10144 10145
857 858
11948 11949
2743 2744
966 967
693 694
1011 1012
2254 2255
5815 5816
6473 12755
6573 6574
13155 13156
4760 4761
3783 3784
2582 2583
8662 8663
6475 9147
7287 7367
5464 5493
1658 1659
3527 3528
3710 3711
4119 4120
1446 1447
6869 6870
6663 6664
8317 11995
9117 9118
4479 8444
305 4956
38 4723
13309 13310
2045 11680
1706 4110
7080 7085
8238 8239
1119 1120
5584 5585
153 154
10251 10252
6091 10834
3887 3888
1737 1738
3116 3125
4449 4450
8899 12963
4838 4839
10803 10804
8712 8713
9576 13380
8006 9858
9352 9353
5322 9383
12153 13122
1311 1312
9833 9834
1191 2635
6970 6971
6939 6965
11836 11837
1933 2063
2368 5241
13284 13340
9138 9139
3883 3884
11244 11312
11219 11220
8995 8996
4672 4673
11748 12252
7000 7001
7806 7807
4219 4220
8650 8651
2916 2917
6802 12420
12872 12873
1840 1841
148 264
8335 13039
11104 11105
2411 5207
5043 5044
3768 8633
281 282
198 200
1761 9746
10403 10406
12897 12898
9321 9322
11048 12403
5815 10517
12395 12396
176 1865
13159 13160
4559 4560
307 2110
7493 7494
13200 13359
12571 13376
6086 6087
3052 3053
5667 5668
10855 10856
10485 10486
2113 9529
11818 11819
5170 5171
5254 5255
4677 4678
1539 1540
11577 11578
7034 7089
2022 5544
10555 10556
10460 10461
3114 3115
703 7424
3108 3109
5654 5656
7857 10958
6528 6529
9740 9741
5273 5274
517 4954
4322 9998
1191 1192
1181 1182
8598 12636
1517 1518
147 148
12039 13105
6064 6065
2483 2484
12904 12905
1581 1582
10779 10780
4888 4889
7753 7754
3771 3772
11847 11848
8330 8331
7685 7686
2915 11490
5887 5888
10768 10769
1179 1181
6652 6653
2297 12638
5979 5980
8516 8517
2089 2242
9917 10656
6140 10831
2772 8270
8000 12824
723 724
8657 8658
11626 11685
260 5976
7536 7537
8125 8126
6252 6457
4836 4837
350 351
608 609
4255 4261
4556 4557
10045 10046
5045 5047
1603 8390
2715 2716
12049 12050
2029 11874
12061 12062
2253 6936
6704 6705
4407 4408
12825 12844
6069 6070
3428 3468
3538 3539
3426 3468
10262 10263
9025 12984
4844 4845
9716 12628
11708 11709
2983 2984
5248 5249
4567 4568
10430 13116
3405 3406
4047 4048
1236 1237
3044 3045
12569 12595
932 933
7501 7502
6686 6687
790 791
7851 7876
409 410
7733 7800
13244 13245
7313 7314
8593 8594
10791 10792
5435 5436
1326 6914
10639 10640
6769 6770
1022 2513
4095 4096
4696 4697
5748 5749
6293 6398
3173 3174
2464 5545
10249 10250
2603 2604
1898 9786
3386 3387
8254 8255
5463 5464
10081 10082
12173 12174
12780 12781
137 235
6418 6419
955 983
7430 7431
6707 6708
6748 6749
5659 5660
9245 9246
3680 10065
7761 7762
6071 6072
545 546
4461 4462
5016 5017
11757 11758
3594 3598
3155 3156
1938 1939
5327 5328
2838 2839
12357 12358
1 2
13216 13217
10698 10699
8211 12295
1887 1978
4496 4497
6107 6108
2042 2043
2308 6161
11151 11152
11001 11002
1905 3341
8696 8697
5666 5667
5744 12727
7229 7230
4834 4835
2481 6985
612 7624
13176 13177
892 893
1071 1072
10909 10910
8043 8124
9735 9736
9236 9261
10376 10377
10019 10020
1560 1561
1877 1878
5871 10812
981 982
13279 13342
6114 6115
7542 7543
11746 12252
10718 10719
4159 4160
11321 11322
10898 10899
8890 8891
11372 11373
671 672
11182 11190
8364 8366
1371 1372
9447 9448
10089 10090
2890 5956
5820 5821
2022 3616
11833 11834
1728 1729
3657 3661
5222 5223
5261 5262
7028 7029
10499 10500
9083 9084
7990 7991
4797 4798
820 5634
13128 13129
1390 1391
8886 8887
9561 9562
3555 3557
1542 1543
56 57
6904 6905
4572 4573
1959 9055
2108 2109
2570 2622
11535 11536
10525 10526
8873 8874
11790 11791
4004 4030
9008 9009
6891 6892
1008 1009
427 10053
4981 4982
6755 6756
5986 5987
8232 8233
6238 6239
12552 12553
9566 9567
4832 4833
2928 3650
9047 9048
10971 10972
1929 1930
3889 3890
73 74
7040 7041
2583 2584
4933 4934
13065 13066
3285 3286
12006 13100
7448 7449
1369 1370
6331 6332
12434 12496
3310 9274
6461 6462
599 606
2893 2894
11939 12678
5215 5216
428 3708
9248 9249
1826 10312
4035 9972
9739 9740
2424 2425
6752 9657
4759 4927
2351 2352
341 342
5946 9282
6865 6866
12314 12315
1399 1400
11763 12245
1326 1327
4589 4590
1052 6549
5365 9375
12103 12104
524 525
4372 12923
49 3498
9556 12543
4255 4256
3841 3842
10100 10101
7540 7541
9063 10329
8409 8410
7931 12842
6884 6885
9967 9968
1513 1514
1089 1090
12026 13078
150 6916
5195 5196
9792 9793
10903 10904
13232 13233
6541 6542
7541 9896
8692 8693
2415 2416
4226 4227
6779 6780
11634 11635
5718 5719
4621 5464
4252 4253
6728 6729
311 1673
456 457
12066 12067
6288 6289
4978 10816
1748 1749
1707 1708
6700 6701
8152 12745
10864 10865
11266 11267
10781 10782
13237 13238
9075 9076
6837 6838
483 484
456 5339
2273 2274
11845 11846
13053 13054
321 420
4833 5848
5100 5101
4116 4117
12365 12366
1499 1500
5833 10509
4835 4836
3796 7608
11186 11187
3634 3635
13191 13192
10918 10919
10233 10234
3195 3196
4685 12887
3146 3147
12029 12030
8162 8163
6733 6734
3719 3940
4224 4225
25 26
2792 2870
8345 8346
3205 9178
10799 10800
1449 1450
4482 4483
302 1488
9854 9855
6919 6920
21 799
12075 12076
5109 5110
3352 3353
2925 3810
13204 13358
8527 8528
7784 7785
7583 7584
2030 2031
5336 5337
5300 5301
4978 10815
10087 10951
4583 4584
11040 11254
7612 7613
6439 6440
4695 4696
9313 9314
1178 1179
7576 7577
7060 7061
10771 10772
1444 1445
8520 8521
3021 3022
2158 2159
12196 13400
127 128
4408 4409
972 973
11142 11143
3020 3021
3127 3128
504 505
176 1284
11256 11257
2056 10331
5923 5924
1000 4767
1788 1789
5191 6981
10161 10614
6643 6644
7923 12843
1792 1793
5832 10510
6291 6331
12053 12054
13282 13283
518 11525
9134 12600
381 382
13320 13321
10896 10897
4654 4655
4620 4621
12476 12477
5339 5340
8053 8054
5716 5717
4191 8758
967 968
12158 12159
403 404
29 210
3651 3652
4120 4121
1454 1455
2366 2367
11963 11964
6436 6437
8584 8585
5090 5091
11822 11823
288 289
490 491
779 780
2506 12717
11113 11222
3975 4040
5930 5932
9168 9169
6445 6447
10238 10239
2167 2168
2613 2614
11769 11816
4058 4059
4886 9239
12220 12221
2957 2958
6642 8426
11660 11661
77 78
10736 10823
11324 11325
5711 12739
3794 3795
8713 8714
7443 7444
1984 1985
538 539
11598 11599
2046 2047
4485 6846
6687 8412
12234 12235
8051 8052
6178 6179
6367 6368
6850 8396
1798 1799
1206 1207
1565 1566
9129 9130
12046 12047
878 5803
7147 7148
2275 2276
12902 12903
7830 7831
1116 5776
4868 4869
11664 11665
2881 2882
5574 5575
1780 1781
5416 9392
5721 12736
11227 11228
533 4459
4428 4429
1323 1325
3252 3316
8797 10549
9033 9034
8350 10906
4814 4815
2749 4762
4425 4426
451 452
4345 4346
5190 6935
1800 10320
6290 6400
9060 9061
11562 11563
548 549
686 687
8110 12942
1969 3654
4382 4383
7948 7951
1010 1011
8331 8332
7770 7798
5039 5040
11906 11907
1916 1917
4641 4642
7209 7210
13182 13183
10503 10504
11955 11956
1920 1921
12525 12526
301 9819
13261 13262
8259 8260
1775 4528
3452 3453
118 119
1727 1728
5155 6790
9119 9120
13185 13186
10745 10746
4506 6840
6233 6234
4631 4632
13403 13404
2543 4608
93 94
12425 12426
4923 9159
1726 1727
11159 11160
2361 2362
1906 1969
6037 6038
2968 2969
13428 13429
5550 5551
3254 4871
2218 2219
11172 11173
1736 1737
10788 11056
5930 5931
10623 10624
11963 12670
3788 3789
10444 10445
4870 4871
11036 11037
6408 6409
8430 8431
397 2348
6461 7258
11549 11550
3570 3571
14 15
695 696
9043 10198
7397 7398
12149 12150
9199 9200
8338 8339
6770 6774
9609 9610
7061 7062
2297 4964
1543 1544
5474 5475
12947 12948
5672 5673
692 2996
4706 9989
3132 3133
9435 9436
7015 7016
7392 7412
1054 1918
3219 3220
11961 11962
6665 6666
10829 10830
6616 6617
5828 10511
2877 2878
517 3921
7775 7776
8287 8288
10853 10854
2964 2965
11539 11540
11515 12313
1179 1265
681 682
303 1489
6592 6593
6181 6182
5025 5026
4211 4212
2553 2554
1288 1289
9511 9512
6903 6904
1804 1805
6083 6084
8108 12943
1919 2320
8040 8041
3085 3086
6815 6816
3210 3211
9814 12931
1908 1909
3417 3418
11421 11422
1635 1636
5653 5654
6757 6758
10762 10763
12878 12879
3251 3252
5376 9374
9664 9665
6859 6860
1745 1746
6633 6634
11661 11662
121 122
4242 4264
8790 8791
2173 2174
13238 13239
5614 7489
999 4768
11848 11849
4895 4896
11999 12000
1360 1361
3101 3293
3965 3966
9922 9923
8188 8189
8297 8298
8435 8436
788 3259
3253 3254
1910 3337
2014 2015
6723 6724
214 3323
9536 12811
7957 12836
1463 10738
4154 4155
351 425
4805 9658
10095 10096
8562 9783
1668 1669
8308 13046
11641 11680
980 981
2098 2099
378 379
768 769
6483 6484
2489 2490
9039 9040
7244 7245
3874 3875
10282 10283
2748 4759
512 6908
9805 9806
12078 12079
9239 9240
11654 11655
2256 8728
2946 2947
8685 8686
12265 12266
11376 11377
4983 8037
10231 10232
1681 1682
3149 3150
12242 12243
10823 10824
5602 5603
4471 11281
3362 3491
8063 8064
8721 13000
5933 11066
2791 4139
8812 8813
12111 12112
8018 8019
9124 9157
2344 6855
3414 10950
7143 7144
6903 8384
1980 1981
7860 7861
5314 5315
6675 6676
2270 2271
1216 1217
3430 3431
1557 1558
9468 9469
10482 10483
3676 3677
561 562
5520 5521
9910 9911
4294 4295
1254 2628
9542 12801
11580 13160
5110 5111
11008 11009
10869 10870
9703 9704
6959 6960
5218 5219
1287 1288
702 2995
2759 2773
8086 8087
5714 12738
8645 8646
8577 8578
11274 11275
9914 10656
2036 2037
1092 1093
8551 8552
2000 2001
1028 1029
9745 9980
12065 12066
8050 8051
3529 3530
4375 4376
90 91
1290 8016
11733 11734
6351 6352
38 39
456 9381
13092 13093
942 943
5023 5024
7760 7761
3213 3214
1862 1863
7318 7359
8197 8198
1152 1153
1091 5871
11591 11592
5622 5623
7429 7430
4950 4951
6975 6976
5407 8470
7790 7791
1281 1282
8600 8601
13242 13243
699 10983
1495 2652
546 7640
6367 11417
10341 10342
12136 13130
811 9274
1958 2056
8467 8468
11200 11201
5269 5270
8699 8700
5206 5207
5501 5502
2102 2103
3876 3877
6216 6217
13278 13279
1609 1610
11002 11003
8352 8353
5674 5675
2310 2311
8116 8117
2214 2223
1968 9639
1699 1700
238 239
7928 12167
5549 5550
9405 9406
951 952
7953 7954
7131 7132
5135 5136
5398 5399
11333 11334
1166 1348
12192 12193
7700 7701
3106 3117
11977 11978
3138 3139
7664 9751
5850 5851
3098 6017
10701 10702
3151 3152
1588 1589
11643 11644
11570 11571
6968 6969
1813 10316
2594 2595
586 587
7670 7671
6430 6431
6134 6135
6942 6943
9161 9162
6893 6894
3625 3626
9090 9091
12506 12507
1648 1649
1587 4303
1415 1416
3804 12637
10634 10635
6432 6433
9542 9543
8895 8896
8504 8505
8229 8230
5909 5910
3289 9800
1793 1794
7100 7101
2427 2428
8004 8005
7786 7796
9811 9812
9520 11075
582 583
4503 4504
10809 10810
8496 8497
7437 7438
11761 12246
10233 12409
12104 12105
3728 3939
7466 7467
592 593
8710 8711
10493 10494
11748 12251
3428 3429
4251 4252
2472 7465
7505 7506
573 574
9216 9217
11883 12660
8878 8879
11463 11464
5738 5739
5078 5079
7163 7184
1542 1996
7133 7134
5052 5177
1924 1925
9202 9203
6727 6728
11722 12058
5143 5144
9690 9691
9293 9294
9671 9672
11736 11737
1819 10314
11451 11452
6372 6373
5629 5630
12168 12169
7972 7973
11806 11807
7742 7743
8492 12699
11927 11928
9519 9520
8918 8919
4334 4335
6208 6209
2675 2676
12576 12577
8081 8082
4397 4398
1935 1936
10297 10595
9994 9995
2821 2822
3189 5500
6504 6505
7214 7215
4799 4800
2049 2050
344 345
3756 3757
2420 2421
8344 11993
3874 3924
6276 6277
8152 12746
992 1991
9012 9013
811 812
7744 7745
2257 2258
3597 3598
7180 7181
833 3302
4859 12710
3202 3203
4535 10648
6710 6711
10877 10878
1576 1577
5342 5343
437 10060
1696 5407
10576 10577
5280 5282
692 693
10999 11000
1437 1473
1443 1444
8318 10219
3681 3682
947 948
3443 3444
529 530
5741 5742
7541 7542
9341 9342
8994 8995
5443 5444
6469 6470
5020 6165
3076 3077
4353 4354
2052 11642
2561 2624
1915 4608
526 5920
9955 9956
8172 8173
11635 11636
9118 9119
12883 12884
865 866
1911 1916
10932 10933
11131 11132
7578 7579
3563 9891
5422 5423
11382 11383
6143 6144
3825 3826
4722 4723
7198 7418
8011 8012
11622 11687
7524 7525
10697 10698
2116 2117
6301 6302
6549 6551
3369 3370
7554 7555
1171 1172
2193 2194
10344 10345
8861 10525
2597 2610
305 1490
12431 12432
6794 6795
8275 12955
3953 3954
2664 2665
8643 13020
180 181
931 932
9504 9505
580 581
2492 2493
7998 7999
12474 12475
11795 11796
5089 5090
8346 8347
11707 11708
9721 12620
3214 3215
6523 6524
6472 6473
3678 10066
3441 3442
11064 11065
8242 8243
10668 10669
10758 10759
83 246
1508 1509
6859 8393
7771 7772
1693 1694
7205 7206
5345 5346
4265 4266
979 980
10603 10604
4336 4337
173 174
8209 12715
1665 1666
2291 2539
2301 2302
4161 4162
8658 8659
3244 3245
2548 2549
11773 12244
11588 11589
11472 11473
4721 5695
12233 12234
12133 12134
2430 2431
905 906
6477 6478
2767 2768
10712 10713
9240 9241
2656 2850
4322 9999
10724 10725
10270 10271
10432 10433
12512 12513
10321 10322
4122 5108
117 240
5554 5555
12390 12391
5913 6300
7073 7074
3196 6276
391 2348
11561 11562
4365 4366
9961 10651
5571 5572
5668 5669
2161 2163
4362 4363
6639 8263
1134 1135
4122 6159
13400 13401
1675 4296
5048 5049
3227 3228
5141 5142
4666 4667
7045 7088
8669 8670
6206 6207
8343 8344
4544 4545
1251 2605
780 781
11336 11337
6636 8260
11487 11488
3033 3034
11889 11890
4940 4941
1274 1275
8050 11855
9011 9012
9308 9309
2211 2212
13168 13169
7676 7677
7275 7276
11022 11023
6449 6450
7713 7714
7496 7497
5045 5046
4341 4342
11023 11024
8612 8613
5994 5995
3069 3070
7738 7739
461 2500
729 730
6470 11419
1182 1266
943 5805
4556 7129
11261 11262
8126 8127
6754 6755
8365 13023
1875 1876
1702 1703
4181 4182
7462 7463
12972 12973
6014 6016
11162 11163
11958 11959
7835 8562
2254 8985
11750 12251
6166 6168
12062 12063
725 786
7052 7053
8075 8076
6175 11589
12412 12413
12561 12562
12329 12330
5881 5882
3233 3234
789 2848
2357 2358
4117 6159
730 731
11146 11147
11394 11720
1006 1007
10113 10114
10676 10677
1210 1211
8300 8301
8283 8284
5050 5051
7909 7910
4012 4013
11628 11685
3603 3604
3853 3854
10136 10137
12684 12685
3058 3059
6966 6967
4107 4108
3164 3165
182 183
10544 10545
1832 1833
2142 2143
150 9860
4479 4480
13226 13227
634 635
1080 1081
1784 1785
3645 3646
10933 10934
8849 10528
157 158
10766 10767
7534 7537
2496 5185
10669 10670
8856 8857
11949 11950
6231 9830
422 423
2274 2275
8711 8712
8810 8811
9960 9961
2819 3401
10400 10401
144 146
4635 4636
4295 10857
2436 2437
12046 12051
10123 10124
3422 3469
9715 12629
8401 9100
4670 4671
4267 12863
11359 11360
1568 1569
2744 2745
7877 7878
276 296
6695 6696
1365 1366
12552 13380
742 785
6910 6911
9958 9959
6519 6520
7661 7662
8077 8078
6252 6456
5891 5892
10231 12406
2920 2921
3402 5998
810 9274
5279 5280
3125 5587
5874 5875
5076 5077
9076 9077
9433 9434
1772 4529
2453 2454
10692 10693
8354 8355
12475 12493
11017 11018
8809 10546
3382 3484
2003 2004
4890 4891
4964 8042
11830 11831
5591 11530
1483 7601
513 3921
7902 7903
4575 4576
1840 10310
1834 1835
3660 3661
8169 12743
12604 12605
1687 1688
13308 13309
6 224
7030 7031
6711 6712
3759 8634
7441 7442
2058 9054
9902 10661
1912 9785
229 5940
2366 5246
1295 1296
3897 3919
12894 12895
8350 10907
3096 11489
7497 7498
6639 8264
8475 8476
1639 1640
10210 11977
5298 10360
10862 10863
12617 12618
11586 11587
4986 4987
9470 9471
907 908
8734 9089
2654 2655
3884 3885
5256 5394
6391 6392
5815 10516
6358 6359
670 671
470 472
4607 4608
1049 1050
4593 4594
2707 2708
9369 9370
1942 1943
7686 9747
10628 10629
1563 1564
2537 2538
8183 8184
6273 6274
8849 8850
9558 12792
6133 6134
6635 8259
4099 4100
7078 7079
5924 5925
8127 8128
6110 6111
6559 6560
277 295
12172 13120
9172 10003
10295 10596
5607 5608
1722 1723
7669 9750
1914 1968
9204 9205
12480 12481
10688 12921
11840 13080
2452 2453
10922 11694
5899 9936
484 1417
7260 7261
5794 5795
10383 10384
10832 11499
2999 3000
4102 4103
10165 10166
5137 5138
9954 9955
9476 9477
5006 5007
10800 10801
8503 8504
8204 12310
12702 12703
13255 13256
5226 5227
6597 6598
4733 4734
1527 2648
12512 12539
7754 7755
276 277
1119 7682
5988 9827
12906 12907
11392 11393
3846 3847
3584 7538
9176 9177
10939 10940
1433 8382
9644 9645
7196 7197
10782 10783
10902 10903
1312 1313
2259 2260
5766 5767
1948 9052
356 424
7589 7590
5966 5967
7851 7852
7569 7570
789 3258
12533 12534
1423 1424
11954 12672
8588 8589
6722 8407
11931 11932
9966 9967
10561 10562
1757 1758
1033 1034
9581 9582
12299 12300
9953 9954
6293 6294
6636 6637
4467 11026
2134 2135
1810 1811
1695 4295
4090 6161
210 7478
13178 13179
12076 12077
11466 13138
8729 8730
11197 11198
12963 12964
12154 12162
2688 2689
2895 2896
10153 10154
1927 1928
5717 13368
8557 8558
2071 9052
4514 4515
11447 11448
13202 13203
7712 7713
6052 6053
6806 6807
852 870
5214 5215
1460 10734
3636 3638
4852 4853
11921 12683
8555 9837
3168 3169
11850 12262
306 307
3399 3400
1318 1319
5837 5838
7739 7740
11034 11035
1572 1573
1085 1086
9502 9503
12536 12537
12146 13126
11918 12649
7833 7834
10183 11987
2481 5190
7036 7037
4841 4842
7042 7043
6874 6875
4494 4495
10931 10932
1415 1478
11800 11801
6866 6867
4675 4676
8842 10533
316 407
11176 11177
2916 3096
4140 10036
8340 8341
7327 7328
5892 5893
3898 3918
13314 13315
1769 1770
3481 3498
8735 9090
11964 11965
7486 7487
1116 4547
8107 8108
5637 7483
3525 3526
614 615
11639 11640
763 764
12086 12087
8893 8894
2039 11868
5522 5523
7894 7895
4400 4401
7248 7249
11782 11783
1913 4773
6457 12754
363 364
11000 11001
9016 12987
2821 10586
5057 5175
291 292
2274 9095
7936 7937
498 499
195 196
9331 9332
8309 8310
7454 7455
6787 6788
1164 1349
8682 8683
7365 7366
4054 4055
5740 12729
73 76
5569 5570
6930 6931
11276 11277
8163 8164
5231 5232
5361 5362
2670 2671
10400 10407
2195 2196
12551 12552
2198 2225
282 283
2657 2851
3027 3028
8873 11069
13214 13215
1161 1350
6718 6719
8585 9777
7270 7271
6319 6320
2024 2025
5321 5322
4981 8037
8168 8169
11293 11315
944 989
2449 2450
13058 13059
5683 5684
10100 10621
5183 12718
4077 4078
10241 12360
5059 5060
13059 13060
7946 7947
5250 5251
648 649
9560 9561
2186 2187
4664 4665
3583 9886
6503 6539
289 291
4668 4669
1301 1343
3662 3663
179 180
12625 12626
4326 4327
8589 8590
7289 7290
7404 7405
9619 12766
6366 6367
2506 2507
10975 10976
601 602
9329 9330
8028 8029
12176 12284
11956 11957
7961 7962
6867 8391
4891 4892
9757 9758
4193 4194
617 618
9459 9460
7201 7202
2669 2670
2066 2067
2371 2372
8196 8197
9473 9474
9963 10651
12063 13101
3898 3899
8212 8213
516 6029
2343 6853
549 550
1771 7564
4463 4464
11185 11186
5993 6000
3262 3263
7765 7766
6950 6951
8156 8157
4938 4939
1452 1453
5923 11063
4854 4855
8323 13042
5294 5295
10368 10369
10265 10266
10993 10994
872 874
5752 5753
1583 1584
8578 8579
2434 2435
6647 6648
9205 9206
1461 10734
7938 12837
9359 9360
6359 6360
5224 5225
11647 11648
4368 4369
7572 7573
6105 6106
11590 11591
10259 10260
10412 12360
10209 10210
9713 12632
9108 9109
10896 11701
12430 12431
5961 6011
12892 12893
4291 10858
1202 1217
5230 5231
7345 7346
4090 4091
6387 6388
4277 12712
10232 10233
12068 12069
9134 9135
12028 12029
3425 3426
9385 9386
7566 7567
5493 5494
7338 7339
30 31
6407 6408
6044 6045
8858 10526
1906 3340
3892 3894
6749 8403
634 640
9182 10001
7921 11788
5562 12285
3588 3590
2554 2555
2505 2506
4992 8034
11904 11905
1114 1115
8661 8662
9795 9796
3780 9979
11774 11817
1828 1829
8191 8192
10847 10848
10528 10529
2969 2970
13205 13206
8787 10554
8089 8090
13308 13332
150 517
11468 11477
10663 10664
2001 2002
4005 4006
4349 4350
10145 10146
1694 1695
5379 5380
11377 11378
11903 11904
1652 1653
3930 3931
10401 10406
2104 2105
8207 8208
13295 13296
12226 12227
10675 10676
9491 9492
7696 7697
3116 6344
5680 5681
10778 10779
816 9251
9723 9724
5066 5067
1163 1164
7580 7581
1262 1263
4704 4705
6351 12755
11120 11121
10865 10866
12038 12039
1100 1101
119 120
1492 1493
12436 12496
9121 9122
79 80
3726 3727
11143 11144
6929 6930
1192 1193
11613 13149
8419 8420
8949 8950
2978 2979
5005 9333
10168 11991
3694 3695
4801 4802
13254 13350
7558 7559
12059 12060
4093 6160
5205 6984
8106 8107
8905 8906
2114 2115
13139 13140
5747 5748
2342 2343
5972 5973
5586 6344
8571 8572
3088 3502
59 60
1610 1611
10788 10789
7007 7008
1952 2250
3936 3937
1277 10890
9497 9498
13048 13049
5547 6553
6904 8384
11800 11816
11388 11389
10114 10115
590 591
7415 7416
3972 4041
5621 5622
8533 8534
7707 9864
6535 6536
8400 9099
4127 4128
11998 11999
11045 12398
3149 3152
6871 6872
743 744
3585 3586
2026 2027
6091 6092
8651 8652
2880 2881
6413 6414
2926 2927
1467 10727
832 833
3962 10666
9048 9826
5284 5285
3368 3488
2404 2405
328 329
4002 4003
12246 12247
3237 3238
1616 1617
9661 9662
4083 4084
7183 10623
796 797
9816 12931
10013 10014
6577 6578
2795 2796
10254 10255
12087 12088
5990 6001
5790 5791
1453 1454
12115 12116
152 482
4486 6845
9570 9571
8129 12059
534 535
3781 3782
7446 7447
3592 3593
5573 11073
8641 8642
11112 11223
343 344
39 258
5746 5747
2051 11863
416 4491
11339 11340
3149 5536
1613 1614
4998 10625
7990 12830
8664 8665
6082 6083
10872 10873
6443 6444
5730 5731
921 922
8736 8737
1035 1036
3009 3508
6496 6540
5588 5589
2735 2736
12489 12490
2913 2914
4685 10177
11169 11170
9982 9983
4011 4012
7057 7058
1227 1256
2753 2754
2695 2696
284 285
5812 10518
3414 3415
1549 1550
7873 9423
8750 8751
5823 5824
6175 8042
594 595
9499 11081
12148 12149
1949 2250
5615 5616
11764 11765
7697 7698
1835 1836
9171 9172
7913 7934
6568 6569
13330 13331
4621 5492
11564 11565
2039 2040
817 3307
9104 9655
6425 6426
7780 7781
4498 6843
3580 3581
45 46
8462 8463
5967 5968
371 372
5290 10366
7728 7729
9327 9328
4261 12850
8344 10223
8463 8464
11486 13134
3746 9898
9020 9021
10128 10129
4340 4341
11329 11526
1226 1227
8807 8808
483 1477
75 76
9545 9546
6122 6123
646 647
4094 4095
10579 10580
3589 12311
7711 9863
1997 1998
3075 3076
2264 2265
1529 1530
44 45
3899 3900
7751 7752
1060 1061
3848 3849
5842 5843
1965 9058
11103 11104
7794 7795
7321 7322
175 1863
2760 11527
6524 6525
1825 1826
6441 6442
1406 1407
13287 13288
11738 11739
3063 3064
5941 5942
4123 4124
2788 6193
9219 9220
3484 5600
804 805
1674 1675
10489 12288
12159 12160
9663 9664
4149 4545
1426 1427
11924 11925
1567 1568
11772 11773
3448 5912
12888 12889
9175 9176
7748 7749
11948 12673
9565 9566
5866 8592
8019 8020
8723 8724
4293 4294
6832 6833
8974 8975
5144 5150
4378 4379
12477 12478
2722 2723
7408 7409
5759 5760
7222 7223
11121 11122
4692 4693
11270 11271
6136 6137
8373 8374
5372 5373
4210 4211
10146 10616
6455 6456
5376 5377
11604 11605
12440 12441
563 7638
877 878
12215 12216
2823 2824
7472 7474
8348 8349
2154 2155
3671 10070
3709 3710
12264 12265
12432 12433
10082 10245
8 12708
485 486
1757 4534
4139 10034
1808 1809
3656 10243
2262 2265
5082 5083
15 16
10278 10279
10430 10432
5563 5564
996 997
11044 11045
7980 7981
9184 9185
3512 3513
3618 5543
1417 1477
9197 9270
5808 5809
12709 12710
821 5633
9790 12937
5118 5119
846 847
5171 5172
2710 5479
8899 8900
4423 4424
2306 2535
9718 9719
4936 10813
7298 7299
1686 1687
4493 4494
4978 5008
4164 8773
4424 4425
11180 11181
2164 2165
2777 2778
2203 2204
4195 4196
2905 3510
1125 1126
289 4527
2112 2113
6369 6370
2408 2474
7910 7911
1749 4539
872 875
2644 2645
6513 6537
12511 12512
1872 1873
8012 8013
4151 11237
11444 11445
11827 11828
5615 7489
3561 5873
8150 12746
11939 11940
10207 11979
517 5239
5636 5637
6569 6570
103 104
6689 6690
6509 6510
7375 7376
4186 4187
9494 9495
4051 4052
6666 8423
11969 11970
4660 4661
4806 4807
11796 11797
3991 3992
4049 6165
2847 8543
5641 5642
3761 3762
4179 8763
69 70
6874 11454
8486 8487
8021 8022
11602 13152
11468 11475
10188 10189
1071 1102
8835 8836
1330 1331
4566 4567
8478 8479
11038 11039
5169 5170
2713 2714
3879 3880
8245 8246
8861 8862
3345 3346
2425 2426
3184 3185
7528 7529
2678 2681
8220 8221
5032 5033
13416 13417
5358 5359
6470 6471
9324 9325
184 185
4699 4700
4329 4330
9445 9446
7262 7263
5826 5827
13259 13260
6633 8256
2878 2879
3851 3852
10693 10694
8368 8369
2829 2830
4493 6844
3843 3844
8078 8079
9930 9931
2888 2889
7443 8379
8522 8523
11726 11727
4931 11062
3578 3579
2075 2247
428 3709
8200 8201
13040 13041
6298 6329
6144 6145
11826 11827
3196 3197
2375 10480
175 176
12487 12488
6376 6377
4084 4085
828 829
4448 4449
1998 1999
8317 13044
5554 6554
5436 5437
4837 4838
3043 3044
3308 9257
8241 8242
122 123
3722 3723
2794 2795
7383 7384
6019 7875
7750 7751
1488 2111
6740 6741
5678 5679
3050 3051
7392 7393
6807 6808
376 377
8231 8232
12050 12051
10494 10495
385 386
5094 5095
10873 10874
7808 7809
1256 1257
6828 6829
6637 6638
5315 5316
10055 10056
2826 2827
4741 4742
1896 1897
8552 8553
1779 7602
4784 4785
11391 11392
5439 5440
5121 5122
6296 6297
12870 12871
2059 9053
6095 6096
6247 10421
7657 7658
3766 3767
10283 10284
855 856
1088 1089
5914 5915
12132 12133
10988 10989
8970 8971
12007 12072
2011 2012
1950 9053
2486 2487
6921 6922
11486 11487
9814 9815
309 1671
5599 5600
4017 4018
2516 2517
4275 4276
2841 2842
8064 8065
8733 8734
4851 4852
13170 13171
10295 10296
8225 8226
8418 8419
9539 9540
13286 13287
7076 7085
8608 8609
13068 13069
11743 11744
8336 8337
4295 9197
10430 10431
1931 1932
7968 7969
2584 2614
2645 2646
8071 8072
2604 2605
10256 10257
5476 5477
1098 1099
2816 5997
11126 11216
8914 8915
6262 6263
9593 12771
8721 13001
11543 11544
1962 2054
3444 3445
8751 8752
6684 8413
10876 10877
5037 5038
2337 2338
9602 9603
4208 4209
3941 3942
5265 5266
8283 13050
6575 6626
749 750
524 4459
1304 1305
12278 13413
5827 5828
5494 5495
11941 12677
2152 2153
1026 1027
4924 4925
11233 11241
3647 3648
3814 3815
2262 10063
8496 12700
5740 5741
10141 10142
7956 7957
4745 4746
3406 3407
3537 3538
8891 8892
1092 4817
185 186
4937 10813
6501 6502
2129 2130
4145 4146
7176 9526
2153 2227
703 11312
9208 9209
10222 11994
10492 10493
11891 12657
11930 12681
9905 10659
2674 2675
1813 1817
3790 3791
2283 2284
1361 1487
8432 8433
3713 8123
1061 9707
6826 6827
8885 8886
7786 7787
11559 13171
7688 9871
13215 13216
9942 9943
8016 9855
3080 3081
3420 3470
11779 11780
2414 2415
12140 13127
12225 12226
12052 12053
13055 13056
7356 7357
1462 10738
6193 7534
10110 10111
13271 13272
11716 11717
2868 2869
1496 1497
3225 3321
1562 1563
11286 11318
5828 10512
3666 3667
10432 10435
4703 4704
2315 2316
11448 11449
13209 13210
477 9853
3513 9893
1373 1374
4879 4924
7307 7308
3499 3500
5113 5114
1455 1466
9787 9788
259 260
2010 2011
9612 9613
6293 6466
2725 5779
9144 9145
1910 11111
5138 5139
13218 13219
10302 10303
1747 1748
5062 5063
6126 11497
7179 7180
1787 1788
12802 12803
1840 1844
6648 8425
10186 10187
12232 12233
4574 4575
6858 6859
4721 4722
10196 10197
7987 7988
9753 9754
1045 6609
9908 9909
5283 5284
12804 12805
8022 9853
10894 10895
5099 5100
1432 1433
6916 6917
9576 12776
12500 12542
995 4772
8342 8343
12627 12634
11265 11266
9616 9617
10484 10485
2483 5189
455 5338
11437 13147
11561 13170
6862 6863
9031 9032
2699 2700
11468 11469
9026 9027
554 555
12349 12350
11272 11273
6830 6831
697 701
11934 11935
8473 8474
311 312
7282 7283
1606 1607
5558 12285
10364 10365
1683 1684
11854 11855
5253 5254
11888 11889
11140 11209
5429 5430
10776 10777
3956 7836
10122 10123
4997 4998
4640 9993
3103 3104
2945 2946
5031 6348
2563 2624
3351 3352
7259 7260
6889 6890
7236 7237
6290 6333
5444 5445
11086 11087
6971 6972
11584 13157
11723 11724
5729 5730
1638 1639
6260 6261
3695 3696
5951 6008
7931 7932
4139 5572
9014 9015
164 165
5937 5938
5800 5801
164 8024
12214 12215
3967 3968
8652 8653
6996 6997
7852 7853
1789 1790
3568 3569
770 771
719 720
8989 8990
7905 7906
1522 1523
2704 2718
12468 12469
12800 12801
3132 3282
11824 11825
9333 9334
7011 7012
11556 13173
3900 3901
11932 11933
9706 9707
6341 6342
2326 2327
3197 3198
10760 10761
961 962
6864 6865
4722 5696
12690 12691
724 8764
5349 5350
4247 4248
2136 2231
393 394
11445 13145
8431 8434
8647 8648
3799 3800
9913 9914
7941 7946
289 407
7163 7183
12568 12569
7663 7664
7450 7451
9170 9171
4939 4976
916 917
225 226
275 276
12229 13388
8806 8807
9007 9008
2792 2793
12048 12049
11712 11713
8958 8959
4225 4226
3379 3380
13293 13294
8205 8206
689 693
12021 13110
8177 8178
5631 5632
8511 8512
1022 2512
5688 5689
7556 7557
1761 9747
5913 5954
6639 6640
7740 7741
2638 2639
10163 10164
6190 10179
10882 11109
3504 3505
8166 8167
9613 9614
6265 6266
10721 10722
5144 5149
2410 2473
9642 9643
5351 5352
8210 8211
8671 8672
2538 8421
2222 2223
5931 5932
3996 3997
260 6006
5915 5916
6772 6774
1496 2652
5124 5125
11165 11166
214 3324
8759 8760
11537 11538
5485 5486
1205 1206
1755 1756
6701 6702
5551 5552
3535 3536
2749 4761
9236 9237
1323 6127
2492 5187
1911 1966
5129 5130
5295 10362
13262 13263
8146 8147
11262 11263
6349 6350
12793 12794
6135 6136
4411 4412
10486 10487
9067 10452
3922 3923
9567 9568
1319 3866
4959 4960
11902 11903
8689 8690
8870 11401
4269 12866
9140 9153
4613 4614
3367 3368
2639 2980
10769 10770
8574 8575
10229 10230
5350 5351
2819 3477
5022 5023
1679 1680
3958 3959
2454 2455
1518 1519
7896 12820
8594 8595
10900 10901
4604 4605
11479 11480
11889 12657
7306 7307
2311 6162
11913 11914
11285 11319
2899 2900
5703 5704
6678 8415
11952 11953
10789 13093
7701 7702
5720 5721
10214 10215
1310 1339
8082 12950
1628 1629
9677 9678
11033 11034
2687 2688
4977 4978
5126 5127
5944 5945
4257 4258
13060 13061
11437 11438
9330 9331
5825 5826
5724 12735
155 481
9563 9564
9584 12662
9184 10000
3759 3760
8290 8291
12163 12164
425 12263
1513 2650
305 1491
5132 5133
3335 3405
5725 12734
8165 8166
12595 13377
7534 7535
1802 10319
683 2998
9685 9686
13123 13124
4931 5008
5950 5951
7442 7443
3234 3235
2588 2589
1506 1507
1434 1435
662 663
7598 7599
12522 12537
7965 12834
5189 5190
9586 9587
5031 5032
9809 9810
10172 10173
9637 9638
13201 13202
11059 11060
12144 12145
29 4721
3523 3524
9543 9544
8854 8855
2599 2610
3002 3003
2933 2934
1116 2636
8791 10552
866 867
8293 8294
7923 8000
11598 13153
8864 10524
4158 4159
5985 5986
5402 5403
6029 6030
7609 7610
7426 7427
8187 8188
6244 6245
8136 8137
3038 3039
4257 7081
3405 9190
4819 4820
9040 9041
2090 2091
1930 2064
4700 4701
8110 8111
7546 9895
872 9659
7269 7270
8161 8162
4276 4277
1515 1516
1005 1006
5234 6025
9326 9327
7951 7952
9306 9307
10496 12287
3782 3783
1910 11223
1321 6124
11743 12254
9929 9930
7563 7564
3759 3761
4999 12598
11558 11559
4857 4858
9595 9596
12866 12867
2758 2759
5447 10082
7326 7327
2912 2913
1561 1562
2885 5957
6072 6073
2973 2975
9593 9594
1541 1996
1406 7601
11026 11027
9769 12608
2678 2679
8239 11408
8872 11404
1 228
11588 13154
569 570
6802 6803
3948 3949
653 3000
12281 13410
6525 11399
3675 3676
2325 2326
10241 12361
11357 11358
11019 11020
6097 6098
3482 3483
8845 8846
3769 3770
4980 4981
4355 4356
4413 4420
202 203
12051 12052
9009 9010
10952 10953
13237 13353
599 605
930 931
8778 8779
9223 9263
372 374
10746 10747
6316 6317
8134 8135
5062 5064
7067 7068
520 521
8521 8522
6043 6044
177 234
1709 1710
3943 3944
4912 4913
875 876
5496 5497
3254 3316
12691 12692
361 4273
4682 4683
495 496
7 8
1558 1559
191 192
3595 3596
4840 4841
7689 10610
6804 12419
452 453
989 5805
1141 1142
4962 4963
39 3483
7191 7192
777 778
12012 13112
9688 9689
4079 4080
1952 1953
1458 1459
1203 1204
1054 1979
3327 3328
2272 2273
6809 6810
10763 10764
301 991
8367 8368
4987 8035
6857 6858
12864 12865
12564 12566
627 628
2022 2023
7083 7084
3751 3752
3684 10064
8492 8493
8079 8080
12060 12061
7339 7340
342 343
9201 9202
10888 10889
7338 7354
6431 6432
8961 8962
1618 1619
7 4861
10682 10683
6870 6871
7820 7821
364 365
10585 10586
975 976
4451 4452
7105 7106
4317 4318
4370 4371
10674 10675
12497 12498
11817 11818
6664 6665
7957 7958
5976 5977
2563 2564
7294 7295
8218 8219
8829 8830
7720 7721
9099 9100
3034 3036
9684 9685
11420 11421
10456 10457
6305 6306
9212 9213
1069 1070
9486 9487
12555 12556
8080 8081
1395 1396
4905 4919
4015 4016
8926 8927
12018 13111
527 528
6958 6959
9902 10660
11552 13174
9084 9085
5364 5365
3929 3930
8559 8560
11710 11711
12850 12851
9607 9608
3897 3898
2179 2180
1824 1828
11579 11580
11042 11043
4278 4279
5885 5886
6920 6921
1777 1778
1386 1387
791 792
10118 10119
8925 8926
1321 1322
2481 6936
11174 11175
11342 11343
145 146
4653 4654
12757 12758
5635 5636
3933 3934
9221 9222
9110 9111
616 617
7033 7034
2591 2592
167 4041
8152 8153
2668 2669
1552 2333
1772 7563
3419 3420
10170 11990
10705 10706
7930 12842
9747 9748
5317 5318
5217 5218
21 22
4006 9972
393 399
7419 7420
10844 10845
6034 6035
4620 5451
13383 13384
6032 6033
12088 12089
8620 8621
710 711
6807 12418
349 11852
8603 8604
5077 5078
9713 12631
11662 11663
7694 7695
3133 3134
2061 2071
2007 2008
6317 6318
1784 3940
512 513
455 456
9977 10647
1466 12920
10140 10141
126 127
3778 8629
11645 11646
2280 2281
9582 9583
6081 6082
1501 1502
12490 12491
7076 7077
3596 3597
9050 10333
188 189
414 11386
8655 13017
5743 5744
3588 3589
11543 13175
10185 10186
12876 13367
1000 4768
4887 4888
6106 6107
7440 7441
8730 8731
8676 8677
3702 3703
3502 3503
3392 3393
10208 10209
11754 11755
10137 10138
3864 3865
3553 3554
4028 4029
10398 10399
8541 8542
6142 6143
1925 1926
7925 7926
2701 2702
4228 6019
13252 13350
7484 10842
7056 7072
3791 3792
12269 12276
5219 5220
3658 10079
9668 9669
1795 1796
4292 4293
3817 3818
11361 11519
1249 1250
7654 7655
11383 11384
2926 3809
4025 4026
4999 5009
5830 10511
12342 12343
9288 9289
5394 5395
12649 12685
854 855
880 881
9841 9842
10794 10795
11910 11911
8372 8373
2568 2622
6169 6170
3614 3615
163 164
8097 8098
1725 4540
12148 13125
370 371
3511 3512
12305 12306
185 190
8126 8203
1251 1252
6475 10006
7119 7120
2752 2753
9933 9935
1814 1815
11301 11302
11899 12653
1906 3339
3757 3758
5441 5442
3018 3019
1844 4971
12505 12506
5252 5253
8908 8909
4937 4938
6739 6740
1735 1736
7674 7675
802 3313
4314 4315
6997 6998
6595 6596
12025 12026
9524 9525
8894 8895
10299 10300
4781 5867
5490 5491
12442 12443
5590 5591
3410 3411
2758 8268
9577 13381
7904 7905
2302 2303
1054 3123
2865 2866
2162 2163
6292 6466
11648 11649
3513 3514
2855 2856
12201 12202
7044 7045
2321 2322
1032 9825
2807 2808
2160 2161
309 310
3558 3559
7509 7510
5775 8928
8305 8306
8104 8105
13272 13343
2782 2783
10271 10272
8501 12698
12102 12103
6800 6801
1208 1209
3747 3748
1972 3342
5353 5354
11401 11402
6166 6167
51 52
9483 9484
4800 4801
12186 12187
3224 3225
5208 5209
5923 11071
6176 6189
12733 12734
680 681
9074 9075
4462 4463
6527 6528
4825 4826
9092 9093
6200 6201
6534 6535
3892 3893
6419 6420
11493 13133
11300 11301
1034 9825
38 40
3619 3620
5878 5879
4393 4394
5120 5121
12028 13109
2785 2786
8718 8719
6065 6066
2407 2408
8176 8177
11959 11960
11776 11777
12037 13105
2252 2253
8621 8622
6502 6503
5013 5014
8990 8991
2402 2403
3649 3650
1084 1085
9107 9108
3377 3378
388 389
9019 12986
8779 8780
7770 7771
3271 3272
9297 10821
13250 13251
5026 5027
3581 3583
1175 1265
6141 6142
4755 4756
4510 4511
12895 12896
8083 8084
10104 10105
7544 7545
2096 2097
5797 5798
621 622
2306 2307
9733 9734
2465 2466
11565 11566
431 432
6223 6224
898 899
4232 4233
9919 9920
6284 6285
6532 6533
3780 3781
3858 3859
11115 11222
7588 7606
5198 5199
8993 8994
7168 11528
9818 12930
3921 3922
8981 8982
4738 4739
9782 9783
2279 2280
5704 5705
4212 4967
6126 6127
7801 9781
2993 2994
1612 1613
8061 8062
1088 1093
5005 9331
6509 6538
2019 2020
6148 6149
4201 4202
142 143
8431 8435
10611 10612
995 996
11381 11382
8226 8227
7439 7440
199 200
1004 4763
769 770
9632 9633
4566 5802
5755 12724
445 446
8436 8437
4452 4465
7412 7413
12515 12516
10077 10242
2377 2378
12642 12761
12032 12033
7051 7052
12237 12238
11087 11088
11769 11770
5196 5197
11373 11374
13233 13234
4892 4893
9938 9939
8566 8567
11263 11264
5255 9367
4330 4331
8339 8340
12625 12634
12583 12584
3716 3717
1806 8031
620 7619
8181 8182
12451 12452
2278 2279
1101 1102
1866 1921
5660 5661
8910 8911
10462 10463
6719 6720
12824 12825
11666 11667
4756 4757
12317 12318
10303 10593
12123 12124
2490 2491
7614 7615
5769 5770
334 335
1779 9844
5945 5946
5585 5586
7550 7551
1209 1210
1200 1201
4516 4517
8653 8654
3903 3916
4785 4786
8314 8315
824 825
12206 12207
904 905
8481 8482
3522 3523
1573 1574
6569 6628
6414 6415
9456 9457
4725 4726
13239 13240
12675 12676
1046 1047
1426 1474
9000 9001
6152 6153
147 264
3216 3217
7486 7492
3060 3061
2060 2061
8224 8225
6363 6364
8135 8136
4489 4490
11226 11227
1091 1092
9659 9660
395 2353
5412 5413
1773 7612
8734 8735
10602 10603
11166 11167
566 7637
3456 3457
4416 4417
10349 10350
2533 4087
6389 6390
7567 7568
12810 12811
6395 6467
3449 3450
11334 11335
8076 8077
8291 8292
4283 4284
3265 3266
7901 7902
3729 3730
5675 5676
8504 8516
1594 1595
6155 6156
3721 3722
5056 5057
7445 7446
4603 4604
5034 5035
10867 10868
5020 5021
7208 7209
5008 11062
5598 5599
5397 5398
7466 8378
12112 12113
7034 7035
1068 1069
12175 13117
750 783
3664 11972
4969 6914
3041 3042
6705 6706
6123 6124
11758 11759
2045 11679
1901 1902
11898 11899
8493 8494
4931 4932
9366 9367
6048 6049
3905 3906
12820 12821
4547 4550
10795 10796
8049 8050
10106 10107
8131 8132
8398 8399
11364 11365
3066 3067
5886 5887
6073 6074
8026 8027
12117 12118
963 964
4665 4666
2508 2509
5296 5297
6634 8257
7304 7305
6078 6079
6798 11238
5488 5489
1578 1579
7716 7717
3581 9887
192 6015
4256 4720
8350 8351
9462 9463
11746 12253
13054 13070
8843 8844
952 953
12844 12845
11361 11520
7847 7848
3664 10078
6109 6110
2073 9051
8062 8063
519 520
678 679
7211 7212
6393 6394
8816 8817
787 8764
2300 2301
9096 9097
246 11197
10175 10176
9023 9024
11004 11005
6423 6424
4327 4328
3758 8634
13029 13030
8913 8914
4798 4799
3479 3480
11968 11969
4204 4205
1969 3338
10937 10938
623 624
11150 11151
2798 2799
10038 10039
6856 6857
272 365
5960 5961
12889 12890
11118 11221
3776 3957
13183 13184
9676 9677
2764 2765
4135 6195
5089 5162
10793 10794
1794 1795
8118 8120
3208 5685
13161 13162
4669 4670
4331 4332
9200 9201
67 68
11474 11475
13319 13320
7297 7298
12430 12491
5212 5213
301 12929
3813 3814
12067 12068
5991 5992
12169 12170
6831 6832
37 205
7023 7024
9400 9420
4281 4282
5594 5595
5197 5198
2060 9053
8284 8285
8509 8510
8072 8073
5965 5966
9774 9775
5662 5663
10495 10496
4505 4506
12320 12321
1940 1941
12107 12108
895 896
10917 10918
401 402
1278 1279
7283 7284
11766 11767
307 308
1657 1658
11482 11483
2029 2030
12335 12336
6834 6835
10230 10231
2144 2228
8837 8838
12136 12137
831 832
7778 11332
6488 6489
11380 11381
2700 2701
1837 1838
6927 6928
5808 10520
5881 8465
5868 10811
6716 6717
955 984
8559 9835
3630 3632
9629 12763
7142 7143
1906 8277
5784 5785
3820 3821
1154 1155
6688 6689
10696 10697
530 531
2335 2336
9695 9696
8613 8614
3744 3745
12586 12587
11546 11547
536 7641
11389 11390
6246 10422
7869 9424
2050 2051
1829 1830
6761 6762
1536 1994
12885 12908
1955 2057
10285 10286
11183 11184
11791 11792
12037 13106
3929 7842
809 9273
1214 1215
12171 12172
13217 13218
11608 11609
1902 1903
1022 1567
3564 9891
2345 6855
9398 9399
2813 2814
12137 13129
850 851
1326 4969
9727 9728
11020 11304
5681 5682
793 794
1949 9053
8070 8071
6601 6602
1922 1923
3376 3485
12901 12909
6877 6878
9193 9194
638 639
2155 2156
4907 4908
10989 10990
9635 9636
1918 6797
515 516
886 887
2371 2480
9969 9970
1761 7685
5265 10371
2689 2690
1052 5547
12213 13392
3235 3236
6119 6120
861 862
4290 4291
1586 4303
7921 8123
97 98
7941 7945
4001 9973
1718 1719
6093 6094
8046 8047
12148 13126
1878 1880
10367 10368
2960 2961
1336 1337
3754 3755
12907 12908
5604 5605
3107 3108
4744 4745
13266 13345
2081 2082
10789 10790
1377 1378
11950 12673
9399 9400
3748 8635
11139 11140
13158 13159
4789 11355
3589 7551
3137 3138
2322 2323
3800 8625
7773 7774
7055 7056
7859 10957
13297 13339
2185 2186
12816 12817
4100 4101
3245 3318
37 206
9126 9127
5576 5577
6863 6864
11834 13080
3032 3033
7590 7604
5995 5999
4151 12421
220 221
9905 9906
10670 10671
215 216
11621 11622
2256 2257
4607 9640
459 460
11805 13090
8103 8104
704 705
1957 1958
4979 4980
2805 2806
1784 3941
11149 11207
4598 4599
8299 13047
7256 7257
1551 1552
2930 2931
2287 2288
3989 3990
3268 3269
3593 3594
9278 9279
417 418
5587 5588
12336 12337
10007 10008
11193 11194
7163 7164
7114 7115
2130 2232
2941 2942
2057 2069
1570 1571
9951 9952
8159 8160
3028 3029
3450 3451
2099 2100
2787 2874
11805 11806
6926 6927
13150 13151
13376 13378
7677 7678
5699 7516
10841 11106
6477 6547
1646 1647
6922 6923
1292 1293
1670 2110
5806 10521
11299 11300
3573 3574
10437 11319
66 67
8903 8904
2682 2683
2394 2395
11725 11726
4231 4232
4824 4825
7508 7509
2853 4596
387 388
5682 5683
8482 8483
12618 12619
740 741
3546 3547
9426 9427
2329 2525
12792 12793
1172 1173
3411 3412
8871 8872
1384 1385
9601 12770
3204 3205
4019 10953
1579 1580
9349 9350
12160 12161
4122 5156
7669 7670
9093 9094
6047 6048
1017 1018
876 877
1625 1626
6887 6888
5251 5252
10333 10334
5257 5258
3229 3230
10135 10136
5433 5434
2458 2459
417 4493
2136 2137
10103 10104
12027 12028
9898 9899
6131 6132
4673 4674
1954 1955
467 10560
6218 6219
4389 4390
4000 4001
9420 9421
11718 11719
4256 4719
11005 11006
2956 3093
9728 9729
5575 7175
3086 3087
9166 9167
10935 10936
10752 10753
3311 3312
11566 11567
4261 12849
4714 4715
12176 13409
4974 10318
7292 7364
11633 11902
10351 10352
2084 2085
7471 7472
1553 1554
1662 1663
1821 1824
7590 7591
8444 8446
9944 9945
3704 3705
599 7627
12386 12387
5526 5527
7648 7649
7263 7264
7302 7303
687 688
1817 1821
2443 2444
2790 2791
1963 1964
11245 11246
10389 10390
759 760
13325 13326
7871 7872
9708 10356
9356 9357
5337 5338
10735 10736
5988 9047
1547 1548
12262 12263
6591 6615
525 526
2043 2044
688 2997
12042 12043
10347 10348
2072 10332
868 869
878 4754
3362 3363
11039 11040
12202 12203
1054 1881
11600 11601
2859 2860
6812 11220
8139 8140
54 55
4802 4803
11401 11406
609 610
3177 3178
5611 5612
2162 12595
1919 2321
546 547
12498 12499
1004 1005
8755 10410
879 880
9225 9226
9594 9595
9736 10352
3123 9528
262 263
8531 8532
7963 12835
11605 11606
11335 11336
999 4769
1066 1067
9180 9181
9974 9975
7890 7891
9078 9079
1710 1711
4633 4634
659 660
7441 13115
12193 13401
7335 7336
2343 6854
3997 3998
266 300
8834 8835
5873 5874
1015 1016
5677 5678
11919 11920
5637 5638
1640 1641
8600 9134
10111 10112
1911 1967
10604 10605
4569 4570
3120 3124
10424 11286
2395 2396
4403 4404
11475 11476
2283 10061
7984 7985
7258 11253
11797 11798
150 1783
3224 3325
6766 6776
10801 10802
5379 9372
1042 6562
8184 8185
8189 8190
667 668
10690 10691
3373 3374
10702 10703
6505 6539
4222 6020
1216 11509
6952 6953
820 821
1843 10310
9228 9229
6939 6966
11268 11269
9103 9656
10519 10520
7561 7562
8062 12244
1847 1851
630 631
1091 4776
11182 11183
5354 5355
3040 3041
10960 10961
6355 6356
7478 12935
9127 9128
6582 6624
956 957
3985 3986
8060 13077
4747 4748
48 253
11509 11510
5807 5808
6471 6472
9042 9043
8025 8026
7016 7094
12443 12444
1988 1989
1127 1128
6699 6700
11564 13168
12602 12603
64 65
1918 2541
12129 12130
3983 4039
9335 9336
12283 12284
10154 10155
2568 2623
10478 10479
4057 4058
9872 9873
4230 4231
11435 11436
3864 11498
12272 13415
6310 6327
11153 11154
3101 3102
5713 5714
11191 11192
13329 13330
6046 6047
813 814
2820 10583
146 147
1999 2000
2885 2886
13056 13070
4093 4094
2976 2977
5249 10373
12553 12554
11633 11634
50 51
5961 5962
2882 2884
11659 11660
11430 11431
4743 4744
9556 12791
8008 9858
12124 13131
7267 7371
6880 6881
11801 11802
1419 1420
5167 5168
11831 11832
8679 8680
11098 11099
1884 3120
7704 7705
3515 3516
4999 10625
8380 11288
7898 7899
1418 1419
2546 11234
7080 7081
5928 5930
948 949
1047 9820
10911 10912
675 676
3303 3304
4245 4246
7874 7875
9798 12936
609 7626
1803 1804
2277 3688
10193 10194
781 782
6727 8405
1118 1119
3242 3243
7686 7687
1876 1877
11572 11573
12523 12524
4152 4153
7469 7472
3576 3577
3812 3813
4713 10162
11555 11556
3541 3542
7920 7921
6415 6416
9147 10006
523 524
4843 4844
5104 5105
8877 8878
1492 2653
1182 1183
13306 13332
10280 10281
1546 2521
1953 1955
4169 4170
2174 2175
5010 12598
474 475
1237 1238
12520 12538
13243 13244
2118 2119
2952 2953
4470 11280
845 846
8606 8607
2149 2150
11296 11297
12044 12045
3878 3923
3405 9189
6520 6521
303 304
6485 6486
10684 10685
1645 1646
5495 5496
8581 8582
5933 5934
1103 1104
13066 13067
5893 5894
1050 5548
5840 12937
7937 7938
5236 5237
2254 8918
10457 10458
1964 9057
3985 4039
2756 2757
12041 12042
4628 9994
11601 11602
7962 7963
9339 9340
10072 10073
12040 12041
3580 9887
5639 5640
4680 4681
4552 4553
7647 7648
4240 4241
1887 9451
4684 4685
5562 10453
9975 9976
13274 13343
4869 4870
8997 8998
3025 3026
1166 1167
1608 1609
9122 11398
4789 4790
7795 9134
7150 7151
10767 10768
7312 9277
8356 8357
3564 3565
198 199
9460 9461
7671 9749
7717 7718
11367 11368
10912 10913
235 6567
5940 6007
8382 8383
4804 5862
1541 1995
597 598
1948 2249
724 725
7242 7243
1173 1174
3803 5923
1092 4776
9547 9548
6634 8258
2680 2681
2692 2693
3561 3562
8749 8750
8149 8150
12046 13103
1570 2510
5263 5264
12805 12806
5912 9275
2048 11677
1599 1600
11224 11225
5962 5963
3135 3136
10403 10404
13285 13286
7975 12832
11821 11822
7470 7472
11653 11676
11361 11362
2306 2534
270 271
7588 7589
973 974
1442 1443
4223 4224
10424 10425
5258 5392
9734 9735
2261 2262
12891 12892
6293 6331
5884 5885
9234 9262
6505 6506
12686 12687
2544 2545
1776 1777
6061 6062
12469 12470
12565 12566
7012 7095
2146 2147
11905 11906
1032 1033
651 3001
3543 3545
12164 12165
12012 12013
10448 10449
39 11532
4499 4500
5265 10372
3930 7841
10819 10820
9432 9433
390 11049
2396 2397
1834 10311
7198 7199
1791 1792
8724 8725
6498 11400
1878 1879
6131 10832
5054 5176
3745 3746
5634 5635
354 8819
2736 2737
1451 1452
9973 9974
7573 7574
1805 1810
12603 12604
11812 11813
2181 2182
909 910
9003 12989
697 698
4111 4112
10841 11107
9315 9316
5840 9789
10436 10437
10761 10762
8130 8131
6579 6580
5395 5396
6080 6081
2086 4930
4634 4635
10235 10236
8160 12744
5627 5628
10109 10110
10184 10185
4130 4131
3039 3040
3760 3761
8815 10545
7942 7943
68 69
6743 6744
9724 9725
5661 5662
1329 1330
4999 5000
7336 7337
12903 12904
10997 10998
11273 11274
4258 4259
8436 8452
11215 11216
602 603
12522 12523
11908 11909
10892 11394
9537 9538
7924 7925
13275 13276
9348 9349
7653 7654
7474 7475
651 652
11942 11943
11093 11094
5689 5690
7476 7477
4085 6162
2736 8280
6406 6407
6692 6693
7982 7983
3594 3595
163 165
4337 4338
906 907
9726 10353
6823 6824
8572 8573
6012 6013
8466 12416
2281 2282
5041 5179
6018 6019
8707 13006
9840 9841
2549 2550
4889 4922
2997 10982
10120 10121
2467 3613
2975 2976
897 898
2096 2240
1303 1304
2709 2710
1891 1976
4189 4190
4274 4275
6793 11237
920 921
8567 8568
484 4207
6314 6315
10475 10476
7004 7005
1363 4625
3789 3790
12488 12489
8558 8559
1238 1239
9179 10001
1919 1920
9509 9510
1054 9528
1740 1741
2035 2036
12024 12025
9941 9942
11911 11912
10224 10225
4791 4792
3736 3737
4213 4214
7145 10611
12999 13000
6641 11407
1493 4955
12858 12859
5818 10515
10891 11720
477 478
11483 11484
10867 11110
3732 3733
1815 10316
7552 7553
2470 2471
4568 4569
5419 5420
829 830
2143 2144
464 465
2182 2183
2936 2937
2757 2758
12839 12840
513 516
8678 8679
1331 1332
8832 8833
8456 8457
9005 9006
6339 7526
807 7409
11112 11113
10355 12633
92 245
1855 1856
1963 2054
1162 1163
8052 8053
5871 9741
7779 7780
316 317
437 3690
9270 10949
3520 3521
8715 8716
3648 3649
10882 10883
7291 7292
125 126
9950 9951
12048 13103
3545 3546
5456 5457
2460 2461
12571 12572
3016 3017
10244 10245
10345 10346
7698 9868
3826 3827
10483 10484
9489 9490
3144 3145
8301 8302
1838 1839
4114 4115
826 827
4063 4064
1431 1432
4343 4344
6394 6395
2599 2609
5449 5450
4864 4865
11147 11148
6585 6586
5324 5325
1027 1028
4140 4141
9002 9003
7132 7133
7926 7927
11853 11854
7223 7224
4295 9270
11289 11290
9875 9876
5 6
12455 12456
11670 11671
6847 8445
6786 6787
11271 11272
2958 2959
10539 10540
5777 5778
6263 6264
1003 4765
3993 4038
6339 6340
1910 1911
6993 6994
3639 5542
10118 10619
10016 10017
1824 1825
13177 13365
10860 10861
5047 5050
2419 2472
11617 11689
8124 8125
10275 10600
3762 3763
4627 4628
494 495
9681 9682
1382 1383
3243 3244
901 2441
7717 9861
5256 5393
5276 10368
10640 10641
1018 1019
12236 12237
3064 3065
12323 12324
110 111
8956 8957
4129 4130
384 2350
7021 7022
5383 5384
266 421
6038 6039
9186 10000
8180 8181
1459 1466
11852 12262
3439 3467
2963 2964
6234 6235
150 1416
4056 4057
994 995
26 27
6948 6949
278 279
5989 5990
1504 1505
2723 5780
5139 5140
5061 5062
7079 7080
6957 6959
5750 12721
5951 5972
10096 10097
11514 12312
11663 11664
2142 2228
251 3390
954 955
12172 12173
11997 11998
7499 7500
203 204
742 743
1166 1349
9493 9494
2112 12815
10747 10748
4168 4169
2440 2451
6690 6691
9962 10650
9305 9306
4172 4173
9591 9592
1116 1192
6371 6372
13425 13426
5047 5048
3992 3993
11298 11299
2091 2092
12950 12951
11451 13142
6653 6654
9520 11076
5728 5729
6404 6405
1918 1966
13419 13420
4836 5847
1090 1091
6951 6952
1536 1537
4148 4149
7746 7747
3402 3403
12764 12765
8988 8989
11325 11326
3810 3811
2303 2535
5983 5984
9568 9569
9299 9300
70 71
11469 11476
450 451
8086 12948
10985 10986
12418 12419
9088 9089
1324 1473
12373 12374
5467 5796
3011 3507
10683 10684
805 806
5511 5512
1413 1414
7932 7933
7941 7948
4000 4034
4384 4385
3007 3008
1900 1901
159 160
6745 6746
10277 10278
10471 10472
12912 12913
2754 2755
11846 11847
11456 11457
8971 8972
3904 3905
9109 9110
9946 10653
1721 1722
372 373
10067 10068
2202 2224
325 418
11003 11004
3773 3774
3382 3383
6042 6043
2774 2775
11135 11136
4313 4314
2566 2567
5836 5837
10694 10695
7452 7453
7242 7387
5415 9393
3590 3740
473 2504
12034 12035
4885 4923
4909 4910
2378 2379
6414 6464
1895 1896
10190 10191
3819 3820
10205 11979
2380 2382
1591 1592
6151 6152
12503 12504
709 710
714 715
13277 13278
10087 10088
3057 3058
8178 8179
2637 2981
13385 13386
4679 4680
8405 8406
7711 9862
9517 9518
2031 2032
2606 5776
10171 10172
10680 10681
1866 2065
3309 9258
4191 4192
1915 8776
6250 6251
3024 3025
1279 1280
10272 10273
11567 11568
3048 3049
11328 11329
150 1326
11016 11017
2276 10062
2445 2446
1045 6564
8043 8123
13322 13323
4456 4457
2681 2682
6516 6517
12701 12702
9050 12286
6555 6556
2362 2363
12074 12075
3037 3038
2313 2314
4018 4019
11238 11239
11626 11690
3098 3260
8536 8537
12276 12277
8702 8703
3590 3593
3530 3531
1387 1388
1892 1893
6451 6459
9672 9673
324 419
3670 3671
10672 10673
1580 1581
12444 12445
9971 10339
5918 9287
2721 2722
4637 4638
1633 1634
4897 4898
4648 4649
501 502
4421 4422
11770 11771
5697 7516
1324 1325
2028 2029
3671 3672
1860 10304
3811 3812
2192 2193
2821 3398
2931 2932
2882 2883
2489 2498
1002 4765
8787 8788
13257 13258
1849 1850
827 828
6326 6327
11090 11091
1540 1995
10764 10765
8285 8286
2973 2974
5506 5507
3987 3988
1882 1883
7451 7452
2755 2756
11126 11127
4968 6915
1905 1906
9608 9609
543 544
842 843
2891 2892
1055 1056
10781 11060
8530 12694
5027 5028
6588 6589
8289 8290
1848 4971
5843 5844
8133 8134
2266 2267
13164 13165
4475 4476
1053 6820
416 4492
6537 11400
11290 11291
9917 9918
12142 12143
9343 9344
1393 1394
6484 6485
5086 5163
1964 1965
9720 9721
5112 5113
9436 9437
10205 11980
1691 1692
5157 5158
9577 9578
9614 9615
304 305
3699 3700
12267 13416
11758 12248
2741 2742
4180 4181
4201 8756
748 4171
11194 11195
9597 9598
12520 12521
7342 7353
8129 8130
1548 1549
4315 4316
10234 10235
7557 7616
9209 9266
4429 4430
5368 9375
2020 2021
1654 1655
4066 4067
665 666
10720 10721
267 268
11006 11308
10151 10152
9626 12764
12798 12799
5734 5735
12151 12152
4408 9422
405 406
4109 12359
2161 2162
7704 9865
5516 5517
7323 7324
7267 7268
10717 10718
3010 3011
4479 6848
4076 4077
9211 9212
9214 9215
9128 9129
10029 10439
6879 6880
9418 9419
10207 10208
1819 1821
5370 5371
7470 8377
13220 13221
3099 3100
6000 6001
4075 4076
5665 5666
10920 10921
87 11199
3509 3510
12178 13407
1186 1187
4311 4312
13179 13365
8202 12058
9725 9726
970 971
4784 8592
4550 4551
13044 13045
9057 9059
1608 6868
2843 2844
1289 1290
2821 8554
8727 8728
247 3484
1903 3493
4935 4936
10323 10324
7237 7238
5466 5467
7667 9750
12013 13077
8924 8925
11850 11851
10980 10981
9902 9903
1836 1840
758 759
4377 4378
817 818
5004 5005
7469 11303
1428 1429
807 808
5762 5763
9003 12990
2940 2941
9449 9450
12467 12468
1285 1286
112 113
842 3300
1510 1511
8777 8778
3975 3976
9591 12772
9334 9335
7766 7767
12392 12393
734 735
10143 10144
4572 5845
2412 2413
7354 7355
840 3300
10348 10349
9044 12957
8919 8920
11367 11518
11625 11626
3882 3883
3260 3261
12032 13107
3250 3251
874 875
1805 1806
2875 2876
6255 6346
12184 12185
771 772
3963 3964
1904 3494
2762 2763
4371 4372
12196 12197
123 6631
6510 6511
9034 9035
11636 11638
9130 9131
5943 5944
2723 5781
2552 2553
690 2996
469 470
12564 13379
4893 4894
11724 12261
6848 6849
3753 3754
10208 11978
1897 9787
9911 9912
9901 9902
10904 10905
10807 10808
9188 10592
2567 2568
664 665
4994 8033
354 355
6369 11417
6416 6463
3739 3740
1601 1602
166 167
351 352
3805 3806
4067 4068
3701 3702
11825 11826
1815 10315
569 7636
10263 10264
9 10
3014 3506
1918 6792
11595 11596
7647 9752
9630 9631
11020 11021
10707 10708
12494 12497
6422 6423
7104 7105
12453 12454
4862 4863
11891 11892
12006 12007
2114 2236
5613 5614
3414 3472
13197 13198
2887 2888
10770 10771
6812 12417
6332 6400
9503 9504
2932 2933
2488 2489
2659 2660
9437 9438
7246 7247
3787 3788
2769 2770
7145 7146
5517 5518
1450 1467
11895 12654
7082 7083
5669 5670
5264 5265
7978 7979
7756 7757
4003 4004
1538 1539
3068 3069
7711 12597
4663 4664
6253 6254
4257 4720
3061 3062
12751 12752
676 677
71 72
1222 1223
12024 13078
11244 11245
789 3259
5209 5210
2289 2540
5735 5736
8848 8849
329 330
2938 2939
1024 1025
11705 11706
2789 7534
2191 2192
12212 12213
11930 11931
5958 9874
982 983
1252 1253
2125 2126
5145 5146
1751 1752
4258 7070
3947 7837
12777 12778
2823 8554
2705 2706
12611 12612
9411 9412
9564 12787
6124 11496
11914 11915
4511 4512
1388 1389
4055 4056
10075 10076
3140 3141
2706 2707
7817 7818
8499 8500
8915 8916
8550 8551
2788 2874
2375 10479
7776 11354
3261 3262
1906 3496
3356 3357
994 1989
12325 12326
9678 9679
5619 5620
3015 3016
918 919
4127 6202
1168 1169
13300 13301
2853 4595
444 445
10755 10756
9575 9576
9760 9761
6703 6704
101 102
11175 11176
4736 4737
9001 12990
9012 12988
888 889
11236 11237
10870 10871
11597 11598
10158 10159
2790 2872
11114 11115
6736 6737
1040 1041
1044 1045
9303 9304
11580 13161
8005 8006
1322 6126
3665 3666
5803 5804
3207 3208
4473 4474
10636 10637
2379 2380
8902 8903
2330 2331
1037 1038
1275 1276
3099 9802
11006 11007
13198 13359
1437 1472
9832 10417
86 87
4477 4478
7646 7647
13221 13222
3834 3835
10297 10596
9847 9848
4471 11282
2723 2724
4009 4010
10343 10344
473 5308
12213 12214
4704 9990
1258 1259
3784 8628
1857 1858
1516 1517
11629 11684
10199 11982
6513 6514
9164 9165
5838 5839
306 2110
184 232
2959 2960
7764 7765
12082 12083
1918 3801
3798 3799
5640 5641
3358 3359
8862 8863
7409 7410
10488 10489
5785 5786
7318 7319
4988 4989
5789 5790
12454 12455
5728 12733
6605 6606
11133 11212
11658 11659
7526 7527
12351 12352
3770 3771
1044 6563
8526 12696
13204 13205
8795 8796
1144 1145
214 215
7261 7262
5380 9371
6276 9181
3159 3160
2295 2297
1105 1106
4710 4711
311 4296
4749 4750
96 97
8590 8591
1194 1195
10941 10942
11469 11470
3240 3241
2467 3612
694 695
1550 1551
5925 5926
12446 12495
716 717
3640 3641
3620 3621
3861 4046
13073 13094
4387 4388
6481 6482
3187 3188
2165 2166
10157 10158
5319 5320
2006 2007
3816 3817
7402 9242
530 11283
1116 1188
3293 3294
13272 13344
6719 8408
1462 1465
3622 3623
9603 9604
5592 5593
5724 5725
7717 9872
1142 1143
195 230
1632 1633
2273 9087
6386 6387
8339 10222
1525 1527
12448 12494
7207 7208
6720 6721
9794 9795
9717 12628
1405 1406
10201 11982
4737 4738
13082 13083
8823 8824
12580 12581
12781 12782
6638 8262
8717 8718
8963 8964
8049 11856
361 4272
12190 13402
8351 8352
1918 6591
6282 6283
652 653
6489 6490
669 670
2258 3686
377 378
3427 3428
1340 1341
1614 1615
5357 5358
2496 2497
11473 11474
9877 9878
2200 2201
3572 3573
3966 3967
11182 11191
4051 6165
1643 1644
12840 12841
4318 4319
3185 3186
4535 9971
8780 8781
8104 12944
157 480
5913 5914
1886 1978
9499 9500
896 897
5116 5117
7973 7974
2751 2752
783 4170
2802 2803
6578 6579
1116 5465
5153 5154
3839 3840
4579 4580
11634 11681
8565 8566
11554 11555
323 324
3099 12932
5032 5555
5178 5179
6174 6190
13027 13028
6638 8263
11170 11171
7630 7631
11655 11656
9017 9018
7696 9869
8349 8350
6108 6109
11338 11339
11894 11895
382 383
10213 10214
7729 7730
2986 3089
4427 4428
9788 12939
5679 5680
3370 3487
2212 2213
386 387
2086 2087
4599 4600
11409 11410
13192 13193
11544 11545
8597 9137
4991 4992
8480 8481
24 212
2072 2073
8142 8143
3402 3408
5524 5525
1427 1433
5843 10508
4232 4269
12775 12776
13313 13314
12602 12635
11844 11845
5651 5652
4065 4066
13417 13418
9370 9371
11672 11673
13420 13421
3451 3452
445 10568
3420 3421
1630 1631
5297 5298
7795 12599
8186 8187
4188 4189
1257 12646
3384 3385
5368 5369
2340 2341
10840 10841
150 6917
1059 1060
4488 4489
7977 7978
12446 12447
11724 11725
3241 3242
3709 4118
8691 8692
9389 9390
12882 12883
7109 7110
4091 6160
7299 7362
1195 1196
11047 12400
3009 3010
11451 13143
2836 2837
4284 4285
4838 11857
3555 3556
137 138
4628 4629
9719 12623
3111 3112
2517 2518
3403 3473
12312 12313
349 425
1918 3653
316 4526
1370 1371
11294 11295
8689 13009
10187 10188
6041 6042
2501 2502
9083 10449
12241 12242
834 835
8101 8102
2489 2502
13206 13358
5604 7491
4001 4002
423 424
6797 6798
1615 1616
1522 2649
6401 6402
8586 8587
11148 11149
1802 2905
10255 10256
239 240
6121 6122
2831 8548
1227 1228
9598 9599
3419 3470
1982 7849
5532 5533
5404 10005
5192 5193
7406 7407
1738 1739
8415 8416
8048 8049
6287 6289
13268 13269
2298 2299
3916 3917
4267 12864
1888 1977
2258 12925
5199 5200
1678 1679
10685 10686
4881 4882
1864 1865
5760 12720
3139 3140
10474 10475
1054 3801
2618 2619
11941 12678
4441 4442
1452 10728
11168 11169
1284 1285
476 3972
10802 10803
2761 2762
6210 6211
3878 3879
8909 8910
5711 5712
6438 6439
7929 7930
10942 10943
4155 4156
6876 6877
3548 3549
11254 11255
12626 12627
12574 12575
8433 8434
4435 4436
13231 13232
8105 8106
3112 3128
10108 10109
12162 12163
11149 11150
4022 4029
10112 10113
7405 7406
10756 11051
5002 5003
12851 12852
63 64
5408 5409
2234 2235
3349 3350
3677 3678
3865 6126
7706 10595
3977 3978
1870 1871
9918 9919
2507 2508
485 4968
6976 6977
1602 1603
410 411
9720 12621
9808 9809
7427 7428
10410 10411
2358 2359
11944 11945
8098 8099
13354 13355
1189 1190
8307 8308
1435 1473
6128 6129
962 963
1802 1805
1038 1039
747 748
496 6914
4525 4526
488 4968
302 303
7299 7300
4630 4631
1733 1734
1761 4532
6714 6715
1544 1545
4779 5868
7228 7229
8923 8924
5172 5174
5879 8465
1769 4530
8001 9860
4683 4684
4821 4822
11743 12255
11069 11070
5017 5018
3741 8636
5323 5324
11248 11311
3623 3624
5910 5911
4405 4406
11296 11314
11521 12315
3171 5516
2256 5700
11665 11666
3838 3839
5009 5010
6575 6576
13266 13267
647 648
6428 6429
7510 7511
5645 5646
3208 3209
5288 10405
9619 12767
4690 4691
11832 11833
5756 5757
8805 8806
1912 4774
3860 3861
4882 4883
574 575
5907 5908
9937 9938
6669 6670
1044 6610
13302 13303
5686 5687
13203 13204
8118 8119
4520 4521
1314 1315
1869 1919
8112 8113
6288 9223
6453 6459
2484 2485
11563 11564
2660 2661
11635 11681
13187 13363
2075 2076
2318 2319
4467 4468
4947 4948
3240 3320
9581 12773
470 2504
5445 5446
12033 12034
3602 3603
12346 12347
11491 11492
691 693
8311 8312
3408 5997
3774 3775
4474 4475
8190 8191
8141 8142
9799 9800
5625 5626
1918 4027
1851 1852
3286 3287
3868 3869
6768 6775
2846 2847
10029 10033
3569 3570
2756 8269
6506 6507
5588 11531
9523 11074
1430 1431
4476 4477
2022 3615
6402 6465
3213 5684
7159 7160
7725 7726
7245 7246
10427 10428
1871 1872
5770 5771
1542 1997
11711 11712
6290 6401
7570 7571
160 161
11466 11467
6617 6618
2263 2264
8321 8322
2513 2514
6514 6515
12043 12044
4557 4558
8329 8330
8674 8675
10275 10276
3836 3837
9131 9132
1934 1935
8654 8655
8247 8248
12898 12899
775 776
106 107
1661 1662
7400 7401
10228 10229
11289 11317
9175 10002
516 517
3017 3018
8471 8472
11120 11218
1062 1063
5453 5454
3568 3570
715 716
2780 2781
1853 1854
7250 7251
1116 2849
7024 7025
8227 11409
4288 4289
4140 10034
1843 1844
9344 9345
1200 2633
1199 1200
10375 10376
12204 13396
2806 2807
8705 8706
7545 7546
116 117
867 868
1217 1218
5221 5222
8642 8643
10174 10175
5232 6027
9365 9366
11042 11976
1832 1836
13398 13399
2461 4043
10152 10153
3822 3823
2009 2010
8016 8017
10502 10503
12177 12178
393 398
7461 7462
4521 4522
3361 3362
2485 2486
3547 3548
9231 9232
5263 10372
11318 12756
5028 5029
4886 4887
4417 4418
3828 3829
4322 9997
8684 8685
9975 10091
1943 1944
6409 6410
6481 6546
10500 10501
3518 3519
7162 7163
1459 10731
5973 5974
9132 9133
2053 11862
5596 5597
2742 2743
4295 12415
10243 11671
12127 12128
1972 1973
3230 3231
1841 1842
8589 9784
1831 1832
3964 3965
4170 8770
3904 3915
3831 3832
8216 8217
1086 1094
5054 5085
1603 1604
7047 7048
5750 5751
6742 6743
5901 5902
9320 9321
8208 8209
11282 11283
10938 10939
11583 11584
4280 4281
7420 7421
10052 10053
5486 5487
2968 3091
6462 6463
9163 9164
6974 6975
12695 12696
150 7552
7872 7873
6925 6926
3961 3962
3186 3187
2939 2940
5942 5943
9793 9794
12456 12457
9045 9637
3740 8204
5503 5504
6228 6229
1530 1531
11810 13088
8364 8365
11627 11628
168 176
7644 7645
265 300
1493 1494
2729 2730
1523 1524
12403 12404
1325 1470
7152 7153
6475 6476
3334 9189
1502 2651
10247 10248
4149 4546
4328 4329
10984 10985
2206 2207
4332 4333
8549 8550
2903 2904
7139 7140
8073 8074
2275 3687
6217 6218
9134 12599
8503 8515
449 10565
4413 4414
1189 2636
10626 10630
8214 8215
6062 6063
5344 5345
9698 9880
2087 2088
7789 7790
13195 13196
3489 3490
7981 7982
1219 11509
10127 10128
3115 5587
2684 2685
2844 2845
11013 11014
10943 10944
10241 10242
7832 7833
7284 7285
6726 6727
10612 10613
876 4805
1148 1149
3823 3824
1429 1430
708 709
7823 7824
11840 11841
6999 7000
3113 3114
922 923
8468 8469
9086 9087
4731 4732
1043 6563
10806 10807
11722 11723
11476 11482
6732 6733
468 469
8674 13013
6937 6938
1692 1693
1185 1186
939 940
413 414
7310 7311
11499 13051
5687 5688
8721 8722
1752 4538
3656 10082
9717 9718
2578 2579
11587 11588
4632 4633
7278 7279
4268 4269
4244 4263
3439 3440
6480 6481
7014 7095
6741 6742
4778 4779
4089 4090
9772 9773
8007 8383
1923 1924
4162 8773
9626 9627
6070 6071
9559 12791
226 227
12170 12171
7296 7297
3552 3553
12017 12018
2819 3400
3543 3544
7593 7594
11298 11314
644 645
1796 10322
2857 2858
11650 11651
11184 11185
3575 3576
10385 10386
11683 11684
12813 12814
2383 2384
104 105
12145 12146
10856 10857
3519 3520
7523 9243
3986 3987
404 405
985 986
2853 2854
4187 4188
11729 12260
3514 3515
12125 12126
4020 4021
1417 1418
3755 3756
724 4174
9939 9940
12229 12230
13281 13282
7322 7323
2603 2607
7330 7331
3218 3219
438 9096
10992 10993
6271 6272
1120 1121
2137 2138
5068 5069
540 541
33 34
6693 6694
12457 12458
2446 2447
1742 1743
11575 11576
8448 8449
8365 8366
6226 6798
8297 13047
11029 11030
2130 2131
3459 3460
7066 7080
11606 13150
6279 6335
10181 10182
6120 6121
3445 3464
997 4770
10234 12411
4438 11280
8411 8412
2421 2422
13088 13089
13290 13291
11741 11752
7127 7128
5001 5002
5670 5671
7706 7707
4528 7562
5978 5979
7935 7936
5015 5016
7065 7066
9169 9170
2686 4584
11878 11879
688 689
11346 11347
1116 2815
10714 10715
8458 8459
581 7633
4524 6822
5558 5562
135 235
3049 3050
9516 9517
7277 7278
4235 12865
5131 5132
8128 8129
7036 7089
1675 13431
11510 11511
5732 5733
1967 6226
4742 4743
3284 3285
10076 10077
7059 11395
1760 3990
2655 2849
4034 10087
8708 8709
2985 2986
1187 1264
1270 1272
9761 9762
7976 7977
6994 6995
9141 9142
94 95
2198 2199
4699 10617
12222 12223
5287 5288
6778 6779
7678 7679
6795 6796
9045 9046
6252 9049
2732 2733
6606 6607
4650 4651
8253 8254
1498 1499
10218 11041
5282 5283
5557 5567
6385 6386
746 747
7507 7508
5702 5703
3123 9527
55 56
2656 2849
10419 10420
11425 11426
8494 12700
12789 12790
8922 8923
1548 2521
7199 7200
9402 9403
3220 3221
12450 12494
661 662
891 892
6237 6238
4026 4028
3635 3636
7870 7871
10342 10343
6549 6550
7154 7155
5883 5884
2390 2391
4260 4261
10024 10025
10334 10335
5194 5195
899 900
1969 9785
5804 5805
12856 12857
8518 12697
1965 5309
1816 1817
10709 10710
10736 10737
4866 4867
5618 5619
6839 6840
6656 6657
7949 7950
10223 10224
11703 11704
11466 11482
8123 12003
9722 12620
6888 6889
5054 5084
2788 2873
12564 12565
585 586
7895 7896
2116 2236
12877 12878
8977 8978
13222 13223
8472 8473
11426 11427
10798 10799
9525 11073
12300 12308
788 2848
10515 10516
12422 12423
3871 3872
5378 5379
993 994
6098 6099
617 3455
7475 7476
10466 10467
7149 7150
12847 12848
9987 9988
738 739
11727 12260
4006 4030
11886 12659
11644 11645
1966 1967
4957 6188
5692 5693
4691 4692
10195 10196
1456 1457
6118 6119
100 101
1401 4966
10871 10872
9680 9681
9640 9641
12270 12271
10719 10720
1497 1498
7504 7505
6356 6357
11852 11853
8302 8306
3778 3779
8828 10538
7432 8381
3534 3535
3987 9846
10002 10003
2079 2080
11009 11010
3312 9158
11284 11285
6636 8261
3590 3592
5347 5348
1457 1458
1752 4539
2004 2005
12427 12428
6479 6480
6303 6304
5258 5259
6373 6374
7473 7474
8802 10548
1319 1320
5577 5578
5923 5931
10729 10730
12557 12558
1626 1627
8491 8492
6674 6675
10020 10021
9940 9941
573 7634
11286 11860
7662 7663
6894 6895
3713 3714
7743 7744
6167 6168
5095 5096
6173 6174
9815 9816
4973 10317
816 817
1690 1691
7801 7802
5716 12738
114 115
1401 1402
12927 12928
10929 10930
190 5935
2775 8267
1016 1017
992 1992
5977 6005
487 4968
2889 2890
8964 8965
7967 7968
9041 9042
5888 8464
13198 13199
12558 12559
9715 9716
6626 6627
5290 10365
12725 12726
3153 8877
1126 1127
11158 11159
309 4297
4729 4930
1298 1299
7916 7917
11836 11846
7643 9754
9796 9797
8591 8592
7305 7306
279 9406
11966 12669
7290 7291
13196 13197
10880 10881
915 916
12774 13382
11026 11278
8347 13037
3997 4035
696 697
10212 10213
3195 9179
6684 6685
942 989
800 801
1400 1401
10220 11995
1829 4972
12861 12917
2145 2146
8002 8003
2159 2226
7793 7795
9105 9106
3723 3724
4750 4751
13107 13108
5560 5567
8906 12960
9615 9616
4141 4565
4318 11501
1649 1650
10879 10880
8491 8498
9624 9625
4946 4947
12131 12132
808 5404
1263 1264
4979 4981
2891 5956
9949 9950
7878 7879
4563 4564
6886 6887
12455 12492
5561 5562
8306 13046
8047 8048
6139 6140
9490 9491
6956 6957
11164 11165
8648 8649
1448 1468
2896 2897
9906 9907
3206 3207
6220 6221
13245 13246
8928 8938
8590 8619
9584 9585
6113 6114
5905 5906
12141 12142
7314 7315
2115 2116
5236 10456
2720 5483
1004 2749
1909 9785
8506 8507
1354 10890
7900 7902
360 871
177 178
6901 8386
8498 8499
746 8767
1242 1243
9933 9934
4035 4036
9465 9466
6572 6573
6662 6663
3213 3328
5092 5159
655 2999
2524 2525
2870 4137
5278 5279
9828 9829
7680 7681
7705 7706
9457 9458
13304 13305
11929 11930
10159 10160
11013 11250
8937 8938
11138 11139
10859 10860
4651 4652
872 873
1426 8382
959 960
3457 3458
4754 4755
3398 3399
8044 8045
11551 11552
2681 4585
2360 2361
4645 4646
6421 6422
7927 7928
8293 13049
706 707
3531 3532
9401 9419
11717 11718
1856 1857
5389 5390
11129 11130
6770 6771
798 3314
2961 2962
7745 7746
1934 1936
562 563
12794 12795
5143 5150
1408 1409
2840 3320
642 3008
4166 8772
8276 8277
1766 4530
8690 8691
5647 7481
8179 8180
7418 7419
3072 3073
43 3482
7735 7736
6882 6883
10883 10884
412 413
7702 7703
5434 5435
1323 1324
3595 3739
9947 9948
13423 13424
2953 2954
354 10544
4815 5855
10387 10388
8175 8176
1481 7602
4324 4325
8701 8702
7405 7524
6487 6488
487 1421
3170 3171
9651 9652
224 225
6648 8424
13426 13427
2066 2253
12096 12097
5986 5988
5036 5568
7938 7939
6033 6034
13251 13252
1014 1015
580 7312
6486 6487
11277 11278
4383 4384
4097 4098
1368 1369
5189 6934
8760 8761
8558 9836
4705 4706
10851 10852
12860 12861
1598 1599
10071 10072
8900 12962
12009 12010
9190 9191
9337 9338
2178 2179
12782 12783
4694 4695
11732 11733
811 9250
5430 9387
5202 5203
12220 13390
11260 11261
3578 3580
10337 10338
5759 12721
12172 13119
6411 6412
5020 7642
9408 9416
8947 8948
9249 9250
10219 11995
5410 5411
6671 6672
4374 12923
10277 10600
9234 9235
12090 12091
6454 6458
10607 10608
9552 9553
9990 10156
13122 13123
7993 7994
6275 6276
950 951
7585 7586
11493 11494
9775 9776
13213 13214
5417 5418
4241 4242
4795 4796
707 708
2966 2967
10687 10688
150 483
216 217
620 621
13247 13248
4 5
9307 9308
1802 2906
3457 7621
13053 13071
11101 11102
5556 5557
8909 12959
326 327
7891 7892
1617 1618
2202 2203
4117 4118
12422 12640
11952 12672
9970 9971
5371 5372
7029 7091
6260 6343
2759 2760
11713 13096
11154 11155
518 11333
9393 9394
12282 12283
6628 6629
2507 12716
10025 10026
3793 3794
11890 11891
5646 5647
2369 2686
2989 2990
1627 1628
4126 4127
1799 1800
3228 3229
4752 4753
7988 7989
5908 5909
12893 12894
360 421
4367 4368
550 551
10125 10618
2766 2773
3746 3747
8786 8787
5120 5155
4064 4065
8130 12750
12185 12186
12857 12858
9098 10443
12197 12198
1795 6679
2397 2398
5869 10811
2558 2559
2187 2188
9114 9115
7346 7477
5036 5037
5877 5878
12207 13395
9475 9476
10742 10743
8453 8454
10014 10442
7865 7866
11428 13148
1140 1141
10296 10297
7331 7358
1743 1744
1891 1892
11247 11311
8213 8214
1852 1853
5949 9281
1911 2542
3270 3271
11467 11468
5606 5607
7948 7949
8195 8196
13258 13259
9628 9629
750 751
7923 12845
8502 8503
2675 4587
9292 9293
887 888
4121 4122
7906 12819
7650 7651
6476 6477
1051 1052
5628 5629
11918 11919
1463 1464
4030 10086
289 290
3438 3439
5071 5072
9113 9654
2410 2411
13267 13268
3844 3845
2100 2101
795 796
1846 10309
7882 13122
2494 2495
167 168
8946 8947
9417 9418
2639 2640
11092 11093
11907 11908
5740 12728
6094 6095
575 577
1459 1460
3559 3561
2808 2809
6258 6259
1682 11110
4203 4204
4143 4144
4996 4997
9463 9464
133 134
10239 12362
6752 8402
3973 3974
6056 6057
3242 3319
12319 12320
3681 10065
9016 9017
440 10571
8935 8936
2277 2278
628 629
1854 1855
249 7177
3248 3249
2357 5247
9742 9743
13276 13277
4776 4777
4190 4191
10354 12624
11735 11736
13360 13361
110 243
1844 1845
7928 7929
7964 7965
503 6913
7684 9748
7715 7716
1379 1380
6881 6882
823 824
12572 12573
3694 10058
1436 6128
7029 7030
13289 13290
6814 6815
6498 6499
8726 8727
2344 6854
11973 11974
6655 6656
9218 9264
8252 8253
9807 9808
1684 1685
4622 4623
9304 9305
10827 10828
5722 5723
2950 2951
9115 9116
7159 7185
12605 12606
11728 11729
1458 12920
4792 4793
3598 3739
13424 13425
10927 10928
11617 11618
2213 2214
3437 3438
6402 6403
5658 5659
10243 11673
12203 12204
3589 3590
555 556
8476 8477
3703 3704
11606 11607
469 10559
6943 6944
884 885
4236 4237
440 441
9711 9712
9018 9019
1732 1733
1764 4531
5074 5075
8147 8148
8144 12748
1873 1874
5189 6986
11771 11772
13024 13025
9323 9324
11246 11247
4972 10312
6602 10031
1955 1956
1262 4606
1437 1438
11755 11756
10143 10617
8430 8436
5393 5394
7782 7783
7968 12834
1773 1774
9061 10329
4865 4866
13347 13348
492 493
7366 7367
7520 7521
5343 5344
7783 7784
12297 12298
11965 12670
1918 11240
12238 12239
7168 7169
2389 2390
12483 12484
3750 3751
2199 2200
6457 6458
7380 7381
8209 12309
2641 2979
12091 12092
10542 10543
11950 11951
12593 12594
5707 5708
9647 9648
10017 10018
8489 8490
2035 11871
1326 9050
11866 11867
2703 2704
9182 9183
4671 4672
8686 8687
5088 5089
575 576
10269 10270
7441 8379
12055 12056
6175 11590
578 579
2740 2741
9022 9023
4258 7071
87 88
12485 12486
1344 1345
2581 2582
11195 11196
3436 3437
8094 12945
1213 1214
9213 9265
8474 8475
6544 6545
12884 12885
8140 8141
12501 12502
2365 2366
2648 5013
5495 6983
4021 4022
3155 5533
3332 3333
11637 11638
12174 12175
6896 6897
7667 7668
9472 9473
11765 11766
11701 11702
3193 6276
8652 13018
4050 4051
11015 11016
12130 12131
7190 7191
5075 5076
4104 4105
1012 1013
2696 4578
8940 8941
4581 4582
544 7640
13264 13265
7161 7188
1867 1868
6054 6055
9549 9550
3655 9064
13118 13119
4045 4046
6112 6113
6911 6912
2917 2918
2579 2580
10134 10135
9408 9409
3144 9803
303 2111
10845 10846
2316 2527
3074 3075
10923 10924
2176 2177
6507 6538
1866 10886
2545 2627
12615 12616
522 523
3205 3206
10 222
7649 7651
2403 2404
11738 12257
9317 9318
3280 3281
7177 7178
1253 5461
4005 10086
6295 6296
11588 13155
9043 10199
1452 1467
6525 6526
809 5404
5160 5161
437 3691
1786 1787
4727 4728
1390 1485
3154 3155
2054 10330
4235 4268
1 7189
9124 9125
8982 8983
1537 1538
13185 13363
11578 11579
232 5932
7660 7661
4751 4752
10891 13095
1424 1425
2548 11232
11052 11053
6654 6655
9301 9302
3129 3130
5426 5427
5691 5692
923 924
7722 7723
11084 11085
12081 12082
5771 5772
8353 8354
7324 7325
5799 5800
3845 3846
4992 4993
9510 9511
3223 3324
2196 2197
8376 8377
1963 10330
1685 1686
3707 3708
8933 8934
3496 4775
3803 8872
3588 9885
9974 10092
3585 3741
8705 13006
22 213
4914 4915
2788 6194
717 718
4392 4393
4534 4535
7039 7040
9340 9341
9686 9687
2356 2357
10423 10424
1592 1593
6435 6436
752 753
5405 5406
8109 8110
3885 3886
3854 3855
3059 3060
6990 7098
7560 7561
10679 10680
10850 10851
8598 8599
11638 11639
5249 5250
1768 1769
2374 2478
4258 4717
8420 8421
9612 12768
6890 6891
4243 4244
265 266
4006 4007
9496 9497
3585 3587
11678 11679
784 785
8332 8333
3960 3961
441 10570
8361 8362
12965 12966
4497 4498
6451 6452
8 9
2032 11873
11009 11307
10250 10251
8494 12699
428 10054
9535 9536
12063 12064
9217 9218
633 634
9588 9589
6475 6548
10116 10117
4879 4880
597 7628
7781 7782
3857 3858
2048 11678
448 449
1410 1479
2385 2386
1257 1258
7921 13130
8837 10535
7293 7294
1546 7388
2600 2601
4898 4899
12575 12576
7840 7841
10708 10709
3547 6791
7876 7877
6817 6818
754 755
6572 6627
10018 10019
13230 13354
3539 9892
10098 10099
6247 6248
5233 5234
5310 5311
8649 13019
9355 9356
4613 5452
10837 10838
12679 12680
5812 5813
4987 4988
9290 9291
765 766
6088 10835
3246 3247
6660 6661
3792 3793
11775 11776
11498 11499
12567 12568
2789 2870
7727 7728
598 7468
6782 6783
107 108
8102 8103
9361 9362
611 7625
2571 2621
3029 3030
4611 4612
4982 4983
814 3308
5122 5123
9832 9833
641 642
8095 8096
8222 11412
4222 4223
6117 6118
1682 1683
11657 11658
5597 5598
690 691
4934 4935
12307 12308
12510 12511
8809 8810
13333 13334
6521 6522
10132 10133
3284 7498
2299 2300
12052 13102
12467 12472
39 40
8302 8303
912 913
6962 6963
3179 3180
7416 7417
11746 11747
7203 7204
8233 8234
2841 3242
10775 10776
9988 9989
5473 5474
5518 5519
5616 5617
12016 12017
7692 9871
8538 8539
4722 5697
4359 4360
927 928
10216 10217
3728 3729
11445 13144
8160 8161
788 789
767 768
836 837
5007 5008
1507 1508
720 721
5166 5169
2817 3476
427 3709
4553 4554
10123 10618
2860 2861
10121 10122
984 985
10914 10915
1587 1588
4316 4317
1712 1713
5320 5321
2892 2893
8537 8538
6810 12417
6055 6056
6978 6979
11778 11779
2928 2929
8055 8056
13305 13306
8838 8839
9518 9519
6901 6902
5237 12294
6429 6430
11411 11412
2766 3802
9682 9683
8280 8281
1941 1942
2489 2497
10180 10181
1545 1546
9227 9228
11267 11268
9218 9219
13181 13182
2049 11677
6111 6112
12913 12914
2341 6852
7546 7547
8236 8237
9047 9827
4239 4240
2426 2427
7487 7488
9390 9391
9069 9070
5987 6244
7819 7820
8656 8657
3818 3819
6883 6884
570 571
5388 5389
11238 11240
1441 1442
1509 1510
9522 9523
10891 10892
2726 2727
2183 2184
3238 3239
10138 10139
330 331
11548 11549
1597 1598
7212 7213
11530 11531
6462 11015
3353 3354
5746 12727
7118 7119
3192 3193
2759 2765
8716 8717
2548 11233
2547 11234
12007 12008
7723 7724
5585 7174
7913 11997
9524 11101
7921 12123
4487 4488
10425 11286
11141 11142
190 232
4354 4355
11625 11686
4227 6019
7020 7021
5721 5722
4823 4824
513 514
5562 5566
1258 12648
4932 4933
301 1993
6554 6555
1965 11672
10645 10646
12376 12377
1932 1933
9722 12619
8182 8183
7170 7178
9363 9364
7738 7799
1224 1225
7897 7898
152 481
13108 13109
8739 8740
3869 3870
3977 4040
285 286
11485 11489
7182 7183
3022 3023
10115 10619
9000 12991
3192 3332
5665 7517
5831 5832
10437 10438
4321 11500
4122 5107
11818 13086
12896 12897
7666 7667
2558 2625
3662 3664
2667 4591
8993 12994
6938 6939
1021 1022
98 99
4048 4049
2592 2593
5271 5272
7983 7984
10465 10466
6212 6213
11571 11572
3560 3561
12180 13406
8828 10537
13 14
13122 13130
1160 1161
350 12263
3557 3559
12095 12096
34 208
3891 3892
4253 4254
11795 12001
1641 1642
5605 5606
5341 5342
7433 7434
13234 13235
12269 12270
7979 7980
11456 13141
8907 8908
12157 12158
8339 8344
13300 13337
2162 13378
123 237
458 459
10908 10909
317 404
584 585
5102 5103
12876 12877
517 10838
8292 8293
10294 10295
8731 8732
9220 9221
7273 7274
8003 9859
273 274
9160 9161
5895 6687
4823 5852
10946 12596
9504 11079
1013 1014
7954 7955
11727 11728
46 47
6397 6398
60 61
7340 7341
7148 7149
2663 2664
4256 4257
11642 11643
11821 13085
9350 9351
8400 8401
2587 2613
3082 3505
1167 1168
7348 7349
2268 2269
7210 7211
10469 12293
1820 1821
10504 10505
12209 12210
10232 12408
12114 12115
13151 13152
11569 11570
5428 9388
7726 9861
8093 8094
2126 2127
3661 3662
9434 9435
7818 7819
849 850
1965 3655
2576 2577
1322 6125
11557 11558
32 33
324 325
12871 12872
8512 8513
10236 11974
11864 11865
8202 8203
1668 4298
1713 1714
11258 11259
7997 7998
8318 10220
7075 7076
9820 9821
1198 1199
7768 7769
7623 7624
5749 12726
2204 2205
12310 12311
11218 11219
12240 12241
4003 10951
13407 13408
3152 5535
6282 9269
12004 12005
10784 10785
8980 8981
517 3881
1039 1040
4696 10142
10266 10267
7430 10984
5092 5093
5798 10037
992 993
3562 3563
4809 5860
5052 5053
12015 13077
8609 8610
997 4771
258 3389
8327 8328
9477 9478
168 169
4156 4157
9717 10354
9128 9156
4550 4609
5977 5978
11503 11504
4717 4719
10804 10805
1906 3495
12564 12567
5811 5812
10443 10444
6262 6343
6640 6641
4621 5451
4010 4011
1948 1949
3638 3639
1774 1775
9022 12985
7328 7329
5291 5292
5967 6010
2135 2136
7197 7198
12205 12206
8221 8222
12236 13387
4803 4805
11309 11310
4220 6020
437 438
9709 9710
6967 6968
13422 13423
11542 11543
4411 9422
4165 4166
4619 4620
12900 12901
10575 10576
928 929
5305 10359
7434 7435
3711 7920
5663 7480
1465 10735
7428 10983
2906 2907
11079 11080
11330 11331
571 572
2547 11233
9058 9059
12218 13390
10293 10294
2717 2718
10217 10219
9769 9770
9159 10004
6310 6311
8747 8748
2289 2539
6530 6531
5656 5657
8826 10539
11758 12247
11045 11975
5514 5515
4118 10412
9063 9064
11327 11328
12140 12141
7999 8000
10040 10041
5467 5468
1255 1256
12450 12451
11823 13084
12589 12590
1505 1506
5289 5290
2970 2971
2106 2237
3709 13429
1913 1914
2790 2871
2997 3443
3786 3787
840 841
12874 12875
1328 1329
2265 2266
11980 11981
7672 7673
12559 12560
2333 2334
7557 7558
10227 10228
2733 2734
8199 8200
3365 3489
10949 10950
8936 8937
807 4894
1374 1375
4548 4549
11812 13087
9577 12550
9673 9675
6679 6680
8742 8743
5333 5334
4551 4552
6750 6751
1099 1100
5733 5734
11441 11442
10464 10465
11405 11406
473 5183
2571 2572
9562 12787
1915 4151
6447 6448
3214 3327
2413 2414
6170 6171
8363 8364
5760 5761
8006 9859
43 44
7295 7363
3911 3912
8564 8565
1775 1776
5609 5610
3449 3462
6150 6151
9523 11105
7232 7233
12120 12121
12420 12421
10 11
21 3224
9133 9155
7734 7735
9379 9380
13156 13157
1054 4125
7941 7943
12343 12344
10235 12412
24 25
3014 3015
4411 9397
5595 5596
462 463
7549 9894
1363 7836
2041 2042
3641 5541
3914 3915
3945 7837
6776 6777
10629 10630
2607 2608
10495 12287
6479 6546
4385 4386
9513 9514
10215 10216
1128 1129
5621 7488
10797 10798
2331 2332
4565 4566
583 7633
9731 9732
8709 8710
13121 13422
1978 9451
3344 3345
10783 10784
6168 6169
8518 8519
2907 2908
7804 7805
10046 10047
1111 1112
8844 10531
5540 5541
3894 3895
701 702
6254 6255
946 947
12176 12177
3896 3897
3194 3195
12204 12205
2296 2297
4638 4639
530 532
4457 4458
4119 5107
5888 5889
10240 12361
1911 2541
6517 6518
4577 7117
2918 2919
11915 11916
4139 4140
7138 7139
2691 4581
8680 8681
5128 5129
4832 5849
5356 5357
634 3455
2336 2337
11031 11032
1869 1870
6049 6052
1900 12940
3447 3462
1401 2906
7652 7653
4124 4125
3536 3537
12505 12541
3781 3970
12526 12527
5045 5178
500 501
3955 3956
5547 5548
6332 6333
6709 6710
4970 10305
9397 9421
1546 1547
6277 6278
7053 7054
8930 8931
4985 4986
8675 8676
11192 11193
4783 5867
12092 12093
11467 13135
2391 2392
737 738
1761 4259
12217 12218
9446 9447
269 4356
8 4861
3586 3588
7135 7136
3220 3326
2731 8282
5954 11535
10715 10716
937 938
3782 8628
3156 4430
10529 10530
296 297
5236 6024
8399 8400
6746 6747
11585 11586
5876 5877
12134 13130
5447 5450
3035 3036
11378 11516
11130 11131
6766 6767
4590 4591
2084 2245
11116 11117
11610 11611
7896 7897
2105 2106
12460 12461
453 457
4196 4197
13014 13015
4644 4645
4498 4499
4782 4783
11057 11058
10290 10597
10360 10361
8860 8861
11919 12368
3549 3550
11607 11608
12521 12522
4990 4991
9475 11108
1227 12760
3763 3764
9377 9378
8501 8502
1315 1316
11750 11751
7117 7118
3978 3979
1952 9054
4993 4994
1309 1310
5399 5400
5211 5212
13193 13194
8243 8244
13207 13208
4177 4178
687 2997
8294 8295
8929 8930
7071 7081
2189 2190
9540 9541
11352 11353
10999 11249
9103 9655
4266 4267
6308 6309
5832 5833
2509 12716
1741 1742
8392 8393
1428 1433
3365 3366
4512 4513
6633 8257
4004 4005
9649 9650
10924 10925
2163 2164
10012 10013
7442 8380
5384 9369
9010 12988
3945 3946
10021 10441
4110 4111
1688 1689
174 175
11228 11242
9622 9623
7851 9431
12300 12301
5690 5691
13295 13339
7108 7109
9101 9656
1207 12641
8850 8851
924 925
1225 2629
577 578
7315 7316
9818 9819
2637 2638
2982 2983
8148 12747
12878 13366
1921 10886
6239 6240
12901 12902
5090 5161
1299 1300
7032 7033
1918 11239
9592 9593
3868 3924
9903 9904
13025 13026
2219 2220
8813 8814
10498 10499
7590 7605
11053 11054
9955 10652
5305 10358
8271 8272
12424 12425
11287 12756
11124 11125
10380 10381
12880 12882
5731 5732
5870 5871
2344 8395
9635 12762
8890 12974
4686 4687
4019 4020
12113 12114
4217 4218
7858 10957
5243 5244
2744 9395
3498 3499
3047 3048
6269 6270
11625 11690
10258 10259
3807 3808
11813 11814
6816 6817
9804 9805
2672 2673
11795 12002
13230 13231
1730 1731
6171 6172
12393 12394
8334 8335
10166 11991
10671 10672
12322 12323
5583 5584
3672 10069
3390 3481
2925 3809
4913 5601
7310 7312
11462 11463
2271 2272
3158 9415
12468 12473
7395 7396
7396 7397
3947 3948
5764 5765
3226 3227
6194 6195
10130 10131
3584 9886
5701 5702
8340 8344
3406 3408
2392 2393
10553 10554
12330 12331
11492 11493
5970 5971
12662 12663
3886 3887
10751 10752
8100 8101
2775 2776
6311 6312
2269 2270
4073 4074
5432 5433
1131 1132
910 911
12277 12278
7331 7332
7586 7607
4291 4292
10722 10723
5588 5590
11628 11629
1392 1485
29 30
12455 12465
6076 6077
10633 10634
7858 7859
1402 7600
1739 1740
1081 1082
6960 6961
4840 11857
5478 5479
9401 9402
187 232
1254 1255
9203 9269
2760 8275
4434 4435
12590 13374
348 349
6426 6427
4657 4658
607 5905
3422 3423
8881 8882
13291 13292
1533 1534
7441 11318
7266 7372
12483 12485
6179 6180
8328 8329
12577 12578
11714 11715
3632 3633
8944 8945
9314 9315
167 476
6175 6189
322 323
10252 10253
11897 12653
4422 4423
11465 11466
9701 9702
12647 12648
4000 10093
2832 2833
12388 12389
1495 1496
12198 12199
8461 8462
2399 5174
7171 7179
8729 10412
724 8765
5364 9376
9508 9509
82 83
7958 7959
8959 8960
6018 9120
6944 6945
155 2904
8466 12363
11729 11730
12050 13102
12303 12304
8706 8707
1675 1676
4454 4455
4933 9346
378 2354
3125 3126
4135 4136
5496 6982
7793 7794
5377 5378
5497 5498
1396 1397
1760 4533
11732 12259
2905 2906
8144 8145
7163 11529
4546 4547
2739 2740
13248 13249
11541 11542
7022 7023
12795 12796
5086 5087
3354 3356
558 7639
12448 12449
1158 1159
7824 7825
844 845
7794 9133
11562 13169
1965 9057
6569 6571
703 3440
5899 5900
1944 1945
11025 11026
1619 4300
301 302
6494 6495
12355 12356
12101 12102
1345 1346
12215 13392
406 4525
4688 4689
6645 6646
12688 12689
3785 3786
7986 7987
568 601
10074 10075
6433 6434
2988 2989
1354 1355
6340 9477
1762 1763
1308 1309
11347 11348
11943 11944
4246 4247
969 970
8264 11407
8150 8151
746 784
130 131
9453 9454
8777 10547
10489 10490
11136 11137
10288 10597
10299 10594
8610 8611
11189 11190
2442 2443
5509 5510
3394 3480
9791 9792
4112 4113
7103 7104
1350 1351
1802 1803
5791 5792
11353 11354
12519 12520
11925 11926
6190 6191
138 139
9534 9535
9304 10818
10155 10156
5562 5563
12592 12593
9081 9082
1914 4773
1138 1139
11301 11313
11434 11435
9948 9949
8488 8489
12069 12070
9296 9297
6706 6707
1931 2063
12116 12117
8819 8820
1817 10314
2596 2597
5019 5020
9332 9333
2034 2035
13297 13338
7915 7916
13312 13313
210 211
7714 7715
2533 4088
6861 8392
158 159
1524 1525
10776 11050
6278 6279
2870 4139
12740 12741
12135 12136
5473 5794
3731 3732
1255 2628
1452 1458
7885 7888
7285 7368
2776 2777
12509 12510
1460 10733
12219 12220
12187 12188
4473 8427
1122 1123
12266 12267
976 977
8601 8602
268 269
2333 2520
11921 11922
8192 8193
9605 9606
2052 11971
7292 7363
1034 1035
8345 13037
9229 9230
1563 6632
3263 3264
6145 6146
5298 5299
3865 10833
10892 10893
8943 8944
11580 11581
2307 2308
8114 8115
6176 8042
3206 9177
3579 3580
2942 2943
1482 1483
5988 5989
8722 8723
12624 12625
4788 4789
6268 9478
5788 5789
5539 5540
427 3711
5923 11070
6724 8406
1960 10331
4625 4626
7861 7862
2060 2070
1947 2061
2093 2094
8505 8516
6063 6064
2369 4582
5269 10370
5420 5421
7769 7770
1763 1764
1546 7234
4432 4433
2643 2644
9813 9814
3247 3317
6296 6330
7500 7501
2171 2172
556 7639
9094 10447
2122 2123
8094 8095
9195 9270
9035 9036
1589 1590
3564 3566
9505 9506
7465 7466
1939 1940
6289 6290
8597 8598
589 7630
2328 2329
1001 1002
6308 6310
9354 9355
11155 11206
3077 3078
8639 8640
2253 6937
746 4171
12482 12483
12213 13393
154 155
2073 9050
7006 7097
1422 1476
11965 11966
12706 12707
2254 8885
400 401
11152 11153
89 90
2132 2133
7027 7028
11748 11749
1463 10739
2459 2460
11477 11478
4874 4926
535 536
9842 9843
6489 6545
6448 6449
9717 12627
941 942
2139 2140
9909 9910
1106 1107
6599 6600
7795 9133
2144 2145
3628 3629
5644 5645
1212 1213
1846 10308
1460 1465
8815 8816
9232 9233
273 297
3475 3476
1953 9054
4134 4135
10008 10009
178 179
3804 3805
2422 2423
2018 2019
6420 6461
9034 12980
12199 12200
10149 10150
11018 11304
1538 2522
510 511
9781 9782
3613 5545
8085 8086
8643 8644
3830 3831
10125 10126
12545 12546
3366 3488
5275 5276
12181 12182
10300 10301
7106 7107
151 152
7393 7394
8851 10527
13323 13324
268 299
11133 11134
566 567
9762 9763
8022 8023
12855 12856
3295 3296
3697 3698
774 775
9899 9900
2908 2909
4979 5012
5826 10512
541 542
1266 1267
2027 2028
2489 5184
12391 12392
2456 2457
4883 4923
12194 12195
1898 1975
809 3310
1200 2632
52 53
756 757
3778 10644
1965 5450
6939 6940
159 479
5385 5386
8061 12954
9932 9933
446 447
7463 7464
5510 5511
9867 9868
5798 5799
4949 4950
8579 8580
10050 10051
192 6016
5458 5459
790 792
2922 2923
5459 5460
7474 7476
4903 4904
1918 6793
5004 8032
4369 4370
4137 4138
11065 13371
1421 1422
6576 6577
6323 6324
1571 1572
6813 11119
4826 4827
12191 12192
5306 5307
12396 12397
12205 13395
6370 6468
91 92
521 7778
1020 1566
1202 1203
10699 10700
12608 12609
5579 5580
809 3311
6540 6541
4867 4868
1915 1916
3932 3933
5053 5054
5928 5929
10146 10147
12581 12582
5204 5205
4486 4487
2256 5774
6648 6649
5693 5694
198 229
1705 1706
2574 2575
2323 2324
1711 4109
13010 13011
2208 2209
5697 5698
5036 5556
10973 10974
1653 1654
384 385
11686 11687
10965 10966
3591 3592
3118 3119
11326 11327
4027 9843
2249 9052
7592 7604
8879 8880
12008 12009
165 166
4996 8033
9721 9722
39 6339
839 840
8563 8564
11761 12245
11967 11968
6090 6091
6780 6781
611 612
4501 4502
11245 11247
2318 11109
2318 2526
11485 11486
2825 2826
5409 5410
7883 7884
721 722
11096 11097
12926 12927
11115 11116
9183 9184
6067 6068
4027 6227
8099 8100
1020 1021
3835 6163
7581 7582
11369 11370
9687 9882
1907 1908
2229 2230
2919 2920
8591 9768
7134 7135
5391 5392
9071 9072
1309 1339
1784 9929
6992 6993
6100 6101
3273 3274
3394 3395
8954 8955
5003 5004
5455 5456
8915 12958
7126 7127
4060 4061
6340 7527
8494 8495
7198 7417
13311 13312
7703 7704
1656 1657
11269 11270
11431 11432
12182 12183
5951 5971
1833 1834
3714 3715
657 658
2816 3190
10254 10602
8668 13015
3267 3268
7666 9751
9671 9883
1116 3802
10587 10588
5818 5819
10963 10964
192 193
2406 2407
8313 8314
533 534
9288 9294
811 3310
6273 6336
2170 2171
1464 10740
8788 8789
6047 6051
8859 8860
5301 5302
2483 6934
10940 10941
12543 13384
4004 4031
7403 7404
8629 8630
5014 5015
2796 2797
2021 2022
1433 1434
11623 11624
1397 1398
9952 9953
10756 10757
1541 2522
4440 5921
894 895
8663 8664
3601 8426
8068 12953
2747 2748
4915 4916
2530 2531
3225 3226
5622 11508
6241 6242
5255 5394
128 129
11768 11815
5519 5520
1157 1158
3691 10059
3700 3701
10073 10074
1535 2637
5853 5854
9907 9908
958 959
1761 1762
5133 5134
11639 11864
6230 6231
5841 9790
9050 10507
5906 5907
933 934
11424 11425
8777 8806
8326 8327
9172 9173
563 564
7950 7955
537 538
7101 7102
5561 12285
2967 2968
11293 11294
5277 10367
1961 1962
4169 8771
7869 7870
12108 12109
12863 12917
914 915
3222 3223
23 24
7681 7682
9693 9881
5953 5954
6321 6322
4402 4403
11286 13116
5414 5415
205 4723
5752 12725
11768 11769
1750 1751
502 503
1310 1311
2033 2034
5666 9238
3187 5500
3655 9062
2601 2602
6014 6015
624 625
1697 1698
2095 2241
2290 2291
10210 10211
3574 3926
998 4769
9973 10093
7866 7867
148 149
2719 2720
1720 1721
3109 3110
30 209
12437 12438
3772 3773
8510 8511
4179 4180
5527 5528
5201 5202
8926 11983
12985 12986
5290 5291
2841 3320
4808 4809
4071 6163
11630 11631
12167 12886
5536 5537
687 3466
3532 3533
308 309
7908 7909
13211 13212
2921 2922
11027 11028
5134 5135
1139 1140
9077 9078
3284 7530
8321 13042
12778 12779
354 8818
6102 6103
8769 8770
2661 2662
10725 10726
900 901
813 3309
7749 7750
1607 1608
6291 6292
8666 8667
7555 7556
493 494
2140 2141
4616 5492
2025 11875
7776 7777
3540 9892
12543 12544
1676 1677
3402 3404
1912 1913
5125 5154
5159 5160
4977 10815
2679 2680
7215 7216
9295 9296
12278 12279
12353 12354
209 210
10948 10949
7758 7759
337 338
3098 3099
3733 3734
1822 10313
152 153
2748 4760
10875 10876
6570 6571
10836 10837
552 553
2783 2784
4697 4698
1137 1138
3764 3765
1264 10887
3355 3356
127 6630
3073 3074
4713 4714
9358 9359
3418 3419
2518 2519
6765 6766
2531 2532
356 357
10530 10531
7063 7064
511 512
7994 7995
294 9407
143 144
8931 8932
12098 12099
8789 8790
7468 7469
693 696
3254 3255
10268 10269
12868 12888
2710 5793
3616 5544
2399 2400
12313 12314
2801 2802
2168 2169
12326 12327
11187 11188
6659 6660
2364 2365
5914 5955
8019 9854
6360 6361
5228 5229
1734 1735
12879 12880
6532 11398
7005 7006
9550 9551
3629 3630
11962 11963
2067 2068
2017 2018
1138 1244
1773 4528
4366 4367
1403 1404
1651 7921
9634 9635
2417 2418
1538 7846
6138 6139
11920 12649
10744 10745
2040 2041
10453 10454
7145 9983
1193 1194
10739 10740
3453 3461
9968 9969
7692 9870
11380 11516
13187 13188
9224 9225
3410 9699
5185 5186
1854 1857
6749 6750
1323 3864
6767 6768
3872 3873
6650 6651
3576 3578
331 332
5314 5447
5210 5211
11814 11815
1002 4766
6364 6365
9186 9187
9983 9984
3604 3605
1299 1343
5952 5953
9730 9731
1029 1030
1953 1954
2965 2966
9248 9259
3296 6469
7759 7760
5665 7480
5132 5153
8122 8123
1976 1977
4335 4336
315 3611
3134 3135
12644 12760
58 59
12826 12827
8398 8400
13241 13242
4098 4099
5115 5116
8158 8159
7714 7716
10463 10464
6580 6625
250 251
1868 1869
1042 6610
1229 1231
2872 2873
5774 5775
9195 9196
9512 9513
448 10566
7235 7236
9432 9468
9878 9879
4988 12759
9025 9026
4874 4875
12020 12021
5692 7478
372 2351
2343 2344
11550 11552
7974 7975
4390 4391
379 380
5822 5823
210 4721
2338 2339
5706 5707
353 354
1500 1501
7511 7529
12500 12501
12554 12555
2334 2335
1305 1306
760 761
5715 5716
10919 10920
9237 9261
6057 6058
5271 10369
12156 12157
2285 2286
10473 10474
8555 8556
8057 8058
12588 12589
1830 1831
2773 8270
11167 11168
313 314
322 419
186 187
9130 9156
13188 13189
4259 4260
8281 8282
4839 4840
12381 12382
6635 8258
9533 12812
8370 8371
6603 6604
9925 9926
9520 9521
484 6022
9112 9113
3026 3027
10070 10071
808 809
7826 7827
12283 13410
5712 5713
11928 12681
4080 4081
1821 1822
7056 11396
8622 9769
12983 12984
12973 12974
1250 1251
5829 5830
50 250
7688 7689
13180 13181
11619 11688
2276 11416
11111 11112
5645 5685
2283 10446
4685 10178
1723 4540
2676 2677
3147 3148
4793 4794
6264 7514
5709 5710
4103 4104
6291 6400
8351 13027
902 903
8796 8797
1634 1635
10730 10731
544 545
10686 12921
7719 7720
2977 2978
1790 1791
12774 12775
8697 8698
11861 12758
8487 8488
2816 3334
11046 12399
1325 1471
10179 10180
4380 4381
2239 2240
1362 1363
1475 1476
1307 1342
9665 9666
11634 12652
8782 8783
7691 7692
11985 11986
10217 10218
3082 3083
5317 9384
9411 9415
149 263
1042 1043
3551 3552
864 865
6954 6955
586 7632
3372 3373
434 10572
10191 11984
4561 4562
9561 12788
3416 3417
3181 3182
8670 8671
271 272
4933 10814
8250 8251
9623 9624
615 616
10490 10491
8833 10536
12188 12189
13056 13057
9797 9798
4908 4909
7995 7996
164 9852
7382 7383
11228 11229
4447 4448
1521 1522
2220 2221
2123 2124
7960 7961
8496 12701
5649 5650
10780 11061
8598 9154
5502 5503
635 3298
12056 12057
7158 7159
8015 8016
3455 3457
9698 9699
8575 8576
6149 6150
7025 7026
4351 4352
6132 6133
5663 5664
2461 2462
8470 8471
11807 11808
8485 8486
4443 4444
1410 1480
8123 12243
9410 9411
9043 9044
11056 11057
9574 9575
11248 11310
187 188
9458 9459
6818 6819
9210 9211
1119 7684
181 182
3968 10665
1823 1824
4984 8036
6030 6031
1294 1295
1911 2543
11751 11752
4248 4249
5625 11507
949 950
3348 3349
6287 9222
1541 2332
11135 11211
1146 1147
2398 2476
7239 7240
11155 11156
7206 7207
1218 1219
12164 13121
10433 10434
4937 9347
7687 7691
9235 9236
4517 4518
9325 9326
1534 1535
12239 12240
4779 4780
9301 10818
9667 9668
4396 4397
399 400
6902 6903
3208 3330
2902 2903
9434 11100
2561 2562
4212 4213
280 294
8830 10537
11190 11202
3780 10645
4963 4964
4985 8035
733 734
8244 8245
8659 8660
1175 1176
8752 8753
8934 8935
3221 3222
5983 6003
7436 7437
12368 12369
9302 9303
1590 1591
4008 4009
7918 7919
6882 6884
10193 11984
6911 8397
13227 13355
5968 5969
10414 10415
3252 3253
7543 7544
4724 4930
12526 12534
7193 7194
12099 12100
8155 8156
5413 5414
7457 7458
994 1990
5585 6345
5418 9392
1122 1247
4853 4854
559 560
8143 8144
3434 3435
2964 3092
2818 3402
1466 10731
1116 2654
4483 6846
4571 4572
5821 10514
6722 6723
11047 11048
3078 3079
12354 12355
12982 12983
10099 10100
3557 3558
1194 1197
7941 7942
7975 7976
8060 8061
12957 12958
5865 5866
8595 8596
1042 9822
200 5939
5031 6253
6757 6784
8928 12956
3176 3177
2423 2424
10092 10093
5103 5158
7351 7353
6531 6532
5942 5974
12100 12101
12730 12731
7947 7948
1593 1594
12464 12465
11533 11534
11916 11917
7939 7940
7035 7036
6077 6078
8360 8361
12880 12881
7972 7975
2900 2901
5626 5627
1259 1260
9197 10948
6205 6206
10677 10678
9436 9467
10359 12362
5903 5904
10926 10927
7811 7812
9834 9835
8901 8902
3030 3031
10284 10285
11435 13147
8855 8856
5091 5092
4218 4219
6618 6619
6637 8261
2094 2095
5098 5099
8672 8673
6096 6097
513 6907
6183 6184
3136 3137
612 7625
7043 7088
3190 3474
2437 2438
368 369
2824 2825
150 5239
5781 5782
11369 11518
7247 7248
6940 6941
6167 6189
3720 3721
5919 5920
5889 5890
4678 4679
3586 3925
4509 4510
7919 7920
10461 10462
3675 10067
4951 4952
2375 10481
12 13
1116 1253
12854 12855
10084 10085
8372 13022
8114 12941
1356 1357
4889 4890
637 638
811 9249
2995 3467
7792 7793
12829 12830
2103 2104
12321 12322
9837 9838
11295 11315
1261 1262
4815 4816
10404 10405
812 813
4876 4877
7166 11528
3099 3144
1391 1392
3111 3129
2238 2239
9673 9674
1866 1867
7889 7890
4322 4323
11532 11535
1217 12642
4740 4741
4257 9744
12792 12817
125 237
11302 11303
7671 7672
4845 4846
4003 4032
8335 8336
12938 12939
1197 2633
7303 7304
3752 3753
1296 1297
8735 8736
8082 8083
4500 4501
7129 7130
3045 3046
5513 5514
7502 7503
6963 6964
7255 7256
9185 9186
5714 13369
390 2349
3005 3006
8484 8485
878 879
7264 7265
2082 2246
9812 9813
5363 5364
4001 4034
248 249
2852 2853
6953 6954
9253 9254
7013 7014
3566 3568
6379 6380
7867 9425
7879 9429
12039 12040
4037 4038
5727 5728
4816 4817
11066 11070
4876 4925
9295 10821
1621 4299
5079 5080
10573 10574
10790 10791
11288 11289
6990 6991
637 848
12621 12622
7762 7763
1582 1583
12478 12479
8857 8858
10772 10773
340 408
9675 9676
2981 2982
5469 5470
2 3
4215 4216
13090 13091
6233 6240
10428 11858
6396 6397
9215 9216
6040 6041
308 1671
7523 7524
11363 11364
7286 10423
2545 11235
10169 10170
2828 2829
10754 10755
8733 10411
11014 11015
12083 12084
11291 11292
8374 8375
5521 5522
8350 11700
1323 1438
6350 11418
2702 2703
8700 8701
11809 11810
2248 2249
4973 4974
9319 9320
2054 9056
150 151
7559 7615
10625 12759
6657 6658
8541 12688
1054 4123
2292 2293
11834 11835
6762 6777
3278 3279
8826 8827
5630 5631
10458 10459
1159 1160
4952 4953
57 58
2388 2389
9719 9720
5944 5974
3131 3132
4830 5850
1322 1323
6666 6667
12337 12338
10427 11859
8312 8313
3601 3602
10287 10288
2428 2429
6717 6718
2937 2938
3696 3697
11944 12676
998 999
7930 12823
1930 1931
3976 3977
13294 13295
6166 6175
7041 7042
7997 12828
11450 11451
7447 7448
11928 12682
4757 4758
6086 10835
2748 2749
5775 8283
2444 2445
6281 6282
2894 2895
7595 7596
8237 8238
13298 13299
10954 10955
10234 12410
9621 12766
10606 10607
6350 6351
10039 10040
6712 6713
11945 11946
11341 11342
7664 7665
5461 7099
10101 10102
1490 13372
10759 10760
1514 1515
11734 11735
2568 2569
417 4492
3750 8635
3336 3404
10937 11692
6729 6730
5847 5848
589 590
7879 7880
11130 11213
1054 4027
6752 6753
5362 5363
114 242
815 816
10593 10594
13054 13055
3354 3355
7656 7657
5101 5102
7317 7318
6294 6295
8991 8992
441 442
11739 12256
5932 8874
2147 2148
5299 5300
4883 4884
5552 5553
1176 1177
7439 8379
1450 1451
3496 3497
6762 6778
1110 1111
9360 9361
702 703
10964 10965
9139 9140
12195 12196
5603 5604
4607 9639
6635 6636
12147 12148
1802 1806
7631 7632
2734 2735
8987 12996
10732 10733
1920 2319
7575 7576
2253 2481
3424 3425
10374 10375
3070 3071
8842 10532
9073 13076
505 506
12364 12365
11255 11256
3684 3685
36 37
2294 2295
5425 5426
2585 2586
6642 6643
607 7626
8794 8795
10897 10898
3464 3465
10225 11992
2587 2588
5845 5846
6360 6362
8054 8055
7391 9264
2431 2432
4062 4063
8607 8608
8923 8925
7809 7810
6424 6425
402 403
9580 9581
2839 2840
8585 8586
7834 7835
6764 6765
11742 11743
8053 12071
5348 5349
3472 3473
6783 6784
3680 3681
3801 8555
5949 5950
2897 2898
1584 1585
183 184
1851 10307
1080 1096
10605 10606
9322 9323
5868 5869
5011 5012
315 1668
4800 12639
8056 8057
130 236
4636 4637
5902 5904
528 529
12257 12258
3949 3950
5332 9382
6298 6299
2867 2868
1077 1078
2599 2600
1351 1352
11191 11202
10139 10140
472 10558
9945 9946
3749 3750
3107 3281
7407 7408
8598 8600
9061 9062
6347 6348
10522 10523
3682 10064
2954 3093
1902 3343
786 787
8278 8279
4642 4643
31 32
5553 5554
11954 11955
4358 4359
1795 8414
12333 12344
4656 4657
3099 6017
10334 10339
6211 6212
13034 13035
7295 11319
10049 10050
5830 5831
12272 13414
9934 9935
520 4460
3321 3322
8108 8109
13183 13364
11835 11836
6814 11220
3084 3085
11550 11551
3743 3744
11872 11873
5657 5658
1824 4972
12209 13394
3617 3618
5673 5674
11667 11668
1754 1755
11937 11938
4726 4727
7231 7232
1409 1410
7494 7495
3589 12310
5723 5724
2482 6986
944 945
2372 2373
3934 3935
2827 2828
5530 5531
11669 11670
682 683
11432 11433
3474 3475
2634 2635
6737 8404
499 500
6753 8401
12579 12580
2686 4583
6899 8387
1811 1812
11379 11380
10357 10358
792 3255
6556 6557
5654 5655
1512 2650
9207 9266
748 8768
7389 7390
3183 3184
7049 7050
1321 3866
5897 6688
3803 8873
7802 8565
8904 12961
1462 10737
1670 4298
728 729
4809 5859
588 589
6604 6605
1341 1342
6252 10418
4320 4321
13003 13004
5586 6257
12463 12464
7120 7121
2562 6227
9779 9780
2333 2523
6933 6934
53 54
3011 3012
8916 8917
5767 5768
11624 11625
8383 9858
6482 6483
4890 4922
8844 8845
2616 2617
2073 10332
6928 6929
10688 10689
3927 3928
12352 12353
11480 13135
4729 4730
1260 1261
5134 5152
1659 1660
12572 13375
11602 11603
8036 8037
3528 3529
1445 1446
1888 1889
10009 10010
9572 9573
9957 10652
8987 8988
10153 10155
4363 4364
11297 11298
9839 9840
12477 12493
9935 9936
1438 1472
5649 7481
5733 12732
11599 11600
2947 2948
9596 9597
2082 2083
74 75
7732 7733
9946 9947
5762 12720
9479 11099
6547 6548
7733 7734
10202 10203
3150 3151
8695 8696
6427 6428
280 281
6287 6288
185 232
4712 4713
2662 4594
2840 2841
9620 9621
11199 11200
5154 5182
10201 10202
2486 5188
11152 11206
6085 6086
1894 1895
8792 8793
11612 11613
11592 11593
5130 5181
168 4042
2709 5480
2466 2467
3199 3200
3768 3769
12852 12853
1756 1757
7673 9749
411 412
12073 12074
11834 11839
11433 11434
9589 9590
3102 3103
5605 7490
5895 5896
12502 12503
9281 9282
5237 6023
7692 7693
11747 11748
4608 11236
6182 6183
6682 6683
11804 11805
374 375
2642 2643
3999 4000
11889 12658
4049 4050
3570 9890
2023 7845
139 140
2475 2476
12193 12194
9923 9924
4132 4133
2309 2310
6265 6342
10170 10171
10261 10262
13292 13293
2051 2052
9162 9163
4708 4709
2984 2985
10206 10207
6454 6455
7963 7965
3718 3719
11340 11341
7294 10438
3153 3154
5147 5148
12356 12357
7607 7608
13310 13331
13073 13074
10467 10468
3101 12933
1263 10889
8592 8593
8897 8898
7643 7644
6590 6591
1969 3337
2750 2751
12347 12348
7506 7507
6302 6303
3735 9928
311 4297
1917 8776
4855 4856
6442 6460
5281 5282
7346 7352
10445 10446
9501 11080
4173 8765
10631 10632
9244 9245
689 691
3190 3191
6878 6879
11232 11241
3910 3911
11576 11577
2933 3094
8822 10541
2073 2247
7029 7090
3994 3995
3959 3960
2956 2957
12274 12275
4541 4542
862 863
3651 3717
4780 4781
12011 12012
12814 12815
9140 9141
11058 11059
8682 13011
3767 3768
3584 3585
12717 12718
6131 13051
11395 11396
2866 2867
10710 10711
12316 12317
9736 9737
5238 6023
4446 4447
12799 12800
1141 1244
8388 8389
11359 11520
8083 12949
12785 12786
6615 8276
1575 1576
5655 5656
8889 8890
11371 11372
7912 7913
8917 8918
8597 12601
11071 11406
12587 12588
3282 3283
8844 10532
3682 3683
8991 12995
2784 2785
5260 5261
4096 4097
7718 7719
7989 7990
13427 13428
5870 10812
4796 4797
1389 1390
12030 12031
9480 9481
9719 12622
10935 11692
8839 8840
8872 8873
9909 10658
4536 4537
5277 5278
3567 3568
2840 3239
5828 5829
5642 5643
308 1670
8017 8018
9048 9049
4718 7071
72 73
7156 7157
12712 12713
4150 4151
5151 6785
3926 9888
5019 7642
5708 5709
10659 10660
11554 13173
4238 4239
8826 10538
7538 9897
3691 3692
12966 12967
3012 3013
9541 9542
8123 11722
1746 1747
227 228
1225 1226
11459 11460
4409 4410
34 35
3231 3232
9006 9007
3071 3072
7812 7813
1666 1667
9515 9516
6374 6375
88 89
10780 10781
6638 6639
2555 2626
536 537
10713 10714
5775 8985
3931 3932
8677 8678
6231 6232
10032 10033
2714 2715
5400 9364
5305 5306
7047 7087
4338 4339
903 904
9300 10819
5309 5310
3633 3634
8866 8867
10848 10849
8117 8118
17 18
8306 8307
4848 4849
9191 9192
1564 6632
4446 4466
4483 4484
5142 5143
9448 9449
9194 9271
11472 13137
5108 5109
600 11313
6176 6177
10402 10403
11209 11210
10131 10132
3034 3035
4941 4942
13028 13036
699 700
2641 2980
2210 2211
6551 6792
4014 4015
362 363
9312 9313
4863 4864
10412 12838
5254 5394
9267 9268
10641 10642
8951 8952
5255 5256
4618 4619
3272 3273
1874 1875
3142 3143
4886 5673
183 233
8921 8922
6499 6500
7279 7369
703 2995
224 12709
3415 3416
12513 12514
8158 12744
4537 4538
6398 6399
3141 3142
3172 3173
13256 13257
12562 12563
11295 11296
5882 5883
1836 1837
6492 6493
21 3223
317 6821
6368 6369
6902 8386
12713 12714
5581 5582
8623 8624
491 492
10785 10786
2150 2151
2766 8274
1174 1175
3801 8559
405 420
8001 8002
1053 5546
395 396
10534 10535
3157 3158
9300 9301
8076 12952
10842 11107
5411 5412
10934 10935
3217 3218
2053 12664
2856 2857
6681 6682
11845 13079
465 10560
1084 1095
8908 12960
2562 2625
9961 9962
11883 11884
583 584
691 692
10401 10402
360 361
6811 6812
9846 9847
10431 10432
7864 7865
772 773
2789 2790
132 236
6571 6572
11745 11746
5525 5526
3957 3958
4685 6190
2745 2746
6796 6797
509 6910
9032 9033
2602 2603
1758 1759
12020 13111
8020 8021
4344 4345
11045 12397
3995 3996
2302 2536
10921 10922
11248 11249
3448 5911
360 849
3758 3759
4139 5797
12054 12055
8065 8066
8132 8133
11614 11615
7736 7799
2002 2003
3875 3876
5719 13368
10289 10290
12436 12437
9585 9586
13184 13185
5897 5898
8043 10052
9159 9160
3055 3056
92 93
2778 8266
2303 2304
6036 6037
1682 10867
11439 11440
5608 5609
11842 11843
4893 4895
2725 2726
8078 12952
2818 2819
10891 11719
8614 9767
8251 8252
11047 12401
2819 2820
1270 1271
5 4859
1921 10885
9658 9659
9704 9877
5475 5476
11753 11754
7484 7485
8638 8639
11095 11096
1050 1051
4140 10035
9938 10655
8827 8828
1559 2516
4626 4627
1263 1353
10161 10162
11511 11512
4027 8558
9123 9124
5219 6905
4850 4851
11123 11124
10273 10274
2991 2992
7390 7391
1324 1436
304 1489
6731 6732
10774 10775
2564 2565
11374 11375
4199 4200
5963 5965
1696 1697
8008 8383
1534 2982
3211 3212
12281 12282
12526 12535
7342 7343
13194 13195
8366 8367
390 391
10161 10613
10739 10822
2172 2173
8836 8837
835 836
7727 7835
2038 2039
9590 9591
8296 8297
9631 9632
3550 3551
6785 6786
9177 9178
6561 6611
1316 3867
1660 1661
2884 5957
9148 9149
2385 2387
8841 8842
5808 10521
19 20
2641 2642
9062 9063
2819 3398
251 252
321 322
5645 6370
4476 6849
5146 5148
5304 5305
7140 7141
5971 6012
801 802
1207 1208
461 10561
11957 11958
7233 7234
12298 12299
7926 12824
4884 4885
3266 3267
12236 13386
260 6005
3291 3292
4608 6226
5573 9527
1810 1813
1815 1816
11569 13167
9097 9098
8799 8800
3429 3430
1552 1553
9113 9114
325 326
7344 7345
6053 6054
2274 3687
4227 9647
1779 1780
10381 10382
4250 4262
12547 12548
7274 7370
6536 6773
1960 2056
416 417
13208 13209
10868 10869
635 3297
6383 6384
8644 8645
9045 12762
5316 5317
7689 7690
1086 1087
8045 8046
11275 11276
5894 5895
48 49
486 487
5569 5801
3001 3002
724 4175
7037 7038
3960 10666
8817 8818
5498 5499
1196 1197
4147 4148
1884 1885
8320 8321
11177 11178
2532 4086
3051 3052
8914 10197
11626 11627
4144 4145
464 2501
11117 11118
10854 10855
8798 8799
5059 5175
1770 1771
3293 9801
8558 9835
5742 5743
3526 3527
11591 11594
7428 7429
4162 4163
711 712
9607 12769
6995 6996
6490 6491
2765 2766
2297 2298
5940 5941
4027 8560
108 243
1931 2064
11663 11675
4426 4427
4212 6021
2386 2387
10481 10482
4108 4109
3972 3973
4613 5453
2593 2594
10913 10914
3935 7839
7930 12167
2194 2195
11355 11356
10377 10378
6232 6233
9245 9260
526 527
1706 1707
7984 12831
4406 4407
6050 6051
2128 2129
1881 1882
3706 3707
7991 7992
2595 2596
12784 12785
791 8543
2597 2611
5106 5107
974 975
9712 9713
5359 5360
8520 12697
9744 12846
2080 2246
2368 5245
10220 11994
7613 7614
3971 10644
438 9097
9943 9944
5303 5304
12890 12891
2344 2347
12862 12863
12190 12191
3957 10667
4783 4784
2821 3478
9474 9475
5121 5155
4638 9993
5256 5257
8863 8864
1164 1165
11958 12671
9564 9565
12783 12784
4718 4719
8979 8980
7630 7632
824 3303
4621 4622
10361 10362
4554 4555
7805 7806
1149 1354
7186 7187
9689 9690
8864 8865
8573 8574
10011 10012
731 732
5559 5562
11600 13153
6251 6252
1133 1134
3803 3804
3198 3331
2532 4087
3838 4069
4306 4307
117 118
6759 6760
3232 3233
4535 10337
2780 8266
3667 3668
11213 11214
2920 3095
9529 9530
8507 8508
11938 12679
2276 2277
3426 3427
12875 12876
7159 7188
6045 6046
1267 1268
6285 6286
4228 6018
78 79
5111 5112
11803 11804
10227 11992
9752 9753
684 685
9345 9346
3283 3284
3770 8633
13057 13069
3680 10066
1232 1283
7607 8627
10588 10589
3941 9930
9073 9074
1108 1109
2196 2225
1435 1436
2498 2499
1001 4766
5421 5422
11378 11379
12278 13412
12507 12540
12544 12545
3824 3825
3435 3436
7720 9873
6885 6886
12736 12737
5575 5576
8170 8171
11089 11090
11670 11674
2796 10038
6926 6987
4916 4917
1332 1333
9964 9965
4957 4958
2590 2591
8989 12995
120 121
12389 12390
9700 9701
2768 2769
4705 10157
6213 6214
1853 10306
197 5940
8466 8467
8116 12941
5287 10404
7863 9427
518 520
8719 13001
3317 3318
2931 3094
13281 13341
3551 3553
844 3299
6089 10834
6153 6154
4160 4161
3937 3938
9498 9499
4373 4374
12667 12668
10150 10615
10346 10347
1962 1963
11088 11089
8234 8235
3962 3963
1680 1681
10164 10165
1392 1393
4115 4116
1887 9450
4533 4534
9318 9319
11682 11683
12047 12048
473 2505
1842 1843
396 2353
7072 7073
9921 9922
5386 5387
3159 9412
6619 6620
4361 4362
13200 13201
858 859
8953 8954
1257 12645
4667 4668
11422 11423
4352 4353
6991 6992
224 4860
4267 4268
2076 10506
7913 7914
487 488
10970 10971
5879 5880
4702 4703
6282 9268
2005 2006
7747 7748
12033 13078
2987 3089
3771 8632
6565 6609
10552 10553
1061 1062
12594 13373
7553 7618
4414 4415
3511 9893
10048 10049
169 170
4877 4878
463 2500
6009 6010
6650 8424
8637 8638
3368 3369
8490 8491
6949 6950
4644 9992
5624 5625
9764 9765
3363 3364
4777 4778
8350 13028
7402 7403
9770 9771
9645 9646
207 6271
8366 10903
3806 12719
614 3454
369 2352
11913 12651
5051 5052
12516 12517
192 231
3581 3582
2324 2325
2658 2659
3104 3105
4399 4400
1770 4529
254 255
13227 13228
10129 10130
8111 8112
2531 4085
11323 11324
7994 12828
9863 9864
10765 10766
4258 7068
1761 4543
12289 12290
6808 6809
3405 4874
1334 1335
12665 12666
12208 12209
3524 3525
3849 3850
7698 7699
13033 13034
3403 9188
4319 4320
8825 8826
2254 8637
1229 1257
5830 10510
1826 1827
993 1991
3773 8631
3689 3690
12507 12508
1605 1606
11160 11205
1076 1098
547 548
11820 11821
3175 3176
1260 4606
12867 12868
9115 9653
190 191
1884 10508
4693 4694
8323 8324
4439 4467
9981 9982
2692 4580
4728 4729
2244 4724
11829 11830
3460 3461
4113 4114
4905 4906
4480 6847
8230 8231
12433 12434
12081 13099
5577 7175
8484 12705
2044 2045
859 860
8619 9768
3169 3170
443 444
2841 4873
3954 3955
12616 12617
5468 5469
5538 5539
6336 6337
3890 3891
7046 7047
6357 6358
8591 9784
4356 4357
2304 2305
8240 8241
11181 11182
7014 7015
634 639
5507 5508
12427 12639
1197 2752
7651 7652
1800 1801
2288 2540
1581 4304
3586 9885
2113 2114
12031 12032
10459 10460
9115 9654
4576 4577
9975 10647
1918 3716
8537 12695
11918 12650
8013 8014
2511 2512
7384 7385
318 319
1723 1724
7997 12827
7763 7764
7459 7460
8123 10052
581 582
5824 5825
9452 9453
10340 10341
5635 7485
7031 7032
4661 4662
9231 9262
2363 2364
595 596
3981 3983
2314 2315
4229 4230
2657 2850
7915 11997
12358 12359
7077 7078
10083 10084
6596 6597
4310 4311
7645 7646
2569 2570
12350 12351
4833 4834
8246 8247
8804 8805
3346 3347
5087 5088
5560 5561
10420 10421
8619 8620
2656 4596
5033 5034
6635 8257
7950 7951
11560 11561
9943 10654
5687 7479
13166 13167
5736 12731
180 201
2255 2256
9188 9190
8043 8060
7568 7569
693 2996
9786 9787
12556 12557
4323 4324
9691 9692
12189 12190
5024 5025
1230 1231
4562 4563
505 6912
7619 7620
10412 10413
12610 12611
12230 12231
172 475
4310 4312
5105 5106
4856 4857
7472 7473
12452 12453
2100 2238
7012 7013
8239 8240
2133 2134
380 381
11140 11141
8849 10527
2667 2668
1715 1716
889 890
3277 3278
10119 10120
3042 3043
3159 5533
1928 1929
8601 9135
2 7190
12573 12574
3815 3816
7226 7227
4016 4017
700 701
1801 3738
9121 11397
10291 10292
8896 8897
141 142
1808 10317
6772 6773
34 207
1586 1587
305 306
12968 12969
7711 7712
4024 4025
9556 9557
1286 1287
1249 6225
12296 12715
7801 10355
9763 9764
8041 8042
9015 9016
5344 9377
3171 3172
5346 5347
8727 12998
7658 7659
6204 6205
2344 2345
5267 5268
7058 7059
507 8397
4998 4999
12445 12446
4452 4464
10237 10238
2272 10447
7485 7486
2462 2463
11808 11809
2254 10203
4984 4985
10239 11973
10861 10862
5427 5428
5430 9388
6874 13142
10095 10955
8074 8075
8912 8913
12428 12429
99 100
8681 8682
5477 5478
993 1990
2834 2835
150 1478
2781 2782
4221 4222
2439 2440
1393 3797
1759 1760
4209 4210
7788 7796
9652 9653
1459 10732
893 894
5923 11072
10147 10148
5064 5065
5234 6026
7825 7826
10025 10441
2153 2154
10382 10383
12531 12532
4177 8763
1145 1355
1980 1982
9439 9440
11879 11880
4146 4147
3322 3323
1022 1023
6186 6187
3584 3925
3392 3481
10910 10911
3423 3424
1332 1359
4325 4326
1414 1415
6365 6366
8169 8170
3079 3080
7732 12633
7054 7055
3507 3508
8089 12946
7381 7382
1859 1860
4502 4503
2583 2615
2308 2533
311 1672
8852 8853
4440 9284
6559 6612
349 12263
6680 8414
5810 5811
171 172
1043 1044
9536 9537
3003 3004
1128 1246
11449 11450
4878 4879
5952 11534
12106 12107
3748 3749
8556 9836
7376 7377
4178 4179
4131 4132
7031 7090
13052 13053
3210 3329
11763 11764
8960 8961
8983 8984
8821 8822
6418 6474
2433 2434
10248 10249
1906 1909
2366 5241
685 686
11613 11614
2447 2448
6503 6504
3198 3199
7695 9869
1642 1643
12231 12232
4198 8757
2135 9560
2188 2189
7637 7638
6104 6105
5340 5341
9823 9824
6672 6673
1175 1264
10928 10929
8793 10550
10753 10754
4043 4044
4101 4102
9617 9618
8565 9711
12591 12592
9351 9352
8714 8715
1881 5573
2697 5792
7302 7361
13145 13146
4778 5870
964 965
251 3500
11936 11937
6245 6246
11661 11675
12563 12564
12064 12065
1072 1073
9101 9102
3817 5538
2555 2556
11641 11901
6497 6498
10777 10778
8540 8541
10541 10542
1525 1526
6574 6575
890 891
7465 8378
193 194
10192 10193
2817 2818
3974 3975
5632 5633
2617 2618
818 819
644 3007
7498 7499
7906 7907
5038 5180
3850 3851
12033 12046
2962 3092
4789 5863
10152 10615
11933 11934
4061 4062
6739 8404
5765 5766
11610 13149
4431 4472
2491 2492
3796 3797
394 395
3725 3726
11144 11145
13274 13275
9914 9915
10388 10389
11960 11961
1335 1337
5928 9283
9718 10354
1595 4302
6586 6587
13067 13068
2657 2658
2209 2210
1668 1670
917 918
13279 13341
5817 5818
8137 12749
5547 13113
10056 10057
8746 8747
12808 12809
4614 4615
8506 8514
8444 8445
4899 4921
2547 2548
2032 2033
2721 5484
5923 8874
1393 3798
150 484
11054 11055
11018 11019
8344 8345
6474 11250
4805 4806
8663 13016
5735 12732
8119 8120
341 3715
3503 3504
7827 7828
213 214
7431 7432
1211 1212
8060 12004
10749 10750
12279 12280
8298 8299
5375 5376
8976 8977
12408 12409
1778 1779
3375 3376
3895 3919
5890 5891
230 231
10547 10548
2095 2096
7815 7816
1052 5546
5130 5131
8204 12311
9274 11427
1215 1216
4883 9159
10653 10654
9571 9572
1881 9527
4410 4411
11877 11878
6066 6067
6099 6100
12457 12462
1251 2730
11722 11737
11083 11084
13210 13211
6156 6157
3696 10057
6781 6782
12459 12460
1480 1481
3593 11414
8528 8529
5676 5677
10027 10440
2662 2663
4480 4481
7438 7439
4050 5021
10995 10996
5813 5814
357 358
11000 11309
1003 4764
7907 7908
1784 1786
2256 8985
9555 9556
2380 2381
9531 9532
4479 6847
8347 8348
8957 8958
5918 5919
2572 2573
4812 4813
7 224
4748 4749
11823 11824
7352 7353
8299 8300
7422 7423
12378 12379
9405 9417
12803 12804
8341 8342
8734 8883
4639 4640
9694 9695
8833 8834
4685 9991
10753 11052
2605 2606
11351 11352
2593 2612
2027 11875
5268 5269
7705 10299
1970 1971
3182 3183
9584 12661
6924 6987
5489 5490
8995 12993
7441 11287
12280 12281
11524 11525
11793 11794
144 145
5841 5842
5863 5864
7320 7321
12239 13385
3554 3555
7943 7944
3477 10582
9153 9154
10274 10601
1629 1630
6297 6298
10200 10201
8137 8138
7259 7373
1427 1428
4053 4054
6694 6695
7192 7193
4942 4943
7900 7901
6068 6069
9030 9031
6758 6759
2688 4583
526 534
1412 1479
11825 13084
6463 11013
4937 9348
10336 10337
1597 4302
5262 5263
3191 3192
3637 3638
2544 11235
10691 10692
8449 8450
9627 12763
12216 12217
4845 4847
9737 9738
3659 3660
5718 5734
13254 13255
1766 4531
4980 5012
4031 10086
6924 6925
5969 6009
2459 3863
4307 11504
6198 6199
5918 9286
936 937
8678 13012
11810 11811
8715 13004
822 823
1247 1248
7547 7548
5081 5082
1947 2062
1427 8383
5271 10370
7195 7196
9970 10648
7410 7411
10375 10396
9896 9897
7605 7606
12655 12656
8975 8976
4501 6841
2567 2623
5117 5118
1851 4971
8375 10643
9559 12790
11532 11533
5627 11506
8272 8273
9010 9011
5415 5416
11091 11092
280 9406
8519 8520
9977 9978
3276 3277
11899 11900
1913 4607
1124 1125
7862 7863
13028 13029
7980 12831
3338 3339
10014 10015
11545 11546
4524 6823
11819 11820
4790 4791
8583 8584
6261 6262
12026 12027
11012 11306
2156 2157
9030 12981
11865 11866
9687 9688
789 790
4609 4610
9028 9029
9353 9354
12606 12607
12183 12184
3385 3386
4129 6198
1946 1947
1170 1171
9714 9715
11946 11947
3236 3237
1772 1773
10568 10569
3543 7844
8532 8533
4933 4977
8045 8123
13305 13333
10634 13075
8477 8478
6670 6671
9700 9879
4724 4728
1116 2606
4615 4616
5722 12735
847 3298
7470 7471
8906 8907
4961 6186
1787 10325
2071 2072
10241 11972
2574 2620
155 156
9213 9214
7702 9865
1070 1071
790 3257
9311 9312
736 737
10393 10394
1394 1395
12079 12080
8587 8588
3577 3578
4616 4617
8310 13045
13199 13200
8171 12743
3803 12637
3144 9802
11404 11405
8583 9778
1858 4970
6584 6585
8828 8829
4610 4611
4707 4708
7062 7063
4444 4445
10205 10206
9481 9482
7312 7360
1759 3991
4817 4818
13097 13098
4705 10156
788 4852
9849 9850
1000 1001
123 124
11554 13174
11178 11179
807 3312
5041 5042
2915 11489
12569 12570
8274 8275
6683 6684
7164 7165
5836 10509
5941 6007
463 464
6725 6726
606 607
5318 5319
11307 11308
6231 9831
2481 2482
3122 3123
5477 5793
12869 12870
76 77
8602 8603
7394 7395
1023 1024
9739 10351
6801 6802
10098 10621
3893 3894
1219 1220
4646 9992
4695 10141
12560 12561
5484 5485
12796 12797
6103 6104
1883 1884
5257 5259
2758 2765
1971 1972
358 359
4629 4630
4173 8766
8043 12753
794 795
6266 6267
13228 13229
3563 3564
9131 9155
10907 10908
5380 5381
13229 13230
1091 5872
8778 10557
12333 12334
11893 11894
8015 9856
6242 6243
7111 7112
9669 9670
9601 9602
10286 10598
748 749
6478 6479
9718 12623
7038 7039
4781 5868
6696 6697
1807 1808
13284 13285
9298 9299
10986 10987
9246 9247
5136 5137
5140 5141
613 614
12729 12730
11196 11197
4971 10308
9072 9073
4964 6166
4138 6193
11064 13371
8676 13013
1069 1103
12121 12122
12010 13112
8513 8514
11365 11366
1474 1475
1367 1368
467 10559
12369 12370
3296 11419
4182 4183
3797 7585
5029 5030
3334 3335
11460 13139
2782 8265
13337 13338
4258 7069
8211 8212
12499 12500
8737 8738
8667 8668
11870 11871
9161 10004
8193 8194
11557 13172
6676 6677
5245 5246
8142 12748
13265 13266
5088 5162
4394 4395
5406 5407
7986 7988
7571 7572
6835 6836
10088 10089
338 10622
389 390
5331 9682
4244 4245
5407 5408
1193 2634
2308 2309
10915 10916
1961 2055
115 116
1724 1725
9920 9921
3174 3175
1165 1166
6567 6629
3212 3213
626 627
8123 11800
622 623
718 719
726 727
4404 4405
8248 8249
8952 8953
4709 4710
1947 1948
553 554
3901 3902
11163 11164
5329 5330
7017 7018
10925 10926
10413 10414
3938 3939
6634 6635
5645 5686
3656 10079
4028 10097
2013 2014
6032 10836
11948 12674
3156 3158
9514 11077
2944 2945
837 838
6680 6681
1007 1008
1465 10734
9147 9148
7430 8381
9834 9838
814 815
255 256
1637 1638
5772 5773
12155 12161
2820 3399
4312 4313
5911 9275
57 249
631 632
1116 2634
10608 10609
10826 10827
1223 2629
5136 5151
11802 13091
12514 12515
604 605
61 3381
5480 5481
7287 7288
12447 12448
787 4176
9862 10945
9729 10353
7579 7580
7755 7756
5707 12741
5710 5711
9136 9137
977 978
9719 10354
4522 4523
1187 1347
156 157
7281 7282
1906 3654
556 557
12535 12536
11620 11621
8600 12600
1307 1308
8712 13005
7072 7086
6898 6899
5921 5922
4141 4142
4717 4718
4312 11502
7024 7092
8209 11413
4419 4420
5280 10408
7425 7426
5946 5947
1036 9824
2787 2788
2297 4965
908 909
10224 11993
1365 1487
11475 13136
7559 7560
825 826
436 437
876 4804
13038 13039
7350 7351
12861 12862
6495 6496
8217 8218
8753 8754
8523 8524
13248 13351
8824 8825
10923 11693
9001 9002
12045 12046
8962 8963
746 8768
5272 10409
9122 11397
7048 7049
13301 13302
521 4460
3917 3918
6979 6980
5191 5192
1559 1560
5396 5397
3688 3689
817 10839
11382 11515
792 793
1204 1205
4936 9347
7788 7789
5211 6028
3652 3653
6842 6843
599 600
1901 1973
1129 1130
10425 10426
8123 12122
3556 3557
5726 5727
8319 8320
369 370
1076 1077
1827 1828
9980 9981
7337 7338
4155 8775
12914 12915
3376 3377
9984 9985
1197 1198
3678 3679
12964 12965
131 132
12812 12813
6751 6752
8089 12947
1860 1861
163 477
10061 10062
2319 2320
11480 11481
5073 5074
7708 7709
11912 11913
5643 5644
3146 5537
3737 3738
7810 7811
7115 7116
1001 4767
6567 6568
6379 6381
7249 7250
3532 7843
8435 8453
8724 12999
11127 11128
3065 3066
6049 6050
10805 10806
10113 10115
455 5339
1271 1272
4547 4548
7147 7187
9738 9739
8325 8326
6074 6075
9693 9694
8725 12998
3347 3348
953 954
3307 9257
8128 12750
7903 7904
1366 1367
12854 12918
5504 5505
12372 12373
11429 11495
12530 12531
5637 10340
565 566
3907 3908
11919 12367
3734 3735
7361 7362
9599 9600
5449 6918
4900 4920
7386 7387
11855 11856
12970 12971
10297 10298
6860 6861
9538 9539
7925 8000
10179 11988
8740 8741
3062 3063
8154 8155
338 339
5984 5985
2544 4607
5240 5241
6405 6406
943 944
12414 12415
11923 11924
13315 13316
12331 12332
8865 8866
3381 3382
10583 10584
7774 7775
1054 5032
647 3004
406 4524
8310 8311
12406 12407
12142 13127
4282 4283
1464 10822
8888 8889
5352 5353
3396 3397
5056 5176
458 10562
12228 12229
4555 4556
873 874
4506 4507
4436 4437
11160 11161
8820 8821
5002 8032
12224 13389
12458 12459
5733 12736
4440 4468
3517 3518
814 3309
4904 4905
5285 5286
12704 12705
7155 7156
4488 4490
9444 9445
5917 5918
7325 7326
12137 12138
9990 10157
8206 8207
8887 8888
10962 10963
8123 12057
5367 5368
798 799
11082 11083
149 177
10374 10397
8324 8325
11043 11044
111 112
9101 9657
10695 10696
10878 10879
6803 6804
8614 8615
6444 6445
4846 4847
11356 11357
13117 13118
2493 2494
9080 9081
1251 5491
7078 7085
8791 10551
929 930
5864 5865
11559 11560
6549 6552
267 362
9554 9555
7801 9711
3944 3945
8010 9857
9625 12765
11609 11610
1949 1950
12562 13379
1978 9452
9573 9574
11698 11699
2763 2764
2712 2713
6602 6603
513 6908
5046 5047
4960 4961
9404 9405
10204 10205
6580 6581
10236 10237
8700 13007
6417 6418
6184 6185
11445 11446
2037 2038
6256 6345
11538 11539
10339 10649
9140 9152
13279 13280
8 4862
12774 13383
10290 10291
5954 11532
1619 1620
10681 10682
9038 12979
6147 6148
8091 12946
1129 1246
360 422
5947 5948
10276 10277
10673 10674
1378 1379
12150 12151
7665 7666
13190 13191
8013 9856
8359 8360
6174 6191
13259 13347
5416 5417
2660 4595
7171 7172
11762 11763
11473 13136
3368 3370
7828 7829
12703 12704
527 530
7517 7518
4440 4469
2368 2369
11622 11623
672 673
6589 6590
12486 12487
4214 4215
4277 4278
3864 6126
11629 11630
6771 6772
3458 6323
851 852
4814 5856
9669 9883
9479 9480
4202 4203
12612 12613
3592 9884
4652 4653
1300 1301
6493 6494
7191 7423
9440 9441
473 10558
3399 10585
7113 7114
279 280
12211 13393
5578 5579
2162 12570
5958 9705
11652 11653
5980 5981
7923 7924
5782 5783
3664 3665
13192 13361
465 466
196 229
1269 1270
9516 11077
3734 9927
834 3301
4495 4496
4760 4927
4285 12711
3574 3575
3333 3334
1926 1927
11048 12402
6302 6328
11097 11098
7280 7281
7059 7061
833 834
4829 4830
2606 5777
3646 3647
2608 2609
12301 12302
8460 8461
5374 5375
3158 3159
13224 13225
8092 8093
3730 3731
2120 2121
10786 10787
607 9276
7910 12818
1914 1915
2531 4086
9036 9037
2468 2469
1757 9971
8154 12745
9143 9144
7185 7186
2053 11876
6581 6582
4655 4656
1698 1699
13327 13328
7530 7531
4295 9198
7311 7312
4830 4831
5584 6256
1041 6561
4023 4024
4674 4675
13318 13319
10496 10497
3156 3157
12269 12274
10306 10307
6715 6716
6838 6839
8668 8669
5074 5166
5312 5313
3935 3936
6390 6391
5927 5928
13035 13036
530 4438
8322 8323
2451 2452
8410 8411
5232 5233
5768 5769
7295 7296
1448 1449
7272 7273
7855 10959
1361 4624
2746 2747
305 10748
11455 11456
10841 10842
9662 9663
3019 3020
7649 7650
5234 5235
10922 10923
4936 4937
7880 7881
3715 8868
8784 8785
852 853
792 3256
1361 1362
6825 6826
10226 10227
4701 4702
9963 9964
10454 13132
11385 11514
7861 9428
9173 9174
4254 4255
11960 12671
1457 2876
8900 8901
591 592
13297 13298
5331 9684
13335 13336
1054 1883
2598 2599
10968 10969
2472 7464
6955 6956
460 461
11581 11582
5000 5001
610 611
599 7628
1130 1131
4197 4198
9577 12549
5295 5296
8139 12749
1239 1240
7333 7334
10010 10011
11514 11515
3950 3951
9226 9227
13061 13062
2408 2409
12991 12992
4440 11279
8630 10667
5107 5157
1801 1802
2254 8940
13381 13382
9553 9554
11789 11790
570 7635
2759 2766
10584 10585
11252 11253
9674 9675
4564 4565
5643 7482
2349 5242
783 8769
882 883
619 620
6177 6178
4747 4928
3693 3694
8429 8430
1332 1358
3395 3396
2373 2374
3295 3301
4562 7128
10098 10303
7535 7536
1886 1979
1886 1887
8185 8186
7018 7094
666 667
2770 2771
2047 2048
9819 12930
12234 13387
3576 3926
1412 1413
3338 3654
3458 3459
2992 2993
5623 5624
821 822
11085 11086
13235 13353
3587 3588
8842 8843
2565 2566
1911 6615
9342 9343
3099 9801
9697 9698
7141 7142
3902 3903
8006 8007
6549 6553
5493 6983
3532 3927
6585 6622
957 958
6116 6117
5216 5217
4185 4186
10324 10325
4715 4716
9618 9619
6945 6946
252 253
2217 2218
6542 6543
3383 3384
256 257
4469 4470
13031 13032
8710 13005
4192 4193
65 66
11744 11745
5689 7479
800 3313
1670 1671
833 3296
11164 11204
4053 5022
5714 5715
10905 10906
11454 13141
4849 9741
2838 8544
5145 5149
9396 9422
9036 12980
266 267
4903 4919
7064 7065
1716 4286
4789 11354
11802 11803
8926 12956
2591 2612
5123 5124
2466 3612
170 171
9466 9467
4052 4053
3413 3415
94 244
11345 11346
7081 7082
654 655
12072 12073
3946 3947
6388 6389
8948 8949
8883 8884
7776 11355
11630 12683
1494 2653
4139 10037
1107 1108
2854 2855
85 86
4153 4154
1083 1084
3542 3543
61 62
7153 7154
6454 12754
11603 11604
3542 7844
2297 6176
8316 8317
10281 10282
10899 10900
1546 7235
4597 4598
3310 9273
11556 11557
9803 12932
9523 9524
9198 9199
7316 7317
1767 1768
8799 10549
10107 10108
2870 2871
9247 10350
6313 6326
1352 1353
10166 10167
1753 1754
8582 8583
9976 9977
2254 10415
496 497
1821 10313
5237 5238
4818 4819
4227 4228
1813 4973
3478 3479
2106 2107
1744 1745
4885 5673
753 754
5753 12724
7276 7370
1566 2514
4685 4686
7687 7688
12167 13421
2666 2667
1219 2630
3350 3351
8357 8358
3835 4070
2814 2815
1655 1656
3565 3566
277 278
12332 12333
2951 2952
4273 12714
2184 2185
4966 9845
1183 1184
4207 6915
3804 3806
7548 7549
9679 9680
8803 8804
6667 6668
7882 12175
7892 12821
2842 2843
1539 2522
5272 5273
11331 11526
9704 9876
11429 11616
10363 10364
2646 2647
1180 1181
4078 4079
2527 2528
2810 2811
6257 6258
9316 9317
525 4458
2615 2616
9487 9488
10916 10917
7544 9895
3951 3952
1184 1185
1078 1096
5069 5070
6649 6650
3447 3463
3159 5531
2262 2263
7441 8380
5645 6371
650 651
1375 1376
8830 8831
2545 2546
12825 12826
9848 9849
301 7847
11135 11212
10749 11055
4478 4479
1031 1032
299 300
1321 3865
4457 4461
12013 12014
4031 4032
2463 2464
3608 3609
1053 1054
1511 1512
11393 11394
1623 1624
5786 5787
8725 8726
408 409
1215 2631
6129 10832
1700 1701
1318 3867
2737 2738
6 7
6973 6974
1313 1314
345 426
4279 4280
819 7484
1200 1202
32 208
6457 9826
12752 12753
3178 3179
3701 10055
885 886
1760 1761
10183 10184
5372 5405
4896 4897
2647 2648
11349 11523
6608 10030
1447 1448
913 914
12134 12135
819 820
8437 8438
11892 11893
3801 3802
434 10573
286 293
2247 10507
9708 9709
11829 13081
10326 10327
2972 2973
5374 9374
9125 9126
4944 4945
9082 9083
6988 6989
4659 4660
8867 8868
6282 6334
12609 12610
2572 2621
2883 2884
1806 1807
9649 10094
2710 2711
6337 6338
314 315
3881 3882
7056 7057
7850 7851
1273 1274
5580 5581
12023 12024
6620 6621
10225 10226
5975 6006
4186 8759
10241 12925
1967 1968
745 746
1150 1151
3366 3367
11741 11753
5055 5056
7553 7554
5369 5370
11423 11424
9912 9913
4348 4349
10843 10844
11068 11072
9309 9310
2727 5778
3390 3391
8902 12962
6923 6924
2935 2936
8904 8905
2393 2394
3152 3153
4658 4659
506 507
3370 3371
8500 8501
271 298
8483 8484
9417 13114
11113 11114
9230 9231
427 3712
3245 3246
2691 2692
7778 7779
1219 12761
2272 9086
3153 5534
1135 1136
532 4472
7241 7242
3362 3490
9294 9295
5437 5438
7266 7267
2457 2458
5072 5073
266 361
11787 11788
21 3326
9255 9256
11406 13430
11653 11654
9514 11078
13077 13078
7178 7179
7813 7814
8840 8841
2683 4585
10399 10400
442 443
7914 11799
568 569
2799 2800
4128 4129
8626 8627
1879 1880
8529 8530
1147 1148
8428 8429
5755 5756
3510 3511
8744 8745
2542 2543
5811 10519
8315 11042
438 2284
7347 7348
7687 10246
12413 12414
10949 11320
29 5695
5280 10398
2745 8279
3130 3131
11926 12682
2720 2721
3449 10960
11454 11455
527 9285
3669 3670
5620 11508
10591 10592
6932 6933
486 488
302 12978
10626 10627
10126 10127
2551 2552
7963 7964
333 334
4803 4804
5125 5126
2495 2496
4716 4717
6140 6141
11591 11593
2242 2243
10849 10850
5990 5991
10080 10243
10609 10610
2054 2055
7787 7788
9464 9465
5172 5173
341 10052
3698 3699
4723 5699
16 17
7706 10298
7399 7400
7349 7350
5325 5328
5276 5277
13253 13254
7549 7550
7144 7145
9837 9841
6380 6381
3165 3166
5906 9276
10863 10864
4167 4168
6640 8264
8151 8152
4300 6906
3458 7622
6738 6739
1055 1115
3993 3994
3995 9972
12788 12789
6283 6284
3747 10664
653 654
3779 3780
8314 13045
261 262
2216 2217
1004 4764
12218 12219
13226 13356
10168 10169
12527 12528
5948 5949
12469 12471
162 163
5058 5059
2797 2869
10288 10289
12532 12533
13307 13308
9454 9455
316 406
9386 9387
8442 8443
6324 6325
11892 12656
2334 2523
8505 8507
5559 5560
2833 2834
1087 1094
7484 11505
7165 11529
1089 4849
4988 10625
9122 9123
9309 10817
11457 11458
9812 9814
10194 11983
445 10567
5698 5699
7478 9800
8870 8871
12582 12583
4488 6845
9692 9693
4910 4911
2911 2912
12022 12023
7929 12168
1528 1529
9336 9337
12249 12255
10477 10478
12153 12154
2801 10051
6248 6249
3969 3970
9962 9963
4818 5855
6235 6236
2971 4047
12110 12111
10239 10359
2317 2318
5734 12737
6263 7513
1188 1189
4958 4959
9067 9068
4600 4601
9342 10816
10472 12292
4360 4361
4096 11792
11147 11207
7863 7864
11291 11316
4931 4978
11784 11785
310 1672
5372 5408
4036 4037
7899 7900
8984 8985
9713 9714
3657 3658
1667 1668
10178 10179
7586 7587
7873 7874
7800 7801
12227 13388
10977 10978
8918 9044
6309 6310
4513 4514
7469 7470
2215 2216
1647 1648
4721 5696
8685 13010
7573 7611
176 2905
3289 3290
6767 6775
8455 9937
7882 7931
5835 5836
432 433
4912 5601
4200 8757
1290 1346
8616 8617
3372 3486
901 2440
3761 8257
11335 11524
8508 8509
9995 9996
8145 8146
1906 1907
7213 7214
2779 2780
6607 6608
438 10571
872 12640
11119 11120
3665 10077
11815 11816
12023 13110
10930 10931
8966 8967
754 779
1229 1230
6799 6800
1314 1356
9430 9431
9252 9253
12592 13374
10466 12293
4941 4975
5335 5336
5450 6988
1455 1456
5065 5174
4816 5854
4570 4571
1845 1846
4173 4174
5244 8777
9866 9867
4155 8774
458 10563
4212 4966
12635 12636
830 831
1624 4299
4183 4184
11170 11203
6810 6811
6677 6678
1467 10728
4978 11062
1981 1982
596 597
9967 10649
2487 2488
3655 9065
1569 1570
4784 8624
2085 2086
2359 2360
1280 1281
8027 8028
12574 13375
5935 5936
6560 6611
11510 11513
4872 4873
5931 11072
4164 4165
2256 8928
2519 2520
986 987
996 4771
5775 8918
10390 10391
13223 13357
2864 2865
10661 10662
7170 7171
1025 1026
12971 12972
6272 6273
12341 12342
3387 3388
6265 7514
8950 8951
7301 7302
7238 7239
12404 12405
1784 3718
10969 10970
454 455
7511 7512
7616 7617
5005 5006
12200 12201
274 275
433 434
2689 4583
4717 7070
2556 2557
8617 8618
7933 12841
9045 9636
4587 4588
5041 5180
1973 1974
102 103
4934 10814
3279 3280
11902 12652
762 763
8286 8287
10505 10506
2180 2181
1971 3342
3913 3914
7102 7103
5951 9278
7253 7254
7225 7226
12340 12341
470 471
1890 1891
3121 3122
8241 11408
10231 12405
4649 4650
3991 4533
1009 1010
6768 6769
35 36
10264 10265
853 854
6533 6534
11368 11369
6207 6208
11680 11900
2374 2375
603 604
11394 13095
741 742
8800 8801
6870 8388
5719 12736
11021 11022
11541 13175
3455 3456
6452 6453
4096 11793
9167 9168
11165 11204
1899 1900
2048 2049
8547 8548
2557 2626
6550 6551
3620 5543
27 211
572 573
10267 10268
13283 13284
5448 10085
1866 1922
8308 13045
3312 5404
13063 13064
5904 10655
3486 3487
80 81
4880 4881
12202 13396
5040 5041
6604 10031
1851 1854
2107 2108
11343 11344
5366 5367
12933 12934
12189 13399
3391 3392
3193 3194
11819 13085
124 125
4453 4454
7831 7832
1233 1234
5146 5147
1965 6989
4205 4206
6300 6301
13277 13342
11347 11523
4831 4832
6167 8039
9548 9549
13081 13082
12644 12645
11171 11172
11045 11046
3315 3316
1203 2632
7695 7696
638 3297
8972 8973
739 740
5138 5151
9583 9584
10384 10385
1039 9823
9778 9779
4803 9659
3193 3195
539 540
8748 8749
3203 3204
10058 10059
7888 7889
3583 3584
5963 5964
10150 10151
1169 1170
8941 8942
176 1860
6903 8385
3215 3216
3446 3447
3806 3807
3692 3693
7863 9428
2697 2698
4786 4787
2387 2388
3118 3124
9744 9745
593 594
697 3442
1045 1046
8084 8085
5390 5391
6395 6396
1223 1224
10429 10430
9070 9071
2339 2341
11360 11361
8440 8441
7971 7972
13345 13346
8741 8742
7351 7352
523 4460
1965 3656
4132 6196
11621 11688
5057 5058
12517 12518
2547 2627
7959 7960
11146 11208
10103 10620
5080 5081
292 293
430 431
4943 4975
1381 1382
5648 5649
12899 12909
1483 1484
11161 11162
3743 8636
3586 3587
9079 9080
7970 12833
6475 9146
3149 9414
8235 8236
8451 8452
4183 8761
6318 6325
3149 3151
558 559
11349 11522
204 260
5998 6230
4967 9845
6972 6973
10042 10043
7521 7522
6630 6631
1832 4972
1360 1364
4989 4990
1473 6128
12328 12329
11574 11575
6166 6189
9004 9005
10484 12289
12124 12125
10339 10650
27 28
4565 5802
1003 1004
1092 5871
439 440
5448 5449
10979 10980
3807 12719
685 2998
5365 9376
7622 7623
9106 9108
7885 12822
15 219
10700 10701
11470 11471
766 767
5926 5927
7685 7687
3641 3642
1228 1229
7730 7731
4386 4387
9514 9515
10301 10302
4372 4373
7867 9424
1290 1291
7449 7450
10703 10704
7288 7289
12967 12968
1917 1967
4889 7406
2949 2950
12244 13086
11137 11138
9571 12786
5591 5592
5725 5726
8087 8088
10343 11106
12693 12694
135 136
4184 4185
10029 10032
11650 11676
12835 12836
7432 7433
246 11201
7965 7966
945 946
13376 13377
11760 11761
12387 12388
12126 12127
4220 4221
10235 12411
12439 12440
11293 11316
10825 10826
1922 2065
5152 5181
11435 13148
1116 7146
7574 7575
11225 11243
12000 12001
632 633
5671 5672
8417 8418
10253 10254
9419 13114
12035 12036
9495 11082
3307 9256
9073 10630
8687 8688
3644 3645
11894 12655
9650 9651
11696 11697
809 810
155 480
7398 7399
10901 10902
7512 7513
10925 11693
5757 5758
2816 3405
10830 10831
7008 7009
13235 13236
2037 11869
1907 4775
10523 10524
8318 8319
7112 7113
9397 9398
2159 2160
1316 1337
5871 6536
2764 11527
10939 11691
9443 9444
12466 12467
8526 8527
11214 11215
9557 9558
335 336
5932 5933
3036 3037
8870 11071
6352 6353
11756 12248
8808 8809
366 369
7027 7091
1752 1753
49 3390
11737 11738
1540 1541
820 3305
4157 8774
2754 8269
7379 7380
320 321
7071 9744
4242 4263
3672 3673
925 990
5922 5924
7659 7660
1848 1849
9501 11081
6563 6610
7797 7798
11611 11612
1537 1994
4118 4119
2308 2534
5573 5574
1763 4532
11125 11126
272 273
2390 2477
5454 5455
5270 5271
1325 1439
8720 8721
8791 8792
13223 13224
5985 6002
7855 7856
1945 2062
12423 12424
8569 8570
12271 12272
3424 3469
1041 6560
3 4
1889 1890
3981 3982
11047 11975
8738 8739
7878 9430
9106 9107
5552 5554
9523 11101
4954 7850
2908 3097
3249 3250
9611 9612
7002 7003
3708 10054
2809 2810
428 429
2562 6228
5 4860
11935 11936
1559 2515
12207 12208
2101 2102
10377 10395
9251 9252
1109 1110
1051 5547
12918 12919
698 699
3180 3181
12479 12480
260 261
11867 11868
1442 1469
10564 10565
6551 6552
5018 5019
11157 11158
7308 7309
398 399
10788 11050
8394 8395
5558 5559
1764 1765
10480 10481
8102 12944
9215 9265
13163 13164
2155 2227
12272 12273
21 800
4781 4782
12295 12296
3286 7532
8043 11760
7208 9158
744 745
9788 9789
6875 6876
11337 11338
12334 12335
9091 9092
8920 8921
1903 3494
832 3295
10007 10442
1056 1057
7123 7124
1956 2251
9648 9649
821 3304
1528 5013
6512 6513
6445 6446
11788 12002
10435 10436
12630 12631
5288 10366
5753 5754
12660 12661
1572 2510
217 218
438 2277
5871 5872
7620 7621
1600 1601
12119 12120
7721 7722
12072 13100
3861 3862
10219 11976
11390 11391
9851 9852
5922 5923
7233 7389
10080 10081
2258 8729
5981 6004
11144 11208
10920 11694
12449 12450
4901 4902
6763 6764
8719 8720
2787 4136
7110 7111
12268 12269
2200 2224
12192 13402
3101 3292
8754 8755
412 11387
923 990
12089 12090
6868 6869
2484 5188
10274 10275
3837 3838
8112 12942
11970 11971
8337 8338
4431 4432
2258 4109
12216 13391
1901 12940
598 7467
11656 11657
3296 3301
4955 13372
3288 3289
1087 1088
8008 9857
3346 3348
7003 7004
1885 1886
1121 1122
5225 5226
6292 6293
5266 5267
3984 3985
1411 1412
5242 5243
3668 3669
12019 12020
484 485
6564 6565
3493 13370
4413 4421
2288 2289
4097 4099
2331 2524
11102 11103
5896 5897
6209 6210
11788 11789
4910 4918
10428 10429
249 5598
6752 8401
11843 11844
7867 7868
10586 10590
5207 6984
4105 4106
12140 13128
7204 7205
2387 5208
1218 13021
1317 1318
7309 7310
10501 10502
6214 6215
4724 4725
833 3301
13411 13412
11491 13133
196 197
521 522
9441 9442
9702 9703
2529 2530
6415 6474
11751 12250
12666 12667
2780 8265
2759 11527
9641 9642
5902 5903
8209 8210
2824 8553
12021 12022
8991 12994
1844 10309
616 6322
4687 4689
6412 6413
6856 8394
11739 11740
701 3441
349 350
841 842
12359 12926
1982 1983
806 807
12739 12740
6201 6202
9506 9507
814 9258
4822 4823
8784 10555
2097 2098
4235 4236
7871 9423
2831 8549
132 133
3833 3834
1048 5549
4333 4334
5461 7100
2205 2206
10117 10118
5233 6027
6024 6025
1232 1233
8611 8612
4305 4306
1765 1766
4233 4234
13188 13362
3160 3161
12302 12303
6282 9204
3412 3413
8043 8044
5916 5917
6234 9829
11811 11812
12585 12586
7952 7953
2845 2846
5993 5994
8349 13027
3106 5586
7285 7286
8431 8432
4452 4453
11841 11842
5958 6011
8683 8684
12484 12485
6947 6948
1908 3497
8580 8581
8996 8997
12613 12614
7893 7894
414 415
995 1988
10976 10977
3656 10080
6474 11305
9413 9414
2577 2619
9696 9880
1711 1712
4961 4962
1701 1702
1309 1340
12546 12547
9432 11100
10657 10658
2861 2862
8066 12953
136 137
11584 11585
2367 2368
11900 11901
5012 8036
11759 11760
3166 3167
9036 12979
2120 2235
3466 3501
5932 11072
6233 6241
598 599
3656 3657
3621 3622
4395 4396
5401 5402
96 244
105 106
12146 12147
12224 12225
3821 3822
249 3380
10990 10991
10177 11989
10470 12292
12185 13405
10846 10847
12721 12722
991 992
1903 1904
247 249
2157 2226
12435 12436
10569 10570
7814 7815
8873 11068
12601 12602
3148 3149
2858 2859
6180 6181
2559 2560
8505 8515
11695 11696
7064 7080
6526 6527
5227 5228
12384 12385
530 4471
9965 9966
11510 13021
8847 8848
5761 5762
7713 9862
7655 7656
5998 10581
4828 4829
10327 10328
7021 7093
507 6910
8122 12058
8665 13016
7518 7519
689 690
9018 12987
6196 6197
7918 11996
9765 9766
2816 2817
4146 4550
2677 2678
6491 6492
8315 11041
1119 7683
10627 10628
13334 13335
453 454
6529 6530
8968 8969
4943 4945
6827 6828
4445 4446
4455 4456
10272 10601
39 6270
8402 9101
1316 1317
7710 7711
4458 4459
3679 3680
8568 8569
5529 5530
10839 10840
7202 7203
12080 12081
514 515
6515 6516
1808 10318
6313 6314
5311 6918
10124 10125
7001 7002
4929 4930
12178 13406
5168 5169
86 11198
2316 2317
507 508
2986 2987
13212 13213
3112 3113
3106 3107
7853 10959
10028 10029
3336 4926
10185 11986
11780 11781
7269 7371
4163 4164
3909 3910
8657 13017
12097 12098
11756 11757
2068 2251
5809 5810
304 1490
301 2111
11349 11350
6814 6819
7252 7253
2368 2688
3325 3326
7955 7956
5858 5859
12504 12505
1902 3493
2693 2694
4143 6192
5779 5780
2505 10357
5412 9394
8745 8746
8998 8999
3115 3116
3791 7609
3147 9413
3161 3162
9985 9986
10981 10982
5012 8037
13177 13178
9558 9559
5821 5822
3912 3913
6698 6699
9087 9088
3877 3878
1104 1105
11436 11437
9501 9502
12296 12309
11292 11293
9065 9066
6130 6131
1330 1359
12139 12140
7854 7855
643 644
11807 13089
5384 5385
1079 1080
6420 6421
4141 10035
10967 10968
3544 3545
12366 12367
7355 7356
2816 3336
11995 13043
4258 9745
13252 13253
22 23
11024 11025
5457 5458
11010 11011
354 10543
10221 10222
4228 10094
7693 7694
11011 11012
10487 12288
11928 11929
12426 12427
2021 7845
751 752
5971 6008
7803 7804
9591 12771
12818 12819
11876 11877
4662 4663
8927 8928
2384 2385
2789 4138
673 674
6292 6331
10021 10022
9246 9259
10233 12410
8110 12943
8728 8939
9722 9723
6371 6468
4129 6197
1157 1353
1621 4300
8295 8296
1195 2750
2863 2864
11403 11404
1621 1622
11065 11066
6836 6837
527 532
636 637
2890 2891
8357 13026
8945 8946
1960 9055
7668 7669
7161 7184
1909 3337
8707 8708
5083 5164
5512 5513
447 448
11354 11521
7709 7710
3334 9186
6258 6344
194 195
10426 10427
10232 12407
4250 4251
5424 5425
8443 8444
7343 7344
7791 7795
8918 12957
1052 1053
6673 6674
1601 4301
12036 12037
4052 6164
5481 5482
1650 1651
6507 6508
9477 11108
3445 3446
9920 9922
11329 11330
8649 8650
1805 4974
2532 2533
389 2349
7881 9429
12838 12839
7200 7201
11568 11569
3341 3495
8090 8091
6752 6755
5949 9280
1817 10315
2316 2526
2254 5775
11247 11248
12348 12349
11785 11786
2068 2069
185 233
6646 8425
7391 7392
161 162
693 695
4239 4265
5557 5558
4198 4199
2831 2832
7435 8380
2818 10591
6724 8407
4542 4543
9850 9851
8704 8705
12084 12085
5220 5221
438 439
8932 8933
5806 5807
7018 7019
13245 13352
1913 1968
3305 3306
2680 4586
2954 2955
2724 2725
108 109
11179 11180
683 684
8397 8561
12514 12539
4810 4811
7332 7333
6294 6330
1227 12643
3153 5535
7006 7007
12522 12538
10320 10321
1461 10735
10580 10581
10787 10788
4592 4593
4016 10952
11278 11279
2821 3397
429 430
3870 3871
7930 12166
9927 9928
618 619
1302 1303
211 2836
1076 1097
8008 8009
2773 2774
6897 8387
5166 5167
12822 12823
3167 3168
9272 10005
7218 7219
11 12
12975 12976
8079 12951
5466 5796
6291 6332
364 10578
487 1419
1950 1951
3775 3776
1241 1242
7071 7690
12253 12254
3859 3860
576 577
2837 2838
6868 8389
12992 12993
4183 8762
6267 6268
3941 7838
10824 10825
9311 10817
4607 9646
9003 9004
3453 3454
8623 9769
12707 12708
1857 1860
6003 6004
9378 9379
7364 7365
5006 9329
7300 7301
3286 7533
9196 9197
4153 8775
8503 12698
5280 5281
11012 11013
5442 5443
1116 7099
11859 11860
4783 5866
5824 10513
5998 13052
10026 10027
10468 10469
12590 12591
4746 4747
5119 5120
8092 12945
587 588
1177 1178
4228 10956
3239 3240
1537 7846
4484 4485
5929 5930
1952 2058
9029 9030
9207 9208
6760 6761
10778 11061
11227 11243
6362 6363
1541 1542
8370 13022
7333 7357
2771 2772
486 1419
3888 3889
4310 11503
12692 12693
85 246
4967 9844
2398 2399
11225 11226
9627 9628
1041 1042
37 38
6549 6792
5189 6935
12915 12916
5063 5064
10218 10219
6892 6893
5954 12687
95 96
3715 8043
11237 11238
3431 3432
1862 10304
7258 7259
471 472
3087 3088
2265 9085
9188 9189
9135 12600
9066 9067
10451 10452
7066 7067
6022 6915
1778 7603
6737 6738
9085 10450
4515 4516
1019 1566
12689 12690
1092 10812
3290 3291
8743 8744
2375 2376
3151 5535
12083 12122
396 397
1918 6614
7068 7080
2254 8986
5570 5571
5857 5858
1766 1767
10517 10518
2772 8271
8524 8525
134 135
3120 3121
4308 4309
9241 9242
2104 2237
7707 7708
5079 5165
3943 7838
6334 6335
38 205
9233 9234
12434 12435
10191 10192
9578 9579
2117 2118
3640 5542
1040 9822
4876 6281
2369 2370
6591 6616
12332 12345
5582 5583
7835 8563
2766 12955
7220 7221
503 504
7886 7887
12859 12860
3371 3372
8043 11846
6129 6130
11512 11513
10632 13076
3921 6907
3119 3120
1901 1974
6697 6698
4127 6203
2778 2779
11443 11444
9610 9611
4232 4270
6019 10956
3359 3360
5816 5817
1796 1797
6747 6748
644 3006
7868 7869
8973 8974
8559 10416
8687 13009
2355 5247
12221 12222
5288 5289
9310 9311
2763 11527
3590 3591
8586 9777
5292 5293
5431 5432
12444 12495
1092 4849
12969 12970
792 2847
3056 3057
5235 5236
13296 13297
11943 12677
2676 4586
10439 10440
3760 6633
2263 10063
8340 10222
8455 8456
310 311
2308 4088
12475 12476
10427 11286
11773 11774
8175 12742
3630 3631
7216 7217
5993 5999
8495 8496
1811 4973
3447 3448
9192 9193
722 723
7414 7415
1797 1798
5617 5618
11371 11517
4922 7210
7169 7170
856 857
438 11415
2704 2705
11704 11705
6813 6814
2595 2611
8211 12309
4433 4434
7194 7195
7829 7830
6668 6669
2683 2684
1622 1623
11794 11795
10487 10488
3211 3328
8324 13041
1481 7603
11881 11882
11122 11123
3887 3920
12981 12982
5339 9380
2576 2620
10974 10975
20 21
7728 8562
113 114
10382 10391
3906 3907
2792 5797
4022 4023
1512 1513
6897 6898
1582 4304
10884 10885
10027 10028
722 787
8300 8306
7157 7158
6146 6147
8066 8067
9551 9552
4181 8762
9606 9607
2366 5240
11810 13087
1527 1528
1054 5844
11363 11519
12867 12910
9165 9166
9094 9095
2282 11415
8062 11774
3149 5537
12548 12549
2409 2410
4301 6867
5293 5294
9518 11076
12318 12319
4995 4996
1168 1348
4441 4467
1117 1118
1570 2511
8840 10534
9900 9901
12109 12110
8898 8899
9915 9916
7441 11317
2655 2656
1689 1690
12502 12542
12304 12305
5981 5982
4519 4520
5601 5602
9643 9644
12853 12854
9485 9486
5923 5930
10373 10374
1761 4541
3187 5501
5103 5104
11741 11742
7230 7231
9484 9485
8535 8536
2586 2587
10044 10045
5049 5050
6189 8039
1531 1532
2265 10448
3126 3127
6511 6537
2088 2089
7882 7883
2673 2674
4346 4347
5964 5965
8043 12176
13225 13226
12178 12179
1116 4544
8003 8004
8205 11414
7281 7369
8814 8815
5313 5314
4706 9990
9179 9180
1440 1441
4809 4810
4391 4392
4602 4603
4813 4814
4418 4419
12529 12530
5257 9368
2727 2728
1695 1696
6381 6382
1065 1066
6187 6188
10741 10742
10776 13092
7373 7374
10936 10937
12051 12057
9495 9496
11777 11778
8892 8893
8273 8274
636 638
3188 3189
10454 12294
8362 8363
6236 6237
7848 7849
11886 11887
2464 2465
5754 5755
12275 12276
689 2997
8676 13012
3895 3896
6829 6830
11730 11731
449 450
10148 10616
4207 4208
12868 12869
7243 7244
10662 10663
472 473
9021 9022
705 706
11798 11799
12383 12384
7577 7578
4640 4641
9683 9684
4164 8772
5645 7482
11128 11129
9600 12770
6259 6260
11895 11896
5249 10397
7055 7086
1987 1988
6689 8409
10047 10048
7736 7737
12668 12669
3683 3684
2345 2346
8317 8318
12401 12402
7892 7893
9097 10572
3193 9182
4092 4093
12018 12019
9609 12769
9587 9588
5169 5171
2035 11872
1116 1117
4711 4712
13181 13364
12338 12339
2822 2823
10379 10380
2666 4592
2345 6856
1363 3956
2248 9051
7349 7352
10407 10408
3639 3640
2690 2691
527 533
2308 4089
8227 8228
10102 10103
1471 1472
7389 9263
11753 12249
531 532
9904 9905
11940 11941
7292 7293
13306 13307
3159 5532
6583 6584
592 7629
9192 9271
7771 7797
13165 13166
466 467
3335 3336
11824 11836
8719 13002
7444 7445
13310 13311
6582 6625
8840 10533
13246 13247
7994 12829
5065 5066
2138 2139
5233 6026
7125 7126
1714 1715
2376 2478
7996 7997
63 247
9696 9697
9625 9626
8052 12070
6555 6613
2036 11870
5365 5366
13351 13352
4820 4821
6279 6280
11897 12654
2879 2880
3329 3330
8390 8391
6440 6460
560 561
13030 13031
6157 6158
4413 8880
2804 2805
7254 7255
7316 7359
6721 8408
8874 11063
2694 2695
3374 3375
7914 7915
8045 12003
9285 9286
28 29
3777 3778
2656 2657
3543 3547
4208 6022
8007 8008
11629 11921
11619 11689
2766 2767
8362 13023
1462 1463
7378 7379
9956 9957
7213 7525
4157 4158
10175 11989
286 287
13303 13304
8438 8439
7424 7425
6641 8264
11162 11205
4411 9396
11916 12650
9576 9577
2851 2852
1405 1484
2061 9052
9279 9280
1132 1133
1791 10323
3545 3547
7992 7993
7377 7378
3908 3909
4272 4273
6331 6399
5834 5835
9512 11078
345 346
12806 12807
4776 9121
1963 9056
10909 11699
4240 4264
2862 2863
6204 7116
12306 12307
612 613
4687 4688
9289 9290
1047 1048
333 11387
1503 2651
434 435
9403 9404
502 6913
5397 9365
1334 1358
4706 4707
428 10577
12394 12395
5022 6164
11584 13158
9986 9987
1844 1847
2818 3477
5959 5960
8965 8966
7816 7817
7634 7635
9407 9408
1145 1146
6268 6269
5322 5323
11229 11230
12210 12211
10160 10161
41 42
10470 10471
12179 12180
8978 8979
9685 9882
3361 3491
5614 5615
2788 4137
7329 7330
5737 5738
6199 6200
2577 2578
1854 4970
359 360
5988 6244
9297 10820
4450 4451
1333 1334
269 4358
7970 7971
9074 10326
10897 13098
10220 10221
5987 6002
5487 5488
11074 11075
12457 12463
6290 6291
10041 10042
10796 10797
9019 9020
4762 4763
2230 2231
11837 11838
1965 9062
8546 8547
2073 2248
13189 13190
9372 9373
4961 6185
5508 5509
1410 1411
7130 7131
8063 12954
2698 2699
5376 9373
18 19
8029 8030
7137 7138
5955 9287
11828 11829
9617 12767
4273 4274
1620 1621
755 756
4900 4901
10642 10643
1057 1058
11860 11861
13349 13350
13282 13340
5044 5045
394 397
11447 13144
8043 11721
5038 5039
6087 6088
2905 3097
7944 7945
4126 6203
4033 4034
12524 12525
5711 8955
7791 7792
11280 11281
190 5934
3403 3404
2381 2382
7887 7888
2749 4927
2278 11416
6587 6588
8222 8223
4028 10954
9578 12777
3656 10245
5996 9831
4983 4984
11046 12400
3099 3143
11449 13143
1420 1421
1966 6591
6221 6222
7224 7225
845 3299
4214 6021
2093 2241
12270 13415
4508 4509
8534 8535
1251 1253
4003 4034
13062 13063
8148 8149
1075 1076
11816 11824
1469 1470
5554 6613
4612 4613
6798 6799
691 3501
11116 11221
12267 12268
1704 1705
1846 1847
1898 1899
3642 3643
10996 10997
7467 7628
6224 6225
5711 8956
9350 9362
7374 7375
5203 5204
7227 7228
10450 10451
49 50
5880 5881
2818 3401
5294 10363
2123 2234
8999 9000
11172 11203
8371 8372
8304 8305
11915 12651
9555 9559
12167 12168
12379 12380
11452 11453
6440 6441
7180 10624
1231 1254
11442 11443
1335 1336
6246 6247
12155 12156
8986 8987
4438 4439
11428 11429
6780 9755
11446 11447
383 384
4894 11420
797 798
3099 3294
1909 1910
10430 11858
12807 12808
12592 13373
10052 10522
6306 6307
4897 4921
4376 4377
5334 9382
12093 12094
5915 5936
7122 7123
2201 2202
4911 4912
3950 3952
5751 5752
11631 11682
6280 6281
319 320
757 777
6788 6789
8969 8970
6001 6243
10961 10962
6300 6328
6805 6806
12674 12675
8174 8175
6623 6624
9137 9138
1321 6125
2772 2773
9116 9117
4189 8758
11737 11749
567 568
2157 2158
1116 4149
7628 8377
8655 8656
13195 13360
10182 10183
12874 13367
3661 10078
5472 5473
1043 6562
5070 5071
8872 11403
4601 4602
9174 9175
4270 4271
204 5975
5471 5472
497 498
10283 10599
11697 11698
1464 6158
4964 6189
11532 11534
12058 12243
4473 8454
12377 12378
5127 5128
5458 5465
12085 12086
11032 11033
8781 8782
3465 3466
2914 3096
4943 4944
89 245
11781 11782
415 416
2708 2709
5274 10409
508 509
5719 5720
7856 7857
1696 12416
4504 4505
12207 13394
11453 11454
7842 7843
470 2503
6833 6834
1018 1566
12848 12849
2812 2813
11489 13134
5926 9283
8446 8447
11351 11522
4299 6906
3806 8874
8067 8068
10288 10598
7274 7275
6780 8618
11936 12680
9659 12422
2922 3095
5664 5665
206 207
1173 1347
5589 5590
9027 9028
13300 13336
3100 3101
11467 11483
13328 13329
4307 4308
10424 10427
11015 11305
8920 10195
5035 5568
5173 5174
5447 5448
4623 5462
8694 13008
294 295
2907 3509
4267 12916
507 6912
8766 8767
2074 12286
2197 2198
12374 12375
5600 7173
820 11505
7068 7069
4776 6773
9756 9757
9713 10355
1058 1059
8926 10194
8589 9776
6290 6465
2265 10063
817 3306
1965 10243
1759 3990
377 2355
2962 2963
6416 6417
4842 4843
8906 12961
3358 3492
8439 8440
10203 10204
1201 1202
5833 5834
2354 2355
13018 13019
7885 7886
9103 9104
4982 5011
13404 13405
5186 5187
3643 3644
46 254
1277 1278
10978 10979
12273 12274
7487 7492
8358 8359
1067 1068
3738 10319
7016 7017
496 1326
8255 8256
5505 5506
5625 11506
4415 4416
1113 1114
9005 12989
9916 9917
12235 12236
9297 9298
6998 6999
2760 2761
6614 6615
10068 10069
1363 9996
5860 5861
6724 6725
2546 2547
10987 10988
7068 10944
12899 12900
3269 3270
7617 7618
7279 7280
1073 1074
8911 12959
5042 5043
7313 7360
12797 12798
8447 8448
1249 1251
3798 8626
7010 7096
7731 7732
12189 13403
6358 6361
7107 7108
12037 12038
8641 13020
11636 11637
6910 8561
11619 11620
9532 9533
5742 12728
5051 5177
2482 2483
1347 10887
8315 8316
10392 10393
6549 6820
4700 10143
11862 11863
1967 2541
3408 10579
11010 11306
332 333
4787 4788
1817 1818
2716 2717
8327 13040
10994 10995
3105 3106
2671 2672
8515 8516
5856 5857
10202 11981
12154 12155
1082 1083
9357 9358
2766 8270
4141 10036
367 368
4234 4235
1334 1357
7161 7162
3803 5931
1532 1533
12281 13411
10101 10620
6812 6813
5923 11068
210 5694
3407 3408
4002 10093
11880 11881
8366 10901
1240 1241
5183 5184
8153 8154
13316 13317
10416 10417
8053 8055
1555 1556
4054 6164
453 458
8807 10546
3583 3925
5936 5955
312 313
383 2350
4507 4508
5311 5312
9546 9547
9971 10335
2311 2312
3013 3014
3733 9928
1778 4967
6175 13154
11922 11923
247 248
6089 6090
9913 10657
3926 9889
2915 2916
6850 6851
5852 5853
6244 10422
510 6909
8582 9780
11464 13138
1945 1946
8615 8616
594 7629
600 8377
9979 10665
3740 9884
6646 6647
4357 4358
4927 8278
2305 2306
6841 6842
2995 11244
3415 11320
11122 11217
4864 12706
2135 9559
9145 9146
8364 13023
117 241
8781 10556
6346 6347
5745 5746
5574 7176
13236 13237
1323 1437
12461 12462
2258 10413
11926 11927
2130 2233
1046 6609
1813 8031
7977 12832
9670 9671
2370 2687
1907 3654
12722 12723
6644 6645
12070 12071
3663 3664
8441 8442
5428 5429
7582 7610
5814 5815
11740 11741
8530 8531
4799 12429
12339 12340
2256 8918
9135 9136
5391 9368
3319 3320
11573 11574
725 726
273 298
7286 7287
6511 6512
6175 6176
5958 5959
5430 5431
7081 11691
6243 9828
2884 2885
3209 3210
11353 12315
10418 10419
6397 6467
7435 7436
7121 7122
350 12264
146 264
12118 12119
11464 11465
13270 13271
10355 10356
8823 10540
5144 5145
339 10622
416 11386
7853 7854
1107 9742
4894 4895
11021 11024
6762 6763
2536 2537
2244 2245
8303 8304
7507 7509
4830 5849
9291 9292
12809 12810
11847 13079
14 220
1973 3343
9559 12816
9488 9489
3275 3276
6535 9157
9541 12802
6902 8385
4841 4843
8173 12742
3360 3492
12227 12228
7822 7823
8014 8015
346 347
12371 12372
8831 10536
7385 7386
1019 1020
11897 11898
2728 2729
8138 8139
1832 10311
7582 7583
2329 2330
1436 1437
2640 2641
2995 7424
2467 2468
5739 5740
10513 10514
2128 2233
1749 1750
9773 9774
1078 1097
1761 4533
11966 11967
5332 5333
4437 4438
747 4172
7092 7093
10043 10044
6446 6447
4470 4471
7167 7168
11761 11762
12363 12364
10378 10379
9759 9760
8556 8557
8539 8540
5318 5437
12773 12774
10179 12887
11458 11459
6804 6805
12658 12659
3889 3920
7807 7808
11953 11954
317 318
5440 5441
830 3302
347 426
9579 9580
1146 1277
8967 8968
5326 5327
4315 11502
9492 9493
6320 6321
13186 13187
1856 10305
538 7641
9254 9255
13263 13264
3096 11490
10972 10973
1967 4150
4578 4579
7439 7441
13280 13281
11668 11674
1235 1236
7166 7167
2243 2244
7219 7220
9461 9462
327 328
10998 10999
8085 12949
11726 12261
8296 13048
8308 8309
5244 11049
6821 6822
8780 10557
11838 11839
11350 11351
11348 11349
7268 7269
12014 12015
4252 4262
810 9273
5382 5383
7124 7125
567 7636
7684 7685
5082 5164
2473 2474
11553 11554
5460 5461
987 988
7346 7349
9530 9531
7724 7725
8009 8010
5054 5055
1952 2070
5205 5206
6031 6032
3636 3637
10181 11988
6266 7515
7217 7218
83 84
645 646
10023 10024
9832 9839
6219 6220
1046 9821
10 223
8301 13046
1983 1984
12472 12473
6377 6378
7955 7957
5995 5998
5320 9384
11401 11405
8599 8600
3776 3777
5462 5463
6582 6583
1407 1408
3307 3308
5088 5163
373 374
5995 5996
11882 11883
2312 2313
28 8545
11612 11614
9187 9188
12454 12464
2121 2122
2253 6985
3287 3288
3012 3506
5400 5401
508 8397
425 13418
115 241
6686 8413
8802 8803
4778 5869
685 2997
1248 1249
12327 12328
6267 7515
11429 11430
3712 3713
11711 13096
5236 10455
10582 13072
175 474
6154 6155
1321 10833
12058 12122
6789 6790
2630 2631
10914 11695
8211 11413
3242 4872
12996 12997
6222 6223
6549 13113
46 48
5783 5784
5582 7174
13162 13163
1818 1819
10176 10177
427 428
13324 13325
11134 11135
5424 9391
635 636
