18096 28281
1 15460
1 2656
2638 15460
2641 15460
2644 15460
2647 15460
6839 15460
6842 15460
6857 15460
6860 15460
6875 15460
6878 15460
6893 15460
6896 15460
6911 15460
6914 15460
2 15461
2 2657
2639 15461
2642 15461
2650 15461
2653 15461
6845 15461
6848 15461
6863 15461
6866 15461
6881 15461
6884 15461
6899 15461
6902 15461
6917 15461
6920 15461
3 15462
3 2658
2645 15462
2648 15462
2651 15462
2654 15462
6851 15462
6854 15462
6869 15462
6872 15462
6887 15462
6890 15462
6905 15462
6908 15462
6923 15462
6926 15462
4 15463
4 2677
2659 15463
2662 15463
2665 15463
2668 15463
6929 15463
6932 15463
6947 15463
6950 15463
6965 15463
6968 15463
6983 15463
6986 15463
7001 15463
7004 15463
7019 15463
7022 15463
5 15464
5 2678
2660 15464
2663 15464
2671 15464
2674 15464
6935 15464
6938 15464
6953 15464
6956 15464
6971 15464
6974 15464
6989 15464
6992 15464
7007 15464
7010 15464
7025 15464
7028 15464
6 15465
6 2679
2666 15465
2669 15465
2672 15465
2675 15465
6941 15465
6944 15465
6959 15465
6962 15465
6977 15465
6980 15465
6995 15465
6998 15465
7013 15465
7016 15465
7031 15465
7034 15465
7 15466
7 2698
2680 15466
2683 15466
2686 15466
2689 15466
7037 15466
7040 15466
7055 15466
7058 15466
7073 15466
7076 15466
7091 15466
7094 15466
7109 15466
7112 15466
7127 15466
7130 15466
7145 15466
7148 15466
8 15467
8 2699
2681 15467
2684 15467
2692 15467
2695 15467
7043 15467
7046 15467
7061 15467
7064 15467
7079 15467
7082 15467
7097 15467
7100 15467
7115 15467
7118 15467
7133 15467
7136 15467
7151 15467
7154 15467
9 15468
9 2700
2687 15468
2690 15468
2693 15468
2696 15468
7049 15468
7052 15468
7067 15468
7070 15468
7085 15468
7088 15468
7103 15468
7106 15468
7121 15468
7124 15468
7139 15468
7142 15468
7157 15468
7160 15468
10 15469
10 2719
2701 15469
2704 15469
2707 15469
2710 15469
7163 15469
7166 15469
11 15470
11 2720
2702 15470
2705 15470
2713 15470
2716 15470
7169 15470
7172 15470
12 15471
12 2721
2708 15471
2711 15471
2714 15471
2717 15471
7175 15471
7178 15471
13 15472
13 2740
2722 15472
2725 15472
2728 15472
2731 15472
7181 15472
7184 15472
7199 15472
7202 15472
7217 15472
7220 15472
7235 15472
7238 15472
7253 15472
7256 15472
14 15473
14 2741
2723 15473
2726 15473
2734 15473
2737 15473
7187 15473
7190 15473
7205 15473
7208 15473
7223 15473
7226 15473
7241 15473
7244 15473
7259 15473
7262 15473
15 15474
15 2742
2729 15474
2732 15474
2735 15474
2738 15474
7193 15474
7196 15474
7211 15474
7214 15474
7229 15474
7232 15474
7247 15474
7250 15474
7265 15474
7268 15474
16 15475
16 2761
2743 15475
2746 15475
2749 15475
2752 15475
7271 15475
7274 15475
7289 15475
7292 15475
7307 15475
7310 15475
7325 15475
7328 15475
7343 15475
7346 15475
17 15476
17 2762
2744 15476
2747 15476
2755 15476
2758 15476
7277 15476
7280 15476
7295 15476
7298 15476
7313 15476
7316 15476
7331 15476
7334 15476
7349 15476
7352 15476
18 15477
18 2763
2750 15477
2753 15477
2756 15477
2759 15477
7283 15477
7286 15477
7301 15477
7304 15477
7319 15477
7322 15477
7337 15477
7340 15477
7355 15477
7358 15477
19 15478
19 2782
2764 15478
2767 15478
2770 15478
2773 15478
7361 15478
7364 15478
7379 15478
7382 15478
7397 15478
7400 15478
7415 15478
7418 15478
7433 15478
7436 15478
7451 15478
7454 15478
7469 15478
7472 15478
20 15479
20 2783
2765 15479
2768 15479
2776 15479
2779 15479
7367 15479
7370 15479
7385 15479
7388 15479
7403 15479
7406 15479
7421 15479
7424 15479
7439 15479
7442 15479
7457 15479
7460 15479
7475 15479
7478 15479
21 15480
21 2784
2771 15480
2774 15480
2777 15480
2780 15480
7373 15480
7376 15480
7391 15480
7394 15480
7409 15480
7412 15480
7427 15480
7430 15480
7445 15480
7448 15480
7463 15480
7466 15480
7481 15480
7484 15480
22 15481
22 2803
2785 15481
2788 15481
2791 15481
2794 15481
7487 15481
7490 15481
7505 15481
7508 15481
7523 15481
7526 15481
7541 15481
7544 15481
7559 15481
7562 15481
23 15482
23 2804
2786 15482
2789 15482
2797 15482
2800 15482
7493 15482
7496 15482
7511 15482
7514 15482
7529 15482
7532 15482
7547 15482
7550 15482
7565 15482
7568 15482
24 15483
24 2805
2792 15483
2795 15483
2798 15483
2801 15483
7499 15483
7502 15483
7517 15483
7520 15483
7535 15483
7538 15483
7553 15483
7556 15483
7571 15483
7574 15483
25 15484
25 2824
2806 15484
2809 15484
2812 15484
2815 15484
6838 15484
6841 15484
7577 15484
7580 15484
7595 15484
7598 15484
7613 15484
7616 15484
7631 15484
7634 15484
26 15485
26 2825
2807 15485
2810 15485
2818 15485
2821 15485
6844 15485
6847 15485
7583 15485
7586 15485
7601 15485
7604 15485
7619 15485
7622 15485
7637 15485
7640 15485
27 15486
27 2826
2813 15486
2816 15486
2819 15486
2822 15486
6850 15486
6853 15486
7589 15486
7592 15486
7607 15486
7610 15486
7625 15486
7628 15486
7643 15486
7646 15486
28 15487
28 2845
2827 15487
2830 15487
2833 15487
2836 15487
7360 15487
7363 15487
7649 15487
7652 15487
7667 15487
7670 15487
7685 15487
7688 15487
7703 15487
7706 15487
7721 15487
7724 15487
29 15488
29 2846
2828 15488
2831 15488
2839 15488
2842 15488
7366 15488
7369 15488
7655 15488
7658 15488
7673 15488
7676 15488
7691 15488
7694 15488
7709 15488
7712 15488
7727 15488
7730 15488
30 15489
30 2847
2834 15489
2837 15489
2840 15489
2843 15489
7372 15489
7375 15489
7661 15489
7664 15489
7679 15489
7682 15489
7697 15489
7700 15489
7715 15489
7718 15489
7733 15489
7736 15489
31 15490
31 2866
2848 15490
2851 15490
2854 15490
2857 15490
7739 15490
7742 15490
7757 15490
7760 15490
32 15491
32 2867
2849 15491
2852 15491
2860 15491
2863 15491
7745 15491
7748 15491
7763 15491
7766 15491
33 15492
33 2868
2855 15492
2858 15492
2861 15492
2864 15492
7751 15492
7754 15492
7769 15492
7772 15492
34 15493
34 2887
2869 15493
2872 15493
2875 15493
2878 15493
7775 15493
7778 15493
7793 15493
7796 15493
7811 15493
7814 15493
7829 15493
7832 15493
7847 15493
7850 15493
7865 15493
7868 15493
35 15494
35 2888
2870 15494
2873 15494
2881 15494
2884 15494
7781 15494
7784 15494
7799 15494
7802 15494
7817 15494
7820 15494
7835 15494
7838 15494
7853 15494
7856 15494
7871 15494
7874 15494
36 15495
36 2889
2876 15495
2879 15495
2882 15495
2885 15495
7787 15495
7790 15495
7805 15495
7808 15495
7823 15495
7826 15495
7841 15495
7844 15495
7859 15495
7862 15495
7877 15495
7880 15495
37 15496
37 2908
2890 15496
2893 15496
2896 15496
2899 15496
7883 15496
7886 15496
7901 15496
7904 15496
7919 15496
7922 15496
7937 15496
7940 15496
7955 15496
7958 15496
38 15497
38 2909
2891 15497
2894 15497
2902 15497
2905 15497
7889 15497
7892 15497
7907 15497
7910 15497
7925 15497
7928 15497
7943 15497
7946 15497
7961 15497
7964 15497
39 15498
39 2910
2897 15498
2900 15498
2903 15498
2906 15498
7895 15498
7898 15498
7913 15498
7916 15498
7931 15498
7934 15498
7949 15498
7952 15498
7967 15498
7970 15498
40 15499
40 2929
2911 15499
2914 15499
2917 15499
2920 15499
7973 15499
7976 15499
7991 15499
7994 15499
8009 15499
8012 15499
8027 15499
8030 15499
8045 15499
8048 15499
8063 15499
8066 15499
41 15500
41 2930
2912 15500
2915 15500
2923 15500
2926 15500
7979 15500
7982 15500
7997 15500
8000 15500
8015 15500
8018 15500
8033 15500
8036 15500
8051 15500
8054 15500
8069 15500
8072 15500
42 15501
42 2931
2918 15501
2921 15501
2924 15501
2927 15501
7985 15501
7988 15501
8003 15501
8006 15501
8021 15501
8024 15501
8039 15501
8042 15501
8057 15501
8060 15501
8075 15501
8078 15501
43 15502
43 2950
2932 15502
2935 15502
2938 15502
2941 15502
8081 15502
8084 15502
8099 15502
8102 15502
8117 15502
8120 15502
8135 15502
8138 15502
8153 15502
8156 15502
44 15503
44 2951
2933 15503
2936 15503
2944 15503
2947 15503
8087 15503
8090 15503
8105 15503
8108 15503
8123 15503
8126 15503
8141 15503
8144 15503
8159 15503
8162 15503
45 15504
45 2952
2939 15504
2942 15504
2945 15504
2948 15504
8093 15504
8096 15504
8111 15504
8114 15504
8129 15504
8132 15504
8147 15504
8150 15504
8165 15504
8168 15504
46 15505
46 2971
2953 15505
2956 15505
2959 15505
2962 15505
8171 15505
8174 15505
8189 15505
8192 15505
8207 15505
8210 15505
8225 15505
8228 15505
8243 15505
8246 15505
47 15506
47 2972
2954 15506
2957 15506
2965 15506
2968 15506
8177 15506
8180 15506
8195 15506
8198 15506
8213 15506
8216 15506
8231 15506
8234 15506
8249 15506
8252 15506
48 15507
48 2973
2960 15507
2963 15507
2966 15507
2969 15507
8183 15507
8186 15507
8201 15507
8204 15507
8219 15507
8222 15507
8237 15507
8240 15507
8255 15507
8258 15507
49 15508
49 2992
2974 15508
2977 15508
2980 15508
2983 15508
7576 15508
7579 15508
8261 15508
8264 15508
8279 15508
8282 15508
8297 15508
8300 15508
8315 15508
8318 15508
50 15509
50 2993
2975 15509
2978 15509
2986 15509
2989 15509
7582 15509
7585 15509
8267 15509
8270 15509
8285 15509
8288 15509
8303 15509
8306 15509
8321 15509
8324 15509
51 15510
51 2994
2981 15510
2984 15510
2987 15510
2990 15510
7588 15510
7591 15510
8273 15510
8276 15510
8291 15510
8294 15510
8309 15510
8312 15510
8327 15510
8330 15510
52 15511
52 3013
2995 15511
2998 15511
3001 15511
3004 15511
7036 15511
7039 15511
8333 15511
8336 15511
8351 15511
8354 15511
8369 15511
8372 15511
8387 15511
8390 15511
8405 15511
8408 15511
53 15512
53 3014
2996 15512
2999 15512
3007 15512
3010 15512
7042 15512
7045 15512
8339 15512
8342 15512
8357 15512
8360 15512
8375 15512
8378 15512
8393 15512
8396 15512
8411 15512
8414 15512
54 15513
54 3015
3002 15513
3005 15513
3008 15513
3011 15513
7048 15513
7051 15513
8345 15513
8348 15513
8363 15513
8366 15513
8381 15513
8384 15513
8399 15513
8402 15513
8417 15513
8420 15513
55 15514
55 3034
3016 15514
3019 15514
3022 15514
3025 15514
8423 15514
8426 15514
8441 15514
8444 15514
8459 15514
8462 15514
8477 15514
8480 15514
8495 15514
8498 15514
56 15515
56 3035
3017 15515
3020 15515
3028 15515
3031 15515
8429 15515
8432 15515
8447 15515
8450 15515
8465 15515
8468 15515
8483 15515
8486 15515
8501 15515
8504 15515
57 15516
57 3036
3023 15516
3026 15516
3029 15516
3032 15516
8435 15516
8438 15516
8453 15516
8456 15516
8471 15516
8474 15516
8489 15516
8492 15516
8507 15516
8510 15516
58 15517
58 3055
3037 15517
3040 15517
3043 15517
3046 15517
8513 15517
8516 15517
8531 15517
8534 15517
8549 15517
8552 15517
59 15518
59 3056
3038 15518
3041 15518
3049 15518
3052 15518
8519 15518
8522 15518
8537 15518
8540 15518
8555 15518
8558 15518
60 15519
60 3057
3044 15519
3047 15519
3050 15519
3053 15519
8525 15519
8528 15519
8543 15519
8546 15519
8561 15519
8564 15519
61 15520
61 3076
3058 15520
3061 15520
3064 15520
3067 15520
6928 15520
6931 15520
7972 15520
7975 15520
8170 15520
8173 15520
8512 15520
8515 15520
8567 15520
8570 15520
62 15521
62 3077
3059 15521
3062 15521
3070 15521
3073 15521
6934 15521
6937 15521
7978 15521
7981 15521
8176 15521
8179 15521
8518 15521
8521 15521
8573 15521
8576 15521
63 15522
63 3078
3065 15522
3068 15522
3071 15522
3074 15522
6940 15522
6943 15522
7984 15522
7987 15522
8182 15522
8185 15522
8524 15522
8527 15522
8579 15522
8582 15522
64 15523
64 3097
3079 15523
3082 15523
3085 15523
3088 15523
8585 15523
8588 15523
8603 15523
8606 15523
8621 15523
8624 15523
8639 15523
8642 15523
8657 15523
8660 15523
8675 15523
8678 15523
8693 15523
8696 15523
8711 15523
8714 15523
65 15524
65 3098
3080 15524
3083 15524
3091 15524
3094 15524
8591 15524
8594 15524
8609 15524
8612 15524
8627 15524
8630 15524
8645 15524
8648 15524
8663 15524
8666 15524
8681 15524
8684 15524
8699 15524
8702 15524
8717 15524
8720 15524
66 15525
66 3099
3086 15525
3089 15525
3092 15525
3095 15525
8597 15525
8600 15525
8615 15525
8618 15525
8633 15525
8636 15525
8651 15525
8654 15525
8669 15525
8672 15525
8687 15525
8690 15525
8705 15525
8708 15525
8723 15525
8726 15525
67 15526
67 3118
3100 15526
3103 15526
3106 15526
3109 15526
7180 15526
7183 15526
8584 15526
8587 15526
8729 15526
8732 15526
8747 15526
8750 15526
8765 15526
8768 15526
8783 15526
8786 15526
8801 15526
8804 15526
8819 15526
8822 15526
68 15527
68 3119
3101 15527
3104 15527
3112 15527
3115 15527
7186 15527
7189 15527
8590 15527
8593 15527
8735 15527
8738 15527
8753 15527
8756 15527
8771 15527
8774 15527
8789 15527
8792 15527
8807 15527
8810 15527
8825 15527
8828 15527
69 15528
69 3120
3107 15528
3110 15528
3113 15528
3116 15528
7192 15528
7195 15528
8596 15528
8599 15528
8741 15528
8744 15528
8759 15528
8762 15528
8777 15528
8780 15528
8795 15528
8798 15528
8813 15528
8816 15528
8831 15528
8834 15528
70 15529
70 3139
3121 15529
3124 15529
3127 15529
3130 15529
8837 15529
8840 15529
8855 15529
8858 15529
8873 15529
8876 15529
8891 15529
8894 15529
71 15530
71 3140
3122 15530
3125 15530
3133 15530
3136 15530
8843 15530
8846 15530
8861 15530
8864 15530
8879 15530
8882 15530
8897 15530
8900 15530
72 15531
72 3141
3128 15531
3131 15531
3134 15531
3137 15531
8849 15531
8852 15531
8867 15531
8870 15531
8885 15531
8888 15531
8903 15531
8906 15531
73 15532
73 3160
3142 15532
3145 15532
3148 15532
3151 15532
8909 15532
8912 15532
8927 15532
8930 15532
8945 15532
8948 15532
8963 15532
8966 15532
8981 15532
8984 15532
74 15533
74 3161
3143 15533
3146 15533
3154 15533
3157 15533
8915 15533
8918 15533
8933 15533
8936 15533
8951 15533
8954 15533
8969 15533
8972 15533
8987 15533
8990 15533
75 15534
75 3162
3149 15534
3152 15534
3155 15534
3158 15534
8921 15534
8924 15534
8939 15534
8942 15534
8957 15534
8960 15534
8975 15534
8978 15534
8993 15534
8996 15534
76 15535
76 3181
3163 15535
3166 15535
3169 15535
3172 15535
8999 15535
9002 15535
9017 15535
9020 15535
9035 15535
9038 15535
9053 15535
9056 15535
77 15536
77 3182
3164 15536
3167 15536
3175 15536
3178 15536
9005 15536
9008 15536
9023 15536
9026 15536
9041 15536
9044 15536
9059 15536
9062 15536
78 15537
78 3183
3170 15537
3173 15537
3176 15537
3179 15537
9011 15537
9014 15537
9029 15537
9032 15537
9047 15537
9050 15537
9065 15537
9068 15537
79 15538
79 3202
3184 15538
3187 15538
3190 15538
3193 15538
7594 15538
7597 15538
8332 15538
8335 15538
9071 15538
9074 15538
9089 15538
9092 15538
9107 15538
9110 15538
9125 15538
9128 15538
9143 15538
9146 15538
80 15539
80 3203
3185 15539
3188 15539
3196 15539
3199 15539
7600 15539
7603 15539
8338 15539
8341 15539
9077 15539
9080 15539
9095 15539
9098 15539
9113 15539
9116 15539
9131 15539
9134 15539
9149 15539
9152 15539
81 15540
81 3204
3191 15540
3194 15540
3197 15540
3200 15540
7606 15540
7609 15540
8344 15540
8347 15540
9083 15540
9086 15540
9101 15540
9104 15540
9119 15540
9122 15540
9137 15540
9140 15540
9155 15540
9158 15540
82 15541
82 3223
3205 15541
3208 15541
3211 15541
3214 15541
8602 15541
8605 15541
9161 15541
9164 15541
9179 15541
9182 15541
9197 15541
9200 15541
83 15542
83 3224
3206 15542
3209 15542
3217 15542
3220 15542
8608 15542
8611 15542
9167 15542
9170 15542
9185 15542
9188 15542
9203 15542
9206 15542
84 15543
84 3225
3212 15543
3215 15543
3218 15543
3221 15543
8614 15543
8617 15543
9173 15543
9176 15543
9191 15543
9194 15543
9209 15543
9212 15543
85 15544
85 3244
3226 15544
3229 15544
3232 15544
3235 15544
6856 15544
6859 15544
9215 15544
9218 15544
9233 15544
9236 15544
9251 15544
9254 15544
9269 15544
9272 15544
86 15545
86 3245
3227 15545
3230 15545
3238 15545
3241 15545
6862 15545
6865 15545
9221 15545
9224 15545
9239 15545
9242 15545
9257 15545
9260 15545
9275 15545
9278 15545
87 15546
87 3246
3233 15546
3236 15546
3239 15546
3242 15546
6868 15546
6871 15546
9227 15546
9230 15546
9245 15546
9248 15546
9263 15546
9266 15546
9281 15546
9284 15546
88 15547
88 3265
3247 15547
3250 15547
3253 15547
3256 15547
9287 15547
9290 15547
9305 15547
9308 15547
89 15548
89 3266
3248 15548
3251 15548
3259 15548
3262 15548
9293 15548
9296 15548
9311 15548
9314 15548
90 15549
90 3267
3254 15549
3257 15549
3260 15549
3263 15549
9299 15549
9302 15549
9317 15549
9320 15549
91 15550
91 3286
3268 15550
3271 15550
3274 15550
3277 15550
9323 15550
9326 15550
9341 15550
9344 15550
9359 15550
9362 15550
9377 15550
9380 15550
92 15551
92 3287
3269 15551
3272 15551
3280 15551
3283 15551
9329 15551
9332 15551
9347 15551
9350 15551
9365 15551
9368 15551
9383 15551
9386 15551
93 15552
93 3288
3275 15552
3278 15552
3281 15552
3284 15552
9335 15552
9338 15552
9353 15552
9356 15552
9371 15552
9374 15552
9389 15552
9392 15552
94 15553
94 3307
3289 15553
3292 15553
3295 15553
3298 15553
9395 15553
9398 15553
9413 15553
9416 15553
9431 15553
9434 15553
95 15554
95 3308
3290 15554
3293 15554
3301 15554
3304 15554
9401 15554
9404 15554
9419 15554
9422 15554
9437 15554
9440 15554
96 15555
96 3309
3296 15555
3299 15555
3302 15555
3305 15555
9407 15555
9410 15555
9425 15555
9428 15555
9443 15555
9446 15555
97 15556
97 3328
3310 15556
3313 15556
3316 15556
3319 15556
7054 15556
7057 15556
7774 15556
7777 15556
9449 15556
9452 15556
9467 15556
9470 15556
9485 15556
9488 15556
98 15557
98 3329
3311 15557
3314 15557
3322 15557
3325 15557
7060 15557
7063 15557
7780 15557
7783 15557
9455 15557
9458 15557
9473 15557
9476 15557
9491 15557
9494 15557
99 15558
99 3330
3317 15558
3320 15558
3323 15558
3326 15558
7066 15558
7069 15558
7786 15558
7789 15558
9461 15558
9464 15558
9479 15558
9482 15558
9497 15558
9500 15558
100 15559
100 3349
3331 15559
3334 15559
3337 15559
3340 15559
7270 15559
7273 15559
8836 15559
8839 15559
9503 15559
9506 15559
101 15560
101 3350
3332 15560
3335 15560
3343 15560
3346 15560
7276 15560
7279 15560
8842 15560
8845 15560
9509 15560
9512 15560
102 15561
102 3351
3338 15561
3341 15561
3344 15561
3347 15561
7282 15561
7285 15561
8848 15561
8851 15561
9515 15561
9518 15561
103 15562
103 3370
3352 15562
3355 15562
3358 15562
3361 15562
8566 15562
8569 15562
9521 15562
9524 15562
9539 15562
9542 15562
9557 15562
9560 15562
9575 15562
9578 15562
9593 15562
9596 15562
104 15563
104 3371
3353 15563
3356 15563
3364 15563
3367 15563
8572 15563
8575 15563
9527 15563
9530 15563
9545 15563
9548 15563
9563 15563
9566 15563
9581 15563
9584 15563
9599 15563
9602 15563
105 15564
105 3372
3359 15564
3362 15564
3365 15564
3368 15564
8578 15564
8581 15564
9533 15564
9536 15564
9551 15564
9554 15564
9569 15564
9572 15564
9587 15564
9590 15564
9605 15564
9608 15564
106 15565
106 3391
3373 15565
3376 15565
3379 15565
3382 15565
7378 15565
7381 15565
9611 15565
9614 15565
9629 15565
9632 15565
9647 15565
9650 15565
9665 15565
9668 15565
107 15566
107 3392
3374 15566
3377 15566
3385 15566
3388 15566
7384 15566
7387 15566
9617 15566
9620 15566
9635 15566
9638 15566
9653 15566
9656 15566
9671 15566
9674 15566
108 15567
108 3393
3380 15567
3383 15567
3386 15567
3389 15567
7390 15567
7393 15567
9623 15567
9626 15567
9641 15567
9644 15567
9659 15567
9662 15567
9677 15567
9680 15567
109 15568
109 3412
3394 15568
3397 15568
3400 15568
3403 15568
9520 15568
9523 15568
9683 15568
9686 15568
9701 15568
9704 15568
9719 15568
9722 15568
9737 15568
9740 15568
9755 15568
9758 15568
9773 15568
9776 15568
9791 15568
9794 15568
110 15569
110 3413
3395 15569
3398 15569
3406 15569
3409 15569
9526 15569
9529 15569
9689 15569
9692 15569
9707 15569
9710 15569
9725 15569
9728 15569
9743 15569
9746 15569
9761 15569
9764 15569
9779 15569
9782 15569
9797 15569
9800 15569
111 15570
111 3414
3401 15570
3404 15570
3407 15570
3410 15570
9532 15570
9535 15570
9695 15570
9698 15570
9713 15570
9716 15570
9731 15570
9734 15570
9749 15570
9752 15570
9767 15570
9770 15570
9785 15570
9788 15570
9803 15570
9806 15570
112 15571
112 3433
3415 15571
3418 15571
3421 15571
3424 15571
8260 15571
8263 15571
9809 15571
9812 15571
9827 15571
9830 15571
9845 15571
9848 15571
9863 15571
9866 15571
113 15572
113 3434
3416 15572
3419 15572
3427 15572
3430 15572
8266 15572
8269 15572
9815 15572
9818 15572
9833 15572
9836 15572
9851 15572
9854 15572
9869 15572
9872 15572
114 15573
114 3435
3422 15573
3425 15573
3428 15573
3431 15573
8272 15573
8275 15573
9821 15573
9824 15573
9839 15573
9842 15573
9857 15573
9860 15573
9875 15573
9878 15573
115 15574
115 3454
3436 15574
3439 15574
3442 15574
3445 15574
9682 15574
9685 15574
9881 15574
9884 15574
9899 15574
9902 15574
9917 15574
9920 15574
9935 15574
9938 15574
116 15575
116 3455
3437 15575
3440 15575
3448 15575
3451 15575
9688 15575
9691 15575
9887 15575
9890 15575
9905 15575
9908 15575
9923 15575
9926 15575
9941 15575
9944 15575
117 15576
117 3456
3443 15576
3446 15576
3449 15576
3452 15576
9694 15576
9697 15576
9893 15576
9896 15576
9911 15576
9914 15576
9929 15576
9932 15576
9947 15576
9950 15576
118 15577
118 3475
3457 15577
3460 15577
3463 15577
3466 15577
9880 15577
9883 15577
9953 15577
9956 15577
9971 15577
9974 15577
9989 15577
9992 15577
119 15578
119 3476
3458 15578
3461 15578
3469 15578
3472 15578
9886 15578
9889 15578
9959 15578
9962 15578
9977 15578
9980 15578
9995 15578
9998 15578
120 15579
120 3477
3464 15579
3467 15579
3470 15579
3473 15579
9892 15579
9895 15579
9965 15579
9968 15579
9983 15579
9986 15579
10001 15579
10004 15579
121 15580
121 3496
3478 15580
3481 15580
3484 15580
3487 15580
9322 15580
9325 15580
9502 15580
9505 15580
10007 15580
10010 15580
10025 15580
10028 15580
10043 15580
10046 15580
122 15581
122 3497
3479 15581
3482 15581
3490 15581
3493 15581
9328 15581
9331 15581
9508 15581
9511 15581
10013 15581
10016 15581
10031 15581
10034 15581
10049 15581
10052 15581
123 15582
123 3498
3485 15582
3488 15582
3491 15582
3494 15582
9334 15582
9337 15582
9514 15582
9517 15582
10019 15582
10022 15582
10037 15582
10040 15582
10055 15582
10058 15582
124 15583
124 3517
3499 15583
3502 15583
3505 15583
3508 15583
7990 15583
7993 15583
8350 15583
8353 15583
8422 15583
8425 15583
10061 15583
10064 15583
10079 15583
10082 15583
125 15584
125 3518
3500 15584
3503 15584
3511 15584
3514 15584
7996 15584
7999 15584
8356 15584
8359 15584
8428 15584
8431 15584
10067 15584
10070 15584
10085 15584
10088 15584
126 15585
126 3519
3506 15585
3509 15585
3512 15585
3515 15585
8002 15585
8005 15585
8362 15585
8365 15585
8434 15585
8437 15585
10073 15585
10076 15585
10091 15585
10094 15585
127 15586
127 3538
3520 15586
3523 15586
3526 15586
3529 15586
10097 15586
10100 15586
10115 15586
10118 15586
10133 15586
10136 15586
10151 15586
10154 15586
10169 15586
10172 15586
128 15587
128 3539
3521 15587
3524 15587
3532 15587
3535 15587
10103 15587
10106 15587
10121 15587
10124 15587
10139 15587
10142 15587
10157 15587
10160 15587
10175 15587
10178 15587
129 15588
129 3540
3527 15588
3530 15588
3533 15588
3536 15588
10109 15588
10112 15588
10127 15588
10130 15588
10145 15588
10148 15588
10163 15588
10166 15588
10181 15588
10184 15588
130 15589
130 3559
3541 15589
3544 15589
3547 15589
3550 15589
8530 15589
8533 15589
10187 15589
10190 15589
10205 15589
10208 15589
10223 15589
10226 15589
131 15590
131 3560
3542 15590
3545 15590
3553 15590
3556 15590
8536 15590
8539 15590
10193 15590
10196 15590
10211 15590
10214 15590
10229 15590
10232 15590
132 15591
132 3561
3548 15591
3551 15591
3554 15591
3557 15591
8542 15591
8545 15591
10199 15591
10202 15591
10217 15591
10220 15591
10235 15591
10238 15591
133 15592
133 3580
3562 15592
3565 15592
3568 15592
3571 15592
7396 15592
7399 15592
10241 15592
10244 15592
10259 15592
10262 15592
10277 15592
10280 15592
10295 15592
10298 15592
10313 15592
10316 15592
10331 15592
10334 15592
10349 15592
10352 15592
134 15593
134 3581
3563 15593
3566 15593
3574 15593
3577 15593
7402 15593
7405 15593
10247 15593
10250 15593
10265 15593
10268 15593
10283 15593
10286 15593
10301 15593
10304 15593
10319 15593
10322 15593
10337 15593
10340 15593
10355 15593
10358 15593
135 15594
135 3582
3569 15594
3572 15594
3575 15594
3578 15594
7408 15594
7411 15594
10253 15594
10256 15594
10271 15594
10274 15594
10289 15594
10292 15594
10307 15594
10310 15594
10325 15594
10328 15594
10343 15594
10346 15594
10361 15594
10364 15594
136 15595
136 3601
3583 15595
3586 15595
3589 15595
3592 15595
9700 15595
9703 15595
10367 15595
10370 15595
10385 15595
10388 15595
10403 15595
10406 15595
137 15596
137 3602
3584 15596
3587 15596
3595 15596
3598 15596
9706 15596
9709 15596
10373 15596
10376 15596
10391 15596
10394 15596
10409 15596
10412 15596
138 15597
138 3603
3590 15597
3593 15597
3596 15597
3599 15597
9712 15597
9715 15597
10379 15597
10382 15597
10397 15597
10400 15597
10415 15597
10418 15597
139 15598
139 3622
3604 15598
3607 15598
3610 15598
3613 15598
8998 15598
9001 15598
10421 15598
10424 15598
10439 15598
10442 15598
10457 15598
10460 15598
140 15599
140 3623
3605 15599
3608 15599
3616 15599
3619 15599
9004 15599
9007 15599
10427 15599
10430 15599
10445 15599
10448 15599
10463 15599
10466 15599
141 15600
141 3624
3611 15600
3614 15600
3617 15600
3620 15600
9010 15600
9013 15600
10433 15600
10436 15600
10451 15600
10454 15600
10469 15600
10472 15600
142 15601
142 3643
3625 15601
3628 15601
3631 15601
3634 15601
9214 15601
9217 15601
10186 15601
10189 15601
10475 15601
10478 15601
10493 15601
10496 15601
10511 15601
10514 15601
143 15602
143 3644
3626 15602
3629 15602
3637 15602
3640 15602
9220 15602
9223 15602
10192 15602
10195 15602
10481 15602
10484 15602
10499 15602
10502 15602
10517 15602
10520 15602
144 15603
144 3645
3632 15603
3635 15603
3638 15603
3641 15603
9226 15603
9229 15603
10198 15603
10201 15603
10487 15603
10490 15603
10505 15603
10508 15603
10523 15603
10526 15603
145 15604
145 3664
3646 15604
3649 15604
3652 15604
3655 15604
10529 15604
10532 15604
10547 15604
10550 15604
10565 15604
10568 15604
10583 15604
10586 15604
10601 15604
10604 15604
10619 15604
10622 15604
10637 15604
10640 15604
10655 15604
10658 15604
146 15605
146 3665
3647 15605
3650 15605
3658 15605
3661 15605
10535 15605
10538 15605
10553 15605
10556 15605
10571 15605
10574 15605
10589 15605
10592 15605
10607 15605
10610 15605
10625 15605
10628 15605
10643 15605
10646 15605
10661 15605
10664 15605
147 15606
147 3666
3653 15606
3656 15606
3659 15606
3662 15606
10541 15606
10544 15606
10559 15606
10562 15606
10577 15606
10580 15606
10595 15606
10598 15606
10613 15606
10616 15606
10631 15606
10634 15606
10649 15606
10652 15606
10667 15606
10670 15606
148 15607
148 3685
3667 15607
3670 15607
3673 15607
3676 15607
10204 15607
10207 15607
10673 15607
10676 15607
10691 15607
10694 15607
10709 15607
10712 15607
149 15608
149 3686
3668 15608
3671 15608
3679 15608
3682 15608
10210 15608
10213 15608
10679 15608
10682 15608
10697 15608
10700 15608
10715 15608
10718 15608
150 15609
150 3687
3674 15609
3677 15609
3680 15609
3683 15609
10216 15609
10219 15609
10685 15609
10688 15609
10703 15609
10706 15609
10721 15609
10724 15609
151 15610
151 3706
3688 15610
3691 15610
3694 15610
3697 15610
7072 15610
7075 15610
7882 15610
7885 15610
8728 15610
8731 15610
10727 15610
10730 15610
10745 15610
10748 15610
10763 15610
10766 15610
10781 15610
10784 15610
152 15611
152 3707
3689 15611
3692 15611
3700 15611
3703 15611
7078 15611
7081 15611
7888 15611
7891 15611
8734 15611
8737 15611
10733 15611
10736 15611
10751 15611
10754 15611
10769 15611
10772 15611
10787 15611
10790 15611
153 15612
153 3708
3695 15612
3698 15612
3701 15612
3704 15612
7084 15612
7087 15612
7894 15612
7897 15612
8740 15612
8743 15612
10739 15612
10742 15612
10757 15612
10760 15612
10775 15612
10778 15612
10793 15612
10796 15612
154 15613
154 3727
3709 15613
3712 15613
3715 15613
3718 15613
7900 15613
7903 15613
10799 15613
10802 15613
10817 15613
10820 15613
10835 15613
10838 15613
155 15614
155 3728
3710 15614
3713 15614
3721 15614
3724 15614
7906 15614
7909 15614
10805 15614
10808 15614
10823 15614
10826 15614
10841 15614
10844 15614
156 15615
156 3729
3716 15615
3719 15615
3722 15615
3725 15615
7912 15615
7915 15615
10811 15615
10814 15615
10829 15615
10832 15615
10847 15615
10850 15615
157 15616
157 3748
3730 15616
3733 15616
3736 15616
3739 15616
7288 15616
7291 15616
8548 15616
8551 15616
9070 15616
9073 15616
10853 15616
10856 15616
10871 15616
10874 15616
10889 15616
10892 15616
10907 15616
10910 15616
158 15617
158 3749
3731 15617
3734 15617
3742 15617
3745 15617
7294 15617
7297 15617
8554 15617
8557 15617
9076 15617
9079 15617
10859 15617
10862 15617
10877 15617
10880 15617
10895 15617
10898 15617
10913 15617
10916 15617
159 15618
159 3750
3737 15618
3740 15618
3743 15618
3746 15618
7300 15618
7303 15618
8560 15618
8563 15618
9082 15618
9085 15618
10865 15618
10868 15618
10883 15618
10886 15618
10901 15618
10904 15618
10919 15618
10922 15618
160 15619
160 3769
3751 15619
3754 15619
3757 15619
3760 15619
10240 15619
10243 15619
10925 15619
10928 15619
10943 15619
10946 15619
161 15620
161 3770
3752 15620
3755 15620
3763 15620
3766 15620
10246 15620
10249 15620
10931 15620
10934 15620
10949 15620
10952 15620
162 15621
162 3771
3758 15621
3761 15621
3764 15621
3767 15621
10252 15621
10255 15621
10937 15621
10940 15621
10955 15621
10958 15621
163 15622
163 3790
3772 15622
3775 15622
3778 15622
3781 15622
7648 15622
7651 15622
10852 15622
10855 15622
10961 15622
10964 15622
10979 15622
10982 15622
10997 15622
11000 15622
164 15623
164 3791
3773 15623
3776 15623
3784 15623
3787 15623
7654 15623
7657 15623
10858 15623
10861 15623
10967 15623
10970 15623
10985 15623
10988 15623
11003 15623
11006 15623
165 15624
165 3792
3779 15624
3782 15624
3785 15624
3788 15624
7660 15624
7663 15624
10864 15624
10867 15624
10973 15624
10976 15624
10991 15624
10994 15624
11009 15624
11012 15624
166 15625
166 3811
3793 15625
3796 15625
3799 15625
3802 15625
11015 15625
11018 15625
11033 15625
11036 15625
11051 15625
11054 15625
167 15626
167 3812
3794 15626
3797 15626
3805 15626
3808 15626
11021 15626
11024 15626
11039 15626
11042 15626
11057 15626
11060 15626
168 15627
168 3813
3800 15627
3803 15627
3806 15627
3809 15627
11027 15627
11030 15627
11045 15627
11048 15627
11063 15627
11066 15627
169 15628
169 3832
3814 15628
3817 15628
3820 15628
3823 15628
7792 15628
7795 15628
8620 15628
8623 15628
11069 15628
11072 15628
11087 15628
11090 15628
11105 15628
11108 15628
170 15629
170 3833
3815 15629
3818 15629
3826 15629
3829 15629
7798 15629
7801 15629
8626 15629
8629 15629
11075 15629
11078 15629
11093 15629
11096 15629
11111 15629
11114 15629
171 15630
171 3834
3821 15630
3824 15630
3827 15630
3830 15630
7804 15630
7807 15630
8632 15630
8635 15630
11081 15630
11084 15630
11099 15630
11102 15630
11117 15630
11120 15630
172 15631
172 3853
3835 15631
3838 15631
3841 15631
3844 15631
11123 15631
11126 15631
11141 15631
11144 15631
173 15632
173 3854
3836 15632
3839 15632
3847 15632
3850 15632
11129 15632
11132 15632
11147 15632
11150 15632
174 15633
174 3855
3842 15633
3845 15633
3848 15633
3851 15633
11135 15633
11138 15633
11153 15633
11156 15633
175 15634
175 3874
3856 15634
3859 15634
3862 15634
3865 15634
9718 15634
9721 15634
10726 15634
10729 15634
11159 15634
11162 15634
11177 15634
11180 15634
11195 15634
11198 15634
11213 15634
11216 15634
11231 15634
11234 15634
11249 15634
11252 15634
176 15635
176 3875
3857 15635
3860 15635
3868 15635
3871 15635
9724 15635
9727 15635
10732 15635
10735 15635
11165 15635
11168 15635
11183 15635
11186 15635
11201 15635
11204 15635
11219 15635
11222 15635
11237 15635
11240 15635
11255 15635
11258 15635
177 15636
177 3876
3863 15636
3866 15636
3869 15636
3872 15636
9730 15636
9733 15636
10738 15636
10741 15636
11171 15636
11174 15636
11189 15636
11192 15636
11207 15636
11210 15636
11225 15636
11228 15636
11243 15636
11246 15636
11261 15636
11264 15636
178 15637
178 3895
3877 15637
3880 15637
3883 15637
3886 15637
9232 15637
9235 15637
10258 15637
10261 15637
11267 15637
11270 15637
11285 15637
11288 15637
11303 15637
11306 15637
11321 15637
11324 15637
179 15638
179 3896
3878 15638
3881 15638
3889 15638
3892 15638
9238 15638
9241 15638
10264 15638
10267 15638
11273 15638
11276 15638
11291 15638
11294 15638
11309 15638
11312 15638
11327 15638
11330 15638
180 15639
180 3897
3884 15639
3887 15639
3890 15639
3893 15639
9244 15639
9247 15639
10270 15639
10273 15639
11279 15639
11282 15639
11297 15639
11300 15639
11315 15639
11318 15639
11333 15639
11336 15639
181 15640
181 3916
3898 15640
3901 15640
3904 15640
3907 15640
11339 15640
11342 15640
182 15641
182 3917
3899 15641
3902 15641
3910 15641
3913 15641
11345 15641
11348 15641
183 15642
183 3918
3905 15642
3908 15642
3911 15642
3914 15642
11351 15642
11354 15642
184 15643
184 3937
3919 15643
3922 15643
3925 15643
3928 15643
7918 15643
7921 15643
10798 15643
10801 15643
10870 15643
10873 15643
11357 15643
11360 15643
11375 15643
11378 15643
11393 15643
11396 15643
185 15644
185 3938
3920 15644
3923 15644
3931 15644
3934 15644
7924 15644
7927 15644
10804 15644
10807 15644
10876 15644
10879 15644
11363 15644
11366 15644
11381 15644
11384 15644
11399 15644
11402 15644
186 15645
186 3939
3926 15645
3929 15645
3932 15645
3935 15645
7930 15645
7933 15645
10810 15645
10813 15645
10882 15645
10885 15645
11369 15645
11372 15645
11387 15645
11390 15645
11405 15645
11408 15645
187 15646
187 3958
3940 15646
3943 15646
3946 15646
3949 15646
7198 15646
7201 15646
11411 15646
11414 15646
11429 15646
11432 15646
188 15647
188 3959
3941 15647
3944 15647
3952 15647
3955 15647
7204 15647
7207 15647
11417 15647
11420 15647
11435 15647
11438 15647
189 15648
189 3960
3947 15648
3950 15648
3953 15648
3956 15648
7210 15648
7213 15648
11423 15648
11426 15648
11441 15648
11444 15648
190 15649
190 3979
3961 15649
3964 15649
3967 15649
3970 15649
8638 15649
8641 15649
11158 15649
11161 15649
11447 15649
11450 15649
11465 15649
11468 15649
11483 15649
11486 15649
11501 15649
11504 15649
191 15650
191 3980
3962 15650
3965 15650
3973 15650
3976 15650
8644 15650
8647 15650
11164 15650
11167 15650
11453 15650
11456 15650
11471 15650
11474 15650
11489 15650
11492 15650
11507 15650
11510 15650
192 15651
192 3981
3968 15651
3971 15651
3974 15651
3977 15651
8650 15651
8653 15651
11170 15651
11173 15651
11459 15651
11462 15651
11477 15651
11480 15651
11495 15651
11498 15651
11513 15651
11516 15651
193 15652
193 4000
3982 15652
3985 15652
3988 15652
3991 15652
9250 15652
9253 15652
10366 15652
10369 15652
11519 15652
11522 15652
11537 15652
11540 15652
11555 15652
11558 15652
194 15653
194 4001
3983 15653
3986 15653
3994 15653
3997 15653
9256 15653
9259 15653
10372 15653
10375 15653
11525 15653
11528 15653
11543 15653
11546 15653
11561 15653
11564 15653
195 15654
195 4002
3989 15654
3992 15654
3995 15654
3998 15654
9262 15654
9265 15654
10378 15654
10381 15654
11531 15654
11534 15654
11549 15654
11552 15654
11567 15654
11570 15654
196 15655
196 4021
4003 15655
4006 15655
4009 15655
4012 15655
11573 15655
11576 15655
11591 15655
11594 15655
11609 15655
11612 15655
11627 15655
11630 15655
11645 15655
11648 15655
11663 15655
11666 15655
197 15656
197 4022
4004 15656
4007 15656
4015 15656
4018 15656
11579 15656
11582 15656
11597 15656
11600 15656
11615 15656
11618 15656
11633 15656
11636 15656
11651 15656
11654 15656
11669 15656
11672 15656
198 15657
198 4023
4010 15657
4013 15657
4016 15657
4019 15657
11585 15657
11588 15657
11603 15657
11606 15657
11621 15657
11624 15657
11639 15657
11642 15657
11657 15657
11660 15657
11675 15657
11678 15657
199 15658
199 4042
4024 15658
4027 15658
4030 15658
4033 15658
6874 15658
6877 15658
7666 15658
7669 15658
8656 15658
8659 15658
8908 15658
8911 15658
11446 15658
11449 15658
200 15659
200 4043
4025 15659
4028 15659
4036 15659
4039 15659
6880 15659
6883 15659
7672 15659
7675 15659
8662 15659
8665 15659
8914 15659
8917 15659
11452 15659
11455 15659
201 15660
201 4044
4031 15660
4034 15660
4037 15660
4040 15660
6886 15660
6889 15660
7678 15660
7681 15660
8668 15660
8671 15660
8920 15660
8923 15660
11458 15660
11461 15660
202 15661
202 4063
4045 15661
4048 15661
4051 15661
4054 15661
11681 15661
11684 15661
203 15662
203 4064
4046 15662
4049 15662
4057 15662
4060 15662
11687 15662
11690 15662
204 15663
204 4065
4052 15663
4055 15663
4058 15663
4061 15663
11693 15663
11696 15663
205 15664
205 4084
4066 15664
4069 15664
4072 15664
4075 15664
11699 15664
11702 15664
11717 15664
11720 15664
11735 15664
11738 15664
11753 15664
11756 15664
206 15665
206 4085
4067 15665
4070 15665
4078 15665
4081 15665
11705 15665
11708 15665
11723 15665
11726 15665
11741 15665
11744 15665
11759 15665
11762 15665
207 15666
207 4086
4073 15666
4076 15666
4079 15666
4082 15666
11711 15666
11714 15666
11729 15666
11732 15666
11747 15666
11750 15666
11765 15666
11768 15666
208 15667
208 4105
4087 15667
4090 15667
4093 15667
4096 15667
6946 15667
6949 15667
10276 15667
10279 15667
11771 15667
11774 15667
209 15668
209 4106
4088 15668
4091 15668
4099 15668
4102 15668
6952 15668
6955 15668
10282 15668
10285 15668
11777 15668
11780 15668
210 15669
210 4107
4094 15669
4097 15669
4100 15669
4103 15669
6958 15669
6961 15669
10288 15669
10291 15669
11783 15669
11786 15669
211 15670
211 4126
4108 15670
4111 15670
4114 15670
4117 15670
7738 15670
7741 15670
11410 15670
11413 15670
11789 15670
11792 15670
11807 15670
11810 15670
11825 15670
11828 15670
11843 15670
11846 15670
212 15671
212 4127
4109 15671
4112 15671
4120 15671
4123 15671
7744 15671
7747 15671
11416 15671
11419 15671
11795 15671
11798 15671
11813 15671
11816 15671
11831 15671
11834 15671
11849 15671
11852 15671
213 15672
213 4128
4115 15672
4118 15672
4121 15672
4124 15672
7750 15672
7753 15672
11422 15672
11425 15672
11801 15672
11804 15672
11819 15672
11822 15672
11837 15672
11840 15672
11855 15672
11858 15672
214 15673
214 4147
4129 15673
4132 15673
4135 15673
4138 15673
8188 15673
8191 15673
11861 15673
11864 15673
11879 15673
11882 15673
215 15674
215 4148
4130 15674
4133 15674
4141 15674
4144 15674
8194 15674
8197 15674
11867 15674
11870 15674
11885 15674
11888 15674
216 15675
216 4149
4136 15675
4139 15675
4142 15675
4145 15675
8200 15675
8203 15675
11873 15675
11876 15675
11891 15675
11894 15675
217 15676
217 4168
4150 15676
4153 15676
4156 15676
4159 15676
7414 15676
7417 15676
11897 15676
11900 15676
11915 15676
11918 15676
11933 15676
11936 15676
11951 15676
11954 15676
218 15677
218 4169
4151 15677
4154 15677
4162 15677
4165 15677
7420 15677
7423 15677
11903 15677
11906 15677
11921 15677
11924 15677
11939 15677
11942 15677
11957 15677
11960 15677
219 15678
219 4170
4157 15678
4160 15678
4163 15678
4166 15678
7426 15678
7429 15678
11909 15678
11912 15678
11927 15678
11930 15678
11945 15678
11948 15678
11963 15678
11966 15678
220 15679
220 4189
4171 15679
4174 15679
4177 15679
4180 15679
10528 15679
10531 15679
11680 15679
11683 15679
11969 15679
11972 15679
11987 15679
11990 15679
221 15680
221 4190
4172 15680
4175 15680
4183 15680
4186 15680
10534 15680
10537 15680
11686 15680
11689 15680
11975 15680
11978 15680
11993 15680
11996 15680
222 15681
222 4191
4178 15681
4181 15681
4184 15681
4187 15681
10540 15681
10543 15681
11692 15681
11695 15681
11981 15681
11984 15681
11999 15681
12002 15681
223 15682
223 4210
4192 15682
4195 15682
4198 15682
4201 15682
12005 15682
12008 15682
12023 15682
12026 15682
12041 15682
12044 15682
224 15683
224 4211
4193 15683
4196 15683
4204 15683
4207 15683
12011 15683
12014 15683
12029 15683
12032 15683
12047 15683
12050 15683
225 15684
225 4212
4199 15684
4202 15684
4205 15684
4208 15684
12017 15684
12020 15684
12035 15684
12038 15684
12053 15684
12056 15684
226 15685
226 4231
4213 15685
4216 15685
4219 15685
4222 15685
12059 15685
12062 15685
12077 15685
12080 15685
12095 15685
12098 15685
12113 15685
12116 15685
227 15686
227 4232
4214 15686
4217 15686
4225 15686
4228 15686
12065 15686
12068 15686
12083 15686
12086 15686
12101 15686
12104 15686
12119 15686
12122 15686
228 15687
228 4233
4220 15687
4223 15687
4226 15687
4229 15687
12071 15687
12074 15687
12089 15687
12092 15687
12107 15687
12110 15687
12125 15687
12128 15687
229 15688
229 4252
4234 15688
4237 15688
4240 15688
4243 15688
12131 15688
12134 15688
12149 15688
12152 15688
230 15689
230 4253
4235 15689
4238 15689
4246 15689
4249 15689
12137 15689
12140 15689
12155 15689
12158 15689
231 15690
231 4254
4241 15690
4244 15690
4247 15690
4250 15690
12143 15690
12146 15690
12161 15690
12164 15690
232 15691
232 4273
4255 15691
4258 15691
4261 15691
4264 15691
10006 15691
10009 15691
10420 15691
10423 15691
11788 15691
11791 15691
12167 15691
12170 15691
12185 15691
12188 15691
233 15692
233 4274
4256 15692
4259 15692
4267 15692
4270 15692
10012 15692
10015 15692
10426 15692
10429 15692
11794 15692
11797 15692
12173 15692
12176 15692
12191 15692
12194 15692
234 15693
234 4275
4262 15693
4265 15693
4268 15693
4271 15693
10018 15693
10021 15693
10432 15693
10435 15693
11800 15693
11803 15693
12179 15693
12182 15693
12197 15693
12200 15693
235 15694
235 4294
4276 15694
4279 15694
4282 15694
4285 15694
10096 15694
10099 15694
11698 15694
11701 15694
12203 15694
12206 15694
12221 15694
12224 15694
12239 15694
12242 15694
12257 15694
12260 15694
12275 15694
12278 15694
12293 15694
12296 15694
236 15695
236 4295
4277 15695
4280 15695
4288 15695
4291 15695
10102 15695
10105 15695
11704 15695
11707 15695
12209 15695
12212 15695
12227 15695
12230 15695
12245 15695
12248 15695
12263 15695
12266 15695
12281 15695
12284 15695
12299 15695
12302 15695
237 15696
237 4296
4283 15696
4286 15696
4289 15696
4292 15696
10108 15696
10111 15696
11710 15696
11713 15696
12215 15696
12218 15696
12233 15696
12236 15696
12251 15696
12254 15696
12269 15696
12272 15696
12287 15696
12290 15696
12305 15696
12308 15696
238 15697
238 4315
4297 15697
4300 15697
4303 15697
4306 15697
11068 15697
11071 15697
11176 15697
11179 15697
11518 15697
11521 15697
12311 15697
12314 15697
12329 15697
12332 15697
12347 15697
12350 15697
239 15698
239 4316
4298 15698
4301 15698
4309 15698
4312 15698
11074 15698
11077 15698
11182 15698
11185 15698
11524 15698
11527 15698
12317 15698
12320 15698
12335 15698
12338 15698
12353 15698
12356 15698
240 15699
240 4317
4304 15699
4307 15699
4310 15699
4313 15699
11080 15699
11083 15699
11188 15699
11191 15699
11530 15699
11533 15699
12323 15699
12326 15699
12341 15699
12344 15699
12359 15699
12362 15699
241 15700
241 4336
4318 15700
4321 15700
4324 15700
4327 15700
10474 15700
10477 15700
12004 15700
12007 15700
12365 15700
12368 15700
242 15701
242 4337
4319 15701
4322 15701
4330 15701
4333 15701
10480 15701
10483 15701
12010 15701
12013 15701
12371 15701
12374 15701
243 15702
243 4338
4325 15702
4328 15702
4331 15702
4334 15702
10486 15702
10489 15702
12016 15702
12019 15702
12377 15702
12380 15702
244 15703
244 4357
4339 15703
4342 15703
4345 15703
4348 15703
8206 15703
8209 15703
9340 15703
9343 15703
11338 15703
11341 15703
12383 15703
12386 15703
12401 15703
12404 15703
12419 15703
12422 15703
245 15704
245 4358
4340 15704
4343 15704
4351 15704
4354 15704
8212 15704
8215 15704
9346 15704
9349 15704
11344 15704
11347 15704
12389 15704
12392 15704
12407 15704
12410 15704
12425 15704
12428 15704
246 15705
246 4359
4346 15705
4349 15705
4352 15705
4355 15705
8218 15705
8221 15705
9352 15705
9355 15705
11350 15705
11353 15705
12395 15705
12398 15705
12413 15705
12416 15705
12431 15705
12434 15705
247 15706
247 4378
4360 15706
4363 15706
4366 15706
4369 15706
10222 15706
10225 15706
12437 15706
12440 15706
248 15707
248 4379
4361 15707
4364 15707
4372 15707
4375 15707
10228 15707
10231 15707
12443 15707
12446 15707
249 15708
249 4380
4367 15708
4370 15708
4373 15708
4376 15708
10234 15708
10237 15708
12449 15708
12452 15708
250 15709
250 4399
4381 15709
4384 15709
4387 15709
4390 15709
7090 15709
7093 15709
7216 15709
7219 15709
8926 15709
8929 15709
10888 15709
10891 15709
12382 15709
12385 15709
12455 15709
12458 15709
12473 15709
12476 15709
251 15710
251 4400
4382 15710
4385 15710
4393 15710
4396 15710
7096 15710
7099 15710
7222 15710
7225 15710
8932 15710
8935 15710
10894 15710
10897 15710
12388 15710
12391 15710
12461 15710
12464 15710
12479 15710
12482 15710
252 15711
252 4401
4388 15711
4391 15711
4394 15711
4397 15711
7102 15711
7105 15711
7228 15711
7231 15711
8938 15711
8941 15711
10900 15711
10903 15711
12394 15711
12397 15711
12467 15711
12470 15711
12485 15711
12488 15711
253 15712
253 4420
4402 15712
4405 15712
4408 15712
4411 15712
254 15713
254 4421
4403 15713
4406 15713
4414 15713
4417 15713
255 15714
255 4422
4409 15714
4412 15714
4415 15714
4418 15714
256 15715
256 4441
4423 15715
4426 15715
4429 15715
4432 15715
8674 15715
8677 15715
9394 15715
9397 15715
10672 15715
10675 15715
11086 15715
11089 15715
12491 15715
12494 15715
12509 15715
12512 15715
257 15716
257 4442
4424 15716
4427 15716
4435 15716
4438 15716
8680 15716
8683 15716
9400 15716
9403 15716
10678 15716
10681 15716
11092 15716
11095 15716
12497 15716
12500 15716
12515 15716
12518 15716
258 15717
258 4443
4430 15717
4433 15717
4436 15717
4439 15717
8686 15717
8689 15717
9406 15717
9409 15717
10684 15717
10687 15717
11098 15717
11101 15717
12503 15717
12506 15717
12521 15717
12524 15717
259 15718
259 4462
4444 15718
4447 15718
4450 15718
4453 15718
12527 15718
12530 15718
12545 15718
12548 15718
12563 15718
12566 15718
12581 15718
12584 15718
260 15719
260 4463
4445 15719
4448 15719
4456 15719
4459 15719
12533 15719
12536 15719
12551 15719
12554 15719
12569 15719
12572 15719
12587 15719
12590 15719
261 15720
261 4464
4451 15720
4454 15720
4457 15720
4460 15720
12539 15720
12542 15720
12557 15720
12560 15720
12575 15720
12578 15720
12593 15720
12596 15720
262 15721
262 4483
4465 15721
4468 15721
4471 15721
4474 15721
6892 15721
6895 15721
12599 15721
12602 15721
12617 15721
12620 15721
12635 15721
12638 15721
12653 15721
12656 15721
263 15722
263 4484
4466 15722
4469 15722
4477 15722
4480 15722
6898 15722
6901 15722
12605 15722
12608 15722
12623 15722
12626 15722
12641 15722
12644 15722
12659 15722
12662 15722
264 15723
264 4485
4472 15723
4475 15723
4478 15723
4481 15723
6904 15723
6907 15723
12611 15723
12614 15723
12629 15723
12632 15723
12647 15723
12650 15723
12665 15723
12668 15723
265 15724
265 4504
4486 15724
4489 15724
4492 15724
4495 15724
10546 15724
10549 15724
10744 15724
10747 15724
12526 15724
12529 15724
12671 15724
12674 15724
266 15725
266 4505
4487 15725
4490 15725
4498 15725
4501 15725
10552 15725
10555 15725
10750 15725
10753 15725
12532 15725
12535 15725
12677 15725
12680 15725
267 15726
267 4506
4493 15726
4496 15726
4499 15726
4502 15726
10558 15726
10561 15726
10756 15726
10759 15726
12538 15726
12541 15726
12683 15726
12686 15726
268 15727
268 4525
4507 15727
4510 15727
4513 15727
4516 15727
12202 15727
12205 15727
12689 15727
12692 15727
12707 15727
12710 15727
12725 15727
12728 15727
269 15728
269 4526
4508 15728
4511 15728
4519 15728
4522 15728
12208 15728
12211 15728
12695 15728
12698 15728
12713 15728
12716 15728
12731 15728
12734 15728
270 15729
270 4527
4514 15729
4517 15729
4520 15729
4523 15729
12214 15729
12217 15729
12701 15729
12704 15729
12719 15729
12722 15729
12737 15729
12740 15729
271 15730
271 4546
4528 15730
4531 15730
4534 15730
4537 15730
7108 15730
7111 15730
7612 15730
7615 15730
12310 15730
12313 15730
12743 15730
12746 15730
12761 15730
12764 15730
272 15731
272 4547
4529 15731
4532 15731
4540 15731
4543 15731
7114 15731
7117 15731
7618 15731
7621 15731
12316 15731
12319 15731
12749 15731
12752 15731
12767 15731
12770 15731
273 15732
273 4548
4535 15732
4538 15732
4541 15732
4544 15732
7120 15732
7123 15732
7624 15732
7627 15732
12322 15732
12325 15732
12755 15732
12758 15732
12773 15732
12776 15732
274 15733
274 4567
4549 15733
4552 15733
4555 15733
4558 15733
7684 15733
7687 15733
8080 15733
8083 15733
12779 15733
12782 15733
12797 15733
12800 15733
275 15734
275 4568
4550 15734
4553 15734
4561 15734
4564 15734
7690 15734
7693 15734
8086 15734
8089 15734
12785 15734
12788 15734
12803 15734
12806 15734
276 15735
276 4569
4556 15735
4559 15735
4562 15735
4565 15735
7696 15735
7699 15735
8092 15735
8095 15735
12791 15735
12794 15735
12809 15735
12812 15735
277 15736
277 4588
4570 15736
4573 15736
4576 15736
4579 15736
11860 15736
11863 15736
12544 15736
12547 15736
12815 15736
12818 15736
12833 15736
12836 15736
12851 15736
12854 15736
278 15737
278 4589
4571 15737
4574 15737
4582 15737
4585 15737
11866 15737
11869 15737
12550 15737
12553 15737
12821 15737
12824 15737
12839 15737
12842 15737
12857 15737
12860 15737
279 15738
279 4590
4577 15738
4580 15738
4583 15738
4586 15738
11872 15738
11875 15738
12556 15738
12559 15738
12827 15738
12830 15738
12845 15738
12848 15738
12863 15738
12866 15738
280 15739
280 4609
4591 15739
4594 15739
4597 15739
4600 15739
10294 15739
10297 15739
10564 15739
10567 15739
12869 15739
12872 15739
12887 15739
12890 15739
12905 15739
12908 15739
281 15740
281 4610
4592 15740
4595 15740
4603 15740
4606 15740
10300 15740
10303 15740
10570 15740
10573 15740
12875 15740
12878 15740
12893 15740
12896 15740
12911 15740
12914 15740
282 15741
282 4611
4598 15741
4601 15741
4604 15741
4607 15741
10306 15741
10309 15741
10576 15741
10579 15741
12881 15741
12884 15741
12899 15741
12902 15741
12917 15741
12920 15741
283 15742
283 4630
4612 15742
4615 15742
4618 15742
4621 15742
9088 15742
9091 15742
11194 15742
11197 15742
12923 15742
12926 15742
12941 15742
12944 15742
12959 15742
12962 15742
12977 15742
12980 15742
284 15743
284 4631
4613 15743
4616 15743
4624 15743
4627 15743
9094 15743
9097 15743
11200 15743
11203 15743
12929 15743
12932 15743
12947 15743
12950 15743
12965 15743
12968 15743
12983 15743
12986 15743
285 15744
285 4632
4619 15744
4622 15744
4625 15744
4628 15744
9100 15744
9103 15744
11206 15744
11209 15744
12935 15744
12938 15744
12953 15744
12956 15744
12971 15744
12974 15744
12989 15744
12992 15744
286 15745
286 4651
4633 15745
4636 15745
4639 15745
4642 15745
9736 15745
9739 15745
11122 15745
11125 15745
12598 15745
12601 15745
12995 15745
12998 15745
13013 15745
13016 15745
287 15746
287 4652
4634 15746
4637 15746
4645 15746
4648 15746
9742 15746
9745 15746
11128 15746
11131 15746
12604 15746
12607 15746
13001 15746
13004 15746
13019 15746
13022 15746
288 15747
288 4653
4640 15747
4643 15747
4646 15747
4649 15747
9748 15747
9751 15747
11134 15747
11137 15747
12610 15747
12613 15747
13007 15747
13010 15747
13025 15747
13028 15747
289 15748
289 4672
4654 15748
4657 15748
4660 15748
4663 15748
6910 15748
6913 15748
6964 15748
6967 15748
7432 15748
7435 15748
12400 15748
12403 15748
13031 15748
13034 15748
13049 15748
13052 15748
13067 15748
13070 15748
290 15749
290 4673
4655 15749
4658 15749
4666 15749
4669 15749
6916 15749
6919 15749
6970 15749
6973 15749
7438 15749
7441 15749
12406 15749
12409 15749
13037 15749
13040 15749
13055 15749
13058 15749
13073 15749
13076 15749
291 15750
291 4674
4661 15750
4664 15750
4667 15750
4670 15750
6922 15750
6925 15750
6976 15750
6979 15750
7444 15750
7447 15750
12412 15750
12415 15750
13043 15750
13046 15750
13061 15750
13064 15750
13079 15750
13082 15750
292 15751
292 4693
4675 15751
4678 15751
4681 15751
4684 15751
7936 15751
7939 15751
9808 15751
9811 15751
11806 15751
11809 15751
13085 15751
13088 15751
13103 15751
13106 15751
13121 15751
13124 15751
13139 15751
13142 15751
293 15752
293 4694
4676 15752
4679 15752
4687 15752
4690 15752
7942 15752
7945 15752
9814 15752
9817 15752
11812 15752
11815 15752
13091 15752
13094 15752
13109 15752
13112 15752
13127 15752
13130 15752
13145 15752
13148 15752
294 15753
294 4695
4682 15753
4685 15753
4688 15753
4691 15753
7948 15753
7951 15753
9820 15753
9823 15753
11818 15753
11821 15753
13097 15753
13100 15753
13115 15753
13118 15753
13133 15753
13136 15753
13151 15753
13154 15753
295 15754
295 4714
4696 15754
4699 15754
4702 15754
4705 15754
9610 15754
9613 15754
10060 15754
10063 15754
12616 15754
12619 15754
13157 15754
13160 15754
13175 15754
13178 15754
13193 15754
13196 15754
296 15755
296 4715
4697 15755
4700 15755
4708 15755
4711 15755
9616 15755
9619 15755
10066 15755
10069 15755
12622 15755
12625 15755
13163 15755
13166 15755
13181 15755
13184 15755
13199 15755
13202 15755
297 15756
297 4716
4703 15756
4706 15756
4709 15756
4712 15756
9622 15756
9625 15756
10072 15756
10075 15756
12628 15756
12631 15756
13169 15756
13172 15756
13187 15756
13190 15756
13205 15756
13208 15756
298 15757
298 4735
4717 15757
4720 15757
4723 15757
4726 15757
8440 15757
8443 15757
11140 15757
11143 15757
11572 15757
11575 15757
12220 15757
12223 15757
13211 15757
13214 15757
13229 15757
13232 15757
299 15758
299 4736
4718 15758
4721 15758
4729 15758
4732 15758
8446 15758
8449 15758
11146 15758
11149 15758
11578 15758
11581 15758
12226 15758
12229 15758
13217 15758
13220 15758
13235 15758
13238 15758
300 15759
300 4737
4724 15759
4727 15759
4730 15759
4733 15759
8452 15759
8455 15759
11152 15759
11155 15759
11584 15759
11587 15759
12232 15759
12235 15759
13223 15759
13226 15759
13241 15759
13244 15759
301 15760
301 4756
4738 15760
4741 15760
4744 15760
4747 15760
10924 15760
10927 15760
11968 15760
11971 15760
13247 15760
13250 15760
302 15761
302 4757
4739 15761
4742 15761
4750 15761
4753 15761
10930 15761
10933 15761
11974 15761
11977 15761
13253 15761
13256 15761
303 15762
303 4758
4745 15762
4748 15762
4751 15762
4754 15762
10936 15762
10939 15762
11980 15762
11983 15762
13259 15762
13262 15762
304 15763
304 4777
4759 15763
4762 15763
4765 15763
4768 15763
10690 15763
10693 15763
13156 15763
13159 15763
13265 15763
13268 15763
305 15764
305 4778
4760 15764
4763 15764
4771 15764
4774 15764
10696 15764
10699 15764
13162 15764
13165 15764
13271 15764
13274 15764
306 15765
306 4779
4766 15765
4769 15765
4772 15765
4775 15765
10702 15765
10705 15765
13168 15765
13171 15765
13277 15765
13280 15765
307 15766
307 4798
4780 15766
4783 15766
4786 15766
4789 15766
9448 15766
9451 15766
10762 15766
10765 15766
11014 15766
11017 15766
308 15767
308 4799
4781 15767
4784 15767
4792 15767
4795 15767
9454 15767
9457 15767
10768 15767
10771 15767
11020 15767
11023 15767
309 15768
309 4800
4787 15768
4790 15768
4793 15768
4796 15768
9460 15768
9463 15768
10774 15768
10777 15768
11026 15768
11029 15768
310 15769
310 4819
4801 15769
4804 15769
4807 15769
4810 15769
7630 15769
7633 15769
8278 15769
8281 15769
9952 15769
9955 15769
10114 15769
10117 15769
10708 15769
10711 15769
13283 15769
13286 15769
13301 15769
13304 15769
13319 15769
13322 15769
311 15770
311 4820
4802 15770
4805 15770
4813 15770
4816 15770
7636 15770
7639 15770
8284 15770
8287 15770
9958 15770
9961 15770
10120 15770
10123 15770
10714 15770
10717 15770
13289 15770
13292 15770
13307 15770
13310 15770
13325 15770
13328 15770
312 15771
312 4821
4808 15771
4811 15771
4814 15771
4817 15771
7642 15771
7645 15771
8290 15771
8293 15771
9964 15771
9967 15771
10126 15771
10129 15771
10720 15771
10723 15771
13295 15771
13298 15771
13313 15771
13316 15771
13331 15771
13334 15771
313 15772
313 4840
4822 15772
4825 15772
4828 15772
4831 15772
9016 15772
9019 15772
10024 15772
10027 15772
12868 15772
12871 15772
13337 15772
13340 15772
13355 15772
13358 15772
314 15773
314 4841
4823 15773
4826 15773
4834 15773
4837 15773
9022 15773
9025 15773
10030 15773
10033 15773
12874 15773
12877 15773
13343 15773
13346 15773
13361 15773
13364 15773
315 15774
315 4842
4829 15774
4832 15774
4835 15774
4838 15774
9028 15774
9031 15774
10036 15774
10039 15774
12880 15774
12883 15774
13349 15774
13352 15774
13367 15774
13370 15774
316 15775
316 4861
4843 15775
4846 15775
4849 15775
4852 15775
11266 15775
11269 15775
13373 15775
13376 15775
13391 15775
13394 15775
13409 15775
13412 15775
317 15776
317 4862
4844 15776
4847 15776
4855 15776
4858 15776
11272 15776
11275 15776
13379 15776
13382 15776
13397 15776
13400 15776
13415 15776
13418 15776
318 15777
318 4863
4850 15777
4853 15777
4856 15777
4859 15777
11278 15777
11281 15777
13385 15777
13388 15777
13403 15777
13406 15777
13421 15777
13424 15777
319 15778
319 4882
4864 15778
4867 15778
4870 15778
4873 15778
8098 15778
8101 15778
11284 15778
11287 15778
13427 15778
13430 15778
320 15779
320 4883
4865 15779
4868 15779
4876 15779
4879 15779
8104 15779
8107 15779
11290 15779
11293 15779
13433 15779
13436 15779
321 15780
321 4884
4871 15780
4874 15780
4877 15780
4880 15780
8110 15780
8113 15780
11296 15780
11299 15780
13439 15780
13442 15780
322 15781
322 4903
4885 15781
4888 15781
4891 15781
4894 15781
8224 15781
8227 15781
13445 15781
13448 15781
13463 15781
13466 15781
13481 15781
13484 15781
323 15782
323 4904
4886 15782
4889 15782
4897 15782
4900 15782
8230 15782
8233 15782
13451 15782
13454 15782
13469 15782
13472 15782
13487 15782
13490 15782
324 15783
324 4905
4892 15783
4895 15783
4898 15783
4901 15783
8236 15783
8239 15783
13457 15783
13460 15783
13475 15783
13478 15783
13493 15783
13496 15783
325 15784
325 4924
4906 15784
4909 15784
4912 15784
4915 15784
7306 15784
7309 15784
9412 15784
9415 15784
11212 15784
11215 15784
12130 15784
12133 15784
12688 15784
12691 15784
326 15785
326 4925
4907 15785
4910 15785
4918 15785
4921 15785
7312 15785
7315 15785
9418 15785
9421 15785
11218 15785
11221 15785
12136 15785
12139 15785
12694 15785
12697 15785
327 15786
327 4926
4913 15786
4916 15786
4919 15786
4922 15786
7318 15786
7321 15786
9424 15786
9427 15786
11224 15786
11227 15786
12142 15786
12145 15786
12700 15786
12703 15786
328 15787
328 4945
4927 15787
4930 15787
4933 15787
4936 15787
7234 15787
7237 15787
13499 15787
13502 15787
13517 15787
13520 15787
13535 15787
13538 15787
13553 15787
13556 15787
329 15788
329 4946
4928 15788
4931 15788
4939 15788
4942 15788
7240 15788
7243 15788
13505 15788
13508 15788
13523 15788
13526 15788
13541 15788
13544 15788
13559 15788
13562 15788
330 15789
330 4947
4934 15789
4937 15789
4940 15789
4943 15789
7246 15789
7249 15789
13511 15789
13514 15789
13529 15789
13532 15789
13547 15789
13550 15789
13565 15789
13568 15789
331 15790
331 4966
4948 15790
4951 15790
4954 15790
4957 15790
7702 15790
7705 15790
10582 15790
10585 15790
11356 15790
11359 15790
13571 15790
13574 15790
13589 15790
13592 15790
13607 15790
13610 15790
13625 15790
13628 15790
332 15791
332 4967
4949 15791
4952 15791
4960 15791
4963 15791
7708 15791
7711 15791
10588 15791
10591 15791
11362 15791
11365 15791
13577 15791
13580 15791
13595 15791
13598 15791
13613 15791
13616 15791
13631 15791
13634 15791
333 15792
333 4968
4955 15792
4958 15792
4961 15792
4964 15792
7714 15792
7717 15792
10594 15792
10597 15792
11368 15792
11371 15792
13583 15792
13586 15792
13601 15792
13604 15792
13619 15792
13622 15792
13637 15792
13640 15792
334 15793
334 4987
4969 15793
4972 15793
4975 15793
4978 15793
9160 15793
9163 15793
10312 15793
10315 15793
10492 15793
10495 15793
10600 15793
10603 15793
11896 15793
11899 15793
12778 15793
12781 15793
335 15794
335 4988
4970 15794
4973 15794
4981 15794
4984 15794
9166 15794
9169 15794
10318 15794
10321 15794
10498 15794
10501 15794
10606 15794
10609 15794
11902 15794
11905 15794
12784 15794
12787 15794
336 15795
336 4989
4976 15795
4979 15795
4982 15795
4985 15795
9172 15795
9175 15795
10324 15795
10327 15795
10504 15795
10507 15795
10612 15795
10615 15795
11908 15795
11911 15795
12790 15795
12793 15795
337 15796
337 5008
4990 15796
4993 15796
4996 15796
4999 15796
8746 15796
8749 15796
9898 15796
9901 15796
12058 15796
12061 15796
12418 15796
12421 15796
12994 15796
12997 15796
13372 15796
13375 15796
13643 15796
13646 15796
338 15797
338 5009
4991 15797
4994 15797
5002 15797
5005 15797
8752 15797
8755 15797
9904 15797
9907 15797
12064 15797
12067 15797
12424 15797
12427 15797
13000 15797
13003 15797
13378 15797
13381 15797
13649 15797
13652 15797
339 15798
339 5010
4997 15798
5000 15798
5003 15798
5006 15798
8758 15798
8761 15798
9910 15798
9913 15798
12070 15798
12073 15798
12430 15798
12433 15798
13006 15798
13009 15798
13384 15798
13387 15798
13655 15798
13658 15798
340 15799
340 5029
5011 15799
5014 15799
5017 15799
5020 15799
9538 15799
9541 15799
11464 15799
11467 15799
13444 15799
13447 15799
13661 15799
13664 15799
13679 15799
13682 15799
13697 15799
13700 15799
341 15800
341 5030
5012 15800
5015 15800
5023 15800
5026 15800
9544 15800
9547 15800
11470 15800
11473 15800
13450 15800
13453 15800
13667 15800
13670 15800
13685 15800
13688 15800
13703 15800
13706 15800
342 15801
342 5031
5018 15801
5021 15801
5024 15801
5027 15801
9550 15801
9553 15801
11476 15801
11479 15801
13456 15801
13459 15801
13673 15801
13676 15801
13691 15801
13694 15801
13709 15801
13712 15801
343 15802
343 5050
5032 15802
5035 15802
5038 15802
5041 15802
10960 15802
10963 15802
13715 15802
13718 15802
13733 15802
13736 15802
344 15803
344 5051
5033 15803
5036 15803
5044 15803
5047 15803
10966 15803
10969 15803
13721 15803
13724 15803
13739 15803
13742 15803
345 15804
345 5052
5039 15804
5042 15804
5045 15804
5048 15804
10972 15804
10975 15804
13727 15804
13730 15804
13745 15804
13748 15804
346 15805
346 5071
5053 15805
5056 15805
5059 15805
5062 15805
8116 15805
8119 15805
9268 15805
9271 15805
13751 15805
13754 15805
13769 15805
13772 15805
13787 15805
13790 15805
13805 15805
13808 15805
13823 15805
13826 15805
13841 15805
13844 15805
347 15806
347 5072
5054 15806
5057 15806
5065 15806
5068 15806
8122 15806
8125 15806
9274 15806
9277 15806
13757 15806
13760 15806
13775 15806
13778 15806
13793 15806
13796 15806
13811 15806
13814 15806
13829 15806
13832 15806
13847 15806
13850 15806
348 15807
348 5073
5060 15807
5063 15807
5066 15807
5069 15807
8128 15807
8131 15807
9280 15807
9283 15807
13763 15807
13766 15807
13781 15807
13784 15807
13799 15807
13802 15807
13817 15807
13820 15807
13835 15807
13838 15807
13853 15807
13856 15807
349 15808
349 5092
5074 15808
5077 15808
5080 15808
5083 15808
7450 15808
7453 15808
9106 15808
9109 15808
13282 15808
13285 15808
13859 15808
13862 15808
13877 15808
13880 15808
13895 15808
13898 15808
350 15809
350 5093
5075 15809
5078 15809
5086 15809
5089 15809
7456 15809
7459 15809
9112 15809
9115 15809
13288 15809
13291 15809
13865 15809
13868 15809
13883 15809
13886 15809
13901 15809
13904 15809
351 15810
351 5094
5081 15810
5084 15810
5087 15810
5090 15810
7462 15810
7465 15810
9118 15810
9121 15810
13294 15810
13297 15810
13871 15810
13874 15810
13889 15810
13892 15810
13907 15810
13910 15810
352 15811
352 5113
5095 15811
5098 15811
5101 15811
5104 15811
9034 15811
9037 15811
12490 15811
12493 15811
13913 15811
13916 15811
13931 15811
13934 15811
353 15812
353 5114
5096 15812
5099 15812
5107 15812
5110 15812
9040 15812
9043 15812
12496 15812
12499 15812
13919 15812
13922 15812
13937 15812
13940 15812
354 15813
354 5115
5102 15813
5105 15813
5108 15813
5111 15813
9046 15813
9049 15813
12502 15813
12505 15813
13925 15813
13928 15813
13943 15813
13946 15813
355 15814
355 5134
5116 15814
5119 15814
5122 15814
5125 15814
8854 15814
8857 15814
12922 15814
12925 15814
13949 15814
13952 15814
13967 15814
13970 15814
13985 15814
13988 15814
356 15815
356 5135
5117 15815
5120 15815
5128 15815
5131 15815
8860 15815
8863 15815
12928 15815
12931 15815
13955 15815
13958 15815
13973 15815
13976 15815
13991 15815
13994 15815
357 15816
357 5136
5123 15816
5126 15816
5129 15816
5132 15816
8866 15816
8869 15816
12934 15816
12937 15816
13961 15816
13964 15816
13979 15816
13982 15816
13997 15816
14000 15816
358 15817
358 5155
5137 15817
5140 15817
5143 15817
5146 15817
13498 15817
13501 15817
14003 15817
14006 15817
14021 15817
14024 15817
359 15818
359 5156
5138 15818
5141 15818
5149 15818
5152 15818
13504 15818
13507 15818
14009 15818
14012 15818
14027 15818
14030 15818
360 15819
360 5157
5144 15819
5147 15819
5150 15819
5153 15819
13510 15819
13513 15819
14015 15819
14018 15819
14033 15819
14036 15819
361 15820
361 5176
5158 15820
5161 15820
5164 15820
5167 15820
8944 15820
8947 15820
11032 15820
11035 15820
14039 15820
14042 15820
362 15821
362 5177
5159 15821
5162 15821
5170 15821
5173 15821
8950 15821
8953 15821
11038 15821
11041 15821
14045 15821
14048 15821
363 15822
363 5178
5165 15822
5168 15822
5171 15822
5174 15822
8956 15822
8959 15822
11044 15822
11047 15822
14051 15822
14054 15822
364 15823
364 5197
5179 15823
5182 15823
5185 15823
5188 15823
14057 15823
14060 15823
14075 15823
14078 15823
365 15824
365 5198
5180 15824
5183 15824
5191 15824
5194 15824
14063 15824
14066 15824
14081 15824
14084 15824
366 15825
366 5199
5186 15825
5189 15825
5192 15825
5195 15825
14069 15825
14072 15825
14087 15825
14090 15825
367 15826
367 5218
5200 15826
5203 15826
5206 15826
5209 15826
11770 15826
11773 15826
12670 15826
12673 15826
12814 15826
12817 15826
13300 15826
13303 15826
14093 15826
14096 15826
14111 15826
14114 15826
368 15827
368 5219
5201 15827
5204 15827
5212 15827
5215 15827
11776 15827
11779 15827
12676 15827
12679 15827
12820 15827
12823 15827
13306 15827
13309 15827
14099 15827
14102 15827
14117 15827
14120 15827
369 15828
369 5220
5207 15828
5210 15828
5213 15828
5216 15828
11782 15828
11785 15828
12682 15828
12685 15828
12826 15828
12829 15828
13312 15828
13315 15828
14105 15828
14108 15828
14123 15828
14126 15828
370 15829
370 5239
5221 15829
5224 15829
5227 15829
5230 15829
9754 15829
9757 15829
11104 15829
11107 15829
12238 15829
12241 15829
14129 15829
14132 15829
371 15830
371 5240
5222 15830
5225 15830
5233 15830
5236 15830
9760 15830
9763 15830
11110 15830
11113 15830
12244 15830
12247 15830
14135 15830
14138 15830
372 15831
372 5241
5228 15831
5231 15831
5234 15831
5237 15831
9766 15831
9769 15831
11116 15831
11119 15831
12250 15831
12253 15831
14141 15831
14144 15831
373 15832
373 5260
5242 15832
5245 15832
5248 15832
5251 15832
7720 15832
7723 15832
14147 15832
14150 15832
374 15833
374 5261
5243 15833
5246 15833
5254 15833
5257 15833
7726 15833
7729 15833
14153 15833
14156 15833
375 15834
375 5262
5249 15834
5252 15834
5255 15834
5258 15834
7732 15834
7735 15834
14159 15834
14162 15834
376 15835
376 5281
5263 15835
5266 15835
5269 15835
5272 15835
6982 15835
6985 15835
7486 15835
7489 15835
12886 15835
12889 15835
13714 15835
13717 15835
14165 15835
14168 15835
377 15836
377 5282
5264 15836
5267 15836
5275 15836
5278 15836
6988 15836
6991 15836
7492 15836
7495 15836
12892 15836
12895 15836
13720 15836
13723 15836
14171 15836
14174 15836
378 15837
378 5283
5270 15837
5273 15837
5276 15837
5279 15837
6994 15837
6997 15837
7498 15837
7501 15837
12898 15837
12901 15837
13726 15837
13729 15837
14177 15837
14180 15837
379 15838
379 5302
5284 15838
5287 15838
5290 15838
5293 15838
10816 15838
10819 15838
11230 15838
11233 15838
13264 15838
13267 15838
14183 15838
14186 15838
14201 15838
14204 15838
380 15839
380 5303
5285 15839
5288 15839
5296 15839
5299 15839
10822 15839
10825 15839
11236 15839
11239 15839
13270 15839
13273 15839
14189 15839
14192 15839
14207 15839
14210 15839
381 15840
381 5304
5291 15840
5294 15840
5297 15840
5300 15840
10828 15840
10831 15840
11242 15840
11245 15840
13276 15840
13279 15840
14195 15840
14198 15840
14213 15840
14216 15840
382 15841
382 5323
5305 15841
5308 15841
5311 15841
5314 15841
8008 15841
8011 15841
9178 15841
9181 15841
13174 15841
13177 15841
13948 15841
13951 15841
14219 15841
14222 15841
14237 15841
14240 15841
383 15842
383 5324
5306 15842
5309 15842
5317 15842
5320 15842
8014 15842
8017 15842
9184 15842
9187 15842
13180 15842
13183 15842
13954 15842
13957 15842
14225 15842
14228 15842
14243 15842
14246 15842
384 15843
384 5325
5312 15843
5315 15843
5318 15843
5321 15843
8020 15843
8023 15843
9190 15843
9193 15843
13186 15843
13189 15843
13960 15843
13963 15843
14231 15843
14234 15843
14249 15843
14252 15843
385 15844
385 5344
5326 15844
5329 15844
5332 15844
5335 15844
9286 15844
9289 15844
14255 15844
14258 15844
386 15845
386 5345
5327 15845
5330 15845
5338 15845
5341 15845
9292 15845
9295 15845
14261 15845
14264 15845
387 15846
387 5346
5333 15846
5336 15846
5339 15846
5342 15846
9298 15846
9301 15846
14267 15846
14270 15846
388 15847
388 5365
5347 15847
5350 15847
5353 15847
5356 15847
8458 15847
8461 15847
9628 15847
9631 15847
10132 15847
10135 15847
11716 15847
11719 15847
12832 15847
12835 15847
14128 15847
14131 15847
389 15848
389 5366
5348 15848
5351 15848
5359 15848
5362 15848
8464 15848
8467 15848
9634 15848
9637 15848
10138 15848
10141 15848
11722 15848
11725 15848
12838 15848
12841 15848
14134 15848
14137 15848
390 15849
390 5367
5354 15849
5357 15849
5360 15849
5363 15849
8470 15849
8473 15849
9640 15849
9643 15849
10144 15849
10147 15849
11728 15849
11731 15849
12844 15849
12847 15849
14140 15849
14143 15849
391 15850
391 5386
5368 15850
5371 15850
5374 15850
5377 15850
7810 15850
7813 15850
12076 15850
12079 15850
13660 15850
13663 15850
13858 15850
13861 15850
392 15851
392 5387
5369 15851
5372 15851
5380 15851
5383 15851
7816 15851
7819 15851
12082 15851
12085 15851
13666 15851
13669 15851
13864 15851
13867 15851
393 15852
393 5388
5375 15852
5378 15852
5381 15852
5384 15852
7822 15852
7825 15852
12088 15852
12091 15852
13672 15852
13675 15852
13870 15852
13873 15852
394 15853
394 5407
5389 15853
5392 15853
5395 15853
5398 15853
11734 15853
11737 15853
11914 15853
11917 15853
14273 15853
14276 15853
395 15854
395 5408
5390 15854
5393 15854
5401 15854
5404 15854
11740 15854
11743 15854
11920 15854
11923 15854
14279 15854
14282 15854
396 15855
396 5409
5396 15855
5399 15855
5402 15855
5405 15855
11746 15855
11749 15855
11926 15855
11929 15855
14285 15855
14288 15855
397 15856
397 5428
5410 15856
5413 15856
5416 15856
5419 15856
11590 15856
11593 15856
12328 15856
12331 15856
13426 15856
13429 15856
13876 15856
13879 15856
14291 15856
14294 15856
14309 15856
14312 15856
398 15857
398 5429
5411 15857
5414 15857
5422 15857
5425 15857
11596 15857
11599 15857
12334 15857
12337 15857
13432 15857
13435 15857
13882 15857
13885 15857
14297 15857
14300 15857
14315 15857
14318 15857
399 15858
399 5430
5417 15858
5420 15858
5423 15858
5426 15858
11602 15858
11605 15858
12340 15858
12343 15858
13438 15858
13441 15858
13888 15858
13891 15858
14303 15858
14306 15858
14321 15858
14324 15858
400 15859
400 5449
5431 15859
5434 15859
5437 15859
5440 15859
8764 15859
8767 15859
13732 15859
13735 15859
401 15860
401 5450
5432 15860
5435 15860
5443 15860
5446 15860
8770 15860
8773 15860
13738 15860
13741 15860
402 15861
402 5451
5438 15861
5441 15861
5444 15861
5447 15861
8776 15861
8779 15861
13744 15861
13747 15861
403 15862
403 5470
5452 15862
5455 15862
5458 15862
5461 15862
8134 15862
8137 15862
9466 15862
9469 15862
11302 15862
11305 15862
11374 15862
11377 15862
14327 15862
14330 15862
404 15863
404 5471
5453 15863
5456 15863
5464 15863
5467 15863
8140 15863
8143 15863
9472 15863
9475 15863
11308 15863
11311 15863
11380 15863
11383 15863
14333 15863
14336 15863
405 15864
405 5472
5459 15864
5462 15864
5465 15864
5468 15864
8146 15864
8149 15864
9478 15864
9481 15864
11314 15864
11317 15864
11386 15864
11389 15864
14339 15864
14342 15864
406 15865
406 5491
5473 15865
5476 15865
5479 15865
5482 15865
7504 15865
7507 15865
14345 15865
14348 15865
407 15866
407 5492
5474 15866
5477 15866
5485 15866
5488 15866
7510 15866
7513 15866
14351 15866
14354 15866
408 15867
408 5493
5480 15867
5483 15867
5486 15867
5489 15867
7516 15867
7519 15867
14357 15867
14360 15867
409 15868
409 5512
5494 15868
5497 15868
5500 15868
5503 15868
8962 15868
8965 15868
12256 15868
12259 15868
13516 15868
13519 15868
14344 15868
14347 15868
14363 15868
14366 15868
410 15869
410 5513
5495 15869
5498 15869
5506 15869
5509 15869
8968 15869
8971 15869
12262 15869
12265 15869
13522 15869
13525 15869
14350 15869
14353 15869
14369 15869
14372 15869
411 15870
411 5514
5501 15870
5504 15870
5507 15870
5510 15870
8974 15870
8977 15870
12268 15870
12271 15870
13528 15870
13531 15870
14356 15870
14359 15870
14375 15870
14378 15870
412 15871
412 5533
5515 15871
5518 15871
5521 15871
5524 15871
12742 15871
12745 15871
13570 15871
13573 15871
14381 15871
14384 15871
14399 15871
14402 15871
413 15872
413 5534
5516 15872
5519 15872
5527 15872
5530 15872
12748 15872
12751 15872
13576 15872
13579 15872
14387 15872
14390 15872
14405 15872
14408 15872
414 15873
414 5535
5522 15873
5525 15873
5528 15873
5531 15873
12754 15873
12757 15873
13582 15873
13585 15873
14393 15873
14396 15873
14411 15873
14414 15873
415 15874
415 5554
5536 15874
5539 15874
5542 15874
5545 15874
9124 15874
9127 15874
13318 15874
13321 15874
14380 15874
14383 15874
14417 15874
14420 15874
14435 15874
14438 15874
14453 15874
14456 15874
416 15875
416 5555
5537 15875
5540 15875
5548 15875
5551 15875
9130 15875
9133 15875
13324 15875
13327 15875
14386 15875
14389 15875
14423 15875
14426 15875
14441 15875
14444 15875
14459 15875
14462 15875
417 15876
417 5556
5543 15876
5546 15876
5549 15876
5552 15876
9136 15876
9139 15876
13330 15876
13333 15876
14392 15876
14395 15876
14429 15876
14432 15876
14447 15876
14450 15876
14465 15876
14468 15876
418 15877
418 5575
5557 15877
5560 15877
5563 15877
5566 15877
7000 15877
7003 15877
8872 15877
8875 15877
11320 15877
11323 15877
12094 15877
12097 15877
13210 15877
13213 15877
419 15878
419 5576
5558 15878
5561 15878
5569 15878
5572 15878
7006 15878
7009 15878
8878 15878
8881 15878
11326 15878
11329 15878
12100 15878
12103 15878
13216 15878
13219 15878
420 15879
420 5577
5564 15879
5567 15879
5570 15879
5573 15879
7012 15879
7015 15879
8884 15879
8887 15879
11332 15879
11335 15879
12106 15879
12109 15879
13222 15879
13225 15879
421 15880
421 5596
5578 15880
5581 15880
5584 15880
5587 15880
8152 15880
8155 15880
14218 15880
14221 15880
14471 15880
14474 15880
14489 15880
14492 15880
14507 15880
14510 15880
422 15881
422 5597
5579 15881
5582 15881
5590 15881
5593 15881
8158 15881
8161 15881
14224 15881
14227 15881
14477 15881
14480 15881
14495 15881
14498 15881
14513 15881
14516 15881
423 15882
423 5598
5585 15882
5588 15882
5591 15882
5594 15882
8164 15882
8167 15882
14230 15882
14233 15882
14483 15882
14486 15882
14501 15882
14504 15882
14519 15882
14522 15882
424 15883
424 5617
5599 15883
5602 15883
5605 15883
5608 15883
10906 15883
10909 15883
13750 15883
13753 15883
14525 15883
14528 15883
14543 15883
14546 15883
14561 15883
14564 15883
425 15884
425 5618
5600 15884
5603 15884
5611 15884
5614 15884
10912 15884
10915 15884
13756 15884
13759 15884
14531 15884
14534 15884
14549 15884
14552 15884
14567 15884
14570 15884
426 15885
426 5619
5606 15885
5609 15885
5612 15885
5615 15885
10918 15885
10921 15885
13762 15885
13765 15885
14537 15885
14540 15885
14555 15885
14558 15885
14573 15885
14576 15885
427 15886
427 5638
5620 15886
5623 15886
5626 15886
5629 15886
9484 15886
9487 15886
14579 15886
14582 15886
428 15887
428 5639
5621 15887
5624 15887
5632 15887
5635 15887
9490 15887
9493 15887
14585 15887
14588 15887
429 15888
429 5640
5627 15888
5630 15888
5633 15888
5636 15888
9496 15888
9499 15888
14591 15888
14594 15888
430 15889
430 5659
5641 15889
5644 15889
5647 15889
5650 15889
7828 15889
7831 15889
10780 15889
10783 15889
11752 15889
11755 15889
13084 15889
13087 15889
431 15890
431 5660
5642 15890
5645 15890
5653 15890
5656 15890
7834 15890
7837 15890
10786 15890
10789 15890
11758 15890
11761 15890
13090 15890
13093 15890
432 15891
432 5661
5648 15891
5651 15891
5654 15891
5657 15891
7840 15891
7843 15891
10792 15891
10795 15891
11764 15891
11767 15891
13096 15891
13099 15891
433 15892
433 5680
5662 15892
5665 15892
5668 15892
5671 15892
8692 15892
8695 15892
12940 15892
12943 15892
13966 15892
13969 15892
14597 15892
14600 15892
434 15893
434 5681
5663 15893
5666 15893
5674 15893
5677 15893
8698 15893
8701 15893
12946 15893
12949 15893
13972 15893
13975 15893
14603 15893
14606 15893
435 15894
435 5682
5669 15894
5672 15894
5675 15894
5678 15894
8704 15894
8707 15894
12952 15894
12955 15894
13978 15894
13981 15894
14609 15894
14612 15894
436 15895
436 5701
5683 15895
5686 15895
5689 15895
5692 15895
9556 15895
9559 15895
10834 15895
10837 15895
14615 15895
14618 15895
14633 15895
14636 15895
14651 15895
14654 15895
14669 15895
14672 15895
437 15896
437 5702
5684 15896
5687 15896
5695 15896
5698 15896
9562 15896
9565 15896
10840 15896
10843 15896
14621 15896
14624 15896
14639 15896
14642 15896
14657 15896
14660 15896
14675 15896
14678 15896
438 15897
438 5703
5690 15897
5693 15897
5696 15897
5699 15897
9568 15897
9571 15897
10846 15897
10849 15897
14627 15897
14630 15897
14645 15897
14648 15897
14663 15897
14666 15897
14681 15897
14684 15897
439 15898
439 5722
5704 15898
5707 15898
5710 15898
5713 15898
9142 15898
9145 15898
14614 15898
14617 15898
14687 15898
14690 15898
440 15899
440 5723
5705 15899
5708 15899
5716 15899
5719 15899
9148 15899
9151 15899
14620 15899
14623 15899
14693 15899
14696 15899
441 15900
441 5724
5711 15900
5714 15900
5717 15900
5720 15900
9154 15900
9157 15900
14626 15900
14629 15900
14699 15900
14702 15900
442 15901
442 5743
5725 15901
5728 15901
5731 15901
5734 15901
10384 15901
10387 15901
13588 15901
13591 15901
14236 15901
14239 15901
14686 15901
14689 15901
443 15902
443 5744
5726 15902
5729 15902
5737 15902
5740 15902
10390 15902
10393 15902
13594 15902
13597 15902
14242 15902
14245 15902
14692 15902
14695 15902
444 15903
444 5745
5732 15903
5735 15903
5738 15903
5741 15903
10396 15903
10399 15903
13600 15903
13603 15903
14248 15903
14251 15903
14698 15903
14701 15903
445 15904
445 5764
5746 15904
5749 15904
5752 15904
5755 15904
8710 15904
8713 15904
9052 15904
9055 15904
10330 15904
10333 15904
11608 15904
11611 15904
14705 15904
14708 15904
446 15905
446 5765
5747 15905
5750 15905
5758 15905
5761 15905
8716 15905
8719 15905
9058 15905
9061 15905
10336 15905
10339 15905
11614 15905
11617 15905
14711 15905
14714 15905
447 15906
447 5766
5753 15906
5756 15906
5759 15906
5762 15906
8722 15906
8725 15906
9064 15906
9067 15906
10342 15906
10345 15906
11620 15906
11623 15906
14717 15906
14720 15906
448 15907
448 5785
5767 15907
5770 15907
5773 15907
5776 15907
9358 15907
9361 15907
13246 15907
13249 15907
14470 15907
14473 15907
14723 15907
14726 15907
14741 15907
14744 15907
449 15908
449 5786
5768 15908
5771 15908
5779 15908
5782 15908
9364 15908
9367 15908
13252 15908
13255 15908
14476 15908
14479 15908
14729 15908
14732 15908
14747 15908
14750 15908
450 15909
450 5787
5774 15909
5777 15909
5780 15909
5783 15909
9370 15909
9373 15909
13258 15909
13261 15909
14482 15909
14485 15909
14735 15909
14738 15909
14753 15909
14756 15909
451 15910
451 5806
5788 15910
5791 15910
5794 15910
5797 15910
7846 15910
7849 15910
8296 15910
8299 15910
13030 15910
13033 15910
14759 15910
14762 15910
14777 15910
14780 15910
452 15911
452 5807
5789 15911
5792 15911
5800 15911
5803 15911
7852 15911
7855 15911
8302 15911
8305 15911
13036 15911
13039 15911
14765 15911
14768 15911
14783 15911
14786 15911
453 15912
453 5808
5795 15912
5798 15912
5801 15912
5804 15912
7858 15912
7861 15912
8308 15912
8311 15912
13042 15912
13045 15912
14771 15912
14774 15912
14789 15912
14792 15912
454 15913
454 5827
5809 15913
5812 15913
5815 15913
5818 15913
12508 15913
12511 15913
13534 15913
13537 15913
14632 15913
14635 15913
14795 15913
14798 15913
14813 15913
14816 15913
14831 15913
14834 15913
455 15914
455 5828
5810 15914
5813 15914
5821 15914
5824 15914
12514 15914
12517 15914
13540 15914
13543 15914
14638 15914
14641 15914
14801 15914
14804 15914
14819 15914
14822 15914
14837 15914
14840 15914
456 15915
456 5829
5816 15915
5819 15915
5822 15915
5825 15915
12520 15915
12523 15915
13546 15915
13549 15915
14644 15915
14647 15915
14807 15915
14810 15915
14825 15915
14828 15915
14843 15915
14846 15915
457 15916
457 5848
5830 15916
5833 15916
5836 15916
5839 15916
10618 15916
10621 15916
14849 15916
14852 15916
14867 15916
14870 15916
458 15917
458 5849
5831 15917
5834 15917
5842 15917
5845 15917
10624 15917
10627 15917
14855 15917
14858 15917
14873 15917
14876 15917
459 15918
459 5850
5837 15918
5840 15918
5843 15918
5846 15918
10630 15918
10633 15918
14861 15918
14864 15918
14879 15918
14882 15918
460 15919
460 5869
5851 15919
5854 15919
5857 15919
5860 15919
9826 15919
9829 15919
10150 15919
10153 15919
11932 15919
11935 15919
14290 15919
14293 15919
14524 15919
14527 15919
14885 15919
14888 15919
14903 15919
14906 15919
461 15920
461 5870
5852 15920
5855 15920
5863 15920
5866 15920
9832 15920
9835 15920
10156 15920
10159 15920
11938 15920
11941 15920
14296 15920
14299 15920
14530 15920
14533 15920
14891 15920
14894 15920
14909 15920
14912 15920
462 15921
462 5871
5858 15921
5861 15921
5864 15921
5867 15921
9838 15921
9841 15921
10162 15921
10165 15921
11944 15921
11947 15921
14302 15921
14305 15921
14536 15921
14539 15921
14897 15921
14900 15921
14915 15921
14918 15921
463 15922
463 5890
5872 15922
5875 15922
5878 15922
5881 15922
10636 15922
10639 15922
11626 15922
11629 15922
13768 15922
13771 15922
13912 15922
13915 15922
14921 15922
14924 15922
14939 15922
14942 15922
14957 15922
14960 15922
464 15923
464 5891
5873 15923
5876 15923
5884 15923
5887 15923
10642 15923
10645 15923
11632 15923
11635 15923
13774 15923
13777 15923
13918 15923
13921 15923
14927 15923
14930 15923
14945 15923
14948 15923
14963 15923
14966 15923
465 15924
465 5892
5879 15924
5882 15924
5885 15924
5888 15924
10648 15924
10651 15924
11638 15924
11641 15924
13780 15924
13783 15924
13924 15924
13927 15924
14933 15924
14936 15924
14951 15924
14954 15924
14969 15924
14972 15924
466 15925
466 5911
5893 15925
5896 15925
5899 15925
5902 15925
7522 15925
7525 15925
9970 15925
9973 15925
12436 15925
12439 15925
14975 15925
14978 15925
14993 15925
14996 15925
467 15926
467 5912
5894 15926
5897 15926
5905 15926
5908 15926
7528 15926
7531 15926
9976 15926
9979 15926
12442 15926
12445 15926
14981 15926
14984 15926
14999 15926
15002 15926
468 15927
468 5913
5900 15927
5903 15927
5906 15927
5909 15927
7534 15927
7537 15927
9982 15927
9985 15927
12448 15927
12451 15927
14987 15927
14990 15927
15005 15927
15008 15927
469 15928
469 5932
5914 15928
5917 15928
5920 15928
5923 15928
13048 15928
13051 15928
15011 15928
15014 15928
15029 15928
15032 15928
15047 15928
15050 15928
470 15929
470 5933
5915 15929
5918 15929
5926 15929
5929 15929
13054 15929
13057 15929
15017 15929
15020 15929
15035 15929
15038 15929
15053 15929
15056 15929
471 15930
471 5934
5921 15930
5924 15930
5927 15930
5930 15930
13060 15930
13063 15930
15023 15930
15026 15930
15041 15930
15044 15930
15059 15930
15062 15930
472 15931
472 5953
5935 15931
5938 15931
5941 15931
5944 15931
8314 15931
8317 15931
13390 15931
13393 15931
14146 15931
14149 15931
473 15932
473 5954
5936 15932
5939 15932
5947 15932
5950 15932
8320 15932
8323 15932
13396 15932
13399 15932
14152 15932
14155 15932
474 15933
474 5955
5942 15933
5945 15933
5948 15933
5951 15933
8326 15933
8329 15933
13402 15933
13405 15933
14158 15933
14161 15933
475 15934
475 5974
5956 15934
5959 15934
5962 15934
5965 15934
10402 15934
10405 15934
15065 15934
15068 15934
15083 15934
15086 15934
15101 15934
15104 15934
15119 15934
15122 15934
476 15935
476 5975
5957 15935
5960 15935
5968 15935
5971 15935
10408 15935
10411 15935
15071 15935
15074 15935
15089 15935
15092 15935
15107 15935
15110 15935
15125 15935
15128 15935
477 15936
477 5976
5963 15936
5966 15936
5969 15936
5972 15936
10414 15936
10417 15936
15077 15936
15080 15936
15095 15936
15098 15936
15113 15936
15116 15936
15131 15936
15134 15936
478 15937
478 5995
5977 15937
5980 15937
5983 15937
5986 15937
8026 15937
8029 15937
13786 15937
13789 15937
14056 15937
14059 15937
15137 15937
15140 15937
479 15938
479 5996
5978 15938
5981 15938
5989 15938
5992 15938
8032 15938
8035 15938
13792 15938
13795 15938
14062 15938
14065 15938
15143 15938
15146 15938
480 15939
480 5997
5984 15939
5987 15939
5990 15939
5993 15939
8038 15939
8041 15939
13798 15939
13801 15939
14068 15939
14071 15939
15149 15939
15152 15939
481 15940
481 6016
5998 15940
6001 15940
6004 15940
6007 15940
8476 15940
8479 15940
11050 15940
11053 15940
12634 15940
12637 15940
13894 15940
13897 15940
14650 15940
14653 15940
15155 15940
15158 15940
482 15941
482 6017
5999 15941
6002 15941
6010 15941
6013 15941
8482 15941
8485 15941
11056 15941
11059 15941
12640 15941
12643 15941
13900 15941
13903 15941
14656 15941
14659 15941
15161 15941
15164 15941
483 15942
483 6018
6005 15942
6008 15942
6011 15942
6014 15942
8488 15942
8491 15942
11062 15942
11065 15942
12646 15942
12649 15942
13906 15942
13909 15942
14662 15942
14665 15942
15167 15942
15170 15942
484 15943
484 6037
6019 15943
6022 15943
6025 15943
6028 15943
8782 15943
8785 15943
9916 15943
9919 15943
13804 15943
13807 15943
14794 15943
14797 15943
15064 15943
15067 15943
15173 15943
15176 15943
15191 15943
15194 15943
485 15944
485 6038
6020 15944
6023 15944
6031 15944
6034 15944
8788 15944
8791 15944
9922 15944
9925 15944
13810 15944
13813 15944
14800 15944
14803 15944
15070 15944
15073 15944
15179 15944
15182 15944
15197 15944
15200 15944
486 15945
486 6039
6026 15945
6029 15945
6032 15945
6035 15945
8794 15945
8797 15945
9928 15945
9931 15945
13816 15945
13819 15945
14806 15945
14809 15945
15076 15945
15079 15945
15185 15945
15188 15945
15203 15945
15206 15945
487 15946
487 6058
6040 15946
6043 15946
6046 15946
6049 15946
8242 15946
8245 15946
8890 15946
8893 15946
11428 15946
11431 15946
12166 15946
12169 15946
12454 15946
12457 15946
13930 15946
13933 15946
15010 15946
15013 15946
488 15947
488 6059
6041 15947
6044 15947
6052 15947
6055 15947
8248 15947
8251 15947
8896 15947
8899 15947
11434 15947
11437 15947
12172 15947
12175 15947
12460 15947
12463 15947
13936 15947
13939 15947
15016 15947
15019 15947
489 15948
489 6060
6047 15948
6050 15948
6053 15948
6056 15948
8254 15948
8257 15948
8902 15948
8905 15948
11440 15948
11443 15948
12178 15948
12181 15948
12466 15948
12469 15948
13942 15948
13945 15948
15022 15948
15025 15948
490 15949
490 6079
6061 15949
6064 15949
6067 15949
6070 15949
7018 15949
7021 15949
8494 15949
8497 15949
9574 15949
9577 15949
14092 15949
14095 15949
15209 15949
15212 15949
491 15950
491 6080
6062 15950
6065 15950
6073 15950
6076 15950
7024 15950
7027 15950
8500 15950
8503 15950
9580 15950
9583 15950
14098 15950
14101 15950
15215 15950
15218 15950
492 15951
492 6081
6068 15951
6071 15951
6074 15951
6077 15951
7030 15951
7033 15951
8506 15951
8509 15951
9586 15951
9589 15951
14104 15951
14107 15951
15221 15951
15224 15951
493 15952
493 6100
6082 15952
6085 15952
6088 15952
6091 15952
9646 15952
9649 15952
14542 15952
14545 15952
15227 15952
15230 15952
15245 15952
15248 15952
494 15953
494 6101
6083 15953
6086 15953
6094 15953
6097 15953
9652 15953
9655 15953
14548 15953
14551 15953
15233 15953
15236 15953
15251 15953
15254 15953
495 15954
495 6102
6089 15954
6092 15954
6095 15954
6098 15954
9658 15954
9661 15954
14554 15954
14557 15954
15239 15954
15242 15954
15257 15954
15260 15954
496 15955
496 6121
6103 15955
6106 15955
6109 15955
6112 15955
10978 15955
10981 15955
12148 15955
12151 15955
12346 15955
12349 15955
14416 15955
14419 15955
14560 15955
14563 15955
497 15956
497 6122
6104 15956
6107 15956
6115 15956
6118 15956
10984 15956
10987 15956
12154 15956
12157 15956
12352 15956
12355 15956
14422 15956
14425 15956
14566 15956
14569 15956
498 15957
498 6123
6110 15957
6113 15957
6116 15957
6119 15957
10990 15957
10993 15957
12160 15957
12163 15957
12358 15957
12361 15957
14428 15957
14431 15957
14572 15957
14575 15957
499 15958
499 6142
6124 15958
6127 15958
6130 15958
6133 15958
7324 15958
7327 15958
8980 15958
8983 15958
10078 15958
10081 15958
10438 15958
10441 15958
11824 15958
11827 15958
12652 15958
12655 15958
14758 15958
14761 15958
15263 15958
15266 15958
500 15959
500 6143
6125 15959
6128 15959
6136 15959
6139 15959
7330 15959
7333 15959
8986 15959
8989 15959
10084 15959
10087 15959
10444 15959
10447 15959
11830 15959
11833 15959
12658 15959
12661 15959
14764 15959
14767 15959
15269 15959
15272 15959
501 15960
501 6144
6131 15960
6134 15960
6137 15960
6140 15960
7336 15960
7339 15960
8992 15960
8995 15960
10090 15960
10093 15960
10450 15960
10453 15960
11836 15960
11839 15960
12664 15960
12667 15960
14770 15960
14773 15960
15275 15960
15278 15960
502 15961
502 6163
6145 15961
6148 15961
6151 15961
6154 15961
7468 15961
7471 15961
12274 15961
12277 15961
13552 15961
13555 15961
13822 15961
13825 15961
14974 15961
14977 15961
15281 15961
15284 15961
503 15962
503 6164
6146 15962
6149 15962
6157 15962
6160 15962
7474 15962
7477 15962
12280 15962
12283 15962
13558 15962
13561 15962
13828 15962
13831 15962
14980 15962
14983 15962
15287 15962
15290 15962
504 15963
504 6165
6152 15963
6155 15963
6158 15963
6161 15963
7480 15963
7483 15963
12286 15963
12289 15963
13564 15963
13567 15963
13834 15963
13837 15963
14986 15963
14989 15963
15293 15963
15296 15963
505 15964
505 6184
6166 15964
6169 15964
6172 15964
6175 15964
11536 15964
11539 15964
13102 15964
13105 15964
13606 15964
13609 15964
15154 15964
15157 15964
15299 15964
15302 15964
506 15965
506 6185
6167 15965
6170 15965
6178 15965
6181 15965
11542 15965
11545 15965
13108 15965
13111 15965
13612 15965
13615 15965
15160 15965
15163 15965
15305 15965
15308 15965
507 15966
507 6186
6173 15966
6176 15966
6179 15966
6182 15966
11548 15966
11551 15966
13114 15966
13117 15966
13618 15966
13621 15966
15166 15966
15169 15966
15311 15966
15314 15966
508 15967
508 6205
6187 15967
6190 15967
6193 15967
6196 15967
7126 15967
7129 15967
15317 15967
15320 15967
509 15968
509 6206
6188 15968
6191 15968
6199 15968
6202 15968
7132 15968
7135 15968
15323 15968
15326 15968
510 15969
510 6207
6194 15969
6197 15969
6200 15969
6203 15969
7138 15969
7141 15969
15329 15969
15332 15969
511 15970
511 6226
6208 15970
6211 15970
6214 15970
6217 15970
7252 15970
7255 15970
11482 15970
11485 15970
12562 15970
12565 15970
12850 15970
12853 15970
14848 15970
14851 15970
15028 15970
15031 15970
15335 15970
15338 15970
512 15971
512 6227
6209 15971
6212 15971
6220 15971
6223 15971
7258 15971
7261 15971
11488 15971
11491 15971
12568 15971
12571 15971
12856 15971
12859 15971
14854 15971
14857 15971
15034 15971
15037 15971
15341 15971
15344 15971
513 15972
513 6228
6215 15972
6218 15972
6221 15972
6224 15972
7264 15972
7267 15972
11494 15972
11497 15972
12574 15972
12577 15972
12862 15972
12865 15972
14860 15972
14863 15972
15040 15972
15043 15972
15347 15972
15350 15972
514 15973
514 6247
6229 15973
6232 15973
6235 15973
6238 15973
7864 15973
7867 15973
515 15974
515 6248
6230 15974
6233 15974
6241 15974
6244 15974
7870 15974
7873 15974
516 15975
516 6249
6236 15975
6239 15975
6242 15975
6245 15975
7876 15975
7879 15975
517 15976
517 6268
6250 15976
6253 15976
6256 15976
6259 15976
9844 15976
9847 15976
10510 15976
10513 15976
11986 15976
11989 15976
12364 15976
12367 15976
13336 15976
13339 15976
14776 15976
14779 15976
14884 15976
14887 15976
518 15977
518 6269
6251 15977
6254 15977
6262 15977
6265 15977
9850 15977
9853 15977
10516 15977
10519 15977
11992 15977
11995 15977
12370 15977
12373 15977
13342 15977
13345 15977
14782 15977
14785 15977
14890 15977
14893 15977
519 15978
519 6270
6257 15978
6260 15978
6263 15978
6266 15978
9856 15978
9859 15978
10522 15978
10525 15978
11998 15978
12001 15978
12376 15978
12379 15978
13348 15978
13351 15978
14788 15978
14791 15978
14896 15978
14899 15978
520 15979
520 6289
6271 15979
6274 15979
6277 15979
6280 15979
7540 15979
7543 15979
9196 15979
9199 15979
9934 15979
9937 15979
15353 15979
15356 15979
15371 15979
15374 15979
521 15980
521 6290
6272 15980
6275 15980
6283 15980
6286 15980
7546 15980
7549 15980
9202 15980
9205 15980
9940 15980
9943 15980
15359 15980
15362 15980
15377 15980
15380 15980
522 15981
522 6291
6278 15981
6281 15981
6284 15981
6287 15981
7552 15981
7555 15981
9208 15981
9211 15981
9946 15981
9949 15981
15365 15981
15368 15981
15383 15981
15386 15981
523 15982
523 6310
6292 15982
6295 15982
6298 15982
6301 15982
9304 15982
9307 15982
11392 15982
11395 15982
11950 15982
11953 15982
13462 15982
13465 15982
13678 15982
13681 15982
14038 15982
14041 15982
15280 15982
15283 15982
524 15983
524 6311
6293 15983
6296 15983
6304 15983
6307 15983
9310 15983
9313 15983
11398 15983
11401 15983
11956 15983
11959 15983
13468 15983
13471 15983
13684 15983
13687 15983
14044 15983
14047 15983
15286 15983
15289 15983
525 15984
525 6312
6299 15984
6302 15984
6305 15984
6308 15984
9316 15984
9319 15984
11404 15984
11407 15984
11962 15984
11965 15984
13474 15984
13477 15984
13690 15984
13693 15984
14050 15984
14053 15984
15292 15984
15295 15984
526 15985
526 6331
6313 15985
6316 15985
6319 15985
6322 15985
13624 15985
13627 15985
15389 15985
15392 15985
527 15986
527 6332
6314 15986
6317 15986
6325 15986
6328 15986
13630 15986
13633 15986
15395 15986
15398 15986
528 15987
528 6333
6320 15987
6323 15987
6326 15987
6329 15987
13636 15987
13639 15987
15401 15987
15404 15987
529 15988
529 6352
6334 15988
6337 15988
6340 15988
6343 15988
9988 15988
9991 15988
14002 15988
14005 15988
14326 15988
14329 15988
15208 15988
15211 15988
15226 15988
15229 15988
530 15989
530 6353
6335 15989
6338 15989
6346 15989
6349 15989
9994 15989
9997 15989
14008 15989
14011 15989
14332 15989
14335 15989
15214 15989
15217 15989
15232 15989
15235 15989
531 15990
531 6354
6341 15990
6344 15990
6347 15990
6350 15990
10000 15990
10003 15990
14014 15990
14017 15990
14338 15990
14341 15990
15220 15990
15223 15990
15238 15990
15241 15990
532 15991
532 6373
6355 15991
6358 15991
6361 15991
6364 15991
9376 15991
9379 15991
9772 15991
9775 15991
12760 15991
12763 15991
14110 15991
14113 15991
15407 15991
15410 15991
533 15992
533 6374
6356 15992
6359 15992
6367 15992
6370 15992
9382 15992
9385 15992
9778 15992
9781 15992
12766 15992
12769 15992
14116 15992
14119 15992
15413 15992
15416 15992
534 15993
534 6375
6362 15993
6365 15993
6368 15993
6371 15993
9388 15993
9391 15993
9784 15993
9787 15993
12772 15993
12775 15993
14122 15993
14125 15993
15419 15993
15422 15993
535 15994
535 6394
6376 15994
6379 15994
6382 15994
6385 15994
8044 15994
8047 15994
9790 15994
9793 15994
10042 15994
10045 15994
12904 15994
12907 15994
13480 15994
13483 15994
15082 15994
15085 15994
15244 15994
15247 15994
536 15995
536 6395
6377 15995
6380 15995
6388 15995
6391 15995
8050 15995
8053 15995
9796 15995
9799 15995
10048 15995
10051 15995
12910 15995
12913 15995
13486 15995
13489 15995
15088 15995
15091 15995
15250 15995
15253 15995
537 15996
537 6396
6383 15996
6386 15996
6389 15996
6392 15996
8056 15996
8059 15996
9802 15996
9805 15996
10054 15996
10057 15996
12916 15996
12919 15996
13492 15996
13495 15996
15094 15996
15097 15996
15256 15996
15259 15996
538 15997
538 6415
6397 15997
6400 15997
6403 15997
6406 15997
8368 15997
8371 15997
10348 15997
10351 15997
14362 15997
14365 15997
14722 15997
14725 15997
14920 15997
14923 15997
539 15998
539 6416
6398 15998
6401 15998
6409 15998
6412 15998
8374 15998
8377 15998
10354 15998
10357 15998
14368 15998
14371 15998
14728 15998
14731 15998
14926 15998
14929 15998
540 15999
540 6417
6404 15999
6407 15999
6410 15999
6413 15999
8380 15999
8383 15999
10360 15999
10363 15999
14374 15999
14377 15999
14734 15999
14737 15999
14932 15999
14935 15999
541 16000
541 6436
6418 16000
6421 16000
6424 16000
6427 16000
8386 16000
8389 16000
9862 16000
9865 16000
12472 16000
12475 16000
13228 16000
13231 16000
14308 16000
14311 16000
14668 16000
14671 16000
542 16001
542 6437
6419 16001
6422 16001
6430 16001
6433 16001
8392 16001
8395 16001
9868 16001
9871 16001
12478 16001
12481 16001
13234 16001
13237 16001
14314 16001
14317 16001
14674 16001
14677 16001
543 16002
543 6438
6425 16002
6428 16002
6431 16002
6434 16002
8398 16002
8401 16002
9874 16002
9877 16002
12484 16002
12487 16002
13240 16002
13243 16002
14320 16002
14323 16002
14680 16002
14683 16002
544 16003
544 6457
6439 16003
6442 16003
6445 16003
6448 16003
7756 16003
7759 16003
7954 16003
7957 16003
10996 16003
10999 16003
14992 16003
14995 16003
15425 16003
15428 16003
545 16004
545 6458
6440 16004
6443 16004
6451 16004
6454 16004
7762 16004
7765 16004
7960 16004
7963 16004
11002 16004
11005 16004
14998 16004
15001 16004
15431 16004
15434 16004
546 16005
546 6459
6446 16005
6449 16005
6452 16005
6455 16005
7768 16005
7771 16005
7966 16005
7969 16005
11008 16005
11011 16005
15004 16005
15007 16005
15437 16005
15440 16005
547 16006
547 6478
6460 16006
6463 16006
6466 16006
6469 16006
7342 16006
7345 16006
8404 16006
8407 16006
10654 16006
10657 16006
12022 16006
12025 16006
15443 16006
15446 16006
548 16007
548 6479
6461 16007
6464 16007
6472 16007
6475 16007
7348 16007
7351 16007
8410 16007
8413 16007
10660 16007
10663 16007
12028 16007
12031 16007
15449 16007
15452 16007
549 16008
549 6480
6467 16008
6470 16008
6473 16008
6476 16008
7354 16008
7357 16008
8416 16008
8419 16008
10666 16008
10669 16008
12034 16008
12037 16008
15455 16008
15458 16008
550 16009
550 6499
6481 16009
6484 16009
6487 16009
6490 16009
12796 16009
12799 16009
13642 16009
13645 16009
14488 16009
14491 16009
551 16010
551 6500
6482 16010
6485 16010
6493 16010
6496 16010
12802 16010
12805 16010
13648 16010
13651 16010
14494 16010
14497 16010
552 16011
552 6501
6488 16011
6491 16011
6494 16011
6497 16011
12808 16011
12811 16011
13654 16011
13657 16011
14500 16011
14503 16011
553 16012
553 6520
6502 16012
6505 16012
6508 16012
6511 16012
8800 16012
8803 16012
9592 16012
9595 16012
10942 16012
10945 16012
11554 16012
11557 16012
15172 16012
15175 16012
554 16013
554 6521
6503 16013
6506 16013
6514 16013
6517 16013
8806 16013
8809 16013
9598 16013
9601 16013
10948 16013
10951 16013
11560 16013
11563 16013
15178 16013
15181 16013
555 16014
555 6522
6509 16014
6512 16014
6515 16014
6518 16014
8812 16014
8815 16014
9604 16014
9607 16014
10954 16014
10957 16014
11566 16014
11569 16014
15184 16014
15187 16014
556 16015
556 6541
6523 16015
6526 16015
6529 16015
6532 16015
10168 16015
10171 16015
12706 16015
12709 16015
13012 16015
13015 16015
13066 16015
13069 16015
13192 16015
13195 16015
557 16016
557 6542
6524 16016
6527 16016
6535 16016
6538 16016
10174 16016
10177 16016
12712 16016
12715 16016
13018 16016
13021 16016
13072 16016
13075 16016
13198 16016
13201 16016
558 16017
558 6543
6530 16017
6533 16017
6536 16017
6539 16017
10180 16017
10183 16017
12718 16017
12721 16017
13024 16017
13027 16017
13078 16017
13081 16017
13204 16017
13207 16017
559 16018
559 6562
6544 16018
6547 16018
6550 16018
6553 16018
12184 16018
12187 16018
12958 16018
12961 16018
14182 16018
14185 16018
14434 16018
14437 16018
14812 16018
14815 16018
15352 16018
15355 16018
560 16019
560 6563
6545 16019
6548 16019
6556 16019
6559 16019
12190 16019
12193 16019
12964 16019
12967 16019
14188 16019
14191 16019
14440 16019
14443 16019
14818 16019
14821 16019
15358 16019
15361 16019
561 16020
561 6564
6551 16020
6554 16020
6557 16020
6560 16020
12196 16020
12199 16020
12970 16020
12973 16020
14194 16020
14197 16020
14446 16020
14449 16020
14824 16020
14827 16020
15364 16020
15367 16020
562 16021
562 6583
6565 16021
6568 16021
6571 16021
6574 16021
12112 16021
12115 16021
12724 16021
12727 16021
12976 16021
12979 16021
14272 16021
14275 16021
14506 16021
14509 16021
15298 16021
15301 16021
563 16022
563 6584
6566 16022
6569 16022
6577 16022
6580 16022
12118 16022
12121 16022
12730 16022
12733 16022
12982 16022
12985 16022
14278 16022
14281 16022
14512 16022
14515 16022
15304 16022
15307 16022
564 16023
564 6585
6572 16023
6575 16023
6578 16023
6581 16023
12124 16023
12127 16023
12736 16023
12739 16023
12988 16023
12991 16023
14284 16023
14287 16023
14518 16023
14521 16023
15310 16023
15313 16023
565 16024
565 6604
6586 16024
6589 16024
6592 16024
6595 16024
12292 16024
12295 16024
14830 16024
14833 16024
14938 16024
14941 16024
566 16025
566 6605
6587 16025
6590 16025
6598 16025
6601 16025
12298 16025
12301 16025
14836 16025
14839 16025
14944 16025
14947 16025
567 16026
567 6606
6593 16026
6596 16026
6599 16026
6602 16026
12304 16026
12307 16026
14842 16026
14845 16026
14950 16026
14953 16026
568 16027
568 6625
6607 16027
6610 16027
6613 16027
6616 16027
7558 16027
7561 16027
11878 16027
11881 16027
13354 16027
13357 16027
13840 16027
13843 16027
569 16028
569 6626
6608 16028
6611 16028
6619 16028
6622 16028
7564 16028
7567 16028
11884 16028
11887 16028
13360 16028
13363 16028
13846 16028
13849 16028
570 16029
570 6627
6614 16029
6617 16029
6620 16029
6623 16029
7570 16029
7573 16029
11890 16029
11893 16029
13366 16029
13369 16029
13852 16029
13855 16029
571 16030
571 6646
6628 16030
6631 16030
6634 16030
6637 16030
7162 16030
7165 16030
8818 16030
8821 16030
9664 16030
9667 16030
11644 16030
11647 16030
14074 16030
14077 16030
14956 16030
14959 16030
572 16031
572 6647
6629 16031
6632 16031
6640 16031
6643 16031
7168 16031
7171 16031
8824 16031
8827 16031
9670 16031
9673 16031
11650 16031
11653 16031
14080 16031
14083 16031
14962 16031
14965 16031
573 16032
573 6648
6635 16032
6638 16032
6641 16032
6644 16032
7174 16032
7177 16032
8830 16032
8833 16032
9676 16032
9679 16032
11656 16032
11659 16032
14086 16032
14089 16032
14968 16032
14971 16032
574 16033
574 6667
6649 16033
6652 16033
6655 16033
6658 16033
13120 16033
13123 16033
13984 16033
13987 16033
15406 16033
15409 16033
575 16034
575 6668
6650 16034
6653 16034
6661 16034
6664 16034
13126 16034
13129 16034
13990 16034
13993 16034
15412 16034
15415 16034
576 16035
576 6669
6656 16035
6659 16035
6662 16035
6665 16035
13132 16035
13135 16035
13996 16035
13999 16035
15418 16035
15421 16035
577 16036
577 6688
6670 16036
6673 16036
6676 16036
6679 16036
11842 16036
11845 16036
14578 16036
14581 16036
14596 16036
14599 16036
14740 16036
14743 16036
15190 16036
15193 16036
578 16037
578 6689
6671 16037
6674 16037
6682 16037
6685 16037
11848 16037
11851 16037
14584 16037
14587 16037
14602 16037
14605 16037
14746 16037
14749 16037
15196 16037
15199 16037
579 16038
579 6690
6677 16038
6680 16038
6683 16038
6686 16038
11854 16038
11857 16038
14590 16038
14593 16038
14608 16038
14611 16038
14752 16038
14755 16038
15202 16038
15205 16038
580 16039
580 6709
6691 16039
6694 16039
6697 16039
6700 16039
10456 16039
10459 16039
11662 16039
11665 16039
13696 16039
13699 16039
14254 16039
14257 16039
15388 16039
15391 16039
581 16040
581 6710
6692 16040
6695 16040
6703 16040
6706 16040
10462 16040
10465 16040
11668 16040
11671 16040
13702 16040
13705 16040
14260 16040
14263 16040
15394 16040
15397 16040
582 16041
582 6711
6698 16041
6701 16041
6704 16041
6707 16041
10468 16041
10471 16041
11674 16041
11677 16041
13708 16041
13711 16041
14266 16041
14269 16041
15400 16041
15403 16041
583 16042
583 6730
6712 16042
6715 16042
6718 16042
6721 16042
11500 16042
11503 16042
14704 16042
14707 16042
15100 16042
15103 16042
15316 16042
15319 16042
584 16043
584 6731
6713 16043
6716 16043
6724 16043
6727 16043
11506 16043
11509 16043
14710 16043
14713 16043
15106 16043
15109 16043
15322 16043
15325 16043
585 16044
585 6732
6719 16044
6722 16044
6725 16044
6728 16044
11512 16044
11515 16044
14716 16044
14719 16044
15112 16044
15115 16044
15328 16044
15331 16044
586 16045
586 6751
6733 16045
6736 16045
6739 16045
6742 16045
13408 16045
13411 16045
15136 16045
15139 16045
587 16046
587 6752
6734 16046
6737 16046
6745 16046
6748 16046
13414 16046
13417 16046
15142 16046
15145 16046
588 16047
588 6753
6740 16047
6743 16047
6746 16047
6749 16047
13420 16047
13423 16047
15148 16047
15151 16047
589 16048
589 6772
6754 16048
6757 16048
6760 16048
6763 16048
12580 16048
12583 16048
14398 16048
14401 16048
14866 16048
14869 16048
14902 16048
14905 16048
15334 16048
15337 16048
15442 16048
15445 16048
590 16049
590 6773
6755 16049
6758 16049
6766 16049
6769 16049
12586 16049
12589 16049
14404 16049
14407 16049
14872 16049
14875 16049
14908 16049
14911 16049
15340 16049
15343 16049
15448 16049
15451 16049
591 16050
591 6774
6761 16050
6764 16050
6767 16050
6770 16050
12592 16050
12595 16050
14410 16050
14413 16050
14878 16050
14881 16050
14914 16050
14917 16050
15346 16050
15349 16050
15454 16050
15457 16050
592 16051
592 6793
6775 16051
6778 16051
6781 16051
6784 16051
14452 16051
14455 16051
593 16052
593 6794
6776 16052
6779 16052
6787 16052
6790 16052
14458 16052
14461 16052
594 16053
594 6795
6782 16053
6785 16053
6788 16053
6791 16053
14464 16053
14467 16053
595 16054
595 6814
6796 16054
6799 16054
6802 16054
6805 16054
7144 16054
7147 16054
8062 16054
8065 16054
9430 16054
9433 16054
11248 16054
11251 16054
13138 16054
13141 16054
14020 16054
14023 16054
15118 16054
15121 16054
15370 16054
15373 16054
596 16055
596 6815
6797 16055
6800 16055
6808 16055
6811 16055
7150 16055
7153 16055
8068 16055
8071 16055
9436 16055
9439 16055
11254 16055
11257 16055
13144 16055
13147 16055
14026 16055
14029 16055
15124 16055
15127 16055
15376 16055
15379 16055
597 16056
597 6816
6803 16056
6806 16056
6809 16056
6812 16056
7156 16056
7159 16056
8074 16056
8077 16056
9442 16056
9445 16056
11260 16056
11263 16056
13150 16056
13153 16056
14032 16056
14035 16056
15130 16056
15133 16056
15382 16056
15385 16056
598 16057
598 6835
6817 16057
6820 16057
6823 16057
6826 16057
12040 16057
12043 16057
14164 16057
14167 16057
14200 16057
14203 16057
15046 16057
15049 16057
15262 16057
15265 16057
15424 16057
15427 16057
599 16058
599 6836
6818 16058
6821 16058
6829 16058
6832 16058
12046 16058
12049 16058
14170 16058
14173 16058
14206 16058
14209 16058
15052 16058
15055 16058
15268 16058
15271 16058
15430 16058
15433 16058
600 16059
600 6837
6824 16059
6827 16059
6830 16059
6833 16059
12052 16059
12055 16059
14176 16059
14179 16059
14212 16059
14215 16059
15058 16059
15061 16059
15274 16059
15277 16059
15436 16059
15439 16059
601 16060
601 2643
2640 16060
602 16061
602 2649
2646 16061
603 16062
603 2655
2652 16062
604 16063
604 2664
2661 16063
605 16064
605 2670
2667 16064
606 16065
606 2676
2673 16065
607 16066
607 2685
2682 16066
608 16067
608 2691
2688 16067
609 16068
609 2697
2694 16068
610 16069
610 2706
2703 16069
611 16070
611 2712
2709 16070
612 16071
612 2718
2715 16071
613 16072
613 2727
2724 16072
614 16073
614 2733
2730 16073
615 16074
615 2739
2736 16074
616 16075
616 2748
2745 16075
617 16076
617 2754
2751 16076
618 16077
618 2760
2757 16077
619 16078
619 2769
2766 16078
620 16079
620 2775
2772 16079
621 16080
621 2781
2778 16080
622 16081
622 2790
2787 16081
623 16082
623 2796
2793 16082
624 16083
624 2802
2799 16083
625 16084
625 2811
2808 16084
626 16085
626 2817
2814 16085
627 16086
627 2823
2820 16086
628 16087
628 2832
2829 16087
629 16088
629 2838
2835 16088
630 16089
630 2844
2841 16089
631 16090
631 2853
2850 16090
632 16091
632 2859
2856 16091
633 16092
633 2865
2862 16092
634 16093
634 2874
2871 16093
635 16094
635 2880
2877 16094
636 16095
636 2886
2883 16095
637 16096
637 2895
2892 16096
638 16097
638 2901
2898 16097
639 16098
639 2907
2904 16098
640 16099
640 2916
2913 16099
641 16100
641 2922
2919 16100
642 16101
642 2928
2925 16101
643 16102
643 2937
2934 16102
644 16103
644 2943
2940 16103
645 16104
645 2949
2946 16104
646 16105
646 2958
2955 16105
647 16106
647 2964
2961 16106
648 16107
648 2970
2967 16107
649 16108
649 2979
2976 16108
650 16109
650 2985
2982 16109
651 16110
651 2991
2988 16110
652 16111
652 3000
2997 16111
653 16112
653 3006
3003 16112
654 16113
654 3012
3009 16113
655 16114
655 3021
3018 16114
656 16115
656 3027
3024 16115
657 16116
657 3033
3030 16116
658 16117
658 3042
3039 16117
659 16118
659 3048
3045 16118
660 16119
660 3054
3051 16119
661 16120
661 3063
3060 16120
662 16121
662 3069
3066 16121
663 16122
663 3075
3072 16122
664 16123
664 3084
3081 16123
665 16124
665 3090
3087 16124
666 16125
666 3096
3093 16125
667 16126
667 3105
3102 16126
668 16127
668 3111
3108 16127
669 16128
669 3117
3114 16128
670 16129
670 3126
3123 16129
671 16130
671 3132
3129 16130
672 16131
672 3138
3135 16131
673 16132
673 3147
3144 16132
674 16133
674 3153
3150 16133
675 16134
675 3159
3156 16134
676 16135
676 3168
3165 16135
677 16136
677 3174
3171 16136
678 16137
678 3180
3177 16137
679 16138
679 3189
3186 16138
680 16139
680 3195
3192 16139
681 16140
681 3201
3198 16140
682 16141
682 3210
3207 16141
683 16142
683 3216
3213 16142
684 16143
684 3222
3219 16143
685 16144
685 3231
3228 16144
686 16145
686 3237
3234 16145
687 16146
687 3243
3240 16146
688 16147
688 3252
3249 16147
689 16148
689 3258
3255 16148
690 16149
690 3264
3261 16149
691 16150
691 3273
3270 16150
692 16151
692 3279
3276 16151
693 16152
693 3285
3282 16152
694 16153
694 3294
3291 16153
695 16154
695 3300
3297 16154
696 16155
696 3306
3303 16155
697 16156
697 3315
3312 16156
698 16157
698 3321
3318 16157
699 16158
699 3327
3324 16158
700 16159
700 3336
3333 16159
701 16160
701 3342
3339 16160
702 16161
702 3348
3345 16161
703 16162
703 3357
3354 16162
704 16163
704 3363
3360 16163
705 16164
705 3369
3366 16164
706 16165
706 3378
3375 16165
707 16166
707 3384
3381 16166
708 16167
708 3390
3387 16167
709 16168
709 3399
3396 16168
710 16169
710 3405
3402 16169
711 16170
711 3411
3408 16170
712 16171
712 3420
3417 16171
713 16172
713 3426
3423 16172
714 16173
714 3432
3429 16173
715 16174
715 3441
3438 16174
716 16175
716 3447
3444 16175
717 16176
717 3453
3450 16176
718 16177
718 3462
3459 16177
719 16178
719 3468
3465 16178
720 16179
720 3474
3471 16179
721 16180
721 3483
3480 16180
722 16181
722 3489
3486 16181
723 16182
723 3495
3492 16182
724 16183
724 3504
3501 16183
725 16184
725 3510
3507 16184
726 16185
726 3516
3513 16185
727 16186
727 3525
3522 16186
728 16187
728 3531
3528 16187
729 16188
729 3537
3534 16188
730 16189
730 3546
3543 16189
731 16190
731 3552
3549 16190
732 16191
732 3558
3555 16191
733 16192
733 3567
3564 16192
734 16193
734 3573
3570 16193
735 16194
735 3579
3576 16194
736 16195
736 3588
3585 16195
737 16196
737 3594
3591 16196
738 16197
738 3600
3597 16197
739 16198
739 3609
3606 16198
740 16199
740 3615
3612 16199
741 16200
741 3621
3618 16200
742 16201
742 3630
3627 16201
743 16202
743 3636
3633 16202
744 16203
744 3642
3639 16203
745 16204
745 3651
3648 16204
746 16205
746 3657
3654 16205
747 16206
747 3663
3660 16206
748 16207
748 3672
3669 16207
749 16208
749 3678
3675 16208
750 16209
750 3684
3681 16209
751 16210
751 3693
3690 16210
752 16211
752 3699
3696 16211
753 16212
753 3705
3702 16212
754 16213
754 3714
3711 16213
755 16214
755 3720
3717 16214
756 16215
756 3726
3723 16215
757 16216
757 3735
3732 16216
758 16217
758 3741
3738 16217
759 16218
759 3747
3744 16218
760 16219
760 3756
3753 16219
761 16220
761 3762
3759 16220
762 16221
762 3768
3765 16221
763 16222
763 3777
3774 16222
764 16223
764 3783
3780 16223
765 16224
765 3789
3786 16224
766 16225
766 3798
3795 16225
767 16226
767 3804
3801 16226
768 16227
768 3810
3807 16227
769 16228
769 3819
3816 16228
770 16229
770 3825
3822 16229
771 16230
771 3831
3828 16230
772 16231
772 3840
3837 16231
773 16232
773 3846
3843 16232
774 16233
774 3852
3849 16233
775 16234
775 3861
3858 16234
776 16235
776 3867
3864 16235
777 16236
777 3873
3870 16236
778 16237
778 3882
3879 16237
779 16238
779 3888
3885 16238
780 16239
780 3894
3891 16239
781 16240
781 3903
3900 16240
782 16241
782 3909
3906 16241
783 16242
783 3915
3912 16242
784 16243
784 3924
3921 16243
785 16244
785 3930
3927 16244
786 16245
786 3936
3933 16245
787 16246
787 3945
3942 16246
788 16247
788 3951
3948 16247
789 16248
789 3957
3954 16248
790 16249
790 3966
3963 16249
791 16250
791 3972
3969 16250
792 16251
792 3978
3975 16251
793 16252
793 3987
3984 16252
794 16253
794 3993
3990 16253
795 16254
795 3999
3996 16254
796 16255
796 4008
4005 16255
797 16256
797 4014
4011 16256
798 16257
798 4020
4017 16257
799 16258
799 4029
4026 16258
800 16259
800 4035
4032 16259
801 16260
801 4041
4038 16260
802 16261
802 4050
4047 16261
803 16262
803 4056
4053 16262
804 16263
804 4062
4059 16263
805 16264
805 4071
4068 16264
806 16265
806 4077
4074 16265
807 16266
807 4083
4080 16266
808 16267
808 4092
4089 16267
809 16268
809 4098
4095 16268
810 16269
810 4104
4101 16269
811 16270
811 4113
4110 16270
812 16271
812 4119
4116 16271
813 16272
813 4125
4122 16272
814 16273
814 4134
4131 16273
815 16274
815 4140
4137 16274
816 16275
816 4146
4143 16275
817 16276
817 4155
4152 16276
818 16277
818 4161
4158 16277
819 16278
819 4167
4164 16278
820 16279
820 4176
4173 16279
821 16280
821 4182
4179 16280
822 16281
822 4188
4185 16281
823 16282
823 4197
4194 16282
824 16283
824 4203
4200 16283
825 16284
825 4209
4206 16284
826 16285
826 4218
4215 16285
827 16286
827 4224
4221 16286
828 16287
828 4230
4227 16287
829 16288
829 4239
4236 16288
830 16289
830 4245
4242 16289
831 16290
831 4251
4248 16290
832 16291
832 4260
4257 16291
833 16292
833 4266
4263 16292
834 16293
834 4272
4269 16293
835 16294
835 4281
4278 16294
836 16295
836 4287
4284 16295
837 16296
837 4293
4290 16296
838 16297
838 4302
4299 16297
839 16298
839 4308
4305 16298
840 16299
840 4314
4311 16299
841 16300
841 4323
4320 16300
842 16301
842 4329
4326 16301
843 16302
843 4335
4332 16302
844 16303
844 4344
4341 16303
845 16304
845 4350
4347 16304
846 16305
846 4356
4353 16305
847 16306
847 4365
4362 16306
848 16307
848 4371
4368 16307
849 16308
849 4377
4374 16308
850 16309
850 4386
4383 16309
851 16310
851 4392
4389 16310
852 16311
852 4398
4395 16311
853 16312
853 4407
4404 16312
854 16313
854 4413
4410 16313
855 16314
855 4419
4416 16314
856 16315
856 4428
4425 16315
857 16316
857 4434
4431 16316
858 16317
858 4440
4437 16317
859 16318
859 4449
4446 16318
860 16319
860 4455
4452 16319
861 16320
861 4461
4458 16320
862 16321
862 4470
4467 16321
863 16322
863 4476
4473 16322
864 16323
864 4482
4479 16323
865 16324
865 4491
4488 16324
866 16325
866 4497
4494 16325
867 16326
867 4503
4500 16326
868 16327
868 4512
4509 16327
869 16328
869 4518
4515 16328
870 16329
870 4524
4521 16329
871 16330
871 4533
4530 16330
872 16331
872 4539
4536 16331
873 16332
873 4545
4542 16332
874 16333
874 4554
4551 16333
875 16334
875 4560
4557 16334
876 16335
876 4566
4563 16335
877 16336
877 4575
4572 16336
878 16337
878 4581
4578 16337
879 16338
879 4587
4584 16338
880 16339
880 4596
4593 16339
881 16340
881 4602
4599 16340
882 16341
882 4608
4605 16341
883 16342
883 4617
4614 16342
884 16343
884 4623
4620 16343
885 16344
885 4629
4626 16344
886 16345
886 4638
4635 16345
887 16346
887 4644
4641 16346
888 16347
888 4650
4647 16347
889 16348
889 4659
4656 16348
890 16349
890 4665
4662 16349
891 16350
891 4671
4668 16350
892 16351
892 4680
4677 16351
893 16352
893 4686
4683 16352
894 16353
894 4692
4689 16353
895 16354
895 4701
4698 16354
896 16355
896 4707
4704 16355
897 16356
897 4713
4710 16356
898 16357
898 4722
4719 16357
899 16358
899 4728
4725 16358
900 16359
900 4734
4731 16359
901 16360
901 4743
4740 16360
902 16361
902 4749
4746 16361
903 16362
903 4755
4752 16362
904 16363
904 4764
4761 16363
905 16364
905 4770
4767 16364
906 16365
906 4776
4773 16365
907 16366
907 4785
4782 16366
908 16367
908 4791
4788 16367
909 16368
909 4797
4794 16368
910 16369
910 4806
4803 16369
911 16370
911 4812
4809 16370
912 16371
912 4818
4815 16371
913 16372
913 4827
4824 16372
914 16373
914 4833
4830 16373
915 16374
915 4839
4836 16374
916 16375
916 4848
4845 16375
917 16376
917 4854
4851 16376
918 16377
918 4860
4857 16377
919 16378
919 4869
4866 16378
920 16379
920 4875
4872 16379
921 16380
921 4881
4878 16380
922 16381
922 4890
4887 16381
923 16382
923 4896
4893 16382
924 16383
924 4902
4899 16383
925 16384
925 4911
4908 16384
926 16385
926 4917
4914 16385
927 16386
927 4923
4920 16386
928 16387
928 4932
4929 16387
929 16388
929 4938
4935 16388
930 16389
930 4944
4941 16389
931 16390
931 4953
4950 16390
932 16391
932 4959
4956 16391
933 16392
933 4965
4962 16392
934 16393
934 4974
4971 16393
935 16394
935 4980
4977 16394
936 16395
936 4986
4983 16395
937 16396
937 4995
4992 16396
938 16397
938 5001
4998 16397
939 16398
939 5007
5004 16398
940 16399
940 5016
5013 16399
941 16400
941 5022
5019 16400
942 16401
942 5028
5025 16401
943 16402
943 5037
5034 16402
944 16403
944 5043
5040 16403
945 16404
945 5049
5046 16404
946 16405
946 5058
5055 16405
947 16406
947 5064
5061 16406
948 16407
948 5070
5067 16407
949 16408
949 5079
5076 16408
950 16409
950 5085
5082 16409
951 16410
951 5091
5088 16410
952 16411
952 5100
5097 16411
953 16412
953 5106
5103 16412
954 16413
954 5112
5109 16413
955 16414
955 5121
5118 16414
956 16415
956 5127
5124 16415
957 16416
957 5133
5130 16416
958 16417
958 5142
5139 16417
959 16418
959 5148
5145 16418
960 16419
960 5154
5151 16419
961 16420
961 5163
5160 16420
962 16421
962 5169
5166 16421
963 16422
963 5175
5172 16422
964 16423
964 5184
5181 16423
965 16424
965 5190
5187 16424
966 16425
966 5196
5193 16425
967 16426
967 5205
5202 16426
968 16427
968 5211
5208 16427
969 16428
969 5217
5214 16428
970 16429
970 5226
5223 16429
971 16430
971 5232
5229 16430
972 16431
972 5238
5235 16431
973 16432
973 5247
5244 16432
974 16433
974 5253
5250 16433
975 16434
975 5259
5256 16434
976 16435
976 5268
5265 16435
977 16436
977 5274
5271 16436
978 16437
978 5280
5277 16437
979 16438
979 5289
5286 16438
980 16439
980 5295
5292 16439
981 16440
981 5301
5298 16440
982 16441
982 5310
5307 16441
983 16442
983 5316
5313 16442
984 16443
984 5322
5319 16443
985 16444
985 5331
5328 16444
986 16445
986 5337
5334 16445
987 16446
987 5343
5340 16446
988 16447
988 5352
5349 16447
989 16448
989 5358
5355 16448
990 16449
990 5364
5361 16449
991 16450
991 5373
5370 16450
992 16451
992 5379
5376 16451
993 16452
993 5385
5382 16452
994 16453
994 5394
5391 16453
995 16454
995 5400
5397 16454
996 16455
996 5406
5403 16455
997 16456
997 5415
5412 16456
998 16457
998 5421
5418 16457
999 16458
999 5427
5424 16458
1000 16459
1000 5436
5433 16459
1001 16460
1001 5442
5439 16460
1002 16461
1002 5448
5445 16461
1003 16462
1003 5457
5454 16462
1004 16463
1004 5463
5460 16463
1005 16464
1005 5469
5466 16464
1006 16465
1006 5478
5475 16465
1007 16466
1007 5484
5481 16466
1008 16467
1008 5490
5487 16467
1009 16468
1009 5499
5496 16468
1010 16469
1010 5505
5502 16469
1011 16470
1011 5511
5508 16470
1012 16471
1012 5520
5517 16471
1013 16472
1013 5526
5523 16472
1014 16473
1014 5532
5529 16473
1015 16474
1015 5541
5538 16474
1016 16475
1016 5547
5544 16475
1017 16476
1017 5553
5550 16476
1018 16477
1018 5562
5559 16477
1019 16478
1019 5568
5565 16478
1020 16479
1020 5574
5571 16479
1021 16480
1021 5583
5580 16480
1022 16481
1022 5589
5586 16481
1023 16482
1023 5595
5592 16482
1024 16483
1024 5604
5601 16483
1025 16484
1025 5610
5607 16484
1026 16485
1026 5616
5613 16485
1027 16486
1027 5625
5622 16486
1028 16487
1028 5631
5628 16487
1029 16488
1029 5637
5634 16488
1030 16489
1030 5646
5643 16489
1031 16490
1031 5652
5649 16490
1032 16491
1032 5658
5655 16491
1033 16492
1033 5667
5664 16492
1034 16493
1034 5673
5670 16493
1035 16494
1035 5679
5676 16494
1036 16495
1036 5688
5685 16495
1037 16496
1037 5694
5691 16496
1038 16497
1038 5700
5697 16497
1039 16498
1039 5709
5706 16498
1040 16499
1040 5715
5712 16499
1041 16500
1041 5721
5718 16500
1042 16501
1042 5730
5727 16501
1043 16502
1043 5736
5733 16502
1044 16503
1044 5742
5739 16503
1045 16504
1045 5751
5748 16504
1046 16505
1046 5757
5754 16505
1047 16506
1047 5763
5760 16506
1048 16507
1048 5772
5769 16507
1049 16508
1049 5778
5775 16508
1050 16509
1050 5784
5781 16509
1051 16510
1051 5793
5790 16510
1052 16511
1052 5799
5796 16511
1053 16512
1053 5805
5802 16512
1054 16513
1054 5814
5811 16513
1055 16514
1055 5820
5817 16514
1056 16515
1056 5826
5823 16515
1057 16516
1057 5835
5832 16516
1058 16517
1058 5841
5838 16517
1059 16518
1059 5847
5844 16518
1060 16519
1060 5856
5853 16519
1061 16520
1061 5862
5859 16520
1062 16521
1062 5868
5865 16521
1063 16522
1063 5877
5874 16522
1064 16523
1064 5883
5880 16523
1065 16524
1065 5889
5886 16524
1066 16525
1066 5898
5895 16525
1067 16526
1067 5904
5901 16526
1068 16527
1068 5910
5907 16527
1069 16528
1069 5919
5916 16528
1070 16529
1070 5925
5922 16529
1071 16530
1071 5931
5928 16530
1072 16531
1072 5940
5937 16531
1073 16532
1073 5946
5943 16532
1074 16533
1074 5952
5949 16533
1075 16534
1075 5961
5958 16534
1076 16535
1076 5967
5964 16535
1077 16536
1077 5973
5970 16536
1078 16537
1078 5982
5979 16537
1079 16538
1079 5988
5985 16538
1080 16539
1080 5994
5991 16539
1081 16540
1081 6003
6000 16540
1082 16541
1082 6009
6006 16541
1083 16542
1083 6015
6012 16542
1084 16543
1084 6024
6021 16543
1085 16544
1085 6030
6027 16544
1086 16545
1086 6036
6033 16545
1087 16546
1087 6045
6042 16546
1088 16547
1088 6051
6048 16547
1089 16548
1089 6057
6054 16548
1090 16549
1090 6066
6063 16549
1091 16550
1091 6072
6069 16550
1092 16551
1092 6078
6075 16551
1093 16552
1093 6087
6084 16552
1094 16553
1094 6093
6090 16553
1095 16554
1095 6099
6096 16554
1096 16555
1096 6108
6105 16555
1097 16556
1097 6114
6111 16556
1098 16557
1098 6120
6117 16557
1099 16558
1099 6129
6126 16558
1100 16559
1100 6135
6132 16559
1101 16560
1101 6141
6138 16560
1102 16561
1102 6150
6147 16561
1103 16562
1103 6156
6153 16562
1104 16563
1104 6162
6159 16563
1105 16564
1105 6171
6168 16564
1106 16565
1106 6177
6174 16565
1107 16566
1107 6183
6180 16566
1108 16567
1108 6192
6189 16567
1109 16568
1109 6198
6195 16568
1110 16569
1110 6204
6201 16569
1111 16570
1111 6213
6210 16570
1112 16571
1112 6219
6216 16571
1113 16572
1113 6225
6222 16572
1114 16573
1114 6234
6231 16573
1115 16574
1115 6240
6237 16574
1116 16575
1116 6246
6243 16575
1117 16576
1117 6255
6252 16576
1118 16577
1118 6261
6258 16577
1119 16578
1119 6267
6264 16578
1120 16579
1120 6276
6273 16579
1121 16580
1121 6282
6279 16580
1122 16581
1122 6288
6285 16581
1123 16582
1123 6297
6294 16582
1124 16583
1124 6303
6300 16583
1125 16584
1125 6309
6306 16584
1126 16585
1126 6318
6315 16585
1127 16586
1127 6324
6321 16586
1128 16587
1128 6330
6327 16587
1129 16588
1129 6339
6336 16588
1130 16589
1130 6345
6342 16589
1131 16590
1131 6351
6348 16590
1132 16591
1132 6360
6357 16591
1133 16592
1133 6366
6363 16592
1134 16593
1134 6372
6369 16593
1135 16594
1135 6381
6378 16594
1136 16595
1136 6387
6384 16595
1137 16596
1137 6393
6390 16596
1138 16597
1138 6402
6399 16597
1139 16598
1139 6408
6405 16598
1140 16599
1140 6414
6411 16599
1141 16600
1141 6423
6420 16600
1142 16601
1142 6429
6426 16601
1143 16602
1143 6435
6432 16602
1144 16603
1144 6444
6441 16603
1145 16604
1145 6450
6447 16604
1146 16605
1146 6456
6453 16605
1147 16606
1147 6465
6462 16606
1148 16607
1148 6471
6468 16607
1149 16608
1149 6477
6474 16608
1150 16609
1150 6486
6483 16609
1151 16610
1151 6492
6489 16610
1152 16611
1152 6498
6495 16611
1153 16612
1153 6507
6504 16612
1154 16613
1154 6513
6510 16613
1155 16614
1155 6519
6516 16614
1156 16615
1156 6528
6525 16615
1157 16616
1157 6534
6531 16616
1158 16617
1158 6540
6537 16617
1159 16618
1159 6549
6546 16618
1160 16619
1160 6555
6552 16619
1161 16620
1161 6561
6558 16620
1162 16621
1162 6570
6567 16621
1163 16622
1163 6576
6573 16622
1164 16623
1164 6582
6579 16623
1165 16624
1165 6591
6588 16624
1166 16625
1166 6597
6594 16625
1167 16626
1167 6603
6600 16626
1168 16627
1168 6612
6609 16627
1169 16628
1169 6618
6615 16628
1170 16629
1170 6624
6621 16629
1171 16630
1171 6633
6630 16630
1172 16631
1172 6639
6636 16631
1173 16632
1173 6645
6642 16632
1174 16633
1174 6654
6651 16633
1175 16634
1175 6660
6657 16634
1176 16635
1176 6666
6663 16635
1177 16636
1177 6675
6672 16636
1178 16637
1178 6681
6678 16637
1179 16638
1179 6687
6684 16638
1180 16639
1180 6696
6693 16639
1181 16640
1181 6702
6699 16640
1182 16641
1182 6708
6705 16641
1183 16642
1183 6717
6714 16642
1184 16643
1184 6723
6720 16643
1185 16644
1185 6729
6726 16644
1186 16645
1186 6738
6735 16645
1187 16646
1187 6744
6741 16646
1188 16647
1188 6750
6747 16647
1189 16648
1189 6759
6756 16648
1190 16649
1190 6765
6762 16649
1191 16650
1191 6771
6768 16650
1192 16651
1192 6780
6777 16651
1193 16652
1193 6786
6783 16652
1194 16653
1194 6792
6789 16653
1195 16654
1195 6801
6798 16654
1196 16655
1196 6807
6804 16655
1197 16656
1197 6813
6810 16656
1198 16657
1198 6822
6819 16657
1199 16658
1199 6828
6825 16658
1200 16659
1200 6834
6831 16659
1201 16660
1201 6843
6840 16660
1202 16661
1202 6849
6846 16661
1203 16662
1203 6855
6852 16662
1204 16663
1204 6861
6858 16663
1205 16664
1205 6867
6864 16664
1206 16665
1206 6873
6870 16665
1207 16666
1207 6879
6876 16666
1208 16667
1208 6885
6882 16667
1209 16668
1209 6891
6888 16668
1210 16669
1210 6897
6894 16669
1211 16670
1211 6903
6900 16670
1212 16671
1212 6909
6906 16671
1213 16672
1213 6915
6912 16672
1214 16673
1214 6921
6918 16673
1215 16674
1215 6927
6924 16674
1216 16675
1216 6933
6930 16675
1217 16676
1217 6939
6936 16676
1218 16677
1218 6945
6942 16677
1219 16678
1219 6951
6948 16678
1220 16679
1220 6957
6954 16679
1221 16680
1221 6963
6960 16680
1222 16681
1222 6969
6966 16681
1223 16682
1223 6975
6972 16682
1224 16683
1224 6981
6978 16683
1225 16684
1225 6987
6984 16684
1226 16685
1226 6993
6990 16685
1227 16686
1227 6999
6996 16686
1228 16687
1228 7005
7002 16687
1229 16688
1229 7011
7008 16688
1230 16689
1230 7017
7014 16689
1231 16690
1231 7023
7020 16690
1232 16691
1232 7029
7026 16691
1233 16692
1233 7035
7032 16692
1234 16693
1234 7041
7038 16693
1235 16694
1235 7047
7044 16694
1236 16695
1236 7053
7050 16695
1237 16696
1237 7059
7056 16696
1238 16697
1238 7065
7062 16697
1239 16698
1239 7071
7068 16698
1240 16699
1240 7077
7074 16699
1241 16700
1241 7083
7080 16700
1242 16701
1242 7089
7086 16701
1243 16702
1243 7095
7092 16702
1244 16703
1244 7101
7098 16703
1245 16704
1245 7107
7104 16704
1246 16705
1246 7113
7110 16705
1247 16706
1247 7119
7116 16706
1248 16707
1248 7125
7122 16707
1249 16708
1249 7131
7128 16708
1250 16709
1250 7137
7134 16709
1251 16710
1251 7143
7140 16710
1252 16711
1252 7149
7146 16711
1253 16712
1253 7155
7152 16712
1254 16713
1254 7161
7158 16713
1255 16714
1255 7167
7164 16714
1256 16715
1256 7173
7170 16715
1257 16716
1257 7179
7176 16716
1258 16717
1258 7185
7182 16717
1259 16718
1259 7191
7188 16718
1260 16719
1260 7197
7194 16719
1261 16720
1261 7203
7200 16720
1262 16721
1262 7209
7206 16721
1263 16722
1263 7215
7212 16722
1264 16723
1264 7221
7218 16723
1265 16724
1265 7227
7224 16724
1266 16725
1266 7233
7230 16725
1267 16726
1267 7239
7236 16726
1268 16727
1268 7245
7242 16727
1269 16728
1269 7251
7248 16728
1270 16729
1270 7257
7254 16729
1271 16730
1271 7263
7260 16730
1272 16731
1272 7269
7266 16731
1273 16732
1273 7275
7272 16732
1274 16733
1274 7281
7278 16733
1275 16734
1275 7287
7284 16734
1276 16735
1276 7293
7290 16735
1277 16736
1277 7299
7296 16736
1278 16737
1278 7305
7302 16737
1279 16738
1279 7311
7308 16738
1280 16739
1280 7317
7314 16739
1281 16740
1281 7323
7320 16740
1282 16741
1282 7329
7326 16741
1283 16742
1283 7335
7332 16742
1284 16743
1284 7341
7338 16743
1285 16744
1285 7347
7344 16744
1286 16745
1286 7353
7350 16745
1287 16746
1287 7359
7356 16746
1288 16747
1288 7365
7362 16747
1289 16748
1289 7371
7368 16748
1290 16749
1290 7377
7374 16749
1291 16750
1291 7383
7380 16750
1292 16751
1292 7389
7386 16751
1293 16752
1293 7395
7392 16752
1294 16753
1294 7401
7398 16753
1295 16754
1295 7407
7404 16754
1296 16755
1296 7413
7410 16755
1297 16756
1297 7419
7416 16756
1298 16757
1298 7425
7422 16757
1299 16758
1299 7431
7428 16758
1300 16759
1300 7437
7434 16759
1301 16760
1301 7443
7440 16760
1302 16761
1302 7449
7446 16761
1303 16762
1303 7455
7452 16762
1304 16763
1304 7461
7458 16763
1305 16764
1305 7467
7464 16764
1306 16765
1306 7473
7470 16765
1307 16766
1307 7479
7476 16766
1308 16767
1308 7485
7482 16767
1309 16768
1309 7491
7488 16768
1310 16769
1310 7497
7494 16769
1311 16770
1311 7503
7500 16770
1312 16771
1312 7509
7506 16771
1313 16772
1313 7515
7512 16772
1314 16773
1314 7521
7518 16773
1315 16774
1315 7527
7524 16774
1316 16775
1316 7533
7530 16775
1317 16776
1317 7539
7536 16776
1318 16777
1318 7545
7542 16777
1319 16778
1319 7551
7548 16778
1320 16779
1320 7557
7554 16779
1321 16780
1321 7563
7560 16780
1322 16781
1322 7569
7566 16781
1323 16782
1323 7575
7572 16782
1324 16783
1324 7581
7578 16783
1325 16784
1325 7587
7584 16784
1326 16785
1326 7593
7590 16785
1327 16786
1327 7599
7596 16786
1328 16787
1328 7605
7602 16787
1329 16788
1329 7611
7608 16788
1330 16789
1330 7617
7614 16789
1331 16790
1331 7623
7620 16790
1332 16791
1332 7629
7626 16791
1333 16792
1333 7635
7632 16792
1334 16793
1334 7641
7638 16793
1335 16794
1335 7647
7644 16794
1336 16795
1336 7653
7650 16795
1337 16796
1337 7659
7656 16796
1338 16797
1338 7665
7662 16797
1339 16798
1339 7671
7668 16798
1340 16799
1340 7677
7674 16799
1341 16800
1341 7683
7680 16800
1342 16801
1342 7689
7686 16801
1343 16802
1343 7695
7692 16802
1344 16803
1344 7701
7698 16803
1345 16804
1345 7707
7704 16804
1346 16805
1346 7713
7710 16805
1347 16806
1347 7719
7716 16806
1348 16807
1348 7725
7722 16807
1349 16808
1349 7731
7728 16808
1350 16809
1350 7737
7734 16809
1351 16810
1351 7743
7740 16810
1352 16811
1352 7749
7746 16811
1353 16812
1353 7755
7752 16812
1354 16813
1354 7761
7758 16813
1355 16814
1355 7767
7764 16814
1356 16815
1356 7773
7770 16815
1357 16816
1357 7779
7776 16816
1358 16817
1358 7785
7782 16817
1359 16818
1359 7791
7788 16818
1360 16819
1360 7797
7794 16819
1361 16820
1361 7803
7800 16820
1362 16821
1362 7809
7806 16821
1363 16822
1363 7815
7812 16822
1364 16823
1364 7821
7818 16823
1365 16824
1365 7827
7824 16824
1366 16825
1366 7833
7830 16825
1367 16826
1367 7839
7836 16826
1368 16827
1368 7845
7842 16827
1369 16828
1369 7851
7848 16828
1370 16829
1370 7857
7854 16829
1371 16830
1371 7863
7860 16830
1372 16831
1372 7869
7866 16831
1373 16832
1373 7875
7872 16832
1374 16833
1374 7881
7878 16833
1375 16834
1375 7887
7884 16834
1376 16835
1376 7893
7890 16835
1377 16836
1377 7899
7896 16836
1378 16837
1378 7905
7902 16837
1379 16838
1379 7911
7908 16838
1380 16839
1380 7917
7914 16839
1381 16840
1381 7923
7920 16840
1382 16841
1382 7929
7926 16841
1383 16842
1383 7935
7932 16842
1384 16843
1384 7941
7938 16843
1385 16844
1385 7947
7944 16844
1386 16845
1386 7953
7950 16845
1387 16846
1387 7959
7956 16846
1388 16847
1388 7965
7962 16847
1389 16848
1389 7971
7968 16848
1390 16849
1390 7977
7974 16849
1391 16850
1391 7983
7980 16850
1392 16851
1392 7989
7986 16851
1393 16852
1393 7995
7992 16852
1394 16853
1394 8001
7998 16853
1395 16854
1395 8007
8004 16854
1396 16855
1396 8013
8010 16855
1397 16856
1397 8019
8016 16856
1398 16857
1398 8025
8022 16857
1399 16858
1399 8031
8028 16858
1400 16859
1400 8037
8034 16859
1401 16860
1401 8043
8040 16860
1402 16861
1402 8049
8046 16861
1403 16862
1403 8055
8052 16862
1404 16863
1404 8061
8058 16863
1405 16864
1405 8067
8064 16864
1406 16865
1406 8073
8070 16865
1407 16866
1407 8079
8076 16866
1408 16867
1408 8085
8082 16867
1409 16868
1409 8091
8088 16868
1410 16869
1410 8097
8094 16869
1411 16870
1411 8103
8100 16870
1412 16871
1412 8109
8106 16871
1413 16872
1413 8115
8112 16872
1414 16873
1414 8121
8118 16873
1415 16874
1415 8127
8124 16874
1416 16875
1416 8133
8130 16875
1417 16876
1417 8139
8136 16876
1418 16877
1418 8145
8142 16877
1419 16878
1419 8151
8148 16878
1420 16879
1420 8157
8154 16879
1421 16880
1421 8163
8160 16880
1422 16881
1422 8169
8166 16881
1423 16882
1423 8175
8172 16882
1424 16883
1424 8181
8178 16883
1425 16884
1425 8187
8184 16884
1426 16885
1426 8193
8190 16885
1427 16886
1427 8199
8196 16886
1428 16887
1428 8205
8202 16887
1429 16888
1429 8211
8208 16888
1430 16889
1430 8217
8214 16889
1431 16890
1431 8223
8220 16890
1432 16891
1432 8229
8226 16891
1433 16892
1433 8235
8232 16892
1434 16893
1434 8241
8238 16893
1435 16894
1435 8247
8244 16894
1436 16895
1436 8253
8250 16895
1437 16896
1437 8259
8256 16896
1438 16897
1438 8265
8262 16897
1439 16898
1439 8271
8268 16898
1440 16899
1440 8277
8274 16899
1441 16900
1441 8283
8280 16900
1442 16901
1442 8289
8286 16901
1443 16902
1443 8295
8292 16902
1444 16903
1444 8301
8298 16903
1445 16904
1445 8307
8304 16904
1446 16905
1446 8313
8310 16905
1447 16906
1447 8319
8316 16906
1448 16907
1448 8325
8322 16907
1449 16908
1449 8331
8328 16908
1450 16909
1450 8337
8334 16909
1451 16910
1451 8343
8340 16910
1452 16911
1452 8349
8346 16911
1453 16912
1453 8355
8352 16912
1454 16913
1454 8361
8358 16913
1455 16914
1455 8367
8364 16914
1456 16915
1456 8373
8370 16915
1457 16916
1457 8379
8376 16916
1458 16917
1458 8385
8382 16917
1459 16918
1459 8391
8388 16918
1460 16919
1460 8397
8394 16919
1461 16920
1461 8403
8400 16920
1462 16921
1462 8409
8406 16921
1463 16922
1463 8415
8412 16922
1464 16923
1464 8421
8418 16923
1465 16924
1465 8427
8424 16924
1466 16925
1466 8433
8430 16925
1467 16926
1467 8439
8436 16926
1468 16927
1468 8445
8442 16927
1469 16928
1469 8451
8448 16928
1470 16929
1470 8457
8454 16929
1471 16930
1471 8463
8460 16930
1472 16931
1472 8469
8466 16931
1473 16932
1473 8475
8472 16932
1474 16933
1474 8481
8478 16933
1475 16934
1475 8487
8484 16934
1476 16935
1476 8493
8490 16935
1477 16936
1477 8499
8496 16936
1478 16937
1478 8505
8502 16937
1479 16938
1479 8511
8508 16938
1480 16939
1480 8517
8514 16939
1481 16940
1481 8523
8520 16940
1482 16941
1482 8529
8526 16941
1483 16942
1483 8535
8532 16942
1484 16943
1484 8541
8538 16943
1485 16944
1485 8547
8544 16944
1486 16945
1486 8553
8550 16945
1487 16946
1487 8559
8556 16946
1488 16947
1488 8565
8562 16947
1489 16948
1489 8571
8568 16948
1490 16949
1490 8577
8574 16949
1491 16950
1491 8583
8580 16950
1492 16951
1492 8589
8586 16951
1493 16952
1493 8595
8592 16952
1494 16953
1494 8601
8598 16953
1495 16954
1495 8607
8604 16954
1496 16955
1496 8613
8610 16955
1497 16956
1497 8619
8616 16956
1498 16957
1498 8625
8622 16957
1499 16958
1499 8631
8628 16958
1500 16959
1500 8637
8634 16959
1501 16960
1501 8643
8640 16960
1502 16961
1502 8649
8646 16961
1503 16962
1503 8655
8652 16962
1504 16963
1504 8661
8658 16963
1505 16964
1505 8667
8664 16964
1506 16965
1506 8673
8670 16965
1507 16966
1507 8679
8676 16966
1508 16967
1508 8685
8682 16967
1509 16968
1509 8691
8688 16968
1510 16969
1510 8697
8694 16969
1511 16970
1511 8703
8700 16970
1512 16971
1512 8709
8706 16971
1513 16972
1513 8715
8712 16972
1514 16973
1514 8721
8718 16973
1515 16974
1515 8727
8724 16974
1516 16975
1516 8733
8730 16975
1517 16976
1517 8739
8736 16976
1518 16977
1518 8745
8742 16977
1519 16978
1519 8751
8748 16978
1520 16979
1520 8757
8754 16979
1521 16980
1521 8763
8760 16980
1522 16981
1522 8769
8766 16981
1523 16982
1523 8775
8772 16982
1524 16983
1524 8781
8778 16983
1525 16984
1525 8787
8784 16984
1526 16985
1526 8793
8790 16985
1527 16986
1527 8799
8796 16986
1528 16987
1528 8805
8802 16987
1529 16988
1529 8811
8808 16988
1530 16989
1530 8817
8814 16989
1531 16990
1531 8823
8820 16990
1532 16991
1532 8829
8826 16991
1533 16992
1533 8835
8832 16992
1534 16993
1534 8841
8838 16993
1535 16994
1535 8847
8844 16994
1536 16995
1536 8853
8850 16995
1537 16996
1537 8859
8856 16996
1538 16997
1538 8865
8862 16997
1539 16998
1539 8871
8868 16998
1540 16999
1540 8877
8874 16999
1541 17000
1541 8883
8880 17000
1542 17001
1542 8889
8886 17001
1543 17002
1543 8895
8892 17002
1544 17003
1544 8901
8898 17003
1545 17004
1545 8907
8904 17004
1546 17005
1546 8913
8910 17005
1547 17006
1547 8919
8916 17006
1548 17007
1548 8925
8922 17007
1549 17008
1549 8931
8928 17008
1550 17009
1550 8937
8934 17009
1551 17010
1551 8943
8940 17010
1552 17011
1552 8949
8946 17011
1553 17012
1553 8955
8952 17012
1554 17013
1554 8961
8958 17013
1555 17014
1555 8967
8964 17014
1556 17015
1556 8973
8970 17015
1557 17016
1557 8979
8976 17016
1558 17017
1558 8985
8982 17017
1559 17018
1559 8991
8988 17018
1560 17019
1560 8997
8994 17019
1561 17020
1561 9003
9000 17020
1562 17021
1562 9009
9006 17021
1563 17022
1563 9015
9012 17022
1564 17023
1564 9021
9018 17023
1565 17024
1565 9027
9024 17024
1566 17025
1566 9033
9030 17025
1567 17026
1567 9039
9036 17026
1568 17027
1568 9045
9042 17027
1569 17028
1569 9051
9048 17028
1570 17029
1570 9057
9054 17029
1571 17030
1571 9063
9060 17030
1572 17031
1572 9069
9066 17031
1573 17032
1573 9075
9072 17032
1574 17033
1574 9081
9078 17033
1575 17034
1575 9087
9084 17034
1576 17035
1576 9093
9090 17035
1577 17036
1577 9099
9096 17036
1578 17037
1578 9105
9102 17037
1579 17038
1579 9111
9108 17038
1580 17039
1580 9117
9114 17039
1581 17040
1581 9123
9120 17040
1582 17041
1582 9129
9126 17041
1583 17042
1583 9135
9132 17042
1584 17043
1584 9141
9138 17043
1585 17044
1585 9147
9144 17044
1586 17045
1586 9153
9150 17045
1587 17046
1587 9159
9156 17046
1588 17047
1588 9165
9162 17047
1589 17048
1589 9171
9168 17048
1590 17049
1590 9177
9174 17049
1591 17050
1591 9183
9180 17050
1592 17051
1592 9189
9186 17051
1593 17052
1593 9195
9192 17052
1594 17053
1594 9201
9198 17053
1595 17054
1595 9207
9204 17054
1596 17055
1596 9213
9210 17055
1597 17056
1597 9219
9216 17056
1598 17057
1598 9225
9222 17057
1599 17058
1599 9231
9228 17058
1600 17059
1600 9237
9234 17059
1601 17060
1601 9243
9240 17060
1602 17061
1602 9249
9246 17061
1603 17062
1603 9255
9252 17062
1604 17063
1604 9261
9258 17063
1605 17064
1605 9267
9264 17064
1606 17065
1606 9273
9270 17065
1607 17066
1607 9279
9276 17066
1608 17067
1608 9285
9282 17067
1609 17068
1609 9291
9288 17068
1610 17069
1610 9297
9294 17069
1611 17070
1611 9303
9300 17070
1612 17071
1612 9309
9306 17071
1613 17072
1613 9315
9312 17072
1614 17073
1614 9321
9318 17073
1615 17074
1615 9327
9324 17074
1616 17075
1616 9333
9330 17075
1617 17076
1617 9339
9336 17076
1618 17077
1618 9345
9342 17077
1619 17078
1619 9351
9348 17078
1620 17079
1620 9357
9354 17079
1621 17080
1621 9363
9360 17080
1622 17081
1622 9369
9366 17081
1623 17082
1623 9375
9372 17082
1624 17083
1624 9381
9378 17083
1625 17084
1625 9387
9384 17084
1626 17085
1626 9393
9390 17085
1627 17086
1627 9399
9396 17086
1628 17087
1628 9405
9402 17087
1629 17088
1629 9411
9408 17088
1630 17089
1630 9417
9414 17089
1631 17090
1631 9423
9420 17090
1632 17091
1632 9429
9426 17091
1633 17092
1633 9435
9432 17092
1634 17093
1634 9441
9438 17093
1635 17094
1635 9447
9444 17094
1636 17095
1636 9453
9450 17095
1637 17096
1637 9459
9456 17096
1638 17097
1638 9465
9462 17097
1639 17098
1639 9471
9468 17098
1640 17099
1640 9477
9474 17099
1641 17100
1641 9483
9480 17100
1642 17101
1642 9489
9486 17101
1643 17102
1643 9495
9492 17102
1644 17103
1644 9501
9498 17103
1645 17104
1645 9507
9504 17104
1646 17105
1646 9513
9510 17105
1647 17106
1647 9519
9516 17106
1648 17107
1648 9525
9522 17107
1649 17108
1649 9531
9528 17108
1650 17109
1650 9537
9534 17109
1651 17110
1651 9543
9540 17110
1652 17111
1652 9549
9546 17111
1653 17112
1653 9555
9552 17112
1654 17113
1654 9561
9558 17113
1655 17114
1655 9567
9564 17114
1656 17115
1656 9573
9570 17115
1657 17116
1657 9579
9576 17116
1658 17117
1658 9585
9582 17117
1659 17118
1659 9591
9588 17118
1660 17119
1660 9597
9594 17119
1661 17120
1661 9603
9600 17120
1662 17121
1662 9609
9606 17121
1663 17122
1663 9615
9612 17122
1664 17123
1664 9621
9618 17123
1665 17124
1665 9627
9624 17124
1666 17125
1666 9633
9630 17125
1667 17126
1667 9639
9636 17126
1668 17127
1668 9645
9642 17127
1669 17128
1669 9651
9648 17128
1670 17129
1670 9657
9654 17129
1671 17130
1671 9663
9660 17130
1672 17131
1672 9669
9666 17131
1673 17132
1673 9675
9672 17132
1674 17133
1674 9681
9678 17133
1675 17134
1675 9687
9684 17134
1676 17135
1676 9693
9690 17135
1677 17136
1677 9699
9696 17136
1678 17137
1678 9705
9702 17137
1679 17138
1679 9711
9708 17138
1680 17139
1680 9717
9714 17139
1681 17140
1681 9723
9720 17140
1682 17141
1682 9729
9726 17141
1683 17142
1683 9735
9732 17142
1684 17143
1684 9741
9738 17143
1685 17144
1685 9747
9744 17144
1686 17145
1686 9753
9750 17145
1687 17146
1687 9759
9756 17146
1688 17147
1688 9765
9762 17147
1689 17148
1689 9771
9768 17148
1690 17149
1690 9777
9774 17149
1691 17150
1691 9783
9780 17150
1692 17151
1692 9789
9786 17151
1693 17152
1693 9795
9792 17152
1694 17153
1694 9801
9798 17153
1695 17154
1695 9807
9804 17154
1696 17155
1696 9813
9810 17155
1697 17156
1697 9819
9816 17156
1698 17157
1698 9825
9822 17157
1699 17158
1699 9831
9828 17158
1700 17159
1700 9837
9834 17159
1701 17160
1701 9843
9840 17160
1702 17161
1702 9849
9846 17161
1703 17162
1703 9855
9852 17162
1704 17163
1704 9861
9858 17163
1705 17164
1705 9867
9864 17164
1706 17165
1706 9873
9870 17165
1707 17166
1707 9879
9876 17166
1708 17167
1708 9885
9882 17167
1709 17168
1709 9891
9888 17168
1710 17169
1710 9897
9894 17169
1711 17170
1711 9903
9900 17170
1712 17171
1712 9909
9906 17171
1713 17172
1713 9915
9912 17172
1714 17173
1714 9921
9918 17173
1715 17174
1715 9927
9924 17174
1716 17175
1716 9933
9930 17175
1717 17176
1717 9939
9936 17176
1718 17177
1718 9945
9942 17177
1719 17178
1719 9951
9948 17178
1720 17179
1720 9957
9954 17179
1721 17180
1721 9963
9960 17180
1722 17181
1722 9969
9966 17181
1723 17182
1723 9975
9972 17182
1724 17183
1724 9981
9978 17183
1725 17184
1725 9987
9984 17184
1726 17185
1726 9993
9990 17185
1727 17186
1727 9999
9996 17186
1728 17187
1728 10005
10002 17187
1729 17188
1729 10011
10008 17188
1730 17189
1730 10017
10014 17189
1731 17190
1731 10023
10020 17190
1732 17191
1732 10029
10026 17191
1733 17192
1733 10035
10032 17192
1734 17193
1734 10041
10038 17193
1735 17194
1735 10047
10044 17194
1736 17195
1736 10053
10050 17195
1737 17196
1737 10059
10056 17196
1738 17197
1738 10065
10062 17197
1739 17198
1739 10071
10068 17198
1740 17199
1740 10077
10074 17199
1741 17200
1741 10083
10080 17200
1742 17201
1742 10089
10086 17201
1743 17202
1743 10095
10092 17202
1744 17203
1744 10101
10098 17203
1745 17204
1745 10107
10104 17204
1746 17205
1746 10113
10110 17205
1747 17206
1747 10119
10116 17206
1748 17207
1748 10125
10122 17207
1749 17208
1749 10131
10128 17208
1750 17209
1750 10137
10134 17209
1751 17210
1751 10143
10140 17210
1752 17211
1752 10149
10146 17211
1753 17212
1753 10155
10152 17212
1754 17213
1754 10161
10158 17213
1755 17214
1755 10167
10164 17214
1756 17215
1756 10173
10170 17215
1757 17216
1757 10179
10176 17216
1758 17217
1758 10185
10182 17217
1759 17218
1759 10191
10188 17218
1760 17219
1760 10197
10194 17219
1761 17220
1761 10203
10200 17220
1762 17221
1762 10209
10206 17221
1763 17222
1763 10215
10212 17222
1764 17223
1764 10221
10218 17223
1765 17224
1765 10227
10224 17224
1766 17225
1766 10233
10230 17225
1767 17226
1767 10239
10236 17226
1768 17227
1768 10245
10242 17227
1769 17228
1769 10251
10248 17228
1770 17229
1770 10257
10254 17229
1771 17230
1771 10263
10260 17230
1772 17231
1772 10269
10266 17231
1773 17232
1773 10275
10272 17232
1774 17233
1774 10281
10278 17233
1775 17234
1775 10287
10284 17234
1776 17235
1776 10293
10290 17235
1777 17236
1777 10299
10296 17236
1778 17237
1778 10305
10302 17237
1779 17238
1779 10311
10308 17238
1780 17239
1780 10317
10314 17239
1781 17240
1781 10323
10320 17240
1782 17241
1782 10329
10326 17241
1783 17242
1783 10335
10332 17242
1784 17243
1784 10341
10338 17243
1785 17244
1785 10347
10344 17244
1786 17245
1786 10353
10350 17245
1787 17246
1787 10359
10356 17246
1788 17247
1788 10365
10362 17247
1789 17248
1789 10371
10368 17248
1790 17249
1790 10377
10374 17249
1791 17250
1791 10383
10380 17250
1792 17251
1792 10389
10386 17251
1793 17252
1793 10395
10392 17252
1794 17253
1794 10401
10398 17253
1795 17254
1795 10407
10404 17254
1796 17255
1796 10413
10410 17255
1797 17256
1797 10419
10416 17256
1798 17257
1798 10425
10422 17257
1799 17258
1799 10431
10428 17258
1800 17259
1800 10437
10434 17259
1801 17260
1801 10443
10440 17260
1802 17261
1802 10449
10446 17261
1803 17262
1803 10455
10452 17262
1804 17263
1804 10461
10458 17263
1805 17264
1805 10467
10464 17264
1806 17265
1806 10473
10470 17265
1807 17266
1807 10479
10476 17266
1808 17267
1808 10485
10482 17267
1809 17268
1809 10491
10488 17268
1810 17269
1810 10497
10494 17269
1811 17270
1811 10503
10500 17270
1812 17271
1812 10509
10506 17271
1813 17272
1813 10515
10512 17272
1814 17273
1814 10521
10518 17273
1815 17274
1815 10527
10524 17274
1816 17275
1816 10533
10530 17275
1817 17276
1817 10539
10536 17276
1818 17277
1818 10545
10542 17277
1819 17278
1819 10551
10548 17278
1820 17279
1820 10557
10554 17279
1821 17280
1821 10563
10560 17280
1822 17281
1822 10569
10566 17281
1823 17282
1823 10575
10572 17282
1824 17283
1824 10581
10578 17283
1825 17284
1825 10587
10584 17284
1826 17285
1826 10593
10590 17285
1827 17286
1827 10599
10596 17286
1828 17287
1828 10605
10602 17287
1829 17288
1829 10611
10608 17288
1830 17289
1830 10617
10614 17289
1831 17290
1831 10623
10620 17290
1832 17291
1832 10629
10626 17291
1833 17292
1833 10635
10632 17292
1834 17293
1834 10641
10638 17293
1835 17294
1835 10647
10644 17294
1836 17295
1836 10653
10650 17295
1837 17296
1837 10659
10656 17296
1838 17297
1838 10665
10662 17297
1839 17298
1839 10671
10668 17298
1840 17299
1840 10677
10674 17299
1841 17300
1841 10683
10680 17300
1842 17301
1842 10689
10686 17301
1843 17302
1843 10695
10692 17302
1844 17303
1844 10701
10698 17303
1845 17304
1845 10707
10704 17304
1846 17305
1846 10713
10710 17305
1847 17306
1847 10719
10716 17306
1848 17307
1848 10725
10722 17307
1849 17308
1849 10731
10728 17308
1850 17309
1850 10737
10734 17309
1851 17310
1851 10743
10740 17310
1852 17311
1852 10749
10746 17311
1853 17312
1853 10755
10752 17312
1854 17313
1854 10761
10758 17313
1855 17314
1855 10767
10764 17314
1856 17315
1856 10773
10770 17315
1857 17316
1857 10779
10776 17316
1858 17317
1858 10785
10782 17317
1859 17318
1859 10791
10788 17318
1860 17319
1860 10797
10794 17319
1861 17320
1861 10803
10800 17320
1862 17321
1862 10809
10806 17321
1863 17322
1863 10815
10812 17322
1864 17323
1864 10821
10818 17323
1865 17324
1865 10827
10824 17324
1866 17325
1866 10833
10830 17325
1867 17326
1867 10839
10836 17326
1868 17327
1868 10845
10842 17327
1869 17328
1869 10851
10848 17328
1870 17329
1870 10857
10854 17329
1871 17330
1871 10863
10860 17330
1872 17331
1872 10869
10866 17331
1873 17332
1873 10875
10872 17332
1874 17333
1874 10881
10878 17333
1875 17334
1875 10887
10884 17334
1876 17335
1876 10893
10890 17335
1877 17336
1877 10899
10896 17336
1878 17337
1878 10905
10902 17337
1879 17338
1879 10911
10908 17338
1880 17339
1880 10917
10914 17339
1881 17340
1881 10923
10920 17340
1882 17341
1882 10929
10926 17341
1883 17342
1883 10935
10932 17342
1884 17343
1884 10941
10938 17343
1885 17344
1885 10947
10944 17344
1886 17345
1886 10953
10950 17345
1887 17346
1887 10959
10956 17346
1888 17347
1888 10965
10962 17347
1889 17348
1889 10971
10968 17348
1890 17349
1890 10977
10974 17349
1891 17350
1891 10983
10980 17350
1892 17351
1892 10989
10986 17351
1893 17352
1893 10995
10992 17352
1894 17353
1894 11001
10998 17353
1895 17354
1895 11007
11004 17354
1896 17355
1896 11013
11010 17355
1897 17356
1897 11019
11016 17356
1898 17357
1898 11025
11022 17357
1899 17358
1899 11031
11028 17358
1900 17359
1900 11037
11034 17359
1901 17360
1901 11043
11040 17360
1902 17361
1902 11049
11046 17361
1903 17362
1903 11055
11052 17362
1904 17363
1904 11061
11058 17363
1905 17364
1905 11067
11064 17364
1906 17365
1906 11073
11070 17365
1907 17366
1907 11079
11076 17366
1908 17367
1908 11085
11082 17367
1909 17368
1909 11091
11088 17368
1910 17369
1910 11097
11094 17369
1911 17370
1911 11103
11100 17370
1912 17371
1912 11109
11106 17371
1913 17372
1913 11115
11112 17372
1914 17373
1914 11121
11118 17373
1915 17374
1915 11127
11124 17374
1916 17375
1916 11133
11130 17375
1917 17376
1917 11139
11136 17376
1918 17377
1918 11145
11142 17377
1919 17378
1919 11151
11148 17378
1920 17379
1920 11157
11154 17379
1921 17380
1921 11163
11160 17380
1922 17381
1922 11169
11166 17381
1923 17382
1923 11175
11172 17382
1924 17383
1924 11181
11178 17383
1925 17384
1925 11187
11184 17384
1926 17385
1926 11193
11190 17385
1927 17386
1927 11199
11196 17386
1928 17387
1928 11205
11202 17387
1929 17388
1929 11211
11208 17388
1930 17389
1930 11217
11214 17389
1931 17390
1931 11223
11220 17390
1932 17391
1932 11229
11226 17391
1933 17392
1933 11235
11232 17392
1934 17393
1934 11241
11238 17393
1935 17394
1935 11247
11244 17394
1936 17395
1936 11253
11250 17395
1937 17396
1937 11259
11256 17396
1938 17397
1938 11265
11262 17397
1939 17398
1939 11271
11268 17398
1940 17399
1940 11277
11274 17399
1941 17400
1941 11283
11280 17400
1942 17401
1942 11289
11286 17401
1943 17402
1943 11295
11292 17402
1944 17403
1944 11301
11298 17403
1945 17404
1945 11307
11304 17404
1946 17405
1946 11313
11310 17405
1947 17406
1947 11319
11316 17406
1948 17407
1948 11325
11322 17407
1949 17408
1949 11331
11328 17408
1950 17409
1950 11337
11334 17409
1951 17410
1951 11343
11340 17410
1952 17411
1952 11349
11346 17411
1953 17412
1953 11355
11352 17412
1954 17413
1954 11361
11358 17413
1955 17414
1955 11367
11364 17414
1956 17415
1956 11373
11370 17415
1957 17416
1957 11379
11376 17416
1958 17417
1958 11385
11382 17417
1959 17418
1959 11391
11388 17418
1960 17419
1960 11397
11394 17419
1961 17420
1961 11403
11400 17420
1962 17421
1962 11409
11406 17421
1963 17422
1963 11415
11412 17422
1964 17423
1964 11421
11418 17423
1965 17424
1965 11427
11424 17424
1966 17425
1966 11433
11430 17425
1967 17426
1967 11439
11436 17426
1968 17427
1968 11445
11442 17427
1969 17428
1969 11451
11448 17428
1970 17429
1970 11457
11454 17429
1971 17430
1971 11463
11460 17430
1972 17431
1972 11469
11466 17431
1973 17432
1973 11475
11472 17432
1974 17433
1974 11481
11478 17433
1975 17434
1975 11487
11484 17434
1976 17435
1976 11493
11490 17435
1977 17436
1977 11499
11496 17436
1978 17437
1978 11505
11502 17437
1979 17438
1979 11511
11508 17438
1980 17439
1980 11517
11514 17439
1981 17440
1981 11523
11520 17440
1982 17441
1982 11529
11526 17441
1983 17442
1983 11535
11532 17442
1984 17443
1984 11541
11538 17443
1985 17444
1985 11547
11544 17444
1986 17445
1986 11553
11550 17445
1987 17446
1987 11559
11556 17446
1988 17447
1988 11565
11562 17447
1989 17448
1989 11571
11568 17448
1990 17449
1990 11577
11574 17449
1991 17450
1991 11583
11580 17450
1992 17451
1992 11589
11586 17451
1993 17452
1993 11595
11592 17452
1994 17453
1994 11601
11598 17453
1995 17454
1995 11607
11604 17454
1996 17455
1996 11613
11610 17455
1997 17456
1997 11619
11616 17456
1998 17457
1998 11625
11622 17457
1999 17458
1999 11631
11628 17458
2000 17459
2000 11637
11634 17459
2001 17460
2001 11643
11640 17460
2002 17461
2002 11649
11646 17461
2003 17462
2003 11655
11652 17462
2004 17463
2004 11661
11658 17463
2005 17464
2005 11667
11664 17464
2006 17465
2006 11673
11670 17465
2007 17466
2007 11679
11676 17466
2008 17467
2008 11685
11682 17467
2009 17468
2009 11691
11688 17468
2010 17469
2010 11697
11694 17469
2011 17470
2011 11703
11700 17470
2012 17471
2012 11709
11706 17471
2013 17472
2013 11715
11712 17472
2014 17473
2014 11721
11718 17473
2015 17474
2015 11727
11724 17474
2016 17475
2016 11733
11730 17475
2017 17476
2017 11739
11736 17476
2018 17477
2018 11745
11742 17477
2019 17478
2019 11751
11748 17478
2020 17479
2020 11757
11754 17479
2021 17480
2021 11763
11760 17480
2022 17481
2022 11769
11766 17481
2023 17482
2023 11775
11772 17482
2024 17483
2024 11781
11778 17483
2025 17484
2025 11787
11784 17484
2026 17485
2026 11793
11790 17485
2027 17486
2027 11799
11796 17486
2028 17487
2028 11805
11802 17487
2029 17488
2029 11811
11808 17488
2030 17489
2030 11817
11814 17489
2031 17490
2031 11823
11820 17490
2032 17491
2032 11829
11826 17491
2033 17492
2033 11835
11832 17492
2034 17493
2034 11841
11838 17493
2035 17494
2035 11847
11844 17494
2036 17495
2036 11853
11850 17495
2037 17496
2037 11859
11856 17496
2038 17497
2038 11865
11862 17497
2039 17498
2039 11871
11868 17498
2040 17499
2040 11877
11874 17499
2041 17500
2041 11883
11880 17500
2042 17501
2042 11889
11886 17501
2043 17502
2043 11895
11892 17502
2044 17503
2044 11901
11898 17503
2045 17504
2045 11907
11904 17504
2046 17505
2046 11913
11910 17505
2047 17506
2047 11919
11916 17506
2048 17507
2048 11925
11922 17507
2049 17508
2049 11931
11928 17508
2050 17509
2050 11937
11934 17509
2051 17510
2051 11943
11940 17510
2052 17511
2052 11949
11946 17511
2053 17512
2053 11955
11952 17512
2054 17513
2054 11961
11958 17513
2055 17514
2055 11967
11964 17514
2056 17515
2056 11973
11970 17515
2057 17516
2057 11979
11976 17516
2058 17517
2058 11985
11982 17517
2059 17518
2059 11991
11988 17518
2060 17519
2060 11997
11994 17519
2061 17520
2061 12003
12000 17520
2062 17521
2062 12009
12006 17521
2063 17522
2063 12015
12012 17522
2064 17523
2064 12021
12018 17523
2065 17524
2065 12027
12024 17524
2066 17525
2066 12033
12030 17525
2067 17526
2067 12039
12036 17526
2068 17527
2068 12045
12042 17527
2069 17528
2069 12051
12048 17528
2070 17529
2070 12057
12054 17529
2071 17530
2071 12063
12060 17530
2072 17531
2072 12069
12066 17531
2073 17532
2073 12075
12072 17532
2074 17533
2074 12081
12078 17533
2075 17534
2075 12087
12084 17534
2076 17535
2076 12093
12090 17535
2077 17536
2077 12099
12096 17536
2078 17537
2078 12105
12102 17537
2079 17538
2079 12111
12108 17538
2080 17539
2080 12117
12114 17539
2081 17540
2081 12123
12120 17540
2082 17541
2082 12129
12126 17541
2083 17542
2083 12135
12132 17542
2084 17543
2084 12141
12138 17543
2085 17544
2085 12147
12144 17544
2086 17545
2086 12153
12150 17545
2087 17546
2087 12159
12156 17546
2088 17547
2088 12165
12162 17547
2089 17548
2089 12171
12168 17548
2090 17549
2090 12177
12174 17549
2091 17550
2091 12183
12180 17550
2092 17551
2092 12189
12186 17551
2093 17552
2093 12195
12192 17552
2094 17553
2094 12201
12198 17553
2095 17554
2095 12207
12204 17554
2096 17555
2096 12213
12210 17555
2097 17556
2097 12219
12216 17556
2098 17557
2098 12225
12222 17557
2099 17558
2099 12231
12228 17558
2100 17559
2100 12237
12234 17559
2101 17560
2101 12243
12240 17560
2102 17561
2102 12249
12246 17561
2103 17562
2103 12255
12252 17562
2104 17563
2104 12261
12258 17563
2105 17564
2105 12267
12264 17564
2106 17565
2106 12273
12270 17565
2107 17566
2107 12279
12276 17566
2108 17567
2108 12285
12282 17567
2109 17568
2109 12291
12288 17568
2110 17569
2110 12297
12294 17569
2111 17570
2111 12303
12300 17570
2112 17571
2112 12309
12306 17571
2113 17572
2113 12315
12312 17572
2114 17573
2114 12321
12318 17573
2115 17574
2115 12327
12324 17574
2116 17575
2116 12333
12330 17575
2117 17576
2117 12339
12336 17576
2118 17577
2118 12345
12342 17577
2119 17578
2119 12351
12348 17578
2120 17579
2120 12357
12354 17579
2121 17580
2121 12363
12360 17580
2122 17581
2122 12369
12366 17581
2123 17582
2123 12375
12372 17582
2124 17583
2124 12381
12378 17583
2125 17584
2125 12387
12384 17584
2126 17585
2126 12393
12390 17585
2127 17586
2127 12399
12396 17586
2128 17587
2128 12405
12402 17587
2129 17588
2129 12411
12408 17588
2130 17589
2130 12417
12414 17589
2131 17590
2131 12423
12420 17590
2132 17591
2132 12429
12426 17591
2133 17592
2133 12435
12432 17592
2134 17593
2134 12441
12438 17593
2135 17594
2135 12447
12444 17594
2136 17595
2136 12453
12450 17595
2137 17596
2137 12459
12456 17596
2138 17597
2138 12465
12462 17597
2139 17598
2139 12471
12468 17598
2140 17599
2140 12477
12474 17599
2141 17600
2141 12483
12480 17600
2142 17601
2142 12489
12486 17601
2143 17602
2143 12495
12492 17602
2144 17603
2144 12501
12498 17603
2145 17604
2145 12507
12504 17604
2146 17605
2146 12513
12510 17605
2147 17606
2147 12519
12516 17606
2148 17607
2148 12525
12522 17607
2149 17608
2149 12531
12528 17608
2150 17609
2150 12537
12534 17609
2151 17610
2151 12543
12540 17610
2152 17611
2152 12549
12546 17611
2153 17612
2153 12555
12552 17612
2154 17613
2154 12561
12558 17613
2155 17614
2155 12567
12564 17614
2156 17615
2156 12573
12570 17615
2157 17616
2157 12579
12576 17616
2158 17617
2158 12585
12582 17617
2159 17618
2159 12591
12588 17618
2160 17619
2160 12597
12594 17619
2161 17620
2161 12603
12600 17620
2162 17621
2162 12609
12606 17621
2163 17622
2163 12615
12612 17622
2164 17623
2164 12621
12618 17623
2165 17624
2165 12627
12624 17624
2166 17625
2166 12633
12630 17625
2167 17626
2167 12639
12636 17626
2168 17627
2168 12645
12642 17627
2169 17628
2169 12651
12648 17628
2170 17629
2170 12657
12654 17629
2171 17630
2171 12663
12660 17630
2172 17631
2172 12669
12666 17631
2173 17632
2173 12675
12672 17632
2174 17633
2174 12681
12678 17633
2175 17634
2175 12687
12684 17634
2176 17635
2176 12693
12690 17635
2177 17636
2177 12699
12696 17636
2178 17637
2178 12705
12702 17637
2179 17638
2179 12711
12708 17638
2180 17639
2180 12717
12714 17639
2181 17640
2181 12723
12720 17640
2182 17641
2182 12729
12726 17641
2183 17642
2183 12735
12732 17642
2184 17643
2184 12741
12738 17643
2185 17644
2185 12747
12744 17644
2186 17645
2186 12753
12750 17645
2187 17646
2187 12759
12756 17646
2188 17647
2188 12765
12762 17647
2189 17648
2189 12771
12768 17648
2190 17649
2190 12777
12774 17649
2191 17650
2191 12783
12780 17650
2192 17651
2192 12789
12786 17651
2193 17652
2193 12795
12792 17652
2194 17653
2194 12801
12798 17653
2195 17654
2195 12807
12804 17654
2196 17655
2196 12813
12810 17655
2197 17656
2197 12819
12816 17656
2198 17657
2198 12825
12822 17657
2199 17658
2199 12831
12828 17658
2200 17659
2200 12837
12834 17659
2201 17660
2201 12843
12840 17660
2202 17661
2202 12849
12846 17661
2203 17662
2203 12855
12852 17662
2204 17663
2204 12861
12858 17663
2205 17664
2205 12867
12864 17664
2206 17665
2206 12873
12870 17665
2207 17666
2207 12879
12876 17666
2208 17667
2208 12885
12882 17667
2209 17668
2209 12891
12888 17668
2210 17669
2210 12897
12894 17669
2211 17670
2211 12903
12900 17670
2212 17671
2212 12909
12906 17671
2213 17672
2213 12915
12912 17672
2214 17673
2214 12921
12918 17673
2215 17674
2215 12927
12924 17674
2216 17675
2216 12933
12930 17675
2217 17676
2217 12939
12936 17676
2218 17677
2218 12945
12942 17677
2219 17678
2219 12951
12948 17678
2220 17679
2220 12957
12954 17679
2221 17680
2221 12963
12960 17680
2222 17681
2222 12969
12966 17681
2223 17682
2223 12975
12972 17682
2224 17683
2224 12981
12978 17683
2225 17684
2225 12987
12984 17684
2226 17685
2226 12993
12990 17685
2227 17686
2227 12999
12996 17686
2228 17687
2228 13005
13002 17687
2229 17688
2229 13011
13008 17688
2230 17689
2230 13017
13014 17689
2231 17690
2231 13023
13020 17690
2232 17691
2232 13029
13026 17691
2233 17692
2233 13035
13032 17692
2234 17693
2234 13041
13038 17693
2235 17694
2235 13047
13044 17694
2236 17695
2236 13053
13050 17695
2237 17696
2237 13059
13056 17696
2238 17697
2238 13065
13062 17697
2239 17698
2239 13071
13068 17698
2240 17699
2240 13077
13074 17699
2241 17700
2241 13083
13080 17700
2242 17701
2242 13089
13086 17701
2243 17702
2243 13095
13092 17702
2244 17703
2244 13101
13098 17703
2245 17704
2245 13107
13104 17704
2246 17705
2246 13113
13110 17705
2247 17706
2247 13119
13116 17706
2248 17707
2248 13125
13122 17707
2249 17708
2249 13131
13128 17708
2250 17709
2250 13137
13134 17709
2251 17710
2251 13143
13140 17710
2252 17711
2252 13149
13146 17711
2253 17712
2253 13155
13152 17712
2254 17713
2254 13161
13158 17713
2255 17714
2255 13167
13164 17714
2256 17715
2256 13173
13170 17715
2257 17716
2257 13179
13176 17716
2258 17717
2258 13185
13182 17717
2259 17718
2259 13191
13188 17718
2260 17719
2260 13197
13194 17719
2261 17720
2261 13203
13200 17720
2262 17721
2262 13209
13206 17721
2263 17722
2263 13215
13212 17722
2264 17723
2264 13221
13218 17723
2265 17724
2265 13227
13224 17724
2266 17725
2266 13233
13230 17725
2267 17726
2267 13239
13236 17726
2268 17727
2268 13245
13242 17727
2269 17728
2269 13251
13248 17728
2270 17729
2270 13257
13254 17729
2271 17730
2271 13263
13260 17730
2272 17731
2272 13269
13266 17731
2273 17732
2273 13275
13272 17732
2274 17733
2274 13281
13278 17733
2275 17734
2275 13287
13284 17734
2276 17735
2276 13293
13290 17735
2277 17736
2277 13299
13296 17736
2278 17737
2278 13305
13302 17737
2279 17738
2279 13311
13308 17738
2280 17739
2280 13317
13314 17739
2281 17740
2281 13323
13320 17740
2282 17741
2282 13329
13326 17741
2283 17742
2283 13335
13332 17742
2284 17743
2284 13341
13338 17743
2285 17744
2285 13347
13344 17744
2286 17745
2286 13353
13350 17745
2287 17746
2287 13359
13356 17746
2288 17747
2288 13365
13362 17747
2289 17748
2289 13371
13368 17748
2290 17749
2290 13377
13374 17749
2291 17750
2291 13383
13380 17750
2292 17751
2292 13389
13386 17751
2293 17752
2293 13395
13392 17752
2294 17753
2294 13401
13398 17753
2295 17754
2295 13407
13404 17754
2296 17755
2296 13413
13410 17755
2297 17756
2297 13419
13416 17756
2298 17757
2298 13425
13422 17757
2299 17758
2299 13431
13428 17758
2300 17759
2300 13437
13434 17759
2301 17760
2301 13443
13440 17760
2302 17761
2302 13449
13446 17761
2303 17762
2303 13455
13452 17762
2304 17763
2304 13461
13458 17763
2305 17764
2305 13467
13464 17764
2306 17765
2306 13473
13470 17765
2307 17766
2307 13479
13476 17766
2308 17767
2308 13485
13482 17767
2309 17768
2309 13491
13488 17768
2310 17769
2310 13497
13494 17769
2311 17770
2311 13503
13500 17770
2312 17771
2312 13509
13506 17771
2313 17772
2313 13515
13512 17772
2314 17773
2314 13521
13518 17773
2315 17774
2315 13527
13524 17774
2316 17775
2316 13533
13530 17775
2317 17776
2317 13539
13536 17776
2318 17777
2318 13545
13542 17777
2319 17778
2319 13551
13548 17778
2320 17779
2320 13557
13554 17779
2321 17780
2321 13563
13560 17780
2322 17781
2322 13569
13566 17781
2323 17782
2323 13575
13572 17782
2324 17783
2324 13581
13578 17783
2325 17784
2325 13587
13584 17784
2326 17785
2326 13593
13590 17785
2327 17786
2327 13599
13596 17786
2328 17787
2328 13605
13602 17787
2329 17788
2329 13611
13608 17788
2330 17789
2330 13617
13614 17789
2331 17790
2331 13623
13620 17790
2332 17791
2332 13629
13626 17791
2333 17792
2333 13635
13632 17792
2334 17793
2334 13641
13638 17793
2335 17794
2335 13647
13644 17794
2336 17795
2336 13653
13650 17795
2337 17796
2337 13659
13656 17796
2338 17797
2338 13665
13662 17797
2339 17798
2339 13671
13668 17798
2340 17799
2340 13677
13674 17799
2341 17800
2341 13683
13680 17800
2342 17801
2342 13689
13686 17801
2343 17802
2343 13695
13692 17802
2344 17803
2344 13701
13698 17803
2345 17804
2345 13707
13704 17804
2346 17805
2346 13713
13710 17805
2347 17806
2347 13719
13716 17806
2348 17807
2348 13725
13722 17807
2349 17808
2349 13731
13728 17808
2350 17809
2350 13737
13734 17809
2351 17810
2351 13743
13740 17810
2352 17811
2352 13749
13746 17811
2353 17812
2353 13755
13752 17812
2354 17813
2354 13761
13758 17813
2355 17814
2355 13767
13764 17814
2356 17815
2356 13773
13770 17815
2357 17816
2357 13779
13776 17816
2358 17817
2358 13785
13782 17817
2359 17818
2359 13791
13788 17818
2360 17819
2360 13797
13794 17819
2361 17820
2361 13803
13800 17820
2362 17821
2362 13809
13806 17821
2363 17822
2363 13815
13812 17822
2364 17823
2364 13821
13818 17823
2365 17824
2365 13827
13824 17824
2366 17825
2366 13833
13830 17825
2367 17826
2367 13839
13836 17826
2368 17827
2368 13845
13842 17827
2369 17828
2369 13851
13848 17828
2370 17829
2370 13857
13854 17829
2371 17830
2371 13863
13860 17830
2372 17831
2372 13869
13866 17831
2373 17832
2373 13875
13872 17832
2374 17833
2374 13881
13878 17833
2375 17834
2375 13887
13884 17834
2376 17835
2376 13893
13890 17835
2377 17836
2377 13899
13896 17836
2378 17837
2378 13905
13902 17837
2379 17838
2379 13911
13908 17838
2380 17839
2380 13917
13914 17839
2381 17840
2381 13923
13920 17840
2382 17841
2382 13929
13926 17841
2383 17842
2383 13935
13932 17842
2384 17843
2384 13941
13938 17843
2385 17844
2385 13947
13944 17844
2386 17845
2386 13953
13950 17845
2387 17846
2387 13959
13956 17846
2388 17847
2388 13965
13962 17847
2389 17848
2389 13971
13968 17848
2390 17849
2390 13977
13974 17849
2391 17850
2391 13983
13980 17850
2392 17851
2392 13989
13986 17851
2393 17852
2393 13995
13992 17852
2394 17853
2394 14001
13998 17853
2395 17854
2395 14007
14004 17854
2396 17855
2396 14013
14010 17855
2397 17856
2397 14019
14016 17856
2398 17857
2398 14025
14022 17857
2399 17858
2399 14031
14028 17858
2400 17859
2400 14037
14034 17859
2401 17860
2401 14043
14040 17860
2402 17861
2402 14049
14046 17861
2403 17862
2403 14055
14052 17862
2404 17863
2404 14061
14058 17863
2405 17864
2405 14067
14064 17864
2406 17865
2406 14073
14070 17865
2407 17866
2407 14079
14076 17866
2408 17867
2408 14085
14082 17867
2409 17868
2409 14091
14088 17868
2410 17869
2410 14097
14094 17869
2411 17870
2411 14103
14100 17870
2412 17871
2412 14109
14106 17871
2413 17872
2413 14115
14112 17872
2414 17873
2414 14121
14118 17873
2415 17874
2415 14127
14124 17874
2416 17875
2416 14133
14130 17875
2417 17876
2417 14139
14136 17876
2418 17877
2418 14145
14142 17877
2419 17878
2419 14151
14148 17878
2420 17879
2420 14157
14154 17879
2421 17880
2421 14163
14160 17880
2422 17881
2422 14169
14166 17881
2423 17882
2423 14175
14172 17882
2424 17883
2424 14181
14178 17883
2425 17884
2425 14187
14184 17884
2426 17885
2426 14193
14190 17885
2427 17886
2427 14199
14196 17886
2428 17887
2428 14205
14202 17887
2429 17888
2429 14211
14208 17888
2430 17889
2430 14217
14214 17889
2431 17890
2431 14223
14220 17890
2432 17891
2432 14229
14226 17891
2433 17892
2433 14235
14232 17892
2434 17893
2434 14241
14238 17893
2435 17894
2435 14247
14244 17894
2436 17895
2436 14253
14250 17895
2437 17896
2437 14259
14256 17896
2438 17897
2438 14265
14262 17897
2439 17898
2439 14271
14268 17898
2440 17899
2440 14277
14274 17899
2441 17900
2441 14283
14280 17900
2442 17901
2442 14289
14286 17901
2443 17902
2443 14295
14292 17902
2444 17903
2444 14301
14298 17903
2445 17904
2445 14307
14304 17904
2446 17905
2446 14313
14310 17905
2447 17906
2447 14319
14316 17906
2448 17907
2448 14325
14322 17907
2449 17908
2449 14331
14328 17908
2450 17909
2450 14337
14334 17909
2451 17910
2451 14343
14340 17910
2452 17911
2452 14349
14346 17911
2453 17912
2453 14355
14352 17912
2454 17913
2454 14361
14358 17913
2455 17914
2455 14367
14364 17914
2456 17915
2456 14373
14370 17915
2457 17916
2457 14379
14376 17916
2458 17917
2458 14385
14382 17917
2459 17918
2459 14391
14388 17918
2460 17919
2460 14397
14394 17919
2461 17920
2461 14403
14400 17920
2462 17921
2462 14409
14406 17921
2463 17922
2463 14415
14412 17922
2464 17923
2464 14421
14418 17923
2465 17924
2465 14427
14424 17924
2466 17925
2466 14433
14430 17925
2467 17926
2467 14439
14436 17926
2468 17927
2468 14445
14442 17927
2469 17928
2469 14451
14448 17928
2470 17929
2470 14457
14454 17929
2471 17930
2471 14463
14460 17930
2472 17931
2472 14469
14466 17931
2473 17932
2473 14475
14472 17932
2474 17933
2474 14481
14478 17933
2475 17934
2475 14487
14484 17934
2476 17935
2476 14493
14490 17935
2477 17936
2477 14499
14496 17936
2478 17937
2478 14505
14502 17937
2479 17938
2479 14511
14508 17938
2480 17939
2480 14517
14514 17939
2481 17940
2481 14523
14520 17940
2482 17941
2482 14529
14526 17941
2483 17942
2483 14535
14532 17942
2484 17943
2484 14541
14538 17943
2485 17944
2485 14547
14544 17944
2486 17945
2486 14553
14550 17945
2487 17946
2487 14559
14556 17946
2488 17947
2488 14565
14562 17947
2489 17948
2489 14571
14568 17948
2490 17949
2490 14577
14574 17949
2491 17950
2491 14583
14580 17950
2492 17951
2492 14589
14586 17951
2493 17952
2493 14595
14592 17952
2494 17953
2494 14601
14598 17953
2495 17954
2495 14607
14604 17954
2496 17955
2496 14613
14610 17955
2497 17956
2497 14619
14616 17956
2498 17957
2498 14625
14622 17957
2499 17958
2499 14631
14628 17958
2500 17959
2500 14637
14634 17959
2501 17960
2501 14643
14640 17960
2502 17961
2502 14649
14646 17961
2503 17962
2503 14655
14652 17962
2504 17963
2504 14661
14658 17963
2505 17964
2505 14667
14664 17964
2506 17965
2506 14673
14670 17965
2507 17966
2507 14679
14676 17966
2508 17967
2508 14685
14682 17967
2509 17968
2509 14691
14688 17968
2510 17969
2510 14697
14694 17969
2511 17970
2511 14703
14700 17970
2512 17971
2512 14709
14706 17971
2513 17972
2513 14715
14712 17972
2514 17973
2514 14721
14718 17973
2515 17974
2515 14727
14724 17974
2516 17975
2516 14733
14730 17975
2517 17976
2517 14739
14736 17976
2518 17977
2518 14745
14742 17977
2519 17978
2519 14751
14748 17978
2520 17979
2520 14757
14754 17979
2521 17980
2521 14763
14760 17980
2522 17981
2522 14769
14766 17981
2523 17982
2523 14775
14772 17982
2524 17983
2524 14781
14778 17983
2525 17984
2525 14787
14784 17984
2526 17985
2526 14793
14790 17985
2527 17986
2527 14799
14796 17986
2528 17987
2528 14805
14802 17987
2529 17988
2529 14811
14808 17988
2530 17989
2530 14817
14814 17989
2531 17990
2531 14823
14820 17990
2532 17991
2532 14829
14826 17991
2533 17992
2533 14835
14832 17992
2534 17993
2534 14841
14838 17993
2535 17994
2535 14847
14844 17994
2536 17995
2536 14853
14850 17995
2537 17996
2537 14859
14856 17996
2538 17997
2538 14865
14862 17997
2539 17998
2539 14871
14868 17998
2540 17999
2540 14877
14874 17999
2541 18000
2541 14883
14880 18000
2542 18001
2542 14889
14886 18001
2543 18002
2543 14895
14892 18002
2544 18003
2544 14901
14898 18003
2545 18004
2545 14907
14904 18004
2546 18005
2546 14913
14910 18005
2547 18006
2547 14919
14916 18006
2548 18007
2548 14925
14922 18007
2549 18008
2549 14931
14928 18008
2550 18009
2550 14937
14934 18009
2551 18010
2551 14943
14940 18010
2552 18011
2552 14949
14946 18011
2553 18012
2553 14955
14952 18012
2554 18013
2554 14961
14958 18013
2555 18014
2555 14967
14964 18014
2556 18015
2556 14973
14970 18015
2557 18016
2557 14979
14976 18016
2558 18017
2558 14985
14982 18017
2559 18018
2559 14991
14988 18018
2560 18019
2560 14997
14994 18019
2561 18020
2561 15003
15000 18020
2562 18021
2562 15009
15006 18021
2563 18022
2563 15015
15012 18022
2564 18023
2564 15021
15018 18023
2565 18024
2565 15027
15024 18024
2566 18025
2566 15033
15030 18025
2567 18026
2567 15039
15036 18026
2568 18027
2568 15045
15042 18027
2569 18028
2569 15051
15048 18028
2570 18029
2570 15057
15054 18029
2571 18030
2571 15063
15060 18030
2572 18031
2572 15069
15066 18031
2573 18032
2573 15075
15072 18032
2574 18033
2574 15081
15078 18033
2575 18034
2575 15087
15084 18034
2576 18035
2576 15093
15090 18035
2577 18036
2577 15099
15096 18036
2578 18037
2578 15105
15102 18037
2579 18038
2579 15111
15108 18038
2580 18039
2580 15117
15114 18039
2581 18040
2581 15123
15120 18040
2582 18041
2582 15129
15126 18041
2583 18042
2583 15135
15132 18042
2584 18043
2584 15141
15138 18043
2585 18044
2585 15147
15144 18044
2586 18045
2586 15153
15150 18045
2587 18046
2587 15159
15156 18046
2588 18047
2588 15165
15162 18047
2589 18048
2589 15171
15168 18048
2590 18049
2590 15177
15174 18049
2591 18050
2591 15183
15180 18050
2592 18051
2592 15189
15186 18051
2593 18052
2593 15195
15192 18052
2594 18053
2594 15201
15198 18053
2595 18054
2595 15207
15204 18054
2596 18055
2596 15213
15210 18055
2597 18056
2597 15219
15216 18056
2598 18057
2598 15225
15222 18057
2599 18058
2599 15231
15228 18058
2600 18059
2600 15237
15234 18059
2601 18060
2601 15243
15240 18060
2602 18061
2602 15249
15246 18061
2603 18062
2603 15255
15252 18062
2604 18063
2604 15261
15258 18063
2605 18064
2605 15267
15264 18064
2606 18065
2606 15273
15270 18065
2607 18066
2607 15279
15276 18066
2608 18067
2608 15285
15282 18067
2609 18068
2609 15291
15288 18068
2610 18069
2610 15297
15294 18069
2611 18070
2611 15303
15300 18070
2612 18071
2612 15309
15306 18071
2613 18072
2613 15315
15312 18072
2614 18073
2614 15321
15318 18073
2615 18074
2615 15327
15324 18074
2616 18075
2616 15333
15330 18075
2617 18076
2617 15339
15336 18076
2618 18077
2618 15345
15342 18077
2619 18078
2619 15351
15348 18078
2620 18079
2620 15357
15354 18079
2621 18080
2621 15363
15360 18080
2622 18081
2622 15369
15366 18081
2623 18082
2623 15375
15372 18082
2624 18083
2624 15381
15378 18083
2625 18084
2625 15387
15384 18084
2626 18085
2626 15393
15390 18085
2627 18086
2627 15399
15396 18086
2628 18087
2628 15405
15402 18087
2629 18088
2629 15411
15408 18088
2630 18089
2630 15417
15414 18089
2631 18090
2631 15423
15420 18090
2632 18091
2632 15429
15426 18091
2633 18092
2633 15435
15432 18092
2634 18093
2634 15441
15438 18093
2635 18094
2635 15447
15444 18094
2636 18095
2636 15453
15450 18095
2637 18096
2637 15459
15456 18096
2638 2639
2638 2640
2639 2640
2641 2642
2641 2643
2642 2643
2644 2645
2644 2646
2645 2646
2647 2648
2647 2649
2648 2649
2650 2651
2650 2652
2651 2652
2653 2654
2653 2655
2654 2655
2656 2657
2656 2658
2657 2658
2659 2660
2659 2661
2660 2661
2662 2663
2662 2664
2663 2664
2665 2666
2665 2667
2666 2667
2668 2669
2668 2670
2669 2670
2671 2672
2671 2673
2672 2673
2674 2675
2674 2676
2675 2676
2677 2678
2677 2679
2678 2679
2680 2681
2680 2682
2681 2682
2683 2684
2683 2685
2684 2685
2686 2687
2686 2688
2687 2688
2689 2690
2689 2691
2690 2691
2692 2693
2692 2694
2693 2694
2695 2696
2695 2697
2696 2697
2698 2699
2698 2700
2699 2700
2701 2702
2701 2703
2702 2703
2704 2705
2704 2706
2705 2706
2707 2708
2707 2709
2708 2709
2710 2711
2710 2712
2711 2712
2713 2714
2713 2715
2714 2715
2716 2717
2716 2718
2717 2718
2719 2720
2719 2721
2720 2721
2722 2723
2722 2724
2723 2724
2725 2726
2725 2727
2726 2727
2728 2729
2728 2730
2729 2730
2731 2732
2731 2733
2732 2733
2734 2735
2734 2736
2735 2736
2737 2738
2737 2739
2738 2739
2740 2741
2740 2742
2741 2742
2743 2744
2743 2745
2744 2745
2746 2747
2746 2748
2747 2748
2749 2750
2749 2751
2750 2751
2752 2753
2752 2754
2753 2754
2755 2756
2755 2757
2756 2757
2758 2759
2758 2760
2759 2760
2761 2762
2761 2763
2762 2763
2764 2765
2764 2766
2765 2766
2767 2768
2767 2769
2768 2769
2770 2771
2770 2772
2771 2772
2773 2774
2773 2775
2774 2775
2776 2777
2776 2778
2777 2778
2779 2780
2779 2781
2780 2781
2782 2783
2782 2784
2783 2784
2785 2786
2785 2787
2786 2787
2788 2789
2788 2790
2789 2790
2791 2792
2791 2793
2792 2793
2794 2795
2794 2796
2795 2796
2797 2798
2797 2799
2798 2799
2800 2801
2800 2802
2801 2802
2803 2804
2803 2805
2804 2805
2806 2807
2806 2808
2807 2808
2809 2810
2809 2811
2810 2811
2812 2813
2812 2814
2813 2814
2815 2816
2815 2817
2816 2817
2818 2819
2818 2820
2819 2820
2821 2822
2821 2823
2822 2823
2824 2825
2824 2826
2825 2826
2827 2828
2827 2829
2828 2829
2830 2831
2830 2832
2831 2832
2833 2834
2833 2835
2834 2835
2836 2837
2836 2838
2837 2838
2839 2840
2839 2841
2840 2841
2842 2843
2842 2844
2843 2844
2845 2846
2845 2847
2846 2847
2848 2849
2848 2850
2849 2850
2851 2852
2851 2853
2852 2853
2854 2855
2854 2856
2855 2856
2857 2858
2857 2859
2858 2859
2860 2861
2860 2862
2861 2862
2863 2864
2863 2865
2864 2865
2866 2867
2866 2868
2867 2868
2869 2870
2869 2871
2870 2871
2872 2873
2872 2874
2873 2874
2875 2876
2875 2877
2876 2877
2878 2879
2878 2880
2879 2880
2881 2882
2881 2883
2882 2883
2884 2885
2884 2886
2885 2886
2887 2888
2887 2889
2888 2889
2890 2891
2890 2892
2891 2892
2893 2894
2893 2895
2894 2895
2896 2897
2896 2898
2897 2898
2899 2900
2899 2901
2900 2901
2902 2903
2902 2904
2903 2904
2905 2906
2905 2907
2906 2907
2908 2909
2908 2910
2909 2910
2911 2912
2911 2913
2912 2913
2914 2915
2914 2916
2915 2916
2917 2918
2917 2919
2918 2919
2920 2921
2920 2922
2921 2922
2923 2924
2923 2925
2924 2925
2926 2927
2926 2928
2927 2928
2929 2930
2929 2931
2930 2931
2932 2933
2932 2934
2933 2934
2935 2936
2935 2937
2936 2937
2938 2939
2938 2940
2939 2940
2941 2942
2941 2943
2942 2943
2944 2945
2944 2946
2945 2946
2947 2948
2947 2949
2948 2949
2950 2951
2950 2952
2951 2952
2953 2954
2953 2955
2954 2955
2956 2957
2956 2958
2957 2958
2959 2960
2959 2961
2960 2961
2962 2963
2962 2964
2963 2964
2965 2966
2965 2967
2966 2967
2968 2969
2968 2970
2969 2970
2971 2972
2971 2973
2972 2973
2974 2975
2974 2976
2975 2976
2977 2978
2977 2979
2978 2979
2980 2981
2980 2982
2981 2982
2983 2984
2983 2985
2984 2985
2986 2987
2986 2988
2987 2988
2989 2990
2989 2991
2990 2991
2992 2993
2992 2994
2993 2994
2995 2996
2995 2997
2996 2997
2998 2999
2998 3000
2999 3000
3001 3002
3001 3003
3002 3003
3004 3005
3004 3006
3005 3006
3007 3008
3007 3009
3008 3009
3010 3011
3010 3012
3011 3012
3013 3014
3013 3015
3014 3015
3016 3017
3016 3018
3017 3018
3019 3020
3019 3021
3020 3021
3022 3023
3022 3024
3023 3024
3025 3026
3025 3027
3026 3027
3028 3029
3028 3030
3029 3030
3031 3032
3031 3033
3032 3033
3034 3035
3034 3036
3035 3036
3037 3038
3037 3039
3038 3039
3040 3041
3040 3042
3041 3042
3043 3044
3043 3045
3044 3045
3046 3047
3046 3048
3047 3048
3049 3050
3049 3051
3050 3051
3052 3053
3052 3054
3053 3054
3055 3056
3055 3057
3056 3057
3058 3059
3058 3060
3059 3060
3061 3062
3061 3063
3062 3063
3064 3065
3064 3066
3065 3066
3067 3068
3067 3069
3068 3069
3070 3071
3070 3072
3071 3072
3073 3074
3073 3075
3074 3075
3076 3077
3076 3078
3077 3078
3079 3080
3079 3081
3080 3081
3082 3083
3082 3084
3083 3084
3085 3086
3085 3087
3086 3087
3088 3089
3088 3090
3089 3090
3091 3092
3091 3093
3092 3093
3094 3095
3094 3096
3095 3096
3097 3098
3097 3099
3098 3099
3100 3101
3100 3102
3101 3102
3103 3104
3103 3105
3104 3105
3106 3107
3106 3108
3107 3108
3109 3110
3109 3111
3110 3111
3112 3113
3112 3114
3113 3114
3115 3116
3115 3117
3116 3117
3118 3119
3118 3120
3119 3120
3121 3122
3121 3123
3122 3123
3124 3125
3124 3126
3125 3126
3127 3128
3127 3129
3128 3129
3130 3131
3130 3132
3131 3132
3133 3134
3133 3135
3134 3135
3136 3137
3136 3138
3137 3138
3139 3140
3139 3141
3140 3141
3142 3143
3142 3144
3143 3144
3145 3146
3145 3147
3146 3147
3148 3149
3148 3150
3149 3150
3151 3152
3151 3153
3152 3153
3154 3155
3154 3156
3155 3156
3157 3158
3157 3159
3158 3159
3160 3161
3160 3162
3161 3162
3163 3164
3163 3165
3164 3165
3166 3167
3166 3168
3167 3168
3169 3170
3169 3171
3170 3171
3172 3173
3172 3174
3173 3174
3175 3176
3175 3177
3176 3177
3178 3179
3178 3180
3179 3180
3181 3182
3181 3183
3182 3183
3184 3185
3184 3186
3185 3186
3187 3188
3187 3189
3188 3189
3190 3191
3190 3192
3191 3192
3193 3194
3193 3195
3194 3195
3196 3197
3196 3198
3197 3198
3199 3200
3199 3201
3200 3201
3202 3203
3202 3204
3203 3204
3205 3206
3205 3207
3206 3207
3208 3209
3208 3210
3209 3210
3211 3212
3211 3213
3212 3213
3214 3215
3214 3216
3215 3216
3217 3218
3217 3219
3218 3219
3220 3221
3220 3222
3221 3222
3223 3224
3223 3225
3224 3225
3226 3227
3226 3228
3227 3228
3229 3230
3229 3231
3230 3231
3232 3233
3232 3234
3233 3234
3235 3236
3235 3237
3236 3237
3238 3239
3238 3240
3239 3240
3241 3242
3241 3243
3242 3243
3244 3245
3244 3246
3245 3246
3247 3248
3247 3249
3248 3249
3250 3251
3250 3252
3251 3252
3253 3254
3253 3255
3254 3255
3256 3257
3256 3258
3257 3258
3259 3260
3259 3261
3260 3261
3262 3263
3262 3264
3263 3264
3265 3266
3265 3267
3266 3267
3268 3269
3268 3270
3269 3270
3271 3272
3271 3273
3272 3273
3274 3275
3274 3276
3275 3276
3277 3278
3277 3279
3278 3279
3280 3281
3280 3282
3281 3282
3283 3284
3283 3285
3284 3285
3286 3287
3286 3288
3287 3288
3289 3290
3289 3291
3290 3291
3292 3293
3292 3294
3293 3294
3295 3296
3295 3297
3296 3297
3298 3299
3298 3300
3299 3300
3301 3302
3301 3303
3302 3303
3304 3305
3304 3306
3305 3306
3307 3308
3307 3309
3308 3309
3310 3311
3310 3312
3311 3312
3313 3314
3313 3315
3314 3315
3316 3317
3316 3318
3317 3318
3319 3320
3319 3321
3320 3321
3322 3323
3322 3324
3323 3324
3325 3326
3325 3327
3326 3327
3328 3329
3328 3330
3329 3330
3331 3332
3331 3333
3332 3333
3334 3335
3334 3336
3335 3336
3337 3338
3337 3339
3338 3339
3340 3341
3340 3342
3341 3342
3343 3344
3343 3345
3344 3345
3346 3347
3346 3348
3347 3348
3349 3350
3349 3351
3350 3351
3352 3353
3352 3354
3353 3354
3355 3356
3355 3357
3356 3357
3358 3359
3358 3360
3359 3360
3361 3362
3361 3363
3362 3363
3364 3365
3364 3366
3365 3366
3367 3368
3367 3369
3368 3369
3370 3371
3370 3372
3371 3372
3373 3374
3373 3375
3374 3375
3376 3377
3376 3378
3377 3378
3379 3380
3379 3381
3380 3381
3382 3383
3382 3384
3383 3384
3385 3386
3385 3387
3386 3387
3388 3389
3388 3390
3389 3390
3391 3392
3391 3393
3392 3393
3394 3395
3394 3396
3395 3396
3397 3398
3397 3399
3398 3399
3400 3401
3400 3402
3401 3402
3403 3404
3403 3405
3404 3405
3406 3407
3406 3408
3407 3408
3409 3410
3409 3411
3410 3411
3412 3413
3412 3414
3413 3414
3415 3416
3415 3417
3416 3417
3418 3419
3418 3420
3419 3420
3421 3422
3421 3423
3422 3423
3424 3425
3424 3426
3425 3426
3427 3428
3427 3429
3428 3429
3430 3431
3430 3432
3431 3432
3433 3434
3433 3435
3434 3435
3436 3437
3436 3438
3437 3438
3439 3440
3439 3441
3440 3441
3442 3443
3442 3444
3443 3444
3445 3446
3445 3447
3446 3447
3448 3449
3448 3450
3449 3450
3451 3452
3451 3453
3452 3453
3454 3455
3454 3456
3455 3456
3457 3458
3457 3459
3458 3459
3460 3461
3460 3462
3461 3462
3463 3464
3463 3465
3464 3465
3466 3467
3466 3468
3467 3468
3469 3470
3469 3471
3470 3471
3472 3473
3472 3474
3473 3474
3475 3476
3475 3477
3476 3477
3478 3479
3478 3480
3479 3480
3481 3482
3481 3483
3482 3483
3484 3485
3484 3486
3485 3486
3487 3488
3487 3489
3488 3489
3490 3491
3490 3492
3491 3492
3493 3494
3493 3495
3494 3495
3496 3497
3496 3498
3497 3498
3499 3500
3499 3501
3500 3501
3502 3503
3502 3504
3503 3504
3505 3506
3505 3507
3506 3507
3508 3509
3508 3510
3509 3510
3511 3512
3511 3513
3512 3513
3514 3515
3514 3516
3515 3516
3517 3518
3517 3519
3518 3519
3520 3521
3520 3522
3521 3522
3523 3524
3523 3525
3524 3525
3526 3527
3526 3528
3527 3528
3529 3530
3529 3531
3530 3531
3532 3533
3532 3534
3533 3534
3535 3536
3535 3537
3536 3537
3538 3539
3538 3540
3539 3540
3541 3542
3541 3543
3542 3543
3544 3545
3544 3546
3545 3546
3547 3548
3547 3549
3548 3549
3550 3551
3550 3552
3551 3552
3553 3554
3553 3555
3554 3555
3556 3557
3556 3558
3557 3558
3559 3560
3559 3561
3560 3561
3562 3563
3562 3564
3563 3564
3565 3566
3565 3567
3566 3567
3568 3569
3568 3570
3569 3570
3571 3572
3571 3573
3572 3573
3574 3575
3574 3576
3575 3576
3577 3578
3577 3579
3578 3579
3580 3581
3580 3582
3581 3582
3583 3584
3583 3585
3584 3585
3586 3587
3586 3588
3587 3588
3589 3590
3589 3591
3590 3591
3592 3593
3592 3594
3593 3594
3595 3596
3595 3597
3596 3597
3598 3599
3598 3600
3599 3600
3601 3602
3601 3603
3602 3603
3604 3605
3604 3606
3605 3606
3607 3608
3607 3609
3608 3609
3610 3611
3610 3612
3611 3612
3613 3614
3613 3615
3614 3615
3616 3617
3616 3618
3617 3618
3619 3620
3619 3621
3620 3621
3622 3623
3622 3624
3623 3624
3625 3626
3625 3627
3626 3627
3628 3629
3628 3630
3629 3630
3631 3632
3631 3633
3632 3633
3634 3635
3634 3636
3635 3636
3637 3638
3637 3639
3638 3639
3640 3641
3640 3642
3641 3642
3643 3644
3643 3645
3644 3645
3646 3647
3646 3648
3647 3648
3649 3650
3649 3651
3650 3651
3652 3653
3652 3654
3653 3654
3655 3656
3655 3657
3656 3657
3658 3659
3658 3660
3659 3660
3661 3662
3661 3663
3662 3663
3664 3665
3664 3666
3665 3666
3667 3668
3667 3669
3668 3669
3670 3671
3670 3672
3671 3672
3673 3674
3673 3675
3674 3675
3676 3677
3676 3678
3677 3678
3679 3680
3679 3681
3680 3681
3682 3683
3682 3684
3683 3684
3685 3686
3685 3687
3686 3687
3688 3689
3688 3690
3689 3690
3691 3692
3691 3693
3692 3693
3694 3695
3694 3696
3695 3696
3697 3698
3697 3699
3698 3699
3700 3701
3700 3702
3701 3702
3703 3704
3703 3705
3704 3705
3706 3707
3706 3708
3707 3708
3709 3710
3709 3711
3710 3711
3712 3713
3712 3714
3713 3714
3715 3716
3715 3717
3716 3717
3718 3719
3718 3720
3719 3720
3721 3722
3721 3723
3722 3723
3724 3725
3724 3726
3725 3726
3727 3728
3727 3729
3728 3729
3730 3731
3730 3732
3731 3732
3733 3734
3733 3735
3734 3735
3736 3737
3736 3738
3737 3738
3739 3740
3739 3741
3740 3741
3742 3743
3742 3744
3743 3744
3745 3746
3745 3747
3746 3747
3748 3749
3748 3750
3749 3750
3751 3752
3751 3753
3752 3753
3754 3755
3754 3756
3755 3756
3757 3758
3757 3759
3758 3759
3760 3761
3760 3762
3761 3762
3763 3764
3763 3765
3764 3765
3766 3767
3766 3768
3767 3768
3769 3770
3769 3771
3770 3771
3772 3773
3772 3774
3773 3774
3775 3776
3775 3777
3776 3777
3778 3779
3778 3780
3779 3780
3781 3782
3781 3783
3782 3783
3784 3785
3784 3786
3785 3786
3787 3788
3787 3789
3788 3789
3790 3791
3790 3792
3791 3792
3793 3794
3793 3795
3794 3795
3796 3797
3796 3798
3797 3798
3799 3800
3799 3801
3800 3801
3802 3803
3802 3804
3803 3804
3805 3806
3805 3807
3806 3807
3808 3809
3808 3810
3809 3810
3811 3812
3811 3813
3812 3813
3814 3815
3814 3816
3815 3816
3817 3818
3817 3819
3818 3819
3820 3821
3820 3822
3821 3822
3823 3824
3823 3825
3824 3825
3826 3827
3826 3828
3827 3828
3829 3830
3829 3831
3830 3831
3832 3833
3832 3834
3833 3834
3835 3836
3835 3837
3836 3837
3838 3839
3838 3840
3839 3840
3841 3842
3841 3843
3842 3843
3844 3845
3844 3846
3845 3846
3847 3848
3847 3849
3848 3849
3850 3851
3850 3852
3851 3852
3853 3854
3853 3855
3854 3855
3856 3857
3856 3858
3857 3858
3859 3860
3859 3861
3860 3861
3862 3863
3862 3864
3863 3864
3865 3866
3865 3867
3866 3867
3868 3869
3868 3870
3869 3870
3871 3872
3871 3873
3872 3873
3874 3875
3874 3876
3875 3876
3877 3878
3877 3879
3878 3879
3880 3881
3880 3882
3881 3882
3883 3884
3883 3885
3884 3885
3886 3887
3886 3888
3887 3888
3889 3890
3889 3891
3890 3891
3892 3893
3892 3894
3893 3894
3895 3896
3895 3897
3896 3897
3898 3899
3898 3900
3899 3900
3901 3902
3901 3903
3902 3903
3904 3905
3904 3906
3905 3906
3907 3908
3907 3909
3908 3909
3910 3911
3910 3912
3911 3912
3913 3914
3913 3915
3914 3915
3916 3917
3916 3918
3917 3918
3919 3920
3919 3921
3920 3921
3922 3923
3922 3924
3923 3924
3925 3926
3925 3927
3926 3927
3928 3929
3928 3930
3929 3930
3931 3932
3931 3933
3932 3933
3934 3935
3934 3936
3935 3936
3937 3938
3937 3939
3938 3939
3940 3941
3940 3942
3941 3942
3943 3944
3943 3945
3944 3945
3946 3947
3946 3948
3947 3948
3949 3950
3949 3951
3950 3951
3952 3953
3952 3954
3953 3954
3955 3956
3955 3957
3956 3957
3958 3959
3958 3960
3959 3960
3961 3962
3961 3963
3962 3963
3964 3965
3964 3966
3965 3966
3967 3968
3967 3969
3968 3969
3970 3971
3970 3972
3971 3972
3973 3974
3973 3975
3974 3975
3976 3977
3976 3978
3977 3978
3979 3980
3979 3981
3980 3981
3982 3983
3982 3984
3983 3984
3985 3986
3985 3987
3986 3987
3988 3989
3988 3990
3989 3990
3991 3992
3991 3993
3992 3993
3994 3995
3994 3996
3995 3996
3997 3998
3997 3999
3998 3999
4000 4001
4000 4002
4001 4002
4003 4004
4003 4005
4004 4005
4006 4007
4006 4008
4007 4008
4009 4010
4009 4011
4010 4011
4012 4013
4012 4014
4013 4014
4015 4016
4015 4017
4016 4017
4018 4019
4018 4020
4019 4020
4021 4022
4021 4023
4022 4023
4024 4025
4024 4026
4025 4026
4027 4028
4027 4029
4028 4029
4030 4031
4030 4032
4031 4032
4033 4034
4033 4035
4034 4035
4036 4037
4036 4038
4037 4038
4039 4040
4039 4041
4040 4041
4042 4043
4042 4044
4043 4044
4045 4046
4045 4047
4046 4047
4048 4049
4048 4050
4049 4050
4051 4052
4051 4053
4052 4053
4054 4055
4054 4056
4055 4056
4057 4058
4057 4059
4058 4059
4060 4061
4060 4062
4061 4062
4063 4064
4063 4065
4064 4065
4066 4067
4066 4068
4067 4068
4069 4070
4069 4071
4070 4071
4072 4073
4072 4074
4073 4074
4075 4076
4075 4077
4076 4077
4078 4079
4078 4080
4079 4080
4081 4082
4081 4083
4082 4083
4084 4085
4084 4086
4085 4086
4087 4088
4087 4089
4088 4089
4090 4091
4090 4092
4091 4092
4093 4094
4093 4095
4094 4095
4096 4097
4096 4098
4097 4098
4099 4100
4099 4101
4100 4101
4102 4103
4102 4104
4103 4104
4105 4106
4105 4107
4106 4107
4108 4109
4108 4110
4109 4110
4111 4112
4111 4113
4112 4113
4114 4115
4114 4116
4115 4116
4117 4118
4117 4119
4118 4119
4120 4121
4120 4122
4121 4122
4123 4124
4123 4125
4124 4125
4126 4127
4126 4128
4127 4128
4129 4130
4129 4131
4130 4131
4132 4133
4132 4134
4133 4134
4135 4136
4135 4137
4136 4137
4138 4139
4138 4140
4139 4140
4141 4142
4141 4143
4142 4143
4144 4145
4144 4146
4145 4146
4147 4148
4147 4149
4148 4149
4150 4151
4150 4152
4151 4152
4153 4154
4153 4155
4154 4155
4156 4157
4156 4158
4157 4158
4159 4160
4159 4161
4160 4161
4162 4163
4162 4164
4163 4164
4165 4166
4165 4167
4166 4167
4168 4169
4168 4170
4169 4170
4171 4172
4171 4173
4172 4173
4174 4175
4174 4176
4175 4176
4177 4178
4177 4179
4178 4179
4180 4181
4180 4182
4181 4182
4183 4184
4183 4185
4184 4185
4186 4187
4186 4188
4187 4188
4189 4190
4189 4191
4190 4191
4192 4193
4192 4194
4193 4194
4195 4196
4195 4197
4196 4197
4198 4199
4198 4200
4199 4200
4201 4202
4201 4203
4202 4203
4204 4205
4204 4206
4205 4206
4207 4208
4207 4209
4208 4209
4210 4211
4210 4212
4211 4212
4213 4214
4213 4215
4214 4215
4216 4217
4216 4218
4217 4218
4219 4220
4219 4221
4220 4221
4222 4223
4222 4224
4223 4224
4225 4226
4225 4227
4226 4227
4228 4229
4228 4230
4229 4230
4231 4232
4231 4233
4232 4233
4234 4235
4234 4236
4235 4236
4237 4238
4237 4239
4238 4239
4240 4241
4240 4242
4241 4242
4243 4244
4243 4245
4244 4245
4246 4247
4246 4248
4247 4248
4249 4250
4249 4251
4250 4251
4252 4253
4252 4254
4253 4254
4255 4256
4255 4257
4256 4257
4258 4259
4258 4260
4259 4260
4261 4262
4261 4263
4262 4263
4264 4265
4264 4266
4265 4266
4267 4268
4267 4269
4268 4269
4270 4271
4270 4272
4271 4272
4273 4274
4273 4275
4274 4275
4276 4277
4276 4278
4277 4278
4279 4280
4279 4281
4280 4281
4282 4283
4282 4284
4283 4284
4285 4286
4285 4287
4286 4287
4288 4289
4288 4290
4289 4290
4291 4292
4291 4293
4292 4293
4294 4295
4294 4296
4295 4296
4297 4298
4297 4299
4298 4299
4300 4301
4300 4302
4301 4302
4303 4304
4303 4305
4304 4305
4306 4307
4306 4308
4307 4308
4309 4310
4309 4311
4310 4311
4312 4313
4312 4314
4313 4314
4315 4316
4315 4317
4316 4317
4318 4319
4318 4320
4319 4320
4321 4322
4321 4323
4322 4323
4324 4325
4324 4326
4325 4326
4327 4328
4327 4329
4328 4329
4330 4331
4330 4332
4331 4332
4333 4334
4333 4335
4334 4335
4336 4337
4336 4338
4337 4338
4339 4340
4339 4341
4340 4341
4342 4343
4342 4344
4343 4344
4345 4346
4345 4347
4346 4347
4348 4349
4348 4350
4349 4350
4351 4352
4351 4353
4352 4353
4354 4355
4354 4356
4355 4356
4357 4358
4357 4359
4358 4359
4360 4361
4360 4362
4361 4362
4363 4364
4363 4365
4364 4365
4366 4367
4366 4368
4367 4368
4369 4370
4369 4371
4370 4371
4372 4373
4372 4374
4373 4374
4375 4376
4375 4377
4376 4377
4378 4379
4378 4380
4379 4380
4381 4382
4381 4383
4382 4383
4384 4385
4384 4386
4385 4386
4387 4388
4387 4389
4388 4389
4390 4391
4390 4392
4391 4392
4393 4394
4393 4395
4394 4395
4396 4397
4396 4398
4397 4398
4399 4400
4399 4401
4400 4401
4402 4403
4402 4404
4403 4404
4405 4406
4405 4407
4406 4407
4408 4409
4408 4410
4409 4410
4411 4412
4411 4413
4412 4413
4414 4415
4414 4416
4415 4416
4417 4418
4417 4419
4418 4419
4420 4421
4420 4422
4421 4422
4423 4424
4423 4425
4424 4425
4426 4427
4426 4428
4427 4428
4429 4430
4429 4431
4430 4431
4432 4433
4432 4434
4433 4434
4435 4436
4435 4437
4436 4437
4438 4439
4438 4440
4439 4440
4441 4442
4441 4443
4442 4443
4444 4445
4444 4446
4445 4446
4447 4448
4447 4449
4448 4449
4450 4451
4450 4452
4451 4452
4453 4454
4453 4455
4454 4455
4456 4457
4456 4458
4457 4458
4459 4460
4459 4461
4460 4461
4462 4463
4462 4464
4463 4464
4465 4466
4465 4467
4466 4467
4468 4469
4468 4470
4469 4470
4471 4472
4471 4473
4472 4473
4474 4475
4474 4476
4475 4476
4477 4478
4477 4479
4478 4479
4480 4481
4480 4482
4481 4482
4483 4484
4483 4485
4484 4485
4486 4487
4486 4488
4487 4488
4489 4490
4489 4491
4490 4491
4492 4493
4492 4494
4493 4494
4495 4496
4495 4497
4496 4497
4498 4499
4498 4500
4499 4500
4501 4502
4501 4503
4502 4503
4504 4505
4504 4506
4505 4506
4507 4508
4507 4509
4508 4509
4510 4511
4510 4512
4511 4512
4513 4514
4513 4515
4514 4515
4516 4517
4516 4518
4517 4518
4519 4520
4519 4521
4520 4521
4522 4523
4522 4524
4523 4524
4525 4526
4525 4527
4526 4527
4528 4529
4528 4530
4529 4530
4531 4532
4531 4533
4532 4533
4534 4535
4534 4536
4535 4536
4537 4538
4537 4539
4538 4539
4540 4541
4540 4542
4541 4542
4543 4544
4543 4545
4544 4545
4546 4547
4546 4548
4547 4548
4549 4550
4549 4551
4550 4551
4552 4553
4552 4554
4553 4554
4555 4556
4555 4557
4556 4557
4558 4559
4558 4560
4559 4560
4561 4562
4561 4563
4562 4563
4564 4565
4564 4566
4565 4566
4567 4568
4567 4569
4568 4569
4570 4571
4570 4572
4571 4572
4573 4574
4573 4575
4574 4575
4576 4577
4576 4578
4577 4578
4579 4580
4579 4581
4580 4581
4582 4583
4582 4584
4583 4584
4585 4586
4585 4587
4586 4587
4588 4589
4588 4590
4589 4590
4591 4592
4591 4593
4592 4593
4594 4595
4594 4596
4595 4596
4597 4598
4597 4599
4598 4599
4600 4601
4600 4602
4601 4602
4603 4604
4603 4605
4604 4605
4606 4607
4606 4608
4607 4608
4609 4610
4609 4611
4610 4611
4612 4613
4612 4614
4613 4614
4615 4616
4615 4617
4616 4617
4618 4619
4618 4620
4619 4620
4621 4622
4621 4623
4622 4623
4624 4625
4624 4626
4625 4626
4627 4628
4627 4629
4628 4629
4630 4631
4630 4632
4631 4632
4633 4634
4633 4635
4634 4635
4636 4637
4636 4638
4637 4638
4639 4640
4639 4641
4640 4641
4642 4643
4642 4644
4643 4644
4645 4646
4645 4647
4646 4647
4648 4649
4648 4650
4649 4650
4651 4652
4651 4653
4652 4653
4654 4655
4654 4656
4655 4656
4657 4658
4657 4659
4658 4659
4660 4661
4660 4662
4661 4662
4663 4664
4663 4665
4664 4665
4666 4667
4666 4668
4667 4668
4669 4670
4669 4671
4670 4671
4672 4673
4672 4674
4673 4674
4675 4676
4675 4677
4676 4677
4678 4679
4678 4680
4679 4680
4681 4682
4681 4683
4682 4683
4684 4685
4684 4686
4685 4686
4687 4688
4687 4689
4688 4689
4690 4691
4690 4692
4691 4692
4693 4694
4693 4695
4694 4695
4696 4697
4696 4698
4697 4698
4699 4700
4699 4701
4700 4701
4702 4703
4702 4704
4703 4704
4705 4706
4705 4707
4706 4707
4708 4709
4708 4710
4709 4710
4711 4712
4711 4713
4712 4713
4714 4715
4714 4716
4715 4716
4717 4718
4717 4719
4718 4719
4720 4721
4720 4722
4721 4722
4723 4724
4723 4725
4724 4725
4726 4727
4726 4728
4727 4728
4729 4730
4729 4731
4730 4731
4732 4733
4732 4734
4733 4734
4735 4736
4735 4737
4736 4737
4738 4739
4738 4740
4739 4740
4741 4742
4741 4743
4742 4743
4744 4745
4744 4746
4745 4746
4747 4748
4747 4749
4748 4749
4750 4751
4750 4752
4751 4752
4753 4754
4753 4755
4754 4755
4756 4757
4756 4758
4757 4758
4759 4760
4759 4761
4760 4761
4762 4763
4762 4764
4763 4764
4765 4766
4765 4767
4766 4767
4768 4769
4768 4770
4769 4770
4771 4772
4771 4773
4772 4773
4774 4775
4774 4776
4775 4776
4777 4778
4777 4779
4778 4779
4780 4781
4780 4782
4781 4782
4783 4784
4783 4785
4784 4785
4786 4787
4786 4788
4787 4788
4789 4790
4789 4791
4790 4791
4792 4793
4792 4794
4793 4794
4795 4796
4795 4797
4796 4797
4798 4799
4798 4800
4799 4800
4801 4802
4801 4803
4802 4803
4804 4805
4804 4806
4805 4806
4807 4808
4807 4809
4808 4809
4810 4811
4810 4812
4811 4812
4813 4814
4813 4815
4814 4815
4816 4817
4816 4818
4817 4818
4819 4820
4819 4821
4820 4821
4822 4823
4822 4824
4823 4824
4825 4826
4825 4827
4826 4827
4828 4829
4828 4830
4829 4830
4831 4832
4831 4833
4832 4833
4834 4835
4834 4836
4835 4836
4837 4838
4837 4839
4838 4839
4840 4841
4840 4842
4841 4842
4843 4844
4843 4845
4844 4845
4846 4847
4846 4848
4847 4848
4849 4850
4849 4851
4850 4851
4852 4853
4852 4854
4853 4854
4855 4856
4855 4857
4856 4857
4858 4859
4858 4860
4859 4860
4861 4862
4861 4863
4862 4863
4864 4865
4864 4866
4865 4866
4867 4868
4867 4869
4868 4869
4870 4871
4870 4872
4871 4872
4873 4874
4873 4875
4874 4875
4876 4877
4876 4878
4877 4878
4879 4880
4879 4881
4880 4881
4882 4883
4882 4884
4883 4884
4885 4886
4885 4887
4886 4887
4888 4889
4888 4890
4889 4890
4891 4892
4891 4893
4892 4893
4894 4895
4894 4896
4895 4896
4897 4898
4897 4899
4898 4899
4900 4901
4900 4902
4901 4902
4903 4904
4903 4905
4904 4905
4906 4907
4906 4908
4907 4908
4909 4910
4909 4911
4910 4911
4912 4913
4912 4914
4913 4914
4915 4916
4915 4917
4916 4917
4918 4919
4918 4920
4919 4920
4921 4922
4921 4923
4922 4923
4924 4925
4924 4926
4925 4926
4927 4928
4927 4929
4928 4929
4930 4931
4930 4932
4931 4932
4933 4934
4933 4935
4934 4935
4936 4937
4936 4938
4937 4938
4939 4940
4939 4941
4940 4941
4942 4943
4942 4944
4943 4944
4945 4946
4945 4947
4946 4947
4948 4949
4948 4950
4949 4950
4951 4952
4951 4953
4952 4953
4954 4955
4954 4956
4955 4956
4957 4958
4957 4959
4958 4959
4960 4961
4960 4962
4961 4962
4963 4964
4963 4965
4964 4965
4966 4967
4966 4968
4967 4968
4969 4970
4969 4971
4970 4971
4972 4973
4972 4974
4973 4974
4975 4976
4975 4977
4976 4977
4978 4979
4978 4980
4979 4980
4981 4982
4981 4983
4982 4983
4984 4985
4984 4986
4985 4986
4987 4988
4987 4989
4988 4989
4990 4991
4990 4992
4991 4992
4993 4994
4993 4995
4994 4995
4996 4997
4996 4998
4997 4998
4999 5000
4999 5001
5000 5001
5002 5003
5002 5004
5003 5004
5005 5006
5005 5007
5006 5007
5008 5009
5008 5010
5009 5010
5011 5012
5011 5013
5012 5013
5014 5015
5014 5016
5015 5016
5017 5018
5017 5019
5018 5019
5020 5021
5020 5022
5021 5022
5023 5024
5023 5025
5024 5025
5026 5027
5026 5028
5027 5028
5029 5030
5029 5031
5030 5031
5032 5033
5032 5034
5033 5034
5035 5036
5035 5037
5036 5037
5038 5039
5038 5040
5039 5040
5041 5042
5041 5043
5042 5043
5044 5045
5044 5046
5045 5046
5047 5048
5047 5049
5048 5049
5050 5051
5050 5052
5051 5052
5053 5054
5053 5055
5054 5055
5056 5057
5056 5058
5057 5058
5059 5060
5059 5061
5060 5061
5062 5063
5062 5064
5063 5064
5065 5066
5065 5067
5066 5067
5068 5069
5068 5070
5069 5070
5071 5072
5071 5073
5072 5073
5074 5075
5074 5076
5075 5076
5077 5078
5077 5079
5078 5079
5080 5081
5080 5082
5081 5082
5083 5084
5083 5085
5084 5085
5086 5087
5086 5088
5087 5088
5089 5090
5089 5091
5090 5091
5092 5093
5092 5094
5093 5094
5095 5096
5095 5097
5096 5097
5098 5099
5098 5100
5099 5100
5101 5102
5101 5103
5102 5103
5104 5105
5104 5106
5105 5106
5107 5108
5107 5109
5108 5109
5110 5111
5110 5112
5111 5112
5113 5114
5113 5115
5114 5115
5116 5117
5116 5118
5117 5118
5119 5120
5119 5121
5120 5121
5122 5123
5122 5124
5123 5124
5125 5126
5125 5127
5126 5127
5128 5129
5128 5130
5129 5130
5131 5132
5131 5133
5132 5133
5134 5135
5134 5136
5135 5136
5137 5138
5137 5139
5138 5139
5140 5141
5140 5142
5141 5142
5143 5144
5143 5145
5144 5145
5146 5147
5146 5148
5147 5148
5149 5150
5149 5151
5150 5151
5152 5153
5152 5154
5153 5154
5155 5156
5155 5157
5156 5157
5158 5159
5158 5160
5159 5160
5161 5162
5161 5163
5162 5163
5164 5165
5164 5166
5165 5166
5167 5168
5167 5169
5168 5169
5170 5171
5170 5172
5171 5172
5173 5174
5173 5175
5174 5175
5176 5177
5176 5178
5177 5178
5179 5180
5179 5181
5180 5181
5182 5183
5182 5184
5183 5184
5185 5186
5185 5187
5186 5187
5188 5189
5188 5190
5189 5190
5191 5192
5191 5193
5192 5193
5194 5195
5194 5196
5195 5196
5197 5198
5197 5199
5198 5199
5200 5201
5200 5202
5201 5202
5203 5204
5203 5205
5204 5205
5206 5207
5206 5208
5207 5208
5209 5210
5209 5211
5210 5211
5212 5213
5212 5214
5213 5214
5215 5216
5215 5217
5216 5217
5218 5219
5218 5220
5219 5220
5221 5222
5221 5223
5222 5223
5224 5225
5224 5226
5225 5226
5227 5228
5227 5229
5228 5229
5230 5231
5230 5232
5231 5232
5233 5234
5233 5235
5234 5235
5236 5237
5236 5238
5237 5238
5239 5240
5239 5241
5240 5241
5242 5243
5242 5244
5243 5244
5245 5246
5245 5247
5246 5247
5248 5249
5248 5250
5249 5250
5251 5252
5251 5253
5252 5253
5254 5255
5254 5256
5255 5256
5257 5258
5257 5259
5258 5259
5260 5261
5260 5262
5261 5262
5263 5264
5263 5265
5264 5265
5266 5267
5266 5268
5267 5268
5269 5270
5269 5271
5270 5271
5272 5273
5272 5274
5273 5274
5275 5276
5275 5277
5276 5277
5278 5279
5278 5280
5279 5280
5281 5282
5281 5283
5282 5283
5284 5285
5284 5286
5285 5286
5287 5288
5287 5289
5288 5289
5290 5291
5290 5292
5291 5292
5293 5294
5293 5295
5294 5295
5296 5297
5296 5298
5297 5298
5299 5300
5299 5301
5300 5301
5302 5303
5302 5304
5303 5304
5305 5306
5305 5307
5306 5307
5308 5309
5308 5310
5309 5310
5311 5312
5311 5313
5312 5313
5314 5315
5314 5316
5315 5316
5317 5318
5317 5319
5318 5319
5320 5321
5320 5322
5321 5322
5323 5324
5323 5325
5324 5325
5326 5327
5326 5328
5327 5328
5329 5330
5329 5331
5330 5331
5332 5333
5332 5334
5333 5334
5335 5336
5335 5337
5336 5337
5338 5339
5338 5340
5339 5340
5341 5342
5341 5343
5342 5343
5344 5345
5344 5346
5345 5346
5347 5348
5347 5349
5348 5349
5350 5351
5350 5352
5351 5352
5353 5354
5353 5355
5354 5355
5356 5357
5356 5358
5357 5358
5359 5360
5359 5361
5360 5361
5362 5363
5362 5364
5363 5364
5365 5366
5365 5367
5366 5367
5368 5369
5368 5370
5369 5370
5371 5372
5371 5373
5372 5373
5374 5375
5374 5376
5375 5376
5377 5378
5377 5379
5378 5379
5380 5381
5380 5382
5381 5382
5383 5384
5383 5385
5384 5385
5386 5387
5386 5388
5387 5388
5389 5390
5389 5391
5390 5391
5392 5393
5392 5394
5393 5394
5395 5396
5395 5397
5396 5397
5398 5399
5398 5400
5399 5400
5401 5402
5401 5403
5402 5403
5404 5405
5404 5406
5405 5406
5407 5408
5407 5409
5408 5409
5410 5411
5410 5412
5411 5412
5413 5414
5413 5415
5414 5415
5416 5417
5416 5418
5417 5418
5419 5420
5419 5421
5420 5421
5422 5423
5422 5424
5423 5424
5425 5426
5425 5427
5426 5427
5428 5429
5428 5430
5429 5430
5431 5432
5431 5433
5432 5433
5434 5435
5434 5436
5435 5436
5437 5438
5437 5439
5438 5439
5440 5441
5440 5442
5441 5442
5443 5444
5443 5445
5444 5445
5446 5447
5446 5448
5447 5448
5449 5450
5449 5451
5450 5451
5452 5453
5452 5454
5453 5454
5455 5456
5455 5457
5456 5457
5458 5459
5458 5460
5459 5460
5461 5462
5461 5463
5462 5463
5464 5465
5464 5466
5465 5466
5467 5468
5467 5469
5468 5469
5470 5471
5470 5472
5471 5472
5473 5474
5473 5475
5474 5475
5476 5477
5476 5478
5477 5478
5479 5480
5479 5481
5480 5481
5482 5483
5482 5484
5483 5484
5485 5486
5485 5487
5486 5487
5488 5489
5488 5490
5489 5490
5491 5492
5491 5493
5492 5493
5494 5495
5494 5496
5495 5496
5497 5498
5497 5499
5498 5499
5500 5501
5500 5502
5501 5502
5503 5504
5503 5505
5504 5505
5506 5507
5506 5508
5507 5508
5509 5510
5509 5511
5510 5511
5512 5513
5512 5514
5513 5514
5515 5516
5515 5517
5516 5517
5518 5519
5518 5520
5519 5520
5521 5522
5521 5523
5522 5523
5524 5525
5524 5526
5525 5526
5527 5528
5527 5529
5528 5529
5530 5531
5530 5532
5531 5532
5533 5534
5533 5535
5534 5535
5536 5537
5536 5538
5537 5538
5539 5540
5539 5541
5540 5541
5542 5543
5542 5544
5543 5544
5545 5546
5545 5547
5546 5547
5548 5549
5548 5550
5549 5550
5551 5552
5551 5553
5552 5553
5554 5555
5554 5556
5555 5556
5557 5558
5557 5559
5558 5559
5560 5561
5560 5562
5561 5562
5563 5564
5563 5565
5564 5565
5566 5567
5566 5568
5567 5568
5569 5570
5569 5571
5570 5571
5572 5573
5572 5574
5573 5574
5575 5576
5575 5577
5576 5577
5578 5579
5578 5580
5579 5580
5581 5582
5581 5583
5582 5583
5584 5585
5584 5586
5585 5586
5587 5588
5587 5589
5588 5589
5590 5591
5590 5592
5591 5592
5593 5594
5593 5595
5594 5595
5596 5597
5596 5598
5597 5598
5599 5600
5599 5601
5600 5601
5602 5603
5602 5604
5603 5604
5605 5606
5605 5607
5606 5607
5608 5609
5608 5610
5609 5610
5611 5612
5611 5613
5612 5613
5614 5615
5614 5616
5615 5616
5617 5618
5617 5619
5618 5619
5620 5621
5620 5622
5621 5622
5623 5624
5623 5625
5624 5625
5626 5627
5626 5628
5627 5628
5629 5630
5629 5631
5630 5631
5632 5633
5632 5634
5633 5634
5635 5636
5635 5637
5636 5637
5638 5639
5638 5640
5639 5640
5641 5642
5641 5643
5642 5643
5644 5645
5644 5646
5645 5646
5647 5648
5647 5649
5648 5649
5650 5651
5650 5652
5651 5652
5653 5654
5653 5655
5654 5655
5656 5657
5656 5658
5657 5658
5659 5660
5659 5661
5660 5661
5662 5663
5662 5664
5663 5664
5665 5666
5665 5667
5666 5667
5668 5669
5668 5670
5669 5670
5671 5672
5671 5673
5672 5673
5674 5675
5674 5676
5675 5676
5677 5678
5677 5679
5678 5679
5680 5681
5680 5682
5681 5682
5683 5684
5683 5685
5684 5685
5686 5687
5686 5688
5687 5688
5689 5690
5689 5691
5690 5691
5692 5693
5692 5694
5693 5694
5695 5696
5695 5697
5696 5697
5698 5699
5698 5700
5699 5700
5701 5702
5701 5703
5702 5703
5704 5705
5704 5706
5705 5706
5707 5708
5707 5709
5708 5709
5710 5711
5710 5712
5711 5712
5713 5714
5713 5715
5714 5715
5716 5717
5716 5718
5717 5718
5719 5720
5719 5721
5720 5721
5722 5723
5722 5724
5723 5724
5725 5726
5725 5727
5726 5727
5728 5729
5728 5730
5729 5730
5731 5732
5731 5733
5732 5733
5734 5735
5734 5736
5735 5736
5737 5738
5737 5739
5738 5739
5740 5741
5740 5742
5741 5742
5743 5744
5743 5745
5744 5745
5746 5747
5746 5748
5747 5748
5749 5750
5749 5751
5750 5751
5752 5753
5752 5754
5753 5754
5755 5756
5755 5757
5756 5757
5758 5759
5758 5760
5759 5760
5761 5762
5761 5763
5762 5763
5764 5765
5764 5766
5765 5766
5767 5768
5767 5769
5768 5769
5770 5771
5770 5772
5771 5772
5773 5774
5773 5775
5774 5775
5776 5777
5776 5778
5777 5778
5779 5780
5779 5781
5780 5781
5782 5783
5782 5784
5783 5784
5785 5786
5785 5787
5786 5787
5788 5789
5788 5790
5789 5790
5791 5792
5791 5793
5792 5793
5794 5795
5794 5796
5795 5796
5797 5798
5797 5799
5798 5799
5800 5801
5800 5802
5801 5802
5803 5804
5803 5805
5804 5805
5806 5807
5806 5808
5807 5808
5809 5810
5809 5811
5810 5811
5812 5813
5812 5814
5813 5814
5815 5816
5815 5817
5816 5817
5818 5819
5818 5820
5819 5820
5821 5822
5821 5823
5822 5823
5824 5825
5824 5826
5825 5826
5827 5828
5827 5829
5828 5829
5830 5831
5830 5832
5831 5832
5833 5834
5833 5835
5834 5835
5836 5837
5836 5838
5837 5838
5839 5840
5839 5841
5840 5841
5842 5843
5842 5844
5843 5844
5845 5846
5845 5847
5846 5847
5848 5849
5848 5850
5849 5850
5851 5852
5851 5853
5852 5853
5854 5855
5854 5856
5855 5856
5857 5858
5857 5859
5858 5859
5860 5861
5860 5862
5861 5862
5863 5864
5863 5865
5864 5865
5866 5867
5866 5868
5867 5868
5869 5870
5869 5871
5870 5871
5872 5873
5872 5874
5873 5874
5875 5876
5875 5877
5876 5877
5878 5879
5878 5880
5879 5880
5881 5882
5881 5883
5882 5883
5884 5885
5884 5886
5885 5886
5887 5888
5887 5889
5888 5889
5890 5891
5890 5892
5891 5892
5893 5894
5893 5895
5894 5895
5896 5897
5896 5898
5897 5898
5899 5900
5899 5901
5900 5901
5902 5903
5902 5904
5903 5904
5905 5906
5905 5907
5906 5907
5908 5909
5908 5910
5909 5910
5911 5912
5911 5913
5912 5913
5914 5915
5914 5916
5915 5916
5917 5918
5917 5919
5918 5919
5920 5921
5920 5922
5921 5922
5923 5924
5923 5925
5924 5925
5926 5927
5926 5928
5927 5928
5929 5930
5929 5931
5930 5931
5932 5933
5932 5934
5933 5934
5935 5936
5935 5937
5936 5937
5938 5939
5938 5940
5939 5940
5941 5942
5941 5943
5942 5943
5944 5945
5944 5946
5945 5946
5947 5948
5947 5949
5948 5949
5950 5951
5950 5952
5951 5952
5953 5954
5953 5955
5954 5955
5956 5957
5956 5958
5957 5958
5959 5960
5959 5961
5960 5961
5962 5963
5962 5964
5963 5964
5965 5966
5965 5967
5966 5967
5968 5969
5968 5970
5969 5970
5971 5972
5971 5973
5972 5973
5974 5975
5974 5976
5975 5976
5977 5978
5977 5979
5978 5979
5980 5981
5980 5982
5981 5982
5983 5984
5983 5985
5984 5985
5986 5987
5986 5988
5987 5988
5989 5990
5989 5991
5990 5991
5992 5993
5992 5994
5993 5994
5995 5996
5995 5997
5996 5997
5998 5999
5998 6000
5999 6000
6001 6002
6001 6003
6002 6003
6004 6005
6004 6006
6005 6006
6007 6008
6007 6009
6008 6009
6010 6011
6010 6012
6011 6012
6013 6014
6013 6015
6014 6015
6016 6017
6016 6018
6017 6018
6019 6020
6019 6021
6020 6021
6022 6023
6022 6024
6023 6024
6025 6026
6025 6027
6026 6027
6028 6029
6028 6030
6029 6030
6031 6032
6031 6033
6032 6033
6034 6035
6034 6036
6035 6036
6037 6038
6037 6039
6038 6039
6040 6041
6040 6042
6041 6042
6043 6044
6043 6045
6044 6045
6046 6047
6046 6048
6047 6048
6049 6050
6049 6051
6050 6051
6052 6053
6052 6054
6053 6054
6055 6056
6055 6057
6056 6057
6058 6059
6058 6060
6059 6060
6061 6062
6061 6063
6062 6063
6064 6065
6064 6066
6065 6066
6067 6068
6067 6069
6068 6069
6070 6071
6070 6072
6071 6072
6073 6074
6073 6075
6074 6075
6076 6077
6076 6078
6077 6078
6079 6080
6079 6081
6080 6081
6082 6083
6082 6084
6083 6084
6085 6086
6085 6087
6086 6087
6088 6089
6088 6090
6089 6090
6091 6092
6091 6093
6092 6093
6094 6095
6094 6096
6095 6096
6097 6098
6097 6099
6098 6099
6100 6101
6100 6102
6101 6102
6103 6104
6103 6105
6104 6105
6106 6107
6106 6108
6107 6108
6109 6110
6109 6111
6110 6111
6112 6113
6112 6114
6113 6114
6115 6116
6115 6117
6116 6117
6118 6119
6118 6120
6119 6120
6121 6122
6121 6123
6122 6123
6124 6125
6124 6126
6125 6126
6127 6128
6127 6129
6128 6129
6130 6131
6130 6132
6131 6132
6133 6134
6133 6135
6134 6135
6136 6137
6136 6138
6137 6138
6139 6140
6139 6141
6140 6141
6142 6143
6142 6144
6143 6144
6145 6146
6145 6147
6146 6147
6148 6149
6148 6150
6149 6150
6151 6152
6151 6153
6152 6153
6154 6155
6154 6156
6155 6156
6157 6158
6157 6159
6158 6159
6160 6161
6160 6162
6161 6162
6163 6164
6163 6165
6164 6165
6166 6167
6166 6168
6167 6168
6169 6170
6169 6171
6170 6171
6172 6173
6172 6174
6173 6174
6175 6176
6175 6177
6176 6177
6178 6179
6178 6180
6179 6180
6181 6182
6181 6183
6182 6183
6184 6185
6184 6186
6185 6186
6187 6188
6187 6189
6188 6189
6190 6191
6190 6192
6191 6192
6193 6194
6193 6195
6194 6195
6196 6197
6196 6198
6197 6198
6199 6200
6199 6201
6200 6201
6202 6203
6202 6204
6203 6204
6205 6206
6205 6207
6206 6207
6208 6209
6208 6210
6209 6210
6211 6212
6211 6213
6212 6213
6214 6215
6214 6216
6215 6216
6217 6218
6217 6219
6218 6219
6220 6221
6220 6222
6221 6222
6223 6224
6223 6225
6224 6225
6226 6227
6226 6228
6227 6228
6229 6230
6229 6231
6230 6231
6232 6233
6232 6234
6233 6234
6235 6236
6235 6237
6236 6237
6238 6239
6238 6240
6239 6240
6241 6242
6241 6243
6242 6243
6244 6245
6244 6246
6245 6246
6247 6248
6247 6249
6248 6249
6250 6251
6250 6252
6251 6252
6253 6254
6253 6255
6254 6255
6256 6257
6256 6258
6257 6258
6259 6260
6259 6261
6260 6261
6262 6263
6262 6264
6263 6264
6265 6266
6265 6267
6266 6267
6268 6269
6268 6270
6269 6270
6271 6272
6271 6273
6272 6273
6274 6275
6274 6276
6275 6276
6277 6278
6277 6279
6278 6279
6280 6281
6280 6282
6281 6282
6283 6284
6283 6285
6284 6285
6286 6287
6286 6288
6287 6288
6289 6290
6289 6291
6290 6291
6292 6293
6292 6294
6293 6294
6295 6296
6295 6297
6296 6297
6298 6299
6298 6300
6299 6300
6301 6302
6301 6303
6302 6303
6304 6305
6304 6306
6305 6306
6307 6308
6307 6309
6308 6309
6310 6311
6310 6312
6311 6312
6313 6314
6313 6315
6314 6315
6316 6317
6316 6318
6317 6318
6319 6320
6319 6321
6320 6321
6322 6323
6322 6324
6323 6324
6325 6326
6325 6327
6326 6327
6328 6329
6328 6330
6329 6330
6331 6332
6331 6333
6332 6333
6334 6335
6334 6336
6335 6336
6337 6338
6337 6339
6338 6339
6340 6341
6340 6342
6341 6342
6343 6344
6343 6345
6344 6345
6346 6347
6346 6348
6347 6348
6349 6350
6349 6351
6350 6351
6352 6353
6352 6354
6353 6354
6355 6356
6355 6357
6356 6357
6358 6359
6358 6360
6359 6360
6361 6362
6361 6363
6362 6363
6364 6365
6364 6366
6365 6366
6367 6368
6367 6369
6368 6369
6370 6371
6370 6372
6371 6372
6373 6374
6373 6375
6374 6375
6376 6377
6376 6378
6377 6378
6379 6380
6379 6381
6380 6381
6382 6383
6382 6384
6383 6384
6385 6386
6385 6387
6386 6387
6388 6389
6388 6390
6389 6390
6391 6392
6391 6393
6392 6393
6394 6395
6394 6396
6395 6396
6397 6398
6397 6399
6398 6399
6400 6401
6400 6402
6401 6402
6403 6404
6403 6405
6404 6405
6406 6407
6406 6408
6407 6408
6409 6410
6409 6411
6410 6411
6412 6413
6412 6414
6413 6414
6415 6416
6415 6417
6416 6417
6418 6419
6418 6420
6419 6420
6421 6422
6421 6423
6422 6423
6424 6425
6424 6426
6425 6426
6427 6428
6427 6429
6428 6429
6430 6431
6430 6432
6431 6432
6433 6434
6433 6435
6434 6435
6436 6437
6436 6438
6437 6438
6439 6440
6439 6441
6440 6441
6442 6443
6442 6444
6443 6444
6445 6446
6445 6447
6446 6447
6448 6449
6448 6450
6449 6450
6451 6452
6451 6453
6452 6453
6454 6455
6454 6456
6455 6456
6457 6458
6457 6459
6458 6459
6460 6461
6460 6462
6461 6462
6463 6464
6463 6465
6464 6465
6466 6467
6466 6468
6467 6468
6469 6470
6469 6471
6470 6471
6472 6473
6472 6474
6473 6474
6475 6476
6475 6477
6476 6477
6478 6479
6478 6480
6479 6480
6481 6482
6481 6483
6482 6483
6484 6485
6484 6486
6485 6486
6487 6488
6487 6489
6488 6489
6490 6491
6490 6492
6491 6492
6493 6494
6493 6495
6494 6495
6496 6497
6496 6498
6497 6498
6499 6500
6499 6501
6500 6501
6502 6503
6502 6504
6503 6504
6505 6506
6505 6507
6506 6507
6508 6509
6508 6510
6509 6510
6511 6512
6511 6513
6512 6513
6514 6515
6514 6516
6515 6516
6517 6518
6517 6519
6518 6519
6520 6521
6520 6522
6521 6522
6523 6524
6523 6525
6524 6525
6526 6527
6526 6528
6527 6528
6529 6530
6529 6531
6530 6531
6532 6533
6532 6534
6533 6534
6535 6536
6535 6537
6536 6537
6538 6539
6538 6540
6539 6540
6541 6542
6541 6543
6542 6543
6544 6545
6544 6546
6545 6546
6547 6548
6547 6549
6548 6549
6550 6551
6550 6552
6551 6552
6553 6554
6553 6555
6554 6555
6556 6557
6556 6558
6557 6558
6559 6560
6559 6561
6560 6561
6562 6563
6562 6564
6563 6564
6565 6566
6565 6567
6566 6567
6568 6569
6568 6570
6569 6570
6571 6572
6571 6573
6572 6573
6574 6575
6574 6576
6575 6576
6577 6578
6577 6579
6578 6579
6580 6581
6580 6582
6581 6582
6583 6584
6583 6585
6584 6585
6586 6587
6586 6588
6587 6588
6589 6590
6589 6591
6590 6591
6592 6593
6592 6594
6593 6594
6595 6596
6595 6597
6596 6597
6598 6599
6598 6600
6599 6600
6601 6602
6601 6603
6602 6603
6604 6605
6604 6606
6605 6606
6607 6608
6607 6609
6608 6609
6610 6611
6610 6612
6611 6612
6613 6614
6613 6615
6614 6615
6616 6617
6616 6618
6617 6618
6619 6620
6619 6621
6620 6621
6622 6623
6622 6624
6623 6624
6625 6626
6625 6627
6626 6627
6628 6629
6628 6630
6629 6630
6631 6632
6631 6633
6632 6633
6634 6635
6634 6636
6635 6636
6637 6638
6637 6639
6638 6639
6640 6641
6640 6642
6641 6642
6643 6644
6643 6645
6644 6645
6646 6647
6646 6648
6647 6648
6649 6650
6649 6651
6650 6651
6652 6653
6652 6654
6653 6654
6655 6656
6655 6657
6656 6657
6658 6659
6658 6660
6659 6660
6661 6662
6661 6663
6662 6663
6664 6665
6664 6666
6665 6666
6667 6668
6667 6669
6668 6669
6670 6671
6670 6672
6671 6672
6673 6674
6673 6675
6674 6675
6676 6677
6676 6678
6677 6678
6679 6680
6679 6681
6680 6681
6682 6683
6682 6684
6683 6684
6685 6686
6685 6687
6686 6687
6688 6689
6688 6690
6689 6690
6691 6692
6691 6693
6692 6693
6694 6695
6694 6696
6695 6696
6697 6698
6697 6699
6698 6699
6700 6701
6700 6702
6701 6702
6703 6704
6703 6705
6704 6705
6706 6707
6706 6708
6707 6708
6709 6710
6709 6711
6710 6711
6712 6713
6712 6714
6713 6714
6715 6716
6715 6717
6716 6717
6718 6719
6718 6720
6719 6720
6721 6722
6721 6723
6722 6723
6724 6725
6724 6726
6725 6726
6727 6728
6727 6729
6728 6729
6730 6731
6730 6732
6731 6732
6733 6734
6733 6735
6734 6735
6736 6737
6736 6738
6737 6738
6739 6740
6739 6741
6740 6741
6742 6743
6742 6744
6743 6744
6745 6746
6745 6747
6746 6747
6748 6749
6748 6750
6749 6750
6751 6752
6751 6753
6752 6753
6754 6755
6754 6756
6755 6756
6757 6758
6757 6759
6758 6759
6760 6761
6760 6762
6761 6762
6763 6764
6763 6765
6764 6765
6766 6767
6766 6768
6767 6768
6769 6770
6769 6771
6770 6771
6772 6773
6772 6774
6773 6774
6775 6776
6775 6777
6776 6777
6778 6779
6778 6780
6779 6780
6781 6782
6781 6783
6782 6783
6784 6785
6784 6786
6785 6786
6787 6788
6787 6789
6788 6789
6790 6791
6790 6792
6791 6792
6793 6794
6793 6795
6794 6795
6796 6797
6796 6798
6797 6798
6799 6800
6799 6801
6800 6801
6802 6803
6802 6804
6803 6804
6805 6806
6805 6807
6806 6807
6808 6809
6808 6810
6809 6810
6811 6812
6811 6813
6812 6813
6814 6815
6814 6816
6815 6816
6817 6818
6817 6819
6818 6819
6820 6821
6820 6822
6821 6822
6823 6824
6823 6825
6824 6825
6826 6827
6826 6828
6827 6828
6829 6830
6829 6831
6830 6831
6832 6833
6832 6834
6833 6834
6835 6836
6835 6837
6836 6837
6838 6839
6838 6840
6839 6840
6841 6842
6841 6843
6842 6843
6844 6845
6844 6846
6845 6846
6847 6848
6847 6849
6848 6849
6850 6851
6850 6852
6851 6852
6853 6854
6853 6855
6854 6855
6856 6857
6856 6858
6857 6858
6859 6860
6859 6861
6860 6861
6862 6863
6862 6864
6863 6864
6865 6866
6865 6867
6866 6867
6868 6869
6868 6870
6869 6870
6871 6872
6871 6873
6872 6873
6874 6875
6874 6876
6875 6876
6877 6878
6877 6879
6878 6879
6880 6881
6880 6882
6881 6882
6883 6884
6883 6885
6884 6885
6886 6887
6886 6888
6887 6888
6889 6890
6889 6891
6890 6891
6892 6893
6892 6894
6893 6894
6895 6896
6895 6897
6896 6897
6898 6899
6898 6900
6899 6900
6901 6902
6901 6903
6902 6903
6904 6905
6904 6906
6905 6906
6907 6908
6907 6909
6908 6909
6910 6911
6910 6912
6911 6912
6913 6914
6913 6915
6914 6915
6916 6917
6916 6918
6917 6918
6919 6920
6919 6921
6920 6921
6922 6923
6922 6924
6923 6924
6925 6926
6925 6927
6926 6927
6928 6929
6928 6930
6929 6930
6931 6932
6931 6933
6932 6933
6934 6935
6934 6936
6935 6936
6937 6938
6937 6939
6938 6939
6940 6941
6940 6942
6941 6942
6943 6944
6943 6945
6944 6945
6946 6947
6946 6948
6947 6948
6949 6950
6949 6951
6950 6951
6952 6953
6952 6954
6953 6954
6955 6956
6955 6957
6956 6957
6958 6959
6958 6960
6959 6960
6961 6962
6961 6963
6962 6963
6964 6965
6964 6966
6965 6966
6967 6968
6967 6969
6968 6969
6970 6971
6970 6972
6971 6972
6973 6974
6973 6975
6974 6975
6976 6977
6976 6978
6977 6978
6979 6980
6979 6981
6980 6981
6982 6983
6982 6984
6983 6984
6985 6986
6985 6987
6986 6987
6988 6989
6988 6990
6989 6990
6991 6992
6991 6993
6992 6993
6994 6995
6994 6996
6995 6996
6997 6998
6997 6999
6998 6999
7000 7001
7000 7002
7001 7002
7003 7004
7003 7005
7004 7005
7006 7007
7006 7008
7007 7008
7009 7010
7009 7011
7010 7011
7012 7013
7012 7014
7013 7014
7015 7016
7015 7017
7016 7017
7018 7019
7018 7020
7019 7020
7021 7022
7021 7023
7022 7023
7024 7025
7024 7026
7025 7026
7027 7028
7027 7029
7028 7029
7030 7031
7030 7032
7031 7032
7033 7034
7033 7035
7034 7035
7036 7037
7036 7038
7037 7038
7039 7040
7039 7041
7040 7041
7042 7043
7042 7044
7043 7044
7045 7046
7045 7047
7046 7047
7048 7049
7048 7050
7049 7050
7051 7052
7051 7053
7052 7053
7054 7055
7054 7056
7055 7056
7057 7058
7057 7059
7058 7059
7060 7061
7060 7062
7061 7062
7063 7064
7063 7065
7064 7065
7066 7067
7066 7068
7067 7068
7069 7070
7069 7071
7070 7071
7072 7073
7072 7074
7073 7074
7075 7076
7075 7077
7076 7077
7078 7079
7078 7080
7079 7080
7081 7082
7081 7083
7082 7083
7084 7085
7084 7086
7085 7086
7087 7088
7087 7089
7088 7089
7090 7091
7090 7092
7091 7092
7093 7094
7093 7095
7094 7095
7096 7097
7096 7098
7097 7098
7099 7100
7099 7101
7100 7101
7102 7103
7102 7104
7103 7104
7105 7106
7105 7107
7106 7107
7108 7109
7108 7110
7109 7110
7111 7112
7111 7113
7112 7113
7114 7115
7114 7116
7115 7116
7117 7118
7117 7119
7118 7119
7120 7121
7120 7122
7121 7122
7123 7124
7123 7125
7124 7125
7126 7127
7126 7128
7127 7128
7129 7130
7129 7131
7130 7131
7132 7133
7132 7134
7133 7134
7135 7136
7135 7137
7136 7137
7138 7139
7138 7140
7139 7140
7141 7142
7141 7143
7142 7143
7144 7145
7144 7146
7145 7146
7147 7148
7147 7149
7148 7149
7150 7151
7150 7152
7151 7152
7153 7154
7153 7155
7154 7155
7156 7157
7156 7158
7157 7158
7159 7160
7159 7161
7160 7161
7162 7163
7162 7164
7163 7164
7165 7166
7165 7167
7166 7167
7168 7169
7168 7170
7169 7170
7171 7172
7171 7173
7172 7173
7174 7175
7174 7176
7175 7176
7177 7178
7177 7179
7178 7179
7180 7181
7180 7182
7181 7182
7183 7184
7183 7185
7184 7185
7186 7187
7186 7188
7187 7188
7189 7190
7189 7191
7190 7191
7192 7193
7192 7194
7193 7194
7195 7196
7195 7197
7196 7197
7198 7199
7198 7200
7199 7200
7201 7202
7201 7203
7202 7203
7204 7205
7204 7206
7205 7206
7207 7208
7207 7209
7208 7209
7210 7211
7210 7212
7211 7212
7213 7214
7213 7215
7214 7215
7216 7217
7216 7218
7217 7218
7219 7220
7219 7221
7220 7221
7222 7223
7222 7224
7223 7224
7225 7226
7225 7227
7226 7227
7228 7229
7228 7230
7229 7230
7231 7232
7231 7233
7232 7233
7234 7235
7234 7236
7235 7236
7237 7238
7237 7239
7238 7239
7240 7241
7240 7242
7241 7242
7243 7244
7243 7245
7244 7245
7246 7247
7246 7248
7247 7248
7249 7250
7249 7251
7250 7251
7252 7253
7252 7254
7253 7254
7255 7256
7255 7257
7256 7257
7258 7259
7258 7260
7259 7260
7261 7262
7261 7263
7262 7263
7264 7265
7264 7266
7265 7266
7267 7268
7267 7269
7268 7269
7270 7271
7270 7272
7271 7272
7273 7274
7273 7275
7274 7275
7276 7277
7276 7278
7277 7278
7279 7280
7279 7281
7280 7281
7282 7283
7282 7284
7283 7284
7285 7286
7285 7287
7286 7287
7288 7289
7288 7290
7289 7290
7291 7292
7291 7293
7292 7293
7294 7295
7294 7296
7295 7296
7297 7298
7297 7299
7298 7299
7300 7301
7300 7302
7301 7302
7303 7304
7303 7305
7304 7305
7306 7307
7306 7308
7307 7308
7309 7310
7309 7311
7310 7311
7312 7313
7312 7314
7313 7314
7315 7316
7315 7317
7316 7317
7318 7319
7318 7320
7319 7320
7321 7322
7321 7323
7322 7323
7324 7325
7324 7326
7325 7326
7327 7328
7327 7329
7328 7329
7330 7331
7330 7332
7331 7332
7333 7334
7333 7335
7334 7335
7336 7337
7336 7338
7337 7338
7339 7340
7339 7341
7340 7341
7342 7343
7342 7344
7343 7344
7345 7346
7345 7347
7346 7347
7348 7349
7348 7350
7349 7350
7351 7352
7351 7353
7352 7353
7354 7355
7354 7356
7355 7356
7357 7358
7357 7359
7358 7359
7360 7361
7360 7362
7361 7362
7363 7364
7363 7365
7364 7365
7366 7367
7366 7368
7367 7368
7369 7370
7369 7371
7370 7371
7372 7373
7372 7374
7373 7374
7375 7376
7375 7377
7376 7377
7378 7379
7378 7380
7379 7380
7381 7382
7381 7383
7382 7383
7384 7385
7384 7386
7385 7386
7387 7388
7387 7389
7388 7389
7390 7391
7390 7392
7391 7392
7393 7394
7393 7395
7394 7395
7396 7397
7396 7398
7397 7398
7399 7400
7399 7401
7400 7401
7402 7403
7402 7404
7403 7404
7405 7406
7405 7407
7406 7407
7408 7409
7408 7410
7409 7410
7411 7412
7411 7413
7412 7413
7414 7415
7414 7416
7415 7416
7417 7418
7417 7419
7418 7419
7420 7421
7420 7422
7421 7422
7423 7424
7423 7425
7424 7425
7426 7427
7426 7428
7427 7428
7429 7430
7429 7431
7430 7431
7432 7433
7432 7434
7433 7434
7435 7436
7435 7437
7436 7437
7438 7439
7438 7440
7439 7440
7441 7442
7441 7443
7442 7443
7444 7445
7444 7446
7445 7446
7447 7448
7447 7449
7448 7449
7450 7451
7450 7452
7451 7452
7453 7454
7453 7455
7454 7455
7456 7457
7456 7458
7457 7458
7459 7460
7459 7461
7460 7461
7462 7463
7462 7464
7463 7464
7465 7466
7465 7467
7466 7467
7468 7469
7468 7470
7469 7470
7471 7472
7471 7473
7472 7473
7474 7475
7474 7476
7475 7476
7477 7478
7477 7479
7478 7479
7480 7481
7480 7482
7481 7482
7483 7484
7483 7485
7484 7485
7486 7487
7486 7488
7487 7488
7489 7490
7489 7491
7490 7491
7492 7493
7492 7494
7493 7494
7495 7496
7495 7497
7496 7497
7498 7499
7498 7500
7499 7500
7501 7502
7501 7503
7502 7503
7504 7505
7504 7506
7505 7506
7507 7508
7507 7509
7508 7509
7510 7511
7510 7512
7511 7512
7513 7514
7513 7515
7514 7515
7516 7517
7516 7518
7517 7518
7519 7520
7519 7521
7520 7521
7522 7523
7522 7524
7523 7524
7525 7526
7525 7527
7526 7527
7528 7529
7528 7530
7529 7530
7531 7532
7531 7533
7532 7533
7534 7535
7534 7536
7535 7536
7537 7538
7537 7539
7538 7539
7540 7541
7540 7542
7541 7542
7543 7544
7543 7545
7544 7545
7546 7547
7546 7548
7547 7548
7549 7550
7549 7551
7550 7551
7552 7553
7552 7554
7553 7554
7555 7556
7555 7557
7556 7557
7558 7559
7558 7560
7559 7560
7561 7562
7561 7563
7562 7563
7564 7565
7564 7566
7565 7566
7567 7568
7567 7569
7568 7569
7570 7571
7570 7572
7571 7572
7573 7574
7573 7575
7574 7575
7576 7577
7576 7578
7577 7578
7579 7580
7579 7581
7580 7581
7582 7583
7582 7584
7583 7584
7585 7586
7585 7587
7586 7587
7588 7589
7588 7590
7589 7590
7591 7592
7591 7593
7592 7593
7594 7595
7594 7596
7595 7596
7597 7598
7597 7599
7598 7599
7600 7601
7600 7602
7601 7602
7603 7604
7603 7605
7604 7605
7606 7607
7606 7608
7607 7608
7609 7610
7609 7611
7610 7611
7612 7613
7612 7614
7613 7614
7615 7616
7615 7617
7616 7617
7618 7619
7618 7620
7619 7620
7621 7622
7621 7623
7622 7623
7624 7625
7624 7626
7625 7626
7627 7628
7627 7629
7628 7629
7630 7631
7630 7632
7631 7632
7633 7634
7633 7635
7634 7635
7636 7637
7636 7638
7637 7638
7639 7640
7639 7641
7640 7641
7642 7643
7642 7644
7643 7644
7645 7646
7645 7647
7646 7647
7648 7649
7648 7650
7649 7650
7651 7652
7651 7653
7652 7653
7654 7655
7654 7656
7655 7656
7657 7658
7657 7659
7658 7659
7660 7661
7660 7662
7661 7662
7663 7664
7663 7665
7664 7665
7666 7667
7666 7668
7667 7668
7669 7670
7669 7671
7670 7671
7672 7673
7672 7674
7673 7674
7675 7676
7675 7677
7676 7677
7678 7679
7678 7680
7679 7680
7681 7682
7681 7683
7682 7683
7684 7685
7684 7686
7685 7686
7687 7688
7687 7689
7688 7689
7690 7691
7690 7692
7691 7692
7693 7694
7693 7695
7694 7695
7696 7697
7696 7698
7697 7698
7699 7700
7699 7701
7700 7701
7702 7703
7702 7704
7703 7704
7705 7706
7705 7707
7706 7707
7708 7709
7708 7710
7709 7710
7711 7712
7711 7713
7712 7713
7714 7715
7714 7716
7715 7716
7717 7718
7717 7719
7718 7719
7720 7721
7720 7722
7721 7722
7723 7724
7723 7725
7724 7725
7726 7727
7726 7728
7727 7728
7729 7730
7729 7731
7730 7731
7732 7733
7732 7734
7733 7734
7735 7736
7735 7737
7736 7737
7738 7739
7738 7740
7739 7740
7741 7742
7741 7743
7742 7743
7744 7745
7744 7746
7745 7746
7747 7748
7747 7749
7748 7749
7750 7751
7750 7752
7751 7752
7753 7754
7753 7755
7754 7755
7756 7757
7756 7758
7757 7758
7759 7760
7759 7761
7760 7761
7762 7763
7762 7764
7763 7764
7765 7766
7765 7767
7766 7767
7768 7769
7768 7770
7769 7770
7771 7772
7771 7773
7772 7773
7774 7775
7774 7776
7775 7776
7777 7778
7777 7779
7778 7779
7780 7781
7780 7782
7781 7782
7783 7784
7783 7785
7784 7785
7786 7787
7786 7788
7787 7788
7789 7790
7789 7791
7790 7791
7792 7793
7792 7794
7793 7794
7795 7796
7795 7797
7796 7797
7798 7799
7798 7800
7799 7800
7801 7802
7801 7803
7802 7803
7804 7805
7804 7806
7805 7806
7807 7808
7807 7809
7808 7809
7810 7811
7810 7812
7811 7812
7813 7814
7813 7815
7814 7815
7816 7817
7816 7818
7817 7818
7819 7820
7819 7821
7820 7821
7822 7823
7822 7824
7823 7824
7825 7826
7825 7827
7826 7827
7828 7829
7828 7830
7829 7830
7831 7832
7831 7833
7832 7833
7834 7835
7834 7836
7835 7836
7837 7838
7837 7839
7838 7839
7840 7841
7840 7842
7841 7842
7843 7844
7843 7845
7844 7845
7846 7847
7846 7848
7847 7848
7849 7850
7849 7851
7850 7851
7852 7853
7852 7854
7853 7854
7855 7856
7855 7857
7856 7857
7858 7859
7858 7860
7859 7860
7861 7862
7861 7863
7862 7863
7864 7865
7864 7866
7865 7866
7867 7868
7867 7869
7868 7869
7870 7871
7870 7872
7871 7872
7873 7874
7873 7875
7874 7875
7876 7877
7876 7878
7877 7878
7879 7880
7879 7881
7880 7881
7882 7883
7882 7884
7883 7884
7885 7886
7885 7887
7886 7887
7888 7889
7888 7890
7889 7890
7891 7892
7891 7893
7892 7893
7894 7895
7894 7896
7895 7896
7897 7898
7897 7899
7898 7899
7900 7901
7900 7902
7901 7902
7903 7904
7903 7905
7904 7905
7906 7907
7906 7908
7907 7908
7909 7910
7909 7911
7910 7911
7912 7913
7912 7914
7913 7914
7915 7916
7915 7917
7916 7917
7918 7919
7918 7920
7919 7920
7921 7922
7921 7923
7922 7923
7924 7925
7924 7926
7925 7926
7927 7928
7927 7929
7928 7929
7930 7931
7930 7932
7931 7932
7933 7934
7933 7935
7934 7935
7936 7937
7936 7938
7937 7938
7939 7940
7939 7941
7940 7941
7942 7943
7942 7944
7943 7944
7945 7946
7945 7947
7946 7947
7948 7949
7948 7950
7949 7950
7951 7952
7951 7953
7952 7953
7954 7955
7954 7956
7955 7956
7957 7958
7957 7959
7958 7959
7960 7961
7960 7962
7961 7962
7963 7964
7963 7965
7964 7965
7966 7967
7966 7968
7967 7968
7969 7970
7969 7971
7970 7971
7972 7973
7972 7974
7973 7974
7975 7976
7975 7977
7976 7977
7978 7979
7978 7980
7979 7980
7981 7982
7981 7983
7982 7983
7984 7985
7984 7986
7985 7986
7987 7988
7987 7989
7988 7989
7990 7991
7990 7992
7991 7992
7993 7994
7993 7995
7994 7995
7996 7997
7996 7998
7997 7998
7999 8000
7999 8001
8000 8001
8002 8003
8002 8004
8003 8004
8005 8006
8005 8007
8006 8007
8008 8009
8008 8010
8009 8010
8011 8012
8011 8013
8012 8013
8014 8015
8014 8016
8015 8016
8017 8018
8017 8019
8018 8019
8020 8021
8020 8022
8021 8022
8023 8024
8023 8025
8024 8025
8026 8027
8026 8028
8027 8028
8029 8030
8029 8031
8030 8031
8032 8033
8032 8034
8033 8034
8035 8036
8035 8037
8036 8037
8038 8039
8038 8040
8039 8040
8041 8042
8041 8043
8042 8043
8044 8045
8044 8046
8045 8046
8047 8048
8047 8049
8048 8049
8050 8051
8050 8052
8051 8052
8053 8054
8053 8055
8054 8055
8056 8057
8056 8058
8057 8058
8059 8060
8059 8061
8060 8061
8062 8063
8062 8064
8063 8064
8065 8066
8065 8067
8066 8067
8068 8069
8068 8070
8069 8070
8071 8072
8071 8073
8072 8073
8074 8075
8074 8076
8075 8076
8077 8078
8077 8079
8078 8079
8080 8081
8080 8082
8081 8082
8083 8084
8083 8085
8084 8085
8086 8087
8086 8088
8087 8088
8089 8090
8089 8091
8090 8091
8092 8093
8092 8094
8093 8094
8095 8096
8095 8097
8096 8097
8098 8099
8098 8100
8099 8100
8101 8102
8101 8103
8102 8103
8104 8105
8104 8106
8105 8106
8107 8108
8107 8109
8108 8109
8110 8111
8110 8112
8111 8112
8113 8114
8113 8115
8114 8115
8116 8117
8116 8118
8117 8118
8119 8120
8119 8121
8120 8121
8122 8123
8122 8124
8123 8124
8125 8126
8125 8127
8126 8127
8128 8129
8128 8130
8129 8130
8131 8132
8131 8133
8132 8133
8134 8135
8134 8136
8135 8136
8137 8138
8137 8139
8138 8139
8140 8141
8140 8142
8141 8142
8143 8144
8143 8145
8144 8145
8146 8147
8146 8148
8147 8148
8149 8150
8149 8151
8150 8151
8152 8153
8152 8154
8153 8154
8155 8156
8155 8157
8156 8157
8158 8159
8158 8160
8159 8160
8161 8162
8161 8163
8162 8163
8164 8165
8164 8166
8165 8166
8167 8168
8167 8169
8168 8169
8170 8171
8170 8172
8171 8172
8173 8174
8173 8175
8174 8175
8176 8177
8176 8178
8177 8178
8179 8180
8179 8181
8180 8181
8182 8183
8182 8184
8183 8184
8185 8186
8185 8187
8186 8187
8188 8189
8188 8190
8189 8190
8191 8192
8191 8193
8192 8193
8194 8195
8194 8196
8195 8196
8197 8198
8197 8199
8198 8199
8200 8201
8200 8202
8201 8202
8203 8204
8203 8205
8204 8205
8206 8207
8206 8208
8207 8208
8209 8210
8209 8211
8210 8211
8212 8213
8212 8214
8213 8214
8215 8216
8215 8217
8216 8217
8218 8219
8218 8220
8219 8220
8221 8222
8221 8223
8222 8223
8224 8225
8224 8226
8225 8226
8227 8228
8227 8229
8228 8229
8230 8231
8230 8232
8231 8232
8233 8234
8233 8235
8234 8235
8236 8237
8236 8238
8237 8238
8239 8240
8239 8241
8240 8241
8242 8243
8242 8244
8243 8244
8245 8246
8245 8247
8246 8247
8248 8249
8248 8250
8249 8250
8251 8252
8251 8253
8252 8253
8254 8255
8254 8256
8255 8256
8257 8258
8257 8259
8258 8259
8260 8261
8260 8262
8261 8262
8263 8264
8263 8265
8264 8265
8266 8267
8266 8268
8267 8268
8269 8270
8269 8271
8270 8271
8272 8273
8272 8274
8273 8274
8275 8276
8275 8277
8276 8277
8278 8279
8278 8280
8279 8280
8281 8282
8281 8283
8282 8283
8284 8285
8284 8286
8285 8286
8287 8288
8287 8289
8288 8289
8290 8291
8290 8292
8291 8292
8293 8294
8293 8295
8294 8295
8296 8297
8296 8298
8297 8298
8299 8300
8299 8301
8300 8301
8302 8303
8302 8304
8303 8304
8305 8306
8305 8307
8306 8307
8308 8309
8308 8310
8309 8310
8311 8312
8311 8313
8312 8313
8314 8315
8314 8316
8315 8316
8317 8318
8317 8319
8318 8319
8320 8321
8320 8322
8321 8322
8323 8324
8323 8325
8324 8325
8326 8327
8326 8328
8327 8328
8329 8330
8329 8331
8330 8331
8332 8333
8332 8334
8333 8334
8335 8336
8335 8337
8336 8337
8338 8339
8338 8340
8339 8340
8341 8342
8341 8343
8342 8343
8344 8345
8344 8346
8345 8346
8347 8348
8347 8349
8348 8349
8350 8351
8350 8352
8351 8352
8353 8354
8353 8355
8354 8355
8356 8357
8356 8358
8357 8358
8359 8360
8359 8361
8360 8361
8362 8363
8362 8364
8363 8364
8365 8366
8365 8367
8366 8367
8368 8369
8368 8370
8369 8370
8371 8372
8371 8373
8372 8373
8374 8375
8374 8376
8375 8376
8377 8378
8377 8379
8378 8379
8380 8381
8380 8382
8381 8382
8383 8384
8383 8385
8384 8385
8386 8387
8386 8388
8387 8388
8389 8390
8389 8391
8390 8391
8392 8393
8392 8394
8393 8394
8395 8396
8395 8397
8396 8397
8398 8399
8398 8400
8399 8400
8401 8402
8401 8403
8402 8403
8404 8405
8404 8406
8405 8406
8407 8408
8407 8409
8408 8409
8410 8411
8410 8412
8411 8412
8413 8414
8413 8415
8414 8415
8416 8417
8416 8418
8417 8418
8419 8420
8419 8421
8420 8421
8422 8423
8422 8424
8423 8424
8425 8426
8425 8427
8426 8427
8428 8429
8428 8430
8429 8430
8431 8432
8431 8433
8432 8433
8434 8435
8434 8436
8435 8436
8437 8438
8437 8439
8438 8439
8440 8441
8440 8442
8441 8442
8443 8444
8443 8445
8444 8445
8446 8447
8446 8448
8447 8448
8449 8450
8449 8451
8450 8451
8452 8453
8452 8454
8453 8454
8455 8456
8455 8457
8456 8457
8458 8459
8458 8460
8459 8460
8461 8462
8461 8463
8462 8463
8464 8465
8464 8466
8465 8466
8467 8468
8467 8469
8468 8469
8470 8471
8470 8472
8471 8472
8473 8474
8473 8475
8474 8475
8476 8477
8476 8478
8477 8478
8479 8480
8479 8481
8480 8481
8482 8483
8482 8484
8483 8484
8485 8486
8485 8487
8486 8487
8488 8489
8488 8490
8489 8490
8491 8492
8491 8493
8492 8493
8494 8495
8494 8496
8495 8496
8497 8498
8497 8499
8498 8499
8500 8501
8500 8502
8501 8502
8503 8504
8503 8505
8504 8505
8506 8507
8506 8508
8507 8508
8509 8510
8509 8511
8510 8511
8512 8513
8512 8514
8513 8514
8515 8516
8515 8517
8516 8517
8518 8519
8518 8520
8519 8520
8521 8522
8521 8523
8522 8523
8524 8525
8524 8526
8525 8526
8527 8528
8527 8529
8528 8529
8530 8531
8530 8532
8531 8532
8533 8534
8533 8535
8534 8535
8536 8537
8536 8538
8537 8538
8539 8540
8539 8541
8540 8541
8542 8543
8542 8544
8543 8544
8545 8546
8545 8547
8546 8547
8548 8549
8548 8550
8549 8550
8551 8552
8551 8553
8552 8553
8554 8555
8554 8556
8555 8556
8557 8558
8557 8559
8558 8559
8560 8561
8560 8562
8561 8562
8563 8564
8563 8565
8564 8565
8566 8567
8566 8568
8567 8568
8569 8570
8569 8571
8570 8571
8572 8573
8572 8574
8573 8574
8575 8576
8575 8577
8576 8577
8578 8579
8578 8580
8579 8580
8581 8582
8581 8583
8582 8583
8584 8585
8584 8586
8585 8586
8587 8588
8587 8589
8588 8589
8590 8591
8590 8592
8591 8592
8593 8594
8593 8595
8594 8595
8596 8597
8596 8598
8597 8598
8599 8600
8599 8601
8600 8601
8602 8603
8602 8604
8603 8604
8605 8606
8605 8607
8606 8607
8608 8609
8608 8610
8609 8610
8611 8612
8611 8613
8612 8613
8614 8615
8614 8616
8615 8616
8617 8618
8617 8619
8618 8619
8620 8621
8620 8622
8621 8622
8623 8624
8623 8625
8624 8625
8626 8627
8626 8628
8627 8628
8629 8630
8629 8631
8630 8631
8632 8633
8632 8634
8633 8634
8635 8636
8635 8637
8636 8637
8638 8639
8638 8640
8639 8640
8641 8642
8641 8643
8642 8643
8644 8645
8644 8646
8645 8646
8647 8648
8647 8649
8648 8649
8650 8651
8650 8652
8651 8652
8653 8654
8653 8655
8654 8655
8656 8657
8656 8658
8657 8658
8659 8660
8659 8661
8660 8661
8662 8663
8662 8664
8663 8664
8665 8666
8665 8667
8666 8667
8668 8669
8668 8670
8669 8670
8671 8672
8671 8673
8672 8673
8674 8675
8674 8676
8675 8676
8677 8678
8677 8679
8678 8679
8680 8681
8680 8682
8681 8682
8683 8684
8683 8685
8684 8685
8686 8687
8686 8688
8687 8688
8689 8690
8689 8691
8690 8691
8692 8693
8692 8694
8693 8694
8695 8696
8695 8697
8696 8697
8698 8699
8698 8700
8699 8700
8701 8702
8701 8703
8702 8703
8704 8705
8704 8706
8705 8706
8707 8708
8707 8709
8708 8709
8710 8711
8710 8712
8711 8712
8713 8714
8713 8715
8714 8715
8716 8717
8716 8718
8717 8718
8719 8720
8719 8721
8720 8721
8722 8723
8722 8724
8723 8724
8725 8726
8725 8727
8726 8727
8728 8729
8728 8730
8729 8730
8731 8732
8731 8733
8732 8733
8734 8735
8734 8736
8735 8736
8737 8738
8737 8739
8738 8739
8740 8741
8740 8742
8741 8742
8743 8744
8743 8745
8744 8745
8746 8747
8746 8748
8747 8748
8749 8750
8749 8751
8750 8751
8752 8753
8752 8754
8753 8754
8755 8756
8755 8757
8756 8757
8758 8759
8758 8760
8759 8760
8761 8762
8761 8763
8762 8763
8764 8765
8764 8766
8765 8766
8767 8768
8767 8769
8768 8769
8770 8771
8770 8772
8771 8772
8773 8774
8773 8775
8774 8775
8776 8777
8776 8778
8777 8778
8779 8780
8779 8781
8780 8781
8782 8783
8782 8784
8783 8784
8785 8786
8785 8787
8786 8787
8788 8789
8788 8790
8789 8790
8791 8792
8791 8793
8792 8793
8794 8795
8794 8796
8795 8796
8797 8798
8797 8799
8798 8799
8800 8801
8800 8802
8801 8802
8803 8804
8803 8805
8804 8805
8806 8807
8806 8808
8807 8808
8809 8810
8809 8811
8810 8811
8812 8813
8812 8814
8813 8814
8815 8816
8815 8817
8816 8817
8818 8819
8818 8820
8819 8820
8821 8822
8821 8823
8822 8823
8824 8825
8824 8826
8825 8826
8827 8828
8827 8829
8828 8829
8830 8831
8830 8832
8831 8832
8833 8834
8833 8835
8834 8835
8836 8837
8836 8838
8837 8838
8839 8840
8839 8841
8840 8841
8842 8843
8842 8844
8843 8844
8845 8846
8845 8847
8846 8847
8848 8849
8848 8850
8849 8850
8851 8852
8851 8853
8852 8853
8854 8855
8854 8856
8855 8856
8857 8858
8857 8859
8858 8859
8860 8861
8860 8862
8861 8862
8863 8864
8863 8865
8864 8865
8866 8867
8866 8868
8867 8868
8869 8870
8869 8871
8870 8871
8872 8873
8872 8874
8873 8874
8875 8876
8875 8877
8876 8877
8878 8879
8878 8880
8879 8880
8881 8882
8881 8883
8882 8883
8884 8885
8884 8886
8885 8886
8887 8888
8887 8889
8888 8889
8890 8891
8890 8892
8891 8892
8893 8894
8893 8895
8894 8895
8896 8897
8896 8898
8897 8898
8899 8900
8899 8901
8900 8901
8902 8903
8902 8904
8903 8904
8905 8906
8905 8907
8906 8907
8908 8909
8908 8910
8909 8910
8911 8912
8911 8913
8912 8913
8914 8915
8914 8916
8915 8916
8917 8918
8917 8919
8918 8919
8920 8921
8920 8922
8921 8922
8923 8924
8923 8925
8924 8925
8926 8927
8926 8928
8927 8928
8929 8930
8929 8931
8930 8931
8932 8933
8932 8934
8933 8934
8935 8936
8935 8937
8936 8937
8938 8939
8938 8940
8939 8940
8941 8942
8941 8943
8942 8943
8944 8945
8944 8946
8945 8946
8947 8948
8947 8949
8948 8949
8950 8951
8950 8952
8951 8952
8953 8954
8953 8955
8954 8955
8956 8957
8956 8958
8957 8958
8959 8960
8959 8961
8960 8961
8962 8963
8962 8964
8963 8964
8965 8966
8965 8967
8966 8967
8968 8969
8968 8970
8969 8970
8971 8972
8971 8973
8972 8973
8974 8975
8974 8976
8975 8976
8977 8978
8977 8979
8978 8979
8980 8981
8980 8982
8981 8982
8983 8984
8983 8985
8984 8985
8986 8987
8986 8988
8987 8988
8989 8990
8989 8991
8990 8991
8992 8993
8992 8994
8993 8994
8995 8996
8995 8997
8996 8997
8998 8999
8998 9000
8999 9000
9001 9002
9001 9003
9002 9003
9004 9005
9004 9006
9005 9006
9007 9008
9007 9009
9008 9009
9010 9011
9010 9012
9011 9012
9013 9014
9013 9015
9014 9015
9016 9017
9016 9018
9017 9018
9019 9020
9019 9021
9020 9021
9022 9023
9022 9024
9023 9024
9025 9026
9025 9027
9026 9027
9028 9029
9028 9030
9029 9030
9031 9032
9031 9033
9032 9033
9034 9035
9034 9036
9035 9036
9037 9038
9037 9039
9038 9039
9040 9041
9040 9042
9041 9042
9043 9044
9043 9045
9044 9045
9046 9047
9046 9048
9047 9048
9049 9050
9049 9051
9050 9051
9052 9053
9052 9054
9053 9054
9055 9056
9055 9057
9056 9057
9058 9059
9058 9060
9059 9060
9061 9062
9061 9063
9062 9063
9064 9065
9064 9066
9065 9066
9067 9068
9067 9069
9068 9069
9070 9071
9070 9072
9071 9072
9073 9074
9073 9075
9074 9075
9076 9077
9076 9078
9077 9078
9079 9080
9079 9081
9080 9081
9082 9083
9082 9084
9083 9084
9085 9086
9085 9087
9086 9087
9088 9089
9088 9090
9089 9090
9091 9092
9091 9093
9092 9093
9094 9095
9094 9096
9095 9096
9097 9098
9097 9099
9098 9099
9100 9101
9100 9102
9101 9102
9103 9104
9103 9105
9104 9105
9106 9107
9106 9108
9107 9108
9109 9110
9109 9111
9110 9111
9112 9113
9112 9114
9113 9114
9115 9116
9115 9117
9116 9117
9118 9119
9118 9120
9119 9120
9121 9122
9121 9123
9122 9123
9124 9125
9124 9126
9125 9126
9127 9128
9127 9129
9128 9129
9130 9131
9130 9132
9131 9132
9133 9134
9133 9135
9134 9135
9136 9137
9136 9138
9137 9138
9139 9140
9139 9141
9140 9141
9142 9143
9142 9144
9143 9144
9145 9146
9145 9147
9146 9147
9148 9149
9148 9150
9149 9150
9151 9152
9151 9153
9152 9153
9154 9155
9154 9156
9155 9156
9157 9158
9157 9159
9158 9159
9160 9161
9160 9162
9161 9162
9163 9164
9163 9165
9164 9165
9166 9167
9166 9168
9167 9168
9169 9170
9169 9171
9170 9171
9172 9173
9172 9174
9173 9174
9175 9176
9175 9177
9176 9177
9178 9179
9178 9180
9179 9180
9181 9182
9181 9183
9182 9183
9184 9185
9184 9186
9185 9186
9187 9188
9187 9189
9188 9189
9190 9191
9190 9192
9191 9192
9193 9194
9193 9195
9194 9195
9196 9197
9196 9198
9197 9198
9199 9200
9199 9201
9200 9201
9202 9203
9202 9204
9203 9204
9205 9206
9205 9207
9206 9207
9208 9209
9208 9210
9209 9210
9211 9212
9211 9213
9212 9213
9214 9215
9214 9216
9215 9216
9217 9218
9217 9219
9218 9219
9220 9221
9220 9222
9221 9222
9223 9224
9223 9225
9224 9225
9226 9227
9226 9228
9227 9228
9229 9230
9229 9231
9230 9231
9232 9233
9232 9234
9233 9234
9235 9236
9235 9237
9236 9237
9238 9239
9238 9240
9239 9240
9241 9242
9241 9243
9242 9243
9244 9245
9244 9246
9245 9246
9247 9248
9247 9249
9248 9249
9250 9251
9250 9252
9251 9252
9253 9254
9253 9255
9254 9255
9256 9257
9256 9258
9257 9258
9259 9260
9259 9261
9260 9261
9262 9263
9262 9264
9263 9264
9265 9266
9265 9267
9266 9267
9268 9269
9268 9270
9269 9270
9271 9272
9271 9273
9272 9273
9274 9275
9274 9276
9275 9276
9277 9278
9277 9279
9278 9279
9280 9281
9280 9282
9281 9282
9283 9284
9283 9285
9284 9285
9286 9287
9286 9288
9287 9288
9289 9290
9289 9291
9290 9291
9292 9293
9292 9294
9293 9294
9295 9296
9295 9297
9296 9297
9298 9299
9298 9300
9299 9300
9301 9302
9301 9303
9302 9303
9304 9305
9304 9306
9305 9306
9307 9308
9307 9309
9308 9309
9310 9311
9310 9312
9311 9312
9313 9314
9313 9315
9314 9315
9316 9317
9316 9318
9317 9318
9319 9320
9319 9321
9320 9321
9322 9323
9322 9324
9323 9324
9325 9326
9325 9327
9326 9327
9328 9329
9328 9330
9329 9330
9331 9332
9331 9333
9332 9333
9334 9335
9334 9336
9335 9336
9337 9338
9337 9339
9338 9339
9340 9341
9340 9342
9341 9342
9343 9344
9343 9345
9344 9345
9346 9347
9346 9348
9347 9348
9349 9350
9349 9351
9350 9351
9352 9353
9352 9354
9353 9354
9355 9356
9355 9357
9356 9357
9358 9359
9358 9360
9359 9360
9361 9362
9361 9363
9362 9363
9364 9365
9364 9366
9365 9366
9367 9368
9367 9369
9368 9369
9370 9371
9370 9372
9371 9372
9373 9374
9373 9375
9374 9375
9376 9377
9376 9378
9377 9378
9379 9380
9379 9381
9380 9381
9382 9383
9382 9384
9383 9384
9385 9386
9385 9387
9386 9387
9388 9389
9388 9390
9389 9390
9391 9392
9391 9393
9392 9393
9394 9395
9394 9396
9395 9396
9397 9398
9397 9399
9398 9399
9400 9401
9400 9402
9401 9402
9403 9404
9403 9405
9404 9405
9406 9407
9406 9408
9407 9408
9409 9410
9409 9411
9410 9411
9412 9413
9412 9414
9413 9414
9415 9416
9415 9417
9416 9417
9418 9419
9418 9420
9419 9420
9421 9422
9421 9423
9422 9423
9424 9425
9424 9426
9425 9426
9427 9428
9427 9429
9428 9429
9430 9431
9430 9432
9431 9432
9433 9434
9433 9435
9434 9435
9436 9437
9436 9438
9437 9438
9439 9440
9439 9441
9440 9441
9442 9443
9442 9444
9443 9444
9445 9446
9445 9447
9446 9447
9448 9449
9448 9450
9449 9450
9451 9452
9451 9453
9452 9453
9454 9455
9454 9456
9455 9456
9457 9458
9457 9459
9458 9459
9460 9461
9460 9462
9461 9462
9463 9464
9463 9465
9464 9465
9466 9467
9466 9468
9467 9468
9469 9470
9469 9471
9470 9471
9472 9473
9472 9474
9473 9474
9475 9476
9475 9477
9476 9477
9478 9479
9478 9480
9479 9480
9481 9482
9481 9483
9482 9483
9484 9485
9484 9486
9485 9486
9487 9488
9487 9489
9488 9489
9490 9491
9490 9492
9491 9492
9493 9494
9493 9495
9494 9495
9496 9497
9496 9498
9497 9498
9499 9500
9499 9501
9500 9501
9502 9503
9502 9504
9503 9504
9505 9506
9505 9507
9506 9507
9508 9509
9508 9510
9509 9510
9511 9512
9511 9513
9512 9513
9514 9515
9514 9516
9515 9516
9517 9518
9517 9519
9518 9519
9520 9521
9520 9522
9521 9522
9523 9524
9523 9525
9524 9525
9526 9527
9526 9528
9527 9528
9529 9530
9529 9531
9530 9531
9532 9533
9532 9534
9533 9534
9535 9536
9535 9537
9536 9537
9538 9539
9538 9540
9539 9540
9541 9542
9541 9543
9542 9543
9544 9545
9544 9546
9545 9546
9547 9548
9547 9549
9548 9549
9550 9551
9550 9552
9551 9552
9553 9554
9553 9555
9554 9555
9556 9557
9556 9558
9557 9558
9559 9560
9559 9561
9560 9561
9562 9563
9562 9564
9563 9564
9565 9566
9565 9567
9566 9567
9568 9569
9568 9570
9569 9570
9571 9572
9571 9573
9572 9573
9574 9575
9574 9576
9575 9576
9577 9578
9577 9579
9578 9579
9580 9581
9580 9582
9581 9582
9583 9584
9583 9585
9584 9585
9586 9587
9586 9588
9587 9588
9589 9590
9589 9591
9590 9591
9592 9593
9592 9594
9593 9594
9595 9596
9595 9597
9596 9597
9598 9599
9598 9600
9599 9600
9601 9602
9601 9603
9602 9603
9604 9605
9604 9606
9605 9606
9607 9608
9607 9609
9608 9609
9610 9611
9610 9612
9611 9612
9613 9614
9613 9615
9614 9615
9616 9617
9616 9618
9617 9618
9619 9620
9619 9621
9620 9621
9622 9623
9622 9624
9623 9624
9625 9626
9625 9627
9626 9627
9628 9629
9628 9630
9629 9630
9631 9632
9631 9633
9632 9633
9634 9635
9634 9636
9635 9636
9637 9638
9637 9639
9638 9639
9640 9641
9640 9642
9641 9642
9643 9644
9643 9645
9644 9645
9646 9647
9646 9648
9647 9648
9649 9650
9649 9651
9650 9651
9652 9653
9652 9654
9653 9654
9655 9656
9655 9657
9656 9657
9658 9659
9658 9660
9659 9660
9661 9662
9661 9663
9662 9663
9664 9665
9664 9666
9665 9666
9667 9668
9667 9669
9668 9669
9670 9671
9670 9672
9671 9672
9673 9674
9673 9675
9674 9675
9676 9677
9676 9678
9677 9678
9679 9680
9679 9681
9680 9681
9682 9683
9682 9684
9683 9684
9685 9686
9685 9687
9686 9687
9688 9689
9688 9690
9689 9690
9691 9692
9691 9693
9692 9693
9694 9695
9694 9696
9695 9696
9697 9698
9697 9699
9698 9699
9700 9701
9700 9702
9701 9702
9703 9704
9703 9705
9704 9705
9706 9707
9706 9708
9707 9708
9709 9710
9709 9711
9710 9711
9712 9713
9712 9714
9713 9714
9715 9716
9715 9717
9716 9717
9718 9719
9718 9720
9719 9720
9721 9722
9721 9723
9722 9723
9724 9725
9724 9726
9725 9726
9727 9728
9727 9729
9728 9729
9730 9731
9730 9732
9731 9732
9733 9734
9733 9735
9734 9735
9736 9737
9736 9738
9737 9738
9739 9740
9739 9741
9740 9741
9742 9743
9742 9744
9743 9744
9745 9746
9745 9747
9746 9747
9748 9749
9748 9750
9749 9750
9751 9752
9751 9753
9752 9753
9754 9755
9754 9756
9755 9756
9757 9758
9757 9759
9758 9759
9760 9761
9760 9762
9761 9762
9763 9764
9763 9765
9764 9765
9766 9767
9766 9768
9767 9768
9769 9770
9769 9771
9770 9771
9772 9773
9772 9774
9773 9774
9775 9776
9775 9777
9776 9777
9778 9779
9778 9780
9779 9780
9781 9782
9781 9783
9782 9783
9784 9785
9784 9786
9785 9786
9787 9788
9787 9789
9788 9789
9790 9791
9790 9792
9791 9792
9793 9794
9793 9795
9794 9795
9796 9797
9796 9798
9797 9798
9799 9800
9799 9801
9800 9801
9802 9803
9802 9804
9803 9804
9805 9806
9805 9807
9806 9807
9808 9809
9808 9810
9809 9810
9811 9812
9811 9813
9812 9813
9814 9815
9814 9816
9815 9816
9817 9818
9817 9819
9818 9819
9820 9821
9820 9822
9821 9822
9823 9824
9823 9825
9824 9825
9826 9827
9826 9828
9827 9828
9829 9830
9829 9831
9830 9831
9832 9833
9832 9834
9833 9834
9835 9836
9835 9837
9836 9837
9838 9839
9838 9840
9839 9840
9841 9842
9841 9843
9842 9843
9844 9845
9844 9846
9845 9846
9847 9848
9847 9849
9848 9849
9850 9851
9850 9852
9851 9852
9853 9854
9853 9855
9854 9855
9856 9857
9856 9858
9857 9858
9859 9860
9859 9861
9860 9861
9862 9863
9862 9864
9863 9864
9865 9866
9865 9867
9866 9867
9868 9869
9868 9870
9869 9870
9871 9872
9871 9873
9872 9873
9874 9875
9874 9876
9875 9876
9877 9878
9877 9879
9878 9879
9880 9881
9880 9882
9881 9882
9883 9884
9883 9885
9884 9885
9886 9887
9886 9888
9887 9888
9889 9890
9889 9891
9890 9891
9892 9893
9892 9894
9893 9894
9895 9896
9895 9897
9896 9897
9898 9899
9898 9900
9899 9900
9901 9902
9901 9903
9902 9903
9904 9905
9904 9906
9905 9906
9907 9908
9907 9909
9908 9909
9910 9911
9910 9912
9911 9912
9913 9914
9913 9915
9914 9915
9916 9917
9916 9918
9917 9918
9919 9920
9919 9921
9920 9921
9922 9923
9922 9924
9923 9924
9925 9926
9925 9927
9926 9927
9928 9929
9928 9930
9929 9930
9931 9932
9931 9933
9932 9933
9934 9935
9934 9936
9935 9936
9937 9938
9937 9939
9938 9939
9940 9941
9940 9942
9941 9942
9943 9944
9943 9945
9944 9945
9946 9947
9946 9948
9947 9948
9949 9950
9949 9951
9950 9951
9952 9953
9952 9954
9953 9954
9955 9956
9955 9957
9956 9957
9958 9959
9958 9960
9959 9960
9961 9962
9961 9963
9962 9963
9964 9965
9964 9966
9965 9966
9967 9968
9967 9969
9968 9969
9970 9971
9970 9972
9971 9972
9973 9974
9973 9975
9974 9975
9976 9977
9976 9978
9977 9978
9979 9980
9979 9981
9980 9981
9982 9983
9982 9984
9983 9984
9985 9986
9985 9987
9986 9987
9988 9989
9988 9990
9989 9990
9991 9992
9991 9993
9992 9993
9994 9995
9994 9996
9995 9996
9997 9998
9997 9999
9998 9999
10000 10001
10000 10002
10001 10002
10003 10004
10003 10005
10004 10005
10006 10007
10006 10008
10007 10008
10009 10010
10009 10011
10010 10011
10012 10013
10012 10014
10013 10014
10015 10016
10015 10017
10016 10017
10018 10019
10018 10020
10019 10020
10021 10022
10021 10023
10022 10023
10024 10025
10024 10026
10025 10026
10027 10028
10027 10029
10028 10029
10030 10031
10030 10032
10031 10032
10033 10034
10033 10035
10034 10035
10036 10037
10036 10038
10037 10038
10039 10040
10039 10041
10040 10041
10042 10043
10042 10044
10043 10044
10045 10046
10045 10047
10046 10047
10048 10049
10048 10050
10049 10050
10051 10052
10051 10053
10052 10053
10054 10055
10054 10056
10055 10056
10057 10058
10057 10059
10058 10059
10060 10061
10060 10062
10061 10062
10063 10064
10063 10065
10064 10065
10066 10067
10066 10068
10067 10068
10069 10070
10069 10071
10070 10071
10072 10073
10072 10074
10073 10074
10075 10076
10075 10077
10076 10077
10078 10079
10078 10080
10079 10080
10081 10082
10081 10083
10082 10083
10084 10085
10084 10086
10085 10086
10087 10088
10087 10089
10088 10089
10090 10091
10090 10092
10091 10092
10093 10094
10093 10095
10094 10095
10096 10097
10096 10098
10097 10098
10099 10100
10099 10101
10100 10101
10102 10103
10102 10104
10103 10104
10105 10106
10105 10107
10106 10107
10108 10109
10108 10110
10109 10110
10111 10112
10111 10113
10112 10113
10114 10115
10114 10116
10115 10116
10117 10118
10117 10119
10118 10119
10120 10121
10120 10122
10121 10122
10123 10124
10123 10125
10124 10125
10126 10127
10126 10128
10127 10128
10129 10130
10129 10131
10130 10131
10132 10133
10132 10134
10133 10134
10135 10136
10135 10137
10136 10137
10138 10139
10138 10140
10139 10140
10141 10142
10141 10143
10142 10143
10144 10145
10144 10146
10145 10146
10147 10148
10147 10149
10148 10149
10150 10151
10150 10152
10151 10152
10153 10154
10153 10155
10154 10155
10156 10157
10156 10158
10157 10158
10159 10160
10159 10161
10160 10161
10162 10163
10162 10164
10163 10164
10165 10166
10165 10167
10166 10167
10168 10169
10168 10170
10169 10170
10171 10172
10171 10173
10172 10173
10174 10175
10174 10176
10175 10176
10177 10178
10177 10179
10178 10179
10180 10181
10180 10182
10181 10182
10183 10184
10183 10185
10184 10185
10186 10187
10186 10188
10187 10188
10189 10190
10189 10191
10190 10191
10192 10193
10192 10194
10193 10194
10195 10196
10195 10197
10196 10197
10198 10199
10198 10200
10199 10200
10201 10202
10201 10203
10202 10203
10204 10205
10204 10206
10205 10206
10207 10208
10207 10209
10208 10209
10210 10211
10210 10212
10211 10212
10213 10214
10213 10215
10214 10215
10216 10217
10216 10218
10217 10218
10219 10220
10219 10221
10220 10221
10222 10223
10222 10224
10223 10224
10225 10226
10225 10227
10226 10227
10228 10229
10228 10230
10229 10230
10231 10232
10231 10233
10232 10233
10234 10235
10234 10236
10235 10236
10237 10238
10237 10239
10238 10239
10240 10241
10240 10242
10241 10242
10243 10244
10243 10245
10244 10245
10246 10247
10246 10248
10247 10248
10249 10250
10249 10251
10250 10251
10252 10253
10252 10254
10253 10254
10255 10256
10255 10257
10256 10257
10258 10259
10258 10260
10259 10260
10261 10262
10261 10263
10262 10263
10264 10265
10264 10266
10265 10266
10267 10268
10267 10269
10268 10269
10270 10271
10270 10272
10271 10272
10273 10274
10273 10275
10274 10275
10276 10277
10276 10278
10277 10278
10279 10280
10279 10281
10280 10281
10282 10283
10282 10284
10283 10284
10285 10286
10285 10287
10286 10287
10288 10289
10288 10290
10289 10290
10291 10292
10291 10293
10292 10293
10294 10295
10294 10296
10295 10296
10297 10298
10297 10299
10298 10299
10300 10301
10300 10302
10301 10302
10303 10304
10303 10305
10304 10305
10306 10307
10306 10308
10307 10308
10309 10310
10309 10311
10310 10311
10312 10313
10312 10314
10313 10314
10315 10316
10315 10317
10316 10317
10318 10319
10318 10320
10319 10320
10321 10322
10321 10323
10322 10323
10324 10325
10324 10326
10325 10326
10327 10328
10327 10329
10328 10329
10330 10331
10330 10332
10331 10332
10333 10334
10333 10335
10334 10335
10336 10337
10336 10338
10337 10338
10339 10340
10339 10341
10340 10341
10342 10343
10342 10344
10343 10344
10345 10346
10345 10347
10346 10347
10348 10349
10348 10350
10349 10350
10351 10352
10351 10353
10352 10353
10354 10355
10354 10356
10355 10356
10357 10358
10357 10359
10358 10359
10360 10361
10360 10362
10361 10362
10363 10364
10363 10365
10364 10365
10366 10367
10366 10368
10367 10368
10369 10370
10369 10371
10370 10371
10372 10373
10372 10374
10373 10374
10375 10376
10375 10377
10376 10377
10378 10379
10378 10380
10379 10380
10381 10382
10381 10383
10382 10383
10384 10385
10384 10386
10385 10386
10387 10388
10387 10389
10388 10389
10390 10391
10390 10392
10391 10392
10393 10394
10393 10395
10394 10395
10396 10397
10396 10398
10397 10398
10399 10400
10399 10401
10400 10401
10402 10403
10402 10404
10403 10404
10405 10406
10405 10407
10406 10407
10408 10409
10408 10410
10409 10410
10411 10412
10411 10413
10412 10413
10414 10415
10414 10416
10415 10416
10417 10418
10417 10419
10418 10419
10420 10421
10420 10422
10421 10422
10423 10424
10423 10425
10424 10425
10426 10427
10426 10428
10427 10428
10429 10430
10429 10431
10430 10431
10432 10433
10432 10434
10433 10434
10435 10436
10435 10437
10436 10437
10438 10439
10438 10440
10439 10440
10441 10442
10441 10443
10442 10443
10444 10445
10444 10446
10445 10446
10447 10448
10447 10449
10448 10449
10450 10451
10450 10452
10451 10452
10453 10454
10453 10455
10454 10455
10456 10457
10456 10458
10457 10458
10459 10460
10459 10461
10460 10461
10462 10463
10462 10464
10463 10464
10465 10466
10465 10467
10466 10467
10468 10469
10468 10470
10469 10470
10471 10472
10471 10473
10472 10473
10474 10475
10474 10476
10475 10476
10477 10478
10477 10479
10478 10479
10480 10481
10480 10482
10481 10482
10483 10484
10483 10485
10484 10485
10486 10487
10486 10488
10487 10488
10489 10490
10489 10491
10490 10491
10492 10493
10492 10494
10493 10494
10495 10496
10495 10497
10496 10497
10498 10499
10498 10500
10499 10500
10501 10502
10501 10503
10502 10503
10504 10505
10504 10506
10505 10506
10507 10508
10507 10509
10508 10509
10510 10511
10510 10512
10511 10512
10513 10514
10513 10515
10514 10515
10516 10517
10516 10518
10517 10518
10519 10520
10519 10521
10520 10521
10522 10523
10522 10524
10523 10524
10525 10526
10525 10527
10526 10527
10528 10529
10528 10530
10529 10530
10531 10532
10531 10533
10532 10533
10534 10535
10534 10536
10535 10536
10537 10538
10537 10539
10538 10539
10540 10541
10540 10542
10541 10542
10543 10544
10543 10545
10544 10545
10546 10547
10546 10548
10547 10548
10549 10550
10549 10551
10550 10551
10552 10553
10552 10554
10553 10554
10555 10556
10555 10557
10556 10557
10558 10559
10558 10560
10559 10560
10561 10562
10561 10563
10562 10563
10564 10565
10564 10566
10565 10566
10567 10568
10567 10569
10568 10569
10570 10571
10570 10572
10571 10572
10573 10574
10573 10575
10574 10575
10576 10577
10576 10578
10577 10578
10579 10580
10579 10581
10580 10581
10582 10583
10582 10584
10583 10584
10585 10586
10585 10587
10586 10587
10588 10589
10588 10590
10589 10590
10591 10592
10591 10593
10592 10593
10594 10595
10594 10596
10595 10596
10597 10598
10597 10599
10598 10599
10600 10601
10600 10602
10601 10602
10603 10604
10603 10605
10604 10605
10606 10607
10606 10608
10607 10608
10609 10610
10609 10611
10610 10611
10612 10613
10612 10614
10613 10614
10615 10616
10615 10617
10616 10617
10618 10619
10618 10620
10619 10620
10621 10622
10621 10623
10622 10623
10624 10625
10624 10626
10625 10626
10627 10628
10627 10629
10628 10629
10630 10631
10630 10632
10631 10632
10633 10634
10633 10635
10634 10635
10636 10637
10636 10638
10637 10638
10639 10640
10639 10641
10640 10641
10642 10643
10642 10644
10643 10644
10645 10646
10645 10647
10646 10647
10648 10649
10648 10650
10649 10650
10651 10652
10651 10653
10652 10653
10654 10655
10654 10656
10655 10656
10657 10658
10657 10659
10658 10659
10660 10661
10660 10662
10661 10662
10663 10664
10663 10665
10664 10665
10666 10667
10666 10668
10667 10668
10669 10670
10669 10671
10670 10671
10672 10673
10672 10674
10673 10674
10675 10676
10675 10677
10676 10677
10678 10679
10678 10680
10679 10680
10681 10682
10681 10683
10682 10683
10684 10685
10684 10686
10685 10686
10687 10688
10687 10689
10688 10689
10690 10691
10690 10692
10691 10692
10693 10694
10693 10695
10694 10695
10696 10697
10696 10698
10697 10698
10699 10700
10699 10701
10700 10701
10702 10703
10702 10704
10703 10704
10705 10706
10705 10707
10706 10707
10708 10709
10708 10710
10709 10710
10711 10712
10711 10713
10712 10713
10714 10715
10714 10716
10715 10716
10717 10718
10717 10719
10718 10719
10720 10721
10720 10722
10721 10722
10723 10724
10723 10725
10724 10725
10726 10727
10726 10728
10727 10728
10729 10730
10729 10731
10730 10731
10732 10733
10732 10734
10733 10734
10735 10736
10735 10737
10736 10737
10738 10739
10738 10740
10739 10740
10741 10742
10741 10743
10742 10743
10744 10745
10744 10746
10745 10746
10747 10748
10747 10749
10748 10749
10750 10751
10750 10752
10751 10752
10753 10754
10753 10755
10754 10755
10756 10757
10756 10758
10757 10758
10759 10760
10759 10761
10760 10761
10762 10763
10762 10764
10763 10764
10765 10766
10765 10767
10766 10767
10768 10769
10768 10770
10769 10770
10771 10772
10771 10773
10772 10773
10774 10775
10774 10776
10775 10776
10777 10778
10777 10779
10778 10779
10780 10781
10780 10782
10781 10782
10783 10784
10783 10785
10784 10785
10786 10787
10786 10788
10787 10788
10789 10790
10789 10791
10790 10791
10792 10793
10792 10794
10793 10794
10795 10796
10795 10797
10796 10797
10798 10799
10798 10800
10799 10800
10801 10802
10801 10803
10802 10803
10804 10805
10804 10806
10805 10806
10807 10808
10807 10809
10808 10809
10810 10811
10810 10812
10811 10812
10813 10814
10813 10815
10814 10815
10816 10817
10816 10818
10817 10818
10819 10820
10819 10821
10820 10821
10822 10823
10822 10824
10823 10824
10825 10826
10825 10827
10826 10827
10828 10829
10828 10830
10829 10830
10831 10832
10831 10833
10832 10833
10834 10835
10834 10836
10835 10836
10837 10838
10837 10839
10838 10839
10840 10841
10840 10842
10841 10842
10843 10844
10843 10845
10844 10845
10846 10847
10846 10848
10847 10848
10849 10850
10849 10851
10850 10851
10852 10853
10852 10854
10853 10854
10855 10856
10855 10857
10856 10857
10858 10859
10858 10860
10859 10860
10861 10862
10861 10863
10862 10863
10864 10865
10864 10866
10865 10866
10867 10868
10867 10869
10868 10869
10870 10871
10870 10872
10871 10872
10873 10874
10873 10875
10874 10875
10876 10877
10876 10878
10877 10878
10879 10880
10879 10881
10880 10881
10882 10883
10882 10884
10883 10884
10885 10886
10885 10887
10886 10887
10888 10889
10888 10890
10889 10890
10891 10892
10891 10893
10892 10893
10894 10895
10894 10896
10895 10896
10897 10898
10897 10899
10898 10899
10900 10901
10900 10902
10901 10902
10903 10904
10903 10905
10904 10905
10906 10907
10906 10908
10907 10908
10909 10910
10909 10911
10910 10911
10912 10913
10912 10914
10913 10914
10915 10916
10915 10917
10916 10917
10918 10919
10918 10920
10919 10920
10921 10922
10921 10923
10922 10923
10924 10925
10924 10926
10925 10926
10927 10928
10927 10929
10928 10929
10930 10931
10930 10932
10931 10932
10933 10934
10933 10935
10934 10935
10936 10937
10936 10938
10937 10938
10939 10940
10939 10941
10940 10941
10942 10943
10942 10944
10943 10944
10945 10946
10945 10947
10946 10947
10948 10949
10948 10950
10949 10950
10951 10952
10951 10953
10952 10953
10954 10955
10954 10956
10955 10956
10957 10958
10957 10959
10958 10959
10960 10961
10960 10962
10961 10962
10963 10964
10963 10965
10964 10965
10966 10967
10966 10968
10967 10968
10969 10970
10969 10971
10970 10971
10972 10973
10972 10974
10973 10974
10975 10976
10975 10977
10976 10977
10978 10979
10978 10980
10979 10980
10981 10982
10981 10983
10982 10983
10984 10985
10984 10986
10985 10986
10987 10988
10987 10989
10988 10989
10990 10991
10990 10992
10991 10992
10993 10994
10993 10995
10994 10995
10996 10997
10996 10998
10997 10998
10999 11000
10999 11001
11000 11001
11002 11003
11002 11004
11003 11004
11005 11006
11005 11007
11006 11007
11008 11009
11008 11010
11009 11010
11011 11012
11011 11013
11012 11013
11014 11015
11014 11016
11015 11016
11017 11018
11017 11019
11018 11019
11020 11021
11020 11022
11021 11022
11023 11024
11023 11025
11024 11025
11026 11027
11026 11028
11027 11028
11029 11030
11029 11031
11030 11031
11032 11033
11032 11034
11033 11034
11035 11036
11035 11037
11036 11037
11038 11039
11038 11040
11039 11040
11041 11042
11041 11043
11042 11043
11044 11045
11044 11046
11045 11046
11047 11048
11047 11049
11048 11049
11050 11051
11050 11052
11051 11052
11053 11054
11053 11055
11054 11055
11056 11057
11056 11058
11057 11058
11059 11060
11059 11061
11060 11061
11062 11063
11062 11064
11063 11064
11065 11066
11065 11067
11066 11067
11068 11069
11068 11070
11069 11070
11071 11072
11071 11073
11072 11073
11074 11075
11074 11076
11075 11076
11077 11078
11077 11079
11078 11079
11080 11081
11080 11082
11081 11082
11083 11084
11083 11085
11084 11085
11086 11087
11086 11088
11087 11088
11089 11090
11089 11091
11090 11091
11092 11093
11092 11094
11093 11094
11095 11096
11095 11097
11096 11097
11098 11099
11098 11100
11099 11100
11101 11102
11101 11103
11102 11103
11104 11105
11104 11106
11105 11106
11107 11108
11107 11109
11108 11109
11110 11111
11110 11112
11111 11112
11113 11114
11113 11115
11114 11115
11116 11117
11116 11118
11117 11118
11119 11120
11119 11121
11120 11121
11122 11123
11122 11124
11123 11124
11125 11126
11125 11127
11126 11127
11128 11129
11128 11130
11129 11130
11131 11132
11131 11133
11132 11133
11134 11135
11134 11136
11135 11136
11137 11138
11137 11139
11138 11139
11140 11141
11140 11142
11141 11142
11143 11144
11143 11145
11144 11145
11146 11147
11146 11148
11147 11148
11149 11150
11149 11151
11150 11151
11152 11153
11152 11154
11153 11154
11155 11156
11155 11157
11156 11157
11158 11159
11158 11160
11159 11160
11161 11162
11161 11163
11162 11163
11164 11165
11164 11166
11165 11166
11167 11168
11167 11169
11168 11169
11170 11171
11170 11172
11171 11172
11173 11174
11173 11175
11174 11175
11176 11177
11176 11178
11177 11178
11179 11180
11179 11181
11180 11181
11182 11183
11182 11184
11183 11184
11185 11186
11185 11187
11186 11187
11188 11189
11188 11190
11189 11190
11191 11192
11191 11193
11192 11193
11194 11195
11194 11196
11195 11196
11197 11198
11197 11199
11198 11199
11200 11201
11200 11202
11201 11202
11203 11204
11203 11205
11204 11205
11206 11207
11206 11208
11207 11208
11209 11210
11209 11211
11210 11211
11212 11213
11212 11214
11213 11214
11215 11216
11215 11217
11216 11217
11218 11219
11218 11220
11219 11220
11221 11222
11221 11223
11222 11223
11224 11225
11224 11226
11225 11226
11227 11228
11227 11229
11228 11229
11230 11231
11230 11232
11231 11232
11233 11234
11233 11235
11234 11235
11236 11237
11236 11238
11237 11238
11239 11240
11239 11241
11240 11241
11242 11243
11242 11244
11243 11244
11245 11246
11245 11247
11246 11247
11248 11249
11248 11250
11249 11250
11251 11252
11251 11253
11252 11253
11254 11255
11254 11256
11255 11256
11257 11258
11257 11259
11258 11259
11260 11261
11260 11262
11261 11262
11263 11264
11263 11265
11264 11265
11266 11267
11266 11268
11267 11268
11269 11270
11269 11271
11270 11271
11272 11273
11272 11274
11273 11274
11275 11276
11275 11277
11276 11277
11278 11279
11278 11280
11279 11280
11281 11282
11281 11283
11282 11283
11284 11285
11284 11286
11285 11286
11287 11288
11287 11289
11288 11289
11290 11291
11290 11292
11291 11292
11293 11294
11293 11295
11294 11295
11296 11297
11296 11298
11297 11298
11299 11300
11299 11301
11300 11301
11302 11303
11302 11304
11303 11304
11305 11306
11305 11307
11306 11307
11308 11309
11308 11310
11309 11310
11311 11312
11311 11313
11312 11313
11314 11315
11314 11316
11315 11316
11317 11318
11317 11319
11318 11319
11320 11321
11320 11322
11321 11322
11323 11324
11323 11325
11324 11325
11326 11327
11326 11328
11327 11328
11329 11330
11329 11331
11330 11331
11332 11333
11332 11334
11333 11334
11335 11336
11335 11337
11336 11337
11338 11339
11338 11340
11339 11340
11341 11342
11341 11343
11342 11343
11344 11345
11344 11346
11345 11346
11347 11348
11347 11349
11348 11349
11350 11351
11350 11352
11351 11352
11353 11354
11353 11355
11354 11355
11356 11357
11356 11358
11357 11358
11359 11360
11359 11361
11360 11361
11362 11363
11362 11364
11363 11364
11365 11366
11365 11367
11366 11367
11368 11369
11368 11370
11369 11370
11371 11372
11371 11373
11372 11373
11374 11375
11374 11376
11375 11376
11377 11378
11377 11379
11378 11379
11380 11381
11380 11382
11381 11382
11383 11384
11383 11385
11384 11385
11386 11387
11386 11388
11387 11388
11389 11390
11389 11391
11390 11391
11392 11393
11392 11394
11393 11394
11395 11396
11395 11397
11396 11397
11398 11399
11398 11400
11399 11400
11401 11402
11401 11403
11402 11403
11404 11405
11404 11406
11405 11406
11407 11408
11407 11409
11408 11409
11410 11411
11410 11412
11411 11412
11413 11414
11413 11415
11414 11415
11416 11417
11416 11418
11417 11418
11419 11420
11419 11421
11420 11421
11422 11423
11422 11424
11423 11424
11425 11426
11425 11427
11426 11427
11428 11429
11428 11430
11429 11430
11431 11432
11431 11433
11432 11433
11434 11435
11434 11436
11435 11436
11437 11438
11437 11439
11438 11439
11440 11441
11440 11442
11441 11442
11443 11444
11443 11445
11444 11445
11446 11447
11446 11448
11447 11448
11449 11450
11449 11451
11450 11451
11452 11453
11452 11454
11453 11454
11455 11456
11455 11457
11456 11457
11458 11459
11458 11460
11459 11460
11461 11462
11461 11463
11462 11463
11464 11465
11464 11466
11465 11466
11467 11468
11467 11469
11468 11469
11470 11471
11470 11472
11471 11472
11473 11474
11473 11475
11474 11475
11476 11477
11476 11478
11477 11478
11479 11480
11479 11481
11480 11481
11482 11483
11482 11484
11483 11484
11485 11486
11485 11487
11486 11487
11488 11489
11488 11490
11489 11490
11491 11492
11491 11493
11492 11493
11494 11495
11494 11496
11495 11496
11497 11498
11497 11499
11498 11499
11500 11501
11500 11502
11501 11502
11503 11504
11503 11505
11504 11505
11506 11507
11506 11508
11507 11508
11509 11510
11509 11511
11510 11511
11512 11513
11512 11514
11513 11514
11515 11516
11515 11517
11516 11517
11518 11519
11518 11520
11519 11520
11521 11522
11521 11523
11522 11523
11524 11525
11524 11526
11525 11526
11527 11528
11527 11529
11528 11529
11530 11531
11530 11532
11531 11532
11533 11534
11533 11535
11534 11535
11536 11537
11536 11538
11537 11538
11539 11540
11539 11541
11540 11541
11542 11543
11542 11544
11543 11544
11545 11546
11545 11547
11546 11547
11548 11549
11548 11550
11549 11550
11551 11552
11551 11553
11552 11553
11554 11555
11554 11556
11555 11556
11557 11558
11557 11559
11558 11559
11560 11561
11560 11562
11561 11562
11563 11564
11563 11565
11564 11565
11566 11567
11566 11568
11567 11568
11569 11570
11569 11571
11570 11571
11572 11573
11572 11574
11573 11574
11575 11576
11575 11577
11576 11577
11578 11579
11578 11580
11579 11580
11581 11582
11581 11583
11582 11583
11584 11585
11584 11586
11585 11586
11587 11588
11587 11589
11588 11589
11590 11591
11590 11592
11591 11592
11593 11594
11593 11595
11594 11595
11596 11597
11596 11598
11597 11598
11599 11600
11599 11601
11600 11601
11602 11603
11602 11604
11603 11604
11605 11606
11605 11607
11606 11607
11608 11609
11608 11610
11609 11610
11611 11612
11611 11613
11612 11613
11614 11615
11614 11616
11615 11616
11617 11618
11617 11619
11618 11619
11620 11621
11620 11622
11621 11622
11623 11624
11623 11625
11624 11625
11626 11627
11626 11628
11627 11628
11629 11630
11629 11631
11630 11631
11632 11633
11632 11634
11633 11634
11635 11636
11635 11637
11636 11637
11638 11639
11638 11640
11639 11640
11641 11642
11641 11643
11642 11643
11644 11645
11644 11646
11645 11646
11647 11648
11647 11649
11648 11649
11650 11651
11650 11652
11651 11652
11653 11654
11653 11655
11654 11655
11656 11657
11656 11658
11657 11658
11659 11660
11659 11661
11660 11661
11662 11663
11662 11664
11663 11664
11665 11666
11665 11667
11666 11667
11668 11669
11668 11670
11669 11670
11671 11672
11671 11673
11672 11673
11674 11675
11674 11676
11675 11676
11677 11678
11677 11679
11678 11679
11680 11681
11680 11682
11681 11682
11683 11684
11683 11685
11684 11685
11686 11687
11686 11688
11687 11688
11689 11690
11689 11691
11690 11691
11692 11693
11692 11694
11693 11694
11695 11696
11695 11697
11696 11697
11698 11699
11698 11700
11699 11700
11701 11702
11701 11703
11702 11703
11704 11705
11704 11706
11705 11706
11707 11708
11707 11709
11708 11709
11710 11711
11710 11712
11711 11712
11713 11714
11713 11715
11714 11715
11716 11717
11716 11718
11717 11718
11719 11720
11719 11721
11720 11721
11722 11723
11722 11724
11723 11724
11725 11726
11725 11727
11726 11727
11728 11729
11728 11730
11729 11730
11731 11732
11731 11733
11732 11733
11734 11735
11734 11736
11735 11736
11737 11738
11737 11739
11738 11739
11740 11741
11740 11742
11741 11742
11743 11744
11743 11745
11744 11745
11746 11747
11746 11748
11747 11748
11749 11750
11749 11751
11750 11751
11752 11753
11752 11754
11753 11754
11755 11756
11755 11757
11756 11757
11758 11759
11758 11760
11759 11760
11761 11762
11761 11763
11762 11763
11764 11765
11764 11766
11765 11766
11767 11768
11767 11769
11768 11769
11770 11771
11770 11772
11771 11772
11773 11774
11773 11775
11774 11775
11776 11777
11776 11778
11777 11778
11779 11780
11779 11781
11780 11781
11782 11783
11782 11784
11783 11784
11785 11786
11785 11787
11786 11787
11788 11789
11788 11790
11789 11790
11791 11792
11791 11793
11792 11793
11794 11795
11794 11796
11795 11796
11797 11798
11797 11799
11798 11799
11800 11801
11800 11802
11801 11802
11803 11804
11803 11805
11804 11805
11806 11807
11806 11808
11807 11808
11809 11810
11809 11811
11810 11811
11812 11813
11812 11814
11813 11814
11815 11816
11815 11817
11816 11817
11818 11819
11818 11820
11819 11820
11821 11822
11821 11823
11822 11823
11824 11825
11824 11826
11825 11826
11827 11828
11827 11829
11828 11829
11830 11831
11830 11832
11831 11832
11833 11834
11833 11835
11834 11835
11836 11837
11836 11838
11837 11838
11839 11840
11839 11841
11840 11841
11842 11843
11842 11844
11843 11844
11845 11846
11845 11847
11846 11847
11848 11849
11848 11850
11849 11850
11851 11852
11851 11853
11852 11853
11854 11855
11854 11856
11855 11856
11857 11858
11857 11859
11858 11859
11860 11861
11860 11862
11861 11862
11863 11864
11863 11865
11864 11865
11866 11867
11866 11868
11867 11868
11869 11870
11869 11871
11870 11871
11872 11873
11872 11874
11873 11874
11875 11876
11875 11877
11876 11877
11878 11879
11878 11880
11879 11880
11881 11882
11881 11883
11882 11883
11884 11885
11884 11886
11885 11886
11887 11888
11887 11889
11888 11889
11890 11891
11890 11892
11891 11892
11893 11894
11893 11895
11894 11895
11896 11897
11896 11898
11897 11898
11899 11900
11899 11901
11900 11901
11902 11903
11902 11904
11903 11904
11905 11906
11905 11907
11906 11907
11908 11909
11908 11910
11909 11910
11911 11912
11911 11913
11912 11913
11914 11915
11914 11916
11915 11916
11917 11918
11917 11919
11918 11919
11920 11921
11920 11922
11921 11922
11923 11924
11923 11925
11924 11925
11926 11927
11926 11928
11927 11928
11929 11930
11929 11931
11930 11931
11932 11933
11932 11934
11933 11934
11935 11936
11935 11937
11936 11937
11938 11939
11938 11940
11939 11940
11941 11942
11941 11943
11942 11943
11944 11945
11944 11946
11945 11946
11947 11948
11947 11949
11948 11949
11950 11951
11950 11952
11951 11952
11953 11954
11953 11955
11954 11955
11956 11957
11956 11958
11957 11958
11959 11960
11959 11961
11960 11961
11962 11963
11962 11964
11963 11964
11965 11966
11965 11967
11966 11967
11968 11969
11968 11970
11969 11970
11971 11972
11971 11973
11972 11973
11974 11975
11974 11976
11975 11976
11977 11978
11977 11979
11978 11979
11980 11981
11980 11982
11981 11982
11983 11984
11983 11985
11984 11985
11986 11987
11986 11988
11987 11988
11989 11990
11989 11991
11990 11991
11992 11993
11992 11994
11993 11994
11995 11996
11995 11997
11996 11997
11998 11999
11998 12000
11999 12000
12001 12002
12001 12003
12002 12003
12004 12005
12004 12006
12005 12006
12007 12008
12007 12009
12008 12009
12010 12011
12010 12012
12011 12012
12013 12014
12013 12015
12014 12015
12016 12017
12016 12018
12017 12018
12019 12020
12019 12021
12020 12021
12022 12023
12022 12024
12023 12024
12025 12026
12025 12027
12026 12027
12028 12029
12028 12030
12029 12030
12031 12032
12031 12033
12032 12033
12034 12035
12034 12036
12035 12036
12037 12038
12037 12039
12038 12039
12040 12041
12040 12042
12041 12042
12043 12044
12043 12045
12044 12045
12046 12047
12046 12048
12047 12048
12049 12050
12049 12051
12050 12051
12052 12053
12052 12054
12053 12054
12055 12056
12055 12057
12056 12057
12058 12059
12058 12060
12059 12060
12061 12062
12061 12063
12062 12063
12064 12065
12064 12066
12065 12066
12067 12068
12067 12069
12068 12069
12070 12071
12070 12072
12071 12072
12073 12074
12073 12075
12074 12075
12076 12077
12076 12078
12077 12078
12079 12080
12079 12081
12080 12081
12082 12083
12082 12084
12083 12084
12085 12086
12085 12087
12086 12087
12088 12089
12088 12090
12089 12090
12091 12092
12091 12093
12092 12093
12094 12095
12094 12096
12095 12096
12097 12098
12097 12099
12098 12099
12100 12101
12100 12102
12101 12102
12103 12104
12103 12105
12104 12105
12106 12107
12106 12108
12107 12108
12109 12110
12109 12111
12110 12111
12112 12113
12112 12114
12113 12114
12115 12116
12115 12117
12116 12117
12118 12119
12118 12120
12119 12120
12121 12122
12121 12123
12122 12123
12124 12125
12124 12126
12125 12126
12127 12128
12127 12129
12128 12129
12130 12131
12130 12132
12131 12132
12133 12134
12133 12135
12134 12135
12136 12137
12136 12138
12137 12138
12139 12140
12139 12141
12140 12141
12142 12143
12142 12144
12143 12144
12145 12146
12145 12147
12146 12147
12148 12149
12148 12150
12149 12150
12151 12152
12151 12153
12152 12153
12154 12155
12154 12156
12155 12156
12157 12158
12157 12159
12158 12159
12160 12161
12160 12162
12161 12162
12163 12164
12163 12165
12164 12165
12166 12167
12166 12168
12167 12168
12169 12170
12169 12171
12170 12171
12172 12173
12172 12174
12173 12174
12175 12176
12175 12177
12176 12177
12178 12179
12178 12180
12179 12180
12181 12182
12181 12183
12182 12183
12184 12185
12184 12186
12185 12186
12187 12188
12187 12189
12188 12189
12190 12191
12190 12192
12191 12192
12193 12194
12193 12195
12194 12195
12196 12197
12196 12198
12197 12198
12199 12200
12199 12201
12200 12201
12202 12203
12202 12204
12203 12204
12205 12206
12205 12207
12206 12207
12208 12209
12208 12210
12209 12210
12211 12212
12211 12213
12212 12213
12214 12215
12214 12216
12215 12216
12217 12218
12217 12219
12218 12219
12220 12221
12220 12222
12221 12222
12223 12224
12223 12225
12224 12225
12226 12227
12226 12228
12227 12228
12229 12230
12229 12231
12230 12231
12232 12233
12232 12234
12233 12234
12235 12236
12235 12237
12236 12237
12238 12239
12238 12240
12239 12240
12241 12242
12241 12243
12242 12243
12244 12245
12244 12246
12245 12246
12247 12248
12247 12249
12248 12249
12250 12251
12250 12252
12251 12252
12253 12254
12253 12255
12254 12255
12256 12257
12256 12258
12257 12258
12259 12260
12259 12261
12260 12261
12262 12263
12262 12264
12263 12264
12265 12266
12265 12267
12266 12267
12268 12269
12268 12270
12269 12270
12271 12272
12271 12273
12272 12273
12274 12275
12274 12276
12275 12276
12277 12278
12277 12279
12278 12279
12280 12281
12280 12282
12281 12282
12283 12284
12283 12285
12284 12285
12286 12287
12286 12288
12287 12288
12289 12290
12289 12291
12290 12291
12292 12293
12292 12294
12293 12294
12295 12296
12295 12297
12296 12297
12298 12299
12298 12300
12299 12300
12301 12302
12301 12303
12302 12303
12304 12305
12304 12306
12305 12306
12307 12308
12307 12309
12308 12309
12310 12311
12310 12312
12311 12312
12313 12314
12313 12315
12314 12315
12316 12317
12316 12318
12317 12318
12319 12320
12319 12321
12320 12321
12322 12323
12322 12324
12323 12324
12325 12326
12325 12327
12326 12327
12328 12329
12328 12330
12329 12330
12331 12332
12331 12333
12332 12333
12334 12335
12334 12336
12335 12336
12337 12338
12337 12339
12338 12339
12340 12341
12340 12342
12341 12342
12343 12344
12343 12345
12344 12345
12346 12347
12346 12348
12347 12348
12349 12350
12349 12351
12350 12351
12352 12353
12352 12354
12353 12354
12355 12356
12355 12357
12356 12357
12358 12359
12358 12360
12359 12360
12361 12362
12361 12363
12362 12363
12364 12365
12364 12366
12365 12366
12367 12368
12367 12369
12368 12369
12370 12371
12370 12372
12371 12372
12373 12374
12373 12375
12374 12375
12376 12377
12376 12378
12377 12378
12379 12380
12379 12381
12380 12381
12382 12383
12382 12384
12383 12384
12385 12386
12385 12387
12386 12387
12388 12389
12388 12390
12389 12390
12391 12392
12391 12393
12392 12393
12394 12395
12394 12396
12395 12396
12397 12398
12397 12399
12398 12399
12400 12401
12400 12402
12401 12402
12403 12404
12403 12405
12404 12405
12406 12407
12406 12408
12407 12408
12409 12410
12409 12411
12410 12411
12412 12413
12412 12414
12413 12414
12415 12416
12415 12417
12416 12417
12418 12419
12418 12420
12419 12420
12421 12422
12421 12423
12422 12423
12424 12425
12424 12426
12425 12426
12427 12428
12427 12429
12428 12429
12430 12431
12430 12432
12431 12432
12433 12434
12433 12435
12434 12435
12436 12437
12436 12438
12437 12438
12439 12440
12439 12441
12440 12441
12442 12443
12442 12444
12443 12444
12445 12446
12445 12447
12446 12447
12448 12449
12448 12450
12449 12450
12451 12452
12451 12453
12452 12453
12454 12455
12454 12456
12455 12456
12457 12458
12457 12459
12458 12459
12460 12461
12460 12462
12461 12462
12463 12464
12463 12465
12464 12465
12466 12467
12466 12468
12467 12468
12469 12470
12469 12471
12470 12471
12472 12473
12472 12474
12473 12474
12475 12476
12475 12477
12476 12477
12478 12479
12478 12480
12479 12480
12481 12482
12481 12483
12482 12483
12484 12485
12484 12486
12485 12486
12487 12488
12487 12489
12488 12489
12490 12491
12490 12492
12491 12492
12493 12494
12493 12495
12494 12495
12496 12497
12496 12498
12497 12498
12499 12500
12499 12501
12500 12501
12502 12503
12502 12504
12503 12504
12505 12506
12505 12507
12506 12507
12508 12509
12508 12510
12509 12510
12511 12512
12511 12513
12512 12513
12514 12515
12514 12516
12515 12516
12517 12518
12517 12519
12518 12519
12520 12521
12520 12522
12521 12522
12523 12524
12523 12525
12524 12525
12526 12527
12526 12528
12527 12528
12529 12530
12529 12531
12530 12531
12532 12533
12532 12534
12533 12534
12535 12536
12535 12537
12536 12537
12538 12539
12538 12540
12539 12540
12541 12542
12541 12543
12542 12543
12544 12545
12544 12546
12545 12546
12547 12548
12547 12549
12548 12549
12550 12551
12550 12552
12551 12552
12553 12554
12553 12555
12554 12555
12556 12557
12556 12558
12557 12558
12559 12560
12559 12561
12560 12561
12562 12563
12562 12564
12563 12564
12565 12566
12565 12567
12566 12567
12568 12569
12568 12570
12569 12570
12571 12572
12571 12573
12572 12573
12574 12575
12574 12576
12575 12576
12577 12578
12577 12579
12578 12579
12580 12581
12580 12582
12581 12582
12583 12584
12583 12585
12584 12585
12586 12587
12586 12588
12587 12588
12589 12590
12589 12591
12590 12591
12592 12593
12592 12594
12593 12594
12595 12596
12595 12597
12596 12597
12598 12599
12598 12600
12599 12600
12601 12602
12601 12603
12602 12603
12604 12605
12604 12606
12605 12606
12607 12608
12607 12609
12608 12609
12610 12611
12610 12612
12611 12612
12613 12614
12613 12615
12614 12615
12616 12617
12616 12618
12617 12618
12619 12620
12619 12621
12620 12621
12622 12623
12622 12624
12623 12624
12625 12626
12625 12627
12626 12627
12628 12629
12628 12630
12629 12630
12631 12632
12631 12633
12632 12633
12634 12635
12634 12636
12635 12636
12637 12638
12637 12639
12638 12639
12640 12641
12640 12642
12641 12642
12643 12644
12643 12645
12644 12645
12646 12647
12646 12648
12647 12648
12649 12650
12649 12651
12650 12651
12652 12653
12652 12654
12653 12654
12655 12656
12655 12657
12656 12657
12658 12659
12658 12660
12659 12660
12661 12662
12661 12663
12662 12663
12664 12665
12664 12666
12665 12666
12667 12668
12667 12669
12668 12669
12670 12671
12670 12672
12671 12672
12673 12674
12673 12675
12674 12675
12676 12677
12676 12678
12677 12678
12679 12680
12679 12681
12680 12681
12682 12683
12682 12684
12683 12684
12685 12686
12685 12687
12686 12687
12688 12689
12688 12690
12689 12690
12691 12692
12691 12693
12692 12693
12694 12695
12694 12696
12695 12696
12697 12698
12697 12699
12698 12699
12700 12701
12700 12702
12701 12702
12703 12704
12703 12705
12704 12705
12706 12707
12706 12708
12707 12708
12709 12710
12709 12711
12710 12711
12712 12713
12712 12714
12713 12714
12715 12716
12715 12717
12716 12717
12718 12719
12718 12720
12719 12720
12721 12722
12721 12723
12722 12723
12724 12725
12724 12726
12725 12726
12727 12728
12727 12729
12728 12729
12730 12731
12730 12732
12731 12732
12733 12734
12733 12735
12734 12735
12736 12737
12736 12738
12737 12738
12739 12740
12739 12741
12740 12741
12742 12743
12742 12744
12743 12744
12745 12746
12745 12747
12746 12747
12748 12749
12748 12750
12749 12750
12751 12752
12751 12753
12752 12753
12754 12755
12754 12756
12755 12756
12757 12758
12757 12759
12758 12759
12760 12761
12760 12762
12761 12762
12763 12764
12763 12765
12764 12765
12766 12767
12766 12768
12767 12768
12769 12770
12769 12771
12770 12771
12772 12773
12772 12774
12773 12774
12775 12776
12775 12777
12776 12777
12778 12779
12778 12780
12779 12780
12781 12782
12781 12783
12782 12783
12784 12785
12784 12786
12785 12786
12787 12788
12787 12789
12788 12789
12790 12791
12790 12792
12791 12792
12793 12794
12793 12795
12794 12795
12796 12797
12796 12798
12797 12798
12799 12800
12799 12801
12800 12801
12802 12803
12802 12804
12803 12804
12805 12806
12805 12807
12806 12807
12808 12809
12808 12810
12809 12810
12811 12812
12811 12813
12812 12813
12814 12815
12814 12816
12815 12816
12817 12818
12817 12819
12818 12819
12820 12821
12820 12822
12821 12822
12823 12824
12823 12825
12824 12825
12826 12827
12826 12828
12827 12828
12829 12830
12829 12831
12830 12831
12832 12833
12832 12834
12833 12834
12835 12836
12835 12837
12836 12837
12838 12839
12838 12840
12839 12840
12841 12842
12841 12843
12842 12843
12844 12845
12844 12846
12845 12846
12847 12848
12847 12849
12848 12849
12850 12851
12850 12852
12851 12852
12853 12854
12853 12855
12854 12855
12856 12857
12856 12858
12857 12858
12859 12860
12859 12861
12860 12861
12862 12863
12862 12864
12863 12864
12865 12866
12865 12867
12866 12867
12868 12869
12868 12870
12869 12870
12871 12872
12871 12873
12872 12873
12874 12875
12874 12876
12875 12876
12877 12878
12877 12879
12878 12879
12880 12881
12880 12882
12881 12882
12883 12884
12883 12885
12884 12885
12886 12887
12886 12888
12887 12888
12889 12890
12889 12891
12890 12891
12892 12893
12892 12894
12893 12894
12895 12896
12895 12897
12896 12897
12898 12899
12898 12900
12899 12900
12901 12902
12901 12903
12902 12903
12904 12905
12904 12906
12905 12906
12907 12908
12907 12909
12908 12909
12910 12911
12910 12912
12911 12912
12913 12914
12913 12915
12914 12915
12916 12917
12916 12918
12917 12918
12919 12920
12919 12921
12920 12921
12922 12923
12922 12924
12923 12924
12925 12926
12925 12927
12926 12927
12928 12929
12928 12930
12929 12930
12931 12932
12931 12933
12932 12933
12934 12935
12934 12936
12935 12936
12937 12938
12937 12939
12938 12939
12940 12941
12940 12942
12941 12942
12943 12944
12943 12945
12944 12945
12946 12947
12946 12948
12947 12948
12949 12950
12949 12951
12950 12951
12952 12953
12952 12954
12953 12954
12955 12956
12955 12957
12956 12957
12958 12959
12958 12960
12959 12960
12961 12962
12961 12963
12962 12963
12964 12965
12964 12966
12965 12966
12967 12968
12967 12969
12968 12969
12970 12971
12970 12972
12971 12972
12973 12974
12973 12975
12974 12975
12976 12977
12976 12978
12977 12978
12979 12980
12979 12981
12980 12981
12982 12983
12982 12984
12983 12984
12985 12986
12985 12987
12986 12987
12988 12989
12988 12990
12989 12990
12991 12992
12991 12993
12992 12993
12994 12995
12994 12996
12995 12996
12997 12998
12997 12999
12998 12999
13000 13001
13000 13002
13001 13002
13003 13004
13003 13005
13004 13005
13006 13007
13006 13008
13007 13008
13009 13010
13009 13011
13010 13011
13012 13013
13012 13014
13013 13014
13015 13016
13015 13017
13016 13017
13018 13019
13018 13020
13019 13020
13021 13022
13021 13023
13022 13023
13024 13025
13024 13026
13025 13026
13027 13028
13027 13029
13028 13029
13030 13031
13030 13032
13031 13032
13033 13034
13033 13035
13034 13035
13036 13037
13036 13038
13037 13038
13039 13040
13039 13041
13040 13041
13042 13043
13042 13044
13043 13044
13045 13046
13045 13047
13046 13047
13048 13049
13048 13050
13049 13050
13051 13052
13051 13053
13052 13053
13054 13055
13054 13056
13055 13056
13057 13058
13057 13059
13058 13059
13060 13061
13060 13062
13061 13062
13063 13064
13063 13065
13064 13065
13066 13067
13066 13068
13067 13068
13069 13070
13069 13071
13070 13071
13072 13073
13072 13074
13073 13074
13075 13076
13075 13077
13076 13077
13078 13079
13078 13080
13079 13080
13081 13082
13081 13083
13082 13083
13084 13085
13084 13086
13085 13086
13087 13088
13087 13089
13088 13089
13090 13091
13090 13092
13091 13092
13093 13094
13093 13095
13094 13095
13096 13097
13096 13098
13097 13098
13099 13100
13099 13101
13100 13101
13102 13103
13102 13104
13103 13104
13105 13106
13105 13107
13106 13107
13108 13109
13108 13110
13109 13110
13111 13112
13111 13113
13112 13113
13114 13115
13114 13116
13115 13116
13117 13118
13117 13119
13118 13119
13120 13121
13120 13122
13121 13122
13123 13124
13123 13125
13124 13125
13126 13127
13126 13128
13127 13128
13129 13130
13129 13131
13130 13131
13132 13133
13132 13134
13133 13134
13135 13136
13135 13137
13136 13137
13138 13139
13138 13140
13139 13140
13141 13142
13141 13143
13142 13143
13144 13145
13144 13146
13145 13146
13147 13148
13147 13149
13148 13149
13150 13151
13150 13152
13151 13152
13153 13154
13153 13155
13154 13155
13156 13157
13156 13158
13157 13158
13159 13160
13159 13161
13160 13161
13162 13163
13162 13164
13163 13164
13165 13166
13165 13167
13166 13167
13168 13169
13168 13170
13169 13170
13171 13172
13171 13173
13172 13173
13174 13175
13174 13176
13175 13176
13177 13178
13177 13179
13178 13179
13180 13181
13180 13182
13181 13182
13183 13184
13183 13185
13184 13185
13186 13187
13186 13188
13187 13188
13189 13190
13189 13191
13190 13191
13192 13193
13192 13194
13193 13194
13195 13196
13195 13197
13196 13197
13198 13199
13198 13200
13199 13200
13201 13202
13201 13203
13202 13203
13204 13205
13204 13206
13205 13206
13207 13208
13207 13209
13208 13209
13210 13211
13210 13212
13211 13212
13213 13214
13213 13215
13214 13215
13216 13217
13216 13218
13217 13218
13219 13220
13219 13221
13220 13221
13222 13223
13222 13224
13223 13224
13225 13226
13225 13227
13226 13227
13228 13229
13228 13230
13229 13230
13231 13232
13231 13233
13232 13233
13234 13235
13234 13236
13235 13236
13237 13238
13237 13239
13238 13239
13240 13241
13240 13242
13241 13242
13243 13244
13243 13245
13244 13245
13246 13247
13246 13248
13247 13248
13249 13250
13249 13251
13250 13251
13252 13253
13252 13254
13253 13254
13255 13256
13255 13257
13256 13257
13258 13259
13258 13260
13259 13260
13261 13262
13261 13263
13262 13263
13264 13265
13264 13266
13265 13266
13267 13268
13267 13269
13268 13269
13270 13271
13270 13272
13271 13272
13273 13274
13273 13275
13274 13275
13276 13277
13276 13278
13277 13278
13279 13280
13279 13281
13280 13281
13282 13283
13282 13284
13283 13284
13285 13286
13285 13287
13286 13287
13288 13289
13288 13290
13289 13290
13291 13292
13291 13293
13292 13293
13294 13295
13294 13296
13295 13296
13297 13298
13297 13299
13298 13299
13300 13301
13300 13302
13301 13302
13303 13304
13303 13305
13304 13305
13306 13307
13306 13308
13307 13308
13309 13310
13309 13311
13310 13311
13312 13313
13312 13314
13313 13314
13315 13316
13315 13317
13316 13317
13318 13319
13318 13320
13319 13320
13321 13322
13321 13323
13322 13323
13324 13325
13324 13326
13325 13326
13327 13328
13327 13329
13328 13329
13330 13331
13330 13332
13331 13332
13333 13334
13333 13335
13334 13335
13336 13337
13336 13338
13337 13338
13339 13340
13339 13341
13340 13341
13342 13343
13342 13344
13343 13344
13345 13346
13345 13347
13346 13347
13348 13349
13348 13350
13349 13350
13351 13352
13351 13353
13352 13353
13354 13355
13354 13356
13355 13356
13357 13358
13357 13359
13358 13359
13360 13361
13360 13362
13361 13362
13363 13364
13363 13365
13364 13365
13366 13367
13366 13368
13367 13368
13369 13370
13369 13371
13370 13371
13372 13373
13372 13374
13373 13374
13375 13376
13375 13377
13376 13377
13378 13379
13378 13380
13379 13380
13381 13382
13381 13383
13382 13383
13384 13385
13384 13386
13385 13386
13387 13388
13387 13389
13388 13389
13390 13391
13390 13392
13391 13392
13393 13394
13393 13395
13394 13395
13396 13397
13396 13398
13397 13398
13399 13400
13399 13401
13400 13401
13402 13403
13402 13404
13403 13404
13405 13406
13405 13407
13406 13407
13408 13409
13408 13410
13409 13410
13411 13412
13411 13413
13412 13413
13414 13415
13414 13416
13415 13416
13417 13418
13417 13419
13418 13419
13420 13421
13420 13422
13421 13422
13423 13424
13423 13425
13424 13425
13426 13427
13426 13428
13427 13428
13429 13430
13429 13431
13430 13431
13432 13433
13432 13434
13433 13434
13435 13436
13435 13437
13436 13437
13438 13439
13438 13440
13439 13440
13441 13442
13441 13443
13442 13443
13444 13445
13444 13446
13445 13446
13447 13448
13447 13449
13448 13449
13450 13451
13450 13452
13451 13452
13453 13454
13453 13455
13454 13455
13456 13457
13456 13458
13457 13458
13459 13460
13459 13461
13460 13461
13462 13463
13462 13464
13463 13464
13465 13466
13465 13467
13466 13467
13468 13469
13468 13470
13469 13470
13471 13472
13471 13473
13472 13473
13474 13475
13474 13476
13475 13476
13477 13478
13477 13479
13478 13479
13480 13481
13480 13482
13481 13482
13483 13484
13483 13485
13484 13485
13486 13487
13486 13488
13487 13488
13489 13490
13489 13491
13490 13491
13492 13493
13492 13494
13493 13494
13495 13496
13495 13497
13496 13497
13498 13499
13498 13500
13499 13500
13501 13502
13501 13503
13502 13503
13504 13505
13504 13506
13505 13506
13507 13508
13507 13509
13508 13509
13510 13511
13510 13512
13511 13512
13513 13514
13513 13515
13514 13515
13516 13517
13516 13518
13517 13518
13519 13520
13519 13521
13520 13521
13522 13523
13522 13524
13523 13524
13525 13526
13525 13527
13526 13527
13528 13529
13528 13530
13529 13530
13531 13532
13531 13533
13532 13533
13534 13535
13534 13536
13535 13536
13537 13538
13537 13539
13538 13539
13540 13541
13540 13542
13541 13542
13543 13544
13543 13545
13544 13545
13546 13547
13546 13548
13547 13548
13549 13550
13549 13551
13550 13551
13552 13553
13552 13554
13553 13554
13555 13556
13555 13557
13556 13557
13558 13559
13558 13560
13559 13560
13561 13562
13561 13563
13562 13563
13564 13565
13564 13566
13565 13566
13567 13568
13567 13569
13568 13569
13570 13571
13570 13572
13571 13572
13573 13574
13573 13575
13574 13575
13576 13577
13576 13578
13577 13578
13579 13580
13579 13581
13580 13581
13582 13583
13582 13584
13583 13584
13585 13586
13585 13587
13586 13587
13588 13589
13588 13590
13589 13590
13591 13592
13591 13593
13592 13593
13594 13595
13594 13596
13595 13596
13597 13598
13597 13599
13598 13599
13600 13601
13600 13602
13601 13602
13603 13604
13603 13605
13604 13605
13606 13607
13606 13608
13607 13608
13609 13610
13609 13611
13610 13611
13612 13613
13612 13614
13613 13614
13615 13616
13615 13617
13616 13617
13618 13619
13618 13620
13619 13620
13621 13622
13621 13623
13622 13623
13624 13625
13624 13626
13625 13626
13627 13628
13627 13629
13628 13629
13630 13631
13630 13632
13631 13632
13633 13634
13633 13635
13634 13635
13636 13637
13636 13638
13637 13638
13639 13640
13639 13641
13640 13641
13642 13643
13642 13644
13643 13644
13645 13646
13645 13647
13646 13647
13648 13649
13648 13650
13649 13650
13651 13652
13651 13653
13652 13653
13654 13655
13654 13656
13655 13656
13657 13658
13657 13659
13658 13659
13660 13661
13660 13662
13661 13662
13663 13664
13663 13665
13664 13665
13666 13667
13666 13668
13667 13668
13669 13670
13669 13671
13670 13671
13672 13673
13672 13674
13673 13674
13675 13676
13675 13677
13676 13677
13678 13679
13678 13680
13679 13680
13681 13682
13681 13683
13682 13683
13684 13685
13684 13686
13685 13686
13687 13688
13687 13689
13688 13689
13690 13691
13690 13692
13691 13692
13693 13694
13693 13695
13694 13695
13696 13697
13696 13698
13697 13698
13699 13700
13699 13701
13700 13701
13702 13703
13702 13704
13703 13704
13705 13706
13705 13707
13706 13707
13708 13709
13708 13710
13709 13710
13711 13712
13711 13713
13712 13713
13714 13715
13714 13716
13715 13716
13717 13718
13717 13719
13718 13719
13720 13721
13720 13722
13721 13722
13723 13724
13723 13725
13724 13725
13726 13727
13726 13728
13727 13728
13729 13730
13729 13731
13730 13731
13732 13733
13732 13734
13733 13734
13735 13736
13735 13737
13736 13737
13738 13739
13738 13740
13739 13740
13741 13742
13741 13743
13742 13743
13744 13745
13744 13746
13745 13746
13747 13748
13747 13749
13748 13749
13750 13751
13750 13752
13751 13752
13753 13754
13753 13755
13754 13755
13756 13757
13756 13758
13757 13758
13759 13760
13759 13761
13760 13761
13762 13763
13762 13764
13763 13764
13765 13766
13765 13767
13766 13767
13768 13769
13768 13770
13769 13770
13771 13772
13771 13773
13772 13773
13774 13775
13774 13776
13775 13776
13777 13778
13777 13779
13778 13779
13780 13781
13780 13782
13781 13782
13783 13784
13783 13785
13784 13785
13786 13787
13786 13788
13787 13788
13789 13790
13789 13791
13790 13791
13792 13793
13792 13794
13793 13794
13795 13796
13795 13797
13796 13797
13798 13799
13798 13800
13799 13800
13801 13802
13801 13803
13802 13803
13804 13805
13804 13806
13805 13806
13807 13808
13807 13809
13808 13809
13810 13811
13810 13812
13811 13812
13813 13814
13813 13815
13814 13815
13816 13817
13816 13818
13817 13818
13819 13820
13819 13821
13820 13821
13822 13823
13822 13824
13823 13824
13825 13826
13825 13827
13826 13827
13828 13829
13828 13830
13829 13830
13831 13832
13831 13833
13832 13833
13834 13835
13834 13836
13835 13836
13837 13838
13837 13839
13838 13839
13840 13841
13840 13842
13841 13842
13843 13844
13843 13845
13844 13845
13846 13847
13846 13848
13847 13848
13849 13850
13849 13851
13850 13851
13852 13853
13852 13854
13853 13854
13855 13856
13855 13857
13856 13857
13858 13859
13858 13860
13859 13860
13861 13862
13861 13863
13862 13863
13864 13865
13864 13866
13865 13866
13867 13868
13867 13869
13868 13869
13870 13871
13870 13872
13871 13872
13873 13874
13873 13875
13874 13875
13876 13877
13876 13878
13877 13878
13879 13880
13879 13881
13880 13881
13882 13883
13882 13884
13883 13884
13885 13886
13885 13887
13886 13887
13888 13889
13888 13890
13889 13890
13891 13892
13891 13893
13892 13893
13894 13895
13894 13896
13895 13896
13897 13898
13897 13899
13898 13899
13900 13901
13900 13902
13901 13902
13903 13904
13903 13905
13904 13905
13906 13907
13906 13908
13907 13908
13909 13910
13909 13911
13910 13911
13912 13913
13912 13914
13913 13914
13915 13916
13915 13917
13916 13917
13918 13919
13918 13920
13919 13920
13921 13922
13921 13923
13922 13923
13924 13925
13924 13926
13925 13926
13927 13928
13927 13929
13928 13929
13930 13931
13930 13932
13931 13932
13933 13934
13933 13935
13934 13935
13936 13937
13936 13938
13937 13938
13939 13940
13939 13941
13940 13941
13942 13943
13942 13944
13943 13944
13945 13946
13945 13947
13946 13947
13948 13949
13948 13950
13949 13950
13951 13952
13951 13953
13952 13953
13954 13955
13954 13956
13955 13956
13957 13958
13957 13959
13958 13959
13960 13961
13960 13962
13961 13962
13963 13964
13963 13965
13964 13965
13966 13967
13966 13968
13967 13968
13969 13970
13969 13971
13970 13971
13972 13973
13972 13974
13973 13974
13975 13976
13975 13977
13976 13977
13978 13979
13978 13980
13979 13980
13981 13982
13981 13983
13982 13983
13984 13985
13984 13986
13985 13986
13987 13988
13987 13989
13988 13989
13990 13991
13990 13992
13991 13992
13993 13994
13993 13995
13994 13995
13996 13997
13996 13998
13997 13998
13999 14000
13999 14001
14000 14001
14002 14003
14002 14004
14003 14004
14005 14006
14005 14007
14006 14007
14008 14009
14008 14010
14009 14010
14011 14012
14011 14013
14012 14013
14014 14015
14014 14016
14015 14016
14017 14018
14017 14019
14018 14019
14020 14021
14020 14022
14021 14022
14023 14024
14023 14025
14024 14025
14026 14027
14026 14028
14027 14028
14029 14030
14029 14031
14030 14031
14032 14033
14032 14034
14033 14034
14035 14036
14035 14037
14036 14037
14038 14039
14038 14040
14039 14040
14041 14042
14041 14043
14042 14043
14044 14045
14044 14046
14045 14046
14047 14048
14047 14049
14048 14049
14050 14051
14050 14052
14051 14052
14053 14054
14053 14055
14054 14055
14056 14057
14056 14058
14057 14058
14059 14060
14059 14061
14060 14061
14062 14063
14062 14064
14063 14064
14065 14066
14065 14067
14066 14067
14068 14069
14068 14070
14069 14070
14071 14072
14071 14073
14072 14073
14074 14075
14074 14076
14075 14076
14077 14078
14077 14079
14078 14079
14080 14081
14080 14082
14081 14082
14083 14084
14083 14085
14084 14085
14086 14087
14086 14088
14087 14088
14089 14090
14089 14091
14090 14091
14092 14093
14092 14094
14093 14094
14095 14096
14095 14097
14096 14097
14098 14099
14098 14100
14099 14100
14101 14102
14101 14103
14102 14103
14104 14105
14104 14106
14105 14106
14107 14108
14107 14109
14108 14109
14110 14111
14110 14112
14111 14112
14113 14114
14113 14115
14114 14115
14116 14117
14116 14118
14117 14118
14119 14120
14119 14121
14120 14121
14122 14123
14122 14124
14123 14124
14125 14126
14125 14127
14126 14127
14128 14129
14128 14130
14129 14130
14131 14132
14131 14133
14132 14133
14134 14135
14134 14136
14135 14136
14137 14138
14137 14139
14138 14139
14140 14141
14140 14142
14141 14142
14143 14144
14143 14145
14144 14145
14146 14147
14146 14148
14147 14148
14149 14150
14149 14151
14150 14151
14152 14153
14152 14154
14153 14154
14155 14156
14155 14157
14156 14157
14158 14159
14158 14160
14159 14160
14161 14162
14161 14163
14162 14163
14164 14165
14164 14166
14165 14166
14167 14168
14167 14169
14168 14169
14170 14171
14170 14172
14171 14172
14173 14174
14173 14175
14174 14175
14176 14177
14176 14178
14177 14178
14179 14180
14179 14181
14180 14181
14182 14183
14182 14184
14183 14184
14185 14186
14185 14187
14186 14187
14188 14189
14188 14190
14189 14190
14191 14192
14191 14193
14192 14193
14194 14195
14194 14196
14195 14196
14197 14198
14197 14199
14198 14199
14200 14201
14200 14202
14201 14202
14203 14204
14203 14205
14204 14205
14206 14207
14206 14208
14207 14208
14209 14210
14209 14211
14210 14211
14212 14213
14212 14214
14213 14214
14215 14216
14215 14217
14216 14217
14218 14219
14218 14220
14219 14220
14221 14222
14221 14223
14222 14223
14224 14225
14224 14226
14225 14226
14227 14228
14227 14229
14228 14229
14230 14231
14230 14232
14231 14232
14233 14234
14233 14235
14234 14235
14236 14237
14236 14238
14237 14238
14239 14240
14239 14241
14240 14241
14242 14243
14242 14244
14243 14244
14245 14246
14245 14247
14246 14247
14248 14249
14248 14250
14249 14250
14251 14252
14251 14253
14252 14253
14254 14255
14254 14256
14255 14256
14257 14258
14257 14259
14258 14259
14260 14261
14260 14262
14261 14262
14263 14264
14263 14265
14264 14265
14266 14267
14266 14268
14267 14268
14269 14270
14269 14271
14270 14271
14272 14273
14272 14274
14273 14274
14275 14276
14275 14277
14276 14277
14278 14279
14278 14280
14279 14280
14281 14282
14281 14283
14282 14283
14284 14285
14284 14286
14285 14286
14287 14288
14287 14289
14288 14289
14290 14291
14290 14292
14291 14292
14293 14294
14293 14295
14294 14295
14296 14297
14296 14298
14297 14298
14299 14300
14299 14301
14300 14301
14302 14303
14302 14304
14303 14304
14305 14306
14305 14307
14306 14307
14308 14309
14308 14310
14309 14310
14311 14312
14311 14313
14312 14313
14314 14315
14314 14316
14315 14316
14317 14318
14317 14319
14318 14319
14320 14321
14320 14322
14321 14322
14323 14324
14323 14325
14324 14325
14326 14327
14326 14328
14327 14328
14329 14330
14329 14331
14330 14331
14332 14333
14332 14334
14333 14334
14335 14336
14335 14337
14336 14337
14338 14339
14338 14340
14339 14340
14341 14342
14341 14343
14342 14343
14344 14345
14344 14346
14345 14346
14347 14348
14347 14349
14348 14349
14350 14351
14350 14352
14351 14352
14353 14354
14353 14355
14354 14355
14356 14357
14356 14358
14357 14358
14359 14360
14359 14361
14360 14361
14362 14363
14362 14364
14363 14364
14365 14366
14365 14367
14366 14367
14368 14369
14368 14370
14369 14370
14371 14372
14371 14373
14372 14373
14374 14375
14374 14376
14375 14376
14377 14378
14377 14379
14378 14379
14380 14381
14380 14382
14381 14382
14383 14384
14383 14385
14384 14385
14386 14387
14386 14388
14387 14388
14389 14390
14389 14391
14390 14391
14392 14393
14392 14394
14393 14394
14395 14396
14395 14397
14396 14397
14398 14399
14398 14400
14399 14400
14401 14402
14401 14403
14402 14403
14404 14405
14404 14406
14405 14406
14407 14408
14407 14409
14408 14409
14410 14411
14410 14412
14411 14412
14413 14414
14413 14415
14414 14415
14416 14417
14416 14418
14417 14418
14419 14420
14419 14421
14420 14421
14422 14423
14422 14424
14423 14424
14425 14426
14425 14427
14426 14427
14428 14429
14428 14430
14429 14430
14431 14432
14431 14433
14432 14433
14434 14435
14434 14436
14435 14436
14437 14438
14437 14439
14438 14439
14440 14441
14440 14442
14441 14442
14443 14444
14443 14445
14444 14445
14446 14447
14446 14448
14447 14448
14449 14450
14449 14451
14450 14451
14452 14453
14452 14454
14453 14454
14455 14456
14455 14457
14456 14457
14458 14459
14458 14460
14459 14460
14461 14462
14461 14463
14462 14463
14464 14465
14464 14466
14465 14466
14467 14468
14467 14469
14468 14469
14470 14471
14470 14472
14471 14472
14473 14474
14473 14475
14474 14475
14476 14477
14476 14478
14477 14478
14479 14480
14479 14481
14480 14481
14482 14483
14482 14484
14483 14484
14485 14486
14485 14487
14486 14487
14488 14489
14488 14490
14489 14490
14491 14492
14491 14493
14492 14493
14494 14495
14494 14496
14495 14496
14497 14498
14497 14499
14498 14499
14500 14501
14500 14502
14501 14502
14503 14504
14503 14505
14504 14505
14506 14507
14506 14508
14507 14508
14509 14510
14509 14511
14510 14511
14512 14513
14512 14514
14513 14514
14515 14516
14515 14517
14516 14517
14518 14519
14518 14520
14519 14520
14521 14522
14521 14523
14522 14523
14524 14525
14524 14526
14525 14526
14527 14528
14527 14529
14528 14529
14530 14531
14530 14532
14531 14532
14533 14534
14533 14535
14534 14535
14536 14537
14536 14538
14537 14538
14539 14540
14539 14541
14540 14541
14542 14543
14542 14544
14543 14544
14545 14546
14545 14547
14546 14547
14548 14549
14548 14550
14549 14550
14551 14552
14551 14553
14552 14553
14554 14555
14554 14556
14555 14556
14557 14558
14557 14559
14558 14559
14560 14561
14560 14562
14561 14562
14563 14564
14563 14565
14564 14565
14566 14567
14566 14568
14567 14568
14569 14570
14569 14571
14570 14571
14572 14573
14572 14574
14573 14574
14575 14576
14575 14577
14576 14577
14578 14579
14578 14580
14579 14580
14581 14582
14581 14583
14582 14583
14584 14585
14584 14586
14585 14586
14587 14588
14587 14589
14588 14589
14590 14591
14590 14592
14591 14592
14593 14594
14593 14595
14594 14595
14596 14597
14596 14598
14597 14598
14599 14600
14599 14601
14600 14601
14602 14603
14602 14604
14603 14604
14605 14606
14605 14607
14606 14607
14608 14609
14608 14610
14609 14610
14611 14612
14611 14613
14612 14613
14614 14615
14614 14616
14615 14616
14617 14618
14617 14619
14618 14619
14620 14621
14620 14622
14621 14622
14623 14624
14623 14625
14624 14625
14626 14627
14626 14628
14627 14628
14629 14630
14629 14631
14630 14631
14632 14633
14632 14634
14633 14634
14635 14636
14635 14637
14636 14637
14638 14639
14638 14640
14639 14640
14641 14642
14641 14643
14642 14643
14644 14645
14644 14646
14645 14646
14647 14648
14647 14649
14648 14649
14650 14651
14650 14652
14651 14652
14653 14654
14653 14655
14654 14655
14656 14657
14656 14658
14657 14658
14659 14660
14659 14661
14660 14661
14662 14663
14662 14664
14663 14664
14665 14666
14665 14667
14666 14667
14668 14669
14668 14670
14669 14670
14671 14672
14671 14673
14672 14673
14674 14675
14674 14676
14675 14676
14677 14678
14677 14679
14678 14679
14680 14681
14680 14682
14681 14682
14683 14684
14683 14685
14684 14685
14686 14687
14686 14688
14687 14688
14689 14690
14689 14691
14690 14691
14692 14693
14692 14694
14693 14694
14695 14696
14695 14697
14696 14697
14698 14699
14698 14700
14699 14700
14701 14702
14701 14703
14702 14703
14704 14705
14704 14706
14705 14706
14707 14708
14707 14709
14708 14709
14710 14711
14710 14712
14711 14712
14713 14714
14713 14715
14714 14715
14716 14717
14716 14718
14717 14718
14719 14720
14719 14721
14720 14721
14722 14723
14722 14724
14723 14724
14725 14726
14725 14727
14726 14727
14728 14729
14728 14730
14729 14730
14731 14732
14731 14733
14732 14733
14734 14735
14734 14736
14735 14736
14737 14738
14737 14739
14738 14739
14740 14741
14740 14742
14741 14742
14743 14744
14743 14745
14744 14745
14746 14747
14746 14748
14747 14748
14749 14750
14749 14751
14750 14751
14752 14753
14752 14754
14753 14754
14755 14756
14755 14757
14756 14757
14758 14759
14758 14760
14759 14760
14761 14762
14761 14763
14762 14763
14764 14765
14764 14766
14765 14766
14767 14768
14767 14769
14768 14769
14770 14771
14770 14772
14771 14772
14773 14774
14773 14775
14774 14775
14776 14777
14776 14778
14777 14778
14779 14780
14779 14781
14780 14781
14782 14783
14782 14784
14783 14784
14785 14786
14785 14787
14786 14787
14788 14789
14788 14790
14789 14790
14791 14792
14791 14793
14792 14793
14794 14795
14794 14796
14795 14796
14797 14798
14797 14799
14798 14799
14800 14801
14800 14802
14801 14802
14803 14804
14803 14805
14804 14805
14806 14807
14806 14808
14807 14808
14809 14810
14809 14811
14810 14811
14812 14813
14812 14814
14813 14814
14815 14816
14815 14817
14816 14817
14818 14819
14818 14820
14819 14820
14821 14822
14821 14823
14822 14823
14824 14825
14824 14826
14825 14826
14827 14828
14827 14829
14828 14829
14830 14831
14830 14832
14831 14832
14833 14834
14833 14835
14834 14835
14836 14837
14836 14838
14837 14838
14839 14840
14839 14841
14840 14841
14842 14843
14842 14844
14843 14844
14845 14846
14845 14847
14846 14847
14848 14849
14848 14850
14849 14850
14851 14852
14851 14853
14852 14853
14854 14855
14854 14856
14855 14856
14857 14858
14857 14859
14858 14859
14860 14861
14860 14862
14861 14862
14863 14864
14863 14865
14864 14865
14866 14867
14866 14868
14867 14868
14869 14870
14869 14871
14870 14871
14872 14873
14872 14874
14873 14874
14875 14876
14875 14877
14876 14877
14878 14879
14878 14880
14879 14880
14881 14882
14881 14883
14882 14883
14884 14885
14884 14886
14885 14886
14887 14888
14887 14889
14888 14889
14890 14891
14890 14892
14891 14892
14893 14894
14893 14895
14894 14895
14896 14897
14896 14898
14897 14898
14899 14900
14899 14901
14900 14901
14902 14903
14902 14904
14903 14904
14905 14906
14905 14907
14906 14907
14908 14909
14908 14910
14909 14910
14911 14912
14911 14913
14912 14913
14914 14915
14914 14916
14915 14916
14917 14918
14917 14919
14918 14919
14920 14921
14920 14922
14921 14922
14923 14924
14923 14925
14924 14925
14926 14927
14926 14928
14927 14928
14929 14930
14929 14931
14930 14931
14932 14933
14932 14934
14933 14934
14935 14936
14935 14937
14936 14937
14938 14939
14938 14940
14939 14940
14941 14942
14941 14943
14942 14943
14944 14945
14944 14946
14945 14946
14947 14948
14947 14949
14948 14949
14950 14951
14950 14952
14951 14952
14953 14954
14953 14955
14954 14955
14956 14957
14956 14958
14957 14958
14959 14960
14959 14961
14960 14961
14962 14963
14962 14964
14963 14964
14965 14966
14965 14967
14966 14967
14968 14969
14968 14970
14969 14970
14971 14972
14971 14973
14972 14973
14974 14975
14974 14976
14975 14976
14977 14978
14977 14979
14978 14979
14980 14981
14980 14982
14981 14982
14983 14984
14983 14985
14984 14985
14986 14987
14986 14988
14987 14988
14989 14990
14989 14991
14990 14991
14992 14993
14992 14994
14993 14994
14995 14996
14995 14997
14996 14997
14998 14999
14998 15000
14999 15000
15001 15002
15001 15003
15002 15003
15004 15005
15004 15006
15005 15006
15007 15008
15007 15009
15008 15009
15010 15011
15010 15012
15011 15012
15013 15014
15013 15015
15014 15015
15016 15017
15016 15018
15017 15018
15019 15020
15019 15021
15020 15021
15022 15023
15022 15024
15023 15024
15025 15026
15025 15027
15026 15027
15028 15029
15028 15030
15029 15030
15031 15032
15031 15033
15032 15033
15034 15035
15034 15036
15035 15036
15037 15038
15037 15039
15038 15039
15040 15041
15040 15042
15041 15042
15043 15044
15043 15045
15044 15045
15046 15047
15046 15048
15047 15048
15049 15050
15049 15051
15050 15051
15052 15053
15052 15054
15053 15054
15055 15056
15055 15057
15056 15057
15058 15059
15058 15060
15059 15060
15061 15062
15061 15063
15062 15063
15064 15065
15064 15066
15065 15066
15067 15068
15067 15069
15068 15069
15070 15071
15070 15072
15071 15072
15073 15074
15073 15075
15074 15075
15076 15077
15076 15078
15077 15078
15079 15080
15079 15081
15080 15081
15082 15083
15082 15084
15083 15084
15085 15086
15085 15087
15086 15087
15088 15089
15088 15090
15089 15090
15091 15092
15091 15093
15092 15093
15094 15095
15094 15096
15095 15096
15097 15098
15097 15099
15098 15099
15100 15101
15100 15102
15101 15102
15103 15104
15103 15105
15104 15105
15106 15107
15106 15108
15107 15108
15109 15110
15109 15111
15110 15111
15112 15113
15112 15114
15113 15114
15115 15116
15115 15117
15116 15117
15118 15119
15118 15120
15119 15120
15121 15122
15121 15123
15122 15123
15124 15125
15124 15126
15125 15126
15127 15128
15127 15129
15128 15129
15130 15131
15130 15132
15131 15132
15133 15134
15133 15135
15134 15135
15136 15137
15136 15138
15137 15138
15139 15140
15139 15141
15140 15141
15142 15143
15142 15144
15143 15144
15145 15146
15145 15147
15146 15147
15148 15149
15148 15150
15149 15150
15151 15152
15151 15153
15152 15153
15154 15155
15154 15156
15155 15156
15157 15158
15157 15159
15158 15159
15160 15161
15160 15162
15161 15162
15163 15164
15163 15165
15164 15165
15166 15167
15166 15168
15167 15168
15169 15170
15169 15171
15170 15171
15172 15173
15172 15174
15173 15174
15175 15176
15175 15177
15176 15177
15178 15179
15178 15180
15179 15180
15181 15182
15181 15183
15182 15183
15184 15185
15184 15186
15185 15186
15187 15188
15187 15189
15188 15189
15190 15191
15190 15192
15191 15192
15193 15194
15193 15195
15194 15195
15196 15197
15196 15198
15197 15198
15199 15200
15199 15201
15200 15201
15202 15203
15202 15204
15203 15204
15205 15206
15205 15207
15206 15207
15208 15209
15208 15210
15209 15210
15211 15212
15211 15213
15212 15213
15214 15215
15214 15216
15215 15216
15217 15218
15217 15219
15218 15219
15220 15221
15220 15222
15221 15222
15223 15224
15223 15225
15224 15225
15226 15227
15226 15228
15227 15228
15229 15230
15229 15231
15230 15231
15232 15233
15232 15234
15233 15234
15235 15236
15235 15237
15236 15237
15238 15239
15238 15240
15239 15240
15241 15242
15241 15243
15242 15243
15244 15245
15244 15246
15245 15246
15247 15248
15247 15249
15248 15249
15250 15251
15250 15252
15251 15252
15253 15254
15253 15255
15254 15255
15256 15257
15256 15258
15257 15258
15259 15260
15259 15261
15260 15261
15262 15263
15262 15264
15263 15264
15265 15266
15265 15267
15266 15267
15268 15269
15268 15270
15269 15270
15271 15272
15271 15273
15272 15273
15274 15275
15274 15276
15275 15276
15277 15278
15277 15279
15278 15279
15280 15281
15280 15282
15281 15282
15283 15284
15283 15285
15284 15285
15286 15287
15286 15288
15287 15288
15289 15290
15289 15291
15290 15291
15292 15293
15292 15294
15293 15294
15295 15296
15295 15297
15296 15297
15298 15299
15298 15300
15299 15300
15301 15302
15301 15303
15302 15303
15304 15305
15304 15306
15305 15306
15307 15308
15307 15309
15308 15309
15310 15311
15310 15312
15311 15312
15313 15314
15313 15315
15314 15315
15316 15317
15316 15318
15317 15318
15319 15320
15319 15321
15320 15321
15322 15323
15322 15324
15323 15324
15325 15326
15325 15327
15326 15327
15328 15329
15328 15330
15329 15330
15331 15332
15331 15333
15332 15333
15334 15335
15334 15336
15335 15336
15337 15338
15337 15339
15338 15339
15340 15341
15340 15342
15341 15342
15343 15344
15343 15345
15344 15345
15346 15347
15346 15348
15347 15348
15349 15350
15349 15351
15350 15351
15352 15353
15352 15354
15353 15354
15355 15356
15355 15357
15356 15357
15358 15359
15358 15360
15359 15360
15361 15362
15361 15363
15362 15363
15364 15365
15364 15366
15365 15366
15367 15368
15367 15369
15368 15369
15370 15371
15370 15372
15371 15372
15373 15374
15373 15375
15374 15375
15376 15377
15376 15378
15377 15378
15379 15380
15379 15381
15380 15381
15382 15383
15382 15384
15383 15384
15385 15386
15385 15387
15386 15387
15388 15389
15388 15390
15389 15390
15391 15392
15391 15393
15392 15393
15394 15395
15394 15396
15395 15396
15397 15398
15397 15399
15398 15399
15400 15401
15400 15402
15401 15402
15403 15404
15403 15405
15404 15405
15406 15407
15406 15408
15407 15408
15409 15410
15409 15411
15410 15411
15412 15413
15412 15414
15413 15414
15415 15416
15415 15417
15416 15417
15418 15419
15418 15420
15419 15420
15421 15422
15421 15423
15422 15423
15424 15425
15424 15426
15425 15426
15427 15428
15427 15429
15428 15429
15430 15431
15430 15432
15431 15432
15433 15434
15433 15435
15434 15435
15436 15437
15436 15438
15437 15438
15439 15440
15439 15441
15440 15441
15442 15443
15442 15444
15443 15444
15445 15446
15445 15447
15446 15447
15448 15449
15448 15450
15449 15450
15451 15452
15451 15453
15452 15453
15454 15455
15454 15456
15455 15456
15457 15458
15457 15459
15458 15459
