1024 24063
1 2
1 3
1 5
1 9
1 17
1 33
1 65
1 129
1 257
1 513
2 3
2 4
2 5
2 6
2 9
2 10
2 17
2 18
2 33
2 34
2 65
2 66
2 129
2 130
2 257
2 258
2 513
2 514
3 4
3 5
3 6
3 7
3 9
3 10
3 11
3 17
3 18
3 19
3 33
3 34
3 35
3 65
3 66
3 67
3 129
3 130
3 131
3 257
3 258
3 259
3 513
3 514
3 515
4 6
4 7
4 8
4 10
4 12
4 18
4 20
4 34
4 36
4 66
4 68
4 130
4 132
4 258
4 260
4 514
4 516
5 6
5 7
5 9
5 10
5 11
5 13
5 17
5 19
5 21
5 33
5 35
5 37
5 65
5 67
5 69
5 129
5 131
5 133
5 257
5 259
5 261
5 513
5 515
5 517
6 7
6 8
6 10
6 11
6 12
6 14
6 18
6 19
6 20
6 22
6 34
6 35
6 36
6 38
6 66
6 67
6 68
6 70
6 130
6 131
6 132
6 134
6 258
6 259
6 260
6 262
6 514
6 515
6 516
6 518
7 8
7 11
7 12
7 13
7 14
7 15
7 19
7 20
7 23
7 35
7 36
7 39
7 67
7 68
7 71
7 131
7 132
7 135
7 259
7 260
7 263
7 515
7 516
7 519
8 12
8 14
8 15
8 16
8 20
8 24
8 36
8 40
8 68
8 72
8 132
8 136
8 260
8 264
8 516
8 520
9 10
9 11
9 13
9 17
9 18
9 19
9 21
9 25
9 33
9 37
9 41
9 65
9 69
9 73
9 129
9 133
9 137
9 257
9 261
9 265
9 513
9 517
9 521
10 11
10 12
10 13
10 14
10 18
10 19
10 20
10 21
10 22
10 26
10 34
10 37
10 38
10 42
10 66
10 69
10 70
10 74
10 130
10 133
10 134
10 138
10 258
10 261
10 262
10 266
10 514
10 517
10 518
10 522
11 12
11 13
11 14
11 15
11 19
11 21
11 22
11 23
11 27
11 35
11 37
11 38
11 39
11 43
11 67
11 69
11 70
11 71
11 75
11 131
11 133
11 134
11 135
11 139
11 259
11 261
11 262
11 263
11 267
11 515
11 517
11 518
11 519
11 523
12 14
12 15
12 16
12 20
12 22
12 23
12 24
12 28
12 36
12 38
12 40
12 44
12 68
12 70
12 72
12 76
12 132
12 134
12 136
12 140
12 260
12 262
12 264
12 268
12 516
12 518
12 520
12 524
13 14
13 15
13 21
13 23
13 25
13 26
13 27
13 29
13 37
13 39
13 45
13 69
13 71
13 77
13 133
13 135
13 141
13 261
13 263
13 269
13 517
13 519
13 525
14 15
14 16
14 22
14 23
14 24
14 26
14 27
14 28
14 30
14 38
14 39
14 40
14 46
14 70
14 71
14 72
14 78
14 134
14 135
14 136
14 142
14 262
14 263
14 264
14 270
14 518
14 519
14 520
14 526
15 16
15 23
15 24
15 27
15 29
15 30
15 31
15 39
15 40
15 47
15 71
15 72
15 79
15 135
15 136
15 143
15 263
15 264
15 271
15 519
15 520
15 527
16 24
16 28
16 30
16 31
16 32
16 40
16 48
16 72
16 80
16 136
16 144
16 264
16 272
16 520
16 528
17 18
17 19
17 21
17 25
17 33
17 34
17 35
17 37
17 41
17 49
17 65
17 73
17 81
17 129
17 137
17 145
17 257
17 265
17 273
17 513
17 521
17 529
18 19
18 20
18 21
18 22
18 25
18 26
18 34
18 35
18 36
18 38
18 41
18 42
18 50
18 66
18 73
18 74
18 82
18 130
18 137
18 138
18 146
18 258
18 265
18 266
18 274
18 514
18 521
18 522
18 530
19 20
19 21
19 22
19 23
19 25
19 26
19 27
19 35
19 37
19 38
19 39
19 41
19 42
19 43
19 51
19 67
19 73
19 74
19 75
19 83
19 131
19 137
19 138
19 139
19 147
19 259
19 265
19 266
19 267
19 275
19 515
19 521
19 522
19 523
19 531
20 22
20 23
20 24
20 26
20 28
20 36
20 38
20 39
20 40
20 42
20 44
20 52
20 68
20 74
20 76
20 84
20 132
20 138
20 140
20 148
20 260
20 266
20 268
20 276
20 516
20 522
20 524
20 532
21 22
21 23
21 25
21 26
21 27
21 29
21 37
21 41
21 42
21 43
21 45
21 53
21 69
21 73
21 75
21 77
21 85
21 133
21 137
21 139
21 141
21 149
21 261
21 265
21 267
21 269
21 277
21 517
21 521
21 523
21 525
21 533
22 23
22 24
22 26
22 27
22 28
22 30
22 38
22 42
22 43
22 44
22 46
22 54
22 70
22 74
22 75
22 76
22 78
22 86
22 134
22 138
22 139
22 140
22 142
22 150
22 262
22 266
22 267
22 268
22 270
22 278
22 518
22 522
22 523
22 524
22 526
22 534
23 24
23 27
23 28
23 29
23 30
23 31
23 39
23 43
23 44
23 45
23 46
23 47
23 55
23 71
23 75
23 76
23 79
23 87
23 135
23 139
23 140
23 143
23 151
23 263
23 267
23 268
23 271
23 279
23 519
23 523
23 524
23 527
23 535
24 28
24 30
24 31
24 32
24 40
24 44
24 46
24 47
24 48
24 56
24 72
24 76
24 80
24 88
24 136
24 140
24 144
24 152
24 264
24 268
24 272
24 280
24 520
24 524
24 528
24 536
25 26
25 27
25 29
25 41
25 45
25 49
25 50
25 51
25 53
25 57
25 73
25 77
25 89
25 137
25 141
25 153
25 265
25 269
25 281
25 521
25 525
25 537
26 27
26 28
26 29
26 30
26 42
26 45
26 46
26 50
26 51
26 52
26 54
26 58
26 74
26 77
26 78
26 90
26 138
26 141
26 142
26 154
26 266
26 269
26 270
26 282
26 522
26 525
26 526
26 538
27 28
27 29
27 30
27 31
27 43
27 45
27 46
27 47
27 51
27 53
27 54
27 55
27 59
27 75
27 77
27 78
27 79
27 91
27 139
27 141
27 142
27 143
27 155
27 267
27 269
27 270
27 271
27 283
27 523
27 525
27 526
27 527
27 539
28 30
28 31
28 32
28 44
28 46
28 48
28 52
28 54
28 55
28 56
28 60
28 76
28 78
28 80
28 92
28 140
28 142
28 144
28 156
28 268
28 270
28 272
28 284
28 524
28 526
28 528
28 540
29 30
29 31
29 45
29 47
29 53
29 57
29 58
29 59
29 61
29 77
29 79
29 93
29 141
29 143
29 157
29 269
29 271
29 285
29 525
29 527
29 541
30 31
30 32
30 46
30 47
30 48
30 54
30 58
30 59
30 60
30 62
30 78
30 79
30 80
30 94
30 142
30 143
30 144
30 158
30 270
30 271
30 272
30 286
30 526
30 527
30 528
30 542
31 32
31 47
31 48
31 55
31 59
31 61
31 62
31 63
31 79
31 80
31 95
31 143
31 144
31 159
31 271
31 272
31 287
31 527
31 528
31 543
32 48
32 56
32 60
32 62
32 63
32 64
32 80
32 96
32 144
32 160
32 272
32 288
32 528
32 544
33 34
33 35
33 37
33 41
33 49
33 65
33 66
33 67
33 69
33 73
33 81
33 97
33 129
33 145
33 161
33 257
33 273
33 289
33 513
33 529
33 545
34 35
34 36
34 37
34 38
34 41
34 42
34 49
34 50
34 66
34 67
34 68
34 70
34 74
34 81
34 82
34 98
34 130
34 145
34 146
34 162
34 258
34 273
34 274
34 290
34 514
34 529
34 530
34 546
35 36
35 37
35 38
35 39
35 41
35 42
35 43
35 49
35 50
35 51
35 67
35 69
35 70
35 71
35 75
35 81
35 82
35 83
35 99
35 131
35 145
35 146
35 147
35 163
35 259
35 273
35 274
35 275
35 291
35 515
35 529
35 530
35 531
35 547
36 38
36 39
36 40
36 42
36 44
36 50
36 52
36 68
36 70
36 71
36 72
36 76
36 82
36 84
36 100
36 132
36 146
36 148
36 164
36 260
36 274
36 276
36 292
36 516
36 530
36 532
36 548
37 38
37 39
37 41
37 42
37 43
37 45
37 49
37 51
37 53
37 69
37 73
37 74
37 75
37 77
37 81
37 83
37 85
37 101
37 133
37 145
37 147
37 149
37 165
37 261
37 273
37 275
37 277
37 293
37 517
37 529
37 531
37 533
37 549
38 39
38 40
38 42
38 43
38 44
38 46
38 50
38 51
38 52
38 54
38 70
38 74
38 75
38 76
38 78
38 82
38 83
38 84
38 86
38 102
38 134
38 146
38 147
38 148
38 150
38 166
38 262
38 274
38 275
38 276
38 278
38 294
38 518
38 530
38 531
38 532
38 534
38 550
39 40
39 43
39 44
39 45
39 46
39 47
39 51
39 52
39 55
39 71
39 75
39 77
39 78
39 79
39 83
39 84
39 87
39 103
39 135
39 147
39 148
39 151
39 167
39 263
39 275
39 276
39 279
39 295
39 519
39 531
39 532
39 535
39 551
40 44
40 46
40 47
40 48
40 52
40 56
40 72
40 76
40 78
40 79
40 80
40 84
40 88
40 104
40 136
40 148
40 152
40 168
40 264
40 276
40 280
40 296
40 520
40 532
40 536
40 552
41 42
41 43
41 45
41 49
41 50
41 51
41 53
41 57
41 73
41 81
41 82
41 83
41 85
41 89
41 105
41 137
41 145
41 149
41 153
41 169
41 265
41 273
41 277
41 281
41 297
41 521
41 529
41 533
41 537
41 553
42 43
42 44
42 45
42 46
42 50
42 51
42 52
42 53
42 54
42 58
42 74
42 82
42 83
42 84
42 85
42 86
42 90
42 106
42 138
42 146
42 149
42 150
42 154
42 170
42 266
42 274
42 277
42 278
42 282
42 298
42 522
42 530
42 533
42 534
42 538
42 554
43 44
43 45
43 46
43 47
43 51
43 53
43 54
43 55
43 59
43 75
43 83
43 85
43 86
43 87
43 91
43 107
43 139
43 147
43 149
43 150
43 151
43 155
43 171
43 267
43 275
43 277
43 278
43 279
43 283
43 299
43 523
43 531
43 533
43 534
43 535
43 539
43 555
44 46
44 47
44 48
44 52
44 54
44 55
44 56
44 60
44 76
44 84
44 86
44 87
44 88
44 92
44 108
44 140
44 148
44 150
44 152
44 156
44 172
44 268
44 276
44 278
44 280
44 284
44 300
44 524
44 532
44 534
44 536
44 540
44 556
45 46
45 47
45 53
45 55
45 57
45 58
45 59
45 61
45 77
45 85
45 87
45 89
45 90
45 91
45 93
45 109
45 141
45 149
45 151
45 157
45 173
45 269
45 277
45 279
45 285
45 301
45 525
45 533
45 535
45 541
45 557
46 47
46 48
46 54
46 55
46 56
46 58
46 59
46 60
46 62
46 78
46 86
46 87
46 88
46 90
46 91
46 92
46 94
46 110
46 142
46 150
46 151
46 152
46 158
46 174
46 270
46 278
46 279
46 280
46 286
46 302
46 526
46 534
46 535
46 536
46 542
46 558
47 48
47 55
47 56
47 59
47 61
47 62
47 63
47 79
47 87
47 88
47 91
47 93
47 94
47 95
47 111
47 143
47 151
47 152
47 159
47 175
47 271
47 279
47 280
47 287
47 303
47 527
47 535
47 536
47 543
47 559
48 56
48 60
48 62
48 63
48 64
48 80
48 88
48 92
48 94
48 95
48 96
48 112
48 144
48 152
48 160
48 176
48 272
48 280
48 288
48 304
48 528
48 536
48 544
48 560
49 50
49 51
49 53
49 57
49 81
49 89
49 97
49 98
49 99
49 101
49 105
49 113
49 145
49 153
49 177
49 273
49 281
49 305
49 529
49 537
49 561
50 51
50 52
50 53
50 54
50 57
50 58
50 82
50 89
50 90
50 98
50 99
50 100
50 102
50 106
50 114
50 146
50 153
50 154
50 178
50 274
50 281
50 282
50 306
50 530
50 537
50 538
50 562
51 52
51 53
51 54
51 55
51 57
51 58
51 59
51 83
51 89
51 90
51 91
51 99
51 101
51 102
51 103
51 107
51 115
51 147
51 153
51 154
51 155
51 179
51 275
51 281
51 282
51 283
51 307
51 531
51 537
51 538
51 539
51 563
52 54
52 55
52 56
52 58
52 60
52 84
52 90
52 92
52 100
52 102
52 103
52 104
52 108
52 116
52 148
52 154
52 156
52 180
52 276
52 282
52 284
52 308
52 532
52 538
52 540
52 564
53 54
53 55
53 57
53 58
53 59
53 61
53 85
53 89
53 91
53 93
53 101
53 105
53 106
53 107
53 109
53 117
53 149
53 153
53 155
53 157
53 181
53 277
53 281
53 283
53 285
53 309
53 533
53 537
53 539
53 541
53 565
54 55
54 56
54 58
54 59
54 60
54 62
54 86
54 90
54 91
54 92
54 94
54 102
54 106
54 107
54 108
54 110
54 118
54 150
54 154
54 155
54 156
54 158
54 182
54 278
54 282
54 283
54 284
54 286
54 310
54 534
54 538
54 539
54 540
54 542
54 566
55 56
55 59
55 60
55 61
55 62
55 63
55 87
55 91
55 92
55 95
55 103
55 107
55 109
55 110
55 111
55 119
55 151
55 155
55 156
55 159
55 183
55 279
55 283
55 284
55 287
55 311
55 535
55 539
55 540
55 543
55 567
56 60
56 62
56 63
56 64
56 88
56 92
56 96
56 104
56 108
56 110
56 111
56 112
56 120
56 152
56 156
56 160
56 184
56 280
56 284
56 288
56 312
56 536
56 540
56 544
56 568
57 58
57 59
57 61
57 89
57 93
57 105
57 113
57 114
57 115
57 117
57 121
57 153
57 157
57 185
57 281
57 285
57 313
57 537
57 541
57 569
58 59
58 60
58 61
58 62
58 90
58 93
58 94
58 106
58 114
58 115
58 116
58 118
58 122
58 154
58 157
58 158
58 186
58 282
58 285
58 286
58 314
58 538
58 541
58 542
58 570
59 60
59 61
59 62
59 63
59 91
59 93
59 94
59 95
59 107
59 115
59 117
59 118
59 119
59 123
59 155
59 157
59 158
59 159
59 187
59 283
59 285
59 286
59 287
59 315
59 539
59 541
59 542
59 543
59 571
60 62
60 63
60 64
60 92
60 94
60 96
60 108
60 116
60 118
60 119
60 120
60 124
60 156
60 158
60 160
60 188
60 284
60 286
60 288
60 316
60 540
60 542
60 544
60 572
61 62
61 63
61 93
61 95
61 109
61 117
61 121
61 122
61 123
61 125
61 157
61 159
61 189
61 285
61 287
61 317
61 541
61 543
61 573
62 63
62 64
62 94
62 95
62 96
62 110
62 118
62 122
62 123
62 124
62 126
62 158
62 159
62 160
62 190
62 286
62 287
62 288
62 318
62 542
62 543
62 544
62 574
63 64
63 95
63 96
63 111
63 119
63 123
63 125
63 126
63 127
63 159
63 160
63 191
63 287
63 288
63 319
63 543
63 544
63 575
64 96
64 112
64 120
64 124
64 126
64 127
64 128
64 160
64 192
64 288
64 320
64 544
64 576
65 66
65 67
65 69
65 73
65 81
65 97
65 129
65 130
65 131
65 133
65 137
65 145
65 161
65 193
65 257
65 289
65 321
65 513
65 545
65 577
66 67
66 68
66 69
66 70
66 73
66 74
66 81
66 82
66 97
66 98
66 130
66 131
66 132
66 134
66 138
66 146
66 161
66 162
66 194
66 258
66 289
66 290
66 322
66 514
66 545
66 546
66 578
67 68
67 69
67 70
67 71
67 73
67 74
67 75
67 81
67 82
67 83
67 97
67 98
67 99
67 131
67 133
67 134
67 135
67 139
67 147
67 161
67 162
67 163
67 195
67 259
67 289
67 290
67 291
67 323
67 515
67 545
67 546
67 547
67 579
68 70
68 71
68 72
68 74
68 76
68 82
68 84
68 98
68 100
68 132
68 134
68 135
68 136
68 140
68 148
68 162
68 164
68 196
68 260
68 290
68 292
68 324
68 516
68 546
68 548
68 580
69 70
69 71
69 73
69 74
69 75
69 77
69 81
69 83
69 85
69 97
69 99
69 101
69 133
69 137
69 138
69 139
69 141
69 149
69 161
69 163
69 165
69 197
69 261
69 289
69 291
69 293
69 325
69 517
69 545
69 547
69 549
69 581
70 71
70 72
70 74
70 75
70 76
70 78
70 82
70 83
70 84
70 86
70 98
70 99
70 100
70 102
70 134
70 138
70 139
70 140
70 142
70 150
70 162
70 163
70 164
70 166
70 198
70 262
70 290
70 291
70 292
70 294
70 326
70 518
70 546
70 547
70 548
70 550
70 582
71 72
71 75
71 76
71 77
71 78
71 79
71 83
71 84
71 87
71 99
71 100
71 103
71 135
71 139
71 141
71 142
71 143
71 151
71 163
71 164
71 167
71 199
71 263
71 291
71 292
71 295
71 327
71 519
71 547
71 548
71 551
71 583
72 76
72 78
72 79
72 80
72 84
72 88
72 100
72 104
72 136
72 140
72 142
72 143
72 144
72 152
72 164
72 168
72 200
72 264
72 292
72 296
72 328
72 520
72 548
72 552
72 584
73 74
73 75
73 77
73 81
73 82
73 83
73 85
73 89
73 97
73 101
73 105
73 137
73 145
73 146
73 147
73 149
73 153
73 161
73 165
73 169
73 201
73 265
73 289
73 293
73 297
73 329
73 521
73 545
73 549
73 553
73 585
74 75
74 76
74 77
74 78
74 82
74 83
74 84
74 85
74 86
74 90
74 98
74 101
74 102
74 106
74 138
74 146
74 147
74 148
74 150
74 154
74 162
74 165
74 166
74 170
74 202
74 266
74 290
74 293
74 294
74 298
74 330
74 522
74 546
74 549
74 550
74 554
74 586
75 76
75 77
75 78
75 79
75 83
75 85
75 86
75 87
75 91
75 99
75 101
75 102
75 103
75 107
75 139
75 147
75 149
75 150
75 151
75 155
75 163
75 165
75 166
75 167
75 171
75 203
75 267
75 291
75 293
75 294
75 295
75 299
75 331
75 523
75 547
75 549
75 550
75 551
75 555
75 587
76 78
76 79
76 80
76 84
76 86
76 87
76 88
76 92
76 100
76 102
76 104
76 108
76 140
76 148
76 150
76 151
76 152
76 156
76 164
76 166
76 168
76 172
76 204
76 268
76 292
76 294
76 296
76 300
76 332
76 524
76 548
76 550
76 552
76 556
76 588
77 78
77 79
77 85
77 87
77 89
77 90
77 91
77 93
77 101
77 103
77 109
77 141
77 149
77 153
77 154
77 155
77 157
77 165
77 167
77 173
77 205
77 269
77 293
77 295
77 301
77 333
77 525
77 549
77 551
77 557
77 589
78 79
78 80
78 86
78 87
78 88
78 90
78 91
78 92
78 94
78 102
78 103
78 104
78 110
78 142
78 150
78 154
78 155
78 156
78 158
78 166
78 167
78 168
78 174
78 206
78 270
78 294
78 295
78 296
78 302
78 334
78 526
78 550
78 551
78 552
78 558
78 590
79 80
79 87
79 88
79 91
79 93
79 94
79 95
79 103
79 104
79 111
79 143
79 151
79 155
79 157
79 158
79 159
79 167
79 168
79 175
79 207
79 271
79 295
79 296
79 303
79 335
79 527
79 551
79 552
79 559
79 591
80 88
80 92
80 94
80 95
80 96
80 104
80 112
80 144
80 152
80 156
80 158
80 159
80 160
80 168
80 176
80 208
80 272
80 296
80 304
80 336
80 528
80 552
80 560
80 592
81 82
81 83
81 85
81 89
81 97
81 98
81 99
81 101
81 105
81 113
81 145
81 161
81 162
81 163
81 165
81 169
81 177
81 209
81 273
81 289
81 297
81 305
81 337
81 529
81 545
81 553
81 561
81 593
82 83
82 84
82 85
82 86
82 89
82 90
82 98
82 99
82 100
82 102
82 105
82 106
82 114
82 146
82 162
82 163
82 164
82 166
82 169
82 170
82 178
82 210
82 274
82 290
82 297
82 298
82 306
82 338
82 530
82 546
82 553
82 554
82 562
82 594
83 84
83 85
83 86
83 87
83 89
83 90
83 91
83 99
83 101
83 102
83 103
83 105
83 106
83 107
83 115
83 147
83 163
83 165
83 166
83 167
83 169
83 170
83 171
83 179
83 211
83 275
83 291
83 297
83 298
83 299
83 307
83 339
83 531
83 547
83 553
83 554
83 555
83 563
83 595
84 86
84 87
84 88
84 90
84 92
84 100
84 102
84 103
84 104
84 106
84 108
84 116
84 148
84 164
84 166
84 167
84 168
84 170
84 172
84 180
84 212
84 276
84 292
84 298
84 300
84 308
84 340
84 532
84 548
84 554
84 556
84 564
84 596
85 86
85 87
85 89
85 90
85 91
85 93
85 101
85 105
85 106
85 107
85 109
85 117
85 149
85 165
85 169
85 170
85 171
85 173
85 181
85 213
85 277
85 293
85 297
85 299
85 301
85 309
85 341
85 533
85 549
85 553
85 555
85 557
85 565
85 597
86 87
86 88
86 90
86 91
86 92
86 94
86 102
86 106
86 107
86 108
86 110
86 118
86 150
86 166
86 170
86 171
86 172
86 174
86 182
86 214
86 278
86 294
86 298
86 299
86 300
86 302
86 310
86 342
86 534
86 550
86 554
86 555
86 556
86 558
86 566
86 598
87 88
87 91
87 92
87 93
87 94
87 95
87 103
87 107
87 108
87 109
87 110
87 111
87 119
87 151
87 167
87 171
87 172
87 173
87 174
87 175
87 183
87 215
87 279
87 295
87 299
87 300
87 303
87 311
87 343
87 535
87 551
87 555
87 556
87 559
87 567
87 599
88 92
88 94
88 95
88 96
88 104
88 108
88 110
88 111
88 112
88 120
88 152
88 168
88 172
88 174
88 175
88 176
88 184
88 216
88 280
88 296
88 300
88 304
88 312
88 344
88 536
88 552
88 556
88 560
88 568
88 600
89 90
89 91
89 93
89 105
89 109
89 113
89 114
89 115
89 117
89 121
89 153
89 169
89 173
89 177
89 178
89 179
89 181
89 185
89 217
89 281
89 297
89 301
89 313
89 345
89 537
89 553
89 557
89 569
89 601
90 91
90 92
90 93
90 94
90 106
90 109
90 110
90 114
90 115
90 116
90 118
90 122
90 154
90 170
90 173
90 174
90 178
90 179
90 180
90 182
90 186
90 218
90 282
90 298
90 301
90 302
90 314
90 346
90 538
90 554
90 557
90 558
90 570
90 602
91 92
91 93
91 94
91 95
91 107
91 109
91 110
91 111
91 115
91 117
91 118
91 119
91 123
91 155
91 171
91 173
91 174
91 175
91 179
91 181
91 182
91 183
91 187
91 219
91 283
91 299
91 301
91 302
91 303
91 315
91 347
91 539
91 555
91 557
91 558
91 559
91 571
91 603
92 94
92 95
92 96
92 108
92 110
92 112
92 116
92 118
92 119
92 120
92 124
92 156
92 172
92 174
92 176
92 180
92 182
92 183
92 184
92 188
92 220
92 284
92 300
92 302
92 304
92 316
92 348
92 540
92 556
92 558
92 560
92 572
92 604
93 94
93 95
93 109
93 111
93 117
93 121
93 122
93 123
93 125
93 157
93 173
93 175
93 181
93 185
93 186
93 187
93 189
93 221
93 285
93 301
93 303
93 317
93 349
93 541
93 557
93 559
93 573
93 605
94 95
94 96
94 110
94 111
94 112
94 118
94 122
94 123
94 124
94 126
94 158
94 174
94 175
94 176
94 182
94 186
94 187
94 188
94 190
94 222
94 286
94 302
94 303
94 304
94 318
94 350
94 542
94 558
94 559
94 560
94 574
94 606
95 96
95 111
95 112
95 119
95 123
95 125
95 126
95 127
95 159
95 175
95 176
95 183
95 187
95 189
95 190
95 191
95 223
95 287
95 303
95 304
95 319
95 351
95 543
95 559
95 560
95 575
95 607
96 112
96 120
96 124
96 126
96 127
96 128
96 160
96 176
96 184
96 188
96 190
96 191
96 192
96 224
96 288
96 304
96 320
96 352
96 544
96 560
96 576
96 608
97 98
97 99
97 101
97 105
97 113
97 161
97 177
97 193
97 194
97 195
97 197
97 201
97 209
97 225
97 289
97 305
97 353
97 545
97 561
97 609
98 99
98 100
98 101
98 102
98 105
98 106
98 113
98 114
98 162
98 177
98 178
98 194
98 195
98 196
98 198
98 202
98 210
98 226
98 290
98 305
98 306
98 354
98 546
98 561
98 562
98 610
99 100
99 101
99 102
99 103
99 105
99 106
99 107
99 113
99 114
99 115
99 163
99 177
99 178
99 179
99 195
99 197
99 198
99 199
99 203
99 211
99 227
99 291
99 305
99 306
99 307
99 355
99 547
99 561
99 562
99 563
99 611
100 102
100 103
100 104
100 106
100 108
100 114
100 116
100 164
100 178
100 180
100 196
100 198
100 199
100 200
100 204
100 212
100 228
100 292
100 306
100 308
100 356
100 548
100 562
100 564
100 612
101 102
101 103
101 105
101 106
101 107
101 109
101 113
101 115
101 117
101 165
101 177
101 179
101 181
101 197
101 201
101 202
101 203
101 205
101 213
101 229
101 293
101 305
101 307
101 309
101 357
101 549
101 561
101 563
101 565
101 613
102 103
102 104
102 106
102 107
102 108
102 110
102 114
102 115
102 116
102 118
102 166
102 178
102 179
102 180
102 182
102 198
102 202
102 203
102 204
102 206
102 214
102 230
102 294
102 306
102 307
102 308
102 310
102 358
102 550
102 562
102 563
102 564
102 566
102 614
103 104
103 107
103 108
103 109
103 110
103 111
103 115
103 116
103 119
103 167
103 179
103 180
103 183
103 199
103 203
103 205
103 206
103 207
103 215
103 231
103 295
103 307
103 308
103 311
103 359
103 551
103 563
103 564
103 567
103 615
104 108
104 110
104 111
104 112
104 116
104 120
104 168
104 180
104 184
104 200
104 204
104 206
104 207
104 208
104 216
104 232
104 296
104 308
104 312
104 360
104 552
104 564
104 568
104 616
105 106
105 107
105 109
105 113
105 114
105 115
105 117
105 121
105 169
105 177
105 181
105 185
105 201
105 209
105 210
105 211
105 213
105 217
105 233
105 297
105 305
105 309
105 313
105 361
105 553
105 561
105 565
105 569
105 617
106 107
106 108
106 109
106 110
106 114
106 115
106 116
106 117
106 118
106 122
106 170
106 178
106 181
106 182
106 186
106 202
106 210
106 211
106 212
106 214
106 218
106 234
106 298
106 306
106 309
106 310
106 314
106 362
106 554
106 562
106 565
106 566
106 570
106 618
107 108
107 109
107 110
107 111
107 115
107 117
107 118
107 119
107 123
107 171
107 179
107 181
107 182
107 183
107 187
107 203
107 211
107 213
107 214
107 215
107 219
107 235
107 299
107 307
107 309
107 310
107 311
107 315
107 363
107 555
107 563
107 565
107 566
107 567
107 571
107 619
108 110
108 111
108 112
108 116
108 118
108 119
108 120
108 124
108 172
108 180
108 182
108 184
108 188
108 204
108 212
108 214
108 215
108 216
108 220
108 236
108 300
108 308
108 310
108 312
108 316
108 364
108 556
108 564
108 566
108 568
108 572
108 620
109 110
109 111
109 117
109 119
109 121
109 122
109 123
109 125
109 173
109 181
109 183
109 189
109 205
109 213
109 217
109 218
109 219
109 221
109 237
109 301
109 309
109 311
109 317
109 365
109 557
109 565
109 567
109 573
109 621
110 111
110 112
110 118
110 119
110 120
110 122
110 123
110 124
110 126
110 174
110 182
110 183
110 184
110 190
110 206
110 214
110 218
110 219
110 220
110 222
110 238
110 302
110 310
110 311
110 312
110 318
110 366
110 558
110 566
110 567
110 568
110 574
110 622
111 112
111 119
111 120
111 123
111 125
111 126
111 127
111 175
111 183
111 184
111 191
111 207
111 215
111 219
111 221
111 222
111 223
111 239
111 303
111 311
111 312
111 319
111 367
111 559
111 567
111 568
111 575
111 623
112 120
112 124
112 126
112 127
112 128
112 176
112 184
112 192
112 208
112 216
112 220
112 222
112 223
112 224
112 240
112 304
112 312
112 320
112 368
112 560
112 568
112 576
112 624
113 114
113 115
113 117
113 121
113 177
113 185
113 209
113 225
113 226
113 227
113 229
113 233
113 241
113 305
113 313
113 369
113 561
113 569
113 625
114 115
114 116
114 117
114 118
114 121
114 122
114 178
114 185
114 186
114 210
114 226
114 227
114 228
114 230
114 234
114 242
114 306
114 313
114 314
114 370
114 562
114 569
114 570
114 626
115 116
115 117
115 118
115 119
115 121
115 122
115 123
115 179
115 185
115 186
115 187
115 211
115 227
115 229
115 230
115 231
115 235
115 243
115 307
115 313
115 314
115 315
115 371
115 563
115 569
115 570
115 571
115 627
116 118
116 119
116 120
116 122
116 124
116 180
116 186
116 188
116 212
116 228
116 230
116 231
116 232
116 236
116 244
116 308
116 314
116 316
116 372
116 564
116 570
116 572
116 628
117 118
117 119
117 121
117 122
117 123
117 125
117 181
117 185
117 187
117 189
117 213
117 229
117 233
117 234
117 235
117 237
117 245
117 309
117 313
117 315
117 317
117 373
117 565
117 569
117 571
117 573
117 629
118 119
118 120
118 122
118 123
118 124
118 126
118 182
118 186
118 187
118 188
118 190
118 214
118 230
118 234
118 235
118 236
118 238
118 246
118 310
118 314
118 315
118 316
118 318
118 374
118 566
118 570
118 571
118 572
118 574
118 630
119 120
119 123
119 124
119 125
119 126
119 127
119 183
119 187
119 188
119 191
119 215
119 231
119 235
119 237
119 238
119 239
119 247
119 311
119 315
119 316
119 319
119 375
119 567
119 571
119 572
119 575
119 631
120 124
120 126
120 127
120 128
120 184
120 188
120 192
120 216
120 232
120 236
120 238
120 239
120 240
120 248
120 312
120 316
120 320
120 376
120 568
120 572
120 576
120 632
121 122
121 123
121 125
121 185
121 189
121 217
121 233
121 241
121 242
121 243
121 245
121 249
121 313
121 317
121 377
121 569
121 573
121 633
122 123
122 124
122 125
122 126
122 186
122 189
122 190
122 218
122 234
122 242
122 243
122 244
122 246
122 250
122 314
122 317
122 318
122 378
122 570
122 573
122 574
122 634
123 124
123 125
123 126
123 127
123 187
123 189
123 190
123 191
123 219
123 235
123 243
123 245
123 246
123 247
123 251
123 315
123 317
123 318
123 319
123 379
123 571
123 573
123 574
123 575
123 635
124 126
124 127
124 128
124 188
124 190
124 192
124 220
124 236
124 244
124 246
124 247
124 248
124 252
124 316
124 318
124 320
124 380
124 572
124 574
124 576
124 636
125 126
125 127
125 189
125 191
125 221
125 237
125 245
125 249
125 250
125 251
125 253
125 317
125 319
125 381
125 573
125 575
125 637
126 127
126 128
126 190
126 191
126 192
126 222
126 238
126 246
126 250
126 251
126 252
126 254
126 318
126 319
126 320
126 382
126 574
126 575
126 576
126 638
127 128
127 191
127 192
127 223
127 239
127 247
127 251
127 253
127 254
127 255
127 319
127 320
127 383
127 575
127 576
127 639
128 192
128 224
128 240
128 248
128 252
128 254
128 255
128 256
128 320
128 384
128 576
128 640
129 130
129 131
129 133
129 137
129 145
129 161
129 193
129 257
129 258
129 259
129 261
129 265
129 273
129 289
129 321
129 385
129 513
129 577
129 641
130 131
130 132
130 133
130 134
130 137
130 138
130 145
130 146
130 161
130 162
130 193
130 194
130 258
130 259
130 260
130 262
130 266
130 274
130 290
130 321
130 322
130 386
130 514
130 577
130 578
130 642
131 132
131 133
131 134
131 135
131 137
131 138
131 139
131 145
131 146
131 147
131 161
131 162
131 163
131 193
131 194
131 195
131 259
131 261
131 262
131 263
131 267
131 275
131 291
131 321
131 322
131 323
131 387
131 515
131 577
131 578
131 579
131 643
132 134
132 135
132 136
132 138
132 140
132 146
132 148
132 162
132 164
132 194
132 196
132 260
132 262
132 263
132 264
132 268
132 276
132 292
132 322
132 324
132 388
132 516
132 578
132 580
132 644
133 134
133 135
133 137
133 138
133 139
133 141
133 145
133 147
133 149
133 161
133 163
133 165
133 193
133 195
133 197
133 261
133 265
133 266
133 267
133 269
133 277
133 293
133 321
133 323
133 325
133 389
133 517
133 577
133 579
133 581
133 645
134 135
134 136
134 138
134 139
134 140
134 142
134 146
134 147
134 148
134 150
134 162
134 163
134 164
134 166
134 194
134 195
134 196
134 198
134 262
134 266
134 267
134 268
134 270
134 278
134 294
134 322
134 323
134 324
134 326
134 390
134 518
134 578
134 579
134 580
134 582
134 646
135 136
135 139
135 140
135 141
135 142
135 143
135 147
135 148
135 151
135 163
135 164
135 167
135 195
135 196
135 199
135 263
135 267
135 269
135 270
135 271
135 279
135 295
135 323
135 324
135 327
135 391
135 519
135 579
135 580
135 583
135 647
136 140
136 142
136 143
136 144
136 148
136 152
136 164
136 168
136 196
136 200
136 264
136 268
136 270
136 271
136 272
136 280
136 296
136 324
136 328
136 392
136 520
136 580
136 584
136 648
137 138
137 139
137 141
137 145
137 146
137 147
137 149
137 153
137 161
137 165
137 169
137 193
137 197
137 201
137 265
137 273
137 274
137 275
137 277
137 281
137 297
137 321
137 325
137 329
137 393
137 521
137 577
137 581
137 585
137 649
138 139
138 140
138 141
138 142
138 146
138 147
138 148
138 149
138 150
138 154
138 162
138 165
138 166
138 170
138 194
138 197
138 198
138 202
138 266
138 274
138 275
138 276
138 278
138 282
138 298
138 322
138 325
138 326
138 330
138 394
138 522
138 578
138 581
138 582
138 586
138 650
139 140
139 141
139 142
139 143
139 147
139 149
139 150
139 151
139 155
139 163
139 165
139 166
139 167
139 171
139 195
139 197
139 198
139 199
139 203
139 267
139 275
139 277
139 278
139 279
139 283
139 299
139 323
139 325
139 326
139 327
139 331
139 395
139 523
139 579
139 581
139 582
139 583
139 587
139 651
140 142
140 143
140 144
140 148
140 150
140 151
140 152
140 156
140 164
140 166
140 168
140 172
140 196
140 198
140 200
140 204
140 268
140 276
140 278
140 279
140 280
140 284
140 300
140 324
140 326
140 328
140 332
140 396
140 524
140 580
140 582
140 584
140 588
140 652
141 142
141 143
141 149
141 151
141 153
141 154
141 155
141 157
141 165
141 167
141 173
141 197
141 199
141 205
141 269
141 277
141 281
141 282
141 283
141 285
141 301
141 325
141 327
141 333
141 397
141 525
141 581
141 583
141 589
141 653
142 143
142 144
142 150
142 151
142 152
142 154
142 155
142 156
142 158
142 166
142 167
142 168
142 174
142 198
142 199
142 200
142 206
142 270
142 278
142 282
142 283
142 284
142 286
142 302
142 326
142 327
142 328
142 334
142 398
142 526
142 582
142 583
142 584
142 590
142 654
143 144
143 151
143 152
143 155
143 157
143 158
143 159
143 167
143 168
143 175
143 199
143 200
143 207
143 271
143 279
143 283
143 285
143 286
143 287
143 303
143 327
143 328
143 335
143 399
143 527
143 583
143 584
143 591
143 655
144 152
144 156
144 158
144 159
144 160
144 168
144 176
144 200
144 208
144 272
144 280
144 284
144 286
144 287
144 288
144 304
144 328
144 336
144 400
144 528
144 584
144 592
144 656
145 146
145 147
145 149
145 153
145 161
145 162
145 163
145 165
145 169
145 177
145 193
145 201
145 209
145 273
145 289
145 290
145 291
145 293
145 297
145 305
145 321
145 329
145 337
145 401
145 529
145 577
145 585
145 593
145 657
146 147
146 148
146 149
146 150
146 153
146 154
146 162
146 163
146 164
146 166
146 169
146 170
146 178
146 194
146 201
146 202
146 210
146 274
146 290
146 291
146 292
146 294
146 298
146 306
146 322
146 329
146 330
146 338
146 402
146 530
146 578
146 585
146 586
146 594
146 658
147 148
147 149
147 150
147 151
147 153
147 154
147 155
147 163
147 165
147 166
147 167
147 169
147 170
147 171
147 179
147 195
147 201
147 202
147 203
147 211
147 275
147 291
147 293
147 294
147 295
147 299
147 307
147 323
147 329
147 330
147 331
147 339
147 403
147 531
147 579
147 585
147 586
147 587
147 595
147 659
148 150
148 151
148 152
148 154
148 156
148 164
148 166
148 167
148 168
148 170
148 172
148 180
148 196
148 202
148 204
148 212
148 276
148 292
148 294
148 295
148 296
148 300
148 308
148 324
148 330
148 332
148 340
148 404
148 532
148 580
148 586
148 588
148 596
148 660
149 150
149 151
149 153
149 154
149 155
149 157
149 165
149 169
149 170
149 171
149 173
149 181
149 197
149 201
149 203
149 205
149 213
149 277
149 293
149 297
149 298
149 299
149 301
149 309
149 325
149 329
149 331
149 333
149 341
149 405
149 533
149 581
149 585
149 587
149 589
149 597
149 661
150 151
150 152
150 154
150 155
150 156
150 158
150 166
150 170
150 171
150 172
150 174
150 182
150 198
150 202
150 203
150 204
150 206
150 214
150 278
150 294
150 298
150 299
150 300
150 302
150 310
150 326
150 330
150 331
150 332
150 334
150 342
150 406
150 534
150 582
150 586
150 587
150 588
150 590
150 598
150 662
151 152
151 155
151 156
151 157
151 158
151 159
151 167
151 171
151 172
151 173
151 174
151 175
151 183
151 199
151 203
151 204
151 207
151 215
151 279
151 295
151 299
151 301
151 302
151 303
151 311
151 327
151 331
151 332
151 335
151 343
151 407
151 535
151 583
151 587
151 588
151 591
151 599
151 663
152 156
152 158
152 159
152 160
152 168
152 172
152 174
152 175
152 176
152 184
152 200
152 204
152 208
152 216
152 280
152 296
152 300
152 302
152 303
152 304
152 312
152 328
152 332
152 336
152 344
152 408
152 536
152 584
152 588
152 592
152 600
152 664
153 154
153 155
153 157
153 169
153 173
153 177
153 178
153 179
153 181
153 185
153 201
153 205
153 217
153 281
153 297
153 305
153 306
153 307
153 309
153 313
153 329
153 333
153 345
153 409
153 537
153 585
153 589
153 601
153 665
154 155
154 156
154 157
154 158
154 170
154 173
154 174
154 178
154 179
154 180
154 182
154 186
154 202
154 205
154 206
154 218
154 282
154 298
154 306
154 307
154 308
154 310
154 314
154 330
154 333
154 334
154 346
154 410
154 538
154 586
154 589
154 590
154 602
154 666
155 156
155 157
155 158
155 159
155 171
155 173
155 174
155 175
155 179
155 181
155 182
155 183
155 187
155 203
155 205
155 206
155 207
155 219
155 283
155 299
155 307
155 309
155 310
155 311
155 315
155 331
155 333
155 334
155 335
155 347
155 411
155 539
155 587
155 589
155 590
155 591
155 603
155 667
156 158
156 159
156 160
156 172
156 174
156 176
156 180
156 182
156 183
156 184
156 188
156 204
156 206
156 208
156 220
156 284
156 300
156 308
156 310
156 311
156 312
156 316
156 332
156 334
156 336
156 348
156 412
156 540
156 588
156 590
156 592
156 604
156 668
157 158
157 159
157 173
157 175
157 181
157 185
157 186
157 187
157 189
157 205
157 207
157 221
157 285
157 301
157 309
157 313
157 314
157 315
157 317
157 333
157 335
157 349
157 413
157 541
157 589
157 591
157 605
157 669
158 159
158 160
158 174
158 175
158 176
158 182
158 186
158 187
158 188
158 190
158 206
158 207
158 208
158 222
158 286
158 302
158 310
158 314
158 315
158 316
158 318
158 334
158 335
158 336
158 350
158 414
158 542
158 590
158 591
158 592
158 606
158 670
159 160
159 175
159 176
159 183
159 187
159 189
159 190
159 191
159 207
159 208
159 223
159 287
159 303
159 311
159 315
159 317
159 318
159 319
159 335
159 336
159 351
159 415
159 543
159 591
159 592
159 607
159 671
160 176
160 184
160 188
160 190
160 191
160 192
160 208
160 224
160 288
160 304
160 312
160 316
160 318
160 319
160 320
160 336
160 352
160 416
160 544
160 592
160 608
160 672
161 162
161 163
161 165
161 169
161 177
161 193
161 194
161 195
161 197
161 201
161 209
161 225
161 289
161 321
161 322
161 323
161 325
161 329
161 337
161 353
161 417
161 545
161 577
161 593
161 609
161 673
162 163
162 164
162 165
162 166
162 169
162 170
162 177
162 178
162 194
162 195
162 196
162 198
162 202
162 209
162 210
162 226
162 290
162 322
162 323
162 324
162 326
162 330
162 337
162 338
162 354
162 418
162 546
162 578
162 593
162 594
162 610
162 674
163 164
163 165
163 166
163 167
163 169
163 170
163 171
163 177
163 178
163 179
163 195
163 197
163 198
163 199
163 203
163 209
163 210
163 211
163 227
163 291
163 323
163 325
163 326
163 327
163 331
163 337
163 338
163 339
163 355
163 419
163 547
163 579
163 593
163 594
163 595
163 611
163 675
164 166
164 167
164 168
164 170
164 172
164 178
164 180
164 196
164 198
164 199
164 200
164 204
164 210
164 212
164 228
164 292
164 324
164 326
164 327
164 328
164 332
164 338
164 340
164 356
164 420
164 548
164 580
164 594
164 596
164 612
164 676
165 166
165 167
165 169
165 170
165 171
165 173
165 177
165 179
165 181
165 197
165 201
165 202
165 203
165 205
165 209
165 211
165 213
165 229
165 293
165 325
165 329
165 330
165 331
165 333
165 337
165 339
165 341
165 357
165 421
165 549
165 581
165 593
165 595
165 597
165 613
165 677
166 167
166 168
166 170
166 171
166 172
166 174
166 178
166 179
166 180
166 182
166 198
166 202
166 203
166 204
166 206
166 210
166 211
166 212
166 214
166 230
166 294
166 326
166 330
166 331
166 332
166 334
166 338
166 339
166 340
166 342
166 358
166 422
166 550
166 582
166 594
166 595
166 596
166 598
166 614
166 678
167 168
167 171
167 172
167 173
167 174
167 175
167 179
167 180
167 183
167 199
167 203
167 205
167 206
167 207
167 211
167 212
167 215
167 231
167 295
167 327
167 331
167 333
167 334
167 335
167 339
167 340
167 343
167 359
167 423
167 551
167 583
167 595
167 596
167 599
167 615
167 679
168 172
168 174
168 175
168 176
168 180
168 184
168 200
168 204
168 206
168 207
168 208
168 212
168 216
168 232
168 296
168 328
168 332
168 334
168 335
168 336
168 340
168 344
168 360
168 424
168 552
168 584
168 596
168 600
168 616
168 680
169 170
169 171
169 173
169 177
169 178
169 179
169 181
169 185
169 201
169 209
169 210
169 211
169 213
169 217
169 233
169 297
169 329
169 337
169 338
169 339
169 341
169 345
169 361
169 425
169 553
169 585
169 593
169 597
169 601
169 617
169 681
170 171
170 172
170 173
170 174
170 178
170 179
170 180
170 181
170 182
170 186
170 202
170 210
170 211
170 212
170 213
170 214
170 218
170 234
170 298
170 330
170 338
170 339
170 340
170 341
170 342
170 346
170 362
170 426
170 554
170 586
170 594
170 597
170 598
170 602
170 618
170 682
171 172
171 173
171 174
171 175
171 179
171 181
171 182
171 183
171 187
171 203
171 211
171 213
171 214
171 215
171 219
171 235
171 299
171 331
171 339
171 341
171 342
171 343
171 347
171 363
171 427
171 555
171 587
171 595
171 597
171 598
171 599
171 603
171 619
171 683
172 174
172 175
172 176
172 180
172 182
172 183
172 184
172 188
172 204
172 212
172 214
172 215
172 216
172 220
172 236
172 300
172 332
172 340
172 342
172 343
172 344
172 348
172 364
172 428
172 556
172 588
172 596
172 598
172 600
172 604
172 620
172 684
173 174
173 175
173 181
173 183
173 185
173 186
173 187
173 189
173 205
173 213
173 215
173 217
173 218
173 219
173 221
173 237
173 301
173 333
173 341
173 343
173 345
173 346
173 347
173 349
173 365
173 429
173 557
173 589
173 597
173 599
173 605
173 621
173 685
174 175
174 176
174 182
174 183
174 184
174 186
174 187
174 188
174 190
174 206
174 214
174 215
174 216
174 218
174 219
174 220
174 222
174 238
174 302
174 334
174 342
174 343
174 344
174 346
174 347
174 348
174 350
174 366
174 430
174 558
174 590
174 598
174 599
174 600
174 606
174 622
174 686
175 176
175 183
175 184
175 187
175 189
175 190
175 191
175 207
175 215
175 216
175 219
175 221
175 222
175 223
175 239
175 303
175 335
175 343
175 344
175 347
175 349
175 350
175 351
175 367
175 431
175 559
175 591
175 599
175 600
175 607
175 623
175 687
176 184
176 188
176 190
176 191
176 192
176 208
176 216
176 220
176 222
176 223
176 224
176 240
176 304
176 336
176 344
176 348
176 350
176 351
176 352
176 368
176 432
176 560
176 592
176 600
176 608
176 624
176 688
177 178
177 179
177 181
177 185
177 209
177 217
177 225
177 226
177 227
177 229
177 233
177 241
177 305
177 337
177 345
177 353
177 354
177 355
177 357
177 361
177 369
177 433
177 561
177 593
177 601
177 625
177 689
178 179
178 180
178 181
178 182
178 185
178 186
178 210
178 217
178 218
178 226
178 227
178 228
178 230
178 234
178 242
178 306
178 338
178 345
178 346
178 354
178 355
178 356
178 358
178 362
178 370
178 434
178 562
178 594
178 601
178 602
178 626
178 690
179 180
179 181
179 182
179 183
179 185
179 186
179 187
179 211
179 217
179 218
179 219
179 227
179 229
179 230
179 231
179 235
179 243
179 307
179 339
179 345
179 346
179 347
179 355
179 357
179 358
179 359
179 363
179 371
179 435
179 563
179 595
179 601
179 602
179 603
179 627
179 691
180 182
180 183
180 184
180 186
180 188
180 212
180 218
180 220
180 228
180 230
180 231
180 232
180 236
180 244
180 308
180 340
180 346
180 348
180 356
180 358
180 359
180 360
180 364
180 372
180 436
180 564
180 596
180 602
180 604
180 628
180 692
181 182
181 183
181 185
181 186
181 187
181 189
181 213
181 217
181 219
181 221
181 229
181 233
181 234
181 235
181 237
181 245
181 309
181 341
181 345
181 347
181 349
181 357
181 361
181 362
181 363
181 365
181 373
181 437
181 565
181 597
181 601
181 603
181 605
181 629
181 693
182 183
182 184
182 186
182 187
182 188
182 190
182 214
182 218
182 219
182 220
182 222
182 230
182 234
182 235
182 236
182 238
182 246
182 310
182 342
182 346
182 347
182 348
182 350
182 358
182 362
182 363
182 364
182 366
182 374
182 438
182 566
182 598
182 602
182 603
182 604
182 606
182 630
182 694
183 184
183 187
183 188
183 189
183 190
183 191
183 215
183 219
183 220
183 223
183 231
183 235
183 237
183 238
183 239
183 247
183 311
183 343
183 347
183 348
183 351
183 359
183 363
183 365
183 366
183 367
183 375
183 439
183 567
183 599
183 603
183 604
183 607
183 631
183 695
184 188
184 190
184 191
184 192
184 216
184 220
184 224
184 232
184 236
184 238
184 239
184 240
184 248
184 312
184 344
184 348
184 352
184 360
184 364
184 366
184 367
184 368
184 376
184 440
184 568
184 600
184 604
184 608
184 632
184 696
185 186
185 187
185 189
185 217
185 221
185 233
185 241
185 242
185 243
185 245
185 249
185 313
185 345
185 349
185 361
185 369
185 370
185 371
185 373
185 377
185 441
185 569
185 601
185 605
185 633
185 697
186 187
186 188
186 189
186 190
186 218
186 221
186 222
186 234
186 242
186 243
186 244
186 246
186 250
186 314
186 346
186 349
186 350
186 362
186 370
186 371
186 372
186 374
186 378
186 442
186 570
186 602
186 605
186 606
186 634
186 698
187 188
187 189
187 190
187 191
187 219
187 221
187 222
187 223
187 235
187 243
187 245
187 246
187 247
187 251
187 315
187 347
187 349
187 350
187 351
187 363
187 371
187 373
187 374
187 375
187 379
187 443
187 571
187 603
187 605
187 606
187 607
187 635
187 699
188 190
188 191
188 192
188 220
188 222
188 224
188 236
188 244
188 246
188 247
188 248
188 252
188 316
188 348
188 350
188 352
188 364
188 372
188 374
188 375
188 376
188 380
188 444
188 572
188 604
188 606
188 608
188 636
188 700
189 190
189 191
189 221
189 223
189 237
189 245
189 249
189 250
189 251
189 253
189 317
189 349
189 351
189 365
189 373
189 377
189 378
189 379
189 381
189 445
189 573
189 605
189 607
189 637
189 701
190 191
190 192
190 222
190 223
190 224
190 238
190 246
190 250
190 251
190 252
190 254
190 318
190 350
190 351
190 352
190 366
190 374
190 378
190 379
190 380
190 382
190 446
190 574
190 606
190 607
190 608
190 638
190 702
191 192
191 223
191 224
191 239
191 247
191 251
191 253
191 254
191 255
191 319
191 351
191 352
191 367
191 375
191 379
191 381
191 382
191 383
191 447
191 575
191 607
191 608
191 639
191 703
192 224
192 240
192 248
192 252
192 254
192 255
192 256
192 320
192 352
192 368
192 376
192 380
192 382
192 383
192 384
192 448
192 576
192 608
192 640
192 704
193 194
193 195
193 197
193 201
193 209
193 225
193 321
193 353
193 385
193 386
193 387
193 389
193 393
193 401
193 417
193 449
193 577
193 609
193 705
194 195
194 196
194 197
194 198
194 201
194 202
194 209
194 210
194 225
194 226
194 322
194 353
194 354
194 386
194 387
194 388
194 390
194 394
194 402
194 418
194 450
194 578
194 609
194 610
194 706
195 196
195 197
195 198
195 199
195 201
195 202
195 203
195 209
195 210
195 211
195 225
195 226
195 227
195 323
195 353
195 354
195 355
195 387
195 389
195 390
195 391
195 395
195 403
195 419
195 451
195 579
195 609
195 610
195 611
195 707
196 198
196 199
196 200
196 202
196 204
196 210
196 212
196 226
196 228
196 324
196 354
196 356
196 388
196 390
196 391
196 392
196 396
196 404
196 420
196 452
196 580
196 610
196 612
196 708
197 198
197 199
197 201
197 202
197 203
197 205
197 209
197 211
197 213
197 225
197 227
197 229
197 325
197 353
197 355
197 357
197 389
197 393
197 394
197 395
197 397
197 405
197 421
197 453
197 581
197 609
197 611
197 613
197 709
198 199
198 200
198 202
198 203
198 204
198 206
198 210
198 211
198 212
198 214
198 226
198 227
198 228
198 230
198 326
198 354
198 355
198 356
198 358
198 390
198 394
198 395
198 396
198 398
198 406
198 422
198 454
198 582
198 610
198 611
198 612
198 614
198 710
199 200
199 203
199 204
199 205
199 206
199 207
199 211
199 212
199 215
199 227
199 228
199 231
199 327
199 355
199 356
199 359
199 391
199 395
199 397
199 398
199 399
199 407
199 423
199 455
199 583
199 611
199 612
199 615
199 711
200 204
200 206
200 207
200 208
200 212
200 216
200 228
200 232
200 328
200 356
200 360
200 392
200 396
200 398
200 399
200 400
200 408
200 424
200 456
200 584
200 612
200 616
200 712
201 202
201 203
201 205
201 209
201 210
201 211
201 213
201 217
201 225
201 229
201 233
201 329
201 353
201 357
201 361
201 393
201 401
201 402
201 403
201 405
201 409
201 425
201 457
201 585
201 609
201 613
201 617
201 713
202 203
202 204
202 205
202 206
202 210
202 211
202 212
202 213
202 214
202 218
202 226
202 229
202 230
202 234
202 330
202 354
202 357
202 358
202 362
202 394
202 402
202 403
202 404
202 406
202 410
202 426
202 458
202 586
202 610
202 613
202 614
202 618
202 714
203 204
203 205
203 206
203 207
203 211
203 213
203 214
203 215
203 219
203 227
203 229
203 230
203 231
203 235
203 331
203 355
203 357
203 358
203 359
203 363
203 395
203 403
203 405
203 406
203 407
203 411
203 427
203 459
203 587
203 611
203 613
203 614
203 615
203 619
203 715
204 206
204 207
204 208
204 212
204 214
204 215
204 216
204 220
204 228
204 230
204 232
204 236
204 332
204 356
204 358
204 360
204 364
204 396
204 404
204 406
204 407
204 408
204 412
204 428
204 460
204 588
204 612
204 614
204 616
204 620
204 716
205 206
205 207
205 213
205 215
205 217
205 218
205 219
205 221
205 229
205 231
205 237
205 333
205 357
205 359
205 365
205 397
205 405
205 409
205 410
205 411
205 413
205 429
205 461
205 589
205 613
205 615
205 621
205 717
206 207
206 208
206 214
206 215
206 216
206 218
206 219
206 220
206 222
206 230
206 231
206 232
206 238
206 334
206 358
206 359
206 360
206 366
206 398
206 406
206 410
206 411
206 412
206 414
206 430
206 462
206 590
206 614
206 615
206 616
206 622
206 718
207 208
207 215
207 216
207 219
207 221
207 222
207 223
207 231
207 232
207 239
207 335
207 359
207 360
207 367
207 399
207 407
207 411
207 413
207 414
207 415
207 431
207 463
207 591
207 615
207 616
207 623
207 719
208 216
208 220
208 222
208 223
208 224
208 232
208 240
208 336
208 360
208 368
208 400
208 408
208 412
208 414
208 415
208 416
208 432
208 464
208 592
208 616
208 624
208 720
209 210
209 211
209 213
209 217
209 225
209 226
209 227
209 229
209 233
209 241
209 337
209 353
209 361
209 369
209 401
209 417
209 418
209 419
209 421
209 425
209 433
209 465
209 593
209 609
209 617
209 625
209 721
210 211
210 212
210 213
210 214
210 217
210 218
210 226
210 227
210 228
210 230
210 233
210 234
210 242
210 338
210 354
210 361
210 362
210 370
210 402
210 418
210 419
210 420
210 422
210 426
210 434
210 466
210 594
210 610
210 617
210 618
210 626
210 722
211 212
211 213
211 214
211 215
211 217
211 218
211 219
211 227
211 229
211 230
211 231
211 233
211 234
211 235
211 243
211 339
211 355
211 361
211 362
211 363
211 371
211 403
211 419
211 421
211 422
211 423
211 427
211 435
211 467
211 595
211 611
211 617
211 618
211 619
211 627
211 723
212 214
212 215
212 216
212 218
212 220
212 228
212 230
212 231
212 232
212 234
212 236
212 244
212 340
212 356
212 362
212 364
212 372
212 404
212 420
212 422
212 423
212 424
212 428
212 436
212 468
212 596
212 612
212 618
212 620
212 628
212 724
213 214
213 215
213 217
213 218
213 219
213 221
213 229
213 233
213 234
213 235
213 237
213 245
213 341
213 357
213 361
213 363
213 365
213 373
213 405
213 421
213 425
213 426
213 427
213 429
213 437
213 469
213 597
213 613
213 617
213 619
213 621
213 629
213 725
214 215
214 216
214 218
214 219
214 220
214 222
214 230
214 234
214 235
214 236
214 238
214 246
214 342
214 358
214 362
214 363
214 364
214 366
214 374
214 406
214 422
214 426
214 427
214 428
214 430
214 438
214 470
214 598
214 614
214 618
214 619
214 620
214 622
214 630
214 726
215 216
215 219
215 220
215 221
215 222
215 223
215 231
215 235
215 236
215 237
215 238
215 239
215 247
215 343
215 359
215 363
215 364
215 367
215 375
215 407
215 423
215 427
215 429
215 430
215 431
215 439
215 471
215 599
215 615
215 619
215 620
215 623
215 631
215 727
216 220
216 222
216 223
216 224
216 232
216 236
216 238
216 239
216 240
216 248
216 344
216 360
216 364
216 368
216 376
216 408
216 424
216 428
216 430
216 431
216 432
216 440
216 472
216 600
216 616
216 620
216 624
216 632
216 728
217 218
217 219
217 221
217 233
217 237
217 241
217 242
217 243
217 245
217 249
217 345
217 361
217 365
217 377
217 409
217 425
217 433
217 434
217 435
217 437
217 441
217 473
217 601
217 617
217 621
217 633
217 729
218 219
218 220
218 221
218 222
218 234
218 237
218 238
218 242
218 243
218 244
218 246
218 250
218 346
218 362
218 365
218 366
218 378
218 410
218 426
218 434
218 435
218 436
218 438
218 442
218 474
218 602
218 618
218 621
218 622
218 634
218 730
219 220
219 221
219 222
219 223
219 235
219 237
219 238
219 239
219 243
219 245
219 246
219 247
219 251
219 347
219 363
219 365
219 366
219 367
219 379
219 411
219 427
219 435
219 437
219 438
219 439
219 443
219 475
219 603
219 619
219 621
219 622
219 623
219 635
219 731
220 222
220 223
220 224
220 236
220 238
220 240
220 244
220 246
220 247
220 248
220 252
220 348
220 364
220 366
220 368
220 380
220 412
220 428
220 436
220 438
220 439
220 440
220 444
220 476
220 604
220 620
220 622
220 624
220 636
220 732
221 222
221 223
221 237
221 239
221 245
221 249
221 250
221 251
221 253
221 349
221 365
221 367
221 381
221 413
221 429
221 437
221 441
221 442
221 443
221 445
221 477
221 605
221 621
221 623
221 637
221 733
222 223
222 224
222 238
222 239
222 240
222 246
222 250
222 251
222 252
222 254
222 350
222 366
222 367
222 368
222 382
222 414
222 430
222 438
222 442
222 443
222 444
222 446
222 478
222 606
222 622
222 623
222 624
222 638
222 734
223 224
223 239
223 240
223 247
223 251
223 253
223 254
223 255
223 351
223 367
223 368
223 383
223 415
223 431
223 439
223 443
223 445
223 446
223 447
223 479
223 607
223 623
223 624
223 639
223 735
224 240
224 248
224 252
224 254
224 255
224 256
224 352
224 368
224 384
224 416
224 432
224 440
224 444
224 446
224 447
224 448
224 480
224 608
224 624
224 640
224 736
225 226
225 227
225 229
225 233
225 241
225 353
225 369
225 417
225 449
225 450
225 451
225 453
225 457
225 465
225 481
225 609
225 625
225 737
226 227
226 228
226 229
226 230
226 233
226 234
226 241
226 242
226 354
226 369
226 370
226 418
226 450
226 451
226 452
226 454
226 458
226 466
226 482
226 610
226 625
226 626
226 738
227 228
227 229
227 230
227 231
227 233
227 234
227 235
227 241
227 242
227 243
227 355
227 369
227 370
227 371
227 419
227 451
227 453
227 454
227 455
227 459
227 467
227 483
227 611
227 625
227 626
227 627
227 739
228 230
228 231
228 232
228 234
228 236
228 242
228 244
228 356
228 370
228 372
228 420
228 452
228 454
228 455
228 456
228 460
228 468
228 484
228 612
228 626
228 628
228 740
229 230
229 231
229 233
229 234
229 235
229 237
229 241
229 243
229 245
229 357
229 369
229 371
229 373
229 421
229 453
229 457
229 458
229 459
229 461
229 469
229 485
229 613
229 625
229 627
229 629
229 741
230 231
230 232
230 234
230 235
230 236
230 238
230 242
230 243
230 244
230 246
230 358
230 370
230 371
230 372
230 374
230 422
230 454
230 458
230 459
230 460
230 462
230 470
230 486
230 614
230 626
230 627
230 628
230 630
230 742
231 232
231 235
231 236
231 237
231 238
231 239
231 243
231 244
231 247
231 359
231 371
231 372
231 375
231 423
231 455
231 459
231 461
231 462
231 463
231 471
231 487
231 615
231 627
231 628
231 631
231 743
232 236
232 238
232 239
232 240
232 244
232 248
232 360
232 372
232 376
232 424
232 456
232 460
232 462
232 463
232 464
232 472
232 488
232 616
232 628
232 632
232 744
233 234
233 235
233 237
233 241
233 242
233 243
233 245
233 249
233 361
233 369
233 373
233 377
233 425
233 457
233 465
233 466
233 467
233 469
233 473
233 489
233 617
233 625
233 629
233 633
233 745
234 235
234 236
234 237
234 238
234 242
234 243
234 244
234 245
234 246
234 250
234 362
234 370
234 373
234 374
234 378
234 426
234 458
234 466
234 467
234 468
234 470
234 474
234 490
234 618
234 626
234 629
234 630
234 634
234 746
235 236
235 237
235 238
235 239
235 243
235 245
235 246
235 247
235 251
235 363
235 371
235 373
235 374
235 375
235 379
235 427
235 459
235 467
235 469
235 470
235 471
235 475
235 491
235 619
235 627
235 629
235 630
235 631
235 635
235 747
236 238
236 239
236 240
236 244
236 246
236 247
236 248
236 252
236 364
236 372
236 374
236 376
236 380
236 428
236 460
236 468
236 470
236 471
236 472
236 476
236 492
236 620
236 628
236 630
236 632
236 636
236 748
237 238
237 239
237 245
237 247
237 249
237 250
237 251
237 253
237 365
237 373
237 375
237 381
237 429
237 461
237 469
237 473
237 474
237 475
237 477
237 493
237 621
237 629
237 631
237 637
237 749
238 239
238 240
238 246
238 247
238 248
238 250
238 251
238 252
238 254
238 366
238 374
238 375
238 376
238 382
238 430
238 462
238 470
238 474
238 475
238 476
238 478
238 494
238 622
238 630
238 631
238 632
238 638
238 750
239 240
239 247
239 248
239 251
239 253
239 254
239 255
239 367
239 375
239 376
239 383
239 431
239 463
239 471
239 475
239 477
239 478
239 479
239 495
239 623
239 631
239 632
239 639
239 751
240 248
240 252
240 254
240 255
240 256
240 368
240 376
240 384
240 432
240 464
240 472
240 476
240 478
240 479
240 480
240 496
240 624
240 632
240 640
240 752
241 242
241 243
241 245
241 249
241 369
241 377
241 433
241 465
241 481
241 482
241 483
241 485
241 489
241 497
241 625
241 633
241 753
242 243
242 244
242 245
242 246
242 249
242 250
242 370
242 377
242 378
242 434
242 466
242 482
242 483
242 484
242 486
242 490
242 498
242 626
242 633
242 634
242 754
243 244
243 245
243 246
243 247
243 249
243 250
243 251
243 371
243 377
243 378
243 379
243 435
243 467
243 483
243 485
243 486
243 487
243 491
243 499
243 627
243 633
243 634
243 635
243 755
244 246
244 247
244 248
244 250
244 252
244 372
244 378
244 380
244 436
244 468
244 484
244 486
244 487
244 488
244 492
244 500
244 628
244 634
244 636
244 756
245 246
245 247
245 249
245 250
245 251
245 253
245 373
245 377
245 379
245 381
245 437
245 469
245 485
245 489
245 490
245 491
245 493
245 501
245 629
245 633
245 635
245 637
245 757
246 247
246 248
246 250
246 251
246 252
246 254
246 374
246 378
246 379
246 380
246 382
246 438
246 470
246 486
246 490
246 491
246 492
246 494
246 502
246 630
246 634
246 635
246 636
246 638
246 758
247 248
247 251
247 252
247 253
247 254
247 255
247 375
247 379
247 380
247 383
247 439
247 471
247 487
247 491
247 493
247 494
247 495
247 503
247 631
247 635
247 636
247 639
247 759
248 252
248 254
248 255
248 256
248 376
248 380
248 384
248 440
248 472
248 488
248 492
248 494
248 495
248 496
248 504
248 632
248 636
248 640
248 760
249 250
249 251
249 253
249 377
249 381
249 441
249 473
249 489
249 497
249 498
249 499
249 501
249 505
249 633
249 637
249 761
250 251
250 252
250 253
250 254
250 378
250 381
250 382
250 442
250 474
250 490
250 498
250 499
250 500
250 502
250 506
250 634
250 637
250 638
250 762
251 252
251 253
251 254
251 255
251 379
251 381
251 382
251 383
251 443
251 475
251 491
251 499
251 501
251 502
251 503
251 507
251 635
251 637
251 638
251 639
251 763
252 254
252 255
252 256
252 380
252 382
252 384
252 444
252 476
252 492
252 500
252 502
252 503
252 504
252 508
252 636
252 638
252 640
252 764
253 254
253 255
253 381
253 383
253 445
253 477
253 493
253 501
253 505
253 506
253 507
253 509
253 637
253 639
253 765
254 255
254 256
254 382
254 383
254 384
254 446
254 478
254 494
254 502
254 506
254 507
254 508
254 510
254 638
254 639
254 640
254 766
255 256
255 383
255 384
255 447
255 479
255 495
255 503
255 507
255 509
255 510
255 511
255 639
255 640
255 767
256 384
256 448
256 480
256 496
256 504
256 508
256 510
256 511
256 512
256 640
256 768
257 258
257 259
257 261
257 265
257 273
257 289
257 321
257 385
257 513
257 514
257 515
257 517
257 521
257 529
257 545
257 577
257 641
257 769
258 259
258 260
258 261
258 262
258 265
258 266
258 273
258 274
258 289
258 290
258 321
258 322
258 385
258 386
258 514
258 515
258 516
258 518
258 522
258 530
258 546
258 578
258 641
258 642
258 770
259 260
259 261
259 262
259 263
259 265
259 266
259 267
259 273
259 274
259 275
259 289
259 290
259 291
259 321
259 322
259 323
259 385
259 386
259 387
259 515
259 517
259 518
259 519
259 523
259 531
259 547
259 579
259 641
259 642
259 643
259 771
260 262
260 263
260 264
260 266
260 268
260 274
260 276
260 290
260 292
260 322
260 324
260 386
260 388
260 516
260 518
260 519
260 520
260 524
260 532
260 548
260 580
260 642
260 644
260 772
261 262
261 263
261 265
261 266
261 267
261 269
261 273
261 275
261 277
261 289
261 291
261 293
261 321
261 323
261 325
261 385
261 387
261 389
261 517
261 521
261 522
261 523
261 525
261 533
261 549
261 581
261 641
261 643
261 645
261 773
262 263
262 264
262 266
262 267
262 268
262 270
262 274
262 275
262 276
262 278
262 290
262 291
262 292
262 294
262 322
262 323
262 324
262 326
262 386
262 387
262 388
262 390
262 518
262 522
262 523
262 524
262 526
262 534
262 550
262 582
262 642
262 643
262 644
262 646
262 774
263 264
263 267
263 268
263 269
263 270
263 271
263 275
263 276
263 279
263 291
263 292
263 295
263 323
263 324
263 327
263 387
263 388
263 391
263 519
263 523
263 525
263 526
263 527
263 535
263 551
263 583
263 643
263 644
263 647
263 775
264 268
264 270
264 271
264 272
264 276
264 280
264 292
264 296
264 324
264 328
264 388
264 392
264 520
264 524
264 526
264 527
264 528
264 536
264 552
264 584
264 644
264 648
264 776
265 266
265 267
265 269
265 273
265 274
265 275
265 277
265 281
265 289
265 293
265 297
265 321
265 325
265 329
265 385
265 389
265 393
265 521
265 529
265 530
265 531
265 533
265 537
265 553
265 585
265 641
265 645
265 649
265 777
266 267
266 268
266 269
266 270
266 274
266 275
266 276
266 277
266 278
266 282
266 290
266 293
266 294
266 298
266 322
266 325
266 326
266 330
266 386
266 389
266 390
266 394
266 522
266 530
266 531
266 532
266 534
266 538
266 554
266 586
266 642
266 645
266 646
266 650
266 778
267 268
267 269
267 270
267 271
267 275
267 277
267 278
267 279
267 283
267 291
267 293
267 294
267 295
267 299
267 323
267 325
267 326
267 327
267 331
267 387
267 389
267 390
267 391
267 395
267 523
267 531
267 533
267 534
267 535
267 539
267 555
267 587
267 643
267 645
267 646
267 647
267 651
267 779
268 270
268 271
268 272
268 276
268 278
268 279
268 280
268 284
268 292
268 294
268 296
268 300
268 324
268 326
268 328
268 332
268 388
268 390
268 392
268 396
268 524
268 532
268 534
268 535
268 536
268 540
268 556
268 588
268 644
268 646
268 648
268 652
268 780
269 270
269 271
269 277
269 279
269 281
269 282
269 283
269 285
269 293
269 295
269 301
269 325
269 327
269 333
269 389
269 391
269 397
269 525
269 533
269 537
269 538
269 539
269 541
269 557
269 589
269 645
269 647
269 653
269 781
270 271
270 272
270 278
270 279
270 280
270 282
270 283
270 284
270 286
270 294
270 295
270 296
270 302
270 326
270 327
270 328
270 334
270 390
270 391
270 392
270 398
270 526
270 534
270 538
270 539
270 540
270 542
270 558
270 590
270 646
270 647
270 648
270 654
270 782
271 272
271 279
271 280
271 283
271 285
271 286
271 287
271 295
271 296
271 303
271 327
271 328
271 335
271 391
271 392
271 399
271 527
271 535
271 539
271 541
271 542
271 543
271 559
271 591
271 647
271 648
271 655
271 783
272 280
272 284
272 286
272 287
272 288
272 296
272 304
272 328
272 336
272 392
272 400
272 528
272 536
272 540
272 542
272 543
272 544
272 560
272 592
272 648
272 656
272 784
273 274
273 275
273 277
273 281
273 289
273 290
273 291
273 293
273 297
273 305
273 321
273 329
273 337
273 385
273 393
273 401
273 529
273 545
273 546
273 547
273 549
273 553
273 561
273 593
273 641
273 649
273 657
273 785
274 275
274 276
274 277
274 278
274 281
274 282
274 290
274 291
274 292
274 294
274 297
274 298
274 306
274 322
274 329
274 330
274 338
274 386
274 393
274 394
274 402
274 530
274 546
274 547
274 548
274 550
274 554
274 562
274 594
274 642
274 649
274 650
274 658
274 786
275 276
275 277
275 278
275 279
275 281
275 282
275 283
275 291
275 293
275 294
275 295
275 297
275 298
275 299
275 307
275 323
275 329
275 330
275 331
275 339
275 387
275 393
275 394
275 395
275 403
275 531
275 547
275 549
275 550
275 551
275 555
275 563
275 595
275 643
275 649
275 650
275 651
275 659
275 787
276 278
276 279
276 280
276 282
276 284
276 292
276 294
276 295
276 296
276 298
276 300
276 308
276 324
276 330
276 332
276 340
276 388
276 394
276 396
276 404
276 532
276 548
276 550
276 551
276 552
276 556
276 564
276 596
276 644
276 650
276 652
276 660
276 788
277 278
277 279
277 281
277 282
277 283
277 285
277 293
277 297
277 298
277 299
277 301
277 309
277 325
277 329
277 331
277 333
277 341
277 389
277 393
277 395
277 397
277 405
277 533
277 549
277 553
277 554
277 555
277 557
277 565
277 597
277 645
277 649
277 651
277 653
277 661
277 789
278 279
278 280
278 282
278 283
278 284
278 286
278 294
278 298
278 299
278 300
278 302
278 310
278 326
278 330
278 331
278 332
278 334
278 342
278 390
278 394
278 395
278 396
278 398
278 406
278 534
278 550
278 554
278 555
278 556
278 558
278 566
278 598
278 646
278 650
278 651
278 652
278 654
278 662
278 790
279 280
279 283
279 284
279 285
279 286
279 287
279 295
279 299
279 300
279 301
279 302
279 303
279 311
279 327
279 331
279 332
279 335
279 343
279 391
279 395
279 396
279 399
279 407
279 535
279 551
279 555
279 557
279 558
279 559
279 567
279 599
279 647
279 651
279 652
279 655
279 663
279 791
280 284
280 286
280 287
280 288
280 296
280 300
280 302
280 303
280 304
280 312
280 328
280 332
280 336
280 344
280 392
280 396
280 400
280 408
280 536
280 552
280 556
280 558
280 559
280 560
280 568
280 600
280 648
280 652
280 656
280 664
280 792
281 282
281 283
281 285
281 297
281 301
281 305
281 306
281 307
281 309
281 313
281 329
281 333
281 345
281 393
281 397
281 409
281 537
281 553
281 561
281 562
281 563
281 565
281 569
281 601
281 649
281 653
281 665
281 793
282 283
282 284
282 285
282 286
282 298
282 301
282 302
282 306
282 307
282 308
282 310
282 314
282 330
282 333
282 334
282 346
282 394
282 397
282 398
282 410
282 538
282 554
282 562
282 563
282 564
282 566
282 570
282 602
282 650
282 653
282 654
282 666
282 794
283 284
283 285
283 286
283 287
283 299
283 301
283 302
283 303
283 307
283 309
283 310
283 311
283 315
283 331
283 333
283 334
283 335
283 347
283 395
283 397
283 398
283 399
283 411
283 539
283 555
283 563
283 565
283 566
283 567
283 571
283 603
283 651
283 653
283 654
283 655
283 667
283 795
284 286
284 287
284 288
284 300
284 302
284 304
284 308
284 310
284 311
284 312
284 316
284 332
284 334
284 336
284 348
284 396
284 398
284 400
284 412
284 540
284 556
284 564
284 566
284 567
284 568
284 572
284 604
284 652
284 654
284 656
284 668
284 796
285 286
285 287
285 301
285 303
285 309
285 313
285 314
285 315
285 317
285 333
285 335
285 349
285 397
285 399
285 413
285 541
285 557
285 565
285 569
285 570
285 571
285 573
285 605
285 653
285 655
285 669
285 797
286 287
286 288
286 302
286 303
286 304
286 310
286 314
286 315
286 316
286 318
286 334
286 335
286 336
286 350
286 398
286 399
286 400
286 414
286 542
286 558
286 566
286 570
286 571
286 572
286 574
286 606
286 654
286 655
286 656
286 670
286 798
287 288
287 303
287 304
287 311
287 315
287 317
287 318
287 319
287 335
287 336
287 351
287 399
287 400
287 415
287 543
287 559
287 567
287 571
287 573
287 574
287 575
287 607
287 655
287 656
287 671
287 799
288 304
288 312
288 316
288 318
288 319
288 320
288 336
288 352
288 400
288 416
288 544
288 560
288 568
288 572
288 574
288 575
288 576
288 608
288 656
288 672
288 800
289 290
289 291
289 293
289 297
289 305
289 321
289 322
289 323
289 325
289 329
289 337
289 353
289 385
289 401
289 417
289 545
289 577
289 578
289 579
289 581
289 585
289 593
289 609
289 641
289 657
289 673
289 801
290 291
290 292
290 293
290 294
290 297
290 298
290 305
290 306
290 322
290 323
290 324
290 326
290 330
290 337
290 338
290 354
290 386
290 401
290 402
290 418
290 546
290 578
290 579
290 580
290 582
290 586
290 594
290 610
290 642
290 657
290 658
290 674
290 802
291 292
291 293
291 294
291 295
291 297
291 298
291 299
291 305
291 306
291 307
291 323
291 325
291 326
291 327
291 331
291 337
291 338
291 339
291 355
291 387
291 401
291 402
291 403
291 419
291 547
291 579
291 581
291 582
291 583
291 587
291 595
291 611
291 643
291 657
291 658
291 659
291 675
291 803
292 294
292 295
292 296
292 298
292 300
292 306
292 308
292 324
292 326
292 327
292 328
292 332
292 338
292 340
292 356
292 388
292 402
292 404
292 420
292 548
292 580
292 582
292 583
292 584
292 588
292 596
292 612
292 644
292 658
292 660
292 676
292 804
293 294
293 295
293 297
293 298
293 299
293 301
293 305
293 307
293 309
293 325
293 329
293 330
293 331
293 333
293 337
293 339
293 341
293 357
293 389
293 401
293 403
293 405
293 421
293 549
293 581
293 585
293 586
293 587
293 589
293 597
293 613
293 645
293 657
293 659
293 661
293 677
293 805
294 295
294 296
294 298
294 299
294 300
294 302
294 306
294 307
294 308
294 310
294 326
294 330
294 331
294 332
294 334
294 338
294 339
294 340
294 342
294 358
294 390
294 402
294 403
294 404
294 406
294 422
294 550
294 582
294 586
294 587
294 588
294 590
294 598
294 614
294 646
294 658
294 659
294 660
294 662
294 678
294 806
295 296
295 299
295 300
295 301
295 302
295 303
295 307
295 308
295 311
295 327
295 331
295 333
295 334
295 335
295 339
295 340
295 343
295 359
295 391
295 403
295 404
295 407
295 423
295 551
295 583
295 587
295 589
295 590
295 591
295 599
295 615
295 647
295 659
295 660
295 663
295 679
295 807
296 300
296 302
296 303
296 304
296 308
296 312
296 328
296 332
296 334
296 335
296 336
296 340
296 344
296 360
296 392
296 404
296 408
296 424
296 552
296 584
296 588
296 590
296 591
296 592
296 600
296 616
296 648
296 660
296 664
296 680
296 808
297 298
297 299
297 301
297 305
297 306
297 307
297 309
297 313
297 329
297 337
297 338
297 339
297 341
297 345
297 361
297 393
297 401
297 405
297 409
297 425
297 553
297 585
297 593
297 594
297 595
297 597
297 601
297 617
297 649
297 657
297 661
297 665
297 681
297 809
298 299
298 300
298 301
298 302
298 306
298 307
298 308
298 309
298 310
298 314
298 330
298 338
298 339
298 340
298 341
298 342
298 346
298 362
298 394
298 402
298 405
298 406
298 410
298 426
298 554
298 586
298 594
298 595
298 596
298 598
298 602
298 618
298 650
298 658
298 661
298 662
298 666
298 682
298 810
299 300
299 301
299 302
299 303
299 307
299 309
299 310
299 311
299 315
299 331
299 339
299 341
299 342
299 343
299 347
299 363
299 395
299 403
299 405
299 406
299 407
299 411
299 427
299 555
299 587
299 595
299 597
299 598
299 599
299 603
299 619
299 651
299 659
299 661
299 662
299 663
299 667
299 683
299 811
300 302
300 303
300 304
300 308
300 310
300 311
300 312
300 316
300 332
300 340
300 342
300 343
300 344
300 348
300 364
300 396
300 404
300 406
300 408
300 412
300 428
300 556
300 588
300 596
300 598
300 599
300 600
300 604
300 620
300 652
300 660
300 662
300 664
300 668
300 684
300 812
301 302
301 303
301 309
301 311
301 313
301 314
301 315
301 317
301 333
301 341
301 343
301 345
301 346
301 347
301 349
301 365
301 397
301 405
301 407
301 413
301 429
301 557
301 589
301 597
301 601
301 602
301 603
301 605
301 621
301 653
301 661
301 663
301 669
301 685
301 813
302 303
302 304
302 310
302 311
302 312
302 314
302 315
302 316
302 318
302 334
302 342
302 343
302 344
302 346
302 347
302 348
302 350
302 366
302 398
302 406
302 407
302 408
302 414
302 430
302 558
302 590
302 598
302 602
302 603
302 604
302 606
302 622
302 654
302 662
302 663
302 664
302 670
302 686
302 814
303 304
303 311
303 312
303 315
303 317
303 318
303 319
303 335
303 343
303 344
303 347
303 349
303 350
303 351
303 367
303 399
303 407
303 408
303 415
303 431
303 559
303 591
303 599
303 603
303 605
303 606
303 607
303 623
303 655
303 663
303 664
303 671
303 687
303 815
304 312
304 316
304 318
304 319
304 320
304 336
304 344
304 348
304 350
304 351
304 352
304 368
304 400
304 408
304 416
304 432
304 560
304 592
304 600
304 604
304 606
304 607
304 608
304 624
304 656
304 664
304 672
304 688
304 816
305 306
305 307
305 309
305 313
305 337
305 345
305 353
305 354
305 355
305 357
305 361
305 369
305 401
305 409
305 433
305 561
305 593
305 609
305 610
305 611
305 613
305 617
305 625
305 657
305 665
305 689
305 817
306 307
306 308
306 309
306 310
306 313
306 314
306 338
306 345
306 346
306 354
306 355
306 356
306 358
306 362
306 370
306 402
306 409
306 410
306 434
306 562
306 594
306 610
306 611
306 612
306 614
306 618
306 626
306 658
306 665
306 666
306 690
306 818
307 308
307 309
307 310
307 311
307 313
307 314
307 315
307 339
307 345
307 346
307 347
307 355
307 357
307 358
307 359
307 363
307 371
307 403
307 409
307 410
307 411
307 435
307 563
307 595
307 611
307 613
307 614
307 615
307 619
307 627
307 659
307 665
307 666
307 667
307 691
307 819
308 310
308 311
308 312
308 314
308 316
308 340
308 346
308 348
308 356
308 358
308 359
308 360
308 364
308 372
308 404
308 410
308 412
308 436
308 564
308 596
308 612
308 614
308 615
308 616
308 620
308 628
308 660
308 666
308 668
308 692
308 820
309 310
309 311
309 313
309 314
309 315
309 317
309 341
309 345
309 347
309 349
309 357
309 361
309 362
309 363
309 365
309 373
309 405
309 409
309 411
309 413
309 437
309 565
309 597
309 613
309 617
309 618
309 619
309 621
309 629
309 661
309 665
309 667
309 669
309 693
309 821
310 311
310 312
310 314
310 315
310 316
310 318
310 342
310 346
310 347
310 348
310 350
310 358
310 362
310 363
310 364
310 366
310 374
310 406
310 410
310 411
310 412
310 414
310 438
310 566
310 598
310 614
310 618
310 619
310 620
310 622
310 630
310 662
310 666
310 667
310 668
310 670
310 694
310 822
311 312
311 315
311 316
311 317
311 318
311 319
311 343
311 347
311 348
311 351
311 359
311 363
311 365
311 366
311 367
311 375
311 407
311 411
311 412
311 415
311 439
311 567
311 599
311 615
311 619
311 621
311 622
311 623
311 631
311 663
311 667
311 668
311 671
311 695
311 823
312 316
312 318
312 319
312 320
312 344
312 348
312 352
312 360
312 364
312 366
312 367
312 368
312 376
312 408
312 412
312 416
312 440
312 568
312 600
312 616
312 620
312 622
312 623
312 624
312 632
312 664
312 668
312 672
312 696
312 824
313 314
313 315
313 317
313 345
313 349
313 361
313 369
313 370
313 371
313 373
313 377
313 409
313 413
313 441
313 569
313 601
313 617
313 625
313 626
313 627
313 629
313 633
313 665
313 669
313 697
313 825
314 315
314 316
314 317
314 318
314 346
314 349
314 350
314 362
314 370
314 371
314 372
314 374
314 378
314 410
314 413
314 414
314 442
314 570
314 602
314 618
314 626
314 627
314 628
314 630
314 634
314 666
314 669
314 670
314 698
314 826
315 316
315 317
315 318
315 319
315 347
315 349
315 350
315 351
315 363
315 371
315 373
315 374
315 375
315 379
315 411
315 413
315 414
315 415
315 443
315 571
315 603
315 619
315 627
315 629
315 630
315 631
315 635
315 667
315 669
315 670
315 671
315 699
315 827
316 318
316 319
316 320
316 348
316 350
316 352
316 364
316 372
316 374
316 375
316 376
316 380
316 412
316 414
316 416
316 444
316 572
316 604
316 620
316 628
316 630
316 631
316 632
316 636
316 668
316 670
316 672
316 700
316 828
317 318
317 319
317 349
317 351
317 365
317 373
317 377
317 378
317 379
317 381
317 413
317 415
317 445
317 573
317 605
317 621
317 629
317 633
317 634
317 635
317 637
317 669
317 671
317 701
317 829
318 319
318 320
318 350
318 351
318 352
318 366
318 374
318 378
318 379
318 380
318 382
318 414
318 415
318 416
318 446
318 574
318 606
318 622
318 630
318 634
318 635
318 636
318 638
318 670
318 671
318 672
318 702
318 830
319 320
319 351
319 352
319 367
319 375
319 379
319 381
319 382
319 383
319 415
319 416
319 447
319 575
319 607
319 623
319 631
319 635
319 637
319 638
319 639
319 671
319 672
319 703
319 831
320 352
320 368
320 376
320 380
320 382
320 383
320 384
320 416
320 448
320 576
320 608
320 624
320 632
320 636
320 638
320 639
320 640
320 672
320 704
320 832
321 322
321 323
321 325
321 329
321 337
321 353
321 385
321 386
321 387
321 389
321 393
321 401
321 417
321 449
321 577
321 641
321 642
321 643
321 645
321 649
321 657
321 673
321 705
321 833
322 323
322 324
322 325
322 326
322 329
322 330
322 337
322 338
322 353
322 354
322 386
322 387
322 388
322 390
322 394
322 402
322 417
322 418
322 450
322 578
322 642
322 643
322 644
322 646
322 650
322 658
322 673
322 674
322 706
322 834
323 324
323 325
323 326
323 327
323 329
323 330
323 331
323 337
323 338
323 339
323 353
323 354
323 355
323 387
323 389
323 390
323 391
323 395
323 403
323 417
323 418
323 419
323 451
323 579
323 643
323 645
323 646
323 647
323 651
323 659
323 673
323 674
323 675
323 707
323 835
324 326
324 327
324 328
324 330
324 332
324 338
324 340
324 354
324 356
324 388
324 390
324 391
324 392
324 396
324 404
324 418
324 420
324 452
324 580
324 644
324 646
324 647
324 648
324 652
324 660
324 674
324 676
324 708
324 836
325 326
325 327
325 329
325 330
325 331
325 333
325 337
325 339
325 341
325 353
325 355
325 357
325 389
325 393
325 394
325 395
325 397
325 405
325 417
325 419
325 421
325 453
325 581
325 645
325 649
325 650
325 651
325 653
325 661
325 673
325 675
325 677
325 709
325 837
326 327
326 328
326 330
326 331
326 332
326 334
326 338
326 339
326 340
326 342
326 354
326 355
326 356
326 358
326 390
326 394
326 395
326 396
326 398
326 406
326 418
326 419
326 420
326 422
326 454
326 582
326 646
326 650
326 651
326 652
326 654
326 662
326 674
326 675
326 676
326 678
326 710
326 838
327 328
327 331
327 332
327 333
327 334
327 335
327 339
327 340
327 343
327 355
327 356
327 359
327 391
327 395
327 397
327 398
327 399
327 407
327 419
327 420
327 423
327 455
327 583
327 647
327 651
327 653
327 654
327 655
327 663
327 675
327 676
327 679
327 711
327 839
328 332
328 334
328 335
328 336
328 340
328 344
328 356
328 360
328 392
328 396
328 398
328 399
328 400
328 408
328 420
328 424
328 456
328 584
328 648
328 652
328 654
328 655
328 656
328 664
328 676
328 680
328 712
328 840
329 330
329 331
329 333
329 337
329 338
329 339
329 341
329 345
329 353
329 357
329 361
329 393
329 401
329 402
329 403
329 405
329 409
329 417
329 421
329 425
329 457
329 585
329 649
329 657
329 658
329 659
329 661
329 665
329 673
329 677
329 681
329 713
329 841
330 331
330 332
330 333
330 334
330 338
330 339
330 340
330 341
330 342
330 346
330 354
330 357
330 358
330 362
330 394
330 402
330 403
330 404
330 406
330 410
330 418
330 421
330 422
330 426
330 458
330 586
330 650
330 658
330 659
330 660
330 662
330 666
330 674
330 677
330 678
330 682
330 714
330 842
331 332
331 333
331 334
331 335
331 339
331 341
331 342
331 343
331 347
331 355
331 357
331 358
331 359
331 363
331 395
331 403
331 405
331 406
331 407
331 411
331 419
331 421
331 422
331 423
331 427
331 459
331 587
331 651
331 659
331 661
331 662
331 663
331 667
331 675
331 677
331 678
331 679
331 683
331 715
331 843
332 334
332 335
332 336
332 340
332 342
332 343
332 344
332 348
332 356
332 358
332 360
332 364
332 396
332 404
332 406
332 407
332 408
332 412
332 420
332 422
332 424
332 428
332 460
332 588
332 652
332 660
332 662
332 663
332 664
332 668
332 676
332 678
332 680
332 684
332 716
332 844
333 334
333 335
333 341
333 343
333 345
333 346
333 347
333 349
333 357
333 359
333 365
333 397
333 405
333 409
333 410
333 411
333 413
333 421
333 423
333 429
333 461
333 589
333 653
333 661
333 665
333 666
333 667
333 669
333 677
333 679
333 685
333 717
333 845
334 335
334 336
334 342
334 343
334 344
334 346
334 347
334 348
334 350
334 358
334 359
334 360
334 366
334 398
334 406
334 410
334 411
334 412
334 414
334 422
334 423
334 424
334 430
334 462
334 590
334 654
334 662
334 666
334 667
334 668
334 670
334 678
334 679
334 680
334 686
334 718
334 846
335 336
335 343
335 344
335 347
335 349
335 350
335 351
335 359
335 360
335 367
335 399
335 407
335 411
335 413
335 414
335 415
335 423
335 424
335 431
335 463
335 591
335 655
335 663
335 667
335 669
335 670
335 671
335 679
335 680
335 687
335 719
335 847
336 344
336 348
336 350
336 351
336 352
336 360
336 368
336 400
336 408
336 412
336 414
336 415
336 416
336 424
336 432
336 464
336 592
336 656
336 664
336 668
336 670
336 671
336 672
336 680
336 688
336 720
336 848
337 338
337 339
337 341
337 345
337 353
337 354
337 355
337 357
337 361
337 369
337 401
337 417
337 418
337 419
337 421
337 425
337 433
337 465
337 593
337 657
337 673
337 674
337 675
337 677
337 681
337 689
337 721
337 849
338 339
338 340
338 341
338 342
338 345
338 346
338 354
338 355
338 356
338 358
338 361
338 362
338 370
338 402
338 418
338 419
338 420
338 422
338 425
338 426
338 434
338 466
338 594
338 658
338 674
338 675
338 676
338 678
338 681
338 682
338 690
338 722
338 850
339 340
339 341
339 342
339 343
339 345
339 346
339 347
339 355
339 357
339 358
339 359
339 361
339 362
339 363
339 371
339 403
339 419
339 421
339 422
339 423
339 425
339 426
339 427
339 435
339 467
339 595
339 659
339 675
339 677
339 678
339 679
339 681
339 682
339 683
339 691
339 723
339 851
340 342
340 343
340 344
340 346
340 348
340 356
340 358
340 359
340 360
340 362
340 364
340 372
340 404
340 420
340 422
340 423
340 424
340 426
340 428
340 436
340 468
340 596
340 660
340 676
340 678
340 679
340 680
340 682
340 684
340 692
340 724
340 852
341 342
341 343
341 345
341 346
341 347
341 349
341 357
341 361
341 362
341 363
341 365
341 373
341 405
341 421
341 425
341 426
341 427
341 429
341 437
341 469
341 597
341 661
341 677
341 681
341 682
341 683
341 685
341 693
341 725
341 853
342 343
342 344
342 346
342 347
342 348
342 350
342 358
342 362
342 363
342 364
342 366
342 374
342 406
342 422
342 426
342 427
342 428
342 430
342 438
342 470
342 598
342 662
342 678
342 682
342 683
342 684
342 686
342 694
342 726
342 854
343 344
343 347
343 348
343 349
343 350
343 351
343 359
343 363
343 364
343 365
343 366
343 367
343 375
343 407
343 423
343 427
343 428
343 429
343 430
343 431
343 439
343 471
343 599
343 663
343 679
343 683
343 684
343 685
343 686
343 687
343 695
343 727
343 855
344 348
344 350
344 351
344 352
344 360
344 364
344 366
344 367
344 368
344 376
344 408
344 424
344 428
344 430
344 431
344 432
344 440
344 472
344 600
344 664
344 680
344 684
344 686
344 687
344 688
344 696
344 728
344 856
345 346
345 347
345 349
345 361
345 365
345 369
345 370
345 371
345 373
345 377
345 409
345 425
345 429
345 433
345 434
345 435
345 437
345 441
345 473
345 601
345 665
345 681
345 685
345 689
345 690
345 691
345 693
345 697
345 729
345 857
346 347
346 348
346 349
346 350
346 362
346 365
346 366
346 370
346 371
346 372
346 374
346 378
346 410
346 426
346 429
346 430
346 434
346 435
346 436
346 438
346 442
346 474
346 602
346 666
346 682
346 685
346 686
346 690
346 691
346 692
346 694
346 698
346 730
346 858
347 348
347 349
347 350
347 351
347 363
347 365
347 366
347 367
347 371
347 373
347 374
347 375
347 379
347 411
347 427
347 429
347 430
347 431
347 435
347 437
347 438
347 439
347 443
347 475
347 603
347 667
347 683
347 685
347 686
347 687
347 691
347 693
347 694
347 695
347 699
347 731
347 859
348 350
348 351
348 352
348 364
348 366
348 368
348 372
348 374
348 375
348 376
348 380
348 412
348 428
348 430
348 432
348 436
348 438
348 439
348 440
348 444
348 476
348 604
348 668
348 684
348 686
348 688
348 692
348 694
348 695
348 696
348 700
348 732
348 860
349 350
349 351
349 365
349 367
349 373
349 377
349 378
349 379
349 381
349 413
349 429
349 431
349 437
349 441
349 442
349 443
349 445
349 477
349 605
349 669
349 685
349 687
349 693
349 697
349 698
349 699
349 701
349 733
349 861
350 351
350 352
350 366
350 367
350 368
350 374
350 378
350 379
350 380
350 382
350 414
350 430
350 431
350 432
350 438
350 442
350 443
350 444
350 446
350 478
350 606
350 670
350 686
350 687
350 688
350 694
350 698
350 699
350 700
350 702
350 734
350 862
351 352
351 367
351 368
351 375
351 379
351 381
351 382
351 383
351 415
351 431
351 432
351 439
351 443
351 445
351 446
351 447
351 479
351 607
351 671
351 687
351 688
351 695
351 699
351 701
351 702
351 703
351 735
351 863
352 368
352 376
352 380
352 382
352 383
352 384
352 416
352 432
352 440
352 444
352 446
352 447
352 448
352 480
352 608
352 672
352 688
352 696
352 700
352 702
352 703
352 704
352 736
352 864
353 354
353 355
353 357
353 361
353 369
353 417
353 433
353 449
353 450
353 451
353 453
353 457
353 465
353 481
353 609
353 673
353 689
353 705
353 706
353 707
353 709
353 713
353 721
353 737
353 865
354 355
354 356
354 357
354 358
354 361
354 362
354 369
354 370
354 418
354 433
354 434
354 450
354 451
354 452
354 454
354 458
354 466
354 482
354 610
354 674
354 689
354 690
354 706
354 707
354 708
354 710
354 714
354 722
354 738
354 866
355 356
355 357
355 358
355 359
355 361
355 362
355 363
355 369
355 370
355 371
355 419
355 433
355 434
355 435
355 451
355 453
355 454
355 455
355 459
355 467
355 483
355 611
355 675
355 689
355 690
355 691
355 707
355 709
355 710
355 711
355 715
355 723
355 739
355 867
356 358
356 359
356 360
356 362
356 364
356 370
356 372
356 420
356 434
356 436
356 452
356 454
356 455
356 456
356 460
356 468
356 484
356 612
356 676
356 690
356 692
356 708
356 710
356 711
356 712
356 716
356 724
356 740
356 868
357 358
357 359
357 361
357 362
357 363
357 365
357 369
357 371
357 373
357 421
357 433
357 435
357 437
357 453
357 457
357 458
357 459
357 461
357 469
357 485
357 613
357 677
357 689
357 691
357 693
357 709
357 713
357 714
357 715
357 717
357 725
357 741
357 869
358 359
358 360
358 362
358 363
358 364
358 366
358 370
358 371
358 372
358 374
358 422
358 434
358 435
358 436
358 438
358 454
358 458
358 459
358 460
358 462
358 470
358 486
358 614
358 678
358 690
358 691
358 692
358 694
358 710
358 714
358 715
358 716
358 718
358 726
358 742
358 870
359 360
359 363
359 364
359 365
359 366
359 367
359 371
359 372
359 375
359 423
359 435
359 436
359 439
359 455
359 459
359 461
359 462
359 463
359 471
359 487
359 615
359 679
359 691
359 692
359 695
359 711
359 715
359 717
359 718
359 719
359 727
359 743
359 871
360 364
360 366
360 367
360 368
360 372
360 376
360 424
360 436
360 440
360 456
360 460
360 462
360 463
360 464
360 472
360 488
360 616
360 680
360 692
360 696
360 712
360 716
360 718
360 719
360 720
360 728
360 744
360 872
361 362
361 363
361 365
361 369
361 370
361 371
361 373
361 377
361 425
361 433
361 437
361 441
361 457
361 465
361 466
361 467
361 469
361 473
361 489
361 617
361 681
361 689
361 693
361 697
361 713
361 721
361 722
361 723
361 725
361 729
361 745
361 873
362 363
362 364
362 365
362 366
362 370
362 371
362 372
362 373
362 374
362 378
362 426
362 434
362 437
362 438
362 442
362 458
362 466
362 467
362 468
362 470
362 474
362 490
362 618
362 682
362 690
362 693
362 694
362 698
362 714
362 722
362 723
362 724
362 726
362 730
362 746
362 874
363 364
363 365
363 366
363 367
363 371
363 373
363 374
363 375
363 379
363 427
363 435
363 437
363 438
363 439
363 443
363 459
363 467
363 469
363 470
363 471
363 475
363 491
363 619
363 683
363 691
363 693
363 694
363 695
363 699
363 715
363 723
363 725
363 726
363 727
363 731
363 747
363 875
364 366
364 367
364 368
364 372
364 374
364 375
364 376
364 380
364 428
364 436
364 438
364 440
364 444
364 460
364 468
364 470
364 471
364 472
364 476
364 492
364 620
364 684
364 692
364 694
364 696
364 700
364 716
364 724
364 726
364 727
364 728
364 732
364 748
364 876
365 366
365 367
365 373
365 375
365 377
365 378
365 379
365 381
365 429
365 437
365 439
365 445
365 461
365 469
365 473
365 474
365 475
365 477
365 493
365 621
365 685
365 693
365 695
365 701
365 717
365 725
365 729
365 730
365 731
365 733
365 749
365 877
366 367
366 368
366 374
366 375
366 376
366 378
366 379
366 380
366 382
366 430
366 438
366 439
366 440
366 446
366 462
366 470
366 474
366 475
366 476
366 478
366 494
366 622
366 686
366 694
366 695
366 696
366 702
366 718
366 726
366 730
366 731
366 732
366 734
366 750
366 878
367 368
367 375
367 376
367 379
367 381
367 382
367 383
367 431
367 439
367 440
367 447
367 463
367 471
367 475
367 477
367 478
367 479
367 495
367 623
367 687
367 695
367 696
367 703
367 719
367 727
367 731
367 733
367 734
367 735
367 751
367 879
368 376
368 380
368 382
368 383
368 384
368 432
368 440
368 448
368 464
368 472
368 476
368 478
368 479
368 480
368 496
368 624
368 688
368 696
368 704
368 720
368 728
368 732
368 734
368 735
368 736
368 752
368 880
369 370
369 371
369 373
369 377
369 433
369 441
369 465
369 481
369 482
369 483
369 485
369 489
369 497
369 625
369 689
369 697
369 721
369 737
369 738
369 739
369 741
369 745
369 753
369 881
370 371
370 372
370 373
370 374
370 377
370 378
370 434
370 441
370 442
370 466
370 482
370 483
370 484
370 486
370 490
370 498
370 626
370 690
370 697
370 698
370 722
370 738
370 739
370 740
370 742
370 746
370 754
370 882
371 372
371 373
371 374
371 375
371 377
371 378
371 379
371 435
371 441
371 442
371 443
371 467
371 483
371 485
371 486
371 487
371 491
371 499
371 627
371 691
371 697
371 698
371 699
371 723
371 739
371 741
371 742
371 743
371 747
371 755
371 883
372 374
372 375
372 376
372 378
372 380
372 436
372 442
372 444
372 468
372 484
372 486
372 487
372 488
372 492
372 500
372 628
372 692
372 698
372 700
372 724
372 740
372 742
372 743
372 744
372 748
372 756
372 884
373 374
373 375
373 377
373 378
373 379
373 381
373 437
373 441
373 443
373 445
373 469
373 485
373 489
373 490
373 491
373 493
373 501
373 629
373 693
373 697
373 699
373 701
373 725
373 741
373 745
373 746
373 747
373 749
373 757
373 885
374 375
374 376
374 378
374 379
374 380
374 382
374 438
374 442
374 443
374 444
374 446
374 470
374 486
374 490
374 491
374 492
374 494
374 502
374 630
374 694
374 698
374 699
374 700
374 702
374 726
374 742
374 746
374 747
374 748
374 750
374 758
374 886
375 376
375 379
375 380
375 381
375 382
375 383
375 439
375 443
375 444
375 447
375 471
375 487
375 491
375 493
375 494
375 495
375 503
375 631
375 695
375 699
375 700
375 703
375 727
375 743
375 747
375 749
375 750
375 751
375 759
375 887
376 380
376 382
376 383
376 384
376 440
376 444
376 448
376 472
376 488
376 492
376 494
376 495
376 496
376 504
376 632
376 696
376 700
376 704
376 728
376 744
376 748
376 750
376 751
376 752
376 760
376 888
377 378
377 379
377 381
377 441
377 445
377 473
377 489
377 497
377 498
377 499
377 501
377 505
377 633
377 697
377 701
377 729
377 745
377 753
377 754
377 755
377 757
377 761
377 889
378 379
378 380
378 381
378 382
378 442
378 445
378 446
378 474
378 490
378 498
378 499
378 500
378 502
378 506
378 634
378 698
378 701
378 702
378 730
378 746
378 754
378 755
378 756
378 758
378 762
378 890
379 380
379 381
379 382
379 383
379 443
379 445
379 446
379 447
379 475
379 491
379 499
379 501
379 502
379 503
379 507
379 635
379 699
379 701
379 702
379 703
379 731
379 747
379 755
379 757
379 758
379 759
379 763
379 891
380 382
380 383
380 384
380 444
380 446
380 448
380 476
380 492
380 500
380 502
380 503
380 504
380 508
380 636
380 700
380 702
380 704
380 732
380 748
380 756
380 758
380 759
380 760
380 764
380 892
381 382
381 383
381 445
381 447
381 477
381 493
381 501
381 505
381 506
381 507
381 509
381 637
381 701
381 703
381 733
381 749
381 757
381 761
381 762
381 763
381 765
381 893
382 383
382 384
382 446
382 447
382 448
382 478
382 494
382 502
382 506
382 507
382 508
382 510
382 638
382 702
382 703
382 704
382 734
382 750
382 758
382 762
382 763
382 764
382 766
382 894
383 384
383 447
383 448
383 479
383 495
383 503
383 507
383 509
383 510
383 511
383 639
383 703
383 704
383 735
383 751
383 759
383 763
383 765
383 766
383 767
383 895
384 448
384 480
384 496
384 504
384 508
384 510
384 511
384 512
384 640
384 704
384 736
384 752
384 760
384 764
384 766
384 767
384 768
384 896
385 386
385 387
385 389
385 393
385 401
385 417
385 449
385 641
385 705
385 769
385 770
385 771
385 773
385 777
385 785
385 801
385 833
385 897
386 387
386 388
386 389
386 390
386 393
386 394
386 401
386 402
386 417
386 418
386 449
386 450
386 642
386 705
386 706
386 770
386 771
386 772
386 774
386 778
386 786
386 802
386 834
386 898
387 388
387 389
387 390
387 391
387 393
387 394
387 395
387 401
387 402
387 403
387 417
387 418
387 419
387 449
387 450
387 451
387 643
387 705
387 706
387 707
387 771
387 773
387 774
387 775
387 779
387 787
387 803
387 835
387 899
388 390
388 391
388 392
388 394
388 396
388 402
388 404
388 418
388 420
388 450
388 452
388 644
388 706
388 708
388 772
388 774
388 775
388 776
388 780
388 788
388 804
388 836
388 900
389 390
389 391
389 393
389 394
389 395
389 397
389 401
389 403
389 405
389 417
389 419
389 421
389 449
389 451
389 453
389 645
389 705
389 707
389 709
389 773
389 777
389 778
389 779
389 781
389 789
389 805
389 837
389 901
390 391
390 392
390 394
390 395
390 396
390 398
390 402
390 403
390 404
390 406
390 418
390 419
390 420
390 422
390 450
390 451
390 452
390 454
390 646
390 706
390 707
390 708
390 710
390 774
390 778
390 779
390 780
390 782
390 790
390 806
390 838
390 902
391 392
391 395
391 396
391 397
391 398
391 399
391 403
391 404
391 407
391 419
391 420
391 423
391 451
391 452
391 455
391 647
391 707
391 708
391 711
391 775
391 779
391 781
391 782
391 783
391 791
391 807
391 839
391 903
392 396
392 398
392 399
392 400
392 404
392 408
392 420
392 424
392 452
392 456
392 648
392 708
392 712
392 776
392 780
392 782
392 783
392 784
392 792
392 808
392 840
392 904
393 394
393 395
393 397
393 401
393 402
393 403
393 405
393 409
393 417
393 421
393 425
393 449
393 453
393 457
393 649
393 705
393 709
393 713
393 777
393 785
393 786
393 787
393 789
393 793
393 809
393 841
393 905
394 395
394 396
394 397
394 398
394 402
394 403
394 404
394 405
394 406
394 410
394 418
394 421
394 422
394 426
394 450
394 453
394 454
394 458
394 650
394 706
394 709
394 710
394 714
394 778
394 786
394 787
394 788
394 790
394 794
394 810
394 842
394 906
395 396
395 397
395 398
395 399
395 403
395 405
395 406
395 407
395 411
395 419
395 421
395 422
395 423
395 427
395 451
395 453
395 454
395 455
395 459
395 651
395 707
395 709
395 710
395 711
395 715
395 779
395 787
395 789
395 790
395 791
395 795
395 811
395 843
395 907
396 398
396 399
396 400
396 404
396 406
396 407
396 408
396 412
396 420
396 422
396 424
396 428
396 452
396 454
396 456
396 460
396 652
396 708
396 710
396 712
396 716
396 780
396 788
396 790
396 791
396 792
396 796
396 812
396 844
396 908
397 398
397 399
397 405
397 407
397 409
397 410
397 411
397 413
397 421
397 423
397 429
397 453
397 455
397 461
397 653
397 709
397 711
397 717
397 781
397 789
397 793
397 794
397 795
397 797
397 813
397 845
397 909
398 399
398 400
398 406
398 407
398 408
398 410
398 411
398 412
398 414
398 422
398 423
398 424
398 430
398 454
398 455
398 456
398 462
398 654
398 710
398 711
398 712
398 718
398 782
398 790
398 794
398 795
398 796
398 798
398 814
398 846
398 910
399 400
399 407
399 408
399 411
399 413
399 414
399 415
399 423
399 424
399 431
399 455
399 456
399 463
399 655
399 711
399 712
399 719
399 783
399 791
399 795
399 797
399 798
399 799
399 815
399 847
399 911
400 408
400 412
400 414
400 415
400 416
400 424
400 432
400 456
400 464
400 656
400 712
400 720
400 784
400 792
400 796
400 798
400 799
400 800
400 816
400 848
400 912
401 402
401 403
401 405
401 409
401 417
401 418
401 419
401 421
401 425
401 433
401 449
401 457
401 465
401 657
401 705
401 713
401 721
401 785
401 801
401 802
401 803
401 805
401 809
401 817
401 849
401 913
402 403
402 404
402 405
402 406
402 409
402 410
402 418
402 419
402 420
402 422
402 425
402 426
402 434
402 450
402 457
402 458
402 466
402 658
402 706
402 713
402 714
402 722
402 786
402 802
402 803
402 804
402 806
402 810
402 818
402 850
402 914
403 404
403 405
403 406
403 407
403 409
403 410
403 411
403 419
403 421
403 422
403 423
403 425
403 426
403 427
403 435
403 451
403 457
403 458
403 459
403 467
403 659
403 707
403 713
403 714
403 715
403 723
403 787
403 803
403 805
403 806
403 807
403 811
403 819
403 851
403 915
404 406
404 407
404 408
404 410
404 412
404 420
404 422
404 423
404 424
404 426
404 428
404 436
404 452
404 458
404 460
404 468
404 660
404 708
404 714
404 716
404 724
404 788
404 804
404 806
404 807
404 808
404 812
404 820
404 852
404 916
405 406
405 407
405 409
405 410
405 411
405 413
405 421
405 425
405 426
405 427
405 429
405 437
405 453
405 457
405 459
405 461
405 469
405 661
405 709
405 713
405 715
405 717
405 725
405 789
405 805
405 809
405 810
405 811
405 813
405 821
405 853
405 917
406 407
406 408
406 410
406 411
406 412
406 414
406 422
406 426
406 427
406 428
406 430
406 438
406 454
406 458
406 459
406 460
406 462
406 470
406 662
406 710
406 714
406 715
406 716
406 718
406 726
406 790
406 806
406 810
406 811
406 812
406 814
406 822
406 854
406 918
407 408
407 411
407 412
407 413
407 414
407 415
407 423
407 427
407 428
407 429
407 430
407 431
407 439
407 455
407 459
407 460
407 463
407 471
407 663
407 711
407 715
407 716
407 719
407 727
407 791
407 807
407 811
407 813
407 814
407 815
407 823
407 855
407 919
408 412
408 414
408 415
408 416
408 424
408 428
408 430
408 431
408 432
408 440
408 456
408 460
408 464
408 472
408 664
408 712
408 716
408 720
408 728
408 792
408 808
408 812
408 814
408 815
408 816
408 824
408 856
408 920
409 410
409 411
409 413
409 425
409 429
409 433
409 434
409 435
409 437
409 441
409 457
409 461
409 473
409 665
409 713
409 717
409 729
409 793
409 809
409 817
409 818
409 819
409 821
409 825
409 857
409 921
410 411
410 412
410 413
410 414
410 426
410 429
410 430
410 434
410 435
410 436
410 438
410 442
410 458
410 461
410 462
410 474
410 666
410 714
410 717
410 718
410 730
410 794
410 810
410 818
410 819
410 820
410 822
410 826
410 858
410 922
411 412
411 413
411 414
411 415
411 427
411 429
411 430
411 431
411 435
411 437
411 438
411 439
411 443
411 459
411 461
411 462
411 463
411 475
411 667
411 715
411 717
411 718
411 719
411 731
411 795
411 811
411 819
411 821
411 822
411 823
411 827
411 859
411 923
412 414
412 415
412 416
412 428
412 430
412 432
412 436
412 438
412 439
412 440
412 444
412 460
412 462
412 464
412 476
412 668
412 716
412 718
412 720
412 732
412 796
412 812
412 820
412 822
412 823
412 824
412 828
412 860
412 924
413 414
413 415
413 429
413 431
413 437
413 441
413 442
413 443
413 445
413 461
413 463
413 477
413 669
413 717
413 719
413 733
413 797
413 813
413 821
413 825
413 826
413 827
413 829
413 861
413 925
414 415
414 416
414 430
414 431
414 432
414 438
414 442
414 443
414 444
414 446
414 462
414 463
414 464
414 478
414 670
414 718
414 719
414 720
414 734
414 798
414 814
414 822
414 826
414 827
414 828
414 830
414 862
414 926
415 416
415 431
415 432
415 439
415 443
415 445
415 446
415 447
415 463
415 464
415 479
415 671
415 719
415 720
415 735
415 799
415 815
415 823
415 827
415 829
415 830
415 831
415 863
415 927
416 432
416 440
416 444
416 446
416 447
416 448
416 464
416 480
416 672
416 720
416 736
416 800
416 816
416 824
416 828
416 830
416 831
416 832
416 864
416 928
417 418
417 419
417 421
417 425
417 433
417 449
417 450
417 451
417 453
417 457
417 465
417 481
417 673
417 705
417 721
417 737
417 801
417 833
417 834
417 835
417 837
417 841
417 849
417 865
417 929
418 419
418 420
418 421
418 422
418 425
418 426
418 433
418 434
418 450
418 451
418 452
418 454
418 458
418 465
418 466
418 482
418 674
418 706
418 721
418 722
418 738
418 802
418 834
418 835
418 836
418 838
418 842
418 850
418 866
418 930
419 420
419 421
419 422
419 423
419 425
419 426
419 427
419 433
419 434
419 435
419 451
419 453
419 454
419 455
419 459
419 465
419 466
419 467
419 483
419 675
419 707
419 721
419 722
419 723
419 739
419 803
419 835
419 837
419 838
419 839
419 843
419 851
419 867
419 931
420 422
420 423
420 424
420 426
420 428
420 434
420 436
420 452
420 454
420 455
420 456
420 460
420 466
420 468
420 484
420 676
420 708
420 722
420 724
420 740
420 804
420 836
420 838
420 839
420 840
420 844
420 852
420 868
420 932
421 422
421 423
421 425
421 426
421 427
421 429
421 433
421 435
421 437
421 453
421 457
421 458
421 459
421 461
421 465
421 467
421 469
421 485
421 677
421 709
421 721
421 723
421 725
421 741
421 805
421 837
421 841
421 842
421 843
421 845
421 853
421 869
421 933
422 423
422 424
422 426
422 427
422 428
422 430
422 434
422 435
422 436
422 438
422 454
422 458
422 459
422 460
422 462
422 466
422 467
422 468
422 470
422 486
422 678
422 710
422 722
422 723
422 724
422 726
422 742
422 806
422 838
422 842
422 843
422 844
422 846
422 854
422 870
422 934
423 424
423 427
423 428
423 429
423 430
423 431
423 435
423 436
423 439
423 455
423 459
423 461
423 462
423 463
423 467
423 468
423 471
423 487
423 679
423 711
423 723
423 724
423 727
423 743
423 807
423 839
423 843
423 845
423 846
423 847
423 855
423 871
423 935
424 428
424 430
424 431
424 432
424 436
424 440
424 456
424 460
424 462
424 463
424 464
424 468
424 472
424 488
424 680
424 712
424 724
424 728
424 744
424 808
424 840
424 844
424 846
424 847
424 848
424 856
424 872
424 936
425 426
425 427
425 429
425 433
425 434
425 435
425 437
425 441
425 457
425 465
425 466
425 467
425 469
425 473
425 489
425 681
425 713
425 721
425 725
425 729
425 745
425 809
425 841
425 849
425 850
425 851
425 853
425 857
425 873
425 937
426 427
426 428
426 429
426 430
426 434
426 435
426 436
426 437
426 438
426 442
426 458
426 466
426 467
426 468
426 469
426 470
426 474
426 490
426 682
426 714
426 722
426 725
426 726
426 730
426 746
426 810
426 842
426 850
426 851
426 852
426 854
426 858
426 874
426 938
427 428
427 429
427 430
427 431
427 435
427 437
427 438
427 439
427 443
427 459
427 467
427 469
427 470
427 471
427 475
427 491
427 683
427 715
427 723
427 725
427 726
427 727
427 731
427 747
427 811
427 843
427 851
427 853
427 854
427 855
427 859
427 875
427 939
428 430
428 431
428 432
428 436
428 438
428 439
428 440
428 444
428 460
428 468
428 470
428 471
428 472
428 476
428 492
428 684
428 716
428 724
428 726
428 728
428 732
428 748
428 812
428 844
428 852
428 854
428 855
428 856
428 860
428 876
428 940
429 430
429 431
429 437
429 439
429 441
429 442
429 443
429 445
429 461
429 469
429 471
429 473
429 474
429 475
429 477
429 493
429 685
429 717
429 725
429 727
429 733
429 749
429 813
429 845
429 853
429 857
429 858
429 859
429 861
429 877
429 941
430 431
430 432
430 438
430 439
430 440
430 442
430 443
430 444
430 446
430 462
430 470
430 471
430 472
430 474
430 475
430 476
430 478
430 494
430 686
430 718
430 726
430 727
430 728
430 734
430 750
430 814
430 846
430 854
430 858
430 859
430 860
430 862
430 878
430 942
431 432
431 439
431 440
431 443
431 445
431 446
431 447
431 463
431 471
431 472
431 475
431 477
431 478
431 479
431 495
431 687
431 719
431 727
431 728
431 735
431 751
431 815
431 847
431 855
431 859
431 861
431 862
431 863
431 879
431 943
432 440
432 444
432 446
432 447
432 448
432 464
432 472
432 476
432 478
432 479
432 480
432 496
432 688
432 720
432 728
432 736
432 752
432 816
432 848
432 856
432 860
432 862
432 863
432 864
432 880
432 944
433 434
433 435
433 437
433 441
433 465
433 473
433 481
433 482
433 483
433 485
433 489
433 497
433 689
433 721
433 729
433 753
433 817
433 849
433 865
433 866
433 867
433 869
433 873
433 881
433 945
434 435
434 436
434 437
434 438
434 441
434 442
434 466
434 473
434 474
434 482
434 483
434 484
434 486
434 490
434 498
434 690
434 722
434 729
434 730
434 754
434 818
434 850
434 866
434 867
434 868
434 870
434 874
434 882
434 946
435 436
435 437
435 438
435 439
435 441
435 442
435 443
435 467
435 473
435 474
435 475
435 483
435 485
435 486
435 487
435 491
435 499
435 691
435 723
435 729
435 730
435 731
435 755
435 819
435 851
435 867
435 869
435 870
435 871
435 875
435 883
435 947
436 438
436 439
436 440
436 442
436 444
436 468
436 474
436 476
436 484
436 486
436 487
436 488
436 492
436 500
436 692
436 724
436 730
436 732
436 756
436 820
436 852
436 868
436 870
436 871
436 872
436 876
436 884
436 948
437 438
437 439
437 441
437 442
437 443
437 445
437 469
437 473
437 475
437 477
437 485
437 489
437 490
437 491
437 493
437 501
437 693
437 725
437 729
437 731
437 733
437 757
437 821
437 853
437 869
437 873
437 874
437 875
437 877
437 885
437 949
438 439
438 440
438 442
438 443
438 444
438 446
438 470
438 474
438 475
438 476
438 478
438 486
438 490
438 491
438 492
438 494
438 502
438 694
438 726
438 730
438 731
438 732
438 734
438 758
438 822
438 854
438 870
438 874
438 875
438 876
438 878
438 886
438 950
439 440
439 443
439 444
439 445
439 446
439 447
439 471
439 475
439 476
439 479
439 487
439 491
439 493
439 494
439 495
439 503
439 695
439 727
439 731
439 732
439 735
439 759
439 823
439 855
439 871
439 875
439 877
439 878
439 879
439 887
439 951
440 444
440 446
440 447
440 448
440 472
440 476
440 480
440 488
440 492
440 494
440 495
440 496
440 504
440 696
440 728
440 732
440 736
440 760
440 824
440 856
440 872
440 876
440 878
440 879
440 880
440 888
440 952
441 442
441 443
441 445
441 473
441 477
441 489
441 497
441 498
441 499
441 501
441 505
441 697
441 729
441 733
441 761
441 825
441 857
441 873
441 881
441 882
441 883
441 885
441 889
441 953
442 443
442 444
442 445
442 446
442 474
442 477
442 478
442 490
442 498
442 499
442 500
442 502
442 506
442 698
442 730
442 733
442 734
442 762
442 826
442 858
442 874
442 882
442 883
442 884
442 886
442 890
442 954
443 444
443 445
443 446
443 447
443 475
443 477
443 478
443 479
443 491
443 499
443 501
443 502
443 503
443 507
443 699
443 731
443 733
443 734
443 735
443 763
443 827
443 859
443 875
443 883
443 885
443 886
443 887
443 891
443 955
444 446
444 447
444 448
444 476
444 478
444 480
444 492
444 500
444 502
444 503
444 504
444 508
444 700
444 732
444 734
444 736
444 764
444 828
444 860
444 876
444 884
444 886
444 887
444 888
444 892
444 956
445 446
445 447
445 477
445 479
445 493
445 501
445 505
445 506
445 507
445 509
445 701
445 733
445 735
445 765
445 829
445 861
445 877
445 885
445 889
445 890
445 891
445 893
445 957
446 447
446 448
446 478
446 479
446 480
446 494
446 502
446 506
446 507
446 508
446 510
446 702
446 734
446 735
446 736
446 766
446 830
446 862
446 878
446 886
446 890
446 891
446 892
446 894
446 958
447 448
447 479
447 480
447 495
447 503
447 507
447 509
447 510
447 511
447 703
447 735
447 736
447 767
447 831
447 863
447 879
447 887
447 891
447 893
447 894
447 895
447 959
448 480
448 496
448 504
448 508
448 510
448 511
448 512
448 704
448 736
448 768
448 832
448 864
448 880
448 888
448 892
448 894
448 895
448 896
448 960
449 450
449 451
449 453
449 457
449 465
449 481
449 705
449 737
449 833
449 897
449 898
449 899
449 901
449 905
449 913
449 929
449 961
450 451
450 452
450 453
450 454
450 457
450 458
450 465
450 466
450 481
450 482
450 706
450 737
450 738
450 834
450 898
450 899
450 900
450 902
450 906
450 914
450 930
450 962
451 452
451 453
451 454
451 455
451 457
451 458
451 459
451 465
451 466
451 467
451 481
451 482
451 483
451 707
451 737
451 738
451 739
451 835
451 899
451 901
451 902
451 903
451 907
451 915
451 931
451 963
452 454
452 455
452 456
452 458
452 460
452 466
452 468
452 482
452 484
452 708
452 738
452 740
452 836
452 900
452 902
452 903
452 904
452 908
452 916
452 932
452 964
453 454
453 455
453 457
453 458
453 459
453 461
453 465
453 467
453 469
453 481
453 483
453 485
453 709
453 737
453 739
453 741
453 837
453 901
453 905
453 906
453 907
453 909
453 917
453 933
453 965
454 455
454 456
454 458
454 459
454 460
454 462
454 466
454 467
454 468
454 470
454 482
454 483
454 484
454 486
454 710
454 738
454 739
454 740
454 742
454 838
454 902
454 906
454 907
454 908
454 910
454 918
454 934
454 966
455 456
455 459
455 460
455 461
455 462
455 463
455 467
455 468
455 471
455 483
455 484
455 487
455 711
455 739
455 740
455 743
455 839
455 903
455 907
455 909
455 910
455 911
455 919
455 935
455 967
456 460
456 462
456 463
456 464
456 468
456 472
456 484
456 488
456 712
456 740
456 744
456 840
456 904
456 908
456 910
456 911
456 912
456 920
456 936
456 968
457 458
457 459
457 461
457 465
457 466
457 467
457 469
457 473
457 481
457 485
457 489
457 713
457 737
457 741
457 745
457 841
457 905
457 913
457 914
457 915
457 917
457 921
457 937
457 969
458 459
458 460
458 461
458 462
458 466
458 467
458 468
458 469
458 470
458 474
458 482
458 485
458 486
458 490
458 714
458 738
458 741
458 742
458 746
458 842
458 906
458 914
458 915
458 916
458 918
458 922
458 938
458 970
459 460
459 461
459 462
459 463
459 467
459 469
459 470
459 471
459 475
459 483
459 485
459 486
459 487
459 491
459 715
459 739
459 741
459 742
459 743
459 747
459 843
459 907
459 915
459 917
459 918
459 919
459 923
459 939
459 971
460 462
460 463
460 464
460 468
460 470
460 471
460 472
460 476
460 484
460 486
460 488
460 492
460 716
460 740
460 742
460 744
460 748
460 844
460 908
460 916
460 918
460 919
460 920
460 924
460 940
460 972
461 462
461 463
461 469
461 471
461 473
461 474
461 475
461 477
461 485
461 487
461 493
461 717
461 741
461 743
461 749
461 845
461 909
461 917
461 921
461 922
461 923
461 925
461 941
461 973
462 463
462 464
462 470
462 471
462 472
462 474
462 475
462 476
462 478
462 486
462 487
462 488
462 494
462 718
462 742
462 743
462 744
462 750
462 846
462 910
462 918
462 922
462 923
462 924
462 926
462 942
462 974
463 464
463 471
463 472
463 475
463 477
463 478
463 479
463 487
463 488
463 495
463 719
463 743
463 744
463 751
463 847
463 911
463 919
463 923
463 925
463 926
463 927
463 943
463 975
464 472
464 476
464 478
464 479
464 480
464 488
464 496
464 720
464 744
464 752
464 848
464 912
464 920
464 924
464 926
464 927
464 928
464 944
464 976
465 466
465 467
465 469
465 473
465 481
465 482
465 483
465 485
465 489
465 497
465 721
465 737
465 745
465 753
465 849
465 913
465 929
465 930
465 931
465 933
465 937
465 945
465 977
466 467
466 468
466 469
466 470
466 473
466 474
466 482
466 483
466 484
466 486
466 489
466 490
466 498
466 722
466 738
466 745
466 746
466 754
466 850
466 914
466 930
466 931
466 932
466 934
466 938
466 946
466 978
467 468
467 469
467 470
467 471
467 473
467 474
467 475
467 483
467 485
467 486
467 487
467 489
467 490
467 491
467 499
467 723
467 739
467 745
467 746
467 747
467 755
467 851
467 915
467 931
467 933
467 934
467 935
467 939
467 947
467 979
468 470
468 471
468 472
468 474
468 476
468 484
468 486
468 487
468 488
468 490
468 492
468 500
468 724
468 740
468 746
468 748
468 756
468 852
468 916
468 932
468 934
468 935
468 936
468 940
468 948
468 980
469 470
469 471
469 473
469 474
469 475
469 477
469 485
469 489
469 490
469 491
469 493
469 501
469 725
469 741
469 745
469 747
469 749
469 757
469 853
469 917
469 933
469 937
469 938
469 939
469 941
469 949
469 981
470 471
470 472
470 474
470 475
470 476
470 478
470 486
470 490
470 491
470 492
470 494
470 502
470 726
470 742
470 746
470 747
470 748
470 750
470 758
470 854
470 918
470 934
470 938
470 939
470 940
470 942
470 950
470 982
471 472
471 475
471 476
471 477
471 478
471 479
471 487
471 491
471 492
471 493
471 494
471 495
471 503
471 727
471 743
471 747
471 748
471 751
471 759
471 855
471 919
471 935
471 939
471 941
471 942
471 943
471 951
471 983
472 476
472 478
472 479
472 480
472 488
472 492
472 494
472 495
472 496
472 504
472 728
472 744
472 748
472 752
472 760
472 856
472 920
472 936
472 940
472 942
472 943
472 944
472 952
472 984
473 474
473 475
473 477
473 489
473 493
473 497
473 498
473 499
473 501
473 505
473 729
473 745
473 749
473 761
473 857
473 921
473 937
473 945
473 946
473 947
473 949
473 953
473 985
474 475
474 476
474 477
474 478
474 490
474 493
474 494
474 498
474 499
474 500
474 502
474 506
474 730
474 746
474 749
474 750
474 762
474 858
474 922
474 938
474 946
474 947
474 948
474 950
474 954
474 986
475 476
475 477
475 478
475 479
475 491
475 493
475 494
475 495
475 499
475 501
475 502
475 503
475 507
475 731
475 747
475 749
475 750
475 751
475 763
475 859
475 923
475 939
475 947
475 949
475 950
475 951
475 955
475 987
476 478
476 479
476 480
476 492
476 494
476 496
476 500
476 502
476 503
476 504
476 508
476 732
476 748
476 750
476 752
476 764
476 860
476 924
476 940
476 948
476 950
476 951
476 952
476 956
476 988
477 478
477 479
477 493
477 495
477 501
477 505
477 506
477 507
477 509
477 733
477 749
477 751
477 765
477 861
477 925
477 941
477 949
477 953
477 954
477 955
477 957
477 989
478 479
478 480
478 494
478 495
478 496
478 502
478 506
478 507
478 508
478 510
478 734
478 750
478 751
478 752
478 766
478 862
478 926
478 942
478 950
478 954
478 955
478 956
478 958
478 990
479 480
479 495
479 496
479 503
479 507
479 509
479 510
479 511
479 735
479 751
479 752
479 767
479 863
479 927
479 943
479 951
479 955
479 957
479 958
479 959
479 991
480 496
480 504
480 508
480 510
480 511
480 512
480 736
480 752
480 768
480 864
480 928
480 944
480 952
480 956
480 958
480 959
480 960
480 992
481 482
481 483
481 485
481 489
481 497
481 737
481 753
481 865
481 929
481 961
481 962
481 963
481 965
481 969
481 977
481 993
482 483
482 484
482 485
482 486
482 489
482 490
482 497
482 498
482 738
482 753
482 754
482 866
482 930
482 962
482 963
482 964
482 966
482 970
482 978
482 994
483 484
483 485
483 486
483 487
483 489
483 490
483 491
483 497
483 498
483 499
483 739
483 753
483 754
483 755
483 867
483 931
483 963
483 965
483 966
483 967
483 971
483 979
483 995
484 486
484 487
484 488
484 490
484 492
484 498
484 500
484 740
484 754
484 756
484 868
484 932
484 964
484 966
484 967
484 968
484 972
484 980
484 996
485 486
485 487
485 489
485 490
485 491
485 493
485 497
485 499
485 501
485 741
485 753
485 755
485 757
485 869
485 933
485 965
485 969
485 970
485 971
485 973
485 981
485 997
486 487
486 488
486 490
486 491
486 492
486 494
486 498
486 499
486 500
486 502
486 742
486 754
486 755
486 756
486 758
486 870
486 934
486 966
486 970
486 971
486 972
486 974
486 982
486 998
487 488
487 491
487 492
487 493
487 494
487 495
487 499
487 500
487 503
487 743
487 755
487 756
487 759
487 871
487 935
487 967
487 971
487 973
487 974
487 975
487 983
487 999
488 492
488 494
488 495
488 496
488 500
488 504
488 744
488 756
488 760
488 872
488 936
488 968
488 972
488 974
488 975
488 976
488 984
488 1000
489 490
489 491
489 493
489 497
489 498
489 499
489 501
489 505
489 745
489 753
489 757
489 761
489 873
489 937
489 969
489 977
489 978
489 979
489 981
489 985
489 1001
490 491
490 492
490 493
490 494
490 498
490 499
490 500
490 501
490 502
490 506
490 746
490 754
490 757
490 758
490 762
490 874
490 938
490 970
490 978
490 979
490 980
490 982
490 986
490 1002
491 492
491 493
491 494
491 495
491 499
491 501
491 502
491 503
491 507
491 747
491 755
491 757
491 758
491 759
491 763
491 875
491 939
491 971
491 979
491 981
491 982
491 983
491 987
491 1003
492 494
492 495
492 496
492 500
492 502
492 503
492 504
492 508
492 748
492 756
492 758
492 760
492 764
492 876
492 940
492 972
492 980
492 982
492 983
492 984
492 988
492 1004
493 494
493 495
493 501
493 503
493 505
493 506
493 507
493 509
493 749
493 757
493 759
493 765
493 877
493 941
493 973
493 981
493 985
493 986
493 987
493 989
493 1005
494 495
494 496
494 502
494 503
494 504
494 506
494 507
494 508
494 510
494 750
494 758
494 759
494 760
494 766
494 878
494 942
494 974
494 982
494 986
494 987
494 988
494 990
494 1006
495 496
495 503
495 504
495 507
495 509
495 510
495 511
495 751
495 759
495 760
495 767
495 879
495 943
495 975
495 983
495 987
495 989
495 990
495 991
495 1007
496 504
496 508
496 510
496 511
496 512
496 752
496 760
496 768
496 880
496 944
496 976
496 984
496 988
496 990
496 991
496 992
496 1008
497 498
497 499
497 501
497 505
497 753
497 761
497 881
497 945
497 977
497 993
497 994
497 995
497 997
497 1001
497 1009
498 499
498 500
498 501
498 502
498 505
498 506
498 754
498 761
498 762
498 882
498 946
498 978
498 994
498 995
498 996
498 998
498 1002
498 1010
499 500
499 501
499 502
499 503
499 505
499 506
499 507
499 755
499 761
499 762
499 763
499 883
499 947
499 979
499 995
499 997
499 998
499 999
499 1003
499 1011
500 502
500 503
500 504
500 506
500 508
500 756
500 762
500 764
500 884
500 948
500 980
500 996
500 998
500 999
500 1000
500 1004
500 1012
501 502
501 503
501 505
501 506
501 507
501 509
501 757
501 761
501 763
501 765
501 885
501 949
501 981
501 997
501 1001
501 1002
501 1003
501 1005
501 1013
502 503
502 504
502 506
502 507
502 508
502 510
502 758
502 762
502 763
502 764
502 766
502 886
502 950
502 982
502 998
502 1002
502 1003
502 1004
502 1006
502 1014
503 504
503 507
503 508
503 509
503 510
503 511
503 759
503 763
503 764
503 767
503 887
503 951
503 983
503 999
503 1003
503 1005
503 1006
503 1007
503 1015
504 508
504 510
504 511
504 512
504 760
504 764
504 768
504 888
504 952
504 984
504 1000
504 1004
504 1006
504 1007
504 1008
504 1016
505 506
505 507
505 509
505 761
505 765
505 889
505 953
505 985
505 1001
505 1009
505 1010
505 1011
505 1013
505 1017
506 507
506 508
506 509
506 510
506 762
506 765
506 766
506 890
506 954
506 986
506 1002
506 1010
506 1011
506 1012
506 1014
506 1018
507 508
507 509
507 510
507 511
507 763
507 765
507 766
507 767
507 891
507 955
507 987
507 1003
507 1011
507 1013
507 1014
507 1015
507 1019
508 510
508 511
508 512
508 764
508 766
508 768
508 892
508 956
508 988
508 1004
508 1012
508 1014
508 1015
508 1016
508 1020
509 510
509 511
509 765
509 767
509 893
509 957
509 989
509 1005
509 1013
509 1017
509 1018
509 1019
509 1021
510 511
510 512
510 766
510 767
510 768
510 894
510 958
510 990
510 1006
510 1014
510 1018
510 1019
510 1020
510 1022
511 512
511 767
511 768
511 895
511 959
511 991
511 1007
511 1015
511 1019
511 1021
511 1022
511 1023
512 768
512 896
512 960
512 992
512 1008
512 1016
512 1020
512 1022
512 1023
512 1024
513 514
513 515
513 517
513 521
513 529
513 545
513 577
513 641
513 769
514 515
514 516
514 517
514 518
514 521
514 522
514 529
514 530
514 545
514 546
514 577
514 578
514 641
514 642
514 769
514 770
515 516
515 517
515 518
515 519
515 521
515 522
515 523
515 529
515 530
515 531
515 545
515 546
515 547
515 577
515 578
515 579
515 641
515 642
515 643
515 769
515 770
515 771
516 518
516 519
516 520
516 522
516 524
516 530
516 532
516 546
516 548
516 578
516 580
516 642
516 644
516 770
516 772
517 518
517 519
517 521
517 522
517 523
517 525
517 529
517 531
517 533
517 545
517 547
517 549
517 577
517 579
517 581
517 641
517 643
517 645
517 769
517 771
517 773
518 519
518 520
518 522
518 523
518 524
518 526
518 530
518 531
518 532
518 534
518 546
518 547
518 548
518 550
518 578
518 579
518 580
518 582
518 642
518 643
518 644
518 646
518 770
518 771
518 772
518 774
519 520
519 523
519 524
519 525
519 526
519 527
519 531
519 532
519 535
519 547
519 548
519 551
519 579
519 580
519 583
519 643
519 644
519 647
519 771
519 772
519 775
520 524
520 526
520 527
520 528
520 532
520 536
520 548
520 552
520 580
520 584
520 644
520 648
520 772
520 776
521 522
521 523
521 525
521 529
521 530
521 531
521 533
521 537
521 545
521 549
521 553
521 577
521 581
521 585
521 641
521 645
521 649
521 769
521 773
521 777
522 523
522 524
522 525
522 526
522 530
522 531
522 532
522 533
522 534
522 538
522 546
522 549
522 550
522 554
522 578
522 581
522 582
522 586
522 642
522 645
522 646
522 650
522 770
522 773
522 774
522 778
523 524
523 525
523 526
523 527
523 531
523 533
523 534
523 535
523 539
523 547
523 549
523 550
523 551
523 555
523 579
523 581
523 582
523 583
523 587
523 643
523 645
523 646
523 647
523 651
523 771
523 773
523 774
523 775
523 779
524 526
524 527
524 528
524 532
524 534
524 535
524 536
524 540
524 548
524 550
524 552
524 556
524 580
524 582
524 584
524 588
524 644
524 646
524 648
524 652
524 772
524 774
524 776
524 780
525 526
525 527
525 533
525 535
525 537
525 538
525 539
525 541
525 549
525 551
525 557
525 581
525 583
525 589
525 645
525 647
525 653
525 773
525 775
525 781
526 527
526 528
526 534
526 535
526 536
526 538
526 539
526 540
526 542
526 550
526 551
526 552
526 558
526 582
526 583
526 584
526 590
526 646
526 647
526 648
526 654
526 774
526 775
526 776
526 782
527 528
527 535
527 536
527 539
527 541
527 542
527 543
527 551
527 552
527 559
527 583
527 584
527 591
527 647
527 648
527 655
527 775
527 776
527 783
528 536
528 540
528 542
528 543
528 544
528 552
528 560
528 584
528 592
528 648
528 656
528 776
528 784
529 530
529 531
529 533
529 537
529 545
529 546
529 547
529 549
529 553
529 561
529 577
529 585
529 593
529 641
529 649
529 657
529 769
529 777
529 785
530 531
530 532
530 533
530 534
530 537
530 538
530 546
530 547
530 548
530 550
530 553
530 554
530 562
530 578
530 585
530 586
530 594
530 642
530 649
530 650
530 658
530 770
530 777
530 778
530 786
531 532
531 533
531 534
531 535
531 537
531 538
531 539
531 547
531 549
531 550
531 551
531 553
531 554
531 555
531 563
531 579
531 585
531 586
531 587
531 595
531 643
531 649
531 650
531 651
531 659
531 771
531 777
531 778
531 779
531 787
532 534
532 535
532 536
532 538
532 540
532 548
532 550
532 551
532 552
532 554
532 556
532 564
532 580
532 586
532 588
532 596
532 644
532 650
532 652
532 660
532 772
532 778
532 780
532 788
533 534
533 535
533 537
533 538
533 539
533 541
533 549
533 553
533 554
533 555
533 557
533 565
533 581
533 585
533 587
533 589
533 597
533 645
533 649
533 651
533 653
533 661
533 773
533 777
533 779
533 781
533 789
534 535
534 536
534 538
534 539
534 540
534 542
534 550
534 554
534 555
534 556
534 558
534 566
534 582
534 586
534 587
534 588
534 590
534 598
534 646
534 650
534 651
534 652
534 654
534 662
534 774
534 778
534 779
534 780
534 782
534 790
535 536
535 539
535 540
535 541
535 542
535 543
535 551
535 555
535 556
535 557
535 558
535 559
535 567
535 583
535 587
535 588
535 591
535 599
535 647
535 651
535 652
535 655
535 663
535 775
535 779
535 780
535 783
535 791
536 540
536 542
536 543
536 544
536 552
536 556
536 558
536 559
536 560
536 568
536 584
536 588
536 592
536 600
536 648
536 652
536 656
536 664
536 776
536 780
536 784
536 792
537 538
537 539
537 541
537 553
537 557
537 561
537 562
537 563
537 565
537 569
537 585
537 589
537 601
537 649
537 653
537 665
537 777
537 781
537 793
538 539
538 540
538 541
538 542
538 554
538 557
538 558
538 562
538 563
538 564
538 566
538 570
538 586
538 589
538 590
538 602
538 650
538 653
538 654
538 666
538 778
538 781
538 782
538 794
539 540
539 541
539 542
539 543
539 555
539 557
539 558
539 559
539 563
539 565
539 566
539 567
539 571
539 587
539 589
539 590
539 591
539 603
539 651
539 653
539 654
539 655
539 667
539 779
539 781
539 782
539 783
539 795
540 542
540 543
540 544
540 556
540 558
540 560
540 564
540 566
540 567
540 568
540 572
540 588
540 590
540 592
540 604
540 652
540 654
540 656
540 668
540 780
540 782
540 784
540 796
541 542
541 543
541 557
541 559
541 565
541 569
541 570
541 571
541 573
541 589
541 591
541 605
541 653
541 655
541 669
541 781
541 783
541 797
542 543
542 544
542 558
542 559
542 560
542 566
542 570
542 571
542 572
542 574
542 590
542 591
542 592
542 606
542 654
542 655
542 656
542 670
542 782
542 783
542 784
542 798
543 544
543 559
543 560
543 567
543 571
543 573
543 574
543 575
543 591
543 592
543 607
543 655
543 656
543 671
543 783
543 784
543 799
544 560
544 568
544 572
544 574
544 575
544 576
544 592
544 608
544 656
544 672
544 784
544 800
545 546
545 547
545 549
545 553
545 561
545 577
545 578
545 579
545 581
545 585
545 593
545 609
545 641
545 657
545 673
545 769
545 785
545 801
546 547
546 548
546 549
546 550
546 553
546 554
546 561
546 562
546 578
546 579
546 580
546 582
546 586
546 593
546 594
546 610
546 642
546 657
546 658
546 674
546 770
546 785
546 786
546 802
547 548
547 549
547 550
547 551
547 553
547 554
547 555
547 561
547 562
547 563
547 579
547 581
547 582
547 583
547 587
547 593
547 594
547 595
547 611
547 643
547 657
547 658
547 659
547 675
547 771
547 785
547 786
547 787
547 803
548 550
548 551
548 552
548 554
548 556
548 562
548 564
548 580
548 582
548 583
548 584
548 588
548 594
548 596
548 612
548 644
548 658
548 660
548 676
548 772
548 786
548 788
548 804
549 550
549 551
549 553
549 554
549 555
549 557
549 561
549 563
549 565
549 581
549 585
549 586
549 587
549 589
549 593
549 595
549 597
549 613
549 645
549 657
549 659
549 661
549 677
549 773
549 785
549 787
549 789
549 805
550 551
550 552
550 554
550 555
550 556
550 558
550 562
550 563
550 564
550 566
550 582
550 586
550 587
550 588
550 590
550 594
550 595
550 596
550 598
550 614
550 646
550 658
550 659
550 660
550 662
550 678
550 774
550 786
550 787
550 788
550 790
550 806
551 552
551 555
551 556
551 557
551 558
551 559
551 563
551 564
551 567
551 583
551 587
551 589
551 590
551 591
551 595
551 596
551 599
551 615
551 647
551 659
551 660
551 663
551 679
551 775
551 787
551 788
551 791
551 807
552 556
552 558
552 559
552 560
552 564
552 568
552 584
552 588
552 590
552 591
552 592
552 596
552 600
552 616
552 648
552 660
552 664
552 680
552 776
552 788
552 792
552 808
553 554
553 555
553 557
553 561
553 562
553 563
553 565
553 569
553 585
553 593
553 594
553 595
553 597
553 601
553 617
553 649
553 657
553 661
553 665
553 681
553 777
553 785
553 789
553 793
553 809
554 555
554 556
554 557
554 558
554 562
554 563
554 564
554 565
554 566
554 570
554 586
554 594
554 595
554 596
554 597
554 598
554 602
554 618
554 650
554 658
554 661
554 662
554 666
554 682
554 778
554 786
554 789
554 790
554 794
554 810
555 556
555 557
555 558
555 559
555 563
555 565
555 566
555 567
555 571
555 587
555 595
555 597
555 598
555 599
555 603
555 619
555 651
555 659
555 661
555 662
555 663
555 667
555 683
555 779
555 787
555 789
555 790
555 791
555 795
555 811
556 558
556 559
556 560
556 564
556 566
556 567
556 568
556 572
556 588
556 596
556 598
556 599
556 600
556 604
556 620
556 652
556 660
556 662
556 664
556 668
556 684
556 780
556 788
556 790
556 792
556 796
556 812
557 558
557 559
557 565
557 567
557 569
557 570
557 571
557 573
557 589
557 597
557 599
557 601
557 602
557 603
557 605
557 621
557 653
557 661
557 663
557 669
557 685
557 781
557 789
557 791
557 797
557 813
558 559
558 560
558 566
558 567
558 568
558 570
558 571
558 572
558 574
558 590
558 598
558 599
558 600
558 602
558 603
558 604
558 606
558 622
558 654
558 662
558 663
558 664
558 670
558 686
558 782
558 790
558 791
558 792
558 798
558 814
559 560
559 567
559 568
559 571
559 573
559 574
559 575
559 591
559 599
559 600
559 603
559 605
559 606
559 607
559 623
559 655
559 663
559 664
559 671
559 687
559 783
559 791
559 792
559 799
559 815
560 568
560 572
560 574
560 575
560 576
560 592
560 600
560 604
560 606
560 607
560 608
560 624
560 656
560 664
560 672
560 688
560 784
560 792
560 800
560 816
561 562
561 563
561 565
561 569
561 593
561 601
561 609
561 610
561 611
561 613
561 617
561 625
561 657
561 665
561 689
561 785
561 793
561 817
562 563
562 564
562 565
562 566
562 569
562 570
562 594
562 601
562 602
562 610
562 611
562 612
562 614
562 618
562 626
562 658
562 665
562 666
562 690
562 786
562 793
562 794
562 818
563 564
563 565
563 566
563 567
563 569
563 570
563 571
563 595
563 601
563 602
563 603
563 611
563 613
563 614
563 615
563 619
563 627
563 659
563 665
563 666
563 667
563 691
563 787
563 793
563 794
563 795
563 819
564 566
564 567
564 568
564 570
564 572
564 596
564 602
564 604
564 612
564 614
564 615
564 616
564 620
564 628
564 660
564 666
564 668
564 692
564 788
564 794
564 796
564 820
565 566
565 567
565 569
565 570
565 571
565 573
565 597
565 601
565 603
565 605
565 613
565 617
565 618
565 619
565 621
565 629
565 661
565 665
565 667
565 669
565 693
565 789
565 793
565 795
565 797
565 821
566 567
566 568
566 570
566 571
566 572
566 574
566 598
566 602
566 603
566 604
566 606
566 614
566 618
566 619
566 620
566 622
566 630
566 662
566 666
566 667
566 668
566 670
566 694
566 790
566 794
566 795
566 796
566 798
566 822
567 568
567 571
567 572
567 573
567 574
567 575
567 599
567 603
567 604
567 607
567 615
567 619
567 621
567 622
567 623
567 631
567 663
567 667
567 668
567 671
567 695
567 791
567 795
567 796
567 799
567 823
568 572
568 574
568 575
568 576
568 600
568 604
568 608
568 616
568 620
568 622
568 623
568 624
568 632
568 664
568 668
568 672
568 696
568 792
568 796
568 800
568 824
569 570
569 571
569 573
569 601
569 605
569 617
569 625
569 626
569 627
569 629
569 633
569 665
569 669
569 697
569 793
569 797
569 825
570 571
570 572
570 573
570 574
570 602
570 605
570 606
570 618
570 626
570 627
570 628
570 630
570 634
570 666
570 669
570 670
570 698
570 794
570 797
570 798
570 826
571 572
571 573
571 574
571 575
571 603
571 605
571 606
571 607
571 619
571 627
571 629
571 630
571 631
571 635
571 667
571 669
571 670
571 671
571 699
571 795
571 797
571 798
571 799
571 827
572 574
572 575
572 576
572 604
572 606
572 608
572 620
572 628
572 630
572 631
572 632
572 636
572 668
572 670
572 672
572 700
572 796
572 798
572 800
572 828
573 574
573 575
573 605
573 607
573 621
573 629
573 633
573 634
573 635
573 637
573 669
573 671
573 701
573 797
573 799
573 829
574 575
574 576
574 606
574 607
574 608
574 622
574 630
574 634
574 635
574 636
574 638
574 670
574 671
574 672
574 702
574 798
574 799
574 800
574 830
575 576
575 607
575 608
575 623
575 631
575 635
575 637
575 638
575 639
575 671
575 672
575 703
575 799
575 800
575 831
576 608
576 624
576 632
576 636
576 638
576 639
576 640
576 672
576 704
576 800
576 832
577 578
577 579
577 581
577 585
577 593
577 609
577 641
577 642
577 643
577 645
577 649
577 657
577 673
577 705
577 769
577 801
577 833
578 579
578 580
578 581
578 582
578 585
578 586
578 593
578 594
578 609
578 610
578 642
578 643
578 644
578 646
578 650
578 658
578 673
578 674
578 706
578 770
578 801
578 802
578 834
579 580
579 581
579 582
579 583
579 585
579 586
579 587
579 593
579 594
579 595
579 609
579 610
579 611
579 643
579 645
579 646
579 647
579 651
579 659
579 673
579 674
579 675
579 707
579 771
579 801
579 802
579 803
579 835
580 582
580 583
580 584
580 586
580 588
580 594
580 596
580 610
580 612
580 644
580 646
580 647
580 648
580 652
580 660
580 674
580 676
580 708
580 772
580 802
580 804
580 836
581 582
581 583
581 585
581 586
581 587
581 589
581 593
581 595
581 597
581 609
581 611
581 613
581 645
581 649
581 650
581 651
581 653
581 661
581 673
581 675
581 677
581 709
581 773
581 801
581 803
581 805
581 837
582 583
582 584
582 586
582 587
582 588
582 590
582 594
582 595
582 596
582 598
582 610
582 611
582 612
582 614
582 646
582 650
582 651
582 652
582 654
582 662
582 674
582 675
582 676
582 678
582 710
582 774
582 802
582 803
582 804
582 806
582 838
583 584
583 587
583 588
583 589
583 590
583 591
583 595
583 596
583 599
583 611
583 612
583 615
583 647
583 651
583 653
583 654
583 655
583 663
583 675
583 676
583 679
583 711
583 775
583 803
583 804
583 807
583 839
584 588
584 590
584 591
584 592
584 596
584 600
584 612
584 616
584 648
584 652
584 654
584 655
584 656
584 664
584 676
584 680
584 712
584 776
584 804
584 808
584 840
585 586
585 587
585 589
585 593
585 594
585 595
585 597
585 601
585 609
585 613
585 617
585 649
585 657
585 658
585 659
585 661
585 665
585 673
585 677
585 681
585 713
585 777
585 801
585 805
585 809
585 841
586 587
586 588
586 589
586 590
586 594
586 595
586 596
586 597
586 598
586 602
586 610
586 613
586 614
586 618
586 650
586 658
586 659
586 660
586 662
586 666
586 674
586 677
586 678
586 682
586 714
586 778
586 802
586 805
586 806
586 810
586 842
587 588
587 589
587 590
587 591
587 595
587 597
587 598
587 599
587 603
587 611
587 613
587 614
587 615
587 619
587 651
587 659
587 661
587 662
587 663
587 667
587 675
587 677
587 678
587 679
587 683
587 715
587 779
587 803
587 805
587 806
587 807
587 811
587 843
588 590
588 591
588 592
588 596
588 598
588 599
588 600
588 604
588 612
588 614
588 616
588 620
588 652
588 660
588 662
588 663
588 664
588 668
588 676
588 678
588 680
588 684
588 716
588 780
588 804
588 806
588 808
588 812
588 844
589 590
589 591
589 597
589 599
589 601
589 602
589 603
589 605
589 613
589 615
589 621
589 653
589 661
589 665
589 666
589 667
589 669
589 677
589 679
589 685
589 717
589 781
589 805
589 807
589 813
589 845
590 591
590 592
590 598
590 599
590 600
590 602
590 603
590 604
590 606
590 614
590 615
590 616
590 622
590 654
590 662
590 666
590 667
590 668
590 670
590 678
590 679
590 680
590 686
590 718
590 782
590 806
590 807
590 808
590 814
590 846
591 592
591 599
591 600
591 603
591 605
591 606
591 607
591 615
591 616
591 623
591 655
591 663
591 667
591 669
591 670
591 671
591 679
591 680
591 687
591 719
591 783
591 807
591 808
591 815
591 847
592 600
592 604
592 606
592 607
592 608
592 616
592 624
592 656
592 664
592 668
592 670
592 671
592 672
592 680
592 688
592 720
592 784
592 808
592 816
592 848
593 594
593 595
593 597
593 601
593 609
593 610
593 611
593 613
593 617
593 625
593 657
593 673
593 674
593 675
593 677
593 681
593 689
593 721
593 785
593 801
593 809
593 817
593 849
594 595
594 596
594 597
594 598
594 601
594 602
594 610
594 611
594 612
594 614
594 617
594 618
594 626
594 658
594 674
594 675
594 676
594 678
594 681
594 682
594 690
594 722
594 786
594 802
594 809
594 810
594 818
594 850
595 596
595 597
595 598
595 599
595 601
595 602
595 603
595 611
595 613
595 614
595 615
595 617
595 618
595 619
595 627
595 659
595 675
595 677
595 678
595 679
595 681
595 682
595 683
595 691
595 723
595 787
595 803
595 809
595 810
595 811
595 819
595 851
596 598
596 599
596 600
596 602
596 604
596 612
596 614
596 615
596 616
596 618
596 620
596 628
596 660
596 676
596 678
596 679
596 680
596 682
596 684
596 692
596 724
596 788
596 804
596 810
596 812
596 820
596 852
597 598
597 599
597 601
597 602
597 603
597 605
597 613
597 617
597 618
597 619
597 621
597 629
597 661
597 677
597 681
597 682
597 683
597 685
597 693
597 725
597 789
597 805
597 809
597 811
597 813
597 821
597 853
598 599
598 600
598 602
598 603
598 604
598 606
598 614
598 618
598 619
598 620
598 622
598 630
598 662
598 678
598 682
598 683
598 684
598 686
598 694
598 726
598 790
598 806
598 810
598 811
598 812
598 814
598 822
598 854
599 600
599 603
599 604
599 605
599 606
599 607
599 615
599 619
599 620
599 621
599 622
599 623
599 631
599 663
599 679
599 683
599 684
599 685
599 686
599 687
599 695
599 727
599 791
599 807
599 811
599 812
599 815
599 823
599 855
600 604
600 606
600 607
600 608
600 616
600 620
600 622
600 623
600 624
600 632
600 664
600 680
600 684
600 686
600 687
600 688
600 696
600 728
600 792
600 808
600 812
600 816
600 824
600 856
601 602
601 603
601 605
601 617
601 621
601 625
601 626
601 627
601 629
601 633
601 665
601 681
601 685
601 689
601 690
601 691
601 693
601 697
601 729
601 793
601 809
601 813
601 825
601 857
602 603
602 604
602 605
602 606
602 618
602 621
602 622
602 626
602 627
602 628
602 630
602 634
602 666
602 682
602 685
602 686
602 690
602 691
602 692
602 694
602 698
602 730
602 794
602 810
602 813
602 814
602 826
602 858
603 604
603 605
603 606
603 607
603 619
603 621
603 622
603 623
603 627
603 629
603 630
603 631
603 635
603 667
603 683
603 685
603 686
603 687
603 691
603 693
603 694
603 695
603 699
603 731
603 795
603 811
603 813
603 814
603 815
603 827
603 859
604 606
604 607
604 608
604 620
604 622
604 624
604 628
604 630
604 631
604 632
604 636
604 668
604 684
604 686
604 688
604 692
604 694
604 695
604 696
604 700
604 732
604 796
604 812
604 814
604 816
604 828
604 860
605 606
605 607
605 621
605 623
605 629
605 633
605 634
605 635
605 637
605 669
605 685
605 687
605 693
605 697
605 698
605 699
605 701
605 733
605 797
605 813
605 815
605 829
605 861
606 607
606 608
606 622
606 623
606 624
606 630
606 634
606 635
606 636
606 638
606 670
606 686
606 687
606 688
606 694
606 698
606 699
606 700
606 702
606 734
606 798
606 814
606 815
606 816
606 830
606 862
607 608
607 623
607 624
607 631
607 635
607 637
607 638
607 639
607 671
607 687
607 688
607 695
607 699
607 701
607 702
607 703
607 735
607 799
607 815
607 816
607 831
607 863
608 624
608 632
608 636
608 638
608 639
608 640
608 672
608 688
608 696
608 700
608 702
608 703
608 704
608 736
608 800
608 816
608 832
608 864
609 610
609 611
609 613
609 617
609 625
609 673
609 689
609 705
609 706
609 707
609 709
609 713
609 721
609 737
609 801
609 817
609 865
610 611
610 612
610 613
610 614
610 617
610 618
610 625
610 626
610 674
610 689
610 690
610 706
610 707
610 708
610 710
610 714
610 722
610 738
610 802
610 817
610 818
610 866
611 612
611 613
611 614
611 615
611 617
611 618
611 619
611 625
611 626
611 627
611 675
611 689
611 690
611 691
611 707
611 709
611 710
611 711
611 715
611 723
611 739
611 803
611 817
611 818
611 819
611 867
612 614
612 615
612 616
612 618
612 620
612 626
612 628
612 676
612 690
612 692
612 708
612 710
612 711
612 712
612 716
612 724
612 740
612 804
612 818
612 820
612 868
613 614
613 615
613 617
613 618
613 619
613 621
613 625
613 627
613 629
613 677
613 689
613 691
613 693
613 709
613 713
613 714
613 715
613 717
613 725
613 741
613 805
613 817
613 819
613 821
613 869
614 615
614 616
614 618
614 619
614 620
614 622
614 626
614 627
614 628
614 630
614 678
614 690
614 691
614 692
614 694
614 710
614 714
614 715
614 716
614 718
614 726
614 742
614 806
614 818
614 819
614 820
614 822
614 870
615 616
615 619
615 620
615 621
615 622
615 623
615 627
615 628
615 631
615 679
615 691
615 692
615 695
615 711
615 715
615 717
615 718
615 719
615 727
615 743
615 807
615 819
615 820
615 823
615 871
616 620
616 622
616 623
616 624
616 628
616 632
616 680
616 692
616 696
616 712
616 716
616 718
616 719
616 720
616 728
616 744
616 808
616 820
616 824
616 872
617 618
617 619
617 621
617 625
617 626
617 627
617 629
617 633
617 681
617 689
617 693
617 697
617 713
617 721
617 722
617 723
617 725
617 729
617 745
617 809
617 817
617 821
617 825
617 873
618 619
618 620
618 621
618 622
618 626
618 627
618 628
618 629
618 630
618 634
618 682
618 690
618 693
618 694
618 698
618 714
618 722
618 723
618 724
618 726
618 730
618 746
618 810
618 818
618 821
618 822
618 826
618 874
619 620
619 621
619 622
619 623
619 627
619 629
619 630
619 631
619 635
619 683
619 691
619 693
619 694
619 695
619 699
619 715
619 723
619 725
619 726
619 727
619 731
619 747
619 811
619 819
619 821
619 822
619 823
619 827
619 875
620 622
620 623
620 624
620 628
620 630
620 631
620 632
620 636
620 684
620 692
620 694
620 696
620 700
620 716
620 724
620 726
620 727
620 728
620 732
620 748
620 812
620 820
620 822
620 824
620 828
620 876
621 622
621 623
621 629
621 631
621 633
621 634
621 635
621 637
621 685
621 693
621 695
621 701
621 717
621 725
621 729
621 730
621 731
621 733
621 749
621 813
621 821
621 823
621 829
621 877
622 623
622 624
622 630
622 631
622 632
622 634
622 635
622 636
622 638
622 686
622 694
622 695
622 696
622 702
622 718
622 726
622 730
622 731
622 732
622 734
622 750
622 814
622 822
622 823
622 824
622 830
622 878
623 624
623 631
623 632
623 635
623 637
623 638
623 639
623 687
623 695
623 696
623 703
623 719
623 727
623 731
623 733
623 734
623 735
623 751
623 815
623 823
623 824
623 831
623 879
624 632
624 636
624 638
624 639
624 640
624 688
624 696
624 704
624 720
624 728
624 732
624 734
624 735
624 736
624 752
624 816
624 824
624 832
624 880
625 626
625 627
625 629
625 633
625 689
625 697
625 721
625 737
625 738
625 739
625 741
625 745
625 753
625 817
625 825
625 881
626 627
626 628
626 629
626 630
626 633
626 634
626 690
626 697
626 698
626 722
626 738
626 739
626 740
626 742
626 746
626 754
626 818
626 825
626 826
626 882
627 628
627 629
627 630
627 631
627 633
627 634
627 635
627 691
627 697
627 698
627 699
627 723
627 739
627 741
627 742
627 743
627 747
627 755
627 819
627 825
627 826
627 827
627 883
628 630
628 631
628 632
628 634
628 636
628 692
628 698
628 700
628 724
628 740
628 742
628 743
628 744
628 748
628 756
628 820
628 826
628 828
628 884
629 630
629 631
629 633
629 634
629 635
629 637
629 693
629 697
629 699
629 701
629 725
629 741
629 745
629 746
629 747
629 749
629 757
629 821
629 825
629 827
629 829
629 885
630 631
630 632
630 634
630 635
630 636
630 638
630 694
630 698
630 699
630 700
630 702
630 726
630 742
630 746
630 747
630 748
630 750
630 758
630 822
630 826
630 827
630 828
630 830
630 886
631 632
631 635
631 636
631 637
631 638
631 639
631 695
631 699
631 700
631 703
631 727
631 743
631 747
631 749
631 750
631 751
631 759
631 823
631 827
631 828
631 831
631 887
632 636
632 638
632 639
632 640
632 696
632 700
632 704
632 728
632 744
632 748
632 750
632 751
632 752
632 760
632 824
632 828
632 832
632 888
633 634
633 635
633 637
633 697
633 701
633 729
633 745
633 753
633 754
633 755
633 757
633 761
633 825
633 829
633 889
634 635
634 636
634 637
634 638
634 698
634 701
634 702
634 730
634 746
634 754
634 755
634 756
634 758
634 762
634 826
634 829
634 830
634 890
635 636
635 637
635 638
635 639
635 699
635 701
635 702
635 703
635 731
635 747
635 755
635 757
635 758
635 759
635 763
635 827
635 829
635 830
635 831
635 891
636 638
636 639
636 640
636 700
636 702
636 704
636 732
636 748
636 756
636 758
636 759
636 760
636 764
636 828
636 830
636 832
636 892
637 638
637 639
637 701
637 703
637 733
637 749
637 757
637 761
637 762
637 763
637 765
637 829
637 831
637 893
638 639
638 640
638 702
638 703
638 704
638 734
638 750
638 758
638 762
638 763
638 764
638 766
638 830
638 831
638 832
638 894
639 640
639 703
639 704
639 735
639 751
639 759
639 763
639 765
639 766
639 767
639 831
639 832
639 895
640 704
640 736
640 752
640 760
640 764
640 766
640 767
640 768
640 832
640 896
641 642
641 643
641 645
641 649
641 657
641 673
641 705
641 769
641 770
641 771
641 773
641 777
641 785
641 801
641 833
641 897
642 643
642 644
642 645
642 646
642 649
642 650
642 657
642 658
642 673
642 674
642 705
642 706
642 770
642 771
642 772
642 774
642 778
642 786
642 802
642 833
642 834
642 898
643 644
643 645
643 646
643 647
643 649
643 650
643 651
643 657
643 658
643 659
643 673
643 674
643 675
643 705
643 706
643 707
643 771
643 773
643 774
643 775
643 779
643 787
643 803
643 833
643 834
643 835
643 899
644 646
644 647
644 648
644 650
644 652
644 658
644 660
644 674
644 676
644 706
644 708
644 772
644 774
644 775
644 776
644 780
644 788
644 804
644 834
644 836
644 900
645 646
645 647
645 649
645 650
645 651
645 653
645 657
645 659
645 661
645 673
645 675
645 677
645 705
645 707
645 709
645 773
645 777
645 778
645 779
645 781
645 789
645 805
645 833
645 835
645 837
645 901
646 647
646 648
646 650
646 651
646 652
646 654
646 658
646 659
646 660
646 662
646 674
646 675
646 676
646 678
646 706
646 707
646 708
646 710
646 774
646 778
646 779
646 780
646 782
646 790
646 806
646 834
646 835
646 836
646 838
646 902
647 648
647 651
647 652
647 653
647 654
647 655
647 659
647 660
647 663
647 675
647 676
647 679
647 707
647 708
647 711
647 775
647 779
647 781
647 782
647 783
647 791
647 807
647 835
647 836
647 839
647 903
648 652
648 654
648 655
648 656
648 660
648 664
648 676
648 680
648 708
648 712
648 776
648 780
648 782
648 783
648 784
648 792
648 808
648 836
648 840
648 904
649 650
649 651
649 653
649 657
649 658
649 659
649 661
649 665
649 673
649 677
649 681
649 705
649 709
649 713
649 777
649 785
649 786
649 787
649 789
649 793
649 809
649 833
649 837
649 841
649 905
650 651
650 652
650 653
650 654
650 658
650 659
650 660
650 661
650 662
650 666
650 674
650 677
650 678
650 682
650 706
650 709
650 710
650 714
650 778
650 786
650 787
650 788
650 790
650 794
650 810
650 834
650 837
650 838
650 842
650 906
651 652
651 653
651 654
651 655
651 659
651 661
651 662
651 663
651 667
651 675
651 677
651 678
651 679
651 683
651 707
651 709
651 710
651 711
651 715
651 779
651 787
651 789
651 790
651 791
651 795
651 811
651 835
651 837
651 838
651 839
651 843
651 907
652 654
652 655
652 656
652 660
652 662
652 663
652 664
652 668
652 676
652 678
652 680
652 684
652 708
652 710
652 712
652 716
652 780
652 788
652 790
652 791
652 792
652 796
652 812
652 836
652 838
652 840
652 844
652 908
653 654
653 655
653 661
653 663
653 665
653 666
653 667
653 669
653 677
653 679
653 685
653 709
653 711
653 717
653 781
653 789
653 793
653 794
653 795
653 797
653 813
653 837
653 839
653 845
653 909
654 655
654 656
654 662
654 663
654 664
654 666
654 667
654 668
654 670
654 678
654 679
654 680
654 686
654 710
654 711
654 712
654 718
654 782
654 790
654 794
654 795
654 796
654 798
654 814
654 838
654 839
654 840
654 846
654 910
655 656
655 663
655 664
655 667
655 669
655 670
655 671
655 679
655 680
655 687
655 711
655 712
655 719
655 783
655 791
655 795
655 797
655 798
655 799
655 815
655 839
655 840
655 847
655 911
656 664
656 668
656 670
656 671
656 672
656 680
656 688
656 712
656 720
656 784
656 792
656 796
656 798
656 799
656 800
656 816
656 840
656 848
656 912
657 658
657 659
657 661
657 665
657 673
657 674
657 675
657 677
657 681
657 689
657 705
657 713
657 721
657 785
657 801
657 802
657 803
657 805
657 809
657 817
657 833
657 841
657 849
657 913
658 659
658 660
658 661
658 662
658 665
658 666
658 674
658 675
658 676
658 678
658 681
658 682
658 690
658 706
658 713
658 714
658 722
658 786
658 802
658 803
658 804
658 806
658 810
658 818
658 834
658 841
658 842
658 850
658 914
659 660
659 661
659 662
659 663
659 665
659 666
659 667
659 675
659 677
659 678
659 679
659 681
659 682
659 683
659 691
659 707
659 713
659 714
659 715
659 723
659 787
659 803
659 805
659 806
659 807
659 811
659 819
659 835
659 841
659 842
659 843
659 851
659 915
660 662
660 663
660 664
660 666
660 668
660 676
660 678
660 679
660 680
660 682
660 684
660 692
660 708
660 714
660 716
660 724
660 788
660 804
660 806
660 807
660 808
660 812
660 820
660 836
660 842
660 844
660 852
660 916
661 662
661 663
661 665
661 666
661 667
661 669
661 677
661 681
661 682
661 683
661 685
661 693
661 709
661 713
661 715
661 717
661 725
661 789
661 805
661 809
661 810
661 811
661 813
661 821
661 837
661 841
661 843
661 845
661 853
661 917
662 663
662 664
662 666
662 667
662 668
662 670
662 678
662 682
662 683
662 684
662 686
662 694
662 710
662 714
662 715
662 716
662 718
662 726
662 790
662 806
662 810
662 811
662 812
662 814
662 822
662 838
662 842
662 843
662 844
662 846
662 854
662 918
663 664
663 667
663 668
663 669
663 670
663 671
663 679
663 683
663 684
663 685
663 686
663 687
663 695
663 711
663 715
663 716
663 719
663 727
663 791
663 807
663 811
663 813
663 814
663 815
663 823
663 839
663 843
663 844
663 847
663 855
663 919
664 668
664 670
664 671
664 672
664 680
664 684
664 686
664 687
664 688
664 696
664 712
664 716
664 720
664 728
664 792
664 808
664 812
664 814
664 815
664 816
664 824
664 840
664 844
664 848
664 856
664 920
665 666
665 667
665 669
665 681
665 685
665 689
665 690
665 691
665 693
665 697
665 713
665 717
665 729
665 793
665 809
665 817
665 818
665 819
665 821
665 825
665 841
665 845
665 857
665 921
666 667
666 668
666 669
666 670
666 682
666 685
666 686
666 690
666 691
666 692
666 694
666 698
666 714
666 717
666 718
666 730
666 794
666 810
666 818
666 819
666 820
666 822
666 826
666 842
666 845
666 846
666 858
666 922
667 668
667 669
667 670
667 671
667 683
667 685
667 686
667 687
667 691
667 693
667 694
667 695
667 699
667 715
667 717
667 718
667 719
667 731
667 795
667 811
667 819
667 821
667 822
667 823
667 827
667 843
667 845
667 846
667 847
667 859
667 923
668 670
668 671
668 672
668 684
668 686
668 688
668 692
668 694
668 695
668 696
668 700
668 716
668 718
668 720
668 732
668 796
668 812
668 820
668 822
668 823
668 824
668 828
668 844
668 846
668 848
668 860
668 924
669 670
669 671
669 685
669 687
669 693
669 697
669 698
669 699
669 701
669 717
669 719
669 733
669 797
669 813
669 821
669 825
669 826
669 827
669 829
669 845
669 847
669 861
669 925
670 671
670 672
670 686
670 687
670 688
670 694
670 698
670 699
670 700
670 702
670 718
670 719
670 720
670 734
670 798
670 814
670 822
670 826
670 827
670 828
670 830
670 846
670 847
670 848
670 862
670 926
671 672
671 687
671 688
671 695
671 699
671 701
671 702
671 703
671 719
671 720
671 735
671 799
671 815
671 823
671 827
671 829
671 830
671 831
671 847
671 848
671 863
671 927
672 688
672 696
672 700
672 702
672 703
672 704
672 720
672 736
672 800
672 816
672 824
672 828
672 830
672 831
672 832
672 848
672 864
672 928
673 674
673 675
673 677
673 681
673 689
673 705
673 706
673 707
673 709
673 713
673 721
673 737
673 801
673 833
673 834
673 835
673 837
673 841
673 849
673 865
673 929
674 675
674 676
674 677
674 678
674 681
674 682
674 689
674 690
674 706
674 707
674 708
674 710
674 714
674 721
674 722
674 738
674 802
674 834
674 835
674 836
674 838
674 842
674 849
674 850
674 866
674 930
675 676
675 677
675 678
675 679
675 681
675 682
675 683
675 689
675 690
675 691
675 707
675 709
675 710
675 711
675 715
675 721
675 722
675 723
675 739
675 803
675 835
675 837
675 838
675 839
675 843
675 849
675 850
675 851
675 867
675 931
676 678
676 679
676 680
676 682
676 684
676 690
676 692
676 708
676 710
676 711
676 712
676 716
676 722
676 724
676 740
676 804
676 836
676 838
676 839
676 840
676 844
676 850
676 852
676 868
676 932
677 678
677 679
677 681
677 682
677 683
677 685
677 689
677 691
677 693
677 709
677 713
677 714
677 715
677 717
677 721
677 723
677 725
677 741
677 805
677 837
677 841
677 842
677 843
677 845
677 849
677 851
677 853
677 869
677 933
678 679
678 680
678 682
678 683
678 684
678 686
678 690
678 691
678 692
678 694
678 710
678 714
678 715
678 716
678 718
678 722
678 723
678 724
678 726
678 742
678 806
678 838
678 842
678 843
678 844
678 846
678 850
678 851
678 852
678 854
678 870
678 934
679 680
679 683
679 684
679 685
679 686
679 687
679 691
679 692
679 695
679 711
679 715
679 717
679 718
679 719
679 723
679 724
679 727
679 743
679 807
679 839
679 843
679 845
679 846
679 847
679 851
679 852
679 855
679 871
679 935
680 684
680 686
680 687
680 688
680 692
680 696
680 712
680 716
680 718
680 719
680 720
680 724
680 728
680 744
680 808
680 840
680 844
680 846
680 847
680 848
680 852
680 856
680 872
680 936
681 682
681 683
681 685
681 689
681 690
681 691
681 693
681 697
681 713
681 721
681 722
681 723
681 725
681 729
681 745
681 809
681 841
681 849
681 850
681 851
681 853
681 857
681 873
681 937
682 683
682 684
682 685
682 686
682 690
682 691
682 692
682 693
682 694
682 698
682 714
682 722
682 723
682 724
682 725
682 726
682 730
682 746
682 810
682 842
682 850
682 851
682 852
682 853
682 854
682 858
682 874
682 938
683 684
683 685
683 686
683 687
683 691
683 693
683 694
683 695
683 699
683 715
683 723
683 725
683 726
683 727
683 731
683 747
683 811
683 843
683 851
683 853
683 854
683 855
683 859
683 875
683 939
684 686
684 687
684 688
684 692
684 694
684 695
684 696
684 700
684 716
684 724
684 726
684 727
684 728
684 732
684 748
684 812
684 844
684 852
684 854
684 855
684 856
684 860
684 876
684 940
685 686
685 687
685 693
685 695
685 697
685 698
685 699
685 701
685 717
685 725
685 727
685 729
685 730
685 731
685 733
685 749
685 813
685 845
685 853
685 855
685 857
685 858
685 859
685 861
685 877
685 941
686 687
686 688
686 694
686 695
686 696
686 698
686 699
686 700
686 702
686 718
686 726
686 727
686 728
686 730
686 731
686 732
686 734
686 750
686 814
686 846
686 854
686 855
686 856
686 858
686 859
686 860
686 862
686 878
686 942
687 688
687 695
687 696
687 699
687 701
687 702
687 703
687 719
687 727
687 728
687 731
687 733
687 734
687 735
687 751
687 815
687 847
687 855
687 856
687 859
687 861
687 862
687 863
687 879
687 943
688 696
688 700
688 702
688 703
688 704
688 720
688 728
688 732
688 734
688 735
688 736
688 752
688 816
688 848
688 856
688 860
688 862
688 863
688 864
688 880
688 944
689 690
689 691
689 693
689 697
689 721
689 729
689 737
689 738
689 739
689 741
689 745
689 753
689 817
689 849
689 857
689 865
689 866
689 867
689 869
689 873
689 881
689 945
690 691
690 692
690 693
690 694
690 697
690 698
690 722
690 729
690 730
690 738
690 739
690 740
690 742
690 746
690 754
690 818
690 850
690 857
690 858
690 866
690 867
690 868
690 870
690 874
690 882
690 946
691 692
691 693
691 694
691 695
691 697
691 698
691 699
691 723
691 729
691 730
691 731
691 739
691 741
691 742
691 743
691 747
691 755
691 819
691 851
691 857
691 858
691 859
691 867
691 869
691 870
691 871
691 875
691 883
691 947
692 694
692 695
692 696
692 698
692 700
692 724
692 730
692 732
692 740
692 742
692 743
692 744
692 748
692 756
692 820
692 852
692 858
692 860
692 868
692 870
692 871
692 872
692 876
692 884
692 948
693 694
693 695
693 697
693 698
693 699
693 701
693 725
693 729
693 731
693 733
693 741
693 745
693 746
693 747
693 749
693 757
693 821
693 853
693 857
693 859
693 861
693 869
693 873
693 874
693 875
693 877
693 885
693 949
694 695
694 696
694 698
694 699
694 700
694 702
694 726
694 730
694 731
694 732
694 734
694 742
694 746
694 747
694 748
694 750
694 758
694 822
694 854
694 858
694 859
694 860
694 862
694 870
694 874
694 875
694 876
694 878
694 886
694 950
695 696
695 699
695 700
695 701
695 702
695 703
695 727
695 731
695 732
695 735
695 743
695 747
695 749
695 750
695 751
695 759
695 823
695 855
695 859
695 860
695 863
695 871
695 875
695 877
695 878
695 879
695 887
695 951
696 700
696 702
696 703
696 704
696 728
696 732
696 736
696 744
696 748
696 750
696 751
696 752
696 760
696 824
696 856
696 860
696 864
696 872
696 876
696 878
696 879
696 880
696 888
696 952
697 698
697 699
697 701
697 729
697 733
697 745
697 753
697 754
697 755
697 757
697 761
697 825
697 857
697 861
697 873
697 881
697 882
697 883
697 885
697 889
697 953
698 699
698 700
698 701
698 702
698 730
698 733
698 734
698 746
698 754
698 755
698 756
698 758
698 762
698 826
698 858
698 861
698 862
698 874
698 882
698 883
698 884
698 886
698 890
698 954
699 700
699 701
699 702
699 703
699 731
699 733
699 734
699 735
699 747
699 755
699 757
699 758
699 759
699 763
699 827
699 859
699 861
699 862
699 863
699 875
699 883
699 885
699 886
699 887
699 891
699 955
700 702
700 703
700 704
700 732
700 734
700 736
700 748
700 756
700 758
700 759
700 760
700 764
700 828
700 860
700 862
700 864
700 876
700 884
700 886
700 887
700 888
700 892
700 956
701 702
701 703
701 733
701 735
701 749
701 757
701 761
701 762
701 763
701 765
701 829
701 861
701 863
701 877
701 885
701 889
701 890
701 891
701 893
701 957
702 703
702 704
702 734
702 735
702 736
702 750
702 758
702 762
702 763
702 764
702 766
702 830
702 862
702 863
702 864
702 878
702 886
702 890
702 891
702 892
702 894
702 958
703 704
703 735
703 736
703 751
703 759
703 763
703 765
703 766
703 767
703 831
703 863
703 864
703 879
703 887
703 891
703 893
703 894
703 895
703 959
704 736
704 752
704 760
704 764
704 766
704 767
704 768
704 832
704 864
704 880
704 888
704 892
704 894
704 895
704 896
704 960
705 706
705 707
705 709
705 713
705 721
705 737
705 833
705 865
705 897
705 898
705 899
705 901
705 905
705 913
705 929
705 961
706 707
706 708
706 709
706 710
706 713
706 714
706 721
706 722
706 737
706 738
706 834
706 865
706 866
706 898
706 899
706 900
706 902
706 906
706 914
706 930
706 962
707 708
707 709
707 710
707 711
707 713
707 714
707 715
707 721
707 722
707 723
707 737
707 738
707 739
707 835
707 865
707 866
707 867
707 899
707 901
707 902
707 903
707 907
707 915
707 931
707 963
708 710
708 711
708 712
708 714
708 716
708 722
708 724
708 738
708 740
708 836
708 866
708 868
708 900
708 902
708 903
708 904
708 908
708 916
708 932
708 964
709 710
709 711
709 713
709 714
709 715
709 717
709 721
709 723
709 725
709 737
709 739
709 741
709 837
709 865
709 867
709 869
709 901
709 905
709 906
709 907
709 909
709 917
709 933
709 965
710 711
710 712
710 714
710 715
710 716
710 718
710 722
710 723
710 724
710 726
710 738
710 739
710 740
710 742
710 838
710 866
710 867
710 868
710 870
710 902
710 906
710 907
710 908
710 910
710 918
710 934
710 966
711 712
711 715
711 716
711 717
711 718
711 719
711 723
711 724
711 727
711 739
711 740
711 743
711 839
711 867
711 868
711 871
711 903
711 907
711 909
711 910
711 911
711 919
711 935
711 967
712 716
712 718
712 719
712 720
712 724
712 728
712 740
712 744
712 840
712 868
712 872
712 904
712 908
712 910
712 911
712 912
712 920
712 936
712 968
713 714
713 715
713 717
713 721
713 722
713 723
713 725
713 729
713 737
713 741
713 745
713 841
713 865
713 869
713 873
713 905
713 913
713 914
713 915
713 917
713 921
713 937
713 969
714 715
714 716
714 717
714 718
714 722
714 723
714 724
714 725
714 726
714 730
714 738
714 741
714 742
714 746
714 842
714 866
714 869
714 870
714 874
714 906
714 914
714 915
714 916
714 918
714 922
714 938
714 970
715 716
715 717
715 718
715 719
715 723
715 725
715 726
715 727
715 731
715 739
715 741
715 742
715 743
715 747
715 843
715 867
715 869
715 870
715 871
715 875
715 907
715 915
715 917
715 918
715 919
715 923
715 939
715 971
716 718
716 719
716 720
716 724
716 726
716 727
716 728
716 732
716 740
716 742
716 744
716 748
716 844
716 868
716 870
716 872
716 876
716 908
716 916
716 918
716 919
716 920
716 924
716 940
716 972
717 718
717 719
717 725
717 727
717 729
717 730
717 731
717 733
717 741
717 743
717 749
717 845
717 869
717 871
717 877
717 909
717 917
717 921
717 922
717 923
717 925
717 941
717 973
718 719
718 720
718 726
718 727
718 728
718 730
718 731
718 732
718 734
718 742
718 743
718 744
718 750
718 846
718 870
718 871
718 872
718 878
718 910
718 918
718 922
718 923
718 924
718 926
718 942
718 974
719 720
719 727
719 728
719 731
719 733
719 734
719 735
719 743
719 744
719 751
719 847
719 871
719 872
719 879
719 911
719 919
719 923
719 925
719 926
719 927
719 943
719 975
720 728
720 732
720 734
720 735
720 736
720 744
720 752
720 848
720 872
720 880
720 912
720 920
720 924
720 926
720 927
720 928
720 944
720 976
721 722
721 723
721 725
721 729
721 737
721 738
721 739
721 741
721 745
721 753
721 849
721 865
721 873
721 881
721 913
721 929
721 930
721 931
721 933
721 937
721 945
721 977
722 723
722 724
722 725
722 726
722 729
722 730
722 738
722 739
722 740
722 742
722 745
722 746
722 754
722 850
722 866
722 873
722 874
722 882
722 914
722 930
722 931
722 932
722 934
722 938
722 946
722 978
723 724
723 725
723 726
723 727
723 729
723 730
723 731
723 739
723 741
723 742
723 743
723 745
723 746
723 747
723 755
723 851
723 867
723 873
723 874
723 875
723 883
723 915
723 931
723 933
723 934
723 935
723 939
723 947
723 979
724 726
724 727
724 728
724 730
724 732
724 740
724 742
724 743
724 744
724 746
724 748
724 756
724 852
724 868
724 874
724 876
724 884
724 916
724 932
724 934
724 935
724 936
724 940
724 948
724 980
725 726
725 727
725 729
725 730
725 731
725 733
725 741
725 745
725 746
725 747
725 749
725 757
725 853
725 869
725 873
725 875
725 877
725 885
725 917
725 933
725 937
725 938
725 939
725 941
725 949
725 981
726 727
726 728
726 730
726 731
726 732
726 734
726 742
726 746
726 747
726 748
726 750
726 758
726 854
726 870
726 874
726 875
726 876
726 878
726 886
726 918
726 934
726 938
726 939
726 940
726 942
726 950
726 982
727 728
727 731
727 732
727 733
727 734
727 735
727 743
727 747
727 748
727 749
727 750
727 751
727 759
727 855
727 871
727 875
727 876
727 879
727 887
727 919
727 935
727 939
727 941
727 942
727 943
727 951
727 983
728 732
728 734
728 735
728 736
728 744
728 748
728 750
728 751
728 752
728 760
728 856
728 872
728 876
728 880
728 888
728 920
728 936
728 940
728 942
728 943
728 944
728 952
728 984
729 730
729 731
729 733
729 745
729 749
729 753
729 754
729 755
729 757
729 761
729 857
729 873
729 877
729 889
729 921
729 937
729 945
729 946
729 947
729 949
729 953
729 985
730 731
730 732
730 733
730 734
730 746
730 749
730 750
730 754
730 755
730 756
730 758
730 762
730 858
730 874
730 877
730 878
730 890
730 922
730 938
730 946
730 947
730 948
730 950
730 954
730 986
731 732
731 733
731 734
731 735
731 747
731 749
731 750
731 751
731 755
731 757
731 758
731 759
731 763
731 859
731 875
731 877
731 878
731 879
731 891
731 923
731 939
731 947
731 949
731 950
731 951
731 955
731 987
732 734
732 735
732 736
732 748
732 750
732 752
732 756
732 758
732 759
732 760
732 764
732 860
732 876
732 878
732 880
732 892
732 924
732 940
732 948
732 950
732 951
732 952
732 956
732 988
733 734
733 735
733 749
733 751
733 757
733 761
733 762
733 763
733 765
733 861
733 877
733 879
733 893
733 925
733 941
733 949
733 953
733 954
733 955
733 957
733 989
734 735
734 736
734 750
734 751
734 752
734 758
734 762
734 763
734 764
734 766
734 862
734 878
734 879
734 880
734 894
734 926
734 942
734 950
734 954
734 955
734 956
734 958
734 990
735 736
735 751
735 752
735 759
735 763
735 765
735 766
735 767
735 863
735 879
735 880
735 895
735 927
735 943
735 951
735 955
735 957
735 958
735 959
735 991
736 752
736 760
736 764
736 766
736 767
736 768
736 864
736 880
736 896
736 928
736 944
736 952
736 956
736 958
736 959
736 960
736 992
737 738
737 739
737 741
737 745
737 753
737 865
737 881
737 929
737 961
737 962
737 963
737 965
737 969
737 977
737 993
738 739
738 740
738 741
738 742
738 745
738 746
738 753
738 754
738 866
738 881
738 882
738 930
738 962
738 963
738 964
738 966
738 970
738 978
738 994
739 740
739 741
739 742
739 743
739 745
739 746
739 747
739 753
739 754
739 755
739 867
739 881
739 882
739 883
739 931
739 963
739 965
739 966
739 967
739 971
739 979
739 995
740 742
740 743
740 744
740 746
740 748
740 754
740 756
740 868
740 882
740 884
740 932
740 964
740 966
740 967
740 968
740 972
740 980
740 996
741 742
741 743
741 745
741 746
741 747
741 749
741 753
741 755
741 757
741 869
741 881
741 883
741 885
741 933
741 965
741 969
741 970
741 971
741 973
741 981
741 997
742 743
742 744
742 746
742 747
742 748
742 750
742 754
742 755
742 756
742 758
742 870
742 882
742 883
742 884
742 886
742 934
742 966
742 970
742 971
742 972
742 974
742 982
742 998
743 744
743 747
743 748
743 749
743 750
743 751
743 755
743 756
743 759
743 871
743 883
743 884
743 887
743 935
743 967
743 971
743 973
743 974
743 975
743 983
743 999
744 748
744 750
744 751
744 752
744 756
744 760
744 872
744 884
744 888
744 936
744 968
744 972
744 974
744 975
744 976
744 984
744 1000
745 746
745 747
745 749
745 753
745 754
745 755
745 757
745 761
745 873
745 881
745 885
745 889
745 937
745 969
745 977
745 978
745 979
745 981
745 985
745 1001
746 747
746 748
746 749
746 750
746 754
746 755
746 756
746 757
746 758
746 762
746 874
746 882
746 885
746 886
746 890
746 938
746 970
746 978
746 979
746 980
746 982
746 986
746 1002
747 748
747 749
747 750
747 751
747 755
747 757
747 758
747 759
747 763
747 875
747 883
747 885
747 886
747 887
747 891
747 939
747 971
747 979
747 981
747 982
747 983
747 987
747 1003
748 750
748 751
748 752
748 756
748 758
748 759
748 760
748 764
748 876
748 884
748 886
748 888
748 892
748 940
748 972
748 980
748 982
748 983
748 984
748 988
748 1004
749 750
749 751
749 757
749 759
749 761
749 762
749 763
749 765
749 877
749 885
749 887
749 893
749 941
749 973
749 981
749 985
749 986
749 987
749 989
749 1005
750 751
750 752
750 758
750 759
750 760
750 762
750 763
750 764
750 766
750 878
750 886
750 887
750 888
750 894
750 942
750 974
750 982
750 986
750 987
750 988
750 990
750 1006
751 752
751 759
751 760
751 763
751 765
751 766
751 767
751 879
751 887
751 888
751 895
751 943
751 975
751 983
751 987
751 989
751 990
751 991
751 1007
752 760
752 764
752 766
752 767
752 768
752 880
752 888
752 896
752 944
752 976
752 984
752 988
752 990
752 991
752 992
752 1008
753 754
753 755
753 757
753 761
753 881
753 889
753 945
753 977
753 993
753 994
753 995
753 997
753 1001
753 1009
754 755
754 756
754 757
754 758
754 761
754 762
754 882
754 889
754 890
754 946
754 978
754 994
754 995
754 996
754 998
754 1002
754 1010
755 756
755 757
755 758
755 759
755 761
755 762
755 763
755 883
755 889
755 890
755 891
755 947
755 979
755 995
755 997
755 998
755 999
755 1003
755 1011
756 758
756 759
756 760
756 762
756 764
756 884
756 890
756 892
756 948
756 980
756 996
756 998
756 999
756 1000
756 1004
756 1012
757 758
757 759
757 761
757 762
757 763
757 765
757 885
757 889
757 891
757 893
757 949
757 981
757 997
757 1001
757 1002
757 1003
757 1005
757 1013
758 759
758 760
758 762
758 763
758 764
758 766
758 886
758 890
758 891
758 892
758 894
758 950
758 982
758 998
758 1002
758 1003
758 1004
758 1006
758 1014
759 760
759 763
759 764
759 765
759 766
759 767
759 887
759 891
759 892
759 895
759 951
759 983
759 999
759 1003
759 1005
759 1006
759 1007
759 1015
760 764
760 766
760 767
760 768
760 888
760 892
760 896
760 952
760 984
760 1000
760 1004
760 1006
760 1007
760 1008
760 1016
761 762
761 763
761 765
761 889
761 893
761 953
761 985
761 1001
761 1009
761 1010
761 1011
761 1013
761 1017
762 763
762 764
762 765
762 766
762 890
762 893
762 894
762 954
762 986
762 1002
762 1010
762 1011
762 1012
762 1014
762 1018
763 764
763 765
763 766
763 767
763 891
763 893
763 894
763 895
763 955
763 987
763 1003
763 1011
763 1013
763 1014
763 1015
763 1019
764 766
764 767
764 768
764 892
764 894
764 896
764 956
764 988
764 1004
764 1012
764 1014
764 1015
764 1016
764 1020
765 766
765 767
765 893
765 895
765 957
765 989
765 1005
765 1013
765 1017
765 1018
765 1019
765 1021
766 767
766 768
766 894
766 895
766 896
766 958
766 990
766 1006
766 1014
766 1018
766 1019
766 1020
766 1022
767 768
767 895
767 896
767 959
767 991
767 1007
767 1015
767 1019
767 1021
767 1022
767 1023
768 896
768 960
768 992
768 1008
768 1016
768 1020
768 1022
768 1023
768 1024
769 770
769 771
769 773
769 777
769 785
769 801
769 833
769 897
770 771
770 772
770 773
770 774
770 777
770 778
770 785
770 786
770 801
770 802
770 833
770 834
770 897
770 898
771 772
771 773
771 774
771 775
771 777
771 778
771 779
771 785
771 786
771 787
771 801
771 802
771 803
771 833
771 834
771 835
771 897
771 898
771 899
772 774
772 775
772 776
772 778
772 780
772 786
772 788
772 802
772 804
772 834
772 836
772 898
772 900
773 774
773 775
773 777
773 778
773 779
773 781
773 785
773 787
773 789
773 801
773 803
773 805
773 833
773 835
773 837
773 897
773 899
773 901
774 775
774 776
774 778
774 779
774 780
774 782
774 786
774 787
774 788
774 790
774 802
774 803
774 804
774 806
774 834
774 835
774 836
774 838
774 898
774 899
774 900
774 902
775 776
775 779
775 780
775 781
775 782
775 783
775 787
775 788
775 791
775 803
775 804
775 807
775 835
775 836
775 839
775 899
775 900
775 903
776 780
776 782
776 783
776 784
776 788
776 792
776 804
776 808
776 836
776 840
776 900
776 904
777 778
777 779
777 781
777 785
777 786
777 787
777 789
777 793
777 801
777 805
777 809
777 833
777 837
777 841
777 897
777 901
777 905
778 779
778 780
778 781
778 782
778 786
778 787
778 788
778 789
778 790
778 794
778 802
778 805
778 806
778 810
778 834
778 837
778 838
778 842
778 898
778 901
778 902
778 906
779 780
779 781
779 782
779 783
779 787
779 789
779 790
779 791
779 795
779 803
779 805
779 806
779 807
779 811
779 835
779 837
779 838
779 839
779 843
779 899
779 901
779 902
779 903
779 907
780 782
780 783
780 784
780 788
780 790
780 791
780 792
780 796
780 804
780 806
780 808
780 812
780 836
780 838
780 840
780 844
780 900
780 902
780 904
780 908
781 782
781 783
781 789
781 791
781 793
781 794
781 795
781 797
781 805
781 807
781 813
781 837
781 839
781 845
781 901
781 903
781 909
782 783
782 784
782 790
782 791
782 792
782 794
782 795
782 796
782 798
782 806
782 807
782 808
782 814
782 838
782 839
782 840
782 846
782 902
782 903
782 904
782 910
783 784
783 791
783 792
783 795
783 797
783 798
783 799
783 807
783 808
783 815
783 839
783 840
783 847
783 903
783 904
783 911
784 792
784 796
784 798
784 799
784 800
784 808
784 816
784 840
784 848
784 904
784 912
785 786
785 787
785 789
785 793
785 801
785 802
785 803
785 805
785 809
785 817
785 833
785 841
785 849
785 897
785 905
785 913
786 787
786 788
786 789
786 790
786 793
786 794
786 802
786 803
786 804
786 806
786 809
786 810
786 818
786 834
786 841
786 842
786 850
786 898
786 905
786 906
786 914
787 788
787 789
787 790
787 791
787 793
787 794
787 795
787 803
787 805
787 806
787 807
787 809
787 810
787 811
787 819
787 835
787 841
787 842
787 843
787 851
787 899
787 905
787 906
787 907
787 915
788 790
788 791
788 792
788 794
788 796
788 804
788 806
788 807
788 808
788 810
788 812
788 820
788 836
788 842
788 844
788 852
788 900
788 906
788 908
788 916
789 790
789 791
789 793
789 794
789 795
789 797
789 805
789 809
789 810
789 811
789 813
789 821
789 837
789 841
789 843
789 845
789 853
789 901
789 905
789 907
789 909
789 917
790 791
790 792
790 794
790 795
790 796
790 798
790 806
790 810
790 811
790 812
790 814
790 822
790 838
790 842
790 843
790 844
790 846
790 854
790 902
790 906
790 907
790 908
790 910
790 918
791 792
791 795
791 796
791 797
791 798
791 799
791 807
791 811
791 812
791 813
791 814
791 815
791 823
791 839
791 843
791 844
791 847
791 855
791 903
791 907
791 908
791 911
791 919
792 796
792 798
792 799
792 800
792 808
792 812
792 814
792 815
792 816
792 824
792 840
792 844
792 848
792 856
792 904
792 908
792 912
792 920
793 794
793 795
793 797
793 809
793 813
793 817
793 818
793 819
793 821
793 825
793 841
793 845
793 857
793 905
793 909
793 921
794 795
794 796
794 797
794 798
794 810
794 813
794 814
794 818
794 819
794 820
794 822
794 826
794 842
794 845
794 846
794 858
794 906
794 909
794 910
794 922
795 796
795 797
795 798
795 799
795 811
795 813
795 814
795 815
795 819
795 821
795 822
795 823
795 827
795 843
795 845
795 846
795 847
795 859
795 907
795 909
795 910
795 911
795 923
796 798
796 799
796 800
796 812
796 814
796 816
796 820
796 822
796 823
796 824
796 828
796 844
796 846
796 848
796 860
796 908
796 910
796 912
796 924
797 798
797 799
797 813
797 815
797 821
797 825
797 826
797 827
797 829
797 845
797 847
797 861
797 909
797 911
797 925
798 799
798 800
798 814
798 815
798 816
798 822
798 826
798 827
798 828
798 830
798 846
798 847
798 848
798 862
798 910
798 911
798 912
798 926
799 800
799 815
799 816
799 823
799 827
799 829
799 830
799 831
799 847
799 848
799 863
799 911
799 912
799 927
800 816
800 824
800 828
800 830
800 831
800 832
800 848
800 864
800 912
800 928
801 802
801 803
801 805
801 809
801 817
801 833
801 834
801 835
801 837
801 841
801 849
801 865
801 897
801 913
801 929
802 803
802 804
802 805
802 806
802 809
802 810
802 817
802 818
802 834
802 835
802 836
802 838
802 842
802 849
802 850
802 866
802 898
802 913
802 914
802 930
803 804
803 805
803 806
803 807
803 809
803 810
803 811
803 817
803 818
803 819
803 835
803 837
803 838
803 839
803 843
803 849
803 850
803 851
803 867
803 899
803 913
803 914
803 915
803 931
804 806
804 807
804 808
804 810
804 812
804 818
804 820
804 836
804 838
804 839
804 840
804 844
804 850
804 852
804 868
804 900
804 914
804 916
804 932
805 806
805 807
805 809
805 810
805 811
805 813
805 817
805 819
805 821
805 837
805 841
805 842
805 843
805 845
805 849
805 851
805 853
805 869
805 901
805 913
805 915
805 917
805 933
806 807
806 808
806 810
806 811
806 812
806 814
806 818
806 819
806 820
806 822
806 838
806 842
806 843
806 844
806 846
806 850
806 851
806 852
806 854
806 870
806 902
806 914
806 915
806 916
806 918
806 934
807 808
807 811
807 812
807 813
807 814
807 815
807 819
807 820
807 823
807 839
807 843
807 845
807 846
807 847
807 851
807 852
807 855
807 871
807 903
807 915
807 916
807 919
807 935
808 812
808 814
808 815
808 816
808 820
808 824
808 840
808 844
808 846
808 847
808 848
808 852
808 856
808 872
808 904
808 916
808 920
808 936
809 810
809 811
809 813
809 817
809 818
809 819
809 821
809 825
809 841
809 849
809 850
809 851
809 853
809 857
809 873
809 905
809 913
809 917
809 921
809 937
810 811
810 812
810 813
810 814
810 818
810 819
810 820
810 821
810 822
810 826
810 842
810 850
810 851
810 852
810 853
810 854
810 858
810 874
810 906
810 914
810 917
810 918
810 922
810 938
811 812
811 813
811 814
811 815
811 819
811 821
811 822
811 823
811 827
811 843
811 851
811 853
811 854
811 855
811 859
811 875
811 907
811 915
811 917
811 918
811 919
811 923
811 939
812 814
812 815
812 816
812 820
812 822
812 823
812 824
812 828
812 844
812 852
812 854
812 855
812 856
812 860
812 876
812 908
812 916
812 918
812 920
812 924
812 940
813 814
813 815
813 821
813 823
813 825
813 826
813 827
813 829
813 845
813 853
813 855
813 857
813 858
813 859
813 861
813 877
813 909
813 917
813 919
813 925
813 941
814 815
814 816
814 822
814 823
814 824
814 826
814 827
814 828
814 830
814 846
814 854
814 855
814 856
814 858
814 859
814 860
814 862
814 878
814 910
814 918
814 919
814 920
814 926
814 942
815 816
815 823
815 824
815 827
815 829
815 830
815 831
815 847
815 855
815 856
815 859
815 861
815 862
815 863
815 879
815 911
815 919
815 920
815 927
815 943
816 824
816 828
816 830
816 831
816 832
816 848
816 856
816 860
816 862
816 863
816 864
816 880
816 912
816 920
816 928
816 944
817 818
817 819
817 821
817 825
817 849
817 857
817 865
817 866
817 867
817 869
817 873
817 881
817 913
817 921
817 945
818 819
818 820
818 821
818 822
818 825
818 826
818 850
818 857
818 858
818 866
818 867
818 868
818 870
818 874
818 882
818 914
818 921
818 922
818 946
819 820
819 821
819 822
819 823
819 825
819 826
819 827
819 851
819 857
819 858
819 859
819 867
819 869
819 870
819 871
819 875
819 883
819 915
819 921
819 922
819 923
819 947
820 822
820 823
820 824
820 826
820 828
820 852
820 858
820 860
820 868
820 870
820 871
820 872
820 876
820 884
820 916
820 922
820 924
820 948
821 822
821 823
821 825
821 826
821 827
821 829
821 853
821 857
821 859
821 861
821 869
821 873
821 874
821 875
821 877
821 885
821 917
821 921
821 923
821 925
821 949
822 823
822 824
822 826
822 827
822 828
822 830
822 854
822 858
822 859
822 860
822 862
822 870
822 874
822 875
822 876
822 878
822 886
822 918
822 922
822 923
822 924
822 926
822 950
823 824
823 827
823 828
823 829
823 830
823 831
823 855
823 859
823 860
823 863
823 871
823 875
823 877
823 878
823 879
823 887
823 919
823 923
823 924
823 927
823 951
824 828
824 830
824 831
824 832
824 856
824 860
824 864
824 872
824 876
824 878
824 879
824 880
824 888
824 920
824 924
824 928
824 952
825 826
825 827
825 829
825 857
825 861
825 873
825 881
825 882
825 883
825 885
825 889
825 921
825 925
825 953
826 827
826 828
826 829
826 830
826 858
826 861
826 862
826 874
826 882
826 883
826 884
826 886
826 890
826 922
826 925
826 926
826 954
827 828
827 829
827 830
827 831
827 859
827 861
827 862
827 863
827 875
827 883
827 885
827 886
827 887
827 891
827 923
827 925
827 926
827 927
827 955
828 830
828 831
828 832
828 860
828 862
828 864
828 876
828 884
828 886
828 887
828 888
828 892
828 924
828 926
828 928
828 956
829 830
829 831
829 861
829 863
829 877
829 885
829 889
829 890
829 891
829 893
829 925
829 927
829 957
830 831
830 832
830 862
830 863
830 864
830 878
830 886
830 890
830 891
830 892
830 894
830 926
830 927
830 928
830 958
831 832
831 863
831 864
831 879
831 887
831 891
831 893
831 894
831 895
831 927
831 928
831 959
832 864
832 880
832 888
832 892
832 894
832 895
832 896
832 928
832 960
833 834
833 835
833 837
833 841
833 849
833 865
833 897
833 898
833 899
833 901
833 905
833 913
833 929
833 961
834 835
834 836
834 837
834 838
834 841
834 842
834 849
834 850
834 865
834 866
834 898
834 899
834 900
834 902
834 906
834 914
834 929
834 930
834 962
835 836
835 837
835 838
835 839
835 841
835 842
835 843
835 849
835 850
835 851
835 865
835 866
835 867
835 899
835 901
835 902
835 903
835 907
835 915
835 929
835 930
835 931
835 963
836 838
836 839
836 840
836 842
836 844
836 850
836 852
836 866
836 868
836 900
836 902
836 903
836 904
836 908
836 916
836 930
836 932
836 964
837 838
837 839
837 841
837 842
837 843
837 845
837 849
837 851
837 853
837 865
837 867
837 869
837 901
837 905
837 906
837 907
837 909
837 917
837 929
837 931
837 933
837 965
838 839
838 840
838 842
838 843
838 844
838 846
838 850
838 851
838 852
838 854
838 866
838 867
838 868
838 870
838 902
838 906
838 907
838 908
838 910
838 918
838 930
838 931
838 932
838 934
838 966
839 840
839 843
839 844
839 845
839 846
839 847
839 851
839 852
839 855
839 867
839 868
839 871
839 903
839 907
839 909
839 910
839 911
839 919
839 931
839 932
839 935
839 967
840 844
840 846
840 847
840 848
840 852
840 856
840 868
840 872
840 904
840 908
840 910
840 911
840 912
840 920
840 932
840 936
840 968
841 842
841 843
841 845
841 849
841 850
841 851
841 853
841 857
841 865
841 869
841 873
841 905
841 913
841 914
841 915
841 917
841 921
841 929
841 933
841 937
841 969
842 843
842 844
842 845
842 846
842 850
842 851
842 852
842 853
842 854
842 858
842 866
842 869
842 870
842 874
842 906
842 914
842 915
842 916
842 918
842 922
842 930
842 933
842 934
842 938
842 970
843 844
843 845
843 846
843 847
843 851
843 853
843 854
843 855
843 859
843 867
843 869
843 870
843 871
843 875
843 907
843 915
843 917
843 918
843 919
843 923
843 931
843 933
843 934
843 935
843 939
843 971
844 846
844 847
844 848
844 852
844 854
844 855
844 856
844 860
844 868
844 870
844 872
844 876
844 908
844 916
844 918
844 919
844 920
844 924
844 932
844 934
844 936
844 940
844 972
845 846
845 847
845 853
845 855
845 857
845 858
845 859
845 861
845 869
845 871
845 877
845 909
845 917
845 921
845 922
845 923
845 925
845 933
845 935
845 941
845 973
846 847
846 848
846 854
846 855
846 856
846 858
846 859
846 860
846 862
846 870
846 871
846 872
846 878
846 910
846 918
846 922
846 923
846 924
846 926
846 934
846 935
846 936
846 942
846 974
847 848
847 855
847 856
847 859
847 861
847 862
847 863
847 871
847 872
847 879
847 911
847 919
847 923
847 925
847 926
847 927
847 935
847 936
847 943
847 975
848 856
848 860
848 862
848 863
848 864
848 872
848 880
848 912
848 920
848 924
848 926
848 927
848 928
848 936
848 944
848 976
849 850
849 851
849 853
849 857
849 865
849 866
849 867
849 869
849 873
849 881
849 913
849 929
849 930
849 931
849 933
849 937
849 945
849 977
850 851
850 852
850 853
850 854
850 857
850 858
850 866
850 867
850 868
850 870
850 873
850 874
850 882
850 914
850 930
850 931
850 932
850 934
850 937
850 938
850 946
850 978
851 852
851 853
851 854
851 855
851 857
851 858
851 859
851 867
851 869
851 870
851 871
851 873
851 874
851 875
851 883
851 915
851 931
851 933
851 934
851 935
851 937
851 938
851 939
851 947
851 979
852 854
852 855
852 856
852 858
852 860
852 868
852 870
852 871
852 872
852 874
852 876
852 884
852 916
852 932
852 934
852 935
852 936
852 938
852 940
852 948
852 980
853 854
853 855
853 857
853 858
853 859
853 861
853 869
853 873
853 874
853 875
853 877
853 885
853 917
853 933
853 937
853 938
853 939
853 941
853 949
853 981
854 855
854 856
854 858
854 859
854 860
854 862
854 870
854 874
854 875
854 876
854 878
854 886
854 918
854 934
854 938
854 939
854 940
854 942
854 950
854 982
855 856
855 859
855 860
855 861
855 862
855 863
855 871
855 875
855 876
855 877
855 878
855 879
855 887
855 919
855 935
855 939
855 940
855 941
855 942
855 943
855 951
855 983
856 860
856 862
856 863
856 864
856 872
856 876
856 878
856 879
856 880
856 888
856 920
856 936
856 940
856 942
856 943
856 944
856 952
856 984
857 858
857 859
857 861
857 873
857 877
857 881
857 882
857 883
857 885
857 889
857 921
857 937
857 941
857 945
857 946
857 947
857 949
857 953
857 985
858 859
858 860
858 861
858 862
858 874
858 877
858 878
858 882
858 883
858 884
858 886
858 890
858 922
858 938
858 941
858 942
858 946
858 947
858 948
858 950
858 954
858 986
859 860
859 861
859 862
859 863
859 875
859 877
859 878
859 879
859 883
859 885
859 886
859 887
859 891
859 923
859 939
859 941
859 942
859 943
859 947
859 949
859 950
859 951
859 955
859 987
860 862
860 863
860 864
860 876
860 878
860 880
860 884
860 886
860 887
860 888
860 892
860 924
860 940
860 942
860 944
860 948
860 950
860 951
860 952
860 956
860 988
861 862
861 863
861 877
861 879
861 885
861 889
861 890
861 891
861 893
861 925
861 941
861 943
861 949
861 953
861 954
861 955
861 957
861 989
862 863
862 864
862 878
862 879
862 880
862 886
862 890
862 891
862 892
862 894
862 926
862 942
862 943
862 944
862 950
862 954
862 955
862 956
862 958
862 990
863 864
863 879
863 880
863 887
863 891
863 893
863 894
863 895
863 927
863 943
863 944
863 951
863 955
863 957
863 958
863 959
863 991
864 880
864 888
864 892
864 894
864 895
864 896
864 928
864 944
864 952
864 956
864 958
864 959
864 960
864 992
865 866
865 867
865 869
865 873
865 881
865 929
865 945
865 961
865 962
865 963
865 965
865 969
865 977
865 993
866 867
866 868
866 869
866 870
866 873
866 874
866 881
866 882
866 930
866 945
866 946
866 962
866 963
866 964
866 966
866 970
866 978
866 994
867 868
867 869
867 870
867 871
867 873
867 874
867 875
867 881
867 882
867 883
867 931
867 945
867 946
867 947
867 963
867 965
867 966
867 967
867 971
867 979
867 995
868 870
868 871
868 872
868 874
868 876
868 882
868 884
868 932
868 946
868 948
868 964
868 966
868 967
868 968
868 972
868 980
868 996
869 870
869 871
869 873
869 874
869 875
869 877
869 881
869 883
869 885
869 933
869 945
869 947
869 949
869 965
869 969
869 970
869 971
869 973
869 981
869 997
870 871
870 872
870 874
870 875
870 876
870 878
870 882
870 883
870 884
870 886
870 934
870 946
870 947
870 948
870 950
870 966
870 970
870 971
870 972
870 974
870 982
870 998
871 872
871 875
871 876
871 877
871 878
871 879
871 883
871 884
871 887
871 935
871 947
871 948
871 951
871 967
871 971
871 973
871 974
871 975
871 983
871 999
872 876
872 878
872 879
872 880
872 884
872 888
872 936
872 948
872 952
872 968
872 972
872 974
872 975
872 976
872 984
872 1000
873 874
873 875
873 877
873 881
873 882
873 883
873 885
873 889
873 937
873 945
873 949
873 953
873 969
873 977
873 978
873 979
873 981
873 985
873 1001
874 875
874 876
874 877
874 878
874 882
874 883
874 884
874 885
874 886
874 890
874 938
874 946
874 949
874 950
874 954
874 970
874 978
874 979
874 980
874 982
874 986
874 1002
875 876
875 877
875 878
875 879
875 883
875 885
875 886
875 887
875 891
875 939
875 947
875 949
875 950
875 951
875 955
875 971
875 979
875 981
875 982
875 983
875 987
875 1003
876 878
876 879
876 880
876 884
876 886
876 887
876 888
876 892
876 940
876 948
876 950
876 952
876 956
876 972
876 980
876 982
876 983
876 984
876 988
876 1004
877 878
877 879
877 885
877 887
877 889
877 890
877 891
877 893
877 941
877 949
877 951
877 957
877 973
877 981
877 985
877 986
877 987
877 989
877 1005
878 879
878 880
878 886
878 887
878 888
878 890
878 891
878 892
878 894
878 942
878 950
878 951
878 952
878 958
878 974
878 982
878 986
878 987
878 988
878 990
878 1006
879 880
879 887
879 888
879 891
879 893
879 894
879 895
879 943
879 951
879 952
879 959
879 975
879 983
879 987
879 989
879 990
879 991
879 1007
880 888
880 892
880 894
880 895
880 896
880 944
880 952
880 960
880 976
880 984
880 988
880 990
880 991
880 992
880 1008
881 882
881 883
881 885
881 889
881 945
881 953
881 977
881 993
881 994
881 995
881 997
881 1001
881 1009
882 883
882 884
882 885
882 886
882 889
882 890
882 946
882 953
882 954
882 978
882 994
882 995
882 996
882 998
882 1002
882 1010
883 884
883 885
883 886
883 887
883 889
883 890
883 891
883 947
883 953
883 954
883 955
883 979
883 995
883 997
883 998
883 999
883 1003
883 1011
884 886
884 887
884 888
884 890
884 892
884 948
884 954
884 956
884 980
884 996
884 998
884 999
884 1000
884 1004
884 1012
885 886
885 887
885 889
885 890
885 891
885 893
885 949
885 953
885 955
885 957
885 981
885 997
885 1001
885 1002
885 1003
885 1005
885 1013
886 887
886 888
886 890
886 891
886 892
886 894
886 950
886 954
886 955
886 956
886 958
886 982
886 998
886 1002
886 1003
886 1004
886 1006
886 1014
887 888
887 891
887 892
887 893
887 894
887 895
887 951
887 955
887 956
887 959
887 983
887 999
887 1003
887 1005
887 1006
887 1007
887 1015
888 892
888 894
888 895
888 896
888 952
888 956
888 960
888 984
888 1000
888 1004
888 1006
888 1007
888 1008
888 1016
889 890
889 891
889 893
889 953
889 957
889 985
889 1001
889 1009
889 1010
889 1011
889 1013
889 1017
890 891
890 892
890 893
890 894
890 954
890 957
890 958
890 986
890 1002
890 1010
890 1011
890 1012
890 1014
890 1018
891 892
891 893
891 894
891 895
891 955
891 957
891 958
891 959
891 987
891 1003
891 1011
891 1013
891 1014
891 1015
891 1019
892 894
892 895
892 896
892 956
892 958
892 960
892 988
892 1004
892 1012
892 1014
892 1015
892 1016
892 1020
893 894
893 895
893 957
893 959
893 989
893 1005
893 1013
893 1017
893 1018
893 1019
893 1021
894 895
894 896
894 958
894 959
894 960
894 990
894 1006
894 1014
894 1018
894 1019
894 1020
894 1022
895 896
895 959
895 960
895 991
895 1007
895 1015
895 1019
895 1021
895 1022
895 1023
896 960
896 992
896 1008
896 1016
896 1020
896 1022
896 1023
896 1024
897 898
897 899
897 901
897 905
897 913
897 929
897 961
898 899
898 900
898 901
898 902
898 905
898 906
898 913
898 914
898 929
898 930
898 961
898 962
899 900
899 901
899 902
899 903
899 905
899 906
899 907
899 913
899 914
899 915
899 929
899 930
899 931
899 961
899 962
899 963
900 902
900 903
900 904
900 906
900 908
900 914
900 916
900 930
900 932
900 962
900 964
901 902
901 903
901 905
901 906
901 907
901 909
901 913
901 915
901 917
901 929
901 931
901 933
901 961
901 963
901 965
902 903
902 904
902 906
902 907
902 908
902 910
902 914
902 915
902 916
902 918
902 930
902 931
902 932
902 934
902 962
902 963
902 964
902 966
903 904
903 907
903 908
903 909
903 910
903 911
903 915
903 916
903 919
903 931
903 932
903 935
903 963
903 964
903 967
904 908
904 910
904 911
904 912
904 916
904 920
904 932
904 936
904 964
904 968
905 906
905 907
905 909
905 913
905 914
905 915
905 917
905 921
905 929
905 933
905 937
905 961
905 965
905 969
906 907
906 908
906 909
906 910
906 914
906 915
906 916
906 917
906 918
906 922
906 930
906 933
906 934
906 938
906 962
906 965
906 966
906 970
907 908
907 909
907 910
907 911
907 915
907 917
907 918
907 919
907 923
907 931
907 933
907 934
907 935
907 939
907 963
907 965
907 966
907 967
907 971
908 910
908 911
908 912
908 916
908 918
908 919
908 920
908 924
908 932
908 934
908 936
908 940
908 964
908 966
908 968
908 972
909 910
909 911
909 917
909 919
909 921
909 922
909 923
909 925
909 933
909 935
909 941
909 965
909 967
909 973
910 911
910 912
910 918
910 919
910 920
910 922
910 923
910 924
910 926
910 934
910 935
910 936
910 942
910 966
910 967
910 968
910 974
911 912
911 919
911 920
911 923
911 925
911 926
911 927
911 935
911 936
911 943
911 967
911 968
911 975
912 920
912 924
912 926
912 927
912 928
912 936
912 944
912 968
912 976
913 914
913 915
913 917
913 921
913 929
913 930
913 931
913 933
913 937
913 945
913 961
913 969
913 977
914 915
914 916
914 917
914 918
914 921
914 922
914 930
914 931
914 932
914 934
914 937
914 938
914 946
914 962
914 969
914 970
914 978
915 916
915 917
915 918
915 919
915 921
915 922
915 923
915 931
915 933
915 934
915 935
915 937
915 938
915 939
915 947
915 963
915 969
915 970
915 971
915 979
916 918
916 919
916 920
916 922
916 924
916 932
916 934
916 935
916 936
916 938
916 940
916 948
916 964
916 970
916 972
916 980
917 918
917 919
917 921
917 922
917 923
917 925
917 933
917 937
917 938
917 939
917 941
917 949
917 965
917 969
917 971
917 973
917 981
918 919
918 920
918 922
918 923
918 924
918 926
918 934
918 938
918 939
918 940
918 942
918 950
918 966
918 970
918 971
918 972
918 974
918 982
919 920
919 923
919 924
919 925
919 926
919 927
919 935
919 939
919 940
919 941
919 942
919 943
919 951
919 967
919 971
919 972
919 975
919 983
920 924
920 926
920 927
920 928
920 936
920 940
920 942
920 943
920 944
920 952
920 968
920 972
920 976
920 984
921 922
921 923
921 925
921 937
921 941
921 945
921 946
921 947
921 949
921 953
921 969
921 973
921 985
922 923
922 924
922 925
922 926
922 938
922 941
922 942
922 946
922 947
922 948
922 950
922 954
922 970
922 973
922 974
922 986
923 924
923 925
923 926
923 927
923 939
923 941
923 942
923 943
923 947
923 949
923 950
923 951
923 955
923 971
923 973
923 974
923 975
923 987
924 926
924 927
924 928
924 940
924 942
924 944
924 948
924 950
924 951
924 952
924 956
924 972
924 974
924 976
924 988
925 926
925 927
925 941
925 943
925 949
925 953
925 954
925 955
925 957
925 973
925 975
925 989
926 927
926 928
926 942
926 943
926 944
926 950
926 954
926 955
926 956
926 958
926 974
926 975
926 976
926 990
927 928
927 943
927 944
927 951
927 955
927 957
927 958
927 959
927 975
927 976
927 991
928 944
928 952
928 956
928 958
928 959
928 960
928 976
928 992
929 930
929 931
929 933
929 937
929 945
929 961
929 962
929 963
929 965
929 969
929 977
929 993
930 931
930 932
930 933
930 934
930 937
930 938
930 945
930 946
930 962
930 963
930 964
930 966
930 970
930 977
930 978
930 994
931 932
931 933
931 934
931 935
931 937
931 938
931 939
931 945
931 946
931 947
931 963
931 965
931 966
931 967
931 971
931 977
931 978
931 979
931 995
932 934
932 935
932 936
932 938
932 940
932 946
932 948
932 964
932 966
932 967
932 968
932 972
932 978
932 980
932 996
933 934
933 935
933 937
933 938
933 939
933 941
933 945
933 947
933 949
933 965
933 969
933 970
933 971
933 973
933 977
933 979
933 981
933 997
934 935
934 936
934 938
934 939
934 940
934 942
934 946
934 947
934 948
934 950
934 966
934 970
934 971
934 972
934 974
934 978
934 979
934 980
934 982
934 998
935 936
935 939
935 940
935 941
935 942
935 943
935 947
935 948
935 951
935 967
935 971
935 973
935 974
935 975
935 979
935 980
935 983
935 999
936 940
936 942
936 943
936 944
936 948
936 952
936 968
936 972
936 974
936 975
936 976
936 980
936 984
936 1000
937 938
937 939
937 941
937 945
937 946
937 947
937 949
937 953
937 969
937 977
937 978
937 979
937 981
937 985
937 1001
938 939
938 940
938 941
938 942
938 946
938 947
938 948
938 949
938 950
938 954
938 970
938 978
938 979
938 980
938 981
938 982
938 986
938 1002
939 940
939 941
939 942
939 943
939 947
939 949
939 950
939 951
939 955
939 971
939 979
939 981
939 982
939 983
939 987
939 1003
940 942
940 943
940 944
940 948
940 950
940 951
940 952
940 956
940 972
940 980
940 982
940 983
940 984
940 988
940 1004
941 942
941 943
941 949
941 951
941 953
941 954
941 955
941 957
941 973
941 981
941 983
941 985
941 986
941 987
941 989
941 1005
942 943
942 944
942 950
942 951
942 952
942 954
942 955
942 956
942 958
942 974
942 982
942 983
942 984
942 986
942 987
942 988
942 990
942 1006
943 944
943 951
943 952
943 955
943 957
943 958
943 959
943 975
943 983
943 984
943 987
943 989
943 990
943 991
943 1007
944 952
944 956
944 958
944 959
944 960
944 976
944 984
944 988
944 990
944 991
944 992
944 1008
945 946
945 947
945 949
945 953
945 977
945 985
945 993
945 994
945 995
945 997
945 1001
945 1009
946 947
946 948
946 949
946 950
946 953
946 954
946 978
946 985
946 986
946 994
946 995
946 996
946 998
946 1002
946 1010
947 948
947 949
947 950
947 951
947 953
947 954
947 955
947 979
947 985
947 986
947 987
947 995
947 997
947 998
947 999
947 1003
947 1011
948 950
948 951
948 952
948 954
948 956
948 980
948 986
948 988
948 996
948 998
948 999
948 1000
948 1004
948 1012
949 950
949 951
949 953
949 954
949 955
949 957
949 981
949 985
949 987
949 989
949 997
949 1001
949 1002
949 1003
949 1005
949 1013
950 951
950 952
950 954
950 955
950 956
950 958
950 982
950 986
950 987
950 988
950 990
950 998
950 1002
950 1003
950 1004
950 1006
950 1014
951 952
951 955
951 956
951 957
951 958
951 959
951 983
951 987
951 988
951 991
951 999
951 1003
951 1005
951 1006
951 1007
951 1015
952 956
952 958
952 959
952 960
952 984
952 988
952 992
952 1000
952 1004
952 1006
952 1007
952 1008
952 1016
953 954
953 955
953 957
953 985
953 989
953 1001
953 1009
953 1010
953 1011
953 1013
953 1017
954 955
954 956
954 957
954 958
954 986
954 989
954 990
954 1002
954 1010
954 1011
954 1012
954 1014
954 1018
955 956
955 957
955 958
955 959
955 987
955 989
955 990
955 991
955 1003
955 1011
955 1013
955 1014
955 1015
955 1019
956 958
956 959
956 960
956 988
956 990
956 992
956 1004
956 1012
956 1014
956 1015
956 1016
956 1020
957 958
957 959
957 989
957 991
957 1005
957 1013
957 1017
957 1018
957 1019
957 1021
958 959
958 960
958 990
958 991
958 992
958 1006
958 1014
958 1018
958 1019
958 1020
958 1022
959 960
959 991
959 992
959 1007
959 1015
959 1019
959 1021
959 1022
959 1023
960 992
960 1008
960 1016
960 1020
960 1022
960 1023
960 1024
961 962
961 963
961 965
961 969
961 977
961 993
962 963
962 964
962 965
962 966
962 969
962 970
962 977
962 978
962 993
962 994
963 964
963 965
963 966
963 967
963 969
963 970
963 971
963 977
963 978
963 979
963 993
963 994
963 995
964 966
964 967
964 968
964 970
964 972
964 978
964 980
964 994
964 996
965 966
965 967
965 969
965 970
965 971
965 973
965 977
965 979
965 981
965 993
965 995
965 997
966 967
966 968
966 970
966 971
966 972
966 974
966 978
966 979
966 980
966 982
966 994
966 995
966 996
966 998
967 968
967 971
967 972
967 973
967 974
967 975
967 979
967 980
967 983
967 995
967 996
967 999
968 972
968 974
968 975
968 976
968 980
968 984
968 996
968 1000
969 970
969 971
969 973
969 977
969 978
969 979
969 981
969 985
969 993
969 997
969 1001
970 971
970 972
970 973
970 974
970 978
970 979
970 980
970 981
970 982
970 986
970 994
970 997
970 998
970 1002
971 972
971 973
971 974
971 975
971 979
971 981
971 982
971 983
971 987
971 995
971 997
971 998
971 999
971 1003
972 974
972 975
972 976
972 980
972 982
972 983
972 984
972 988
972 996
972 998
972 1000
972 1004
973 974
973 975
973 981
973 983
973 985
973 986
973 987
973 989
973 997
973 999
973 1005
974 975
974 976
974 982
974 983
974 984
974 986
974 987
974 988
974 990
974 998
974 999
974 1000
974 1006
975 976
975 983
975 984
975 987
975 989
975 990
975 991
975 999
975 1000
975 1007
976 984
976 988
976 990
976 991
976 992
976 1000
976 1008
977 978
977 979
977 981
977 985
977 993
977 994
977 995
977 997
977 1001
977 1009
978 979
978 980
978 981
978 982
978 985
978 986
978 994
978 995
978 996
978 998
978 1001
978 1002
978 1010
979 980
979 981
979 982
979 983
979 985
979 986
979 987
979 995
979 997
979 998
979 999
979 1001
979 1002
979 1003
979 1011
980 982
980 983
980 984
980 986
980 988
980 996
980 998
980 999
980 1000
980 1002
980 1004
980 1012
981 982
981 983
981 985
981 986
981 987
981 989
981 997
981 1001
981 1002
981 1003
981 1005
981 1013
982 983
982 984
982 986
982 987
982 988
982 990
982 998
982 1002
982 1003
982 1004
982 1006
982 1014
983 984
983 987
983 988
983 989
983 990
983 991
983 999
983 1003
983 1004
983 1005
983 1006
983 1007
983 1015
984 988
984 990
984 991
984 992
984 1000
984 1004
984 1006
984 1007
984 1008
984 1016
985 986
985 987
985 989
985 1001
985 1005
985 1009
985 1010
985 1011
985 1013
985 1017
986 987
986 988
986 989
986 990
986 1002
986 1005
986 1006
986 1010
986 1011
986 1012
986 1014
986 1018
987 988
987 989
987 990
987 991
987 1003
987 1005
987 1006
987 1007
987 1011
987 1013
987 1014
987 1015
987 1019
988 990
988 991
988 992
988 1004
988 1006
988 1008
988 1012
988 1014
988 1015
988 1016
988 1020
989 990
989 991
989 1005
989 1007
989 1013
989 1017
989 1018
989 1019
989 1021
990 991
990 992
990 1006
990 1007
990 1008
990 1014
990 1018
990 1019
990 1020
990 1022
991 992
991 1007
991 1008
991 1015
991 1019
991 1021
991 1022
991 1023
992 1008
992 1016
992 1020
992 1022
992 1023
992 1024
993 994
993 995
993 997
993 1001
993 1009
994 995
994 996
994 997
994 998
994 1001
994 1002
994 1009
994 1010
995 996
995 997
995 998
995 999
995 1001
995 1002
995 1003
995 1009
995 1010
995 1011
996 998
996 999
996 1000
996 1002
996 1004
996 1010
996 1012
997 998
997 999
997 1001
997 1002
997 1003
997 1005
997 1009
997 1011
997 1013
998 999
998 1000
998 1002
998 1003
998 1004
998 1006
998 1010
998 1011
998 1012
998 1014
999 1000
999 1003
999 1004
999 1005
999 1006
999 1007
999 1011
999 1012
999 1015
1000 1004
1000 1006
1000 1007
1000 1008
1000 1012
1000 1016
1001 1002
1001 1003
1001 1005
1001 1009
1001 1010
1001 1011
1001 1013
1001 1017
1002 1003
1002 1004
1002 1005
1002 1006
1002 1010
1002 1011
1002 1012
1002 1013
1002 1014
1002 1018
1003 1004
1003 1005
1003 1006
1003 1007
1003 1011
1003 1013
1003 1014
1003 1015
1003 1019
1004 1006
1004 1007
1004 1008
1004 1012
1004 1014
1004 1015
1004 1016
1004 1020
1005 1006
1005 1007
1005 1013
1005 1015
1005 1017
1005 1018
1005 1019
1005 1021
1006 1007
1006 1008
1006 1014
1006 1015
1006 1016
1006 1018
1006 1019
1006 1020
1006 1022
1007 1008
1007 1015
1007 1016
1007 1019
1007 1021
1007 1022
1007 1023
1008 1016
1008 1020
1008 1022
1008 1023
1008 1024
1009 1010
1009 1011
1009 1013
1009 1017
1010 1011
1010 1012
1010 1013
1010 1014
1010 1017
1010 1018
1011 1012
1011 1013
1011 1014
1011 1015
1011 1017
1011 1018
1011 1019
1012 1014
1012 1015
1012 1016
1012 1018
1012 1020
1013 1014
1013 1015
1013 1017
1013 1018
1013 1019
1013 1021
1014 1015
1014 1016
1014 1018
1014 1019
1014 1020
1014 1022
1015 1016
1015 1019
1015 1020
1015 1021
1015 1022
1015 1023
1016 1020
1016 1022
1016 1023
1016 1024
1017 1018
1017 1019
1017 1021
1018 1019
1018 1020
1018 1021
1018 1022
1019 1020
1019 1021
1019 1022
1019 1023
1020 1022
1020 1023
1020 1024
1021 1022
1021 1023
1022 1023
1022 1024
1023 1024
