2048 22528
2 3
2 5
2 513
2 1025
3 5
3 9
3 1025
4 6
4 7
4 10
4 515
4 1026
4 1027
4 1029
5 9
5 17
6 7
6 10
6 11
6 18
6 517
6 1027
6 1029
6 1033
7 10
7 11
7 13
7 19
7 1029
8 12
8 14
8 20
8 519
8 1030
8 1031
8 1035
9 17
9 33
10 11
10 13
10 18
10 19
10 34
10 521
10 1029
10 1033
10 1041
11 13
11 18
11 19
11 21
11 35
11 1033
12 14
12 15
12 20
12 22
12 36
12 523
12 1031
12 1034
12 1035
12 1037
12 1043
13 19
13 21
13 25
13 37
14 15
14 20
14 22
14 23
14 26
14 38
14 525
14 1035
14 1037
14 1045
15 22
15 23
15 27
15 39
15 1037
16 24
16 28
16 40
16 527
16 1038
16 1039
16 1047
17 33
17 65
18 19
18 21
18 34
18 35
18 66
18 529
18 1033
18 1041
18 1057
19 21
19 25
19 34
19 35
19 37
19 67
19 1041
20 22
20 23
20 26
20 36
20 38
20 68
20 531
20 1035
20 1042
20 1043
20 1045
20 1059
21 25
21 35
21 37
21 41
21 69
22 23
22 26
22 27
22 36
22 38
22 39
22 42
22 70
22 533
22 1037
22 1043
22 1045
22 1049
22 1061
23 26
23 27
23 29
23 38
23 39
23 43
23 71
23 1045
24 28
24 30
24 40
24 44
24 72
24 535
24 1039
24 1046
24 1047
24 1051
24 1063
25 37
25 41
25 49
25 73
26 27
26 29
26 38
26 42
26 43
26 50
26 74
26 537
26 1045
26 1049
26 1065
27 29
27 39
27 42
27 43
27 45
27 51
27 75
27 1049
28 30
28 31
28 40
28 44
28 46
28 52
28 76
28 539
28 1047
28 1050
28 1051
28 1053
28 1067
29 43
29 45
29 53
29 77
30 31
30 44
30 46
30 47
30 54
30 78
30 541
30 1051
30 1053
30 1069
31 46
31 47
31 55
31 79
31 1053
32 48
32 56
32 80
32 543
32 1054
32 1055
32 1071
33 65
33 129
34 35
34 37
34 66
34 67
34 130
34 545
34 1041
34 1057
34 1089
35 37
35 41
35 66
35 67
35 69
35 131
35 1057
36 38
36 39
36 42
36 68
36 70
36 132
36 547
36 1043
36 1058
36 1059
36 1061
36 1091
37 41
37 49
37 67
37 69
37 73
37 133
38 39
38 42
38 43
38 50
38 68
38 70
38 71
38 74
38 134
38 549
38 1045
38 1059
38 1061
38 1065
38 1093
39 42
39 43
39 45
39 51
39 70
39 71
39 75
39 135
39 1061
40 44
40 46
40 52
40 72
40 76
40 136
40 551
40 1047
40 1062
40 1063
40 1067
40 1095
41 49
41 69
41 73
41 81
41 137
42 43
42 45
42 50
42 51
42 70
42 74
42 75
42 82
42 138
42 553
42 1049
42 1061
42 1065
42 1073
42 1097
43 45
43 50
43 51
43 53
43 71
43 74
43 75
43 77
43 83
43 139
43 1065
44 46
44 47
44 52
44 54
44 72
44 76
44 78
44 84
44 140
44 555
44 1051
44 1063
44 1066
44 1067
44 1069
44 1075
44 1099
45 51
45 53
45 57
45 75
45 77
45 85
45 141
46 47
46 52
46 54
46 55
46 58
46 76
46 78
46 79
46 86
46 142
46 557
46 1053
46 1067
46 1069
46 1077
46 1101
47 54
47 55
47 59
47 78
47 79
47 87
47 143
47 1069
48 56
48 60
48 80
48 88
48 144
48 559
48 1055
48 1070
48 1071
48 1079
48 1103
49 73
49 81
49 97
49 145
50 51
50 53
50 74
50 82
50 83
50 98
50 146
50 561
50 1065
50 1073
50 1105
51 53
51 57
51 75
51 82
51 83
51 85
51 99
51 147
51 1073
52 54
52 55
52 58
52 76
52 84
52 86
52 100
52 148
52 563
52 1067
52 1074
52 1075
52 1077
52 1107
53 57
53 77
53 83
53 85
53 89
53 101
53 149
54 55
54 58
54 59
54 78
54 84
54 86
54 87
54 90
54 102
54 150
54 565
54 1069
54 1075
54 1077
54 1081
54 1109
55 58
55 59
55 61
55 79
55 86
55 87
55 91
55 103
55 151
55 1077
56 60
56 62
56 80
56 88
56 92
56 104
56 152
56 567
56 1071
56 1078
56 1079
56 1083
56 1111
57 85
57 89
57 105
57 153
58 59
58 61
58 86
58 90
58 91
58 106
58 154
58 569
58 1077
58 1081
58 1113
59 61
59 87
59 90
59 91
59 93
59 107
59 155
59 1081
60 62
60 63
60 88
60 92
60 94
60 108
60 156
60 571
60 1079
60 1082
60 1083
60 1085
60 1115
61 91
61 93
61 109
61 157
62 63
62 92
62 94
62 95
62 110
62 158
62 573
62 1083
62 1085
62 1117
63 94
63 95
63 111
63 159
63 1085
64 96
64 112
64 160
64 575
64 1086
64 1087
64 1119
65 129
65 257
66 67
66 69
66 130
66 131
66 258
66 577
66 1057
66 1089
66 1153
67 69
67 73
67 130
67 131
67 133
67 259
67 1089
68 70
68 71
68 74
68 132
68 134
68 260
68 579
68 1059
68 1090
68 1091
68 1093
68 1155
69 73
69 81
69 131
69 133
69 137
69 261
70 71
70 74
70 75
70 82
70 132
70 134
70 135
70 138
70 262
70 581
70 1061
70 1091
70 1093
70 1097
70 1157
71 74
71 75
71 77
71 83
71 134
71 135
71 139
71 263
71 1093
72 76
72 78
72 84
72 136
72 140
72 264
72 583
72 1063
72 1094
72 1095
72 1099
72 1159
73 81
73 97
73 133
73 137
73 145
73 265
74 75
74 77
74 82
74 83
74 98
74 134
74 138
74 139
74 146
74 266
74 585
74 1065
74 1093
74 1097
74 1105
74 1161
75 77
75 82
75 83
75 85
75 99
75 135
75 138
75 139
75 141
75 147
75 267
75 1097
76 78
76 79
76 84
76 86
76 100
76 136
76 140
76 142
76 148
76 268
76 587
76 1067
76 1095
76 1098
76 1099
76 1101
76 1107
76 1163
77 83
77 85
77 89
77 101
77 139
77 141
77 149
77 269
78 79
78 84
78 86
78 87
78 90
78 102
78 140
78 142
78 143
78 150
78 270
78 589
78 1069
78 1099
78 1101
78 1109
78 1165
79 86
79 87
79 91
79 103
79 142
79 143
79 151
79 271
79 1101
80 88
80 92
80 104
80 144
80 152
80 272
80 591
80 1071
80 1102
80 1103
80 1111
80 1167
81 97
81 137
81 145
81 161
81 273
82 83
82 85
82 98
82 99
82 138
82 146
82 147
82 162
82 274
82 593
82 1073
82 1097
82 1105
82 1121
82 1169
83 85
83 89
83 98
83 99
83 101
83 139
83 146
83 147
83 149
83 163
83 275
83 1105
84 86
84 87
84 90
84 100
84 102
84 140
84 148
84 150
84 164
84 276
84 595
84 1075
84 1099
84 1106
84 1107
84 1109
84 1123
84 1171
85 89
85 99
85 101
85 105
85 141
85 147
85 149
85 153
85 165
85 277
86 87
86 90
86 91
86 100
86 102
86 103
86 106
86 142
86 148
86 150
86 151
86 154
86 166
86 278
86 597
86 1077
86 1101
86 1107
86 1109
86 1113
86 1125
86 1173
87 90
87 91
87 93
87 102
87 103
87 107
87 143
87 150
87 151
87 155
87 167
87 279
87 1109
88 92
88 94
88 104
88 108
88 144
88 152
88 156
88 168
88 280
88 599
88 1079
88 1103
88 1110
88 1111
88 1115
88 1127
88 1175
89 101
89 105
89 113
89 149
89 153
89 169
89 281
90 91
90 93
90 102
90 106
90 107
90 114
90 150
90 154
90 155
90 170
90 282
90 601
90 1081
90 1109
90 1113
90 1129
90 1177
91 93
91 103
91 106
91 107
91 109
91 115
91 151
91 154
91 155
91 157
91 171
91 283
91 1113
92 94
92 95
92 104
92 108
92 110
92 116
92 152
92 156
92 158
92 172
92 284
92 603
92 1083
92 1111
92 1114
92 1115
92 1117
92 1131
92 1179
93 107
93 109
93 117
93 155
93 157
93 173
93 285
94 95
94 108
94 110
94 111
94 118
94 156
94 158
94 159
94 174
94 286
94 605
94 1085
94 1115
94 1117
94 1133
94 1181
95 110
95 111
95 119
95 158
95 159
95 175
95 287
95 1117
96 112
96 120
96 160
96 176
96 288
96 607
96 1087
96 1118
96 1119
96 1135
96 1183
97 145
97 161
97 193
97 289
98 99
98 101
98 146
98 162
98 163
98 194
98 290
98 609
98 1105
98 1121
98 1185
99 101
99 105
99 147
99 162
99 163
99 165
99 195
99 291
99 1121
100 102
100 103
100 106
100 148
100 164
100 166
100 196
100 292
100 611
100 1107
100 1122
100 1123
100 1125
100 1187
101 105
101 113
101 149
101 163
101 165
101 169
101 197
101 293
102 103
102 106
102 107
102 114
102 150
102 164
102 166
102 167
102 170
102 198
102 294
102 613
102 1109
102 1123
102 1125
102 1129
102 1189
103 106
103 107
103 109
103 115
103 151
103 166
103 167
103 171
103 199
103 295
103 1125
104 108
104 110
104 116
104 152
104 168
104 172
104 200
104 296
104 615
104 1111
104 1126
104 1127
104 1131
104 1191
105 113
105 153
105 165
105 169
105 177
105 201
105 297
106 107
106 109
106 114
106 115
106 154
106 166
106 170
106 171
106 178
106 202
106 298
106 617
106 1113
106 1125
106 1129
106 1137
106 1193
107 109
107 114
107 115
107 117
107 155
107 167
107 170
107 171
107 173
107 179
107 203
107 299
107 1129
108 110
108 111
108 116
108 118
108 156
108 168
108 172
108 174
108 180
108 204
108 300
108 619
108 1115
108 1127
108 1130
108 1131
108 1133
108 1139
108 1195
109 115
109 117
109 121
109 157
109 171
109 173
109 181
109 205
109 301
110 111
110 116
110 118
110 119
110 122
110 158
110 172
110 174
110 175
110 182
110 206
110 302
110 621
110 1117
110 1131
110 1133
110 1141
110 1197
111 118
111 119
111 123
111 159
111 174
111 175
111 183
111 207
111 303
111 1133
112 120
112 124
112 160
112 176
112 184
112 208
112 304
112 623
112 1119
112 1134
112 1135
112 1143
112 1199
113 169
113 177
113 209
113 305
114 115
114 117
114 170
114 178
114 179
114 210
114 306
114 625
114 1129
114 1137
114 1201
115 117
115 121
115 171
115 178
115 179
115 181
115 211
115 307
115 1137
116 118
116 119
116 122
116 172
116 180
116 182
116 212
116 308
116 627
116 1131
116 1138
116 1139
116 1141
116 1203
117 121
117 173
117 179
117 181
117 185
117 213
117 309
118 119
118 122
118 123
118 174
118 180
118 182
118 183
118 186
118 214
118 310
118 629
118 1133
118 1139
118 1141
118 1145
118 1205
119 122
119 123
119 125
119 175
119 182
119 183
119 187
119 215
119 311
119 1141
120 124
120 126
120 176
120 184
120 188
120 216
120 312
120 631
120 1135
120 1142
120 1143
120 1147
120 1207
121 181
121 185
121 217
121 313
122 123
122 125
122 182
122 186
122 187
122 218
122 314
122 633
122 1141
122 1145
122 1209
123 125
123 183
123 186
123 187
123 189
123 219
123 315
123 1145
124 126
124 127
124 184
124 188
124 190
124 220
124 316
124 635
124 1143
124 1146
124 1147
124 1149
124 1211
125 187
125 189
125 221
125 317
126 127
126 188
126 190
126 191
126 222
126 318
126 637
126 1147
126 1149
126 1213
127 190
127 191
127 223
127 319
127 1149
128 192
128 224
128 320
128 639
128 1150
128 1151
128 1215
129 257
129 513
130 131
130 133
130 258
130 259
130 514
130 641
130 1089
130 1153
130 1281
131 133
131 137
131 258
131 259
131 261
131 515
131 1153
132 134
132 135
132 138
132 260
132 262
132 516
132 643
132 1091
132 1154
132 1155
132 1157
132 1283
133 137
133 145
133 259
133 261
133 265
133 517
134 135
134 138
134 139
134 146
134 260
134 262
134 263
134 266
134 518
134 645
134 1093
134 1155
134 1157
134 1161
134 1285
135 138
135 139
135 141
135 147
135 262
135 263
135 267
135 519
135 1157
136 140
136 142
136 148
136 264
136 268
136 520
136 647
136 1095
136 1158
136 1159
136 1163
136 1287
137 145
137 161
137 261
137 265
137 273
137 521
138 139
138 141
138 146
138 147
138 162
138 262
138 266
138 267
138 274
138 522
138 649
138 1097
138 1157
138 1161
138 1169
138 1289
139 141
139 146
139 147
139 149
139 163
139 263
139 266
139 267
139 269
139 275
139 523
139 1161
140 142
140 143
140 148
140 150
140 164
140 264
140 268
140 270
140 276
140 524
140 651
140 1099
140 1159
140 1162
140 1163
140 1165
140 1171
140 1291
141 147
141 149
141 153
141 165
141 267
141 269
141 277
141 525
142 143
142 148
142 150
142 151
142 154
142 166
142 268
142 270
142 271
142 278
142 526
142 653
142 1101
142 1163
142 1165
142 1173
142 1293
143 150
143 151
143 155
143 167
143 270
143 271
143 279
143 527
143 1165
144 152
144 156
144 168
144 272
144 280
144 528
144 655
144 1103
144 1166
144 1167
144 1175
144 1295
145 161
145 193
145 265
145 273
145 289
145 529
146 147
146 149
146 162
146 163
146 194
146 266
146 274
146 275
146 290
146 530
146 657
146 1105
146 1161
146 1169
146 1185
146 1297
147 149
147 153
147 162
147 163
147 165
147 195
147 267
147 274
147 275
147 277
147 291
147 531
147 1169
148 150
148 151
148 154
148 164
148 166
148 196
148 268
148 276
148 278
148 292
148 532
148 659
148 1107
148 1163
148 1170
148 1171
148 1173
148 1187
148 1299
149 153
149 163
149 165
149 169
149 197
149 269
149 275
149 277
149 281
149 293
149 533
150 151
150 154
150 155
150 164
150 166
150 167
150 170
150 198
150 270
150 276
150 278
150 279
150 282
150 294
150 534
150 661
150 1109
150 1165
150 1171
150 1173
150 1177
150 1189
150 1301
151 154
151 155
151 157
151 166
151 167
151 171
151 199
151 271
151 278
151 279
151 283
151 295
151 535
151 1173
152 156
152 158
152 168
152 172
152 200
152 272
152 280
152 284
152 296
152 536
152 663
152 1111
152 1167
152 1174
152 1175
152 1179
152 1191
152 1303
153 165
153 169
153 177
153 201
153 277
153 281
153 297
153 537
154 155
154 157
154 166
154 170
154 171
154 178
154 202
154 278
154 282
154 283
154 298
154 538
154 665
154 1113
154 1173
154 1177
154 1193
154 1305
155 157
155 167
155 170
155 171
155 173
155 179
155 203
155 279
155 282
155 283
155 285
155 299
155 539
155 1177
156 158
156 159
156 168
156 172
156 174
156 180
156 204
156 280
156 284
156 286
156 300
156 540
156 667
156 1115
156 1175
156 1178
156 1179
156 1181
156 1195
156 1307
157 171
157 173
157 181
157 205
157 283
157 285
157 301
157 541
158 159
158 172
158 174
158 175
158 182
158 206
158 284
158 286
158 287
158 302
158 542
158 669
158 1117
158 1179
158 1181
158 1197
158 1309
159 174
159 175
159 183
159 207
159 286
159 287
159 303
159 543
159 1181
160 176
160 184
160 208
160 288
160 304
160 544
160 671
160 1119
160 1182
160 1183
160 1199
160 1311
161 193
161 273
161 289
161 321
161 545
162 163
162 165
162 194
162 195
162 274
162 290
162 291
162 322
162 546
162 673
162 1121
162 1169
162 1185
162 1217
162 1313
163 165
163 169
163 194
163 195
163 197
163 275
163 290
163 291
163 293
163 323
163 547
163 1185
164 166
164 167
164 170
164 196
164 198
164 276
164 292
164 294
164 324
164 548
164 675
164 1123
164 1171
164 1186
164 1187
164 1189
164 1219
164 1315
165 169
165 177
165 195
165 197
165 201
165 277
165 291
165 293
165 297
165 325
165 549
166 167
166 170
166 171
166 178
166 196
166 198
166 199
166 202
166 278
166 292
166 294
166 295
166 298
166 326
166 550
166 677
166 1125
166 1173
166 1187
166 1189
166 1193
166 1221
166 1317
167 170
167 171
167 173
167 179
167 198
167 199
167 203
167 279
167 294
167 295
167 299
167 327
167 551
167 1189
168 172
168 174
168 180
168 200
168 204
168 280
168 296
168 300
168 328
168 552
168 679
168 1127
168 1175
168 1190
168 1191
168 1195
168 1223
168 1319
169 177
169 197
169 201
169 209
169 281
169 293
169 297
169 305
169 329
169 553
170 171
170 173
170 178
170 179
170 198
170 202
170 203
170 210
170 282
170 294
170 298
170 299
170 306
170 330
170 554
170 681
170 1129
170 1177
170 1189
170 1193
170 1201
170 1225
170 1321
171 173
171 178
171 179
171 181
171 199
171 202
171 203
171 205
171 211
171 283
171 295
171 298
171 299
171 301
171 307
171 331
171 555
171 1193
172 174
172 175
172 180
172 182
172 200
172 204
172 206
172 212
172 284
172 296
172 300
172 302
172 308
172 332
172 556
172 683
172 1131
172 1179
172 1191
172 1194
172 1195
172 1197
172 1203
172 1227
172 1323
173 179
173 181
173 185
173 203
173 205
173 213
173 285
173 299
173 301
173 309
173 333
173 557
174 175
174 180
174 182
174 183
174 186
174 204
174 206
174 207
174 214
174 286
174 300
174 302
174 303
174 310
174 334
174 558
174 685
174 1133
174 1181
174 1195
174 1197
174 1205
174 1229
174 1325
175 182
175 183
175 187
175 206
175 207
175 215
175 287
175 302
175 303
175 311
175 335
175 559
175 1197
176 184
176 188
176 208
176 216
176 288
176 304
176 312
176 336
176 560
176 687
176 1135
176 1183
176 1198
176 1199
176 1207
176 1231
176 1327
177 201
177 209
177 225
177 297
177 305
177 337
177 561
178 179
178 181
178 202
178 210
178 211
178 226
178 298
178 306
178 307
178 338
178 562
178 689
178 1137
178 1193
178 1201
178 1233
178 1329
179 181
179 185
179 203
179 210
179 211
179 213
179 227
179 299
179 306
179 307
179 309
179 339
179 563
179 1201
180 182
180 183
180 186
180 204
180 212
180 214
180 228
180 300
180 308
180 310
180 340
180 564
180 691
180 1139
180 1195
180 1202
180 1203
180 1205
180 1235
180 1331
181 185
181 205
181 211
181 213
181 217
181 229
181 301
181 307
181 309
181 313
181 341
181 565
182 183
182 186
182 187
182 206
182 212
182 214
182 215
182 218
182 230
182 302
182 308
182 310
182 311
182 314
182 342
182 566
182 693
182 1141
182 1197
182 1203
182 1205
182 1209
182 1237
182 1333
183 186
183 187
183 189
183 207
183 214
183 215
183 219
183 231
183 303
183 310
183 311
183 315
183 343
183 567
183 1205
184 188
184 190
184 208
184 216
184 220
184 232
184 304
184 312
184 316
184 344
184 568
184 695
184 1143
184 1199
184 1206
184 1207
184 1211
184 1239
184 1335
185 213
185 217
185 233
185 309
185 313
185 345
185 569
186 187
186 189
186 214
186 218
186 219
186 234
186 310
186 314
186 315
186 346
186 570
186 697
186 1145
186 1205
186 1209
186 1241
186 1337
187 189
187 215
187 218
187 219
187 221
187 235
187 311
187 314
187 315
187 317
187 347
187 571
187 1209
188 190
188 191
188 216
188 220
188 222
188 236
188 312
188 316
188 318
188 348
188 572
188 699
188 1147
188 1207
188 1210
188 1211
188 1213
188 1243
188 1339
189 219
189 221
189 237
189 315
189 317
189 349
189 573
190 191
190 220
190 222
190 223
190 238
190 316
190 318
190 319
190 350
190 574
190 701
190 1149
190 1211
190 1213
190 1245
190 1341
191 222
191 223
191 239
191 318
191 319
191 351
191 575
191 1213
192 224
192 240
192 320
192 352
192 576
192 703
192 1151
192 1214
192 1215
192 1247
192 1343
193 289
193 321
193 385
193 577
194 195
194 197
194 290
194 322
194 323
194 386
194 578
194 705
194 1185
194 1217
194 1345
195 197
195 201
195 291
195 322
195 323
195 325
195 387
195 579
195 1217
196 198
196 199
196 202
196 292
196 324
196 326
196 388
196 580
196 707
196 1187
196 1218
196 1219
196 1221
196 1347
197 201
197 209
197 293
197 323
197 325
197 329
197 389
197 581
198 199
198 202
198 203
198 210
198 294
198 324
198 326
198 327
198 330
198 390
198 582
198 709
198 1189
198 1219
198 1221
198 1225
198 1349
199 202
199 203
199 205
199 211
199 295
199 326
199 327
199 331
199 391
199 583
199 1221
200 204
200 206
200 212
200 296
200 328
200 332
200 392
200 584
200 711
200 1191
200 1222
200 1223
200 1227
200 1351
201 209
201 225
201 297
201 325
201 329
201 337
201 393
201 585
202 203
202 205
202 210
202 211
202 226
202 298
202 326
202 330
202 331
202 338
202 394
202 586
202 713
202 1193
202 1221
202 1225
202 1233
202 1353
203 205
203 210
203 211
203 213
203 227
203 299
203 327
203 330
203 331
203 333
203 339
203 395
203 587
203 1225
204 206
204 207
204 212
204 214
204 228
204 300
204 328
204 332
204 334
204 340
204 396
204 588
204 715
204 1195
204 1223
204 1226
204 1227
204 1229
204 1235
204 1355
205 211
205 213
205 217
205 229
205 301
205 331
205 333
205 341
205 397
205 589
206 207
206 212
206 214
206 215
206 218
206 230
206 302
206 332
206 334
206 335
206 342
206 398
206 590
206 717
206 1197
206 1227
206 1229
206 1237
206 1357
207 214
207 215
207 219
207 231
207 303
207 334
207 335
207 343
207 399
207 591
207 1229
208 216
208 220
208 232
208 304
208 336
208 344
208 400
208 592
208 719
208 1199
208 1230
208 1231
208 1239
208 1359
209 225
209 305
209 329
209 337
209 353
209 401
209 593
210 211
210 213
210 226
210 227
210 306
210 330
210 338
210 339
210 354
210 402
210 594
210 721
210 1201
210 1225
210 1233
210 1249
210 1361
211 213
211 217
211 226
211 227
211 229
211 307
211 331
211 338
211 339
211 341
211 355
211 403
211 595
211 1233
212 214
212 215
212 218
212 228
212 230
212 308
212 332
212 340
212 342
212 356
212 404
212 596
212 723
212 1203
212 1227
212 1234
212 1235
212 1237
212 1251
212 1363
213 217
213 227
213 229
213 233
213 309
213 333
213 339
213 341
213 345
213 357
213 405
213 597
214 215
214 218
214 219
214 228
214 230
214 231
214 234
214 310
214 334
214 340
214 342
214 343
214 346
214 358
214 406
214 598
214 725
214 1205
214 1229
214 1235
214 1237
214 1241
214 1253
214 1365
215 218
215 219
215 221
215 230
215 231
215 235
215 311
215 335
215 342
215 343
215 347
215 359
215 407
215 599
215 1237
216 220
216 222
216 232
216 236
216 312
216 336
216 344
216 348
216 360
216 408
216 600
216 727
216 1207
216 1231
216 1238
216 1239
216 1243
216 1255
216 1367
217 229
217 233
217 241
217 313
217 341
217 345
217 361
217 409
217 601
218 219
218 221
218 230
218 234
218 235
218 242
218 314
218 342
218 346
218 347
218 362
218 410
218 602
218 729
218 1209
218 1237
218 1241
218 1257
218 1369
219 221
219 231
219 234
219 235
219 237
219 243
219 315
219 343
219 346
219 347
219 349
219 363
219 411
219 603
219 1241
220 222
220 223
220 232
220 236
220 238
220 244
220 316
220 344
220 348
220 350
220 364
220 412
220 604
220 731
220 1211
220 1239
220 1242
220 1243
220 1245
220 1259
220 1371
221 235
221 237
221 245
221 317
221 347
221 349
221 365
221 413
221 605
222 223
222 236
222 238
222 239
222 246
222 318
222 348
222 350
222 351
222 366
222 414
222 606
222 733
222 1213
222 1243
222 1245
222 1261
222 1373
223 238
223 239
223 247
223 319
223 350
223 351
223 367
223 415
223 607
223 1245
224 240
224 248
224 320
224 352
224 368
224 416
224 608
224 735
224 1215
224 1246
224 1247
224 1263
224 1375
225 337
225 353
225 417
225 609
226 227
226 229
226 338
226 354
226 355
226 418
226 610
226 737
226 1233
226 1249
226 1377
227 229
227 233
227 339
227 354
227 355
227 357
227 419
227 611
227 1249
228 230
228 231
228 234
228 340
228 356
228 358
228 420
228 612
228 739
228 1235
228 1250
228 1251
228 1253
228 1379
229 233
229 241
229 341
229 355
229 357
229 361
229 421
229 613
230 231
230 234
230 235
230 242
230 342
230 356
230 358
230 359
230 362
230 422
230 614
230 741
230 1237
230 1251
230 1253
230 1257
230 1381
231 234
231 235
231 237
231 243
231 343
231 358
231 359
231 363
231 423
231 615
231 1253
232 236
232 238
232 244
232 344
232 360
232 364
232 424
232 616
232 743
232 1239
232 1254
232 1255
232 1259
232 1383
233 241
233 345
233 357
233 361
233 369
233 425
233 617
234 235
234 237
234 242
234 243
234 346
234 358
234 362
234 363
234 370
234 426
234 618
234 745
234 1241
234 1253
234 1257
234 1265
234 1385
235 237
235 242
235 243
235 245
235 347
235 359
235 362
235 363
235 365
235 371
235 427
235 619
235 1257
236 238
236 239
236 244
236 246
236 348
236 360
236 364
236 366
236 372
236 428
236 620
236 747
236 1243
236 1255
236 1258
236 1259
236 1261
236 1267
236 1387
237 243
237 245
237 249
237 349
237 363
237 365
237 373
237 429
237 621
238 239
238 244
238 246
238 247
238 250
238 350
238 364
238 366
238 367
238 374
238 430
238 622
238 749
238 1245
238 1259
238 1261
238 1269
238 1389
239 246
239 247
239 251
239 351
239 366
239 367
239 375
239 431
239 623
239 1261
240 248
240 252
240 352
240 368
240 376
240 432
240 624
240 751
240 1247
240 1262
240 1263
240 1271
240 1391
241 361
241 369
241 433
241 625
242 243
242 245
242 362
242 370
242 371
242 434
242 626
242 753
242 1257
242 1265
242 1393
243 245
243 249
243 363
243 370
243 371
243 373
243 435
243 627
243 1265
244 246
244 247
244 250
244 364
244 372
244 374
244 436
244 628
244 755
244 1259
244 1266
244 1267
244 1269
244 1395
245 249
245 365
245 371
245 373
245 377
245 437
245 629
246 247
246 250
246 251
246 366
246 372
246 374
246 375
246 378
246 438
246 630
246 757
246 1261
246 1267
246 1269
246 1273
246 1397
247 250
247 251
247 253
247 367
247 374
247 375
247 379
247 439
247 631
247 1269
248 252
248 254
248 368
248 376
248 380
248 440
248 632
248 759
248 1263
248 1270
248 1271
248 1275
248 1399
249 373
249 377
249 441
249 633
250 251
250 253
250 374
250 378
250 379
250 442
250 634
250 761
250 1269
250 1273
250 1401
251 253
251 375
251 378
251 379
251 381
251 443
251 635
251 1273
252 254
252 255
252 376
252 380
252 382
252 444
252 636
252 763
252 1271
252 1274
252 1275
252 1277
252 1403
253 379
253 381
253 445
253 637
254 255
254 380
254 382
254 383
254 446
254 638
254 765
254 1275
254 1277
254 1405
255 382
255 383
255 447
255 639
255 1277
256 384
256 448
256 640
256 767
256 1278
256 1279
256 1407
257 513
257 1025
258 259
258 261
258 514
258 515
258 769
258 1026
258 1153
258 1281
258 1537
259 261
259 265
259 514
259 515
259 517
259 1027
259 1281
260 262
260 263
260 266
260 516
260 518
260 771
260 1028
260 1155
260 1282
260 1283
260 1285
260 1539
261 265
261 273
261 515
261 517
261 521
261 1029
262 263
262 266
262 267
262 274
262 516
262 518
262 519
262 522
262 773
262 1030
262 1157
262 1283
262 1285
262 1289
262 1541
263 266
263 267
263 269
263 275
263 518
263 519
263 523
263 1031
263 1285
264 268
264 270
264 276
264 520
264 524
264 775
264 1032
264 1159
264 1286
264 1287
264 1291
264 1543
265 273
265 289
265 517
265 521
265 529
265 1033
266 267
266 269
266 274
266 275
266 290
266 518
266 522
266 523
266 530
266 777
266 1034
266 1161
266 1285
266 1289
266 1297
266 1545
267 269
267 274
267 275
267 277
267 291
267 519
267 522
267 523
267 525
267 531
267 1035
267 1289
268 270
268 271
268 276
268 278
268 292
268 520
268 524
268 526
268 532
268 779
268 1036
268 1163
268 1287
268 1290
268 1291
268 1293
268 1299
268 1547
269 275
269 277
269 281
269 293
269 523
269 525
269 533
269 1037
270 271
270 276
270 278
270 279
270 282
270 294
270 524
270 526
270 527
270 534
270 781
270 1038
270 1165
270 1291
270 1293
270 1301
270 1549
271 278
271 279
271 283
271 295
271 526
271 527
271 535
271 1039
271 1293
272 280
272 284
272 296
272 528
272 536
272 783
272 1040
272 1167
272 1294
272 1295
272 1303
272 1551
273 289
273 321
273 521
273 529
273 545
273 1041
274 275
274 277
274 290
274 291
274 322
274 522
274 530
274 531
274 546
274 785
274 1042
274 1169
274 1289
274 1297
274 1313
274 1553
275 277
275 281
275 290
275 291
275 293
275 323
275 523
275 530
275 531
275 533
275 547
275 1043
275 1297
276 278
276 279
276 282
276 292
276 294
276 324
276 524
276 532
276 534
276 548
276 787
276 1044
276 1171
276 1291
276 1298
276 1299
276 1301
276 1315
276 1555
277 281
277 291
277 293
277 297
277 325
277 525
277 531
277 533
277 537
277 549
277 1045
278 279
278 282
278 283
278 292
278 294
278 295
278 298
278 326
278 526
278 532
278 534
278 535
278 538
278 550
278 789
278 1046
278 1173
278 1293
278 1299
278 1301
278 1305
278 1317
278 1557
279 282
279 283
279 285
279 294
279 295
279 299
279 327
279 527
279 534
279 535
279 539
279 551
279 1047
279 1301
280 284
280 286
280 296
280 300
280 328
280 528
280 536
280 540
280 552
280 791
280 1048
280 1175
280 1295
280 1302
280 1303
280 1307
280 1319
280 1559
281 293
281 297
281 305
281 329
281 533
281 537
281 553
281 1049
282 283
282 285
282 294
282 298
282 299
282 306
282 330
282 534
282 538
282 539
282 554
282 793
282 1050
282 1177
282 1301
282 1305
282 1321
282 1561
283 285
283 295
283 298
283 299
283 301
283 307
283 331
283 535
283 538
283 539
283 541
283 555
283 1051
283 1305
284 286
284 287
284 296
284 300
284 302
284 308
284 332
284 536
284 540
284 542
284 556
284 795
284 1052
284 1179
284 1303
284 1306
284 1307
284 1309
284 1323
284 1563
285 299
285 301
285 309
285 333
285 539
285 541
285 557
285 1053
286 287
286 300
286 302
286 303
286 310
286 334
286 540
286 542
286 543
286 558
286 797
286 1054
286 1181
286 1307
286 1309
286 1325
286 1565
287 302
287 303
287 311
287 335
287 542
287 543
287 559
287 1055
287 1309
288 304
288 312
288 336
288 544
288 560
288 799
288 1056
288 1183
288 1310
288 1311
288 1327
288 1567
289 321
289 385
289 529
289 545
289 577
289 1057
290 291
290 293
290 322
290 323
290 386
290 530
290 546
290 547
290 578
290 801
290 1058
290 1185
290 1297
290 1313
290 1345
290 1569
291 293
291 297
291 322
291 323
291 325
291 387
291 531
291 546
291 547
291 549
291 579
291 1059
291 1313
292 294
292 295
292 298
292 324
292 326
292 388
292 532
292 548
292 550
292 580
292 803
292 1060
292 1187
292 1299
292 1314
292 1315
292 1317
292 1347
292 1571
293 297
293 305
293 323
293 325
293 329
293 389
293 533
293 547
293 549
293 553
293 581
293 1061
294 295
294 298
294 299
294 306
294 324
294 326
294 327
294 330
294 390
294 534
294 548
294 550
294 551
294 554
294 582
294 805
294 1062
294 1189
294 1301
294 1315
294 1317
294 1321
294 1349
294 1573
295 298
295 299
295 301
295 307
295 326
295 327
295 331
295 391
295 535
295 550
295 551
295 555
295 583
295 1063
295 1317
296 300
296 302
296 308
296 328
296 332
296 392
296 536
296 552
296 556
296 584
296 807
296 1064
296 1191
296 1303
296 1318
296 1319
296 1323
296 1351
296 1575
297 305
297 325
297 329
297 337
297 393
297 537
297 549
297 553
297 561
297 585
297 1065
298 299
298 301
298 306
298 307
298 326
298 330
298 331
298 338
298 394
298 538
298 550
298 554
298 555
298 562
298 586
298 809
298 1066
298 1193
298 1305
298 1317
298 1321
298 1329
298 1353
298 1577
299 301
299 306
299 307
299 309
299 327
299 330
299 331
299 333
299 339
299 395
299 539
299 551
299 554
299 555
299 557
299 563
299 587
299 1067
299 1321
300 302
300 303
300 308
300 310
300 328
300 332
300 334
300 340
300 396
300 540
300 552
300 556
300 558
300 564
300 588
300 811
300 1068
300 1195
300 1307
300 1319
300 1322
300 1323
300 1325
300 1331
300 1355
300 1579
301 307
301 309
301 313
301 331
301 333
301 341
301 397
301 541
301 555
301 557
301 565
301 589
301 1069
302 303
302 308
302 310
302 311
302 314
302 332
302 334
302 335
302 342
302 398
302 542
302 556
302 558
302 559
302 566
302 590
302 813
302 1070
302 1197
302 1309
302 1323
302 1325
302 1333
302 1357
302 1581
303 310
303 311
303 315
303 334
303 335
303 343
303 399
303 543
303 558
303 559
303 567
303 591
303 1071
303 1325
304 312
304 316
304 336
304 344
304 400
304 544
304 560
304 568
304 592
304 815
304 1072
304 1199
304 1311
304 1326
304 1327
304 1335
304 1359
304 1583
305 329
305 337
305 353
305 401
305 553
305 561
305 593
305 1073
306 307
306 309
306 330
306 338
306 339
306 354
306 402
306 554
306 562
306 563
306 594
306 817
306 1074
306 1201
306 1321
306 1329
306 1361
306 1585
307 309
307 313
307 331
307 338
307 339
307 341
307 355
307 403
307 555
307 562
307 563
307 565
307 595
307 1075
307 1329
308 310
308 311
308 314
308 332
308 340
308 342
308 356
308 404
308 556
308 564
308 566
308 596
308 819
308 1076
308 1203
308 1323
308 1330
308 1331
308 1333
308 1363
308 1587
309 313
309 333
309 339
309 341
309 345
309 357
309 405
309 557
309 563
309 565
309 569
309 597
309 1077
310 311
310 314
310 315
310 334
310 340
310 342
310 343
310 346
310 358
310 406
310 558
310 564
310 566
310 567
310 570
310 598
310 821
310 1078
310 1205
310 1325
310 1331
310 1333
310 1337
310 1365
310 1589
311 314
311 315
311 317
311 335
311 342
311 343
311 347
311 359
311 407
311 559
311 566
311 567
311 571
311 599
311 1079
311 1333
312 316
312 318
312 336
312 344
312 348
312 360
312 408
312 560
312 568
312 572
312 600
312 823
312 1080
312 1207
312 1327
312 1334
312 1335
312 1339
312 1367
312 1591
313 341
313 345
313 361
313 409
313 565
313 569
313 601
313 1081
314 315
314 317
314 342
314 346
314 347
314 362
314 410
314 566
314 570
314 571
314 602
314 825
314 1082
314 1209
314 1333
314 1337
314 1369
314 1593
315 317
315 343
315 346
315 347
315 349
315 363
315 411
315 567
315 570
315 571
315 573
315 603
315 1083
315 1337
316 318
316 319
316 344
316 348
316 350
316 364
316 412
316 568
316 572
316 574
316 604
316 827
316 1084
316 1211
316 1335
316 1338
316 1339
316 1341
316 1371
316 1595
317 347
317 349
317 365
317 413
317 571
317 573
317 605
317 1085
318 319
318 348
318 350
318 351
318 366
318 414
318 572
318 574
318 575
318 606
318 829
318 1086
318 1213
318 1339
318 1341
318 1373
318 1597
319 350
319 351
319 367
319 415
319 574
319 575
319 607
319 1087
319 1341
320 352
320 368
320 416
320 576
320 608
320 831
320 1088
320 1215
320 1342
320 1343
320 1375
320 1599
321 385
321 545
321 577
321 641
321 1089
322 323
322 325
322 386
322 387
322 546
322 578
322 579
322 642
322 833
322 1090
322 1217
322 1313
322 1345
322 1409
322 1601
323 325
323 329
323 386
323 387
323 389
323 547
323 578
323 579
323 581
323 643
323 1091
323 1345
324 326
324 327
324 330
324 388
324 390
324 548
324 580
324 582
324 644
324 835
324 1092
324 1219
324 1315
324 1346
324 1347
324 1349
324 1411
324 1603
325 329
325 337
325 387
325 389
325 393
325 549
325 579
325 581
325 585
325 645
325 1093
326 327
326 330
326 331
326 338
326 388
326 390
326 391
326 394
326 550
326 580
326 582
326 583
326 586
326 646
326 837
326 1094
326 1221
326 1317
326 1347
326 1349
326 1353
326 1413
326 1605
327 330
327 331
327 333
327 339
327 390
327 391
327 395
327 551
327 582
327 583
327 587
327 647
327 1095
327 1349
328 332
328 334
328 340
328 392
328 396
328 552
328 584
328 588
328 648
328 839
328 1096
328 1223
328 1319
328 1350
328 1351
328 1355
328 1415
328 1607
329 337
329 353
329 389
329 393
329 401
329 553
329 581
329 585
329 593
329 649
329 1097
330 331
330 333
330 338
330 339
330 354
330 390
330 394
330 395
330 402
330 554
330 582
330 586
330 587
330 594
330 650
330 841
330 1098
330 1225
330 1321
330 1349
330 1353
330 1361
330 1417
330 1609
331 333
331 338
331 339
331 341
331 355
331 391
331 394
331 395
331 397
331 403
331 555
331 583
331 586
331 587
331 589
331 595
331 651
331 1099
331 1353
332 334
332 335
332 340
332 342
332 356
332 392
332 396
332 398
332 404
332 556
332 584
332 588
332 590
332 596
332 652
332 843
332 1100
332 1227
332 1323
332 1351
332 1354
332 1355
332 1357
332 1363
332 1419
332 1611
333 339
333 341
333 345
333 357
333 395
333 397
333 405
333 557
333 587
333 589
333 597
333 653
333 1101
334 335
334 340
334 342
334 343
334 346
334 358
334 396
334 398
334 399
334 406
334 558
334 588
334 590
334 591
334 598
334 654
334 845
334 1102
334 1229
334 1325
334 1355
334 1357
334 1365
334 1421
334 1613
335 342
335 343
335 347
335 359
335 398
335 399
335 407
335 559
335 590
335 591
335 599
335 655
335 1103
335 1357
336 344
336 348
336 360
336 400
336 408
336 560
336 592
336 600
336 656
336 847
336 1104
336 1231
336 1327
336 1358
336 1359
336 1367
336 1423
336 1615
337 353
337 393
337 401
337 417
337 561
337 585
337 593
337 609
337 657
337 1105
338 339
338 341
338 354
338 355
338 394
338 402
338 403
338 418
338 562
338 586
338 594
338 595
338 610
338 658
338 849
338 1106
338 1233
338 1329
338 1353
338 1361
338 1377
338 1425
338 1617
339 341
339 345
339 354
339 355
339 357
339 395
339 402
339 403
339 405
339 419
339 563
339 587
339 594
339 595
339 597
339 611
339 659
339 1107
339 1361
340 342
340 343
340 346
340 356
340 358
340 396
340 404
340 406
340 420
340 564
340 588
340 596
340 598
340 612
340 660
340 851
340 1108
340 1235
340 1331
340 1355
340 1362
340 1363
340 1365
340 1379
340 1427
340 1619
341 345
341 355
341 357
341 361
341 397
341 403
341 405
341 409
341 421
341 565
341 589
341 595
341 597
341 601
341 613
341 661
341 1109
342 343
342 346
342 347
342 356
342 358
342 359
342 362
342 398
342 404
342 406
342 407
342 410
342 422
342 566
342 590
342 596
342 598
342 599
342 602
342 614
342 662
342 853
342 1110
342 1237
342 1333
342 1357
342 1363
342 1365
342 1369
342 1381
342 1429
342 1621
343 346
343 347
343 349
343 358
343 359
343 363
343 399
343 406
343 407
343 411
343 423
343 567
343 591
343 598
343 599
343 603
343 615
343 663
343 1111
343 1365
344 348
344 350
344 360
344 364
344 400
344 408
344 412
344 424
344 568
344 592
344 600
344 604
344 616
344 664
344 855
344 1112
344 1239
344 1335
344 1359
344 1366
344 1367
344 1371
344 1383
344 1431
344 1623
345 357
345 361
345 369
345 405
345 409
345 425
345 569
345 597
345 601
345 617
345 665
345 1113
346 347
346 349
346 358
346 362
346 363
346 370
346 406
346 410
346 411
346 426
346 570
346 598
346 602
346 603
346 618
346 666
346 857
346 1114
346 1241
346 1337
346 1365
346 1369
346 1385
346 1433
346 1625
347 349
347 359
347 362
347 363
347 365
347 371
347 407
347 410
347 411
347 413
347 427
347 571
347 599
347 602
347 603
347 605
347 619
347 667
347 1115
347 1369
348 350
348 351
348 360
348 364
348 366
348 372
348 408
348 412
348 414
348 428
348 572
348 600
348 604
348 606
348 620
348 668
348 859
348 1116
348 1243
348 1339
348 1367
348 1370
348 1371
348 1373
348 1387
348 1435
348 1627
349 363
349 365
349 373
349 411
349 413
349 429
349 573
349 603
349 605
349 621
349 669
349 1117
350 351
350 364
350 366
350 367
350 374
350 412
350 414
350 415
350 430
350 574
350 604
350 606
350 607
350 622
350 670
350 861
350 1118
350 1245
350 1341
350 1371
350 1373
350 1389
350 1437
350 1629
351 366
351 367
351 375
351 414
351 415
351 431
351 575
351 606
351 607
351 623
351 671
351 1119
351 1373
352 368
352 376
352 416
352 432
352 576
352 608
352 624
352 672
352 863
352 1120
352 1247
352 1343
352 1374
352 1375
352 1391
352 1439
352 1631
353 401
353 417
353 449
353 593
353 609
353 673
353 1121
354 355
354 357
354 402
354 418
354 419
354 450
354 594
354 610
354 611
354 674
354 865
354 1122
354 1249
354 1361
354 1377
354 1441
354 1633
355 357
355 361
355 403
355 418
355 419
355 421
355 451
355 595
355 610
355 611
355 613
355 675
355 1123
355 1377
356 358
356 359
356 362
356 404
356 420
356 422
356 452
356 596
356 612
356 614
356 676
356 867
356 1124
356 1251
356 1363
356 1378
356 1379
356 1381
356 1443
356 1635
357 361
357 369
357 405
357 419
357 421
357 425
357 453
357 597
357 611
357 613
357 617
357 677
357 1125
358 359
358 362
358 363
358 370
358 406
358 420
358 422
358 423
358 426
358 454
358 598
358 612
358 614
358 615
358 618
358 678
358 869
358 1126
358 1253
358 1365
358 1379
358 1381
358 1385
358 1445
358 1637
359 362
359 363
359 365
359 371
359 407
359 422
359 423
359 427
359 455
359 599
359 614
359 615
359 619
359 679
359 1127
359 1381
360 364
360 366
360 372
360 408
360 424
360 428
360 456
360 600
360 616
360 620
360 680
360 871
360 1128
360 1255
360 1367
360 1382
360 1383
360 1387
360 1447
360 1639
361 369
361 409
361 421
361 425
361 433
361 457
361 601
361 613
361 617
361 625
361 681
361 1129
362 363
362 365
362 370
362 371
362 410
362 422
362 426
362 427
362 434
362 458
362 602
362 614
362 618
362 619
362 626
362 682
362 873
362 1130
362 1257
362 1369
362 1381
362 1385
362 1393
362 1449
362 1641
363 365
363 370
363 371
363 373
363 411
363 423
363 426
363 427
363 429
363 435
363 459
363 603
363 615
363 618
363 619
363 621
363 627
363 683
363 1131
363 1385
364 366
364 367
364 372
364 374
364 412
364 424
364 428
364 430
364 436
364 460
364 604
364 616
364 620
364 622
364 628
364 684
364 875
364 1132
364 1259
364 1371
364 1383
364 1386
364 1387
364 1389
364 1395
364 1451
364 1643
365 371
365 373
365 377
365 413
365 427
365 429
365 437
365 461
365 605
365 619
365 621
365 629
365 685
365 1133
366 367
366 372
366 374
366 375
366 378
366 414
366 428
366 430
366 431
366 438
366 462
366 606
366 620
366 622
366 623
366 630
366 686
366 877
366 1134
366 1261
366 1373
366 1387
366 1389
366 1397
366 1453
366 1645
367 374
367 375
367 379
367 415
367 430
367 431
367 439
367 463
367 607
367 622
367 623
367 631
367 687
367 1135
367 1389
368 376
368 380
368 416
368 432
368 440
368 464
368 608
368 624
368 632
368 688
368 879
368 1136
368 1263
368 1375
368 1390
368 1391
368 1399
368 1455
368 1647
369 425
369 433
369 465
369 617
369 625
369 689
369 1137
370 371
370 373
370 426
370 434
370 435
370 466
370 618
370 626
370 627
370 690
370 881
370 1138
370 1265
370 1385
370 1393
370 1457
370 1649
371 373
371 377
371 427
371 434
371 435
371 437
371 467
371 619
371 626
371 627
371 629
371 691
371 1139
371 1393
372 374
372 375
372 378
372 428
372 436
372 438
372 468
372 620
372 628
372 630
372 692
372 883
372 1140
372 1267
372 1387
372 1394
372 1395
372 1397
372 1459
372 1651
373 377
373 429
373 435
373 437
373 441
373 469
373 621
373 627
373 629
373 633
373 693
373 1141
374 375
374 378
374 379
374 430
374 436
374 438
374 439
374 442
374 470
374 622
374 628
374 630
374 631
374 634
374 694
374 885
374 1142
374 1269
374 1389
374 1395
374 1397
374 1401
374 1461
374 1653
375 378
375 379
375 381
375 431
375 438
375 439
375 443
375 471
375 623
375 630
375 631
375 635
375 695
375 1143
375 1397
376 380
376 382
376 432
376 440
376 444
376 472
376 624
376 632
376 636
376 696
376 887
376 1144
376 1271
376 1391
376 1398
376 1399
376 1403
376 1463
376 1655
377 437
377 441
377 473
377 629
377 633
377 697
377 1145
378 379
378 381
378 438
378 442
378 443
378 474
378 630
378 634
378 635
378 698
378 889
378 1146
378 1273
378 1397
378 1401
378 1465
378 1657
379 381
379 439
379 442
379 443
379 445
379 475
379 631
379 634
379 635
379 637
379 699
379 1147
379 1401
380 382
380 383
380 440
380 444
380 446
380 476
380 632
380 636
380 638
380 700
380 891
380 1148
380 1275
380 1399
380 1402
380 1403
380 1405
380 1467
380 1659
381 443
381 445
381 477
381 635
381 637
381 701
381 1149
382 383
382 444
382 446
382 447
382 478
382 636
382 638
382 639
382 702
382 893
382 1150
382 1277
382 1403
382 1405
382 1469
382 1661
383 446
383 447
383 479
383 638
383 639
383 703
383 1151
383 1405
384 448
384 480
384 640
384 704
384 895
384 1152
384 1279
384 1406
384 1407
384 1471
384 1663
385 577
385 641
385 769
385 1153
386 387
386 389
386 578
386 642
386 643
386 770
386 897
386 1154
386 1345
386 1409
386 1665
387 389
387 393
387 579
387 642
387 643
387 645
387 771
387 1155
387 1409
388 390
388 391
388 394
388 580
388 644
388 646
388 772
388 899
388 1156
388 1347
388 1410
388 1411
388 1413
388 1667
389 393
389 401
389 581
389 643
389 645
389 649
389 773
389 1157
390 391
390 394
390 395
390 402
390 582
390 644
390 646
390 647
390 650
390 774
390 901
390 1158
390 1349
390 1411
390 1413
390 1417
390 1669
391 394
391 395
391 397
391 403
391 583
391 646
391 647
391 651
391 775
391 1159
391 1413
392 396
392 398
392 404
392 584
392 648
392 652
392 776
392 903
392 1160
392 1351
392 1414
392 1415
392 1419
392 1671
393 401
393 417
393 585
393 645
393 649
393 657
393 777
393 1161
394 395
394 397
394 402
394 403
394 418
394 586
394 646
394 650
394 651
394 658
394 778
394 905
394 1162
394 1353
394 1413
394 1417
394 1425
394 1673
395 397
395 402
395 403
395 405
395 419
395 587
395 647
395 650
395 651
395 653
395 659
395 779
395 1163
395 1417
396 398
396 399
396 404
396 406
396 420
396 588
396 648
396 652
396 654
396 660
396 780
396 907
396 1164
396 1355
396 1415
396 1418
396 1419
396 1421
396 1427
396 1675
397 403
397 405
397 409
397 421
397 589
397 651
397 653
397 661
397 781
397 1165
398 399
398 404
398 406
398 407
398 410
398 422
398 590
398 652
398 654
398 655
398 662
398 782
398 909
398 1166
398 1357
398 1419
398 1421
398 1429
398 1677
399 406
399 407
399 411
399 423
399 591
399 654
399 655
399 663
399 783
399 1167
399 1421
400 408
400 412
400 424
400 592
400 656
400 664
400 784
400 911
400 1168
400 1359
400 1422
400 1423
400 1431
400 1679
401 417
401 449
401 593
401 649
401 657
401 673
401 785
401 1169
402 403
402 405
402 418
402 419
402 450
402 594
402 650
402 658
402 659
402 674
402 786
402 913
402 1170
402 1361
402 1417
402 1425
402 1441
402 1681
403 405
403 409
403 418
403 419
403 421
403 451
403 595
403 651
403 658
403 659
403 661
403 675
403 787
403 1171
403 1425
404 406
404 407
404 410
404 420
404 422
404 452
404 596
404 652
404 660
404 662
404 676
404 788
404 915
404 1172
404 1363
404 1419
404 1426
404 1427
404 1429
404 1443
404 1683
405 409
405 419
405 421
405 425
405 453
405 597
405 653
405 659
405 661
405 665
405 677
405 789
405 1173
406 407
406 410
406 411
406 420
406 422
406 423
406 426
406 454
406 598
406 654
406 660
406 662
406 663
406 666
406 678
406 790
406 917
406 1174
406 1365
406 1421
406 1427
406 1429
406 1433
406 1445
406 1685
407 410
407 411
407 413
407 422
407 423
407 427
407 455
407 599
407 655
407 662
407 663
407 667
407 679
407 791
407 1175
407 1429
408 412
408 414
408 424
408 428
408 456
408 600
408 656
408 664
408 668
408 680
408 792
408 919
408 1176
408 1367
408 1423
408 1430
408 1431
408 1435
408 1447
408 1687
409 421
409 425
409 433
409 457
409 601
409 661
409 665
409 681
409 793
409 1177
410 411
410 413
410 422
410 426
410 427
410 434
410 458
410 602
410 662
410 666
410 667
410 682
410 794
410 921
410 1178
410 1369
410 1429
410 1433
410 1449
410 1689
411 413
411 423
411 426
411 427
411 429
411 435
411 459
411 603
411 663
411 666
411 667
411 669
411 683
411 795
411 1179
411 1433
412 414
412 415
412 424
412 428
412 430
412 436
412 460
412 604
412 664
412 668
412 670
412 684
412 796
412 923
412 1180
412 1371
412 1431
412 1434
412 1435
412 1437
412 1451
412 1691
413 427
413 429
413 437
413 461
413 605
413 667
413 669
413 685
413 797
413 1181
414 415
414 428
414 430
414 431
414 438
414 462
414 606
414 668
414 670
414 671
414 686
414 798
414 925
414 1182
414 1373
414 1435
414 1437
414 1453
414 1693
415 430
415 431
415 439
415 463
415 607
415 670
415 671
415 687
415 799
415 1183
415 1437
416 432
416 440
416 464
416 608
416 672
416 688
416 800
416 927
416 1184
416 1375
416 1438
416 1439
416 1455
416 1695
417 449
417 609
417 657
417 673
417 705
417 801
417 1185
418 419
418 421
418 450
418 451
418 610
418 658
418 674
418 675
418 706
418 802
418 929
418 1186
418 1377
418 1425
418 1441
418 1473
418 1697
419 421
419 425
419 450
419 451
419 453
419 611
419 659
419 674
419 675
419 677
419 707
419 803
419 1187
419 1441
420 422
420 423
420 426
420 452
420 454
420 612
420 660
420 676
420 678
420 708
420 804
420 931
420 1188
420 1379
420 1427
420 1442
420 1443
420 1445
420 1475
420 1699
421 425
421 433
421 451
421 453
421 457
421 613
421 661
421 675
421 677
421 681
421 709
421 805
421 1189
422 423
422 426
422 427
422 434
422 452
422 454
422 455
422 458
422 614
422 662
422 676
422 678
422 679
422 682
422 710
422 806
422 933
422 1190
422 1381
422 1429
422 1443
422 1445
422 1449
422 1477
422 1701
423 426
423 427
423 429
423 435
423 454
423 455
423 459
423 615
423 663
423 678
423 679
423 683
423 711
423 807
423 1191
423 1445
424 428
424 430
424 436
424 456
424 460
424 616
424 664
424 680
424 684
424 712
424 808
424 935
424 1192
424 1383
424 1431
424 1446
424 1447
424 1451
424 1479
424 1703
425 433
425 453
425 457
425 465
425 617
425 665
425 677
425 681
425 689
425 713
425 809
425 1193
426 427
426 429
426 434
426 435
426 454
426 458
426 459
426 466
426 618
426 666
426 678
426 682
426 683
426 690
426 714
426 810
426 937
426 1194
426 1385
426 1433
426 1445
426 1449
426 1457
426 1481
426 1705
427 429
427 434
427 435
427 437
427 455
427 458
427 459
427 461
427 467
427 619
427 667
427 679
427 682
427 683
427 685
427 691
427 715
427 811
427 1195
427 1449
428 430
428 431
428 436
428 438
428 456
428 460
428 462
428 468
428 620
428 668
428 680
428 684
428 686
428 692
428 716
428 812
428 939
428 1196
428 1387
428 1435
428 1447
428 1450
428 1451
428 1453
428 1459
428 1483
428 1707
429 435
429 437
429 441
429 459
429 461
429 469
429 621
429 669
429 683
429 685
429 693
429 717
429 813
429 1197
430 431
430 436
430 438
430 439
430 442
430 460
430 462
430 463
430 470
430 622
430 670
430 684
430 686
430 687
430 694
430 718
430 814
430 941
430 1198
430 1389
430 1437
430 1451
430 1453
430 1461
430 1485
430 1709
431 438
431 439
431 443
431 462
431 463
431 471
431 623
431 671
431 686
431 687
431 695
431 719
431 815
431 1199
431 1453
432 440
432 444
432 464
432 472
432 624
432 672
432 688
432 696
432 720
432 816
432 943
432 1200
432 1391
432 1439
432 1454
432 1455
432 1463
432 1487
432 1711
433 457
433 465
433 481
433 625
433 681
433 689
433 721
433 817
433 1201
434 435
434 437
434 458
434 466
434 467
434 482
434 626
434 682
434 690
434 691
434 722
434 818
434 945
434 1202
434 1393
434 1449
434 1457
434 1489
434 1713
435 437
435 441
435 459
435 466
435 467
435 469
435 483
435 627
435 683
435 690
435 691
435 693
435 723
435 819
435 1203
435 1457
436 438
436 439
436 442
436 460
436 468
436 470
436 484
436 628
436 684
436 692
436 694
436 724
436 820
436 947
436 1204
436 1395
436 1451
436 1458
436 1459
436 1461
436 1491
436 1715
437 441
437 461
437 467
437 469
437 473
437 485
437 629
437 685
437 691
437 693
437 697
437 725
437 821
437 1205
438 439
438 442
438 443
438 462
438 468
438 470
438 471
438 474
438 486
438 630
438 686
438 692
438 694
438 695
438 698
438 726
438 822
438 949
438 1206
438 1397
438 1453
438 1459
438 1461
438 1465
438 1493
438 1717
439 442
439 443
439 445
439 463
439 470
439 471
439 475
439 487
439 631
439 687
439 694
439 695
439 699
439 727
439 823
439 1207
439 1461
440 444
440 446
440 464
440 472
440 476
440 488
440 632
440 688
440 696
440 700
440 728
440 824
440 951
440 1208
440 1399
440 1455
440 1462
440 1463
440 1467
440 1495
440 1719
441 469
441 473
441 489
441 633
441 693
441 697
441 729
441 825
441 1209
442 443
442 445
442 470
442 474
442 475
442 490
442 634
442 694
442 698
442 699
442 730
442 826
442 953
442 1210
442 1401
442 1461
442 1465
442 1497
442 1721
443 445
443 471
443 474
443 475
443 477
443 491
443 635
443 695
443 698
443 699
443 701
443 731
443 827
443 1211
443 1465
444 446
444 447
444 472
444 476
444 478
444 492
444 636
444 696
444 700
444 702
444 732
444 828
444 955
444 1212
444 1403
444 1463
444 1466
444 1467
444 1469
444 1499
444 1723
445 475
445 477
445 493
445 637
445 699
445 701
445 733
445 829
445 1213
446 447
446 476
446 478
446 479
446 494
446 638
446 700
446 702
446 703
446 734
446 830
446 957
446 1214
446 1405
446 1467
446 1469
446 1501
446 1725
447 478
447 479
447 495
447 639
447 702
447 703
447 735
447 831
447 1215
447 1469
448 480
448 496
448 640
448 704
448 736
448 832
448 959
448 1216
448 1407
448 1470
448 1471
448 1503
448 1727
449 673
449 705
449 833
449 1217
450 451
450 453
450 674
450 706
450 707
450 834
450 961
450 1218
450 1441
450 1473
450 1729
451 453
451 457
451 675
451 706
451 707
451 709
451 835
451 1219
451 1473
452 454
452 455
452 458
452 676
452 708
452 710
452 836
452 963
452 1220
452 1443
452 1474
452 1475
452 1477
452 1731
453 457
453 465
453 677
453 707
453 709
453 713
453 837
453 1221
454 455
454 458
454 459
454 466
454 678
454 708
454 710
454 711
454 714
454 838
454 965
454 1222
454 1445
454 1475
454 1477
454 1481
454 1733
455 458
455 459
455 461
455 467
455 679
455 710
455 711
455 715
455 839
455 1223
455 1477
456 460
456 462
456 468
456 680
456 712
456 716
456 840
456 967
456 1224
456 1447
456 1478
456 1479
456 1483
456 1735
457 465
457 481
457 681
457 709
457 713
457 721
457 841
457 1225
458 459
458 461
458 466
458 467
458 482
458 682
458 710
458 714
458 715
458 722
458 842
458 969
458 1226
458 1449
458 1477
458 1481
458 1489
458 1737
459 461
459 466
459 467
459 469
459 483
459 683
459 711
459 714
459 715
459 717
459 723
459 843
459 1227
459 1481
460 462
460 463
460 468
460 470
460 484
460 684
460 712
460 716
460 718
460 724
460 844
460 971
460 1228
460 1451
460 1479
460 1482
460 1483
460 1485
460 1491
460 1739
461 467
461 469
461 473
461 485
461 685
461 715
461 717
461 725
461 845
461 1229
462 463
462 468
462 470
462 471
462 474
462 486
462 686
462 716
462 718
462 719
462 726
462 846
462 973
462 1230
462 1453
462 1483
462 1485
462 1493
462 1741
463 470
463 471
463 475
463 487
463 687
463 718
463 719
463 727
463 847
463 1231
463 1485
464 472
464 476
464 488
464 688
464 720
464 728
464 848
464 975
464 1232
464 1455
464 1486
464 1487
464 1495
464 1743
465 481
465 689
465 713
465 721
465 737
465 849
465 1233
466 467
466 469
466 482
466 483
466 690
466 714
466 722
466 723
466 738
466 850
466 977
466 1234
466 1457
466 1481
466 1489
466 1505
466 1745
467 469
467 473
467 482
467 483
467 485
467 691
467 715
467 722
467 723
467 725
467 739
467 851
467 1235
467 1489
468 470
468 471
468 474
468 484
468 486
468 692
468 716
468 724
468 726
468 740
468 852
468 979
468 1236
468 1459
468 1483
468 1490
468 1491
468 1493
468 1507
468 1747
469 473
469 483
469 485
469 489
469 693
469 717
469 723
469 725
469 729
469 741
469 853
469 1237
470 471
470 474
470 475
470 484
470 486
470 487
470 490
470 694
470 718
470 724
470 726
470 727
470 730
470 742
470 854
470 981
470 1238
470 1461
470 1485
470 1491
470 1493
470 1497
470 1509
470 1749
471 474
471 475
471 477
471 486
471 487
471 491
471 695
471 719
471 726
471 727
471 731
471 743
471 855
471 1239
471 1493
472 476
472 478
472 488
472 492
472 696
472 720
472 728
472 732
472 744
472 856
472 983
472 1240
472 1463
472 1487
472 1494
472 1495
472 1499
472 1511
472 1751
473 485
473 489
473 497
473 697
473 725
473 729
473 745
473 857
473 1241
474 475
474 477
474 486
474 490
474 491
474 498
474 698
474 726
474 730
474 731
474 746
474 858
474 985
474 1242
474 1465
474 1493
474 1497
474 1513
474 1753
475 477
475 487
475 490
475 491
475 493
475 499
475 699
475 727
475 730
475 731
475 733
475 747
475 859
475 1243
475 1497
476 478
476 479
476 488
476 492
476 494
476 500
476 700
476 728
476 732
476 734
476 748
476 860
476 987
476 1244
476 1467
476 1495
476 1498
476 1499
476 1501
476 1515
476 1755
477 491
477 493
477 501
477 701
477 731
477 733
477 749
477 861
477 1245
478 479
478 492
478 494
478 495
478 502
478 702
478 732
478 734
478 735
478 750
478 862
478 989
478 1246
478 1469
478 1499
478 1501
478 1517
478 1757
479 494
479 495
479 503
479 703
479 734
479 735
479 751
479 863
479 1247
479 1501
480 496
480 504
480 704
480 736
480 752
480 864
480 991
480 1248
480 1471
480 1502
480 1503
480 1519
480 1759
481 721
481 737
481 865
481 1249
482 483
482 485
482 722
482 738
482 739
482 866
482 993
482 1250
482 1489
482 1505
482 1761
483 485
483 489
483 723
483 738
483 739
483 741
483 867
483 1251
483 1505
484 486
484 487
484 490
484 724
484 740
484 742
484 868
484 995
484 1252
484 1491
484 1506
484 1507
484 1509
484 1763
485 489
485 497
485 725
485 739
485 741
485 745
485 869
485 1253
486 487
486 490
486 491
486 498
486 726
486 740
486 742
486 743
486 746
486 870
486 997
486 1254
486 1493
486 1507
486 1509
486 1513
486 1765
487 490
487 491
487 493
487 499
487 727
487 742
487 743
487 747
487 871
487 1255
487 1509
488 492
488 494
488 500
488 728
488 744
488 748
488 872
488 999
488 1256
488 1495
488 1510
488 1511
488 1515
488 1767
489 497
489 729
489 741
489 745
489 753
489 873
489 1257
490 491
490 493
490 498
490 499
490 730
490 742
490 746
490 747
490 754
490 874
490 1001
490 1258
490 1497
490 1509
490 1513
490 1521
490 1769
491 493
491 498
491 499
491 501
491 731
491 743
491 746
491 747
491 749
491 755
491 875
491 1259
491 1513
492 494
492 495
492 500
492 502
492 732
492 744
492 748
492 750
492 756
492 876
492 1003
492 1260
492 1499
492 1511
492 1514
492 1515
492 1517
492 1523
492 1771
493 499
493 501
493 505
493 733
493 747
493 749
493 757
493 877
493 1261
494 495
494 500
494 502
494 503
494 506
494 734
494 748
494 750
494 751
494 758
494 878
494 1005
494 1262
494 1501
494 1515
494 1517
494 1525
494 1773
495 502
495 503
495 507
495 735
495 750
495 751
495 759
495 879
495 1263
495 1517
496 504
496 508
496 736
496 752
496 760
496 880
496 1007
496 1264
496 1503
496 1518
496 1519
496 1527
496 1775
497 745
497 753
497 881
497 1265
498 499
498 501
498 746
498 754
498 755
498 882
498 1009
498 1266
498 1513
498 1521
498 1777
499 501
499 505
499 747
499 754
499 755
499 757
499 883
499 1267
499 1521
500 502
500 503
500 506
500 748
500 756
500 758
500 884
500 1011
500 1268
500 1515
500 1522
500 1523
500 1525
500 1779
501 505
501 749
501 755
501 757
501 761
501 885
501 1269
502 503
502 506
502 507
502 750
502 756
502 758
502 759
502 762
502 886
502 1013
502 1270
502 1517
502 1523
502 1525
502 1529
502 1781
503 506
503 507
503 509
503 751
503 758
503 759
503 763
503 887
503 1271
503 1525
504 508
504 510
504 752
504 760
504 764
504 888
504 1015
504 1272
504 1519
504 1526
504 1527
504 1531
504 1783
505 757
505 761
505 889
505 1273
506 507
506 509
506 758
506 762
506 763
506 890
506 1017
506 1274
506 1525
506 1529
506 1785
507 509
507 759
507 762
507 763
507 765
507 891
507 1275
507 1529
508 510
508 511
508 760
508 764
508 766
508 892
508 1019
508 1276
508 1527
508 1530
508 1531
508 1533
508 1787
509 763
509 765
509 893
509 1277
510 511
510 764
510 766
510 767
510 894
510 1021
510 1278
510 1531
510 1533
510 1789
511 766
511 767
511 895
511 1279
511 1533
512 768
512 896
512 1023
512 1280
512 1534
512 1535
512 1791
513 1025
514 515
514 517
514 1026
514 1027
514 1281
514 1537
515 517
515 521
515 1026
515 1027
515 1029
515 1537
516 518
516 519
516 522
516 1028
516 1030
516 1283
516 1538
516 1539
516 1541
517 521
517 529
517 1027
517 1029
517 1033
518 519
518 522
518 523
518 530
518 1028
518 1030
518 1031
518 1034
518 1285
518 1539
518 1541
518 1545
519 522
519 523
519 525
519 531
519 1030
519 1031
519 1035
519 1541
520 524
520 526
520 532
520 1032
520 1036
520 1287
520 1542
520 1543
520 1547
521 529
521 545
521 1029
521 1033
521 1041
522 523
522 525
522 530
522 531
522 546
522 1030
522 1034
522 1035
522 1042
522 1289
522 1541
522 1545
522 1553
523 525
523 530
523 531
523 533
523 547
523 1031
523 1034
523 1035
523 1037
523 1043
523 1545
524 526
524 527
524 532
524 534
524 548
524 1032
524 1036
524 1038
524 1044
524 1291
524 1543
524 1546
524 1547
524 1549
524 1555
525 531
525 533
525 537
525 549
525 1035
525 1037
525 1045
526 527
526 532
526 534
526 535
526 538
526 550
526 1036
526 1038
526 1039
526 1046
526 1293
526 1547
526 1549
526 1557
527 534
527 535
527 539
527 551
527 1038
527 1039
527 1047
527 1549
528 536
528 540
528 552
528 1040
528 1048
528 1295
528 1550
528 1551
528 1559
529 545
529 577
529 1033
529 1041
529 1057
530 531
530 533
530 546
530 547
530 578
530 1034
530 1042
530 1043
530 1058
530 1297
530 1545
530 1553
530 1569
531 533
531 537
531 546
531 547
531 549
531 579
531 1035
531 1042
531 1043
531 1045
531 1059
531 1553
532 534
532 535
532 538
532 548
532 550
532 580
532 1036
532 1044
532 1046
532 1060
532 1299
532 1547
532 1554
532 1555
532 1557
532 1571
533 537
533 547
533 549
533 553
533 581
533 1037
533 1043
533 1045
533 1049
533 1061
534 535
534 538
534 539
534 548
534 550
534 551
534 554
534 582
534 1038
534 1044
534 1046
534 1047
534 1050
534 1062
534 1301
534 1549
534 1555
534 1557
534 1561
534 1573
535 538
535 539
535 541
535 550
535 551
535 555
535 583
535 1039
535 1046
535 1047
535 1051
535 1063
535 1557
536 540
536 542
536 552
536 556
536 584
536 1040
536 1048
536 1052
536 1064
536 1303
536 1551
536 1558
536 1559
536 1563
536 1575
537 549
537 553
537 561
537 585
537 1045
537 1049
537 1065
538 539
538 541
538 550
538 554
538 555
538 562
538 586
538 1046
538 1050
538 1051
538 1066
538 1305
538 1557
538 1561
538 1577
539 541
539 551
539 554
539 555
539 557
539 563
539 587
539 1047
539 1050
539 1051
539 1053
539 1067
539 1561
540 542
540 543
540 552
540 556
540 558
540 564
540 588
540 1048
540 1052
540 1054
540 1068
540 1307
540 1559
540 1562
540 1563
540 1565
540 1579
541 555
541 557
541 565
541 589
541 1051
541 1053
541 1069
542 543
542 556
542 558
542 559
542 566
542 590
542 1052
542 1054
542 1055
542 1070
542 1309
542 1563
542 1565
542 1581
543 558
543 559
543 567
543 591
543 1054
543 1055
543 1071
543 1565
544 560
544 568
544 592
544 1056
544 1072
544 1311
544 1566
544 1567
544 1583
545 577
545 641
545 1041
545 1057
545 1089
546 547
546 549
546 578
546 579
546 642
546 1042
546 1058
546 1059
546 1090
546 1313
546 1553
546 1569
546 1601
547 549
547 553
547 578
547 579
547 581
547 643
547 1043
547 1058
547 1059
547 1061
547 1091
547 1569
548 550
548 551
548 554
548 580
548 582
548 644
548 1044
548 1060
548 1062
548 1092
548 1315
548 1555
548 1570
548 1571
548 1573
548 1603
549 553
549 561
549 579
549 581
549 585
549 645
549 1045
549 1059
549 1061
549 1065
549 1093
550 551
550 554
550 555
550 562
550 580
550 582
550 583
550 586
550 646
550 1046
550 1060
550 1062
550 1063
550 1066
550 1094
550 1317
550 1557
550 1571
550 1573
550 1577
550 1605
551 554
551 555
551 557
551 563
551 582
551 583
551 587
551 647
551 1047
551 1062
551 1063
551 1067
551 1095
551 1573
552 556
552 558
552 564
552 584
552 588
552 648
552 1048
552 1064
552 1068
552 1096
552 1319
552 1559
552 1574
552 1575
552 1579
552 1607
553 561
553 581
553 585
553 593
553 649
553 1049
553 1061
553 1065
553 1073
553 1097
554 555
554 557
554 562
554 563
554 582
554 586
554 587
554 594
554 650
554 1050
554 1062
554 1066
554 1067
554 1074
554 1098
554 1321
554 1561
554 1573
554 1577
554 1585
554 1609
555 557
555 562
555 563
555 565
555 583
555 586
555 587
555 589
555 595
555 651
555 1051
555 1063
555 1066
555 1067
555 1069
555 1075
555 1099
555 1577
556 558
556 559
556 564
556 566
556 584
556 588
556 590
556 596
556 652
556 1052
556 1064
556 1068
556 1070
556 1076
556 1100
556 1323
556 1563
556 1575
556 1578
556 1579
556 1581
556 1587
556 1611
557 563
557 565
557 569
557 587
557 589
557 597
557 653
557 1053
557 1067
557 1069
557 1077
557 1101
558 559
558 564
558 566
558 567
558 570
558 588
558 590
558 591
558 598
558 654
558 1054
558 1068
558 1070
558 1071
558 1078
558 1102
558 1325
558 1565
558 1579
558 1581
558 1589
558 1613
559 566
559 567
559 571
559 590
559 591
559 599
559 655
559 1055
559 1070
559 1071
559 1079
559 1103
559 1581
560 568
560 572
560 592
560 600
560 656
560 1056
560 1072
560 1080
560 1104
560 1327
560 1567
560 1582
560 1583
560 1591
560 1615
561 585
561 593
561 609
561 657
561 1065
561 1073
561 1105
562 563
562 565
562 586
562 594
562 595
562 610
562 658
562 1066
562 1074
562 1075
562 1106
562 1329
562 1577
562 1585
562 1617
563 565
563 569
563 587
563 594
563 595
563 597
563 611
563 659
563 1067
563 1074
563 1075
563 1077
563 1107
563 1585
564 566
564 567
564 570
564 588
564 596
564 598
564 612
564 660
564 1068
564 1076
564 1078
564 1108
564 1331
564 1579
564 1586
564 1587
564 1589
564 1619
565 569
565 589
565 595
565 597
565 601
565 613
565 661
565 1069
565 1075
565 1077
565 1081
565 1109
566 567
566 570
566 571
566 590
566 596
566 598
566 599
566 602
566 614
566 662
566 1070
566 1076
566 1078
566 1079
566 1082
566 1110
566 1333
566 1581
566 1587
566 1589
566 1593
566 1621
567 570
567 571
567 573
567 591
567 598
567 599
567 603
567 615
567 663
567 1071
567 1078
567 1079
567 1083
567 1111
567 1589
568 572
568 574
568 592
568 600
568 604
568 616
568 664
568 1072
568 1080
568 1084
568 1112
568 1335
568 1583
568 1590
568 1591
568 1595
568 1623
569 597
569 601
569 617
569 665
569 1077
569 1081
569 1113
570 571
570 573
570 598
570 602
570 603
570 618
570 666
570 1078
570 1082
570 1083
570 1114
570 1337
570 1589
570 1593
570 1625
571 573
571 599
571 602
571 603
571 605
571 619
571 667
571 1079
571 1082
571 1083
571 1085
571 1115
571 1593
572 574
572 575
572 600
572 604
572 606
572 620
572 668
572 1080
572 1084
572 1086
572 1116
572 1339
572 1591
572 1594
572 1595
572 1597
572 1627
573 603
573 605
573 621
573 669
573 1083
573 1085
573 1117
574 575
574 604
574 606
574 607
574 622
574 670
574 1084
574 1086
574 1087
574 1118
574 1341
574 1595
574 1597
574 1629
575 606
575 607
575 623
575 671
575 1086
575 1087
575 1119
575 1597
576 608
576 624
576 672
576 1088
576 1120
576 1343
576 1598
576 1599
576 1631
577 641
577 769
577 1057
577 1089
577 1153
578 579
578 581
578 642
578 643
578 770
578 1058
578 1090
578 1091
578 1154
578 1345
578 1569
578 1601
578 1665
579 581
579 585
579 642
579 643
579 645
579 771
579 1059
579 1090
579 1091
579 1093
579 1155
579 1601
580 582
580 583
580 586
580 644
580 646
580 772
580 1060
580 1092
580 1094
580 1156
580 1347
580 1571
580 1602
580 1603
580 1605
580 1667
581 585
581 593
581 643
581 645
581 649
581 773
581 1061
581 1091
581 1093
581 1097
581 1157
582 583
582 586
582 587
582 594
582 644
582 646
582 647
582 650
582 774
582 1062
582 1092
582 1094
582 1095
582 1098
582 1158
582 1349
582 1573
582 1603
582 1605
582 1609
582 1669
583 586
583 587
583 589
583 595
583 646
583 647
583 651
583 775
583 1063
583 1094
583 1095
583 1099
583 1159
583 1605
584 588
584 590
584 596
584 648
584 652
584 776
584 1064
584 1096
584 1100
584 1160
584 1351
584 1575
584 1606
584 1607
584 1611
584 1671
585 593
585 609
585 645
585 649
585 657
585 777
585 1065
585 1093
585 1097
585 1105
585 1161
586 587
586 589
586 594
586 595
586 610
586 646
586 650
586 651
586 658
586 778
586 1066
586 1094
586 1098
586 1099
586 1106
586 1162
586 1353
586 1577
586 1605
586 1609
586 1617
586 1673
587 589
587 594
587 595
587 597
587 611
587 647
587 650
587 651
587 653
587 659
587 779
587 1067
587 1095
587 1098
587 1099
587 1101
587 1107
587 1163
587 1609
588 590
588 591
588 596
588 598
588 612
588 648
588 652
588 654
588 660
588 780
588 1068
588 1096
588 1100
588 1102
588 1108
588 1164
588 1355
588 1579
588 1607
588 1610
588 1611
588 1613
588 1619
588 1675
589 595
589 597
589 601
589 613
589 651
589 653
589 661
589 781
589 1069
589 1099
589 1101
589 1109
589 1165
590 591
590 596
590 598
590 599
590 602
590 614
590 652
590 654
590 655
590 662
590 782
590 1070
590 1100
590 1102
590 1103
590 1110
590 1166
590 1357
590 1581
590 1611
590 1613
590 1621
590 1677
591 598
591 599
591 603
591 615
591 654
591 655
591 663
591 783
591 1071
591 1102
591 1103
591 1111
591 1167
591 1613
592 600
592 604
592 616
592 656
592 664
592 784
592 1072
592 1104
592 1112
592 1168
592 1359
592 1583
592 1614
592 1615
592 1623
592 1679
593 609
593 649
593 657
593 673
593 785
593 1073
593 1097
593 1105
593 1121
593 1169
594 595
594 597
594 610
594 611
594 650
594 658
594 659
594 674
594 786
594 1074
594 1098
594 1106
594 1107
594 1122
594 1170
594 1361
594 1585
594 1609
594 1617
594 1633
594 1681
595 597
595 601
595 610
595 611
595 613
595 651
595 658
595 659
595 661
595 675
595 787
595 1075
595 1099
595 1106
595 1107
595 1109
595 1123
595 1171
595 1617
596 598
596 599
596 602
596 612
596 614
596 652
596 660
596 662
596 676
596 788
596 1076
596 1100
596 1108
596 1110
596 1124
596 1172
596 1363
596 1587
596 1611
596 1618
596 1619
596 1621
596 1635
596 1683
597 601
597 611
597 613
597 617
597 653
597 659
597 661
597 665
597 677
597 789
597 1077
597 1101
597 1107
597 1109
597 1113
597 1125
597 1173
598 599
598 602
598 603
598 612
598 614
598 615
598 618
598 654
598 660
598 662
598 663
598 666
598 678
598 790
598 1078
598 1102
598 1108
598 1110
598 1111
598 1114
598 1126
598 1174
598 1365
598 1589
598 1613
598 1619
598 1621
598 1625
598 1637
598 1685
599 602
599 603
599 605
599 614
599 615
599 619
599 655
599 662
599 663
599 667
599 679
599 791
599 1079
599 1103
599 1110
599 1111
599 1115
599 1127
599 1175
599 1621
600 604
600 606
600 616
600 620
600 656
600 664
600 668
600 680
600 792
600 1080
600 1104
600 1112
600 1116
600 1128
600 1176
600 1367
600 1591
600 1615
600 1622
600 1623
600 1627
600 1639
600 1687
601 613
601 617
601 625
601 661
601 665
601 681
601 793
601 1081
601 1109
601 1113
601 1129
601 1177
602 603
602 605
602 614
602 618
602 619
602 626
602 662
602 666
602 667
602 682
602 794
602 1082
602 1110
602 1114
602 1115
602 1130
602 1178
602 1369
602 1593
602 1621
602 1625
602 1641
602 1689
603 605
603 615
603 618
603 619
603 621
603 627
603 663
603 666
603 667
603 669
603 683
603 795
603 1083
603 1111
603 1114
603 1115
603 1117
603 1131
603 1179
603 1625
604 606
604 607
604 616
604 620
604 622
604 628
604 664
604 668
604 670
604 684
604 796
604 1084
604 1112
604 1116
604 1118
604 1132
604 1180
604 1371
604 1595
604 1623
604 1626
604 1627
604 1629
604 1643
604 1691
605 619
605 621
605 629
605 667
605 669
605 685
605 797
605 1085
605 1115
605 1117
605 1133
605 1181
606 607
606 620
606 622
606 623
606 630
606 668
606 670
606 671
606 686
606 798
606 1086
606 1116
606 1118
606 1119
606 1134
606 1182
606 1373
606 1597
606 1627
606 1629
606 1645
606 1693
607 622
607 623
607 631
607 670
607 671
607 687
607 799
607 1087
607 1118
607 1119
607 1135
607 1183
607 1629
608 624
608 632
608 672
608 688
608 800
608 1088
608 1120
608 1136
608 1184
608 1375
608 1599
608 1630
608 1631
608 1647
608 1695
609 657
609 673
609 705
609 801
609 1105
609 1121
609 1185
610 611
610 613
610 658
610 674
610 675
610 706
610 802
610 1106
610 1122
610 1123
610 1186
610 1377
610 1617
610 1633
610 1697
611 613
611 617
611 659
611 674
611 675
611 677
611 707
611 803
611 1107
611 1122
611 1123
611 1125
611 1187
611 1633
612 614
612 615
612 618
612 660
612 676
612 678
612 708
612 804
612 1108
612 1124
612 1126
612 1188
612 1379
612 1619
612 1634
612 1635
612 1637
612 1699
613 617
613 625
613 661
613 675
613 677
613 681
613 709
613 805
613 1109
613 1123
613 1125
613 1129
613 1189
614 615
614 618
614 619
614 626
614 662
614 676
614 678
614 679
614 682
614 710
614 806
614 1110
614 1124
614 1126
614 1127
614 1130
614 1190
614 1381
614 1621
614 1635
614 1637
614 1641
614 1701
615 618
615 619
615 621
615 627
615 663
615 678
615 679
615 683
615 711
615 807
615 1111
615 1126
615 1127
615 1131
615 1191
615 1637
616 620
616 622
616 628
616 664
616 680
616 684
616 712
616 808
616 1112
616 1128
616 1132
616 1192
616 1383
616 1623
616 1638
616 1639
616 1643
616 1703
617 625
617 665
617 677
617 681
617 689
617 713
617 809
617 1113
617 1125
617 1129
617 1137
617 1193
618 619
618 621
618 626
618 627
618 666
618 678
618 682
618 683
618 690
618 714
618 810
618 1114
618 1126
618 1130
618 1131
618 1138
618 1194
618 1385
618 1625
618 1637
618 1641
618 1649
618 1705
619 621
619 626
619 627
619 629
619 667
619 679
619 682
619 683
619 685
619 691
619 715
619 811
619 1115
619 1127
619 1130
619 1131
619 1133
619 1139
619 1195
619 1641
620 622
620 623
620 628
620 630
620 668
620 680
620 684
620 686
620 692
620 716
620 812
620 1116
620 1128
620 1132
620 1134
620 1140
620 1196
620 1387
620 1627
620 1639
620 1642
620 1643
620 1645
620 1651
620 1707
621 627
621 629
621 633
621 669
621 683
621 685
621 693
621 717
621 813
621 1117
621 1131
621 1133
621 1141
621 1197
622 623
622 628
622 630
622 631
622 634
622 670
622 684
622 686
622 687
622 694
622 718
622 814
622 1118
622 1132
622 1134
622 1135
622 1142
622 1198
622 1389
622 1629
622 1643
622 1645
622 1653
622 1709
623 630
623 631
623 635
623 671
623 686
623 687
623 695
623 719
623 815
623 1119
623 1134
623 1135
623 1143
623 1199
623 1645
624 632
624 636
624 672
624 688
624 696
624 720
624 816
624 1120
624 1136
624 1144
624 1200
624 1391
624 1631
624 1646
624 1647
624 1655
624 1711
625 681
625 689
625 721
625 817
625 1129
625 1137
625 1201
626 627
626 629
626 682
626 690
626 691
626 722
626 818
626 1130
626 1138
626 1139
626 1202
626 1393
626 1641
626 1649
626 1713
627 629
627 633
627 683
627 690
627 691
627 693
627 723
627 819
627 1131
627 1138
627 1139
627 1141
627 1203
627 1649
628 630
628 631
628 634
628 684
628 692
628 694
628 724
628 820
628 1132
628 1140
628 1142
628 1204
628 1395
628 1643
628 1650
628 1651
628 1653
628 1715
629 633
629 685
629 691
629 693
629 697
629 725
629 821
629 1133
629 1139
629 1141
629 1145
629 1205
630 631
630 634
630 635
630 686
630 692
630 694
630 695
630 698
630 726
630 822
630 1134
630 1140
630 1142
630 1143
630 1146
630 1206
630 1397
630 1645
630 1651
630 1653
630 1657
630 1717
631 634
631 635
631 637
631 687
631 694
631 695
631 699
631 727
631 823
631 1135
631 1142
631 1143
631 1147
631 1207
631 1653
632 636
632 638
632 688
632 696
632 700
632 728
632 824
632 1136
632 1144
632 1148
632 1208
632 1399
632 1647
632 1654
632 1655
632 1659
632 1719
633 693
633 697
633 729
633 825
633 1141
633 1145
633 1209
634 635
634 637
634 694
634 698
634 699
634 730
634 826
634 1142
634 1146
634 1147
634 1210
634 1401
634 1653
634 1657
634 1721
635 637
635 695
635 698
635 699
635 701
635 731
635 827
635 1143
635 1146
635 1147
635 1149
635 1211
635 1657
636 638
636 639
636 696
636 700
636 702
636 732
636 828
636 1144
636 1148
636 1150
636 1212
636 1403
636 1655
636 1658
636 1659
636 1661
636 1723
637 699
637 701
637 733
637 829
637 1147
637 1149
637 1213
638 639
638 700
638 702
638 703
638 734
638 830
638 1148
638 1150
638 1151
638 1214
638 1405
638 1659
638 1661
638 1725
639 702
639 703
639 735
639 831
639 1150
639 1151
639 1215
639 1661
640 704
640 736
640 832
640 1152
640 1216
640 1407
640 1662
640 1663
640 1727
641 769
641 1089
641 1153
641 1281
642 643
642 645
642 770
642 771
642 1090
642 1154
642 1155
642 1282
642 1409
642 1601
642 1665
642 1793
643 645
643 649
643 770
643 771
643 773
643 1091
643 1154
643 1155
643 1157
643 1283
643 1665
644 646
644 647
644 650
644 772
644 774
644 1092
644 1156
644 1158
644 1284
644 1411
644 1603
644 1666
644 1667
644 1669
644 1795
645 649
645 657
645 771
645 773
645 777
645 1093
645 1155
645 1157
645 1161
645 1285
646 647
646 650
646 651
646 658
646 772
646 774
646 775
646 778
646 1094
646 1156
646 1158
646 1159
646 1162
646 1286
646 1413
646 1605
646 1667
646 1669
646 1673
646 1797
647 650
647 651
647 653
647 659
647 774
647 775
647 779
647 1095
647 1158
647 1159
647 1163
647 1287
647 1669
648 652
648 654
648 660
648 776
648 780
648 1096
648 1160
648 1164
648 1288
648 1415
648 1607
648 1670
648 1671
648 1675
648 1799
649 657
649 673
649 773
649 777
649 785
649 1097
649 1157
649 1161
649 1169
649 1289
650 651
650 653
650 658
650 659
650 674
650 774
650 778
650 779
650 786
650 1098
650 1158
650 1162
650 1163
650 1170
650 1290
650 1417
650 1609
650 1669
650 1673
650 1681
650 1801
651 653
651 658
651 659
651 661
651 675
651 775
651 778
651 779
651 781
651 787
651 1099
651 1159
651 1162
651 1163
651 1165
651 1171
651 1291
651 1673
652 654
652 655
652 660
652 662
652 676
652 776
652 780
652 782
652 788
652 1100
652 1160
652 1164
652 1166
652 1172
652 1292
652 1419
652 1611
652 1671
652 1674
652 1675
652 1677
652 1683
652 1803
653 659
653 661
653 665
653 677
653 779
653 781
653 789
653 1101
653 1163
653 1165
653 1173
653 1293
654 655
654 660
654 662
654 663
654 666
654 678
654 780
654 782
654 783
654 790
654 1102
654 1164
654 1166
654 1167
654 1174
654 1294
654 1421
654 1613
654 1675
654 1677
654 1685
654 1805
655 662
655 663
655 667
655 679
655 782
655 783
655 791
655 1103
655 1166
655 1167
655 1175
655 1295
655 1677
656 664
656 668
656 680
656 784
656 792
656 1104
656 1168
656 1176
656 1296
656 1423
656 1615
656 1678
656 1679
656 1687
656 1807
657 673
657 705
657 777
657 785
657 801
657 1105
657 1161
657 1169
657 1185
657 1297
658 659
658 661
658 674
658 675
658 706
658 778
658 786
658 787
658 802
658 1106
658 1162
658 1170
658 1171
658 1186
658 1298
658 1425
658 1617
658 1673
658 1681
658 1697
658 1809
659 661
659 665
659 674
659 675
659 677
659 707
659 779
659 786
659 787
659 789
659 803
659 1107
659 1163
659 1170
659 1171
659 1173
659 1187
659 1299
659 1681
660 662
660 663
660 666
660 676
660 678
660 708
660 780
660 788
660 790
660 804
660 1108
660 1164
660 1172
660 1174
660 1188
660 1300
660 1427
660 1619
660 1675
660 1682
660 1683
660 1685
660 1699
660 1811
661 665
661 675
661 677
661 681
661 709
661 781
661 787
661 789
661 793
661 805
661 1109
661 1165
661 1171
661 1173
661 1177
661 1189
661 1301
662 663
662 666
662 667
662 676
662 678
662 679
662 682
662 710
662 782
662 788
662 790
662 791
662 794
662 806
662 1110
662 1166
662 1172
662 1174
662 1175
662 1178
662 1190
662 1302
662 1429
662 1621
662 1677
662 1683
662 1685
662 1689
662 1701
662 1813
663 666
663 667
663 669
663 678
663 679
663 683
663 711
663 783
663 790
663 791
663 795
663 807
663 1111
663 1167
663 1174
663 1175
663 1179
663 1191
663 1303
663 1685
664 668
664 670
664 680
664 684
664 712
664 784
664 792
664 796
664 808
664 1112
664 1168
664 1176
664 1180
664 1192
664 1304
664 1431
664 1623
664 1679
664 1686
664 1687
664 1691
664 1703
664 1815
665 677
665 681
665 689
665 713
665 789
665 793
665 809
665 1113
665 1173
665 1177
665 1193
665 1305
666 667
666 669
666 678
666 682
666 683
666 690
666 714
666 790
666 794
666 795
666 810
666 1114
666 1174
666 1178
666 1179
666 1194
666 1306
666 1433
666 1625
666 1685
666 1689
666 1705
666 1817
667 669
667 679
667 682
667 683
667 685
667 691
667 715
667 791
667 794
667 795
667 797
667 811
667 1115
667 1175
667 1178
667 1179
667 1181
667 1195
667 1307
667 1689
668 670
668 671
668 680
668 684
668 686
668 692
668 716
668 792
668 796
668 798
668 812
668 1116
668 1176
668 1180
668 1182
668 1196
668 1308
668 1435
668 1627
668 1687
668 1690
668 1691
668 1693
668 1707
668 1819
669 683
669 685
669 693
669 717
669 795
669 797
669 813
669 1117
669 1179
669 1181
669 1197
669 1309
670 671
670 684
670 686
670 687
670 694
670 718
670 796
670 798
670 799
670 814
670 1118
670 1180
670 1182
670 1183
670 1198
670 1310
670 1437
670 1629
670 1691
670 1693
670 1709
670 1821
671 686
671 687
671 695
671 719
671 798
671 799
671 815
671 1119
671 1182
671 1183
671 1199
671 1311
671 1693
672 688
672 696
672 720
672 800
672 816
672 1120
672 1184
672 1200
672 1312
672 1439
672 1631
672 1694
672 1695
672 1711
672 1823
673 705
673 785
673 801
673 833
673 1121
673 1169
673 1185
673 1217
673 1313
674 675
674 677
674 706
674 707
674 786
674 802
674 803
674 834
674 1122
674 1170
674 1186
674 1187
674 1218
674 1314
674 1441
674 1633
674 1681
674 1697
674 1729
674 1825
675 677
675 681
675 706
675 707
675 709
675 787
675 802
675 803
675 805
675 835
675 1123
675 1171
675 1186
675 1187
675 1189
675 1219
675 1315
675 1697
676 678
676 679
676 682
676 708
676 710
676 788
676 804
676 806
676 836
676 1124
676 1172
676 1188
676 1190
676 1220
676 1316
676 1443
676 1635
676 1683
676 1698
676 1699
676 1701
676 1731
676 1827
677 681
677 689
677 707
677 709
677 713
677 789
677 803
677 805
677 809
677 837
677 1125
677 1173
677 1187
677 1189
677 1193
677 1221
677 1317
678 679
678 682
678 683
678 690
678 708
678 710
678 711
678 714
678 790
678 804
678 806
678 807
678 810
678 838
678 1126
678 1174
678 1188
678 1190
678 1191
678 1194
678 1222
678 1318
678 1445
678 1637
678 1685
678 1699
678 1701
678 1705
678 1733
678 1829
679 682
679 683
679 685
679 691
679 710
679 711
679 715
679 791
679 806
679 807
679 811
679 839
679 1127
679 1175
679 1190
679 1191
679 1195
679 1223
679 1319
679 1701
680 684
680 686
680 692
680 712
680 716
680 792
680 808
680 812
680 840
680 1128
680 1176
680 1192
680 1196
680 1224
680 1320
680 1447
680 1639
680 1687
680 1702
680 1703
680 1707
680 1735
680 1831
681 689
681 709
681 713
681 721
681 793
681 805
681 809
681 817
681 841
681 1129
681 1177
681 1189
681 1193
681 1201
681 1225
681 1321
682 683
682 685
682 690
682 691
682 710
682 714
682 715
682 722
682 794
682 806
682 810
682 811
682 818
682 842
682 1130
682 1178
682 1190
682 1194
682 1195
682 1202
682 1226
682 1322
682 1449
682 1641
682 1689
682 1701
682 1705
682 1713
682 1737
682 1833
683 685
683 690
683 691
683 693
683 711
683 714
683 715
683 717
683 723
683 795
683 807
683 810
683 811
683 813
683 819
683 843
683 1131
683 1179
683 1191
683 1194
683 1195
683 1197
683 1203
683 1227
683 1323
683 1705
684 686
684 687
684 692
684 694
684 712
684 716
684 718
684 724
684 796
684 808
684 812
684 814
684 820
684 844
684 1132
684 1180
684 1192
684 1196
684 1198
684 1204
684 1228
684 1324
684 1451
684 1643
684 1691
684 1703
684 1706
684 1707
684 1709
684 1715
684 1739
684 1835
685 691
685 693
685 697
685 715
685 717
685 725
685 797
685 811
685 813
685 821
685 845
685 1133
685 1181
685 1195
685 1197
685 1205
685 1229
685 1325
686 687
686 692
686 694
686 695
686 698
686 716
686 718
686 719
686 726
686 798
686 812
686 814
686 815
686 822
686 846
686 1134
686 1182
686 1196
686 1198
686 1199
686 1206
686 1230
686 1326
686 1453
686 1645
686 1693
686 1707
686 1709
686 1717
686 1741
686 1837
687 694
687 695
687 699
687 718
687 719
687 727
687 799
687 814
687 815
687 823
687 847
687 1135
687 1183
687 1198
687 1199
687 1207
687 1231
687 1327
687 1709
688 696
688 700
688 720
688 728
688 800
688 816
688 824
688 848
688 1136
688 1184
688 1200
688 1208
688 1232
688 1328
688 1455
688 1647
688 1695
688 1710
688 1711
688 1719
688 1743
688 1839
689 713
689 721
689 737
689 809
689 817
689 849
689 1137
689 1193
689 1201
689 1233
689 1329
690 691
690 693
690 714
690 722
690 723
690 738
690 810
690 818
690 819
690 850
690 1138
690 1194
690 1202
690 1203
690 1234
690 1330
690 1457
690 1649
690 1705
690 1713
690 1745
690 1841
691 693
691 697
691 715
691 722
691 723
691 725
691 739
691 811
691 818
691 819
691 821
691 851
691 1139
691 1195
691 1202
691 1203
691 1205
691 1235
691 1331
691 1713
692 694
692 695
692 698
692 716
692 724
692 726
692 740
692 812
692 820
692 822
692 852
692 1140
692 1196
692 1204
692 1206
692 1236
692 1332
692 1459
692 1651
692 1707
692 1714
692 1715
692 1717
692 1747
692 1843
693 697
693 717
693 723
693 725
693 729
693 741
693 813
693 819
693 821
693 825
693 853
693 1141
693 1197
693 1203
693 1205
693 1209
693 1237
693 1333
694 695
694 698
694 699
694 718
694 724
694 726
694 727
694 730
694 742
694 814
694 820
694 822
694 823
694 826
694 854
694 1142
694 1198
694 1204
694 1206
694 1207
694 1210
694 1238
694 1334
694 1461
694 1653
694 1709
694 1715
694 1717
694 1721
694 1749
694 1845
695 698
695 699
695 701
695 719
695 726
695 727
695 731
695 743
695 815
695 822
695 823
695 827
695 855
695 1143
695 1199
695 1206
695 1207
695 1211
695 1239
695 1335
695 1717
696 700
696 702
696 720
696 728
696 732
696 744
696 816
696 824
696 828
696 856
696 1144
696 1200
696 1208
696 1212
696 1240
696 1336
696 1463
696 1655
696 1711
696 1718
696 1719
696 1723
696 1751
696 1847
697 725
697 729
697 745
697 821
697 825
697 857
697 1145
697 1205
697 1209
697 1241
697 1337
698 699
698 701
698 726
698 730
698 731
698 746
698 822
698 826
698 827
698 858
698 1146
698 1206
698 1210
698 1211
698 1242
698 1338
698 1465
698 1657
698 1717
698 1721
698 1753
698 1849
699 701
699 727
699 730
699 731
699 733
699 747
699 823
699 826
699 827
699 829
699 859
699 1147
699 1207
699 1210
699 1211
699 1213
699 1243
699 1339
699 1721
700 702
700 703
700 728
700 732
700 734
700 748
700 824
700 828
700 830
700 860
700 1148
700 1208
700 1212
700 1214
700 1244
700 1340
700 1467
700 1659
700 1719
700 1722
700 1723
700 1725
700 1755
700 1851
701 731
701 733
701 749
701 827
701 829
701 861
701 1149
701 1211
701 1213
701 1245
701 1341
702 703
702 732
702 734
702 735
702 750
702 828
702 830
702 831
702 862
702 1150
702 1212
702 1214
702 1215
702 1246
702 1342
702 1469
702 1661
702 1723
702 1725
702 1757
702 1853
703 734
703 735
703 751
703 830
703 831
703 863
703 1151
703 1214
703 1215
703 1247
703 1343
703 1725
704 736
704 752
704 832
704 864
704 1152
704 1216
704 1248
704 1344
704 1471
704 1663
704 1726
704 1727
704 1759
704 1855
705 801
705 833
705 897
705 1185
705 1217
705 1345
706 707
706 709
706 802
706 834
706 835
706 898
706 1186
706 1218
706 1219
706 1346
706 1473
706 1697
706 1729
706 1857
707 709
707 713
707 803
707 834
707 835
707 837
707 899
707 1187
707 1218
707 1219
707 1221
707 1347
707 1729
708 710
708 711
708 714
708 804
708 836
708 838
708 900
708 1188
708 1220
708 1222
708 1348
708 1475
708 1699
708 1730
708 1731
708 1733
708 1859
709 713
709 721
709 805
709 835
709 837
709 841
709 901
709 1189
709 1219
709 1221
709 1225
709 1349
710 711
710 714
710 715
710 722
710 806
710 836
710 838
710 839
710 842
710 902
710 1190
710 1220
710 1222
710 1223
710 1226
710 1350
710 1477
710 1701
710 1731
710 1733
710 1737
710 1861
711 714
711 715
711 717
711 723
711 807
711 838
711 839
711 843
711 903
711 1191
711 1222
711 1223
711 1227
711 1351
711 1733
712 716
712 718
712 724
712 808
712 840
712 844
712 904
712 1192
712 1224
712 1228
712 1352
712 1479
712 1703
712 1734
712 1735
712 1739
712 1863
713 721
713 737
713 809
713 837
713 841
713 849
713 905
713 1193
713 1221
713 1225
713 1233
713 1353
714 715
714 717
714 722
714 723
714 738
714 810
714 838
714 842
714 843
714 850
714 906
714 1194
714 1222
714 1226
714 1227
714 1234
714 1354
714 1481
714 1705
714 1733
714 1737
714 1745
714 1865
715 717
715 722
715 723
715 725
715 739
715 811
715 839
715 842
715 843
715 845
715 851
715 907
715 1195
715 1223
715 1226
715 1227
715 1229
715 1235
715 1355
715 1737
716 718
716 719
716 724
716 726
716 740
716 812
716 840
716 844
716 846
716 852
716 908
716 1196
716 1224
716 1228
716 1230
716 1236
716 1356
716 1483
716 1707
716 1735
716 1738
716 1739
716 1741
716 1747
716 1867
717 723
717 725
717 729
717 741
717 813
717 843
717 845
717 853
717 909
717 1197
717 1227
717 1229
717 1237
717 1357
718 719
718 724
718 726
718 727
718 730
718 742
718 814
718 844
718 846
718 847
718 854
718 910
718 1198
718 1228
718 1230
718 1231
718 1238
718 1358
718 1485
718 1709
718 1739
718 1741
718 1749
718 1869
719 726
719 727
719 731
719 743
719 815
719 846
719 847
719 855
719 911
719 1199
719 1230
719 1231
719 1239
719 1359
719 1741
720 728
720 732
720 744
720 816
720 848
720 856
720 912
720 1200
720 1232
720 1240
720 1360
720 1487
720 1711
720 1742
720 1743
720 1751
720 1871
721 737
721 817
721 841
721 849
721 865
721 913
721 1201
721 1225
721 1233
721 1249
721 1361
722 723
722 725
722 738
722 739
722 818
722 842
722 850
722 851
722 866
722 914
722 1202
722 1226
722 1234
722 1235
722 1250
722 1362
722 1489
722 1713
722 1737
722 1745
722 1761
722 1873
723 725
723 729
723 738
723 739
723 741
723 819
723 843
723 850
723 851
723 853
723 867
723 915
723 1203
723 1227
723 1234
723 1235
723 1237
723 1251
723 1363
723 1745
724 726
724 727
724 730
724 740
724 742
724 820
724 844
724 852
724 854
724 868
724 916
724 1204
724 1228
724 1236
724 1238
724 1252
724 1364
724 1491
724 1715
724 1739
724 1746
724 1747
724 1749
724 1763
724 1875
725 729
725 739
725 741
725 745
725 821
725 845
725 851
725 853
725 857
725 869
725 917
725 1205
725 1229
725 1235
725 1237
725 1241
725 1253
725 1365
726 727
726 730
726 731
726 740
726 742
726 743
726 746
726 822
726 846
726 852
726 854
726 855
726 858
726 870
726 918
726 1206
726 1230
726 1236
726 1238
726 1239
726 1242
726 1254
726 1366
726 1493
726 1717
726 1741
726 1747
726 1749
726 1753
726 1765
726 1877
727 730
727 731
727 733
727 742
727 743
727 747
727 823
727 847
727 854
727 855
727 859
727 871
727 919
727 1207
727 1231
727 1238
727 1239
727 1243
727 1255
727 1367
727 1749
728 732
728 734
728 744
728 748
728 824
728 848
728 856
728 860
728 872
728 920
728 1208
728 1232
728 1240
728 1244
728 1256
728 1368
728 1495
728 1719
728 1743
728 1750
728 1751
728 1755
728 1767
728 1879
729 741
729 745
729 753
729 825
729 853
729 857
729 873
729 921
729 1209
729 1237
729 1241
729 1257
729 1369
730 731
730 733
730 742
730 746
730 747
730 754
730 826
730 854
730 858
730 859
730 874
730 922
730 1210
730 1238
730 1242
730 1243
730 1258
730 1370
730 1497
730 1721
730 1749
730 1753
730 1769
730 1881
731 733
731 743
731 746
731 747
731 749
731 755
731 827
731 855
731 858
731 859
731 861
731 875
731 923
731 1211
731 1239
731 1242
731 1243
731 1245
731 1259
731 1371
731 1753
732 734
732 735
732 744
732 748
732 750
732 756
732 828
732 856
732 860
732 862
732 876
732 924
732 1212
732 1240
732 1244
732 1246
732 1260
732 1372
732 1499
732 1723
732 1751
732 1754
732 1755
732 1757
732 1771
732 1883
733 747
733 749
733 757
733 829
733 859
733 861
733 877
733 925
733 1213
733 1243
733 1245
733 1261
733 1373
734 735
734 748
734 750
734 751
734 758
734 830
734 860
734 862
734 863
734 878
734 926
734 1214
734 1244
734 1246
734 1247
734 1262
734 1374
734 1501
734 1725
734 1755
734 1757
734 1773
734 1885
735 750
735 751
735 759
735 831
735 862
735 863
735 879
735 927
735 1215
735 1246
735 1247
735 1263
735 1375
735 1757
736 752
736 760
736 832
736 864
736 880
736 928
736 1216
736 1248
736 1264
736 1376
736 1503
736 1727
736 1758
736 1759
736 1775
736 1887
737 849
737 865
737 929
737 1233
737 1249
737 1377
738 739
738 741
738 850
738 866
738 867
738 930
738 1234
738 1250
738 1251
738 1378
738 1505
738 1745
738 1761
738 1889
739 741
739 745
739 851
739 866
739 867
739 869
739 931
739 1235
739 1250
739 1251
739 1253
739 1379
739 1761
740 742
740 743
740 746
740 852
740 868
740 870
740 932
740 1236
740 1252
740 1254
740 1380
740 1507
740 1747
740 1762
740 1763
740 1765
740 1891
741 745
741 753
741 853
741 867
741 869
741 873
741 933
741 1237
741 1251
741 1253
741 1257
741 1381
742 743
742 746
742 747
742 754
742 854
742 868
742 870
742 871
742 874
742 934
742 1238
742 1252
742 1254
742 1255
742 1258
742 1382
742 1509
742 1749
742 1763
742 1765
742 1769
742 1893
743 746
743 747
743 749
743 755
743 855
743 870
743 871
743 875
743 935
743 1239
743 1254
743 1255
743 1259
743 1383
743 1765
744 748
744 750
744 756
744 856
744 872
744 876
744 936
744 1240
744 1256
744 1260
744 1384
744 1511
744 1751
744 1766
744 1767
744 1771
744 1895
745 753
745 857
745 869
745 873
745 881
745 937
745 1241
745 1253
745 1257
745 1265
745 1385
746 747
746 749
746 754
746 755
746 858
746 870
746 874
746 875
746 882
746 938
746 1242
746 1254
746 1258
746 1259
746 1266
746 1386
746 1513
746 1753
746 1765
746 1769
746 1777
746 1897
747 749
747 754
747 755
747 757
747 859
747 871
747 874
747 875
747 877
747 883
747 939
747 1243
747 1255
747 1258
747 1259
747 1261
747 1267
747 1387
747 1769
748 750
748 751
748 756
748 758
748 860
748 872
748 876
748 878
748 884
748 940
748 1244
748 1256
748 1260
748 1262
748 1268
748 1388
748 1515
748 1755
748 1767
748 1770
748 1771
748 1773
748 1779
748 1899
749 755
749 757
749 761
749 861
749 875
749 877
749 885
749 941
749 1245
749 1259
749 1261
749 1269
749 1389
750 751
750 756
750 758
750 759
750 762
750 862
750 876
750 878
750 879
750 886
750 942
750 1246
750 1260
750 1262
750 1263
750 1270
750 1390
750 1517
750 1757
750 1771
750 1773
750 1781
750 1901
751 758
751 759
751 763
751 863
751 878
751 879
751 887
751 943
751 1247
751 1262
751 1263
751 1271
751 1391
751 1773
752 760
752 764
752 864
752 880
752 888
752 944
752 1248
752 1264
752 1272
752 1392
752 1519
752 1759
752 1774
752 1775
752 1783
752 1903
753 873
753 881
753 945
753 1257
753 1265
753 1393
754 755
754 757
754 874
754 882
754 883
754 946
754 1258
754 1266
754 1267
754 1394
754 1521
754 1769
754 1777
754 1905
755 757
755 761
755 875
755 882
755 883
755 885
755 947
755 1259
755 1266
755 1267
755 1269
755 1395
755 1777
756 758
756 759
756 762
756 876
756 884
756 886
756 948
756 1260
756 1268
756 1270
756 1396
756 1523
756 1771
756 1778
756 1779
756 1781
756 1907
757 761
757 877
757 883
757 885
757 889
757 949
757 1261
757 1267
757 1269
757 1273
757 1397
758 759
758 762
758 763
758 878
758 884
758 886
758 887
758 890
758 950
758 1262
758 1268
758 1270
758 1271
758 1274
758 1398
758 1525
758 1773
758 1779
758 1781
758 1785
758 1909
759 762
759 763
759 765
759 879
759 886
759 887
759 891
759 951
759 1263
759 1270
759 1271
759 1275
759 1399
759 1781
760 764
760 766
760 880
760 888
760 892
760 952
760 1264
760 1272
760 1276
760 1400
760 1527
760 1775
760 1782
760 1783
760 1787
760 1911
761 885
761 889
761 953
761 1269
761 1273
761 1401
762 763
762 765
762 886
762 890
762 891
762 954
762 1270
762 1274
762 1275
762 1402
762 1529
762 1781
762 1785
762 1913
763 765
763 887
763 890
763 891
763 893
763 955
763 1271
763 1274
763 1275
763 1277
763 1403
763 1785
764 766
764 767
764 888
764 892
764 894
764 956
764 1272
764 1276
764 1278
764 1404
764 1531
764 1783
764 1786
764 1787
764 1789
764 1915
765 891
765 893
765 957
765 1275
765 1277
765 1405
766 767
766 892
766 894
766 895
766 958
766 1276
766 1278
766 1279
766 1406
766 1533
766 1787
766 1789
766 1917
767 894
767 895
767 959
767 1278
767 1279
767 1407
767 1789
768 896
768 960
768 1280
768 1408
768 1535
768 1790
768 1791
768 1919
769 1153
769 1281
769 1537
770 771
770 773
770 1154
770 1282
770 1283
770 1538
770 1665
770 1793
771 773
771 777
771 1155
771 1282
771 1283
771 1285
771 1539
771 1793
772 774
772 775
772 778
772 1156
772 1284
772 1286
772 1540
772 1667
772 1794
772 1795
772 1797
773 777
773 785
773 1157
773 1283
773 1285
773 1289
773 1541
774 775
774 778
774 779
774 786
774 1158
774 1284
774 1286
774 1287
774 1290
774 1542
774 1669
774 1795
774 1797
774 1801
775 778
775 779
775 781
775 787
775 1159
775 1286
775 1287
775 1291
775 1543
775 1797
776 780
776 782
776 788
776 1160
776 1288
776 1292
776 1544
776 1671
776 1798
776 1799
776 1803
777 785
777 801
777 1161
777 1285
777 1289
777 1297
777 1545
778 779
778 781
778 786
778 787
778 802
778 1162
778 1286
778 1290
778 1291
778 1298
778 1546
778 1673
778 1797
778 1801
778 1809
779 781
779 786
779 787
779 789
779 803
779 1163
779 1287
779 1290
779 1291
779 1293
779 1299
779 1547
779 1801
780 782
780 783
780 788
780 790
780 804
780 1164
780 1288
780 1292
780 1294
780 1300
780 1548
780 1675
780 1799
780 1802
780 1803
780 1805
780 1811
781 787
781 789
781 793
781 805
781 1165
781 1291
781 1293
781 1301
781 1549
782 783
782 788
782 790
782 791
782 794
782 806
782 1166
782 1292
782 1294
782 1295
782 1302
782 1550
782 1677
782 1803
782 1805
782 1813
783 790
783 791
783 795
783 807
783 1167
783 1294
783 1295
783 1303
783 1551
783 1805
784 792
784 796
784 808
784 1168
784 1296
784 1304
784 1552
784 1679
784 1806
784 1807
784 1815
785 801
785 833
785 1169
785 1289
785 1297
785 1313
785 1553
786 787
786 789
786 802
786 803
786 834
786 1170
786 1290
786 1298
786 1299
786 1314
786 1554
786 1681
786 1801
786 1809
786 1825
787 789
787 793
787 802
787 803
787 805
787 835
787 1171
787 1291
787 1298
787 1299
787 1301
787 1315
787 1555
787 1809
788 790
788 791
788 794
788 804
788 806
788 836
788 1172
788 1292
788 1300
788 1302
788 1316
788 1556
788 1683
788 1803
788 1810
788 1811
788 1813
788 1827
789 793
789 803
789 805
789 809
789 837
789 1173
789 1293
789 1299
789 1301
789 1305
789 1317
789 1557
790 791
790 794
790 795
790 804
790 806
790 807
790 810
790 838
790 1174
790 1294
790 1300
790 1302
790 1303
790 1306
790 1318
790 1558
790 1685
790 1805
790 1811
790 1813
790 1817
790 1829
791 794
791 795
791 797
791 806
791 807
791 811
791 839
791 1175
791 1295
791 1302
791 1303
791 1307
791 1319
791 1559
791 1813
792 796
792 798
792 808
792 812
792 840
792 1176
792 1296
792 1304
792 1308
792 1320
792 1560
792 1687
792 1807
792 1814
792 1815
792 1819
792 1831
793 805
793 809
793 817
793 841
793 1177
793 1301
793 1305
793 1321
793 1561
794 795
794 797
794 806
794 810
794 811
794 818
794 842
794 1178
794 1302
794 1306
794 1307
794 1322
794 1562
794 1689
794 1813
794 1817
794 1833
795 797
795 807
795 810
795 811
795 813
795 819
795 843
795 1179
795 1303
795 1306
795 1307
795 1309
795 1323
795 1563
795 1817
796 798
796 799
796 808
796 812
796 814
796 820
796 844
796 1180
796 1304
796 1308
796 1310
796 1324
796 1564
796 1691
796 1815
796 1818
796 1819
796 1821
796 1835
797 811
797 813
797 821
797 845
797 1181
797 1307
797 1309
797 1325
797 1565
798 799
798 812
798 814
798 815
798 822
798 846
798 1182
798 1308
798 1310
798 1311
798 1326
798 1566
798 1693
798 1819
798 1821
798 1837
799 814
799 815
799 823
799 847
799 1183
799 1310
799 1311
799 1327
799 1567
799 1821
800 816
800 824
800 848
800 1184
800 1312
800 1328
800 1568
800 1695
800 1822
800 1823
800 1839
801 833
801 897
801 1185
801 1297
801 1313
801 1345
801 1569
802 803
802 805
802 834
802 835
802 898
802 1186
802 1298
802 1314
802 1315
802 1346
802 1570
802 1697
802 1809
802 1825
802 1857
803 805
803 809
803 834
803 835
803 837
803 899
803 1187
803 1299
803 1314
803 1315
803 1317
803 1347
803 1571
803 1825
804 806
804 807
804 810
804 836
804 838
804 900
804 1188
804 1300
804 1316
804 1318
804 1348
804 1572
804 1699
804 1811
804 1826
804 1827
804 1829
804 1859
805 809
805 817
805 835
805 837
805 841
805 901
805 1189
805 1301
805 1315
805 1317
805 1321
805 1349
805 1573
806 807
806 810
806 811
806 818
806 836
806 838
806 839
806 842
806 902
806 1190
806 1302
806 1316
806 1318
806 1319
806 1322
806 1350
806 1574
806 1701
806 1813
806 1827
806 1829
806 1833
806 1861
807 810
807 811
807 813
807 819
807 838
807 839
807 843
807 903
807 1191
807 1303
807 1318
807 1319
807 1323
807 1351
807 1575
807 1829
808 812
808 814
808 820
808 840
808 844
808 904
808 1192
808 1304
808 1320
808 1324
808 1352
808 1576
808 1703
808 1815
808 1830
808 1831
808 1835
808 1863
809 817
809 837
809 841
809 849
809 905
809 1193
809 1305
809 1317
809 1321
809 1329
809 1353
809 1577
810 811
810 813
810 818
810 819
810 838
810 842
810 843
810 850
810 906
810 1194
810 1306
810 1318
810 1322
810 1323
810 1330
810 1354
810 1578
810 1705
810 1817
810 1829
810 1833
810 1841
810 1865
811 813
811 818
811 819
811 821
811 839
811 842
811 843
811 845
811 851
811 907
811 1195
811 1307
811 1319
811 1322
811 1323
811 1325
811 1331
811 1355
811 1579
811 1833
812 814
812 815
812 820
812 822
812 840
812 844
812 846
812 852
812 908
812 1196
812 1308
812 1320
812 1324
812 1326
812 1332
812 1356
812 1580
812 1707
812 1819
812 1831
812 1834
812 1835
812 1837
812 1843
812 1867
813 819
813 821
813 825
813 843
813 845
813 853
813 909
813 1197
813 1309
813 1323
813 1325
813 1333
813 1357
813 1581
814 815
814 820
814 822
814 823
814 826
814 844
814 846
814 847
814 854
814 910
814 1198
814 1310
814 1324
814 1326
814 1327
814 1334
814 1358
814 1582
814 1709
814 1821
814 1835
814 1837
814 1845
814 1869
815 822
815 823
815 827
815 846
815 847
815 855
815 911
815 1199
815 1311
815 1326
815 1327
815 1335
815 1359
815 1583
815 1837
816 824
816 828
816 848
816 856
816 912
816 1200
816 1312
816 1328
816 1336
816 1360
816 1584
816 1711
816 1823
816 1838
816 1839
816 1847
816 1871
817 841
817 849
817 865
817 913
817 1201
817 1321
817 1329
817 1361
817 1585
818 819
818 821
818 842
818 850
818 851
818 866
818 914
818 1202
818 1322
818 1330
818 1331
818 1362
818 1586
818 1713
818 1833
818 1841
818 1873
819 821
819 825
819 843
819 850
819 851
819 853
819 867
819 915
819 1203
819 1323
819 1330
819 1331
819 1333
819 1363
819 1587
819 1841
820 822
820 823
820 826
820 844
820 852
820 854
820 868
820 916
820 1204
820 1324
820 1332
820 1334
820 1364
820 1588
820 1715
820 1835
820 1842
820 1843
820 1845
820 1875
821 825
821 845
821 851
821 853
821 857
821 869
821 917
821 1205
821 1325
821 1331
821 1333
821 1337
821 1365
821 1589
822 823
822 826
822 827
822 846
822 852
822 854
822 855
822 858
822 870
822 918
822 1206
822 1326
822 1332
822 1334
822 1335
822 1338
822 1366
822 1590
822 1717
822 1837
822 1843
822 1845
822 1849
822 1877
823 826
823 827
823 829
823 847
823 854
823 855
823 859
823 871
823 919
823 1207
823 1327
823 1334
823 1335
823 1339
823 1367
823 1591
823 1845
824 828
824 830
824 848
824 856
824 860
824 872
824 920
824 1208
824 1328
824 1336
824 1340
824 1368
824 1592
824 1719
824 1839
824 1846
824 1847
824 1851
824 1879
825 853
825 857
825 873
825 921
825 1209
825 1333
825 1337
825 1369
825 1593
826 827
826 829
826 854
826 858
826 859
826 874
826 922
826 1210
826 1334
826 1338
826 1339
826 1370
826 1594
826 1721
826 1845
826 1849
826 1881
827 829
827 855
827 858
827 859
827 861
827 875
827 923
827 1211
827 1335
827 1338
827 1339
827 1341
827 1371
827 1595
827 1849
828 830
828 831
828 856
828 860
828 862
828 876
828 924
828 1212
828 1336
828 1340
828 1342
828 1372
828 1596
828 1723
828 1847
828 1850
828 1851
828 1853
828 1883
829 859
829 861
829 877
829 925
829 1213
829 1339
829 1341
829 1373
829 1597
830 831
830 860
830 862
830 863
830 878
830 926
830 1214
830 1340
830 1342
830 1343
830 1374
830 1598
830 1725
830 1851
830 1853
830 1885
831 862
831 863
831 879
831 927
831 1215
831 1342
831 1343
831 1375
831 1599
831 1853
832 864
832 880
832 928
832 1216
832 1344
832 1376
832 1600
832 1727
832 1854
832 1855
832 1887
833 897
833 1217
833 1313
833 1345
833 1409
833 1601
834 835
834 837
834 898
834 899
834 1218
834 1314
834 1346
834 1347
834 1410
834 1602
834 1729
834 1825
834 1857
834 1921
835 837
835 841
835 898
835 899
835 901
835 1219
835 1315
835 1346
835 1347
835 1349
835 1411
835 1603
835 1857
836 838
836 839
836 842
836 900
836 902
836 1220
836 1316
836 1348
836 1350
836 1412
836 1604
836 1731
836 1827
836 1858
836 1859
836 1861
836 1923
837 841
837 849
837 899
837 901
837 905
837 1221
837 1317
837 1347
837 1349
837 1353
837 1413
837 1605
838 839
838 842
838 843
838 850
838 900
838 902
838 903
838 906
838 1222
838 1318
838 1348
838 1350
838 1351
838 1354
838 1414
838 1606
838 1733
838 1829
838 1859
838 1861
838 1865
838 1925
839 842
839 843
839 845
839 851
839 902
839 903
839 907
839 1223
839 1319
839 1350
839 1351
839 1355
839 1415
839 1607
839 1861
840 844
840 846
840 852
840 904
840 908
840 1224
840 1320
840 1352
840 1356
840 1416
840 1608
840 1735
840 1831
840 1862
840 1863
840 1867
840 1927
841 849
841 865
841 901
841 905
841 913
841 1225
841 1321
841 1349
841 1353
841 1361
841 1417
841 1609
842 843
842 845
842 850
842 851
842 866
842 902
842 906
842 907
842 914
842 1226
842 1322
842 1350
842 1354
842 1355
842 1362
842 1418
842 1610
842 1737
842 1833
842 1861
842 1865
842 1873
842 1929
843 845
843 850
843 851
843 853
843 867
843 903
843 906
843 907
843 909
843 915
843 1227
843 1323
843 1351
843 1354
843 1355
843 1357
843 1363
843 1419
843 1611
843 1865
844 846
844 847
844 852
844 854
844 868
844 904
844 908
844 910
844 916
844 1228
844 1324
844 1352
844 1356
844 1358
844 1364
844 1420
844 1612
844 1739
844 1835
844 1863
844 1866
844 1867
844 1869
844 1875
844 1931
845 851
845 853
845 857
845 869
845 907
845 909
845 917
845 1229
845 1325
845 1355
845 1357
845 1365
845 1421
845 1613
846 847
846 852
846 854
846 855
846 858
846 870
846 908
846 910
846 911
846 918
846 1230
846 1326
846 1356
846 1358
846 1359
846 1366
846 1422
846 1614
846 1741
846 1837
846 1867
846 1869
846 1877
846 1933
847 854
847 855
847 859
847 871
847 910
847 911
847 919
847 1231
847 1327
847 1358
847 1359
847 1367
847 1423
847 1615
847 1869
848 856
848 860
848 872
848 912
848 920
848 1232
848 1328
848 1360
848 1368
848 1424
848 1616
848 1743
848 1839
848 1870
848 1871
848 1879
848 1935
849 865
849 905
849 913
849 929
849 1233
849 1329
849 1353
849 1361
849 1377
849 1425
849 1617
850 851
850 853
850 866
850 867
850 906
850 914
850 915
850 930
850 1234
850 1330
850 1354
850 1362
850 1363
850 1378
850 1426
850 1618
850 1745
850 1841
850 1865
850 1873
850 1889
850 1937
851 853
851 857
851 866
851 867
851 869
851 907
851 914
851 915
851 917
851 931
851 1235
851 1331
851 1355
851 1362
851 1363
851 1365
851 1379
851 1427
851 1619
851 1873
852 854
852 855
852 858
852 868
852 870
852 908
852 916
852 918
852 932
852 1236
852 1332
852 1356
852 1364
852 1366
852 1380
852 1428
852 1620
852 1747
852 1843
852 1867
852 1874
852 1875
852 1877
852 1891
852 1939
853 857
853 867
853 869
853 873
853 909
853 915
853 917
853 921
853 933
853 1237
853 1333
853 1357
853 1363
853 1365
853 1369
853 1381
853 1429
853 1621
854 855
854 858
854 859
854 868
854 870
854 871
854 874
854 910
854 916
854 918
854 919
854 922
854 934
854 1238
854 1334
854 1358
854 1364
854 1366
854 1367
854 1370
854 1382
854 1430
854 1622
854 1749
854 1845
854 1869
854 1875
854 1877
854 1881
854 1893
854 1941
855 858
855 859
855 861
855 870
855 871
855 875
855 911
855 918
855 919
855 923
855 935
855 1239
855 1335
855 1359
855 1366
855 1367
855 1371
855 1383
855 1431
855 1623
855 1877
856 860
856 862
856 872
856 876
856 912
856 920
856 924
856 936
856 1240
856 1336
856 1360
856 1368
856 1372
856 1384
856 1432
856 1624
856 1751
856 1847
856 1871
856 1878
856 1879
856 1883
856 1895
856 1943
857 869
857 873
857 881
857 917
857 921
857 937
857 1241
857 1337
857 1365
857 1369
857 1385
857 1433
857 1625
858 859
858 861
858 870
858 874
858 875
858 882
858 918
858 922
858 923
858 938
858 1242
858 1338
858 1366
858 1370
858 1371
858 1386
858 1434
858 1626
858 1753
858 1849
858 1877
858 1881
858 1897
858 1945
859 861
859 871
859 874
859 875
859 877
859 883
859 919
859 922
859 923
859 925
859 939
859 1243
859 1339
859 1367
859 1370
859 1371
859 1373
859 1387
859 1435
859 1627
859 1881
860 862
860 863
860 872
860 876
860 878
860 884
860 920
860 924
860 926
860 940
860 1244
860 1340
860 1368
860 1372
860 1374
860 1388
860 1436
860 1628
860 1755
860 1851
860 1879
860 1882
860 1883
860 1885
860 1899
860 1947
861 875
861 877
861 885
861 923
861 925
861 941
861 1245
861 1341
861 1371
861 1373
861 1389
861 1437
861 1629
862 863
862 876
862 878
862 879
862 886
862 924
862 926
862 927
862 942
862 1246
862 1342
862 1372
862 1374
862 1375
862 1390
862 1438
862 1630
862 1757
862 1853
862 1883
862 1885
862 1901
862 1949
863 878
863 879
863 887
863 926
863 927
863 943
863 1247
863 1343
863 1374
863 1375
863 1391
863 1439
863 1631
863 1885
864 880
864 888
864 928
864 944
864 1248
864 1344
864 1376
864 1392
864 1440
864 1632
864 1759
864 1855
864 1886
864 1887
864 1903
864 1951
865 913
865 929
865 961
865 1249
865 1361
865 1377
865 1441
865 1633
866 867
866 869
866 914
866 930
866 931
866 962
866 1250
866 1362
866 1378
866 1379
866 1442
866 1634
866 1761
866 1873
866 1889
866 1953
867 869
867 873
867 915
867 930
867 931
867 933
867 963
867 1251
867 1363
867 1378
867 1379
867 1381
867 1443
867 1635
867 1889
868 870
868 871
868 874
868 916
868 932
868 934
868 964
868 1252
868 1364
868 1380
868 1382
868 1444
868 1636
868 1763
868 1875
868 1890
868 1891
868 1893
868 1955
869 873
869 881
869 917
869 931
869 933
869 937
869 965
869 1253
869 1365
869 1379
869 1381
869 1385
869 1445
869 1637
870 871
870 874
870 875
870 882
870 918
870 932
870 934
870 935
870 938
870 966
870 1254
870 1366
870 1380
870 1382
870 1383
870 1386
870 1446
870 1638
870 1765
870 1877
870 1891
870 1893
870 1897
870 1957
871 874
871 875
871 877
871 883
871 919
871 934
871 935
871 939
871 967
871 1255
871 1367
871 1382
871 1383
871 1387
871 1447
871 1639
871 1893
872 876
872 878
872 884
872 920
872 936
872 940
872 968
872 1256
872 1368
872 1384
872 1388
872 1448
872 1640
872 1767
872 1879
872 1894
872 1895
872 1899
872 1959
873 881
873 921
873 933
873 937
873 945
873 969
873 1257
873 1369
873 1381
873 1385
873 1393
873 1449
873 1641
874 875
874 877
874 882
874 883
874 922
874 934
874 938
874 939
874 946
874 970
874 1258
874 1370
874 1382
874 1386
874 1387
874 1394
874 1450
874 1642
874 1769
874 1881
874 1893
874 1897
874 1905
874 1961
875 877
875 882
875 883
875 885
875 923
875 935
875 938
875 939
875 941
875 947
875 971
875 1259
875 1371
875 1383
875 1386
875 1387
875 1389
875 1395
875 1451
875 1643
875 1897
876 878
876 879
876 884
876 886
876 924
876 936
876 940
876 942
876 948
876 972
876 1260
876 1372
876 1384
876 1388
876 1390
876 1396
876 1452
876 1644
876 1771
876 1883
876 1895
876 1898
876 1899
876 1901
876 1907
876 1963
877 883
877 885
877 889
877 925
877 939
877 941
877 949
877 973
877 1261
877 1373
877 1387
877 1389
877 1397
877 1453
877 1645
878 879
878 884
878 886
878 887
878 890
878 926
878 940
878 942
878 943
878 950
878 974
878 1262
878 1374
878 1388
878 1390
878 1391
878 1398
878 1454
878 1646
878 1773
878 1885
878 1899
878 1901
878 1909
878 1965
879 886
879 887
879 891
879 927
879 942
879 943
879 951
879 975
879 1263
879 1375
879 1390
879 1391
879 1399
879 1455
879 1647
879 1901
880 888
880 892
880 928
880 944
880 952
880 976
880 1264
880 1376
880 1392
880 1400
880 1456
880 1648
880 1775
880 1887
880 1902
880 1903
880 1911
880 1967
881 937
881 945
881 977
881 1265
881 1385
881 1393
881 1457
881 1649
882 883
882 885
882 938
882 946
882 947
882 978
882 1266
882 1386
882 1394
882 1395
882 1458
882 1650
882 1777
882 1897
882 1905
882 1969
883 885
883 889
883 939
883 946
883 947
883 949
883 979
883 1267
883 1387
883 1394
883 1395
883 1397
883 1459
883 1651
883 1905
884 886
884 887
884 890
884 940
884 948
884 950
884 980
884 1268
884 1388
884 1396
884 1398
884 1460
884 1652
884 1779
884 1899
884 1906
884 1907
884 1909
884 1971
885 889
885 941
885 947
885 949
885 953
885 981
885 1269
885 1389
885 1395
885 1397
885 1401
885 1461
885 1653
886 887
886 890
886 891
886 942
886 948
886 950
886 951
886 954
886 982
886 1270
886 1390
886 1396
886 1398
886 1399
886 1402
886 1462
886 1654
886 1781
886 1901
886 1907
886 1909
886 1913
886 1973
887 890
887 891
887 893
887 943
887 950
887 951
887 955
887 983
887 1271
887 1391
887 1398
887 1399
887 1403
887 1463
887 1655
887 1909
888 892
888 894
888 944
888 952
888 956
888 984
888 1272
888 1392
888 1400
888 1404
888 1464
888 1656
888 1783
888 1903
888 1910
888 1911
888 1915
888 1975
889 949
889 953
889 985
889 1273
889 1397
889 1401
889 1465
889 1657
890 891
890 893
890 950
890 954
890 955
890 986
890 1274
890 1398
890 1402
890 1403
890 1466
890 1658
890 1785
890 1909
890 1913
890 1977
891 893
891 951
891 954
891 955
891 957
891 987
891 1275
891 1399
891 1402
891 1403
891 1405
891 1467
891 1659
891 1913
892 894
892 895
892 952
892 956
892 958
892 988
892 1276
892 1400
892 1404
892 1406
892 1468
892 1660
892 1787
892 1911
892 1914
892 1915
892 1917
892 1979
893 955
893 957
893 989
893 1277
893 1403
893 1405
893 1469
893 1661
894 895
894 956
894 958
894 959
894 990
894 1278
894 1404
894 1406
894 1407
894 1470
894 1662
894 1789
894 1915
894 1917
894 1981
895 958
895 959
895 991
895 1279
895 1406
895 1407
895 1471
895 1663
895 1917
896 960
896 992
896 1280
896 1408
896 1472
896 1664
896 1791
896 1918
896 1919
896 1983
897 1345
897 1409
897 1665
898 899
898 901
898 1346
898 1410
898 1411
898 1666
898 1857
898 1921
899 901
899 905
899 1347
899 1410
899 1411
899 1413
899 1667
899 1921
900 902
900 903
900 906
900 1348
900 1412
900 1414
900 1668
900 1859
900 1922
900 1923
900 1925
901 905
901 913
901 1349
901 1411
901 1413
901 1417
901 1669
902 903
902 906
902 907
902 914
902 1350
902 1412
902 1414
902 1415
902 1418
902 1670
902 1861
902 1923
902 1925
902 1929
903 906
903 907
903 909
903 915
903 1351
903 1414
903 1415
903 1419
903 1671
903 1925
904 908
904 910
904 916
904 1352
904 1416
904 1420
904 1672
904 1863
904 1926
904 1927
904 1931
905 913
905 929
905 1353
905 1413
905 1417
905 1425
905 1673
906 907
906 909
906 914
906 915
906 930
906 1354
906 1414
906 1418
906 1419
906 1426
906 1674
906 1865
906 1925
906 1929
906 1937
907 909
907 914
907 915
907 917
907 931
907 1355
907 1415
907 1418
907 1419
907 1421
907 1427
907 1675
907 1929
908 910
908 911
908 916
908 918
908 932
908 1356
908 1416
908 1420
908 1422
908 1428
908 1676
908 1867
908 1927
908 1930
908 1931
908 1933
908 1939
909 915
909 917
909 921
909 933
909 1357
909 1419
909 1421
909 1429
909 1677
910 911
910 916
910 918
910 919
910 922
910 934
910 1358
910 1420
910 1422
910 1423
910 1430
910 1678
910 1869
910 1931
910 1933
910 1941
911 918
911 919
911 923
911 935
911 1359
911 1422
911 1423
911 1431
911 1679
911 1933
912 920
912 924
912 936
912 1360
912 1424
912 1432
912 1680
912 1871
912 1934
912 1935
912 1943
913 929
913 961
913 1361
913 1417
913 1425
913 1441
913 1681
914 915
914 917
914 930
914 931
914 962
914 1362
914 1418
914 1426
914 1427
914 1442
914 1682
914 1873
914 1929
914 1937
914 1953
915 917
915 921
915 930
915 931
915 933
915 963
915 1363
915 1419
915 1426
915 1427
915 1429
915 1443
915 1683
915 1937
916 918
916 919
916 922
916 932
916 934
916 964
916 1364
916 1420
916 1428
916 1430
916 1444
916 1684
916 1875
916 1931
916 1938
916 1939
916 1941
916 1955
917 921
917 931
917 933
917 937
917 965
917 1365
917 1421
917 1427
917 1429
917 1433
917 1445
917 1685
918 919
918 922
918 923
918 932
918 934
918 935
918 938
918 966
918 1366
918 1422
918 1428
918 1430
918 1431
918 1434
918 1446
918 1686
918 1877
918 1933
918 1939
918 1941
918 1945
918 1957
919 922
919 923
919 925
919 934
919 935
919 939
919 967
919 1367
919 1423
919 1430
919 1431
919 1435
919 1447
919 1687
919 1941
920 924
920 926
920 936
920 940
920 968
920 1368
920 1424
920 1432
920 1436
920 1448
920 1688
920 1879
920 1935
920 1942
920 1943
920 1947
920 1959
921 933
921 937
921 945
921 969
921 1369
921 1429
921 1433
921 1449
921 1689
922 923
922 925
922 934
922 938
922 939
922 946
922 970
922 1370
922 1430
922 1434
922 1435
922 1450
922 1690
922 1881
922 1941
922 1945
922 1961
923 925
923 935
923 938
923 939
923 941
923 947
923 971
923 1371
923 1431
923 1434
923 1435
923 1437
923 1451
923 1691
923 1945
924 926
924 927
924 936
924 940
924 942
924 948
924 972
924 1372
924 1432
924 1436
924 1438
924 1452
924 1692
924 1883
924 1943
924 1946
924 1947
924 1949
924 1963
925 939
925 941
925 949
925 973
925 1373
925 1435
925 1437
925 1453
925 1693
926 927
926 940
926 942
926 943
926 950
926 974
926 1374
926 1436
926 1438
926 1439
926 1454
926 1694
926 1885
926 1947
926 1949
926 1965
927 942
927 943
927 951
927 975
927 1375
927 1438
927 1439
927 1455
927 1695
927 1949
928 944
928 952
928 976
928 1376
928 1440
928 1456
928 1696
928 1887
928 1950
928 1951
928 1967
929 961
929 1377
929 1425
929 1441
929 1473
929 1697
930 931
930 933
930 962
930 963
930 1378
930 1426
930 1442
930 1443
930 1474
930 1698
930 1889
930 1937
930 1953
930 1985
931 933
931 937
931 962
931 963
931 965
931 1379
931 1427
931 1442
931 1443
931 1445
931 1475
931 1699
931 1953
932 934
932 935
932 938
932 964
932 966
932 1380
932 1428
932 1444
932 1446
932 1476
932 1700
932 1891
932 1939
932 1954
932 1955
932 1957
932 1987
933 937
933 945
933 963
933 965
933 969
933 1381
933 1429
933 1443
933 1445
933 1449
933 1477
933 1701
934 935
934 938
934 939
934 946
934 964
934 966
934 967
934 970
934 1382
934 1430
934 1444
934 1446
934 1447
934 1450
934 1478
934 1702
934 1893
934 1941
934 1955
934 1957
934 1961
934 1989
935 938
935 939
935 941
935 947
935 966
935 967
935 971
935 1383
935 1431
935 1446
935 1447
935 1451
935 1479
935 1703
935 1957
936 940
936 942
936 948
936 968
936 972
936 1384
936 1432
936 1448
936 1452
936 1480
936 1704
936 1895
936 1943
936 1958
936 1959
936 1963
936 1991
937 945
937 965
937 969
937 977
937 1385
937 1433
937 1445
937 1449
937 1457
937 1481
937 1705
938 939
938 941
938 946
938 947
938 966
938 970
938 971
938 978
938 1386
938 1434
938 1446
938 1450
938 1451
938 1458
938 1482
938 1706
938 1897
938 1945
938 1957
938 1961
938 1969
938 1993
939 941
939 946
939 947
939 949
939 967
939 970
939 971
939 973
939 979
939 1387
939 1435
939 1447
939 1450
939 1451
939 1453
939 1459
939 1483
939 1707
939 1961
940 942
940 943
940 948
940 950
940 968
940 972
940 974
940 980
940 1388
940 1436
940 1448
940 1452
940 1454
940 1460
940 1484
940 1708
940 1899
940 1947
940 1959
940 1962
940 1963
940 1965
940 1971
940 1995
941 947
941 949
941 953
941 971
941 973
941 981
941 1389
941 1437
941 1451
941 1453
941 1461
941 1485
941 1709
942 943
942 948
942 950
942 951
942 954
942 972
942 974
942 975
942 982
942 1390
942 1438
942 1452
942 1454
942 1455
942 1462
942 1486
942 1710
942 1901
942 1949
942 1963
942 1965
942 1973
942 1997
943 950
943 951
943 955
943 974
943 975
943 983
943 1391
943 1439
943 1454
943 1455
943 1463
943 1487
943 1711
943 1965
944 952
944 956
944 976
944 984
944 1392
944 1440
944 1456
944 1464
944 1488
944 1712
944 1903
944 1951
944 1966
944 1967
944 1975
944 1999
945 969
945 977
945 993
945 1393
945 1449
945 1457
945 1489
945 1713
946 947
946 949
946 970
946 978
946 979
946 994
946 1394
946 1450
946 1458
946 1459
946 1490
946 1714
946 1905
946 1961
946 1969
946 2001
947 949
947 953
947 971
947 978
947 979
947 981
947 995
947 1395
947 1451
947 1458
947 1459
947 1461
947 1491
947 1715
947 1969
948 950
948 951
948 954
948 972
948 980
948 982
948 996
948 1396
948 1452
948 1460
948 1462
948 1492
948 1716
948 1907
948 1963
948 1970
948 1971
948 1973
948 2003
949 953
949 973
949 979
949 981
949 985
949 997
949 1397
949 1453
949 1459
949 1461
949 1465
949 1493
949 1717
950 951
950 954
950 955
950 974
950 980
950 982
950 983
950 986
950 998
950 1398
950 1454
950 1460
950 1462
950 1463
950 1466
950 1494
950 1718
950 1909
950 1965
950 1971
950 1973
950 1977
950 2005
951 954
951 955
951 957
951 975
951 982
951 983
951 987
951 999
951 1399
951 1455
951 1462
951 1463
951 1467
951 1495
951 1719
951 1973
952 956
952 958
952 976
952 984
952 988
952 1000
952 1400
952 1456
952 1464
952 1468
952 1496
952 1720
952 1911
952 1967
952 1974
952 1975
952 1979
952 2007
953 981
953 985
953 1001
953 1401
953 1461
953 1465
953 1497
953 1721
954 955
954 957
954 982
954 986
954 987
954 1002
954 1402
954 1462
954 1466
954 1467
954 1498
954 1722
954 1913
954 1973
954 1977
954 2009
955 957
955 983
955 986
955 987
955 989
955 1003
955 1403
955 1463
955 1466
955 1467
955 1469
955 1499
955 1723
955 1977
956 958
956 959
956 984
956 988
956 990
956 1004
956 1404
956 1464
956 1468
956 1470
956 1500
956 1724
956 1915
956 1975
956 1978
956 1979
956 1981
956 2011
957 987
957 989
957 1005
957 1405
957 1467
957 1469
957 1501
957 1725
958 959
958 988
958 990
958 991
958 1006
958 1406
958 1468
958 1470
958 1471
958 1502
958 1726
958 1917
958 1979
958 1981
958 2013
959 990
959 991
959 1007
959 1407
959 1470
959 1471
959 1503
959 1727
959 1981
960 992
960 1008
960 1408
960 1472
960 1504
960 1728
960 1919
960 1982
960 1983
960 2015
961 1441
961 1473
961 1729
962 963
962 965
962 1442
962 1474
962 1475
962 1730
962 1953
962 1985
963 965
963 969
963 1443
963 1474
963 1475
963 1477
963 1731
963 1985
964 966
964 967
964 970
964 1444
964 1476
964 1478
964 1732
964 1955
964 1986
964 1987
964 1989
965 969
965 977
965 1445
965 1475
965 1477
965 1481
965 1733
966 967
966 970
966 971
966 978
966 1446
966 1476
966 1478
966 1479
966 1482
966 1734
966 1957
966 1987
966 1989
966 1993
967 970
967 971
967 973
967 979
967 1447
967 1478
967 1479
967 1483
967 1735
967 1989
968 972
968 974
968 980
968 1448
968 1480
968 1484
968 1736
968 1959
968 1990
968 1991
968 1995
969 977
969 993
969 1449
969 1477
969 1481
969 1489
969 1737
970 971
970 973
970 978
970 979
970 994
970 1450
970 1478
970 1482
970 1483
970 1490
970 1738
970 1961
970 1989
970 1993
970 2001
971 973
971 978
971 979
971 981
971 995
971 1451
971 1479
971 1482
971 1483
971 1485
971 1491
971 1739
971 1993
972 974
972 975
972 980
972 982
972 996
972 1452
972 1480
972 1484
972 1486
972 1492
972 1740
972 1963
972 1991
972 1994
972 1995
972 1997
972 2003
973 979
973 981
973 985
973 997
973 1453
973 1483
973 1485
973 1493
973 1741
974 975
974 980
974 982
974 983
974 986
974 998
974 1454
974 1484
974 1486
974 1487
974 1494
974 1742
974 1965
974 1995
974 1997
974 2005
975 982
975 983
975 987
975 999
975 1455
975 1486
975 1487
975 1495
975 1743
975 1997
976 984
976 988
976 1000
976 1456
976 1488
976 1496
976 1744
976 1967
976 1998
976 1999
976 2007
977 993
977 1457
977 1481
977 1489
977 1505
977 1745
978 979
978 981
978 994
978 995
978 1458
978 1482
978 1490
978 1491
978 1506
978 1746
978 1969
978 1993
978 2001
978 2017
979 981
979 985
979 994
979 995
979 997
979 1459
979 1483
979 1490
979 1491
979 1493
979 1507
979 1747
979 2001
980 982
980 983
980 986
980 996
980 998
980 1460
980 1484
980 1492
980 1494
980 1508
980 1748
980 1971
980 1995
980 2002
980 2003
980 2005
980 2019
981 985
981 995
981 997
981 1001
981 1461
981 1485
981 1491
981 1493
981 1497
981 1509
981 1749
982 983
982 986
982 987
982 996
982 998
982 999
982 1002
982 1462
982 1486
982 1492
982 1494
982 1495
982 1498
982 1510
982 1750
982 1973
982 1997
982 2003
982 2005
982 2009
982 2021
983 986
983 987
983 989
983 998
983 999
983 1003
983 1463
983 1487
983 1494
983 1495
983 1499
983 1511
983 1751
983 2005
984 988
984 990
984 1000
984 1004
984 1464
984 1488
984 1496
984 1500
984 1512
984 1752
984 1975
984 1999
984 2006
984 2007
984 2011
984 2023
985 997
985 1001
985 1009
985 1465
985 1493
985 1497
985 1513
985 1753
986 987
986 989
986 998
986 1002
986 1003
986 1010
986 1466
986 1494
986 1498
986 1499
986 1514
986 1754
986 1977
986 2005
986 2009
986 2025
987 989
987 999
987 1002
987 1003
987 1005
987 1011
987 1467
987 1495
987 1498
987 1499
987 1501
987 1515
987 1755
987 2009
988 990
988 991
988 1000
988 1004
988 1006
988 1012
988 1468
988 1496
988 1500
988 1502
988 1516
988 1756
988 1979
988 2007
988 2010
988 2011
988 2013
988 2027
989 1003
989 1005
989 1013
989 1469
989 1499
989 1501
989 1517
989 1757
990 991
990 1004
990 1006
990 1007
990 1014
990 1470
990 1500
990 1502
990 1503
990 1518
990 1758
990 1981
990 2011
990 2013
990 2029
991 1006
991 1007
991 1015
991 1471
991 1502
991 1503
991 1519
991 1759
991 2013
992 1008
992 1016
992 1472
992 1504
992 1520
992 1760
992 1983
992 2014
992 2015
992 2031
993 1489
993 1505
993 1761
994 995
994 997
994 1490
994 1506
994 1507
994 1762
994 2001
994 2017
995 997
995 1001
995 1491
995 1506
995 1507
995 1509
995 1763
995 2017
996 998
996 999
996 1002
996 1492
996 1508
996 1510
996 1764
996 2003
996 2018
996 2019
996 2021
997 1001
997 1009
997 1493
997 1507
997 1509
997 1513
997 1765
998 999
998 1002
998 1003
998 1010
998 1494
998 1508
998 1510
998 1511
998 1514
998 1766
998 2005
998 2019
998 2021
998 2025
999 1002
999 1003
999 1005
999 1011
999 1495
999 1510
999 1511
999 1515
999 1767
999 2021
1000 1004
1000 1006
1000 1012
1000 1496
1000 1512
1000 1516
1000 1768
1000 2007
1000 2022
1000 2023
1000 2027
1001 1009
1001 1497
1001 1509
1001 1513
1001 1521
1001 1769
1002 1003
1002 1005
1002 1010
1002 1011
1002 1498
1002 1510
1002 1514
1002 1515
1002 1522
1002 1770
1002 2009
1002 2021
1002 2025
1002 2033
1003 1005
1003 1010
1003 1011
1003 1013
1003 1499
1003 1511
1003 1514
1003 1515
1003 1517
1003 1523
1003 1771
1003 2025
1004 1006
1004 1007
1004 1012
1004 1014
1004 1500
1004 1512
1004 1516
1004 1518
1004 1524
1004 1772
1004 2011
1004 2023
1004 2026
1004 2027
1004 2029
1004 2035
1005 1011
1005 1013
1005 1017
1005 1501
1005 1515
1005 1517
1005 1525
1005 1773
1006 1007
1006 1012
1006 1014
1006 1015
1006 1018
1006 1502
1006 1516
1006 1518
1006 1519
1006 1526
1006 1774
1006 2013
1006 2027
1006 2029
1006 2037
1007 1014
1007 1015
1007 1019
1007 1503
1007 1518
1007 1519
1007 1527
1007 1775
1007 2029
1008 1016
1008 1020
1008 1504
1008 1520
1008 1528
1008 1776
1008 2015
1008 2030
1008 2031
1008 2039
1009 1513
1009 1521
1009 1777
1010 1011
1010 1013
1010 1514
1010 1522
1010 1523
1010 1778
1010 2025
1010 2033
1011 1013
1011 1017
1011 1515
1011 1522
1011 1523
1011 1525
1011 1779
1011 2033
1012 1014
1012 1015
1012 1018
1012 1516
1012 1524
1012 1526
1012 1780
1012 2027
1012 2034
1012 2035
1012 2037
1013 1017
1013 1517
1013 1523
1013 1525
1013 1529
1013 1781
1014 1015
1014 1018
1014 1019
1014 1518
1014 1524
1014 1526
1014 1527
1014 1530
1014 1782
1014 2029
1014 2035
1014 2037
1014 2041
1015 1018
1015 1019
1015 1021
1015 1519
1015 1526
1015 1527
1015 1531
1015 1783
1015 2037
1016 1020
1016 1022
1016 1520
1016 1528
1016 1532
1016 1784
1016 2031
1016 2038
1016 2039
1016 2043
1017 1525
1017 1529
1017 1785
1018 1019
1018 1021
1018 1526
1018 1530
1018 1531
1018 1786
1018 2037
1018 2041
1019 1021
1019 1527
1019 1530
1019 1531
1019 1533
1019 1787
1019 2041
1020 1022
1020 1023
1020 1528
1020 1532
1020 1534
1020 1788
1020 2039
1020 2042
1020 2043
1020 2045
1021 1531
1021 1533
1021 1789
1022 1023
1022 1532
1022 1534
1022 1535
1022 1790
1022 2043
1022 2045
1023 1534
1023 1535
1023 1791
1023 2045
1024 1536
1024 1792
1024 2046
1024 2047
1026 1027
1026 1029
1026 1537
1027 1029
1027 1033
1028 1030
1028 1031
1028 1034
1028 1539
1029 1033
1029 1041
1030 1031
1030 1034
1030 1035
1030 1042
1030 1541
1031 1034
1031 1035
1031 1037
1031 1043
1032 1036
1032 1038
1032 1044
1032 1543
1033 1041
1033 1057
1034 1035
1034 1037
1034 1042
1034 1043
1034 1058
1034 1545
1035 1037
1035 1042
1035 1043
1035 1045
1035 1059
1036 1038
1036 1039
1036 1044
1036 1046
1036 1060
1036 1547
1037 1043
1037 1045
1037 1049
1037 1061
1038 1039
1038 1044
1038 1046
1038 1047
1038 1050
1038 1062
1038 1549
1039 1046
1039 1047
1039 1051
1039 1063
1040 1048
1040 1052
1040 1064
1040 1551
1041 1057
1041 1089
1042 1043
1042 1045
1042 1058
1042 1059
1042 1090
1042 1553
1043 1045
1043 1049
1043 1058
1043 1059
1043 1061
1043 1091
1044 1046
1044 1047
1044 1050
1044 1060
1044 1062
1044 1092
1044 1555
1045 1049
1045 1059
1045 1061
1045 1065
1045 1093
1046 1047
1046 1050
1046 1051
1046 1060
1046 1062
1046 1063
1046 1066
1046 1094
1046 1557
1047 1050
1047 1051
1047 1053
1047 1062
1047 1063
1047 1067
1047 1095
1048 1052
1048 1054
1048 1064
1048 1068
1048 1096
1048 1559
1049 1061
1049 1065
1049 1073
1049 1097
1050 1051
1050 1053
1050 1062
1050 1066
1050 1067
1050 1074
1050 1098
1050 1561
1051 1053
1051 1063
1051 1066
1051 1067
1051 1069
1051 1075
1051 1099
1052 1054
1052 1055
1052 1064
1052 1068
1052 1070
1052 1076
1052 1100
1052 1563
1053 1067
1053 1069
1053 1077
1053 1101
1054 1055
1054 1068
1054 1070
1054 1071
1054 1078
1054 1102
1054 1565
1055 1070
1055 1071
1055 1079
1055 1103
1056 1072
1056 1080
1056 1104
1056 1567
1057 1089
1057 1153
1058 1059
1058 1061
1058 1090
1058 1091
1058 1154
1058 1569
1059 1061
1059 1065
1059 1090
1059 1091
1059 1093
1059 1155
1060 1062
1060 1063
1060 1066
1060 1092
1060 1094
1060 1156
1060 1571
1061 1065
1061 1073
1061 1091
1061 1093
1061 1097
1061 1157
1062 1063
1062 1066
1062 1067
1062 1074
1062 1092
1062 1094
1062 1095
1062 1098
1062 1158
1062 1573
1063 1066
1063 1067
1063 1069
1063 1075
1063 1094
1063 1095
1063 1099
1063 1159
1064 1068
1064 1070
1064 1076
1064 1096
1064 1100
1064 1160
1064 1575
1065 1073
1065 1093
1065 1097
1065 1105
1065 1161
1066 1067
1066 1069
1066 1074
1066 1075
1066 1094
1066 1098
1066 1099
1066 1106
1066 1162
1066 1577
1067 1069
1067 1074
1067 1075
1067 1077
1067 1095
1067 1098
1067 1099
1067 1101
1067 1107
1067 1163
1068 1070
1068 1071
1068 1076
1068 1078
1068 1096
1068 1100
1068 1102
1068 1108
1068 1164
1068 1579
1069 1075
1069 1077
1069 1081
1069 1099
1069 1101
1069 1109
1069 1165
1070 1071
1070 1076
1070 1078
1070 1079
1070 1082
1070 1100
1070 1102
1070 1103
1070 1110
1070 1166
1070 1581
1071 1078
1071 1079
1071 1083
1071 1102
1071 1103
1071 1111
1071 1167
1072 1080
1072 1084
1072 1104
1072 1112
1072 1168
1072 1583
1073 1097
1073 1105
1073 1121
1073 1169
1074 1075
1074 1077
1074 1098
1074 1106
1074 1107
1074 1122
1074 1170
1074 1585
1075 1077
1075 1081
1075 1099
1075 1106
1075 1107
1075 1109
1075 1123
1075 1171
1076 1078
1076 1079
1076 1082
1076 1100
1076 1108
1076 1110
1076 1124
1076 1172
1076 1587
1077 1081
1077 1101
1077 1107
1077 1109
1077 1113
1077 1125
1077 1173
1078 1079
1078 1082
1078 1083
1078 1102
1078 1108
1078 1110
1078 1111
1078 1114
1078 1126
1078 1174
1078 1589
1079 1082
1079 1083
1079 1085
1079 1103
1079 1110
1079 1111
1079 1115
1079 1127
1079 1175
1080 1084
1080 1086
1080 1104
1080 1112
1080 1116
1080 1128
1080 1176
1080 1591
1081 1109
1081 1113
1081 1129
1081 1177
1082 1083
1082 1085
1082 1110
1082 1114
1082 1115
1082 1130
1082 1178
1082 1593
1083 1085
1083 1111
1083 1114
1083 1115
1083 1117
1083 1131
1083 1179
1084 1086
1084 1087
1084 1112
1084 1116
1084 1118
1084 1132
1084 1180
1084 1595
1085 1115
1085 1117
1085 1133
1085 1181
1086 1087
1086 1116
1086 1118
1086 1119
1086 1134
1086 1182
1086 1597
1087 1118
1087 1119
1087 1135
1087 1183
1088 1120
1088 1136
1088 1184
1088 1599
1089 1153
1089 1281
1090 1091
1090 1093
1090 1154
1090 1155
1090 1282
1090 1601
1091 1093
1091 1097
1091 1154
1091 1155
1091 1157
1091 1283
1092 1094
1092 1095
1092 1098
1092 1156
1092 1158
1092 1284
1092 1603
1093 1097
1093 1105
1093 1155
1093 1157
1093 1161
1093 1285
1094 1095
1094 1098
1094 1099
1094 1106
1094 1156
1094 1158
1094 1159
1094 1162
1094 1286
1094 1605
1095 1098
1095 1099
1095 1101
1095 1107
1095 1158
1095 1159
1095 1163
1095 1287
1096 1100
1096 1102
1096 1108
1096 1160
1096 1164
1096 1288
1096 1607
1097 1105
1097 1121
1097 1157
1097 1161
1097 1169
1097 1289
1098 1099
1098 1101
1098 1106
1098 1107
1098 1122
1098 1158
1098 1162
1098 1163
1098 1170
1098 1290
1098 1609
1099 1101
1099 1106
1099 1107
1099 1109
1099 1123
1099 1159
1099 1162
1099 1163
1099 1165
1099 1171
1099 1291
1100 1102
1100 1103
1100 1108
1100 1110
1100 1124
1100 1160
1100 1164
1100 1166
1100 1172
1100 1292
1100 1611
1101 1107
1101 1109
1101 1113
1101 1125
1101 1163
1101 1165
1101 1173
1101 1293
1102 1103
1102 1108
1102 1110
1102 1111
1102 1114
1102 1126
1102 1164
1102 1166
1102 1167
1102 1174
1102 1294
1102 1613
1103 1110
1103 1111
1103 1115
1103 1127
1103 1166
1103 1167
1103 1175
1103 1295
1104 1112
1104 1116
1104 1128
1104 1168
1104 1176
1104 1296
1104 1615
1105 1121
1105 1161
1105 1169
1105 1185
1105 1297
1106 1107
1106 1109
1106 1122
1106 1123
1106 1162
1106 1170
1106 1171
1106 1186
1106 1298
1106 1617
1107 1109
1107 1113
1107 1122
1107 1123
1107 1125
1107 1163
1107 1170
1107 1171
1107 1173
1107 1187
1107 1299
1108 1110
1108 1111
1108 1114
1108 1124
1108 1126
1108 1164
1108 1172
1108 1174
1108 1188
1108 1300
1108 1619
1109 1113
1109 1123
1109 1125
1109 1129
1109 1165
1109 1171
1109 1173
1109 1177
1109 1189
1109 1301
1110 1111
1110 1114
1110 1115
1110 1124
1110 1126
1110 1127
1110 1130
1110 1166
1110 1172
1110 1174
1110 1175
1110 1178
1110 1190
1110 1302
1110 1621
1111 1114
1111 1115
1111 1117
1111 1126
1111 1127
1111 1131
1111 1167
1111 1174
1111 1175
1111 1179
1111 1191
1111 1303
1112 1116
1112 1118
1112 1128
1112 1132
1112 1168
1112 1176
1112 1180
1112 1192
1112 1304
1112 1623
1113 1125
1113 1129
1113 1137
1113 1173
1113 1177
1113 1193
1113 1305
1114 1115
1114 1117
1114 1126
1114 1130
1114 1131
1114 1138
1114 1174
1114 1178
1114 1179
1114 1194
1114 1306
1114 1625
1115 1117
1115 1127
1115 1130
1115 1131
1115 1133
1115 1139
1115 1175
1115 1178
1115 1179
1115 1181
1115 1195
1115 1307
1116 1118
1116 1119
1116 1128
1116 1132
1116 1134
1116 1140
1116 1176
1116 1180
1116 1182
1116 1196
1116 1308
1116 1627
1117 1131
1117 1133
1117 1141
1117 1179
1117 1181
1117 1197
1117 1309
1118 1119
1118 1132
1118 1134
1118 1135
1118 1142
1118 1180
1118 1182
1118 1183
1118 1198
1118 1310
1118 1629
1119 1134
1119 1135
1119 1143
1119 1182
1119 1183
1119 1199
1119 1311
1120 1136
1120 1144
1120 1184
1120 1200
1120 1312
1120 1631
1121 1169
1121 1185
1121 1217
1121 1313
1122 1123
1122 1125
1122 1170
1122 1186
1122 1187
1122 1218
1122 1314
1122 1633
1123 1125
1123 1129
1123 1171
1123 1186
1123 1187
1123 1189
1123 1219
1123 1315
1124 1126
1124 1127
1124 1130
1124 1172
1124 1188
1124 1190
1124 1220
1124 1316
1124 1635
1125 1129
1125 1137
1125 1173
1125 1187
1125 1189
1125 1193
1125 1221
1125 1317
1126 1127
1126 1130
1126 1131
1126 1138
1126 1174
1126 1188
1126 1190
1126 1191
1126 1194
1126 1222
1126 1318
1126 1637
1127 1130
1127 1131
1127 1133
1127 1139
1127 1175
1127 1190
1127 1191
1127 1195
1127 1223
1127 1319
1128 1132
1128 1134
1128 1140
1128 1176
1128 1192
1128 1196
1128 1224
1128 1320
1128 1639
1129 1137
1129 1177
1129 1189
1129 1193
1129 1201
1129 1225
1129 1321
1130 1131
1130 1133
1130 1138
1130 1139
1130 1178
1130 1190
1130 1194
1130 1195
1130 1202
1130 1226
1130 1322
1130 1641
1131 1133
1131 1138
1131 1139
1131 1141
1131 1179
1131 1191
1131 1194
1131 1195
1131 1197
1131 1203
1131 1227
1131 1323
1132 1134
1132 1135
1132 1140
1132 1142
1132 1180
1132 1192
1132 1196
1132 1198
1132 1204
1132 1228
1132 1324
1132 1643
1133 1139
1133 1141
1133 1145
1133 1181
1133 1195
1133 1197
1133 1205
1133 1229
1133 1325
1134 1135
1134 1140
1134 1142
1134 1143
1134 1146
1134 1182
1134 1196
1134 1198
1134 1199
1134 1206
1134 1230
1134 1326
1134 1645
1135 1142
1135 1143
1135 1147
1135 1183
1135 1198
1135 1199
1135 1207
1135 1231
1135 1327
1136 1144
1136 1148
1136 1184
1136 1200
1136 1208
1136 1232
1136 1328
1136 1647
1137 1193
1137 1201
1137 1233
1137 1329
1138 1139
1138 1141
1138 1194
1138 1202
1138 1203
1138 1234
1138 1330
1138 1649
1139 1141
1139 1145
1139 1195
1139 1202
1139 1203
1139 1205
1139 1235
1139 1331
1140 1142
1140 1143
1140 1146
1140 1196
1140 1204
1140 1206
1140 1236
1140 1332
1140 1651
1141 1145
1141 1197
1141 1203
1141 1205
1141 1209
1141 1237
1141 1333
1142 1143
1142 1146
1142 1147
1142 1198
1142 1204
1142 1206
1142 1207
1142 1210
1142 1238
1142 1334
1142 1653
1143 1146
1143 1147
1143 1149
1143 1199
1143 1206
1143 1207
1143 1211
1143 1239
1143 1335
1144 1148
1144 1150
1144 1200
1144 1208
1144 1212
1144 1240
1144 1336
1144 1655
1145 1205
1145 1209
1145 1241
1145 1337
1146 1147
1146 1149
1146 1206
1146 1210
1146 1211
1146 1242
1146 1338
1146 1657
1147 1149
1147 1207
1147 1210
1147 1211
1147 1213
1147 1243
1147 1339
1148 1150
1148 1151
1148 1208
1148 1212
1148 1214
1148 1244
1148 1340
1148 1659
1149 1211
1149 1213
1149 1245
1149 1341
1150 1151
1150 1212
1150 1214
1150 1215
1150 1246
1150 1342
1150 1661
1151 1214
1151 1215
1151 1247
1151 1343
1152 1216
1152 1248
1152 1344
1152 1663
1153 1281
1153 1537
1154 1155
1154 1157
1154 1282
1154 1283
1154 1538
1154 1665
1155 1157
1155 1161
1155 1282
1155 1283
1155 1285
1155 1539
1156 1158
1156 1159
1156 1162
1156 1284
1156 1286
1156 1540
1156 1667
1157 1161
1157 1169
1157 1283
1157 1285
1157 1289
1157 1541
1158 1159
1158 1162
1158 1163
1158 1170
1158 1284
1158 1286
1158 1287
1158 1290
1158 1542
1158 1669
1159 1162
1159 1163
1159 1165
1159 1171
1159 1286
1159 1287
1159 1291
1159 1543
1160 1164
1160 1166
1160 1172
1160 1288
1160 1292
1160 1544
1160 1671
1161 1169
1161 1185
1161 1285
1161 1289
1161 1297
1161 1545
1162 1163
1162 1165
1162 1170
1162 1171
1162 1186
1162 1286
1162 1290
1162 1291
1162 1298
1162 1546
1162 1673
1163 1165
1163 1170
1163 1171
1163 1173
1163 1187
1163 1287
1163 1290
1163 1291
1163 1293
1163 1299
1163 1547
1164 1166
1164 1167
1164 1172
1164 1174
1164 1188
1164 1288
1164 1292
1164 1294
1164 1300
1164 1548
1164 1675
1165 1171
1165 1173
1165 1177
1165 1189
1165 1291
1165 1293
1165 1301
1165 1549
1166 1167
1166 1172
1166 1174
1166 1175
1166 1178
1166 1190
1166 1292
1166 1294
1166 1295
1166 1302
1166 1550
1166 1677
1167 1174
1167 1175
1167 1179
1167 1191
1167 1294
1167 1295
1167 1303
1167 1551
1168 1176
1168 1180
1168 1192
1168 1296
1168 1304
1168 1552
1168 1679
1169 1185
1169 1217
1169 1289
1169 1297
1169 1313
1169 1553
1170 1171
1170 1173
1170 1186
1170 1187
1170 1218
1170 1290
1170 1298
1170 1299
1170 1314
1170 1554
1170 1681
1171 1173
1171 1177
1171 1186
1171 1187
1171 1189
1171 1219
1171 1291
1171 1298
1171 1299
1171 1301
1171 1315
1171 1555
1172 1174
1172 1175
1172 1178
1172 1188
1172 1190
1172 1220
1172 1292
1172 1300
1172 1302
1172 1316
1172 1556
1172 1683
1173 1177
1173 1187
1173 1189
1173 1193
1173 1221
1173 1293
1173 1299
1173 1301
1173 1305
1173 1317
1173 1557
1174 1175
1174 1178
1174 1179
1174 1188
1174 1190
1174 1191
1174 1194
1174 1222
1174 1294
1174 1300
1174 1302
1174 1303
1174 1306
1174 1318
1174 1558
1174 1685
1175 1178
1175 1179
1175 1181
1175 1190
1175 1191
1175 1195
1175 1223
1175 1295
1175 1302
1175 1303
1175 1307
1175 1319
1175 1559
1176 1180
1176 1182
1176 1192
1176 1196
1176 1224
1176 1296
1176 1304
1176 1308
1176 1320
1176 1560
1176 1687
1177 1189
1177 1193
1177 1201
1177 1225
1177 1301
1177 1305
1177 1321
1177 1561
1178 1179
1178 1181
1178 1190
1178 1194
1178 1195
1178 1202
1178 1226
1178 1302
1178 1306
1178 1307
1178 1322
1178 1562
1178 1689
1179 1181
1179 1191
1179 1194
1179 1195
1179 1197
1179 1203
1179 1227
1179 1303
1179 1306
1179 1307
1179 1309
1179 1323
1179 1563
1180 1182
1180 1183
1180 1192
1180 1196
1180 1198
1180 1204
1180 1228
1180 1304
1180 1308
1180 1310
1180 1324
1180 1564
1180 1691
1181 1195
1181 1197
1181 1205
1181 1229
1181 1307
1181 1309
1181 1325
1181 1565
1182 1183
1182 1196
1182 1198
1182 1199
1182 1206
1182 1230
1182 1308
1182 1310
1182 1311
1182 1326
1182 1566
1182 1693
1183 1198
1183 1199
1183 1207
1183 1231
1183 1310
1183 1311
1183 1327
1183 1567
1184 1200
1184 1208
1184 1232
1184 1312
1184 1328
1184 1568
1184 1695
1185 1217
1185 1297
1185 1313
1185 1345
1185 1569
1186 1187
1186 1189
1186 1218
1186 1219
1186 1298
1186 1314
1186 1315
1186 1346
1186 1570
1186 1697
1187 1189
1187 1193
1187 1218
1187 1219
1187 1221
1187 1299
1187 1314
1187 1315
1187 1317
1187 1347
1187 1571
1188 1190
1188 1191
1188 1194
1188 1220
1188 1222
1188 1300
1188 1316
1188 1318
1188 1348
1188 1572
1188 1699
1189 1193
1189 1201
1189 1219
1189 1221
1189 1225
1189 1301
1189 1315
1189 1317
1189 1321
1189 1349
1189 1573
1190 1191
1190 1194
1190 1195
1190 1202
1190 1220
1190 1222
1190 1223
1190 1226
1190 1302
1190 1316
1190 1318
1190 1319
1190 1322
1190 1350
1190 1574
1190 1701
1191 1194
1191 1195
1191 1197
1191 1203
1191 1222
1191 1223
1191 1227
1191 1303
1191 1318
1191 1319
1191 1323
1191 1351
1191 1575
1192 1196
1192 1198
1192 1204
1192 1224
1192 1228
1192 1304
1192 1320
1192 1324
1192 1352
1192 1576
1192 1703
1193 1201
1193 1221
1193 1225
1193 1233
1193 1305
1193 1317
1193 1321
1193 1329
1193 1353
1193 1577
1194 1195
1194 1197
1194 1202
1194 1203
1194 1222
1194 1226
1194 1227
1194 1234
1194 1306
1194 1318
1194 1322
1194 1323
1194 1330
1194 1354
1194 1578
1194 1705
1195 1197
1195 1202
1195 1203
1195 1205
1195 1223
1195 1226
1195 1227
1195 1229
1195 1235
1195 1307
1195 1319
1195 1322
1195 1323
1195 1325
1195 1331
1195 1355
1195 1579
1196 1198
1196 1199
1196 1204
1196 1206
1196 1224
1196 1228
1196 1230
1196 1236
1196 1308
1196 1320
1196 1324
1196 1326
1196 1332
1196 1356
1196 1580
1196 1707
1197 1203
1197 1205
1197 1209
1197 1227
1197 1229
1197 1237
1197 1309
1197 1323
1197 1325
1197 1333
1197 1357
1197 1581
1198 1199
1198 1204
1198 1206
1198 1207
1198 1210
1198 1228
1198 1230
1198 1231
1198 1238
1198 1310
1198 1324
1198 1326
1198 1327
1198 1334
1198 1358
1198 1582
1198 1709
1199 1206
1199 1207
1199 1211
1199 1230
1199 1231
1199 1239
1199 1311
1199 1326
1199 1327
1199 1335
1199 1359
1199 1583
1200 1208
1200 1212
1200 1232
1200 1240
1200 1312
1200 1328
1200 1336
1200 1360
1200 1584
1200 1711
1201 1225
1201 1233
1201 1249
1201 1321
1201 1329
1201 1361
1201 1585
1202 1203
1202 1205
1202 1226
1202 1234
1202 1235
1202 1250
1202 1322
1202 1330
1202 1331
1202 1362
1202 1586
1202 1713
1203 1205
1203 1209
1203 1227
1203 1234
1203 1235
1203 1237
1203 1251
1203 1323
1203 1330
1203 1331
1203 1333
1203 1363
1203 1587
1204 1206
1204 1207
1204 1210
1204 1228
1204 1236
1204 1238
1204 1252
1204 1324
1204 1332
1204 1334
1204 1364
1204 1588
1204 1715
1205 1209
1205 1229
1205 1235
1205 1237
1205 1241
1205 1253
1205 1325
1205 1331
1205 1333
1205 1337
1205 1365
1205 1589
1206 1207
1206 1210
1206 1211
1206 1230
1206 1236
1206 1238
1206 1239
1206 1242
1206 1254
1206 1326
1206 1332
1206 1334
1206 1335
1206 1338
1206 1366
1206 1590
1206 1717
1207 1210
1207 1211
1207 1213
1207 1231
1207 1238
1207 1239
1207 1243
1207 1255
1207 1327
1207 1334
1207 1335
1207 1339
1207 1367
1207 1591
1208 1212
1208 1214
1208 1232
1208 1240
1208 1244
1208 1256
1208 1328
1208 1336
1208 1340
1208 1368
1208 1592
1208 1719
1209 1237
1209 1241
1209 1257
1209 1333
1209 1337
1209 1369
1209 1593
1210 1211
1210 1213
1210 1238
1210 1242
1210 1243
1210 1258
1210 1334
1210 1338
1210 1339
1210 1370
1210 1594
1210 1721
1211 1213
1211 1239
1211 1242
1211 1243
1211 1245
1211 1259
1211 1335
1211 1338
1211 1339
1211 1341
1211 1371
1211 1595
1212 1214
1212 1215
1212 1240
1212 1244
1212 1246
1212 1260
1212 1336
1212 1340
1212 1342
1212 1372
1212 1596
1212 1723
1213 1243
1213 1245
1213 1261
1213 1339
1213 1341
1213 1373
1213 1597
1214 1215
1214 1244
1214 1246
1214 1247
1214 1262
1214 1340
1214 1342
1214 1343
1214 1374
1214 1598
1214 1725
1215 1246
1215 1247
1215 1263
1215 1342
1215 1343
1215 1375
1215 1599
1216 1248
1216 1264
1216 1344
1216 1376
1216 1600
1216 1727
1217 1313
1217 1345
1217 1409
1217 1601
1218 1219
1218 1221
1218 1314
1218 1346
1218 1347
1218 1410
1218 1602
1218 1729
1219 1221
1219 1225
1219 1315
1219 1346
1219 1347
1219 1349
1219 1411
1219 1603
1220 1222
1220 1223
1220 1226
1220 1316
1220 1348
1220 1350
1220 1412
1220 1604
1220 1731
1221 1225
1221 1233
1221 1317
1221 1347
1221 1349
1221 1353
1221 1413
1221 1605
1222 1223
1222 1226
1222 1227
1222 1234
1222 1318
1222 1348
1222 1350
1222 1351
1222 1354
1222 1414
1222 1606
1222 1733
1223 1226
1223 1227
1223 1229
1223 1235
1223 1319
1223 1350
1223 1351
1223 1355
1223 1415
1223 1607
1224 1228
1224 1230
1224 1236
1224 1320
1224 1352
1224 1356
1224 1416
1224 1608
1224 1735
1225 1233
1225 1249
1225 1321
1225 1349
1225 1353
1225 1361
1225 1417
1225 1609
1226 1227
1226 1229
1226 1234
1226 1235
1226 1250
1226 1322
1226 1350
1226 1354
1226 1355
1226 1362
1226 1418
1226 1610
1226 1737
1227 1229
1227 1234
1227 1235
1227 1237
1227 1251
1227 1323
1227 1351
1227 1354
1227 1355
1227 1357
1227 1363
1227 1419
1227 1611
1228 1230
1228 1231
1228 1236
1228 1238
1228 1252
1228 1324
1228 1352
1228 1356
1228 1358
1228 1364
1228 1420
1228 1612
1228 1739
1229 1235
1229 1237
1229 1241
1229 1253
1229 1325
1229 1355
1229 1357
1229 1365
1229 1421
1229 1613
1230 1231
1230 1236
1230 1238
1230 1239
1230 1242
1230 1254
1230 1326
1230 1356
1230 1358
1230 1359
1230 1366
1230 1422
1230 1614
1230 1741
1231 1238
1231 1239
1231 1243
1231 1255
1231 1327
1231 1358
1231 1359
1231 1367
1231 1423
1231 1615
1232 1240
1232 1244
1232 1256
1232 1328
1232 1360
1232 1368
1232 1424
1232 1616
1232 1743
1233 1249
1233 1329
1233 1353
1233 1361
1233 1377
1233 1425
1233 1617
1234 1235
1234 1237
1234 1250
1234 1251
1234 1330
1234 1354
1234 1362
1234 1363
1234 1378
1234 1426
1234 1618
1234 1745
1235 1237
1235 1241
1235 1250
1235 1251
1235 1253
1235 1331
1235 1355
1235 1362
1235 1363
1235 1365
1235 1379
1235 1427
1235 1619
1236 1238
1236 1239
1236 1242
1236 1252
1236 1254
1236 1332
1236 1356
1236 1364
1236 1366
1236 1380
1236 1428
1236 1620
1236 1747
1237 1241
1237 1251
1237 1253
1237 1257
1237 1333
1237 1357
1237 1363
1237 1365
1237 1369
1237 1381
1237 1429
1237 1621
1238 1239
1238 1242
1238 1243
1238 1252
1238 1254
1238 1255
1238 1258
1238 1334
1238 1358
1238 1364
1238 1366
1238 1367
1238 1370
1238 1382
1238 1430
1238 1622
1238 1749
1239 1242
1239 1243
1239 1245
1239 1254
1239 1255
1239 1259
1239 1335
1239 1359
1239 1366
1239 1367
1239 1371
1239 1383
1239 1431
1239 1623
1240 1244
1240 1246
1240 1256
1240 1260
1240 1336
1240 1360
1240 1368
1240 1372
1240 1384
1240 1432
1240 1624
1240 1751
1241 1253
1241 1257
1241 1265
1241 1337
1241 1365
1241 1369
1241 1385
1241 1433
1241 1625
1242 1243
1242 1245
1242 1254
1242 1258
1242 1259
1242 1266
1242 1338
1242 1366
1242 1370
1242 1371
1242 1386
1242 1434
1242 1626
1242 1753
1243 1245
1243 1255
1243 1258
1243 1259
1243 1261
1243 1267
1243 1339
1243 1367
1243 1370
1243 1371
1243 1373
1243 1387
1243 1435
1243 1627
1244 1246
1244 1247
1244 1256
1244 1260
1244 1262
1244 1268
1244 1340
1244 1368
1244 1372
1244 1374
1244 1388
1244 1436
1244 1628
1244 1755
1245 1259
1245 1261
1245 1269
1245 1341
1245 1371
1245 1373
1245 1389
1245 1437
1245 1629
1246 1247
1246 1260
1246 1262
1246 1263
1246 1270
1246 1342
1246 1372
1246 1374
1246 1375
1246 1390
1246 1438
1246 1630
1246 1757
1247 1262
1247 1263
1247 1271
1247 1343
1247 1374
1247 1375
1247 1391
1247 1439
1247 1631
1248 1264
1248 1272
1248 1344
1248 1376
1248 1392
1248 1440
1248 1632
1248 1759
1249 1361
1249 1377
1249 1441
1249 1633
1250 1251
1250 1253
1250 1362
1250 1378
1250 1379
1250 1442
1250 1634
1250 1761
1251 1253
1251 1257
1251 1363
1251 1378
1251 1379
1251 1381
1251 1443
1251 1635
1252 1254
1252 1255
1252 1258
1252 1364
1252 1380
1252 1382
1252 1444
1252 1636
1252 1763
1253 1257
1253 1265
1253 1365
1253 1379
1253 1381
1253 1385
1253 1445
1253 1637
1254 1255
1254 1258
1254 1259
1254 1266
1254 1366
1254 1380
1254 1382
1254 1383
1254 1386
1254 1446
1254 1638
1254 1765
1255 1258
1255 1259
1255 1261
1255 1267
1255 1367
1255 1382
1255 1383
1255 1387
1255 1447
1255 1639
1256 1260
1256 1262
1256 1268
1256 1368
1256 1384
1256 1388
1256 1448
1256 1640
1256 1767
1257 1265
1257 1369
1257 1381
1257 1385
1257 1393
1257 1449
1257 1641
1258 1259
1258 1261
1258 1266
1258 1267
1258 1370
1258 1382
1258 1386
1258 1387
1258 1394
1258 1450
1258 1642
1258 1769
1259 1261
1259 1266
1259 1267
1259 1269
1259 1371
1259 1383
1259 1386
1259 1387
1259 1389
1259 1395
1259 1451
1259 1643
1260 1262
1260 1263
1260 1268
1260 1270
1260 1372
1260 1384
1260 1388
1260 1390
1260 1396
1260 1452
1260 1644
1260 1771
1261 1267
1261 1269
1261 1273
1261 1373
1261 1387
1261 1389
1261 1397
1261 1453
1261 1645
1262 1263
1262 1268
1262 1270
1262 1271
1262 1274
1262 1374
1262 1388
1262 1390
1262 1391
1262 1398
1262 1454
1262 1646
1262 1773
1263 1270
1263 1271
1263 1275
1263 1375
1263 1390
1263 1391
1263 1399
1263 1455
1263 1647
1264 1272
1264 1276
1264 1376
1264 1392
1264 1400
1264 1456
1264 1648
1264 1775
1265 1385
1265 1393
1265 1457
1265 1649
1266 1267
1266 1269
1266 1386
1266 1394
1266 1395
1266 1458
1266 1650
1266 1777
1267 1269
1267 1273
1267 1387
1267 1394
1267 1395
1267 1397
1267 1459
1267 1651
1268 1270
1268 1271
1268 1274
1268 1388
1268 1396
1268 1398
1268 1460
1268 1652
1268 1779
1269 1273
1269 1389
1269 1395
1269 1397
1269 1401
1269 1461
1269 1653
1270 1271
1270 1274
1270 1275
1270 1390
1270 1396
1270 1398
1270 1399
1270 1402
1270 1462
1270 1654
1270 1781
1271 1274
1271 1275
1271 1277
1271 1391
1271 1398
1271 1399
1271 1403
1271 1463
1271 1655
1272 1276
1272 1278
1272 1392
1272 1400
1272 1404
1272 1464
1272 1656
1272 1783
1273 1397
1273 1401
1273 1465
1273 1657
1274 1275
1274 1277
1274 1398
1274 1402
1274 1403
1274 1466
1274 1658
1274 1785
1275 1277
1275 1399
1275 1402
1275 1403
1275 1405
1275 1467
1275 1659
1276 1278
1276 1279
1276 1400
1276 1404
1276 1406
1276 1468
1276 1660
1276 1787
1277 1403
1277 1405
1277 1469
1277 1661
1278 1279
1278 1404
1278 1406
1278 1407
1278 1470
1278 1662
1278 1789
1279 1406
1279 1407
1279 1471
1279 1663
1280 1408
1280 1472
1280 1664
1280 1791
1281 1537
1282 1283
1282 1285
1282 1538
1282 1539
1282 1793
1283 1285
1283 1289
1283 1538
1283 1539
1283 1541
1284 1286
1284 1287
1284 1290
1284 1540
1284 1542
1284 1795
1285 1289
1285 1297
1285 1539
1285 1541
1285 1545
1286 1287
1286 1290
1286 1291
1286 1298
1286 1540
1286 1542
1286 1543
1286 1546
1286 1797
1287 1290
1287 1291
1287 1293
1287 1299
1287 1542
1287 1543
1287 1547
1288 1292
1288 1294
1288 1300
1288 1544
1288 1548
1288 1799
1289 1297
1289 1313
1289 1541
1289 1545
1289 1553
1290 1291
1290 1293
1290 1298
1290 1299
1290 1314
1290 1542
1290 1546
1290 1547
1290 1554
1290 1801
1291 1293
1291 1298
1291 1299
1291 1301
1291 1315
1291 1543
1291 1546
1291 1547
1291 1549
1291 1555
1292 1294
1292 1295
1292 1300
1292 1302
1292 1316
1292 1544
1292 1548
1292 1550
1292 1556
1292 1803
1293 1299
1293 1301
1293 1305
1293 1317
1293 1547
1293 1549
1293 1557
1294 1295
1294 1300
1294 1302
1294 1303
1294 1306
1294 1318
1294 1548
1294 1550
1294 1551
1294 1558
1294 1805
1295 1302
1295 1303
1295 1307
1295 1319
1295 1550
1295 1551
1295 1559
1296 1304
1296 1308
1296 1320
1296 1552
1296 1560
1296 1807
1297 1313
1297 1345
1297 1545
1297 1553
1297 1569
1298 1299
1298 1301
1298 1314
1298 1315
1298 1346
1298 1546
1298 1554
1298 1555
1298 1570
1298 1809
1299 1301
1299 1305
1299 1314
1299 1315
1299 1317
1299 1347
1299 1547
1299 1554
1299 1555
1299 1557
1299 1571
1300 1302
1300 1303
1300 1306
1300 1316
1300 1318
1300 1348
1300 1548
1300 1556
1300 1558
1300 1572
1300 1811
1301 1305
1301 1315
1301 1317
1301 1321
1301 1349
1301 1549
1301 1555
1301 1557
1301 1561
1301 1573
1302 1303
1302 1306
1302 1307
1302 1316
1302 1318
1302 1319
1302 1322
1302 1350
1302 1550
1302 1556
1302 1558
1302 1559
1302 1562
1302 1574
1302 1813
1303 1306
1303 1307
1303 1309
1303 1318
1303 1319
1303 1323
1303 1351
1303 1551
1303 1558
1303 1559
1303 1563
1303 1575
1304 1308
1304 1310
1304 1320
1304 1324
1304 1352
1304 1552
1304 1560
1304 1564
1304 1576
1304 1815
1305 1317
1305 1321
1305 1329
1305 1353
1305 1557
1305 1561
1305 1577
1306 1307
1306 1309
1306 1318
1306 1322
1306 1323
1306 1330
1306 1354
1306 1558
1306 1562
1306 1563
1306 1578
1306 1817
1307 1309
1307 1319
1307 1322
1307 1323
1307 1325
1307 1331
1307 1355
1307 1559
1307 1562
1307 1563
1307 1565
1307 1579
1308 1310
1308 1311
1308 1320
1308 1324
1308 1326
1308 1332
1308 1356
1308 1560
1308 1564
1308 1566
1308 1580
1308 1819
1309 1323
1309 1325
1309 1333
1309 1357
1309 1563
1309 1565
1309 1581
1310 1311
1310 1324
1310 1326
1310 1327
1310 1334
1310 1358
1310 1564
1310 1566
1310 1567
1310 1582
1310 1821
1311 1326
1311 1327
1311 1335
1311 1359
1311 1566
1311 1567
1311 1583
1312 1328
1312 1336
1312 1360
1312 1568
1312 1584
1312 1823
1313 1345
1313 1409
1313 1553
1313 1569
1313 1601
1314 1315
1314 1317
1314 1346
1314 1347
1314 1410
1314 1554
1314 1570
1314 1571
1314 1602
1314 1825
1315 1317
1315 1321
1315 1346
1315 1347
1315 1349
1315 1411
1315 1555
1315 1570
1315 1571
1315 1573
1315 1603
1316 1318
1316 1319
1316 1322
1316 1348
1316 1350
1316 1412
1316 1556
1316 1572
1316 1574
1316 1604
1316 1827
1317 1321
1317 1329
1317 1347
1317 1349
1317 1353
1317 1413
1317 1557
1317 1571
1317 1573
1317 1577
1317 1605
1318 1319
1318 1322
1318 1323
1318 1330
1318 1348
1318 1350
1318 1351
1318 1354
1318 1414
1318 1558
1318 1572
1318 1574
1318 1575
1318 1578
1318 1606
1318 1829
1319 1322
1319 1323
1319 1325
1319 1331
1319 1350
1319 1351
1319 1355
1319 1415
1319 1559
1319 1574
1319 1575
1319 1579
1319 1607
1320 1324
1320 1326
1320 1332
1320 1352
1320 1356
1320 1416
1320 1560
1320 1576
1320 1580
1320 1608
1320 1831
1321 1329
1321 1349
1321 1353
1321 1361
1321 1417
1321 1561
1321 1573
1321 1577
1321 1585
1321 1609
1322 1323
1322 1325
1322 1330
1322 1331
1322 1350
1322 1354
1322 1355
1322 1362
1322 1418
1322 1562
1322 1574
1322 1578
1322 1579
1322 1586
1322 1610
1322 1833
1323 1325
1323 1330
1323 1331
1323 1333
1323 1351
1323 1354
1323 1355
1323 1357
1323 1363
1323 1419
1323 1563
1323 1575
1323 1578
1323 1579
1323 1581
1323 1587
1323 1611
1324 1326
1324 1327
1324 1332
1324 1334
1324 1352
1324 1356
1324 1358
1324 1364
1324 1420
1324 1564
1324 1576
1324 1580
1324 1582
1324 1588
1324 1612
1324 1835
1325 1331
1325 1333
1325 1337
1325 1355
1325 1357
1325 1365
1325 1421
1325 1565
1325 1579
1325 1581
1325 1589
1325 1613
1326 1327
1326 1332
1326 1334
1326 1335
1326 1338
1326 1356
1326 1358
1326 1359
1326 1366
1326 1422
1326 1566
1326 1580
1326 1582
1326 1583
1326 1590
1326 1614
1326 1837
1327 1334
1327 1335
1327 1339
1327 1358
1327 1359
1327 1367
1327 1423
1327 1567
1327 1582
1327 1583
1327 1591
1327 1615
1328 1336
1328 1340
1328 1360
1328 1368
1328 1424
1328 1568
1328 1584
1328 1592
1328 1616
1328 1839
1329 1353
1329 1361
1329 1377
1329 1425
1329 1577
1329 1585
1329 1617
1330 1331
1330 1333
1330 1354
1330 1362
1330 1363
1330 1378
1330 1426
1330 1578
1330 1586
1330 1587
1330 1618
1330 1841
1331 1333
1331 1337
1331 1355
1331 1362
1331 1363
1331 1365
1331 1379
1331 1427
1331 1579
1331 1586
1331 1587
1331 1589
1331 1619
1332 1334
1332 1335
1332 1338
1332 1356
1332 1364
1332 1366
1332 1380
1332 1428
1332 1580
1332 1588
1332 1590
1332 1620
1332 1843
1333 1337
1333 1357
1333 1363
1333 1365
1333 1369
1333 1381
1333 1429
1333 1581
1333 1587
1333 1589
1333 1593
1333 1621
1334 1335
1334 1338
1334 1339
1334 1358
1334 1364
1334 1366
1334 1367
1334 1370
1334 1382
1334 1430
1334 1582
1334 1588
1334 1590
1334 1591
1334 1594
1334 1622
1334 1845
1335 1338
1335 1339
1335 1341
1335 1359
1335 1366
1335 1367
1335 1371
1335 1383
1335 1431
1335 1583
1335 1590
1335 1591
1335 1595
1335 1623
1336 1340
1336 1342
1336 1360
1336 1368
1336 1372
1336 1384
1336 1432
1336 1584
1336 1592
1336 1596
1336 1624
1336 1847
1337 1365
1337 1369
1337 1385
1337 1433
1337 1589
1337 1593
1337 1625
1338 1339
1338 1341
1338 1366
1338 1370
1338 1371
1338 1386
1338 1434
1338 1590
1338 1594
1338 1595
1338 1626
1338 1849
1339 1341
1339 1367
1339 1370
1339 1371
1339 1373
1339 1387
1339 1435
1339 1591
1339 1594
1339 1595
1339 1597
1339 1627
1340 1342
1340 1343
1340 1368
1340 1372
1340 1374
1340 1388
1340 1436
1340 1592
1340 1596
1340 1598
1340 1628
1340 1851
1341 1371
1341 1373
1341 1389
1341 1437
1341 1595
1341 1597
1341 1629
1342 1343
1342 1372
1342 1374
1342 1375
1342 1390
1342 1438
1342 1596
1342 1598
1342 1599
1342 1630
1342 1853
1343 1374
1343 1375
1343 1391
1343 1439
1343 1598
1343 1599
1343 1631
1344 1376
1344 1392
1344 1440
1344 1600
1344 1632
1344 1855
1345 1409
1345 1569
1345 1601
1345 1665
1346 1347
1346 1349
1346 1410
1346 1411
1346 1570
1346 1602
1346 1603
1346 1666
1346 1857
1347 1349
1347 1353
1347 1410
1347 1411
1347 1413
1347 1571
1347 1602
1347 1603
1347 1605
1347 1667
1348 1350
1348 1351
1348 1354
1348 1412
1348 1414
1348 1572
1348 1604
1348 1606
1348 1668
1348 1859
1349 1353
1349 1361
1349 1411
1349 1413
1349 1417
1349 1573
1349 1603
1349 1605
1349 1609
1349 1669
1350 1351
1350 1354
1350 1355
1350 1362
1350 1412
1350 1414
1350 1415
1350 1418
1350 1574
1350 1604
1350 1606
1350 1607
1350 1610
1350 1670
1350 1861
1351 1354
1351 1355
1351 1357
1351 1363
1351 1414
1351 1415
1351 1419
1351 1575
1351 1606
1351 1607
1351 1611
1351 1671
1352 1356
1352 1358
1352 1364
1352 1416
1352 1420
1352 1576
1352 1608
1352 1612
1352 1672
1352 1863
1353 1361
1353 1377
1353 1413
1353 1417
1353 1425
1353 1577
1353 1605
1353 1609
1353 1617
1353 1673
1354 1355
1354 1357
1354 1362
1354 1363
1354 1378
1354 1414
1354 1418
1354 1419
1354 1426
1354 1578
1354 1606
1354 1610
1354 1611
1354 1618
1354 1674
1354 1865
1355 1357
1355 1362
1355 1363
1355 1365
1355 1379
1355 1415
1355 1418
1355 1419
1355 1421
1355 1427
1355 1579
1355 1607
1355 1610
1355 1611
1355 1613
1355 1619
1355 1675
1356 1358
1356 1359
1356 1364
1356 1366
1356 1380
1356 1416
1356 1420
1356 1422
1356 1428
1356 1580
1356 1608
1356 1612
1356 1614
1356 1620
1356 1676
1356 1867
1357 1363
1357 1365
1357 1369
1357 1381
1357 1419
1357 1421
1357 1429
1357 1581
1357 1611
1357 1613
1357 1621
1357 1677
1358 1359
1358 1364
1358 1366
1358 1367
1358 1370
1358 1382
1358 1420
1358 1422
1358 1423
1358 1430
1358 1582
1358 1612
1358 1614
1358 1615
1358 1622
1358 1678
1358 1869
1359 1366
1359 1367
1359 1371
1359 1383
1359 1422
1359 1423
1359 1431
1359 1583
1359 1614
1359 1615
1359 1623
1359 1679
1360 1368
1360 1372
1360 1384
1360 1424
1360 1432
1360 1584
1360 1616
1360 1624
1360 1680
1360 1871
1361 1377
1361 1417
1361 1425
1361 1441
1361 1585
1361 1609
1361 1617
1361 1633
1361 1681
1362 1363
1362 1365
1362 1378
1362 1379
1362 1418
1362 1426
1362 1427
1362 1442
1362 1586
1362 1610
1362 1618
1362 1619
1362 1634
1362 1682
1362 1873
1363 1365
1363 1369
1363 1378
1363 1379
1363 1381
1363 1419
1363 1426
1363 1427
1363 1429
1363 1443
1363 1587
1363 1611
1363 1618
1363 1619
1363 1621
1363 1635
1363 1683
1364 1366
1364 1367
1364 1370
1364 1380
1364 1382
1364 1420
1364 1428
1364 1430
1364 1444
1364 1588
1364 1612
1364 1620
1364 1622
1364 1636
1364 1684
1364 1875
1365 1369
1365 1379
1365 1381
1365 1385
1365 1421
1365 1427
1365 1429
1365 1433
1365 1445
1365 1589
1365 1613
1365 1619
1365 1621
1365 1625
1365 1637
1365 1685
1366 1367
1366 1370
1366 1371
1366 1380
1366 1382
1366 1383
1366 1386
1366 1422
1366 1428
1366 1430
1366 1431
1366 1434
1366 1446
1366 1590
1366 1614
1366 1620
1366 1622
1366 1623
1366 1626
1366 1638
1366 1686
1366 1877
1367 1370
1367 1371
1367 1373
1367 1382
1367 1383
1367 1387
1367 1423
1367 1430
1367 1431
1367 1435
1367 1447
1367 1591
1367 1615
1367 1622
1367 1623
1367 1627
1367 1639
1367 1687
1368 1372
1368 1374
1368 1384
1368 1388
1368 1424
1368 1432
1368 1436
1368 1448
1368 1592
1368 1616
1368 1624
1368 1628
1368 1640
1368 1688
1368 1879
1369 1381
1369 1385
1369 1393
1369 1429
1369 1433
1369 1449
1369 1593
1369 1621
1369 1625
1369 1641
1369 1689
1370 1371
1370 1373
1370 1382
1370 1386
1370 1387
1370 1394
1370 1430
1370 1434
1370 1435
1370 1450
1370 1594
1370 1622
1370 1626
1370 1627
1370 1642
1370 1690
1370 1881
1371 1373
1371 1383
1371 1386
1371 1387
1371 1389
1371 1395
1371 1431
1371 1434
1371 1435
1371 1437
1371 1451
1371 1595
1371 1623
1371 1626
1371 1627
1371 1629
1371 1643
1371 1691
1372 1374
1372 1375
1372 1384
1372 1388
1372 1390
1372 1396
1372 1432
1372 1436
1372 1438
1372 1452
1372 1596
1372 1624
1372 1628
1372 1630
1372 1644
1372 1692
1372 1883
1373 1387
1373 1389
1373 1397
1373 1435
1373 1437
1373 1453
1373 1597
1373 1627
1373 1629
1373 1645
1373 1693
1374 1375
1374 1388
1374 1390
1374 1391
1374 1398
1374 1436
1374 1438
1374 1439
1374 1454
1374 1598
1374 1628
1374 1630
1374 1631
1374 1646
1374 1694
1374 1885
1375 1390
1375 1391
1375 1399
1375 1438
1375 1439
1375 1455
1375 1599
1375 1630
1375 1631
1375 1647
1375 1695
1376 1392
1376 1400
1376 1440
1376 1456
1376 1600
1376 1632
1376 1648
1376 1696
1376 1887
1377 1425
1377 1441
1377 1473
1377 1617
1377 1633
1377 1697
1378 1379
1378 1381
1378 1426
1378 1442
1378 1443
1378 1474
1378 1618
1378 1634
1378 1635
1378 1698
1378 1889
1379 1381
1379 1385
1379 1427
1379 1442
1379 1443
1379 1445
1379 1475
1379 1619
1379 1634
1379 1635
1379 1637
1379 1699
1380 1382
1380 1383
1380 1386
1380 1428
1380 1444
1380 1446
1380 1476
1380 1620
1380 1636
1380 1638
1380 1700
1380 1891
1381 1385
1381 1393
1381 1429
1381 1443
1381 1445
1381 1449
1381 1477
1381 1621
1381 1635
1381 1637
1381 1641
1381 1701
1382 1383
1382 1386
1382 1387
1382 1394
1382 1430
1382 1444
1382 1446
1382 1447
1382 1450
1382 1478
1382 1622
1382 1636
1382 1638
1382 1639
1382 1642
1382 1702
1382 1893
1383 1386
1383 1387
1383 1389
1383 1395
1383 1431
1383 1446
1383 1447
1383 1451
1383 1479
1383 1623
1383 1638
1383 1639
1383 1643
1383 1703
1384 1388
1384 1390
1384 1396
1384 1432
1384 1448
1384 1452
1384 1480
1384 1624
1384 1640
1384 1644
1384 1704
1384 1895
1385 1393
1385 1433
1385 1445
1385 1449
1385 1457
1385 1481
1385 1625
1385 1637
1385 1641
1385 1649
1385 1705
1386 1387
1386 1389
1386 1394
1386 1395
1386 1434
1386 1446
1386 1450
1386 1451
1386 1458
1386 1482
1386 1626
1386 1638
1386 1642
1386 1643
1386 1650
1386 1706
1386 1897
1387 1389
1387 1394
1387 1395
1387 1397
1387 1435
1387 1447
1387 1450
1387 1451
1387 1453
1387 1459
1387 1483
1387 1627
1387 1639
1387 1642
1387 1643
1387 1645
1387 1651
1387 1707
1388 1390
1388 1391
1388 1396
1388 1398
1388 1436
1388 1448
1388 1452
1388 1454
1388 1460
1388 1484
1388 1628
1388 1640
1388 1644
1388 1646
1388 1652
1388 1708
1388 1899
1389 1395
1389 1397
1389 1401
1389 1437
1389 1451
1389 1453
1389 1461
1389 1485
1389 1629
1389 1643
1389 1645
1389 1653
1389 1709
1390 1391
1390 1396
1390 1398
1390 1399
1390 1402
1390 1438
1390 1452
1390 1454
1390 1455
1390 1462
1390 1486
1390 1630
1390 1644
1390 1646
1390 1647
1390 1654
1390 1710
1390 1901
1391 1398
1391 1399
1391 1403
1391 1439
1391 1454
1391 1455
1391 1463
1391 1487
1391 1631
1391 1646
1391 1647
1391 1655
1391 1711
1392 1400
1392 1404
1392 1440
1392 1456
1392 1464
1392 1488
1392 1632
1392 1648
1392 1656
1392 1712
1392 1903
1393 1449
1393 1457
1393 1489
1393 1641
1393 1649
1393 1713
1394 1395
1394 1397
1394 1450
1394 1458
1394 1459
1394 1490
1394 1642
1394 1650
1394 1651
1394 1714
1394 1905
1395 1397
1395 1401
1395 1451
1395 1458
1395 1459
1395 1461
1395 1491
1395 1643
1395 1650
1395 1651
1395 1653
1395 1715
1396 1398
1396 1399
1396 1402
1396 1452
1396 1460
1396 1462
1396 1492
1396 1644
1396 1652
1396 1654
1396 1716
1396 1907
1397 1401
1397 1453
1397 1459
1397 1461
1397 1465
1397 1493
1397 1645
1397 1651
1397 1653
1397 1657
1397 1717
1398 1399
1398 1402
1398 1403
1398 1454
1398 1460
1398 1462
1398 1463
1398 1466
1398 1494
1398 1646
1398 1652
1398 1654
1398 1655
1398 1658
1398 1718
1398 1909
1399 1402
1399 1403
1399 1405
1399 1455
1399 1462
1399 1463
1399 1467
1399 1495
1399 1647
1399 1654
1399 1655
1399 1659
1399 1719
1400 1404
1400 1406
1400 1456
1400 1464
1400 1468
1400 1496
1400 1648
1400 1656
1400 1660
1400 1720
1400 1911
1401 1461
1401 1465
1401 1497
1401 1653
1401 1657
1401 1721
1402 1403
1402 1405
1402 1462
1402 1466
1402 1467
1402 1498
1402 1654
1402 1658
1402 1659
1402 1722
1402 1913
1403 1405
1403 1463
1403 1466
1403 1467
1403 1469
1403 1499
1403 1655
1403 1658
1403 1659
1403 1661
1403 1723
1404 1406
1404 1407
1404 1464
1404 1468
1404 1470
1404 1500
1404 1656
1404 1660
1404 1662
1404 1724
1404 1915
1405 1467
1405 1469
1405 1501
1405 1659
1405 1661
1405 1725
1406 1407
1406 1468
1406 1470
1406 1471
1406 1502
1406 1660
1406 1662
1406 1663
1406 1726
1406 1917
1407 1470
1407 1471
1407 1503
1407 1662
1407 1663
1407 1727
1408 1472
1408 1504
1408 1664
1408 1728
1408 1919
1409 1601
1409 1665
1409 1793
1410 1411
1410 1413
1410 1602
1410 1666
1410 1667
1410 1794
1410 1921
1411 1413
1411 1417
1411 1603
1411 1666
1411 1667
1411 1669
1411 1795
1412 1414
1412 1415
1412 1418
1412 1604
1412 1668
1412 1670
1412 1796
1412 1923
1413 1417
1413 1425
1413 1605
1413 1667
1413 1669
1413 1673
1413 1797
1414 1415
1414 1418
1414 1419
1414 1426
1414 1606
1414 1668
1414 1670
1414 1671
1414 1674
1414 1798
1414 1925
1415 1418
1415 1419
1415 1421
1415 1427
1415 1607
1415 1670
1415 1671
1415 1675
1415 1799
1416 1420
1416 1422
1416 1428
1416 1608
1416 1672
1416 1676
1416 1800
1416 1927
1417 1425
1417 1441
1417 1609
1417 1669
1417 1673
1417 1681
1417 1801
1418 1419
1418 1421
1418 1426
1418 1427
1418 1442
1418 1610
1418 1670
1418 1674
1418 1675
1418 1682
1418 1802
1418 1929
1419 1421
1419 1426
1419 1427
1419 1429
1419 1443
1419 1611
1419 1671
1419 1674
1419 1675
1419 1677
1419 1683
1419 1803
1420 1422
1420 1423
1420 1428
1420 1430
1420 1444
1420 1612
1420 1672
1420 1676
1420 1678
1420 1684
1420 1804
1420 1931
1421 1427
1421 1429
1421 1433
1421 1445
1421 1613
1421 1675
1421 1677
1421 1685
1421 1805
1422 1423
1422 1428
1422 1430
1422 1431
1422 1434
1422 1446
1422 1614
1422 1676
1422 1678
1422 1679
1422 1686
1422 1806
1422 1933
1423 1430
1423 1431
1423 1435
1423 1447
1423 1615
1423 1678
1423 1679
1423 1687
1423 1807
1424 1432
1424 1436
1424 1448
1424 1616
1424 1680
1424 1688
1424 1808
1424 1935
1425 1441
1425 1473
1425 1617
1425 1673
1425 1681
1425 1697
1425 1809
1426 1427
1426 1429
1426 1442
1426 1443
1426 1474
1426 1618
1426 1674
1426 1682
1426 1683
1426 1698
1426 1810
1426 1937
1427 1429
1427 1433
1427 1442
1427 1443
1427 1445
1427 1475
1427 1619
1427 1675
1427 1682
1427 1683
1427 1685
1427 1699
1427 1811
1428 1430
1428 1431
1428 1434
1428 1444
1428 1446
1428 1476
1428 1620
1428 1676
1428 1684
1428 1686
1428 1700
1428 1812
1428 1939
1429 1433
1429 1443
1429 1445
1429 1449
1429 1477
1429 1621
1429 1677
1429 1683
1429 1685
1429 1689
1429 1701
1429 1813
1430 1431
1430 1434
1430 1435
1430 1444
1430 1446
1430 1447
1430 1450
1430 1478
1430 1622
1430 1678
1430 1684
1430 1686
1430 1687
1430 1690
1430 1702
1430 1814
1430 1941
1431 1434
1431 1435
1431 1437
1431 1446
1431 1447
1431 1451
1431 1479
1431 1623
1431 1679
1431 1686
1431 1687
1431 1691
1431 1703
1431 1815
1432 1436
1432 1438
1432 1448
1432 1452
1432 1480
1432 1624
1432 1680
1432 1688
1432 1692
1432 1704
1432 1816
1432 1943
1433 1445
1433 1449
1433 1457
1433 1481
1433 1625
1433 1685
1433 1689
1433 1705
1433 1817
1434 1435
1434 1437
1434 1446
1434 1450
1434 1451
1434 1458
1434 1482
1434 1626
1434 1686
1434 1690
1434 1691
1434 1706
1434 1818
1434 1945
1435 1437
1435 1447
1435 1450
1435 1451
1435 1453
1435 1459
1435 1483
1435 1627
1435 1687
1435 1690
1435 1691
1435 1693
1435 1707
1435 1819
1436 1438
1436 1439
1436 1448
1436 1452
1436 1454
1436 1460
1436 1484
1436 1628
1436 1688
1436 1692
1436 1694
1436 1708
1436 1820
1436 1947
1437 1451
1437 1453
1437 1461
1437 1485
1437 1629
1437 1691
1437 1693
1437 1709
1437 1821
1438 1439
1438 1452
1438 1454
1438 1455
1438 1462
1438 1486
1438 1630
1438 1692
1438 1694
1438 1695
1438 1710
1438 1822
1438 1949
1439 1454
1439 1455
1439 1463
1439 1487
1439 1631
1439 1694
1439 1695
1439 1711
1439 1823
1440 1456
1440 1464
1440 1488
1440 1632
1440 1696
1440 1712
1440 1824
1440 1951
1441 1473
1441 1633
1441 1681
1441 1697
1441 1729
1441 1825
1442 1443
1442 1445
1442 1474
1442 1475
1442 1634
1442 1682
1442 1698
1442 1699
1442 1730
1442 1826
1442 1953
1443 1445
1443 1449
1443 1474
1443 1475
1443 1477
1443 1635
1443 1683
1443 1698
1443 1699
1443 1701
1443 1731
1443 1827
1444 1446
1444 1447
1444 1450
1444 1476
1444 1478
1444 1636
1444 1684
1444 1700
1444 1702
1444 1732
1444 1828
1444 1955
1445 1449
1445 1457
1445 1475
1445 1477
1445 1481
1445 1637
1445 1685
1445 1699
1445 1701
1445 1705
1445 1733
1445 1829
1446 1447
1446 1450
1446 1451
1446 1458
1446 1476
1446 1478
1446 1479
1446 1482
1446 1638
1446 1686
1446 1700
1446 1702
1446 1703
1446 1706
1446 1734
1446 1830
1446 1957
1447 1450
1447 1451
1447 1453
1447 1459
1447 1478
1447 1479
1447 1483
1447 1639
1447 1687
1447 1702
1447 1703
1447 1707
1447 1735
1447 1831
1448 1452
1448 1454
1448 1460
1448 1480
1448 1484
1448 1640
1448 1688
1448 1704
1448 1708
1448 1736
1448 1832
1448 1959
1449 1457
1449 1477
1449 1481
1449 1489
1449 1641
1449 1689
1449 1701
1449 1705
1449 1713
1449 1737
1449 1833
1450 1451
1450 1453
1450 1458
1450 1459
1450 1478
1450 1482
1450 1483
1450 1490
1450 1642
1450 1690
1450 1702
1450 1706
1450 1707
1450 1714
1450 1738
1450 1834
1450 1961
1451 1453
1451 1458
1451 1459
1451 1461
1451 1479
1451 1482
1451 1483
1451 1485
1451 1491
1451 1643
1451 1691
1451 1703
1451 1706
1451 1707
1451 1709
1451 1715
1451 1739
1451 1835
1452 1454
1452 1455
1452 1460
1452 1462
1452 1480
1452 1484
1452 1486
1452 1492
1452 1644
1452 1692
1452 1704
1452 1708
1452 1710
1452 1716
1452 1740
1452 1836
1452 1963
1453 1459
1453 1461
1453 1465
1453 1483
1453 1485
1453 1493
1453 1645
1453 1693
1453 1707
1453 1709
1453 1717
1453 1741
1453 1837
1454 1455
1454 1460
1454 1462
1454 1463
1454 1466
1454 1484
1454 1486
1454 1487
1454 1494
1454 1646
1454 1694
1454 1708
1454 1710
1454 1711
1454 1718
1454 1742
1454 1838
1454 1965
1455 1462
1455 1463
1455 1467
1455 1486
1455 1487
1455 1495
1455 1647
1455 1695
1455 1710
1455 1711
1455 1719
1455 1743
1455 1839
1456 1464
1456 1468
1456 1488
1456 1496
1456 1648
1456 1696
1456 1712
1456 1720
1456 1744
1456 1840
1456 1967
1457 1481
1457 1489
1457 1505
1457 1649
1457 1705
1457 1713
1457 1745
1457 1841
1458 1459
1458 1461
1458 1482
1458 1490
1458 1491
1458 1506
1458 1650
1458 1706
1458 1714
1458 1715
1458 1746
1458 1842
1458 1969
1459 1461
1459 1465
1459 1483
1459 1490
1459 1491
1459 1493
1459 1507
1459 1651
1459 1707
1459 1714
1459 1715
1459 1717
1459 1747
1459 1843
1460 1462
1460 1463
1460 1466
1460 1484
1460 1492
1460 1494
1460 1508
1460 1652
1460 1708
1460 1716
1460 1718
1460 1748
1460 1844
1460 1971
1461 1465
1461 1485
1461 1491
1461 1493
1461 1497
1461 1509
1461 1653
1461 1709
1461 1715
1461 1717
1461 1721
1461 1749
1461 1845
1462 1463
1462 1466
1462 1467
1462 1486
1462 1492
1462 1494
1462 1495
1462 1498
1462 1510
1462 1654
1462 1710
1462 1716
1462 1718
1462 1719
1462 1722
1462 1750
1462 1846
1462 1973
1463 1466
1463 1467
1463 1469
1463 1487
1463 1494
1463 1495
1463 1499
1463 1511
1463 1655
1463 1711
1463 1718
1463 1719
1463 1723
1463 1751
1463 1847
1464 1468
1464 1470
1464 1488
1464 1496
1464 1500
1464 1512
1464 1656
1464 1712
1464 1720
1464 1724
1464 1752
1464 1848
1464 1975
1465 1493
1465 1497
1465 1513
1465 1657
1465 1717
1465 1721
1465 1753
1465 1849
1466 1467
1466 1469
1466 1494
1466 1498
1466 1499
1466 1514
1466 1658
1466 1718
1466 1722
1466 1723
1466 1754
1466 1850
1466 1977
1467 1469
1467 1495
1467 1498
1467 1499
1467 1501
1467 1515
1467 1659
1467 1719
1467 1722
1467 1723
1467 1725
1467 1755
1467 1851
1468 1470
1468 1471
1468 1496
1468 1500
1468 1502
1468 1516
1468 1660
1468 1720
1468 1724
1468 1726
1468 1756
1468 1852
1468 1979
1469 1499
1469 1501
1469 1517
1469 1661
1469 1723
1469 1725
1469 1757
1469 1853
1470 1471
1470 1500
1470 1502
1470 1503
1470 1518
1470 1662
1470 1724
1470 1726
1470 1727
1470 1758
1470 1854
1470 1981
1471 1502
1471 1503
1471 1519
1471 1663
1471 1726
1471 1727
1471 1759
1471 1855
1472 1504
1472 1520
1472 1664
1472 1728
1472 1760
1472 1856
1472 1983
1473 1697
1473 1729
1473 1857
1474 1475
1474 1477
1474 1698
1474 1730
1474 1731
1474 1858
1474 1985
1475 1477
1475 1481
1475 1699
1475 1730
1475 1731
1475 1733
1475 1859
1476 1478
1476 1479
1476 1482
1476 1700
1476 1732
1476 1734
1476 1860
1476 1987
1477 1481
1477 1489
1477 1701
1477 1731
1477 1733
1477 1737
1477 1861
1478 1479
1478 1482
1478 1483
1478 1490
1478 1702
1478 1732
1478 1734
1478 1735
1478 1738
1478 1862
1478 1989
1479 1482
1479 1483
1479 1485
1479 1491
1479 1703
1479 1734
1479 1735
1479 1739
1479 1863
1480 1484
1480 1486
1480 1492
1480 1704
1480 1736
1480 1740
1480 1864
1480 1991
1481 1489
1481 1505
1481 1705
1481 1733
1481 1737
1481 1745
1481 1865
1482 1483
1482 1485
1482 1490
1482 1491
1482 1506
1482 1706
1482 1734
1482 1738
1482 1739
1482 1746
1482 1866
1482 1993
1483 1485
1483 1490
1483 1491
1483 1493
1483 1507
1483 1707
1483 1735
1483 1738
1483 1739
1483 1741
1483 1747
1483 1867
1484 1486
1484 1487
1484 1492
1484 1494
1484 1508
1484 1708
1484 1736
1484 1740
1484 1742
1484 1748
1484 1868
1484 1995
1485 1491
1485 1493
1485 1497
1485 1509
1485 1709
1485 1739
1485 1741
1485 1749
1485 1869
1486 1487
1486 1492
1486 1494
1486 1495
1486 1498
1486 1510
1486 1710
1486 1740
1486 1742
1486 1743
1486 1750
1486 1870
1486 1997
1487 1494
1487 1495
1487 1499
1487 1511
1487 1711
1487 1742
1487 1743
1487 1751
1487 1871
1488 1496
1488 1500
1488 1512
1488 1712
1488 1744
1488 1752
1488 1872
1488 1999
1489 1505
1489 1713
1489 1737
1489 1745
1489 1761
1489 1873
1490 1491
1490 1493
1490 1506
1490 1507
1490 1714
1490 1738
1490 1746
1490 1747
1490 1762
1490 1874
1490 2001
1491 1493
1491 1497
1491 1506
1491 1507
1491 1509
1491 1715
1491 1739
1491 1746
1491 1747
1491 1749
1491 1763
1491 1875
1492 1494
1492 1495
1492 1498
1492 1508
1492 1510
1492 1716
1492 1740
1492 1748
1492 1750
1492 1764
1492 1876
1492 2003
1493 1497
1493 1507
1493 1509
1493 1513
1493 1717
1493 1741
1493 1747
1493 1749
1493 1753
1493 1765
1493 1877
1494 1495
1494 1498
1494 1499
1494 1508
1494 1510
1494 1511
1494 1514
1494 1718
1494 1742
1494 1748
1494 1750
1494 1751
1494 1754
1494 1766
1494 1878
1494 2005
1495 1498
1495 1499
1495 1501
1495 1510
1495 1511
1495 1515
1495 1719
1495 1743
1495 1750
1495 1751
1495 1755
1495 1767
1495 1879
1496 1500
1496 1502
1496 1512
1496 1516
1496 1720
1496 1744
1496 1752
1496 1756
1496 1768
1496 1880
1496 2007
1497 1509
1497 1513
1497 1521
1497 1721
1497 1749
1497 1753
1497 1769
1497 1881
1498 1499
1498 1501
1498 1510
1498 1514
1498 1515
1498 1522
1498 1722
1498 1750
1498 1754
1498 1755
1498 1770
1498 1882
1498 2009
1499 1501
1499 1511
1499 1514
1499 1515
1499 1517
1499 1523
1499 1723
1499 1751
1499 1754
1499 1755
1499 1757
1499 1771
1499 1883
1500 1502
1500 1503
1500 1512
1500 1516
1500 1518
1500 1524
1500 1724
1500 1752
1500 1756
1500 1758
1500 1772
1500 1884
1500 2011
1501 1515
1501 1517
1501 1525
1501 1725
1501 1755
1501 1757
1501 1773
1501 1885
1502 1503
1502 1516
1502 1518
1502 1519
1502 1526
1502 1726
1502 1756
1502 1758
1502 1759
1502 1774
1502 1886
1502 2013
1503 1518
1503 1519
1503 1527
1503 1727
1503 1758
1503 1759
1503 1775
1503 1887
1504 1520
1504 1528
1504 1728
1504 1760
1504 1776
1504 1888
1504 2015
1505 1745
1505 1761
1505 1889
1506 1507
1506 1509
1506 1746
1506 1762
1506 1763
1506 1890
1506 2017
1507 1509
1507 1513
1507 1747
1507 1762
1507 1763
1507 1765
1507 1891
1508 1510
1508 1511
1508 1514
1508 1748
1508 1764
1508 1766
1508 1892
1508 2019
1509 1513
1509 1521
1509 1749
1509 1763
1509 1765
1509 1769
1509 1893
1510 1511
1510 1514
1510 1515
1510 1522
1510 1750
1510 1764
1510 1766
1510 1767
1510 1770
1510 1894
1510 2021
1511 1514
1511 1515
1511 1517
1511 1523
1511 1751
1511 1766
1511 1767
1511 1771
1511 1895
1512 1516
1512 1518
1512 1524
1512 1752
1512 1768
1512 1772
1512 1896
1512 2023
1513 1521
1513 1753
1513 1765
1513 1769
1513 1777
1513 1897
1514 1515
1514 1517
1514 1522
1514 1523
1514 1754
1514 1766
1514 1770
1514 1771
1514 1778
1514 1898
1514 2025
1515 1517
1515 1522
1515 1523
1515 1525
1515 1755
1515 1767
1515 1770
1515 1771
1515 1773
1515 1779
1515 1899
1516 1518
1516 1519
1516 1524
1516 1526
1516 1756
1516 1768
1516 1772
1516 1774
1516 1780
1516 1900
1516 2027
1517 1523
1517 1525
1517 1529
1517 1757
1517 1771
1517 1773
1517 1781
1517 1901
1518 1519
1518 1524
1518 1526
1518 1527
1518 1530
1518 1758
1518 1772
1518 1774
1518 1775
1518 1782
1518 1902
1518 2029
1519 1526
1519 1527
1519 1531
1519 1759
1519 1774
1519 1775
1519 1783
1519 1903
1520 1528
1520 1532
1520 1760
1520 1776
1520 1784
1520 1904
1520 2031
1521 1769
1521 1777
1521 1905
1522 1523
1522 1525
1522 1770
1522 1778
1522 1779
1522 1906
1522 2033
1523 1525
1523 1529
1523 1771
1523 1778
1523 1779
1523 1781
1523 1907
1524 1526
1524 1527
1524 1530
1524 1772
1524 1780
1524 1782
1524 1908
1524 2035
1525 1529
1525 1773
1525 1779
1525 1781
1525 1785
1525 1909
1526 1527
1526 1530
1526 1531
1526 1774
1526 1780
1526 1782
1526 1783
1526 1786
1526 1910
1526 2037
1527 1530
1527 1531
1527 1533
1527 1775
1527 1782
1527 1783
1527 1787
1527 1911
1528 1532
1528 1534
1528 1776
1528 1784
1528 1788
1528 1912
1528 2039
1529 1781
1529 1785
1529 1913
1530 1531
1530 1533
1530 1782
1530 1786
1530 1787
1530 1914
1530 2041
1531 1533
1531 1783
1531 1786
1531 1787
1531 1789
1531 1915
1532 1534
1532 1535
1532 1784
1532 1788
1532 1790
1532 1916
1532 2043
1533 1787
1533 1789
1533 1917
1534 1535
1534 1788
1534 1790
1534 1791
1534 1918
1534 2045
1535 1790
1535 1791
1535 1919
1536 1792
1536 1920
1536 2047
1538 1539
1538 1541
1539 1541
1539 1545
1540 1542
1540 1543
1540 1546
1541 1545
1541 1553
1542 1543
1542 1546
1542 1547
1542 1554
1543 1546
1543 1547
1543 1549
1543 1555
1544 1548
1544 1550
1544 1556
1545 1553
1545 1569
1546 1547
1546 1549
1546 1554
1546 1555
1546 1570
1547 1549
1547 1554
1547 1555
1547 1557
1547 1571
1548 1550
1548 1551
1548 1556
1548 1558
1548 1572
1549 1555
1549 1557
1549 1561
1549 1573
1550 1551
1550 1556
1550 1558
1550 1559
1550 1562
1550 1574
1551 1558
1551 1559
1551 1563
1551 1575
1552 1560
1552 1564
1552 1576
1553 1569
1553 1601
1554 1555
1554 1557
1554 1570
1554 1571
1554 1602
1555 1557
1555 1561
1555 1570
1555 1571
1555 1573
1555 1603
1556 1558
1556 1559
1556 1562
1556 1572
1556 1574
1556 1604
1557 1561
1557 1571
1557 1573
1557 1577
1557 1605
1558 1559
1558 1562
1558 1563
1558 1572
1558 1574
1558 1575
1558 1578
1558 1606
1559 1562
1559 1563
1559 1565
1559 1574
1559 1575
1559 1579
1559 1607
1560 1564
1560 1566
1560 1576
1560 1580
1560 1608
1561 1573
1561 1577
1561 1585
1561 1609
1562 1563
1562 1565
1562 1574
1562 1578
1562 1579
1562 1586
1562 1610
1563 1565
1563 1575
1563 1578
1563 1579
1563 1581
1563 1587
1563 1611
1564 1566
1564 1567
1564 1576
1564 1580
1564 1582
1564 1588
1564 1612
1565 1579
1565 1581
1565 1589
1565 1613
1566 1567
1566 1580
1566 1582
1566 1583
1566 1590
1566 1614
1567 1582
1567 1583
1567 1591
1567 1615
1568 1584
1568 1592
1568 1616
1569 1601
1569 1665
1570 1571
1570 1573
1570 1602
1570 1603
1570 1666
1571 1573
1571 1577
1571 1602
1571 1603
1571 1605
1571 1667
1572 1574
1572 1575
1572 1578
1572 1604
1572 1606
1572 1668
1573 1577
1573 1585
1573 1603
1573 1605
1573 1609
1573 1669
1574 1575
1574 1578
1574 1579
1574 1586
1574 1604
1574 1606
1574 1607
1574 1610
1574 1670
1575 1578
1575 1579
1575 1581
1575 1587
1575 1606
1575 1607
1575 1611
1575 1671
1576 1580
1576 1582
1576 1588
1576 1608
1576 1612
1576 1672
1577 1585
1577 1605
1577 1609
1577 1617
1577 1673
1578 1579
1578 1581
1578 1586
1578 1587
1578 1606
1578 1610
1578 1611
1578 1618
1578 1674
1579 1581
1579 1586
1579 1587
1579 1589
1579 1607
1579 1610
1579 1611
1579 1613
1579 1619
1579 1675
1580 1582
1580 1583
1580 1588
1580 1590
1580 1608
1580 1612
1580 1614
1580 1620
1580 1676
1581 1587
1581 1589
1581 1593
1581 1611
1581 1613
1581 1621
1581 1677
1582 1583
1582 1588
1582 1590
1582 1591
1582 1594
1582 1612
1582 1614
1582 1615
1582 1622
1582 1678
1583 1590
1583 1591
1583 1595
1583 1614
1583 1615
1583 1623
1583 1679
1584 1592
1584 1596
1584 1616
1584 1624
1584 1680
1585 1609
1585 1617
1585 1633
1585 1681
1586 1587
1586 1589
1586 1610
1586 1618
1586 1619
1586 1634
1586 1682
1587 1589
1587 1593
1587 1611
1587 1618
1587 1619
1587 1621
1587 1635
1587 1683
1588 1590
1588 1591
1588 1594
1588 1612
1588 1620
1588 1622
1588 1636
1588 1684
1589 1593
1589 1613
1589 1619
1589 1621
1589 1625
1589 1637
1589 1685
1590 1591
1590 1594
1590 1595
1590 1614
1590 1620
1590 1622
1590 1623
1590 1626
1590 1638
1590 1686
1591 1594
1591 1595
1591 1597
1591 1615
1591 1622
1591 1623
1591 1627
1591 1639
1591 1687
1592 1596
1592 1598
1592 1616
1592 1624
1592 1628
1592 1640
1592 1688
1593 1621
1593 1625
1593 1641
1593 1689
1594 1595
1594 1597
1594 1622
1594 1626
1594 1627
1594 1642
1594 1690
1595 1597
1595 1623
1595 1626
1595 1627
1595 1629
1595 1643
1595 1691
1596 1598
1596 1599
1596 1624
1596 1628
1596 1630
1596 1644
1596 1692
1597 1627
1597 1629
1597 1645
1597 1693
1598 1599
1598 1628
1598 1630
1598 1631
1598 1646
1598 1694
1599 1630
1599 1631
1599 1647
1599 1695
1600 1632
1600 1648
1600 1696
1601 1665
1601 1793
1602 1603
1602 1605
1602 1666
1602 1667
1602 1794
1603 1605
1603 1609
1603 1666
1603 1667
1603 1669
1603 1795
1604 1606
1604 1607
1604 1610
1604 1668
1604 1670
1604 1796
1605 1609
1605 1617
1605 1667
1605 1669
1605 1673
1605 1797
1606 1607
1606 1610
1606 1611
1606 1618
1606 1668
1606 1670
1606 1671
1606 1674
1606 1798
1607 1610
1607 1611
1607 1613
1607 1619
1607 1670
1607 1671
1607 1675
1607 1799
1608 1612
1608 1614
1608 1620
1608 1672
1608 1676
1608 1800
1609 1617
1609 1633
1609 1669
1609 1673
1609 1681
1609 1801
1610 1611
1610 1613
1610 1618
1610 1619
1610 1634
1610 1670
1610 1674
1610 1675
1610 1682
1610 1802
1611 1613
1611 1618
1611 1619
1611 1621
1611 1635
1611 1671
1611 1674
1611 1675
1611 1677
1611 1683
1611 1803
1612 1614
1612 1615
1612 1620
1612 1622
1612 1636
1612 1672
1612 1676
1612 1678
1612 1684
1612 1804
1613 1619
1613 1621
1613 1625
1613 1637
1613 1675
1613 1677
1613 1685
1613 1805
1614 1615
1614 1620
1614 1622
1614 1623
1614 1626
1614 1638
1614 1676
1614 1678
1614 1679
1614 1686
1614 1806
1615 1622
1615 1623
1615 1627
1615 1639
1615 1678
1615 1679
1615 1687
1615 1807
1616 1624
1616 1628
1616 1640
1616 1680
1616 1688
1616 1808
1617 1633
1617 1673
1617 1681
1617 1697
1617 1809
1618 1619
1618 1621
1618 1634
1618 1635
1618 1674
1618 1682
1618 1683
1618 1698
1618 1810
1619 1621
1619 1625
1619 1634
1619 1635
1619 1637
1619 1675
1619 1682
1619 1683
1619 1685
1619 1699
1619 1811
1620 1622
1620 1623
1620 1626
1620 1636
1620 1638
1620 1676
1620 1684
1620 1686
1620 1700
1620 1812
1621 1625
1621 1635
1621 1637
1621 1641
1621 1677
1621 1683
1621 1685
1621 1689
1621 1701
1621 1813
1622 1623
1622 1626
1622 1627
1622 1636
1622 1638
1622 1639
1622 1642
1622 1678
1622 1684
1622 1686
1622 1687
1622 1690
1622 1702
1622 1814
1623 1626
1623 1627
1623 1629
1623 1638
1623 1639
1623 1643
1623 1679
1623 1686
1623 1687
1623 1691
1623 1703
1623 1815
1624 1628
1624 1630
1624 1640
1624 1644
1624 1680
1624 1688
1624 1692
1624 1704
1624 1816
1625 1637
1625 1641
1625 1649
1625 1685
1625 1689
1625 1705
1625 1817
1626 1627
1626 1629
1626 1638
1626 1642
1626 1643
1626 1650
1626 1686
1626 1690
1626 1691
1626 1706
1626 1818
1627 1629
1627 1639
1627 1642
1627 1643
1627 1645
1627 1651
1627 1687
1627 1690
1627 1691
1627 1693
1627 1707
1627 1819
1628 1630
1628 1631
1628 1640
1628 1644
1628 1646
1628 1652
1628 1688
1628 1692
1628 1694
1628 1708
1628 1820
1629 1643
1629 1645
1629 1653
1629 1691
1629 1693
1629 1709
1629 1821
1630 1631
1630 1644
1630 1646
1630 1647
1630 1654
1630 1692
1630 1694
1630 1695
1630 1710
1630 1822
1631 1646
1631 1647
1631 1655
1631 1694
1631 1695
1631 1711
1631 1823
1632 1648
1632 1656
1632 1696
1632 1712
1632 1824
1633 1681
1633 1697
1633 1729
1633 1825
1634 1635
1634 1637
1634 1682
1634 1698
1634 1699
1634 1730
1634 1826
1635 1637
1635 1641
1635 1683
1635 1698
1635 1699
1635 1701
1635 1731
1635 1827
1636 1638
1636 1639
1636 1642
1636 1684
1636 1700
1636 1702
1636 1732
1636 1828
1637 1641
1637 1649
1637 1685
1637 1699
1637 1701
1637 1705
1637 1733
1637 1829
1638 1639
1638 1642
1638 1643
1638 1650
1638 1686
1638 1700
1638 1702
1638 1703
1638 1706
1638 1734
1638 1830
1639 1642
1639 1643
1639 1645
1639 1651
1639 1687
1639 1702
1639 1703
1639 1707
1639 1735
1639 1831
1640 1644
1640 1646
1640 1652
1640 1688
1640 1704
1640 1708
1640 1736
1640 1832
1641 1649
1641 1689
1641 1701
1641 1705
1641 1713
1641 1737
1641 1833
1642 1643
1642 1645
1642 1650
1642 1651
1642 1690
1642 1702
1642 1706
1642 1707
1642 1714
1642 1738
1642 1834
1643 1645
1643 1650
1643 1651
1643 1653
1643 1691
1643 1703
1643 1706
1643 1707
1643 1709
1643 1715
1643 1739
1643 1835
1644 1646
1644 1647
1644 1652
1644 1654
1644 1692
1644 1704
1644 1708
1644 1710
1644 1716
1644 1740
1644 1836
1645 1651
1645 1653
1645 1657
1645 1693
1645 1707
1645 1709
1645 1717
1645 1741
1645 1837
1646 1647
1646 1652
1646 1654
1646 1655
1646 1658
1646 1694
1646 1708
1646 1710
1646 1711
1646 1718
1646 1742
1646 1838
1647 1654
1647 1655
1647 1659
1647 1695
1647 1710
1647 1711
1647 1719
1647 1743
1647 1839
1648 1656
1648 1660
1648 1696
1648 1712
1648 1720
1648 1744
1648 1840
1649 1705
1649 1713
1649 1745
1649 1841
1650 1651
1650 1653
1650 1706
1650 1714
1650 1715
1650 1746
1650 1842
1651 1653
1651 1657
1651 1707
1651 1714
1651 1715
1651 1717
1651 1747
1651 1843
1652 1654
1652 1655
1652 1658
1652 1708
1652 1716
1652 1718
1652 1748
1652 1844
1653 1657
1653 1709
1653 1715
1653 1717
1653 1721
1653 1749
1653 1845
1654 1655
1654 1658
1654 1659
1654 1710
1654 1716
1654 1718
1654 1719
1654 1722
1654 1750
1654 1846
1655 1658
1655 1659
1655 1661
1655 1711
1655 1718
1655 1719
1655 1723
1655 1751
1655 1847
1656 1660
1656 1662
1656 1712
1656 1720
1656 1724
1656 1752
1656 1848
1657 1717
1657 1721
1657 1753
1657 1849
1658 1659
1658 1661
1658 1718
1658 1722
1658 1723
1658 1754
1658 1850
1659 1661
1659 1719
1659 1722
1659 1723
1659 1725
1659 1755
1659 1851
1660 1662
1660 1663
1660 1720
1660 1724
1660 1726
1660 1756
1660 1852
1661 1723
1661 1725
1661 1757
1661 1853
1662 1663
1662 1724
1662 1726
1662 1727
1662 1758
1662 1854
1663 1726
1663 1727
1663 1759
1663 1855
1664 1728
1664 1760
1664 1856
1665 1793
1666 1667
1666 1669
1666 1794
1666 1795
1667 1669
1667 1673
1667 1794
1667 1795
1667 1797
1668 1670
1668 1671
1668 1674
1668 1796
1668 1798
1669 1673
1669 1681
1669 1795
1669 1797
1669 1801
1670 1671
1670 1674
1670 1675
1670 1682
1670 1796
1670 1798
1670 1799
1670 1802
1671 1674
1671 1675
1671 1677
1671 1683
1671 1798
1671 1799
1671 1803
1672 1676
1672 1678
1672 1684
1672 1800
1672 1804
1673 1681
1673 1697
1673 1797
1673 1801
1673 1809
1674 1675
1674 1677
1674 1682
1674 1683
1674 1698
1674 1798
1674 1802
1674 1803
1674 1810
1675 1677
1675 1682
1675 1683
1675 1685
1675 1699
1675 1799
1675 1802
1675 1803
1675 1805
1675 1811
1676 1678
1676 1679
1676 1684
1676 1686
1676 1700
1676 1800
1676 1804
1676 1806
1676 1812
1677 1683
1677 1685
1677 1689
1677 1701
1677 1803
1677 1805
1677 1813
1678 1679
1678 1684
1678 1686
1678 1687
1678 1690
1678 1702
1678 1804
1678 1806
1678 1807
1678 1814
1679 1686
1679 1687
1679 1691
1679 1703
1679 1806
1679 1807
1679 1815
1680 1688
1680 1692
1680 1704
1680 1808
1680 1816
1681 1697
1681 1729
1681 1801
1681 1809
1681 1825
1682 1683
1682 1685
1682 1698
1682 1699
1682 1730
1682 1802
1682 1810
1682 1811
1682 1826
1683 1685
1683 1689
1683 1698
1683 1699
1683 1701
1683 1731
1683 1803
1683 1810
1683 1811
1683 1813
1683 1827
1684 1686
1684 1687
1684 1690
1684 1700
1684 1702
1684 1732
1684 1804
1684 1812
1684 1814
1684 1828
1685 1689
1685 1699
1685 1701
1685 1705
1685 1733
1685 1805
1685 1811
1685 1813
1685 1817
1685 1829
1686 1687
1686 1690
1686 1691
1686 1700
1686 1702
1686 1703
1686 1706
1686 1734
1686 1806
1686 1812
1686 1814
1686 1815
1686 1818
1686 1830
1687 1690
1687 1691
1687 1693
1687 1702
1687 1703
1687 1707
1687 1735
1687 1807
1687 1814
1687 1815
1687 1819
1687 1831
1688 1692
1688 1694
1688 1704
1688 1708
1688 1736
1688 1808
1688 1816
1688 1820
1688 1832
1689 1701
1689 1705
1689 1713
1689 1737
1689 1813
1689 1817
1689 1833
1690 1691
1690 1693
1690 1702
1690 1706
1690 1707
1690 1714
1690 1738
1690 1814
1690 1818
1690 1819
1690 1834
1691 1693
1691 1703
1691 1706
1691 1707
1691 1709
1691 1715
1691 1739
1691 1815
1691 1818
1691 1819
1691 1821
1691 1835
1692 1694
1692 1695
1692 1704
1692 1708
1692 1710
1692 1716
1692 1740
1692 1816
1692 1820
1692 1822
1692 1836
1693 1707
1693 1709
1693 1717
1693 1741
1693 1819
1693 1821
1693 1837
1694 1695
1694 1708
1694 1710
1694 1711
1694 1718
1694 1742
1694 1820
1694 1822
1694 1823
1694 1838
1695 1710
1695 1711
1695 1719
1695 1743
1695 1822
1695 1823
1695 1839
1696 1712
1696 1720
1696 1744
1696 1824
1696 1840
1697 1729
1697 1809
1697 1825
1697 1857
1698 1699
1698 1701
1698 1730
1698 1731
1698 1810
1698 1826
1698 1827
1698 1858
1699 1701
1699 1705
1699 1730
1699 1731
1699 1733
1699 1811
1699 1826
1699 1827
1699 1829
1699 1859
1700 1702
1700 1703
1700 1706
1700 1732
1700 1734
1700 1812
1700 1828
1700 1830
1700 1860
1701 1705
1701 1713
1701 1731
1701 1733
1701 1737
1701 1813
1701 1827
1701 1829
1701 1833
1701 1861
1702 1703
1702 1706
1702 1707
1702 1714
1702 1732
1702 1734
1702 1735
1702 1738
1702 1814
1702 1828
1702 1830
1702 1831
1702 1834
1702 1862
1703 1706
1703 1707
1703 1709
1703 1715
1703 1734
1703 1735
1703 1739
1703 1815
1703 1830
1703 1831
1703 1835
1703 1863
1704 1708
1704 1710
1704 1716
1704 1736
1704 1740
1704 1816
1704 1832
1704 1836
1704 1864
1705 1713
1705 1733
1705 1737
1705 1745
1705 1817
1705 1829
1705 1833
1705 1841
1705 1865
1706 1707
1706 1709
1706 1714
1706 1715
1706 1734
1706 1738
1706 1739
1706 1746
1706 1818
1706 1830
1706 1834
1706 1835
1706 1842
1706 1866
1707 1709
1707 1714
1707 1715
1707 1717
1707 1735
1707 1738
1707 1739
1707 1741
1707 1747
1707 1819
1707 1831
1707 1834
1707 1835
1707 1837
1707 1843
1707 1867
1708 1710
1708 1711
1708 1716
1708 1718
1708 1736
1708 1740
1708 1742
1708 1748
1708 1820
1708 1832
1708 1836
1708 1838
1708 1844
1708 1868
1709 1715
1709 1717
1709 1721
1709 1739
1709 1741
1709 1749
1709 1821
1709 1835
1709 1837
1709 1845
1709 1869
1710 1711
1710 1716
1710 1718
1710 1719
1710 1722
1710 1740
1710 1742
1710 1743
1710 1750
1710 1822
1710 1836
1710 1838
1710 1839
1710 1846
1710 1870
1711 1718
1711 1719
1711 1723
1711 1742
1711 1743
1711 1751
1711 1823
1711 1838
1711 1839
1711 1847
1711 1871
1712 1720
1712 1724
1712 1744
1712 1752
1712 1824
1712 1840
1712 1848
1712 1872
1713 1737
1713 1745
1713 1761
1713 1833
1713 1841
1713 1873
1714 1715
1714 1717
1714 1738
1714 1746
1714 1747
1714 1762
1714 1834
1714 1842
1714 1843
1714 1874
1715 1717
1715 1721
1715 1739
1715 1746
1715 1747
1715 1749
1715 1763
1715 1835
1715 1842
1715 1843
1715 1845
1715 1875
1716 1718
1716 1719
1716 1722
1716 1740
1716 1748
1716 1750
1716 1764
1716 1836
1716 1844
1716 1846
1716 1876
1717 1721
1717 1741
1717 1747
1717 1749
1717 1753
1717 1765
1717 1837
1717 1843
1717 1845
1717 1849
1717 1877
1718 1719
1718 1722
1718 1723
1718 1742
1718 1748
1718 1750
1718 1751
1718 1754
1718 1766
1718 1838
1718 1844
1718 1846
1718 1847
1718 1850
1718 1878
1719 1722
1719 1723
1719 1725
1719 1743
1719 1750
1719 1751
1719 1755
1719 1767
1719 1839
1719 1846
1719 1847
1719 1851
1719 1879
1720 1724
1720 1726
1720 1744
1720 1752
1720 1756
1720 1768
1720 1840
1720 1848
1720 1852
1720 1880
1721 1749
1721 1753
1721 1769
1721 1845
1721 1849
1721 1881
1722 1723
1722 1725
1722 1750
1722 1754
1722 1755
1722 1770
1722 1846
1722 1850
1722 1851
1722 1882
1723 1725
1723 1751
1723 1754
1723 1755
1723 1757
1723 1771
1723 1847
1723 1850
1723 1851
1723 1853
1723 1883
1724 1726
1724 1727
1724 1752
1724 1756
1724 1758
1724 1772
1724 1848
1724 1852
1724 1854
1724 1884
1725 1755
1725 1757
1725 1773
1725 1851
1725 1853
1725 1885
1726 1727
1726 1756
1726 1758
1726 1759
1726 1774
1726 1852
1726 1854
1726 1855
1726 1886
1727 1758
1727 1759
1727 1775
1727 1854
1727 1855
1727 1887
1728 1760
1728 1776
1728 1856
1728 1888
1729 1825
1729 1857
1729 1921
1730 1731
1730 1733
1730 1826
1730 1858
1730 1859
1730 1922
1731 1733
1731 1737
1731 1827
1731 1858
1731 1859
1731 1861
1731 1923
1732 1734
1732 1735
1732 1738
1732 1828
1732 1860
1732 1862
1732 1924
1733 1737
1733 1745
1733 1829
1733 1859
1733 1861
1733 1865
1733 1925
1734 1735
1734 1738
1734 1739
1734 1746
1734 1830
1734 1860
1734 1862
1734 1863
1734 1866
1734 1926
1735 1738
1735 1739
1735 1741
1735 1747
1735 1831
1735 1862
1735 1863
1735 1867
1735 1927
1736 1740
1736 1742
1736 1748
1736 1832
1736 1864
1736 1868
1736 1928
1737 1745
1737 1761
1737 1833
1737 1861
1737 1865
1737 1873
1737 1929
1738 1739
1738 1741
1738 1746
1738 1747
1738 1762
1738 1834
1738 1862
1738 1866
1738 1867
1738 1874
1738 1930
1739 1741
1739 1746
1739 1747
1739 1749
1739 1763
1739 1835
1739 1863
1739 1866
1739 1867
1739 1869
1739 1875
1739 1931
1740 1742
1740 1743
1740 1748
1740 1750
1740 1764
1740 1836
1740 1864
1740 1868
1740 1870
1740 1876
1740 1932
1741 1747
1741 1749
1741 1753
1741 1765
1741 1837
1741 1867
1741 1869
1741 1877
1741 1933
1742 1743
1742 1748
1742 1750
1742 1751
1742 1754
1742 1766
1742 1838
1742 1868
1742 1870
1742 1871
1742 1878
1742 1934
1743 1750
1743 1751
1743 1755
1743 1767
1743 1839
1743 1870
1743 1871
1743 1879
1743 1935
1744 1752
1744 1756
1744 1768
1744 1840
1744 1872
1744 1880
1744 1936
1745 1761
1745 1841
1745 1865
1745 1873
1745 1889
1745 1937
1746 1747
1746 1749
1746 1762
1746 1763
1746 1842
1746 1866
1746 1874
1746 1875
1746 1890
1746 1938
1747 1749
1747 1753
1747 1762
1747 1763
1747 1765
1747 1843
1747 1867
1747 1874
1747 1875
1747 1877
1747 1891
1747 1939
1748 1750
1748 1751
1748 1754
1748 1764
1748 1766
1748 1844
1748 1868
1748 1876
1748 1878
1748 1892
1748 1940
1749 1753
1749 1763
1749 1765
1749 1769
1749 1845
1749 1869
1749 1875
1749 1877
1749 1881
1749 1893
1749 1941
1750 1751
1750 1754
1750 1755
1750 1764
1750 1766
1750 1767
1750 1770
1750 1846
1750 1870
1750 1876
1750 1878
1750 1879
1750 1882
1750 1894
1750 1942
1751 1754
1751 1755
1751 1757
1751 1766
1751 1767
1751 1771
1751 1847
1751 1871
1751 1878
1751 1879
1751 1883
1751 1895
1751 1943
1752 1756
1752 1758
1752 1768
1752 1772
1752 1848
1752 1872
1752 1880
1752 1884
1752 1896
1752 1944
1753 1765
1753 1769
1753 1777
1753 1849
1753 1877
1753 1881
1753 1897
1753 1945
1754 1755
1754 1757
1754 1766
1754 1770
1754 1771
1754 1778
1754 1850
1754 1878
1754 1882
1754 1883
1754 1898
1754 1946
1755 1757
1755 1767
1755 1770
1755 1771
1755 1773
1755 1779
1755 1851
1755 1879
1755 1882
1755 1883
1755 1885
1755 1899
1755 1947
1756 1758
1756 1759
1756 1768
1756 1772
1756 1774
1756 1780
1756 1852
1756 1880
1756 1884
1756 1886
1756 1900
1756 1948
1757 1771
1757 1773
1757 1781
1757 1853
1757 1883
1757 1885
1757 1901
1757 1949
1758 1759
1758 1772
1758 1774
1758 1775
1758 1782
1758 1854
1758 1884
1758 1886
1758 1887
1758 1902
1758 1950
1759 1774
1759 1775
1759 1783
1759 1855
1759 1886
1759 1887
1759 1903
1759 1951
1760 1776
1760 1784
1760 1856
1760 1888
1760 1904
1760 1952
1761 1873
1761 1889
1761 1953
1762 1763
1762 1765
1762 1874
1762 1890
1762 1891
1762 1954
1763 1765
1763 1769
1763 1875
1763 1890
1763 1891
1763 1893
1763 1955
1764 1766
1764 1767
1764 1770
1764 1876
1764 1892
1764 1894
1764 1956
1765 1769
1765 1777
1765 1877
1765 1891
1765 1893
1765 1897
1765 1957
1766 1767
1766 1770
1766 1771
1766 1778
1766 1878
1766 1892
1766 1894
1766 1895
1766 1898
1766 1958
1767 1770
1767 1771
1767 1773
1767 1779
1767 1879
1767 1894
1767 1895
1767 1899
1767 1959
1768 1772
1768 1774
1768 1780
1768 1880
1768 1896
1768 1900
1768 1960
1769 1777
1769 1881
1769 1893
1769 1897
1769 1905
1769 1961
1770 1771
1770 1773
1770 1778
1770 1779
1770 1882
1770 1894
1770 1898
1770 1899
1770 1906
1770 1962
1771 1773
1771 1778
1771 1779
1771 1781
1771 1883
1771 1895
1771 1898
1771 1899
1771 1901
1771 1907
1771 1963
1772 1774
1772 1775
1772 1780
1772 1782
1772 1884
1772 1896
1772 1900
1772 1902
1772 1908
1772 1964
1773 1779
1773 1781
1773 1785
1773 1885
1773 1899
1773 1901
1773 1909
1773 1965
1774 1775
1774 1780
1774 1782
1774 1783
1774 1786
1774 1886
1774 1900
1774 1902
1774 1903
1774 1910
1774 1966
1775 1782
1775 1783
1775 1787
1775 1887
1775 1902
1775 1903
1775 1911
1775 1967
1776 1784
1776 1788
1776 1888
1776 1904
1776 1912
1776 1968
1777 1897
1777 1905
1777 1969
1778 1779
1778 1781
1778 1898
1778 1906
1778 1907
1778 1970
1779 1781
1779 1785
1779 1899
1779 1906
1779 1907
1779 1909
1779 1971
1780 1782
1780 1783
1780 1786
1780 1900
1780 1908
1780 1910
1780 1972
1781 1785
1781 1901
1781 1907
1781 1909
1781 1913
1781 1973
1782 1783
1782 1786
1782 1787
1782 1902
1782 1908
1782 1910
1782 1911
1782 1914
1782 1974
1783 1786
1783 1787
1783 1789
1783 1903
1783 1910
1783 1911
1783 1915
1783 1975
1784 1788
1784 1790
1784 1904
1784 1912
1784 1916
1784 1976
1785 1909
1785 1913
1785 1977
1786 1787
1786 1789
1786 1910
1786 1914
1786 1915
1786 1978
1787 1789
1787 1911
1787 1914
1787 1915
1787 1917
1787 1979
1788 1790
1788 1791
1788 1912
1788 1916
1788 1918
1788 1980
1789 1915
1789 1917
1789 1981
1790 1791
1790 1916
1790 1918
1790 1919
1790 1982
1791 1918
1791 1919
1791 1983
1792 1920
1792 1984
1794 1795
1794 1797
1795 1797
1795 1801
1796 1798
1796 1799
1796 1802
1797 1801
1797 1809
1798 1799
1798 1802
1798 1803
1798 1810
1799 1802
1799 1803
1799 1805
1799 1811
1800 1804
1800 1806
1800 1812
1801 1809
1801 1825
1802 1803
1802 1805
1802 1810
1802 1811
1802 1826
1803 1805
1803 1810
1803 1811
1803 1813
1803 1827
1804 1806
1804 1807
1804 1812
1804 1814
1804 1828
1805 1811
1805 1813
1805 1817
1805 1829
1806 1807
1806 1812
1806 1814
1806 1815
1806 1818
1806 1830
1807 1814
1807 1815
1807 1819
1807 1831
1808 1816
1808 1820
1808 1832
1809 1825
1809 1857
1810 1811
1810 1813
1810 1826
1810 1827
1810 1858
1811 1813
1811 1817
1811 1826
1811 1827
1811 1829
1811 1859
1812 1814
1812 1815
1812 1818
1812 1828
1812 1830
1812 1860
1813 1817
1813 1827
1813 1829
1813 1833
1813 1861
1814 1815
1814 1818
1814 1819
1814 1828
1814 1830
1814 1831
1814 1834
1814 1862
1815 1818
1815 1819
1815 1821
1815 1830
1815 1831
1815 1835
1815 1863
1816 1820
1816 1822
1816 1832
1816 1836
1816 1864
1817 1829
1817 1833
1817 1841
1817 1865
1818 1819
1818 1821
1818 1830
1818 1834
1818 1835
1818 1842
1818 1866
1819 1821
1819 1831
1819 1834
1819 1835
1819 1837
1819 1843
1819 1867
1820 1822
1820 1823
1820 1832
1820 1836
1820 1838
1820 1844
1820 1868
1821 1835
1821 1837
1821 1845
1821 1869
1822 1823
1822 1836
1822 1838
1822 1839
1822 1846
1822 1870
1823 1838
1823 1839
1823 1847
1823 1871
1824 1840
1824 1848
1824 1872
1825 1857
1825 1921
1826 1827
1826 1829
1826 1858
1826 1859
1826 1922
1827 1829
1827 1833
1827 1858
1827 1859
1827 1861
1827 1923
1828 1830
1828 1831
1828 1834
1828 1860
1828 1862
1828 1924
1829 1833
1829 1841
1829 1859
1829 1861
1829 1865
1829 1925
1830 1831
1830 1834
1830 1835
1830 1842
1830 1860
1830 1862
1830 1863
1830 1866
1830 1926
1831 1834
1831 1835
1831 1837
1831 1843
1831 1862
1831 1863
1831 1867
1831 1927
1832 1836
1832 1838
1832 1844
1832 1864
1832 1868
1832 1928
1833 1841
1833 1861
1833 1865
1833 1873
1833 1929
1834 1835
1834 1837
1834 1842
1834 1843
1834 1862
1834 1866
1834 1867
1834 1874
1834 1930
1835 1837
1835 1842
1835 1843
1835 1845
1835 1863
1835 1866
1835 1867
1835 1869
1835 1875
1835 1931
1836 1838
1836 1839
1836 1844
1836 1846
1836 1864
1836 1868
1836 1870
1836 1876
1836 1932
1837 1843
1837 1845
1837 1849
1837 1867
1837 1869
1837 1877
1837 1933
1838 1839
1838 1844
1838 1846
1838 1847
1838 1850
1838 1868
1838 1870
1838 1871
1838 1878
1838 1934
1839 1846
1839 1847
1839 1851
1839 1870
1839 1871
1839 1879
1839 1935
1840 1848
1840 1852
1840 1872
1840 1880
1840 1936
1841 1865
1841 1873
1841 1889
1841 1937
1842 1843
1842 1845
1842 1866
1842 1874
1842 1875
1842 1890
1842 1938
1843 1845
1843 1849
1843 1867
1843 1874
1843 1875
1843 1877
1843 1891
1843 1939
1844 1846
1844 1847
1844 1850
1844 1868
1844 1876
1844 1878
1844 1892
1844 1940
1845 1849
1845 1869
1845 1875
1845 1877
1845 1881
1845 1893
1845 1941
1846 1847
1846 1850
1846 1851
1846 1870
1846 1876
1846 1878
1846 1879
1846 1882
1846 1894
1846 1942
1847 1850
1847 1851
1847 1853
1847 1871
1847 1878
1847 1879
1847 1883
1847 1895
1847 1943
1848 1852
1848 1854
1848 1872
1848 1880
1848 1884
1848 1896
1848 1944
1849 1877
1849 1881
1849 1897
1849 1945
1850 1851
1850 1853
1850 1878
1850 1882
1850 1883
1850 1898
1850 1946
1851 1853
1851 1879
1851 1882
1851 1883
1851 1885
1851 1899
1851 1947
1852 1854
1852 1855
1852 1880
1852 1884
1852 1886
1852 1900
1852 1948
1853 1883
1853 1885
1853 1901
1853 1949
1854 1855
1854 1884
1854 1886
1854 1887
1854 1902
1854 1950
1855 1886
1855 1887
1855 1903
1855 1951
1856 1888
1856 1904
1856 1952
1857 1921
1858 1859
1858 1861
1858 1922
1858 1923
1859 1861
1859 1865
1859 1922
1859 1923
1859 1925
1860 1862
1860 1863
1860 1866
1860 1924
1860 1926
1861 1865
1861 1873
1861 1923
1861 1925
1861 1929
1862 1863
1862 1866
1862 1867
1862 1874
1862 1924
1862 1926
1862 1927
1862 1930
1863 1866
1863 1867
1863 1869
1863 1875
1863 1926
1863 1927
1863 1931
1864 1868
1864 1870
1864 1876
1864 1928
1864 1932
1865 1873
1865 1889
1865 1925
1865 1929
1865 1937
1866 1867
1866 1869
1866 1874
1866 1875
1866 1890
1866 1926
1866 1930
1866 1931
1866 1938
1867 1869
1867 1874
1867 1875
1867 1877
1867 1891
1867 1927
1867 1930
1867 1931
1867 1933
1867 1939
1868 1870
1868 1871
1868 1876
1868 1878
1868 1892
1868 1928
1868 1932
1868 1934
1868 1940
1869 1875
1869 1877
1869 1881
1869 1893
1869 1931
1869 1933
1869 1941
1870 1871
1870 1876
1870 1878
1870 1879
1870 1882
1870 1894
1870 1932
1870 1934
1870 1935
1870 1942
1871 1878
1871 1879
1871 1883
1871 1895
1871 1934
1871 1935
1871 1943
1872 1880
1872 1884
1872 1896
1872 1936
1872 1944
1873 1889
1873 1929
1873 1937
1873 1953
1874 1875
1874 1877
1874 1890
1874 1891
1874 1930
1874 1938
1874 1939
1874 1954
1875 1877
1875 1881
1875 1890
1875 1891
1875 1893
1875 1931
1875 1938
1875 1939
1875 1941
1875 1955
1876 1878
1876 1879
1876 1882
1876 1892
1876 1894
1876 1932
1876 1940
1876 1942
1876 1956
1877 1881
1877 1891
1877 1893
1877 1897
1877 1933
1877 1939
1877 1941
1877 1945
1877 1957
1878 1879
1878 1882
1878 1883
1878 1892
1878 1894
1878 1895
1878 1898
1878 1934
1878 1940
1878 1942
1878 1943
1878 1946
1878 1958
1879 1882
1879 1883
1879 1885
1879 1894
1879 1895
1879 1899
1879 1935
1879 1942
1879 1943
1879 1947
1879 1959
1880 1884
1880 1886
1880 1896
1880 1900
1880 1936
1880 1944
1880 1948
1880 1960
1881 1893
1881 1897
1881 1905
1881 1941
1881 1945
1881 1961
1882 1883
1882 1885
1882 1894
1882 1898
1882 1899
1882 1906
1882 1942
1882 1946
1882 1947
1882 1962
1883 1885
1883 1895
1883 1898
1883 1899
1883 1901
1883 1907
1883 1943
1883 1946
1883 1947
1883 1949
1883 1963
1884 1886
1884 1887
1884 1896
1884 1900
1884 1902
1884 1908
1884 1944
1884 1948
1884 1950
1884 1964
1885 1899
1885 1901
1885 1909
1885 1947
1885 1949
1885 1965
1886 1887
1886 1900
1886 1902
1886 1903
1886 1910
1886 1948
1886 1950
1886 1951
1886 1966
1887 1902
1887 1903
1887 1911
1887 1950
1887 1951
1887 1967
1888 1904
1888 1912
1888 1952
1888 1968
1889 1937
1889 1953
1889 1985
1890 1891
1890 1893
1890 1938
1890 1954
1890 1955
1890 1986
1891 1893
1891 1897
1891 1939
1891 1954
1891 1955
1891 1957
1891 1987
1892 1894
1892 1895
1892 1898
1892 1940
1892 1956
1892 1958
1892 1988
1893 1897
1893 1905
1893 1941
1893 1955
1893 1957
1893 1961
1893 1989
1894 1895
1894 1898
1894 1899
1894 1906
1894 1942
1894 1956
1894 1958
1894 1959
1894 1962
1894 1990
1895 1898
1895 1899
1895 1901
1895 1907
1895 1943
1895 1958
1895 1959
1895 1963
1895 1991
1896 1900
1896 1902
1896 1908
1896 1944
1896 1960
1896 1964
1896 1992
1897 1905
1897 1945
1897 1957
1897 1961
1897 1969
1897 1993
1898 1899
1898 1901
1898 1906
1898 1907
1898 1946
1898 1958
1898 1962
1898 1963
1898 1970
1898 1994
1899 1901
1899 1906
1899 1907
1899 1909
1899 1947
1899 1959
1899 1962
1899 1963
1899 1965
1899 1971
1899 1995
1900 1902
1900 1903
1900 1908
1900 1910
1900 1948
1900 1960
1900 1964
1900 1966
1900 1972
1900 1996
1901 1907
1901 1909
1901 1913
1901 1949
1901 1963
1901 1965
1901 1973
1901 1997
1902 1903
1902 1908
1902 1910
1902 1911
1902 1914
1902 1950
1902 1964
1902 1966
1902 1967
1902 1974
1902 1998
1903 1910
1903 1911
1903 1915
1903 1951
1903 1966
1903 1967
1903 1975
1903 1999
1904 1912
1904 1916
1904 1952
1904 1968
1904 1976
1904 2000
1905 1961
1905 1969
1905 2001
1906 1907
1906 1909
1906 1962
1906 1970
1906 1971
1906 2002
1907 1909
1907 1913
1907 1963
1907 1970
1907 1971
1907 1973
1907 2003
1908 1910
1908 1911
1908 1914
1908 1964
1908 1972
1908 1974
1908 2004
1909 1913
1909 1965
1909 1971
1909 1973
1909 1977
1909 2005
1910 1911
1910 1914
1910 1915
1910 1966
1910 1972
1910 1974
1910 1975
1910 1978
1910 2006
1911 1914
1911 1915
1911 1917
1911 1967
1911 1974
1911 1975
1911 1979
1911 2007
1912 1916
1912 1918
1912 1968
1912 1976
1912 1980
1912 2008
1913 1973
1913 1977
1913 2009
1914 1915
1914 1917
1914 1974
1914 1978
1914 1979
1914 2010
1915 1917
1915 1975
1915 1978
1915 1979
1915 1981
1915 2011
1916 1918
1916 1919
1916 1976
1916 1980
1916 1982
1916 2012
1917 1979
1917 1981
1917 2013
1918 1919
1918 1980
1918 1982
1918 1983
1918 2014
1919 1982
1919 1983
1919 2015
1920 1984
1920 2016
1922 1923
1922 1925
1923 1925
1923 1929
1924 1926
1924 1927
1924 1930
1925 1929
1925 1937
1926 1927
1926 1930
1926 1931
1926 1938
1927 1930
1927 1931
1927 1933
1927 1939
1928 1932
1928 1934
1928 1940
1929 1937
1929 1953
1930 1931
1930 1933
1930 1938
1930 1939
1930 1954
1931 1933
1931 1938
1931 1939
1931 1941
1931 1955
1932 1934
1932 1935
1932 1940
1932 1942
1932 1956
1933 1939
1933 1941
1933 1945
1933 1957
1934 1935
1934 1940
1934 1942
1934 1943
1934 1946
1934 1958
1935 1942
1935 1943
1935 1947
1935 1959
1936 1944
1936 1948
1936 1960
1937 1953
1937 1985
1938 1939
1938 1941
1938 1954
1938 1955
1938 1986
1939 1941
1939 1945
1939 1954
1939 1955
1939 1957
1939 1987
1940 1942
1940 1943
1940 1946
1940 1956
1940 1958
1940 1988
1941 1945
1941 1955
1941 1957
1941 1961
1941 1989
1942 1943
1942 1946
1942 1947
1942 1956
1942 1958
1942 1959
1942 1962
1942 1990
1943 1946
1943 1947
1943 1949
1943 1958
1943 1959
1943 1963
1943 1991
1944 1948
1944 1950
1944 1960
1944 1964
1944 1992
1945 1957
1945 1961
1945 1969
1945 1993
1946 1947
1946 1949
1946 1958
1946 1962
1946 1963
1946 1970
1946 1994
1947 1949
1947 1959
1947 1962
1947 1963
1947 1965
1947 1971
1947 1995
1948 1950
1948 1951
1948 1960
1948 1964
1948 1966
1948 1972
1948 1996
1949 1963
1949 1965
1949 1973
1949 1997
1950 1951
1950 1964
1950 1966
1950 1967
1950 1974
1950 1998
1951 1966
1951 1967
1951 1975
1951 1999
1952 1968
1952 1976
1952 2000
1953 1985
1954 1955
1954 1957
1954 1986
1954 1987
1955 1957
1955 1961
1955 1986
1955 1987
1955 1989
1956 1958
1956 1959
1956 1962
1956 1988
1956 1990
1957 1961
1957 1969
1957 1987
1957 1989
1957 1993
1958 1959
1958 1962
1958 1963
1958 1970
1958 1988
1958 1990
1958 1991
1958 1994
1959 1962
1959 1963
1959 1965
1959 1971
1959 1990
1959 1991
1959 1995
1960 1964
1960 1966
1960 1972
1960 1992
1960 1996
1961 1969
1961 1989
1961 1993
1961 2001
1962 1963
1962 1965
1962 1970
1962 1971
1962 1990
1962 1994
1962 1995
1962 2002
1963 1965
1963 1970
1963 1971
1963 1973
1963 1991
1963 1994
1963 1995
1963 1997
1963 2003
1964 1966
1964 1967
1964 1972
1964 1974
1964 1992
1964 1996
1964 1998
1964 2004
1965 1971
1965 1973
1965 1977
1965 1995
1965 1997
1965 2005
1966 1967
1966 1972
1966 1974
1966 1975
1966 1978
1966 1996
1966 1998
1966 1999
1966 2006
1967 1974
1967 1975
1967 1979
1967 1998
1967 1999
1967 2007
1968 1976
1968 1980
1968 2000
1968 2008
1969 1993
1969 2001
1969 2017
1970 1971
1970 1973
1970 1994
1970 2002
1970 2003
1970 2018
1971 1973
1971 1977
1971 1995
1971 2002
1971 2003
1971 2005
1971 2019
1972 1974
1972 1975
1972 1978
1972 1996
1972 2004
1972 2006
1972 2020
1973 1977
1973 1997
1973 2003
1973 2005
1973 2009
1973 2021
1974 1975
1974 1978
1974 1979
1974 1998
1974 2004
1974 2006
1974 2007
1974 2010
1974 2022
1975 1978
1975 1979
1975 1981
1975 1999
1975 2006
1975 2007
1975 2011
1975 2023
1976 1980
1976 1982
1976 2000
1976 2008
1976 2012
1976 2024
1977 2005
1977 2009
1977 2025
1978 1979
1978 1981
1978 2006
1978 2010
1978 2011
1978 2026
1979 1981
1979 2007
1979 2010
1979 2011
1979 2013
1979 2027
1980 1982
1980 1983
1980 2008
1980 2012
1980 2014
1980 2028
1981 2011
1981 2013
1981 2029
1982 1983
1982 2012
1982 2014
1982 2015
1982 2030
1983 2014
1983 2015
1983 2031
1984 2016
1984 2032
1986 1987
1986 1989
1987 1989
1987 1993
1988 1990
1988 1991
1988 1994
1989 1993
1989 2001
1990 1991
1990 1994
1990 1995
1990 2002
1991 1994
1991 1995
1991 1997
1991 2003
1992 1996
1992 1998
1992 2004
1993 2001
1993 2017
1994 1995
1994 1997
1994 2002
1994 2003
1994 2018
1995 1997
1995 2002
1995 2003
1995 2005
1995 2019
1996 1998
1996 1999
1996 2004
1996 2006
1996 2020
1997 2003
1997 2005
1997 2009
1997 2021
1998 1999
1998 2004
1998 2006
1998 2007
1998 2010
1998 2022
1999 2006
1999 2007
1999 2011
1999 2023
2000 2008
2000 2012
2000 2024
2001 2017
2002 2003
2002 2005
2002 2018
2002 2019
2003 2005
2003 2009
2003 2018
2003 2019
2003 2021
2004 2006
2004 2007
2004 2010
2004 2020
2004 2022
2005 2009
2005 2019
2005 2021
2005 2025
2006 2007
2006 2010
2006 2011
2006 2020
2006 2022
2006 2023
2006 2026
2007 2010
2007 2011
2007 2013
2007 2022
2007 2023
2007 2027
2008 2012
2008 2014
2008 2024
2008 2028
2009 2021
2009 2025
2009 2033
2010 2011
2010 2013
2010 2022
2010 2026
2010 2027
2010 2034
2011 2013
2011 2023
2011 2026
2011 2027
2011 2029
2011 2035
2012 2014
2012 2015
2012 2024
2012 2028
2012 2030
2012 2036
2013 2027
2013 2029
2013 2037
2014 2015
2014 2028
2014 2030
2014 2031
2014 2038
2015 2030
2015 2031
2015 2039
2016 2032
2016 2040
2018 2019
2018 2021
2019 2021
2019 2025
2020 2022
2020 2023
2020 2026
2021 2025
2021 2033
2022 2023
2022 2026
2022 2027
2022 2034
2023 2026
2023 2027
2023 2029
2023 2035
2024 2028
2024 2030
2024 2036
2025 2033
2026 2027
2026 2029
2026 2034
2026 2035
2027 2029
2027 2034
2027 2035
2027 2037
2028 2030
2028 2031
2028 2036
2028 2038
2029 2035
2029 2037
2029 2041
2030 2031
2030 2036
2030 2038
2030 2039
2030 2042
2031 2038
2031 2039
2031 2043
2032 2040
2032 2044
2034 2035
2034 2037
2035 2037
2035 2041
2036 2038
2036 2039
2036 2042
2037 2041
2038 2039
2038 2042
2038 2043
2039 2042
2039 2043
2039 2045
2040 2044
2040 2046
2042 2043
2042 2045
2043 2045
2044 2046
2044 2047
2046 2047
