4096 92160
1 2049
1 1025
1 513
1 257
1 129
1 65
1 33
1 17
1 9
1 5
1 3
1 2
2 2050
2 1026
2 514
2 258
2 130
2 66
2 34
2 18
2 10
2 6
2 4
2 2049
2 1025
2 513
2 257
2 129
2 65
2 33
2 17
2 9
2 5
2 3
3 2051
3 1027
3 515
3 259
3 131
3 67
3 35
3 19
3 11
3 7
3 4
3 2049
3 1025
3 513
3 257
3 129
3 65
3 33
3 17
3 9
3 5
4 2052
4 1028
4 516
4 260
4 132
4 68
4 36
4 20
4 12
4 8
4 2050
4 1026
4 514
4 258
4 130
4 66
4 34
4 18
4 10
4 6
4 2051
4 1027
4 515
4 259
4 131
4 67
4 35
4 19
4 11
4 7
5 2053
5 1029
5 517
5 261
5 133
5 69
5 37
5 21
5 13
5 7
5 6
5 2049
5 1025
5 513
5 257
5 129
5 65
5 33
5 17
5 9
6 2054
6 1030
6 518
6 262
6 134
6 70
6 38
6 22
6 14
6 8
6 2050
6 1026
6 514
6 258
6 130
6 66
6 34
6 18
6 10
6 2053
6 1029
6 517
6 261
6 133
6 69
6 37
6 21
6 13
6 7
7 2055
7 1031
7 519
7 263
7 135
7 71
7 39
7 23
7 15
7 8
7 2051
7 1027
7 515
7 259
7 131
7 67
7 35
7 19
7 11
7 2053
7 1029
7 517
7 261
7 133
7 69
7 37
7 21
7 13
8 2056
8 1032
8 520
8 264
8 136
8 72
8 40
8 24
8 16
8 2052
8 1028
8 516
8 260
8 132
8 68
8 36
8 20
8 12
8 2054
8 1030
8 518
8 262
8 134
8 70
8 38
8 22
8 14
8 2055
8 1031
8 519
8 263
8 135
8 71
8 39
8 23
8 15
9 2057
9 1033
9 521
9 265
9 137
9 73
9 41
9 25
9 13
9 11
9 10
9 2049
9 1025
9 513
9 257
9 129
9 65
9 33
9 17
10 2058
10 1034
10 522
10 266
10 138
10 74
10 42
10 26
10 14
10 12
10 2050
10 1026
10 514
10 258
10 130
10 66
10 34
10 18
10 2057
10 1033
10 521
10 265
10 137
10 73
10 41
10 25
10 13
10 11
11 2059
11 1035
11 523
11 267
11 139
11 75
11 43
11 27
11 15
11 12
11 2051
11 1027
11 515
11 259
11 131
11 67
11 35
11 19
11 2057
11 1033
11 521
11 265
11 137
11 73
11 41
11 25
11 13
12 2060
12 1036
12 524
12 268
12 140
12 76
12 44
12 28
12 16
12 2052
12 1028
12 516
12 260
12 132
12 68
12 36
12 20
12 2058
12 1034
12 522
12 266
12 138
12 74
12 42
12 26
12 14
12 2059
12 1035
12 523
12 267
12 139
12 75
12 43
12 27
12 15
13 2061
13 1037
13 525
13 269
13 141
13 77
13 45
13 29
13 15
13 14
13 2053
13 1029
13 517
13 261
13 133
13 69
13 37
13 21
13 2057
13 1033
13 521
13 265
13 137
13 73
13 41
13 25
14 2062
14 1038
14 526
14 270
14 142
14 78
14 46
14 30
14 16
14 2054
14 1030
14 518
14 262
14 134
14 70
14 38
14 22
14 2058
14 1034
14 522
14 266
14 138
14 74
14 42
14 26
14 2061
14 1037
14 525
14 269
14 141
14 77
14 45
14 29
14 15
15 2063
15 1039
15 527
15 271
15 143
15 79
15 47
15 31
15 16
15 2055
15 1031
15 519
15 263
15 135
15 71
15 39
15 23
15 2059
15 1035
15 523
15 267
15 139
15 75
15 43
15 27
15 2061
15 1037
15 525
15 269
15 141
15 77
15 45
15 29
16 2064
16 1040
16 528
16 272
16 144
16 80
16 48
16 32
16 2056
16 1032
16 520
16 264
16 136
16 72
16 40
16 24
16 2060
16 1036
16 524
16 268
16 140
16 76
16 44
16 28
16 2062
16 1038
16 526
16 270
16 142
16 78
16 46
16 30
16 2063
16 1039
16 527
16 271
16 143
16 79
16 47
16 31
17 2065
17 1041
17 529
17 273
17 145
17 81
17 49
17 25
17 21
17 19
17 18
17 2049
17 1025
17 513
17 257
17 129
17 65
17 33
18 2066
18 1042
18 530
18 274
18 146
18 82
18 50
18 26
18 22
18 20
18 2050
18 1026
18 514
18 258
18 130
18 66
18 34
18 2065
18 1041
18 529
18 273
18 145
18 81
18 49
18 25
18 21
18 19
19 2067
19 1043
19 531
19 275
19 147
19 83
19 51
19 27
19 23
19 20
19 2051
19 1027
19 515
19 259
19 131
19 67
19 35
19 2065
19 1041
19 529
19 273
19 145
19 81
19 49
19 25
19 21
20 2068
20 1044
20 532
20 276
20 148
20 84
20 52
20 28
20 24
20 2052
20 1028
20 516
20 260
20 132
20 68
20 36
20 2066
20 1042
20 530
20 274
20 146
20 82
20 50
20 26
20 22
20 2067
20 1043
20 531
20 275
20 147
20 83
20 51
20 27
20 23
21 2069
21 1045
21 533
21 277
21 149
21 85
21 53
21 29
21 23
21 22
21 2053
21 1029
21 517
21 261
21 133
21 69
21 37
21 2065
21 1041
21 529
21 273
21 145
21 81
21 49
21 25
22 2070
22 1046
22 534
22 278
22 150
22 86
22 54
22 30
22 24
22 2054
22 1030
22 518
22 262
22 134
22 70
22 38
22 2066
22 1042
22 530
22 274
22 146
22 82
22 50
22 26
22 2069
22 1045
22 533
22 277
22 149
22 85
22 53
22 29
22 23
23 2071
23 1047
23 535
23 279
23 151
23 87
23 55
23 31
23 24
23 2055
23 1031
23 519
23 263
23 135
23 71
23 39
23 2067
23 1043
23 531
23 275
23 147
23 83
23 51
23 27
23 2069
23 1045
23 533
23 277
23 149
23 85
23 53
23 29
24 2072
24 1048
24 536
24 280
24 152
24 88
24 56
24 32
24 2056
24 1032
24 520
24 264
24 136
24 72
24 40
24 2068
24 1044
24 532
24 276
24 148
24 84
24 52
24 28
24 2070
24 1046
24 534
24 278
24 150
24 86
24 54
24 30
24 2071
24 1047
24 535
24 279
24 151
24 87
24 55
24 31
25 2073
25 1049
25 537
25 281
25 153
25 89
25 57
25 29
25 27
25 26
25 2057
25 1033
25 521
25 265
25 137
25 73
25 41
25 2065
25 1041
25 529
25 273
25 145
25 81
25 49
26 2074
26 1050
26 538
26 282
26 154
26 90
26 58
26 30
26 28
26 2058
26 1034
26 522
26 266
26 138
26 74
26 42
26 2066
26 1042
26 530
26 274
26 146
26 82
26 50
26 2073
26 1049
26 537
26 281
26 153
26 89
26 57
26 29
26 27
27 2075
27 1051
27 539
27 283
27 155
27 91
27 59
27 31
27 28
27 2059
27 1035
27 523
27 267
27 139
27 75
27 43
27 2067
27 1043
27 531
27 275
27 147
27 83
27 51
27 2073
27 1049
27 537
27 281
27 153
27 89
27 57
27 29
28 2076
28 1052
28 540
28 284
28 156
28 92
28 60
28 32
28 2060
28 1036
28 524
28 268
28 140
28 76
28 44
28 2068
28 1044
28 532
28 276
28 148
28 84
28 52
28 2074
28 1050
28 538
28 282
28 154
28 90
28 58
28 30
28 2075
28 1051
28 539
28 283
28 155
28 91
28 59
28 31
29 2077
29 1053
29 541
29 285
29 157
29 93
29 61
29 31
29 30
29 2061
29 1037
29 525
29 269
29 141
29 77
29 45
29 2069
29 1045
29 533
29 277
29 149
29 85
29 53
29 2073
29 1049
29 537
29 281
29 153
29 89
29 57
30 2078
30 1054
30 542
30 286
30 158
30 94
30 62
30 32
30 2062
30 1038
30 526
30 270
30 142
30 78
30 46
30 2070
30 1046
30 534
30 278
30 150
30 86
30 54
30 2074
30 1050
30 538
30 282
30 154
30 90
30 58
30 2077
30 1053
30 541
30 285
30 157
30 93
30 61
30 31
31 2079
31 1055
31 543
31 287
31 159
31 95
31 63
31 32
31 2063
31 1039
31 527
31 271
31 143
31 79
31 47
31 2071
31 1047
31 535
31 279
31 151
31 87
31 55
31 2075
31 1051
31 539
31 283
31 155
31 91
31 59
31 2077
31 1053
31 541
31 285
31 157
31 93
31 61
32 2080
32 1056
32 544
32 288
32 160
32 96
32 64
32 2064
32 1040
32 528
32 272
32 144
32 80
32 48
32 2072
32 1048
32 536
32 280
32 152
32 88
32 56
32 2076
32 1052
32 540
32 284
32 156
32 92
32 60
32 2078
32 1054
32 542
32 286
32 158
32 94
32 62
32 2079
32 1055
32 543
32 287
32 159
32 95
32 63
33 2081
33 1057
33 545
33 289
33 161
33 97
33 49
33 41
33 37
33 35
33 34
33 2049
33 1025
33 513
33 257
33 129
33 65
34 2082
34 1058
34 546
34 290
34 162
34 98
34 50
34 42
34 38
34 36
34 2050
34 1026
34 514
34 258
34 130
34 66
34 2081
34 1057
34 545
34 289
34 161
34 97
34 49
34 41
34 37
34 35
35 2083
35 1059
35 547
35 291
35 163
35 99
35 51
35 43
35 39
35 36
35 2051
35 1027
35 515
35 259
35 131
35 67
35 2081
35 1057
35 545
35 289
35 161
35 97
35 49
35 41
35 37
36 2084
36 1060
36 548
36 292
36 164
36 100
36 52
36 44
36 40
36 2052
36 1028
36 516
36 260
36 132
36 68
36 2082
36 1058
36 546
36 290
36 162
36 98
36 50
36 42
36 38
36 2083
36 1059
36 547
36 291
36 163
36 99
36 51
36 43
36 39
37 2085
37 1061
37 549
37 293
37 165
37 101
37 53
37 45
37 39
37 38
37 2053
37 1029
37 517
37 261
37 133
37 69
37 2081
37 1057
37 545
37 289
37 161
37 97
37 49
37 41
38 2086
38 1062
38 550
38 294
38 166
38 102
38 54
38 46
38 40
38 2054
38 1030
38 518
38 262
38 134
38 70
38 2082
38 1058
38 546
38 290
38 162
38 98
38 50
38 42
38 2085
38 1061
38 549
38 293
38 165
38 101
38 53
38 45
38 39
39 2087
39 1063
39 551
39 295
39 167
39 103
39 55
39 47
39 40
39 2055
39 1031
39 519
39 263
39 135
39 71
39 2083
39 1059
39 547
39 291
39 163
39 99
39 51
39 43
39 2085
39 1061
39 549
39 293
39 165
39 101
39 53
39 45
40 2088
40 1064
40 552
40 296
40 168
40 104
40 56
40 48
40 2056
40 1032
40 520
40 264
40 136
40 72
40 2084
40 1060
40 548
40 292
40 164
40 100
40 52
40 44
40 2086
40 1062
40 550
40 294
40 166
40 102
40 54
40 46
40 2087
40 1063
40 551
40 295
40 167
40 103
40 55
40 47
41 2089
41 1065
41 553
41 297
41 169
41 105
41 57
41 45
41 43
41 42
41 2057
41 1033
41 521
41 265
41 137
41 73
41 2081
41 1057
41 545
41 289
41 161
41 97
41 49
42 2090
42 1066
42 554
42 298
42 170
42 106
42 58
42 46
42 44
42 2058
42 1034
42 522
42 266
42 138
42 74
42 2082
42 1058
42 546
42 290
42 162
42 98
42 50
42 2089
42 1065
42 553
42 297
42 169
42 105
42 57
42 45
42 43
43 2091
43 1067
43 555
43 299
43 171
43 107
43 59
43 47
43 44
43 2059
43 1035
43 523
43 267
43 139
43 75
43 2083
43 1059
43 547
43 291
43 163
43 99
43 51
43 2089
43 1065
43 553
43 297
43 169
43 105
43 57
43 45
44 2092
44 1068
44 556
44 300
44 172
44 108
44 60
44 48
44 2060
44 1036
44 524
44 268
44 140
44 76
44 2084
44 1060
44 548
44 292
44 164
44 100
44 52
44 2090
44 1066
44 554
44 298
44 170
44 106
44 58
44 46
44 2091
44 1067
44 555
44 299
44 171
44 107
44 59
44 47
45 2093
45 1069
45 557
45 301
45 173
45 109
45 61
45 47
45 46
45 2061
45 1037
45 525
45 269
45 141
45 77
45 2085
45 1061
45 549
45 293
45 165
45 101
45 53
45 2089
45 1065
45 553
45 297
45 169
45 105
45 57
46 2094
46 1070
46 558
46 302
46 174
46 110
46 62
46 48
46 2062
46 1038
46 526
46 270
46 142
46 78
46 2086
46 1062
46 550
46 294
46 166
46 102
46 54
46 2090
46 1066
46 554
46 298
46 170
46 106
46 58
46 2093
46 1069
46 557
46 301
46 173
46 109
46 61
46 47
47 2095
47 1071
47 559
47 303
47 175
47 111
47 63
47 48
47 2063
47 1039
47 527
47 271
47 143
47 79
47 2087
47 1063
47 551
47 295
47 167
47 103
47 55
47 2091
47 1067
47 555
47 299
47 171
47 107
47 59
47 2093
47 1069
47 557
47 301
47 173
47 109
47 61
48 2096
48 1072
48 560
48 304
48 176
48 112
48 64
48 2064
48 1040
48 528
48 272
48 144
48 80
48 2088
48 1064
48 552
48 296
48 168
48 104
48 56
48 2092
48 1068
48 556
48 300
48 172
48 108
48 60
48 2094
48 1070
48 558
48 302
48 174
48 110
48 62
48 2095
48 1071
48 559
48 303
48 175
48 111
48 63
49 2097
49 1073
49 561
49 305
49 177
49 113
49 57
49 53
49 51
49 50
49 2065
49 1041
49 529
49 273
49 145
49 81
49 2081
49 1057
49 545
49 289
49 161
49 97
50 2098
50 1074
50 562
50 306
50 178
50 114
50 58
50 54
50 52
50 2066
50 1042
50 530
50 274
50 146
50 82
50 2082
50 1058
50 546
50 290
50 162
50 98
50 2097
50 1073
50 561
50 305
50 177
50 113
50 57
50 53
50 51
51 2099
51 1075
51 563
51 307
51 179
51 115
51 59
51 55
51 52
51 2067
51 1043
51 531
51 275
51 147
51 83
51 2083
51 1059
51 547
51 291
51 163
51 99
51 2097
51 1073
51 561
51 305
51 177
51 113
51 57
51 53
52 2100
52 1076
52 564
52 308
52 180
52 116
52 60
52 56
52 2068
52 1044
52 532
52 276
52 148
52 84
52 2084
52 1060
52 548
52 292
52 164
52 100
52 2098
52 1074
52 562
52 306
52 178
52 114
52 58
52 54
52 2099
52 1075
52 563
52 307
52 179
52 115
52 59
52 55
53 2101
53 1077
53 565
53 309
53 181
53 117
53 61
53 55
53 54
53 2069
53 1045
53 533
53 277
53 149
53 85
53 2085
53 1061
53 549
53 293
53 165
53 101
53 2097
53 1073
53 561
53 305
53 177
53 113
53 57
54 2102
54 1078
54 566
54 310
54 182
54 118
54 62
54 56
54 2070
54 1046
54 534
54 278
54 150
54 86
54 2086
54 1062
54 550
54 294
54 166
54 102
54 2098
54 1074
54 562
54 306
54 178
54 114
54 58
54 2101
54 1077
54 565
54 309
54 181
54 117
54 61
54 55
55 2103
55 1079
55 567
55 311
55 183
55 119
55 63
55 56
55 2071
55 1047
55 535
55 279
55 151
55 87
55 2087
55 1063
55 551
55 295
55 167
55 103
55 2099
55 1075
55 563
55 307
55 179
55 115
55 59
55 2101
55 1077
55 565
55 309
55 181
55 117
55 61
56 2104
56 1080
56 568
56 312
56 184
56 120
56 64
56 2072
56 1048
56 536
56 280
56 152
56 88
56 2088
56 1064
56 552
56 296
56 168
56 104
56 2100
56 1076
56 564
56 308
56 180
56 116
56 60
56 2102
56 1078
56 566
56 310
56 182
56 118
56 62
56 2103
56 1079
56 567
56 311
56 183
56 119
56 63
57 2105
57 1081
57 569
57 313
57 185
57 121
57 61
57 59
57 58
57 2073
57 1049
57 537
57 281
57 153
57 89
57 2089
57 1065
57 553
57 297
57 169
57 105
57 2097
57 1073
57 561
57 305
57 177
57 113
58 2106
58 1082
58 570
58 314
58 186
58 122
58 62
58 60
58 2074
58 1050
58 538
58 282
58 154
58 90
58 2090
58 1066
58 554
58 298
58 170
58 106
58 2098
58 1074
58 562
58 306
58 178
58 114
58 2105
58 1081
58 569
58 313
58 185
58 121
58 61
58 59
59 2107
59 1083
59 571
59 315
59 187
59 123
59 63
59 60
59 2075
59 1051
59 539
59 283
59 155
59 91
59 2091
59 1067
59 555
59 299
59 171
59 107
59 2099
59 1075
59 563
59 307
59 179
59 115
59 2105
59 1081
59 569
59 313
59 185
59 121
59 61
60 2108
60 1084
60 572
60 316
60 188
60 124
60 64
60 2076
60 1052
60 540
60 284
60 156
60 92
60 2092
60 1068
60 556
60 300
60 172
60 108
60 2100
60 1076
60 564
60 308
60 180
60 116
60 2106
60 1082
60 570
60 314
60 186
60 122
60 62
60 2107
60 1083
60 571
60 315
60 187
60 123
60 63
61 2109
61 1085
61 573
61 317
61 189
61 125
61 63
61 62
61 2077
61 1053
61 541
61 285
61 157
61 93
61 2093
61 1069
61 557
61 301
61 173
61 109
61 2101
61 1077
61 565
61 309
61 181
61 117
61 2105
61 1081
61 569
61 313
61 185
61 121
62 2110
62 1086
62 574
62 318
62 190
62 126
62 64
62 2078
62 1054
62 542
62 286
62 158
62 94
62 2094
62 1070
62 558
62 302
62 174
62 110
62 2102
62 1078
62 566
62 310
62 182
62 118
62 2106
62 1082
62 570
62 314
62 186
62 122
62 2109
62 1085
62 573
62 317
62 189
62 125
62 63
63 2111
63 1087
63 575
63 319
63 191
63 127
63 64
63 2079
63 1055
63 543
63 287
63 159
63 95
63 2095
63 1071
63 559
63 303
63 175
63 111
63 2103
63 1079
63 567
63 311
63 183
63 119
63 2107
63 1083
63 571
63 315
63 187
63 123
63 2109
63 1085
63 573
63 317
63 189
63 125
64 2112
64 1088
64 576
64 320
64 192
64 128
64 2080
64 1056
64 544
64 288
64 160
64 96
64 2096
64 1072
64 560
64 304
64 176
64 112
64 2104
64 1080
64 568
64 312
64 184
64 120
64 2108
64 1084
64 572
64 316
64 188
64 124
64 2110
64 1086
64 574
64 318
64 190
64 126
64 2111
64 1087
64 575
64 319
64 191
64 127
65 2113
65 1089
65 577
65 321
65 193
65 97
65 81
65 73
65 69
65 67
65 66
65 2049
65 1025
65 513
65 257
65 129
66 2114
66 1090
66 578
66 322
66 194
66 98
66 82
66 74
66 70
66 68
66 2050
66 1026
66 514
66 258
66 130
66 2113
66 1089
66 577
66 321
66 193
66 97
66 81
66 73
66 69
66 67
67 2115
67 1091
67 579
67 323
67 195
67 99
67 83
67 75
67 71
67 68
67 2051
67 1027
67 515
67 259
67 131
67 2113
67 1089
67 577
67 321
67 193
67 97
67 81
67 73
67 69
68 2116
68 1092
68 580
68 324
68 196
68 100
68 84
68 76
68 72
68 2052
68 1028
68 516
68 260
68 132
68 2114
68 1090
68 578
68 322
68 194
68 98
68 82
68 74
68 70
68 2115
68 1091
68 579
68 323
68 195
68 99
68 83
68 75
68 71
69 2117
69 1093
69 581
69 325
69 197
69 101
69 85
69 77
69 71
69 70
69 2053
69 1029
69 517
69 261
69 133
69 2113
69 1089
69 577
69 321
69 193
69 97
69 81
69 73
70 2118
70 1094
70 582
70 326
70 198
70 102
70 86
70 78
70 72
70 2054
70 1030
70 518
70 262
70 134
70 2114
70 1090
70 578
70 322
70 194
70 98
70 82
70 74
70 2117
70 1093
70 581
70 325
70 197
70 101
70 85
70 77
70 71
71 2119
71 1095
71 583
71 327
71 199
71 103
71 87
71 79
71 72
71 2055
71 1031
71 519
71 263
71 135
71 2115
71 1091
71 579
71 323
71 195
71 99
71 83
71 75
71 2117
71 1093
71 581
71 325
71 197
71 101
71 85
71 77
72 2120
72 1096
72 584
72 328
72 200
72 104
72 88
72 80
72 2056
72 1032
72 520
72 264
72 136
72 2116
72 1092
72 580
72 324
72 196
72 100
72 84
72 76
72 2118
72 1094
72 582
72 326
72 198
72 102
72 86
72 78
72 2119
72 1095
72 583
72 327
72 199
72 103
72 87
72 79
73 2121
73 1097
73 585
73 329
73 201
73 105
73 89
73 77
73 75
73 74
73 2057
73 1033
73 521
73 265
73 137
73 2113
73 1089
73 577
73 321
73 193
73 97
73 81
74 2122
74 1098
74 586
74 330
74 202
74 106
74 90
74 78
74 76
74 2058
74 1034
74 522
74 266
74 138
74 2114
74 1090
74 578
74 322
74 194
74 98
74 82
74 2121
74 1097
74 585
74 329
74 201
74 105
74 89
74 77
74 75
75 2123
75 1099
75 587
75 331
75 203
75 107
75 91
75 79
75 76
75 2059
75 1035
75 523
75 267
75 139
75 2115
75 1091
75 579
75 323
75 195
75 99
75 83
75 2121
75 1097
75 585
75 329
75 201
75 105
75 89
75 77
76 2124
76 1100
76 588
76 332
76 204
76 108
76 92
76 80
76 2060
76 1036
76 524
76 268
76 140
76 2116
76 1092
76 580
76 324
76 196
76 100
76 84
76 2122
76 1098
76 586
76 330
76 202
76 106
76 90
76 78
76 2123
76 1099
76 587
76 331
76 203
76 107
76 91
76 79
77 2125
77 1101
77 589
77 333
77 205
77 109
77 93
77 79
77 78
77 2061
77 1037
77 525
77 269
77 141
77 2117
77 1093
77 581
77 325
77 197
77 101
77 85
77 2121
77 1097
77 585
77 329
77 201
77 105
77 89
78 2126
78 1102
78 590
78 334
78 206
78 110
78 94
78 80
78 2062
78 1038
78 526
78 270
78 142
78 2118
78 1094
78 582
78 326
78 198
78 102
78 86
78 2122
78 1098
78 586
78 330
78 202
78 106
78 90
78 2125
78 1101
78 589
78 333
78 205
78 109
78 93
78 79
79 2127
79 1103
79 591
79 335
79 207
79 111
79 95
79 80
79 2063
79 1039
79 527
79 271
79 143
79 2119
79 1095
79 583
79 327
79 199
79 103
79 87
79 2123
79 1099
79 587
79 331
79 203
79 107
79 91
79 2125
79 1101
79 589
79 333
79 205
79 109
79 93
80 2128
80 1104
80 592
80 336
80 208
80 112
80 96
80 2064
80 1040
80 528
80 272
80 144
80 2120
80 1096
80 584
80 328
80 200
80 104
80 88
80 2124
80 1100
80 588
80 332
80 204
80 108
80 92
80 2126
80 1102
80 590
80 334
80 206
80 110
80 94
80 2127
80 1103
80 591
80 335
80 207
80 111
80 95
81 2129
81 1105
81 593
81 337
81 209
81 113
81 89
81 85
81 83
81 82
81 2065
81 1041
81 529
81 273
81 145
81 2113
81 1089
81 577
81 321
81 193
81 97
82 2130
82 1106
82 594
82 338
82 210
82 114
82 90
82 86
82 84
82 2066
82 1042
82 530
82 274
82 146
82 2114
82 1090
82 578
82 322
82 194
82 98
82 2129
82 1105
82 593
82 337
82 209
82 113
82 89
82 85
82 83
83 2131
83 1107
83 595
83 339
83 211
83 115
83 91
83 87
83 84
83 2067
83 1043
83 531
83 275
83 147
83 2115
83 1091
83 579
83 323
83 195
83 99
83 2129
83 1105
83 593
83 337
83 209
83 113
83 89
83 85
84 2132
84 1108
84 596
84 340
84 212
84 116
84 92
84 88
84 2068
84 1044
84 532
84 276
84 148
84 2116
84 1092
84 580
84 324
84 196
84 100
84 2130
84 1106
84 594
84 338
84 210
84 114
84 90
84 86
84 2131
84 1107
84 595
84 339
84 211
84 115
84 91
84 87
85 2133
85 1109
85 597
85 341
85 213
85 117
85 93
85 87
85 86
85 2069
85 1045
85 533
85 277
85 149
85 2117
85 1093
85 581
85 325
85 197
85 101
85 2129
85 1105
85 593
85 337
85 209
85 113
85 89
86 2134
86 1110
86 598
86 342
86 214
86 118
86 94
86 88
86 2070
86 1046
86 534
86 278
86 150
86 2118
86 1094
86 582
86 326
86 198
86 102
86 2130
86 1106
86 594
86 338
86 210
86 114
86 90
86 2133
86 1109
86 597
86 341
86 213
86 117
86 93
86 87
87 2135
87 1111
87 599
87 343
87 215
87 119
87 95
87 88
87 2071
87 1047
87 535
87 279
87 151
87 2119
87 1095
87 583
87 327
87 199
87 103
87 2131
87 1107
87 595
87 339
87 211
87 115
87 91
87 2133
87 1109
87 597
87 341
87 213
87 117
87 93
88 2136
88 1112
88 600
88 344
88 216
88 120
88 96
88 2072
88 1048
88 536
88 280
88 152
88 2120
88 1096
88 584
88 328
88 200
88 104
88 2132
88 1108
88 596
88 340
88 212
88 116
88 92
88 2134
88 1110
88 598
88 342
88 214
88 118
88 94
88 2135
88 1111
88 599
88 343
88 215
88 119
88 95
89 2137
89 1113
89 601
89 345
89 217
89 121
89 93
89 91
89 90
89 2073
89 1049
89 537
89 281
89 153
89 2121
89 1097
89 585
89 329
89 201
89 105
89 2129
89 1105
89 593
89 337
89 209
89 113
90 2138
90 1114
90 602
90 346
90 218
90 122
90 94
90 92
90 2074
90 1050
90 538
90 282
90 154
90 2122
90 1098
90 586
90 330
90 202
90 106
90 2130
90 1106
90 594
90 338
90 210
90 114
90 2137
90 1113
90 601
90 345
90 217
90 121
90 93
90 91
91 2139
91 1115
91 603
91 347
91 219
91 123
91 95
91 92
91 2075
91 1051
91 539
91 283
91 155
91 2123
91 1099
91 587
91 331
91 203
91 107
91 2131
91 1107
91 595
91 339
91 211
91 115
91 2137
91 1113
91 601
91 345
91 217
91 121
91 93
92 2140
92 1116
92 604
92 348
92 220
92 124
92 96
92 2076
92 1052
92 540
92 284
92 156
92 2124
92 1100
92 588
92 332
92 204
92 108
92 2132
92 1108
92 596
92 340
92 212
92 116
92 2138
92 1114
92 602
92 346
92 218
92 122
92 94
92 2139
92 1115
92 603
92 347
92 219
92 123
92 95
93 2141
93 1117
93 605
93 349
93 221
93 125
93 95
93 94
93 2077
93 1053
93 541
93 285
93 157
93 2125
93 1101
93 589
93 333
93 205
93 109
93 2133
93 1109
93 597
93 341
93 213
93 117
93 2137
93 1113
93 601
93 345
93 217
93 121
94 2142
94 1118
94 606
94 350
94 222
94 126
94 96
94 2078
94 1054
94 542
94 286
94 158
94 2126
94 1102
94 590
94 334
94 206
94 110
94 2134
94 1110
94 598
94 342
94 214
94 118
94 2138
94 1114
94 602
94 346
94 218
94 122
94 2141
94 1117
94 605
94 349
94 221
94 125
94 95
95 2143
95 1119
95 607
95 351
95 223
95 127
95 96
95 2079
95 1055
95 543
95 287
95 159
95 2127
95 1103
95 591
95 335
95 207
95 111
95 2135
95 1111
95 599
95 343
95 215
95 119
95 2139
95 1115
95 603
95 347
95 219
95 123
95 2141
95 1117
95 605
95 349
95 221
95 125
96 2144
96 1120
96 608
96 352
96 224
96 128
96 2080
96 1056
96 544
96 288
96 160
96 2128
96 1104
96 592
96 336
96 208
96 112
96 2136
96 1112
96 600
96 344
96 216
96 120
96 2140
96 1116
96 604
96 348
96 220
96 124
96 2142
96 1118
96 606
96 350
96 222
96 126
96 2143
96 1119
96 607
96 351
96 223
96 127
97 2145
97 1121
97 609
97 353
97 225
97 113
97 105
97 101
97 99
97 98
97 2081
97 1057
97 545
97 289
97 161
97 2113
97 1089
97 577
97 321
97 193
98 2146
98 1122
98 610
98 354
98 226
98 114
98 106
98 102
98 100
98 2082
98 1058
98 546
98 290
98 162
98 2114
98 1090
98 578
98 322
98 194
98 2145
98 1121
98 609
98 353
98 225
98 113
98 105
98 101
98 99
99 2147
99 1123
99 611
99 355
99 227
99 115
99 107
99 103
99 100
99 2083
99 1059
99 547
99 291
99 163
99 2115
99 1091
99 579
99 323
99 195
99 2145
99 1121
99 609
99 353
99 225
99 113
99 105
99 101
100 2148
100 1124
100 612
100 356
100 228
100 116
100 108
100 104
100 2084
100 1060
100 548
100 292
100 164
100 2116
100 1092
100 580
100 324
100 196
100 2146
100 1122
100 610
100 354
100 226
100 114
100 106
100 102
100 2147
100 1123
100 611
100 355
100 227
100 115
100 107
100 103
101 2149
101 1125
101 613
101 357
101 229
101 117
101 109
101 103
101 102
101 2085
101 1061
101 549
101 293
101 165
101 2117
101 1093
101 581
101 325
101 197
101 2145
101 1121
101 609
101 353
101 225
101 113
101 105
102 2150
102 1126
102 614
102 358
102 230
102 118
102 110
102 104
102 2086
102 1062
102 550
102 294
102 166
102 2118
102 1094
102 582
102 326
102 198
102 2146
102 1122
102 610
102 354
102 226
102 114
102 106
102 2149
102 1125
102 613
102 357
102 229
102 117
102 109
102 103
103 2151
103 1127
103 615
103 359
103 231
103 119
103 111
103 104
103 2087
103 1063
103 551
103 295
103 167
103 2119
103 1095
103 583
103 327
103 199
103 2147
103 1123
103 611
103 355
103 227
103 115
103 107
103 2149
103 1125
103 613
103 357
103 229
103 117
103 109
104 2152
104 1128
104 616
104 360
104 232
104 120
104 112
104 2088
104 1064
104 552
104 296
104 168
104 2120
104 1096
104 584
104 328
104 200
104 2148
104 1124
104 612
104 356
104 228
104 116
104 108
104 2150
104 1126
104 614
104 358
104 230
104 118
104 110
104 2151
104 1127
104 615
104 359
104 231
104 119
104 111
105 2153
105 1129
105 617
105 361
105 233
105 121
105 109
105 107
105 106
105 2089
105 1065
105 553
105 297
105 169
105 2121
105 1097
105 585
105 329
105 201
105 2145
105 1121
105 609
105 353
105 225
105 113
106 2154
106 1130
106 618
106 362
106 234
106 122
106 110
106 108
106 2090
106 1066
106 554
106 298
106 170
106 2122
106 1098
106 586
106 330
106 202
106 2146
106 1122
106 610
106 354
106 226
106 114
106 2153
106 1129
106 617
106 361
106 233
106 121
106 109
106 107
107 2155
107 1131
107 619
107 363
107 235
107 123
107 111
107 108
107 2091
107 1067
107 555
107 299
107 171
107 2123
107 1099
107 587
107 331
107 203
107 2147
107 1123
107 611
107 355
107 227
107 115
107 2153
107 1129
107 617
107 361
107 233
107 121
107 109
108 2156
108 1132
108 620
108 364
108 236
108 124
108 112
108 2092
108 1068
108 556
108 300
108 172
108 2124
108 1100
108 588
108 332
108 204
108 2148
108 1124
108 612
108 356
108 228
108 116
108 2154
108 1130
108 618
108 362
108 234
108 122
108 110
108 2155
108 1131
108 619
108 363
108 235
108 123
108 111
109 2157
109 1133
109 621
109 365
109 237
109 125
109 111
109 110
109 2093
109 1069
109 557
109 301
109 173
109 2125
109 1101
109 589
109 333
109 205
109 2149
109 1125
109 613
109 357
109 229
109 117
109 2153
109 1129
109 617
109 361
109 233
109 121
110 2158
110 1134
110 622
110 366
110 238
110 126
110 112
110 2094
110 1070
110 558
110 302
110 174
110 2126
110 1102
110 590
110 334
110 206
110 2150
110 1126
110 614
110 358
110 230
110 118
110 2154
110 1130
110 618
110 362
110 234
110 122
110 2157
110 1133
110 621
110 365
110 237
110 125
110 111
111 2159
111 1135
111 623
111 367
111 239
111 127
111 112
111 2095
111 1071
111 559
111 303
111 175
111 2127
111 1103
111 591
111 335
111 207
111 2151
111 1127
111 615
111 359
111 231
111 119
111 2155
111 1131
111 619
111 363
111 235
111 123
111 2157
111 1133
111 621
111 365
111 237
111 125
112 2160
112 1136
112 624
112 368
112 240
112 128
112 2096
112 1072
112 560
112 304
112 176
112 2128
112 1104
112 592
112 336
112 208
112 2152
112 1128
112 616
112 360
112 232
112 120
112 2156
112 1132
112 620
112 364
112 236
112 124
112 2158
112 1134
112 622
112 366
112 238
112 126
112 2159
112 1135
112 623
112 367
112 239
112 127
113 2161
113 1137
113 625
113 369
113 241
113 121
113 117
113 115
113 114
113 2097
113 1073
113 561
113 305
113 177
113 2129
113 1105
113 593
113 337
113 209
113 2145
113 1121
113 609
113 353
113 225
114 2162
114 1138
114 626
114 370
114 242
114 122
114 118
114 116
114 2098
114 1074
114 562
114 306
114 178
114 2130
114 1106
114 594
114 338
114 210
114 2146
114 1122
114 610
114 354
114 226
114 2161
114 1137
114 625
114 369
114 241
114 121
114 117
114 115
115 2163
115 1139
115 627
115 371
115 243
115 123
115 119
115 116
115 2099
115 1075
115 563
115 307
115 179
115 2131
115 1107
115 595
115 339
115 211
115 2147
115 1123
115 611
115 355
115 227
115 2161
115 1137
115 625
115 369
115 241
115 121
115 117
116 2164
116 1140
116 628
116 372
116 244
116 124
116 120
116 2100
116 1076
116 564
116 308
116 180
116 2132
116 1108
116 596
116 340
116 212
116 2148
116 1124
116 612
116 356
116 228
116 2162
116 1138
116 626
116 370
116 242
116 122
116 118
116 2163
116 1139
116 627
116 371
116 243
116 123
116 119
117 2165
117 1141
117 629
117 373
117 245
117 125
117 119
117 118
117 2101
117 1077
117 565
117 309
117 181
117 2133
117 1109
117 597
117 341
117 213
117 2149
117 1125
117 613
117 357
117 229
117 2161
117 1137
117 625
117 369
117 241
117 121
118 2166
118 1142
118 630
118 374
118 246
118 126
118 120
118 2102
118 1078
118 566
118 310
118 182
118 2134
118 1110
118 598
118 342
118 214
118 2150
118 1126
118 614
118 358
118 230
118 2162
118 1138
118 626
118 370
118 242
118 122
118 2165
118 1141
118 629
118 373
118 245
118 125
118 119
119 2167
119 1143
119 631
119 375
119 247
119 127
119 120
119 2103
119 1079
119 567
119 311
119 183
119 2135
119 1111
119 599
119 343
119 215
119 2151
119 1127
119 615
119 359
119 231
119 2163
119 1139
119 627
119 371
119 243
119 123
119 2165
119 1141
119 629
119 373
119 245
119 125
120 2168
120 1144
120 632
120 376
120 248
120 128
120 2104
120 1080
120 568
120 312
120 184
120 2136
120 1112
120 600
120 344
120 216
120 2152
120 1128
120 616
120 360
120 232
120 2164
120 1140
120 628
120 372
120 244
120 124
120 2166
120 1142
120 630
120 374
120 246
120 126
120 2167
120 1143
120 631
120 375
120 247
120 127
121 2169
121 1145
121 633
121 377
121 249
121 125
121 123
121 122
121 2105
121 1081
121 569
121 313
121 185
121 2137
121 1113
121 601
121 345
121 217
121 2153
121 1129
121 617
121 361
121 233
121 2161
121 1137
121 625
121 369
121 241
122 2170
122 1146
122 634
122 378
122 250
122 126
122 124
122 2106
122 1082
122 570
122 314
122 186
122 2138
122 1114
122 602
122 346
122 218
122 2154
122 1130
122 618
122 362
122 234
122 2162
122 1138
122 626
122 370
122 242
122 2169
122 1145
122 633
122 377
122 249
122 125
122 123
123 2171
123 1147
123 635
123 379
123 251
123 127
123 124
123 2107
123 1083
123 571
123 315
123 187
123 2139
123 1115
123 603
123 347
123 219
123 2155
123 1131
123 619
123 363
123 235
123 2163
123 1139
123 627
123 371
123 243
123 2169
123 1145
123 633
123 377
123 249
123 125
124 2172
124 1148
124 636
124 380
124 252
124 128
124 2108
124 1084
124 572
124 316
124 188
124 2140
124 1116
124 604
124 348
124 220
124 2156
124 1132
124 620
124 364
124 236
124 2164
124 1140
124 628
124 372
124 244
124 2170
124 1146
124 634
124 378
124 250
124 126
124 2171
124 1147
124 635
124 379
124 251
124 127
125 2173
125 1149
125 637
125 381
125 253
125 127
125 126
125 2109
125 1085
125 573
125 317
125 189
125 2141
125 1117
125 605
125 349
125 221
125 2157
125 1133
125 621
125 365
125 237
125 2165
125 1141
125 629
125 373
125 245
125 2169
125 1145
125 633
125 377
125 249
126 2174
126 1150
126 638
126 382
126 254
126 128
126 2110
126 1086
126 574
126 318
126 190
126 2142
126 1118
126 606
126 350
126 222
126 2158
126 1134
126 622
126 366
126 238
126 2166
126 1142
126 630
126 374
126 246
126 2170
126 1146
126 634
126 378
126 250
126 2173
126 1149
126 637
126 381
126 253
126 127
127 2175
127 1151
127 639
127 383
127 255
127 128
127 2111
127 1087
127 575
127 319
127 191
127 2143
127 1119
127 607
127 351
127 223
127 2159
127 1135
127 623
127 367
127 239
127 2167
127 1143
127 631
127 375
127 247
127 2171
127 1147
127 635
127 379
127 251
127 2173
127 1149
127 637
127 381
127 253
128 2176
128 1152
128 640
128 384
128 256
128 2112
128 1088
128 576
128 320
128 192
128 2144
128 1120
128 608
128 352
128 224
128 2160
128 1136
128 624
128 368
128 240
128 2168
128 1144
128 632
128 376
128 248
128 2172
128 1148
128 636
128 380
128 252
128 2174
128 1150
128 638
128 382
128 254
128 2175
128 1151
128 639
128 383
128 255
129 2177
129 1153
129 641
129 385
129 193
129 161
129 145
129 137
129 133
129 131
129 130
129 2049
129 1025
129 513
129 257
130 2178
130 1154
130 642
130 386
130 194
130 162
130 146
130 138
130 134
130 132
130 2050
130 1026
130 514
130 258
130 2177
130 1153
130 641
130 385
130 193
130 161
130 145
130 137
130 133
130 131
131 2179
131 1155
131 643
131 387
131 195
131 163
131 147
131 139
131 135
131 132
131 2051
131 1027
131 515
131 259
131 2177
131 1153
131 641
131 385
131 193
131 161
131 145
131 137
131 133
132 2180
132 1156
132 644
132 388
132 196
132 164
132 148
132 140
132 136
132 2052
132 1028
132 516
132 260
132 2178
132 1154
132 642
132 386
132 194
132 162
132 146
132 138
132 134
132 2179
132 1155
132 643
132 387
132 195
132 163
132 147
132 139
132 135
133 2181
133 1157
133 645
133 389
133 197
133 165
133 149
133 141
133 135
133 134
133 2053
133 1029
133 517
133 261
133 2177
133 1153
133 641
133 385
133 193
133 161
133 145
133 137
134 2182
134 1158
134 646
134 390
134 198
134 166
134 150
134 142
134 136
134 2054
134 1030
134 518
134 262
134 2178
134 1154
134 642
134 386
134 194
134 162
134 146
134 138
134 2181
134 1157
134 645
134 389
134 197
134 165
134 149
134 141
134 135
135 2183
135 1159
135 647
135 391
135 199
135 167
135 151
135 143
135 136
135 2055
135 1031
135 519
135 263
135 2179
135 1155
135 643
135 387
135 195
135 163
135 147
135 139
135 2181
135 1157
135 645
135 389
135 197
135 165
135 149
135 141
136 2184
136 1160
136 648
136 392
136 200
136 168
136 152
136 144
136 2056
136 1032
136 520
136 264
136 2180
136 1156
136 644
136 388
136 196
136 164
136 148
136 140
136 2182
136 1158
136 646
136 390
136 198
136 166
136 150
136 142
136 2183
136 1159
136 647
136 391
136 199
136 167
136 151
136 143
137 2185
137 1161
137 649
137 393
137 201
137 169
137 153
137 141
137 139
137 138
137 2057
137 1033
137 521
137 265
137 2177
137 1153
137 641
137 385
137 193
137 161
137 145
138 2186
138 1162
138 650
138 394
138 202
138 170
138 154
138 142
138 140
138 2058
138 1034
138 522
138 266
138 2178
138 1154
138 642
138 386
138 194
138 162
138 146
138 2185
138 1161
138 649
138 393
138 201
138 169
138 153
138 141
138 139
139 2187
139 1163
139 651
139 395
139 203
139 171
139 155
139 143
139 140
139 2059
139 1035
139 523
139 267
139 2179
139 1155
139 643
139 387
139 195
139 163
139 147
139 2185
139 1161
139 649
139 393
139 201
139 169
139 153
139 141
140 2188
140 1164
140 652
140 396
140 204
140 172
140 156
140 144
140 2060
140 1036
140 524
140 268
140 2180
140 1156
140 644
140 388
140 196
140 164
140 148
140 2186
140 1162
140 650
140 394
140 202
140 170
140 154
140 142
140 2187
140 1163
140 651
140 395
140 203
140 171
140 155
140 143
141 2189
141 1165
141 653
141 397
141 205
141 173
141 157
141 143
141 142
141 2061
141 1037
141 525
141 269
141 2181
141 1157
141 645
141 389
141 197
141 165
141 149
141 2185
141 1161
141 649
141 393
141 201
141 169
141 153
142 2190
142 1166
142 654
142 398
142 206
142 174
142 158
142 144
142 2062
142 1038
142 526
142 270
142 2182
142 1158
142 646
142 390
142 198
142 166
142 150
142 2186
142 1162
142 650
142 394
142 202
142 170
142 154
142 2189
142 1165
142 653
142 397
142 205
142 173
142 157
142 143
143 2191
143 1167
143 655
143 399
143 207
143 175
143 159
143 144
143 2063
143 1039
143 527
143 271
143 2183
143 1159
143 647
143 391
143 199
143 167
143 151
143 2187
143 1163
143 651
143 395
143 203
143 171
143 155
143 2189
143 1165
143 653
143 397
143 205
143 173
143 157
144 2192
144 1168
144 656
144 400
144 208
144 176
144 160
144 2064
144 1040
144 528
144 272
144 2184
144 1160
144 648
144 392
144 200
144 168
144 152
144 2188
144 1164
144 652
144 396
144 204
144 172
144 156
144 2190
144 1166
144 654
144 398
144 206
144 174
144 158
144 2191
144 1167
144 655
144 399
144 207
144 175
144 159
145 2193
145 1169
145 657
145 401
145 209
145 177
145 153
145 149
145 147
145 146
145 2065
145 1041
145 529
145 273
145 2177
145 1153
145 641
145 385
145 193
145 161
146 2194
146 1170
146 658
146 402
146 210
146 178
146 154
146 150
146 148
146 2066
146 1042
146 530
146 274
146 2178
146 1154
146 642
146 386
146 194
146 162
146 2193
146 1169
146 657
146 401
146 209
146 177
146 153
146 149
146 147
147 2195
147 1171
147 659
147 403
147 211
147 179
147 155
147 151
147 148
147 2067
147 1043
147 531
147 275
147 2179
147 1155
147 643
147 387
147 195
147 163
147 2193
147 1169
147 657
147 401
147 209
147 177
147 153
147 149
148 2196
148 1172
148 660
148 404
148 212
148 180
148 156
148 152
148 2068
148 1044
148 532
148 276
148 2180
148 1156
148 644
148 388
148 196
148 164
148 2194
148 1170
148 658
148 402
148 210
148 178
148 154
148 150
148 2195
148 1171
148 659
148 403
148 211
148 179
148 155
148 151
149 2197
149 1173
149 661
149 405
149 213
149 181
149 157
149 151
149 150
149 2069
149 1045
149 533
149 277
149 2181
149 1157
149 645
149 389
149 197
149 165
149 2193
149 1169
149 657
149 401
149 209
149 177
149 153
150 2198
150 1174
150 662
150 406
150 214
150 182
150 158
150 152
150 2070
150 1046
150 534
150 278
150 2182
150 1158
150 646
150 390
150 198
150 166
150 2194
150 1170
150 658
150 402
150 210
150 178
150 154
150 2197
150 1173
150 661
150 405
150 213
150 181
150 157
150 151
151 2199
151 1175
151 663
151 407
151 215
151 183
151 159
151 152
151 2071
151 1047
151 535
151 279
151 2183
151 1159
151 647
151 391
151 199
151 167
151 2195
151 1171
151 659
151 403
151 211
151 179
151 155
151 2197
151 1173
151 661
151 405
151 213
151 181
151 157
152 2200
152 1176
152 664
152 408
152 216
152 184
152 160
152 2072
152 1048
152 536
152 280
152 2184
152 1160
152 648
152 392
152 200
152 168
152 2196
152 1172
152 660
152 404
152 212
152 180
152 156
152 2198
152 1174
152 662
152 406
152 214
152 182
152 158
152 2199
152 1175
152 663
152 407
152 215
152 183
152 159
153 2201
153 1177
153 665
153 409
153 217
153 185
153 157
153 155
153 154
153 2073
153 1049
153 537
153 281
153 2185
153 1161
153 649
153 393
153 201
153 169
153 2193
153 1169
153 657
153 401
153 209
153 177
154 2202
154 1178
154 666
154 410
154 218
154 186
154 158
154 156
154 2074
154 1050
154 538
154 282
154 2186
154 1162
154 650
154 394
154 202
154 170
154 2194
154 1170
154 658
154 402
154 210
154 178
154 2201
154 1177
154 665
154 409
154 217
154 185
154 157
154 155
155 2203
155 1179
155 667
155 411
155 219
155 187
155 159
155 156
155 2075
155 1051
155 539
155 283
155 2187
155 1163
155 651
155 395
155 203
155 171
155 2195
155 1171
155 659
155 403
155 211
155 179
155 2201
155 1177
155 665
155 409
155 217
155 185
155 157
156 2204
156 1180
156 668
156 412
156 220
156 188
156 160
156 2076
156 1052
156 540
156 284
156 2188
156 1164
156 652
156 396
156 204
156 172
156 2196
156 1172
156 660
156 404
156 212
156 180
156 2202
156 1178
156 666
156 410
156 218
156 186
156 158
156 2203
156 1179
156 667
156 411
156 219
156 187
156 159
157 2205
157 1181
157 669
157 413
157 221
157 189
157 159
157 158
157 2077
157 1053
157 541
157 285
157 2189
157 1165
157 653
157 397
157 205
157 173
157 2197
157 1173
157 661
157 405
157 213
157 181
157 2201
157 1177
157 665
157 409
157 217
157 185
158 2206
158 1182
158 670
158 414
158 222
158 190
158 160
158 2078
158 1054
158 542
158 286
158 2190
158 1166
158 654
158 398
158 206
158 174
158 2198
158 1174
158 662
158 406
158 214
158 182
158 2202
158 1178
158 666
158 410
158 218
158 186
158 2205
158 1181
158 669
158 413
158 221
158 189
158 159
159 2207
159 1183
159 671
159 415
159 223
159 191
159 160
159 2079
159 1055
159 543
159 287
159 2191
159 1167
159 655
159 399
159 207
159 175
159 2199
159 1175
159 663
159 407
159 215
159 183
159 2203
159 1179
159 667
159 411
159 219
159 187
159 2205
159 1181
159 669
159 413
159 221
159 189
160 2208
160 1184
160 672
160 416
160 224
160 192
160 2080
160 1056
160 544
160 288
160 2192
160 1168
160 656
160 400
160 208
160 176
160 2200
160 1176
160 664
160 408
160 216
160 184
160 2204
160 1180
160 668
160 412
160 220
160 188
160 2206
160 1182
160 670
160 414
160 222
160 190
160 2207
160 1183
160 671
160 415
160 223
160 191
161 2209
161 1185
161 673
161 417
161 225
161 177
161 169
161 165
161 163
161 162
161 2081
161 1057
161 545
161 289
161 2177
161 1153
161 641
161 385
161 193
162 2210
162 1186
162 674
162 418
162 226
162 178
162 170
162 166
162 164
162 2082
162 1058
162 546
162 290
162 2178
162 1154
162 642
162 386
162 194
162 2209
162 1185
162 673
162 417
162 225
162 177
162 169
162 165
162 163
163 2211
163 1187
163 675
163 419
163 227
163 179
163 171
163 167
163 164
163 2083
163 1059
163 547
163 291
163 2179
163 1155
163 643
163 387
163 195
163 2209
163 1185
163 673
163 417
163 225
163 177
163 169
163 165
164 2212
164 1188
164 676
164 420
164 228
164 180
164 172
164 168
164 2084
164 1060
164 548
164 292
164 2180
164 1156
164 644
164 388
164 196
164 2210
164 1186
164 674
164 418
164 226
164 178
164 170
164 166
164 2211
164 1187
164 675
164 419
164 227
164 179
164 171
164 167
165 2213
165 1189
165 677
165 421
165 229
165 181
165 173
165 167
165 166
165 2085
165 1061
165 549
165 293
165 2181
165 1157
165 645
165 389
165 197
165 2209
165 1185
165 673
165 417
165 225
165 177
165 169
166 2214
166 1190
166 678
166 422
166 230
166 182
166 174
166 168
166 2086
166 1062
166 550
166 294
166 2182
166 1158
166 646
166 390
166 198
166 2210
166 1186
166 674
166 418
166 226
166 178
166 170
166 2213
166 1189
166 677
166 421
166 229
166 181
166 173
166 167
167 2215
167 1191
167 679
167 423
167 231
167 183
167 175
167 168
167 2087
167 1063
167 551
167 295
167 2183
167 1159
167 647
167 391
167 199
167 2211
167 1187
167 675
167 419
167 227
167 179
167 171
167 2213
167 1189
167 677
167 421
167 229
167 181
167 173
168 2216
168 1192
168 680
168 424
168 232
168 184
168 176
168 2088
168 1064
168 552
168 296
168 2184
168 1160
168 648
168 392
168 200
168 2212
168 1188
168 676
168 420
168 228
168 180
168 172
168 2214
168 1190
168 678
168 422
168 230
168 182
168 174
168 2215
168 1191
168 679
168 423
168 231
168 183
168 175
169 2217
169 1193
169 681
169 425
169 233
169 185
169 173
169 171
169 170
169 2089
169 1065
169 553
169 297
169 2185
169 1161
169 649
169 393
169 201
169 2209
169 1185
169 673
169 417
169 225
169 177
170 2218
170 1194
170 682
170 426
170 234
170 186
170 174
170 172
170 2090
170 1066
170 554
170 298
170 2186
170 1162
170 650
170 394
170 202
170 2210
170 1186
170 674
170 418
170 226
170 178
170 2217
170 1193
170 681
170 425
170 233
170 185
170 173
170 171
171 2219
171 1195
171 683
171 427
171 235
171 187
171 175
171 172
171 2091
171 1067
171 555
171 299
171 2187
171 1163
171 651
171 395
171 203
171 2211
171 1187
171 675
171 419
171 227
171 179
171 2217
171 1193
171 681
171 425
171 233
171 185
171 173
172 2220
172 1196
172 684
172 428
172 236
172 188
172 176
172 2092
172 1068
172 556
172 300
172 2188
172 1164
172 652
172 396
172 204
172 2212
172 1188
172 676
172 420
172 228
172 180
172 2218
172 1194
172 682
172 426
172 234
172 186
172 174
172 2219
172 1195
172 683
172 427
172 235
172 187
172 175
173 2221
173 1197
173 685
173 429
173 237
173 189
173 175
173 174
173 2093
173 1069
173 557
173 301
173 2189
173 1165
173 653
173 397
173 205
173 2213
173 1189
173 677
173 421
173 229
173 181
173 2217
173 1193
173 681
173 425
173 233
173 185
174 2222
174 1198
174 686
174 430
174 238
174 190
174 176
174 2094
174 1070
174 558
174 302
174 2190
174 1166
174 654
174 398
174 206
174 2214
174 1190
174 678
174 422
174 230
174 182
174 2218
174 1194
174 682
174 426
174 234
174 186
174 2221
174 1197
174 685
174 429
174 237
174 189
174 175
175 2223
175 1199
175 687
175 431
175 239
175 191
175 176
175 2095
175 1071
175 559
175 303
175 2191
175 1167
175 655
175 399
175 207
175 2215
175 1191
175 679
175 423
175 231
175 183
175 2219
175 1195
175 683
175 427
175 235
175 187
175 2221
175 1197
175 685
175 429
175 237
175 189
176 2224
176 1200
176 688
176 432
176 240
176 192
176 2096
176 1072
176 560
176 304
176 2192
176 1168
176 656
176 400
176 208
176 2216
176 1192
176 680
176 424
176 232
176 184
176 2220
176 1196
176 684
176 428
176 236
176 188
176 2222
176 1198
176 686
176 430
176 238
176 190
176 2223
176 1199
176 687
176 431
176 239
176 191
177 2225
177 1201
177 689
177 433
177 241
177 185
177 181
177 179
177 178
177 2097
177 1073
177 561
177 305
177 2193
177 1169
177 657
177 401
177 209
177 2209
177 1185
177 673
177 417
177 225
178 2226
178 1202
178 690
178 434
178 242
178 186
178 182
178 180
178 2098
178 1074
178 562
178 306
178 2194
178 1170
178 658
178 402
178 210
178 2210
178 1186
178 674
178 418
178 226
178 2225
178 1201
178 689
178 433
178 241
178 185
178 181
178 179
179 2227
179 1203
179 691
179 435
179 243
179 187
179 183
179 180
179 2099
179 1075
179 563
179 307
179 2195
179 1171
179 659
179 403
179 211
179 2211
179 1187
179 675
179 419
179 227
179 2225
179 1201
179 689
179 433
179 241
179 185
179 181
180 2228
180 1204
180 692
180 436
180 244
180 188
180 184
180 2100
180 1076
180 564
180 308
180 2196
180 1172
180 660
180 404
180 212
180 2212
180 1188
180 676
180 420
180 228
180 2226
180 1202
180 690
180 434
180 242
180 186
180 182
180 2227
180 1203
180 691
180 435
180 243
180 187
180 183
181 2229
181 1205
181 693
181 437
181 245
181 189
181 183
181 182
181 2101
181 1077
181 565
181 309
181 2197
181 1173
181 661
181 405
181 213
181 2213
181 1189
181 677
181 421
181 229
181 2225
181 1201
181 689
181 433
181 241
181 185
182 2230
182 1206
182 694
182 438
182 246
182 190
182 184
182 2102
182 1078
182 566
182 310
182 2198
182 1174
182 662
182 406
182 214
182 2214
182 1190
182 678
182 422
182 230
182 2226
182 1202
182 690
182 434
182 242
182 186
182 2229
182 1205
182 693
182 437
182 245
182 189
182 183
183 2231
183 1207
183 695
183 439
183 247
183 191
183 184
183 2103
183 1079
183 567
183 311
183 2199
183 1175
183 663
183 407
183 215
183 2215
183 1191
183 679
183 423
183 231
183 2227
183 1203
183 691
183 435
183 243
183 187
183 2229
183 1205
183 693
183 437
183 245
183 189
184 2232
184 1208
184 696
184 440
184 248
184 192
184 2104
184 1080
184 568
184 312
184 2200
184 1176
184 664
184 408
184 216
184 2216
184 1192
184 680
184 424
184 232
184 2228
184 1204
184 692
184 436
184 244
184 188
184 2230
184 1206
184 694
184 438
184 246
184 190
184 2231
184 1207
184 695
184 439
184 247
184 191
185 2233
185 1209
185 697
185 441
185 249
185 189
185 187
185 186
185 2105
185 1081
185 569
185 313
185 2201
185 1177
185 665
185 409
185 217
185 2217
185 1193
185 681
185 425
185 233
185 2225
185 1201
185 689
185 433
185 241
186 2234
186 1210
186 698
186 442
186 250
186 190
186 188
186 2106
186 1082
186 570
186 314
186 2202
186 1178
186 666
186 410
186 218
186 2218
186 1194
186 682
186 426
186 234
186 2226
186 1202
186 690
186 434
186 242
186 2233
186 1209
186 697
186 441
186 249
186 189
186 187
187 2235
187 1211
187 699
187 443
187 251
187 191
187 188
187 2107
187 1083
187 571
187 315
187 2203
187 1179
187 667
187 411
187 219
187 2219
187 1195
187 683
187 427
187 235
187 2227
187 1203
187 691
187 435
187 243
187 2233
187 1209
187 697
187 441
187 249
187 189
188 2236
188 1212
188 700
188 444
188 252
188 192
188 2108
188 1084
188 572
188 316
188 2204
188 1180
188 668
188 412
188 220
188 2220
188 1196
188 684
188 428
188 236
188 2228
188 1204
188 692
188 436
188 244
188 2234
188 1210
188 698
188 442
188 250
188 190
188 2235
188 1211
188 699
188 443
188 251
188 191
189 2237
189 1213
189 701
189 445
189 253
189 191
189 190
189 2109
189 1085
189 573
189 317
189 2205
189 1181
189 669
189 413
189 221
189 2221
189 1197
189 685
189 429
189 237
189 2229
189 1205
189 693
189 437
189 245
189 2233
189 1209
189 697
189 441
189 249
190 2238
190 1214
190 702
190 446
190 254
190 192
190 2110
190 1086
190 574
190 318
190 2206
190 1182
190 670
190 414
190 222
190 2222
190 1198
190 686
190 430
190 238
190 2230
190 1206
190 694
190 438
190 246
190 2234
190 1210
190 698
190 442
190 250
190 2237
190 1213
190 701
190 445
190 253
190 191
191 2239
191 1215
191 703
191 447
191 255
191 192
191 2111
191 1087
191 575
191 319
191 2207
191 1183
191 671
191 415
191 223
191 2223
191 1199
191 687
191 431
191 239
191 2231
191 1207
191 695
191 439
191 247
191 2235
191 1211
191 699
191 443
191 251
191 2237
191 1213
191 701
191 445
191 253
192 2240
192 1216
192 704
192 448
192 256
192 2112
192 1088
192 576
192 320
192 2208
192 1184
192 672
192 416
192 224
192 2224
192 1200
192 688
192 432
192 240
192 2232
192 1208
192 696
192 440
192 248
192 2236
192 1212
192 700
192 444
192 252
192 2238
192 1214
192 702
192 446
192 254
192 2239
192 1215
192 703
192 447
192 255
193 2241
193 1217
193 705
193 449
193 225
193 209
193 201
193 197
193 195
193 194
193 2113
193 1089
193 577
193 321
193 2177
193 1153
193 641
193 385
194 2242
194 1218
194 706
194 450
194 226
194 210
194 202
194 198
194 196
194 2114
194 1090
194 578
194 322
194 2178
194 1154
194 642
194 386
194 2241
194 1217
194 705
194 449
194 225
194 209
194 201
194 197
194 195
195 2243
195 1219
195 707
195 451
195 227
195 211
195 203
195 199
195 196
195 2115
195 1091
195 579
195 323
195 2179
195 1155
195 643
195 387
195 2241
195 1217
195 705
195 449
195 225
195 209
195 201
195 197
196 2244
196 1220
196 708
196 452
196 228
196 212
196 204
196 200
196 2116
196 1092
196 580
196 324
196 2180
196 1156
196 644
196 388
196 2242
196 1218
196 706
196 450
196 226
196 210
196 202
196 198
196 2243
196 1219
196 707
196 451
196 227
196 211
196 203
196 199
197 2245
197 1221
197 709
197 453
197 229
197 213
197 205
197 199
197 198
197 2117
197 1093
197 581
197 325
197 2181
197 1157
197 645
197 389
197 2241
197 1217
197 705
197 449
197 225
197 209
197 201
198 2246
198 1222
198 710
198 454
198 230
198 214
198 206
198 200
198 2118
198 1094
198 582
198 326
198 2182
198 1158
198 646
198 390
198 2242
198 1218
198 706
198 450
198 226
198 210
198 202
198 2245
198 1221
198 709
198 453
198 229
198 213
198 205
198 199
199 2247
199 1223
199 711
199 455
199 231
199 215
199 207
199 200
199 2119
199 1095
199 583
199 327
199 2183
199 1159
199 647
199 391
199 2243
199 1219
199 707
199 451
199 227
199 211
199 203
199 2245
199 1221
199 709
199 453
199 229
199 213
199 205
200 2248
200 1224
200 712
200 456
200 232
200 216
200 208
200 2120
200 1096
200 584
200 328
200 2184
200 1160
200 648
200 392
200 2244
200 1220
200 708
200 452
200 228
200 212
200 204
200 2246
200 1222
200 710
200 454
200 230
200 214
200 206
200 2247
200 1223
200 711
200 455
200 231
200 215
200 207
201 2249
201 1225
201 713
201 457
201 233
201 217
201 205
201 203
201 202
201 2121
201 1097
201 585
201 329
201 2185
201 1161
201 649
201 393
201 2241
201 1217
201 705
201 449
201 225
201 209
202 2250
202 1226
202 714
202 458
202 234
202 218
202 206
202 204
202 2122
202 1098
202 586
202 330
202 2186
202 1162
202 650
202 394
202 2242
202 1218
202 706
202 450
202 226
202 210
202 2249
202 1225
202 713
202 457
202 233
202 217
202 205
202 203
203 2251
203 1227
203 715
203 459
203 235
203 219
203 207
203 204
203 2123
203 1099
203 587
203 331
203 2187
203 1163
203 651
203 395
203 2243
203 1219
203 707
203 451
203 227
203 211
203 2249
203 1225
203 713
203 457
203 233
203 217
203 205
204 2252
204 1228
204 716
204 460
204 236
204 220
204 208
204 2124
204 1100
204 588
204 332
204 2188
204 1164
204 652
204 396
204 2244
204 1220
204 708
204 452
204 228
204 212
204 2250
204 1226
204 714
204 458
204 234
204 218
204 206
204 2251
204 1227
204 715
204 459
204 235
204 219
204 207
205 2253
205 1229
205 717
205 461
205 237
205 221
205 207
205 206
205 2125
205 1101
205 589
205 333
205 2189
205 1165
205 653
205 397
205 2245
205 1221
205 709
205 453
205 229
205 213
205 2249
205 1225
205 713
205 457
205 233
205 217
206 2254
206 1230
206 718
206 462
206 238
206 222
206 208
206 2126
206 1102
206 590
206 334
206 2190
206 1166
206 654
206 398
206 2246
206 1222
206 710
206 454
206 230
206 214
206 2250
206 1226
206 714
206 458
206 234
206 218
206 2253
206 1229
206 717
206 461
206 237
206 221
206 207
207 2255
207 1231
207 719
207 463
207 239
207 223
207 208
207 2127
207 1103
207 591
207 335
207 2191
207 1167
207 655
207 399
207 2247
207 1223
207 711
207 455
207 231
207 215
207 2251
207 1227
207 715
207 459
207 235
207 219
207 2253
207 1229
207 717
207 461
207 237
207 221
208 2256
208 1232
208 720
208 464
208 240
208 224
208 2128
208 1104
208 592
208 336
208 2192
208 1168
208 656
208 400
208 2248
208 1224
208 712
208 456
208 232
208 216
208 2252
208 1228
208 716
208 460
208 236
208 220
208 2254
208 1230
208 718
208 462
208 238
208 222
208 2255
208 1231
208 719
208 463
208 239
208 223
209 2257
209 1233
209 721
209 465
209 241
209 217
209 213
209 211
209 210
209 2129
209 1105
209 593
209 337
209 2193
209 1169
209 657
209 401
209 2241
209 1217
209 705
209 449
209 225
210 2258
210 1234
210 722
210 466
210 242
210 218
210 214
210 212
210 2130
210 1106
210 594
210 338
210 2194
210 1170
210 658
210 402
210 2242
210 1218
210 706
210 450
210 226
210 2257
210 1233
210 721
210 465
210 241
210 217
210 213
210 211
211 2259
211 1235
211 723
211 467
211 243
211 219
211 215
211 212
211 2131
211 1107
211 595
211 339
211 2195
211 1171
211 659
211 403
211 2243
211 1219
211 707
211 451
211 227
211 2257
211 1233
211 721
211 465
211 241
211 217
211 213
212 2260
212 1236
212 724
212 468
212 244
212 220
212 216
212 2132
212 1108
212 596
212 340
212 2196
212 1172
212 660
212 404
212 2244
212 1220
212 708
212 452
212 228
212 2258
212 1234
212 722
212 466
212 242
212 218
212 214
212 2259
212 1235
212 723
212 467
212 243
212 219
212 215
213 2261
213 1237
213 725
213 469
213 245
213 221
213 215
213 214
213 2133
213 1109
213 597
213 341
213 2197
213 1173
213 661
213 405
213 2245
213 1221
213 709
213 453
213 229
213 2257
213 1233
213 721
213 465
213 241
213 217
214 2262
214 1238
214 726
214 470
214 246
214 222
214 216
214 2134
214 1110
214 598
214 342
214 2198
214 1174
214 662
214 406
214 2246
214 1222
214 710
214 454
214 230
214 2258
214 1234
214 722
214 466
214 242
214 218
214 2261
214 1237
214 725
214 469
214 245
214 221
214 215
215 2263
215 1239
215 727
215 471
215 247
215 223
215 216
215 2135
215 1111
215 599
215 343
215 2199
215 1175
215 663
215 407
215 2247
215 1223
215 711
215 455
215 231
215 2259
215 1235
215 723
215 467
215 243
215 219
215 2261
215 1237
215 725
215 469
215 245
215 221
216 2264
216 1240
216 728
216 472
216 248
216 224
216 2136
216 1112
216 600
216 344
216 2200
216 1176
216 664
216 408
216 2248
216 1224
216 712
216 456
216 232
216 2260
216 1236
216 724
216 468
216 244
216 220
216 2262
216 1238
216 726
216 470
216 246
216 222
216 2263
216 1239
216 727
216 471
216 247
216 223
217 2265
217 1241
217 729
217 473
217 249
217 221
217 219
217 218
217 2137
217 1113
217 601
217 345
217 2201
217 1177
217 665
217 409
217 2249
217 1225
217 713
217 457
217 233
217 2257
217 1233
217 721
217 465
217 241
218 2266
218 1242
218 730
218 474
218 250
218 222
218 220
218 2138
218 1114
218 602
218 346
218 2202
218 1178
218 666
218 410
218 2250
218 1226
218 714
218 458
218 234
218 2258
218 1234
218 722
218 466
218 242
218 2265
218 1241
218 729
218 473
218 249
218 221
218 219
219 2267
219 1243
219 731
219 475
219 251
219 223
219 220
219 2139
219 1115
219 603
219 347
219 2203
219 1179
219 667
219 411
219 2251
219 1227
219 715
219 459
219 235
219 2259
219 1235
219 723
219 467
219 243
219 2265
219 1241
219 729
219 473
219 249
219 221
220 2268
220 1244
220 732
220 476
220 252
220 224
220 2140
220 1116
220 604
220 348
220 2204
220 1180
220 668
220 412
220 2252
220 1228
220 716
220 460
220 236
220 2260
220 1236
220 724
220 468
220 244
220 2266
220 1242
220 730
220 474
220 250
220 222
220 2267
220 1243
220 731
220 475
220 251
220 223
221 2269
221 1245
221 733
221 477
221 253
221 223
221 222
221 2141
221 1117
221 605
221 349
221 2205
221 1181
221 669
221 413
221 2253
221 1229
221 717
221 461
221 237
221 2261
221 1237
221 725
221 469
221 245
221 2265
221 1241
221 729
221 473
221 249
222 2270
222 1246
222 734
222 478
222 254
222 224
222 2142
222 1118
222 606
222 350
222 2206
222 1182
222 670
222 414
222 2254
222 1230
222 718
222 462
222 238
222 2262
222 1238
222 726
222 470
222 246
222 2266
222 1242
222 730
222 474
222 250
222 2269
222 1245
222 733
222 477
222 253
222 223
223 2271
223 1247
223 735
223 479
223 255
223 224
223 2143
223 1119
223 607
223 351
223 2207
223 1183
223 671
223 415
223 2255
223 1231
223 719
223 463
223 239
223 2263
223 1239
223 727
223 471
223 247
223 2267
223 1243
223 731
223 475
223 251
223 2269
223 1245
223 733
223 477
223 253
224 2272
224 1248
224 736
224 480
224 256
224 2144
224 1120
224 608
224 352
224 2208
224 1184
224 672
224 416
224 2256
224 1232
224 720
224 464
224 240
224 2264
224 1240
224 728
224 472
224 248
224 2268
224 1244
224 732
224 476
224 252
224 2270
224 1246
224 734
224 478
224 254
224 2271
224 1247
224 735
224 479
224 255
225 2273
225 1249
225 737
225 481
225 241
225 233
225 229
225 227
225 226
225 2145
225 1121
225 609
225 353
225 2209
225 1185
225 673
225 417
225 2241
225 1217
225 705
225 449
226 2274
226 1250
226 738
226 482
226 242
226 234
226 230
226 228
226 2146
226 1122
226 610
226 354
226 2210
226 1186
226 674
226 418
226 2242
226 1218
226 706
226 450
226 2273
226 1249
226 737
226 481
226 241
226 233
226 229
226 227
227 2275
227 1251
227 739
227 483
227 243
227 235
227 231
227 228
227 2147
227 1123
227 611
227 355
227 2211
227 1187
227 675
227 419
227 2243
227 1219
227 707
227 451
227 2273
227 1249
227 737
227 481
227 241
227 233
227 229
228 2276
228 1252
228 740
228 484
228 244
228 236
228 232
228 2148
228 1124
228 612
228 356
228 2212
228 1188
228 676
228 420
228 2244
228 1220
228 708
228 452
228 2274
228 1250
228 738
228 482
228 242
228 234
228 230
228 2275
228 1251
228 739
228 483
228 243
228 235
228 231
229 2277
229 1253
229 741
229 485
229 245
229 237
229 231
229 230
229 2149
229 1125
229 613
229 357
229 2213
229 1189
229 677
229 421
229 2245
229 1221
229 709
229 453
229 2273
229 1249
229 737
229 481
229 241
229 233
230 2278
230 1254
230 742
230 486
230 246
230 238
230 232
230 2150
230 1126
230 614
230 358
230 2214
230 1190
230 678
230 422
230 2246
230 1222
230 710
230 454
230 2274
230 1250
230 738
230 482
230 242
230 234
230 2277
230 1253
230 741
230 485
230 245
230 237
230 231
231 2279
231 1255
231 743
231 487
231 247
231 239
231 232
231 2151
231 1127
231 615
231 359
231 2215
231 1191
231 679
231 423
231 2247
231 1223
231 711
231 455
231 2275
231 1251
231 739
231 483
231 243
231 235
231 2277
231 1253
231 741
231 485
231 245
231 237
232 2280
232 1256
232 744
232 488
232 248
232 240
232 2152
232 1128
232 616
232 360
232 2216
232 1192
232 680
232 424
232 2248
232 1224
232 712
232 456
232 2276
232 1252
232 740
232 484
232 244
232 236
232 2278
232 1254
232 742
232 486
232 246
232 238
232 2279
232 1255
232 743
232 487
232 247
232 239
233 2281
233 1257
233 745
233 489
233 249
233 237
233 235
233 234
233 2153
233 1129
233 617
233 361
233 2217
233 1193
233 681
233 425
233 2249
233 1225
233 713
233 457
233 2273
233 1249
233 737
233 481
233 241
234 2282
234 1258
234 746
234 490
234 250
234 238
234 236
234 2154
234 1130
234 618
234 362
234 2218
234 1194
234 682
234 426
234 2250
234 1226
234 714
234 458
234 2274
234 1250
234 738
234 482
234 242
234 2281
234 1257
234 745
234 489
234 249
234 237
234 235
235 2283
235 1259
235 747
235 491
235 251
235 239
235 236
235 2155
235 1131
235 619
235 363
235 2219
235 1195
235 683
235 427
235 2251
235 1227
235 715
235 459
235 2275
235 1251
235 739
235 483
235 243
235 2281
235 1257
235 745
235 489
235 249
235 237
236 2284
236 1260
236 748
236 492
236 252
236 240
236 2156
236 1132
236 620
236 364
236 2220
236 1196
236 684
236 428
236 2252
236 1228
236 716
236 460
236 2276
236 1252
236 740
236 484
236 244
236 2282
236 1258
236 746
236 490
236 250
236 238
236 2283
236 1259
236 747
236 491
236 251
236 239
237 2285
237 1261
237 749
237 493
237 253
237 239
237 238
237 2157
237 1133
237 621
237 365
237 2221
237 1197
237 685
237 429
237 2253
237 1229
237 717
237 461
237 2277
237 1253
237 741
237 485
237 245
237 2281
237 1257
237 745
237 489
237 249
238 2286
238 1262
238 750
238 494
238 254
238 240
238 2158
238 1134
238 622
238 366
238 2222
238 1198
238 686
238 430
238 2254
238 1230
238 718
238 462
238 2278
238 1254
238 742
238 486
238 246
238 2282
238 1258
238 746
238 490
238 250
238 2285
238 1261
238 749
238 493
238 253
238 239
239 2287
239 1263
239 751
239 495
239 255
239 240
239 2159
239 1135
239 623
239 367
239 2223
239 1199
239 687
239 431
239 2255
239 1231
239 719
239 463
239 2279
239 1255
239 743
239 487
239 247
239 2283
239 1259
239 747
239 491
239 251
239 2285
239 1261
239 749
239 493
239 253
240 2288
240 1264
240 752
240 496
240 256
240 2160
240 1136
240 624
240 368
240 2224
240 1200
240 688
240 432
240 2256
240 1232
240 720
240 464
240 2280
240 1256
240 744
240 488
240 248
240 2284
240 1260
240 748
240 492
240 252
240 2286
240 1262
240 750
240 494
240 254
240 2287
240 1263
240 751
240 495
240 255
241 2289
241 1265
241 753
241 497
241 249
241 245
241 243
241 242
241 2161
241 1137
241 625
241 369
241 2225
241 1201
241 689
241 433
241 2257
241 1233
241 721
241 465
241 2273
241 1249
241 737
241 481
242 2290
242 1266
242 754
242 498
242 250
242 246
242 244
242 2162
242 1138
242 626
242 370
242 2226
242 1202
242 690
242 434
242 2258
242 1234
242 722
242 466
242 2274
242 1250
242 738
242 482
242 2289
242 1265
242 753
242 497
242 249
242 245
242 243
243 2291
243 1267
243 755
243 499
243 251
243 247
243 244
243 2163
243 1139
243 627
243 371
243 2227
243 1203
243 691
243 435
243 2259
243 1235
243 723
243 467
243 2275
243 1251
243 739
243 483
243 2289
243 1265
243 753
243 497
243 249
243 245
244 2292
244 1268
244 756
244 500
244 252
244 248
244 2164
244 1140
244 628
244 372
244 2228
244 1204
244 692
244 436
244 2260
244 1236
244 724
244 468
244 2276
244 1252
244 740
244 484
244 2290
244 1266
244 754
244 498
244 250
244 246
244 2291
244 1267
244 755
244 499
244 251
244 247
245 2293
245 1269
245 757
245 501
245 253
245 247
245 246
245 2165
245 1141
245 629
245 373
245 2229
245 1205
245 693
245 437
245 2261
245 1237
245 725
245 469
245 2277
245 1253
245 741
245 485
245 2289
245 1265
245 753
245 497
245 249
246 2294
246 1270
246 758
246 502
246 254
246 248
246 2166
246 1142
246 630
246 374
246 2230
246 1206
246 694
246 438
246 2262
246 1238
246 726
246 470
246 2278
246 1254
246 742
246 486
246 2290
246 1266
246 754
246 498
246 250
246 2293
246 1269
246 757
246 501
246 253
246 247
247 2295
247 1271
247 759
247 503
247 255
247 248
247 2167
247 1143
247 631
247 375
247 2231
247 1207
247 695
247 439
247 2263
247 1239
247 727
247 471
247 2279
247 1255
247 743
247 487
247 2291
247 1267
247 755
247 499
247 251
247 2293
247 1269
247 757
247 501
247 253
248 2296
248 1272
248 760
248 504
248 256
248 2168
248 1144
248 632
248 376
248 2232
248 1208
248 696
248 440
248 2264
248 1240
248 728
248 472
248 2280
248 1256
248 744
248 488
248 2292
248 1268
248 756
248 500
248 252
248 2294
248 1270
248 758
248 502
248 254
248 2295
248 1271
248 759
248 503
248 255
249 2297
249 1273
249 761
249 505
249 253
249 251
249 250
249 2169
249 1145
249 633
249 377
249 2233
249 1209
249 697
249 441
249 2265
249 1241
249 729
249 473
249 2281
249 1257
249 745
249 489
249 2289
249 1265
249 753
249 497
250 2298
250 1274
250 762
250 506
250 254
250 252
250 2170
250 1146
250 634
250 378
250 2234
250 1210
250 698
250 442
250 2266
250 1242
250 730
250 474
250 2282
250 1258
250 746
250 490
250 2290
250 1266
250 754
250 498
250 2297
250 1273
250 761
250 505
250 253
250 251
251 2299
251 1275
251 763
251 507
251 255
251 252
251 2171
251 1147
251 635
251 379
251 2235
251 1211
251 699
251 443
251 2267
251 1243
251 731
251 475
251 2283
251 1259
251 747
251 491
251 2291
251 1267
251 755
251 499
251 2297
251 1273
251 761
251 505
251 253
252 2300
252 1276
252 764
252 508
252 256
252 2172
252 1148
252 636
252 380
252 2236
252 1212
252 700
252 444
252 2268
252 1244
252 732
252 476
252 2284
252 1260
252 748
252 492
252 2292
252 1268
252 756
252 500
252 2298
252 1274
252 762
252 506
252 254
252 2299
252 1275
252 763
252 507
252 255
253 2301
253 1277
253 765
253 509
253 255
253 254
253 2173
253 1149
253 637
253 381
253 2237
253 1213
253 701
253 445
253 2269
253 1245
253 733
253 477
253 2285
253 1261
253 749
253 493
253 2293
253 1269
253 757
253 501
253 2297
253 1273
253 761
253 505
254 2302
254 1278
254 766
254 510
254 256
254 2174
254 1150
254 638
254 382
254 2238
254 1214
254 702
254 446
254 2270
254 1246
254 734
254 478
254 2286
254 1262
254 750
254 494
254 2294
254 1270
254 758
254 502
254 2298
254 1274
254 762
254 506
254 2301
254 1277
254 765
254 509
254 255
255 2303
255 1279
255 767
255 511
255 256
255 2175
255 1151
255 639
255 383
255 2239
255 1215
255 703
255 447
255 2271
255 1247
255 735
255 479
255 2287
255 1263
255 751
255 495
255 2295
255 1271
255 759
255 503
255 2299
255 1275
255 763
255 507
255 2301
255 1277
255 765
255 509
256 2304
256 1280
256 768
256 512
256 2176
256 1152
256 640
256 384
256 2240
256 1216
256 704
256 448
256 2272
256 1248
256 736
256 480
256 2288
256 1264
256 752
256 496
256 2296
256 1272
256 760
256 504
256 2300
256 1276
256 764
256 508
256 2302
256 1278
256 766
256 510
256 2303
256 1279
256 767
256 511
257 2305
257 1281
257 769
257 385
257 321
257 289
257 273
257 265
257 261
257 259
257 258
257 2049
257 1025
257 513
258 2306
258 1282
258 770
258 386
258 322
258 290
258 274
258 266
258 262
258 260
258 2050
258 1026
258 514
258 2305
258 1281
258 769
258 385
258 321
258 289
258 273
258 265
258 261
258 259
259 2307
259 1283
259 771
259 387
259 323
259 291
259 275
259 267
259 263
259 260
259 2051
259 1027
259 515
259 2305
259 1281
259 769
259 385
259 321
259 289
259 273
259 265
259 261
260 2308
260 1284
260 772
260 388
260 324
260 292
260 276
260 268
260 264
260 2052
260 1028
260 516
260 2306
260 1282
260 770
260 386
260 322
260 290
260 274
260 266
260 262
260 2307
260 1283
260 771
260 387
260 323
260 291
260 275
260 267
260 263
261 2309
261 1285
261 773
261 389
261 325
261 293
261 277
261 269
261 263
261 262
261 2053
261 1029
261 517
261 2305
261 1281
261 769
261 385
261 321
261 289
261 273
261 265
262 2310
262 1286
262 774
262 390
262 326
262 294
262 278
262 270
262 264
262 2054
262 1030
262 518
262 2306
262 1282
262 770
262 386
262 322
262 290
262 274
262 266
262 2309
262 1285
262 773
262 389
262 325
262 293
262 277
262 269
262 263
263 2311
263 1287
263 775
263 391
263 327
263 295
263 279
263 271
263 264
263 2055
263 1031
263 519
263 2307
263 1283
263 771
263 387
263 323
263 291
263 275
263 267
263 2309
263 1285
263 773
263 389
263 325
263 293
263 277
263 269
264 2312
264 1288
264 776
264 392
264 328
264 296
264 280
264 272
264 2056
264 1032
264 520
264 2308
264 1284
264 772
264 388
264 324
264 292
264 276
264 268
264 2310
264 1286
264 774
264 390
264 326
264 294
264 278
264 270
264 2311
264 1287
264 775
264 391
264 327
264 295
264 279
264 271
265 2313
265 1289
265 777
265 393
265 329
265 297
265 281
265 269
265 267
265 266
265 2057
265 1033
265 521
265 2305
265 1281
265 769
265 385
265 321
265 289
265 273
266 2314
266 1290
266 778
266 394
266 330
266 298
266 282
266 270
266 268
266 2058
266 1034
266 522
266 2306
266 1282
266 770
266 386
266 322
266 290
266 274
266 2313
266 1289
266 777
266 393
266 329
266 297
266 281
266 269
266 267
267 2315
267 1291
267 779
267 395
267 331
267 299
267 283
267 271
267 268
267 2059
267 1035
267 523
267 2307
267 1283
267 771
267 387
267 323
267 291
267 275
267 2313
267 1289
267 777
267 393
267 329
267 297
267 281
267 269
268 2316
268 1292
268 780
268 396
268 332
268 300
268 284
268 272
268 2060
268 1036
268 524
268 2308
268 1284
268 772
268 388
268 324
268 292
268 276
268 2314
268 1290
268 778
268 394
268 330
268 298
268 282
268 270
268 2315
268 1291
268 779
268 395
268 331
268 299
268 283
268 271
269 2317
269 1293
269 781
269 397
269 333
269 301
269 285
269 271
269 270
269 2061
269 1037
269 525
269 2309
269 1285
269 773
269 389
269 325
269 293
269 277
269 2313
269 1289
269 777
269 393
269 329
269 297
269 281
270 2318
270 1294
270 782
270 398
270 334
270 302
270 286
270 272
270 2062
270 1038
270 526
270 2310
270 1286
270 774
270 390
270 326
270 294
270 278
270 2314
270 1290
270 778
270 394
270 330
270 298
270 282
270 2317
270 1293
270 781
270 397
270 333
270 301
270 285
270 271
271 2319
271 1295
271 783
271 399
271 335
271 303
271 287
271 272
271 2063
271 1039
271 527
271 2311
271 1287
271 775
271 391
271 327
271 295
271 279
271 2315
271 1291
271 779
271 395
271 331
271 299
271 283
271 2317
271 1293
271 781
271 397
271 333
271 301
271 285
272 2320
272 1296
272 784
272 400
272 336
272 304
272 288
272 2064
272 1040
272 528
272 2312
272 1288
272 776
272 392
272 328
272 296
272 280
272 2316
272 1292
272 780
272 396
272 332
272 300
272 284
272 2318
272 1294
272 782
272 398
272 334
272 302
272 286
272 2319
272 1295
272 783
272 399
272 335
272 303
272 287
273 2321
273 1297
273 785
273 401
273 337
273 305
273 281
273 277
273 275
273 274
273 2065
273 1041
273 529
273 2305
273 1281
273 769
273 385
273 321
273 289
274 2322
274 1298
274 786
274 402
274 338
274 306
274 282
274 278
274 276
274 2066
274 1042
274 530
274 2306
274 1282
274 770
274 386
274 322
274 290
274 2321
274 1297
274 785
274 401
274 337
274 305
274 281
274 277
274 275
275 2323
275 1299
275 787
275 403
275 339
275 307
275 283
275 279
275 276
275 2067
275 1043
275 531
275 2307
275 1283
275 771
275 387
275 323
275 291
275 2321
275 1297
275 785
275 401
275 337
275 305
275 281
275 277
276 2324
276 1300
276 788
276 404
276 340
276 308
276 284
276 280
276 2068
276 1044
276 532
276 2308
276 1284
276 772
276 388
276 324
276 292
276 2322
276 1298
276 786
276 402
276 338
276 306
276 282
276 278
276 2323
276 1299
276 787
276 403
276 339
276 307
276 283
276 279
277 2325
277 1301
277 789
277 405
277 341
277 309
277 285
277 279
277 278
277 2069
277 1045
277 533
277 2309
277 1285
277 773
277 389
277 325
277 293
277 2321
277 1297
277 785
277 401
277 337
277 305
277 281
278 2326
278 1302
278 790
278 406
278 342
278 310
278 286
278 280
278 2070
278 1046
278 534
278 2310
278 1286
278 774
278 390
278 326
278 294
278 2322
278 1298
278 786
278 402
278 338
278 306
278 282
278 2325
278 1301
278 789
278 405
278 341
278 309
278 285
278 279
279 2327
279 1303
279 791
279 407
279 343
279 311
279 287
279 280
279 2071
279 1047
279 535
279 2311
279 1287
279 775
279 391
279 327
279 295
279 2323
279 1299
279 787
279 403
279 339
279 307
279 283
279 2325
279 1301
279 789
279 405
279 341
279 309
279 285
280 2328
280 1304
280 792
280 408
280 344
280 312
280 288
280 2072
280 1048
280 536
280 2312
280 1288
280 776
280 392
280 328
280 296
280 2324
280 1300
280 788
280 404
280 340
280 308
280 284
280 2326
280 1302
280 790
280 406
280 342
280 310
280 286
280 2327
280 1303
280 791
280 407
280 343
280 311
280 287
281 2329
281 1305
281 793
281 409
281 345
281 313
281 285
281 283
281 282
281 2073
281 1049
281 537
281 2313
281 1289
281 777
281 393
281 329
281 297
281 2321
281 1297
281 785
281 401
281 337
281 305
282 2330
282 1306
282 794
282 410
282 346
282 314
282 286
282 284
282 2074
282 1050
282 538
282 2314
282 1290
282 778
282 394
282 330
282 298
282 2322
282 1298
282 786
282 402
282 338
282 306
282 2329
282 1305
282 793
282 409
282 345
282 313
282 285
282 283
283 2331
283 1307
283 795
283 411
283 347
283 315
283 287
283 284
283 2075
283 1051
283 539
283 2315
283 1291
283 779
283 395
283 331
283 299
283 2323
283 1299
283 787
283 403
283 339
283 307
283 2329
283 1305
283 793
283 409
283 345
283 313
283 285
284 2332
284 1308
284 796
284 412
284 348
284 316
284 288
284 2076
284 1052
284 540
284 2316
284 1292
284 780
284 396
284 332
284 300
284 2324
284 1300
284 788
284 404
284 340
284 308
284 2330
284 1306
284 794
284 410
284 346
284 314
284 286
284 2331
284 1307
284 795
284 411
284 347
284 315
284 287
285 2333
285 1309
285 797
285 413
285 349
285 317
285 287
285 286
285 2077
285 1053
285 541
285 2317
285 1293
285 781
285 397
285 333
285 301
285 2325
285 1301
285 789
285 405
285 341
285 309
285 2329
285 1305
285 793
285 409
285 345
285 313
286 2334
286 1310
286 798
286 414
286 350
286 318
286 288
286 2078
286 1054
286 542
286 2318
286 1294
286 782
286 398
286 334
286 302
286 2326
286 1302
286 790
286 406
286 342
286 310
286 2330
286 1306
286 794
286 410
286 346
286 314
286 2333
286 1309
286 797
286 413
286 349
286 317
286 287
287 2335
287 1311
287 799
287 415
287 351
287 319
287 288
287 2079
287 1055
287 543
287 2319
287 1295
287 783
287 399
287 335
287 303
287 2327
287 1303
287 791
287 407
287 343
287 311
287 2331
287 1307
287 795
287 411
287 347
287 315
287 2333
287 1309
287 797
287 413
287 349
287 317
288 2336
288 1312
288 800
288 416
288 352
288 320
288 2080
288 1056
288 544
288 2320
288 1296
288 784
288 400
288 336
288 304
288 2328
288 1304
288 792
288 408
288 344
288 312
288 2332
288 1308
288 796
288 412
288 348
288 316
288 2334
288 1310
288 798
288 414
288 350
288 318
288 2335
288 1311
288 799
288 415
288 351
288 319
289 2337
289 1313
289 801
289 417
289 353
289 305
289 297
289 293
289 291
289 290
289 2081
289 1057
289 545
289 2305
289 1281
289 769
289 385
289 321
290 2338
290 1314
290 802
290 418
290 354
290 306
290 298
290 294
290 292
290 2082
290 1058
290 546
290 2306
290 1282
290 770
290 386
290 322
290 2337
290 1313
290 801
290 417
290 353
290 305
290 297
290 293
290 291
291 2339
291 1315
291 803
291 419
291 355
291 307
291 299
291 295
291 292
291 2083
291 1059
291 547
291 2307
291 1283
291 771
291 387
291 323
291 2337
291 1313
291 801
291 417
291 353
291 305
291 297
291 293
292 2340
292 1316
292 804
292 420
292 356
292 308
292 300
292 296
292 2084
292 1060
292 548
292 2308
292 1284
292 772
292 388
292 324
292 2338
292 1314
292 802
292 418
292 354
292 306
292 298
292 294
292 2339
292 1315
292 803
292 419
292 355
292 307
292 299
292 295
293 2341
293 1317
293 805
293 421
293 357
293 309
293 301
293 295
293 294
293 2085
293 1061
293 549
293 2309
293 1285
293 773
293 389
293 325
293 2337
293 1313
293 801
293 417
293 353
293 305
293 297
294 2342
294 1318
294 806
294 422
294 358
294 310
294 302
294 296
294 2086
294 1062
294 550
294 2310
294 1286
294 774
294 390
294 326
294 2338
294 1314
294 802
294 418
294 354
294 306
294 298
294 2341
294 1317
294 805
294 421
294 357
294 309
294 301
294 295
295 2343
295 1319
295 807
295 423
295 359
295 311
295 303
295 296
295 2087
295 1063
295 551
295 2311
295 1287
295 775
295 391
295 327
295 2339
295 1315
295 803
295 419
295 355
295 307
295 299
295 2341
295 1317
295 805
295 421
295 357
295 309
295 301
296 2344
296 1320
296 808
296 424
296 360
296 312
296 304
296 2088
296 1064
296 552
296 2312
296 1288
296 776
296 392
296 328
296 2340
296 1316
296 804
296 420
296 356
296 308
296 300
296 2342
296 1318
296 806
296 422
296 358
296 310
296 302
296 2343
296 1319
296 807
296 423
296 359
296 311
296 303
297 2345
297 1321
297 809
297 425
297 361
297 313
297 301
297 299
297 298
297 2089
297 1065
297 553
297 2313
297 1289
297 777
297 393
297 329
297 2337
297 1313
297 801
297 417
297 353
297 305
298 2346
298 1322
298 810
298 426
298 362
298 314
298 302
298 300
298 2090
298 1066
298 554
298 2314
298 1290
298 778
298 394
298 330
298 2338
298 1314
298 802
298 418
298 354
298 306
298 2345
298 1321
298 809
298 425
298 361
298 313
298 301
298 299
299 2347
299 1323
299 811
299 427
299 363
299 315
299 303
299 300
299 2091
299 1067
299 555
299 2315
299 1291
299 779
299 395
299 331
299 2339
299 1315
299 803
299 419
299 355
299 307
299 2345
299 1321
299 809
299 425
299 361
299 313
299 301
300 2348
300 1324
300 812
300 428
300 364
300 316
300 304
300 2092
300 1068
300 556
300 2316
300 1292
300 780
300 396
300 332
300 2340
300 1316
300 804
300 420
300 356
300 308
300 2346
300 1322
300 810
300 426
300 362
300 314
300 302
300 2347
300 1323
300 811
300 427
300 363
300 315
300 303
301 2349
301 1325
301 813
301 429
301 365
301 317
301 303
301 302
301 2093
301 1069
301 557
301 2317
301 1293
301 781
301 397
301 333
301 2341
301 1317
301 805
301 421
301 357
301 309
301 2345
301 1321
301 809
301 425
301 361
301 313
302 2350
302 1326
302 814
302 430
302 366
302 318
302 304
302 2094
302 1070
302 558
302 2318
302 1294
302 782
302 398
302 334
302 2342
302 1318
302 806
302 422
302 358
302 310
302 2346
302 1322
302 810
302 426
302 362
302 314
302 2349
302 1325
302 813
302 429
302 365
302 317
302 303
303 2351
303 1327
303 815
303 431
303 367
303 319
303 304
303 2095
303 1071
303 559
303 2319
303 1295
303 783
303 399
303 335
303 2343
303 1319
303 807
303 423
303 359
303 311
303 2347
303 1323
303 811
303 427
303 363
303 315
303 2349
303 1325
303 813
303 429
303 365
303 317
304 2352
304 1328
304 816
304 432
304 368
304 320
304 2096
304 1072
304 560
304 2320
304 1296
304 784
304 400
304 336
304 2344
304 1320
304 808
304 424
304 360
304 312
304 2348
304 1324
304 812
304 428
304 364
304 316
304 2350
304 1326
304 814
304 430
304 366
304 318
304 2351
304 1327
304 815
304 431
304 367
304 319
305 2353
305 1329
305 817
305 433
305 369
305 313
305 309
305 307
305 306
305 2097
305 1073
305 561
305 2321
305 1297
305 785
305 401
305 337
305 2337
305 1313
305 801
305 417
305 353
306 2354
306 1330
306 818
306 434
306 370
306 314
306 310
306 308
306 2098
306 1074
306 562
306 2322
306 1298
306 786
306 402
306 338
306 2338
306 1314
306 802
306 418
306 354
306 2353
306 1329
306 817
306 433
306 369
306 313
306 309
306 307
307 2355
307 1331
307 819
307 435
307 371
307 315
307 311
307 308
307 2099
307 1075
307 563
307 2323
307 1299
307 787
307 403
307 339
307 2339
307 1315
307 803
307 419
307 355
307 2353
307 1329
307 817
307 433
307 369
307 313
307 309
308 2356
308 1332
308 820
308 436
308 372
308 316
308 312
308 2100
308 1076
308 564
308 2324
308 1300
308 788
308 404
308 340
308 2340
308 1316
308 804
308 420
308 356
308 2354
308 1330
308 818
308 434
308 370
308 314
308 310
308 2355
308 1331
308 819
308 435
308 371
308 315
308 311
309 2357
309 1333
309 821
309 437
309 373
309 317
309 311
309 310
309 2101
309 1077
309 565
309 2325
309 1301
309 789
309 405
309 341
309 2341
309 1317
309 805
309 421
309 357
309 2353
309 1329
309 817
309 433
309 369
309 313
310 2358
310 1334
310 822
310 438
310 374
310 318
310 312
310 2102
310 1078
310 566
310 2326
310 1302
310 790
310 406
310 342
310 2342
310 1318
310 806
310 422
310 358
310 2354
310 1330
310 818
310 434
310 370
310 314
310 2357
310 1333
310 821
310 437
310 373
310 317
310 311
311 2359
311 1335
311 823
311 439
311 375
311 319
311 312
311 2103
311 1079
311 567
311 2327
311 1303
311 791
311 407
311 343
311 2343
311 1319
311 807
311 423
311 359
311 2355
311 1331
311 819
311 435
311 371
311 315
311 2357
311 1333
311 821
311 437
311 373
311 317
312 2360
312 1336
312 824
312 440
312 376
312 320
312 2104
312 1080
312 568
312 2328
312 1304
312 792
312 408
312 344
312 2344
312 1320
312 808
312 424
312 360
312 2356
312 1332
312 820
312 436
312 372
312 316
312 2358
312 1334
312 822
312 438
312 374
312 318
312 2359
312 1335
312 823
312 439
312 375
312 319
313 2361
313 1337
313 825
313 441
313 377
313 317
313 315
313 314
313 2105
313 1081
313 569
313 2329
313 1305
313 793
313 409
313 345
313 2345
313 1321
313 809
313 425
313 361
313 2353
313 1329
313 817
313 433
313 369
314 2362
314 1338
314 826
314 442
314 378
314 318
314 316
314 2106
314 1082
314 570
314 2330
314 1306
314 794
314 410
314 346
314 2346
314 1322
314 810
314 426
314 362
314 2354
314 1330
314 818
314 434
314 370
314 2361
314 1337
314 825
314 441
314 377
314 317
314 315
315 2363
315 1339
315 827
315 443
315 379
315 319
315 316
315 2107
315 1083
315 571
315 2331
315 1307
315 795
315 411
315 347
315 2347
315 1323
315 811
315 427
315 363
315 2355
315 1331
315 819
315 435
315 371
315 2361
315 1337
315 825
315 441
315 377
315 317
316 2364
316 1340
316 828
316 444
316 380
316 320
316 2108
316 1084
316 572
316 2332
316 1308
316 796
316 412
316 348
316 2348
316 1324
316 812
316 428
316 364
316 2356
316 1332
316 820
316 436
316 372
316 2362
316 1338
316 826
316 442
316 378
316 318
316 2363
316 1339
316 827
316 443
316 379
316 319
317 2365
317 1341
317 829
317 445
317 381
317 319
317 318
317 2109
317 1085
317 573
317 2333
317 1309
317 797
317 413
317 349
317 2349
317 1325
317 813
317 429
317 365
317 2357
317 1333
317 821
317 437
317 373
317 2361
317 1337
317 825
317 441
317 377
318 2366
318 1342
318 830
318 446
318 382
318 320
318 2110
318 1086
318 574
318 2334
318 1310
318 798
318 414
318 350
318 2350
318 1326
318 814
318 430
318 366
318 2358
318 1334
318 822
318 438
318 374
318 2362
318 1338
318 826
318 442
318 378
318 2365
318 1341
318 829
318 445
318 381
318 319
319 2367
319 1343
319 831
319 447
319 383
319 320
319 2111
319 1087
319 575
319 2335
319 1311
319 799
319 415
319 351
319 2351
319 1327
319 815
319 431
319 367
319 2359
319 1335
319 823
319 439
319 375
319 2363
319 1339
319 827
319 443
319 379
319 2365
319 1341
319 829
319 445
319 381
320 2368
320 1344
320 832
320 448
320 384
320 2112
320 1088
320 576
320 2336
320 1312
320 800
320 416
320 352
320 2352
320 1328
320 816
320 432
320 368
320 2360
320 1336
320 824
320 440
320 376
320 2364
320 1340
320 828
320 444
320 380
320 2366
320 1342
320 830
320 446
320 382
320 2367
320 1343
320 831
320 447
320 383
321 2369
321 1345
321 833
321 449
321 353
321 337
321 329
321 325
321 323
321 322
321 2113
321 1089
321 577
321 2305
321 1281
321 769
321 385
322 2370
322 1346
322 834
322 450
322 354
322 338
322 330
322 326
322 324
322 2114
322 1090
322 578
322 2306
322 1282
322 770
322 386
322 2369
322 1345
322 833
322 449
322 353
322 337
322 329
322 325
322 323
323 2371
323 1347
323 835
323 451
323 355
323 339
323 331
323 327
323 324
323 2115
323 1091
323 579
323 2307
323 1283
323 771
323 387
323 2369
323 1345
323 833
323 449
323 353
323 337
323 329
323 325
324 2372
324 1348
324 836
324 452
324 356
324 340
324 332
324 328
324 2116
324 1092
324 580
324 2308
324 1284
324 772
324 388
324 2370
324 1346
324 834
324 450
324 354
324 338
324 330
324 326
324 2371
324 1347
324 835
324 451
324 355
324 339
324 331
324 327
325 2373
325 1349
325 837
325 453
325 357
325 341
325 333
325 327
325 326
325 2117
325 1093
325 581
325 2309
325 1285
325 773
325 389
325 2369
325 1345
325 833
325 449
325 353
325 337
325 329
326 2374
326 1350
326 838
326 454
326 358
326 342
326 334
326 328
326 2118
326 1094
326 582
326 2310
326 1286
326 774
326 390
326 2370
326 1346
326 834
326 450
326 354
326 338
326 330
326 2373
326 1349
326 837
326 453
326 357
326 341
326 333
326 327
327 2375
327 1351
327 839
327 455
327 359
327 343
327 335
327 328
327 2119
327 1095
327 583
327 2311
327 1287
327 775
327 391
327 2371
327 1347
327 835
327 451
327 355
327 339
327 331
327 2373
327 1349
327 837
327 453
327 357
327 341
327 333
328 2376
328 1352
328 840
328 456
328 360
328 344
328 336
328 2120
328 1096
328 584
328 2312
328 1288
328 776
328 392
328 2372
328 1348
328 836
328 452
328 356
328 340
328 332
328 2374
328 1350
328 838
328 454
328 358
328 342
328 334
328 2375
328 1351
328 839
328 455
328 359
328 343
328 335
329 2377
329 1353
329 841
329 457
329 361
329 345
329 333
329 331
329 330
329 2121
329 1097
329 585
329 2313
329 1289
329 777
329 393
329 2369
329 1345
329 833
329 449
329 353
329 337
330 2378
330 1354
330 842
330 458
330 362
330 346
330 334
330 332
330 2122
330 1098
330 586
330 2314
330 1290
330 778
330 394
330 2370
330 1346
330 834
330 450
330 354
330 338
330 2377
330 1353
330 841
330 457
330 361
330 345
330 333
330 331
331 2379
331 1355
331 843
331 459
331 363
331 347
331 335
331 332
331 2123
331 1099
331 587
331 2315
331 1291
331 779
331 395
331 2371
331 1347
331 835
331 451
331 355
331 339
331 2377
331 1353
331 841
331 457
331 361
331 345
331 333
332 2380
332 1356
332 844
332 460
332 364
332 348
332 336
332 2124
332 1100
332 588
332 2316
332 1292
332 780
332 396
332 2372
332 1348
332 836
332 452
332 356
332 340
332 2378
332 1354
332 842
332 458
332 362
332 346
332 334
332 2379
332 1355
332 843
332 459
332 363
332 347
332 335
333 2381
333 1357
333 845
333 461
333 365
333 349
333 335
333 334
333 2125
333 1101
333 589
333 2317
333 1293
333 781
333 397
333 2373
333 1349
333 837
333 453
333 357
333 341
333 2377
333 1353
333 841
333 457
333 361
333 345
334 2382
334 1358
334 846
334 462
334 366
334 350
334 336
334 2126
334 1102
334 590
334 2318
334 1294
334 782
334 398
334 2374
334 1350
334 838
334 454
334 358
334 342
334 2378
334 1354
334 842
334 458
334 362
334 346
334 2381
334 1357
334 845
334 461
334 365
334 349
334 335
335 2383
335 1359
335 847
335 463
335 367
335 351
335 336
335 2127
335 1103
335 591
335 2319
335 1295
335 783
335 399
335 2375
335 1351
335 839
335 455
335 359
335 343
335 2379
335 1355
335 843
335 459
335 363
335 347
335 2381
335 1357
335 845
335 461
335 365
335 349
336 2384
336 1360
336 848
336 464
336 368
336 352
336 2128
336 1104
336 592
336 2320
336 1296
336 784
336 400
336 2376
336 1352
336 840
336 456
336 360
336 344
336 2380
336 1356
336 844
336 460
336 364
336 348
336 2382
336 1358
336 846
336 462
336 366
336 350
336 2383
336 1359
336 847
336 463
336 367
336 351
337 2385
337 1361
337 849
337 465
337 369
337 345
337 341
337 339
337 338
337 2129
337 1105
337 593
337 2321
337 1297
337 785
337 401
337 2369
337 1345
337 833
337 449
337 353
338 2386
338 1362
338 850
338 466
338 370
338 346
338 342
338 340
338 2130
338 1106
338 594
338 2322
338 1298
338 786
338 402
338 2370
338 1346
338 834
338 450
338 354
338 2385
338 1361
338 849
338 465
338 369
338 345
338 341
338 339
339 2387
339 1363
339 851
339 467
339 371
339 347
339 343
339 340
339 2131
339 1107
339 595
339 2323
339 1299
339 787
339 403
339 2371
339 1347
339 835
339 451
339 355
339 2385
339 1361
339 849
339 465
339 369
339 345
339 341
340 2388
340 1364
340 852
340 468
340 372
340 348
340 344
340 2132
340 1108
340 596
340 2324
340 1300
340 788
340 404
340 2372
340 1348
340 836
340 452
340 356
340 2386
340 1362
340 850
340 466
340 370
340 346
340 342
340 2387
340 1363
340 851
340 467
340 371
340 347
340 343
341 2389
341 1365
341 853
341 469
341 373
341 349
341 343
341 342
341 2133
341 1109
341 597
341 2325
341 1301
341 789
341 405
341 2373
341 1349
341 837
341 453
341 357
341 2385
341 1361
341 849
341 465
341 369
341 345
342 2390
342 1366
342 854
342 470
342 374
342 350
342 344
342 2134
342 1110
342 598
342 2326
342 1302
342 790
342 406
342 2374
342 1350
342 838
342 454
342 358
342 2386
342 1362
342 850
342 466
342 370
342 346
342 2389
342 1365
342 853
342 469
342 373
342 349
342 343
343 2391
343 1367
343 855
343 471
343 375
343 351
343 344
343 2135
343 1111
343 599
343 2327
343 1303
343 791
343 407
343 2375
343 1351
343 839
343 455
343 359
343 2387
343 1363
343 851
343 467
343 371
343 347
343 2389
343 1365
343 853
343 469
343 373
343 349
344 2392
344 1368
344 856
344 472
344 376
344 352
344 2136
344 1112
344 600
344 2328
344 1304
344 792
344 408
344 2376
344 1352
344 840
344 456
344 360
344 2388
344 1364
344 852
344 468
344 372
344 348
344 2390
344 1366
344 854
344 470
344 374
344 350
344 2391
344 1367
344 855
344 471
344 375
344 351
345 2393
345 1369
345 857
345 473
345 377
345 349
345 347
345 346
345 2137
345 1113
345 601
345 2329
345 1305
345 793
345 409
345 2377
345 1353
345 841
345 457
345 361
345 2385
345 1361
345 849
345 465
345 369
346 2394
346 1370
346 858
346 474
346 378
346 350
346 348
346 2138
346 1114
346 602
346 2330
346 1306
346 794
346 410
346 2378
346 1354
346 842
346 458
346 362
346 2386
346 1362
346 850
346 466
346 370
346 2393
346 1369
346 857
346 473
346 377
346 349
346 347
347 2395
347 1371
347 859
347 475
347 379
347 351
347 348
347 2139
347 1115
347 603
347 2331
347 1307
347 795
347 411
347 2379
347 1355
347 843
347 459
347 363
347 2387
347 1363
347 851
347 467
347 371
347 2393
347 1369
347 857
347 473
347 377
347 349
348 2396
348 1372
348 860
348 476
348 380
348 352
348 2140
348 1116
348 604
348 2332
348 1308
348 796
348 412
348 2380
348 1356
348 844
348 460
348 364
348 2388
348 1364
348 852
348 468
348 372
348 2394
348 1370
348 858
348 474
348 378
348 350
348 2395
348 1371
348 859
348 475
348 379
348 351
349 2397
349 1373
349 861
349 477
349 381
349 351
349 350
349 2141
349 1117
349 605
349 2333
349 1309
349 797
349 413
349 2381
349 1357
349 845
349 461
349 365
349 2389
349 1365
349 853
349 469
349 373
349 2393
349 1369
349 857
349 473
349 377
350 2398
350 1374
350 862
350 478
350 382
350 352
350 2142
350 1118
350 606
350 2334
350 1310
350 798
350 414
350 2382
350 1358
350 846
350 462
350 366
350 2390
350 1366
350 854
350 470
350 374
350 2394
350 1370
350 858
350 474
350 378
350 2397
350 1373
350 861
350 477
350 381
350 351
351 2399
351 1375
351 863
351 479
351 383
351 352
351 2143
351 1119
351 607
351 2335
351 1311
351 799
351 415
351 2383
351 1359
351 847
351 463
351 367
351 2391
351 1367
351 855
351 471
351 375
351 2395
351 1371
351 859
351 475
351 379
351 2397
351 1373
351 861
351 477
351 381
352 2400
352 1376
352 864
352 480
352 384
352 2144
352 1120
352 608
352 2336
352 1312
352 800
352 416
352 2384
352 1360
352 848
352 464
352 368
352 2392
352 1368
352 856
352 472
352 376
352 2396
352 1372
352 860
352 476
352 380
352 2398
352 1374
352 862
352 478
352 382
352 2399
352 1375
352 863
352 479
352 383
353 2401
353 1377
353 865
353 481
353 369
353 361
353 357
353 355
353 354
353 2145
353 1121
353 609
353 2337
353 1313
353 801
353 417
353 2369
353 1345
353 833
353 449
354 2402
354 1378
354 866
354 482
354 370
354 362
354 358
354 356
354 2146
354 1122
354 610
354 2338
354 1314
354 802
354 418
354 2370
354 1346
354 834
354 450
354 2401
354 1377
354 865
354 481
354 369
354 361
354 357
354 355
355 2403
355 1379
355 867
355 483
355 371
355 363
355 359
355 356
355 2147
355 1123
355 611
355 2339
355 1315
355 803
355 419
355 2371
355 1347
355 835
355 451
355 2401
355 1377
355 865
355 481
355 369
355 361
355 357
356 2404
356 1380
356 868
356 484
356 372
356 364
356 360
356 2148
356 1124
356 612
356 2340
356 1316
356 804
356 420
356 2372
356 1348
356 836
356 452
356 2402
356 1378
356 866
356 482
356 370
356 362
356 358
356 2403
356 1379
356 867
356 483
356 371
356 363
356 359
357 2405
357 1381
357 869
357 485
357 373
357 365
357 359
357 358
357 2149
357 1125
357 613
357 2341
357 1317
357 805
357 421
357 2373
357 1349
357 837
357 453
357 2401
357 1377
357 865
357 481
357 369
357 361
358 2406
358 1382
358 870
358 486
358 374
358 366
358 360
358 2150
358 1126
358 614
358 2342
358 1318
358 806
358 422
358 2374
358 1350
358 838
358 454
358 2402
358 1378
358 866
358 482
358 370
358 362
358 2405
358 1381
358 869
358 485
358 373
358 365
358 359
359 2407
359 1383
359 871
359 487
359 375
359 367
359 360
359 2151
359 1127
359 615
359 2343
359 1319
359 807
359 423
359 2375
359 1351
359 839
359 455
359 2403
359 1379
359 867
359 483
359 371
359 363
359 2405
359 1381
359 869
359 485
359 373
359 365
360 2408
360 1384
360 872
360 488
360 376
360 368
360 2152
360 1128
360 616
360 2344
360 1320
360 808
360 424
360 2376
360 1352
360 840
360 456
360 2404
360 1380
360 868
360 484
360 372
360 364
360 2406
360 1382
360 870
360 486
360 374
360 366
360 2407
360 1383
360 871
360 487
360 375
360 367
361 2409
361 1385
361 873
361 489
361 377
361 365
361 363
361 362
361 2153
361 1129
361 617
361 2345
361 1321
361 809
361 425
361 2377
361 1353
361 841
361 457
361 2401
361 1377
361 865
361 481
361 369
362 2410
362 1386
362 874
362 490
362 378
362 366
362 364
362 2154
362 1130
362 618
362 2346
362 1322
362 810
362 426
362 2378
362 1354
362 842
362 458
362 2402
362 1378
362 866
362 482
362 370
362 2409
362 1385
362 873
362 489
362 377
362 365
362 363
363 2411
363 1387
363 875
363 491
363 379
363 367
363 364
363 2155
363 1131
363 619
363 2347
363 1323
363 811
363 427
363 2379
363 1355
363 843
363 459
363 2403
363 1379
363 867
363 483
363 371
363 2409
363 1385
363 873
363 489
363 377
363 365
364 2412
364 1388
364 876
364 492
364 380
364 368
364 2156
364 1132
364 620
364 2348
364 1324
364 812
364 428
364 2380
364 1356
364 844
364 460
364 2404
364 1380
364 868
364 484
364 372
364 2410
364 1386
364 874
364 490
364 378
364 366
364 2411
364 1387
364 875
364 491
364 379
364 367
365 2413
365 1389
365 877
365 493
365 381
365 367
365 366
365 2157
365 1133
365 621
365 2349
365 1325
365 813
365 429
365 2381
365 1357
365 845
365 461
365 2405
365 1381
365 869
365 485
365 373
365 2409
365 1385
365 873
365 489
365 377
366 2414
366 1390
366 878
366 494
366 382
366 368
366 2158
366 1134
366 622
366 2350
366 1326
366 814
366 430
366 2382
366 1358
366 846
366 462
366 2406
366 1382
366 870
366 486
366 374
366 2410
366 1386
366 874
366 490
366 378
366 2413
366 1389
366 877
366 493
366 381
366 367
367 2415
367 1391
367 879
367 495
367 383
367 368
367 2159
367 1135
367 623
367 2351
367 1327
367 815
367 431
367 2383
367 1359
367 847
367 463
367 2407
367 1383
367 871
367 487
367 375
367 2411
367 1387
367 875
367 491
367 379
367 2413
367 1389
367 877
367 493
367 381
368 2416
368 1392
368 880
368 496
368 384
368 2160
368 1136
368 624
368 2352
368 1328
368 816
368 432
368 2384
368 1360
368 848
368 464
368 2408
368 1384
368 872
368 488
368 376
368 2412
368 1388
368 876
368 492
368 380
368 2414
368 1390
368 878
368 494
368 382
368 2415
368 1391
368 879
368 495
368 383
369 2417
369 1393
369 881
369 497
369 377
369 373
369 371
369 370
369 2161
369 1137
369 625
369 2353
369 1329
369 817
369 433
369 2385
369 1361
369 849
369 465
369 2401
369 1377
369 865
369 481
370 2418
370 1394
370 882
370 498
370 378
370 374
370 372
370 2162
370 1138
370 626
370 2354
370 1330
370 818
370 434
370 2386
370 1362
370 850
370 466
370 2402
370 1378
370 866
370 482
370 2417
370 1393
370 881
370 497
370 377
370 373
370 371
371 2419
371 1395
371 883
371 499
371 379
371 375
371 372
371 2163
371 1139
371 627
371 2355
371 1331
371 819
371 435
371 2387
371 1363
371 851
371 467
371 2403
371 1379
371 867
371 483
371 2417
371 1393
371 881
371 497
371 377
371 373
372 2420
372 1396
372 884
372 500
372 380
372 376
372 2164
372 1140
372 628
372 2356
372 1332
372 820
372 436
372 2388
372 1364
372 852
372 468
372 2404
372 1380
372 868
372 484
372 2418
372 1394
372 882
372 498
372 378
372 374
372 2419
372 1395
372 883
372 499
372 379
372 375
373 2421
373 1397
373 885
373 501
373 381
373 375
373 374
373 2165
373 1141
373 629
373 2357
373 1333
373 821
373 437
373 2389
373 1365
373 853
373 469
373 2405
373 1381
373 869
373 485
373 2417
373 1393
373 881
373 497
373 377
374 2422
374 1398
374 886
374 502
374 382
374 376
374 2166
374 1142
374 630
374 2358
374 1334
374 822
374 438
374 2390
374 1366
374 854
374 470
374 2406
374 1382
374 870
374 486
374 2418
374 1394
374 882
374 498
374 378
374 2421
374 1397
374 885
374 501
374 381
374 375
375 2423
375 1399
375 887
375 503
375 383
375 376
375 2167
375 1143
375 631
375 2359
375 1335
375 823
375 439
375 2391
375 1367
375 855
375 471
375 2407
375 1383
375 871
375 487
375 2419
375 1395
375 883
375 499
375 379
375 2421
375 1397
375 885
375 501
375 381
376 2424
376 1400
376 888
376 504
376 384
376 2168
376 1144
376 632
376 2360
376 1336
376 824
376 440
376 2392
376 1368
376 856
376 472
376 2408
376 1384
376 872
376 488
376 2420
376 1396
376 884
376 500
376 380
376 2422
376 1398
376 886
376 502
376 382
376 2423
376 1399
376 887
376 503
376 383
377 2425
377 1401
377 889
377 505
377 381
377 379
377 378
377 2169
377 1145
377 633
377 2361
377 1337
377 825
377 441
377 2393
377 1369
377 857
377 473
377 2409
377 1385
377 873
377 489
377 2417
377 1393
377 881
377 497
378 2426
378 1402
378 890
378 506
378 382
378 380
378 2170
378 1146
378 634
378 2362
378 1338
378 826
378 442
378 2394
378 1370
378 858
378 474
378 2410
378 1386
378 874
378 490
378 2418
378 1394
378 882
378 498
378 2425
378 1401
378 889
378 505
378 381
378 379
379 2427
379 1403
379 891
379 507
379 383
379 380
379 2171
379 1147
379 635
379 2363
379 1339
379 827
379 443
379 2395
379 1371
379 859
379 475
379 2411
379 1387
379 875
379 491
379 2419
379 1395
379 883
379 499
379 2425
379 1401
379 889
379 505
379 381
380 2428
380 1404
380 892
380 508
380 384
380 2172
380 1148
380 636
380 2364
380 1340
380 828
380 444
380 2396
380 1372
380 860
380 476
380 2412
380 1388
380 876
380 492
380 2420
380 1396
380 884
380 500
380 2426
380 1402
380 890
380 506
380 382
380 2427
380 1403
380 891
380 507
380 383
381 2429
381 1405
381 893
381 509
381 383
381 382
381 2173
381 1149
381 637
381 2365
381 1341
381 829
381 445
381 2397
381 1373
381 861
381 477
381 2413
381 1389
381 877
381 493
381 2421
381 1397
381 885
381 501
381 2425
381 1401
381 889
381 505
382 2430
382 1406
382 894
382 510
382 384
382 2174
382 1150
382 638
382 2366
382 1342
382 830
382 446
382 2398
382 1374
382 862
382 478
382 2414
382 1390
382 878
382 494
382 2422
382 1398
382 886
382 502
382 2426
382 1402
382 890
382 506
382 2429
382 1405
382 893
382 509
382 383
383 2431
383 1407
383 895
383 511
383 384
383 2175
383 1151
383 639
383 2367
383 1343
383 831
383 447
383 2399
383 1375
383 863
383 479
383 2415
383 1391
383 879
383 495
383 2423
383 1399
383 887
383 503
383 2427
383 1403
383 891
383 507
383 2429
383 1405
383 893
383 509
384 2432
384 1408
384 896
384 512
384 2176
384 1152
384 640
384 2368
384 1344
384 832
384 448
384 2400
384 1376
384 864
384 480
384 2416
384 1392
384 880
384 496
384 2424
384 1400
384 888
384 504
384 2428
384 1404
384 892
384 508
384 2430
384 1406
384 894
384 510
384 2431
384 1407
384 895
384 511
385 2433
385 1409
385 897
385 449
385 417
385 401
385 393
385 389
385 387
385 386
385 2177
385 1153
385 641
385 2305
385 1281
385 769
386 2434
386 1410
386 898
386 450
386 418
386 402
386 394
386 390
386 388
386 2178
386 1154
386 642
386 2306
386 1282
386 770
386 2433
386 1409
386 897
386 449
386 417
386 401
386 393
386 389
386 387
387 2435
387 1411
387 899
387 451
387 419
387 403
387 395
387 391
387 388
387 2179
387 1155
387 643
387 2307
387 1283
387 771
387 2433
387 1409
387 897
387 449
387 417
387 401
387 393
387 389
388 2436
388 1412
388 900
388 452
388 420
388 404
388 396
388 392
388 2180
388 1156
388 644
388 2308
388 1284
388 772
388 2434
388 1410
388 898
388 450
388 418
388 402
388 394
388 390
388 2435
388 1411
388 899
388 451
388 419
388 403
388 395
388 391
389 2437
389 1413
389 901
389 453
389 421
389 405
389 397
389 391
389 390
389 2181
389 1157
389 645
389 2309
389 1285
389 773
389 2433
389 1409
389 897
389 449
389 417
389 401
389 393
390 2438
390 1414
390 902
390 454
390 422
390 406
390 398
390 392
390 2182
390 1158
390 646
390 2310
390 1286
390 774
390 2434
390 1410
390 898
390 450
390 418
390 402
390 394
390 2437
390 1413
390 901
390 453
390 421
390 405
390 397
390 391
391 2439
391 1415
391 903
391 455
391 423
391 407
391 399
391 392
391 2183
391 1159
391 647
391 2311
391 1287
391 775
391 2435
391 1411
391 899
391 451
391 419
391 403
391 395
391 2437
391 1413
391 901
391 453
391 421
391 405
391 397
392 2440
392 1416
392 904
392 456
392 424
392 408
392 400
392 2184
392 1160
392 648
392 2312
392 1288
392 776
392 2436
392 1412
392 900
392 452
392 420
392 404
392 396
392 2438
392 1414
392 902
392 454
392 422
392 406
392 398
392 2439
392 1415
392 903
392 455
392 423
392 407
392 399
393 2441
393 1417
393 905
393 457
393 425
393 409
393 397
393 395
393 394
393 2185
393 1161
393 649
393 2313
393 1289
393 777
393 2433
393 1409
393 897
393 449
393 417
393 401
394 2442
394 1418
394 906
394 458
394 426
394 410
394 398
394 396
394 2186
394 1162
394 650
394 2314
394 1290
394 778
394 2434
394 1410
394 898
394 450
394 418
394 402
394 2441
394 1417
394 905
394 457
394 425
394 409
394 397
394 395
395 2443
395 1419
395 907
395 459
395 427
395 411
395 399
395 396
395 2187
395 1163
395 651
395 2315
395 1291
395 779
395 2435
395 1411
395 899
395 451
395 419
395 403
395 2441
395 1417
395 905
395 457
395 425
395 409
395 397
396 2444
396 1420
396 908
396 460
396 428
396 412
396 400
396 2188
396 1164
396 652
396 2316
396 1292
396 780
396 2436
396 1412
396 900
396 452
396 420
396 404
396 2442
396 1418
396 906
396 458
396 426
396 410
396 398
396 2443
396 1419
396 907
396 459
396 427
396 411
396 399
397 2445
397 1421
397 909
397 461
397 429
397 413
397 399
397 398
397 2189
397 1165
397 653
397 2317
397 1293
397 781
397 2437
397 1413
397 901
397 453
397 421
397 405
397 2441
397 1417
397 905
397 457
397 425
397 409
398 2446
398 1422
398 910
398 462
398 430
398 414
398 400
398 2190
398 1166
398 654
398 2318
398 1294
398 782
398 2438
398 1414
398 902
398 454
398 422
398 406
398 2442
398 1418
398 906
398 458
398 426
398 410
398 2445
398 1421
398 909
398 461
398 429
398 413
398 399
399 2447
399 1423
399 911
399 463
399 431
399 415
399 400
399 2191
399 1167
399 655
399 2319
399 1295
399 783
399 2439
399 1415
399 903
399 455
399 423
399 407
399 2443
399 1419
399 907
399 459
399 427
399 411
399 2445
399 1421
399 909
399 461
399 429
399 413
400 2448
400 1424
400 912
400 464
400 432
400 416
400 2192
400 1168
400 656
400 2320
400 1296
400 784
400 2440
400 1416
400 904
400 456
400 424
400 408
400 2444
400 1420
400 908
400 460
400 428
400 412
400 2446
400 1422
400 910
400 462
400 430
400 414
400 2447
400 1423
400 911
400 463
400 431
400 415
401 2449
401 1425
401 913
401 465
401 433
401 409
401 405
401 403
401 402
401 2193
401 1169
401 657
401 2321
401 1297
401 785
401 2433
401 1409
401 897
401 449
401 417
402 2450
402 1426
402 914
402 466
402 434
402 410
402 406
402 404
402 2194
402 1170
402 658
402 2322
402 1298
402 786
402 2434
402 1410
402 898
402 450
402 418
402 2449
402 1425
402 913
402 465
402 433
402 409
402 405
402 403
403 2451
403 1427
403 915
403 467
403 435
403 411
403 407
403 404
403 2195
403 1171
403 659
403 2323
403 1299
403 787
403 2435
403 1411
403 899
403 451
403 419
403 2449
403 1425
403 913
403 465
403 433
403 409
403 405
404 2452
404 1428
404 916
404 468
404 436
404 412
404 408
404 2196
404 1172
404 660
404 2324
404 1300
404 788
404 2436
404 1412
404 900
404 452
404 420
404 2450
404 1426
404 914
404 466
404 434
404 410
404 406
404 2451
404 1427
404 915
404 467
404 435
404 411
404 407
405 2453
405 1429
405 917
405 469
405 437
405 413
405 407
405 406
405 2197
405 1173
405 661
405 2325
405 1301
405 789
405 2437
405 1413
405 901
405 453
405 421
405 2449
405 1425
405 913
405 465
405 433
405 409
406 2454
406 1430
406 918
406 470
406 438
406 414
406 408
406 2198
406 1174
406 662
406 2326
406 1302
406 790
406 2438
406 1414
406 902
406 454
406 422
406 2450
406 1426
406 914
406 466
406 434
406 410
406 2453
406 1429
406 917
406 469
406 437
406 413
406 407
407 2455
407 1431
407 919
407 471
407 439
407 415
407 408
407 2199
407 1175
407 663
407 2327
407 1303
407 791
407 2439
407 1415
407 903
407 455
407 423
407 2451
407 1427
407 915
407 467
407 435
407 411
407 2453
407 1429
407 917
407 469
407 437
407 413
408 2456
408 1432
408 920
408 472
408 440
408 416
408 2200
408 1176
408 664
408 2328
408 1304
408 792
408 2440
408 1416
408 904
408 456
408 424
408 2452
408 1428
408 916
408 468
408 436
408 412
408 2454
408 1430
408 918
408 470
408 438
408 414
408 2455
408 1431
408 919
408 471
408 439
408 415
409 2457
409 1433
409 921
409 473
409 441
409 413
409 411
409 410
409 2201
409 1177
409 665
409 2329
409 1305
409 793
409 2441
409 1417
409 905
409 457
409 425
409 2449
409 1425
409 913
409 465
409 433
410 2458
410 1434
410 922
410 474
410 442
410 414
410 412
410 2202
410 1178
410 666
410 2330
410 1306
410 794
410 2442
410 1418
410 906
410 458
410 426
410 2450
410 1426
410 914
410 466
410 434
410 2457
410 1433
410 921
410 473
410 441
410 413
410 411
411 2459
411 1435
411 923
411 475
411 443
411 415
411 412
411 2203
411 1179
411 667
411 2331
411 1307
411 795
411 2443
411 1419
411 907
411 459
411 427
411 2451
411 1427
411 915
411 467
411 435
411 2457
411 1433
411 921
411 473
411 441
411 413
412 2460
412 1436
412 924
412 476
412 444
412 416
412 2204
412 1180
412 668
412 2332
412 1308
412 796
412 2444
412 1420
412 908
412 460
412 428
412 2452
412 1428
412 916
412 468
412 436
412 2458
412 1434
412 922
412 474
412 442
412 414
412 2459
412 1435
412 923
412 475
412 443
412 415
413 2461
413 1437
413 925
413 477
413 445
413 415
413 414
413 2205
413 1181
413 669
413 2333
413 1309
413 797
413 2445
413 1421
413 909
413 461
413 429
413 2453
413 1429
413 917
413 469
413 437
413 2457
413 1433
413 921
413 473
413 441
414 2462
414 1438
414 926
414 478
414 446
414 416
414 2206
414 1182
414 670
414 2334
414 1310
414 798
414 2446
414 1422
414 910
414 462
414 430
414 2454
414 1430
414 918
414 470
414 438
414 2458
414 1434
414 922
414 474
414 442
414 2461
414 1437
414 925
414 477
414 445
414 415
415 2463
415 1439
415 927
415 479
415 447
415 416
415 2207
415 1183
415 671
415 2335
415 1311
415 799
415 2447
415 1423
415 911
415 463
415 431
415 2455
415 1431
415 919
415 471
415 439
415 2459
415 1435
415 923
415 475
415 443
415 2461
415 1437
415 925
415 477
415 445
416 2464
416 1440
416 928
416 480
416 448
416 2208
416 1184
416 672
416 2336
416 1312
416 800
416 2448
416 1424
416 912
416 464
416 432
416 2456
416 1432
416 920
416 472
416 440
416 2460
416 1436
416 924
416 476
416 444
416 2462
416 1438
416 926
416 478
416 446
416 2463
416 1439
416 927
416 479
416 447
417 2465
417 1441
417 929
417 481
417 433
417 425
417 421
417 419
417 418
417 2209
417 1185
417 673
417 2337
417 1313
417 801
417 2433
417 1409
417 897
417 449
418 2466
418 1442
418 930
418 482
418 434
418 426
418 422
418 420
418 2210
418 1186
418 674
418 2338
418 1314
418 802
418 2434
418 1410
418 898
418 450
418 2465
418 1441
418 929
418 481
418 433
418 425
418 421
418 419
419 2467
419 1443
419 931
419 483
419 435
419 427
419 423
419 420
419 2211
419 1187
419 675
419 2339
419 1315
419 803
419 2435
419 1411
419 899
419 451
419 2465
419 1441
419 929
419 481
419 433
419 425
419 421
420 2468
420 1444
420 932
420 484
420 436
420 428
420 424
420 2212
420 1188
420 676
420 2340
420 1316
420 804
420 2436
420 1412
420 900
420 452
420 2466
420 1442
420 930
420 482
420 434
420 426
420 422
420 2467
420 1443
420 931
420 483
420 435
420 427
420 423
421 2469
421 1445
421 933
421 485
421 437
421 429
421 423
421 422
421 2213
421 1189
421 677
421 2341
421 1317
421 805
421 2437
421 1413
421 901
421 453
421 2465
421 1441
421 929
421 481
421 433
421 425
422 2470
422 1446
422 934
422 486
422 438
422 430
422 424
422 2214
422 1190
422 678
422 2342
422 1318
422 806
422 2438
422 1414
422 902
422 454
422 2466
422 1442
422 930
422 482
422 434
422 426
422 2469
422 1445
422 933
422 485
422 437
422 429
422 423
423 2471
423 1447
423 935
423 487
423 439
423 431
423 424
423 2215
423 1191
423 679
423 2343
423 1319
423 807
423 2439
423 1415
423 903
423 455
423 2467
423 1443
423 931
423 483
423 435
423 427
423 2469
423 1445
423 933
423 485
423 437
423 429
424 2472
424 1448
424 936
424 488
424 440
424 432
424 2216
424 1192
424 680
424 2344
424 1320
424 808
424 2440
424 1416
424 904
424 456
424 2468
424 1444
424 932
424 484
424 436
424 428
424 2470
424 1446
424 934
424 486
424 438
424 430
424 2471
424 1447
424 935
424 487
424 439
424 431
425 2473
425 1449
425 937
425 489
425 441
425 429
425 427
425 426
425 2217
425 1193
425 681
425 2345
425 1321
425 809
425 2441
425 1417
425 905
425 457
425 2465
425 1441
425 929
425 481
425 433
426 2474
426 1450
426 938
426 490
426 442
426 430
426 428
426 2218
426 1194
426 682
426 2346
426 1322
426 810
426 2442
426 1418
426 906
426 458
426 2466
426 1442
426 930
426 482
426 434
426 2473
426 1449
426 937
426 489
426 441
426 429
426 427
427 2475
427 1451
427 939
427 491
427 443
427 431
427 428
427 2219
427 1195
427 683
427 2347
427 1323
427 811
427 2443
427 1419
427 907
427 459
427 2467
427 1443
427 931
427 483
427 435
427 2473
427 1449
427 937
427 489
427 441
427 429
428 2476
428 1452
428 940
428 492
428 444
428 432
428 2220
428 1196
428 684
428 2348
428 1324
428 812
428 2444
428 1420
428 908
428 460
428 2468
428 1444
428 932
428 484
428 436
428 2474
428 1450
428 938
428 490
428 442
428 430
428 2475
428 1451
428 939
428 491
428 443
428 431
429 2477
429 1453
429 941
429 493
429 445
429 431
429 430
429 2221
429 1197
429 685
429 2349
429 1325
429 813
429 2445
429 1421
429 909
429 461
429 2469
429 1445
429 933
429 485
429 437
429 2473
429 1449
429 937
429 489
429 441
430 2478
430 1454
430 942
430 494
430 446
430 432
430 2222
430 1198
430 686
430 2350
430 1326
430 814
430 2446
430 1422
430 910
430 462
430 2470
430 1446
430 934
430 486
430 438
430 2474
430 1450
430 938
430 490
430 442
430 2477
430 1453
430 941
430 493
430 445
430 431
431 2479
431 1455
431 943
431 495
431 447
431 432
431 2223
431 1199
431 687
431 2351
431 1327
431 815
431 2447
431 1423
431 911
431 463
431 2471
431 1447
431 935
431 487
431 439
431 2475
431 1451
431 939
431 491
431 443
431 2477
431 1453
431 941
431 493
431 445
432 2480
432 1456
432 944
432 496
432 448
432 2224
432 1200
432 688
432 2352
432 1328
432 816
432 2448
432 1424
432 912
432 464
432 2472
432 1448
432 936
432 488
432 440
432 2476
432 1452
432 940
432 492
432 444
432 2478
432 1454
432 942
432 494
432 446
432 2479
432 1455
432 943
432 495
432 447
433 2481
433 1457
433 945
433 497
433 441
433 437
433 435
433 434
433 2225
433 1201
433 689
433 2353
433 1329
433 817
433 2449
433 1425
433 913
433 465
433 2465
433 1441
433 929
433 481
434 2482
434 1458
434 946
434 498
434 442
434 438
434 436
434 2226
434 1202
434 690
434 2354
434 1330
434 818
434 2450
434 1426
434 914
434 466
434 2466
434 1442
434 930
434 482
434 2481
434 1457
434 945
434 497
434 441
434 437
434 435
435 2483
435 1459
435 947
435 499
435 443
435 439
435 436
435 2227
435 1203
435 691
435 2355
435 1331
435 819
435 2451
435 1427
435 915
435 467
435 2467
435 1443
435 931
435 483
435 2481
435 1457
435 945
435 497
435 441
435 437
436 2484
436 1460
436 948
436 500
436 444
436 440
436 2228
436 1204
436 692
436 2356
436 1332
436 820
436 2452
436 1428
436 916
436 468
436 2468
436 1444
436 932
436 484
436 2482
436 1458
436 946
436 498
436 442
436 438
436 2483
436 1459
436 947
436 499
436 443
436 439
437 2485
437 1461
437 949
437 501
437 445
437 439
437 438
437 2229
437 1205
437 693
437 2357
437 1333
437 821
437 2453
437 1429
437 917
437 469
437 2469
437 1445
437 933
437 485
437 2481
437 1457
437 945
437 497
437 441
438 2486
438 1462
438 950
438 502
438 446
438 440
438 2230
438 1206
438 694
438 2358
438 1334
438 822
438 2454
438 1430
438 918
438 470
438 2470
438 1446
438 934
438 486
438 2482
438 1458
438 946
438 498
438 442
438 2485
438 1461
438 949
438 501
438 445
438 439
439 2487
439 1463
439 951
439 503
439 447
439 440
439 2231
439 1207
439 695
439 2359
439 1335
439 823
439 2455
439 1431
439 919
439 471
439 2471
439 1447
439 935
439 487
439 2483
439 1459
439 947
439 499
439 443
439 2485
439 1461
439 949
439 501
439 445
440 2488
440 1464
440 952
440 504
440 448
440 2232
440 1208
440 696
440 2360
440 1336
440 824
440 2456
440 1432
440 920
440 472
440 2472
440 1448
440 936
440 488
440 2484
440 1460
440 948
440 500
440 444
440 2486
440 1462
440 950
440 502
440 446
440 2487
440 1463
440 951
440 503
440 447
441 2489
441 1465
441 953
441 505
441 445
441 443
441 442
441 2233
441 1209
441 697
441 2361
441 1337
441 825
441 2457
441 1433
441 921
441 473
441 2473
441 1449
441 937
441 489
441 2481
441 1457
441 945
441 497
442 2490
442 1466
442 954
442 506
442 446
442 444
442 2234
442 1210
442 698
442 2362
442 1338
442 826
442 2458
442 1434
442 922
442 474
442 2474
442 1450
442 938
442 490
442 2482
442 1458
442 946
442 498
442 2489
442 1465
442 953
442 505
442 445
442 443
443 2491
443 1467
443 955
443 507
443 447
443 444
443 2235
443 1211
443 699
443 2363
443 1339
443 827
443 2459
443 1435
443 923
443 475
443 2475
443 1451
443 939
443 491
443 2483
443 1459
443 947
443 499
443 2489
443 1465
443 953
443 505
443 445
444 2492
444 1468
444 956
444 508
444 448
444 2236
444 1212
444 700
444 2364
444 1340
444 828
444 2460
444 1436
444 924
444 476
444 2476
444 1452
444 940
444 492
444 2484
444 1460
444 948
444 500
444 2490
444 1466
444 954
444 506
444 446
444 2491
444 1467
444 955
444 507
444 447
445 2493
445 1469
445 957
445 509
445 447
445 446
445 2237
445 1213
445 701
445 2365
445 1341
445 829
445 2461
445 1437
445 925
445 477
445 2477
445 1453
445 941
445 493
445 2485
445 1461
445 949
445 501
445 2489
445 1465
445 953
445 505
446 2494
446 1470
446 958
446 510
446 448
446 2238
446 1214
446 702
446 2366
446 1342
446 830
446 2462
446 1438
446 926
446 478
446 2478
446 1454
446 942
446 494
446 2486
446 1462
446 950
446 502
446 2490
446 1466
446 954
446 506
446 2493
446 1469
446 957
446 509
446 447
447 2495
447 1471
447 959
447 511
447 448
447 2239
447 1215
447 703
447 2367
447 1343
447 831
447 2463
447 1439
447 927
447 479
447 2479
447 1455
447 943
447 495
447 2487
447 1463
447 951
447 503
447 2491
447 1467
447 955
447 507
447 2493
447 1469
447 957
447 509
448 2496
448 1472
448 960
448 512
448 2240
448 1216
448 704
448 2368
448 1344
448 832
448 2464
448 1440
448 928
448 480
448 2480
448 1456
448 944
448 496
448 2488
448 1464
448 952
448 504
448 2492
448 1468
448 956
448 508
448 2494
448 1470
448 958
448 510
448 2495
448 1471
448 959
448 511
449 2497
449 1473
449 961
449 481
449 465
449 457
449 453
449 451
449 450
449 2241
449 1217
449 705
449 2369
449 1345
449 833
449 2433
449 1409
449 897
450 2498
450 1474
450 962
450 482
450 466
450 458
450 454
450 452
450 2242
450 1218
450 706
450 2370
450 1346
450 834
450 2434
450 1410
450 898
450 2497
450 1473
450 961
450 481
450 465
450 457
450 453
450 451
451 2499
451 1475
451 963
451 483
451 467
451 459
451 455
451 452
451 2243
451 1219
451 707
451 2371
451 1347
451 835
451 2435
451 1411
451 899
451 2497
451 1473
451 961
451 481
451 465
451 457
451 453
452 2500
452 1476
452 964
452 484
452 468
452 460
452 456
452 2244
452 1220
452 708
452 2372
452 1348
452 836
452 2436
452 1412
452 900
452 2498
452 1474
452 962
452 482
452 466
452 458
452 454
452 2499
452 1475
452 963
452 483
452 467
452 459
452 455
453 2501
453 1477
453 965
453 485
453 469
453 461
453 455
453 454
453 2245
453 1221
453 709
453 2373
453 1349
453 837
453 2437
453 1413
453 901
453 2497
453 1473
453 961
453 481
453 465
453 457
454 2502
454 1478
454 966
454 486
454 470
454 462
454 456
454 2246
454 1222
454 710
454 2374
454 1350
454 838
454 2438
454 1414
454 902
454 2498
454 1474
454 962
454 482
454 466
454 458
454 2501
454 1477
454 965
454 485
454 469
454 461
454 455
455 2503
455 1479
455 967
455 487
455 471
455 463
455 456
455 2247
455 1223
455 711
455 2375
455 1351
455 839
455 2439
455 1415
455 903
455 2499
455 1475
455 963
455 483
455 467
455 459
455 2501
455 1477
455 965
455 485
455 469
455 461
456 2504
456 1480
456 968
456 488
456 472
456 464
456 2248
456 1224
456 712
456 2376
456 1352
456 840
456 2440
456 1416
456 904
456 2500
456 1476
456 964
456 484
456 468
456 460
456 2502
456 1478
456 966
456 486
456 470
456 462
456 2503
456 1479
456 967
456 487
456 471
456 463
457 2505
457 1481
457 969
457 489
457 473
457 461
457 459
457 458
457 2249
457 1225
457 713
457 2377
457 1353
457 841
457 2441
457 1417
457 905
457 2497
457 1473
457 961
457 481
457 465
458 2506
458 1482
458 970
458 490
458 474
458 462
458 460
458 2250
458 1226
458 714
458 2378
458 1354
458 842
458 2442
458 1418
458 906
458 2498
458 1474
458 962
458 482
458 466
458 2505
458 1481
458 969
458 489
458 473
458 461
458 459
459 2507
459 1483
459 971
459 491
459 475
459 463
459 460
459 2251
459 1227
459 715
459 2379
459 1355
459 843
459 2443
459 1419
459 907
459 2499
459 1475
459 963
459 483
459 467
459 2505
459 1481
459 969
459 489
459 473
459 461
460 2508
460 1484
460 972
460 492
460 476
460 464
460 2252
460 1228
460 716
460 2380
460 1356
460 844
460 2444
460 1420
460 908
460 2500
460 1476
460 964
460 484
460 468
460 2506
460 1482
460 970
460 490
460 474
460 462
460 2507
460 1483
460 971
460 491
460 475
460 463
461 2509
461 1485
461 973
461 493
461 477
461 463
461 462
461 2253
461 1229
461 717
461 2381
461 1357
461 845
461 2445
461 1421
461 909
461 2501
461 1477
461 965
461 485
461 469
461 2505
461 1481
461 969
461 489
461 473
462 2510
462 1486
462 974
462 494
462 478
462 464
462 2254
462 1230
462 718
462 2382
462 1358
462 846
462 2446
462 1422
462 910
462 2502
462 1478
462 966
462 486
462 470
462 2506
462 1482
462 970
462 490
462 474
462 2509
462 1485
462 973
462 493
462 477
462 463
463 2511
463 1487
463 975
463 495
463 479
463 464
463 2255
463 1231
463 719
463 2383
463 1359
463 847
463 2447
463 1423
463 911
463 2503
463 1479
463 967
463 487
463 471
463 2507
463 1483
463 971
463 491
463 475
463 2509
463 1485
463 973
463 493
463 477
464 2512
464 1488
464 976
464 496
464 480
464 2256
464 1232
464 720
464 2384
464 1360
464 848
464 2448
464 1424
464 912
464 2504
464 1480
464 968
464 488
464 472
464 2508
464 1484
464 972
464 492
464 476
464 2510
464 1486
464 974
464 494
464 478
464 2511
464 1487
464 975
464 495
464 479
465 2513
465 1489
465 977
465 497
465 473
465 469
465 467
465 466
465 2257
465 1233
465 721
465 2385
465 1361
465 849
465 2449
465 1425
465 913
465 2497
465 1473
465 961
465 481
466 2514
466 1490
466 978
466 498
466 474
466 470
466 468
466 2258
466 1234
466 722
466 2386
466 1362
466 850
466 2450
466 1426
466 914
466 2498
466 1474
466 962
466 482
466 2513
466 1489
466 977
466 497
466 473
466 469
466 467
467 2515
467 1491
467 979
467 499
467 475
467 471
467 468
467 2259
467 1235
467 723
467 2387
467 1363
467 851
467 2451
467 1427
467 915
467 2499
467 1475
467 963
467 483
467 2513
467 1489
467 977
467 497
467 473
467 469
468 2516
468 1492
468 980
468 500
468 476
468 472
468 2260
468 1236
468 724
468 2388
468 1364
468 852
468 2452
468 1428
468 916
468 2500
468 1476
468 964
468 484
468 2514
468 1490
468 978
468 498
468 474
468 470
468 2515
468 1491
468 979
468 499
468 475
468 471
469 2517
469 1493
469 981
469 501
469 477
469 471
469 470
469 2261
469 1237
469 725
469 2389
469 1365
469 853
469 2453
469 1429
469 917
469 2501
469 1477
469 965
469 485
469 2513
469 1489
469 977
469 497
469 473
470 2518
470 1494
470 982
470 502
470 478
470 472
470 2262
470 1238
470 726
470 2390
470 1366
470 854
470 2454
470 1430
470 918
470 2502
470 1478
470 966
470 486
470 2514
470 1490
470 978
470 498
470 474
470 2517
470 1493
470 981
470 501
470 477
470 471
471 2519
471 1495
471 983
471 503
471 479
471 472
471 2263
471 1239
471 727
471 2391
471 1367
471 855
471 2455
471 1431
471 919
471 2503
471 1479
471 967
471 487
471 2515
471 1491
471 979
471 499
471 475
471 2517
471 1493
471 981
471 501
471 477
472 2520
472 1496
472 984
472 504
472 480
472 2264
472 1240
472 728
472 2392
472 1368
472 856
472 2456
472 1432
472 920
472 2504
472 1480
472 968
472 488
472 2516
472 1492
472 980
472 500
472 476
472 2518
472 1494
472 982
472 502
472 478
472 2519
472 1495
472 983
472 503
472 479
473 2521
473 1497
473 985
473 505
473 477
473 475
473 474
473 2265
473 1241
473 729
473 2393
473 1369
473 857
473 2457
473 1433
473 921
473 2505
473 1481
473 969
473 489
473 2513
473 1489
473 977
473 497
474 2522
474 1498
474 986
474 506
474 478
474 476
474 2266
474 1242
474 730
474 2394
474 1370
474 858
474 2458
474 1434
474 922
474 2506
474 1482
474 970
474 490
474 2514
474 1490
474 978
474 498
474 2521
474 1497
474 985
474 505
474 477
474 475
475 2523
475 1499
475 987
475 507
475 479
475 476
475 2267
475 1243
475 731
475 2395
475 1371
475 859
475 2459
475 1435
475 923
475 2507
475 1483
475 971
475 491
475 2515
475 1491
475 979
475 499
475 2521
475 1497
475 985
475 505
475 477
476 2524
476 1500
476 988
476 508
476 480
476 2268
476 1244
476 732
476 2396
476 1372
476 860
476 2460
476 1436
476 924
476 2508
476 1484
476 972
476 492
476 2516
476 1492
476 980
476 500
476 2522
476 1498
476 986
476 506
476 478
476 2523
476 1499
476 987
476 507
476 479
477 2525
477 1501
477 989
477 509
477 479
477 478
477 2269
477 1245
477 733
477 2397
477 1373
477 861
477 2461
477 1437
477 925
477 2509
477 1485
477 973
477 493
477 2517
477 1493
477 981
477 501
477 2521
477 1497
477 985
477 505
478 2526
478 1502
478 990
478 510
478 480
478 2270
478 1246
478 734
478 2398
478 1374
478 862
478 2462
478 1438
478 926
478 2510
478 1486
478 974
478 494
478 2518
478 1494
478 982
478 502
478 2522
478 1498
478 986
478 506
478 2525
478 1501
478 989
478 509
478 479
479 2527
479 1503
479 991
479 511
479 480
479 2271
479 1247
479 735
479 2399
479 1375
479 863
479 2463
479 1439
479 927
479 2511
479 1487
479 975
479 495
479 2519
479 1495
479 983
479 503
479 2523
479 1499
479 987
479 507
479 2525
479 1501
479 989
479 509
480 2528
480 1504
480 992
480 512
480 2272
480 1248
480 736
480 2400
480 1376
480 864
480 2464
480 1440
480 928
480 2512
480 1488
480 976
480 496
480 2520
480 1496
480 984
480 504
480 2524
480 1500
480 988
480 508
480 2526
480 1502
480 990
480 510
480 2527
480 1503
480 991
480 511
481 2529
481 1505
481 993
481 497
481 489
481 485
481 483
481 482
481 2273
481 1249
481 737
481 2401
481 1377
481 865
481 2465
481 1441
481 929
481 2497
481 1473
481 961
482 2530
482 1506
482 994
482 498
482 490
482 486
482 484
482 2274
482 1250
482 738
482 2402
482 1378
482 866
482 2466
482 1442
482 930
482 2498
482 1474
482 962
482 2529
482 1505
482 993
482 497
482 489
482 485
482 483
483 2531
483 1507
483 995
483 499
483 491
483 487
483 484
483 2275
483 1251
483 739
483 2403
483 1379
483 867
483 2467
483 1443
483 931
483 2499
483 1475
483 963
483 2529
483 1505
483 993
483 497
483 489
483 485
484 2532
484 1508
484 996
484 500
484 492
484 488
484 2276
484 1252
484 740
484 2404
484 1380
484 868
484 2468
484 1444
484 932
484 2500
484 1476
484 964
484 2530
484 1506
484 994
484 498
484 490
484 486
484 2531
484 1507
484 995
484 499
484 491
484 487
485 2533
485 1509
485 997
485 501
485 493
485 487
485 486
485 2277
485 1253
485 741
485 2405
485 1381
485 869
485 2469
485 1445
485 933
485 2501
485 1477
485 965
485 2529
485 1505
485 993
485 497
485 489
486 2534
486 1510
486 998
486 502
486 494
486 488
486 2278
486 1254
486 742
486 2406
486 1382
486 870
486 2470
486 1446
486 934
486 2502
486 1478
486 966
486 2530
486 1506
486 994
486 498
486 490
486 2533
486 1509
486 997
486 501
486 493
486 487
487 2535
487 1511
487 999
487 503
487 495
487 488
487 2279
487 1255
487 743
487 2407
487 1383
487 871
487 2471
487 1447
487 935
487 2503
487 1479
487 967
487 2531
487 1507
487 995
487 499
487 491
487 2533
487 1509
487 997
487 501
487 493
488 2536
488 1512
488 1000
488 504
488 496
488 2280
488 1256
488 744
488 2408
488 1384
488 872
488 2472
488 1448
488 936
488 2504
488 1480
488 968
488 2532
488 1508
488 996
488 500
488 492
488 2534
488 1510
488 998
488 502
488 494
488 2535
488 1511
488 999
488 503
488 495
489 2537
489 1513
489 1001
489 505
489 493
489 491
489 490
489 2281
489 1257
489 745
489 2409
489 1385
489 873
489 2473
489 1449
489 937
489 2505
489 1481
489 969
489 2529
489 1505
489 993
489 497
490 2538
490 1514
490 1002
490 506
490 494
490 492
490 2282
490 1258
490 746
490 2410
490 1386
490 874
490 2474
490 1450
490 938
490 2506
490 1482
490 970
490 2530
490 1506
490 994
490 498
490 2537
490 1513
490 1001
490 505
490 493
490 491
491 2539
491 1515
491 1003
491 507
491 495
491 492
491 2283
491 1259
491 747
491 2411
491 1387
491 875
491 2475
491 1451
491 939
491 2507
491 1483
491 971
491 2531
491 1507
491 995
491 499
491 2537
491 1513
491 1001
491 505
491 493
492 2540
492 1516
492 1004
492 508
492 496
492 2284
492 1260
492 748
492 2412
492 1388
492 876
492 2476
492 1452
492 940
492 2508
492 1484
492 972
492 2532
492 1508
492 996
492 500
492 2538
492 1514
492 1002
492 506
492 494
492 2539
492 1515
492 1003
492 507
492 495
493 2541
493 1517
493 1005
493 509
493 495
493 494
493 2285
493 1261
493 749
493 2413
493 1389
493 877
493 2477
493 1453
493 941
493 2509
493 1485
493 973
493 2533
493 1509
493 997
493 501
493 2537
493 1513
493 1001
493 505
494 2542
494 1518
494 1006
494 510
494 496
494 2286
494 1262
494 750
494 2414
494 1390
494 878
494 2478
494 1454
494 942
494 2510
494 1486
494 974
494 2534
494 1510
494 998
494 502
494 2538
494 1514
494 1002
494 506
494 2541
494 1517
494 1005
494 509
494 495
495 2543
495 1519
495 1007
495 511
495 496
495 2287
495 1263
495 751
495 2415
495 1391
495 879
495 2479
495 1455
495 943
495 2511
495 1487
495 975
495 2535
495 1511
495 999
495 503
495 2539
495 1515
495 1003
495 507
495 2541
495 1517
495 1005
495 509
496 2544
496 1520
496 1008
496 512
496 2288
496 1264
496 752
496 2416
496 1392
496 880
496 2480
496 1456
496 944
496 2512
496 1488
496 976
496 2536
496 1512
496 1000
496 504
496 2540
496 1516
496 1004
496 508
496 2542
496 1518
496 1006
496 510
496 2543
496 1519
496 1007
496 511
497 2545
497 1521
497 1009
497 505
497 501
497 499
497 498
497 2289
497 1265
497 753
497 2417
497 1393
497 881
497 2481
497 1457
497 945
497 2513
497 1489
497 977
497 2529
497 1505
497 993
498 2546
498 1522
498 1010
498 506
498 502
498 500
498 2290
498 1266
498 754
498 2418
498 1394
498 882
498 2482
498 1458
498 946
498 2514
498 1490
498 978
498 2530
498 1506
498 994
498 2545
498 1521
498 1009
498 505
498 501
498 499
499 2547
499 1523
499 1011
499 507
499 503
499 500
499 2291
499 1267
499 755
499 2419
499 1395
499 883
499 2483
499 1459
499 947
499 2515
499 1491
499 979
499 2531
499 1507
499 995
499 2545
499 1521
499 1009
499 505
499 501
500 2548
500 1524
500 1012
500 508
500 504
500 2292
500 1268
500 756
500 2420
500 1396
500 884
500 2484
500 1460
500 948
500 2516
500 1492
500 980
500 2532
500 1508
500 996
500 2546
500 1522
500 1010
500 506
500 502
500 2547
500 1523
500 1011
500 507
500 503
501 2549
501 1525
501 1013
501 509
501 503
501 502
501 2293
501 1269
501 757
501 2421
501 1397
501 885
501 2485
501 1461
501 949
501 2517
501 1493
501 981
501 2533
501 1509
501 997
501 2545
501 1521
501 1009
501 505
502 2550
502 1526
502 1014
502 510
502 504
502 2294
502 1270
502 758
502 2422
502 1398
502 886
502 2486
502 1462
502 950
502 2518
502 1494
502 982
502 2534
502 1510
502 998
502 2546
502 1522
502 1010
502 506
502 2549
502 1525
502 1013
502 509
502 503
503 2551
503 1527
503 1015
503 511
503 504
503 2295
503 1271
503 759
503 2423
503 1399
503 887
503 2487
503 1463
503 951
503 2519
503 1495
503 983
503 2535
503 1511
503 999
503 2547
503 1523
503 1011
503 507
503 2549
503 1525
503 1013
503 509
504 2552
504 1528
504 1016
504 512
504 2296
504 1272
504 760
504 2424
504 1400
504 888
504 2488
504 1464
504 952
504 2520
504 1496
504 984
504 2536
504 1512
504 1000
504 2548
504 1524
504 1012
504 508
504 2550
504 1526
504 1014
504 510
504 2551
504 1527
504 1015
504 511
505 2553
505 1529
505 1017
505 509
505 507
505 506
505 2297
505 1273
505 761
505 2425
505 1401
505 889
505 2489
505 1465
505 953
505 2521
505 1497
505 985
505 2537
505 1513
505 1001
505 2545
505 1521
505 1009
506 2554
506 1530
506 1018
506 510
506 508
506 2298
506 1274
506 762
506 2426
506 1402
506 890
506 2490
506 1466
506 954
506 2522
506 1498
506 986
506 2538
506 1514
506 1002
506 2546
506 1522
506 1010
506 2553
506 1529
506 1017
506 509
506 507
507 2555
507 1531
507 1019
507 511
507 508
507 2299
507 1275
507 763
507 2427
507 1403
507 891
507 2491
507 1467
507 955
507 2523
507 1499
507 987
507 2539
507 1515
507 1003
507 2547
507 1523
507 1011
507 2553
507 1529
507 1017
507 509
508 2556
508 1532
508 1020
508 512
508 2300
508 1276
508 764
508 2428
508 1404
508 892
508 2492
508 1468
508 956
508 2524
508 1500
508 988
508 2540
508 1516
508 1004
508 2548
508 1524
508 1012
508 2554
508 1530
508 1018
508 510
508 2555
508 1531
508 1019
508 511
509 2557
509 1533
509 1021
509 511
509 510
509 2301
509 1277
509 765
509 2429
509 1405
509 893
509 2493
509 1469
509 957
509 2525
509 1501
509 989
509 2541
509 1517
509 1005
509 2549
509 1525
509 1013
509 2553
509 1529
509 1017
510 2558
510 1534
510 1022
510 512
510 2302
510 1278
510 766
510 2430
510 1406
510 894
510 2494
510 1470
510 958
510 2526
510 1502
510 990
510 2542
510 1518
510 1006
510 2550
510 1526
510 1014
510 2554
510 1530
510 1018
510 2557
510 1533
510 1021
510 511
511 2559
511 1535
511 1023
511 512
511 2303
511 1279
511 767
511 2431
511 1407
511 895
511 2495
511 1471
511 959
511 2527
511 1503
511 991
511 2543
511 1519
511 1007
511 2551
511 1527
511 1015
511 2555
511 1531
511 1019
511 2557
511 1533
511 1021
512 2560
512 1536
512 1024
512 2304
512 1280
512 768
512 2432
512 1408
512 896
512 2496
512 1472
512 960
512 2528
512 1504
512 992
512 2544
512 1520
512 1008
512 2552
512 1528
512 1016
512 2556
512 1532
512 1020
512 2558
512 1534
512 1022
512 2559
512 1535
512 1023
513 2561
513 1537
513 769
513 641
513 577
513 545
513 529
513 521
513 517
513 515
513 514
513 2049
513 1025
514 2562
514 1538
514 770
514 642
514 578
514 546
514 530
514 522
514 518
514 516
514 2050
514 1026
514 2561
514 1537
514 769
514 641
514 577
514 545
514 529
514 521
514 517
514 515
515 2563
515 1539
515 771
515 643
515 579
515 547
515 531
515 523
515 519
515 516
515 2051
515 1027
515 2561
515 1537
515 769
515 641
515 577
515 545
515 529
515 521
515 517
516 2564
516 1540
516 772
516 644
516 580
516 548
516 532
516 524
516 520
516 2052
516 1028
516 2562
516 1538
516 770
516 642
516 578
516 546
516 530
516 522
516 518
516 2563
516 1539
516 771
516 643
516 579
516 547
516 531
516 523
516 519
517 2565
517 1541
517 773
517 645
517 581
517 549
517 533
517 525
517 519
517 518
517 2053
517 1029
517 2561
517 1537
517 769
517 641
517 577
517 545
517 529
517 521
518 2566
518 1542
518 774
518 646
518 582
518 550
518 534
518 526
518 520
518 2054
518 1030
518 2562
518 1538
518 770
518 642
518 578
518 546
518 530
518 522
518 2565
518 1541
518 773
518 645
518 581
518 549
518 533
518 525
518 519
519 2567
519 1543
519 775
519 647
519 583
519 551
519 535
519 527
519 520
519 2055
519 1031
519 2563
519 1539
519 771
519 643
519 579
519 547
519 531
519 523
519 2565
519 1541
519 773
519 645
519 581
519 549
519 533
519 525
520 2568
520 1544
520 776
520 648
520 584
520 552
520 536
520 528
520 2056
520 1032
520 2564
520 1540
520 772
520 644
520 580
520 548
520 532
520 524
520 2566
520 1542
520 774
520 646
520 582
520 550
520 534
520 526
520 2567
520 1543
520 775
520 647
520 583
520 551
520 535
520 527
521 2569
521 1545
521 777
521 649
521 585
521 553
521 537
521 525
521 523
521 522
521 2057
521 1033
521 2561
521 1537
521 769
521 641
521 577
521 545
521 529
522 2570
522 1546
522 778
522 650
522 586
522 554
522 538
522 526
522 524
522 2058
522 1034
522 2562
522 1538
522 770
522 642
522 578
522 546
522 530
522 2569
522 1545
522 777
522 649
522 585
522 553
522 537
522 525
522 523
523 2571
523 1547
523 779
523 651
523 587
523 555
523 539
523 527
523 524
523 2059
523 1035
523 2563
523 1539
523 771
523 643
523 579
523 547
523 531
523 2569
523 1545
523 777
523 649
523 585
523 553
523 537
523 525
524 2572
524 1548
524 780
524 652
524 588
524 556
524 540
524 528
524 2060
524 1036
524 2564
524 1540
524 772
524 644
524 580
524 548
524 532
524 2570
524 1546
524 778
524 650
524 586
524 554
524 538
524 526
524 2571
524 1547
524 779
524 651
524 587
524 555
524 539
524 527
525 2573
525 1549
525 781
525 653
525 589
525 557
525 541
525 527
525 526
525 2061
525 1037
525 2565
525 1541
525 773
525 645
525 581
525 549
525 533
525 2569
525 1545
525 777
525 649
525 585
525 553
525 537
526 2574
526 1550
526 782
526 654
526 590
526 558
526 542
526 528
526 2062
526 1038
526 2566
526 1542
526 774
526 646
526 582
526 550
526 534
526 2570
526 1546
526 778
526 650
526 586
526 554
526 538
526 2573
526 1549
526 781
526 653
526 589
526 557
526 541
526 527
527 2575
527 1551
527 783
527 655
527 591
527 559
527 543
527 528
527 2063
527 1039
527 2567
527 1543
527 775
527 647
527 583
527 551
527 535
527 2571
527 1547
527 779
527 651
527 587
527 555
527 539
527 2573
527 1549
527 781
527 653
527 589
527 557
527 541
528 2576
528 1552
528 784
528 656
528 592
528 560
528 544
528 2064
528 1040
528 2568
528 1544
528 776
528 648
528 584
528 552
528 536
528 2572
528 1548
528 780
528 652
528 588
528 556
528 540
528 2574
528 1550
528 782
528 654
528 590
528 558
528 542
528 2575
528 1551
528 783
528 655
528 591
528 559
528 543
529 2577
529 1553
529 785
529 657
529 593
529 561
529 537
529 533
529 531
529 530
529 2065
529 1041
529 2561
529 1537
529 769
529 641
529 577
529 545
530 2578
530 1554
530 786
530 658
530 594
530 562
530 538
530 534
530 532
530 2066
530 1042
530 2562
530 1538
530 770
530 642
530 578
530 546
530 2577
530 1553
530 785
530 657
530 593
530 561
530 537
530 533
530 531
531 2579
531 1555
531 787
531 659
531 595
531 563
531 539
531 535
531 532
531 2067
531 1043
531 2563
531 1539
531 771
531 643
531 579
531 547
531 2577
531 1553
531 785
531 657
531 593
531 561
531 537
531 533
532 2580
532 1556
532 788
532 660
532 596
532 564
532 540
532 536
532 2068
532 1044
532 2564
532 1540
532 772
532 644
532 580
532 548
532 2578
532 1554
532 786
532 658
532 594
532 562
532 538
532 534
532 2579
532 1555
532 787
532 659
532 595
532 563
532 539
532 535
533 2581
533 1557
533 789
533 661
533 597
533 565
533 541
533 535
533 534
533 2069
533 1045
533 2565
533 1541
533 773
533 645
533 581
533 549
533 2577
533 1553
533 785
533 657
533 593
533 561
533 537
534 2582
534 1558
534 790
534 662
534 598
534 566
534 542
534 536
534 2070
534 1046
534 2566
534 1542
534 774
534 646
534 582
534 550
534 2578
534 1554
534 786
534 658
534 594
534 562
534 538
534 2581
534 1557
534 789
534 661
534 597
534 565
534 541
534 535
535 2583
535 1559
535 791
535 663
535 599
535 567
535 543
535 536
535 2071
535 1047
535 2567
535 1543
535 775
535 647
535 583
535 551
535 2579
535 1555
535 787
535 659
535 595
535 563
535 539
535 2581
535 1557
535 789
535 661
535 597
535 565
535 541
536 2584
536 1560
536 792
536 664
536 600
536 568
536 544
536 2072
536 1048
536 2568
536 1544
536 776
536 648
536 584
536 552
536 2580
536 1556
536 788
536 660
536 596
536 564
536 540
536 2582
536 1558
536 790
536 662
536 598
536 566
536 542
536 2583
536 1559
536 791
536 663
536 599
536 567
536 543
537 2585
537 1561
537 793
537 665
537 601
537 569
537 541
537 539
537 538
537 2073
537 1049
537 2569
537 1545
537 777
537 649
537 585
537 553
537 2577
537 1553
537 785
537 657
537 593
537 561
538 2586
538 1562
538 794
538 666
538 602
538 570
538 542
538 540
538 2074
538 1050
538 2570
538 1546
538 778
538 650
538 586
538 554
538 2578
538 1554
538 786
538 658
538 594
538 562
538 2585
538 1561
538 793
538 665
538 601
538 569
538 541
538 539
539 2587
539 1563
539 795
539 667
539 603
539 571
539 543
539 540
539 2075
539 1051
539 2571
539 1547
539 779
539 651
539 587
539 555
539 2579
539 1555
539 787
539 659
539 595
539 563
539 2585
539 1561
539 793
539 665
539 601
539 569
539 541
540 2588
540 1564
540 796
540 668
540 604
540 572
540 544
540 2076
540 1052
540 2572
540 1548
540 780
540 652
540 588
540 556
540 2580
540 1556
540 788
540 660
540 596
540 564
540 2586
540 1562
540 794
540 666
540 602
540 570
540 542
540 2587
540 1563
540 795
540 667
540 603
540 571
540 543
541 2589
541 1565
541 797
541 669
541 605
541 573
541 543
541 542
541 2077
541 1053
541 2573
541 1549
541 781
541 653
541 589
541 557
541 2581
541 1557
541 789
541 661
541 597
541 565
541 2585
541 1561
541 793
541 665
541 601
541 569
542 2590
542 1566
542 798
542 670
542 606
542 574
542 544
542 2078
542 1054
542 2574
542 1550
542 782
542 654
542 590
542 558
542 2582
542 1558
542 790
542 662
542 598
542 566
542 2586
542 1562
542 794
542 666
542 602
542 570
542 2589
542 1565
542 797
542 669
542 605
542 573
542 543
543 2591
543 1567
543 799
543 671
543 607
543 575
543 544
543 2079
543 1055
543 2575
543 1551
543 783
543 655
543 591
543 559
543 2583
543 1559
543 791
543 663
543 599
543 567
543 2587
543 1563
543 795
543 667
543 603
543 571
543 2589
543 1565
543 797
543 669
543 605
543 573
544 2592
544 1568
544 800
544 672
544 608
544 576
544 2080
544 1056
544 2576
544 1552
544 784
544 656
544 592
544 560
544 2584
544 1560
544 792
544 664
544 600
544 568
544 2588
544 1564
544 796
544 668
544 604
544 572
544 2590
544 1566
544 798
544 670
544 606
544 574
544 2591
544 1567
544 799
544 671
544 607
544 575
545 2593
545 1569
545 801
545 673
545 609
545 561
545 553
545 549
545 547
545 546
545 2081
545 1057
545 2561
545 1537
545 769
545 641
545 577
546 2594
546 1570
546 802
546 674
546 610
546 562
546 554
546 550
546 548
546 2082
546 1058
546 2562
546 1538
546 770
546 642
546 578
546 2593
546 1569
546 801
546 673
546 609
546 561
546 553
546 549
546 547
547 2595
547 1571
547 803
547 675
547 611
547 563
547 555
547 551
547 548
547 2083
547 1059
547 2563
547 1539
547 771
547 643
547 579
547 2593
547 1569
547 801
547 673
547 609
547 561
547 553
547 549
548 2596
548 1572
548 804
548 676
548 612
548 564
548 556
548 552
548 2084
548 1060
548 2564
548 1540
548 772
548 644
548 580
548 2594
548 1570
548 802
548 674
548 610
548 562
548 554
548 550
548 2595
548 1571
548 803
548 675
548 611
548 563
548 555
548 551
549 2597
549 1573
549 805
549 677
549 613
549 565
549 557
549 551
549 550
549 2085
549 1061
549 2565
549 1541
549 773
549 645
549 581
549 2593
549 1569
549 801
549 673
549 609
549 561
549 553
550 2598
550 1574
550 806
550 678
550 614
550 566
550 558
550 552
550 2086
550 1062
550 2566
550 1542
550 774
550 646
550 582
550 2594
550 1570
550 802
550 674
550 610
550 562
550 554
550 2597
550 1573
550 805
550 677
550 613
550 565
550 557
550 551
551 2599
551 1575
551 807
551 679
551 615
551 567
551 559
551 552
551 2087
551 1063
551 2567
551 1543
551 775
551 647
551 583
551 2595
551 1571
551 803
551 675
551 611
551 563
551 555
551 2597
551 1573
551 805
551 677
551 613
551 565
551 557
552 2600
552 1576
552 808
552 680
552 616
552 568
552 560
552 2088
552 1064
552 2568
552 1544
552 776
552 648
552 584
552 2596
552 1572
552 804
552 676
552 612
552 564
552 556
552 2598
552 1574
552 806
552 678
552 614
552 566
552 558
552 2599
552 1575
552 807
552 679
552 615
552 567
552 559
553 2601
553 1577
553 809
553 681
553 617
553 569
553 557
553 555
553 554
553 2089
553 1065
553 2569
553 1545
553 777
553 649
553 585
553 2593
553 1569
553 801
553 673
553 609
553 561
554 2602
554 1578
554 810
554 682
554 618
554 570
554 558
554 556
554 2090
554 1066
554 2570
554 1546
554 778
554 650
554 586
554 2594
554 1570
554 802
554 674
554 610
554 562
554 2601
554 1577
554 809
554 681
554 617
554 569
554 557
554 555
555 2603
555 1579
555 811
555 683
555 619
555 571
555 559
555 556
555 2091
555 1067
555 2571
555 1547
555 779
555 651
555 587
555 2595
555 1571
555 803
555 675
555 611
555 563
555 2601
555 1577
555 809
555 681
555 617
555 569
555 557
556 2604
556 1580
556 812
556 684
556 620
556 572
556 560
556 2092
556 1068
556 2572
556 1548
556 780
556 652
556 588
556 2596
556 1572
556 804
556 676
556 612
556 564
556 2602
556 1578
556 810
556 682
556 618
556 570
556 558
556 2603
556 1579
556 811
556 683
556 619
556 571
556 559
557 2605
557 1581
557 813
557 685
557 621
557 573
557 559
557 558
557 2093
557 1069
557 2573
557 1549
557 781
557 653
557 589
557 2597
557 1573
557 805
557 677
557 613
557 565
557 2601
557 1577
557 809
557 681
557 617
557 569
558 2606
558 1582
558 814
558 686
558 622
558 574
558 560
558 2094
558 1070
558 2574
558 1550
558 782
558 654
558 590
558 2598
558 1574
558 806
558 678
558 614
558 566
558 2602
558 1578
558 810
558 682
558 618
558 570
558 2605
558 1581
558 813
558 685
558 621
558 573
558 559
559 2607
559 1583
559 815
559 687
559 623
559 575
559 560
559 2095
559 1071
559 2575
559 1551
559 783
559 655
559 591
559 2599
559 1575
559 807
559 679
559 615
559 567
559 2603
559 1579
559 811
559 683
559 619
559 571
559 2605
559 1581
559 813
559 685
559 621
559 573
560 2608
560 1584
560 816
560 688
560 624
560 576
560 2096
560 1072
560 2576
560 1552
560 784
560 656
560 592
560 2600
560 1576
560 808
560 680
560 616
560 568
560 2604
560 1580
560 812
560 684
560 620
560 572
560 2606
560 1582
560 814
560 686
560 622
560 574
560 2607
560 1583
560 815
560 687
560 623
560 575
561 2609
561 1585
561 817
561 689
561 625
561 569
561 565
561 563
561 562
561 2097
561 1073
561 2577
561 1553
561 785
561 657
561 593
561 2593
561 1569
561 801
561 673
561 609
562 2610
562 1586
562 818
562 690
562 626
562 570
562 566
562 564
562 2098
562 1074
562 2578
562 1554
562 786
562 658
562 594
562 2594
562 1570
562 802
562 674
562 610
562 2609
562 1585
562 817
562 689
562 625
562 569
562 565
562 563
563 2611
563 1587
563 819
563 691
563 627
563 571
563 567
563 564
563 2099
563 1075
563 2579
563 1555
563 787
563 659
563 595
563 2595
563 1571
563 803
563 675
563 611
563 2609
563 1585
563 817
563 689
563 625
563 569
563 565
564 2612
564 1588
564 820
564 692
564 628
564 572
564 568
564 2100
564 1076
564 2580
564 1556
564 788
564 660
564 596
564 2596
564 1572
564 804
564 676
564 612
564 2610
564 1586
564 818
564 690
564 626
564 570
564 566
564 2611
564 1587
564 819
564 691
564 627
564 571
564 567
565 2613
565 1589
565 821
565 693
565 629
565 573
565 567
565 566
565 2101
565 1077
565 2581
565 1557
565 789
565 661
565 597
565 2597
565 1573
565 805
565 677
565 613
565 2609
565 1585
565 817
565 689
565 625
565 569
566 2614
566 1590
566 822
566 694
566 630
566 574
566 568
566 2102
566 1078
566 2582
566 1558
566 790
566 662
566 598
566 2598
566 1574
566 806
566 678
566 614
566 2610
566 1586
566 818
566 690
566 626
566 570
566 2613
566 1589
566 821
566 693
566 629
566 573
566 567
567 2615
567 1591
567 823
567 695
567 631
567 575
567 568
567 2103
567 1079
567 2583
567 1559
567 791
567 663
567 599
567 2599
567 1575
567 807
567 679
567 615
567 2611
567 1587
567 819
567 691
567 627
567 571
567 2613
567 1589
567 821
567 693
567 629
567 573
568 2616
568 1592
568 824
568 696
568 632
568 576
568 2104
568 1080
568 2584
568 1560
568 792
568 664
568 600
568 2600
568 1576
568 808
568 680
568 616
568 2612
568 1588
568 820
568 692
568 628
568 572
568 2614
568 1590
568 822
568 694
568 630
568 574
568 2615
568 1591
568 823
568 695
568 631
568 575
569 2617
569 1593
569 825
569 697
569 633
569 573
569 571
569 570
569 2105
569 1081
569 2585
569 1561
569 793
569 665
569 601
569 2601
569 1577
569 809
569 681
569 617
569 2609
569 1585
569 817
569 689
569 625
570 2618
570 1594
570 826
570 698
570 634
570 574
570 572
570 2106
570 1082
570 2586
570 1562
570 794
570 666
570 602
570 2602
570 1578
570 810
570 682
570 618
570 2610
570 1586
570 818
570 690
570 626
570 2617
570 1593
570 825
570 697
570 633
570 573
570 571
571 2619
571 1595
571 827
571 699
571 635
571 575
571 572
571 2107
571 1083
571 2587
571 1563
571 795
571 667
571 603
571 2603
571 1579
571 811
571 683
571 619
571 2611
571 1587
571 819
571 691
571 627
571 2617
571 1593
571 825
571 697
571 633
571 573
572 2620
572 1596
572 828
572 700
572 636
572 576
572 2108
572 1084
572 2588
572 1564
572 796
572 668
572 604
572 2604
572 1580
572 812
572 684
572 620
572 2612
572 1588
572 820
572 692
572 628
572 2618
572 1594
572 826
572 698
572 634
572 574
572 2619
572 1595
572 827
572 699
572 635
572 575
573 2621
573 1597
573 829
573 701
573 637
573 575
573 574
573 2109
573 1085
573 2589
573 1565
573 797
573 669
573 605
573 2605
573 1581
573 813
573 685
573 621
573 2613
573 1589
573 821
573 693
573 629
573 2617
573 1593
573 825
573 697
573 633
574 2622
574 1598
574 830
574 702
574 638
574 576
574 2110
574 1086
574 2590
574 1566
574 798
574 670
574 606
574 2606
574 1582
574 814
574 686
574 622
574 2614
574 1590
574 822
574 694
574 630
574 2618
574 1594
574 826
574 698
574 634
574 2621
574 1597
574 829
574 701
574 637
574 575
575 2623
575 1599
575 831
575 703
575 639
575 576
575 2111
575 1087
575 2591
575 1567
575 799
575 671
575 607
575 2607
575 1583
575 815
575 687
575 623
575 2615
575 1591
575 823
575 695
575 631
575 2619
575 1595
575 827
575 699
575 635
575 2621
575 1597
575 829
575 701
575 637
576 2624
576 1600
576 832
576 704
576 640
576 2112
576 1088
576 2592
576 1568
576 800
576 672
576 608
576 2608
576 1584
576 816
576 688
576 624
576 2616
576 1592
576 824
576 696
576 632
576 2620
576 1596
576 828
576 700
576 636
576 2622
576 1598
576 830
576 702
576 638
576 2623
576 1599
576 831
576 703
576 639
577 2625
577 1601
577 833
577 705
577 609
577 593
577 585
577 581
577 579
577 578
577 2113
577 1089
577 2561
577 1537
577 769
577 641
578 2626
578 1602
578 834
578 706
578 610
578 594
578 586
578 582
578 580
578 2114
578 1090
578 2562
578 1538
578 770
578 642
578 2625
578 1601
578 833
578 705
578 609
578 593
578 585
578 581
578 579
579 2627
579 1603
579 835
579 707
579 611
579 595
579 587
579 583
579 580
579 2115
579 1091
579 2563
579 1539
579 771
579 643
579 2625
579 1601
579 833
579 705
579 609
579 593
579 585
579 581
580 2628
580 1604
580 836
580 708
580 612
580 596
580 588
580 584
580 2116
580 1092
580 2564
580 1540
580 772
580 644
580 2626
580 1602
580 834
580 706
580 610
580 594
580 586
580 582
580 2627
580 1603
580 835
580 707
580 611
580 595
580 587
580 583
581 2629
581 1605
581 837
581 709
581 613
581 597
581 589
581 583
581 582
581 2117
581 1093
581 2565
581 1541
581 773
581 645
581 2625
581 1601
581 833
581 705
581 609
581 593
581 585
582 2630
582 1606
582 838
582 710
582 614
582 598
582 590
582 584
582 2118
582 1094
582 2566
582 1542
582 774
582 646
582 2626
582 1602
582 834
582 706
582 610
582 594
582 586
582 2629
582 1605
582 837
582 709
582 613
582 597
582 589
582 583
583 2631
583 1607
583 839
583 711
583 615
583 599
583 591
583 584
583 2119
583 1095
583 2567
583 1543
583 775
583 647
583 2627
583 1603
583 835
583 707
583 611
583 595
583 587
583 2629
583 1605
583 837
583 709
583 613
583 597
583 589
584 2632
584 1608
584 840
584 712
584 616
584 600
584 592
584 2120
584 1096
584 2568
584 1544
584 776
584 648
584 2628
584 1604
584 836
584 708
584 612
584 596
584 588
584 2630
584 1606
584 838
584 710
584 614
584 598
584 590
584 2631
584 1607
584 839
584 711
584 615
584 599
584 591
585 2633
585 1609
585 841
585 713
585 617
585 601
585 589
585 587
585 586
585 2121
585 1097
585 2569
585 1545
585 777
585 649
585 2625
585 1601
585 833
585 705
585 609
585 593
586 2634
586 1610
586 842
586 714
586 618
586 602
586 590
586 588
586 2122
586 1098
586 2570
586 1546
586 778
586 650
586 2626
586 1602
586 834
586 706
586 610
586 594
586 2633
586 1609
586 841
586 713
586 617
586 601
586 589
586 587
587 2635
587 1611
587 843
587 715
587 619
587 603
587 591
587 588
587 2123
587 1099
587 2571
587 1547
587 779
587 651
587 2627
587 1603
587 835
587 707
587 611
587 595
587 2633
587 1609
587 841
587 713
587 617
587 601
587 589
588 2636
588 1612
588 844
588 716
588 620
588 604
588 592
588 2124
588 1100
588 2572
588 1548
588 780
588 652
588 2628
588 1604
588 836
588 708
588 612
588 596
588 2634
588 1610
588 842
588 714
588 618
588 602
588 590
588 2635
588 1611
588 843
588 715
588 619
588 603
588 591
589 2637
589 1613
589 845
589 717
589 621
589 605
589 591
589 590
589 2125
589 1101
589 2573
589 1549
589 781
589 653
589 2629
589 1605
589 837
589 709
589 613
589 597
589 2633
589 1609
589 841
589 713
589 617
589 601
590 2638
590 1614
590 846
590 718
590 622
590 606
590 592
590 2126
590 1102
590 2574
590 1550
590 782
590 654
590 2630
590 1606
590 838
590 710
590 614
590 598
590 2634
590 1610
590 842
590 714
590 618
590 602
590 2637
590 1613
590 845
590 717
590 621
590 605
590 591
591 2639
591 1615
591 847
591 719
591 623
591 607
591 592
591 2127
591 1103
591 2575
591 1551
591 783
591 655
591 2631
591 1607
591 839
591 711
591 615
591 599
591 2635
591 1611
591 843
591 715
591 619
591 603
591 2637
591 1613
591 845
591 717
591 621
591 605
592 2640
592 1616
592 848
592 720
592 624
592 608
592 2128
592 1104
592 2576
592 1552
592 784
592 656
592 2632
592 1608
592 840
592 712
592 616
592 600
592 2636
592 1612
592 844
592 716
592 620
592 604
592 2638
592 1614
592 846
592 718
592 622
592 606
592 2639
592 1615
592 847
592 719
592 623
592 607
593 2641
593 1617
593 849
593 721
593 625
593 601
593 597
593 595
593 594
593 2129
593 1105
593 2577
593 1553
593 785
593 657
593 2625
593 1601
593 833
593 705
593 609
594 2642
594 1618
594 850
594 722
594 626
594 602
594 598
594 596
594 2130
594 1106
594 2578
594 1554
594 786
594 658
594 2626
594 1602
594 834
594 706
594 610
594 2641
594 1617
594 849
594 721
594 625
594 601
594 597
594 595
595 2643
595 1619
595 851
595 723
595 627
595 603
595 599
595 596
595 2131
595 1107
595 2579
595 1555
595 787
595 659
595 2627
595 1603
595 835
595 707
595 611
595 2641
595 1617
595 849
595 721
595 625
595 601
595 597
596 2644
596 1620
596 852
596 724
596 628
596 604
596 600
596 2132
596 1108
596 2580
596 1556
596 788
596 660
596 2628
596 1604
596 836
596 708
596 612
596 2642
596 1618
596 850
596 722
596 626
596 602
596 598
596 2643
596 1619
596 851
596 723
596 627
596 603
596 599
597 2645
597 1621
597 853
597 725
597 629
597 605
597 599
597 598
597 2133
597 1109
597 2581
597 1557
597 789
597 661
597 2629
597 1605
597 837
597 709
597 613
597 2641
597 1617
597 849
597 721
597 625
597 601
598 2646
598 1622
598 854
598 726
598 630
598 606
598 600
598 2134
598 1110
598 2582
598 1558
598 790
598 662
598 2630
598 1606
598 838
598 710
598 614
598 2642
598 1618
598 850
598 722
598 626
598 602
598 2645
598 1621
598 853
598 725
598 629
598 605
598 599
599 2647
599 1623
599 855
599 727
599 631
599 607
599 600
599 2135
599 1111
599 2583
599 1559
599 791
599 663
599 2631
599 1607
599 839
599 711
599 615
599 2643
599 1619
599 851
599 723
599 627
599 603
599 2645
599 1621
599 853
599 725
599 629
599 605
600 2648
600 1624
600 856
600 728
600 632
600 608
600 2136
600 1112
600 2584
600 1560
600 792
600 664
600 2632
600 1608
600 840
600 712
600 616
600 2644
600 1620
600 852
600 724
600 628
600 604
600 2646
600 1622
600 854
600 726
600 630
600 606
600 2647
600 1623
600 855
600 727
600 631
600 607
601 2649
601 1625
601 857
601 729
601 633
601 605
601 603
601 602
601 2137
601 1113
601 2585
601 1561
601 793
601 665
601 2633
601 1609
601 841
601 713
601 617
601 2641
601 1617
601 849
601 721
601 625
602 2650
602 1626
602 858
602 730
602 634
602 606
602 604
602 2138
602 1114
602 2586
602 1562
602 794
602 666
602 2634
602 1610
602 842
602 714
602 618
602 2642
602 1618
602 850
602 722
602 626
602 2649
602 1625
602 857
602 729
602 633
602 605
602 603
603 2651
603 1627
603 859
603 731
603 635
603 607
603 604
603 2139
603 1115
603 2587
603 1563
603 795
603 667
603 2635
603 1611
603 843
603 715
603 619
603 2643
603 1619
603 851
603 723
603 627
603 2649
603 1625
603 857
603 729
603 633
603 605
604 2652
604 1628
604 860
604 732
604 636
604 608
604 2140
604 1116
604 2588
604 1564
604 796
604 668
604 2636
604 1612
604 844
604 716
604 620
604 2644
604 1620
604 852
604 724
604 628
604 2650
604 1626
604 858
604 730
604 634
604 606
604 2651
604 1627
604 859
604 731
604 635
604 607
605 2653
605 1629
605 861
605 733
605 637
605 607
605 606
605 2141
605 1117
605 2589
605 1565
605 797
605 669
605 2637
605 1613
605 845
605 717
605 621
605 2645
605 1621
605 853
605 725
605 629
605 2649
605 1625
605 857
605 729
605 633
606 2654
606 1630
606 862
606 734
606 638
606 608
606 2142
606 1118
606 2590
606 1566
606 798
606 670
606 2638
606 1614
606 846
606 718
606 622
606 2646
606 1622
606 854
606 726
606 630
606 2650
606 1626
606 858
606 730
606 634
606 2653
606 1629
606 861
606 733
606 637
606 607
607 2655
607 1631
607 863
607 735
607 639
607 608
607 2143
607 1119
607 2591
607 1567
607 799
607 671
607 2639
607 1615
607 847
607 719
607 623
607 2647
607 1623
607 855
607 727
607 631
607 2651
607 1627
607 859
607 731
607 635
607 2653
607 1629
607 861
607 733
607 637
608 2656
608 1632
608 864
608 736
608 640
608 2144
608 1120
608 2592
608 1568
608 800
608 672
608 2640
608 1616
608 848
608 720
608 624
608 2648
608 1624
608 856
608 728
608 632
608 2652
608 1628
608 860
608 732
608 636
608 2654
608 1630
608 862
608 734
608 638
608 2655
608 1631
608 863
608 735
608 639
609 2657
609 1633
609 865
609 737
609 625
609 617
609 613
609 611
609 610
609 2145
609 1121
609 2593
609 1569
609 801
609 673
609 2625
609 1601
609 833
609 705
610 2658
610 1634
610 866
610 738
610 626
610 618
610 614
610 612
610 2146
610 1122
610 2594
610 1570
610 802
610 674
610 2626
610 1602
610 834
610 706
610 2657
610 1633
610 865
610 737
610 625
610 617
610 613
610 611
611 2659
611 1635
611 867
611 739
611 627
611 619
611 615
611 612
611 2147
611 1123
611 2595
611 1571
611 803
611 675
611 2627
611 1603
611 835
611 707
611 2657
611 1633
611 865
611 737
611 625
611 617
611 613
612 2660
612 1636
612 868
612 740
612 628
612 620
612 616
612 2148
612 1124
612 2596
612 1572
612 804
612 676
612 2628
612 1604
612 836
612 708
612 2658
612 1634
612 866
612 738
612 626
612 618
612 614
612 2659
612 1635
612 867
612 739
612 627
612 619
612 615
613 2661
613 1637
613 869
613 741
613 629
613 621
613 615
613 614
613 2149
613 1125
613 2597
613 1573
613 805
613 677
613 2629
613 1605
613 837
613 709
613 2657
613 1633
613 865
613 737
613 625
613 617
614 2662
614 1638
614 870
614 742
614 630
614 622
614 616
614 2150
614 1126
614 2598
614 1574
614 806
614 678
614 2630
614 1606
614 838
614 710
614 2658
614 1634
614 866
614 738
614 626
614 618
614 2661
614 1637
614 869
614 741
614 629
614 621
614 615
615 2663
615 1639
615 871
615 743
615 631
615 623
615 616
615 2151
615 1127
615 2599
615 1575
615 807
615 679
615 2631
615 1607
615 839
615 711
615 2659
615 1635
615 867
615 739
615 627
615 619
615 2661
615 1637
615 869
615 741
615 629
615 621
616 2664
616 1640
616 872
616 744
616 632
616 624
616 2152
616 1128
616 2600
616 1576
616 808
616 680
616 2632
616 1608
616 840
616 712
616 2660
616 1636
616 868
616 740
616 628
616 620
616 2662
616 1638
616 870
616 742
616 630
616 622
616 2663
616 1639
616 871
616 743
616 631
616 623
617 2665
617 1641
617 873
617 745
617 633
617 621
617 619
617 618
617 2153
617 1129
617 2601
617 1577
617 809
617 681
617 2633
617 1609
617 841
617 713
617 2657
617 1633
617 865
617 737
617 625
618 2666
618 1642
618 874
618 746
618 634
618 622
618 620
618 2154
618 1130
618 2602
618 1578
618 810
618 682
618 2634
618 1610
618 842
618 714
618 2658
618 1634
618 866
618 738
618 626
618 2665
618 1641
618 873
618 745
618 633
618 621
618 619
619 2667
619 1643
619 875
619 747
619 635
619 623
619 620
619 2155
619 1131
619 2603
619 1579
619 811
619 683
619 2635
619 1611
619 843
619 715
619 2659
619 1635
619 867
619 739
619 627
619 2665
619 1641
619 873
619 745
619 633
619 621
620 2668
620 1644
620 876
620 748
620 636
620 624
620 2156
620 1132
620 2604
620 1580
620 812
620 684
620 2636
620 1612
620 844
620 716
620 2660
620 1636
620 868
620 740
620 628
620 2666
620 1642
620 874
620 746
620 634
620 622
620 2667
620 1643
620 875
620 747
620 635
620 623
621 2669
621 1645
621 877
621 749
621 637
621 623
621 622
621 2157
621 1133
621 2605
621 1581
621 813
621 685
621 2637
621 1613
621 845
621 717
621 2661
621 1637
621 869
621 741
621 629
621 2665
621 1641
621 873
621 745
621 633
622 2670
622 1646
622 878
622 750
622 638
622 624
622 2158
622 1134
622 2606
622 1582
622 814
622 686
622 2638
622 1614
622 846
622 718
622 2662
622 1638
622 870
622 742
622 630
622 2666
622 1642
622 874
622 746
622 634
622 2669
622 1645
622 877
622 749
622 637
622 623
623 2671
623 1647
623 879
623 751
623 639
623 624
623 2159
623 1135
623 2607
623 1583
623 815
623 687
623 2639
623 1615
623 847
623 719
623 2663
623 1639
623 871
623 743
623 631
623 2667
623 1643
623 875
623 747
623 635
623 2669
623 1645
623 877
623 749
623 637
624 2672
624 1648
624 880
624 752
624 640
624 2160
624 1136
624 2608
624 1584
624 816
624 688
624 2640
624 1616
624 848
624 720
624 2664
624 1640
624 872
624 744
624 632
624 2668
624 1644
624 876
624 748
624 636
624 2670
624 1646
624 878
624 750
624 638
624 2671
624 1647
624 879
624 751
624 639
625 2673
625 1649
625 881
625 753
625 633
625 629
625 627
625 626
625 2161
625 1137
625 2609
625 1585
625 817
625 689
625 2641
625 1617
625 849
625 721
625 2657
625 1633
625 865
625 737
626 2674
626 1650
626 882
626 754
626 634
626 630
626 628
626 2162
626 1138
626 2610
626 1586
626 818
626 690
626 2642
626 1618
626 850
626 722
626 2658
626 1634
626 866
626 738
626 2673
626 1649
626 881
626 753
626 633
626 629
626 627
627 2675
627 1651
627 883
627 755
627 635
627 631
627 628
627 2163
627 1139
627 2611
627 1587
627 819
627 691
627 2643
627 1619
627 851
627 723
627 2659
627 1635
627 867
627 739
627 2673
627 1649
627 881
627 753
627 633
627 629
628 2676
628 1652
628 884
628 756
628 636
628 632
628 2164
628 1140
628 2612
628 1588
628 820
628 692
628 2644
628 1620
628 852
628 724
628 2660
628 1636
628 868
628 740
628 2674
628 1650
628 882
628 754
628 634
628 630
628 2675
628 1651
628 883
628 755
628 635
628 631
629 2677
629 1653
629 885
629 757
629 637
629 631
629 630
629 2165
629 1141
629 2613
629 1589
629 821
629 693
629 2645
629 1621
629 853
629 725
629 2661
629 1637
629 869
629 741
629 2673
629 1649
629 881
629 753
629 633
630 2678
630 1654
630 886
630 758
630 638
630 632
630 2166
630 1142
630 2614
630 1590
630 822
630 694
630 2646
630 1622
630 854
630 726
630 2662
630 1638
630 870
630 742
630 2674
630 1650
630 882
630 754
630 634
630 2677
630 1653
630 885
630 757
630 637
630 631
631 2679
631 1655
631 887
631 759
631 639
631 632
631 2167
631 1143
631 2615
631 1591
631 823
631 695
631 2647
631 1623
631 855
631 727
631 2663
631 1639
631 871
631 743
631 2675
631 1651
631 883
631 755
631 635
631 2677
631 1653
631 885
631 757
631 637
632 2680
632 1656
632 888
632 760
632 640
632 2168
632 1144
632 2616
632 1592
632 824
632 696
632 2648
632 1624
632 856
632 728
632 2664
632 1640
632 872
632 744
632 2676
632 1652
632 884
632 756
632 636
632 2678
632 1654
632 886
632 758
632 638
632 2679
632 1655
632 887
632 759
632 639
633 2681
633 1657
633 889
633 761
633 637
633 635
633 634
633 2169
633 1145
633 2617
633 1593
633 825
633 697
633 2649
633 1625
633 857
633 729
633 2665
633 1641
633 873
633 745
633 2673
633 1649
633 881
633 753
634 2682
634 1658
634 890
634 762
634 638
634 636
634 2170
634 1146
634 2618
634 1594
634 826
634 698
634 2650
634 1626
634 858
634 730
634 2666
634 1642
634 874
634 746
634 2674
634 1650
634 882
634 754
634 2681
634 1657
634 889
634 761
634 637
634 635
635 2683
635 1659
635 891
635 763
635 639
635 636
635 2171
635 1147
635 2619
635 1595
635 827
635 699
635 2651
635 1627
635 859
635 731
635 2667
635 1643
635 875
635 747
635 2675
635 1651
635 883
635 755
635 2681
635 1657
635 889
635 761
635 637
636 2684
636 1660
636 892
636 764
636 640
636 2172
636 1148
636 2620
636 1596
636 828
636 700
636 2652
636 1628
636 860
636 732
636 2668
636 1644
636 876
636 748
636 2676
636 1652
636 884
636 756
636 2682
636 1658
636 890
636 762
636 638
636 2683
636 1659
636 891
636 763
636 639
637 2685
637 1661
637 893
637 765
637 639
637 638
637 2173
637 1149
637 2621
637 1597
637 829
637 701
637 2653
637 1629
637 861
637 733
637 2669
637 1645
637 877
637 749
637 2677
637 1653
637 885
637 757
637 2681
637 1657
637 889
637 761
638 2686
638 1662
638 894
638 766
638 640
638 2174
638 1150
638 2622
638 1598
638 830
638 702
638 2654
638 1630
638 862
638 734
638 2670
638 1646
638 878
638 750
638 2678
638 1654
638 886
638 758
638 2682
638 1658
638 890
638 762
638 2685
638 1661
638 893
638 765
638 639
639 2687
639 1663
639 895
639 767
639 640
639 2175
639 1151
639 2623
639 1599
639 831
639 703
639 2655
639 1631
639 863
639 735
639 2671
639 1647
639 879
639 751
639 2679
639 1655
639 887
639 759
639 2683
639 1659
639 891
639 763
639 2685
639 1661
639 893
639 765
640 2688
640 1664
640 896
640 768
640 2176
640 1152
640 2624
640 1600
640 832
640 704
640 2656
640 1632
640 864
640 736
640 2672
640 1648
640 880
640 752
640 2680
640 1656
640 888
640 760
640 2684
640 1660
640 892
640 764
640 2686
640 1662
640 894
640 766
640 2687
640 1663
640 895
640 767
641 2689
641 1665
641 897
641 705
641 673
641 657
641 649
641 645
641 643
641 642
641 2177
641 1153
641 2561
641 1537
641 769
642 2690
642 1666
642 898
642 706
642 674
642 658
642 650
642 646
642 644
642 2178
642 1154
642 2562
642 1538
642 770
642 2689
642 1665
642 897
642 705
642 673
642 657
642 649
642 645
642 643
643 2691
643 1667
643 899
643 707
643 675
643 659
643 651
643 647
643 644
643 2179
643 1155
643 2563
643 1539
643 771
643 2689
643 1665
643 897
643 705
643 673
643 657
643 649
643 645
644 2692
644 1668
644 900
644 708
644 676
644 660
644 652
644 648
644 2180
644 1156
644 2564
644 1540
644 772
644 2690
644 1666
644 898
644 706
644 674
644 658
644 650
644 646
644 2691
644 1667
644 899
644 707
644 675
644 659
644 651
644 647
645 2693
645 1669
645 901
645 709
645 677
645 661
645 653
645 647
645 646
645 2181
645 1157
645 2565
645 1541
645 773
645 2689
645 1665
645 897
645 705
645 673
645 657
645 649
646 2694
646 1670
646 902
646 710
646 678
646 662
646 654
646 648
646 2182
646 1158
646 2566
646 1542
646 774
646 2690
646 1666
646 898
646 706
646 674
646 658
646 650
646 2693
646 1669
646 901
646 709
646 677
646 661
646 653
646 647
647 2695
647 1671
647 903
647 711
647 679
647 663
647 655
647 648
647 2183
647 1159
647 2567
647 1543
647 775
647 2691
647 1667
647 899
647 707
647 675
647 659
647 651
647 2693
647 1669
647 901
647 709
647 677
647 661
647 653
648 2696
648 1672
648 904
648 712
648 680
648 664
648 656
648 2184
648 1160
648 2568
648 1544
648 776
648 2692
648 1668
648 900
648 708
648 676
648 660
648 652
648 2694
648 1670
648 902
648 710
648 678
648 662
648 654
648 2695
648 1671
648 903
648 711
648 679
648 663
648 655
649 2697
649 1673
649 905
649 713
649 681
649 665
649 653
649 651
649 650
649 2185
649 1161
649 2569
649 1545
649 777
649 2689
649 1665
649 897
649 705
649 673
649 657
650 2698
650 1674
650 906
650 714
650 682
650 666
650 654
650 652
650 2186
650 1162
650 2570
650 1546
650 778
650 2690
650 1666
650 898
650 706
650 674
650 658
650 2697
650 1673
650 905
650 713
650 681
650 665
650 653
650 651
651 2699
651 1675
651 907
651 715
651 683
651 667
651 655
651 652
651 2187
651 1163
651 2571
651 1547
651 779
651 2691
651 1667
651 899
651 707
651 675
651 659
651 2697
651 1673
651 905
651 713
651 681
651 665
651 653
652 2700
652 1676
652 908
652 716
652 684
652 668
652 656
652 2188
652 1164
652 2572
652 1548
652 780
652 2692
652 1668
652 900
652 708
652 676
652 660
652 2698
652 1674
652 906
652 714
652 682
652 666
652 654
652 2699
652 1675
652 907
652 715
652 683
652 667
652 655
653 2701
653 1677
653 909
653 717
653 685
653 669
653 655
653 654
653 2189
653 1165
653 2573
653 1549
653 781
653 2693
653 1669
653 901
653 709
653 677
653 661
653 2697
653 1673
653 905
653 713
653 681
653 665
654 2702
654 1678
654 910
654 718
654 686
654 670
654 656
654 2190
654 1166
654 2574
654 1550
654 782
654 2694
654 1670
654 902
654 710
654 678
654 662
654 2698
654 1674
654 906
654 714
654 682
654 666
654 2701
654 1677
654 909
654 717
654 685
654 669
654 655
655 2703
655 1679
655 911
655 719
655 687
655 671
655 656
655 2191
655 1167
655 2575
655 1551
655 783
655 2695
655 1671
655 903
655 711
655 679
655 663
655 2699
655 1675
655 907
655 715
655 683
655 667
655 2701
655 1677
655 909
655 717
655 685
655 669
656 2704
656 1680
656 912
656 720
656 688
656 672
656 2192
656 1168
656 2576
656 1552
656 784
656 2696
656 1672
656 904
656 712
656 680
656 664
656 2700
656 1676
656 908
656 716
656 684
656 668
656 2702
656 1678
656 910
656 718
656 686
656 670
656 2703
656 1679
656 911
656 719
656 687
656 671
657 2705
657 1681
657 913
657 721
657 689
657 665
657 661
657 659
657 658
657 2193
657 1169
657 2577
657 1553
657 785
657 2689
657 1665
657 897
657 705
657 673
658 2706
658 1682
658 914
658 722
658 690
658 666
658 662
658 660
658 2194
658 1170
658 2578
658 1554
658 786
658 2690
658 1666
658 898
658 706
658 674
658 2705
658 1681
658 913
658 721
658 689
658 665
658 661
658 659
659 2707
659 1683
659 915
659 723
659 691
659 667
659 663
659 660
659 2195
659 1171
659 2579
659 1555
659 787
659 2691
659 1667
659 899
659 707
659 675
659 2705
659 1681
659 913
659 721
659 689
659 665
659 661
660 2708
660 1684
660 916
660 724
660 692
660 668
660 664
660 2196
660 1172
660 2580
660 1556
660 788
660 2692
660 1668
660 900
660 708
660 676
660 2706
660 1682
660 914
660 722
660 690
660 666
660 662
660 2707
660 1683
660 915
660 723
660 691
660 667
660 663
661 2709
661 1685
661 917
661 725
661 693
661 669
661 663
661 662
661 2197
661 1173
661 2581
661 1557
661 789
661 2693
661 1669
661 901
661 709
661 677
661 2705
661 1681
661 913
661 721
661 689
661 665
662 2710
662 1686
662 918
662 726
662 694
662 670
662 664
662 2198
662 1174
662 2582
662 1558
662 790
662 2694
662 1670
662 902
662 710
662 678
662 2706
662 1682
662 914
662 722
662 690
662 666
662 2709
662 1685
662 917
662 725
662 693
662 669
662 663
663 2711
663 1687
663 919
663 727
663 695
663 671
663 664
663 2199
663 1175
663 2583
663 1559
663 791
663 2695
663 1671
663 903
663 711
663 679
663 2707
663 1683
663 915
663 723
663 691
663 667
663 2709
663 1685
663 917
663 725
663 693
663 669
664 2712
664 1688
664 920
664 728
664 696
664 672
664 2200
664 1176
664 2584
664 1560
664 792
664 2696
664 1672
664 904
664 712
664 680
664 2708
664 1684
664 916
664 724
664 692
664 668
664 2710
664 1686
664 918
664 726
664 694
664 670
664 2711
664 1687
664 919
664 727
664 695
664 671
665 2713
665 1689
665 921
665 729
665 697
665 669
665 667
665 666
665 2201
665 1177
665 2585
665 1561
665 793
665 2697
665 1673
665 905
665 713
665 681
665 2705
665 1681
665 913
665 721
665 689
666 2714
666 1690
666 922
666 730
666 698
666 670
666 668
666 2202
666 1178
666 2586
666 1562
666 794
666 2698
666 1674
666 906
666 714
666 682
666 2706
666 1682
666 914
666 722
666 690
666 2713
666 1689
666 921
666 729
666 697
666 669
666 667
667 2715
667 1691
667 923
667 731
667 699
667 671
667 668
667 2203
667 1179
667 2587
667 1563
667 795
667 2699
667 1675
667 907
667 715
667 683
667 2707
667 1683
667 915
667 723
667 691
667 2713
667 1689
667 921
667 729
667 697
667 669
668 2716
668 1692
668 924
668 732
668 700
668 672
668 2204
668 1180
668 2588
668 1564
668 796
668 2700
668 1676
668 908
668 716
668 684
668 2708
668 1684
668 916
668 724
668 692
668 2714
668 1690
668 922
668 730
668 698
668 670
668 2715
668 1691
668 923
668 731
668 699
668 671
669 2717
669 1693
669 925
669 733
669 701
669 671
669 670
669 2205
669 1181
669 2589
669 1565
669 797
669 2701
669 1677
669 909
669 717
669 685
669 2709
669 1685
669 917
669 725
669 693
669 2713
669 1689
669 921
669 729
669 697
670 2718
670 1694
670 926
670 734
670 702
670 672
670 2206
670 1182
670 2590
670 1566
670 798
670 2702
670 1678
670 910
670 718
670 686
670 2710
670 1686
670 918
670 726
670 694
670 2714
670 1690
670 922
670 730
670 698
670 2717
670 1693
670 925
670 733
670 701
670 671
671 2719
671 1695
671 927
671 735
671 703
671 672
671 2207
671 1183
671 2591
671 1567
671 799
671 2703
671 1679
671 911
671 719
671 687
671 2711
671 1687
671 919
671 727
671 695
671 2715
671 1691
671 923
671 731
671 699
671 2717
671 1693
671 925
671 733
671 701
672 2720
672 1696
672 928
672 736
672 704
672 2208
672 1184
672 2592
672 1568
672 800
672 2704
672 1680
672 912
672 720
672 688
672 2712
672 1688
672 920
672 728
672 696
672 2716
672 1692
672 924
672 732
672 700
672 2718
672 1694
672 926
672 734
672 702
672 2719
672 1695
672 927
672 735
672 703
673 2721
673 1697
673 929
673 737
673 689
673 681
673 677
673 675
673 674
673 2209
673 1185
673 2593
673 1569
673 801
673 2689
673 1665
673 897
673 705
674 2722
674 1698
674 930
674 738
674 690
674 682
674 678
674 676
674 2210
674 1186
674 2594
674 1570
674 802
674 2690
674 1666
674 898
674 706
674 2721
674 1697
674 929
674 737
674 689
674 681
674 677
674 675
675 2723
675 1699
675 931
675 739
675 691
675 683
675 679
675 676
675 2211
675 1187
675 2595
675 1571
675 803
675 2691
675 1667
675 899
675 707
675 2721
675 1697
675 929
675 737
675 689
675 681
675 677
676 2724
676 1700
676 932
676 740
676 692
676 684
676 680
676 2212
676 1188
676 2596
676 1572
676 804
676 2692
676 1668
676 900
676 708
676 2722
676 1698
676 930
676 738
676 690
676 682
676 678
676 2723
676 1699
676 931
676 739
676 691
676 683
676 679
677 2725
677 1701
677 933
677 741
677 693
677 685
677 679
677 678
677 2213
677 1189
677 2597
677 1573
677 805
677 2693
677 1669
677 901
677 709
677 2721
677 1697
677 929
677 737
677 689
677 681
678 2726
678 1702
678 934
678 742
678 694
678 686
678 680
678 2214
678 1190
678 2598
678 1574
678 806
678 2694
678 1670
678 902
678 710
678 2722
678 1698
678 930
678 738
678 690
678 682
678 2725
678 1701
678 933
678 741
678 693
678 685
678 679
679 2727
679 1703
679 935
679 743
679 695
679 687
679 680
679 2215
679 1191
679 2599
679 1575
679 807
679 2695
679 1671
679 903
679 711
679 2723
679 1699
679 931
679 739
679 691
679 683
679 2725
679 1701
679 933
679 741
679 693
679 685
680 2728
680 1704
680 936
680 744
680 696
680 688
680 2216
680 1192
680 2600
680 1576
680 808
680 2696
680 1672
680 904
680 712
680 2724
680 1700
680 932
680 740
680 692
680 684
680 2726
680 1702
680 934
680 742
680 694
680 686
680 2727
680 1703
680 935
680 743
680 695
680 687
681 2729
681 1705
681 937
681 745
681 697
681 685
681 683
681 682
681 2217
681 1193
681 2601
681 1577
681 809
681 2697
681 1673
681 905
681 713
681 2721
681 1697
681 929
681 737
681 689
682 2730
682 1706
682 938
682 746
682 698
682 686
682 684
682 2218
682 1194
682 2602
682 1578
682 810
682 2698
682 1674
682 906
682 714
682 2722
682 1698
682 930
682 738
682 690
682 2729
682 1705
682 937
682 745
682 697
682 685
682 683
683 2731
683 1707
683 939
683 747
683 699
683 687
683 684
683 2219
683 1195
683 2603
683 1579
683 811
683 2699
683 1675
683 907
683 715
683 2723
683 1699
683 931
683 739
683 691
683 2729
683 1705
683 937
683 745
683 697
683 685
684 2732
684 1708
684 940
684 748
684 700
684 688
684 2220
684 1196
684 2604
684 1580
684 812
684 2700
684 1676
684 908
684 716
684 2724
684 1700
684 932
684 740
684 692
684 2730
684 1706
684 938
684 746
684 698
684 686
684 2731
684 1707
684 939
684 747
684 699
684 687
685 2733
685 1709
685 941
685 749
685 701
685 687
685 686
685 2221
685 1197
685 2605
685 1581
685 813
685 2701
685 1677
685 909
685 717
685 2725
685 1701
685 933
685 741
685 693
685 2729
685 1705
685 937
685 745
685 697
686 2734
686 1710
686 942
686 750
686 702
686 688
686 2222
686 1198
686 2606
686 1582
686 814
686 2702
686 1678
686 910
686 718
686 2726
686 1702
686 934
686 742
686 694
686 2730
686 1706
686 938
686 746
686 698
686 2733
686 1709
686 941
686 749
686 701
686 687
687 2735
687 1711
687 943
687 751
687 703
687 688
687 2223
687 1199
687 2607
687 1583
687 815
687 2703
687 1679
687 911
687 719
687 2727
687 1703
687 935
687 743
687 695
687 2731
687 1707
687 939
687 747
687 699
687 2733
687 1709
687 941
687 749
687 701
688 2736
688 1712
688 944
688 752
688 704
688 2224
688 1200
688 2608
688 1584
688 816
688 2704
688 1680
688 912
688 720
688 2728
688 1704
688 936
688 744
688 696
688 2732
688 1708
688 940
688 748
688 700
688 2734
688 1710
688 942
688 750
688 702
688 2735
688 1711
688 943
688 751
688 703
689 2737
689 1713
689 945
689 753
689 697
689 693
689 691
689 690
689 2225
689 1201
689 2609
689 1585
689 817
689 2705
689 1681
689 913
689 721
689 2721
689 1697
689 929
689 737
690 2738
690 1714
690 946
690 754
690 698
690 694
690 692
690 2226
690 1202
690 2610
690 1586
690 818
690 2706
690 1682
690 914
690 722
690 2722
690 1698
690 930
690 738
690 2737
690 1713
690 945
690 753
690 697
690 693
690 691
691 2739
691 1715
691 947
691 755
691 699
691 695
691 692
691 2227
691 1203
691 2611
691 1587
691 819
691 2707
691 1683
691 915
691 723
691 2723
691 1699
691 931
691 739
691 2737
691 1713
691 945
691 753
691 697
691 693
692 2740
692 1716
692 948
692 756
692 700
692 696
692 2228
692 1204
692 2612
692 1588
692 820
692 2708
692 1684
692 916
692 724
692 2724
692 1700
692 932
692 740
692 2738
692 1714
692 946
692 754
692 698
692 694
692 2739
692 1715
692 947
692 755
692 699
692 695
693 2741
693 1717
693 949
693 757
693 701
693 695
693 694
693 2229
693 1205
693 2613
693 1589
693 821
693 2709
693 1685
693 917
693 725
693 2725
693 1701
693 933
693 741
693 2737
693 1713
693 945
693 753
693 697
694 2742
694 1718
694 950
694 758
694 702
694 696
694 2230
694 1206
694 2614
694 1590
694 822
694 2710
694 1686
694 918
694 726
694 2726
694 1702
694 934
694 742
694 2738
694 1714
694 946
694 754
694 698
694 2741
694 1717
694 949
694 757
694 701
694 695
695 2743
695 1719
695 951
695 759
695 703
695 696
695 2231
695 1207
695 2615
695 1591
695 823
695 2711
695 1687
695 919
695 727
695 2727
695 1703
695 935
695 743
695 2739
695 1715
695 947
695 755
695 699
695 2741
695 1717
695 949
695 757
695 701
696 2744
696 1720
696 952
696 760
696 704
696 2232
696 1208
696 2616
696 1592
696 824
696 2712
696 1688
696 920
696 728
696 2728
696 1704
696 936
696 744
696 2740
696 1716
696 948
696 756
696 700
696 2742
696 1718
696 950
696 758
696 702
696 2743
696 1719
696 951
696 759
696 703
697 2745
697 1721
697 953
697 761
697 701
697 699
697 698
697 2233
697 1209
697 2617
697 1593
697 825
697 2713
697 1689
697 921
697 729
697 2729
697 1705
697 937
697 745
697 2737
697 1713
697 945
697 753
698 2746
698 1722
698 954
698 762
698 702
698 700
698 2234
698 1210
698 2618
698 1594
698 826
698 2714
698 1690
698 922
698 730
698 2730
698 1706
698 938
698 746
698 2738
698 1714
698 946
698 754
698 2745
698 1721
698 953
698 761
698 701
698 699
699 2747
699 1723
699 955
699 763
699 703
699 700
699 2235
699 1211
699 2619
699 1595
699 827
699 2715
699 1691
699 923
699 731
699 2731
699 1707
699 939
699 747
699 2739
699 1715
699 947
699 755
699 2745
699 1721
699 953
699 761
699 701
700 2748
700 1724
700 956
700 764
700 704
700 2236
700 1212
700 2620
700 1596
700 828
700 2716
700 1692
700 924
700 732
700 2732
700 1708
700 940
700 748
700 2740
700 1716
700 948
700 756
700 2746
700 1722
700 954
700 762
700 702
700 2747
700 1723
700 955
700 763
700 703
701 2749
701 1725
701 957
701 765
701 703
701 702
701 2237
701 1213
701 2621
701 1597
701 829
701 2717
701 1693
701 925
701 733
701 2733
701 1709
701 941
701 749
701 2741
701 1717
701 949
701 757
701 2745
701 1721
701 953
701 761
702 2750
702 1726
702 958
702 766
702 704
702 2238
702 1214
702 2622
702 1598
702 830
702 2718
702 1694
702 926
702 734
702 2734
702 1710
702 942
702 750
702 2742
702 1718
702 950
702 758
702 2746
702 1722
702 954
702 762
702 2749
702 1725
702 957
702 765
702 703
703 2751
703 1727
703 959
703 767
703 704
703 2239
703 1215
703 2623
703 1599
703 831
703 2719
703 1695
703 927
703 735
703 2735
703 1711
703 943
703 751
703 2743
703 1719
703 951
703 759
703 2747
703 1723
703 955
703 763
703 2749
703 1725
703 957
703 765
704 2752
704 1728
704 960
704 768
704 2240
704 1216
704 2624
704 1600
704 832
704 2720
704 1696
704 928
704 736
704 2736
704 1712
704 944
704 752
704 2744
704 1720
704 952
704 760
704 2748
704 1724
704 956
704 764
704 2750
704 1726
704 958
704 766
704 2751
704 1727
704 959
704 767
705 2753
705 1729
705 961
705 737
705 721
705 713
705 709
705 707
705 706
705 2241
705 1217
705 2625
705 1601
705 833
705 2689
705 1665
705 897
706 2754
706 1730
706 962
706 738
706 722
706 714
706 710
706 708
706 2242
706 1218
706 2626
706 1602
706 834
706 2690
706 1666
706 898
706 2753
706 1729
706 961
706 737
706 721
706 713
706 709
706 707
707 2755
707 1731
707 963
707 739
707 723
707 715
707 711
707 708
707 2243
707 1219
707 2627
707 1603
707 835
707 2691
707 1667
707 899
707 2753
707 1729
707 961
707 737
707 721
707 713
707 709
708 2756
708 1732
708 964
708 740
708 724
708 716
708 712
708 2244
708 1220
708 2628
708 1604
708 836
708 2692
708 1668
708 900
708 2754
708 1730
708 962
708 738
708 722
708 714
708 710
708 2755
708 1731
708 963
708 739
708 723
708 715
708 711
709 2757
709 1733
709 965
709 741
709 725
709 717
709 711
709 710
709 2245
709 1221
709 2629
709 1605
709 837
709 2693
709 1669
709 901
709 2753
709 1729
709 961
709 737
709 721
709 713
710 2758
710 1734
710 966
710 742
710 726
710 718
710 712
710 2246
710 1222
710 2630
710 1606
710 838
710 2694
710 1670
710 902
710 2754
710 1730
710 962
710 738
710 722
710 714
710 2757
710 1733
710 965
710 741
710 725
710 717
710 711
711 2759
711 1735
711 967
711 743
711 727
711 719
711 712
711 2247
711 1223
711 2631
711 1607
711 839
711 2695
711 1671
711 903
711 2755
711 1731
711 963
711 739
711 723
711 715
711 2757
711 1733
711 965
711 741
711 725
711 717
712 2760
712 1736
712 968
712 744
712 728
712 720
712 2248
712 1224
712 2632
712 1608
712 840
712 2696
712 1672
712 904
712 2756
712 1732
712 964
712 740
712 724
712 716
712 2758
712 1734
712 966
712 742
712 726
712 718
712 2759
712 1735
712 967
712 743
712 727
712 719
713 2761
713 1737
713 969
713 745
713 729
713 717
713 715
713 714
713 2249
713 1225
713 2633
713 1609
713 841
713 2697
713 1673
713 905
713 2753
713 1729
713 961
713 737
713 721
714 2762
714 1738
714 970
714 746
714 730
714 718
714 716
714 2250
714 1226
714 2634
714 1610
714 842
714 2698
714 1674
714 906
714 2754
714 1730
714 962
714 738
714 722
714 2761
714 1737
714 969
714 745
714 729
714 717
714 715
715 2763
715 1739
715 971
715 747
715 731
715 719
715 716
715 2251
715 1227
715 2635
715 1611
715 843
715 2699
715 1675
715 907
715 2755
715 1731
715 963
715 739
715 723
715 2761
715 1737
715 969
715 745
715 729
715 717
716 2764
716 1740
716 972
716 748
716 732
716 720
716 2252
716 1228
716 2636
716 1612
716 844
716 2700
716 1676
716 908
716 2756
716 1732
716 964
716 740
716 724
716 2762
716 1738
716 970
716 746
716 730
716 718
716 2763
716 1739
716 971
716 747
716 731
716 719
717 2765
717 1741
717 973
717 749
717 733
717 719
717 718
717 2253
717 1229
717 2637
717 1613
717 845
717 2701
717 1677
717 909
717 2757
717 1733
717 965
717 741
717 725
717 2761
717 1737
717 969
717 745
717 729
718 2766
718 1742
718 974
718 750
718 734
718 720
718 2254
718 1230
718 2638
718 1614
718 846
718 2702
718 1678
718 910
718 2758
718 1734
718 966
718 742
718 726
718 2762
718 1738
718 970
718 746
718 730
718 2765
718 1741
718 973
718 749
718 733
718 719
719 2767
719 1743
719 975
719 751
719 735
719 720
719 2255
719 1231
719 2639
719 1615
719 847
719 2703
719 1679
719 911
719 2759
719 1735
719 967
719 743
719 727
719 2763
719 1739
719 971
719 747
719 731
719 2765
719 1741
719 973
719 749
719 733
720 2768
720 1744
720 976
720 752
720 736
720 2256
720 1232
720 2640
720 1616
720 848
720 2704
720 1680
720 912
720 2760
720 1736
720 968
720 744
720 728
720 2764
720 1740
720 972
720 748
720 732
720 2766
720 1742
720 974
720 750
720 734
720 2767
720 1743
720 975
720 751
720 735
721 2769
721 1745
721 977
721 753
721 729
721 725
721 723
721 722
721 2257
721 1233
721 2641
721 1617
721 849
721 2705
721 1681
721 913
721 2753
721 1729
721 961
721 737
722 2770
722 1746
722 978
722 754
722 730
722 726
722 724
722 2258
722 1234
722 2642
722 1618
722 850
722 2706
722 1682
722 914
722 2754
722 1730
722 962
722 738
722 2769
722 1745
722 977
722 753
722 729
722 725
722 723
723 2771
723 1747
723 979
723 755
723 731
723 727
723 724
723 2259
723 1235
723 2643
723 1619
723 851
723 2707
723 1683
723 915
723 2755
723 1731
723 963
723 739
723 2769
723 1745
723 977
723 753
723 729
723 725
724 2772
724 1748
724 980
724 756
724 732
724 728
724 2260
724 1236
724 2644
724 1620
724 852
724 2708
724 1684
724 916
724 2756
724 1732
724 964
724 740
724 2770
724 1746
724 978
724 754
724 730
724 726
724 2771
724 1747
724 979
724 755
724 731
724 727
725 2773
725 1749
725 981
725 757
725 733
725 727
725 726
725 2261
725 1237
725 2645
725 1621
725 853
725 2709
725 1685
725 917
725 2757
725 1733
725 965
725 741
725 2769
725 1745
725 977
725 753
725 729
726 2774
726 1750
726 982
726 758
726 734
726 728
726 2262
726 1238
726 2646
726 1622
726 854
726 2710
726 1686
726 918
726 2758
726 1734
726 966
726 742
726 2770
726 1746
726 978
726 754
726 730
726 2773
726 1749
726 981
726 757
726 733
726 727
727 2775
727 1751
727 983
727 759
727 735
727 728
727 2263
727 1239
727 2647
727 1623
727 855
727 2711
727 1687
727 919
727 2759
727 1735
727 967
727 743
727 2771
727 1747
727 979
727 755
727 731
727 2773
727 1749
727 981
727 757
727 733
728 2776
728 1752
728 984
728 760
728 736
728 2264
728 1240
728 2648
728 1624
728 856
728 2712
728 1688
728 920
728 2760
728 1736
728 968
728 744
728 2772
728 1748
728 980
728 756
728 732
728 2774
728 1750
728 982
728 758
728 734
728 2775
728 1751
728 983
728 759
728 735
729 2777
729 1753
729 985
729 761
729 733
729 731
729 730
729 2265
729 1241
729 2649
729 1625
729 857
729 2713
729 1689
729 921
729 2761
729 1737
729 969
729 745
729 2769
729 1745
729 977
729 753
730 2778
730 1754
730 986
730 762
730 734
730 732
730 2266
730 1242
730 2650
730 1626
730 858
730 2714
730 1690
730 922
730 2762
730 1738
730 970
730 746
730 2770
730 1746
730 978
730 754
730 2777
730 1753
730 985
730 761
730 733
730 731
731 2779
731 1755
731 987
731 763
731 735
731 732
731 2267
731 1243
731 2651
731 1627
731 859
731 2715
731 1691
731 923
731 2763
731 1739
731 971
731 747
731 2771
731 1747
731 979
731 755
731 2777
731 1753
731 985
731 761
731 733
732 2780
732 1756
732 988
732 764
732 736
732 2268
732 1244
732 2652
732 1628
732 860
732 2716
732 1692
732 924
732 2764
732 1740
732 972
732 748
732 2772
732 1748
732 980
732 756
732 2778
732 1754
732 986
732 762
732 734
732 2779
732 1755
732 987
732 763
732 735
733 2781
733 1757
733 989
733 765
733 735
733 734
733 2269
733 1245
733 2653
733 1629
733 861
733 2717
733 1693
733 925
733 2765
733 1741
733 973
733 749
733 2773
733 1749
733 981
733 757
733 2777
733 1753
733 985
733 761
734 2782
734 1758
734 990
734 766
734 736
734 2270
734 1246
734 2654
734 1630
734 862
734 2718
734 1694
734 926
734 2766
734 1742
734 974
734 750
734 2774
734 1750
734 982
734 758
734 2778
734 1754
734 986
734 762
734 2781
734 1757
734 989
734 765
734 735
735 2783
735 1759
735 991
735 767
735 736
735 2271
735 1247
735 2655
735 1631
735 863
735 2719
735 1695
735 927
735 2767
735 1743
735 975
735 751
735 2775
735 1751
735 983
735 759
735 2779
735 1755
735 987
735 763
735 2781
735 1757
735 989
735 765
736 2784
736 1760
736 992
736 768
736 2272
736 1248
736 2656
736 1632
736 864
736 2720
736 1696
736 928
736 2768
736 1744
736 976
736 752
736 2776
736 1752
736 984
736 760
736 2780
736 1756
736 988
736 764
736 2782
736 1758
736 990
736 766
736 2783
736 1759
736 991
736 767
737 2785
737 1761
737 993
737 753
737 745
737 741
737 739
737 738
737 2273
737 1249
737 2657
737 1633
737 865
737 2721
737 1697
737 929
737 2753
737 1729
737 961
738 2786
738 1762
738 994
738 754
738 746
738 742
738 740
738 2274
738 1250
738 2658
738 1634
738 866
738 2722
738 1698
738 930
738 2754
738 1730
738 962
738 2785
738 1761
738 993
738 753
738 745
738 741
738 739
739 2787
739 1763
739 995
739 755
739 747
739 743
739 740
739 2275
739 1251
739 2659
739 1635
739 867
739 2723
739 1699
739 931
739 2755
739 1731
739 963
739 2785
739 1761
739 993
739 753
739 745
739 741
740 2788
740 1764
740 996
740 756
740 748
740 744
740 2276
740 1252
740 2660
740 1636
740 868
740 2724
740 1700
740 932
740 2756
740 1732
740 964
740 2786
740 1762
740 994
740 754
740 746
740 742
740 2787
740 1763
740 995
740 755
740 747
740 743
741 2789
741 1765
741 997
741 757
741 749
741 743
741 742
741 2277
741 1253
741 2661
741 1637
741 869
741 2725
741 1701
741 933
741 2757
741 1733
741 965
741 2785
741 1761
741 993
741 753
741 745
742 2790
742 1766
742 998
742 758
742 750
742 744
742 2278
742 1254
742 2662
742 1638
742 870
742 2726
742 1702
742 934
742 2758
742 1734
742 966
742 2786
742 1762
742 994
742 754
742 746
742 2789
742 1765
742 997
742 757
742 749
742 743
743 2791
743 1767
743 999
743 759
743 751
743 744
743 2279
743 1255
743 2663
743 1639
743 871
743 2727
743 1703
743 935
743 2759
743 1735
743 967
743 2787
743 1763
743 995
743 755
743 747
743 2789
743 1765
743 997
743 757
743 749
744 2792
744 1768
744 1000
744 760
744 752
744 2280
744 1256
744 2664
744 1640
744 872
744 2728
744 1704
744 936
744 2760
744 1736
744 968
744 2788
744 1764
744 996
744 756
744 748
744 2790
744 1766
744 998
744 758
744 750
744 2791
744 1767
744 999
744 759
744 751
745 2793
745 1769
745 1001
745 761
745 749
745 747
745 746
745 2281
745 1257
745 2665
745 1641
745 873
745 2729
745 1705
745 937
745 2761
745 1737
745 969
745 2785
745 1761
745 993
745 753
746 2794
746 1770
746 1002
746 762
746 750
746 748
746 2282
746 1258
746 2666
746 1642
746 874
746 2730
746 1706
746 938
746 2762
746 1738
746 970
746 2786
746 1762
746 994
746 754
746 2793
746 1769
746 1001
746 761
746 749
746 747
747 2795
747 1771
747 1003
747 763
747 751
747 748
747 2283
747 1259
747 2667
747 1643
747 875
747 2731
747 1707
747 939
747 2763
747 1739
747 971
747 2787
747 1763
747 995
747 755
747 2793
747 1769
747 1001
747 761
747 749
748 2796
748 1772
748 1004
748 764
748 752
748 2284
748 1260
748 2668
748 1644
748 876
748 2732
748 1708
748 940
748 2764
748 1740
748 972
748 2788
748 1764
748 996
748 756
748 2794
748 1770
748 1002
748 762
748 750
748 2795
748 1771
748 1003
748 763
748 751
749 2797
749 1773
749 1005
749 765
749 751
749 750
749 2285
749 1261
749 2669
749 1645
749 877
749 2733
749 1709
749 941
749 2765
749 1741
749 973
749 2789
749 1765
749 997
749 757
749 2793
749 1769
749 1001
749 761
750 2798
750 1774
750 1006
750 766
750 752
750 2286
750 1262
750 2670
750 1646
750 878
750 2734
750 1710
750 942
750 2766
750 1742
750 974
750 2790
750 1766
750 998
750 758
750 2794
750 1770
750 1002
750 762
750 2797
750 1773
750 1005
750 765
750 751
751 2799
751 1775
751 1007
751 767
751 752
751 2287
751 1263
751 2671
751 1647
751 879
751 2735
751 1711
751 943
751 2767
751 1743
751 975
751 2791
751 1767
751 999
751 759
751 2795
751 1771
751 1003
751 763
751 2797
751 1773
751 1005
751 765
752 2800
752 1776
752 1008
752 768
752 2288
752 1264
752 2672
752 1648
752 880
752 2736
752 1712
752 944
752 2768
752 1744
752 976
752 2792
752 1768
752 1000
752 760
752 2796
752 1772
752 1004
752 764
752 2798
752 1774
752 1006
752 766
752 2799
752 1775
752 1007
752 767
753 2801
753 1777
753 1009
753 761
753 757
753 755
753 754
753 2289
753 1265
753 2673
753 1649
753 881
753 2737
753 1713
753 945
753 2769
753 1745
753 977
753 2785
753 1761
753 993
754 2802
754 1778
754 1010
754 762
754 758
754 756
754 2290
754 1266
754 2674
754 1650
754 882
754 2738
754 1714
754 946
754 2770
754 1746
754 978
754 2786
754 1762
754 994
754 2801
754 1777
754 1009
754 761
754 757
754 755
755 2803
755 1779
755 1011
755 763
755 759
755 756
755 2291
755 1267
755 2675
755 1651
755 883
755 2739
755 1715
755 947
755 2771
755 1747
755 979
755 2787
755 1763
755 995
755 2801
755 1777
755 1009
755 761
755 757
756 2804
756 1780
756 1012
756 764
756 760
756 2292
756 1268
756 2676
756 1652
756 884
756 2740
756 1716
756 948
756 2772
756 1748
756 980
756 2788
756 1764
756 996
756 2802
756 1778
756 1010
756 762
756 758
756 2803
756 1779
756 1011
756 763
756 759
757 2805
757 1781
757 1013
757 765
757 759
757 758
757 2293
757 1269
757 2677
757 1653
757 885
757 2741
757 1717
757 949
757 2773
757 1749
757 981
757 2789
757 1765
757 997
757 2801
757 1777
757 1009
757 761
758 2806
758 1782
758 1014
758 766
758 760
758 2294
758 1270
758 2678
758 1654
758 886
758 2742
758 1718
758 950
758 2774
758 1750
758 982
758 2790
758 1766
758 998
758 2802
758 1778
758 1010
758 762
758 2805
758 1781
758 1013
758 765
758 759
759 2807
759 1783
759 1015
759 767
759 760
759 2295
759 1271
759 2679
759 1655
759 887
759 2743
759 1719
759 951
759 2775
759 1751
759 983
759 2791
759 1767
759 999
759 2803
759 1779
759 1011
759 763
759 2805
759 1781
759 1013
759 765
760 2808
760 1784
760 1016
760 768
760 2296
760 1272
760 2680
760 1656
760 888
760 2744
760 1720
760 952
760 2776
760 1752
760 984
760 2792
760 1768
760 1000
760 2804
760 1780
760 1012
760 764
760 2806
760 1782
760 1014
760 766
760 2807
760 1783
760 1015
760 767
761 2809
761 1785
761 1017
761 765
761 763
761 762
761 2297
761 1273
761 2681
761 1657
761 889
761 2745
761 1721
761 953
761 2777
761 1753
761 985
761 2793
761 1769
761 1001
761 2801
761 1777
761 1009
762 2810
762 1786
762 1018
762 766
762 764
762 2298
762 1274
762 2682
762 1658
762 890
762 2746
762 1722
762 954
762 2778
762 1754
762 986
762 2794
762 1770
762 1002
762 2802
762 1778
762 1010
762 2809
762 1785
762 1017
762 765
762 763
763 2811
763 1787
763 1019
763 767
763 764
763 2299
763 1275
763 2683
763 1659
763 891
763 2747
763 1723
763 955
763 2779
763 1755
763 987
763 2795
763 1771
763 1003
763 2803
763 1779
763 1011
763 2809
763 1785
763 1017
763 765
764 2812
764 1788
764 1020
764 768
764 2300
764 1276
764 2684
764 1660
764 892
764 2748
764 1724
764 956
764 2780
764 1756
764 988
764 2796
764 1772
764 1004
764 2804
764 1780
764 1012
764 2810
764 1786
764 1018
764 766
764 2811
764 1787
764 1019
764 767
765 2813
765 1789
765 1021
765 767
765 766
765 2301
765 1277
765 2685
765 1661
765 893
765 2749
765 1725
765 957
765 2781
765 1757
765 989
765 2797
765 1773
765 1005
765 2805
765 1781
765 1013
765 2809
765 1785
765 1017
766 2814
766 1790
766 1022
766 768
766 2302
766 1278
766 2686
766 1662
766 894
766 2750
766 1726
766 958
766 2782
766 1758
766 990
766 2798
766 1774
766 1006
766 2806
766 1782
766 1014
766 2810
766 1786
766 1018
766 2813
766 1789
766 1021
766 767
767 2815
767 1791
767 1023
767 768
767 2303
767 1279
767 2687
767 1663
767 895
767 2751
767 1727
767 959
767 2783
767 1759
767 991
767 2799
767 1775
767 1007
767 2807
767 1783
767 1015
767 2811
767 1787
767 1019
767 2813
767 1789
767 1021
768 2816
768 1792
768 1024
768 2304
768 1280
768 2688
768 1664
768 896
768 2752
768 1728
768 960
768 2784
768 1760
768 992
768 2800
768 1776
768 1008
768 2808
768 1784
768 1016
768 2812
768 1788
768 1020
768 2814
768 1790
768 1022
768 2815
768 1791
768 1023
769 2817
769 1793
769 897
769 833
769 801
769 785
769 777
769 773
769 771
769 770
769 2305
769 1281
769 2561
769 1537
770 2818
770 1794
770 898
770 834
770 802
770 786
770 778
770 774
770 772
770 2306
770 1282
770 2562
770 1538
770 2817
770 1793
770 897
770 833
770 801
770 785
770 777
770 773
770 771
771 2819
771 1795
771 899
771 835
771 803
771 787
771 779
771 775
771 772
771 2307
771 1283
771 2563
771 1539
771 2817
771 1793
771 897
771 833
771 801
771 785
771 777
771 773
772 2820
772 1796
772 900
772 836
772 804
772 788
772 780
772 776
772 2308
772 1284
772 2564
772 1540
772 2818
772 1794
772 898
772 834
772 802
772 786
772 778
772 774
772 2819
772 1795
772 899
772 835
772 803
772 787
772 779
772 775
773 2821
773 1797
773 901
773 837
773 805
773 789
773 781
773 775
773 774
773 2309
773 1285
773 2565
773 1541
773 2817
773 1793
773 897
773 833
773 801
773 785
773 777
774 2822
774 1798
774 902
774 838
774 806
774 790
774 782
774 776
774 2310
774 1286
774 2566
774 1542
774 2818
774 1794
774 898
774 834
774 802
774 786
774 778
774 2821
774 1797
774 901
774 837
774 805
774 789
774 781
774 775
775 2823
775 1799
775 903
775 839
775 807
775 791
775 783
775 776
775 2311
775 1287
775 2567
775 1543
775 2819
775 1795
775 899
775 835
775 803
775 787
775 779
775 2821
775 1797
775 901
775 837
775 805
775 789
775 781
776 2824
776 1800
776 904
776 840
776 808
776 792
776 784
776 2312
776 1288
776 2568
776 1544
776 2820
776 1796
776 900
776 836
776 804
776 788
776 780
776 2822
776 1798
776 902
776 838
776 806
776 790
776 782
776 2823
776 1799
776 903
776 839
776 807
776 791
776 783
777 2825
777 1801
777 905
777 841
777 809
777 793
777 781
777 779
777 778
777 2313
777 1289
777 2569
777 1545
777 2817
777 1793
777 897
777 833
777 801
777 785
778 2826
778 1802
778 906
778 842
778 810
778 794
778 782
778 780
778 2314
778 1290
778 2570
778 1546
778 2818
778 1794
778 898
778 834
778 802
778 786
778 2825
778 1801
778 905
778 841
778 809
778 793
778 781
778 779
779 2827
779 1803
779 907
779 843
779 811
779 795
779 783
779 780
779 2315
779 1291
779 2571
779 1547
779 2819
779 1795
779 899
779 835
779 803
779 787
779 2825
779 1801
779 905
779 841
779 809
779 793
779 781
780 2828
780 1804
780 908
780 844
780 812
780 796
780 784
780 2316
780 1292
780 2572
780 1548
780 2820
780 1796
780 900
780 836
780 804
780 788
780 2826
780 1802
780 906
780 842
780 810
780 794
780 782
780 2827
780 1803
780 907
780 843
780 811
780 795
780 783
781 2829
781 1805
781 909
781 845
781 813
781 797
781 783
781 782
781 2317
781 1293
781 2573
781 1549
781 2821
781 1797
781 901
781 837
781 805
781 789
781 2825
781 1801
781 905
781 841
781 809
781 793
782 2830
782 1806
782 910
782 846
782 814
782 798
782 784
782 2318
782 1294
782 2574
782 1550
782 2822
782 1798
782 902
782 838
782 806
782 790
782 2826
782 1802
782 906
782 842
782 810
782 794
782 2829
782 1805
782 909
782 845
782 813
782 797
782 783
783 2831
783 1807
783 911
783 847
783 815
783 799
783 784
783 2319
783 1295
783 2575
783 1551
783 2823
783 1799
783 903
783 839
783 807
783 791
783 2827
783 1803
783 907
783 843
783 811
783 795
783 2829
783 1805
783 909
783 845
783 813
783 797
784 2832
784 1808
784 912
784 848
784 816
784 800
784 2320
784 1296
784 2576
784 1552
784 2824
784 1800
784 904
784 840
784 808
784 792
784 2828
784 1804
784 908
784 844
784 812
784 796
784 2830
784 1806
784 910
784 846
784 814
784 798
784 2831
784 1807
784 911
784 847
784 815
784 799
785 2833
785 1809
785 913
785 849
785 817
785 793
785 789
785 787
785 786
785 2321
785 1297
785 2577
785 1553
785 2817
785 1793
785 897
785 833
785 801
786 2834
786 1810
786 914
786 850
786 818
786 794
786 790
786 788
786 2322
786 1298
786 2578
786 1554
786 2818
786 1794
786 898
786 834
786 802
786 2833
786 1809
786 913
786 849
786 817
786 793
786 789
786 787
787 2835
787 1811
787 915
787 851
787 819
787 795
787 791
787 788
787 2323
787 1299
787 2579
787 1555
787 2819
787 1795
787 899
787 835
787 803
787 2833
787 1809
787 913
787 849
787 817
787 793
787 789
788 2836
788 1812
788 916
788 852
788 820
788 796
788 792
788 2324
788 1300
788 2580
788 1556
788 2820
788 1796
788 900
788 836
788 804
788 2834
788 1810
788 914
788 850
788 818
788 794
788 790
788 2835
788 1811
788 915
788 851
788 819
788 795
788 791
789 2837
789 1813
789 917
789 853
789 821
789 797
789 791
789 790
789 2325
789 1301
789 2581
789 1557
789 2821
789 1797
789 901
789 837
789 805
789 2833
789 1809
789 913
789 849
789 817
789 793
790 2838
790 1814
790 918
790 854
790 822
790 798
790 792
790 2326
790 1302
790 2582
790 1558
790 2822
790 1798
790 902
790 838
790 806
790 2834
790 1810
790 914
790 850
790 818
790 794
790 2837
790 1813
790 917
790 853
790 821
790 797
790 791
791 2839
791 1815
791 919
791 855
791 823
791 799
791 792
791 2327
791 1303
791 2583
791 1559
791 2823
791 1799
791 903
791 839
791 807
791 2835
791 1811
791 915
791 851
791 819
791 795
791 2837
791 1813
791 917
791 853
791 821
791 797
792 2840
792 1816
792 920
792 856
792 824
792 800
792 2328
792 1304
792 2584
792 1560
792 2824
792 1800
792 904
792 840
792 808
792 2836
792 1812
792 916
792 852
792 820
792 796
792 2838
792 1814
792 918
792 854
792 822
792 798
792 2839
792 1815
792 919
792 855
792 823
792 799
793 2841
793 1817
793 921
793 857
793 825
793 797
793 795
793 794
793 2329
793 1305
793 2585
793 1561
793 2825
793 1801
793 905
793 841
793 809
793 2833
793 1809
793 913
793 849
793 817
794 2842
794 1818
794 922
794 858
794 826
794 798
794 796
794 2330
794 1306
794 2586
794 1562
794 2826
794 1802
794 906
794 842
794 810
794 2834
794 1810
794 914
794 850
794 818
794 2841
794 1817
794 921
794 857
794 825
794 797
794 795
795 2843
795 1819
795 923
795 859
795 827
795 799
795 796
795 2331
795 1307
795 2587
795 1563
795 2827
795 1803
795 907
795 843
795 811
795 2835
795 1811
795 915
795 851
795 819
795 2841
795 1817
795 921
795 857
795 825
795 797
796 2844
796 1820
796 924
796 860
796 828
796 800
796 2332
796 1308
796 2588
796 1564
796 2828
796 1804
796 908
796 844
796 812
796 2836
796 1812
796 916
796 852
796 820
796 2842
796 1818
796 922
796 858
796 826
796 798
796 2843
796 1819
796 923
796 859
796 827
796 799
797 2845
797 1821
797 925
797 861
797 829
797 799
797 798
797 2333
797 1309
797 2589
797 1565
797 2829
797 1805
797 909
797 845
797 813
797 2837
797 1813
797 917
797 853
797 821
797 2841
797 1817
797 921
797 857
797 825
798 2846
798 1822
798 926
798 862
798 830
798 800
798 2334
798 1310
798 2590
798 1566
798 2830
798 1806
798 910
798 846
798 814
798 2838
798 1814
798 918
798 854
798 822
798 2842
798 1818
798 922
798 858
798 826
798 2845
798 1821
798 925
798 861
798 829
798 799
799 2847
799 1823
799 927
799 863
799 831
799 800
799 2335
799 1311
799 2591
799 1567
799 2831
799 1807
799 911
799 847
799 815
799 2839
799 1815
799 919
799 855
799 823
799 2843
799 1819
799 923
799 859
799 827
799 2845
799 1821
799 925
799 861
799 829
800 2848
800 1824
800 928
800 864
800 832
800 2336
800 1312
800 2592
800 1568
800 2832
800 1808
800 912
800 848
800 816
800 2840
800 1816
800 920
800 856
800 824
800 2844
800 1820
800 924
800 860
800 828
800 2846
800 1822
800 926
800 862
800 830
800 2847
800 1823
800 927
800 863
800 831
801 2849
801 1825
801 929
801 865
801 817
801 809
801 805
801 803
801 802
801 2337
801 1313
801 2593
801 1569
801 2817
801 1793
801 897
801 833
802 2850
802 1826
802 930
802 866
802 818
802 810
802 806
802 804
802 2338
802 1314
802 2594
802 1570
802 2818
802 1794
802 898
802 834
802 2849
802 1825
802 929
802 865
802 817
802 809
802 805
802 803
803 2851
803 1827
803 931
803 867
803 819
803 811
803 807
803 804
803 2339
803 1315
803 2595
803 1571
803 2819
803 1795
803 899
803 835
803 2849
803 1825
803 929
803 865
803 817
803 809
803 805
804 2852
804 1828
804 932
804 868
804 820
804 812
804 808
804 2340
804 1316
804 2596
804 1572
804 2820
804 1796
804 900
804 836
804 2850
804 1826
804 930
804 866
804 818
804 810
804 806
804 2851
804 1827
804 931
804 867
804 819
804 811
804 807
805 2853
805 1829
805 933
805 869
805 821
805 813
805 807
805 806
805 2341
805 1317
805 2597
805 1573
805 2821
805 1797
805 901
805 837
805 2849
805 1825
805 929
805 865
805 817
805 809
806 2854
806 1830
806 934
806 870
806 822
806 814
806 808
806 2342
806 1318
806 2598
806 1574
806 2822
806 1798
806 902
806 838
806 2850
806 1826
806 930
806 866
806 818
806 810
806 2853
806 1829
806 933
806 869
806 821
806 813
806 807
807 2855
807 1831
807 935
807 871
807 823
807 815
807 808
807 2343
807 1319
807 2599
807 1575
807 2823
807 1799
807 903
807 839
807 2851
807 1827
807 931
807 867
807 819
807 811
807 2853
807 1829
807 933
807 869
807 821
807 813
808 2856
808 1832
808 936
808 872
808 824
808 816
808 2344
808 1320
808 2600
808 1576
808 2824
808 1800
808 904
808 840
808 2852
808 1828
808 932
808 868
808 820
808 812
808 2854
808 1830
808 934
808 870
808 822
808 814
808 2855
808 1831
808 935
808 871
808 823
808 815
809 2857
809 1833
809 937
809 873
809 825
809 813
809 811
809 810
809 2345
809 1321
809 2601
809 1577
809 2825
809 1801
809 905
809 841
809 2849
809 1825
809 929
809 865
809 817
810 2858
810 1834
810 938
810 874
810 826
810 814
810 812
810 2346
810 1322
810 2602
810 1578
810 2826
810 1802
810 906
810 842
810 2850
810 1826
810 930
810 866
810 818
810 2857
810 1833
810 937
810 873
810 825
810 813
810 811
811 2859
811 1835
811 939
811 875
811 827
811 815
811 812
811 2347
811 1323
811 2603
811 1579
811 2827
811 1803
811 907
811 843
811 2851
811 1827
811 931
811 867
811 819
811 2857
811 1833
811 937
811 873
811 825
811 813
812 2860
812 1836
812 940
812 876
812 828
812 816
812 2348
812 1324
812 2604
812 1580
812 2828
812 1804
812 908
812 844
812 2852
812 1828
812 932
812 868
812 820
812 2858
812 1834
812 938
812 874
812 826
812 814
812 2859
812 1835
812 939
812 875
812 827
812 815
813 2861
813 1837
813 941
813 877
813 829
813 815
813 814
813 2349
813 1325
813 2605
813 1581
813 2829
813 1805
813 909
813 845
813 2853
813 1829
813 933
813 869
813 821
813 2857
813 1833
813 937
813 873
813 825
814 2862
814 1838
814 942
814 878
814 830
814 816
814 2350
814 1326
814 2606
814 1582
814 2830
814 1806
814 910
814 846
814 2854
814 1830
814 934
814 870
814 822
814 2858
814 1834
814 938
814 874
814 826
814 2861
814 1837
814 941
814 877
814 829
814 815
815 2863
815 1839
815 943
815 879
815 831
815 816
815 2351
815 1327
815 2607
815 1583
815 2831
815 1807
815 911
815 847
815 2855
815 1831
815 935
815 871
815 823
815 2859
815 1835
815 939
815 875
815 827
815 2861
815 1837
815 941
815 877
815 829
816 2864
816 1840
816 944
816 880
816 832
816 2352
816 1328
816 2608
816 1584
816 2832
816 1808
816 912
816 848
816 2856
816 1832
816 936
816 872
816 824
816 2860
816 1836
816 940
816 876
816 828
816 2862
816 1838
816 942
816 878
816 830
816 2863
816 1839
816 943
816 879
816 831
817 2865
817 1841
817 945
817 881
817 825
817 821
817 819
817 818
817 2353
817 1329
817 2609
817 1585
817 2833
817 1809
817 913
817 849
817 2849
817 1825
817 929
817 865
818 2866
818 1842
818 946
818 882
818 826
818 822
818 820
818 2354
818 1330
818 2610
818 1586
818 2834
818 1810
818 914
818 850
818 2850
818 1826
818 930
818 866
818 2865
818 1841
818 945
818 881
818 825
818 821
818 819
819 2867
819 1843
819 947
819 883
819 827
819 823
819 820
819 2355
819 1331
819 2611
819 1587
819 2835
819 1811
819 915
819 851
819 2851
819 1827
819 931
819 867
819 2865
819 1841
819 945
819 881
819 825
819 821
820 2868
820 1844
820 948
820 884
820 828
820 824
820 2356
820 1332
820 2612
820 1588
820 2836
820 1812
820 916
820 852
820 2852
820 1828
820 932
820 868
820 2866
820 1842
820 946
820 882
820 826
820 822
820 2867
820 1843
820 947
820 883
820 827
820 823
821 2869
821 1845
821 949
821 885
821 829
821 823
821 822
821 2357
821 1333
821 2613
821 1589
821 2837
821 1813
821 917
821 853
821 2853
821 1829
821 933
821 869
821 2865
821 1841
821 945
821 881
821 825
822 2870
822 1846
822 950
822 886
822 830
822 824
822 2358
822 1334
822 2614
822 1590
822 2838
822 1814
822 918
822 854
822 2854
822 1830
822 934
822 870
822 2866
822 1842
822 946
822 882
822 826
822 2869
822 1845
822 949
822 885
822 829
822 823
823 2871
823 1847
823 951
823 887
823 831
823 824
823 2359
823 1335
823 2615
823 1591
823 2839
823 1815
823 919
823 855
823 2855
823 1831
823 935
823 871
823 2867
823 1843
823 947
823 883
823 827
823 2869
823 1845
823 949
823 885
823 829
824 2872
824 1848
824 952
824 888
824 832
824 2360
824 1336
824 2616
824 1592
824 2840
824 1816
824 920
824 856
824 2856
824 1832
824 936
824 872
824 2868
824 1844
824 948
824 884
824 828
824 2870
824 1846
824 950
824 886
824 830
824 2871
824 1847
824 951
824 887
824 831
825 2873
825 1849
825 953
825 889
825 829
825 827
825 826
825 2361
825 1337
825 2617
825 1593
825 2841
825 1817
825 921
825 857
825 2857
825 1833
825 937
825 873
825 2865
825 1841
825 945
825 881
826 2874
826 1850
826 954
826 890
826 830
826 828
826 2362
826 1338
826 2618
826 1594
826 2842
826 1818
826 922
826 858
826 2858
826 1834
826 938
826 874
826 2866
826 1842
826 946
826 882
826 2873
826 1849
826 953
826 889
826 829
826 827
827 2875
827 1851
827 955
827 891
827 831
827 828
827 2363
827 1339
827 2619
827 1595
827 2843
827 1819
827 923
827 859
827 2859
827 1835
827 939
827 875
827 2867
827 1843
827 947
827 883
827 2873
827 1849
827 953
827 889
827 829
828 2876
828 1852
828 956
828 892
828 832
828 2364
828 1340
828 2620
828 1596
828 2844
828 1820
828 924
828 860
828 2860
828 1836
828 940
828 876
828 2868
828 1844
828 948
828 884
828 2874
828 1850
828 954
828 890
828 830
828 2875
828 1851
828 955
828 891
828 831
829 2877
829 1853
829 957
829 893
829 831
829 830
829 2365
829 1341
829 2621
829 1597
829 2845
829 1821
829 925
829 861
829 2861
829 1837
829 941
829 877
829 2869
829 1845
829 949
829 885
829 2873
829 1849
829 953
829 889
830 2878
830 1854
830 958
830 894
830 832
830 2366
830 1342
830 2622
830 1598
830 2846
830 1822
830 926
830 862
830 2862
830 1838
830 942
830 878
830 2870
830 1846
830 950
830 886
830 2874
830 1850
830 954
830 890
830 2877
830 1853
830 957
830 893
830 831
831 2879
831 1855
831 959
831 895
831 832
831 2367
831 1343
831 2623
831 1599
831 2847
831 1823
831 927
831 863
831 2863
831 1839
831 943
831 879
831 2871
831 1847
831 951
831 887
831 2875
831 1851
831 955
831 891
831 2877
831 1853
831 957
831 893
832 2880
832 1856
832 960
832 896
832 2368
832 1344
832 2624
832 1600
832 2848
832 1824
832 928
832 864
832 2864
832 1840
832 944
832 880
832 2872
832 1848
832 952
832 888
832 2876
832 1852
832 956
832 892
832 2878
832 1854
832 958
832 894
832 2879
832 1855
832 959
832 895
833 2881
833 1857
833 961
833 865
833 849
833 841
833 837
833 835
833 834
833 2369
833 1345
833 2625
833 1601
833 2817
833 1793
833 897
834 2882
834 1858
834 962
834 866
834 850
834 842
834 838
834 836
834 2370
834 1346
834 2626
834 1602
834 2818
834 1794
834 898
834 2881
834 1857
834 961
834 865
834 849
834 841
834 837
834 835
835 2883
835 1859
835 963
835 867
835 851
835 843
835 839
835 836
835 2371
835 1347
835 2627
835 1603
835 2819
835 1795
835 899
835 2881
835 1857
835 961
835 865
835 849
835 841
835 837
836 2884
836 1860
836 964
836 868
836 852
836 844
836 840
836 2372
836 1348
836 2628
836 1604
836 2820
836 1796
836 900
836 2882
836 1858
836 962
836 866
836 850
836 842
836 838
836 2883
836 1859
836 963
836 867
836 851
836 843
836 839
837 2885
837 1861
837 965
837 869
837 853
837 845
837 839
837 838
837 2373
837 1349
837 2629
837 1605
837 2821
837 1797
837 901
837 2881
837 1857
837 961
837 865
837 849
837 841
838 2886
838 1862
838 966
838 870
838 854
838 846
838 840
838 2374
838 1350
838 2630
838 1606
838 2822
838 1798
838 902
838 2882
838 1858
838 962
838 866
838 850
838 842
838 2885
838 1861
838 965
838 869
838 853
838 845
838 839
839 2887
839 1863
839 967
839 871
839 855
839 847
839 840
839 2375
839 1351
839 2631
839 1607
839 2823
839 1799
839 903
839 2883
839 1859
839 963
839 867
839 851
839 843
839 2885
839 1861
839 965
839 869
839 853
839 845
840 2888
840 1864
840 968
840 872
840 856
840 848
840 2376
840 1352
840 2632
840 1608
840 2824
840 1800
840 904
840 2884
840 1860
840 964
840 868
840 852
840 844
840 2886
840 1862
840 966
840 870
840 854
840 846
840 2887
840 1863
840 967
840 871
840 855
840 847
841 2889
841 1865
841 969
841 873
841 857
841 845
841 843
841 842
841 2377
841 1353
841 2633
841 1609
841 2825
841 1801
841 905
841 2881
841 1857
841 961
841 865
841 849
842 2890
842 1866
842 970
842 874
842 858
842 846
842 844
842 2378
842 1354
842 2634
842 1610
842 2826
842 1802
842 906
842 2882
842 1858
842 962
842 866
842 850
842 2889
842 1865
842 969
842 873
842 857
842 845
842 843
843 2891
843 1867
843 971
843 875
843 859
843 847
843 844
843 2379
843 1355
843 2635
843 1611
843 2827
843 1803
843 907
843 2883
843 1859
843 963
843 867
843 851
843 2889
843 1865
843 969
843 873
843 857
843 845
844 2892
844 1868
844 972
844 876
844 860
844 848
844 2380
844 1356
844 2636
844 1612
844 2828
844 1804
844 908
844 2884
844 1860
844 964
844 868
844 852
844 2890
844 1866
844 970
844 874
844 858
844 846
844 2891
844 1867
844 971
844 875
844 859
844 847
845 2893
845 1869
845 973
845 877
845 861
845 847
845 846
845 2381
845 1357
845 2637
845 1613
845 2829
845 1805
845 909
845 2885
845 1861
845 965
845 869
845 853
845 2889
845 1865
845 969
845 873
845 857
846 2894
846 1870
846 974
846 878
846 862
846 848
846 2382
846 1358
846 2638
846 1614
846 2830
846 1806
846 910
846 2886
846 1862
846 966
846 870
846 854
846 2890
846 1866
846 970
846 874
846 858
846 2893
846 1869
846 973
846 877
846 861
846 847
847 2895
847 1871
847 975
847 879
847 863
847 848
847 2383
847 1359
847 2639
847 1615
847 2831
847 1807
847 911
847 2887
847 1863
847 967
847 871
847 855
847 2891
847 1867
847 971
847 875
847 859
847 2893
847 1869
847 973
847 877
847 861
848 2896
848 1872
848 976
848 880
848 864
848 2384
848 1360
848 2640
848 1616
848 2832
848 1808
848 912
848 2888
848 1864
848 968
848 872
848 856
848 2892
848 1868
848 972
848 876
848 860
848 2894
848 1870
848 974
848 878
848 862
848 2895
848 1871
848 975
848 879
848 863
849 2897
849 1873
849 977
849 881
849 857
849 853
849 851
849 850
849 2385
849 1361
849 2641
849 1617
849 2833
849 1809
849 913
849 2881
849 1857
849 961
849 865
850 2898
850 1874
850 978
850 882
850 858
850 854
850 852
850 2386
850 1362
850 2642
850 1618
850 2834
850 1810
850 914
850 2882
850 1858
850 962
850 866
850 2897
850 1873
850 977
850 881
850 857
850 853
850 851
851 2899
851 1875
851 979
851 883
851 859
851 855
851 852
851 2387
851 1363
851 2643
851 1619
851 2835
851 1811
851 915
851 2883
851 1859
851 963
851 867
851 2897
851 1873
851 977
851 881
851 857
851 853
852 2900
852 1876
852 980
852 884
852 860
852 856
852 2388
852 1364
852 2644
852 1620
852 2836
852 1812
852 916
852 2884
852 1860
852 964
852 868
852 2898
852 1874
852 978
852 882
852 858
852 854
852 2899
852 1875
852 979
852 883
852 859
852 855
853 2901
853 1877
853 981
853 885
853 861
853 855
853 854
853 2389
853 1365
853 2645
853 1621
853 2837
853 1813
853 917
853 2885
853 1861
853 965
853 869
853 2897
853 1873
853 977
853 881
853 857
854 2902
854 1878
854 982
854 886
854 862
854 856
854 2390
854 1366
854 2646
854 1622
854 2838
854 1814
854 918
854 2886
854 1862
854 966
854 870
854 2898
854 1874
854 978
854 882
854 858
854 2901
854 1877
854 981
854 885
854 861
854 855
855 2903
855 1879
855 983
855 887
855 863
855 856
855 2391
855 1367
855 2647
855 1623
855 2839
855 1815
855 919
855 2887
855 1863
855 967
855 871
855 2899
855 1875
855 979
855 883
855 859
855 2901
855 1877
855 981
855 885
855 861
856 2904
856 1880
856 984
856 888
856 864
856 2392
856 1368
856 2648
856 1624
856 2840
856 1816
856 920
856 2888
856 1864
856 968
856 872
856 2900
856 1876
856 980
856 884
856 860
856 2902
856 1878
856 982
856 886
856 862
856 2903
856 1879
856 983
856 887
856 863
857 2905
857 1881
857 985
857 889
857 861
857 859
857 858
857 2393
857 1369
857 2649
857 1625
857 2841
857 1817
857 921
857 2889
857 1865
857 969
857 873
857 2897
857 1873
857 977
857 881
858 2906
858 1882
858 986
858 890
858 862
858 860
858 2394
858 1370
858 2650
858 1626
858 2842
858 1818
858 922
858 2890
858 1866
858 970
858 874
858 2898
858 1874
858 978
858 882
858 2905
858 1881
858 985
858 889
858 861
858 859
859 2907
859 1883
859 987
859 891
859 863
859 860
859 2395
859 1371
859 2651
859 1627
859 2843
859 1819
859 923
859 2891
859 1867
859 971
859 875
859 2899
859 1875
859 979
859 883
859 2905
859 1881
859 985
859 889
859 861
860 2908
860 1884
860 988
860 892
860 864
860 2396
860 1372
860 2652
860 1628
860 2844
860 1820
860 924
860 2892
860 1868
860 972
860 876
860 2900
860 1876
860 980
860 884
860 2906
860 1882
860 986
860 890
860 862
860 2907
860 1883
860 987
860 891
860 863
861 2909
861 1885
861 989
861 893
861 863
861 862
861 2397
861 1373
861 2653
861 1629
861 2845
861 1821
861 925
861 2893
861 1869
861 973
861 877
861 2901
861 1877
861 981
861 885
861 2905
861 1881
861 985
861 889
862 2910
862 1886
862 990
862 894
862 864
862 2398
862 1374
862 2654
862 1630
862 2846
862 1822
862 926
862 2894
862 1870
862 974
862 878
862 2902
862 1878
862 982
862 886
862 2906
862 1882
862 986
862 890
862 2909
862 1885
862 989
862 893
862 863
863 2911
863 1887
863 991
863 895
863 864
863 2399
863 1375
863 2655
863 1631
863 2847
863 1823
863 927
863 2895
863 1871
863 975
863 879
863 2903
863 1879
863 983
863 887
863 2907
863 1883
863 987
863 891
863 2909
863 1885
863 989
863 893
864 2912
864 1888
864 992
864 896
864 2400
864 1376
864 2656
864 1632
864 2848
864 1824
864 928
864 2896
864 1872
864 976
864 880
864 2904
864 1880
864 984
864 888
864 2908
864 1884
864 988
864 892
864 2910
864 1886
864 990
864 894
864 2911
864 1887
864 991
864 895
865 2913
865 1889
865 993
865 881
865 873
865 869
865 867
865 866
865 2401
865 1377
865 2657
865 1633
865 2849
865 1825
865 929
865 2881
865 1857
865 961
866 2914
866 1890
866 994
866 882
866 874
866 870
866 868
866 2402
866 1378
866 2658
866 1634
866 2850
866 1826
866 930
866 2882
866 1858
866 962
866 2913
866 1889
866 993
866 881
866 873
866 869
866 867
867 2915
867 1891
867 995
867 883
867 875
867 871
867 868
867 2403
867 1379
867 2659
867 1635
867 2851
867 1827
867 931
867 2883
867 1859
867 963
867 2913
867 1889
867 993
867 881
867 873
867 869
868 2916
868 1892
868 996
868 884
868 876
868 872
868 2404
868 1380
868 2660
868 1636
868 2852
868 1828
868 932
868 2884
868 1860
868 964
868 2914
868 1890
868 994
868 882
868 874
868 870
868 2915
868 1891
868 995
868 883
868 875
868 871
869 2917
869 1893
869 997
869 885
869 877
869 871
869 870
869 2405
869 1381
869 2661
869 1637
869 2853
869 1829
869 933
869 2885
869 1861
869 965
869 2913
869 1889
869 993
869 881
869 873
870 2918
870 1894
870 998
870 886
870 878
870 872
870 2406
870 1382
870 2662
870 1638
870 2854
870 1830
870 934
870 2886
870 1862
870 966
870 2914
870 1890
870 994
870 882
870 874
870 2917
870 1893
870 997
870 885
870 877
870 871
871 2919
871 1895
871 999
871 887
871 879
871 872
871 2407
871 1383
871 2663
871 1639
871 2855
871 1831
871 935
871 2887
871 1863
871 967
871 2915
871 1891
871 995
871 883
871 875
871 2917
871 1893
871 997
871 885
871 877
872 2920
872 1896
872 1000
872 888
872 880
872 2408
872 1384
872 2664
872 1640
872 2856
872 1832
872 936
872 2888
872 1864
872 968
872 2916
872 1892
872 996
872 884
872 876
872 2918
872 1894
872 998
872 886
872 878
872 2919
872 1895
872 999
872 887
872 879
873 2921
873 1897
873 1001
873 889
873 877
873 875
873 874
873 2409
873 1385
873 2665
873 1641
873 2857
873 1833
873 937
873 2889
873 1865
873 969
873 2913
873 1889
873 993
873 881
874 2922
874 1898
874 1002
874 890
874 878
874 876
874 2410
874 1386
874 2666
874 1642
874 2858
874 1834
874 938
874 2890
874 1866
874 970
874 2914
874 1890
874 994
874 882
874 2921
874 1897
874 1001
874 889
874 877
874 875
875 2923
875 1899
875 1003
875 891
875 879
875 876
875 2411
875 1387
875 2667
875 1643
875 2859
875 1835
875 939
875 2891
875 1867
875 971
875 2915
875 1891
875 995
875 883
875 2921
875 1897
875 1001
875 889
875 877
876 2924
876 1900
876 1004
876 892
876 880
876 2412
876 1388
876 2668
876 1644
876 2860
876 1836
876 940
876 2892
876 1868
876 972
876 2916
876 1892
876 996
876 884
876 2922
876 1898
876 1002
876 890
876 878
876 2923
876 1899
876 1003
876 891
876 879
877 2925
877 1901
877 1005
877 893
877 879
877 878
877 2413
877 1389
877 2669
877 1645
877 2861
877 1837
877 941
877 2893
877 1869
877 973
877 2917
877 1893
877 997
877 885
877 2921
877 1897
877 1001
877 889
878 2926
878 1902
878 1006
878 894
878 880
878 2414
878 1390
878 2670
878 1646
878 2862
878 1838
878 942
878 2894
878 1870
878 974
878 2918
878 1894
878 998
878 886
878 2922
878 1898
878 1002
878 890
878 2925
878 1901
878 1005
878 893
878 879
879 2927
879 1903
879 1007
879 895
879 880
879 2415
879 1391
879 2671
879 1647
879 2863
879 1839
879 943
879 2895
879 1871
879 975
879 2919
879 1895
879 999
879 887
879 2923
879 1899
879 1003
879 891
879 2925
879 1901
879 1005
879 893
880 2928
880 1904
880 1008
880 896
880 2416
880 1392
880 2672
880 1648
880 2864
880 1840
880 944
880 2896
880 1872
880 976
880 2920
880 1896
880 1000
880 888
880 2924
880 1900
880 1004
880 892
880 2926
880 1902
880 1006
880 894
880 2927
880 1903
880 1007
880 895
881 2929
881 1905
881 1009
881 889
881 885
881 883
881 882
881 2417
881 1393
881 2673
881 1649
881 2865
881 1841
881 945
881 2897
881 1873
881 977
881 2913
881 1889
881 993
882 2930
882 1906
882 1010
882 890
882 886
882 884
882 2418
882 1394
882 2674
882 1650
882 2866
882 1842
882 946
882 2898
882 1874
882 978
882 2914
882 1890
882 994
882 2929
882 1905
882 1009
882 889
882 885
882 883
883 2931
883 1907
883 1011
883 891
883 887
883 884
883 2419
883 1395
883 2675
883 1651
883 2867
883 1843
883 947
883 2899
883 1875
883 979
883 2915
883 1891
883 995
883 2929
883 1905
883 1009
883 889
883 885
884 2932
884 1908
884 1012
884 892
884 888
884 2420
884 1396
884 2676
884 1652
884 2868
884 1844
884 948
884 2900
884 1876
884 980
884 2916
884 1892
884 996
884 2930
884 1906
884 1010
884 890
884 886
884 2931
884 1907
884 1011
884 891
884 887
885 2933
885 1909
885 1013
885 893
885 887
885 886
885 2421
885 1397
885 2677
885 1653
885 2869
885 1845
885 949
885 2901
885 1877
885 981
885 2917
885 1893
885 997
885 2929
885 1905
885 1009
885 889
886 2934
886 1910
886 1014
886 894
886 888
886 2422
886 1398
886 2678
886 1654
886 2870
886 1846
886 950
886 2902
886 1878
886 982
886 2918
886 1894
886 998
886 2930
886 1906
886 1010
886 890
886 2933
886 1909
886 1013
886 893
886 887
887 2935
887 1911
887 1015
887 895
887 888
887 2423
887 1399
887 2679
887 1655
887 2871
887 1847
887 951
887 2903
887 1879
887 983
887 2919
887 1895
887 999
887 2931
887 1907
887 1011
887 891
887 2933
887 1909
887 1013
887 893
888 2936
888 1912
888 1016
888 896
888 2424
888 1400
888 2680
888 1656
888 2872
888 1848
888 952
888 2904
888 1880
888 984
888 2920
888 1896
888 1000
888 2932
888 1908
888 1012
888 892
888 2934
888 1910
888 1014
888 894
888 2935
888 1911
888 1015
888 895
889 2937
889 1913
889 1017
889 893
889 891
889 890
889 2425
889 1401
889 2681
889 1657
889 2873
889 1849
889 953
889 2905
889 1881
889 985
889 2921
889 1897
889 1001
889 2929
889 1905
889 1009
890 2938
890 1914
890 1018
890 894
890 892
890 2426
890 1402
890 2682
890 1658
890 2874
890 1850
890 954
890 2906
890 1882
890 986
890 2922
890 1898
890 1002
890 2930
890 1906
890 1010
890 2937
890 1913
890 1017
890 893
890 891
891 2939
891 1915
891 1019
891 895
891 892
891 2427
891 1403
891 2683
891 1659
891 2875
891 1851
891 955
891 2907
891 1883
891 987
891 2923
891 1899
891 1003
891 2931
891 1907
891 1011
891 2937
891 1913
891 1017
891 893
892 2940
892 1916
892 1020
892 896
892 2428
892 1404
892 2684
892 1660
892 2876
892 1852
892 956
892 2908
892 1884
892 988
892 2924
892 1900
892 1004
892 2932
892 1908
892 1012
892 2938
892 1914
892 1018
892 894
892 2939
892 1915
892 1019
892 895
893 2941
893 1917
893 1021
893 895
893 894
893 2429
893 1405
893 2685
893 1661
893 2877
893 1853
893 957
893 2909
893 1885
893 989
893 2925
893 1901
893 1005
893 2933
893 1909
893 1013
893 2937
893 1913
893 1017
894 2942
894 1918
894 1022
894 896
894 2430
894 1406
894 2686
894 1662
894 2878
894 1854
894 958
894 2910
894 1886
894 990
894 2926
894 1902
894 1006
894 2934
894 1910
894 1014
894 2938
894 1914
894 1018
894 2941
894 1917
894 1021
894 895
895 2943
895 1919
895 1023
895 896
895 2431
895 1407
895 2687
895 1663
895 2879
895 1855
895 959
895 2911
895 1887
895 991
895 2927
895 1903
895 1007
895 2935
895 1911
895 1015
895 2939
895 1915
895 1019
895 2941
895 1917
895 1021
896 2944
896 1920
896 1024
896 2432
896 1408
896 2688
896 1664
896 2880
896 1856
896 960
896 2912
896 1888
896 992
896 2928
896 1904
896 1008
896 2936
896 1912
896 1016
896 2940
896 1916
896 1020
896 2942
896 1918
896 1022
896 2943
896 1919
896 1023
897 2945
897 1921
897 961
897 929
897 913
897 905
897 901
897 899
897 898
897 2433
897 1409
897 2689
897 1665
897 2817
897 1793
898 2946
898 1922
898 962
898 930
898 914
898 906
898 902
898 900
898 2434
898 1410
898 2690
898 1666
898 2818
898 1794
898 2945
898 1921
898 961
898 929
898 913
898 905
898 901
898 899
899 2947
899 1923
899 963
899 931
899 915
899 907
899 903
899 900
899 2435
899 1411
899 2691
899 1667
899 2819
899 1795
899 2945
899 1921
899 961
899 929
899 913
899 905
899 901
900 2948
900 1924
900 964
900 932
900 916
900 908
900 904
900 2436
900 1412
900 2692
900 1668
900 2820
900 1796
900 2946
900 1922
900 962
900 930
900 914
900 906
900 902
900 2947
900 1923
900 963
900 931
900 915
900 907
900 903
901 2949
901 1925
901 965
901 933
901 917
901 909
901 903
901 902
901 2437
901 1413
901 2693
901 1669
901 2821
901 1797
901 2945
901 1921
901 961
901 929
901 913
901 905
902 2950
902 1926
902 966
902 934
902 918
902 910
902 904
902 2438
902 1414
902 2694
902 1670
902 2822
902 1798
902 2946
902 1922
902 962
902 930
902 914
902 906
902 2949
902 1925
902 965
902 933
902 917
902 909
902 903
903 2951
903 1927
903 967
903 935
903 919
903 911
903 904
903 2439
903 1415
903 2695
903 1671
903 2823
903 1799
903 2947
903 1923
903 963
903 931
903 915
903 907
903 2949
903 1925
903 965
903 933
903 917
903 909
904 2952
904 1928
904 968
904 936
904 920
904 912
904 2440
904 1416
904 2696
904 1672
904 2824
904 1800
904 2948
904 1924
904 964
904 932
904 916
904 908
904 2950
904 1926
904 966
904 934
904 918
904 910
904 2951
904 1927
904 967
904 935
904 919
904 911
905 2953
905 1929
905 969
905 937
905 921
905 909
905 907
905 906
905 2441
905 1417
905 2697
905 1673
905 2825
905 1801
905 2945
905 1921
905 961
905 929
905 913
906 2954
906 1930
906 970
906 938
906 922
906 910
906 908
906 2442
906 1418
906 2698
906 1674
906 2826
906 1802
906 2946
906 1922
906 962
906 930
906 914
906 2953
906 1929
906 969
906 937
906 921
906 909
906 907
907 2955
907 1931
907 971
907 939
907 923
907 911
907 908
907 2443
907 1419
907 2699
907 1675
907 2827
907 1803
907 2947
907 1923
907 963
907 931
907 915
907 2953
907 1929
907 969
907 937
907 921
907 909
908 2956
908 1932
908 972
908 940
908 924
908 912
908 2444
908 1420
908 2700
908 1676
908 2828
908 1804
908 2948
908 1924
908 964
908 932
908 916
908 2954
908 1930
908 970
908 938
908 922
908 910
908 2955
908 1931
908 971
908 939
908 923
908 911
909 2957
909 1933
909 973
909 941
909 925
909 911
909 910
909 2445
909 1421
909 2701
909 1677
909 2829
909 1805
909 2949
909 1925
909 965
909 933
909 917
909 2953
909 1929
909 969
909 937
909 921
910 2958
910 1934
910 974
910 942
910 926
910 912
910 2446
910 1422
910 2702
910 1678
910 2830
910 1806
910 2950
910 1926
910 966
910 934
910 918
910 2954
910 1930
910 970
910 938
910 922
910 2957
910 1933
910 973
910 941
910 925
910 911
911 2959
911 1935
911 975
911 943
911 927
911 912
911 2447
911 1423
911 2703
911 1679
911 2831
911 1807
911 2951
911 1927
911 967
911 935
911 919
911 2955
911 1931
911 971
911 939
911 923
911 2957
911 1933
911 973
911 941
911 925
912 2960
912 1936
912 976
912 944
912 928
912 2448
912 1424
912 2704
912 1680
912 2832
912 1808
912 2952
912 1928
912 968
912 936
912 920
912 2956
912 1932
912 972
912 940
912 924
912 2958
912 1934
912 974
912 942
912 926
912 2959
912 1935
912 975
912 943
912 927
913 2961
913 1937
913 977
913 945
913 921
913 917
913 915
913 914
913 2449
913 1425
913 2705
913 1681
913 2833
913 1809
913 2945
913 1921
913 961
913 929
914 2962
914 1938
914 978
914 946
914 922
914 918
914 916
914 2450
914 1426
914 2706
914 1682
914 2834
914 1810
914 2946
914 1922
914 962
914 930
914 2961
914 1937
914 977
914 945
914 921
914 917
914 915
915 2963
915 1939
915 979
915 947
915 923
915 919
915 916
915 2451
915 1427
915 2707
915 1683
915 2835
915 1811
915 2947
915 1923
915 963
915 931
915 2961
915 1937
915 977
915 945
915 921
915 917
916 2964
916 1940
916 980
916 948
916 924
916 920
916 2452
916 1428
916 2708
916 1684
916 2836
916 1812
916 2948
916 1924
916 964
916 932
916 2962
916 1938
916 978
916 946
916 922
916 918
916 2963
916 1939
916 979
916 947
916 923
916 919
917 2965
917 1941
917 981
917 949
917 925
917 919
917 918
917 2453
917 1429
917 2709
917 1685
917 2837
917 1813
917 2949
917 1925
917 965
917 933
917 2961
917 1937
917 977
917 945
917 921
918 2966
918 1942
918 982
918 950
918 926
918 920
918 2454
918 1430
918 2710
918 1686
918 2838
918 1814
918 2950
918 1926
918 966
918 934
918 2962
918 1938
918 978
918 946
918 922
918 2965
918 1941
918 981
918 949
918 925
918 919
919 2967
919 1943
919 983
919 951
919 927
919 920
919 2455
919 1431
919 2711
919 1687
919 2839
919 1815
919 2951
919 1927
919 967
919 935
919 2963
919 1939
919 979
919 947
919 923
919 2965
919 1941
919 981
919 949
919 925
920 2968
920 1944
920 984
920 952
920 928
920 2456
920 1432
920 2712
920 1688
920 2840
920 1816
920 2952
920 1928
920 968
920 936
920 2964
920 1940
920 980
920 948
920 924
920 2966
920 1942
920 982
920 950
920 926
920 2967
920 1943
920 983
920 951
920 927
921 2969
921 1945
921 985
921 953
921 925
921 923
921 922
921 2457
921 1433
921 2713
921 1689
921 2841
921 1817
921 2953
921 1929
921 969
921 937
921 2961
921 1937
921 977
921 945
922 2970
922 1946
922 986
922 954
922 926
922 924
922 2458
922 1434
922 2714
922 1690
922 2842
922 1818
922 2954
922 1930
922 970
922 938
922 2962
922 1938
922 978
922 946
922 2969
922 1945
922 985
922 953
922 925
922 923
923 2971
923 1947
923 987
923 955
923 927
923 924
923 2459
923 1435
923 2715
923 1691
923 2843
923 1819
923 2955
923 1931
923 971
923 939
923 2963
923 1939
923 979
923 947
923 2969
923 1945
923 985
923 953
923 925
924 2972
924 1948
924 988
924 956
924 928
924 2460
924 1436
924 2716
924 1692
924 2844
924 1820
924 2956
924 1932
924 972
924 940
924 2964
924 1940
924 980
924 948
924 2970
924 1946
924 986
924 954
924 926
924 2971
924 1947
924 987
924 955
924 927
925 2973
925 1949
925 989
925 957
925 927
925 926
925 2461
925 1437
925 2717
925 1693
925 2845
925 1821
925 2957
925 1933
925 973
925 941
925 2965
925 1941
925 981
925 949
925 2969
925 1945
925 985
925 953
926 2974
926 1950
926 990
926 958
926 928
926 2462
926 1438
926 2718
926 1694
926 2846
926 1822
926 2958
926 1934
926 974
926 942
926 2966
926 1942
926 982
926 950
926 2970
926 1946
926 986
926 954
926 2973
926 1949
926 989
926 957
926 927
927 2975
927 1951
927 991
927 959
927 928
927 2463
927 1439
927 2719
927 1695
927 2847
927 1823
927 2959
927 1935
927 975
927 943
927 2967
927 1943
927 983
927 951
927 2971
927 1947
927 987
927 955
927 2973
927 1949
927 989
927 957
928 2976
928 1952
928 992
928 960
928 2464
928 1440
928 2720
928 1696
928 2848
928 1824
928 2960
928 1936
928 976
928 944
928 2968
928 1944
928 984
928 952
928 2972
928 1948
928 988
928 956
928 2974
928 1950
928 990
928 958
928 2975
928 1951
928 991
928 959
929 2977
929 1953
929 993
929 945
929 937
929 933
929 931
929 930
929 2465
929 1441
929 2721
929 1697
929 2849
929 1825
929 2945
929 1921
929 961
930 2978
930 1954
930 994
930 946
930 938
930 934
930 932
930 2466
930 1442
930 2722
930 1698
930 2850
930 1826
930 2946
930 1922
930 962
930 2977
930 1953
930 993
930 945
930 937
930 933
930 931
931 2979
931 1955
931 995
931 947
931 939
931 935
931 932
931 2467
931 1443
931 2723
931 1699
931 2851
931 1827
931 2947
931 1923
931 963
931 2977
931 1953
931 993
931 945
931 937
931 933
932 2980
932 1956
932 996
932 948
932 940
932 936
932 2468
932 1444
932 2724
932 1700
932 2852
932 1828
932 2948
932 1924
932 964
932 2978
932 1954
932 994
932 946
932 938
932 934
932 2979
932 1955
932 995
932 947
932 939
932 935
933 2981
933 1957
933 997
933 949
933 941
933 935
933 934
933 2469
933 1445
933 2725
933 1701
933 2853
933 1829
933 2949
933 1925
933 965
933 2977
933 1953
933 993
933 945
933 937
934 2982
934 1958
934 998
934 950
934 942
934 936
934 2470
934 1446
934 2726
934 1702
934 2854
934 1830
934 2950
934 1926
934 966
934 2978
934 1954
934 994
934 946
934 938
934 2981
934 1957
934 997
934 949
934 941
934 935
935 2983
935 1959
935 999
935 951
935 943
935 936
935 2471
935 1447
935 2727
935 1703
935 2855
935 1831
935 2951
935 1927
935 967
935 2979
935 1955
935 995
935 947
935 939
935 2981
935 1957
935 997
935 949
935 941
936 2984
936 1960
936 1000
936 952
936 944
936 2472
936 1448
936 2728
936 1704
936 2856
936 1832
936 2952
936 1928
936 968
936 2980
936 1956
936 996
936 948
936 940
936 2982
936 1958
936 998
936 950
936 942
936 2983
936 1959
936 999
936 951
936 943
937 2985
937 1961
937 1001
937 953
937 941
937 939
937 938
937 2473
937 1449
937 2729
937 1705
937 2857
937 1833
937 2953
937 1929
937 969
937 2977
937 1953
937 993
937 945
938 2986
938 1962
938 1002
938 954
938 942
938 940
938 2474
938 1450
938 2730
938 1706
938 2858
938 1834
938 2954
938 1930
938 970
938 2978
938 1954
938 994
938 946
938 2985
938 1961
938 1001
938 953
938 941
938 939
939 2987
939 1963
939 1003
939 955
939 943
939 940
939 2475
939 1451
939 2731
939 1707
939 2859
939 1835
939 2955
939 1931
939 971
939 2979
939 1955
939 995
939 947
939 2985
939 1961
939 1001
939 953
939 941
940 2988
940 1964
940 1004
940 956
940 944
940 2476
940 1452
940 2732
940 1708
940 2860
940 1836
940 2956
940 1932
940 972
940 2980
940 1956
940 996
940 948
940 2986
940 1962
940 1002
940 954
940 942
940 2987
940 1963
940 1003
940 955
940 943
941 2989
941 1965
941 1005
941 957
941 943
941 942
941 2477
941 1453
941 2733
941 1709
941 2861
941 1837
941 2957
941 1933
941 973
941 2981
941 1957
941 997
941 949
941 2985
941 1961
941 1001
941 953
942 2990
942 1966
942 1006
942 958
942 944
942 2478
942 1454
942 2734
942 1710
942 2862
942 1838
942 2958
942 1934
942 974
942 2982
942 1958
942 998
942 950
942 2986
942 1962
942 1002
942 954
942 2989
942 1965
942 1005
942 957
942 943
943 2991
943 1967
943 1007
943 959
943 944
943 2479
943 1455
943 2735
943 1711
943 2863
943 1839
943 2959
943 1935
943 975
943 2983
943 1959
943 999
943 951
943 2987
943 1963
943 1003
943 955
943 2989
943 1965
943 1005
943 957
944 2992
944 1968
944 1008
944 960
944 2480
944 1456
944 2736
944 1712
944 2864
944 1840
944 2960
944 1936
944 976
944 2984
944 1960
944 1000
944 952
944 2988
944 1964
944 1004
944 956
944 2990
944 1966
944 1006
944 958
944 2991
944 1967
944 1007
944 959
945 2993
945 1969
945 1009
945 953
945 949
945 947
945 946
945 2481
945 1457
945 2737
945 1713
945 2865
945 1841
945 2961
945 1937
945 977
945 2977
945 1953
945 993
946 2994
946 1970
946 1010
946 954
946 950
946 948
946 2482
946 1458
946 2738
946 1714
946 2866
946 1842
946 2962
946 1938
946 978
946 2978
946 1954
946 994
946 2993
946 1969
946 1009
946 953
946 949
946 947
947 2995
947 1971
947 1011
947 955
947 951
947 948
947 2483
947 1459
947 2739
947 1715
947 2867
947 1843
947 2963
947 1939
947 979
947 2979
947 1955
947 995
947 2993
947 1969
947 1009
947 953
947 949
948 2996
948 1972
948 1012
948 956
948 952
948 2484
948 1460
948 2740
948 1716
948 2868
948 1844
948 2964
948 1940
948 980
948 2980
948 1956
948 996
948 2994
948 1970
948 1010
948 954
948 950
948 2995
948 1971
948 1011
948 955
948 951
949 2997
949 1973
949 1013
949 957
949 951
949 950
949 2485
949 1461
949 2741
949 1717
949 2869
949 1845
949 2965
949 1941
949 981
949 2981
949 1957
949 997
949 2993
949 1969
949 1009
949 953
950 2998
950 1974
950 1014
950 958
950 952
950 2486
950 1462
950 2742
950 1718
950 2870
950 1846
950 2966
950 1942
950 982
950 2982
950 1958
950 998
950 2994
950 1970
950 1010
950 954
950 2997
950 1973
950 1013
950 957
950 951
951 2999
951 1975
951 1015
951 959
951 952
951 2487
951 1463
951 2743
951 1719
951 2871
951 1847
951 2967
951 1943
951 983
951 2983
951 1959
951 999
951 2995
951 1971
951 1011
951 955
951 2997
951 1973
951 1013
951 957
952 3000
952 1976
952 1016
952 960
952 2488
952 1464
952 2744
952 1720
952 2872
952 1848
952 2968
952 1944
952 984
952 2984
952 1960
952 1000
952 2996
952 1972
952 1012
952 956
952 2998
952 1974
952 1014
952 958
952 2999
952 1975
952 1015
952 959
953 3001
953 1977
953 1017
953 957
953 955
953 954
953 2489
953 1465
953 2745
953 1721
953 2873
953 1849
953 2969
953 1945
953 985
953 2985
953 1961
953 1001
953 2993
953 1969
953 1009
954 3002
954 1978
954 1018
954 958
954 956
954 2490
954 1466
954 2746
954 1722
954 2874
954 1850
954 2970
954 1946
954 986
954 2986
954 1962
954 1002
954 2994
954 1970
954 1010
954 3001
954 1977
954 1017
954 957
954 955
955 3003
955 1979
955 1019
955 959
955 956
955 2491
955 1467
955 2747
955 1723
955 2875
955 1851
955 2971
955 1947
955 987
955 2987
955 1963
955 1003
955 2995
955 1971
955 1011
955 3001
955 1977
955 1017
955 957
956 3004
956 1980
956 1020
956 960
956 2492
956 1468
956 2748
956 1724
956 2876
956 1852
956 2972
956 1948
956 988
956 2988
956 1964
956 1004
956 2996
956 1972
956 1012
956 3002
956 1978
956 1018
956 958
956 3003
956 1979
956 1019
956 959
957 3005
957 1981
957 1021
957 959
957 958
957 2493
957 1469
957 2749
957 1725
957 2877
957 1853
957 2973
957 1949
957 989
957 2989
957 1965
957 1005
957 2997
957 1973
957 1013
957 3001
957 1977
957 1017
958 3006
958 1982
958 1022
958 960
958 2494
958 1470
958 2750
958 1726
958 2878
958 1854
958 2974
958 1950
958 990
958 2990
958 1966
958 1006
958 2998
958 1974
958 1014
958 3002
958 1978
958 1018
958 3005
958 1981
958 1021
958 959
959 3007
959 1983
959 1023
959 960
959 2495
959 1471
959 2751
959 1727
959 2879
959 1855
959 2975
959 1951
959 991
959 2991
959 1967
959 1007
959 2999
959 1975
959 1015
959 3003
959 1979
959 1019
959 3005
959 1981
959 1021
960 3008
960 1984
960 1024
960 2496
960 1472
960 2752
960 1728
960 2880
960 1856
960 2976
960 1952
960 992
960 2992
960 1968
960 1008
960 3000
960 1976
960 1016
960 3004
960 1980
960 1020
960 3006
960 1982
960 1022
960 3007
960 1983
960 1023
961 3009
961 1985
961 993
961 977
961 969
961 965
961 963
961 962
961 2497
961 1473
961 2753
961 1729
961 2881
961 1857
961 2945
961 1921
962 3010
962 1986
962 994
962 978
962 970
962 966
962 964
962 2498
962 1474
962 2754
962 1730
962 2882
962 1858
962 2946
962 1922
962 3009
962 1985
962 993
962 977
962 969
962 965
962 963
963 3011
963 1987
963 995
963 979
963 971
963 967
963 964
963 2499
963 1475
963 2755
963 1731
963 2883
963 1859
963 2947
963 1923
963 3009
963 1985
963 993
963 977
963 969
963 965
964 3012
964 1988
964 996
964 980
964 972
964 968
964 2500
964 1476
964 2756
964 1732
964 2884
964 1860
964 2948
964 1924
964 3010
964 1986
964 994
964 978
964 970
964 966
964 3011
964 1987
964 995
964 979
964 971
964 967
965 3013
965 1989
965 997
965 981
965 973
965 967
965 966
965 2501
965 1477
965 2757
965 1733
965 2885
965 1861
965 2949
965 1925
965 3009
965 1985
965 993
965 977
965 969
966 3014
966 1990
966 998
966 982
966 974
966 968
966 2502
966 1478
966 2758
966 1734
966 2886
966 1862
966 2950
966 1926
966 3010
966 1986
966 994
966 978
966 970
966 3013
966 1989
966 997
966 981
966 973
966 967
967 3015
967 1991
967 999
967 983
967 975
967 968
967 2503
967 1479
967 2759
967 1735
967 2887
967 1863
967 2951
967 1927
967 3011
967 1987
967 995
967 979
967 971
967 3013
967 1989
967 997
967 981
967 973
968 3016
968 1992
968 1000
968 984
968 976
968 2504
968 1480
968 2760
968 1736
968 2888
968 1864
968 2952
968 1928
968 3012
968 1988
968 996
968 980
968 972
968 3014
968 1990
968 998
968 982
968 974
968 3015
968 1991
968 999
968 983
968 975
969 3017
969 1993
969 1001
969 985
969 973
969 971
969 970
969 2505
969 1481
969 2761
969 1737
969 2889
969 1865
969 2953
969 1929
969 3009
969 1985
969 993
969 977
970 3018
970 1994
970 1002
970 986
970 974
970 972
970 2506
970 1482
970 2762
970 1738
970 2890
970 1866
970 2954
970 1930
970 3010
970 1986
970 994
970 978
970 3017
970 1993
970 1001
970 985
970 973
970 971
971 3019
971 1995
971 1003
971 987
971 975
971 972
971 2507
971 1483
971 2763
971 1739
971 2891
971 1867
971 2955
971 1931
971 3011
971 1987
971 995
971 979
971 3017
971 1993
971 1001
971 985
971 973
972 3020
972 1996
972 1004
972 988
972 976
972 2508
972 1484
972 2764
972 1740
972 2892
972 1868
972 2956
972 1932
972 3012
972 1988
972 996
972 980
972 3018
972 1994
972 1002
972 986
972 974
972 3019
972 1995
972 1003
972 987
972 975
973 3021
973 1997
973 1005
973 989
973 975
973 974
973 2509
973 1485
973 2765
973 1741
973 2893
973 1869
973 2957
973 1933
973 3013
973 1989
973 997
973 981
973 3017
973 1993
973 1001
973 985
974 3022
974 1998
974 1006
974 990
974 976
974 2510
974 1486
974 2766
974 1742
974 2894
974 1870
974 2958
974 1934
974 3014
974 1990
974 998
974 982
974 3018
974 1994
974 1002
974 986
974 3021
974 1997
974 1005
974 989
974 975
975 3023
975 1999
975 1007
975 991
975 976
975 2511
975 1487
975 2767
975 1743
975 2895
975 1871
975 2959
975 1935
975 3015
975 1991
975 999
975 983
975 3019
975 1995
975 1003
975 987
975 3021
975 1997
975 1005
975 989
976 3024
976 2000
976 1008
976 992
976 2512
976 1488
976 2768
976 1744
976 2896
976 1872
976 2960
976 1936
976 3016
976 1992
976 1000
976 984
976 3020
976 1996
976 1004
976 988
976 3022
976 1998
976 1006
976 990
976 3023
976 1999
976 1007
976 991
977 3025
977 2001
977 1009
977 985
977 981
977 979
977 978
977 2513
977 1489
977 2769
977 1745
977 2897
977 1873
977 2961
977 1937
977 3009
977 1985
977 993
978 3026
978 2002
978 1010
978 986
978 982
978 980
978 2514
978 1490
978 2770
978 1746
978 2898
978 1874
978 2962
978 1938
978 3010
978 1986
978 994
978 3025
978 2001
978 1009
978 985
978 981
978 979
979 3027
979 2003
979 1011
979 987
979 983
979 980
979 2515
979 1491
979 2771
979 1747
979 2899
979 1875
979 2963
979 1939
979 3011
979 1987
979 995
979 3025
979 2001
979 1009
979 985
979 981
980 3028
980 2004
980 1012
980 988
980 984
980 2516
980 1492
980 2772
980 1748
980 2900
980 1876
980 2964
980 1940
980 3012
980 1988
980 996
980 3026
980 2002
980 1010
980 986
980 982
980 3027
980 2003
980 1011
980 987
980 983
981 3029
981 2005
981 1013
981 989
981 983
981 982
981 2517
981 1493
981 2773
981 1749
981 2901
981 1877
981 2965
981 1941
981 3013
981 1989
981 997
981 3025
981 2001
981 1009
981 985
982 3030
982 2006
982 1014
982 990
982 984
982 2518
982 1494
982 2774
982 1750
982 2902
982 1878
982 2966
982 1942
982 3014
982 1990
982 998
982 3026
982 2002
982 1010
982 986
982 3029
982 2005
982 1013
982 989
982 983
983 3031
983 2007
983 1015
983 991
983 984
983 2519
983 1495
983 2775
983 1751
983 2903
983 1879
983 2967
983 1943
983 3015
983 1991
983 999
983 3027
983 2003
983 1011
983 987
983 3029
983 2005
983 1013
983 989
984 3032
984 2008
984 1016
984 992
984 2520
984 1496
984 2776
984 1752
984 2904
984 1880
984 2968
984 1944
984 3016
984 1992
984 1000
984 3028
984 2004
984 1012
984 988
984 3030
984 2006
984 1014
984 990
984 3031
984 2007
984 1015
984 991
985 3033
985 2009
985 1017
985 989
985 987
985 986
985 2521
985 1497
985 2777
985 1753
985 2905
985 1881
985 2969
985 1945
985 3017
985 1993
985 1001
985 3025
985 2001
985 1009
986 3034
986 2010
986 1018
986 990
986 988
986 2522
986 1498
986 2778
986 1754
986 2906
986 1882
986 2970
986 1946
986 3018
986 1994
986 1002
986 3026
986 2002
986 1010
986 3033
986 2009
986 1017
986 989
986 987
987 3035
987 2011
987 1019
987 991
987 988
987 2523
987 1499
987 2779
987 1755
987 2907
987 1883
987 2971
987 1947
987 3019
987 1995
987 1003
987 3027
987 2003
987 1011
987 3033
987 2009
987 1017
987 989
988 3036
988 2012
988 1020
988 992
988 2524
988 1500
988 2780
988 1756
988 2908
988 1884
988 2972
988 1948
988 3020
988 1996
988 1004
988 3028
988 2004
988 1012
988 3034
988 2010
988 1018
988 990
988 3035
988 2011
988 1019
988 991
989 3037
989 2013
989 1021
989 991
989 990
989 2525
989 1501
989 2781
989 1757
989 2909
989 1885
989 2973
989 1949
989 3021
989 1997
989 1005
989 3029
989 2005
989 1013
989 3033
989 2009
989 1017
990 3038
990 2014
990 1022
990 992
990 2526
990 1502
990 2782
990 1758
990 2910
990 1886
990 2974
990 1950
990 3022
990 1998
990 1006
990 3030
990 2006
990 1014
990 3034
990 2010
990 1018
990 3037
990 2013
990 1021
990 991
991 3039
991 2015
991 1023
991 992
991 2527
991 1503
991 2783
991 1759
991 2911
991 1887
991 2975
991 1951
991 3023
991 1999
991 1007
991 3031
991 2007
991 1015
991 3035
991 2011
991 1019
991 3037
991 2013
991 1021
992 3040
992 2016
992 1024
992 2528
992 1504
992 2784
992 1760
992 2912
992 1888
992 2976
992 1952
992 3024
992 2000
992 1008
992 3032
992 2008
992 1016
992 3036
992 2012
992 1020
992 3038
992 2014
992 1022
992 3039
992 2015
992 1023
993 3041
993 2017
993 1009
993 1001
993 997
993 995
993 994
993 2529
993 1505
993 2785
993 1761
993 2913
993 1889
993 2977
993 1953
993 3009
993 1985
994 3042
994 2018
994 1010
994 1002
994 998
994 996
994 2530
994 1506
994 2786
994 1762
994 2914
994 1890
994 2978
994 1954
994 3010
994 1986
994 3041
994 2017
994 1009
994 1001
994 997
994 995
995 3043
995 2019
995 1011
995 1003
995 999
995 996
995 2531
995 1507
995 2787
995 1763
995 2915
995 1891
995 2979
995 1955
995 3011
995 1987
995 3041
995 2017
995 1009
995 1001
995 997
996 3044
996 2020
996 1012
996 1004
996 1000
996 2532
996 1508
996 2788
996 1764
996 2916
996 1892
996 2980
996 1956
996 3012
996 1988
996 3042
996 2018
996 1010
996 1002
996 998
996 3043
996 2019
996 1011
996 1003
996 999
997 3045
997 2021
997 1013
997 1005
997 999
997 998
997 2533
997 1509
997 2789
997 1765
997 2917
997 1893
997 2981
997 1957
997 3013
997 1989
997 3041
997 2017
997 1009
997 1001
998 3046
998 2022
998 1014
998 1006
998 1000
998 2534
998 1510
998 2790
998 1766
998 2918
998 1894
998 2982
998 1958
998 3014
998 1990
998 3042
998 2018
998 1010
998 1002
998 3045
998 2021
998 1013
998 1005
998 999
999 3047
999 2023
999 1015
999 1007
999 1000
999 2535
999 1511
999 2791
999 1767
999 2919
999 1895
999 2983
999 1959
999 3015
999 1991
999 3043
999 2019
999 1011
999 1003
999 3045
999 2021
999 1013
999 1005
1000 3048
1000 2024
1000 1016
1000 1008
1000 2536
1000 1512
1000 2792
1000 1768
1000 2920
1000 1896
1000 2984
1000 1960
1000 3016
1000 1992
1000 3044
1000 2020
1000 1012
1000 1004
1000 3046
1000 2022
1000 1014
1000 1006
1000 3047
1000 2023
1000 1015
1000 1007
1001 3049
1001 2025
1001 1017
1001 1005
1001 1003
1001 1002
1001 2537
1001 1513
1001 2793
1001 1769
1001 2921
1001 1897
1001 2985
1001 1961
1001 3017
1001 1993
1001 3041
1001 2017
1001 1009
1002 3050
1002 2026
1002 1018
1002 1006
1002 1004
1002 2538
1002 1514
1002 2794
1002 1770
1002 2922
1002 1898
1002 2986
1002 1962
1002 3018
1002 1994
1002 3042
1002 2018
1002 1010
1002 3049
1002 2025
1002 1017
1002 1005
1002 1003
1003 3051
1003 2027
1003 1019
1003 1007
1003 1004
1003 2539
1003 1515
1003 2795
1003 1771
1003 2923
1003 1899
1003 2987
1003 1963
1003 3019
1003 1995
1003 3043
1003 2019
1003 1011
1003 3049
1003 2025
1003 1017
1003 1005
1004 3052
1004 2028
1004 1020
1004 1008
1004 2540
1004 1516
1004 2796
1004 1772
1004 2924
1004 1900
1004 2988
1004 1964
1004 3020
1004 1996
1004 3044
1004 2020
1004 1012
1004 3050
1004 2026
1004 1018
1004 1006
1004 3051
1004 2027
1004 1019
1004 1007
1005 3053
1005 2029
1005 1021
1005 1007
1005 1006
1005 2541
1005 1517
1005 2797
1005 1773
1005 2925
1005 1901
1005 2989
1005 1965
1005 3021
1005 1997
1005 3045
1005 2021
1005 1013
1005 3049
1005 2025
1005 1017
1006 3054
1006 2030
1006 1022
1006 1008
1006 2542
1006 1518
1006 2798
1006 1774
1006 2926
1006 1902
1006 2990
1006 1966
1006 3022
1006 1998
1006 3046
1006 2022
1006 1014
1006 3050
1006 2026
1006 1018
1006 3053
1006 2029
1006 1021
1006 1007
1007 3055
1007 2031
1007 1023
1007 1008
1007 2543
1007 1519
1007 2799
1007 1775
1007 2927
1007 1903
1007 2991
1007 1967
1007 3023
1007 1999
1007 3047
1007 2023
1007 1015
1007 3051
1007 2027
1007 1019
1007 3053
1007 2029
1007 1021
1008 3056
1008 2032
1008 1024
1008 2544
1008 1520
1008 2800
1008 1776
1008 2928
1008 1904
1008 2992
1008 1968
1008 3024
1008 2000
1008 3048
1008 2024
1008 1016
1008 3052
1008 2028
1008 1020
1008 3054
1008 2030
1008 1022
1008 3055
1008 2031
1008 1023
1009 3057
1009 2033
1009 1017
1009 1013
1009 1011
1009 1010
1009 2545
1009 1521
1009 2801
1009 1777
1009 2929
1009 1905
1009 2993
1009 1969
1009 3025
1009 2001
1009 3041
1009 2017
1010 3058
1010 2034
1010 1018
1010 1014
1010 1012
1010 2546
1010 1522
1010 2802
1010 1778
1010 2930
1010 1906
1010 2994
1010 1970
1010 3026
1010 2002
1010 3042
1010 2018
1010 3057
1010 2033
1010 1017
1010 1013
1010 1011
1011 3059
1011 2035
1011 1019
1011 1015
1011 1012
1011 2547
1011 1523
1011 2803
1011 1779
1011 2931
1011 1907
1011 2995
1011 1971
1011 3027
1011 2003
1011 3043
1011 2019
1011 3057
1011 2033
1011 1017
1011 1013
1012 3060
1012 2036
1012 1020
1012 1016
1012 2548
1012 1524
1012 2804
1012 1780
1012 2932
1012 1908
1012 2996
1012 1972
1012 3028
1012 2004
1012 3044
1012 2020
1012 3058
1012 2034
1012 1018
1012 1014
1012 3059
1012 2035
1012 1019
1012 1015
1013 3061
1013 2037
1013 1021
1013 1015
1013 1014
1013 2549
1013 1525
1013 2805
1013 1781
1013 2933
1013 1909
1013 2997
1013 1973
1013 3029
1013 2005
1013 3045
1013 2021
1013 3057
1013 2033
1013 1017
1014 3062
1014 2038
1014 1022
1014 1016
1014 2550
1014 1526
1014 2806
1014 1782
1014 2934
1014 1910
1014 2998
1014 1974
1014 3030
1014 2006
1014 3046
1014 2022
1014 3058
1014 2034
1014 1018
1014 3061
1014 2037
1014 1021
1014 1015
1015 3063
1015 2039
1015 1023
1015 1016
1015 2551
1015 1527
1015 2807
1015 1783
1015 2935
1015 1911
1015 2999
1015 1975
1015 3031
1015 2007
1015 3047
1015 2023
1015 3059
1015 2035
1015 1019
1015 3061
1015 2037
1015 1021
1016 3064
1016 2040
1016 1024
1016 2552
1016 1528
1016 2808
1016 1784
1016 2936
1016 1912
1016 3000
1016 1976
1016 3032
1016 2008
1016 3048
1016 2024
1016 3060
1016 2036
1016 1020
1016 3062
1016 2038
1016 1022
1016 3063
1016 2039
1016 1023
1017 3065
1017 2041
1017 1021
1017 1019
1017 1018
1017 2553
1017 1529
1017 2809
1017 1785
1017 2937
1017 1913
1017 3001
1017 1977
1017 3033
1017 2009
1017 3049
1017 2025
1017 3057
1017 2033
1018 3066
1018 2042
1018 1022
1018 1020
1018 2554
1018 1530
1018 2810
1018 1786
1018 2938
1018 1914
1018 3002
1018 1978
1018 3034
1018 2010
1018 3050
1018 2026
1018 3058
1018 2034
1018 3065
1018 2041
1018 1021
1018 1019
1019 3067
1019 2043
1019 1023
1019 1020
1019 2555
1019 1531
1019 2811
1019 1787
1019 2939
1019 1915
1019 3003
1019 1979
1019 3035
1019 2011
1019 3051
1019 2027
1019 3059
1019 2035
1019 3065
1019 2041
1019 1021
1020 3068
1020 2044
1020 1024
1020 2556
1020 1532
1020 2812
1020 1788
1020 2940
1020 1916
1020 3004
1020 1980
1020 3036
1020 2012
1020 3052
1020 2028
1020 3060
1020 2036
1020 3066
1020 2042
1020 1022
1020 3067
1020 2043
1020 1023
1021 3069
1021 2045
1021 1023
1021 1022
1021 2557
1021 1533
1021 2813
1021 1789
1021 2941
1021 1917
1021 3005
1021 1981
1021 3037
1021 2013
1021 3053
1021 2029
1021 3061
1021 2037
1021 3065
1021 2041
1022 3070
1022 2046
1022 1024
1022 2558
1022 1534
1022 2814
1022 1790
1022 2942
1022 1918
1022 3006
1022 1982
1022 3038
1022 2014
1022 3054
1022 2030
1022 3062
1022 2038
1022 3066
1022 2042
1022 3069
1022 2045
1022 1023
1023 3071
1023 2047
1023 1024
1023 2559
1023 1535
1023 2815
1023 1791
1023 2943
1023 1919
1023 3007
1023 1983
1023 3039
1023 2015
1023 3055
1023 2031
1023 3063
1023 2039
1023 3067
1023 2043
1023 3069
1023 2045
1024 3072
1024 2048
1024 2560
1024 1536
1024 2816
1024 1792
1024 2944
1024 1920
1024 3008
1024 1984
1024 3040
1024 2016
1024 3056
1024 2032
1024 3064
1024 2040
1024 3068
1024 2044
1024 3070
1024 2046
1024 3071
1024 2047
1025 3073
1025 1537
1025 1281
1025 1153
1025 1089
1025 1057
1025 1041
1025 1033
1025 1029
1025 1027
1025 1026
1025 2049
1026 3074
1026 1538
1026 1282
1026 1154
1026 1090
1026 1058
1026 1042
1026 1034
1026 1030
1026 1028
1026 2050
1026 3073
1026 1537
1026 1281
1026 1153
1026 1089
1026 1057
1026 1041
1026 1033
1026 1029
1026 1027
1027 3075
1027 1539
1027 1283
1027 1155
1027 1091
1027 1059
1027 1043
1027 1035
1027 1031
1027 1028
1027 2051
1027 3073
1027 1537
1027 1281
1027 1153
1027 1089
1027 1057
1027 1041
1027 1033
1027 1029
1028 3076
1028 1540
1028 1284
1028 1156
1028 1092
1028 1060
1028 1044
1028 1036
1028 1032
1028 2052
1028 3074
1028 1538
1028 1282
1028 1154
1028 1090
1028 1058
1028 1042
1028 1034
1028 1030
1028 3075
1028 1539
1028 1283
1028 1155
1028 1091
1028 1059
1028 1043
1028 1035
1028 1031
1029 3077
1029 1541
1029 1285
1029 1157
1029 1093
1029 1061
1029 1045
1029 1037
1029 1031
1029 1030
1029 2053
1029 3073
1029 1537
1029 1281
1029 1153
1029 1089
1029 1057
1029 1041
1029 1033
1030 3078
1030 1542
1030 1286
1030 1158
1030 1094
1030 1062
1030 1046
1030 1038
1030 1032
1030 2054
1030 3074
1030 1538
1030 1282
1030 1154
1030 1090
1030 1058
1030 1042
1030 1034
1030 3077
1030 1541
1030 1285
1030 1157
1030 1093
1030 1061
1030 1045
1030 1037
1030 1031
1031 3079
1031 1543
1031 1287
1031 1159
1031 1095
1031 1063
1031 1047
1031 1039
1031 1032
1031 2055
1031 3075
1031 1539
1031 1283
1031 1155
1031 1091
1031 1059
1031 1043
1031 1035
1031 3077
1031 1541
1031 1285
1031 1157
1031 1093
1031 1061
1031 1045
1031 1037
1032 3080
1032 1544
1032 1288
1032 1160
1032 1096
1032 1064
1032 1048
1032 1040
1032 2056
1032 3076
1032 1540
1032 1284
1032 1156
1032 1092
1032 1060
1032 1044
1032 1036
1032 3078
1032 1542
1032 1286
1032 1158
1032 1094
1032 1062
1032 1046
1032 1038
1032 3079
1032 1543
1032 1287
1032 1159
1032 1095
1032 1063
1032 1047
1032 1039
1033 3081
1033 1545
1033 1289
1033 1161
1033 1097
1033 1065
1033 1049
1033 1037
1033 1035
1033 1034
1033 2057
1033 3073
1033 1537
1033 1281
1033 1153
1033 1089
1033 1057
1033 1041
1034 3082
1034 1546
1034 1290
1034 1162
1034 1098
1034 1066
1034 1050
1034 1038
1034 1036
1034 2058
1034 3074
1034 1538
1034 1282
1034 1154
1034 1090
1034 1058
1034 1042
1034 3081
1034 1545
1034 1289
1034 1161
1034 1097
1034 1065
1034 1049
1034 1037
1034 1035
1035 3083
1035 1547
1035 1291
1035 1163
1035 1099
1035 1067
1035 1051
1035 1039
1035 1036
1035 2059
1035 3075
1035 1539
1035 1283
1035 1155
1035 1091
1035 1059
1035 1043
1035 3081
1035 1545
1035 1289
1035 1161
1035 1097
1035 1065
1035 1049
1035 1037
1036 3084
1036 1548
1036 1292
1036 1164
1036 1100
1036 1068
1036 1052
1036 1040
1036 2060
1036 3076
1036 1540
1036 1284
1036 1156
1036 1092
1036 1060
1036 1044
1036 3082
1036 1546
1036 1290
1036 1162
1036 1098
1036 1066
1036 1050
1036 1038
1036 3083
1036 1547
1036 1291
1036 1163
1036 1099
1036 1067
1036 1051
1036 1039
1037 3085
1037 1549
1037 1293
1037 1165
1037 1101
1037 1069
1037 1053
1037 1039
1037 1038
1037 2061
1037 3077
1037 1541
1037 1285
1037 1157
1037 1093
1037 1061
1037 1045
1037 3081
1037 1545
1037 1289
1037 1161
1037 1097
1037 1065
1037 1049
1038 3086
1038 1550
1038 1294
1038 1166
1038 1102
1038 1070
1038 1054
1038 1040
1038 2062
1038 3078
1038 1542
1038 1286
1038 1158
1038 1094
1038 1062
1038 1046
1038 3082
1038 1546
1038 1290
1038 1162
1038 1098
1038 1066
1038 1050
1038 3085
1038 1549
1038 1293
1038 1165
1038 1101
1038 1069
1038 1053
1038 1039
1039 3087
1039 1551
1039 1295
1039 1167
1039 1103
1039 1071
1039 1055
1039 1040
1039 2063
1039 3079
1039 1543
1039 1287
1039 1159
1039 1095
1039 1063
1039 1047
1039 3083
1039 1547
1039 1291
1039 1163
1039 1099
1039 1067
1039 1051
1039 3085
1039 1549
1039 1293
1039 1165
1039 1101
1039 1069
1039 1053
1040 3088
1040 1552
1040 1296
1040 1168
1040 1104
1040 1072
1040 1056
1040 2064
1040 3080
1040 1544
1040 1288
1040 1160
1040 1096
1040 1064
1040 1048
1040 3084
1040 1548
1040 1292
1040 1164
1040 1100
1040 1068
1040 1052
1040 3086
1040 1550
1040 1294
1040 1166
1040 1102
1040 1070
1040 1054
1040 3087
1040 1551
1040 1295
1040 1167
1040 1103
1040 1071
1040 1055
1041 3089
1041 1553
1041 1297
1041 1169
1041 1105
1041 1073
1041 1049
1041 1045
1041 1043
1041 1042
1041 2065
1041 3073
1041 1537
1041 1281
1041 1153
1041 1089
1041 1057
1042 3090
1042 1554
1042 1298
1042 1170
1042 1106
1042 1074
1042 1050
1042 1046
1042 1044
1042 2066
1042 3074
1042 1538
1042 1282
1042 1154
1042 1090
1042 1058
1042 3089
1042 1553
1042 1297
1042 1169
1042 1105
1042 1073
1042 1049
1042 1045
1042 1043
1043 3091
1043 1555
1043 1299
1043 1171
1043 1107
1043 1075
1043 1051
1043 1047
1043 1044
1043 2067
1043 3075
1043 1539
1043 1283
1043 1155
1043 1091
1043 1059
1043 3089
1043 1553
1043 1297
1043 1169
1043 1105
1043 1073
1043 1049
1043 1045
1044 3092
1044 1556
1044 1300
1044 1172
1044 1108
1044 1076
1044 1052
1044 1048
1044 2068
1044 3076
1044 1540
1044 1284
1044 1156
1044 1092
1044 1060
1044 3090
1044 1554
1044 1298
1044 1170
1044 1106
1044 1074
1044 1050
1044 1046
1044 3091
1044 1555
1044 1299
1044 1171
1044 1107
1044 1075
1044 1051
1044 1047
1045 3093
1045 1557
1045 1301
1045 1173
1045 1109
1045 1077
1045 1053
1045 1047
1045 1046
1045 2069
1045 3077
1045 1541
1045 1285
1045 1157
1045 1093
1045 1061
1045 3089
1045 1553
1045 1297
1045 1169
1045 1105
1045 1073
1045 1049
1046 3094
1046 1558
1046 1302
1046 1174
1046 1110
1046 1078
1046 1054
1046 1048
1046 2070
1046 3078
1046 1542
1046 1286
1046 1158
1046 1094
1046 1062
1046 3090
1046 1554
1046 1298
1046 1170
1046 1106
1046 1074
1046 1050
1046 3093
1046 1557
1046 1301
1046 1173
1046 1109
1046 1077
1046 1053
1046 1047
1047 3095
1047 1559
1047 1303
1047 1175
1047 1111
1047 1079
1047 1055
1047 1048
1047 2071
1047 3079
1047 1543
1047 1287
1047 1159
1047 1095
1047 1063
1047 3091
1047 1555
1047 1299
1047 1171
1047 1107
1047 1075
1047 1051
1047 3093
1047 1557
1047 1301
1047 1173
1047 1109
1047 1077
1047 1053
1048 3096
1048 1560
1048 1304
1048 1176
1048 1112
1048 1080
1048 1056
1048 2072
1048 3080
1048 1544
1048 1288
1048 1160
1048 1096
1048 1064
1048 3092
1048 1556
1048 1300
1048 1172
1048 1108
1048 1076
1048 1052
1048 3094
1048 1558
1048 1302
1048 1174
1048 1110
1048 1078
1048 1054
1048 3095
1048 1559
1048 1303
1048 1175
1048 1111
1048 1079
1048 1055
1049 3097
1049 1561
1049 1305
1049 1177
1049 1113
1049 1081
1049 1053
1049 1051
1049 1050
1049 2073
1049 3081
1049 1545
1049 1289
1049 1161
1049 1097
1049 1065
1049 3089
1049 1553
1049 1297
1049 1169
1049 1105
1049 1073
1050 3098
1050 1562
1050 1306
1050 1178
1050 1114
1050 1082
1050 1054
1050 1052
1050 2074
1050 3082
1050 1546
1050 1290
1050 1162
1050 1098
1050 1066
1050 3090
1050 1554
1050 1298
1050 1170
1050 1106
1050 1074
1050 3097
1050 1561
1050 1305
1050 1177
1050 1113
1050 1081
1050 1053
1050 1051
1051 3099
1051 1563
1051 1307
1051 1179
1051 1115
1051 1083
1051 1055
1051 1052
1051 2075
1051 3083
1051 1547
1051 1291
1051 1163
1051 1099
1051 1067
1051 3091
1051 1555
1051 1299
1051 1171
1051 1107
1051 1075
1051 3097
1051 1561
1051 1305
1051 1177
1051 1113
1051 1081
1051 1053
1052 3100
1052 1564
1052 1308
1052 1180
1052 1116
1052 1084
1052 1056
1052 2076
1052 3084
1052 1548
1052 1292
1052 1164
1052 1100
1052 1068
1052 3092
1052 1556
1052 1300
1052 1172
1052 1108
1052 1076
1052 3098
1052 1562
1052 1306
1052 1178
1052 1114
1052 1082
1052 1054
1052 3099
1052 1563
1052 1307
1052 1179
1052 1115
1052 1083
1052 1055
1053 3101
1053 1565
1053 1309
1053 1181
1053 1117
1053 1085
1053 1055
1053 1054
1053 2077
1053 3085
1053 1549
1053 1293
1053 1165
1053 1101
1053 1069
1053 3093
1053 1557
1053 1301
1053 1173
1053 1109
1053 1077
1053 3097
1053 1561
1053 1305
1053 1177
1053 1113
1053 1081
1054 3102
1054 1566
1054 1310
1054 1182
1054 1118
1054 1086
1054 1056
1054 2078
1054 3086
1054 1550
1054 1294
1054 1166
1054 1102
1054 1070
1054 3094
1054 1558
1054 1302
1054 1174
1054 1110
1054 1078
1054 3098
1054 1562
1054 1306
1054 1178
1054 1114
1054 1082
1054 3101
1054 1565
1054 1309
1054 1181
1054 1117
1054 1085
1054 1055
1055 3103
1055 1567
1055 1311
1055 1183
1055 1119
1055 1087
1055 1056
1055 2079
1055 3087
1055 1551
1055 1295
1055 1167
1055 1103
1055 1071
1055 3095
1055 1559
1055 1303
1055 1175
1055 1111
1055 1079
1055 3099
1055 1563
1055 1307
1055 1179
1055 1115
1055 1083
1055 3101
1055 1565
1055 1309
1055 1181
1055 1117
1055 1085
1056 3104
1056 1568
1056 1312
1056 1184
1056 1120
1056 1088
1056 2080
1056 3088
1056 1552
1056 1296
1056 1168
1056 1104
1056 1072
1056 3096
1056 1560
1056 1304
1056 1176
1056 1112
1056 1080
1056 3100
1056 1564
1056 1308
1056 1180
1056 1116
1056 1084
1056 3102
1056 1566
1056 1310
1056 1182
1056 1118
1056 1086
1056 3103
1056 1567
1056 1311
1056 1183
1056 1119
1056 1087
1057 3105
1057 1569
1057 1313
1057 1185
1057 1121
1057 1073
1057 1065
1057 1061
1057 1059
1057 1058
1057 2081
1057 3073
1057 1537
1057 1281
1057 1153
1057 1089
1058 3106
1058 1570
1058 1314
1058 1186
1058 1122
1058 1074
1058 1066
1058 1062
1058 1060
1058 2082
1058 3074
1058 1538
1058 1282
1058 1154
1058 1090
1058 3105
1058 1569
1058 1313
1058 1185
1058 1121
1058 1073
1058 1065
1058 1061
1058 1059
1059 3107
1059 1571
1059 1315
1059 1187
1059 1123
1059 1075
1059 1067
1059 1063
1059 1060
1059 2083
1059 3075
1059 1539
1059 1283
1059 1155
1059 1091
1059 3105
1059 1569
1059 1313
1059 1185
1059 1121
1059 1073
1059 1065
1059 1061
1060 3108
1060 1572
1060 1316
1060 1188
1060 1124
1060 1076
1060 1068
1060 1064
1060 2084
1060 3076
1060 1540
1060 1284
1060 1156
1060 1092
1060 3106
1060 1570
1060 1314
1060 1186
1060 1122
1060 1074
1060 1066
1060 1062
1060 3107
1060 1571
1060 1315
1060 1187
1060 1123
1060 1075
1060 1067
1060 1063
1061 3109
1061 1573
1061 1317
1061 1189
1061 1125
1061 1077
1061 1069
1061 1063
1061 1062
1061 2085
1061 3077
1061 1541
1061 1285
1061 1157
1061 1093
1061 3105
1061 1569
1061 1313
1061 1185
1061 1121
1061 1073
1061 1065
1062 3110
1062 1574
1062 1318
1062 1190
1062 1126
1062 1078
1062 1070
1062 1064
1062 2086
1062 3078
1062 1542
1062 1286
1062 1158
1062 1094
1062 3106
1062 1570
1062 1314
1062 1186
1062 1122
1062 1074
1062 1066
1062 3109
1062 1573
1062 1317
1062 1189
1062 1125
1062 1077
1062 1069
1062 1063
1063 3111
1063 1575
1063 1319
1063 1191
1063 1127
1063 1079
1063 1071
1063 1064
1063 2087
1063 3079
1063 1543
1063 1287
1063 1159
1063 1095
1063 3107
1063 1571
1063 1315
1063 1187
1063 1123
1063 1075
1063 1067
1063 3109
1063 1573
1063 1317
1063 1189
1063 1125
1063 1077
1063 1069
1064 3112
1064 1576
1064 1320
1064 1192
1064 1128
1064 1080
1064 1072
1064 2088
1064 3080
1064 1544
1064 1288
1064 1160
1064 1096
1064 3108
1064 1572
1064 1316
1064 1188
1064 1124
1064 1076
1064 1068
1064 3110
1064 1574
1064 1318
1064 1190
1064 1126
1064 1078
1064 1070
1064 3111
1064 1575
1064 1319
1064 1191
1064 1127
1064 1079
1064 1071
1065 3113
1065 1577
1065 1321
1065 1193
1065 1129
1065 1081
1065 1069
1065 1067
1065 1066
1065 2089
1065 3081
1065 1545
1065 1289
1065 1161
1065 1097
1065 3105
1065 1569
1065 1313
1065 1185
1065 1121
1065 1073
1066 3114
1066 1578
1066 1322
1066 1194
1066 1130
1066 1082
1066 1070
1066 1068
1066 2090
1066 3082
1066 1546
1066 1290
1066 1162
1066 1098
1066 3106
1066 1570
1066 1314
1066 1186
1066 1122
1066 1074
1066 3113
1066 1577
1066 1321
1066 1193
1066 1129
1066 1081
1066 1069
1066 1067
1067 3115
1067 1579
1067 1323
1067 1195
1067 1131
1067 1083
1067 1071
1067 1068
1067 2091
1067 3083
1067 1547
1067 1291
1067 1163
1067 1099
1067 3107
1067 1571
1067 1315
1067 1187
1067 1123
1067 1075
1067 3113
1067 1577
1067 1321
1067 1193
1067 1129
1067 1081
1067 1069
1068 3116
1068 1580
1068 1324
1068 1196
1068 1132
1068 1084
1068 1072
1068 2092
1068 3084
1068 1548
1068 1292
1068 1164
1068 1100
1068 3108
1068 1572
1068 1316
1068 1188
1068 1124
1068 1076
1068 3114
1068 1578
1068 1322
1068 1194
1068 1130
1068 1082
1068 1070
1068 3115
1068 1579
1068 1323
1068 1195
1068 1131
1068 1083
1068 1071
1069 3117
1069 1581
1069 1325
1069 1197
1069 1133
1069 1085
1069 1071
1069 1070
1069 2093
1069 3085
1069 1549
1069 1293
1069 1165
1069 1101
1069 3109
1069 1573
1069 1317
1069 1189
1069 1125
1069 1077
1069 3113
1069 1577
1069 1321
1069 1193
1069 1129
1069 1081
1070 3118
1070 1582
1070 1326
1070 1198
1070 1134
1070 1086
1070 1072
1070 2094
1070 3086
1070 1550
1070 1294
1070 1166
1070 1102
1070 3110
1070 1574
1070 1318
1070 1190
1070 1126
1070 1078
1070 3114
1070 1578
1070 1322
1070 1194
1070 1130
1070 1082
1070 3117
1070 1581
1070 1325
1070 1197
1070 1133
1070 1085
1070 1071
1071 3119
1071 1583
1071 1327
1071 1199
1071 1135
1071 1087
1071 1072
1071 2095
1071 3087
1071 1551
1071 1295
1071 1167
1071 1103
1071 3111
1071 1575
1071 1319
1071 1191
1071 1127
1071 1079
1071 3115
1071 1579
1071 1323
1071 1195
1071 1131
1071 1083
1071 3117
1071 1581
1071 1325
1071 1197
1071 1133
1071 1085
1072 3120
1072 1584
1072 1328
1072 1200
1072 1136
1072 1088
1072 2096
1072 3088
1072 1552
1072 1296
1072 1168
1072 1104
1072 3112
1072 1576
1072 1320
1072 1192
1072 1128
1072 1080
1072 3116
1072 1580
1072 1324
1072 1196
1072 1132
1072 1084
1072 3118
1072 1582
1072 1326
1072 1198
1072 1134
1072 1086
1072 3119
1072 1583
1072 1327
1072 1199
1072 1135
1072 1087
1073 3121
1073 1585
1073 1329
1073 1201
1073 1137
1073 1081
1073 1077
1073 1075
1073 1074
1073 2097
1073 3089
1073 1553
1073 1297
1073 1169
1073 1105
1073 3105
1073 1569
1073 1313
1073 1185
1073 1121
1074 3122
1074 1586
1074 1330
1074 1202
1074 1138
1074 1082
1074 1078
1074 1076
1074 2098
1074 3090
1074 1554
1074 1298
1074 1170
1074 1106
1074 3106
1074 1570
1074 1314
1074 1186
1074 1122
1074 3121
1074 1585
1074 1329
1074 1201
1074 1137
1074 1081
1074 1077
1074 1075
1075 3123
1075 1587
1075 1331
1075 1203
1075 1139
1075 1083
1075 1079
1075 1076
1075 2099
1075 3091
1075 1555
1075 1299
1075 1171
1075 1107
1075 3107
1075 1571
1075 1315
1075 1187
1075 1123
1075 3121
1075 1585
1075 1329
1075 1201
1075 1137
1075 1081
1075 1077
1076 3124
1076 1588
1076 1332
1076 1204
1076 1140
1076 1084
1076 1080
1076 2100
1076 3092
1076 1556
1076 1300
1076 1172
1076 1108
1076 3108
1076 1572
1076 1316
1076 1188
1076 1124
1076 3122
1076 1586
1076 1330
1076 1202
1076 1138
1076 1082
1076 1078
1076 3123
1076 1587
1076 1331
1076 1203
1076 1139
1076 1083
1076 1079
1077 3125
1077 1589
1077 1333
1077 1205
1077 1141
1077 1085
1077 1079
1077 1078
1077 2101
1077 3093
1077 1557
1077 1301
1077 1173
1077 1109
1077 3109
1077 1573
1077 1317
1077 1189
1077 1125
1077 3121
1077 1585
1077 1329
1077 1201
1077 1137
1077 1081
1078 3126
1078 1590
1078 1334
1078 1206
1078 1142
1078 1086
1078 1080
1078 2102
1078 3094
1078 1558
1078 1302
1078 1174
1078 1110
1078 3110
1078 1574
1078 1318
1078 1190
1078 1126
1078 3122
1078 1586
1078 1330
1078 1202
1078 1138
1078 1082
1078 3125
1078 1589
1078 1333
1078 1205
1078 1141
1078 1085
1078 1079
1079 3127
1079 1591
1079 1335
1079 1207
1079 1143
1079 1087
1079 1080
1079 2103
1079 3095
1079 1559
1079 1303
1079 1175
1079 1111
1079 3111
1079 1575
1079 1319
1079 1191
1079 1127
1079 3123
1079 1587
1079 1331
1079 1203
1079 1139
1079 1083
1079 3125
1079 1589
1079 1333
1079 1205
1079 1141
1079 1085
1080 3128
1080 1592
1080 1336
1080 1208
1080 1144
1080 1088
1080 2104
1080 3096
1080 1560
1080 1304
1080 1176
1080 1112
1080 3112
1080 1576
1080 1320
1080 1192
1080 1128
1080 3124
1080 1588
1080 1332
1080 1204
1080 1140
1080 1084
1080 3126
1080 1590
1080 1334
1080 1206
1080 1142
1080 1086
1080 3127
1080 1591
1080 1335
1080 1207
1080 1143
1080 1087
1081 3129
1081 1593
1081 1337
1081 1209
1081 1145
1081 1085
1081 1083
1081 1082
1081 2105
1081 3097
1081 1561
1081 1305
1081 1177
1081 1113
1081 3113
1081 1577
1081 1321
1081 1193
1081 1129
1081 3121
1081 1585
1081 1329
1081 1201
1081 1137
1082 3130
1082 1594
1082 1338
1082 1210
1082 1146
1082 1086
1082 1084
1082 2106
1082 3098
1082 1562
1082 1306
1082 1178
1082 1114
1082 3114
1082 1578
1082 1322
1082 1194
1082 1130
1082 3122
1082 1586
1082 1330
1082 1202
1082 1138
1082 3129
1082 1593
1082 1337
1082 1209
1082 1145
1082 1085
1082 1083
1083 3131
1083 1595
1083 1339
1083 1211
1083 1147
1083 1087
1083 1084
1083 2107
1083 3099
1083 1563
1083 1307
1083 1179
1083 1115
1083 3115
1083 1579
1083 1323
1083 1195
1083 1131
1083 3123
1083 1587
1083 1331
1083 1203
1083 1139
1083 3129
1083 1593
1083 1337
1083 1209
1083 1145
1083 1085
1084 3132
1084 1596
1084 1340
1084 1212
1084 1148
1084 1088
1084 2108
1084 3100
1084 1564
1084 1308
1084 1180
1084 1116
1084 3116
1084 1580
1084 1324
1084 1196
1084 1132
1084 3124
1084 1588
1084 1332
1084 1204
1084 1140
1084 3130
1084 1594
1084 1338
1084 1210
1084 1146
1084 1086
1084 3131
1084 1595
1084 1339
1084 1211
1084 1147
1084 1087
1085 3133
1085 1597
1085 1341
1085 1213
1085 1149
1085 1087
1085 1086
1085 2109
1085 3101
1085 1565
1085 1309
1085 1181
1085 1117
1085 3117
1085 1581
1085 1325
1085 1197
1085 1133
1085 3125
1085 1589
1085 1333
1085 1205
1085 1141
1085 3129
1085 1593
1085 1337
1085 1209
1085 1145
1086 3134
1086 1598
1086 1342
1086 1214
1086 1150
1086 1088
1086 2110
1086 3102
1086 1566
1086 1310
1086 1182
1086 1118
1086 3118
1086 1582
1086 1326
1086 1198
1086 1134
1086 3126
1086 1590
1086 1334
1086 1206
1086 1142
1086 3130
1086 1594
1086 1338
1086 1210
1086 1146
1086 3133
1086 1597
1086 1341
1086 1213
1086 1149
1086 1087
1087 3135
1087 1599
1087 1343
1087 1215
1087 1151
1087 1088
1087 2111
1087 3103
1087 1567
1087 1311
1087 1183
1087 1119
1087 3119
1087 1583
1087 1327
1087 1199
1087 1135
1087 3127
1087 1591
1087 1335
1087 1207
1087 1143
1087 3131
1087 1595
1087 1339
1087 1211
1087 1147
1087 3133
1087 1597
1087 1341
1087 1213
1087 1149
1088 3136
1088 1600
1088 1344
1088 1216
1088 1152
1088 2112
1088 3104
1088 1568
1088 1312
1088 1184
1088 1120
1088 3120
1088 1584
1088 1328
1088 1200
1088 1136
1088 3128
1088 1592
1088 1336
1088 1208
1088 1144
1088 3132
1088 1596
1088 1340
1088 1212
1088 1148
1088 3134
1088 1598
1088 1342
1088 1214
1088 1150
1088 3135
1088 1599
1088 1343
1088 1215
1088 1151
1089 3137
1089 1601
1089 1345
1089 1217
1089 1121
1089 1105
1089 1097
1089 1093
1089 1091
1089 1090
1089 2113
1089 3073
1089 1537
1089 1281
1089 1153
1090 3138
1090 1602
1090 1346
1090 1218
1090 1122
1090 1106
1090 1098
1090 1094
1090 1092
1090 2114
1090 3074
1090 1538
1090 1282
1090 1154
1090 3137
1090 1601
1090 1345
1090 1217
1090 1121
1090 1105
1090 1097
1090 1093
1090 1091
1091 3139
1091 1603
1091 1347
1091 1219
1091 1123
1091 1107
1091 1099
1091 1095
1091 1092
1091 2115
1091 3075
1091 1539
1091 1283
1091 1155
1091 3137
1091 1601
1091 1345
1091 1217
1091 1121
1091 1105
1091 1097
1091 1093
1092 3140
1092 1604
1092 1348
1092 1220
1092 1124
1092 1108
1092 1100
1092 1096
1092 2116
1092 3076
1092 1540
1092 1284
1092 1156
1092 3138
1092 1602
1092 1346
1092 1218
1092 1122
1092 1106
1092 1098
1092 1094
1092 3139
1092 1603
1092 1347
1092 1219
1092 1123
1092 1107
1092 1099
1092 1095
1093 3141
1093 1605
1093 1349
1093 1221
1093 1125
1093 1109
1093 1101
1093 1095
1093 1094
1093 2117
1093 3077
1093 1541
1093 1285
1093 1157
1093 3137
1093 1601
1093 1345
1093 1217
1093 1121
1093 1105
1093 1097
1094 3142
1094 1606
1094 1350
1094 1222
1094 1126
1094 1110
1094 1102
1094 1096
1094 2118
1094 3078
1094 1542
1094 1286
1094 1158
1094 3138
1094 1602
1094 1346
1094 1218
1094 1122
1094 1106
1094 1098
1094 3141
1094 1605
1094 1349
1094 1221
1094 1125
1094 1109
1094 1101
1094 1095
1095 3143
1095 1607
1095 1351
1095 1223
1095 1127
1095 1111
1095 1103
1095 1096
1095 2119
1095 3079
1095 1543
1095 1287
1095 1159
1095 3139
1095 1603
1095 1347
1095 1219
1095 1123
1095 1107
1095 1099
1095 3141
1095 1605
1095 1349
1095 1221
1095 1125
1095 1109
1095 1101
1096 3144
1096 1608
1096 1352
1096 1224
1096 1128
1096 1112
1096 1104
1096 2120
1096 3080
1096 1544
1096 1288
1096 1160
1096 3140
1096 1604
1096 1348
1096 1220
1096 1124
1096 1108
1096 1100
1096 3142
1096 1606
1096 1350
1096 1222
1096 1126
1096 1110
1096 1102
1096 3143
1096 1607
1096 1351
1096 1223
1096 1127
1096 1111
1096 1103
1097 3145
1097 1609
1097 1353
1097 1225
1097 1129
1097 1113
1097 1101
1097 1099
1097 1098
1097 2121
1097 3081
1097 1545
1097 1289
1097 1161
1097 3137
1097 1601
1097 1345
1097 1217
1097 1121
1097 1105
1098 3146
1098 1610
1098 1354
1098 1226
1098 1130
1098 1114
1098 1102
1098 1100
1098 2122
1098 3082
1098 1546
1098 1290
1098 1162
1098 3138
1098 1602
1098 1346
1098 1218
1098 1122
1098 1106
1098 3145
1098 1609
1098 1353
1098 1225
1098 1129
1098 1113
1098 1101
1098 1099
1099 3147
1099 1611
1099 1355
1099 1227
1099 1131
1099 1115
1099 1103
1099 1100
1099 2123
1099 3083
1099 1547
1099 1291
1099 1163
1099 3139
1099 1603
1099 1347
1099 1219
1099 1123
1099 1107
1099 3145
1099 1609
1099 1353
1099 1225
1099 1129
1099 1113
1099 1101
1100 3148
1100 1612
1100 1356
1100 1228
1100 1132
1100 1116
1100 1104
1100 2124
1100 3084
1100 1548
1100 1292
1100 1164
1100 3140
1100 1604
1100 1348
1100 1220
1100 1124
1100 1108
1100 3146
1100 1610
1100 1354
1100 1226
1100 1130
1100 1114
1100 1102
1100 3147
1100 1611
1100 1355
1100 1227
1100 1131
1100 1115
1100 1103
1101 3149
1101 1613
1101 1357
1101 1229
1101 1133
1101 1117
1101 1103
1101 1102
1101 2125
1101 3085
1101 1549
1101 1293
1101 1165
1101 3141
1101 1605
1101 1349
1101 1221
1101 1125
1101 1109
1101 3145
1101 1609
1101 1353
1101 1225
1101 1129
1101 1113
1102 3150
1102 1614
1102 1358
1102 1230
1102 1134
1102 1118
1102 1104
1102 2126
1102 3086
1102 1550
1102 1294
1102 1166
1102 3142
1102 1606
1102 1350
1102 1222
1102 1126
1102 1110
1102 3146
1102 1610
1102 1354
1102 1226
1102 1130
1102 1114
1102 3149
1102 1613
1102 1357
1102 1229
1102 1133
1102 1117
1102 1103
1103 3151
1103 1615
1103 1359
1103 1231
1103 1135
1103 1119
1103 1104
1103 2127
1103 3087
1103 1551
1103 1295
1103 1167
1103 3143
1103 1607
1103 1351
1103 1223
1103 1127
1103 1111
1103 3147
1103 1611
1103 1355
1103 1227
1103 1131
1103 1115
1103 3149
1103 1613
1103 1357
1103 1229
1103 1133
1103 1117
1104 3152
1104 1616
1104 1360
1104 1232
1104 1136
1104 1120
1104 2128
1104 3088
1104 1552
1104 1296
1104 1168
1104 3144
1104 1608
1104 1352
1104 1224
1104 1128
1104 1112
1104 3148
1104 1612
1104 1356
1104 1228
1104 1132
1104 1116
1104 3150
1104 1614
1104 1358
1104 1230
1104 1134
1104 1118
1104 3151
1104 1615
1104 1359
1104 1231
1104 1135
1104 1119
1105 3153
1105 1617
1105 1361
1105 1233
1105 1137
1105 1113
1105 1109
1105 1107
1105 1106
1105 2129
1105 3089
1105 1553
1105 1297
1105 1169
1105 3137
1105 1601
1105 1345
1105 1217
1105 1121
1106 3154
1106 1618
1106 1362
1106 1234
1106 1138
1106 1114
1106 1110
1106 1108
1106 2130
1106 3090
1106 1554
1106 1298
1106 1170
1106 3138
1106 1602
1106 1346
1106 1218
1106 1122
1106 3153
1106 1617
1106 1361
1106 1233
1106 1137
1106 1113
1106 1109
1106 1107
1107 3155
1107 1619
1107 1363
1107 1235
1107 1139
1107 1115
1107 1111
1107 1108
1107 2131
1107 3091
1107 1555
1107 1299
1107 1171
1107 3139
1107 1603
1107 1347
1107 1219
1107 1123
1107 3153
1107 1617
1107 1361
1107 1233
1107 1137
1107 1113
1107 1109
1108 3156
1108 1620
1108 1364
1108 1236
1108 1140
1108 1116
1108 1112
1108 2132
1108 3092
1108 1556
1108 1300
1108 1172
1108 3140
1108 1604
1108 1348
1108 1220
1108 1124
1108 3154
1108 1618
1108 1362
1108 1234
1108 1138
1108 1114
1108 1110
1108 3155
1108 1619
1108 1363
1108 1235
1108 1139
1108 1115
1108 1111
1109 3157
1109 1621
1109 1365
1109 1237
1109 1141
1109 1117
1109 1111
1109 1110
1109 2133
1109 3093
1109 1557
1109 1301
1109 1173
1109 3141
1109 1605
1109 1349
1109 1221
1109 1125
1109 3153
1109 1617
1109 1361
1109 1233
1109 1137
1109 1113
1110 3158
1110 1622
1110 1366
1110 1238
1110 1142
1110 1118
1110 1112
1110 2134
1110 3094
1110 1558
1110 1302
1110 1174
1110 3142
1110 1606
1110 1350
1110 1222
1110 1126
1110 3154
1110 1618
1110 1362
1110 1234
1110 1138
1110 1114
1110 3157
1110 1621
1110 1365
1110 1237
1110 1141
1110 1117
1110 1111
1111 3159
1111 1623
1111 1367
1111 1239
1111 1143
1111 1119
1111 1112
1111 2135
1111 3095
1111 1559
1111 1303
1111 1175
1111 3143
1111 1607
1111 1351
1111 1223
1111 1127
1111 3155
1111 1619
1111 1363
1111 1235
1111 1139
1111 1115
1111 3157
1111 1621
1111 1365
1111 1237
1111 1141
1111 1117
1112 3160
1112 1624
1112 1368
1112 1240
1112 1144
1112 1120
1112 2136
1112 3096
1112 1560
1112 1304
1112 1176
1112 3144
1112 1608
1112 1352
1112 1224
1112 1128
1112 3156
1112 1620
1112 1364
1112 1236
1112 1140
1112 1116
1112 3158
1112 1622
1112 1366
1112 1238
1112 1142
1112 1118
1112 3159
1112 1623
1112 1367
1112 1239
1112 1143
1112 1119
1113 3161
1113 1625
1113 1369
1113 1241
1113 1145
1113 1117
1113 1115
1113 1114
1113 2137
1113 3097
1113 1561
1113 1305
1113 1177
1113 3145
1113 1609
1113 1353
1113 1225
1113 1129
1113 3153
1113 1617
1113 1361
1113 1233
1113 1137
1114 3162
1114 1626
1114 1370
1114 1242
1114 1146
1114 1118
1114 1116
1114 2138
1114 3098
1114 1562
1114 1306
1114 1178
1114 3146
1114 1610
1114 1354
1114 1226
1114 1130
1114 3154
1114 1618
1114 1362
1114 1234
1114 1138
1114 3161
1114 1625
1114 1369
1114 1241
1114 1145
1114 1117
1114 1115
1115 3163
1115 1627
1115 1371
1115 1243
1115 1147
1115 1119
1115 1116
1115 2139
1115 3099
1115 1563
1115 1307
1115 1179
1115 3147
1115 1611
1115 1355
1115 1227
1115 1131
1115 3155
1115 1619
1115 1363
1115 1235
1115 1139
1115 3161
1115 1625
1115 1369
1115 1241
1115 1145
1115 1117
1116 3164
1116 1628
1116 1372
1116 1244
1116 1148
1116 1120
1116 2140
1116 3100
1116 1564
1116 1308
1116 1180
1116 3148
1116 1612
1116 1356
1116 1228
1116 1132
1116 3156
1116 1620
1116 1364
1116 1236
1116 1140
1116 3162
1116 1626
1116 1370
1116 1242
1116 1146
1116 1118
1116 3163
1116 1627
1116 1371
1116 1243
1116 1147
1116 1119
1117 3165
1117 1629
1117 1373
1117 1245
1117 1149
1117 1119
1117 1118
1117 2141
1117 3101
1117 1565
1117 1309
1117 1181
1117 3149
1117 1613
1117 1357
1117 1229
1117 1133
1117 3157
1117 1621
1117 1365
1117 1237
1117 1141
1117 3161
1117 1625
1117 1369
1117 1241
1117 1145
1118 3166
1118 1630
1118 1374
1118 1246
1118 1150
1118 1120
1118 2142
1118 3102
1118 1566
1118 1310
1118 1182
1118 3150
1118 1614
1118 1358
1118 1230
1118 1134
1118 3158
1118 1622
1118 1366
1118 1238
1118 1142
1118 3162
1118 1626
1118 1370
1118 1242
1118 1146
1118 3165
1118 1629
1118 1373
1118 1245
1118 1149
1118 1119
1119 3167
1119 1631
1119 1375
1119 1247
1119 1151
1119 1120
1119 2143
1119 3103
1119 1567
1119 1311
1119 1183
1119 3151
1119 1615
1119 1359
1119 1231
1119 1135
1119 3159
1119 1623
1119 1367
1119 1239
1119 1143
1119 3163
1119 1627
1119 1371
1119 1243
1119 1147
1119 3165
1119 1629
1119 1373
1119 1245
1119 1149
1120 3168
1120 1632
1120 1376
1120 1248
1120 1152
1120 2144
1120 3104
1120 1568
1120 1312
1120 1184
1120 3152
1120 1616
1120 1360
1120 1232
1120 1136
1120 3160
1120 1624
1120 1368
1120 1240
1120 1144
1120 3164
1120 1628
1120 1372
1120 1244
1120 1148
1120 3166
1120 1630
1120 1374
1120 1246
1120 1150
1120 3167
1120 1631
1120 1375
1120 1247
1120 1151
1121 3169
1121 1633
1121 1377
1121 1249
1121 1137
1121 1129
1121 1125
1121 1123
1121 1122
1121 2145
1121 3105
1121 1569
1121 1313
1121 1185
1121 3137
1121 1601
1121 1345
1121 1217
1122 3170
1122 1634
1122 1378
1122 1250
1122 1138
1122 1130
1122 1126
1122 1124
1122 2146
1122 3106
1122 1570
1122 1314
1122 1186
1122 3138
1122 1602
1122 1346
1122 1218
1122 3169
1122 1633
1122 1377
1122 1249
1122 1137
1122 1129
1122 1125
1122 1123
1123 3171
1123 1635
1123 1379
1123 1251
1123 1139
1123 1131
1123 1127
1123 1124
1123 2147
1123 3107
1123 1571
1123 1315
1123 1187
1123 3139
1123 1603
1123 1347
1123 1219
1123 3169
1123 1633
1123 1377
1123 1249
1123 1137
1123 1129
1123 1125
1124 3172
1124 1636
1124 1380
1124 1252
1124 1140
1124 1132
1124 1128
1124 2148
1124 3108
1124 1572
1124 1316
1124 1188
1124 3140
1124 1604
1124 1348
1124 1220
1124 3170
1124 1634
1124 1378
1124 1250
1124 1138
1124 1130
1124 1126
1124 3171
1124 1635
1124 1379
1124 1251
1124 1139
1124 1131
1124 1127
1125 3173
1125 1637
1125 1381
1125 1253
1125 1141
1125 1133
1125 1127
1125 1126
1125 2149
1125 3109
1125 1573
1125 1317
1125 1189
1125 3141
1125 1605
1125 1349
1125 1221
1125 3169
1125 1633
1125 1377
1125 1249
1125 1137
1125 1129
1126 3174
1126 1638
1126 1382
1126 1254
1126 1142
1126 1134
1126 1128
1126 2150
1126 3110
1126 1574
1126 1318
1126 1190
1126 3142
1126 1606
1126 1350
1126 1222
1126 3170
1126 1634
1126 1378
1126 1250
1126 1138
1126 1130
1126 3173
1126 1637
1126 1381
1126 1253
1126 1141
1126 1133
1126 1127
1127 3175
1127 1639
1127 1383
1127 1255
1127 1143
1127 1135
1127 1128
1127 2151
1127 3111
1127 1575
1127 1319
1127 1191
1127 3143
1127 1607
1127 1351
1127 1223
1127 3171
1127 1635
1127 1379
1127 1251
1127 1139
1127 1131
1127 3173
1127 1637
1127 1381
1127 1253
1127 1141
1127 1133
1128 3176
1128 1640
1128 1384
1128 1256
1128 1144
1128 1136
1128 2152
1128 3112
1128 1576
1128 1320
1128 1192
1128 3144
1128 1608
1128 1352
1128 1224
1128 3172
1128 1636
1128 1380
1128 1252
1128 1140
1128 1132
1128 3174
1128 1638
1128 1382
1128 1254
1128 1142
1128 1134
1128 3175
1128 1639
1128 1383
1128 1255
1128 1143
1128 1135
1129 3177
1129 1641
1129 1385
1129 1257
1129 1145
1129 1133
1129 1131
1129 1130
1129 2153
1129 3113
1129 1577
1129 1321
1129 1193
1129 3145
1129 1609
1129 1353
1129 1225
1129 3169
1129 1633
1129 1377
1129 1249
1129 1137
1130 3178
1130 1642
1130 1386
1130 1258
1130 1146
1130 1134
1130 1132
1130 2154
1130 3114
1130 1578
1130 1322
1130 1194
1130 3146
1130 1610
1130 1354
1130 1226
1130 3170
1130 1634
1130 1378
1130 1250
1130 1138
1130 3177
1130 1641
1130 1385
1130 1257
1130 1145
1130 1133
1130 1131
1131 3179
1131 1643
1131 1387
1131 1259
1131 1147
1131 1135
1131 1132
1131 2155
1131 3115
1131 1579
1131 1323
1131 1195
1131 3147
1131 1611
1131 1355
1131 1227
1131 3171
1131 1635
1131 1379
1131 1251
1131 1139
1131 3177
1131 1641
1131 1385
1131 1257
1131 1145
1131 1133
1132 3180
1132 1644
1132 1388
1132 1260
1132 1148
1132 1136
1132 2156
1132 3116
1132 1580
1132 1324
1132 1196
1132 3148
1132 1612
1132 1356
1132 1228
1132 3172
1132 1636
1132 1380
1132 1252
1132 1140
1132 3178
1132 1642
1132 1386
1132 1258
1132 1146
1132 1134
1132 3179
1132 1643
1132 1387
1132 1259
1132 1147
1132 1135
1133 3181
1133 1645
1133 1389
1133 1261
1133 1149
1133 1135
1133 1134
1133 2157
1133 3117
1133 1581
1133 1325
1133 1197
1133 3149
1133 1613
1133 1357
1133 1229
1133 3173
1133 1637
1133 1381
1133 1253
1133 1141
1133 3177
1133 1641
1133 1385
1133 1257
1133 1145
1134 3182
1134 1646
1134 1390
1134 1262
1134 1150
1134 1136
1134 2158
1134 3118
1134 1582
1134 1326
1134 1198
1134 3150
1134 1614
1134 1358
1134 1230
1134 3174
1134 1638
1134 1382
1134 1254
1134 1142
1134 3178
1134 1642
1134 1386
1134 1258
1134 1146
1134 3181
1134 1645
1134 1389
1134 1261
1134 1149
1134 1135
1135 3183
1135 1647
1135 1391
1135 1263
1135 1151
1135 1136
1135 2159
1135 3119
1135 1583
1135 1327
1135 1199
1135 3151
1135 1615
1135 1359
1135 1231
1135 3175
1135 1639
1135 1383
1135 1255
1135 1143
1135 3179
1135 1643
1135 1387
1135 1259
1135 1147
1135 3181
1135 1645
1135 1389
1135 1261
1135 1149
1136 3184
1136 1648
1136 1392
1136 1264
1136 1152
1136 2160
1136 3120
1136 1584
1136 1328
1136 1200
1136 3152
1136 1616
1136 1360
1136 1232
1136 3176
1136 1640
1136 1384
1136 1256
1136 1144
1136 3180
1136 1644
1136 1388
1136 1260
1136 1148
1136 3182
1136 1646
1136 1390
1136 1262
1136 1150
1136 3183
1136 1647
1136 1391
1136 1263
1136 1151
1137 3185
1137 1649
1137 1393
1137 1265
1137 1145
1137 1141
1137 1139
1137 1138
1137 2161
1137 3121
1137 1585
1137 1329
1137 1201
1137 3153
1137 1617
1137 1361
1137 1233
1137 3169
1137 1633
1137 1377
1137 1249
1138 3186
1138 1650
1138 1394
1138 1266
1138 1146
1138 1142
1138 1140
1138 2162
1138 3122
1138 1586
1138 1330
1138 1202
1138 3154
1138 1618
1138 1362
1138 1234
1138 3170
1138 1634
1138 1378
1138 1250
1138 3185
1138 1649
1138 1393
1138 1265
1138 1145
1138 1141
1138 1139
1139 3187
1139 1651
1139 1395
1139 1267
1139 1147
1139 1143
1139 1140
1139 2163
1139 3123
1139 1587
1139 1331
1139 1203
1139 3155
1139 1619
1139 1363
1139 1235
1139 3171
1139 1635
1139 1379
1139 1251
1139 3185
1139 1649
1139 1393
1139 1265
1139 1145
1139 1141
1140 3188
1140 1652
1140 1396
1140 1268
1140 1148
1140 1144
1140 2164
1140 3124
1140 1588
1140 1332
1140 1204
1140 3156
1140 1620
1140 1364
1140 1236
1140 3172
1140 1636
1140 1380
1140 1252
1140 3186
1140 1650
1140 1394
1140 1266
1140 1146
1140 1142
1140 3187
1140 1651
1140 1395
1140 1267
1140 1147
1140 1143
1141 3189
1141 1653
1141 1397
1141 1269
1141 1149
1141 1143
1141 1142
1141 2165
1141 3125
1141 1589
1141 1333
1141 1205
1141 3157
1141 1621
1141 1365
1141 1237
1141 3173
1141 1637
1141 1381
1141 1253
1141 3185
1141 1649
1141 1393
1141 1265
1141 1145
1142 3190
1142 1654
1142 1398
1142 1270
1142 1150
1142 1144
1142 2166
1142 3126
1142 1590
1142 1334
1142 1206
1142 3158
1142 1622
1142 1366
1142 1238
1142 3174
1142 1638
1142 1382
1142 1254
1142 3186
1142 1650
1142 1394
1142 1266
1142 1146
1142 3189
1142 1653
1142 1397
1142 1269
1142 1149
1142 1143
1143 3191
1143 1655
1143 1399
1143 1271
1143 1151
1143 1144
1143 2167
1143 3127
1143 1591
1143 1335
1143 1207
1143 3159
1143 1623
1143 1367
1143 1239
1143 3175
1143 1639
1143 1383
1143 1255
1143 3187
1143 1651
1143 1395
1143 1267
1143 1147
1143 3189
1143 1653
1143 1397
1143 1269
1143 1149
1144 3192
1144 1656
1144 1400
1144 1272
1144 1152
1144 2168
1144 3128
1144 1592
1144 1336
1144 1208
1144 3160
1144 1624
1144 1368
1144 1240
1144 3176
1144 1640
1144 1384
1144 1256
1144 3188
1144 1652
1144 1396
1144 1268
1144 1148
1144 3190
1144 1654
1144 1398
1144 1270
1144 1150
1144 3191
1144 1655
1144 1399
1144 1271
1144 1151
1145 3193
1145 1657
1145 1401
1145 1273
1145 1149
1145 1147
1145 1146
1145 2169
1145 3129
1145 1593
1145 1337
1145 1209
1145 3161
1145 1625
1145 1369
1145 1241
1145 3177
1145 1641
1145 1385
1145 1257
1145 3185
1145 1649
1145 1393
1145 1265
1146 3194
1146 1658
1146 1402
1146 1274
1146 1150
1146 1148
1146 2170
1146 3130
1146 1594
1146 1338
1146 1210
1146 3162
1146 1626
1146 1370
1146 1242
1146 3178
1146 1642
1146 1386
1146 1258
1146 3186
1146 1650
1146 1394
1146 1266
1146 3193
1146 1657
1146 1401
1146 1273
1146 1149
1146 1147
1147 3195
1147 1659
1147 1403
1147 1275
1147 1151
1147 1148
1147 2171
1147 3131
1147 1595
1147 1339
1147 1211
1147 3163
1147 1627
1147 1371
1147 1243
1147 3179
1147 1643
1147 1387
1147 1259
1147 3187
1147 1651
1147 1395
1147 1267
1147 3193
1147 1657
1147 1401
1147 1273
1147 1149
1148 3196
1148 1660
1148 1404
1148 1276
1148 1152
1148 2172
1148 3132
1148 1596
1148 1340
1148 1212
1148 3164
1148 1628
1148 1372
1148 1244
1148 3180
1148 1644
1148 1388
1148 1260
1148 3188
1148 1652
1148 1396
1148 1268
1148 3194
1148 1658
1148 1402
1148 1274
1148 1150
1148 3195
1148 1659
1148 1403
1148 1275
1148 1151
1149 3197
1149 1661
1149 1405
1149 1277
1149 1151
1149 1150
1149 2173
1149 3133
1149 1597
1149 1341
1149 1213
1149 3165
1149 1629
1149 1373
1149 1245
1149 3181
1149 1645
1149 1389
1149 1261
1149 3189
1149 1653
1149 1397
1149 1269
1149 3193
1149 1657
1149 1401
1149 1273
1150 3198
1150 1662
1150 1406
1150 1278
1150 1152
1150 2174
1150 3134
1150 1598
1150 1342
1150 1214
1150 3166
1150 1630
1150 1374
1150 1246
1150 3182
1150 1646
1150 1390
1150 1262
1150 3190
1150 1654
1150 1398
1150 1270
1150 3194
1150 1658
1150 1402
1150 1274
1150 3197
1150 1661
1150 1405
1150 1277
1150 1151
1151 3199
1151 1663
1151 1407
1151 1279
1151 1152
1151 2175
1151 3135
1151 1599
1151 1343
1151 1215
1151 3167
1151 1631
1151 1375
1151 1247
1151 3183
1151 1647
1151 1391
1151 1263
1151 3191
1151 1655
1151 1399
1151 1271
1151 3195
1151 1659
1151 1403
1151 1275
1151 3197
1151 1661
1151 1405
1151 1277
1152 3200
1152 1664
1152 1408
1152 1280
1152 2176
1152 3136
1152 1600
1152 1344
1152 1216
1152 3168
1152 1632
1152 1376
1152 1248
1152 3184
1152 1648
1152 1392
1152 1264
1152 3192
1152 1656
1152 1400
1152 1272
1152 3196
1152 1660
1152 1404
1152 1276
1152 3198
1152 1662
1152 1406
1152 1278
1152 3199
1152 1663
1152 1407
1152 1279
1153 3201
1153 1665
1153 1409
1153 1217
1153 1185
1153 1169
1153 1161
1153 1157
1153 1155
1153 1154
1153 2177
1153 3073
1153 1537
1153 1281
1154 3202
1154 1666
1154 1410
1154 1218
1154 1186
1154 1170
1154 1162
1154 1158
1154 1156
1154 2178
1154 3074
1154 1538
1154 1282
1154 3201
1154 1665
1154 1409
1154 1217
1154 1185
1154 1169
1154 1161
1154 1157
1154 1155
1155 3203
1155 1667
1155 1411
1155 1219
1155 1187
1155 1171
1155 1163
1155 1159
1155 1156
1155 2179
1155 3075
1155 1539
1155 1283
1155 3201
1155 1665
1155 1409
1155 1217
1155 1185
1155 1169
1155 1161
1155 1157
1156 3204
1156 1668
1156 1412
1156 1220
1156 1188
1156 1172
1156 1164
1156 1160
1156 2180
1156 3076
1156 1540
1156 1284
1156 3202
1156 1666
1156 1410
1156 1218
1156 1186
1156 1170
1156 1162
1156 1158
1156 3203
1156 1667
1156 1411
1156 1219
1156 1187
1156 1171
1156 1163
1156 1159
1157 3205
1157 1669
1157 1413
1157 1221
1157 1189
1157 1173
1157 1165
1157 1159
1157 1158
1157 2181
1157 3077
1157 1541
1157 1285
1157 3201
1157 1665
1157 1409
1157 1217
1157 1185
1157 1169
1157 1161
1158 3206
1158 1670
1158 1414
1158 1222
1158 1190
1158 1174
1158 1166
1158 1160
1158 2182
1158 3078
1158 1542
1158 1286
1158 3202
1158 1666
1158 1410
1158 1218
1158 1186
1158 1170
1158 1162
1158 3205
1158 1669
1158 1413
1158 1221
1158 1189
1158 1173
1158 1165
1158 1159
1159 3207
1159 1671
1159 1415
1159 1223
1159 1191
1159 1175
1159 1167
1159 1160
1159 2183
1159 3079
1159 1543
1159 1287
1159 3203
1159 1667
1159 1411
1159 1219
1159 1187
1159 1171
1159 1163
1159 3205
1159 1669
1159 1413
1159 1221
1159 1189
1159 1173
1159 1165
1160 3208
1160 1672
1160 1416
1160 1224
1160 1192
1160 1176
1160 1168
1160 2184
1160 3080
1160 1544
1160 1288
1160 3204
1160 1668
1160 1412
1160 1220
1160 1188
1160 1172
1160 1164
1160 3206
1160 1670
1160 1414
1160 1222
1160 1190
1160 1174
1160 1166
1160 3207
1160 1671
1160 1415
1160 1223
1160 1191
1160 1175
1160 1167
1161 3209
1161 1673
1161 1417
1161 1225
1161 1193
1161 1177
1161 1165
1161 1163
1161 1162
1161 2185
1161 3081
1161 1545
1161 1289
1161 3201
1161 1665
1161 1409
1161 1217
1161 1185
1161 1169
1162 3210
1162 1674
1162 1418
1162 1226
1162 1194
1162 1178
1162 1166
1162 1164
1162 2186
1162 3082
1162 1546
1162 1290
1162 3202
1162 1666
1162 1410
1162 1218
1162 1186
1162 1170
1162 3209
1162 1673
1162 1417
1162 1225
1162 1193
1162 1177
1162 1165
1162 1163
1163 3211
1163 1675
1163 1419
1163 1227
1163 1195
1163 1179
1163 1167
1163 1164
1163 2187
1163 3083
1163 1547
1163 1291
1163 3203
1163 1667
1163 1411
1163 1219
1163 1187
1163 1171
1163 3209
1163 1673
1163 1417
1163 1225
1163 1193
1163 1177
1163 1165
1164 3212
1164 1676
1164 1420
1164 1228
1164 1196
1164 1180
1164 1168
1164 2188
1164 3084
1164 1548
1164 1292
1164 3204
1164 1668
1164 1412
1164 1220
1164 1188
1164 1172
1164 3210
1164 1674
1164 1418
1164 1226
1164 1194
1164 1178
1164 1166
1164 3211
1164 1675
1164 1419
1164 1227
1164 1195
1164 1179
1164 1167
1165 3213
1165 1677
1165 1421
1165 1229
1165 1197
1165 1181
1165 1167
1165 1166
1165 2189
1165 3085
1165 1549
1165 1293
1165 3205
1165 1669
1165 1413
1165 1221
1165 1189
1165 1173
1165 3209
1165 1673
1165 1417
1165 1225
1165 1193
1165 1177
1166 3214
1166 1678
1166 1422
1166 1230
1166 1198
1166 1182
1166 1168
1166 2190
1166 3086
1166 1550
1166 1294
1166 3206
1166 1670
1166 1414
1166 1222
1166 1190
1166 1174
1166 3210
1166 1674
1166 1418
1166 1226
1166 1194
1166 1178
1166 3213
1166 1677
1166 1421
1166 1229
1166 1197
1166 1181
1166 1167
1167 3215
1167 1679
1167 1423
1167 1231
1167 1199
1167 1183
1167 1168
1167 2191
1167 3087
1167 1551
1167 1295
1167 3207
1167 1671
1167 1415
1167 1223
1167 1191
1167 1175
1167 3211
1167 1675
1167 1419
1167 1227
1167 1195
1167 1179
1167 3213
1167 1677
1167 1421
1167 1229
1167 1197
1167 1181
1168 3216
1168 1680
1168 1424
1168 1232
1168 1200
1168 1184
1168 2192
1168 3088
1168 1552
1168 1296
1168 3208
1168 1672
1168 1416
1168 1224
1168 1192
1168 1176
1168 3212
1168 1676
1168 1420
1168 1228
1168 1196
1168 1180
1168 3214
1168 1678
1168 1422
1168 1230
1168 1198
1168 1182
1168 3215
1168 1679
1168 1423
1168 1231
1168 1199
1168 1183
1169 3217
1169 1681
1169 1425
1169 1233
1169 1201
1169 1177
1169 1173
1169 1171
1169 1170
1169 2193
1169 3089
1169 1553
1169 1297
1169 3201
1169 1665
1169 1409
1169 1217
1169 1185
1170 3218
1170 1682
1170 1426
1170 1234
1170 1202
1170 1178
1170 1174
1170 1172
1170 2194
1170 3090
1170 1554
1170 1298
1170 3202
1170 1666
1170 1410
1170 1218
1170 1186
1170 3217
1170 1681
1170 1425
1170 1233
1170 1201
1170 1177
1170 1173
1170 1171
1171 3219
1171 1683
1171 1427
1171 1235
1171 1203
1171 1179
1171 1175
1171 1172
1171 2195
1171 3091
1171 1555
1171 1299
1171 3203
1171 1667
1171 1411
1171 1219
1171 1187
1171 3217
1171 1681
1171 1425
1171 1233
1171 1201
1171 1177
1171 1173
1172 3220
1172 1684
1172 1428
1172 1236
1172 1204
1172 1180
1172 1176
1172 2196
1172 3092
1172 1556
1172 1300
1172 3204
1172 1668
1172 1412
1172 1220
1172 1188
1172 3218
1172 1682
1172 1426
1172 1234
1172 1202
1172 1178
1172 1174
1172 3219
1172 1683
1172 1427
1172 1235
1172 1203
1172 1179
1172 1175
1173 3221
1173 1685
1173 1429
1173 1237
1173 1205
1173 1181
1173 1175
1173 1174
1173 2197
1173 3093
1173 1557
1173 1301
1173 3205
1173 1669
1173 1413
1173 1221
1173 1189
1173 3217
1173 1681
1173 1425
1173 1233
1173 1201
1173 1177
1174 3222
1174 1686
1174 1430
1174 1238
1174 1206
1174 1182
1174 1176
1174 2198
1174 3094
1174 1558
1174 1302
1174 3206
1174 1670
1174 1414
1174 1222
1174 1190
1174 3218
1174 1682
1174 1426
1174 1234
1174 1202
1174 1178
1174 3221
1174 1685
1174 1429
1174 1237
1174 1205
1174 1181
1174 1175
1175 3223
1175 1687
1175 1431
1175 1239
1175 1207
1175 1183
1175 1176
1175 2199
1175 3095
1175 1559
1175 1303
1175 3207
1175 1671
1175 1415
1175 1223
1175 1191
1175 3219
1175 1683
1175 1427
1175 1235
1175 1203
1175 1179
1175 3221
1175 1685
1175 1429
1175 1237
1175 1205
1175 1181
1176 3224
1176 1688
1176 1432
1176 1240
1176 1208
1176 1184
1176 2200
1176 3096
1176 1560
1176 1304
1176 3208
1176 1672
1176 1416
1176 1224
1176 1192
1176 3220
1176 1684
1176 1428
1176 1236
1176 1204
1176 1180
1176 3222
1176 1686
1176 1430
1176 1238
1176 1206
1176 1182
1176 3223
1176 1687
1176 1431
1176 1239
1176 1207
1176 1183
1177 3225
1177 1689
1177 1433
1177 1241
1177 1209
1177 1181
1177 1179
1177 1178
1177 2201
1177 3097
1177 1561
1177 1305
1177 3209
1177 1673
1177 1417
1177 1225
1177 1193
1177 3217
1177 1681
1177 1425
1177 1233
1177 1201
1178 3226
1178 1690
1178 1434
1178 1242
1178 1210
1178 1182
1178 1180
1178 2202
1178 3098
1178 1562
1178 1306
1178 3210
1178 1674
1178 1418
1178 1226
1178 1194
1178 3218
1178 1682
1178 1426
1178 1234
1178 1202
1178 3225
1178 1689
1178 1433
1178 1241
1178 1209
1178 1181
1178 1179
1179 3227
1179 1691
1179 1435
1179 1243
1179 1211
1179 1183
1179 1180
1179 2203
1179 3099
1179 1563
1179 1307
1179 3211
1179 1675
1179 1419
1179 1227
1179 1195
1179 3219
1179 1683
1179 1427
1179 1235
1179 1203
1179 3225
1179 1689
1179 1433
1179 1241
1179 1209
1179 1181
1180 3228
1180 1692
1180 1436
1180 1244
1180 1212
1180 1184
1180 2204
1180 3100
1180 1564
1180 1308
1180 3212
1180 1676
1180 1420
1180 1228
1180 1196
1180 3220
1180 1684
1180 1428
1180 1236
1180 1204
1180 3226
1180 1690
1180 1434
1180 1242
1180 1210
1180 1182
1180 3227
1180 1691
1180 1435
1180 1243
1180 1211
1180 1183
1181 3229
1181 1693
1181 1437
1181 1245
1181 1213
1181 1183
1181 1182
1181 2205
1181 3101
1181 1565
1181 1309
1181 3213
1181 1677
1181 1421
1181 1229
1181 1197
1181 3221
1181 1685
1181 1429
1181 1237
1181 1205
1181 3225
1181 1689
1181 1433
1181 1241
1181 1209
1182 3230
1182 1694
1182 1438
1182 1246
1182 1214
1182 1184
1182 2206
1182 3102
1182 1566
1182 1310
1182 3214
1182 1678
1182 1422
1182 1230
1182 1198
1182 3222
1182 1686
1182 1430
1182 1238
1182 1206
1182 3226
1182 1690
1182 1434
1182 1242
1182 1210
1182 3229
1182 1693
1182 1437
1182 1245
1182 1213
1182 1183
1183 3231
1183 1695
1183 1439
1183 1247
1183 1215
1183 1184
1183 2207
1183 3103
1183 1567
1183 1311
1183 3215
1183 1679
1183 1423
1183 1231
1183 1199
1183 3223
1183 1687
1183 1431
1183 1239
1183 1207
1183 3227
1183 1691
1183 1435
1183 1243
1183 1211
1183 3229
1183 1693
1183 1437
1183 1245
1183 1213
1184 3232
1184 1696
1184 1440
1184 1248
1184 1216
1184 2208
1184 3104
1184 1568
1184 1312
1184 3216
1184 1680
1184 1424
1184 1232
1184 1200
1184 3224
1184 1688
1184 1432
1184 1240
1184 1208
1184 3228
1184 1692
1184 1436
1184 1244
1184 1212
1184 3230
1184 1694
1184 1438
1184 1246
1184 1214
1184 3231
1184 1695
1184 1439
1184 1247
1184 1215
1185 3233
1185 1697
1185 1441
1185 1249
1185 1201
1185 1193
1185 1189
1185 1187
1185 1186
1185 2209
1185 3105
1185 1569
1185 1313
1185 3201
1185 1665
1185 1409
1185 1217
1186 3234
1186 1698
1186 1442
1186 1250
1186 1202
1186 1194
1186 1190
1186 1188
1186 2210
1186 3106
1186 1570
1186 1314
1186 3202
1186 1666
1186 1410
1186 1218
1186 3233
1186 1697
1186 1441
1186 1249
1186 1201
1186 1193
1186 1189
1186 1187
1187 3235
1187 1699
1187 1443
1187 1251
1187 1203
1187 1195
1187 1191
1187 1188
1187 2211
1187 3107
1187 1571
1187 1315
1187 3203
1187 1667
1187 1411
1187 1219
1187 3233
1187 1697
1187 1441
1187 1249
1187 1201
1187 1193
1187 1189
1188 3236
1188 1700
1188 1444
1188 1252
1188 1204
1188 1196
1188 1192
1188 2212
1188 3108
1188 1572
1188 1316
1188 3204
1188 1668
1188 1412
1188 1220
1188 3234
1188 1698
1188 1442
1188 1250
1188 1202
1188 1194
1188 1190
1188 3235
1188 1699
1188 1443
1188 1251
1188 1203
1188 1195
1188 1191
1189 3237
1189 1701
1189 1445
1189 1253
1189 1205
1189 1197
1189 1191
1189 1190
1189 2213
1189 3109
1189 1573
1189 1317
1189 3205
1189 1669
1189 1413
1189 1221
1189 3233
1189 1697
1189 1441
1189 1249
1189 1201
1189 1193
1190 3238
1190 1702
1190 1446
1190 1254
1190 1206
1190 1198
1190 1192
1190 2214
1190 3110
1190 1574
1190 1318
1190 3206
1190 1670
1190 1414
1190 1222
1190 3234
1190 1698
1190 1442
1190 1250
1190 1202
1190 1194
1190 3237
1190 1701
1190 1445
1190 1253
1190 1205
1190 1197
1190 1191
1191 3239
1191 1703
1191 1447
1191 1255
1191 1207
1191 1199
1191 1192
1191 2215
1191 3111
1191 1575
1191 1319
1191 3207
1191 1671
1191 1415
1191 1223
1191 3235
1191 1699
1191 1443
1191 1251
1191 1203
1191 1195
1191 3237
1191 1701
1191 1445
1191 1253
1191 1205
1191 1197
1192 3240
1192 1704
1192 1448
1192 1256
1192 1208
1192 1200
1192 2216
1192 3112
1192 1576
1192 1320
1192 3208
1192 1672
1192 1416
1192 1224
1192 3236
1192 1700
1192 1444
1192 1252
1192 1204
1192 1196
1192 3238
1192 1702
1192 1446
1192 1254
1192 1206
1192 1198
1192 3239
1192 1703
1192 1447
1192 1255
1192 1207
1192 1199
1193 3241
1193 1705
1193 1449
1193 1257
1193 1209
1193 1197
1193 1195
1193 1194
1193 2217
1193 3113
1193 1577
1193 1321
1193 3209
1193 1673
1193 1417
1193 1225
1193 3233
1193 1697
1193 1441
1193 1249
1193 1201
1194 3242
1194 1706
1194 1450
1194 1258
1194 1210
1194 1198
1194 1196
1194 2218
1194 3114
1194 1578
1194 1322
1194 3210
1194 1674
1194 1418
1194 1226
1194 3234
1194 1698
1194 1442
1194 1250
1194 1202
1194 3241
1194 1705
1194 1449
1194 1257
1194 1209
1194 1197
1194 1195
1195 3243
1195 1707
1195 1451
1195 1259
1195 1211
1195 1199
1195 1196
1195 2219
1195 3115
1195 1579
1195 1323
1195 3211
1195 1675
1195 1419
1195 1227
1195 3235
1195 1699
1195 1443
1195 1251
1195 1203
1195 3241
1195 1705
1195 1449
1195 1257
1195 1209
1195 1197
1196 3244
1196 1708
1196 1452
1196 1260
1196 1212
1196 1200
1196 2220
1196 3116
1196 1580
1196 1324
1196 3212
1196 1676
1196 1420
1196 1228
1196 3236
1196 1700
1196 1444
1196 1252
1196 1204
1196 3242
1196 1706
1196 1450
1196 1258
1196 1210
1196 1198
1196 3243
1196 1707
1196 1451
1196 1259
1196 1211
1196 1199
1197 3245
1197 1709
1197 1453
1197 1261
1197 1213
1197 1199
1197 1198
1197 2221
1197 3117
1197 1581
1197 1325
1197 3213
1197 1677
1197 1421
1197 1229
1197 3237
1197 1701
1197 1445
1197 1253
1197 1205
1197 3241
1197 1705
1197 1449
1197 1257
1197 1209
1198 3246
1198 1710
1198 1454
1198 1262
1198 1214
1198 1200
1198 2222
1198 3118
1198 1582
1198 1326
1198 3214
1198 1678
1198 1422
1198 1230
1198 3238
1198 1702
1198 1446
1198 1254
1198 1206
1198 3242
1198 1706
1198 1450
1198 1258
1198 1210
1198 3245
1198 1709
1198 1453
1198 1261
1198 1213
1198 1199
1199 3247
1199 1711
1199 1455
1199 1263
1199 1215
1199 1200
1199 2223
1199 3119
1199 1583
1199 1327
1199 3215
1199 1679
1199 1423
1199 1231
1199 3239
1199 1703
1199 1447
1199 1255
1199 1207
1199 3243
1199 1707
1199 1451
1199 1259
1199 1211
1199 3245
1199 1709
1199 1453
1199 1261
1199 1213
1200 3248
1200 1712
1200 1456
1200 1264
1200 1216
1200 2224
1200 3120
1200 1584
1200 1328
1200 3216
1200 1680
1200 1424
1200 1232
1200 3240
1200 1704
1200 1448
1200 1256
1200 1208
1200 3244
1200 1708
1200 1452
1200 1260
1200 1212
1200 3246
1200 1710
1200 1454
1200 1262
1200 1214
1200 3247
1200 1711
1200 1455
1200 1263
1200 1215
1201 3249
1201 1713
1201 1457
1201 1265
1201 1209
1201 1205
1201 1203
1201 1202
1201 2225
1201 3121
1201 1585
1201 1329
1201 3217
1201 1681
1201 1425
1201 1233
1201 3233
1201 1697
1201 1441
1201 1249
1202 3250
1202 1714
1202 1458
1202 1266
1202 1210
1202 1206
1202 1204
1202 2226
1202 3122
1202 1586
1202 1330
1202 3218
1202 1682
1202 1426
1202 1234
1202 3234
1202 1698
1202 1442
1202 1250
1202 3249
1202 1713
1202 1457
1202 1265
1202 1209
1202 1205
1202 1203
1203 3251
1203 1715
1203 1459
1203 1267
1203 1211
1203 1207
1203 1204
1203 2227
1203 3123
1203 1587
1203 1331
1203 3219
1203 1683
1203 1427
1203 1235
1203 3235
1203 1699
1203 1443
1203 1251
1203 3249
1203 1713
1203 1457
1203 1265
1203 1209
1203 1205
1204 3252
1204 1716
1204 1460
1204 1268
1204 1212
1204 1208
1204 2228
1204 3124
1204 1588
1204 1332
1204 3220
1204 1684
1204 1428
1204 1236
1204 3236
1204 1700
1204 1444
1204 1252
1204 3250
1204 1714
1204 1458
1204 1266
1204 1210
1204 1206
1204 3251
1204 1715
1204 1459
1204 1267
1204 1211
1204 1207
1205 3253
1205 1717
1205 1461
1205 1269
1205 1213
1205 1207
1205 1206
1205 2229
1205 3125
1205 1589
1205 1333
1205 3221
1205 1685
1205 1429
1205 1237
1205 3237
1205 1701
1205 1445
1205 1253
1205 3249
1205 1713
1205 1457
1205 1265
1205 1209
1206 3254
1206 1718
1206 1462
1206 1270
1206 1214
1206 1208
1206 2230
1206 3126
1206 1590
1206 1334
1206 3222
1206 1686
1206 1430
1206 1238
1206 3238
1206 1702
1206 1446
1206 1254
1206 3250
1206 1714
1206 1458
1206 1266
1206 1210
1206 3253
1206 1717
1206 1461
1206 1269
1206 1213
1206 1207
1207 3255
1207 1719
1207 1463
1207 1271
1207 1215
1207 1208
1207 2231
1207 3127
1207 1591
1207 1335
1207 3223
1207 1687
1207 1431
1207 1239
1207 3239
1207 1703
1207 1447
1207 1255
1207 3251
1207 1715
1207 1459
1207 1267
1207 1211
1207 3253
1207 1717
1207 1461
1207 1269
1207 1213
1208 3256
1208 1720
1208 1464
1208 1272
1208 1216
1208 2232
1208 3128
1208 1592
1208 1336
1208 3224
1208 1688
1208 1432
1208 1240
1208 3240
1208 1704
1208 1448
1208 1256
1208 3252
1208 1716
1208 1460
1208 1268
1208 1212
1208 3254
1208 1718
1208 1462
1208 1270
1208 1214
1208 3255
1208 1719
1208 1463
1208 1271
1208 1215
1209 3257
1209 1721
1209 1465
1209 1273
1209 1213
1209 1211
1209 1210
1209 2233
1209 3129
1209 1593
1209 1337
1209 3225
1209 1689
1209 1433
1209 1241
1209 3241
1209 1705
1209 1449
1209 1257
1209 3249
1209 1713
1209 1457
1209 1265
1210 3258
1210 1722
1210 1466
1210 1274
1210 1214
1210 1212
1210 2234
1210 3130
1210 1594
1210 1338
1210 3226
1210 1690
1210 1434
1210 1242
1210 3242
1210 1706
1210 1450
1210 1258
1210 3250
1210 1714
1210 1458
1210 1266
1210 3257
1210 1721
1210 1465
1210 1273
1210 1213
1210 1211
1211 3259
1211 1723
1211 1467
1211 1275
1211 1215
1211 1212
1211 2235
1211 3131
1211 1595
1211 1339
1211 3227
1211 1691
1211 1435
1211 1243
1211 3243
1211 1707
1211 1451
1211 1259
1211 3251
1211 1715
1211 1459
1211 1267
1211 3257
1211 1721
1211 1465
1211 1273
1211 1213
1212 3260
1212 1724
1212 1468
1212 1276
1212 1216
1212 2236
1212 3132
1212 1596
1212 1340
1212 3228
1212 1692
1212 1436
1212 1244
1212 3244
1212 1708
1212 1452
1212 1260
1212 3252
1212 1716
1212 1460
1212 1268
1212 3258
1212 1722
1212 1466
1212 1274
1212 1214
1212 3259
1212 1723
1212 1467
1212 1275
1212 1215
1213 3261
1213 1725
1213 1469
1213 1277
1213 1215
1213 1214
1213 2237
1213 3133
1213 1597
1213 1341
1213 3229
1213 1693
1213 1437
1213 1245
1213 3245
1213 1709
1213 1453
1213 1261
1213 3253
1213 1717
1213 1461
1213 1269
1213 3257
1213 1721
1213 1465
1213 1273
1214 3262
1214 1726
1214 1470
1214 1278
1214 1216
1214 2238
1214 3134
1214 1598
1214 1342
1214 3230
1214 1694
1214 1438
1214 1246
1214 3246
1214 1710
1214 1454
1214 1262
1214 3254
1214 1718
1214 1462
1214 1270
1214 3258
1214 1722
1214 1466
1214 1274
1214 3261
1214 1725
1214 1469
1214 1277
1214 1215
1215 3263
1215 1727
1215 1471
1215 1279
1215 1216
1215 2239
1215 3135
1215 1599
1215 1343
1215 3231
1215 1695
1215 1439
1215 1247
1215 3247
1215 1711
1215 1455
1215 1263
1215 3255
1215 1719
1215 1463
1215 1271
1215 3259
1215 1723
1215 1467
1215 1275
1215 3261
1215 1725
1215 1469
1215 1277
1216 3264
1216 1728
1216 1472
1216 1280
1216 2240
1216 3136
1216 1600
1216 1344
1216 3232
1216 1696
1216 1440
1216 1248
1216 3248
1216 1712
1216 1456
1216 1264
1216 3256
1216 1720
1216 1464
1216 1272
1216 3260
1216 1724
1216 1468
1216 1276
1216 3262
1216 1726
1216 1470
1216 1278
1216 3263
1216 1727
1216 1471
1216 1279
1217 3265
1217 1729
1217 1473
1217 1249
1217 1233
1217 1225
1217 1221
1217 1219
1217 1218
1217 2241
1217 3137
1217 1601
1217 1345
1217 3201
1217 1665
1217 1409
1218 3266
1218 1730
1218 1474
1218 1250
1218 1234
1218 1226
1218 1222
1218 1220
1218 2242
1218 3138
1218 1602
1218 1346
1218 3202
1218 1666
1218 1410
1218 3265
1218 1729
1218 1473
1218 1249
1218 1233
1218 1225
1218 1221
1218 1219
1219 3267
1219 1731
1219 1475
1219 1251
1219 1235
1219 1227
1219 1223
1219 1220
1219 2243
1219 3139
1219 1603
1219 1347
1219 3203
1219 1667
1219 1411
1219 3265
1219 1729
1219 1473
1219 1249
1219 1233
1219 1225
1219 1221
1220 3268
1220 1732
1220 1476
1220 1252
1220 1236
1220 1228
1220 1224
1220 2244
1220 3140
1220 1604
1220 1348
1220 3204
1220 1668
1220 1412
1220 3266
1220 1730
1220 1474
1220 1250
1220 1234
1220 1226
1220 1222
1220 3267
1220 1731
1220 1475
1220 1251
1220 1235
1220 1227
1220 1223
1221 3269
1221 1733
1221 1477
1221 1253
1221 1237
1221 1229
1221 1223
1221 1222
1221 2245
1221 3141
1221 1605
1221 1349
1221 3205
1221 1669
1221 1413
1221 3265
1221 1729
1221 1473
1221 1249
1221 1233
1221 1225
1222 3270
1222 1734
1222 1478
1222 1254
1222 1238
1222 1230
1222 1224
1222 2246
1222 3142
1222 1606
1222 1350
1222 3206
1222 1670
1222 1414
1222 3266
1222 1730
1222 1474
1222 1250
1222 1234
1222 1226
1222 3269
1222 1733
1222 1477
1222 1253
1222 1237
1222 1229
1222 1223
1223 3271
1223 1735
1223 1479
1223 1255
1223 1239
1223 1231
1223 1224
1223 2247
1223 3143
1223 1607
1223 1351
1223 3207
1223 1671
1223 1415
1223 3267
1223 1731
1223 1475
1223 1251
1223 1235
1223 1227
1223 3269
1223 1733
1223 1477
1223 1253
1223 1237
1223 1229
1224 3272
1224 1736
1224 1480
1224 1256
1224 1240
1224 1232
1224 2248
1224 3144
1224 1608
1224 1352
1224 3208
1224 1672
1224 1416
1224 3268
1224 1732
1224 1476
1224 1252
1224 1236
1224 1228
1224 3270
1224 1734
1224 1478
1224 1254
1224 1238
1224 1230
1224 3271
1224 1735
1224 1479
1224 1255
1224 1239
1224 1231
1225 3273
1225 1737
1225 1481
1225 1257
1225 1241
1225 1229
1225 1227
1225 1226
1225 2249
1225 3145
1225 1609
1225 1353
1225 3209
1225 1673
1225 1417
1225 3265
1225 1729
1225 1473
1225 1249
1225 1233
1226 3274
1226 1738
1226 1482
1226 1258
1226 1242
1226 1230
1226 1228
1226 2250
1226 3146
1226 1610
1226 1354
1226 3210
1226 1674
1226 1418
1226 3266
1226 1730
1226 1474
1226 1250
1226 1234
1226 3273
1226 1737
1226 1481
1226 1257
1226 1241
1226 1229
1226 1227
1227 3275
1227 1739
1227 1483
1227 1259
1227 1243
1227 1231
1227 1228
1227 2251
1227 3147
1227 1611
1227 1355
1227 3211
1227 1675
1227 1419
1227 3267
1227 1731
1227 1475
1227 1251
1227 1235
1227 3273
1227 1737
1227 1481
1227 1257
1227 1241
1227 1229
1228 3276
1228 1740
1228 1484
1228 1260
1228 1244
1228 1232
1228 2252
1228 3148
1228 1612
1228 1356
1228 3212
1228 1676
1228 1420
1228 3268
1228 1732
1228 1476
1228 1252
1228 1236
1228 3274
1228 1738
1228 1482
1228 1258
1228 1242
1228 1230
1228 3275
1228 1739
1228 1483
1228 1259
1228 1243
1228 1231
1229 3277
1229 1741
1229 1485
1229 1261
1229 1245
1229 1231
1229 1230
1229 2253
1229 3149
1229 1613
1229 1357
1229 3213
1229 1677
1229 1421
1229 3269
1229 1733
1229 1477
1229 1253
1229 1237
1229 3273
1229 1737
1229 1481
1229 1257
1229 1241
1230 3278
1230 1742
1230 1486
1230 1262
1230 1246
1230 1232
1230 2254
1230 3150
1230 1614
1230 1358
1230 3214
1230 1678
1230 1422
1230 3270
1230 1734
1230 1478
1230 1254
1230 1238
1230 3274
1230 1738
1230 1482
1230 1258
1230 1242
1230 3277
1230 1741
1230 1485
1230 1261
1230 1245
1230 1231
1231 3279
1231 1743
1231 1487
1231 1263
1231 1247
1231 1232
1231 2255
1231 3151
1231 1615
1231 1359
1231 3215
1231 1679
1231 1423
1231 3271
1231 1735
1231 1479
1231 1255
1231 1239
1231 3275
1231 1739
1231 1483
1231 1259
1231 1243
1231 3277
1231 1741
1231 1485
1231 1261
1231 1245
1232 3280
1232 1744
1232 1488
1232 1264
1232 1248
1232 2256
1232 3152
1232 1616
1232 1360
1232 3216
1232 1680
1232 1424
1232 3272
1232 1736
1232 1480
1232 1256
1232 1240
1232 3276
1232 1740
1232 1484
1232 1260
1232 1244
1232 3278
1232 1742
1232 1486
1232 1262
1232 1246
1232 3279
1232 1743
1232 1487
1232 1263
1232 1247
1233 3281
1233 1745
1233 1489
1233 1265
1233 1241
1233 1237
1233 1235
1233 1234
1233 2257
1233 3153
1233 1617
1233 1361
1233 3217
1233 1681
1233 1425
1233 3265
1233 1729
1233 1473
1233 1249
1234 3282
1234 1746
1234 1490
1234 1266
1234 1242
1234 1238
1234 1236
1234 2258
1234 3154
1234 1618
1234 1362
1234 3218
1234 1682
1234 1426
1234 3266
1234 1730
1234 1474
1234 1250
1234 3281
1234 1745
1234 1489
1234 1265
1234 1241
1234 1237
1234 1235
1235 3283
1235 1747
1235 1491
1235 1267
1235 1243
1235 1239
1235 1236
1235 2259
1235 3155
1235 1619
1235 1363
1235 3219
1235 1683
1235 1427
1235 3267
1235 1731
1235 1475
1235 1251
1235 3281
1235 1745
1235 1489
1235 1265
1235 1241
1235 1237
1236 3284
1236 1748
1236 1492
1236 1268
1236 1244
1236 1240
1236 2260
1236 3156
1236 1620
1236 1364
1236 3220
1236 1684
1236 1428
1236 3268
1236 1732
1236 1476
1236 1252
1236 3282
1236 1746
1236 1490
1236 1266
1236 1242
1236 1238
1236 3283
1236 1747
1236 1491
1236 1267
1236 1243
1236 1239
1237 3285
1237 1749
1237 1493
1237 1269
1237 1245
1237 1239
1237 1238
1237 2261
1237 3157
1237 1621
1237 1365
1237 3221
1237 1685
1237 1429
1237 3269
1237 1733
1237 1477
1237 1253
1237 3281
1237 1745
1237 1489
1237 1265
1237 1241
1238 3286
1238 1750
1238 1494
1238 1270
1238 1246
1238 1240
1238 2262
1238 3158
1238 1622
1238 1366
1238 3222
1238 1686
1238 1430
1238 3270
1238 1734
1238 1478
1238 1254
1238 3282
1238 1746
1238 1490
1238 1266
1238 1242
1238 3285
1238 1749
1238 1493
1238 1269
1238 1245
1238 1239
1239 3287
1239 1751
1239 1495
1239 1271
1239 1247
1239 1240
1239 2263
1239 3159
1239 1623
1239 1367
1239 3223
1239 1687
1239 1431
1239 3271
1239 1735
1239 1479
1239 1255
1239 3283
1239 1747
1239 1491
1239 1267
1239 1243
1239 3285
1239 1749
1239 1493
1239 1269
1239 1245
1240 3288
1240 1752
1240 1496
1240 1272
1240 1248
1240 2264
1240 3160
1240 1624
1240 1368
1240 3224
1240 1688
1240 1432
1240 3272
1240 1736
1240 1480
1240 1256
1240 3284
1240 1748
1240 1492
1240 1268
1240 1244
1240 3286
1240 1750
1240 1494
1240 1270
1240 1246
1240 3287
1240 1751
1240 1495
1240 1271
1240 1247
1241 3289
1241 1753
1241 1497
1241 1273
1241 1245
1241 1243
1241 1242
1241 2265
1241 3161
1241 1625
1241 1369
1241 3225
1241 1689
1241 1433
1241 3273
1241 1737
1241 1481
1241 1257
1241 3281
1241 1745
1241 1489
1241 1265
1242 3290
1242 1754
1242 1498
1242 1274
1242 1246
1242 1244
1242 2266
1242 3162
1242 1626
1242 1370
1242 3226
1242 1690
1242 1434
1242 3274
1242 1738
1242 1482
1242 1258
1242 3282
1242 1746
1242 1490
1242 1266
1242 3289
1242 1753
1242 1497
1242 1273
1242 1245
1242 1243
1243 3291
1243 1755
1243 1499
1243 1275
1243 1247
1243 1244
1243 2267
1243 3163
1243 1627
1243 1371
1243 3227
1243 1691
1243 1435
1243 3275
1243 1739
1243 1483
1243 1259
1243 3283
1243 1747
1243 1491
1243 1267
1243 3289
1243 1753
1243 1497
1243 1273
1243 1245
1244 3292
1244 1756
1244 1500
1244 1276
1244 1248
1244 2268
1244 3164
1244 1628
1244 1372
1244 3228
1244 1692
1244 1436
1244 3276
1244 1740
1244 1484
1244 1260
1244 3284
1244 1748
1244 1492
1244 1268
1244 3290
1244 1754
1244 1498
1244 1274
1244 1246
1244 3291
1244 1755
1244 1499
1244 1275
1244 1247
1245 3293
1245 1757
1245 1501
1245 1277
1245 1247
1245 1246
1245 2269
1245 3165
1245 1629
1245 1373
1245 3229
1245 1693
1245 1437
1245 3277
1245 1741
1245 1485
1245 1261
1245 3285
1245 1749
1245 1493
1245 1269
1245 3289
1245 1753
1245 1497
1245 1273
1246 3294
1246 1758
1246 1502
1246 1278
1246 1248
1246 2270
1246 3166
1246 1630
1246 1374
1246 3230
1246 1694
1246 1438
1246 3278
1246 1742
1246 1486
1246 1262
1246 3286
1246 1750
1246 1494
1246 1270
1246 3290
1246 1754
1246 1498
1246 1274
1246 3293
1246 1757
1246 1501
1246 1277
1246 1247
1247 3295
1247 1759
1247 1503
1247 1279
1247 1248
1247 2271
1247 3167
1247 1631
1247 1375
1247 3231
1247 1695
1247 1439
1247 3279
1247 1743
1247 1487
1247 1263
1247 3287
1247 1751
1247 1495
1247 1271
1247 3291
1247 1755
1247 1499
1247 1275
1247 3293
1247 1757
1247 1501
1247 1277
1248 3296
1248 1760
1248 1504
1248 1280
1248 2272
1248 3168
1248 1632
1248 1376
1248 3232
1248 1696
1248 1440
1248 3280
1248 1744
1248 1488
1248 1264
1248 3288
1248 1752
1248 1496
1248 1272
1248 3292
1248 1756
1248 1500
1248 1276
1248 3294
1248 1758
1248 1502
1248 1278
1248 3295
1248 1759
1248 1503
1248 1279
1249 3297
1249 1761
1249 1505
1249 1265
1249 1257
1249 1253
1249 1251
1249 1250
1249 2273
1249 3169
1249 1633
1249 1377
1249 3233
1249 1697
1249 1441
1249 3265
1249 1729
1249 1473
1250 3298
1250 1762
1250 1506
1250 1266
1250 1258
1250 1254
1250 1252
1250 2274
1250 3170
1250 1634
1250 1378
1250 3234
1250 1698
1250 1442
1250 3266
1250 1730
1250 1474
1250 3297
1250 1761
1250 1505
1250 1265
1250 1257
1250 1253
1250 1251
1251 3299
1251 1763
1251 1507
1251 1267
1251 1259
1251 1255
1251 1252
1251 2275
1251 3171
1251 1635
1251 1379
1251 3235
1251 1699
1251 1443
1251 3267
1251 1731
1251 1475
1251 3297
1251 1761
1251 1505
1251 1265
1251 1257
1251 1253
1252 3300
1252 1764
1252 1508
1252 1268
1252 1260
1252 1256
1252 2276
1252 3172
1252 1636
1252 1380
1252 3236
1252 1700
1252 1444
1252 3268
1252 1732
1252 1476
1252 3298
1252 1762
1252 1506
1252 1266
1252 1258
1252 1254
1252 3299
1252 1763
1252 1507
1252 1267
1252 1259
1252 1255
1253 3301
1253 1765
1253 1509
1253 1269
1253 1261
1253 1255
1253 1254
1253 2277
1253 3173
1253 1637
1253 1381
1253 3237
1253 1701
1253 1445
1253 3269
1253 1733
1253 1477
1253 3297
1253 1761
1253 1505
1253 1265
1253 1257
1254 3302
1254 1766
1254 1510
1254 1270
1254 1262
1254 1256
1254 2278
1254 3174
1254 1638
1254 1382
1254 3238
1254 1702
1254 1446
1254 3270
1254 1734
1254 1478
1254 3298
1254 1762
1254 1506
1254 1266
1254 1258
1254 3301
1254 1765
1254 1509
1254 1269
1254 1261
1254 1255
1255 3303
1255 1767
1255 1511
1255 1271
1255 1263
1255 1256
1255 2279
1255 3175
1255 1639
1255 1383
1255 3239
1255 1703
1255 1447
1255 3271
1255 1735
1255 1479
1255 3299
1255 1763
1255 1507
1255 1267
1255 1259
1255 3301
1255 1765
1255 1509
1255 1269
1255 1261
1256 3304
1256 1768
1256 1512
1256 1272
1256 1264
1256 2280
1256 3176
1256 1640
1256 1384
1256 3240
1256 1704
1256 1448
1256 3272
1256 1736
1256 1480
1256 3300
1256 1764
1256 1508
1256 1268
1256 1260
1256 3302
1256 1766
1256 1510
1256 1270
1256 1262
1256 3303
1256 1767
1256 1511
1256 1271
1256 1263
1257 3305
1257 1769
1257 1513
1257 1273
1257 1261
1257 1259
1257 1258
1257 2281
1257 3177
1257 1641
1257 1385
1257 3241
1257 1705
1257 1449
1257 3273
1257 1737
1257 1481
1257 3297
1257 1761
1257 1505
1257 1265
1258 3306
1258 1770
1258 1514
1258 1274
1258 1262
1258 1260
1258 2282
1258 3178
1258 1642
1258 1386
1258 3242
1258 1706
1258 1450
1258 3274
1258 1738
1258 1482
1258 3298
1258 1762
1258 1506
1258 1266
1258 3305
1258 1769
1258 1513
1258 1273
1258 1261
1258 1259
1259 3307
1259 1771
1259 1515
1259 1275
1259 1263
1259 1260
1259 2283
1259 3179
1259 1643
1259 1387
1259 3243
1259 1707
1259 1451
1259 3275
1259 1739
1259 1483
1259 3299
1259 1763
1259 1507
1259 1267
1259 3305
1259 1769
1259 1513
1259 1273
1259 1261
1260 3308
1260 1772
1260 1516
1260 1276
1260 1264
1260 2284
1260 3180
1260 1644
1260 1388
1260 3244
1260 1708
1260 1452
1260 3276
1260 1740
1260 1484
1260 3300
1260 1764
1260 1508
1260 1268
1260 3306
1260 1770
1260 1514
1260 1274
1260 1262
1260 3307
1260 1771
1260 1515
1260 1275
1260 1263
1261 3309
1261 1773
1261 1517
1261 1277
1261 1263
1261 1262
1261 2285
1261 3181
1261 1645
1261 1389
1261 3245
1261 1709
1261 1453
1261 3277
1261 1741
1261 1485
1261 3301
1261 1765
1261 1509
1261 1269
1261 3305
1261 1769
1261 1513
1261 1273
1262 3310
1262 1774
1262 1518
1262 1278
1262 1264
1262 2286
1262 3182
1262 1646
1262 1390
1262 3246
1262 1710
1262 1454
1262 3278
1262 1742
1262 1486
1262 3302
1262 1766
1262 1510
1262 1270
1262 3306
1262 1770
1262 1514
1262 1274
1262 3309
1262 1773
1262 1517
1262 1277
1262 1263
1263 3311
1263 1775
1263 1519
1263 1279
1263 1264
1263 2287
1263 3183
1263 1647
1263 1391
1263 3247
1263 1711
1263 1455
1263 3279
1263 1743
1263 1487
1263 3303
1263 1767
1263 1511
1263 1271
1263 3307
1263 1771
1263 1515
1263 1275
1263 3309
1263 1773
1263 1517
1263 1277
1264 3312
1264 1776
1264 1520
1264 1280
1264 2288
1264 3184
1264 1648
1264 1392
1264 3248
1264 1712
1264 1456
1264 3280
1264 1744
1264 1488
1264 3304
1264 1768
1264 1512
1264 1272
1264 3308
1264 1772
1264 1516
1264 1276
1264 3310
1264 1774
1264 1518
1264 1278
1264 3311
1264 1775
1264 1519
1264 1279
1265 3313
1265 1777
1265 1521
1265 1273
1265 1269
1265 1267
1265 1266
1265 2289
1265 3185
1265 1649
1265 1393
1265 3249
1265 1713
1265 1457
1265 3281
1265 1745
1265 1489
1265 3297
1265 1761
1265 1505
1266 3314
1266 1778
1266 1522
1266 1274
1266 1270
1266 1268
1266 2290
1266 3186
1266 1650
1266 1394
1266 3250
1266 1714
1266 1458
1266 3282
1266 1746
1266 1490
1266 3298
1266 1762
1266 1506
1266 3313
1266 1777
1266 1521
1266 1273
1266 1269
1266 1267
1267 3315
1267 1779
1267 1523
1267 1275
1267 1271
1267 1268
1267 2291
1267 3187
1267 1651
1267 1395
1267 3251
1267 1715
1267 1459
1267 3283
1267 1747
1267 1491
1267 3299
1267 1763
1267 1507
1267 3313
1267 1777
1267 1521
1267 1273
1267 1269
1268 3316
1268 1780
1268 1524
1268 1276
1268 1272
1268 2292
1268 3188
1268 1652
1268 1396
1268 3252
1268 1716
1268 1460
1268 3284
1268 1748
1268 1492
1268 3300
1268 1764
1268 1508
1268 3314
1268 1778
1268 1522
1268 1274
1268 1270
1268 3315
1268 1779
1268 1523
1268 1275
1268 1271
1269 3317
1269 1781
1269 1525
1269 1277
1269 1271
1269 1270
1269 2293
1269 3189
1269 1653
1269 1397
1269 3253
1269 1717
1269 1461
1269 3285
1269 1749
1269 1493
1269 3301
1269 1765
1269 1509
1269 3313
1269 1777
1269 1521
1269 1273
1270 3318
1270 1782
1270 1526
1270 1278
1270 1272
1270 2294
1270 3190
1270 1654
1270 1398
1270 3254
1270 1718
1270 1462
1270 3286
1270 1750
1270 1494
1270 3302
1270 1766
1270 1510
1270 3314
1270 1778
1270 1522
1270 1274
1270 3317
1270 1781
1270 1525
1270 1277
1270 1271
1271 3319
1271 1783
1271 1527
1271 1279
1271 1272
1271 2295
1271 3191
1271 1655
1271 1399
1271 3255
1271 1719
1271 1463
1271 3287
1271 1751
1271 1495
1271 3303
1271 1767
1271 1511
1271 3315
1271 1779
1271 1523
1271 1275
1271 3317
1271 1781
1271 1525
1271 1277
1272 3320
1272 1784
1272 1528
1272 1280
1272 2296
1272 3192
1272 1656
1272 1400
1272 3256
1272 1720
1272 1464
1272 3288
1272 1752
1272 1496
1272 3304
1272 1768
1272 1512
1272 3316
1272 1780
1272 1524
1272 1276
1272 3318
1272 1782
1272 1526
1272 1278
1272 3319
1272 1783
1272 1527
1272 1279
1273 3321
1273 1785
1273 1529
1273 1277
1273 1275
1273 1274
1273 2297
1273 3193
1273 1657
1273 1401
1273 3257
1273 1721
1273 1465
1273 3289
1273 1753
1273 1497
1273 3305
1273 1769
1273 1513
1273 3313
1273 1777
1273 1521
1274 3322
1274 1786
1274 1530
1274 1278
1274 1276
1274 2298
1274 3194
1274 1658
1274 1402
1274 3258
1274 1722
1274 1466
1274 3290
1274 1754
1274 1498
1274 3306
1274 1770
1274 1514
1274 3314
1274 1778
1274 1522
1274 3321
1274 1785
1274 1529
1274 1277
1274 1275
1275 3323
1275 1787
1275 1531
1275 1279
1275 1276
1275 2299
1275 3195
1275 1659
1275 1403
1275 3259
1275 1723
1275 1467
1275 3291
1275 1755
1275 1499
1275 3307
1275 1771
1275 1515
1275 3315
1275 1779
1275 1523
1275 3321
1275 1785
1275 1529
1275 1277
1276 3324
1276 1788
1276 1532
1276 1280
1276 2300
1276 3196
1276 1660
1276 1404
1276 3260
1276 1724
1276 1468
1276 3292
1276 1756
1276 1500
1276 3308
1276 1772
1276 1516
1276 3316
1276 1780
1276 1524
1276 3322
1276 1786
1276 1530
1276 1278
1276 3323
1276 1787
1276 1531
1276 1279
1277 3325
1277 1789
1277 1533
1277 1279
1277 1278
1277 2301
1277 3197
1277 1661
1277 1405
1277 3261
1277 1725
1277 1469
1277 3293
1277 1757
1277 1501
1277 3309
1277 1773
1277 1517
1277 3317
1277 1781
1277 1525
1277 3321
1277 1785
1277 1529
1278 3326
1278 1790
1278 1534
1278 1280
1278 2302
1278 3198
1278 1662
1278 1406
1278 3262
1278 1726
1278 1470
1278 3294
1278 1758
1278 1502
1278 3310
1278 1774
1278 1518
1278 3318
1278 1782
1278 1526
1278 3322
1278 1786
1278 1530
1278 3325
1278 1789
1278 1533
1278 1279
1279 3327
1279 1791
1279 1535
1279 1280
1279 2303
1279 3199
1279 1663
1279 1407
1279 3263
1279 1727
1279 1471
1279 3295
1279 1759
1279 1503
1279 3311
1279 1775
1279 1519
1279 3319
1279 1783
1279 1527
1279 3323
1279 1787
1279 1531
1279 3325
1279 1789
1279 1533
1280 3328
1280 1792
1280 1536
1280 2304
1280 3200
1280 1664
1280 1408
1280 3264
1280 1728
1280 1472
1280 3296
1280 1760
1280 1504
1280 3312
1280 1776
1280 1520
1280 3320
1280 1784
1280 1528
1280 3324
1280 1788
1280 1532
1280 3326
1280 1790
1280 1534
1280 3327
1280 1791
1280 1535
1281 3329
1281 1793
1281 1409
1281 1345
1281 1313
1281 1297
1281 1289
1281 1285
1281 1283
1281 1282
1281 2305
1281 3073
1281 1537
1282 3330
1282 1794
1282 1410
1282 1346
1282 1314
1282 1298
1282 1290
1282 1286
1282 1284
1282 2306
1282 3074
1282 1538
1282 3329
1282 1793
1282 1409
1282 1345
1282 1313
1282 1297
1282 1289
1282 1285
1282 1283
1283 3331
1283 1795
1283 1411
1283 1347
1283 1315
1283 1299
1283 1291
1283 1287
1283 1284
1283 2307
1283 3075
1283 1539
1283 3329
1283 1793
1283 1409
1283 1345
1283 1313
1283 1297
1283 1289
1283 1285
1284 3332
1284 1796
1284 1412
1284 1348
1284 1316
1284 1300
1284 1292
1284 1288
1284 2308
1284 3076
1284 1540
1284 3330
1284 1794
1284 1410
1284 1346
1284 1314
1284 1298
1284 1290
1284 1286
1284 3331
1284 1795
1284 1411
1284 1347
1284 1315
1284 1299
1284 1291
1284 1287
1285 3333
1285 1797
1285 1413
1285 1349
1285 1317
1285 1301
1285 1293
1285 1287
1285 1286
1285 2309
1285 3077
1285 1541
1285 3329
1285 1793
1285 1409
1285 1345
1285 1313
1285 1297
1285 1289
1286 3334
1286 1798
1286 1414
1286 1350
1286 1318
1286 1302
1286 1294
1286 1288
1286 2310
1286 3078
1286 1542
1286 3330
1286 1794
1286 1410
1286 1346
1286 1314
1286 1298
1286 1290
1286 3333
1286 1797
1286 1413
1286 1349
1286 1317
1286 1301
1286 1293
1286 1287
1287 3335
1287 1799
1287 1415
1287 1351
1287 1319
1287 1303
1287 1295
1287 1288
1287 2311
1287 3079
1287 1543
1287 3331
1287 1795
1287 1411
1287 1347
1287 1315
1287 1299
1287 1291
1287 3333
1287 1797
1287 1413
1287 1349
1287 1317
1287 1301
1287 1293
1288 3336
1288 1800
1288 1416
1288 1352
1288 1320
1288 1304
1288 1296
1288 2312
1288 3080
1288 1544
1288 3332
1288 1796
1288 1412
1288 1348
1288 1316
1288 1300
1288 1292
1288 3334
1288 1798
1288 1414
1288 1350
1288 1318
1288 1302
1288 1294
1288 3335
1288 1799
1288 1415
1288 1351
1288 1319
1288 1303
1288 1295
1289 3337
1289 1801
1289 1417
1289 1353
1289 1321
1289 1305
1289 1293
1289 1291
1289 1290
1289 2313
1289 3081
1289 1545
1289 3329
1289 1793
1289 1409
1289 1345
1289 1313
1289 1297
1290 3338
1290 1802
1290 1418
1290 1354
1290 1322
1290 1306
1290 1294
1290 1292
1290 2314
1290 3082
1290 1546
1290 3330
1290 1794
1290 1410
1290 1346
1290 1314
1290 1298
1290 3337
1290 1801
1290 1417
1290 1353
1290 1321
1290 1305
1290 1293
1290 1291
1291 3339
1291 1803
1291 1419
1291 1355
1291 1323
1291 1307
1291 1295
1291 1292
1291 2315
1291 3083
1291 1547
1291 3331
1291 1795
1291 1411
1291 1347
1291 1315
1291 1299
1291 3337
1291 1801
1291 1417
1291 1353
1291 1321
1291 1305
1291 1293
1292 3340
1292 1804
1292 1420
1292 1356
1292 1324
1292 1308
1292 1296
1292 2316
1292 3084
1292 1548
1292 3332
1292 1796
1292 1412
1292 1348
1292 1316
1292 1300
1292 3338
1292 1802
1292 1418
1292 1354
1292 1322
1292 1306
1292 1294
1292 3339
1292 1803
1292 1419
1292 1355
1292 1323
1292 1307
1292 1295
1293 3341
1293 1805
1293 1421
1293 1357
1293 1325
1293 1309
1293 1295
1293 1294
1293 2317
1293 3085
1293 1549
1293 3333
1293 1797
1293 1413
1293 1349
1293 1317
1293 1301
1293 3337
1293 1801
1293 1417
1293 1353
1293 1321
1293 1305
1294 3342
1294 1806
1294 1422
1294 1358
1294 1326
1294 1310
1294 1296
1294 2318
1294 3086
1294 1550
1294 3334
1294 1798
1294 1414
1294 1350
1294 1318
1294 1302
1294 3338
1294 1802
1294 1418
1294 1354
1294 1322
1294 1306
1294 3341
1294 1805
1294 1421
1294 1357
1294 1325
1294 1309
1294 1295
1295 3343
1295 1807
1295 1423
1295 1359
1295 1327
1295 1311
1295 1296
1295 2319
1295 3087
1295 1551
1295 3335
1295 1799
1295 1415
1295 1351
1295 1319
1295 1303
1295 3339
1295 1803
1295 1419
1295 1355
1295 1323
1295 1307
1295 3341
1295 1805
1295 1421
1295 1357
1295 1325
1295 1309
1296 3344
1296 1808
1296 1424
1296 1360
1296 1328
1296 1312
1296 2320
1296 3088
1296 1552
1296 3336
1296 1800
1296 1416
1296 1352
1296 1320
1296 1304
1296 3340
1296 1804
1296 1420
1296 1356
1296 1324
1296 1308
1296 3342
1296 1806
1296 1422
1296 1358
1296 1326
1296 1310
1296 3343
1296 1807
1296 1423
1296 1359
1296 1327
1296 1311
1297 3345
1297 1809
1297 1425
1297 1361
1297 1329
1297 1305
1297 1301
1297 1299
1297 1298
1297 2321
1297 3089
1297 1553
1297 3329
1297 1793
1297 1409
1297 1345
1297 1313
1298 3346
1298 1810
1298 1426
1298 1362
1298 1330
1298 1306
1298 1302
1298 1300
1298 2322
1298 3090
1298 1554
1298 3330
1298 1794
1298 1410
1298 1346
1298 1314
1298 3345
1298 1809
1298 1425
1298 1361
1298 1329
1298 1305
1298 1301
1298 1299
1299 3347
1299 1811
1299 1427
1299 1363
1299 1331
1299 1307
1299 1303
1299 1300
1299 2323
1299 3091
1299 1555
1299 3331
1299 1795
1299 1411
1299 1347
1299 1315
1299 3345
1299 1809
1299 1425
1299 1361
1299 1329
1299 1305
1299 1301
1300 3348
1300 1812
1300 1428
1300 1364
1300 1332
1300 1308
1300 1304
1300 2324
1300 3092
1300 1556
1300 3332
1300 1796
1300 1412
1300 1348
1300 1316
1300 3346
1300 1810
1300 1426
1300 1362
1300 1330
1300 1306
1300 1302
1300 3347
1300 1811
1300 1427
1300 1363
1300 1331
1300 1307
1300 1303
1301 3349
1301 1813
1301 1429
1301 1365
1301 1333
1301 1309
1301 1303
1301 1302
1301 2325
1301 3093
1301 1557
1301 3333
1301 1797
1301 1413
1301 1349
1301 1317
1301 3345
1301 1809
1301 1425
1301 1361
1301 1329
1301 1305
1302 3350
1302 1814
1302 1430
1302 1366
1302 1334
1302 1310
1302 1304
1302 2326
1302 3094
1302 1558
1302 3334
1302 1798
1302 1414
1302 1350
1302 1318
1302 3346
1302 1810
1302 1426
1302 1362
1302 1330
1302 1306
1302 3349
1302 1813
1302 1429
1302 1365
1302 1333
1302 1309
1302 1303
1303 3351
1303 1815
1303 1431
1303 1367
1303 1335
1303 1311
1303 1304
1303 2327
1303 3095
1303 1559
1303 3335
1303 1799
1303 1415
1303 1351
1303 1319
1303 3347
1303 1811
1303 1427
1303 1363
1303 1331
1303 1307
1303 3349
1303 1813
1303 1429
1303 1365
1303 1333
1303 1309
1304 3352
1304 1816
1304 1432
1304 1368
1304 1336
1304 1312
1304 2328
1304 3096
1304 1560
1304 3336
1304 1800
1304 1416
1304 1352
1304 1320
1304 3348
1304 1812
1304 1428
1304 1364
1304 1332
1304 1308
1304 3350
1304 1814
1304 1430
1304 1366
1304 1334
1304 1310
1304 3351
1304 1815
1304 1431
1304 1367
1304 1335
1304 1311
1305 3353
1305 1817
1305 1433
1305 1369
1305 1337
1305 1309
1305 1307
1305 1306
1305 2329
1305 3097
1305 1561
1305 3337
1305 1801
1305 1417
1305 1353
1305 1321
1305 3345
1305 1809
1305 1425
1305 1361
1305 1329
1306 3354
1306 1818
1306 1434
1306 1370
1306 1338
1306 1310
1306 1308
1306 2330
1306 3098
1306 1562
1306 3338
1306 1802
1306 1418
1306 1354
1306 1322
1306 3346
1306 1810
1306 1426
1306 1362
1306 1330
1306 3353
1306 1817
1306 1433
1306 1369
1306 1337
1306 1309
1306 1307
1307 3355
1307 1819
1307 1435
1307 1371
1307 1339
1307 1311
1307 1308
1307 2331
1307 3099
1307 1563
1307 3339
1307 1803
1307 1419
1307 1355
1307 1323
1307 3347
1307 1811
1307 1427
1307 1363
1307 1331
1307 3353
1307 1817
1307 1433
1307 1369
1307 1337
1307 1309
1308 3356
1308 1820
1308 1436
1308 1372
1308 1340
1308 1312
1308 2332
1308 3100
1308 1564
1308 3340
1308 1804
1308 1420
1308 1356
1308 1324
1308 3348
1308 1812
1308 1428
1308 1364
1308 1332
1308 3354
1308 1818
1308 1434
1308 1370
1308 1338
1308 1310
1308 3355
1308 1819
1308 1435
1308 1371
1308 1339
1308 1311
1309 3357
1309 1821
1309 1437
1309 1373
1309 1341
1309 1311
1309 1310
1309 2333
1309 3101
1309 1565
1309 3341
1309 1805
1309 1421
1309 1357
1309 1325
1309 3349
1309 1813
1309 1429
1309 1365
1309 1333
1309 3353
1309 1817
1309 1433
1309 1369
1309 1337
1310 3358
1310 1822
1310 1438
1310 1374
1310 1342
1310 1312
1310 2334
1310 3102
1310 1566
1310 3342
1310 1806
1310 1422
1310 1358
1310 1326
1310 3350
1310 1814
1310 1430
1310 1366
1310 1334
1310 3354
1310 1818
1310 1434
1310 1370
1310 1338
1310 3357
1310 1821
1310 1437
1310 1373
1310 1341
1310 1311
1311 3359
1311 1823
1311 1439
1311 1375
1311 1343
1311 1312
1311 2335
1311 3103
1311 1567
1311 3343
1311 1807
1311 1423
1311 1359
1311 1327
1311 3351
1311 1815
1311 1431
1311 1367
1311 1335
1311 3355
1311 1819
1311 1435
1311 1371
1311 1339
1311 3357
1311 1821
1311 1437
1311 1373
1311 1341
1312 3360
1312 1824
1312 1440
1312 1376
1312 1344
1312 2336
1312 3104
1312 1568
1312 3344
1312 1808
1312 1424
1312 1360
1312 1328
1312 3352
1312 1816
1312 1432
1312 1368
1312 1336
1312 3356
1312 1820
1312 1436
1312 1372
1312 1340
1312 3358
1312 1822
1312 1438
1312 1374
1312 1342
1312 3359
1312 1823
1312 1439
1312 1375
1312 1343
1313 3361
1313 1825
1313 1441
1313 1377
1313 1329
1313 1321
1313 1317
1313 1315
1313 1314
1313 2337
1313 3105
1313 1569
1313 3329
1313 1793
1313 1409
1313 1345
1314 3362
1314 1826
1314 1442
1314 1378
1314 1330
1314 1322
1314 1318
1314 1316
1314 2338
1314 3106
1314 1570
1314 3330
1314 1794
1314 1410
1314 1346
1314 3361
1314 1825
1314 1441
1314 1377
1314 1329
1314 1321
1314 1317
1314 1315
1315 3363
1315 1827
1315 1443
1315 1379
1315 1331
1315 1323
1315 1319
1315 1316
1315 2339
1315 3107
1315 1571
1315 3331
1315 1795
1315 1411
1315 1347
1315 3361
1315 1825
1315 1441
1315 1377
1315 1329
1315 1321
1315 1317
1316 3364
1316 1828
1316 1444
1316 1380
1316 1332
1316 1324
1316 1320
1316 2340
1316 3108
1316 1572
1316 3332
1316 1796
1316 1412
1316 1348
1316 3362
1316 1826
1316 1442
1316 1378
1316 1330
1316 1322
1316 1318
1316 3363
1316 1827
1316 1443
1316 1379
1316 1331
1316 1323
1316 1319
1317 3365
1317 1829
1317 1445
1317 1381
1317 1333
1317 1325
1317 1319
1317 1318
1317 2341
1317 3109
1317 1573
1317 3333
1317 1797
1317 1413
1317 1349
1317 3361
1317 1825
1317 1441
1317 1377
1317 1329
1317 1321
1318 3366
1318 1830
1318 1446
1318 1382
1318 1334
1318 1326
1318 1320
1318 2342
1318 3110
1318 1574
1318 3334
1318 1798
1318 1414
1318 1350
1318 3362
1318 1826
1318 1442
1318 1378
1318 1330
1318 1322
1318 3365
1318 1829
1318 1445
1318 1381
1318 1333
1318 1325
1318 1319
1319 3367
1319 1831
1319 1447
1319 1383
1319 1335
1319 1327
1319 1320
1319 2343
1319 3111
1319 1575
1319 3335
1319 1799
1319 1415
1319 1351
1319 3363
1319 1827
1319 1443
1319 1379
1319 1331
1319 1323
1319 3365
1319 1829
1319 1445
1319 1381
1319 1333
1319 1325
1320 3368
1320 1832
1320 1448
1320 1384
1320 1336
1320 1328
1320 2344
1320 3112
1320 1576
1320 3336
1320 1800
1320 1416
1320 1352
1320 3364
1320 1828
1320 1444
1320 1380
1320 1332
1320 1324
1320 3366
1320 1830
1320 1446
1320 1382
1320 1334
1320 1326
1320 3367
1320 1831
1320 1447
1320 1383
1320 1335
1320 1327
1321 3369
1321 1833
1321 1449
1321 1385
1321 1337
1321 1325
1321 1323
1321 1322
1321 2345
1321 3113
1321 1577
1321 3337
1321 1801
1321 1417
1321 1353
1321 3361
1321 1825
1321 1441
1321 1377
1321 1329
1322 3370
1322 1834
1322 1450
1322 1386
1322 1338
1322 1326
1322 1324
1322 2346
1322 3114
1322 1578
1322 3338
1322 1802
1322 1418
1322 1354
1322 3362
1322 1826
1322 1442
1322 1378
1322 1330
1322 3369
1322 1833
1322 1449
1322 1385
1322 1337
1322 1325
1322 1323
1323 3371
1323 1835
1323 1451
1323 1387
1323 1339
1323 1327
1323 1324
1323 2347
1323 3115
1323 1579
1323 3339
1323 1803
1323 1419
1323 1355
1323 3363
1323 1827
1323 1443
1323 1379
1323 1331
1323 3369
1323 1833
1323 1449
1323 1385
1323 1337
1323 1325
1324 3372
1324 1836
1324 1452
1324 1388
1324 1340
1324 1328
1324 2348
1324 3116
1324 1580
1324 3340
1324 1804
1324 1420
1324 1356
1324 3364
1324 1828
1324 1444
1324 1380
1324 1332
1324 3370
1324 1834
1324 1450
1324 1386
1324 1338
1324 1326
1324 3371
1324 1835
1324 1451
1324 1387
1324 1339
1324 1327
1325 3373
1325 1837
1325 1453
1325 1389
1325 1341
1325 1327
1325 1326
1325 2349
1325 3117
1325 1581
1325 3341
1325 1805
1325 1421
1325 1357
1325 3365
1325 1829
1325 1445
1325 1381
1325 1333
1325 3369
1325 1833
1325 1449
1325 1385
1325 1337
1326 3374
1326 1838
1326 1454
1326 1390
1326 1342
1326 1328
1326 2350
1326 3118
1326 1582
1326 3342
1326 1806
1326 1422
1326 1358
1326 3366
1326 1830
1326 1446
1326 1382
1326 1334
1326 3370
1326 1834
1326 1450
1326 1386
1326 1338
1326 3373
1326 1837
1326 1453
1326 1389
1326 1341
1326 1327
1327 3375
1327 1839
1327 1455
1327 1391
1327 1343
1327 1328
1327 2351
1327 3119
1327 1583
1327 3343
1327 1807
1327 1423
1327 1359
1327 3367
1327 1831
1327 1447
1327 1383
1327 1335
1327 3371
1327 1835
1327 1451
1327 1387
1327 1339
1327 3373
1327 1837
1327 1453
1327 1389
1327 1341
1328 3376
1328 1840
1328 1456
1328 1392
1328 1344
1328 2352
1328 3120
1328 1584
1328 3344
1328 1808
1328 1424
1328 1360
1328 3368
1328 1832
1328 1448
1328 1384
1328 1336
1328 3372
1328 1836
1328 1452
1328 1388
1328 1340
1328 3374
1328 1838
1328 1454
1328 1390
1328 1342
1328 3375
1328 1839
1328 1455
1328 1391
1328 1343
1329 3377
1329 1841
1329 1457
1329 1393
1329 1337
1329 1333
1329 1331
1329 1330
1329 2353
1329 3121
1329 1585
1329 3345
1329 1809
1329 1425
1329 1361
1329 3361
1329 1825
1329 1441
1329 1377
1330 3378
1330 1842
1330 1458
1330 1394
1330 1338
1330 1334
1330 1332
1330 2354
1330 3122
1330 1586
1330 3346
1330 1810
1330 1426
1330 1362
1330 3362
1330 1826
1330 1442
1330 1378
1330 3377
1330 1841
1330 1457
1330 1393
1330 1337
1330 1333
1330 1331
1331 3379
1331 1843
1331 1459
1331 1395
1331 1339
1331 1335
1331 1332
1331 2355
1331 3123
1331 1587
1331 3347
1331 1811
1331 1427
1331 1363
1331 3363
1331 1827
1331 1443
1331 1379
1331 3377
1331 1841
1331 1457
1331 1393
1331 1337
1331 1333
1332 3380
1332 1844
1332 1460
1332 1396
1332 1340
1332 1336
1332 2356
1332 3124
1332 1588
1332 3348
1332 1812
1332 1428
1332 1364
1332 3364
1332 1828
1332 1444
1332 1380
1332 3378
1332 1842
1332 1458
1332 1394
1332 1338
1332 1334
1332 3379
1332 1843
1332 1459
1332 1395
1332 1339
1332 1335
1333 3381
1333 1845
1333 1461
1333 1397
1333 1341
1333 1335
1333 1334
1333 2357
1333 3125
1333 1589
1333 3349
1333 1813
1333 1429
1333 1365
1333 3365
1333 1829
1333 1445
1333 1381
1333 3377
1333 1841
1333 1457
1333 1393
1333 1337
1334 3382
1334 1846
1334 1462
1334 1398
1334 1342
1334 1336
1334 2358
1334 3126
1334 1590
1334 3350
1334 1814
1334 1430
1334 1366
1334 3366
1334 1830
1334 1446
1334 1382
1334 3378
1334 1842
1334 1458
1334 1394
1334 1338
1334 3381
1334 1845
1334 1461
1334 1397
1334 1341
1334 1335
1335 3383
1335 1847
1335 1463
1335 1399
1335 1343
1335 1336
1335 2359
1335 3127
1335 1591
1335 3351
1335 1815
1335 1431
1335 1367
1335 3367
1335 1831
1335 1447
1335 1383
1335 3379
1335 1843
1335 1459
1335 1395
1335 1339
1335 3381
1335 1845
1335 1461
1335 1397
1335 1341
1336 3384
1336 1848
1336 1464
1336 1400
1336 1344
1336 2360
1336 3128
1336 1592
1336 3352
1336 1816
1336 1432
1336 1368
1336 3368
1336 1832
1336 1448
1336 1384
1336 3380
1336 1844
1336 1460
1336 1396
1336 1340
1336 3382
1336 1846
1336 1462
1336 1398
1336 1342
1336 3383
1336 1847
1336 1463
1336 1399
1336 1343
1337 3385
1337 1849
1337 1465
1337 1401
1337 1341
1337 1339
1337 1338
1337 2361
1337 3129
1337 1593
1337 3353
1337 1817
1337 1433
1337 1369
1337 3369
1337 1833
1337 1449
1337 1385
1337 3377
1337 1841
1337 1457
1337 1393
1338 3386
1338 1850
1338 1466
1338 1402
1338 1342
1338 1340
1338 2362
1338 3130
1338 1594
1338 3354
1338 1818
1338 1434
1338 1370
1338 3370
1338 1834
1338 1450
1338 1386
1338 3378
1338 1842
1338 1458
1338 1394
1338 3385
1338 1849
1338 1465
1338 1401
1338 1341
1338 1339
1339 3387
1339 1851
1339 1467
1339 1403
1339 1343
1339 1340
1339 2363
1339 3131
1339 1595
1339 3355
1339 1819
1339 1435
1339 1371
1339 3371
1339 1835
1339 1451
1339 1387
1339 3379
1339 1843
1339 1459
1339 1395
1339 3385
1339 1849
1339 1465
1339 1401
1339 1341
1340 3388
1340 1852
1340 1468
1340 1404
1340 1344
1340 2364
1340 3132
1340 1596
1340 3356
1340 1820
1340 1436
1340 1372
1340 3372
1340 1836
1340 1452
1340 1388
1340 3380
1340 1844
1340 1460
1340 1396
1340 3386
1340 1850
1340 1466
1340 1402
1340 1342
1340 3387
1340 1851
1340 1467
1340 1403
1340 1343
1341 3389
1341 1853
1341 1469
1341 1405
1341 1343
1341 1342
1341 2365
1341 3133
1341 1597
1341 3357
1341 1821
1341 1437
1341 1373
1341 3373
1341 1837
1341 1453
1341 1389
1341 3381
1341 1845
1341 1461
1341 1397
1341 3385
1341 1849
1341 1465
1341 1401
1342 3390
1342 1854
1342 1470
1342 1406
1342 1344
1342 2366
1342 3134
1342 1598
1342 3358
1342 1822
1342 1438
1342 1374
1342 3374
1342 1838
1342 1454
1342 1390
1342 3382
1342 1846
1342 1462
1342 1398
1342 3386
1342 1850
1342 1466
1342 1402
1342 3389
1342 1853
1342 1469
1342 1405
1342 1343
1343 3391
1343 1855
1343 1471
1343 1407
1343 1344
1343 2367
1343 3135
1343 1599
1343 3359
1343 1823
1343 1439
1343 1375
1343 3375
1343 1839
1343 1455
1343 1391
1343 3383
1343 1847
1343 1463
1343 1399
1343 3387
1343 1851
1343 1467
1343 1403
1343 3389
1343 1853
1343 1469
1343 1405
1344 3392
1344 1856
1344 1472
1344 1408
1344 2368
1344 3136
1344 1600
1344 3360
1344 1824
1344 1440
1344 1376
1344 3376
1344 1840
1344 1456
1344 1392
1344 3384
1344 1848
1344 1464
1344 1400
1344 3388
1344 1852
1344 1468
1344 1404
1344 3390
1344 1854
1344 1470
1344 1406
1344 3391
1344 1855
1344 1471
1344 1407
1345 3393
1345 1857
1345 1473
1345 1377
1345 1361
1345 1353
1345 1349
1345 1347
1345 1346
1345 2369
1345 3137
1345 1601
1345 3329
1345 1793
1345 1409
1346 3394
1346 1858
1346 1474
1346 1378
1346 1362
1346 1354
1346 1350
1346 1348
1346 2370
1346 3138
1346 1602
1346 3330
1346 1794
1346 1410
1346 3393
1346 1857
1346 1473
1346 1377
1346 1361
1346 1353
1346 1349
1346 1347
1347 3395
1347 1859
1347 1475
1347 1379
1347 1363
1347 1355
1347 1351
1347 1348
1347 2371
1347 3139
1347 1603
1347 3331
1347 1795
1347 1411
1347 3393
1347 1857
1347 1473
1347 1377
1347 1361
1347 1353
1347 1349
1348 3396
1348 1860
1348 1476
1348 1380
1348 1364
1348 1356
1348 1352
1348 2372
1348 3140
1348 1604
1348 3332
1348 1796
1348 1412
1348 3394
1348 1858
1348 1474
1348 1378
1348 1362
1348 1354
1348 1350
1348 3395
1348 1859
1348 1475
1348 1379
1348 1363
1348 1355
1348 1351
1349 3397
1349 1861
1349 1477
1349 1381
1349 1365
1349 1357
1349 1351
1349 1350
1349 2373
1349 3141
1349 1605
1349 3333
1349 1797
1349 1413
1349 3393
1349 1857
1349 1473
1349 1377
1349 1361
1349 1353
1350 3398
1350 1862
1350 1478
1350 1382
1350 1366
1350 1358
1350 1352
1350 2374
1350 3142
1350 1606
1350 3334
1350 1798
1350 1414
1350 3394
1350 1858
1350 1474
1350 1378
1350 1362
1350 1354
1350 3397
1350 1861
1350 1477
1350 1381
1350 1365
1350 1357
1350 1351
1351 3399
1351 1863
1351 1479
1351 1383
1351 1367
1351 1359
1351 1352
1351 2375
1351 3143
1351 1607
1351 3335
1351 1799
1351 1415
1351 3395
1351 1859
1351 1475
1351 1379
1351 1363
1351 1355
1351 3397
1351 1861
1351 1477
1351 1381
1351 1365
1351 1357
1352 3400
1352 1864
1352 1480
1352 1384
1352 1368
1352 1360
1352 2376
1352 3144
1352 1608
1352 3336
1352 1800
1352 1416
1352 3396
1352 1860
1352 1476
1352 1380
1352 1364
1352 1356
1352 3398
1352 1862
1352 1478
1352 1382
1352 1366
1352 1358
1352 3399
1352 1863
1352 1479
1352 1383
1352 1367
1352 1359
1353 3401
1353 1865
1353 1481
1353 1385
1353 1369
1353 1357
1353 1355
1353 1354
1353 2377
1353 3145
1353 1609
1353 3337
1353 1801
1353 1417
1353 3393
1353 1857
1353 1473
1353 1377
1353 1361
1354 3402
1354 1866
1354 1482
1354 1386
1354 1370
1354 1358
1354 1356
1354 2378
1354 3146
1354 1610
1354 3338
1354 1802
1354 1418
1354 3394
1354 1858
1354 1474
1354 1378
1354 1362
1354 3401
1354 1865
1354 1481
1354 1385
1354 1369
1354 1357
1354 1355
1355 3403
1355 1867
1355 1483
1355 1387
1355 1371
1355 1359
1355 1356
1355 2379
1355 3147
1355 1611
1355 3339
1355 1803
1355 1419
1355 3395
1355 1859
1355 1475
1355 1379
1355 1363
1355 3401
1355 1865
1355 1481
1355 1385
1355 1369
1355 1357
1356 3404
1356 1868
1356 1484
1356 1388
1356 1372
1356 1360
1356 2380
1356 3148
1356 1612
1356 3340
1356 1804
1356 1420
1356 3396
1356 1860
1356 1476
1356 1380
1356 1364
1356 3402
1356 1866
1356 1482
1356 1386
1356 1370
1356 1358
1356 3403
1356 1867
1356 1483
1356 1387
1356 1371
1356 1359
1357 3405
1357 1869
1357 1485
1357 1389
1357 1373
1357 1359
1357 1358
1357 2381
1357 3149
1357 1613
1357 3341
1357 1805
1357 1421
1357 3397
1357 1861
1357 1477
1357 1381
1357 1365
1357 3401
1357 1865
1357 1481
1357 1385
1357 1369
1358 3406
1358 1870
1358 1486
1358 1390
1358 1374
1358 1360
1358 2382
1358 3150
1358 1614
1358 3342
1358 1806
1358 1422
1358 3398
1358 1862
1358 1478
1358 1382
1358 1366
1358 3402
1358 1866
1358 1482
1358 1386
1358 1370
1358 3405
1358 1869
1358 1485
1358 1389
1358 1373
1358 1359
1359 3407
1359 1871
1359 1487
1359 1391
1359 1375
1359 1360
1359 2383
1359 3151
1359 1615
1359 3343
1359 1807
1359 1423
1359 3399
1359 1863
1359 1479
1359 1383
1359 1367
1359 3403
1359 1867
1359 1483
1359 1387
1359 1371
1359 3405
1359 1869
1359 1485
1359 1389
1359 1373
1360 3408
1360 1872
1360 1488
1360 1392
1360 1376
1360 2384
1360 3152
1360 1616
1360 3344
1360 1808
1360 1424
1360 3400
1360 1864
1360 1480
1360 1384
1360 1368
1360 3404
1360 1868
1360 1484
1360 1388
1360 1372
1360 3406
1360 1870
1360 1486
1360 1390
1360 1374
1360 3407
1360 1871
1360 1487
1360 1391
1360 1375
1361 3409
1361 1873
1361 1489
1361 1393
1361 1369
1361 1365
1361 1363
1361 1362
1361 2385
1361 3153
1361 1617
1361 3345
1361 1809
1361 1425
1361 3393
1361 1857
1361 1473
1361 1377
1362 3410
1362 1874
1362 1490
1362 1394
1362 1370
1362 1366
1362 1364
1362 2386
1362 3154
1362 1618
1362 3346
1362 1810
1362 1426
1362 3394
1362 1858
1362 1474
1362 1378
1362 3409
1362 1873
1362 1489
1362 1393
1362 1369
1362 1365
1362 1363
1363 3411
1363 1875
1363 1491
1363 1395
1363 1371
1363 1367
1363 1364
1363 2387
1363 3155
1363 1619
1363 3347
1363 1811
1363 1427
1363 3395
1363 1859
1363 1475
1363 1379
1363 3409
1363 1873
1363 1489
1363 1393
1363 1369
1363 1365
1364 3412
1364 1876
1364 1492
1364 1396
1364 1372
1364 1368
1364 2388
1364 3156
1364 1620
1364 3348
1364 1812
1364 1428
1364 3396
1364 1860
1364 1476
1364 1380
1364 3410
1364 1874
1364 1490
1364 1394
1364 1370
1364 1366
1364 3411
1364 1875
1364 1491
1364 1395
1364 1371
1364 1367
1365 3413
1365 1877
1365 1493
1365 1397
1365 1373
1365 1367
1365 1366
1365 2389
1365 3157
1365 1621
1365 3349
1365 1813
1365 1429
1365 3397
1365 1861
1365 1477
1365 1381
1365 3409
1365 1873
1365 1489
1365 1393
1365 1369
1366 3414
1366 1878
1366 1494
1366 1398
1366 1374
1366 1368
1366 2390
1366 3158
1366 1622
1366 3350
1366 1814
1366 1430
1366 3398
1366 1862
1366 1478
1366 1382
1366 3410
1366 1874
1366 1490
1366 1394
1366 1370
1366 3413
1366 1877
1366 1493
1366 1397
1366 1373
1366 1367
1367 3415
1367 1879
1367 1495
1367 1399
1367 1375
1367 1368
1367 2391
1367 3159
1367 1623
1367 3351
1367 1815
1367 1431
1367 3399
1367 1863
1367 1479
1367 1383
1367 3411
1367 1875
1367 1491
1367 1395
1367 1371
1367 3413
1367 1877
1367 1493
1367 1397
1367 1373
1368 3416
1368 1880
1368 1496
1368 1400
1368 1376
1368 2392
1368 3160
1368 1624
1368 3352
1368 1816
1368 1432
1368 3400
1368 1864
1368 1480
1368 1384
1368 3412
1368 1876
1368 1492
1368 1396
1368 1372
1368 3414
1368 1878
1368 1494
1368 1398
1368 1374
1368 3415
1368 1879
1368 1495
1368 1399
1368 1375
1369 3417
1369 1881
1369 1497
1369 1401
1369 1373
1369 1371
1369 1370
1369 2393
1369 3161
1369 1625
1369 3353
1369 1817
1369 1433
1369 3401
1369 1865
1369 1481
1369 1385
1369 3409
1369 1873
1369 1489
1369 1393
1370 3418
1370 1882
1370 1498
1370 1402
1370 1374
1370 1372
1370 2394
1370 3162
1370 1626
1370 3354
1370 1818
1370 1434
1370 3402
1370 1866
1370 1482
1370 1386
1370 3410
1370 1874
1370 1490
1370 1394
1370 3417
1370 1881
1370 1497
1370 1401
1370 1373
1370 1371
1371 3419
1371 1883
1371 1499
1371 1403
1371 1375
1371 1372
1371 2395
1371 3163
1371 1627
1371 3355
1371 1819
1371 1435
1371 3403
1371 1867
1371 1483
1371 1387
1371 3411
1371 1875
1371 1491
1371 1395
1371 3417
1371 1881
1371 1497
1371 1401
1371 1373
1372 3420
1372 1884
1372 1500
1372 1404
1372 1376
1372 2396
1372 3164
1372 1628
1372 3356
1372 1820
1372 1436
1372 3404
1372 1868
1372 1484
1372 1388
1372 3412
1372 1876
1372 1492
1372 1396
1372 3418
1372 1882
1372 1498
1372 1402
1372 1374
1372 3419
1372 1883
1372 1499
1372 1403
1372 1375
1373 3421
1373 1885
1373 1501
1373 1405
1373 1375
1373 1374
1373 2397
1373 3165
1373 1629
1373 3357
1373 1821
1373 1437
1373 3405
1373 1869
1373 1485
1373 1389
1373 3413
1373 1877
1373 1493
1373 1397
1373 3417
1373 1881
1373 1497
1373 1401
1374 3422
1374 1886
1374 1502
1374 1406
1374 1376
1374 2398
1374 3166
1374 1630
1374 3358
1374 1822
1374 1438
1374 3406
1374 1870
1374 1486
1374 1390
1374 3414
1374 1878
1374 1494
1374 1398
1374 3418
1374 1882
1374 1498
1374 1402
1374 3421
1374 1885
1374 1501
1374 1405
1374 1375
1375 3423
1375 1887
1375 1503
1375 1407
1375 1376
1375 2399
1375 3167
1375 1631
1375 3359
1375 1823
1375 1439
1375 3407
1375 1871
1375 1487
1375 1391
1375 3415
1375 1879
1375 1495
1375 1399
1375 3419
1375 1883
1375 1499
1375 1403
1375 3421
1375 1885
1375 1501
1375 1405
1376 3424
1376 1888
1376 1504
1376 1408
1376 2400
1376 3168
1376 1632
1376 3360
1376 1824
1376 1440
1376 3408
1376 1872
1376 1488
1376 1392
1376 3416
1376 1880
1376 1496
1376 1400
1376 3420
1376 1884
1376 1500
1376 1404
1376 3422
1376 1886
1376 1502
1376 1406
1376 3423
1376 1887
1376 1503
1376 1407
1377 3425
1377 1889
1377 1505
1377 1393
1377 1385
1377 1381
1377 1379
1377 1378
1377 2401
1377 3169
1377 1633
1377 3361
1377 1825
1377 1441
1377 3393
1377 1857
1377 1473
1378 3426
1378 1890
1378 1506
1378 1394
1378 1386
1378 1382
1378 1380
1378 2402
1378 3170
1378 1634
1378 3362
1378 1826
1378 1442
1378 3394
1378 1858
1378 1474
1378 3425
1378 1889
1378 1505
1378 1393
1378 1385
1378 1381
1378 1379
1379 3427
1379 1891
1379 1507
1379 1395
1379 1387
1379 1383
1379 1380
1379 2403
1379 3171
1379 1635
1379 3363
1379 1827
1379 1443
1379 3395
1379 1859
1379 1475
1379 3425
1379 1889
1379 1505
1379 1393
1379 1385
1379 1381
1380 3428
1380 1892
1380 1508
1380 1396
1380 1388
1380 1384
1380 2404
1380 3172
1380 1636
1380 3364
1380 1828
1380 1444
1380 3396
1380 1860
1380 1476
1380 3426
1380 1890
1380 1506
1380 1394
1380 1386
1380 1382
1380 3427
1380 1891
1380 1507
1380 1395
1380 1387
1380 1383
1381 3429
1381 1893
1381 1509
1381 1397
1381 1389
1381 1383
1381 1382
1381 2405
1381 3173
1381 1637
1381 3365
1381 1829
1381 1445
1381 3397
1381 1861
1381 1477
1381 3425
1381 1889
1381 1505
1381 1393
1381 1385
1382 3430
1382 1894
1382 1510
1382 1398
1382 1390
1382 1384
1382 2406
1382 3174
1382 1638
1382 3366
1382 1830
1382 1446
1382 3398
1382 1862
1382 1478
1382 3426
1382 1890
1382 1506
1382 1394
1382 1386
1382 3429
1382 1893
1382 1509
1382 1397
1382 1389
1382 1383
1383 3431
1383 1895
1383 1511
1383 1399
1383 1391
1383 1384
1383 2407
1383 3175
1383 1639
1383 3367
1383 1831
1383 1447
1383 3399
1383 1863
1383 1479
1383 3427
1383 1891
1383 1507
1383 1395
1383 1387
1383 3429
1383 1893
1383 1509
1383 1397
1383 1389
1384 3432
1384 1896
1384 1512
1384 1400
1384 1392
1384 2408
1384 3176
1384 1640
1384 3368
1384 1832
1384 1448
1384 3400
1384 1864
1384 1480
1384 3428
1384 1892
1384 1508
1384 1396
1384 1388
1384 3430
1384 1894
1384 1510
1384 1398
1384 1390
1384 3431
1384 1895
1384 1511
1384 1399
1384 1391
1385 3433
1385 1897
1385 1513
1385 1401
1385 1389
1385 1387
1385 1386
1385 2409
1385 3177
1385 1641
1385 3369
1385 1833
1385 1449
1385 3401
1385 1865
1385 1481
1385 3425
1385 1889
1385 1505
1385 1393
1386 3434
1386 1898
1386 1514
1386 1402
1386 1390
1386 1388
1386 2410
1386 3178
1386 1642
1386 3370
1386 1834
1386 1450
1386 3402
1386 1866
1386 1482
1386 3426
1386 1890
1386 1506
1386 1394
1386 3433
1386 1897
1386 1513
1386 1401
1386 1389
1386 1387
1387 3435
1387 1899
1387 1515
1387 1403
1387 1391
1387 1388
1387 2411
1387 3179
1387 1643
1387 3371
1387 1835
1387 1451
1387 3403
1387 1867
1387 1483
1387 3427
1387 1891
1387 1507
1387 1395
1387 3433
1387 1897
1387 1513
1387 1401
1387 1389
1388 3436
1388 1900
1388 1516
1388 1404
1388 1392
1388 2412
1388 3180
1388 1644
1388 3372
1388 1836
1388 1452
1388 3404
1388 1868
1388 1484
1388 3428
1388 1892
1388 1508
1388 1396
1388 3434
1388 1898
1388 1514
1388 1402
1388 1390
1388 3435
1388 1899
1388 1515
1388 1403
1388 1391
1389 3437
1389 1901
1389 1517
1389 1405
1389 1391
1389 1390
1389 2413
1389 3181
1389 1645
1389 3373
1389 1837
1389 1453
1389 3405
1389 1869
1389 1485
1389 3429
1389 1893
1389 1509
1389 1397
1389 3433
1389 1897
1389 1513
1389 1401
1390 3438
1390 1902
1390 1518
1390 1406
1390 1392
1390 2414
1390 3182
1390 1646
1390 3374
1390 1838
1390 1454
1390 3406
1390 1870
1390 1486
1390 3430
1390 1894
1390 1510
1390 1398
1390 3434
1390 1898
1390 1514
1390 1402
1390 3437
1390 1901
1390 1517
1390 1405
1390 1391
1391 3439
1391 1903
1391 1519
1391 1407
1391 1392
1391 2415
1391 3183
1391 1647
1391 3375
1391 1839
1391 1455
1391 3407
1391 1871
1391 1487
1391 3431
1391 1895
1391 1511
1391 1399
1391 3435
1391 1899
1391 1515
1391 1403
1391 3437
1391 1901
1391 1517
1391 1405
1392 3440
1392 1904
1392 1520
1392 1408
1392 2416
1392 3184
1392 1648
1392 3376
1392 1840
1392 1456
1392 3408
1392 1872
1392 1488
1392 3432
1392 1896
1392 1512
1392 1400
1392 3436
1392 1900
1392 1516
1392 1404
1392 3438
1392 1902
1392 1518
1392 1406
1392 3439
1392 1903
1392 1519
1392 1407
1393 3441
1393 1905
1393 1521
1393 1401
1393 1397
1393 1395
1393 1394
1393 2417
1393 3185
1393 1649
1393 3377
1393 1841
1393 1457
1393 3409
1393 1873
1393 1489
1393 3425
1393 1889
1393 1505
1394 3442
1394 1906
1394 1522
1394 1402
1394 1398
1394 1396
1394 2418
1394 3186
1394 1650
1394 3378
1394 1842
1394 1458
1394 3410
1394 1874
1394 1490
1394 3426
1394 1890
1394 1506
1394 3441
1394 1905
1394 1521
1394 1401
1394 1397
1394 1395
1395 3443
1395 1907
1395 1523
1395 1403
1395 1399
1395 1396
1395 2419
1395 3187
1395 1651
1395 3379
1395 1843
1395 1459
1395 3411
1395 1875
1395 1491
1395 3427
1395 1891
1395 1507
1395 3441
1395 1905
1395 1521
1395 1401
1395 1397
1396 3444
1396 1908
1396 1524
1396 1404
1396 1400
1396 2420
1396 3188
1396 1652
1396 3380
1396 1844
1396 1460
1396 3412
1396 1876
1396 1492
1396 3428
1396 1892
1396 1508
1396 3442
1396 1906
1396 1522
1396 1402
1396 1398
1396 3443
1396 1907
1396 1523
1396 1403
1396 1399
1397 3445
1397 1909
1397 1525
1397 1405
1397 1399
1397 1398
1397 2421
1397 3189
1397 1653
1397 3381
1397 1845
1397 1461
1397 3413
1397 1877
1397 1493
1397 3429
1397 1893
1397 1509
1397 3441
1397 1905
1397 1521
1397 1401
1398 3446
1398 1910
1398 1526
1398 1406
1398 1400
1398 2422
1398 3190
1398 1654
1398 3382
1398 1846
1398 1462
1398 3414
1398 1878
1398 1494
1398 3430
1398 1894
1398 1510
1398 3442
1398 1906
1398 1522
1398 1402
1398 3445
1398 1909
1398 1525
1398 1405
1398 1399
1399 3447
1399 1911
1399 1527
1399 1407
1399 1400
1399 2423
1399 3191
1399 1655
1399 3383
1399 1847
1399 1463
1399 3415
1399 1879
1399 1495
1399 3431
1399 1895
1399 1511
1399 3443
1399 1907
1399 1523
1399 1403
1399 3445
1399 1909
1399 1525
1399 1405
1400 3448
1400 1912
1400 1528
1400 1408
1400 2424
1400 3192
1400 1656
1400 3384
1400 1848
1400 1464
1400 3416
1400 1880
1400 1496
1400 3432
1400 1896
1400 1512
1400 3444
1400 1908
1400 1524
1400 1404
1400 3446
1400 1910
1400 1526
1400 1406
1400 3447
1400 1911
1400 1527
1400 1407
1401 3449
1401 1913
1401 1529
1401 1405
1401 1403
1401 1402
1401 2425
1401 3193
1401 1657
1401 3385
1401 1849
1401 1465
1401 3417
1401 1881
1401 1497
1401 3433
1401 1897
1401 1513
1401 3441
1401 1905
1401 1521
1402 3450
1402 1914
1402 1530
1402 1406
1402 1404
1402 2426
1402 3194
1402 1658
1402 3386
1402 1850
1402 1466
1402 3418
1402 1882
1402 1498
1402 3434
1402 1898
1402 1514
1402 3442
1402 1906
1402 1522
1402 3449
1402 1913
1402 1529
1402 1405
1402 1403
1403 3451
1403 1915
1403 1531
1403 1407
1403 1404
1403 2427
1403 3195
1403 1659
1403 3387
1403 1851
1403 1467
1403 3419
1403 1883
1403 1499
1403 3435
1403 1899
1403 1515
1403 3443
1403 1907
1403 1523
1403 3449
1403 1913
1403 1529
1403 1405
1404 3452
1404 1916
1404 1532
1404 1408
1404 2428
1404 3196
1404 1660
1404 3388
1404 1852
1404 1468
1404 3420
1404 1884
1404 1500
1404 3436
1404 1900
1404 1516
1404 3444
1404 1908
1404 1524
1404 3450
1404 1914
1404 1530
1404 1406
1404 3451
1404 1915
1404 1531
1404 1407
1405 3453
1405 1917
1405 1533
1405 1407
1405 1406
1405 2429
1405 3197
1405 1661
1405 3389
1405 1853
1405 1469
1405 3421
1405 1885
1405 1501
1405 3437
1405 1901
1405 1517
1405 3445
1405 1909
1405 1525
1405 3449
1405 1913
1405 1529
1406 3454
1406 1918
1406 1534
1406 1408
1406 2430
1406 3198
1406 1662
1406 3390
1406 1854
1406 1470
1406 3422
1406 1886
1406 1502
1406 3438
1406 1902
1406 1518
1406 3446
1406 1910
1406 1526
1406 3450
1406 1914
1406 1530
1406 3453
1406 1917
1406 1533
1406 1407
1407 3455
1407 1919
1407 1535
1407 1408
1407 2431
1407 3199
1407 1663
1407 3391
1407 1855
1407 1471
1407 3423
1407 1887
1407 1503
1407 3439
1407 1903
1407 1519
1407 3447
1407 1911
1407 1527
1407 3451
1407 1915
1407 1531
1407 3453
1407 1917
1407 1533
1408 3456
1408 1920
1408 1536
1408 2432
1408 3200
1408 1664
1408 3392
1408 1856
1408 1472
1408 3424
1408 1888
1408 1504
1408 3440
1408 1904
1408 1520
1408 3448
1408 1912
1408 1528
1408 3452
1408 1916
1408 1532
1408 3454
1408 1918
1408 1534
1408 3455
1408 1919
1408 1535
1409 3457
1409 1921
1409 1473
1409 1441
1409 1425
1409 1417
1409 1413
1409 1411
1409 1410
1409 2433
1409 3201
1409 1665
1409 3329
1409 1793
1410 3458
1410 1922
1410 1474
1410 1442
1410 1426
1410 1418
1410 1414
1410 1412
1410 2434
1410 3202
1410 1666
1410 3330
1410 1794
1410 3457
1410 1921
1410 1473
1410 1441
1410 1425
1410 1417
1410 1413
1410 1411
1411 3459
1411 1923
1411 1475
1411 1443
1411 1427
1411 1419
1411 1415
1411 1412
1411 2435
1411 3203
1411 1667
1411 3331
1411 1795
1411 3457
1411 1921
1411 1473
1411 1441
1411 1425
1411 1417
1411 1413
1412 3460
1412 1924
1412 1476
1412 1444
1412 1428
1412 1420
1412 1416
1412 2436
1412 3204
1412 1668
1412 3332
1412 1796
1412 3458
1412 1922
1412 1474
1412 1442
1412 1426
1412 1418
1412 1414
1412 3459
1412 1923
1412 1475
1412 1443
1412 1427
1412 1419
1412 1415
1413 3461
1413 1925
1413 1477
1413 1445
1413 1429
1413 1421
1413 1415
1413 1414
1413 2437
1413 3205
1413 1669
1413 3333
1413 1797
1413 3457
1413 1921
1413 1473
1413 1441
1413 1425
1413 1417
1414 3462
1414 1926
1414 1478
1414 1446
1414 1430
1414 1422
1414 1416
1414 2438
1414 3206
1414 1670
1414 3334
1414 1798
1414 3458
1414 1922
1414 1474
1414 1442
1414 1426
1414 1418
1414 3461
1414 1925
1414 1477
1414 1445
1414 1429
1414 1421
1414 1415
1415 3463
1415 1927
1415 1479
1415 1447
1415 1431
1415 1423
1415 1416
1415 2439
1415 3207
1415 1671
1415 3335
1415 1799
1415 3459
1415 1923
1415 1475
1415 1443
1415 1427
1415 1419
1415 3461
1415 1925
1415 1477
1415 1445
1415 1429
1415 1421
1416 3464
1416 1928
1416 1480
1416 1448
1416 1432
1416 1424
1416 2440
1416 3208
1416 1672
1416 3336
1416 1800
1416 3460
1416 1924
1416 1476
1416 1444
1416 1428
1416 1420
1416 3462
1416 1926
1416 1478
1416 1446
1416 1430
1416 1422
1416 3463
1416 1927
1416 1479
1416 1447
1416 1431
1416 1423
1417 3465
1417 1929
1417 1481
1417 1449
1417 1433
1417 1421
1417 1419
1417 1418
1417 2441
1417 3209
1417 1673
1417 3337
1417 1801
1417 3457
1417 1921
1417 1473
1417 1441
1417 1425
1418 3466
1418 1930
1418 1482
1418 1450
1418 1434
1418 1422
1418 1420
1418 2442
1418 3210
1418 1674
1418 3338
1418 1802
1418 3458
1418 1922
1418 1474
1418 1442
1418 1426
1418 3465
1418 1929
1418 1481
1418 1449
1418 1433
1418 1421
1418 1419
1419 3467
1419 1931
1419 1483
1419 1451
1419 1435
1419 1423
1419 1420
1419 2443
1419 3211
1419 1675
1419 3339
1419 1803
1419 3459
1419 1923
1419 1475
1419 1443
1419 1427
1419 3465
1419 1929
1419 1481
1419 1449
1419 1433
1419 1421
1420 3468
1420 1932
1420 1484
1420 1452
1420 1436
1420 1424
1420 2444
1420 3212
1420 1676
1420 3340
1420 1804
1420 3460
1420 1924
1420 1476
1420 1444
1420 1428
1420 3466
1420 1930
1420 1482
1420 1450
1420 1434
1420 1422
1420 3467
1420 1931
1420 1483
1420 1451
1420 1435
1420 1423
1421 3469
1421 1933
1421 1485
1421 1453
1421 1437
1421 1423
1421 1422
1421 2445
1421 3213
1421 1677
1421 3341
1421 1805
1421 3461
1421 1925
1421 1477
1421 1445
1421 1429
1421 3465
1421 1929
1421 1481
1421 1449
1421 1433
1422 3470
1422 1934
1422 1486
1422 1454
1422 1438
1422 1424
1422 2446
1422 3214
1422 1678
1422 3342
1422 1806
1422 3462
1422 1926
1422 1478
1422 1446
1422 1430
1422 3466
1422 1930
1422 1482
1422 1450
1422 1434
1422 3469
1422 1933
1422 1485
1422 1453
1422 1437
1422 1423
1423 3471
1423 1935
1423 1487
1423 1455
1423 1439
1423 1424
1423 2447
1423 3215
1423 1679
1423 3343
1423 1807
1423 3463
1423 1927
1423 1479
1423 1447
1423 1431
1423 3467
1423 1931
1423 1483
1423 1451
1423 1435
1423 3469
1423 1933
1423 1485
1423 1453
1423 1437
1424 3472
1424 1936
1424 1488
1424 1456
1424 1440
1424 2448
1424 3216
1424 1680
1424 3344
1424 1808
1424 3464
1424 1928
1424 1480
1424 1448
1424 1432
1424 3468
1424 1932
1424 1484
1424 1452
1424 1436
1424 3470
1424 1934
1424 1486
1424 1454
1424 1438
1424 3471
1424 1935
1424 1487
1424 1455
1424 1439
1425 3473
1425 1937
1425 1489
1425 1457
1425 1433
1425 1429
1425 1427
1425 1426
1425 2449
1425 3217
1425 1681
1425 3345
1425 1809
1425 3457
1425 1921
1425 1473
1425 1441
1426 3474
1426 1938
1426 1490
1426 1458
1426 1434
1426 1430
1426 1428
1426 2450
1426 3218
1426 1682
1426 3346
1426 1810
1426 3458
1426 1922
1426 1474
1426 1442
1426 3473
1426 1937
1426 1489
1426 1457
1426 1433
1426 1429
1426 1427
1427 3475
1427 1939
1427 1491
1427 1459
1427 1435
1427 1431
1427 1428
1427 2451
1427 3219
1427 1683
1427 3347
1427 1811
1427 3459
1427 1923
1427 1475
1427 1443
1427 3473
1427 1937
1427 1489
1427 1457
1427 1433
1427 1429
1428 3476
1428 1940
1428 1492
1428 1460
1428 1436
1428 1432
1428 2452
1428 3220
1428 1684
1428 3348
1428 1812
1428 3460
1428 1924
1428 1476
1428 1444
1428 3474
1428 1938
1428 1490
1428 1458
1428 1434
1428 1430
1428 3475
1428 1939
1428 1491
1428 1459
1428 1435
1428 1431
1429 3477
1429 1941
1429 1493
1429 1461
1429 1437
1429 1431
1429 1430
1429 2453
1429 3221
1429 1685
1429 3349
1429 1813
1429 3461
1429 1925
1429 1477
1429 1445
1429 3473
1429 1937
1429 1489
1429 1457
1429 1433
1430 3478
1430 1942
1430 1494
1430 1462
1430 1438
1430 1432
1430 2454
1430 3222
1430 1686
1430 3350
1430 1814
1430 3462
1430 1926
1430 1478
1430 1446
1430 3474
1430 1938
1430 1490
1430 1458
1430 1434
1430 3477
1430 1941
1430 1493
1430 1461
1430 1437
1430 1431
1431 3479
1431 1943
1431 1495
1431 1463
1431 1439
1431 1432
1431 2455
1431 3223
1431 1687
1431 3351
1431 1815
1431 3463
1431 1927
1431 1479
1431 1447
1431 3475
1431 1939
1431 1491
1431 1459
1431 1435
1431 3477
1431 1941
1431 1493
1431 1461
1431 1437
1432 3480
1432 1944
1432 1496
1432 1464
1432 1440
1432 2456
1432 3224
1432 1688
1432 3352
1432 1816
1432 3464
1432 1928
1432 1480
1432 1448
1432 3476
1432 1940
1432 1492
1432 1460
1432 1436
1432 3478
1432 1942
1432 1494
1432 1462
1432 1438
1432 3479
1432 1943
1432 1495
1432 1463
1432 1439
1433 3481
1433 1945
1433 1497
1433 1465
1433 1437
1433 1435
1433 1434
1433 2457
1433 3225
1433 1689
1433 3353
1433 1817
1433 3465
1433 1929
1433 1481
1433 1449
1433 3473
1433 1937
1433 1489
1433 1457
1434 3482
1434 1946
1434 1498
1434 1466
1434 1438
1434 1436
1434 2458
1434 3226
1434 1690
1434 3354
1434 1818
1434 3466
1434 1930
1434 1482
1434 1450
1434 3474
1434 1938
1434 1490
1434 1458
1434 3481
1434 1945
1434 1497
1434 1465
1434 1437
1434 1435
1435 3483
1435 1947
1435 1499
1435 1467
1435 1439
1435 1436
1435 2459
1435 3227
1435 1691
1435 3355
1435 1819
1435 3467
1435 1931
1435 1483
1435 1451
1435 3475
1435 1939
1435 1491
1435 1459
1435 3481
1435 1945
1435 1497
1435 1465
1435 1437
1436 3484
1436 1948
1436 1500
1436 1468
1436 1440
1436 2460
1436 3228
1436 1692
1436 3356
1436 1820
1436 3468
1436 1932
1436 1484
1436 1452
1436 3476
1436 1940
1436 1492
1436 1460
1436 3482
1436 1946
1436 1498
1436 1466
1436 1438
1436 3483
1436 1947
1436 1499
1436 1467
1436 1439
1437 3485
1437 1949
1437 1501
1437 1469
1437 1439
1437 1438
1437 2461
1437 3229
1437 1693
1437 3357
1437 1821
1437 3469
1437 1933
1437 1485
1437 1453
1437 3477
1437 1941
1437 1493
1437 1461
1437 3481
1437 1945
1437 1497
1437 1465
1438 3486
1438 1950
1438 1502
1438 1470
1438 1440
1438 2462
1438 3230
1438 1694
1438 3358
1438 1822
1438 3470
1438 1934
1438 1486
1438 1454
1438 3478
1438 1942
1438 1494
1438 1462
1438 3482
1438 1946
1438 1498
1438 1466
1438 3485
1438 1949
1438 1501
1438 1469
1438 1439
1439 3487
1439 1951
1439 1503
1439 1471
1439 1440
1439 2463
1439 3231
1439 1695
1439 3359
1439 1823
1439 3471
1439 1935
1439 1487
1439 1455
1439 3479
1439 1943
1439 1495
1439 1463
1439 3483
1439 1947
1439 1499
1439 1467
1439 3485
1439 1949
1439 1501
1439 1469
1440 3488
1440 1952
1440 1504
1440 1472
1440 2464
1440 3232
1440 1696
1440 3360
1440 1824
1440 3472
1440 1936
1440 1488
1440 1456
1440 3480
1440 1944
1440 1496
1440 1464
1440 3484
1440 1948
1440 1500
1440 1468
1440 3486
1440 1950
1440 1502
1440 1470
1440 3487
1440 1951
1440 1503
1440 1471
1441 3489
1441 1953
1441 1505
1441 1457
1441 1449
1441 1445
1441 1443
1441 1442
1441 2465
1441 3233
1441 1697
1441 3361
1441 1825
1441 3457
1441 1921
1441 1473
1442 3490
1442 1954
1442 1506
1442 1458
1442 1450
1442 1446
1442 1444
1442 2466
1442 3234
1442 1698
1442 3362
1442 1826
1442 3458
1442 1922
1442 1474
1442 3489
1442 1953
1442 1505
1442 1457
1442 1449
1442 1445
1442 1443
1443 3491
1443 1955
1443 1507
1443 1459
1443 1451
1443 1447
1443 1444
1443 2467
1443 3235
1443 1699
1443 3363
1443 1827
1443 3459
1443 1923
1443 1475
1443 3489
1443 1953
1443 1505
1443 1457
1443 1449
1443 1445
1444 3492
1444 1956
1444 1508
1444 1460
1444 1452
1444 1448
1444 2468
1444 3236
1444 1700
1444 3364
1444 1828
1444 3460
1444 1924
1444 1476
1444 3490
1444 1954
1444 1506
1444 1458
1444 1450
1444 1446
1444 3491
1444 1955
1444 1507
1444 1459
1444 1451
1444 1447
1445 3493
1445 1957
1445 1509
1445 1461
1445 1453
1445 1447
1445 1446
1445 2469
1445 3237
1445 1701
1445 3365
1445 1829
1445 3461
1445 1925
1445 1477
1445 3489
1445 1953
1445 1505
1445 1457
1445 1449
1446 3494
1446 1958
1446 1510
1446 1462
1446 1454
1446 1448
1446 2470
1446 3238
1446 1702
1446 3366
1446 1830
1446 3462
1446 1926
1446 1478
1446 3490
1446 1954
1446 1506
1446 1458
1446 1450
1446 3493
1446 1957
1446 1509
1446 1461
1446 1453
1446 1447
1447 3495
1447 1959
1447 1511
1447 1463
1447 1455
1447 1448
1447 2471
1447 3239
1447 1703
1447 3367
1447 1831
1447 3463
1447 1927
1447 1479
1447 3491
1447 1955
1447 1507
1447 1459
1447 1451
1447 3493
1447 1957
1447 1509
1447 1461
1447 1453
1448 3496
1448 1960
1448 1512
1448 1464
1448 1456
1448 2472
1448 3240
1448 1704
1448 3368
1448 1832
1448 3464
1448 1928
1448 1480
1448 3492
1448 1956
1448 1508
1448 1460
1448 1452
1448 3494
1448 1958
1448 1510
1448 1462
1448 1454
1448 3495
1448 1959
1448 1511
1448 1463
1448 1455
1449 3497
1449 1961
1449 1513
1449 1465
1449 1453
1449 1451
1449 1450
1449 2473
1449 3241
1449 1705
1449 3369
1449 1833
1449 3465
1449 1929
1449 1481
1449 3489
1449 1953
1449 1505
1449 1457
1450 3498
1450 1962
1450 1514
1450 1466
1450 1454
1450 1452
1450 2474
1450 3242
1450 1706
1450 3370
1450 1834
1450 3466
1450 1930
1450 1482
1450 3490
1450 1954
1450 1506
1450 1458
1450 3497
1450 1961
1450 1513
1450 1465
1450 1453
1450 1451
1451 3499
1451 1963
1451 1515
1451 1467
1451 1455
1451 1452
1451 2475
1451 3243
1451 1707
1451 3371
1451 1835
1451 3467
1451 1931
1451 1483
1451 3491
1451 1955
1451 1507
1451 1459
1451 3497
1451 1961
1451 1513
1451 1465
1451 1453
1452 3500
1452 1964
1452 1516
1452 1468
1452 1456
1452 2476
1452 3244
1452 1708
1452 3372
1452 1836
1452 3468
1452 1932
1452 1484
1452 3492
1452 1956
1452 1508
1452 1460
1452 3498
1452 1962
1452 1514
1452 1466
1452 1454
1452 3499
1452 1963
1452 1515
1452 1467
1452 1455
1453 3501
1453 1965
1453 1517
1453 1469
1453 1455
1453 1454
1453 2477
1453 3245
1453 1709
1453 3373
1453 1837
1453 3469
1453 1933
1453 1485
1453 3493
1453 1957
1453 1509
1453 1461
1453 3497
1453 1961
1453 1513
1453 1465
1454 3502
1454 1966
1454 1518
1454 1470
1454 1456
1454 2478
1454 3246
1454 1710
1454 3374
1454 1838
1454 3470
1454 1934
1454 1486
1454 3494
1454 1958
1454 1510
1454 1462
1454 3498
1454 1962
1454 1514
1454 1466
1454 3501
1454 1965
1454 1517
1454 1469
1454 1455
1455 3503
1455 1967
1455 1519
1455 1471
1455 1456
1455 2479
1455 3247
1455 1711
1455 3375
1455 1839
1455 3471
1455 1935
1455 1487
1455 3495
1455 1959
1455 1511
1455 1463
1455 3499
1455 1963
1455 1515
1455 1467
1455 3501
1455 1965
1455 1517
1455 1469
1456 3504
1456 1968
1456 1520
1456 1472
1456 2480
1456 3248
1456 1712
1456 3376
1456 1840
1456 3472
1456 1936
1456 1488
1456 3496
1456 1960
1456 1512
1456 1464
1456 3500
1456 1964
1456 1516
1456 1468
1456 3502
1456 1966
1456 1518
1456 1470
1456 3503
1456 1967
1456 1519
1456 1471
1457 3505
1457 1969
1457 1521
1457 1465
1457 1461
1457 1459
1457 1458
1457 2481
1457 3249
1457 1713
1457 3377
1457 1841
1457 3473
1457 1937
1457 1489
1457 3489
1457 1953
1457 1505
1458 3506
1458 1970
1458 1522
1458 1466
1458 1462
1458 1460
1458 2482
1458 3250
1458 1714
1458 3378
1458 1842
1458 3474
1458 1938
1458 1490
1458 3490
1458 1954
1458 1506
1458 3505
1458 1969
1458 1521
1458 1465
1458 1461
1458 1459
1459 3507
1459 1971
1459 1523
1459 1467
1459 1463
1459 1460
1459 2483
1459 3251
1459 1715
1459 3379
1459 1843
1459 3475
1459 1939
1459 1491
1459 3491
1459 1955
1459 1507
1459 3505
1459 1969
1459 1521
1459 1465
1459 1461
1460 3508
1460 1972
1460 1524
1460 1468
1460 1464
1460 2484
1460 3252
1460 1716
1460 3380
1460 1844
1460 3476
1460 1940
1460 1492
1460 3492
1460 1956
1460 1508
1460 3506
1460 1970
1460 1522
1460 1466
1460 1462
1460 3507
1460 1971
1460 1523
1460 1467
1460 1463
1461 3509
1461 1973
1461 1525
1461 1469
1461 1463
1461 1462
1461 2485
1461 3253
1461 1717
1461 3381
1461 1845
1461 3477
1461 1941
1461 1493
1461 3493
1461 1957
1461 1509
1461 3505
1461 1969
1461 1521
1461 1465
1462 3510
1462 1974
1462 1526
1462 1470
1462 1464
1462 2486
1462 3254
1462 1718
1462 3382
1462 1846
1462 3478
1462 1942
1462 1494
1462 3494
1462 1958
1462 1510
1462 3506
1462 1970
1462 1522
1462 1466
1462 3509
1462 1973
1462 1525
1462 1469
1462 1463
1463 3511
1463 1975
1463 1527
1463 1471
1463 1464
1463 2487
1463 3255
1463 1719
1463 3383
1463 1847
1463 3479
1463 1943
1463 1495
1463 3495
1463 1959
1463 1511
1463 3507
1463 1971
1463 1523
1463 1467
1463 3509
1463 1973
1463 1525
1463 1469
1464 3512
1464 1976
1464 1528
1464 1472
1464 2488
1464 3256
1464 1720
1464 3384
1464 1848
1464 3480
1464 1944
1464 1496
1464 3496
1464 1960
1464 1512
1464 3508
1464 1972
1464 1524
1464 1468
1464 3510
1464 1974
1464 1526
1464 1470
1464 3511
1464 1975
1464 1527
1464 1471
1465 3513
1465 1977
1465 1529
1465 1469
1465 1467
1465 1466
1465 2489
1465 3257
1465 1721
1465 3385
1465 1849
1465 3481
1465 1945
1465 1497
1465 3497
1465 1961
1465 1513
1465 3505
1465 1969
1465 1521
1466 3514
1466 1978
1466 1530
1466 1470
1466 1468
1466 2490
1466 3258
1466 1722
1466 3386
1466 1850
1466 3482
1466 1946
1466 1498
1466 3498
1466 1962
1466 1514
1466 3506
1466 1970
1466 1522
1466 3513
1466 1977
1466 1529
1466 1469
1466 1467
1467 3515
1467 1979
1467 1531
1467 1471
1467 1468
1467 2491
1467 3259
1467 1723
1467 3387
1467 1851
1467 3483
1467 1947
1467 1499
1467 3499
1467 1963
1467 1515
1467 3507
1467 1971
1467 1523
1467 3513
1467 1977
1467 1529
1467 1469
1468 3516
1468 1980
1468 1532
1468 1472
1468 2492
1468 3260
1468 1724
1468 3388
1468 1852
1468 3484
1468 1948
1468 1500
1468 3500
1468 1964
1468 1516
1468 3508
1468 1972
1468 1524
1468 3514
1468 1978
1468 1530
1468 1470
1468 3515
1468 1979
1468 1531
1468 1471
1469 3517
1469 1981
1469 1533
1469 1471
1469 1470
1469 2493
1469 3261
1469 1725
1469 3389
1469 1853
1469 3485
1469 1949
1469 1501
1469 3501
1469 1965
1469 1517
1469 3509
1469 1973
1469 1525
1469 3513
1469 1977
1469 1529
1470 3518
1470 1982
1470 1534
1470 1472
1470 2494
1470 3262
1470 1726
1470 3390
1470 1854
1470 3486
1470 1950
1470 1502
1470 3502
1470 1966
1470 1518
1470 3510
1470 1974
1470 1526
1470 3514
1470 1978
1470 1530
1470 3517
1470 1981
1470 1533
1470 1471
1471 3519
1471 1983
1471 1535
1471 1472
1471 2495
1471 3263
1471 1727
1471 3391
1471 1855
1471 3487
1471 1951
1471 1503
1471 3503
1471 1967
1471 1519
1471 3511
1471 1975
1471 1527
1471 3515
1471 1979
1471 1531
1471 3517
1471 1981
1471 1533
1472 3520
1472 1984
1472 1536
1472 2496
1472 3264
1472 1728
1472 3392
1472 1856
1472 3488
1472 1952
1472 1504
1472 3504
1472 1968
1472 1520
1472 3512
1472 1976
1472 1528
1472 3516
1472 1980
1472 1532
1472 3518
1472 1982
1472 1534
1472 3519
1472 1983
1472 1535
1473 3521
1473 1985
1473 1505
1473 1489
1473 1481
1473 1477
1473 1475
1473 1474
1473 2497
1473 3265
1473 1729
1473 3393
1473 1857
1473 3457
1473 1921
1474 3522
1474 1986
1474 1506
1474 1490
1474 1482
1474 1478
1474 1476
1474 2498
1474 3266
1474 1730
1474 3394
1474 1858
1474 3458
1474 1922
1474 3521
1474 1985
1474 1505
1474 1489
1474 1481
1474 1477
1474 1475
1475 3523
1475 1987
1475 1507
1475 1491
1475 1483
1475 1479
1475 1476
1475 2499
1475 3267
1475 1731
1475 3395
1475 1859
1475 3459
1475 1923
1475 3521
1475 1985
1475 1505
1475 1489
1475 1481
1475 1477
1476 3524
1476 1988
1476 1508
1476 1492
1476 1484
1476 1480
1476 2500
1476 3268
1476 1732
1476 3396
1476 1860
1476 3460
1476 1924
1476 3522
1476 1986
1476 1506
1476 1490
1476 1482
1476 1478
1476 3523
1476 1987
1476 1507
1476 1491
1476 1483
1476 1479
1477 3525
1477 1989
1477 1509
1477 1493
1477 1485
1477 1479
1477 1478
1477 2501
1477 3269
1477 1733
1477 3397
1477 1861
1477 3461
1477 1925
1477 3521
1477 1985
1477 1505
1477 1489
1477 1481
1478 3526
1478 1990
1478 1510
1478 1494
1478 1486
1478 1480
1478 2502
1478 3270
1478 1734
1478 3398
1478 1862
1478 3462
1478 1926
1478 3522
1478 1986
1478 1506
1478 1490
1478 1482
1478 3525
1478 1989
1478 1509
1478 1493
1478 1485
1478 1479
1479 3527
1479 1991
1479 1511
1479 1495
1479 1487
1479 1480
1479 2503
1479 3271
1479 1735
1479 3399
1479 1863
1479 3463
1479 1927
1479 3523
1479 1987
1479 1507
1479 1491
1479 1483
1479 3525
1479 1989
1479 1509
1479 1493
1479 1485
1480 3528
1480 1992
1480 1512
1480 1496
1480 1488
1480 2504
1480 3272
1480 1736
1480 3400
1480 1864
1480 3464
1480 1928
1480 3524
1480 1988
1480 1508
1480 1492
1480 1484
1480 3526
1480 1990
1480 1510
1480 1494
1480 1486
1480 3527
1480 1991
1480 1511
1480 1495
1480 1487
1481 3529
1481 1993
1481 1513
1481 1497
1481 1485
1481 1483
1481 1482
1481 2505
1481 3273
1481 1737
1481 3401
1481 1865
1481 3465
1481 1929
1481 3521
1481 1985
1481 1505
1481 1489
1482 3530
1482 1994
1482 1514
1482 1498
1482 1486
1482 1484
1482 2506
1482 3274
1482 1738
1482 3402
1482 1866
1482 3466
1482 1930
1482 3522
1482 1986
1482 1506
1482 1490
1482 3529
1482 1993
1482 1513
1482 1497
1482 1485
1482 1483
1483 3531
1483 1995
1483 1515
1483 1499
1483 1487
1483 1484
1483 2507
1483 3275
1483 1739
1483 3403
1483 1867
1483 3467
1483 1931
1483 3523
1483 1987
1483 1507
1483 1491
1483 3529
1483 1993
1483 1513
1483 1497
1483 1485
1484 3532
1484 1996
1484 1516
1484 1500
1484 1488
1484 2508
1484 3276
1484 1740
1484 3404
1484 1868
1484 3468
1484 1932
1484 3524
1484 1988
1484 1508
1484 1492
1484 3530
1484 1994
1484 1514
1484 1498
1484 1486
1484 3531
1484 1995
1484 1515
1484 1499
1484 1487
1485 3533
1485 1997
1485 1517
1485 1501
1485 1487
1485 1486
1485 2509
1485 3277
1485 1741
1485 3405
1485 1869
1485 3469
1485 1933
1485 3525
1485 1989
1485 1509
1485 1493
1485 3529
1485 1993
1485 1513
1485 1497
1486 3534
1486 1998
1486 1518
1486 1502
1486 1488
1486 2510
1486 3278
1486 1742
1486 3406
1486 1870
1486 3470
1486 1934
1486 3526
1486 1990
1486 1510
1486 1494
1486 3530
1486 1994
1486 1514
1486 1498
1486 3533
1486 1997
1486 1517
1486 1501
1486 1487
1487 3535
1487 1999
1487 1519
1487 1503
1487 1488
1487 2511
1487 3279
1487 1743
1487 3407
1487 1871
1487 3471
1487 1935
1487 3527
1487 1991
1487 1511
1487 1495
1487 3531
1487 1995
1487 1515
1487 1499
1487 3533
1487 1997
1487 1517
1487 1501
1488 3536
1488 2000
1488 1520
1488 1504
1488 2512
1488 3280
1488 1744
1488 3408
1488 1872
1488 3472
1488 1936
1488 3528
1488 1992
1488 1512
1488 1496
1488 3532
1488 1996
1488 1516
1488 1500
1488 3534
1488 1998
1488 1518
1488 1502
1488 3535
1488 1999
1488 1519
1488 1503
1489 3537
1489 2001
1489 1521
1489 1497
1489 1493
1489 1491
1489 1490
1489 2513
1489 3281
1489 1745
1489 3409
1489 1873
1489 3473
1489 1937
1489 3521
1489 1985
1489 1505
1490 3538
1490 2002
1490 1522
1490 1498
1490 1494
1490 1492
1490 2514
1490 3282
1490 1746
1490 3410
1490 1874
1490 3474
1490 1938
1490 3522
1490 1986
1490 1506
1490 3537
1490 2001
1490 1521
1490 1497
1490 1493
1490 1491
1491 3539
1491 2003
1491 1523
1491 1499
1491 1495
1491 1492
1491 2515
1491 3283
1491 1747
1491 3411
1491 1875
1491 3475
1491 1939
1491 3523
1491 1987
1491 1507
1491 3537
1491 2001
1491 1521
1491 1497
1491 1493
1492 3540
1492 2004
1492 1524
1492 1500
1492 1496
1492 2516
1492 3284
1492 1748
1492 3412
1492 1876
1492 3476
1492 1940
1492 3524
1492 1988
1492 1508
1492 3538
1492 2002
1492 1522
1492 1498
1492 1494
1492 3539
1492 2003
1492 1523
1492 1499
1492 1495
1493 3541
1493 2005
1493 1525
1493 1501
1493 1495
1493 1494
1493 2517
1493 3285
1493 1749
1493 3413
1493 1877
1493 3477
1493 1941
1493 3525
1493 1989
1493 1509
1493 3537
1493 2001
1493 1521
1493 1497
1494 3542
1494 2006
1494 1526
1494 1502
1494 1496
1494 2518
1494 3286
1494 1750
1494 3414
1494 1878
1494 3478
1494 1942
1494 3526
1494 1990
1494 1510
1494 3538
1494 2002
1494 1522
1494 1498
1494 3541
1494 2005
1494 1525
1494 1501
1494 1495
1495 3543
1495 2007
1495 1527
1495 1503
1495 1496
1495 2519
1495 3287
1495 1751
1495 3415
1495 1879
1495 3479
1495 1943
1495 3527
1495 1991
1495 1511
1495 3539
1495 2003
1495 1523
1495 1499
1495 3541
1495 2005
1495 1525
1495 1501
1496 3544
1496 2008
1496 1528
1496 1504
1496 2520
1496 3288
1496 1752
1496 3416
1496 1880
1496 3480
1496 1944
1496 3528
1496 1992
1496 1512
1496 3540
1496 2004
1496 1524
1496 1500
1496 3542
1496 2006
1496 1526
1496 1502
1496 3543
1496 2007
1496 1527
1496 1503
1497 3545
1497 2009
1497 1529
1497 1501
1497 1499
1497 1498
1497 2521
1497 3289
1497 1753
1497 3417
1497 1881
1497 3481
1497 1945
1497 3529
1497 1993
1497 1513
1497 3537
1497 2001
1497 1521
1498 3546
1498 2010
1498 1530
1498 1502
1498 1500
1498 2522
1498 3290
1498 1754
1498 3418
1498 1882
1498 3482
1498 1946
1498 3530
1498 1994
1498 1514
1498 3538
1498 2002
1498 1522
1498 3545
1498 2009
1498 1529
1498 1501
1498 1499
1499 3547
1499 2011
1499 1531
1499 1503
1499 1500
1499 2523
1499 3291
1499 1755
1499 3419
1499 1883
1499 3483
1499 1947
1499 3531
1499 1995
1499 1515
1499 3539
1499 2003
1499 1523
1499 3545
1499 2009
1499 1529
1499 1501
1500 3548
1500 2012
1500 1532
1500 1504
1500 2524
1500 3292
1500 1756
1500 3420
1500 1884
1500 3484
1500 1948
1500 3532
1500 1996
1500 1516
1500 3540
1500 2004
1500 1524
1500 3546
1500 2010
1500 1530
1500 1502
1500 3547
1500 2011
1500 1531
1500 1503
1501 3549
1501 2013
1501 1533
1501 1503
1501 1502
1501 2525
1501 3293
1501 1757
1501 3421
1501 1885
1501 3485
1501 1949
1501 3533
1501 1997
1501 1517
1501 3541
1501 2005
1501 1525
1501 3545
1501 2009
1501 1529
1502 3550
1502 2014
1502 1534
1502 1504
1502 2526
1502 3294
1502 1758
1502 3422
1502 1886
1502 3486
1502 1950
1502 3534
1502 1998
1502 1518
1502 3542
1502 2006
1502 1526
1502 3546
1502 2010
1502 1530
1502 3549
1502 2013
1502 1533
1502 1503
1503 3551
1503 2015
1503 1535
1503 1504
1503 2527
1503 3295
1503 1759
1503 3423
1503 1887
1503 3487
1503 1951
1503 3535
1503 1999
1503 1519
1503 3543
1503 2007
1503 1527
1503 3547
1503 2011
1503 1531
1503 3549
1503 2013
1503 1533
1504 3552
1504 2016
1504 1536
1504 2528
1504 3296
1504 1760
1504 3424
1504 1888
1504 3488
1504 1952
1504 3536
1504 2000
1504 1520
1504 3544
1504 2008
1504 1528
1504 3548
1504 2012
1504 1532
1504 3550
1504 2014
1504 1534
1504 3551
1504 2015
1504 1535
1505 3553
1505 2017
1505 1521
1505 1513
1505 1509
1505 1507
1505 1506
1505 2529
1505 3297
1505 1761
1505 3425
1505 1889
1505 3489
1505 1953
1505 3521
1505 1985
1506 3554
1506 2018
1506 1522
1506 1514
1506 1510
1506 1508
1506 2530
1506 3298
1506 1762
1506 3426
1506 1890
1506 3490
1506 1954
1506 3522
1506 1986
1506 3553
1506 2017
1506 1521
1506 1513
1506 1509
1506 1507
1507 3555
1507 2019
1507 1523
1507 1515
1507 1511
1507 1508
1507 2531
1507 3299
1507 1763
1507 3427
1507 1891
1507 3491
1507 1955
1507 3523
1507 1987
1507 3553
1507 2017
1507 1521
1507 1513
1507 1509
1508 3556
1508 2020
1508 1524
1508 1516
1508 1512
1508 2532
1508 3300
1508 1764
1508 3428
1508 1892
1508 3492
1508 1956
1508 3524
1508 1988
1508 3554
1508 2018
1508 1522
1508 1514
1508 1510
1508 3555
1508 2019
1508 1523
1508 1515
1508 1511
1509 3557
1509 2021
1509 1525
1509 1517
1509 1511
1509 1510
1509 2533
1509 3301
1509 1765
1509 3429
1509 1893
1509 3493
1509 1957
1509 3525
1509 1989
1509 3553
1509 2017
1509 1521
1509 1513
1510 3558
1510 2022
1510 1526
1510 1518
1510 1512
1510 2534
1510 3302
1510 1766
1510 3430
1510 1894
1510 3494
1510 1958
1510 3526
1510 1990
1510 3554
1510 2018
1510 1522
1510 1514
1510 3557
1510 2021
1510 1525
1510 1517
1510 1511
1511 3559
1511 2023
1511 1527
1511 1519
1511 1512
1511 2535
1511 3303
1511 1767
1511 3431
1511 1895
1511 3495
1511 1959
1511 3527
1511 1991
1511 3555
1511 2019
1511 1523
1511 1515
1511 3557
1511 2021
1511 1525
1511 1517
1512 3560
1512 2024
1512 1528
1512 1520
1512 2536
1512 3304
1512 1768
1512 3432
1512 1896
1512 3496
1512 1960
1512 3528
1512 1992
1512 3556
1512 2020
1512 1524
1512 1516
1512 3558
1512 2022
1512 1526
1512 1518
1512 3559
1512 2023
1512 1527
1512 1519
1513 3561
1513 2025
1513 1529
1513 1517
1513 1515
1513 1514
1513 2537
1513 3305
1513 1769
1513 3433
1513 1897
1513 3497
1513 1961
1513 3529
1513 1993
1513 3553
1513 2017
1513 1521
1514 3562
1514 2026
1514 1530
1514 1518
1514 1516
1514 2538
1514 3306
1514 1770
1514 3434
1514 1898
1514 3498
1514 1962
1514 3530
1514 1994
1514 3554
1514 2018
1514 1522
1514 3561
1514 2025
1514 1529
1514 1517
1514 1515
1515 3563
1515 2027
1515 1531
1515 1519
1515 1516
1515 2539
1515 3307
1515 1771
1515 3435
1515 1899
1515 3499
1515 1963
1515 3531
1515 1995
1515 3555
1515 2019
1515 1523
1515 3561
1515 2025
1515 1529
1515 1517
1516 3564
1516 2028
1516 1532
1516 1520
1516 2540
1516 3308
1516 1772
1516 3436
1516 1900
1516 3500
1516 1964
1516 3532
1516 1996
1516 3556
1516 2020
1516 1524
1516 3562
1516 2026
1516 1530
1516 1518
1516 3563
1516 2027
1516 1531
1516 1519
1517 3565
1517 2029
1517 1533
1517 1519
1517 1518
1517 2541
1517 3309
1517 1773
1517 3437
1517 1901
1517 3501
1517 1965
1517 3533
1517 1997
1517 3557
1517 2021
1517 1525
1517 3561
1517 2025
1517 1529
1518 3566
1518 2030
1518 1534
1518 1520
1518 2542
1518 3310
1518 1774
1518 3438
1518 1902
1518 3502
1518 1966
1518 3534
1518 1998
1518 3558
1518 2022
1518 1526
1518 3562
1518 2026
1518 1530
1518 3565
1518 2029
1518 1533
1518 1519
1519 3567
1519 2031
1519 1535
1519 1520
1519 2543
1519 3311
1519 1775
1519 3439
1519 1903
1519 3503
1519 1967
1519 3535
1519 1999
1519 3559
1519 2023
1519 1527
1519 3563
1519 2027
1519 1531
1519 3565
1519 2029
1519 1533
1520 3568
1520 2032
1520 1536
1520 2544
1520 3312
1520 1776
1520 3440
1520 1904
1520 3504
1520 1968
1520 3536
1520 2000
1520 3560
1520 2024
1520 1528
1520 3564
1520 2028
1520 1532
1520 3566
1520 2030
1520 1534
1520 3567
1520 2031
1520 1535
1521 3569
1521 2033
1521 1529
1521 1525
1521 1523
1521 1522
1521 2545
1521 3313
1521 1777
1521 3441
1521 1905
1521 3505
1521 1969
1521 3537
1521 2001
1521 3553
1521 2017
1522 3570
1522 2034
1522 1530
1522 1526
1522 1524
1522 2546
1522 3314
1522 1778
1522 3442
1522 1906
1522 3506
1522 1970
1522 3538
1522 2002
1522 3554
1522 2018
1522 3569
1522 2033
1522 1529
1522 1525
1522 1523
1523 3571
1523 2035
1523 1531
1523 1527
1523 1524
1523 2547
1523 3315
1523 1779
1523 3443
1523 1907
1523 3507
1523 1971
1523 3539
1523 2003
1523 3555
1523 2019
1523 3569
1523 2033
1523 1529
1523 1525
1524 3572
1524 2036
1524 1532
1524 1528
1524 2548
1524 3316
1524 1780
1524 3444
1524 1908
1524 3508
1524 1972
1524 3540
1524 2004
1524 3556
1524 2020
1524 3570
1524 2034
1524 1530
1524 1526
1524 3571
1524 2035
1524 1531
1524 1527
1525 3573
1525 2037
1525 1533
1525 1527
1525 1526
1525 2549
1525 3317
1525 1781
1525 3445
1525 1909
1525 3509
1525 1973
1525 3541
1525 2005
1525 3557
1525 2021
1525 3569
1525 2033
1525 1529
1526 3574
1526 2038
1526 1534
1526 1528
1526 2550
1526 3318
1526 1782
1526 3446
1526 1910
1526 3510
1526 1974
1526 3542
1526 2006
1526 3558
1526 2022
1526 3570
1526 2034
1526 1530
1526 3573
1526 2037
1526 1533
1526 1527
1527 3575
1527 2039
1527 1535
1527 1528
1527 2551
1527 3319
1527 1783
1527 3447
1527 1911
1527 3511
1527 1975
1527 3543
1527 2007
1527 3559
1527 2023
1527 3571
1527 2035
1527 1531
1527 3573
1527 2037
1527 1533
1528 3576
1528 2040
1528 1536
1528 2552
1528 3320
1528 1784
1528 3448
1528 1912
1528 3512
1528 1976
1528 3544
1528 2008
1528 3560
1528 2024
1528 3572
1528 2036
1528 1532
1528 3574
1528 2038
1528 1534
1528 3575
1528 2039
1528 1535
1529 3577
1529 2041
1529 1533
1529 1531
1529 1530
1529 2553
1529 3321
1529 1785
1529 3449
1529 1913
1529 3513
1529 1977
1529 3545
1529 2009
1529 3561
1529 2025
1529 3569
1529 2033
1530 3578
1530 2042
1530 1534
1530 1532
1530 2554
1530 3322
1530 1786
1530 3450
1530 1914
1530 3514
1530 1978
1530 3546
1530 2010
1530 3562
1530 2026
1530 3570
1530 2034
1530 3577
1530 2041
1530 1533
1530 1531
1531 3579
1531 2043
1531 1535
1531 1532
1531 2555
1531 3323
1531 1787
1531 3451
1531 1915
1531 3515
1531 1979
1531 3547
1531 2011
1531 3563
1531 2027
1531 3571
1531 2035
1531 3577
1531 2041
1531 1533
1532 3580
1532 2044
1532 1536
1532 2556
1532 3324
1532 1788
1532 3452
1532 1916
1532 3516
1532 1980
1532 3548
1532 2012
1532 3564
1532 2028
1532 3572
1532 2036
1532 3578
1532 2042
1532 1534
1532 3579
1532 2043
1532 1535
1533 3581
1533 2045
1533 1535
1533 1534
1533 2557
1533 3325
1533 1789
1533 3453
1533 1917
1533 3517
1533 1981
1533 3549
1533 2013
1533 3565
1533 2029
1533 3573
1533 2037
1533 3577
1533 2041
1534 3582
1534 2046
1534 1536
1534 2558
1534 3326
1534 1790
1534 3454
1534 1918
1534 3518
1534 1982
1534 3550
1534 2014
1534 3566
1534 2030
1534 3574
1534 2038
1534 3578
1534 2042
1534 3581
1534 2045
1534 1535
1535 3583
1535 2047
1535 1536
1535 2559
1535 3327
1535 1791
1535 3455
1535 1919
1535 3519
1535 1983
1535 3551
1535 2015
1535 3567
1535 2031
1535 3575
1535 2039
1535 3579
1535 2043
1535 3581
1535 2045
1536 3584
1536 2048
1536 2560
1536 3328
1536 1792
1536 3456
1536 1920
1536 3520
1536 1984
1536 3552
1536 2016
1536 3568
1536 2032
1536 3576
1536 2040
1536 3580
1536 2044
1536 3582
1536 2046
1536 3583
1536 2047
1537 3585
1537 1793
1537 1665
1537 1601
1537 1569
1537 1553
1537 1545
1537 1541
1537 1539
1537 1538
1537 2561
1537 3073
1538 3586
1538 1794
1538 1666
1538 1602
1538 1570
1538 1554
1538 1546
1538 1542
1538 1540
1538 2562
1538 3074
1538 3585
1538 1793
1538 1665
1538 1601
1538 1569
1538 1553
1538 1545
1538 1541
1538 1539
1539 3587
1539 1795
1539 1667
1539 1603
1539 1571
1539 1555
1539 1547
1539 1543
1539 1540
1539 2563
1539 3075
1539 3585
1539 1793
1539 1665
1539 1601
1539 1569
1539 1553
1539 1545
1539 1541
1540 3588
1540 1796
1540 1668
1540 1604
1540 1572
1540 1556
1540 1548
1540 1544
1540 2564
1540 3076
1540 3586
1540 1794
1540 1666
1540 1602
1540 1570
1540 1554
1540 1546
1540 1542
1540 3587
1540 1795
1540 1667
1540 1603
1540 1571
1540 1555
1540 1547
1540 1543
1541 3589
1541 1797
1541 1669
1541 1605
1541 1573
1541 1557
1541 1549
1541 1543
1541 1542
1541 2565
1541 3077
1541 3585
1541 1793
1541 1665
1541 1601
1541 1569
1541 1553
1541 1545
1542 3590
1542 1798
1542 1670
1542 1606
1542 1574
1542 1558
1542 1550
1542 1544
1542 2566
1542 3078
1542 3586
1542 1794
1542 1666
1542 1602
1542 1570
1542 1554
1542 1546
1542 3589
1542 1797
1542 1669
1542 1605
1542 1573
1542 1557
1542 1549
1542 1543
1543 3591
1543 1799
1543 1671
1543 1607
1543 1575
1543 1559
1543 1551
1543 1544
1543 2567
1543 3079
1543 3587
1543 1795
1543 1667
1543 1603
1543 1571
1543 1555
1543 1547
1543 3589
1543 1797
1543 1669
1543 1605
1543 1573
1543 1557
1543 1549
1544 3592
1544 1800
1544 1672
1544 1608
1544 1576
1544 1560
1544 1552
1544 2568
1544 3080
1544 3588
1544 1796
1544 1668
1544 1604
1544 1572
1544 1556
1544 1548
1544 3590
1544 1798
1544 1670
1544 1606
1544 1574
1544 1558
1544 1550
1544 3591
1544 1799
1544 1671
1544 1607
1544 1575
1544 1559
1544 1551
1545 3593
1545 1801
1545 1673
1545 1609
1545 1577
1545 1561
1545 1549
1545 1547
1545 1546
1545 2569
1545 3081
1545 3585
1545 1793
1545 1665
1545 1601
1545 1569
1545 1553
1546 3594
1546 1802
1546 1674
1546 1610
1546 1578
1546 1562
1546 1550
1546 1548
1546 2570
1546 3082
1546 3586
1546 1794
1546 1666
1546 1602
1546 1570
1546 1554
1546 3593
1546 1801
1546 1673
1546 1609
1546 1577
1546 1561
1546 1549
1546 1547
1547 3595
1547 1803
1547 1675
1547 1611
1547 1579
1547 1563
1547 1551
1547 1548
1547 2571
1547 3083
1547 3587
1547 1795
1547 1667
1547 1603
1547 1571
1547 1555
1547 3593
1547 1801
1547 1673
1547 1609
1547 1577
1547 1561
1547 1549
1548 3596
1548 1804
1548 1676
1548 1612
1548 1580
1548 1564
1548 1552
1548 2572
1548 3084
1548 3588
1548 1796
1548 1668
1548 1604
1548 1572
1548 1556
1548 3594
1548 1802
1548 1674
1548 1610
1548 1578
1548 1562
1548 1550
1548 3595
1548 1803
1548 1675
1548 1611
1548 1579
1548 1563
1548 1551
1549 3597
1549 1805
1549 1677
1549 1613
1549 1581
1549 1565
1549 1551
1549 1550
1549 2573
1549 3085
1549 3589
1549 1797
1549 1669
1549 1605
1549 1573
1549 1557
1549 3593
1549 1801
1549 1673
1549 1609
1549 1577
1549 1561
1550 3598
1550 1806
1550 1678
1550 1614
1550 1582
1550 1566
1550 1552
1550 2574
1550 3086
1550 3590
1550 1798
1550 1670
1550 1606
1550 1574
1550 1558
1550 3594
1550 1802
1550 1674
1550 1610
1550 1578
1550 1562
1550 3597
1550 1805
1550 1677
1550 1613
1550 1581
1550 1565
1550 1551
1551 3599
1551 1807
1551 1679
1551 1615
1551 1583
1551 1567
1551 1552
1551 2575
1551 3087
1551 3591
1551 1799
1551 1671
1551 1607
1551 1575
1551 1559
1551 3595
1551 1803
1551 1675
1551 1611
1551 1579
1551 1563
1551 3597
1551 1805
1551 1677
1551 1613
1551 1581
1551 1565
1552 3600
1552 1808
1552 1680
1552 1616
1552 1584
1552 1568
1552 2576
1552 3088
1552 3592
1552 1800
1552 1672
1552 1608
1552 1576
1552 1560
1552 3596
1552 1804
1552 1676
1552 1612
1552 1580
1552 1564
1552 3598
1552 1806
1552 1678
1552 1614
1552 1582
1552 1566
1552 3599
1552 1807
1552 1679
1552 1615
1552 1583
1552 1567
1553 3601
1553 1809
1553 1681
1553 1617
1553 1585
1553 1561
1553 1557
1553 1555
1553 1554
1553 2577
1553 3089
1553 3585
1553 1793
1553 1665
1553 1601
1553 1569
1554 3602
1554 1810
1554 1682
1554 1618
1554 1586
1554 1562
1554 1558
1554 1556
1554 2578
1554 3090
1554 3586
1554 1794
1554 1666
1554 1602
1554 1570
1554 3601
1554 1809
1554 1681
1554 1617
1554 1585
1554 1561
1554 1557
1554 1555
1555 3603
1555 1811
1555 1683
1555 1619
1555 1587
1555 1563
1555 1559
1555 1556
1555 2579
1555 3091
1555 3587
1555 1795
1555 1667
1555 1603
1555 1571
1555 3601
1555 1809
1555 1681
1555 1617
1555 1585
1555 1561
1555 1557
1556 3604
1556 1812
1556 1684
1556 1620
1556 1588
1556 1564
1556 1560
1556 2580
1556 3092
1556 3588
1556 1796
1556 1668
1556 1604
1556 1572
1556 3602
1556 1810
1556 1682
1556 1618
1556 1586
1556 1562
1556 1558
1556 3603
1556 1811
1556 1683
1556 1619
1556 1587
1556 1563
1556 1559
1557 3605
1557 1813
1557 1685
1557 1621
1557 1589
1557 1565
1557 1559
1557 1558
1557 2581
1557 3093
1557 3589
1557 1797
1557 1669
1557 1605
1557 1573
1557 3601
1557 1809
1557 1681
1557 1617
1557 1585
1557 1561
1558 3606
1558 1814
1558 1686
1558 1622
1558 1590
1558 1566
1558 1560
1558 2582
1558 3094
1558 3590
1558 1798
1558 1670
1558 1606
1558 1574
1558 3602
1558 1810
1558 1682
1558 1618
1558 1586
1558 1562
1558 3605
1558 1813
1558 1685
1558 1621
1558 1589
1558 1565
1558 1559
1559 3607
1559 1815
1559 1687
1559 1623
1559 1591
1559 1567
1559 1560
1559 2583
1559 3095
1559 3591
1559 1799
1559 1671
1559 1607
1559 1575
1559 3603
1559 1811
1559 1683
1559 1619
1559 1587
1559 1563
1559 3605
1559 1813
1559 1685
1559 1621
1559 1589
1559 1565
1560 3608
1560 1816
1560 1688
1560 1624
1560 1592
1560 1568
1560 2584
1560 3096
1560 3592
1560 1800
1560 1672
1560 1608
1560 1576
1560 3604
1560 1812
1560 1684
1560 1620
1560 1588
1560 1564
1560 3606
1560 1814
1560 1686
1560 1622
1560 1590
1560 1566
1560 3607
1560 1815
1560 1687
1560 1623
1560 1591
1560 1567
1561 3609
1561 1817
1561 1689
1561 1625
1561 1593
1561 1565
1561 1563
1561 1562
1561 2585
1561 3097
1561 3593
1561 1801
1561 1673
1561 1609
1561 1577
1561 3601
1561 1809
1561 1681
1561 1617
1561 1585
1562 3610
1562 1818
1562 1690
1562 1626
1562 1594
1562 1566
1562 1564
1562 2586
1562 3098
1562 3594
1562 1802
1562 1674
1562 1610
1562 1578
1562 3602
1562 1810
1562 1682
1562 1618
1562 1586
1562 3609
1562 1817
1562 1689
1562 1625
1562 1593
1562 1565
1562 1563
1563 3611
1563 1819
1563 1691
1563 1627
1563 1595
1563 1567
1563 1564
1563 2587
1563 3099
1563 3595
1563 1803
1563 1675
1563 1611
1563 1579
1563 3603
1563 1811
1563 1683
1563 1619
1563 1587
1563 3609
1563 1817
1563 1689
1563 1625
1563 1593
1563 1565
1564 3612
1564 1820
1564 1692
1564 1628
1564 1596
1564 1568
1564 2588
1564 3100
1564 3596
1564 1804
1564 1676
1564 1612
1564 1580
1564 3604
1564 1812
1564 1684
1564 1620
1564 1588
1564 3610
1564 1818
1564 1690
1564 1626
1564 1594
1564 1566
1564 3611
1564 1819
1564 1691
1564 1627
1564 1595
1564 1567
1565 3613
1565 1821
1565 1693
1565 1629
1565 1597
1565 1567
1565 1566
1565 2589
1565 3101
1565 3597
1565 1805
1565 1677
1565 1613
1565 1581
1565 3605
1565 1813
1565 1685
1565 1621
1565 1589
1565 3609
1565 1817
1565 1689
1565 1625
1565 1593
1566 3614
1566 1822
1566 1694
1566 1630
1566 1598
1566 1568
1566 2590
1566 3102
1566 3598
1566 1806
1566 1678
1566 1614
1566 1582
1566 3606
1566 1814
1566 1686
1566 1622
1566 1590
1566 3610
1566 1818
1566 1690
1566 1626
1566 1594
1566 3613
1566 1821
1566 1693
1566 1629
1566 1597
1566 1567
1567 3615
1567 1823
1567 1695
1567 1631
1567 1599
1567 1568
1567 2591
1567 3103
1567 3599
1567 1807
1567 1679
1567 1615
1567 1583
1567 3607
1567 1815
1567 1687
1567 1623
1567 1591
1567 3611
1567 1819
1567 1691
1567 1627
1567 1595
1567 3613
1567 1821
1567 1693
1567 1629
1567 1597
1568 3616
1568 1824
1568 1696
1568 1632
1568 1600
1568 2592
1568 3104
1568 3600
1568 1808
1568 1680
1568 1616
1568 1584
1568 3608
1568 1816
1568 1688
1568 1624
1568 1592
1568 3612
1568 1820
1568 1692
1568 1628
1568 1596
1568 3614
1568 1822
1568 1694
1568 1630
1568 1598
1568 3615
1568 1823
1568 1695
1568 1631
1568 1599
1569 3617
1569 1825
1569 1697
1569 1633
1569 1585
1569 1577
1569 1573
1569 1571
1569 1570
1569 2593
1569 3105
1569 3585
1569 1793
1569 1665
1569 1601
1570 3618
1570 1826
1570 1698
1570 1634
1570 1586
1570 1578
1570 1574
1570 1572
1570 2594
1570 3106
1570 3586
1570 1794
1570 1666
1570 1602
1570 3617
1570 1825
1570 1697
1570 1633
1570 1585
1570 1577
1570 1573
1570 1571
1571 3619
1571 1827
1571 1699
1571 1635
1571 1587
1571 1579
1571 1575
1571 1572
1571 2595
1571 3107
1571 3587
1571 1795
1571 1667
1571 1603
1571 3617
1571 1825
1571 1697
1571 1633
1571 1585
1571 1577
1571 1573
1572 3620
1572 1828
1572 1700
1572 1636
1572 1588
1572 1580
1572 1576
1572 2596
1572 3108
1572 3588
1572 1796
1572 1668
1572 1604
1572 3618
1572 1826
1572 1698
1572 1634
1572 1586
1572 1578
1572 1574
1572 3619
1572 1827
1572 1699
1572 1635
1572 1587
1572 1579
1572 1575
1573 3621
1573 1829
1573 1701
1573 1637
1573 1589
1573 1581
1573 1575
1573 1574
1573 2597
1573 3109
1573 3589
1573 1797
1573 1669
1573 1605
1573 3617
1573 1825
1573 1697
1573 1633
1573 1585
1573 1577
1574 3622
1574 1830
1574 1702
1574 1638
1574 1590
1574 1582
1574 1576
1574 2598
1574 3110
1574 3590
1574 1798
1574 1670
1574 1606
1574 3618
1574 1826
1574 1698
1574 1634
1574 1586
1574 1578
1574 3621
1574 1829
1574 1701
1574 1637
1574 1589
1574 1581
1574 1575
1575 3623
1575 1831
1575 1703
1575 1639
1575 1591
1575 1583
1575 1576
1575 2599
1575 3111
1575 3591
1575 1799
1575 1671
1575 1607
1575 3619
1575 1827
1575 1699
1575 1635
1575 1587
1575 1579
1575 3621
1575 1829
1575 1701
1575 1637
1575 1589
1575 1581
1576 3624
1576 1832
1576 1704
1576 1640
1576 1592
1576 1584
1576 2600
1576 3112
1576 3592
1576 1800
1576 1672
1576 1608
1576 3620
1576 1828
1576 1700
1576 1636
1576 1588
1576 1580
1576 3622
1576 1830
1576 1702
1576 1638
1576 1590
1576 1582
1576 3623
1576 1831
1576 1703
1576 1639
1576 1591
1576 1583
1577 3625
1577 1833
1577 1705
1577 1641
1577 1593
1577 1581
1577 1579
1577 1578
1577 2601
1577 3113
1577 3593
1577 1801
1577 1673
1577 1609
1577 3617
1577 1825
1577 1697
1577 1633
1577 1585
1578 3626
1578 1834
1578 1706
1578 1642
1578 1594
1578 1582
1578 1580
1578 2602
1578 3114
1578 3594
1578 1802
1578 1674
1578 1610
1578 3618
1578 1826
1578 1698
1578 1634
1578 1586
1578 3625
1578 1833
1578 1705
1578 1641
1578 1593
1578 1581
1578 1579
1579 3627
1579 1835
1579 1707
1579 1643
1579 1595
1579 1583
1579 1580
1579 2603
1579 3115
1579 3595
1579 1803
1579 1675
1579 1611
1579 3619
1579 1827
1579 1699
1579 1635
1579 1587
1579 3625
1579 1833
1579 1705
1579 1641
1579 1593
1579 1581
1580 3628
1580 1836
1580 1708
1580 1644
1580 1596
1580 1584
1580 2604
1580 3116
1580 3596
1580 1804
1580 1676
1580 1612
1580 3620
1580 1828
1580 1700
1580 1636
1580 1588
1580 3626
1580 1834
1580 1706
1580 1642
1580 1594
1580 1582
1580 3627
1580 1835
1580 1707
1580 1643
1580 1595
1580 1583
1581 3629
1581 1837
1581 1709
1581 1645
1581 1597
1581 1583
1581 1582
1581 2605
1581 3117
1581 3597
1581 1805
1581 1677
1581 1613
1581 3621
1581 1829
1581 1701
1581 1637
1581 1589
1581 3625
1581 1833
1581 1705
1581 1641
1581 1593
1582 3630
1582 1838
1582 1710
1582 1646
1582 1598
1582 1584
1582 2606
1582 3118
1582 3598
1582 1806
1582 1678
1582 1614
1582 3622
1582 1830
1582 1702
1582 1638
1582 1590
1582 3626
1582 1834
1582 1706
1582 1642
1582 1594
1582 3629
1582 1837
1582 1709
1582 1645
1582 1597
1582 1583
1583 3631
1583 1839
1583 1711
1583 1647
1583 1599
1583 1584
1583 2607
1583 3119
1583 3599
1583 1807
1583 1679
1583 1615
1583 3623
1583 1831
1583 1703
1583 1639
1583 1591
1583 3627
1583 1835
1583 1707
1583 1643
1583 1595
1583 3629
1583 1837
1583 1709
1583 1645
1583 1597
1584 3632
1584 1840
1584 1712
1584 1648
1584 1600
1584 2608
1584 3120
1584 3600
1584 1808
1584 1680
1584 1616
1584 3624
1584 1832
1584 1704
1584 1640
1584 1592
1584 3628
1584 1836
1584 1708
1584 1644
1584 1596
1584 3630
1584 1838
1584 1710
1584 1646
1584 1598
1584 3631
1584 1839
1584 1711
1584 1647
1584 1599
1585 3633
1585 1841
1585 1713
1585 1649
1585 1593
1585 1589
1585 1587
1585 1586
1585 2609
1585 3121
1585 3601
1585 1809
1585 1681
1585 1617
1585 3617
1585 1825
1585 1697
1585 1633
1586 3634
1586 1842
1586 1714
1586 1650
1586 1594
1586 1590
1586 1588
1586 2610
1586 3122
1586 3602
1586 1810
1586 1682
1586 1618
1586 3618
1586 1826
1586 1698
1586 1634
1586 3633
1586 1841
1586 1713
1586 1649
1586 1593
1586 1589
1586 1587
1587 3635
1587 1843
1587 1715
1587 1651
1587 1595
1587 1591
1587 1588
1587 2611
1587 3123
1587 3603
1587 1811
1587 1683
1587 1619
1587 3619
1587 1827
1587 1699
1587 1635
1587 3633
1587 1841
1587 1713
1587 1649
1587 1593
1587 1589
1588 3636
1588 1844
1588 1716
1588 1652
1588 1596
1588 1592
1588 2612
1588 3124
1588 3604
1588 1812
1588 1684
1588 1620
1588 3620
1588 1828
1588 1700
1588 1636
1588 3634
1588 1842
1588 1714
1588 1650
1588 1594
1588 1590
1588 3635
1588 1843
1588 1715
1588 1651
1588 1595
1588 1591
1589 3637
1589 1845
1589 1717
1589 1653
1589 1597
1589 1591
1589 1590
1589 2613
1589 3125
1589 3605
1589 1813
1589 1685
1589 1621
1589 3621
1589 1829
1589 1701
1589 1637
1589 3633
1589 1841
1589 1713
1589 1649
1589 1593
1590 3638
1590 1846
1590 1718
1590 1654
1590 1598
1590 1592
1590 2614
1590 3126
1590 3606
1590 1814
1590 1686
1590 1622
1590 3622
1590 1830
1590 1702
1590 1638
1590 3634
1590 1842
1590 1714
1590 1650
1590 1594
1590 3637
1590 1845
1590 1717
1590 1653
1590 1597
1590 1591
1591 3639
1591 1847
1591 1719
1591 1655
1591 1599
1591 1592
1591 2615
1591 3127
1591 3607
1591 1815
1591 1687
1591 1623
1591 3623
1591 1831
1591 1703
1591 1639
1591 3635
1591 1843
1591 1715
1591 1651
1591 1595
1591 3637
1591 1845
1591 1717
1591 1653
1591 1597
1592 3640
1592 1848
1592 1720
1592 1656
1592 1600
1592 2616
1592 3128
1592 3608
1592 1816
1592 1688
1592 1624
1592 3624
1592 1832
1592 1704
1592 1640
1592 3636
1592 1844
1592 1716
1592 1652
1592 1596
1592 3638
1592 1846
1592 1718
1592 1654
1592 1598
1592 3639
1592 1847
1592 1719
1592 1655
1592 1599
1593 3641
1593 1849
1593 1721
1593 1657
1593 1597
1593 1595
1593 1594
1593 2617
1593 3129
1593 3609
1593 1817
1593 1689
1593 1625
1593 3625
1593 1833
1593 1705
1593 1641
1593 3633
1593 1841
1593 1713
1593 1649
1594 3642
1594 1850
1594 1722
1594 1658
1594 1598
1594 1596
1594 2618
1594 3130
1594 3610
1594 1818
1594 1690
1594 1626
1594 3626
1594 1834
1594 1706
1594 1642
1594 3634
1594 1842
1594 1714
1594 1650
1594 3641
1594 1849
1594 1721
1594 1657
1594 1597
1594 1595
1595 3643
1595 1851
1595 1723
1595 1659
1595 1599
1595 1596
1595 2619
1595 3131
1595 3611
1595 1819
1595 1691
1595 1627
1595 3627
1595 1835
1595 1707
1595 1643
1595 3635
1595 1843
1595 1715
1595 1651
1595 3641
1595 1849
1595 1721
1595 1657
1595 1597
1596 3644
1596 1852
1596 1724
1596 1660
1596 1600
1596 2620
1596 3132
1596 3612
1596 1820
1596 1692
1596 1628
1596 3628
1596 1836
1596 1708
1596 1644
1596 3636
1596 1844
1596 1716
1596 1652
1596 3642
1596 1850
1596 1722
1596 1658
1596 1598
1596 3643
1596 1851
1596 1723
1596 1659
1596 1599
1597 3645
1597 1853
1597 1725
1597 1661
1597 1599
1597 1598
1597 2621
1597 3133
1597 3613
1597 1821
1597 1693
1597 1629
1597 3629
1597 1837
1597 1709
1597 1645
1597 3637
1597 1845
1597 1717
1597 1653
1597 3641
1597 1849
1597 1721
1597 1657
1598 3646
1598 1854
1598 1726
1598 1662
1598 1600
1598 2622
1598 3134
1598 3614
1598 1822
1598 1694
1598 1630
1598 3630
1598 1838
1598 1710
1598 1646
1598 3638
1598 1846
1598 1718
1598 1654
1598 3642
1598 1850
1598 1722
1598 1658
1598 3645
1598 1853
1598 1725
1598 1661
1598 1599
1599 3647
1599 1855
1599 1727
1599 1663
1599 1600
1599 2623
1599 3135
1599 3615
1599 1823
1599 1695
1599 1631
1599 3631
1599 1839
1599 1711
1599 1647
1599 3639
1599 1847
1599 1719
1599 1655
1599 3643
1599 1851
1599 1723
1599 1659
1599 3645
1599 1853
1599 1725
1599 1661
1600 3648
1600 1856
1600 1728
1600 1664
1600 2624
1600 3136
1600 3616
1600 1824
1600 1696
1600 1632
1600 3632
1600 1840
1600 1712
1600 1648
1600 3640
1600 1848
1600 1720
1600 1656
1600 3644
1600 1852
1600 1724
1600 1660
1600 3646
1600 1854
1600 1726
1600 1662
1600 3647
1600 1855
1600 1727
1600 1663
1601 3649
1601 1857
1601 1729
1601 1633
1601 1617
1601 1609
1601 1605
1601 1603
1601 1602
1601 2625
1601 3137
1601 3585
1601 1793
1601 1665
1602 3650
1602 1858
1602 1730
1602 1634
1602 1618
1602 1610
1602 1606
1602 1604
1602 2626
1602 3138
1602 3586
1602 1794
1602 1666
1602 3649
1602 1857
1602 1729
1602 1633
1602 1617
1602 1609
1602 1605
1602 1603
1603 3651
1603 1859
1603 1731
1603 1635
1603 1619
1603 1611
1603 1607
1603 1604
1603 2627
1603 3139
1603 3587
1603 1795
1603 1667
1603 3649
1603 1857
1603 1729
1603 1633
1603 1617
1603 1609
1603 1605
1604 3652
1604 1860
1604 1732
1604 1636
1604 1620
1604 1612
1604 1608
1604 2628
1604 3140
1604 3588
1604 1796
1604 1668
1604 3650
1604 1858
1604 1730
1604 1634
1604 1618
1604 1610
1604 1606
1604 3651
1604 1859
1604 1731
1604 1635
1604 1619
1604 1611
1604 1607
1605 3653
1605 1861
1605 1733
1605 1637
1605 1621
1605 1613
1605 1607
1605 1606
1605 2629
1605 3141
1605 3589
1605 1797
1605 1669
1605 3649
1605 1857
1605 1729
1605 1633
1605 1617
1605 1609
1606 3654
1606 1862
1606 1734
1606 1638
1606 1622
1606 1614
1606 1608
1606 2630
1606 3142
1606 3590
1606 1798
1606 1670
1606 3650
1606 1858
1606 1730
1606 1634
1606 1618
1606 1610
1606 3653
1606 1861
1606 1733
1606 1637
1606 1621
1606 1613
1606 1607
1607 3655
1607 1863
1607 1735
1607 1639
1607 1623
1607 1615
1607 1608
1607 2631
1607 3143
1607 3591
1607 1799
1607 1671
1607 3651
1607 1859
1607 1731
1607 1635
1607 1619
1607 1611
1607 3653
1607 1861
1607 1733
1607 1637
1607 1621
1607 1613
1608 3656
1608 1864
1608 1736
1608 1640
1608 1624
1608 1616
1608 2632
1608 3144
1608 3592
1608 1800
1608 1672
1608 3652
1608 1860
1608 1732
1608 1636
1608 1620
1608 1612
1608 3654
1608 1862
1608 1734
1608 1638
1608 1622
1608 1614
1608 3655
1608 1863
1608 1735
1608 1639
1608 1623
1608 1615
1609 3657
1609 1865
1609 1737
1609 1641
1609 1625
1609 1613
1609 1611
1609 1610
1609 2633
1609 3145
1609 3593
1609 1801
1609 1673
1609 3649
1609 1857
1609 1729
1609 1633
1609 1617
1610 3658
1610 1866
1610 1738
1610 1642
1610 1626
1610 1614
1610 1612
1610 2634
1610 3146
1610 3594
1610 1802
1610 1674
1610 3650
1610 1858
1610 1730
1610 1634
1610 1618
1610 3657
1610 1865
1610 1737
1610 1641
1610 1625
1610 1613
1610 1611
1611 3659
1611 1867
1611 1739
1611 1643
1611 1627
1611 1615
1611 1612
1611 2635
1611 3147
1611 3595
1611 1803
1611 1675
1611 3651
1611 1859
1611 1731
1611 1635
1611 1619
1611 3657
1611 1865
1611 1737
1611 1641
1611 1625
1611 1613
1612 3660
1612 1868
1612 1740
1612 1644
1612 1628
1612 1616
1612 2636
1612 3148
1612 3596
1612 1804
1612 1676
1612 3652
1612 1860
1612 1732
1612 1636
1612 1620
1612 3658
1612 1866
1612 1738
1612 1642
1612 1626
1612 1614
1612 3659
1612 1867
1612 1739
1612 1643
1612 1627
1612 1615
1613 3661
1613 1869
1613 1741
1613 1645
1613 1629
1613 1615
1613 1614
1613 2637
1613 3149
1613 3597
1613 1805
1613 1677
1613 3653
1613 1861
1613 1733
1613 1637
1613 1621
1613 3657
1613 1865
1613 1737
1613 1641
1613 1625
1614 3662
1614 1870
1614 1742
1614 1646
1614 1630
1614 1616
1614 2638
1614 3150
1614 3598
1614 1806
1614 1678
1614 3654
1614 1862
1614 1734
1614 1638
1614 1622
1614 3658
1614 1866
1614 1738
1614 1642
1614 1626
1614 3661
1614 1869
1614 1741
1614 1645
1614 1629
1614 1615
1615 3663
1615 1871
1615 1743
1615 1647
1615 1631
1615 1616
1615 2639
1615 3151
1615 3599
1615 1807
1615 1679
1615 3655
1615 1863
1615 1735
1615 1639
1615 1623
1615 3659
1615 1867
1615 1739
1615 1643
1615 1627
1615 3661
1615 1869
1615 1741
1615 1645
1615 1629
1616 3664
1616 1872
1616 1744
1616 1648
1616 1632
1616 2640
1616 3152
1616 3600
1616 1808
1616 1680
1616 3656
1616 1864
1616 1736
1616 1640
1616 1624
1616 3660
1616 1868
1616 1740
1616 1644
1616 1628
1616 3662
1616 1870
1616 1742
1616 1646
1616 1630
1616 3663
1616 1871
1616 1743
1616 1647
1616 1631
1617 3665
1617 1873
1617 1745
1617 1649
1617 1625
1617 1621
1617 1619
1617 1618
1617 2641
1617 3153
1617 3601
1617 1809
1617 1681
1617 3649
1617 1857
1617 1729
1617 1633
1618 3666
1618 1874
1618 1746
1618 1650
1618 1626
1618 1622
1618 1620
1618 2642
1618 3154
1618 3602
1618 1810
1618 1682
1618 3650
1618 1858
1618 1730
1618 1634
1618 3665
1618 1873
1618 1745
1618 1649
1618 1625
1618 1621
1618 1619
1619 3667
1619 1875
1619 1747
1619 1651
1619 1627
1619 1623
1619 1620
1619 2643
1619 3155
1619 3603
1619 1811
1619 1683
1619 3651
1619 1859
1619 1731
1619 1635
1619 3665
1619 1873
1619 1745
1619 1649
1619 1625
1619 1621
1620 3668
1620 1876
1620 1748
1620 1652
1620 1628
1620 1624
1620 2644
1620 3156
1620 3604
1620 1812
1620 1684
1620 3652
1620 1860
1620 1732
1620 1636
1620 3666
1620 1874
1620 1746
1620 1650
1620 1626
1620 1622
1620 3667
1620 1875
1620 1747
1620 1651
1620 1627
1620 1623
1621 3669
1621 1877
1621 1749
1621 1653
1621 1629
1621 1623
1621 1622
1621 2645
1621 3157
1621 3605
1621 1813
1621 1685
1621 3653
1621 1861
1621 1733
1621 1637
1621 3665
1621 1873
1621 1745
1621 1649
1621 1625
1622 3670
1622 1878
1622 1750
1622 1654
1622 1630
1622 1624
1622 2646
1622 3158
1622 3606
1622 1814
1622 1686
1622 3654
1622 1862
1622 1734
1622 1638
1622 3666
1622 1874
1622 1746
1622 1650
1622 1626
1622 3669
1622 1877
1622 1749
1622 1653
1622 1629
1622 1623
1623 3671
1623 1879
1623 1751
1623 1655
1623 1631
1623 1624
1623 2647
1623 3159
1623 3607
1623 1815
1623 1687
1623 3655
1623 1863
1623 1735
1623 1639
1623 3667
1623 1875
1623 1747
1623 1651
1623 1627
1623 3669
1623 1877
1623 1749
1623 1653
1623 1629
1624 3672
1624 1880
1624 1752
1624 1656
1624 1632
1624 2648
1624 3160
1624 3608
1624 1816
1624 1688
1624 3656
1624 1864
1624 1736
1624 1640
1624 3668
1624 1876
1624 1748
1624 1652
1624 1628
1624 3670
1624 1878
1624 1750
1624 1654
1624 1630
1624 3671
1624 1879
1624 1751
1624 1655
1624 1631
1625 3673
1625 1881
1625 1753
1625 1657
1625 1629
1625 1627
1625 1626
1625 2649
1625 3161
1625 3609
1625 1817
1625 1689
1625 3657
1625 1865
1625 1737
1625 1641
1625 3665
1625 1873
1625 1745
1625 1649
1626 3674
1626 1882
1626 1754
1626 1658
1626 1630
1626 1628
1626 2650
1626 3162
1626 3610
1626 1818
1626 1690
1626 3658
1626 1866
1626 1738
1626 1642
1626 3666
1626 1874
1626 1746
1626 1650
1626 3673
1626 1881
1626 1753
1626 1657
1626 1629
1626 1627
1627 3675
1627 1883
1627 1755
1627 1659
1627 1631
1627 1628
1627 2651
1627 3163
1627 3611
1627 1819
1627 1691
1627 3659
1627 1867
1627 1739
1627 1643
1627 3667
1627 1875
1627 1747
1627 1651
1627 3673
1627 1881
1627 1753
1627 1657
1627 1629
1628 3676
1628 1884
1628 1756
1628 1660
1628 1632
1628 2652
1628 3164
1628 3612
1628 1820
1628 1692
1628 3660
1628 1868
1628 1740
1628 1644
1628 3668
1628 1876
1628 1748
1628 1652
1628 3674
1628 1882
1628 1754
1628 1658
1628 1630
1628 3675
1628 1883
1628 1755
1628 1659
1628 1631
1629 3677
1629 1885
1629 1757
1629 1661
1629 1631
1629 1630
1629 2653
1629 3165
1629 3613
1629 1821
1629 1693
1629 3661
1629 1869
1629 1741
1629 1645
1629 3669
1629 1877
1629 1749
1629 1653
1629 3673
1629 1881
1629 1753
1629 1657
1630 3678
1630 1886
1630 1758
1630 1662
1630 1632
1630 2654
1630 3166
1630 3614
1630 1822
1630 1694
1630 3662
1630 1870
1630 1742
1630 1646
1630 3670
1630 1878
1630 1750
1630 1654
1630 3674
1630 1882
1630 1754
1630 1658
1630 3677
1630 1885
1630 1757
1630 1661
1630 1631
1631 3679
1631 1887
1631 1759
1631 1663
1631 1632
1631 2655
1631 3167
1631 3615
1631 1823
1631 1695
1631 3663
1631 1871
1631 1743
1631 1647
1631 3671
1631 1879
1631 1751
1631 1655
1631 3675
1631 1883
1631 1755
1631 1659
1631 3677
1631 1885
1631 1757
1631 1661
1632 3680
1632 1888
1632 1760
1632 1664
1632 2656
1632 3168
1632 3616
1632 1824
1632 1696
1632 3664
1632 1872
1632 1744
1632 1648
1632 3672
1632 1880
1632 1752
1632 1656
1632 3676
1632 1884
1632 1756
1632 1660
1632 3678
1632 1886
1632 1758
1632 1662
1632 3679
1632 1887
1632 1759
1632 1663
1633 3681
1633 1889
1633 1761
1633 1649
1633 1641
1633 1637
1633 1635
1633 1634
1633 2657
1633 3169
1633 3617
1633 1825
1633 1697
1633 3649
1633 1857
1633 1729
1634 3682
1634 1890
1634 1762
1634 1650
1634 1642
1634 1638
1634 1636
1634 2658
1634 3170
1634 3618
1634 1826
1634 1698
1634 3650
1634 1858
1634 1730
1634 3681
1634 1889
1634 1761
1634 1649
1634 1641
1634 1637
1634 1635
1635 3683
1635 1891
1635 1763
1635 1651
1635 1643
1635 1639
1635 1636
1635 2659
1635 3171
1635 3619
1635 1827
1635 1699
1635 3651
1635 1859
1635 1731
1635 3681
1635 1889
1635 1761
1635 1649
1635 1641
1635 1637
1636 3684
1636 1892
1636 1764
1636 1652
1636 1644
1636 1640
1636 2660
1636 3172
1636 3620
1636 1828
1636 1700
1636 3652
1636 1860
1636 1732
1636 3682
1636 1890
1636 1762
1636 1650
1636 1642
1636 1638
1636 3683
1636 1891
1636 1763
1636 1651
1636 1643
1636 1639
1637 3685
1637 1893
1637 1765
1637 1653
1637 1645
1637 1639
1637 1638
1637 2661
1637 3173
1637 3621
1637 1829
1637 1701
1637 3653
1637 1861
1637 1733
1637 3681
1637 1889
1637 1761
1637 1649
1637 1641
1638 3686
1638 1894
1638 1766
1638 1654
1638 1646
1638 1640
1638 2662
1638 3174
1638 3622
1638 1830
1638 1702
1638 3654
1638 1862
1638 1734
1638 3682
1638 1890
1638 1762
1638 1650
1638 1642
1638 3685
1638 1893
1638 1765
1638 1653
1638 1645
1638 1639
1639 3687
1639 1895
1639 1767
1639 1655
1639 1647
1639 1640
1639 2663
1639 3175
1639 3623
1639 1831
1639 1703
1639 3655
1639 1863
1639 1735
1639 3683
1639 1891
1639 1763
1639 1651
1639 1643
1639 3685
1639 1893
1639 1765
1639 1653
1639 1645
1640 3688
1640 1896
1640 1768
1640 1656
1640 1648
1640 2664
1640 3176
1640 3624
1640 1832
1640 1704
1640 3656
1640 1864
1640 1736
1640 3684
1640 1892
1640 1764
1640 1652
1640 1644
1640 3686
1640 1894
1640 1766
1640 1654
1640 1646
1640 3687
1640 1895
1640 1767
1640 1655
1640 1647
1641 3689
1641 1897
1641 1769
1641 1657
1641 1645
1641 1643
1641 1642
1641 2665
1641 3177
1641 3625
1641 1833
1641 1705
1641 3657
1641 1865
1641 1737
1641 3681
1641 1889
1641 1761
1641 1649
1642 3690
1642 1898
1642 1770
1642 1658
1642 1646
1642 1644
1642 2666
1642 3178
1642 3626
1642 1834
1642 1706
1642 3658
1642 1866
1642 1738
1642 3682
1642 1890
1642 1762
1642 1650
1642 3689
1642 1897
1642 1769
1642 1657
1642 1645
1642 1643
1643 3691
1643 1899
1643 1771
1643 1659
1643 1647
1643 1644
1643 2667
1643 3179
1643 3627
1643 1835
1643 1707
1643 3659
1643 1867
1643 1739
1643 3683
1643 1891
1643 1763
1643 1651
1643 3689
1643 1897
1643 1769
1643 1657
1643 1645
1644 3692
1644 1900
1644 1772
1644 1660
1644 1648
1644 2668
1644 3180
1644 3628
1644 1836
1644 1708
1644 3660
1644 1868
1644 1740
1644 3684
1644 1892
1644 1764
1644 1652
1644 3690
1644 1898
1644 1770
1644 1658
1644 1646
1644 3691
1644 1899
1644 1771
1644 1659
1644 1647
1645 3693
1645 1901
1645 1773
1645 1661
1645 1647
1645 1646
1645 2669
1645 3181
1645 3629
1645 1837
1645 1709
1645 3661
1645 1869
1645 1741
1645 3685
1645 1893
1645 1765
1645 1653
1645 3689
1645 1897
1645 1769
1645 1657
1646 3694
1646 1902
1646 1774
1646 1662
1646 1648
1646 2670
1646 3182
1646 3630
1646 1838
1646 1710
1646 3662
1646 1870
1646 1742
1646 3686
1646 1894
1646 1766
1646 1654
1646 3690
1646 1898
1646 1770
1646 1658
1646 3693
1646 1901
1646 1773
1646 1661
1646 1647
1647 3695
1647 1903
1647 1775
1647 1663
1647 1648
1647 2671
1647 3183
1647 3631
1647 1839
1647 1711
1647 3663
1647 1871
1647 1743
1647 3687
1647 1895
1647 1767
1647 1655
1647 3691
1647 1899
1647 1771
1647 1659
1647 3693
1647 1901
1647 1773
1647 1661
1648 3696
1648 1904
1648 1776
1648 1664
1648 2672
1648 3184
1648 3632
1648 1840
1648 1712
1648 3664
1648 1872
1648 1744
1648 3688
1648 1896
1648 1768
1648 1656
1648 3692
1648 1900
1648 1772
1648 1660
1648 3694
1648 1902
1648 1774
1648 1662
1648 3695
1648 1903
1648 1775
1648 1663
1649 3697
1649 1905
1649 1777
1649 1657
1649 1653
1649 1651
1649 1650
1649 2673
1649 3185
1649 3633
1649 1841
1649 1713
1649 3665
1649 1873
1649 1745
1649 3681
1649 1889
1649 1761
1650 3698
1650 1906
1650 1778
1650 1658
1650 1654
1650 1652
1650 2674
1650 3186
1650 3634
1650 1842
1650 1714
1650 3666
1650 1874
1650 1746
1650 3682
1650 1890
1650 1762
1650 3697
1650 1905
1650 1777
1650 1657
1650 1653
1650 1651
1651 3699
1651 1907
1651 1779
1651 1659
1651 1655
1651 1652
1651 2675
1651 3187
1651 3635
1651 1843
1651 1715
1651 3667
1651 1875
1651 1747
1651 3683
1651 1891
1651 1763
1651 3697
1651 1905
1651 1777
1651 1657
1651 1653
1652 3700
1652 1908
1652 1780
1652 1660
1652 1656
1652 2676
1652 3188
1652 3636
1652 1844
1652 1716
1652 3668
1652 1876
1652 1748
1652 3684
1652 1892
1652 1764
1652 3698
1652 1906
1652 1778
1652 1658
1652 1654
1652 3699
1652 1907
1652 1779
1652 1659
1652 1655
1653 3701
1653 1909
1653 1781
1653 1661
1653 1655
1653 1654
1653 2677
1653 3189
1653 3637
1653 1845
1653 1717
1653 3669
1653 1877
1653 1749
1653 3685
1653 1893
1653 1765
1653 3697
1653 1905
1653 1777
1653 1657
1654 3702
1654 1910
1654 1782
1654 1662
1654 1656
1654 2678
1654 3190
1654 3638
1654 1846
1654 1718
1654 3670
1654 1878
1654 1750
1654 3686
1654 1894
1654 1766
1654 3698
1654 1906
1654 1778
1654 1658
1654 3701
1654 1909
1654 1781
1654 1661
1654 1655
1655 3703
1655 1911
1655 1783
1655 1663
1655 1656
1655 2679
1655 3191
1655 3639
1655 1847
1655 1719
1655 3671
1655 1879
1655 1751
1655 3687
1655 1895
1655 1767
1655 3699
1655 1907
1655 1779
1655 1659
1655 3701
1655 1909
1655 1781
1655 1661
1656 3704
1656 1912
1656 1784
1656 1664
1656 2680
1656 3192
1656 3640
1656 1848
1656 1720
1656 3672
1656 1880
1656 1752
1656 3688
1656 1896
1656 1768
1656 3700
1656 1908
1656 1780
1656 1660
1656 3702
1656 1910
1656 1782
1656 1662
1656 3703
1656 1911
1656 1783
1656 1663
1657 3705
1657 1913
1657 1785
1657 1661
1657 1659
1657 1658
1657 2681
1657 3193
1657 3641
1657 1849
1657 1721
1657 3673
1657 1881
1657 1753
1657 3689
1657 1897
1657 1769
1657 3697
1657 1905
1657 1777
1658 3706
1658 1914
1658 1786
1658 1662
1658 1660
1658 2682
1658 3194
1658 3642
1658 1850
1658 1722
1658 3674
1658 1882
1658 1754
1658 3690
1658 1898
1658 1770
1658 3698
1658 1906
1658 1778
1658 3705
1658 1913
1658 1785
1658 1661
1658 1659
1659 3707
1659 1915
1659 1787
1659 1663
1659 1660
1659 2683
1659 3195
1659 3643
1659 1851
1659 1723
1659 3675
1659 1883
1659 1755
1659 3691
1659 1899
1659 1771
1659 3699
1659 1907
1659 1779
1659 3705
1659 1913
1659 1785
1659 1661
1660 3708
1660 1916
1660 1788
1660 1664
1660 2684
1660 3196
1660 3644
1660 1852
1660 1724
1660 3676
1660 1884
1660 1756
1660 3692
1660 1900
1660 1772
1660 3700
1660 1908
1660 1780
1660 3706
1660 1914
1660 1786
1660 1662
1660 3707
1660 1915
1660 1787
1660 1663
1661 3709
1661 1917
1661 1789
1661 1663
1661 1662
1661 2685
1661 3197
1661 3645
1661 1853
1661 1725
1661 3677
1661 1885
1661 1757
1661 3693
1661 1901
1661 1773
1661 3701
1661 1909
1661 1781
1661 3705
1661 1913
1661 1785
1662 3710
1662 1918
1662 1790
1662 1664
1662 2686
1662 3198
1662 3646
1662 1854
1662 1726
1662 3678
1662 1886
1662 1758
1662 3694
1662 1902
1662 1774
1662 3702
1662 1910
1662 1782
1662 3706
1662 1914
1662 1786
1662 3709
1662 1917
1662 1789
1662 1663
1663 3711
1663 1919
1663 1791
1663 1664
1663 2687
1663 3199
1663 3647
1663 1855
1663 1727
1663 3679
1663 1887
1663 1759
1663 3695
1663 1903
1663 1775
1663 3703
1663 1911
1663 1783
1663 3707
1663 1915
1663 1787
1663 3709
1663 1917
1663 1789
1664 3712
1664 1920
1664 1792
1664 2688
1664 3200
1664 3648
1664 1856
1664 1728
1664 3680
1664 1888
1664 1760
1664 3696
1664 1904
1664 1776
1664 3704
1664 1912
1664 1784
1664 3708
1664 1916
1664 1788
1664 3710
1664 1918
1664 1790
1664 3711
1664 1919
1664 1791
1665 3713
1665 1921
1665 1729
1665 1697
1665 1681
1665 1673
1665 1669
1665 1667
1665 1666
1665 2689
1665 3201
1665 3585
1665 1793
1666 3714
1666 1922
1666 1730
1666 1698
1666 1682
1666 1674
1666 1670
1666 1668
1666 2690
1666 3202
1666 3586
1666 1794
1666 3713
1666 1921
1666 1729
1666 1697
1666 1681
1666 1673
1666 1669
1666 1667
1667 3715
1667 1923
1667 1731
1667 1699
1667 1683
1667 1675
1667 1671
1667 1668
1667 2691
1667 3203
1667 3587
1667 1795
1667 3713
1667 1921
1667 1729
1667 1697
1667 1681
1667 1673
1667 1669
1668 3716
1668 1924
1668 1732
1668 1700
1668 1684
1668 1676
1668 1672
1668 2692
1668 3204
1668 3588
1668 1796
1668 3714
1668 1922
1668 1730
1668 1698
1668 1682
1668 1674
1668 1670
1668 3715
1668 1923
1668 1731
1668 1699
1668 1683
1668 1675
1668 1671
1669 3717
1669 1925
1669 1733
1669 1701
1669 1685
1669 1677
1669 1671
1669 1670
1669 2693
1669 3205
1669 3589
1669 1797
1669 3713
1669 1921
1669 1729
1669 1697
1669 1681
1669 1673
1670 3718
1670 1926
1670 1734
1670 1702
1670 1686
1670 1678
1670 1672
1670 2694
1670 3206
1670 3590
1670 1798
1670 3714
1670 1922
1670 1730
1670 1698
1670 1682
1670 1674
1670 3717
1670 1925
1670 1733
1670 1701
1670 1685
1670 1677
1670 1671
1671 3719
1671 1927
1671 1735
1671 1703
1671 1687
1671 1679
1671 1672
1671 2695
1671 3207
1671 3591
1671 1799
1671 3715
1671 1923
1671 1731
1671 1699
1671 1683
1671 1675
1671 3717
1671 1925
1671 1733
1671 1701
1671 1685
1671 1677
1672 3720
1672 1928
1672 1736
1672 1704
1672 1688
1672 1680
1672 2696
1672 3208
1672 3592
1672 1800
1672 3716
1672 1924
1672 1732
1672 1700
1672 1684
1672 1676
1672 3718
1672 1926
1672 1734
1672 1702
1672 1686
1672 1678
1672 3719
1672 1927
1672 1735
1672 1703
1672 1687
1672 1679
1673 3721
1673 1929
1673 1737
1673 1705
1673 1689
1673 1677
1673 1675
1673 1674
1673 2697
1673 3209
1673 3593
1673 1801
1673 3713
1673 1921
1673 1729
1673 1697
1673 1681
1674 3722
1674 1930
1674 1738
1674 1706
1674 1690
1674 1678
1674 1676
1674 2698
1674 3210
1674 3594
1674 1802
1674 3714
1674 1922
1674 1730
1674 1698
1674 1682
1674 3721
1674 1929
1674 1737
1674 1705
1674 1689
1674 1677
1674 1675
1675 3723
1675 1931
1675 1739
1675 1707
1675 1691
1675 1679
1675 1676
1675 2699
1675 3211
1675 3595
1675 1803
1675 3715
1675 1923
1675 1731
1675 1699
1675 1683
1675 3721
1675 1929
1675 1737
1675 1705
1675 1689
1675 1677
1676 3724
1676 1932
1676 1740
1676 1708
1676 1692
1676 1680
1676 2700
1676 3212
1676 3596
1676 1804
1676 3716
1676 1924
1676 1732
1676 1700
1676 1684
1676 3722
1676 1930
1676 1738
1676 1706
1676 1690
1676 1678
1676 3723
1676 1931
1676 1739
1676 1707
1676 1691
1676 1679
1677 3725
1677 1933
1677 1741
1677 1709
1677 1693
1677 1679
1677 1678
1677 2701
1677 3213
1677 3597
1677 1805
1677 3717
1677 1925
1677 1733
1677 1701
1677 1685
1677 3721
1677 1929
1677 1737
1677 1705
1677 1689
1678 3726
1678 1934
1678 1742
1678 1710
1678 1694
1678 1680
1678 2702
1678 3214
1678 3598
1678 1806
1678 3718
1678 1926
1678 1734
1678 1702
1678 1686
1678 3722
1678 1930
1678 1738
1678 1706
1678 1690
1678 3725
1678 1933
1678 1741
1678 1709
1678 1693
1678 1679
1679 3727
1679 1935
1679 1743
1679 1711
1679 1695
1679 1680
1679 2703
1679 3215
1679 3599
1679 1807
1679 3719
1679 1927
1679 1735
1679 1703
1679 1687
1679 3723
1679 1931
1679 1739
1679 1707
1679 1691
1679 3725
1679 1933
1679 1741
1679 1709
1679 1693
1680 3728
1680 1936
1680 1744
1680 1712
1680 1696
1680 2704
1680 3216
1680 3600
1680 1808
1680 3720
1680 1928
1680 1736
1680 1704
1680 1688
1680 3724
1680 1932
1680 1740
1680 1708
1680 1692
1680 3726
1680 1934
1680 1742
1680 1710
1680 1694
1680 3727
1680 1935
1680 1743
1680 1711
1680 1695
1681 3729
1681 1937
1681 1745
1681 1713
1681 1689
1681 1685
1681 1683
1681 1682
1681 2705
1681 3217
1681 3601
1681 1809
1681 3713
1681 1921
1681 1729
1681 1697
1682 3730
1682 1938
1682 1746
1682 1714
1682 1690
1682 1686
1682 1684
1682 2706
1682 3218
1682 3602
1682 1810
1682 3714
1682 1922
1682 1730
1682 1698
1682 3729
1682 1937
1682 1745
1682 1713
1682 1689
1682 1685
1682 1683
1683 3731
1683 1939
1683 1747
1683 1715
1683 1691
1683 1687
1683 1684
1683 2707
1683 3219
1683 3603
1683 1811
1683 3715
1683 1923
1683 1731
1683 1699
1683 3729
1683 1937
1683 1745
1683 1713
1683 1689
1683 1685
1684 3732
1684 1940
1684 1748
1684 1716
1684 1692
1684 1688
1684 2708
1684 3220
1684 3604
1684 1812
1684 3716
1684 1924
1684 1732
1684 1700
1684 3730
1684 1938
1684 1746
1684 1714
1684 1690
1684 1686
1684 3731
1684 1939
1684 1747
1684 1715
1684 1691
1684 1687
1685 3733
1685 1941
1685 1749
1685 1717
1685 1693
1685 1687
1685 1686
1685 2709
1685 3221
1685 3605
1685 1813
1685 3717
1685 1925
1685 1733
1685 1701
1685 3729
1685 1937
1685 1745
1685 1713
1685 1689
1686 3734
1686 1942
1686 1750
1686 1718
1686 1694
1686 1688
1686 2710
1686 3222
1686 3606
1686 1814
1686 3718
1686 1926
1686 1734
1686 1702
1686 3730
1686 1938
1686 1746
1686 1714
1686 1690
1686 3733
1686 1941
1686 1749
1686 1717
1686 1693
1686 1687
1687 3735
1687 1943
1687 1751
1687 1719
1687 1695
1687 1688
1687 2711
1687 3223
1687 3607
1687 1815
1687 3719
1687 1927
1687 1735
1687 1703
1687 3731
1687 1939
1687 1747
1687 1715
1687 1691
1687 3733
1687 1941
1687 1749
1687 1717
1687 1693
1688 3736
1688 1944
1688 1752
1688 1720
1688 1696
1688 2712
1688 3224
1688 3608
1688 1816
1688 3720
1688 1928
1688 1736
1688 1704
1688 3732
1688 1940
1688 1748
1688 1716
1688 1692
1688 3734
1688 1942
1688 1750
1688 1718
1688 1694
1688 3735
1688 1943
1688 1751
1688 1719
1688 1695
1689 3737
1689 1945
1689 1753
1689 1721
1689 1693
1689 1691
1689 1690
1689 2713
1689 3225
1689 3609
1689 1817
1689 3721
1689 1929
1689 1737
1689 1705
1689 3729
1689 1937
1689 1745
1689 1713
1690 3738
1690 1946
1690 1754
1690 1722
1690 1694
1690 1692
1690 2714
1690 3226
1690 3610
1690 1818
1690 3722
1690 1930
1690 1738
1690 1706
1690 3730
1690 1938
1690 1746
1690 1714
1690 3737
1690 1945
1690 1753
1690 1721
1690 1693
1690 1691
1691 3739
1691 1947
1691 1755
1691 1723
1691 1695
1691 1692
1691 2715
1691 3227
1691 3611
1691 1819
1691 3723
1691 1931
1691 1739
1691 1707
1691 3731
1691 1939
1691 1747
1691 1715
1691 3737
1691 1945
1691 1753
1691 1721
1691 1693
1692 3740
1692 1948
1692 1756
1692 1724
1692 1696
1692 2716
1692 3228
1692 3612
1692 1820
1692 3724
1692 1932
1692 1740
1692 1708
1692 3732
1692 1940
1692 1748
1692 1716
1692 3738
1692 1946
1692 1754
1692 1722
1692 1694
1692 3739
1692 1947
1692 1755
1692 1723
1692 1695
1693 3741
1693 1949
1693 1757
1693 1725
1693 1695
1693 1694
1693 2717
1693 3229
1693 3613
1693 1821
1693 3725
1693 1933
1693 1741
1693 1709
1693 3733
1693 1941
1693 1749
1693 1717
1693 3737
1693 1945
1693 1753
1693 1721
1694 3742
1694 1950
1694 1758
1694 1726
1694 1696
1694 2718
1694 3230
1694 3614
1694 1822
1694 3726
1694 1934
1694 1742
1694 1710
1694 3734
1694 1942
1694 1750
1694 1718
1694 3738
1694 1946
1694 1754
1694 1722
1694 3741
1694 1949
1694 1757
1694 1725
1694 1695
1695 3743
1695 1951
1695 1759
1695 1727
1695 1696
1695 2719
1695 3231
1695 3615
1695 1823
1695 3727
1695 1935
1695 1743
1695 1711
1695 3735
1695 1943
1695 1751
1695 1719
1695 3739
1695 1947
1695 1755
1695 1723
1695 3741
1695 1949
1695 1757
1695 1725
1696 3744
1696 1952
1696 1760
1696 1728
1696 2720
1696 3232
1696 3616
1696 1824
1696 3728
1696 1936
1696 1744
1696 1712
1696 3736
1696 1944
1696 1752
1696 1720
1696 3740
1696 1948
1696 1756
1696 1724
1696 3742
1696 1950
1696 1758
1696 1726
1696 3743
1696 1951
1696 1759
1696 1727
1697 3745
1697 1953
1697 1761
1697 1713
1697 1705
1697 1701
1697 1699
1697 1698
1697 2721
1697 3233
1697 3617
1697 1825
1697 3713
1697 1921
1697 1729
1698 3746
1698 1954
1698 1762
1698 1714
1698 1706
1698 1702
1698 1700
1698 2722
1698 3234
1698 3618
1698 1826
1698 3714
1698 1922
1698 1730
1698 3745
1698 1953
1698 1761
1698 1713
1698 1705
1698 1701
1698 1699
1699 3747
1699 1955
1699 1763
1699 1715
1699 1707
1699 1703
1699 1700
1699 2723
1699 3235
1699 3619
1699 1827
1699 3715
1699 1923
1699 1731
1699 3745
1699 1953
1699 1761
1699 1713
1699 1705
1699 1701
1700 3748
1700 1956
1700 1764
1700 1716
1700 1708
1700 1704
1700 2724
1700 3236
1700 3620
1700 1828
1700 3716
1700 1924
1700 1732
1700 3746
1700 1954
1700 1762
1700 1714
1700 1706
1700 1702
1700 3747
1700 1955
1700 1763
1700 1715
1700 1707
1700 1703
1701 3749
1701 1957
1701 1765
1701 1717
1701 1709
1701 1703
1701 1702
1701 2725
1701 3237
1701 3621
1701 1829
1701 3717
1701 1925
1701 1733
1701 3745
1701 1953
1701 1761
1701 1713
1701 1705
1702 3750
1702 1958
1702 1766
1702 1718
1702 1710
1702 1704
1702 2726
1702 3238
1702 3622
1702 1830
1702 3718
1702 1926
1702 1734
1702 3746
1702 1954
1702 1762
1702 1714
1702 1706
1702 3749
1702 1957
1702 1765
1702 1717
1702 1709
1702 1703
1703 3751
1703 1959
1703 1767
1703 1719
1703 1711
1703 1704
1703 2727
1703 3239
1703 3623
1703 1831
1703 3719
1703 1927
1703 1735
1703 3747
1703 1955
1703 1763
1703 1715
1703 1707
1703 3749
1703 1957
1703 1765
1703 1717
1703 1709
1704 3752
1704 1960
1704 1768
1704 1720
1704 1712
1704 2728
1704 3240
1704 3624
1704 1832
1704 3720
1704 1928
1704 1736
1704 3748
1704 1956
1704 1764
1704 1716
1704 1708
1704 3750
1704 1958
1704 1766
1704 1718
1704 1710
1704 3751
1704 1959
1704 1767
1704 1719
1704 1711
1705 3753
1705 1961
1705 1769
1705 1721
1705 1709
1705 1707
1705 1706
1705 2729
1705 3241
1705 3625
1705 1833
1705 3721
1705 1929
1705 1737
1705 3745
1705 1953
1705 1761
1705 1713
1706 3754
1706 1962
1706 1770
1706 1722
1706 1710
1706 1708
1706 2730
1706 3242
1706 3626
1706 1834
1706 3722
1706 1930
1706 1738
1706 3746
1706 1954
1706 1762
1706 1714
1706 3753
1706 1961
1706 1769
1706 1721
1706 1709
1706 1707
1707 3755
1707 1963
1707 1771
1707 1723
1707 1711
1707 1708
1707 2731
1707 3243
1707 3627
1707 1835
1707 3723
1707 1931
1707 1739
1707 3747
1707 1955
1707 1763
1707 1715
1707 3753
1707 1961
1707 1769
1707 1721
1707 1709
1708 3756
1708 1964
1708 1772
1708 1724
1708 1712
1708 2732
1708 3244
1708 3628
1708 1836
1708 3724
1708 1932
1708 1740
1708 3748
1708 1956
1708 1764
1708 1716
1708 3754
1708 1962
1708 1770
1708 1722
1708 1710
1708 3755
1708 1963
1708 1771
1708 1723
1708 1711
1709 3757
1709 1965
1709 1773
1709 1725
1709 1711
1709 1710
1709 2733
1709 3245
1709 3629
1709 1837
1709 3725
1709 1933
1709 1741
1709 3749
1709 1957
1709 1765
1709 1717
1709 3753
1709 1961
1709 1769
1709 1721
1710 3758
1710 1966
1710 1774
1710 1726
1710 1712
1710 2734
1710 3246
1710 3630
1710 1838
1710 3726
1710 1934
1710 1742
1710 3750
1710 1958
1710 1766
1710 1718
1710 3754
1710 1962
1710 1770
1710 1722
1710 3757
1710 1965
1710 1773
1710 1725
1710 1711
1711 3759
1711 1967
1711 1775
1711 1727
1711 1712
1711 2735
1711 3247
1711 3631
1711 1839
1711 3727
1711 1935
1711 1743
1711 3751
1711 1959
1711 1767
1711 1719
1711 3755
1711 1963
1711 1771
1711 1723
1711 3757
1711 1965
1711 1773
1711 1725
1712 3760
1712 1968
1712 1776
1712 1728
1712 2736
1712 3248
1712 3632
1712 1840
1712 3728
1712 1936
1712 1744
1712 3752
1712 1960
1712 1768
1712 1720
1712 3756
1712 1964
1712 1772
1712 1724
1712 3758
1712 1966
1712 1774
1712 1726
1712 3759
1712 1967
1712 1775
1712 1727
1713 3761
1713 1969
1713 1777
1713 1721
1713 1717
1713 1715
1713 1714
1713 2737
1713 3249
1713 3633
1713 1841
1713 3729
1713 1937
1713 1745
1713 3745
1713 1953
1713 1761
1714 3762
1714 1970
1714 1778
1714 1722
1714 1718
1714 1716
1714 2738
1714 3250
1714 3634
1714 1842
1714 3730
1714 1938
1714 1746
1714 3746
1714 1954
1714 1762
1714 3761
1714 1969
1714 1777
1714 1721
1714 1717
1714 1715
1715 3763
1715 1971
1715 1779
1715 1723
1715 1719
1715 1716
1715 2739
1715 3251
1715 3635
1715 1843
1715 3731
1715 1939
1715 1747
1715 3747
1715 1955
1715 1763
1715 3761
1715 1969
1715 1777
1715 1721
1715 1717
1716 3764
1716 1972
1716 1780
1716 1724
1716 1720
1716 2740
1716 3252
1716 3636
1716 1844
1716 3732
1716 1940
1716 1748
1716 3748
1716 1956
1716 1764
1716 3762
1716 1970
1716 1778
1716 1722
1716 1718
1716 3763
1716 1971
1716 1779
1716 1723
1716 1719
1717 3765
1717 1973
1717 1781
1717 1725
1717 1719
1717 1718
1717 2741
1717 3253
1717 3637
1717 1845
1717 3733
1717 1941
1717 1749
1717 3749
1717 1957
1717 1765
1717 3761
1717 1969
1717 1777
1717 1721
1718 3766
1718 1974
1718 1782
1718 1726
1718 1720
1718 2742
1718 3254
1718 3638
1718 1846
1718 3734
1718 1942
1718 1750
1718 3750
1718 1958
1718 1766
1718 3762
1718 1970
1718 1778
1718 1722
1718 3765
1718 1973
1718 1781
1718 1725
1718 1719
1719 3767
1719 1975
1719 1783
1719 1727
1719 1720
1719 2743
1719 3255
1719 3639
1719 1847
1719 3735
1719 1943
1719 1751
1719 3751
1719 1959
1719 1767
1719 3763
1719 1971
1719 1779
1719 1723
1719 3765
1719 1973
1719 1781
1719 1725
1720 3768
1720 1976
1720 1784
1720 1728
1720 2744
1720 3256
1720 3640
1720 1848
1720 3736
1720 1944
1720 1752
1720 3752
1720 1960
1720 1768
1720 3764
1720 1972
1720 1780
1720 1724
1720 3766
1720 1974
1720 1782
1720 1726
1720 3767
1720 1975
1720 1783
1720 1727
1721 3769
1721 1977
1721 1785
1721 1725
1721 1723
1721 1722
1721 2745
1721 3257
1721 3641
1721 1849
1721 3737
1721 1945
1721 1753
1721 3753
1721 1961
1721 1769
1721 3761
1721 1969
1721 1777
1722 3770
1722 1978
1722 1786
1722 1726
1722 1724
1722 2746
1722 3258
1722 3642
1722 1850
1722 3738
1722 1946
1722 1754
1722 3754
1722 1962
1722 1770
1722 3762
1722 1970
1722 1778
1722 3769
1722 1977
1722 1785
1722 1725
1722 1723
1723 3771
1723 1979
1723 1787
1723 1727
1723 1724
1723 2747
1723 3259
1723 3643
1723 1851
1723 3739
1723 1947
1723 1755
1723 3755
1723 1963
1723 1771
1723 3763
1723 1971
1723 1779
1723 3769
1723 1977
1723 1785
1723 1725
1724 3772
1724 1980
1724 1788
1724 1728
1724 2748
1724 3260
1724 3644
1724 1852
1724 3740
1724 1948
1724 1756
1724 3756
1724 1964
1724 1772
1724 3764
1724 1972
1724 1780
1724 3770
1724 1978
1724 1786
1724 1726
1724 3771
1724 1979
1724 1787
1724 1727
1725 3773
1725 1981
1725 1789
1725 1727
1725 1726
1725 2749
1725 3261
1725 3645
1725 1853
1725 3741
1725 1949
1725 1757
1725 3757
1725 1965
1725 1773
1725 3765
1725 1973
1725 1781
1725 3769
1725 1977
1725 1785
1726 3774
1726 1982
1726 1790
1726 1728
1726 2750
1726 3262
1726 3646
1726 1854
1726 3742
1726 1950
1726 1758
1726 3758
1726 1966
1726 1774
1726 3766
1726 1974
1726 1782
1726 3770
1726 1978
1726 1786
1726 3773
1726 1981
1726 1789
1726 1727
1727 3775
1727 1983
1727 1791
1727 1728
1727 2751
1727 3263
1727 3647
1727 1855
1727 3743
1727 1951
1727 1759
1727 3759
1727 1967
1727 1775
1727 3767
1727 1975
1727 1783
1727 3771
1727 1979
1727 1787
1727 3773
1727 1981
1727 1789
1728 3776
1728 1984
1728 1792
1728 2752
1728 3264
1728 3648
1728 1856
1728 3744
1728 1952
1728 1760
1728 3760
1728 1968
1728 1776
1728 3768
1728 1976
1728 1784
1728 3772
1728 1980
1728 1788
1728 3774
1728 1982
1728 1790
1728 3775
1728 1983
1728 1791
1729 3777
1729 1985
1729 1761
1729 1745
1729 1737
1729 1733
1729 1731
1729 1730
1729 2753
1729 3265
1729 3649
1729 1857
1729 3713
1729 1921
1730 3778
1730 1986
1730 1762
1730 1746
1730 1738
1730 1734
1730 1732
1730 2754
1730 3266
1730 3650
1730 1858
1730 3714
1730 1922
1730 3777
1730 1985
1730 1761
1730 1745
1730 1737
1730 1733
1730 1731
1731 3779
1731 1987
1731 1763
1731 1747
1731 1739
1731 1735
1731 1732
1731 2755
1731 3267
1731 3651
1731 1859
1731 3715
1731 1923
1731 3777
1731 1985
1731 1761
1731 1745
1731 1737
1731 1733
1732 3780
1732 1988
1732 1764
1732 1748
1732 1740
1732 1736
1732 2756
1732 3268
1732 3652
1732 1860
1732 3716
1732 1924
1732 3778
1732 1986
1732 1762
1732 1746
1732 1738
1732 1734
1732 3779
1732 1987
1732 1763
1732 1747
1732 1739
1732 1735
1733 3781
1733 1989
1733 1765
1733 1749
1733 1741
1733 1735
1733 1734
1733 2757
1733 3269
1733 3653
1733 1861
1733 3717
1733 1925
1733 3777
1733 1985
1733 1761
1733 1745
1733 1737
1734 3782
1734 1990
1734 1766
1734 1750
1734 1742
1734 1736
1734 2758
1734 3270
1734 3654
1734 1862
1734 3718
1734 1926
1734 3778
1734 1986
1734 1762
1734 1746
1734 1738
1734 3781
1734 1989
1734 1765
1734 1749
1734 1741
1734 1735
1735 3783
1735 1991
1735 1767
1735 1751
1735 1743
1735 1736
1735 2759
1735 3271
1735 3655
1735 1863
1735 3719
1735 1927
1735 3779
1735 1987
1735 1763
1735 1747
1735 1739
1735 3781
1735 1989
1735 1765
1735 1749
1735 1741
1736 3784
1736 1992
1736 1768
1736 1752
1736 1744
1736 2760
1736 3272
1736 3656
1736 1864
1736 3720
1736 1928
1736 3780
1736 1988
1736 1764
1736 1748
1736 1740
1736 3782
1736 1990
1736 1766
1736 1750
1736 1742
1736 3783
1736 1991
1736 1767
1736 1751
1736 1743
1737 3785
1737 1993
1737 1769
1737 1753
1737 1741
1737 1739
1737 1738
1737 2761
1737 3273
1737 3657
1737 1865
1737 3721
1737 1929
1737 3777
1737 1985
1737 1761
1737 1745
1738 3786
1738 1994
1738 1770
1738 1754
1738 1742
1738 1740
1738 2762
1738 3274
1738 3658
1738 1866
1738 3722
1738 1930
1738 3778
1738 1986
1738 1762
1738 1746
1738 3785
1738 1993
1738 1769
1738 1753
1738 1741
1738 1739
1739 3787
1739 1995
1739 1771
1739 1755
1739 1743
1739 1740
1739 2763
1739 3275
1739 3659
1739 1867
1739 3723
1739 1931
1739 3779
1739 1987
1739 1763
1739 1747
1739 3785
1739 1993
1739 1769
1739 1753
1739 1741
1740 3788
1740 1996
1740 1772
1740 1756
1740 1744
1740 2764
1740 3276
1740 3660
1740 1868
1740 3724
1740 1932
1740 3780
1740 1988
1740 1764
1740 1748
1740 3786
1740 1994
1740 1770
1740 1754
1740 1742
1740 3787
1740 1995
1740 1771
1740 1755
1740 1743
1741 3789
1741 1997
1741 1773
1741 1757
1741 1743
1741 1742
1741 2765
1741 3277
1741 3661
1741 1869
1741 3725
1741 1933
1741 3781
1741 1989
1741 1765
1741 1749
1741 3785
1741 1993
1741 1769
1741 1753
1742 3790
1742 1998
1742 1774
1742 1758
1742 1744
1742 2766
1742 3278
1742 3662
1742 1870
1742 3726
1742 1934
1742 3782
1742 1990
1742 1766
1742 1750
1742 3786
1742 1994
1742 1770
1742 1754
1742 3789
1742 1997
1742 1773
1742 1757
1742 1743
1743 3791
1743 1999
1743 1775
1743 1759
1743 1744
1743 2767
1743 3279
1743 3663
1743 1871
1743 3727
1743 1935
1743 3783
1743 1991
1743 1767
1743 1751
1743 3787
1743 1995
1743 1771
1743 1755
1743 3789
1743 1997
1743 1773
1743 1757
1744 3792
1744 2000
1744 1776
1744 1760
1744 2768
1744 3280
1744 3664
1744 1872
1744 3728
1744 1936
1744 3784
1744 1992
1744 1768
1744 1752
1744 3788
1744 1996
1744 1772
1744 1756
1744 3790
1744 1998
1744 1774
1744 1758
1744 3791
1744 1999
1744 1775
1744 1759
1745 3793
1745 2001
1745 1777
1745 1753
1745 1749
1745 1747
1745 1746
1745 2769
1745 3281
1745 3665
1745 1873
1745 3729
1745 1937
1745 3777
1745 1985
1745 1761
1746 3794
1746 2002
1746 1778
1746 1754
1746 1750
1746 1748
1746 2770
1746 3282
1746 3666
1746 1874
1746 3730
1746 1938
1746 3778
1746 1986
1746 1762
1746 3793
1746 2001
1746 1777
1746 1753
1746 1749
1746 1747
1747 3795
1747 2003
1747 1779
1747 1755
1747 1751
1747 1748
1747 2771
1747 3283
1747 3667
1747 1875
1747 3731
1747 1939
1747 3779
1747 1987
1747 1763
1747 3793
1747 2001
1747 1777
1747 1753
1747 1749
1748 3796
1748 2004
1748 1780
1748 1756
1748 1752
1748 2772
1748 3284
1748 3668
1748 1876
1748 3732
1748 1940
1748 3780
1748 1988
1748 1764
1748 3794
1748 2002
1748 1778
1748 1754
1748 1750
1748 3795
1748 2003
1748 1779
1748 1755
1748 1751
1749 3797
1749 2005
1749 1781
1749 1757
1749 1751
1749 1750
1749 2773
1749 3285
1749 3669
1749 1877
1749 3733
1749 1941
1749 3781
1749 1989
1749 1765
1749 3793
1749 2001
1749 1777
1749 1753
1750 3798
1750 2006
1750 1782
1750 1758
1750 1752
1750 2774
1750 3286
1750 3670
1750 1878
1750 3734
1750 1942
1750 3782
1750 1990
1750 1766
1750 3794
1750 2002
1750 1778
1750 1754
1750 3797
1750 2005
1750 1781
1750 1757
1750 1751
1751 3799
1751 2007
1751 1783
1751 1759
1751 1752
1751 2775
1751 3287
1751 3671
1751 1879
1751 3735
1751 1943
1751 3783
1751 1991
1751 1767
1751 3795
1751 2003
1751 1779
1751 1755
1751 3797
1751 2005
1751 1781
1751 1757
1752 3800
1752 2008
1752 1784
1752 1760
1752 2776
1752 3288
1752 3672
1752 1880
1752 3736
1752 1944
1752 3784
1752 1992
1752 1768
1752 3796
1752 2004
1752 1780
1752 1756
1752 3798
1752 2006
1752 1782
1752 1758
1752 3799
1752 2007
1752 1783
1752 1759
1753 3801
1753 2009
1753 1785
1753 1757
1753 1755
1753 1754
1753 2777
1753 3289
1753 3673
1753 1881
1753 3737
1753 1945
1753 3785
1753 1993
1753 1769
1753 3793
1753 2001
1753 1777
1754 3802
1754 2010
1754 1786
1754 1758
1754 1756
1754 2778
1754 3290
1754 3674
1754 1882
1754 3738
1754 1946
1754 3786
1754 1994
1754 1770
1754 3794
1754 2002
1754 1778
1754 3801
1754 2009
1754 1785
1754 1757
1754 1755
1755 3803
1755 2011
1755 1787
1755 1759
1755 1756
1755 2779
1755 3291
1755 3675
1755 1883
1755 3739
1755 1947
1755 3787
1755 1995
1755 1771
1755 3795
1755 2003
1755 1779
1755 3801
1755 2009
1755 1785
1755 1757
1756 3804
1756 2012
1756 1788
1756 1760
1756 2780
1756 3292
1756 3676
1756 1884
1756 3740
1756 1948
1756 3788
1756 1996
1756 1772
1756 3796
1756 2004
1756 1780
1756 3802
1756 2010
1756 1786
1756 1758
1756 3803
1756 2011
1756 1787
1756 1759
1757 3805
1757 2013
1757 1789
1757 1759
1757 1758
1757 2781
1757 3293
1757 3677
1757 1885
1757 3741
1757 1949
1757 3789
1757 1997
1757 1773
1757 3797
1757 2005
1757 1781
1757 3801
1757 2009
1757 1785
1758 3806
1758 2014
1758 1790
1758 1760
1758 2782
1758 3294
1758 3678
1758 1886
1758 3742
1758 1950
1758 3790
1758 1998
1758 1774
1758 3798
1758 2006
1758 1782
1758 3802
1758 2010
1758 1786
1758 3805
1758 2013
1758 1789
1758 1759
1759 3807
1759 2015
1759 1791
1759 1760
1759 2783
1759 3295
1759 3679
1759 1887
1759 3743
1759 1951
1759 3791
1759 1999
1759 1775
1759 3799
1759 2007
1759 1783
1759 3803
1759 2011
1759 1787
1759 3805
1759 2013
1759 1789
1760 3808
1760 2016
1760 1792
1760 2784
1760 3296
1760 3680
1760 1888
1760 3744
1760 1952
1760 3792
1760 2000
1760 1776
1760 3800
1760 2008
1760 1784
1760 3804
1760 2012
1760 1788
1760 3806
1760 2014
1760 1790
1760 3807
1760 2015
1760 1791
1761 3809
1761 2017
1761 1777
1761 1769
1761 1765
1761 1763
1761 1762
1761 2785
1761 3297
1761 3681
1761 1889
1761 3745
1761 1953
1761 3777
1761 1985
1762 3810
1762 2018
1762 1778
1762 1770
1762 1766
1762 1764
1762 2786
1762 3298
1762 3682
1762 1890
1762 3746
1762 1954
1762 3778
1762 1986
1762 3809
1762 2017
1762 1777
1762 1769
1762 1765
1762 1763
1763 3811
1763 2019
1763 1779
1763 1771
1763 1767
1763 1764
1763 2787
1763 3299
1763 3683
1763 1891
1763 3747
1763 1955
1763 3779
1763 1987
1763 3809
1763 2017
1763 1777
1763 1769
1763 1765
1764 3812
1764 2020
1764 1780
1764 1772
1764 1768
1764 2788
1764 3300
1764 3684
1764 1892
1764 3748
1764 1956
1764 3780
1764 1988
1764 3810
1764 2018
1764 1778
1764 1770
1764 1766
1764 3811
1764 2019
1764 1779
1764 1771
1764 1767
1765 3813
1765 2021
1765 1781
1765 1773
1765 1767
1765 1766
1765 2789
1765 3301
1765 3685
1765 1893
1765 3749
1765 1957
1765 3781
1765 1989
1765 3809
1765 2017
1765 1777
1765 1769
1766 3814
1766 2022
1766 1782
1766 1774
1766 1768
1766 2790
1766 3302
1766 3686
1766 1894
1766 3750
1766 1958
1766 3782
1766 1990
1766 3810
1766 2018
1766 1778
1766 1770
1766 3813
1766 2021
1766 1781
1766 1773
1766 1767
1767 3815
1767 2023
1767 1783
1767 1775
1767 1768
1767 2791
1767 3303
1767 3687
1767 1895
1767 3751
1767 1959
1767 3783
1767 1991
1767 3811
1767 2019
1767 1779
1767 1771
1767 3813
1767 2021
1767 1781
1767 1773
1768 3816
1768 2024
1768 1784
1768 1776
1768 2792
1768 3304
1768 3688
1768 1896
1768 3752
1768 1960
1768 3784
1768 1992
1768 3812
1768 2020
1768 1780
1768 1772
1768 3814
1768 2022
1768 1782
1768 1774
1768 3815
1768 2023
1768 1783
1768 1775
1769 3817
1769 2025
1769 1785
1769 1773
1769 1771
1769 1770
1769 2793
1769 3305
1769 3689
1769 1897
1769 3753
1769 1961
1769 3785
1769 1993
1769 3809
1769 2017
1769 1777
1770 3818
1770 2026
1770 1786
1770 1774
1770 1772
1770 2794
1770 3306
1770 3690
1770 1898
1770 3754
1770 1962
1770 3786
1770 1994
1770 3810
1770 2018
1770 1778
1770 3817
1770 2025
1770 1785
1770 1773
1770 1771
1771 3819
1771 2027
1771 1787
1771 1775
1771 1772
1771 2795
1771 3307
1771 3691
1771 1899
1771 3755
1771 1963
1771 3787
1771 1995
1771 3811
1771 2019
1771 1779
1771 3817
1771 2025
1771 1785
1771 1773
1772 3820
1772 2028
1772 1788
1772 1776
1772 2796
1772 3308
1772 3692
1772 1900
1772 3756
1772 1964
1772 3788
1772 1996
1772 3812
1772 2020
1772 1780
1772 3818
1772 2026
1772 1786
1772 1774
1772 3819
1772 2027
1772 1787
1772 1775
1773 3821
1773 2029
1773 1789
1773 1775
1773 1774
1773 2797
1773 3309
1773 3693
1773 1901
1773 3757
1773 1965
1773 3789
1773 1997
1773 3813
1773 2021
1773 1781
1773 3817
1773 2025
1773 1785
1774 3822
1774 2030
1774 1790
1774 1776
1774 2798
1774 3310
1774 3694
1774 1902
1774 3758
1774 1966
1774 3790
1774 1998
1774 3814
1774 2022
1774 1782
1774 3818
1774 2026
1774 1786
1774 3821
1774 2029
1774 1789
1774 1775
1775 3823
1775 2031
1775 1791
1775 1776
1775 2799
1775 3311
1775 3695
1775 1903
1775 3759
1775 1967
1775 3791
1775 1999
1775 3815
1775 2023
1775 1783
1775 3819
1775 2027
1775 1787
1775 3821
1775 2029
1775 1789
1776 3824
1776 2032
1776 1792
1776 2800
1776 3312
1776 3696
1776 1904
1776 3760
1776 1968
1776 3792
1776 2000
1776 3816
1776 2024
1776 1784
1776 3820
1776 2028
1776 1788
1776 3822
1776 2030
1776 1790
1776 3823
1776 2031
1776 1791
1777 3825
1777 2033
1777 1785
1777 1781
1777 1779
1777 1778
1777 2801
1777 3313
1777 3697
1777 1905
1777 3761
1777 1969
1777 3793
1777 2001
1777 3809
1777 2017
1778 3826
1778 2034
1778 1786
1778 1782
1778 1780
1778 2802
1778 3314
1778 3698
1778 1906
1778 3762
1778 1970
1778 3794
1778 2002
1778 3810
1778 2018
1778 3825
1778 2033
1778 1785
1778 1781
1778 1779
1779 3827
1779 2035
1779 1787
1779 1783
1779 1780
1779 2803
1779 3315
1779 3699
1779 1907
1779 3763
1779 1971
1779 3795
1779 2003
1779 3811
1779 2019
1779 3825
1779 2033
1779 1785
1779 1781
1780 3828
1780 2036
1780 1788
1780 1784
1780 2804
1780 3316
1780 3700
1780 1908
1780 3764
1780 1972
1780 3796
1780 2004
1780 3812
1780 2020
1780 3826
1780 2034
1780 1786
1780 1782
1780 3827
1780 2035
1780 1787
1780 1783
1781 3829
1781 2037
1781 1789
1781 1783
1781 1782
1781 2805
1781 3317
1781 3701
1781 1909
1781 3765
1781 1973
1781 3797
1781 2005
1781 3813
1781 2021
1781 3825
1781 2033
1781 1785
1782 3830
1782 2038
1782 1790
1782 1784
1782 2806
1782 3318
1782 3702
1782 1910
1782 3766
1782 1974
1782 3798
1782 2006
1782 3814
1782 2022
1782 3826
1782 2034
1782 1786
1782 3829
1782 2037
1782 1789
1782 1783
1783 3831
1783 2039
1783 1791
1783 1784
1783 2807
1783 3319
1783 3703
1783 1911
1783 3767
1783 1975
1783 3799
1783 2007
1783 3815
1783 2023
1783 3827
1783 2035
1783 1787
1783 3829
1783 2037
1783 1789
1784 3832
1784 2040
1784 1792
1784 2808
1784 3320
1784 3704
1784 1912
1784 3768
1784 1976
1784 3800
1784 2008
1784 3816
1784 2024
1784 3828
1784 2036
1784 1788
1784 3830
1784 2038
1784 1790
1784 3831
1784 2039
1784 1791
1785 3833
1785 2041
1785 1789
1785 1787
1785 1786
1785 2809
1785 3321
1785 3705
1785 1913
1785 3769
1785 1977
1785 3801
1785 2009
1785 3817
1785 2025
1785 3825
1785 2033
1786 3834
1786 2042
1786 1790
1786 1788
1786 2810
1786 3322
1786 3706
1786 1914
1786 3770
1786 1978
1786 3802
1786 2010
1786 3818
1786 2026
1786 3826
1786 2034
1786 3833
1786 2041
1786 1789
1786 1787
1787 3835
1787 2043
1787 1791
1787 1788
1787 2811
1787 3323
1787 3707
1787 1915
1787 3771
1787 1979
1787 3803
1787 2011
1787 3819
1787 2027
1787 3827
1787 2035
1787 3833
1787 2041
1787 1789
1788 3836
1788 2044
1788 1792
1788 2812
1788 3324
1788 3708
1788 1916
1788 3772
1788 1980
1788 3804
1788 2012
1788 3820
1788 2028
1788 3828
1788 2036
1788 3834
1788 2042
1788 1790
1788 3835
1788 2043
1788 1791
1789 3837
1789 2045
1789 1791
1789 1790
1789 2813
1789 3325
1789 3709
1789 1917
1789 3773
1789 1981
1789 3805
1789 2013
1789 3821
1789 2029
1789 3829
1789 2037
1789 3833
1789 2041
1790 3838
1790 2046
1790 1792
1790 2814
1790 3326
1790 3710
1790 1918
1790 3774
1790 1982
1790 3806
1790 2014
1790 3822
1790 2030
1790 3830
1790 2038
1790 3834
1790 2042
1790 3837
1790 2045
1790 1791
1791 3839
1791 2047
1791 1792
1791 2815
1791 3327
1791 3711
1791 1919
1791 3775
1791 1983
1791 3807
1791 2015
1791 3823
1791 2031
1791 3831
1791 2039
1791 3835
1791 2043
1791 3837
1791 2045
1792 3840
1792 2048
1792 2816
1792 3328
1792 3712
1792 1920
1792 3776
1792 1984
1792 3808
1792 2016
1792 3824
1792 2032
1792 3832
1792 2040
1792 3836
1792 2044
1792 3838
1792 2046
1792 3839
1792 2047
1793 3841
1793 1921
1793 1857
1793 1825
1793 1809
1793 1801
1793 1797
1793 1795
1793 1794
1793 2817
1793 3329
1793 3585
1794 3842
1794 1922
1794 1858
1794 1826
1794 1810
1794 1802
1794 1798
1794 1796
1794 2818
1794 3330
1794 3586
1794 3841
1794 1921
1794 1857
1794 1825
1794 1809
1794 1801
1794 1797
1794 1795
1795 3843
1795 1923
1795 1859
1795 1827
1795 1811
1795 1803
1795 1799
1795 1796
1795 2819
1795 3331
1795 3587
1795 3841
1795 1921
1795 1857
1795 1825
1795 1809
1795 1801
1795 1797
1796 3844
1796 1924
1796 1860
1796 1828
1796 1812
1796 1804
1796 1800
1796 2820
1796 3332
1796 3588
1796 3842
1796 1922
1796 1858
1796 1826
1796 1810
1796 1802
1796 1798
1796 3843
1796 1923
1796 1859
1796 1827
1796 1811
1796 1803
1796 1799
1797 3845
1797 1925
1797 1861
1797 1829
1797 1813
1797 1805
1797 1799
1797 1798
1797 2821
1797 3333
1797 3589
1797 3841
1797 1921
1797 1857
1797 1825
1797 1809
1797 1801
1798 3846
1798 1926
1798 1862
1798 1830
1798 1814
1798 1806
1798 1800
1798 2822
1798 3334
1798 3590
1798 3842
1798 1922
1798 1858
1798 1826
1798 1810
1798 1802
1798 3845
1798 1925
1798 1861
1798 1829
1798 1813
1798 1805
1798 1799
1799 3847
1799 1927
1799 1863
1799 1831
1799 1815
1799 1807
1799 1800
1799 2823
1799 3335
1799 3591
1799 3843
1799 1923
1799 1859
1799 1827
1799 1811
1799 1803
1799 3845
1799 1925
1799 1861
1799 1829
1799 1813
1799 1805
1800 3848
1800 1928
1800 1864
1800 1832
1800 1816
1800 1808
1800 2824
1800 3336
1800 3592
1800 3844
1800 1924
1800 1860
1800 1828
1800 1812
1800 1804
1800 3846
1800 1926
1800 1862
1800 1830
1800 1814
1800 1806
1800 3847
1800 1927
1800 1863
1800 1831
1800 1815
1800 1807
1801 3849
1801 1929
1801 1865
1801 1833
1801 1817
1801 1805
1801 1803
1801 1802
1801 2825
1801 3337
1801 3593
1801 3841
1801 1921
1801 1857
1801 1825
1801 1809
1802 3850
1802 1930
1802 1866
1802 1834
1802 1818
1802 1806
1802 1804
1802 2826
1802 3338
1802 3594
1802 3842
1802 1922
1802 1858
1802 1826
1802 1810
1802 3849
1802 1929
1802 1865
1802 1833
1802 1817
1802 1805
1802 1803
1803 3851
1803 1931
1803 1867
1803 1835
1803 1819
1803 1807
1803 1804
1803 2827
1803 3339
1803 3595
1803 3843
1803 1923
1803 1859
1803 1827
1803 1811
1803 3849
1803 1929
1803 1865
1803 1833
1803 1817
1803 1805
1804 3852
1804 1932
1804 1868
1804 1836
1804 1820
1804 1808
1804 2828
1804 3340
1804 3596
1804 3844
1804 1924
1804 1860
1804 1828
1804 1812
1804 3850
1804 1930
1804 1866
1804 1834
1804 1818
1804 1806
1804 3851
1804 1931
1804 1867
1804 1835
1804 1819
1804 1807
1805 3853
1805 1933
1805 1869
1805 1837
1805 1821
1805 1807
1805 1806
1805 2829
1805 3341
1805 3597
1805 3845
1805 1925
1805 1861
1805 1829
1805 1813
1805 3849
1805 1929
1805 1865
1805 1833
1805 1817
1806 3854
1806 1934
1806 1870
1806 1838
1806 1822
1806 1808
1806 2830
1806 3342
1806 3598
1806 3846
1806 1926
1806 1862
1806 1830
1806 1814
1806 3850
1806 1930
1806 1866
1806 1834
1806 1818
1806 3853
1806 1933
1806 1869
1806 1837
1806 1821
1806 1807
1807 3855
1807 1935
1807 1871
1807 1839
1807 1823
1807 1808
1807 2831
1807 3343
1807 3599
1807 3847
1807 1927
1807 1863
1807 1831
1807 1815
1807 3851
1807 1931
1807 1867
1807 1835
1807 1819
1807 3853
1807 1933
1807 1869
1807 1837
1807 1821
1808 3856
1808 1936
1808 1872
1808 1840
1808 1824
1808 2832
1808 3344
1808 3600
1808 3848
1808 1928
1808 1864
1808 1832
1808 1816
1808 3852
1808 1932
1808 1868
1808 1836
1808 1820
1808 3854
1808 1934
1808 1870
1808 1838
1808 1822
1808 3855
1808 1935
1808 1871
1808 1839
1808 1823
1809 3857
1809 1937
1809 1873
1809 1841
1809 1817
1809 1813
1809 1811
1809 1810
1809 2833
1809 3345
1809 3601
1809 3841
1809 1921
1809 1857
1809 1825
1810 3858
1810 1938
1810 1874
1810 1842
1810 1818
1810 1814
1810 1812
1810 2834
1810 3346
1810 3602
1810 3842
1810 1922
1810 1858
1810 1826
1810 3857
1810 1937
1810 1873
1810 1841
1810 1817
1810 1813
1810 1811
1811 3859
1811 1939
1811 1875
1811 1843
1811 1819
1811 1815
1811 1812
1811 2835
1811 3347
1811 3603
1811 3843
1811 1923
1811 1859
1811 1827
1811 3857
1811 1937
1811 1873
1811 1841
1811 1817
1811 1813
1812 3860
1812 1940
1812 1876
1812 1844
1812 1820
1812 1816
1812 2836
1812 3348
1812 3604
1812 3844
1812 1924
1812 1860
1812 1828
1812 3858
1812 1938
1812 1874
1812 1842
1812 1818
1812 1814
1812 3859
1812 1939
1812 1875
1812 1843
1812 1819
1812 1815
1813 3861
1813 1941
1813 1877
1813 1845
1813 1821
1813 1815
1813 1814
1813 2837
1813 3349
1813 3605
1813 3845
1813 1925
1813 1861
1813 1829
1813 3857
1813 1937
1813 1873
1813 1841
1813 1817
1814 3862
1814 1942
1814 1878
1814 1846
1814 1822
1814 1816
1814 2838
1814 3350
1814 3606
1814 3846
1814 1926
1814 1862
1814 1830
1814 3858
1814 1938
1814 1874
1814 1842
1814 1818
1814 3861
1814 1941
1814 1877
1814 1845
1814 1821
1814 1815
1815 3863
1815 1943
1815 1879
1815 1847
1815 1823
1815 1816
1815 2839
1815 3351
1815 3607
1815 3847
1815 1927
1815 1863
1815 1831
1815 3859
1815 1939
1815 1875
1815 1843
1815 1819
1815 3861
1815 1941
1815 1877
1815 1845
1815 1821
1816 3864
1816 1944
1816 1880
1816 1848
1816 1824
1816 2840
1816 3352
1816 3608
1816 3848
1816 1928
1816 1864
1816 1832
1816 3860
1816 1940
1816 1876
1816 1844
1816 1820
1816 3862
1816 1942
1816 1878
1816 1846
1816 1822
1816 3863
1816 1943
1816 1879
1816 1847
1816 1823
1817 3865
1817 1945
1817 1881
1817 1849
1817 1821
1817 1819
1817 1818
1817 2841
1817 3353
1817 3609
1817 3849
1817 1929
1817 1865
1817 1833
1817 3857
1817 1937
1817 1873
1817 1841
1818 3866
1818 1946
1818 1882
1818 1850
1818 1822
1818 1820
1818 2842
1818 3354
1818 3610
1818 3850
1818 1930
1818 1866
1818 1834
1818 3858
1818 1938
1818 1874
1818 1842
1818 3865
1818 1945
1818 1881
1818 1849
1818 1821
1818 1819
1819 3867
1819 1947
1819 1883
1819 1851
1819 1823
1819 1820
1819 2843
1819 3355
1819 3611
1819 3851
1819 1931
1819 1867
1819 1835
1819 3859
1819 1939
1819 1875
1819 1843
1819 3865
1819 1945
1819 1881
1819 1849
1819 1821
1820 3868
1820 1948
1820 1884
1820 1852
1820 1824
1820 2844
1820 3356
1820 3612
1820 3852
1820 1932
1820 1868
1820 1836
1820 3860
1820 1940
1820 1876
1820 1844
1820 3866
1820 1946
1820 1882
1820 1850
1820 1822
1820 3867
1820 1947
1820 1883
1820 1851
1820 1823
1821 3869
1821 1949
1821 1885
1821 1853
1821 1823
1821 1822
1821 2845
1821 3357
1821 3613
1821 3853
1821 1933
1821 1869
1821 1837
1821 3861
1821 1941
1821 1877
1821 1845
1821 3865
1821 1945
1821 1881
1821 1849
1822 3870
1822 1950
1822 1886
1822 1854
1822 1824
1822 2846
1822 3358
1822 3614
1822 3854
1822 1934
1822 1870
1822 1838
1822 3862
1822 1942
1822 1878
1822 1846
1822 3866
1822 1946
1822 1882
1822 1850
1822 3869
1822 1949
1822 1885
1822 1853
1822 1823
1823 3871
1823 1951
1823 1887
1823 1855
1823 1824
1823 2847
1823 3359
1823 3615
1823 3855
1823 1935
1823 1871
1823 1839
1823 3863
1823 1943
1823 1879
1823 1847
1823 3867
1823 1947
1823 1883
1823 1851
1823 3869
1823 1949
1823 1885
1823 1853
1824 3872
1824 1952
1824 1888
1824 1856
1824 2848
1824 3360
1824 3616
1824 3856
1824 1936
1824 1872
1824 1840
1824 3864
1824 1944
1824 1880
1824 1848
1824 3868
1824 1948
1824 1884
1824 1852
1824 3870
1824 1950
1824 1886
1824 1854
1824 3871
1824 1951
1824 1887
1824 1855
1825 3873
1825 1953
1825 1889
1825 1841
1825 1833
1825 1829
1825 1827
1825 1826
1825 2849
1825 3361
1825 3617
1825 3841
1825 1921
1825 1857
1826 3874
1826 1954
1826 1890
1826 1842
1826 1834
1826 1830
1826 1828
1826 2850
1826 3362
1826 3618
1826 3842
1826 1922
1826 1858
1826 3873
1826 1953
1826 1889
1826 1841
1826 1833
1826 1829
1826 1827
1827 3875
1827 1955
1827 1891
1827 1843
1827 1835
1827 1831
1827 1828
1827 2851
1827 3363
1827 3619
1827 3843
1827 1923
1827 1859
1827 3873
1827 1953
1827 1889
1827 1841
1827 1833
1827 1829
1828 3876
1828 1956
1828 1892
1828 1844
1828 1836
1828 1832
1828 2852
1828 3364
1828 3620
1828 3844
1828 1924
1828 1860
1828 3874
1828 1954
1828 1890
1828 1842
1828 1834
1828 1830
1828 3875
1828 1955
1828 1891
1828 1843
1828 1835
1828 1831
1829 3877
1829 1957
1829 1893
1829 1845
1829 1837
1829 1831
1829 1830
1829 2853
1829 3365
1829 3621
1829 3845
1829 1925
1829 1861
1829 3873
1829 1953
1829 1889
1829 1841
1829 1833
1830 3878
1830 1958
1830 1894
1830 1846
1830 1838
1830 1832
1830 2854
1830 3366
1830 3622
1830 3846
1830 1926
1830 1862
1830 3874
1830 1954
1830 1890
1830 1842
1830 1834
1830 3877
1830 1957
1830 1893
1830 1845
1830 1837
1830 1831
1831 3879
1831 1959
1831 1895
1831 1847
1831 1839
1831 1832
1831 2855
1831 3367
1831 3623
1831 3847
1831 1927
1831 1863
1831 3875
1831 1955
1831 1891
1831 1843
1831 1835
1831 3877
1831 1957
1831 1893
1831 1845
1831 1837
1832 3880
1832 1960
1832 1896
1832 1848
1832 1840
1832 2856
1832 3368
1832 3624
1832 3848
1832 1928
1832 1864
1832 3876
1832 1956
1832 1892
1832 1844
1832 1836
1832 3878
1832 1958
1832 1894
1832 1846
1832 1838
1832 3879
1832 1959
1832 1895
1832 1847
1832 1839
1833 3881
1833 1961
1833 1897
1833 1849
1833 1837
1833 1835
1833 1834
1833 2857
1833 3369
1833 3625
1833 3849
1833 1929
1833 1865
1833 3873
1833 1953
1833 1889
1833 1841
1834 3882
1834 1962
1834 1898
1834 1850
1834 1838
1834 1836
1834 2858
1834 3370
1834 3626
1834 3850
1834 1930
1834 1866
1834 3874
1834 1954
1834 1890
1834 1842
1834 3881
1834 1961
1834 1897
1834 1849
1834 1837
1834 1835
1835 3883
1835 1963
1835 1899
1835 1851
1835 1839
1835 1836
1835 2859
1835 3371
1835 3627
1835 3851
1835 1931
1835 1867
1835 3875
1835 1955
1835 1891
1835 1843
1835 3881
1835 1961
1835 1897
1835 1849
1835 1837
1836 3884
1836 1964
1836 1900
1836 1852
1836 1840
1836 2860
1836 3372
1836 3628
1836 3852
1836 1932
1836 1868
1836 3876
1836 1956
1836 1892
1836 1844
1836 3882
1836 1962
1836 1898
1836 1850
1836 1838
1836 3883
1836 1963
1836 1899
1836 1851
1836 1839
1837 3885
1837 1965
1837 1901
1837 1853
1837 1839
1837 1838
1837 2861
1837 3373
1837 3629
1837 3853
1837 1933
1837 1869
1837 3877
1837 1957
1837 1893
1837 1845
1837 3881
1837 1961
1837 1897
1837 1849
1838 3886
1838 1966
1838 1902
1838 1854
1838 1840
1838 2862
1838 3374
1838 3630
1838 3854
1838 1934
1838 1870
1838 3878
1838 1958
1838 1894
1838 1846
1838 3882
1838 1962
1838 1898
1838 1850
1838 3885
1838 1965
1838 1901
1838 1853
1838 1839
1839 3887
1839 1967
1839 1903
1839 1855
1839 1840
1839 2863
1839 3375
1839 3631
1839 3855
1839 1935
1839 1871
1839 3879
1839 1959
1839 1895
1839 1847
1839 3883
1839 1963
1839 1899
1839 1851
1839 3885
1839 1965
1839 1901
1839 1853
1840 3888
1840 1968
1840 1904
1840 1856
1840 2864
1840 3376
1840 3632
1840 3856
1840 1936
1840 1872
1840 3880
1840 1960
1840 1896
1840 1848
1840 3884
1840 1964
1840 1900
1840 1852
1840 3886
1840 1966
1840 1902
1840 1854
1840 3887
1840 1967
1840 1903
1840 1855
1841 3889
1841 1969
1841 1905
1841 1849
1841 1845
1841 1843
1841 1842
1841 2865
1841 3377
1841 3633
1841 3857
1841 1937
1841 1873
1841 3873
1841 1953
1841 1889
1842 3890
1842 1970
1842 1906
1842 1850
1842 1846
1842 1844
1842 2866
1842 3378
1842 3634
1842 3858
1842 1938
1842 1874
1842 3874
1842 1954
1842 1890
1842 3889
1842 1969
1842 1905
1842 1849
1842 1845
1842 1843
1843 3891
1843 1971
1843 1907
1843 1851
1843 1847
1843 1844
1843 2867
1843 3379
1843 3635
1843 3859
1843 1939
1843 1875
1843 3875
1843 1955
1843 1891
1843 3889
1843 1969
1843 1905
1843 1849
1843 1845
1844 3892
1844 1972
1844 1908
1844 1852
1844 1848
1844 2868
1844 3380
1844 3636
1844 3860
1844 1940
1844 1876
1844 3876
1844 1956
1844 1892
1844 3890
1844 1970
1844 1906
1844 1850
1844 1846
1844 3891
1844 1971
1844 1907
1844 1851
1844 1847
1845 3893
1845 1973
1845 1909
1845 1853
1845 1847
1845 1846
1845 2869
1845 3381
1845 3637
1845 3861
1845 1941
1845 1877
1845 3877
1845 1957
1845 1893
1845 3889
1845 1969
1845 1905
1845 1849
1846 3894
1846 1974
1846 1910
1846 1854
1846 1848
1846 2870
1846 3382
1846 3638
1846 3862
1846 1942
1846 1878
1846 3878
1846 1958
1846 1894
1846 3890
1846 1970
1846 1906
1846 1850
1846 3893
1846 1973
1846 1909
1846 1853
1846 1847
1847 3895
1847 1975
1847 1911
1847 1855
1847 1848
1847 2871
1847 3383
1847 3639
1847 3863
1847 1943
1847 1879
1847 3879
1847 1959
1847 1895
1847 3891
1847 1971
1847 1907
1847 1851
1847 3893
1847 1973
1847 1909
1847 1853
1848 3896
1848 1976
1848 1912
1848 1856
1848 2872
1848 3384
1848 3640
1848 3864
1848 1944
1848 1880
1848 3880
1848 1960
1848 1896
1848 3892
1848 1972
1848 1908
1848 1852
1848 3894
1848 1974
1848 1910
1848 1854
1848 3895
1848 1975
1848 1911
1848 1855
1849 3897
1849 1977
1849 1913
1849 1853
1849 1851
1849 1850
1849 2873
1849 3385
1849 3641
1849 3865
1849 1945
1849 1881
1849 3881
1849 1961
1849 1897
1849 3889
1849 1969
1849 1905
1850 3898
1850 1978
1850 1914
1850 1854
1850 1852
1850 2874
1850 3386
1850 3642
1850 3866
1850 1946
1850 1882
1850 3882
1850 1962
1850 1898
1850 3890
1850 1970
1850 1906
1850 3897
1850 1977
1850 1913
1850 1853
1850 1851
1851 3899
1851 1979
1851 1915
1851 1855
1851 1852
1851 2875
1851 3387
1851 3643
1851 3867
1851 1947
1851 1883
1851 3883
1851 1963
1851 1899
1851 3891
1851 1971
1851 1907
1851 3897
1851 1977
1851 1913
1851 1853
1852 3900
1852 1980
1852 1916
1852 1856
1852 2876
1852 3388
1852 3644
1852 3868
1852 1948
1852 1884
1852 3884
1852 1964
1852 1900
1852 3892
1852 1972
1852 1908
1852 3898
1852 1978
1852 1914
1852 1854
1852 3899
1852 1979
1852 1915
1852 1855
1853 3901
1853 1981
1853 1917
1853 1855
1853 1854
1853 2877
1853 3389
1853 3645
1853 3869
1853 1949
1853 1885
1853 3885
1853 1965
1853 1901
1853 3893
1853 1973
1853 1909
1853 3897
1853 1977
1853 1913
1854 3902
1854 1982
1854 1918
1854 1856
1854 2878
1854 3390
1854 3646
1854 3870
1854 1950
1854 1886
1854 3886
1854 1966
1854 1902
1854 3894
1854 1974
1854 1910
1854 3898
1854 1978
1854 1914
1854 3901
1854 1981
1854 1917
1854 1855
1855 3903
1855 1983
1855 1919
1855 1856
1855 2879
1855 3391
1855 3647
1855 3871
1855 1951
1855 1887
1855 3887
1855 1967
1855 1903
1855 3895
1855 1975
1855 1911
1855 3899
1855 1979
1855 1915
1855 3901
1855 1981
1855 1917
1856 3904
1856 1984
1856 1920
1856 2880
1856 3392
1856 3648
1856 3872
1856 1952
1856 1888
1856 3888
1856 1968
1856 1904
1856 3896
1856 1976
1856 1912
1856 3900
1856 1980
1856 1916
1856 3902
1856 1982
1856 1918
1856 3903
1856 1983
1856 1919
1857 3905
1857 1985
1857 1889
1857 1873
1857 1865
1857 1861
1857 1859
1857 1858
1857 2881
1857 3393
1857 3649
1857 3841
1857 1921
1858 3906
1858 1986
1858 1890
1858 1874
1858 1866
1858 1862
1858 1860
1858 2882
1858 3394
1858 3650
1858 3842
1858 1922
1858 3905
1858 1985
1858 1889
1858 1873
1858 1865
1858 1861
1858 1859
1859 3907
1859 1987
1859 1891
1859 1875
1859 1867
1859 1863
1859 1860
1859 2883
1859 3395
1859 3651
1859 3843
1859 1923
1859 3905
1859 1985
1859 1889
1859 1873
1859 1865
1859 1861
1860 3908
1860 1988
1860 1892
1860 1876
1860 1868
1860 1864
1860 2884
1860 3396
1860 3652
1860 3844
1860 1924
1860 3906
1860 1986
1860 1890
1860 1874
1860 1866
1860 1862
1860 3907
1860 1987
1860 1891
1860 1875
1860 1867
1860 1863
1861 3909
1861 1989
1861 1893
1861 1877
1861 1869
1861 1863
1861 1862
1861 2885
1861 3397
1861 3653
1861 3845
1861 1925
1861 3905
1861 1985
1861 1889
1861 1873
1861 1865
1862 3910
1862 1990
1862 1894
1862 1878
1862 1870
1862 1864
1862 2886
1862 3398
1862 3654
1862 3846
1862 1926
1862 3906
1862 1986
1862 1890
1862 1874
1862 1866
1862 3909
1862 1989
1862 1893
1862 1877
1862 1869
1862 1863
1863 3911
1863 1991
1863 1895
1863 1879
1863 1871
1863 1864
1863 2887
1863 3399
1863 3655
1863 3847
1863 1927
1863 3907
1863 1987
1863 1891
1863 1875
1863 1867
1863 3909
1863 1989
1863 1893
1863 1877
1863 1869
1864 3912
1864 1992
1864 1896
1864 1880
1864 1872
1864 2888
1864 3400
1864 3656
1864 3848
1864 1928
1864 3908
1864 1988
1864 1892
1864 1876
1864 1868
1864 3910
1864 1990
1864 1894
1864 1878
1864 1870
1864 3911
1864 1991
1864 1895
1864 1879
1864 1871
1865 3913
1865 1993
1865 1897
1865 1881
1865 1869
1865 1867
1865 1866
1865 2889
1865 3401
1865 3657
1865 3849
1865 1929
1865 3905
1865 1985
1865 1889
1865 1873
1866 3914
1866 1994
1866 1898
1866 1882
1866 1870
1866 1868
1866 2890
1866 3402
1866 3658
1866 3850
1866 1930
1866 3906
1866 1986
1866 1890
1866 1874
1866 3913
1866 1993
1866 1897
1866 1881
1866 1869
1866 1867
1867 3915
1867 1995
1867 1899
1867 1883
1867 1871
1867 1868
1867 2891
1867 3403
1867 3659
1867 3851
1867 1931
1867 3907
1867 1987
1867 1891
1867 1875
1867 3913
1867 1993
1867 1897
1867 1881
1867 1869
1868 3916
1868 1996
1868 1900
1868 1884
1868 1872
1868 2892
1868 3404
1868 3660
1868 3852
1868 1932
1868 3908
1868 1988
1868 1892
1868 1876
1868 3914
1868 1994
1868 1898
1868 1882
1868 1870
1868 3915
1868 1995
1868 1899
1868 1883
1868 1871
1869 3917
1869 1997
1869 1901
1869 1885
1869 1871
1869 1870
1869 2893
1869 3405
1869 3661
1869 3853
1869 1933
1869 3909
1869 1989
1869 1893
1869 1877
1869 3913
1869 1993
1869 1897
1869 1881
1870 3918
1870 1998
1870 1902
1870 1886
1870 1872
1870 2894
1870 3406
1870 3662
1870 3854
1870 1934
1870 3910
1870 1990
1870 1894
1870 1878
1870 3914
1870 1994
1870 1898
1870 1882
1870 3917
1870 1997
1870 1901
1870 1885
1870 1871
1871 3919
1871 1999
1871 1903
1871 1887
1871 1872
1871 2895
1871 3407
1871 3663
1871 3855
1871 1935
1871 3911
1871 1991
1871 1895
1871 1879
1871 3915
1871 1995
1871 1899
1871 1883
1871 3917
1871 1997
1871 1901
1871 1885
1872 3920
1872 2000
1872 1904
1872 1888
1872 2896
1872 3408
1872 3664
1872 3856
1872 1936
1872 3912
1872 1992
1872 1896
1872 1880
1872 3916
1872 1996
1872 1900
1872 1884
1872 3918
1872 1998
1872 1902
1872 1886
1872 3919
1872 1999
1872 1903
1872 1887
1873 3921
1873 2001
1873 1905
1873 1881
1873 1877
1873 1875
1873 1874
1873 2897
1873 3409
1873 3665
1873 3857
1873 1937
1873 3905
1873 1985
1873 1889
1874 3922
1874 2002
1874 1906
1874 1882
1874 1878
1874 1876
1874 2898
1874 3410
1874 3666
1874 3858
1874 1938
1874 3906
1874 1986
1874 1890
1874 3921
1874 2001
1874 1905
1874 1881
1874 1877
1874 1875
1875 3923
1875 2003
1875 1907
1875 1883
1875 1879
1875 1876
1875 2899
1875 3411
1875 3667
1875 3859
1875 1939
1875 3907
1875 1987
1875 1891
1875 3921
1875 2001
1875 1905
1875 1881
1875 1877
1876 3924
1876 2004
1876 1908
1876 1884
1876 1880
1876 2900
1876 3412
1876 3668
1876 3860
1876 1940
1876 3908
1876 1988
1876 1892
1876 3922
1876 2002
1876 1906
1876 1882
1876 1878
1876 3923
1876 2003
1876 1907
1876 1883
1876 1879
1877 3925
1877 2005
1877 1909
1877 1885
1877 1879
1877 1878
1877 2901
1877 3413
1877 3669
1877 3861
1877 1941
1877 3909
1877 1989
1877 1893
1877 3921
1877 2001
1877 1905
1877 1881
1878 3926
1878 2006
1878 1910
1878 1886
1878 1880
1878 2902
1878 3414
1878 3670
1878 3862
1878 1942
1878 3910
1878 1990
1878 1894
1878 3922
1878 2002
1878 1906
1878 1882
1878 3925
1878 2005
1878 1909
1878 1885
1878 1879
1879 3927
1879 2007
1879 1911
1879 1887
1879 1880
1879 2903
1879 3415
1879 3671
1879 3863
1879 1943
1879 3911
1879 1991
1879 1895
1879 3923
1879 2003
1879 1907
1879 1883
1879 3925
1879 2005
1879 1909
1879 1885
1880 3928
1880 2008
1880 1912
1880 1888
1880 2904
1880 3416
1880 3672
1880 3864
1880 1944
1880 3912
1880 1992
1880 1896
1880 3924
1880 2004
1880 1908
1880 1884
1880 3926
1880 2006
1880 1910
1880 1886
1880 3927
1880 2007
1880 1911
1880 1887
1881 3929
1881 2009
1881 1913
1881 1885
1881 1883
1881 1882
1881 2905
1881 3417
1881 3673
1881 3865
1881 1945
1881 3913
1881 1993
1881 1897
1881 3921
1881 2001
1881 1905
1882 3930
1882 2010
1882 1914
1882 1886
1882 1884
1882 2906
1882 3418
1882 3674
1882 3866
1882 1946
1882 3914
1882 1994
1882 1898
1882 3922
1882 2002
1882 1906
1882 3929
1882 2009
1882 1913
1882 1885
1882 1883
1883 3931
1883 2011
1883 1915
1883 1887
1883 1884
1883 2907
1883 3419
1883 3675
1883 3867
1883 1947
1883 3915
1883 1995
1883 1899
1883 3923
1883 2003
1883 1907
1883 3929
1883 2009
1883 1913
1883 1885
1884 3932
1884 2012
1884 1916
1884 1888
1884 2908
1884 3420
1884 3676
1884 3868
1884 1948
1884 3916
1884 1996
1884 1900
1884 3924
1884 2004
1884 1908
1884 3930
1884 2010
1884 1914
1884 1886
1884 3931
1884 2011
1884 1915
1884 1887
1885 3933
1885 2013
1885 1917
1885 1887
1885 1886
1885 2909
1885 3421
1885 3677
1885 3869
1885 1949
1885 3917
1885 1997
1885 1901
1885 3925
1885 2005
1885 1909
1885 3929
1885 2009
1885 1913
1886 3934
1886 2014
1886 1918
1886 1888
1886 2910
1886 3422
1886 3678
1886 3870
1886 1950
1886 3918
1886 1998
1886 1902
1886 3926
1886 2006
1886 1910
1886 3930
1886 2010
1886 1914
1886 3933
1886 2013
1886 1917
1886 1887
1887 3935
1887 2015
1887 1919
1887 1888
1887 2911
1887 3423
1887 3679
1887 3871
1887 1951
1887 3919
1887 1999
1887 1903
1887 3927
1887 2007
1887 1911
1887 3931
1887 2011
1887 1915
1887 3933
1887 2013
1887 1917
1888 3936
1888 2016
1888 1920
1888 2912
1888 3424
1888 3680
1888 3872
1888 1952
1888 3920
1888 2000
1888 1904
1888 3928
1888 2008
1888 1912
1888 3932
1888 2012
1888 1916
1888 3934
1888 2014
1888 1918
1888 3935
1888 2015
1888 1919
1889 3937
1889 2017
1889 1905
1889 1897
1889 1893
1889 1891
1889 1890
1889 2913
1889 3425
1889 3681
1889 3873
1889 1953
1889 3905
1889 1985
1890 3938
1890 2018
1890 1906
1890 1898
1890 1894
1890 1892
1890 2914
1890 3426
1890 3682
1890 3874
1890 1954
1890 3906
1890 1986
1890 3937
1890 2017
1890 1905
1890 1897
1890 1893
1890 1891
1891 3939
1891 2019
1891 1907
1891 1899
1891 1895
1891 1892
1891 2915
1891 3427
1891 3683
1891 3875
1891 1955
1891 3907
1891 1987
1891 3937
1891 2017
1891 1905
1891 1897
1891 1893
1892 3940
1892 2020
1892 1908
1892 1900
1892 1896
1892 2916
1892 3428
1892 3684
1892 3876
1892 1956
1892 3908
1892 1988
1892 3938
1892 2018
1892 1906
1892 1898
1892 1894
1892 3939
1892 2019
1892 1907
1892 1899
1892 1895
1893 3941
1893 2021
1893 1909
1893 1901
1893 1895
1893 1894
1893 2917
1893 3429
1893 3685
1893 3877
1893 1957
1893 3909
1893 1989
1893 3937
1893 2017
1893 1905
1893 1897
1894 3942
1894 2022
1894 1910
1894 1902
1894 1896
1894 2918
1894 3430
1894 3686
1894 3878
1894 1958
1894 3910
1894 1990
1894 3938
1894 2018
1894 1906
1894 1898
1894 3941
1894 2021
1894 1909
1894 1901
1894 1895
1895 3943
1895 2023
1895 1911
1895 1903
1895 1896
1895 2919
1895 3431
1895 3687
1895 3879
1895 1959
1895 3911
1895 1991
1895 3939
1895 2019
1895 1907
1895 1899
1895 3941
1895 2021
1895 1909
1895 1901
1896 3944
1896 2024
1896 1912
1896 1904
1896 2920
1896 3432
1896 3688
1896 3880
1896 1960
1896 3912
1896 1992
1896 3940
1896 2020
1896 1908
1896 1900
1896 3942
1896 2022
1896 1910
1896 1902
1896 3943
1896 2023
1896 1911
1896 1903
1897 3945
1897 2025
1897 1913
1897 1901
1897 1899
1897 1898
1897 2921
1897 3433
1897 3689
1897 3881
1897 1961
1897 3913
1897 1993
1897 3937
1897 2017
1897 1905
1898 3946
1898 2026
1898 1914
1898 1902
1898 1900
1898 2922
1898 3434
1898 3690
1898 3882
1898 1962
1898 3914
1898 1994
1898 3938
1898 2018
1898 1906
1898 3945
1898 2025
1898 1913
1898 1901
1898 1899
1899 3947
1899 2027
1899 1915
1899 1903
1899 1900
1899 2923
1899 3435
1899 3691
1899 3883
1899 1963
1899 3915
1899 1995
1899 3939
1899 2019
1899 1907
1899 3945
1899 2025
1899 1913
1899 1901
1900 3948
1900 2028
1900 1916
1900 1904
1900 2924
1900 3436
1900 3692
1900 3884
1900 1964
1900 3916
1900 1996
1900 3940
1900 2020
1900 1908
1900 3946
1900 2026
1900 1914
1900 1902
1900 3947
1900 2027
1900 1915
1900 1903
1901 3949
1901 2029
1901 1917
1901 1903
1901 1902
1901 2925
1901 3437
1901 3693
1901 3885
1901 1965
1901 3917
1901 1997
1901 3941
1901 2021
1901 1909
1901 3945
1901 2025
1901 1913
1902 3950
1902 2030
1902 1918
1902 1904
1902 2926
1902 3438
1902 3694
1902 3886
1902 1966
1902 3918
1902 1998
1902 3942
1902 2022
1902 1910
1902 3946
1902 2026
1902 1914
1902 3949
1902 2029
1902 1917
1902 1903
1903 3951
1903 2031
1903 1919
1903 1904
1903 2927
1903 3439
1903 3695
1903 3887
1903 1967
1903 3919
1903 1999
1903 3943
1903 2023
1903 1911
1903 3947
1903 2027
1903 1915
1903 3949
1903 2029
1903 1917
1904 3952
1904 2032
1904 1920
1904 2928
1904 3440
1904 3696
1904 3888
1904 1968
1904 3920
1904 2000
1904 3944
1904 2024
1904 1912
1904 3948
1904 2028
1904 1916
1904 3950
1904 2030
1904 1918
1904 3951
1904 2031
1904 1919
1905 3953
1905 2033
1905 1913
1905 1909
1905 1907
1905 1906
1905 2929
1905 3441
1905 3697
1905 3889
1905 1969
1905 3921
1905 2001
1905 3937
1905 2017
1906 3954
1906 2034
1906 1914
1906 1910
1906 1908
1906 2930
1906 3442
1906 3698
1906 3890
1906 1970
1906 3922
1906 2002
1906 3938
1906 2018
1906 3953
1906 2033
1906 1913
1906 1909
1906 1907
1907 3955
1907 2035
1907 1915
1907 1911
1907 1908
1907 2931
1907 3443
1907 3699
1907 3891
1907 1971
1907 3923
1907 2003
1907 3939
1907 2019
1907 3953
1907 2033
1907 1913
1907 1909
1908 3956
1908 2036
1908 1916
1908 1912
1908 2932
1908 3444
1908 3700
1908 3892
1908 1972
1908 3924
1908 2004
1908 3940
1908 2020
1908 3954
1908 2034
1908 1914
1908 1910
1908 3955
1908 2035
1908 1915
1908 1911
1909 3957
1909 2037
1909 1917
1909 1911
1909 1910
1909 2933
1909 3445
1909 3701
1909 3893
1909 1973
1909 3925
1909 2005
1909 3941
1909 2021
1909 3953
1909 2033
1909 1913
1910 3958
1910 2038
1910 1918
1910 1912
1910 2934
1910 3446
1910 3702
1910 3894
1910 1974
1910 3926
1910 2006
1910 3942
1910 2022
1910 3954
1910 2034
1910 1914
1910 3957
1910 2037
1910 1917
1910 1911
1911 3959
1911 2039
1911 1919
1911 1912
1911 2935
1911 3447
1911 3703
1911 3895
1911 1975
1911 3927
1911 2007
1911 3943
1911 2023
1911 3955
1911 2035
1911 1915
1911 3957
1911 2037
1911 1917
1912 3960
1912 2040
1912 1920
1912 2936
1912 3448
1912 3704
1912 3896
1912 1976
1912 3928
1912 2008
1912 3944
1912 2024
1912 3956
1912 2036
1912 1916
1912 3958
1912 2038
1912 1918
1912 3959
1912 2039
1912 1919
1913 3961
1913 2041
1913 1917
1913 1915
1913 1914
1913 2937
1913 3449
1913 3705
1913 3897
1913 1977
1913 3929
1913 2009
1913 3945
1913 2025
1913 3953
1913 2033
1914 3962
1914 2042
1914 1918
1914 1916
1914 2938
1914 3450
1914 3706
1914 3898
1914 1978
1914 3930
1914 2010
1914 3946
1914 2026
1914 3954
1914 2034
1914 3961
1914 2041
1914 1917
1914 1915
1915 3963
1915 2043
1915 1919
1915 1916
1915 2939
1915 3451
1915 3707
1915 3899
1915 1979
1915 3931
1915 2011
1915 3947
1915 2027
1915 3955
1915 2035
1915 3961
1915 2041
1915 1917
1916 3964
1916 2044
1916 1920
1916 2940
1916 3452
1916 3708
1916 3900
1916 1980
1916 3932
1916 2012
1916 3948
1916 2028
1916 3956
1916 2036
1916 3962
1916 2042
1916 1918
1916 3963
1916 2043
1916 1919
1917 3965
1917 2045
1917 1919
1917 1918
1917 2941
1917 3453
1917 3709
1917 3901
1917 1981
1917 3933
1917 2013
1917 3949
1917 2029
1917 3957
1917 2037
1917 3961
1917 2041
1918 3966
1918 2046
1918 1920
1918 2942
1918 3454
1918 3710
1918 3902
1918 1982
1918 3934
1918 2014
1918 3950
1918 2030
1918 3958
1918 2038
1918 3962
1918 2042
1918 3965
1918 2045
1918 1919
1919 3967
1919 2047
1919 1920
1919 2943
1919 3455
1919 3711
1919 3903
1919 1983
1919 3935
1919 2015
1919 3951
1919 2031
1919 3959
1919 2039
1919 3963
1919 2043
1919 3965
1919 2045
1920 3968
1920 2048
1920 2944
1920 3456
1920 3712
1920 3904
1920 1984
1920 3936
1920 2016
1920 3952
1920 2032
1920 3960
1920 2040
1920 3964
1920 2044
1920 3966
1920 2046
1920 3967
1920 2047
1921 3969
1921 1985
1921 1953
1921 1937
1921 1929
1921 1925
1921 1923
1921 1922
1921 2945
1921 3457
1921 3713
1921 3841
1922 3970
1922 1986
1922 1954
1922 1938
1922 1930
1922 1926
1922 1924
1922 2946
1922 3458
1922 3714
1922 3842
1922 3969
1922 1985
1922 1953
1922 1937
1922 1929
1922 1925
1922 1923
1923 3971
1923 1987
1923 1955
1923 1939
1923 1931
1923 1927
1923 1924
1923 2947
1923 3459
1923 3715
1923 3843
1923 3969
1923 1985
1923 1953
1923 1937
1923 1929
1923 1925
1924 3972
1924 1988
1924 1956
1924 1940
1924 1932
1924 1928
1924 2948
1924 3460
1924 3716
1924 3844
1924 3970
1924 1986
1924 1954
1924 1938
1924 1930
1924 1926
1924 3971
1924 1987
1924 1955
1924 1939
1924 1931
1924 1927
1925 3973
1925 1989
1925 1957
1925 1941
1925 1933
1925 1927
1925 1926
1925 2949
1925 3461
1925 3717
1925 3845
1925 3969
1925 1985
1925 1953
1925 1937
1925 1929
1926 3974
1926 1990
1926 1958
1926 1942
1926 1934
1926 1928
1926 2950
1926 3462
1926 3718
1926 3846
1926 3970
1926 1986
1926 1954
1926 1938
1926 1930
1926 3973
1926 1989
1926 1957
1926 1941
1926 1933
1926 1927
1927 3975
1927 1991
1927 1959
1927 1943
1927 1935
1927 1928
1927 2951
1927 3463
1927 3719
1927 3847
1927 3971
1927 1987
1927 1955
1927 1939
1927 1931
1927 3973
1927 1989
1927 1957
1927 1941
1927 1933
1928 3976
1928 1992
1928 1960
1928 1944
1928 1936
1928 2952
1928 3464
1928 3720
1928 3848
1928 3972
1928 1988
1928 1956
1928 1940
1928 1932
1928 3974
1928 1990
1928 1958
1928 1942
1928 1934
1928 3975
1928 1991
1928 1959
1928 1943
1928 1935
1929 3977
1929 1993
1929 1961
1929 1945
1929 1933
1929 1931
1929 1930
1929 2953
1929 3465
1929 3721
1929 3849
1929 3969
1929 1985
1929 1953
1929 1937
1930 3978
1930 1994
1930 1962
1930 1946
1930 1934
1930 1932
1930 2954
1930 3466
1930 3722
1930 3850
1930 3970
1930 1986
1930 1954
1930 1938
1930 3977
1930 1993
1930 1961
1930 1945
1930 1933
1930 1931
1931 3979
1931 1995
1931 1963
1931 1947
1931 1935
1931 1932
1931 2955
1931 3467
1931 3723
1931 3851
1931 3971
1931 1987
1931 1955
1931 1939
1931 3977
1931 1993
1931 1961
1931 1945
1931 1933
1932 3980
1932 1996
1932 1964
1932 1948
1932 1936
1932 2956
1932 3468
1932 3724
1932 3852
1932 3972
1932 1988
1932 1956
1932 1940
1932 3978
1932 1994
1932 1962
1932 1946
1932 1934
1932 3979
1932 1995
1932 1963
1932 1947
1932 1935
1933 3981
1933 1997
1933 1965
1933 1949
1933 1935
1933 1934
1933 2957
1933 3469
1933 3725
1933 3853
1933 3973
1933 1989
1933 1957
1933 1941
1933 3977
1933 1993
1933 1961
1933 1945
1934 3982
1934 1998
1934 1966
1934 1950
1934 1936
1934 2958
1934 3470
1934 3726
1934 3854
1934 3974
1934 1990
1934 1958
1934 1942
1934 3978
1934 1994
1934 1962
1934 1946
1934 3981
1934 1997
1934 1965
1934 1949
1934 1935
1935 3983
1935 1999
1935 1967
1935 1951
1935 1936
1935 2959
1935 3471
1935 3727
1935 3855
1935 3975
1935 1991
1935 1959
1935 1943
1935 3979
1935 1995
1935 1963
1935 1947
1935 3981
1935 1997
1935 1965
1935 1949
1936 3984
1936 2000
1936 1968
1936 1952
1936 2960
1936 3472
1936 3728
1936 3856
1936 3976
1936 1992
1936 1960
1936 1944
1936 3980
1936 1996
1936 1964
1936 1948
1936 3982
1936 1998
1936 1966
1936 1950
1936 3983
1936 1999
1936 1967
1936 1951
1937 3985
1937 2001
1937 1969
1937 1945
1937 1941
1937 1939
1937 1938
1937 2961
1937 3473
1937 3729
1937 3857
1937 3969
1937 1985
1937 1953
1938 3986
1938 2002
1938 1970
1938 1946
1938 1942
1938 1940
1938 2962
1938 3474
1938 3730
1938 3858
1938 3970
1938 1986
1938 1954
1938 3985
1938 2001
1938 1969
1938 1945
1938 1941
1938 1939
1939 3987
1939 2003
1939 1971
1939 1947
1939 1943
1939 1940
1939 2963
1939 3475
1939 3731
1939 3859
1939 3971
1939 1987
1939 1955
1939 3985
1939 2001
1939 1969
1939 1945
1939 1941
1940 3988
1940 2004
1940 1972
1940 1948
1940 1944
1940 2964
1940 3476
1940 3732
1940 3860
1940 3972
1940 1988
1940 1956
1940 3986
1940 2002
1940 1970
1940 1946
1940 1942
1940 3987
1940 2003
1940 1971
1940 1947
1940 1943
1941 3989
1941 2005
1941 1973
1941 1949
1941 1943
1941 1942
1941 2965
1941 3477
1941 3733
1941 3861
1941 3973
1941 1989
1941 1957
1941 3985
1941 2001
1941 1969
1941 1945
1942 3990
1942 2006
1942 1974
1942 1950
1942 1944
1942 2966
1942 3478
1942 3734
1942 3862
1942 3974
1942 1990
1942 1958
1942 3986
1942 2002
1942 1970
1942 1946
1942 3989
1942 2005
1942 1973
1942 1949
1942 1943
1943 3991
1943 2007
1943 1975
1943 1951
1943 1944
1943 2967
1943 3479
1943 3735
1943 3863
1943 3975
1943 1991
1943 1959
1943 3987
1943 2003
1943 1971
1943 1947
1943 3989
1943 2005
1943 1973
1943 1949
1944 3992
1944 2008
1944 1976
1944 1952
1944 2968
1944 3480
1944 3736
1944 3864
1944 3976
1944 1992
1944 1960
1944 3988
1944 2004
1944 1972
1944 1948
1944 3990
1944 2006
1944 1974
1944 1950
1944 3991
1944 2007
1944 1975
1944 1951
1945 3993
1945 2009
1945 1977
1945 1949
1945 1947
1945 1946
1945 2969
1945 3481
1945 3737
1945 3865
1945 3977
1945 1993
1945 1961
1945 3985
1945 2001
1945 1969
1946 3994
1946 2010
1946 1978
1946 1950
1946 1948
1946 2970
1946 3482
1946 3738
1946 3866
1946 3978
1946 1994
1946 1962
1946 3986
1946 2002
1946 1970
1946 3993
1946 2009
1946 1977
1946 1949
1946 1947
1947 3995
1947 2011
1947 1979
1947 1951
1947 1948
1947 2971
1947 3483
1947 3739
1947 3867
1947 3979
1947 1995
1947 1963
1947 3987
1947 2003
1947 1971
1947 3993
1947 2009
1947 1977
1947 1949
1948 3996
1948 2012
1948 1980
1948 1952
1948 2972
1948 3484
1948 3740
1948 3868
1948 3980
1948 1996
1948 1964
1948 3988
1948 2004
1948 1972
1948 3994
1948 2010
1948 1978
1948 1950
1948 3995
1948 2011
1948 1979
1948 1951
1949 3997
1949 2013
1949 1981
1949 1951
1949 1950
1949 2973
1949 3485
1949 3741
1949 3869
1949 3981
1949 1997
1949 1965
1949 3989
1949 2005
1949 1973
1949 3993
1949 2009
1949 1977
1950 3998
1950 2014
1950 1982
1950 1952
1950 2974
1950 3486
1950 3742
1950 3870
1950 3982
1950 1998
1950 1966
1950 3990
1950 2006
1950 1974
1950 3994
1950 2010
1950 1978
1950 3997
1950 2013
1950 1981
1950 1951
1951 3999
1951 2015
1951 1983
1951 1952
1951 2975
1951 3487
1951 3743
1951 3871
1951 3983
1951 1999
1951 1967
1951 3991
1951 2007
1951 1975
1951 3995
1951 2011
1951 1979
1951 3997
1951 2013
1951 1981
1952 4000
1952 2016
1952 1984
1952 2976
1952 3488
1952 3744
1952 3872
1952 3984
1952 2000
1952 1968
1952 3992
1952 2008
1952 1976
1952 3996
1952 2012
1952 1980
1952 3998
1952 2014
1952 1982
1952 3999
1952 2015
1952 1983
1953 4001
1953 2017
1953 1969
1953 1961
1953 1957
1953 1955
1953 1954
1953 2977
1953 3489
1953 3745
1953 3873
1953 3969
1953 1985
1954 4002
1954 2018
1954 1970
1954 1962
1954 1958
1954 1956
1954 2978
1954 3490
1954 3746
1954 3874
1954 3970
1954 1986
1954 4001
1954 2017
1954 1969
1954 1961
1954 1957
1954 1955
1955 4003
1955 2019
1955 1971
1955 1963
1955 1959
1955 1956
1955 2979
1955 3491
1955 3747
1955 3875
1955 3971
1955 1987
1955 4001
1955 2017
1955 1969
1955 1961
1955 1957
1956 4004
1956 2020
1956 1972
1956 1964
1956 1960
1956 2980
1956 3492
1956 3748
1956 3876
1956 3972
1956 1988
1956 4002
1956 2018
1956 1970
1956 1962
1956 1958
1956 4003
1956 2019
1956 1971
1956 1963
1956 1959
1957 4005
1957 2021
1957 1973
1957 1965
1957 1959
1957 1958
1957 2981
1957 3493
1957 3749
1957 3877
1957 3973
1957 1989
1957 4001
1957 2017
1957 1969
1957 1961
1958 4006
1958 2022
1958 1974
1958 1966
1958 1960
1958 2982
1958 3494
1958 3750
1958 3878
1958 3974
1958 1990
1958 4002
1958 2018
1958 1970
1958 1962
1958 4005
1958 2021
1958 1973
1958 1965
1958 1959
1959 4007
1959 2023
1959 1975
1959 1967
1959 1960
1959 2983
1959 3495
1959 3751
1959 3879
1959 3975
1959 1991
1959 4003
1959 2019
1959 1971
1959 1963
1959 4005
1959 2021
1959 1973
1959 1965
1960 4008
1960 2024
1960 1976
1960 1968
1960 2984
1960 3496
1960 3752
1960 3880
1960 3976
1960 1992
1960 4004
1960 2020
1960 1972
1960 1964
1960 4006
1960 2022
1960 1974
1960 1966
1960 4007
1960 2023
1960 1975
1960 1967
1961 4009
1961 2025
1961 1977
1961 1965
1961 1963
1961 1962
1961 2985
1961 3497
1961 3753
1961 3881
1961 3977
1961 1993
1961 4001
1961 2017
1961 1969
1962 4010
1962 2026
1962 1978
1962 1966
1962 1964
1962 2986
1962 3498
1962 3754
1962 3882
1962 3978
1962 1994
1962 4002
1962 2018
1962 1970
1962 4009
1962 2025
1962 1977
1962 1965
1962 1963
1963 4011
1963 2027
1963 1979
1963 1967
1963 1964
1963 2987
1963 3499
1963 3755
1963 3883
1963 3979
1963 1995
1963 4003
1963 2019
1963 1971
1963 4009
1963 2025
1963 1977
1963 1965
1964 4012
1964 2028
1964 1980
1964 1968
1964 2988
1964 3500
1964 3756
1964 3884
1964 3980
1964 1996
1964 4004
1964 2020
1964 1972
1964 4010
1964 2026
1964 1978
1964 1966
1964 4011
1964 2027
1964 1979
1964 1967
1965 4013
1965 2029
1965 1981
1965 1967
1965 1966
1965 2989
1965 3501
1965 3757
1965 3885
1965 3981
1965 1997
1965 4005
1965 2021
1965 1973
1965 4009
1965 2025
1965 1977
1966 4014
1966 2030
1966 1982
1966 1968
1966 2990
1966 3502
1966 3758
1966 3886
1966 3982
1966 1998
1966 4006
1966 2022
1966 1974
1966 4010
1966 2026
1966 1978
1966 4013
1966 2029
1966 1981
1966 1967
1967 4015
1967 2031
1967 1983
1967 1968
1967 2991
1967 3503
1967 3759
1967 3887
1967 3983
1967 1999
1967 4007
1967 2023
1967 1975
1967 4011
1967 2027
1967 1979
1967 4013
1967 2029
1967 1981
1968 4016
1968 2032
1968 1984
1968 2992
1968 3504
1968 3760
1968 3888
1968 3984
1968 2000
1968 4008
1968 2024
1968 1976
1968 4012
1968 2028
1968 1980
1968 4014
1968 2030
1968 1982
1968 4015
1968 2031
1968 1983
1969 4017
1969 2033
1969 1977
1969 1973
1969 1971
1969 1970
1969 2993
1969 3505
1969 3761
1969 3889
1969 3985
1969 2001
1969 4001
1969 2017
1970 4018
1970 2034
1970 1978
1970 1974
1970 1972
1970 2994
1970 3506
1970 3762
1970 3890
1970 3986
1970 2002
1970 4002
1970 2018
1970 4017
1970 2033
1970 1977
1970 1973
1970 1971
1971 4019
1971 2035
1971 1979
1971 1975
1971 1972
1971 2995
1971 3507
1971 3763
1971 3891
1971 3987
1971 2003
1971 4003
1971 2019
1971 4017
1971 2033
1971 1977
1971 1973
1972 4020
1972 2036
1972 1980
1972 1976
1972 2996
1972 3508
1972 3764
1972 3892
1972 3988
1972 2004
1972 4004
1972 2020
1972 4018
1972 2034
1972 1978
1972 1974
1972 4019
1972 2035
1972 1979
1972 1975
1973 4021
1973 2037
1973 1981
1973 1975
1973 1974
1973 2997
1973 3509
1973 3765
1973 3893
1973 3989
1973 2005
1973 4005
1973 2021
1973 4017
1973 2033
1973 1977
1974 4022
1974 2038
1974 1982
1974 1976
1974 2998
1974 3510
1974 3766
1974 3894
1974 3990
1974 2006
1974 4006
1974 2022
1974 4018
1974 2034
1974 1978
1974 4021
1974 2037
1974 1981
1974 1975
1975 4023
1975 2039
1975 1983
1975 1976
1975 2999
1975 3511
1975 3767
1975 3895
1975 3991
1975 2007
1975 4007
1975 2023
1975 4019
1975 2035
1975 1979
1975 4021
1975 2037
1975 1981
1976 4024
1976 2040
1976 1984
1976 3000
1976 3512
1976 3768
1976 3896
1976 3992
1976 2008
1976 4008
1976 2024
1976 4020
1976 2036
1976 1980
1976 4022
1976 2038
1976 1982
1976 4023
1976 2039
1976 1983
1977 4025
1977 2041
1977 1981
1977 1979
1977 1978
1977 3001
1977 3513
1977 3769
1977 3897
1977 3993
1977 2009
1977 4009
1977 2025
1977 4017
1977 2033
1978 4026
1978 2042
1978 1982
1978 1980
1978 3002
1978 3514
1978 3770
1978 3898
1978 3994
1978 2010
1978 4010
1978 2026
1978 4018
1978 2034
1978 4025
1978 2041
1978 1981
1978 1979
1979 4027
1979 2043
1979 1983
1979 1980
1979 3003
1979 3515
1979 3771
1979 3899
1979 3995
1979 2011
1979 4011
1979 2027
1979 4019
1979 2035
1979 4025
1979 2041
1979 1981
1980 4028
1980 2044
1980 1984
1980 3004
1980 3516
1980 3772
1980 3900
1980 3996
1980 2012
1980 4012
1980 2028
1980 4020
1980 2036
1980 4026
1980 2042
1980 1982
1980 4027
1980 2043
1980 1983
1981 4029
1981 2045
1981 1983
1981 1982
1981 3005
1981 3517
1981 3773
1981 3901
1981 3997
1981 2013
1981 4013
1981 2029
1981 4021
1981 2037
1981 4025
1981 2041
1982 4030
1982 2046
1982 1984
1982 3006
1982 3518
1982 3774
1982 3902
1982 3998
1982 2014
1982 4014
1982 2030
1982 4022
1982 2038
1982 4026
1982 2042
1982 4029
1982 2045
1982 1983
1983 4031
1983 2047
1983 1984
1983 3007
1983 3519
1983 3775
1983 3903
1983 3999
1983 2015
1983 4015
1983 2031
1983 4023
1983 2039
1983 4027
1983 2043
1983 4029
1983 2045
1984 4032
1984 2048
1984 3008
1984 3520
1984 3776
1984 3904
1984 4000
1984 2016
1984 4016
1984 2032
1984 4024
1984 2040
1984 4028
1984 2044
1984 4030
1984 2046
1984 4031
1984 2047
1985 4033
1985 2017
1985 2001
1985 1993
1985 1989
1985 1987
1985 1986
1985 3009
1985 3521
1985 3777
1985 3905
1985 3969
1986 4034
1986 2018
1986 2002
1986 1994
1986 1990
1986 1988
1986 3010
1986 3522
1986 3778
1986 3906
1986 3970
1986 4033
1986 2017
1986 2001
1986 1993
1986 1989
1986 1987
1987 4035
1987 2019
1987 2003
1987 1995
1987 1991
1987 1988
1987 3011
1987 3523
1987 3779
1987 3907
1987 3971
1987 4033
1987 2017
1987 2001
1987 1993
1987 1989
1988 4036
1988 2020
1988 2004
1988 1996
1988 1992
1988 3012
1988 3524
1988 3780
1988 3908
1988 3972
1988 4034
1988 2018
1988 2002
1988 1994
1988 1990
1988 4035
1988 2019
1988 2003
1988 1995
1988 1991
1989 4037
1989 2021
1989 2005
1989 1997
1989 1991
1989 1990
1989 3013
1989 3525
1989 3781
1989 3909
1989 3973
1989 4033
1989 2017
1989 2001
1989 1993
1990 4038
1990 2022
1990 2006
1990 1998
1990 1992
1990 3014
1990 3526
1990 3782
1990 3910
1990 3974
1990 4034
1990 2018
1990 2002
1990 1994
1990 4037
1990 2021
1990 2005
1990 1997
1990 1991
1991 4039
1991 2023
1991 2007
1991 1999
1991 1992
1991 3015
1991 3527
1991 3783
1991 3911
1991 3975
1991 4035
1991 2019
1991 2003
1991 1995
1991 4037
1991 2021
1991 2005
1991 1997
1992 4040
1992 2024
1992 2008
1992 2000
1992 3016
1992 3528
1992 3784
1992 3912
1992 3976
1992 4036
1992 2020
1992 2004
1992 1996
1992 4038
1992 2022
1992 2006
1992 1998
1992 4039
1992 2023
1992 2007
1992 1999
1993 4041
1993 2025
1993 2009
1993 1997
1993 1995
1993 1994
1993 3017
1993 3529
1993 3785
1993 3913
1993 3977
1993 4033
1993 2017
1993 2001
1994 4042
1994 2026
1994 2010
1994 1998
1994 1996
1994 3018
1994 3530
1994 3786
1994 3914
1994 3978
1994 4034
1994 2018
1994 2002
1994 4041
1994 2025
1994 2009
1994 1997
1994 1995
1995 4043
1995 2027
1995 2011
1995 1999
1995 1996
1995 3019
1995 3531
1995 3787
1995 3915
1995 3979
1995 4035
1995 2019
1995 2003
1995 4041
1995 2025
1995 2009
1995 1997
1996 4044
1996 2028
1996 2012
1996 2000
1996 3020
1996 3532
1996 3788
1996 3916
1996 3980
1996 4036
1996 2020
1996 2004
1996 4042
1996 2026
1996 2010
1996 1998
1996 4043
1996 2027
1996 2011
1996 1999
1997 4045
1997 2029
1997 2013
1997 1999
1997 1998
1997 3021
1997 3533
1997 3789
1997 3917
1997 3981
1997 4037
1997 2021
1997 2005
1997 4041
1997 2025
1997 2009
1998 4046
1998 2030
1998 2014
1998 2000
1998 3022
1998 3534
1998 3790
1998 3918
1998 3982
1998 4038
1998 2022
1998 2006
1998 4042
1998 2026
1998 2010
1998 4045
1998 2029
1998 2013
1998 1999
1999 4047
1999 2031
1999 2015
1999 2000
1999 3023
1999 3535
1999 3791
1999 3919
1999 3983
1999 4039
1999 2023
1999 2007
1999 4043
1999 2027
1999 2011
1999 4045
1999 2029
1999 2013
2000 4048
2000 2032
2000 2016
2000 3024
2000 3536
2000 3792
2000 3920
2000 3984
2000 4040
2000 2024
2000 2008
2000 4044
2000 2028
2000 2012
2000 4046
2000 2030
2000 2014
2000 4047
2000 2031
2000 2015
2001 4049
2001 2033
2001 2009
2001 2005
2001 2003
2001 2002
2001 3025
2001 3537
2001 3793
2001 3921
2001 3985
2001 4033
2001 2017
2002 4050
2002 2034
2002 2010
2002 2006
2002 2004
2002 3026
2002 3538
2002 3794
2002 3922
2002 3986
2002 4034
2002 2018
2002 4049
2002 2033
2002 2009
2002 2005
2002 2003
2003 4051
2003 2035
2003 2011
2003 2007
2003 2004
2003 3027
2003 3539
2003 3795
2003 3923
2003 3987
2003 4035
2003 2019
2003 4049
2003 2033
2003 2009
2003 2005
2004 4052
2004 2036
2004 2012
2004 2008
2004 3028
2004 3540
2004 3796
2004 3924
2004 3988
2004 4036
2004 2020
2004 4050
2004 2034
2004 2010
2004 2006
2004 4051
2004 2035
2004 2011
2004 2007
2005 4053
2005 2037
2005 2013
2005 2007
2005 2006
2005 3029
2005 3541
2005 3797
2005 3925
2005 3989
2005 4037
2005 2021
2005 4049
2005 2033
2005 2009
2006 4054
2006 2038
2006 2014
2006 2008
2006 3030
2006 3542
2006 3798
2006 3926
2006 3990
2006 4038
2006 2022
2006 4050
2006 2034
2006 2010
2006 4053
2006 2037
2006 2013
2006 2007
2007 4055
2007 2039
2007 2015
2007 2008
2007 3031
2007 3543
2007 3799
2007 3927
2007 3991
2007 4039
2007 2023
2007 4051
2007 2035
2007 2011
2007 4053
2007 2037
2007 2013
2008 4056
2008 2040
2008 2016
2008 3032
2008 3544
2008 3800
2008 3928
2008 3992
2008 4040
2008 2024
2008 4052
2008 2036
2008 2012
2008 4054
2008 2038
2008 2014
2008 4055
2008 2039
2008 2015
2009 4057
2009 2041
2009 2013
2009 2011
2009 2010
2009 3033
2009 3545
2009 3801
2009 3929
2009 3993
2009 4041
2009 2025
2009 4049
2009 2033
2010 4058
2010 2042
2010 2014
2010 2012
2010 3034
2010 3546
2010 3802
2010 3930
2010 3994
2010 4042
2010 2026
2010 4050
2010 2034
2010 4057
2010 2041
2010 2013
2010 2011
2011 4059
2011 2043
2011 2015
2011 2012
2011 3035
2011 3547
2011 3803
2011 3931
2011 3995
2011 4043
2011 2027
2011 4051
2011 2035
2011 4057
2011 2041
2011 2013
2012 4060
2012 2044
2012 2016
2012 3036
2012 3548
2012 3804
2012 3932
2012 3996
2012 4044
2012 2028
2012 4052
2012 2036
2012 4058
2012 2042
2012 2014
2012 4059
2012 2043
2012 2015
2013 4061
2013 2045
2013 2015
2013 2014
2013 3037
2013 3549
2013 3805
2013 3933
2013 3997
2013 4045
2013 2029
2013 4053
2013 2037
2013 4057
2013 2041
2014 4062
2014 2046
2014 2016
2014 3038
2014 3550
2014 3806
2014 3934
2014 3998
2014 4046
2014 2030
2014 4054
2014 2038
2014 4058
2014 2042
2014 4061
2014 2045
2014 2015
2015 4063
2015 2047
2015 2016
2015 3039
2015 3551
2015 3807
2015 3935
2015 3999
2015 4047
2015 2031
2015 4055
2015 2039
2015 4059
2015 2043
2015 4061
2015 2045
2016 4064
2016 2048
2016 3040
2016 3552
2016 3808
2016 3936
2016 4000
2016 4048
2016 2032
2016 4056
2016 2040
2016 4060
2016 2044
2016 4062
2016 2046
2016 4063
2016 2047
2017 4065
2017 2033
2017 2025
2017 2021
2017 2019
2017 2018
2017 3041
2017 3553
2017 3809
2017 3937
2017 4001
2017 4033
2018 4066
2018 2034
2018 2026
2018 2022
2018 2020
2018 3042
2018 3554
2018 3810
2018 3938
2018 4002
2018 4034
2018 4065
2018 2033
2018 2025
2018 2021
2018 2019
2019 4067
2019 2035
2019 2027
2019 2023
2019 2020
2019 3043
2019 3555
2019 3811
2019 3939
2019 4003
2019 4035
2019 4065
2019 2033
2019 2025
2019 2021
2020 4068
2020 2036
2020 2028
2020 2024
2020 3044
2020 3556
2020 3812
2020 3940
2020 4004
2020 4036
2020 4066
2020 2034
2020 2026
2020 2022
2020 4067
2020 2035
2020 2027
2020 2023
2021 4069
2021 2037
2021 2029
2021 2023
2021 2022
2021 3045
2021 3557
2021 3813
2021 3941
2021 4005
2021 4037
2021 4065
2021 2033
2021 2025
2022 4070
2022 2038
2022 2030
2022 2024
2022 3046
2022 3558
2022 3814
2022 3942
2022 4006
2022 4038
2022 4066
2022 2034
2022 2026
2022 4069
2022 2037
2022 2029
2022 2023
2023 4071
2023 2039
2023 2031
2023 2024
2023 3047
2023 3559
2023 3815
2023 3943
2023 4007
2023 4039
2023 4067
2023 2035
2023 2027
2023 4069
2023 2037
2023 2029
2024 4072
2024 2040
2024 2032
2024 3048
2024 3560
2024 3816
2024 3944
2024 4008
2024 4040
2024 4068
2024 2036
2024 2028
2024 4070
2024 2038
2024 2030
2024 4071
2024 2039
2024 2031
2025 4073
2025 2041
2025 2029
2025 2027
2025 2026
2025 3049
2025 3561
2025 3817
2025 3945
2025 4009
2025 4041
2025 4065
2025 2033
2026 4074
2026 2042
2026 2030
2026 2028
2026 3050
2026 3562
2026 3818
2026 3946
2026 4010
2026 4042
2026 4066
2026 2034
2026 4073
2026 2041
2026 2029
2026 2027
2027 4075
2027 2043
2027 2031
2027 2028
2027 3051
2027 3563
2027 3819
2027 3947
2027 4011
2027 4043
2027 4067
2027 2035
2027 4073
2027 2041
2027 2029
2028 4076
2028 2044
2028 2032
2028 3052
2028 3564
2028 3820
2028 3948
2028 4012
2028 4044
2028 4068
2028 2036
2028 4074
2028 2042
2028 2030
2028 4075
2028 2043
2028 2031
2029 4077
2029 2045
2029 2031
2029 2030
2029 3053
2029 3565
2029 3821
2029 3949
2029 4013
2029 4045
2029 4069
2029 2037
2029 4073
2029 2041
2030 4078
2030 2046
2030 2032
2030 3054
2030 3566
2030 3822
2030 3950
2030 4014
2030 4046
2030 4070
2030 2038
2030 4074
2030 2042
2030 4077
2030 2045
2030 2031
2031 4079
2031 2047
2031 2032
2031 3055
2031 3567
2031 3823
2031 3951
2031 4015
2031 4047
2031 4071
2031 2039
2031 4075
2031 2043
2031 4077
2031 2045
2032 4080
2032 2048
2032 3056
2032 3568
2032 3824
2032 3952
2032 4016
2032 4048
2032 4072
2032 2040
2032 4076
2032 2044
2032 4078
2032 2046
2032 4079
2032 2047
2033 4081
2033 2041
2033 2037
2033 2035
2033 2034
2033 3057
2033 3569
2033 3825
2033 3953
2033 4017
2033 4049
2033 4065
2034 4082
2034 2042
2034 2038
2034 2036
2034 3058
2034 3570
2034 3826
2034 3954
2034 4018
2034 4050
2034 4066
2034 4081
2034 2041
2034 2037
2034 2035
2035 4083
2035 2043
2035 2039
2035 2036
2035 3059
2035 3571
2035 3827
2035 3955
2035 4019
2035 4051
2035 4067
2035 4081
2035 2041
2035 2037
2036 4084
2036 2044
2036 2040
2036 3060
2036 3572
2036 3828
2036 3956
2036 4020
2036 4052
2036 4068
2036 4082
2036 2042
2036 2038
2036 4083
2036 2043
2036 2039
2037 4085
2037 2045
2037 2039
2037 2038
2037 3061
2037 3573
2037 3829
2037 3957
2037 4021
2037 4053
2037 4069
2037 4081
2037 2041
2038 4086
2038 2046
2038 2040
2038 3062
2038 3574
2038 3830
2038 3958
2038 4022
2038 4054
2038 4070
2038 4082
2038 2042
2038 4085
2038 2045
2038 2039
2039 4087
2039 2047
2039 2040
2039 3063
2039 3575
2039 3831
2039 3959
2039 4023
2039 4055
2039 4071
2039 4083
2039 2043
2039 4085
2039 2045
2040 4088
2040 2048
2040 3064
2040 3576
2040 3832
2040 3960
2040 4024
2040 4056
2040 4072
2040 4084
2040 2044
2040 4086
2040 2046
2040 4087
2040 2047
2041 4089
2041 2045
2041 2043
2041 2042
2041 3065
2041 3577
2041 3833
2041 3961
2041 4025
2041 4057
2041 4073
2041 4081
2042 4090
2042 2046
2042 2044
2042 3066
2042 3578
2042 3834
2042 3962
2042 4026
2042 4058
2042 4074
2042 4082
2042 4089
2042 2045
2042 2043
2043 4091
2043 2047
2043 2044
2043 3067
2043 3579
2043 3835
2043 3963
2043 4027
2043 4059
2043 4075
2043 4083
2043 4089
2043 2045
2044 4092
2044 2048
2044 3068
2044 3580
2044 3836
2044 3964
2044 4028
2044 4060
2044 4076
2044 4084
2044 4090
2044 2046
2044 4091
2044 2047
2045 4093
2045 2047
2045 2046
2045 3069
2045 3581
2045 3837
2045 3965
2045 4029
2045 4061
2045 4077
2045 4085
2045 4089
2046 4094
2046 2048
2046 3070
2046 3582
2046 3838
2046 3966
2046 4030
2046 4062
2046 4078
2046 4086
2046 4090
2046 4093
2046 2047
2047 4095
2047 2048
2047 3071
2047 3583
2047 3839
2047 3967
2047 4031
2047 4063
2047 4079
2047 4087
2047 4091
2047 4093
2048 4096
2048 3072
2048 3584
2048 3840
2048 3968
2048 4032
2048 4064
2048 4080
2048 4088
2048 4092
2048 4094
2048 4095
2049 3073
2049 2561
2049 2305
2049 2177
2049 2113
2049 2081
2049 2065
2049 2057
2049 2053
2049 2051
2049 2050
2050 3074
2050 2562
2050 2306
2050 2178
2050 2114
2050 2082
2050 2066
2050 2058
2050 2054
2050 2052
2050 3073
2050 2561
2050 2305
2050 2177
2050 2113
2050 2081
2050 2065
2050 2057
2050 2053
2050 2051
2051 3075
2051 2563
2051 2307
2051 2179
2051 2115
2051 2083
2051 2067
2051 2059
2051 2055
2051 2052
2051 3073
2051 2561
2051 2305
2051 2177
2051 2113
2051 2081
2051 2065
2051 2057
2051 2053
2052 3076
2052 2564
2052 2308
2052 2180
2052 2116
2052 2084
2052 2068
2052 2060
2052 2056
2052 3074
2052 2562
2052 2306
2052 2178
2052 2114
2052 2082
2052 2066
2052 2058
2052 2054
2052 3075
2052 2563
2052 2307
2052 2179
2052 2115
2052 2083
2052 2067
2052 2059
2052 2055
2053 3077
2053 2565
2053 2309
2053 2181
2053 2117
2053 2085
2053 2069
2053 2061
2053 2055
2053 2054
2053 3073
2053 2561
2053 2305
2053 2177
2053 2113
2053 2081
2053 2065
2053 2057
2054 3078
2054 2566
2054 2310
2054 2182
2054 2118
2054 2086
2054 2070
2054 2062
2054 2056
2054 3074
2054 2562
2054 2306
2054 2178
2054 2114
2054 2082
2054 2066
2054 2058
2054 3077
2054 2565
2054 2309
2054 2181
2054 2117
2054 2085
2054 2069
2054 2061
2054 2055
2055 3079
2055 2567
2055 2311
2055 2183
2055 2119
2055 2087
2055 2071
2055 2063
2055 2056
2055 3075
2055 2563
2055 2307
2055 2179
2055 2115
2055 2083
2055 2067
2055 2059
2055 3077
2055 2565
2055 2309
2055 2181
2055 2117
2055 2085
2055 2069
2055 2061
2056 3080
2056 2568
2056 2312
2056 2184
2056 2120
2056 2088
2056 2072
2056 2064
2056 3076
2056 2564
2056 2308
2056 2180
2056 2116
2056 2084
2056 2068
2056 2060
2056 3078
2056 2566
2056 2310
2056 2182
2056 2118
2056 2086
2056 2070
2056 2062
2056 3079
2056 2567
2056 2311
2056 2183
2056 2119
2056 2087
2056 2071
2056 2063
2057 3081
2057 2569
2057 2313
2057 2185
2057 2121
2057 2089
2057 2073
2057 2061
2057 2059
2057 2058
2057 3073
2057 2561
2057 2305
2057 2177
2057 2113
2057 2081
2057 2065
2058 3082
2058 2570
2058 2314
2058 2186
2058 2122
2058 2090
2058 2074
2058 2062
2058 2060
2058 3074
2058 2562
2058 2306
2058 2178
2058 2114
2058 2082
2058 2066
2058 3081
2058 2569
2058 2313
2058 2185
2058 2121
2058 2089
2058 2073
2058 2061
2058 2059
2059 3083
2059 2571
2059 2315
2059 2187
2059 2123
2059 2091
2059 2075
2059 2063
2059 2060
2059 3075
2059 2563
2059 2307
2059 2179
2059 2115
2059 2083
2059 2067
2059 3081
2059 2569
2059 2313
2059 2185
2059 2121
2059 2089
2059 2073
2059 2061
2060 3084
2060 2572
2060 2316
2060 2188
2060 2124
2060 2092
2060 2076
2060 2064
2060 3076
2060 2564
2060 2308
2060 2180
2060 2116
2060 2084
2060 2068
2060 3082
2060 2570
2060 2314
2060 2186
2060 2122
2060 2090
2060 2074
2060 2062
2060 3083
2060 2571
2060 2315
2060 2187
2060 2123
2060 2091
2060 2075
2060 2063
2061 3085
2061 2573
2061 2317
2061 2189
2061 2125
2061 2093
2061 2077
2061 2063
2061 2062
2061 3077
2061 2565
2061 2309
2061 2181
2061 2117
2061 2085
2061 2069
2061 3081
2061 2569
2061 2313
2061 2185
2061 2121
2061 2089
2061 2073
2062 3086
2062 2574
2062 2318
2062 2190
2062 2126
2062 2094
2062 2078
2062 2064
2062 3078
2062 2566
2062 2310
2062 2182
2062 2118
2062 2086
2062 2070
2062 3082
2062 2570
2062 2314
2062 2186
2062 2122
2062 2090
2062 2074
2062 3085
2062 2573
2062 2317
2062 2189
2062 2125
2062 2093
2062 2077
2062 2063
2063 3087
2063 2575
2063 2319
2063 2191
2063 2127
2063 2095
2063 2079
2063 2064
2063 3079
2063 2567
2063 2311
2063 2183
2063 2119
2063 2087
2063 2071
2063 3083
2063 2571
2063 2315
2063 2187
2063 2123
2063 2091
2063 2075
2063 3085
2063 2573
2063 2317
2063 2189
2063 2125
2063 2093
2063 2077
2064 3088
2064 2576
2064 2320
2064 2192
2064 2128
2064 2096
2064 2080
2064 3080
2064 2568
2064 2312
2064 2184
2064 2120
2064 2088
2064 2072
2064 3084
2064 2572
2064 2316
2064 2188
2064 2124
2064 2092
2064 2076
2064 3086
2064 2574
2064 2318
2064 2190
2064 2126
2064 2094
2064 2078
2064 3087
2064 2575
2064 2319
2064 2191
2064 2127
2064 2095
2064 2079
2065 3089
2065 2577
2065 2321
2065 2193
2065 2129
2065 2097
2065 2073
2065 2069
2065 2067
2065 2066
2065 3073
2065 2561
2065 2305
2065 2177
2065 2113
2065 2081
2066 3090
2066 2578
2066 2322
2066 2194
2066 2130
2066 2098
2066 2074
2066 2070
2066 2068
2066 3074
2066 2562
2066 2306
2066 2178
2066 2114
2066 2082
2066 3089
2066 2577
2066 2321
2066 2193
2066 2129
2066 2097
2066 2073
2066 2069
2066 2067
2067 3091
2067 2579
2067 2323
2067 2195
2067 2131
2067 2099
2067 2075
2067 2071
2067 2068
2067 3075
2067 2563
2067 2307
2067 2179
2067 2115
2067 2083
2067 3089
2067 2577
2067 2321
2067 2193
2067 2129
2067 2097
2067 2073
2067 2069
2068 3092
2068 2580
2068 2324
2068 2196
2068 2132
2068 2100
2068 2076
2068 2072
2068 3076
2068 2564
2068 2308
2068 2180
2068 2116
2068 2084
2068 3090
2068 2578
2068 2322
2068 2194
2068 2130
2068 2098
2068 2074
2068 2070
2068 3091
2068 2579
2068 2323
2068 2195
2068 2131
2068 2099
2068 2075
2068 2071
2069 3093
2069 2581
2069 2325
2069 2197
2069 2133
2069 2101
2069 2077
2069 2071
2069 2070
2069 3077
2069 2565
2069 2309
2069 2181
2069 2117
2069 2085
2069 3089
2069 2577
2069 2321
2069 2193
2069 2129
2069 2097
2069 2073
2070 3094
2070 2582
2070 2326
2070 2198
2070 2134
2070 2102
2070 2078
2070 2072
2070 3078
2070 2566
2070 2310
2070 2182
2070 2118
2070 2086
2070 3090
2070 2578
2070 2322
2070 2194
2070 2130
2070 2098
2070 2074
2070 3093
2070 2581
2070 2325
2070 2197
2070 2133
2070 2101
2070 2077
2070 2071
2071 3095
2071 2583
2071 2327
2071 2199
2071 2135
2071 2103
2071 2079
2071 2072
2071 3079
2071 2567
2071 2311
2071 2183
2071 2119
2071 2087
2071 3091
2071 2579
2071 2323
2071 2195
2071 2131
2071 2099
2071 2075
2071 3093
2071 2581
2071 2325
2071 2197
2071 2133
2071 2101
2071 2077
2072 3096
2072 2584
2072 2328
2072 2200
2072 2136
2072 2104
2072 2080
2072 3080
2072 2568
2072 2312
2072 2184
2072 2120
2072 2088
2072 3092
2072 2580
2072 2324
2072 2196
2072 2132
2072 2100
2072 2076
2072 3094
2072 2582
2072 2326
2072 2198
2072 2134
2072 2102
2072 2078
2072 3095
2072 2583
2072 2327
2072 2199
2072 2135
2072 2103
2072 2079
2073 3097
2073 2585
2073 2329
2073 2201
2073 2137
2073 2105
2073 2077
2073 2075
2073 2074
2073 3081
2073 2569
2073 2313
2073 2185
2073 2121
2073 2089
2073 3089
2073 2577
2073 2321
2073 2193
2073 2129
2073 2097
2074 3098
2074 2586
2074 2330
2074 2202
2074 2138
2074 2106
2074 2078
2074 2076
2074 3082
2074 2570
2074 2314
2074 2186
2074 2122
2074 2090
2074 3090
2074 2578
2074 2322
2074 2194
2074 2130
2074 2098
2074 3097
2074 2585
2074 2329
2074 2201
2074 2137
2074 2105
2074 2077
2074 2075
2075 3099
2075 2587
2075 2331
2075 2203
2075 2139
2075 2107
2075 2079
2075 2076
2075 3083
2075 2571
2075 2315
2075 2187
2075 2123
2075 2091
2075 3091
2075 2579
2075 2323
2075 2195
2075 2131
2075 2099
2075 3097
2075 2585
2075 2329
2075 2201
2075 2137
2075 2105
2075 2077
2076 3100
2076 2588
2076 2332
2076 2204
2076 2140
2076 2108
2076 2080
2076 3084
2076 2572
2076 2316
2076 2188
2076 2124
2076 2092
2076 3092
2076 2580
2076 2324
2076 2196
2076 2132
2076 2100
2076 3098
2076 2586
2076 2330
2076 2202
2076 2138
2076 2106
2076 2078
2076 3099
2076 2587
2076 2331
2076 2203
2076 2139
2076 2107
2076 2079
2077 3101
2077 2589
2077 2333
2077 2205
2077 2141
2077 2109
2077 2079
2077 2078
2077 3085
2077 2573
2077 2317
2077 2189
2077 2125
2077 2093
2077 3093
2077 2581
2077 2325
2077 2197
2077 2133
2077 2101
2077 3097
2077 2585
2077 2329
2077 2201
2077 2137
2077 2105
2078 3102
2078 2590
2078 2334
2078 2206
2078 2142
2078 2110
2078 2080
2078 3086
2078 2574
2078 2318
2078 2190
2078 2126
2078 2094
2078 3094
2078 2582
2078 2326
2078 2198
2078 2134
2078 2102
2078 3098
2078 2586
2078 2330
2078 2202
2078 2138
2078 2106
2078 3101
2078 2589
2078 2333
2078 2205
2078 2141
2078 2109
2078 2079
2079 3103
2079 2591
2079 2335
2079 2207
2079 2143
2079 2111
2079 2080
2079 3087
2079 2575
2079 2319
2079 2191
2079 2127
2079 2095
2079 3095
2079 2583
2079 2327
2079 2199
2079 2135
2079 2103
2079 3099
2079 2587
2079 2331
2079 2203
2079 2139
2079 2107
2079 3101
2079 2589
2079 2333
2079 2205
2079 2141
2079 2109
2080 3104
2080 2592
2080 2336
2080 2208
2080 2144
2080 2112
2080 3088
2080 2576
2080 2320
2080 2192
2080 2128
2080 2096
2080 3096
2080 2584
2080 2328
2080 2200
2080 2136
2080 2104
2080 3100
2080 2588
2080 2332
2080 2204
2080 2140
2080 2108
2080 3102
2080 2590
2080 2334
2080 2206
2080 2142
2080 2110
2080 3103
2080 2591
2080 2335
2080 2207
2080 2143
2080 2111
2081 3105
2081 2593
2081 2337
2081 2209
2081 2145
2081 2097
2081 2089
2081 2085
2081 2083
2081 2082
2081 3073
2081 2561
2081 2305
2081 2177
2081 2113
2082 3106
2082 2594
2082 2338
2082 2210
2082 2146
2082 2098
2082 2090
2082 2086
2082 2084
2082 3074
2082 2562
2082 2306
2082 2178
2082 2114
2082 3105
2082 2593
2082 2337
2082 2209
2082 2145
2082 2097
2082 2089
2082 2085
2082 2083
2083 3107
2083 2595
2083 2339
2083 2211
2083 2147
2083 2099
2083 2091
2083 2087
2083 2084
2083 3075
2083 2563
2083 2307
2083 2179
2083 2115
2083 3105
2083 2593
2083 2337
2083 2209
2083 2145
2083 2097
2083 2089
2083 2085
2084 3108
2084 2596
2084 2340
2084 2212
2084 2148
2084 2100
2084 2092
2084 2088
2084 3076
2084 2564
2084 2308
2084 2180
2084 2116
2084 3106
2084 2594
2084 2338
2084 2210
2084 2146
2084 2098
2084 2090
2084 2086
2084 3107
2084 2595
2084 2339
2084 2211
2084 2147
2084 2099
2084 2091
2084 2087
2085 3109
2085 2597
2085 2341
2085 2213
2085 2149
2085 2101
2085 2093
2085 2087
2085 2086
2085 3077
2085 2565
2085 2309
2085 2181
2085 2117
2085 3105
2085 2593
2085 2337
2085 2209
2085 2145
2085 2097
2085 2089
2086 3110
2086 2598
2086 2342
2086 2214
2086 2150
2086 2102
2086 2094
2086 2088
2086 3078
2086 2566
2086 2310
2086 2182
2086 2118
2086 3106
2086 2594
2086 2338
2086 2210
2086 2146
2086 2098
2086 2090
2086 3109
2086 2597
2086 2341
2086 2213
2086 2149
2086 2101
2086 2093
2086 2087
2087 3111
2087 2599
2087 2343
2087 2215
2087 2151
2087 2103
2087 2095
2087 2088
2087 3079
2087 2567
2087 2311
2087 2183
2087 2119
2087 3107
2087 2595
2087 2339
2087 2211
2087 2147
2087 2099
2087 2091
2087 3109
2087 2597
2087 2341
2087 2213
2087 2149
2087 2101
2087 2093
2088 3112
2088 2600
2088 2344
2088 2216
2088 2152
2088 2104
2088 2096
2088 3080
2088 2568
2088 2312
2088 2184
2088 2120
2088 3108
2088 2596
2088 2340
2088 2212
2088 2148
2088 2100
2088 2092
2088 3110
2088 2598
2088 2342
2088 2214
2088 2150
2088 2102
2088 2094
2088 3111
2088 2599
2088 2343
2088 2215
2088 2151
2088 2103
2088 2095
2089 3113
2089 2601
2089 2345
2089 2217
2089 2153
2089 2105
2089 2093
2089 2091
2089 2090
2089 3081
2089 2569
2089 2313
2089 2185
2089 2121
2089 3105
2089 2593
2089 2337
2089 2209
2089 2145
2089 2097
2090 3114
2090 2602
2090 2346
2090 2218
2090 2154
2090 2106
2090 2094
2090 2092
2090 3082
2090 2570
2090 2314
2090 2186
2090 2122
2090 3106
2090 2594
2090 2338
2090 2210
2090 2146
2090 2098
2090 3113
2090 2601
2090 2345
2090 2217
2090 2153
2090 2105
2090 2093
2090 2091
2091 3115
2091 2603
2091 2347
2091 2219
2091 2155
2091 2107
2091 2095
2091 2092
2091 3083
2091 2571
2091 2315
2091 2187
2091 2123
2091 3107
2091 2595
2091 2339
2091 2211
2091 2147
2091 2099
2091 3113
2091 2601
2091 2345
2091 2217
2091 2153
2091 2105
2091 2093
2092 3116
2092 2604
2092 2348
2092 2220
2092 2156
2092 2108
2092 2096
2092 3084
2092 2572
2092 2316
2092 2188
2092 2124
2092 3108
2092 2596
2092 2340
2092 2212
2092 2148
2092 2100
2092 3114
2092 2602
2092 2346
2092 2218
2092 2154
2092 2106
2092 2094
2092 3115
2092 2603
2092 2347
2092 2219
2092 2155
2092 2107
2092 2095
2093 3117
2093 2605
2093 2349
2093 2221
2093 2157
2093 2109
2093 2095
2093 2094
2093 3085
2093 2573
2093 2317
2093 2189
2093 2125
2093 3109
2093 2597
2093 2341
2093 2213
2093 2149
2093 2101
2093 3113
2093 2601
2093 2345
2093 2217
2093 2153
2093 2105
2094 3118
2094 2606
2094 2350
2094 2222
2094 2158
2094 2110
2094 2096
2094 3086
2094 2574
2094 2318
2094 2190
2094 2126
2094 3110
2094 2598
2094 2342
2094 2214
2094 2150
2094 2102
2094 3114
2094 2602
2094 2346
2094 2218
2094 2154
2094 2106
2094 3117
2094 2605
2094 2349
2094 2221
2094 2157
2094 2109
2094 2095
2095 3119
2095 2607
2095 2351
2095 2223
2095 2159
2095 2111
2095 2096
2095 3087
2095 2575
2095 2319
2095 2191
2095 2127
2095 3111
2095 2599
2095 2343
2095 2215
2095 2151
2095 2103
2095 3115
2095 2603
2095 2347
2095 2219
2095 2155
2095 2107
2095 3117
2095 2605
2095 2349
2095 2221
2095 2157
2095 2109
2096 3120
2096 2608
2096 2352
2096 2224
2096 2160
2096 2112
2096 3088
2096 2576
2096 2320
2096 2192
2096 2128
2096 3112
2096 2600
2096 2344
2096 2216
2096 2152
2096 2104
2096 3116
2096 2604
2096 2348
2096 2220
2096 2156
2096 2108
2096 3118
2096 2606
2096 2350
2096 2222
2096 2158
2096 2110
2096 3119
2096 2607
2096 2351
2096 2223
2096 2159
2096 2111
2097 3121
2097 2609
2097 2353
2097 2225
2097 2161
2097 2105
2097 2101
2097 2099
2097 2098
2097 3089
2097 2577
2097 2321
2097 2193
2097 2129
2097 3105
2097 2593
2097 2337
2097 2209
2097 2145
2098 3122
2098 2610
2098 2354
2098 2226
2098 2162
2098 2106
2098 2102
2098 2100
2098 3090
2098 2578
2098 2322
2098 2194
2098 2130
2098 3106
2098 2594
2098 2338
2098 2210
2098 2146
2098 3121
2098 2609
2098 2353
2098 2225
2098 2161
2098 2105
2098 2101
2098 2099
2099 3123
2099 2611
2099 2355
2099 2227
2099 2163
2099 2107
2099 2103
2099 2100
2099 3091
2099 2579
2099 2323
2099 2195
2099 2131
2099 3107
2099 2595
2099 2339
2099 2211
2099 2147
2099 3121
2099 2609
2099 2353
2099 2225
2099 2161
2099 2105
2099 2101
2100 3124
2100 2612
2100 2356
2100 2228
2100 2164
2100 2108
2100 2104
2100 3092
2100 2580
2100 2324
2100 2196
2100 2132
2100 3108
2100 2596
2100 2340
2100 2212
2100 2148
2100 3122
2100 2610
2100 2354
2100 2226
2100 2162
2100 2106
2100 2102
2100 3123
2100 2611
2100 2355
2100 2227
2100 2163
2100 2107
2100 2103
2101 3125
2101 2613
2101 2357
2101 2229
2101 2165
2101 2109
2101 2103
2101 2102
2101 3093
2101 2581
2101 2325
2101 2197
2101 2133
2101 3109
2101 2597
2101 2341
2101 2213
2101 2149
2101 3121
2101 2609
2101 2353
2101 2225
2101 2161
2101 2105
2102 3126
2102 2614
2102 2358
2102 2230
2102 2166
2102 2110
2102 2104
2102 3094
2102 2582
2102 2326
2102 2198
2102 2134
2102 3110
2102 2598
2102 2342
2102 2214
2102 2150
2102 3122
2102 2610
2102 2354
2102 2226
2102 2162
2102 2106
2102 3125
2102 2613
2102 2357
2102 2229
2102 2165
2102 2109
2102 2103
2103 3127
2103 2615
2103 2359
2103 2231
2103 2167
2103 2111
2103 2104
2103 3095
2103 2583
2103 2327
2103 2199
2103 2135
2103 3111
2103 2599
2103 2343
2103 2215
2103 2151
2103 3123
2103 2611
2103 2355
2103 2227
2103 2163
2103 2107
2103 3125
2103 2613
2103 2357
2103 2229
2103 2165
2103 2109
2104 3128
2104 2616
2104 2360
2104 2232
2104 2168
2104 2112
2104 3096
2104 2584
2104 2328
2104 2200
2104 2136
2104 3112
2104 2600
2104 2344
2104 2216
2104 2152
2104 3124
2104 2612
2104 2356
2104 2228
2104 2164
2104 2108
2104 3126
2104 2614
2104 2358
2104 2230
2104 2166
2104 2110
2104 3127
2104 2615
2104 2359
2104 2231
2104 2167
2104 2111
2105 3129
2105 2617
2105 2361
2105 2233
2105 2169
2105 2109
2105 2107
2105 2106
2105 3097
2105 2585
2105 2329
2105 2201
2105 2137
2105 3113
2105 2601
2105 2345
2105 2217
2105 2153
2105 3121
2105 2609
2105 2353
2105 2225
2105 2161
2106 3130
2106 2618
2106 2362
2106 2234
2106 2170
2106 2110
2106 2108
2106 3098
2106 2586
2106 2330
2106 2202
2106 2138
2106 3114
2106 2602
2106 2346
2106 2218
2106 2154
2106 3122
2106 2610
2106 2354
2106 2226
2106 2162
2106 3129
2106 2617
2106 2361
2106 2233
2106 2169
2106 2109
2106 2107
2107 3131
2107 2619
2107 2363
2107 2235
2107 2171
2107 2111
2107 2108
2107 3099
2107 2587
2107 2331
2107 2203
2107 2139
2107 3115
2107 2603
2107 2347
2107 2219
2107 2155
2107 3123
2107 2611
2107 2355
2107 2227
2107 2163
2107 3129
2107 2617
2107 2361
2107 2233
2107 2169
2107 2109
2108 3132
2108 2620
2108 2364
2108 2236
2108 2172
2108 2112
2108 3100
2108 2588
2108 2332
2108 2204
2108 2140
2108 3116
2108 2604
2108 2348
2108 2220
2108 2156
2108 3124
2108 2612
2108 2356
2108 2228
2108 2164
2108 3130
2108 2618
2108 2362
2108 2234
2108 2170
2108 2110
2108 3131
2108 2619
2108 2363
2108 2235
2108 2171
2108 2111
2109 3133
2109 2621
2109 2365
2109 2237
2109 2173
2109 2111
2109 2110
2109 3101
2109 2589
2109 2333
2109 2205
2109 2141
2109 3117
2109 2605
2109 2349
2109 2221
2109 2157
2109 3125
2109 2613
2109 2357
2109 2229
2109 2165
2109 3129
2109 2617
2109 2361
2109 2233
2109 2169
2110 3134
2110 2622
2110 2366
2110 2238
2110 2174
2110 2112
2110 3102
2110 2590
2110 2334
2110 2206
2110 2142
2110 3118
2110 2606
2110 2350
2110 2222
2110 2158
2110 3126
2110 2614
2110 2358
2110 2230
2110 2166
2110 3130
2110 2618
2110 2362
2110 2234
2110 2170
2110 3133
2110 2621
2110 2365
2110 2237
2110 2173
2110 2111
2111 3135
2111 2623
2111 2367
2111 2239
2111 2175
2111 2112
2111 3103
2111 2591
2111 2335
2111 2207
2111 2143
2111 3119
2111 2607
2111 2351
2111 2223
2111 2159
2111 3127
2111 2615
2111 2359
2111 2231
2111 2167
2111 3131
2111 2619
2111 2363
2111 2235
2111 2171
2111 3133
2111 2621
2111 2365
2111 2237
2111 2173
2112 3136
2112 2624
2112 2368
2112 2240
2112 2176
2112 3104
2112 2592
2112 2336
2112 2208
2112 2144
2112 3120
2112 2608
2112 2352
2112 2224
2112 2160
2112 3128
2112 2616
2112 2360
2112 2232
2112 2168
2112 3132
2112 2620
2112 2364
2112 2236
2112 2172
2112 3134
2112 2622
2112 2366
2112 2238
2112 2174
2112 3135
2112 2623
2112 2367
2112 2239
2112 2175
2113 3137
2113 2625
2113 2369
2113 2241
2113 2145
2113 2129
2113 2121
2113 2117
2113 2115
2113 2114
2113 3073
2113 2561
2113 2305
2113 2177
2114 3138
2114 2626
2114 2370
2114 2242
2114 2146
2114 2130
2114 2122
2114 2118
2114 2116
2114 3074
2114 2562
2114 2306
2114 2178
2114 3137
2114 2625
2114 2369
2114 2241
2114 2145
2114 2129
2114 2121
2114 2117
2114 2115
2115 3139
2115 2627
2115 2371
2115 2243
2115 2147
2115 2131
2115 2123
2115 2119
2115 2116
2115 3075
2115 2563
2115 2307
2115 2179
2115 3137
2115 2625
2115 2369
2115 2241
2115 2145
2115 2129
2115 2121
2115 2117
2116 3140
2116 2628
2116 2372
2116 2244
2116 2148
2116 2132
2116 2124
2116 2120
2116 3076
2116 2564
2116 2308
2116 2180
2116 3138
2116 2626
2116 2370
2116 2242
2116 2146
2116 2130
2116 2122
2116 2118
2116 3139
2116 2627
2116 2371
2116 2243
2116 2147
2116 2131
2116 2123
2116 2119
2117 3141
2117 2629
2117 2373
2117 2245
2117 2149
2117 2133
2117 2125
2117 2119
2117 2118
2117 3077
2117 2565
2117 2309
2117 2181
2117 3137
2117 2625
2117 2369
2117 2241
2117 2145
2117 2129
2117 2121
2118 3142
2118 2630
2118 2374
2118 2246
2118 2150
2118 2134
2118 2126
2118 2120
2118 3078
2118 2566
2118 2310
2118 2182
2118 3138
2118 2626
2118 2370
2118 2242
2118 2146
2118 2130
2118 2122
2118 3141
2118 2629
2118 2373
2118 2245
2118 2149
2118 2133
2118 2125
2118 2119
2119 3143
2119 2631
2119 2375
2119 2247
2119 2151
2119 2135
2119 2127
2119 2120
2119 3079
2119 2567
2119 2311
2119 2183
2119 3139
2119 2627
2119 2371
2119 2243
2119 2147
2119 2131
2119 2123
2119 3141
2119 2629
2119 2373
2119 2245
2119 2149
2119 2133
2119 2125
2120 3144
2120 2632
2120 2376
2120 2248
2120 2152
2120 2136
2120 2128
2120 3080
2120 2568
2120 2312
2120 2184
2120 3140
2120 2628
2120 2372
2120 2244
2120 2148
2120 2132
2120 2124
2120 3142
2120 2630
2120 2374
2120 2246
2120 2150
2120 2134
2120 2126
2120 3143
2120 2631
2120 2375
2120 2247
2120 2151
2120 2135
2120 2127
2121 3145
2121 2633
2121 2377
2121 2249
2121 2153
2121 2137
2121 2125
2121 2123
2121 2122
2121 3081
2121 2569
2121 2313
2121 2185
2121 3137
2121 2625
2121 2369
2121 2241
2121 2145
2121 2129
2122 3146
2122 2634
2122 2378
2122 2250
2122 2154
2122 2138
2122 2126
2122 2124
2122 3082
2122 2570
2122 2314
2122 2186
2122 3138
2122 2626
2122 2370
2122 2242
2122 2146
2122 2130
2122 3145
2122 2633
2122 2377
2122 2249
2122 2153
2122 2137
2122 2125
2122 2123
2123 3147
2123 2635
2123 2379
2123 2251
2123 2155
2123 2139
2123 2127
2123 2124
2123 3083
2123 2571
2123 2315
2123 2187
2123 3139
2123 2627
2123 2371
2123 2243
2123 2147
2123 2131
2123 3145
2123 2633
2123 2377
2123 2249
2123 2153
2123 2137
2123 2125
2124 3148
2124 2636
2124 2380
2124 2252
2124 2156
2124 2140
2124 2128
2124 3084
2124 2572
2124 2316
2124 2188
2124 3140
2124 2628
2124 2372
2124 2244
2124 2148
2124 2132
2124 3146
2124 2634
2124 2378
2124 2250
2124 2154
2124 2138
2124 2126
2124 3147
2124 2635
2124 2379
2124 2251
2124 2155
2124 2139
2124 2127
2125 3149
2125 2637
2125 2381
2125 2253
2125 2157
2125 2141
2125 2127
2125 2126
2125 3085
2125 2573
2125 2317
2125 2189
2125 3141
2125 2629
2125 2373
2125 2245
2125 2149
2125 2133
2125 3145
2125 2633
2125 2377
2125 2249
2125 2153
2125 2137
2126 3150
2126 2638
2126 2382
2126 2254
2126 2158
2126 2142
2126 2128
2126 3086
2126 2574
2126 2318
2126 2190
2126 3142
2126 2630
2126 2374
2126 2246
2126 2150
2126 2134
2126 3146
2126 2634
2126 2378
2126 2250
2126 2154
2126 2138
2126 3149
2126 2637
2126 2381
2126 2253
2126 2157
2126 2141
2126 2127
2127 3151
2127 2639
2127 2383
2127 2255
2127 2159
2127 2143
2127 2128
2127 3087
2127 2575
2127 2319
2127 2191
2127 3143
2127 2631
2127 2375
2127 2247
2127 2151
2127 2135
2127 3147
2127 2635
2127 2379
2127 2251
2127 2155
2127 2139
2127 3149
2127 2637
2127 2381
2127 2253
2127 2157
2127 2141
2128 3152
2128 2640
2128 2384
2128 2256
2128 2160
2128 2144
2128 3088
2128 2576
2128 2320
2128 2192
2128 3144
2128 2632
2128 2376
2128 2248
2128 2152
2128 2136
2128 3148
2128 2636
2128 2380
2128 2252
2128 2156
2128 2140
2128 3150
2128 2638
2128 2382
2128 2254
2128 2158
2128 2142
2128 3151
2128 2639
2128 2383
2128 2255
2128 2159
2128 2143
2129 3153
2129 2641
2129 2385
2129 2257
2129 2161
2129 2137
2129 2133
2129 2131
2129 2130
2129 3089
2129 2577
2129 2321
2129 2193
2129 3137
2129 2625
2129 2369
2129 2241
2129 2145
2130 3154
2130 2642
2130 2386
2130 2258
2130 2162
2130 2138
2130 2134
2130 2132
2130 3090
2130 2578
2130 2322
2130 2194
2130 3138
2130 2626
2130 2370
2130 2242
2130 2146
2130 3153
2130 2641
2130 2385
2130 2257
2130 2161
2130 2137
2130 2133
2130 2131
2131 3155
2131 2643
2131 2387
2131 2259
2131 2163
2131 2139
2131 2135
2131 2132
2131 3091
2131 2579
2131 2323
2131 2195
2131 3139
2131 2627
2131 2371
2131 2243
2131 2147
2131 3153
2131 2641
2131 2385
2131 2257
2131 2161
2131 2137
2131 2133
2132 3156
2132 2644
2132 2388
2132 2260
2132 2164
2132 2140
2132 2136
2132 3092
2132 2580
2132 2324
2132 2196
2132 3140
2132 2628
2132 2372
2132 2244
2132 2148
2132 3154
2132 2642
2132 2386
2132 2258
2132 2162
2132 2138
2132 2134
2132 3155
2132 2643
2132 2387
2132 2259
2132 2163
2132 2139
2132 2135
2133 3157
2133 2645
2133 2389
2133 2261
2133 2165
2133 2141
2133 2135
2133 2134
2133 3093
2133 2581
2133 2325
2133 2197
2133 3141
2133 2629
2133 2373
2133 2245
2133 2149
2133 3153
2133 2641
2133 2385
2133 2257
2133 2161
2133 2137
2134 3158
2134 2646
2134 2390
2134 2262
2134 2166
2134 2142
2134 2136
2134 3094
2134 2582
2134 2326
2134 2198
2134 3142
2134 2630
2134 2374
2134 2246
2134 2150
2134 3154
2134 2642
2134 2386
2134 2258
2134 2162
2134 2138
2134 3157
2134 2645
2134 2389
2134 2261
2134 2165
2134 2141
2134 2135
2135 3159
2135 2647
2135 2391
2135 2263
2135 2167
2135 2143
2135 2136
2135 3095
2135 2583
2135 2327
2135 2199
2135 3143
2135 2631
2135 2375
2135 2247
2135 2151
2135 3155
2135 2643
2135 2387
2135 2259
2135 2163
2135 2139
2135 3157
2135 2645
2135 2389
2135 2261
2135 2165
2135 2141
2136 3160
2136 2648
2136 2392
2136 2264
2136 2168
2136 2144
2136 3096
2136 2584
2136 2328
2136 2200
2136 3144
2136 2632
2136 2376
2136 2248
2136 2152
2136 3156
2136 2644
2136 2388
2136 2260
2136 2164
2136 2140
2136 3158
2136 2646
2136 2390
2136 2262
2136 2166
2136 2142
2136 3159
2136 2647
2136 2391
2136 2263
2136 2167
2136 2143
2137 3161
2137 2649
2137 2393
2137 2265
2137 2169
2137 2141
2137 2139
2137 2138
2137 3097
2137 2585
2137 2329
2137 2201
2137 3145
2137 2633
2137 2377
2137 2249
2137 2153
2137 3153
2137 2641
2137 2385
2137 2257
2137 2161
2138 3162
2138 2650
2138 2394
2138 2266
2138 2170
2138 2142
2138 2140
2138 3098
2138 2586
2138 2330
2138 2202
2138 3146
2138 2634
2138 2378
2138 2250
2138 2154
2138 3154
2138 2642
2138 2386
2138 2258
2138 2162
2138 3161
2138 2649
2138 2393
2138 2265
2138 2169
2138 2141
2138 2139
2139 3163
2139 2651
2139 2395
2139 2267
2139 2171
2139 2143
2139 2140
2139 3099
2139 2587
2139 2331
2139 2203
2139 3147
2139 2635
2139 2379
2139 2251
2139 2155
2139 3155
2139 2643
2139 2387
2139 2259
2139 2163
2139 3161
2139 2649
2139 2393
2139 2265
2139 2169
2139 2141
2140 3164
2140 2652
2140 2396
2140 2268
2140 2172
2140 2144
2140 3100
2140 2588
2140 2332
2140 2204
2140 3148
2140 2636
2140 2380
2140 2252
2140 2156
2140 3156
2140 2644
2140 2388
2140 2260
2140 2164
2140 3162
2140 2650
2140 2394
2140 2266
2140 2170
2140 2142
2140 3163
2140 2651
2140 2395
2140 2267
2140 2171
2140 2143
2141 3165
2141 2653
2141 2397
2141 2269
2141 2173
2141 2143
2141 2142
2141 3101
2141 2589
2141 2333
2141 2205
2141 3149
2141 2637
2141 2381
2141 2253
2141 2157
2141 3157
2141 2645
2141 2389
2141 2261
2141 2165
2141 3161
2141 2649
2141 2393
2141 2265
2141 2169
2142 3166
2142 2654
2142 2398
2142 2270
2142 2174
2142 2144
2142 3102
2142 2590
2142 2334
2142 2206
2142 3150
2142 2638
2142 2382
2142 2254
2142 2158
2142 3158
2142 2646
2142 2390
2142 2262
2142 2166
2142 3162
2142 2650
2142 2394
2142 2266
2142 2170
2142 3165
2142 2653
2142 2397
2142 2269
2142 2173
2142 2143
2143 3167
2143 2655
2143 2399
2143 2271
2143 2175
2143 2144
2143 3103
2143 2591
2143 2335
2143 2207
2143 3151
2143 2639
2143 2383
2143 2255
2143 2159
2143 3159
2143 2647
2143 2391
2143 2263
2143 2167
2143 3163
2143 2651
2143 2395
2143 2267
2143 2171
2143 3165
2143 2653
2143 2397
2143 2269
2143 2173
2144 3168
2144 2656
2144 2400
2144 2272
2144 2176
2144 3104
2144 2592
2144 2336
2144 2208
2144 3152
2144 2640
2144 2384
2144 2256
2144 2160
2144 3160
2144 2648
2144 2392
2144 2264
2144 2168
2144 3164
2144 2652
2144 2396
2144 2268
2144 2172
2144 3166
2144 2654
2144 2398
2144 2270
2144 2174
2144 3167
2144 2655
2144 2399
2144 2271
2144 2175
2145 3169
2145 2657
2145 2401
2145 2273
2145 2161
2145 2153
2145 2149
2145 2147
2145 2146
2145 3105
2145 2593
2145 2337
2145 2209
2145 3137
2145 2625
2145 2369
2145 2241
2146 3170
2146 2658
2146 2402
2146 2274
2146 2162
2146 2154
2146 2150
2146 2148
2146 3106
2146 2594
2146 2338
2146 2210
2146 3138
2146 2626
2146 2370
2146 2242
2146 3169
2146 2657
2146 2401
2146 2273
2146 2161
2146 2153
2146 2149
2146 2147
2147 3171
2147 2659
2147 2403
2147 2275
2147 2163
2147 2155
2147 2151
2147 2148
2147 3107
2147 2595
2147 2339
2147 2211
2147 3139
2147 2627
2147 2371
2147 2243
2147 3169
2147 2657
2147 2401
2147 2273
2147 2161
2147 2153
2147 2149
2148 3172
2148 2660
2148 2404
2148 2276
2148 2164
2148 2156
2148 2152
2148 3108
2148 2596
2148 2340
2148 2212
2148 3140
2148 2628
2148 2372
2148 2244
2148 3170
2148 2658
2148 2402
2148 2274
2148 2162
2148 2154
2148 2150
2148 3171
2148 2659
2148 2403
2148 2275
2148 2163
2148 2155
2148 2151
2149 3173
2149 2661
2149 2405
2149 2277
2149 2165
2149 2157
2149 2151
2149 2150
2149 3109
2149 2597
2149 2341
2149 2213
2149 3141
2149 2629
2149 2373
2149 2245
2149 3169
2149 2657
2149 2401
2149 2273
2149 2161
2149 2153
2150 3174
2150 2662
2150 2406
2150 2278
2150 2166
2150 2158
2150 2152
2150 3110
2150 2598
2150 2342
2150 2214
2150 3142
2150 2630
2150 2374
2150 2246
2150 3170
2150 2658
2150 2402
2150 2274
2150 2162
2150 2154
2150 3173
2150 2661
2150 2405
2150 2277
2150 2165
2150 2157
2150 2151
2151 3175
2151 2663
2151 2407
2151 2279
2151 2167
2151 2159
2151 2152
2151 3111
2151 2599
2151 2343
2151 2215
2151 3143
2151 2631
2151 2375
2151 2247
2151 3171
2151 2659
2151 2403
2151 2275
2151 2163
2151 2155
2151 3173
2151 2661
2151 2405
2151 2277
2151 2165
2151 2157
2152 3176
2152 2664
2152 2408
2152 2280
2152 2168
2152 2160
2152 3112
2152 2600
2152 2344
2152 2216
2152 3144
2152 2632
2152 2376
2152 2248
2152 3172
2152 2660
2152 2404
2152 2276
2152 2164
2152 2156
2152 3174
2152 2662
2152 2406
2152 2278
2152 2166
2152 2158
2152 3175
2152 2663
2152 2407
2152 2279
2152 2167
2152 2159
2153 3177
2153 2665
2153 2409
2153 2281
2153 2169
2153 2157
2153 2155
2153 2154
2153 3113
2153 2601
2153 2345
2153 2217
2153 3145
2153 2633
2153 2377
2153 2249
2153 3169
2153 2657
2153 2401
2153 2273
2153 2161
2154 3178
2154 2666
2154 2410
2154 2282
2154 2170
2154 2158
2154 2156
2154 3114
2154 2602
2154 2346
2154 2218
2154 3146
2154 2634
2154 2378
2154 2250
2154 3170
2154 2658
2154 2402
2154 2274
2154 2162
2154 3177
2154 2665
2154 2409
2154 2281
2154 2169
2154 2157
2154 2155
2155 3179
2155 2667
2155 2411
2155 2283
2155 2171
2155 2159
2155 2156
2155 3115
2155 2603
2155 2347
2155 2219
2155 3147
2155 2635
2155 2379
2155 2251
2155 3171
2155 2659
2155 2403
2155 2275
2155 2163
2155 3177
2155 2665
2155 2409
2155 2281
2155 2169
2155 2157
2156 3180
2156 2668
2156 2412
2156 2284
2156 2172
2156 2160
2156 3116
2156 2604
2156 2348
2156 2220
2156 3148
2156 2636
2156 2380
2156 2252
2156 3172
2156 2660
2156 2404
2156 2276
2156 2164
2156 3178
2156 2666
2156 2410
2156 2282
2156 2170
2156 2158
2156 3179
2156 2667
2156 2411
2156 2283
2156 2171
2156 2159
2157 3181
2157 2669
2157 2413
2157 2285
2157 2173
2157 2159
2157 2158
2157 3117
2157 2605
2157 2349
2157 2221
2157 3149
2157 2637
2157 2381
2157 2253
2157 3173
2157 2661
2157 2405
2157 2277
2157 2165
2157 3177
2157 2665
2157 2409
2157 2281
2157 2169
2158 3182
2158 2670
2158 2414
2158 2286
2158 2174
2158 2160
2158 3118
2158 2606
2158 2350
2158 2222
2158 3150
2158 2638
2158 2382
2158 2254
2158 3174
2158 2662
2158 2406
2158 2278
2158 2166
2158 3178
2158 2666
2158 2410
2158 2282
2158 2170
2158 3181
2158 2669
2158 2413
2158 2285
2158 2173
2158 2159
2159 3183
2159 2671
2159 2415
2159 2287
2159 2175
2159 2160
2159 3119
2159 2607
2159 2351
2159 2223
2159 3151
2159 2639
2159 2383
2159 2255
2159 3175
2159 2663
2159 2407
2159 2279
2159 2167
2159 3179
2159 2667
2159 2411
2159 2283
2159 2171
2159 3181
2159 2669
2159 2413
2159 2285
2159 2173
2160 3184
2160 2672
2160 2416
2160 2288
2160 2176
2160 3120
2160 2608
2160 2352
2160 2224
2160 3152
2160 2640
2160 2384
2160 2256
2160 3176
2160 2664
2160 2408
2160 2280
2160 2168
2160 3180
2160 2668
2160 2412
2160 2284
2160 2172
2160 3182
2160 2670
2160 2414
2160 2286
2160 2174
2160 3183
2160 2671
2160 2415
2160 2287
2160 2175
2161 3185
2161 2673
2161 2417
2161 2289
2161 2169
2161 2165
2161 2163
2161 2162
2161 3121
2161 2609
2161 2353
2161 2225
2161 3153
2161 2641
2161 2385
2161 2257
2161 3169
2161 2657
2161 2401
2161 2273
2162 3186
2162 2674
2162 2418
2162 2290
2162 2170
2162 2166
2162 2164
2162 3122
2162 2610
2162 2354
2162 2226
2162 3154
2162 2642
2162 2386
2162 2258
2162 3170
2162 2658
2162 2402
2162 2274
2162 3185
2162 2673
2162 2417
2162 2289
2162 2169
2162 2165
2162 2163
2163 3187
2163 2675
2163 2419
2163 2291
2163 2171
2163 2167
2163 2164
2163 3123
2163 2611
2163 2355
2163 2227
2163 3155
2163 2643
2163 2387
2163 2259
2163 3171
2163 2659
2163 2403
2163 2275
2163 3185
2163 2673
2163 2417
2163 2289
2163 2169
2163 2165
2164 3188
2164 2676
2164 2420
2164 2292
2164 2172
2164 2168
2164 3124
2164 2612
2164 2356
2164 2228
2164 3156
2164 2644
2164 2388
2164 2260
2164 3172
2164 2660
2164 2404
2164 2276
2164 3186
2164 2674
2164 2418
2164 2290
2164 2170
2164 2166
2164 3187
2164 2675
2164 2419
2164 2291
2164 2171
2164 2167
2165 3189
2165 2677
2165 2421
2165 2293
2165 2173
2165 2167
2165 2166
2165 3125
2165 2613
2165 2357
2165 2229
2165 3157
2165 2645
2165 2389
2165 2261
2165 3173
2165 2661
2165 2405
2165 2277
2165 3185
2165 2673
2165 2417
2165 2289
2165 2169
2166 3190
2166 2678
2166 2422
2166 2294
2166 2174
2166 2168
2166 3126
2166 2614
2166 2358
2166 2230
2166 3158
2166 2646
2166 2390
2166 2262
2166 3174
2166 2662
2166 2406
2166 2278
2166 3186
2166 2674
2166 2418
2166 2290
2166 2170
2166 3189
2166 2677
2166 2421
2166 2293
2166 2173
2166 2167
2167 3191
2167 2679
2167 2423
2167 2295
2167 2175
2167 2168
2167 3127
2167 2615
2167 2359
2167 2231
2167 3159
2167 2647
2167 2391
2167 2263
2167 3175
2167 2663
2167 2407
2167 2279
2167 3187
2167 2675
2167 2419
2167 2291
2167 2171
2167 3189
2167 2677
2167 2421
2167 2293
2167 2173
2168 3192
2168 2680
2168 2424
2168 2296
2168 2176
2168 3128
2168 2616
2168 2360
2168 2232
2168 3160
2168 2648
2168 2392
2168 2264
2168 3176
2168 2664
2168 2408
2168 2280
2168 3188
2168 2676
2168 2420
2168 2292
2168 2172
2168 3190
2168 2678
2168 2422
2168 2294
2168 2174
2168 3191
2168 2679
2168 2423
2168 2295
2168 2175
2169 3193
2169 2681
2169 2425
2169 2297
2169 2173
2169 2171
2169 2170
2169 3129
2169 2617
2169 2361
2169 2233
2169 3161
2169 2649
2169 2393
2169 2265
2169 3177
2169 2665
2169 2409
2169 2281
2169 3185
2169 2673
2169 2417
2169 2289
2170 3194
2170 2682
2170 2426
2170 2298
2170 2174
2170 2172
2170 3130
2170 2618
2170 2362
2170 2234
2170 3162
2170 2650
2170 2394
2170 2266
2170 3178
2170 2666
2170 2410
2170 2282
2170 3186
2170 2674
2170 2418
2170 2290
2170 3193
2170 2681
2170 2425
2170 2297
2170 2173
2170 2171
2171 3195
2171 2683
2171 2427
2171 2299
2171 2175
2171 2172
2171 3131
2171 2619
2171 2363
2171 2235
2171 3163
2171 2651
2171 2395
2171 2267
2171 3179
2171 2667
2171 2411
2171 2283
2171 3187
2171 2675
2171 2419
2171 2291
2171 3193
2171 2681
2171 2425
2171 2297
2171 2173
2172 3196
2172 2684
2172 2428
2172 2300
2172 2176
2172 3132
2172 2620
2172 2364
2172 2236
2172 3164
2172 2652
2172 2396
2172 2268
2172 3180
2172 2668
2172 2412
2172 2284
2172 3188
2172 2676
2172 2420
2172 2292
2172 3194
2172 2682
2172 2426
2172 2298
2172 2174
2172 3195
2172 2683
2172 2427
2172 2299
2172 2175
2173 3197
2173 2685
2173 2429
2173 2301
2173 2175
2173 2174
2173 3133
2173 2621
2173 2365
2173 2237
2173 3165
2173 2653
2173 2397
2173 2269
2173 3181
2173 2669
2173 2413
2173 2285
2173 3189
2173 2677
2173 2421
2173 2293
2173 3193
2173 2681
2173 2425
2173 2297
2174 3198
2174 2686
2174 2430
2174 2302
2174 2176
2174 3134
2174 2622
2174 2366
2174 2238
2174 3166
2174 2654
2174 2398
2174 2270
2174 3182
2174 2670
2174 2414
2174 2286
2174 3190
2174 2678
2174 2422
2174 2294
2174 3194
2174 2682
2174 2426
2174 2298
2174 3197
2174 2685
2174 2429
2174 2301
2174 2175
2175 3199
2175 2687
2175 2431
2175 2303
2175 2176
2175 3135
2175 2623
2175 2367
2175 2239
2175 3167
2175 2655
2175 2399
2175 2271
2175 3183
2175 2671
2175 2415
2175 2287
2175 3191
2175 2679
2175 2423
2175 2295
2175 3195
2175 2683
2175 2427
2175 2299
2175 3197
2175 2685
2175 2429
2175 2301
2176 3200
2176 2688
2176 2432
2176 2304
2176 3136
2176 2624
2176 2368
2176 2240
2176 3168
2176 2656
2176 2400
2176 2272
2176 3184
2176 2672
2176 2416
2176 2288
2176 3192
2176 2680
2176 2424
2176 2296
2176 3196
2176 2684
2176 2428
2176 2300
2176 3198
2176 2686
2176 2430
2176 2302
2176 3199
2176 2687
2176 2431
2176 2303
2177 3201
2177 2689
2177 2433
2177 2241
2177 2209
2177 2193
2177 2185
2177 2181
2177 2179
2177 2178
2177 3073
2177 2561
2177 2305
2178 3202
2178 2690
2178 2434
2178 2242
2178 2210
2178 2194
2178 2186
2178 2182
2178 2180
2178 3074
2178 2562
2178 2306
2178 3201
2178 2689
2178 2433
2178 2241
2178 2209
2178 2193
2178 2185
2178 2181
2178 2179
2179 3203
2179 2691
2179 2435
2179 2243
2179 2211
2179 2195
2179 2187
2179 2183
2179 2180
2179 3075
2179 2563
2179 2307
2179 3201
2179 2689
2179 2433
2179 2241
2179 2209
2179 2193
2179 2185
2179 2181
2180 3204
2180 2692
2180 2436
2180 2244
2180 2212
2180 2196
2180 2188
2180 2184
2180 3076
2180 2564
2180 2308
2180 3202
2180 2690
2180 2434
2180 2242
2180 2210
2180 2194
2180 2186
2180 2182
2180 3203
2180 2691
2180 2435
2180 2243
2180 2211
2180 2195
2180 2187
2180 2183
2181 3205
2181 2693
2181 2437
2181 2245
2181 2213
2181 2197
2181 2189
2181 2183
2181 2182
2181 3077
2181 2565
2181 2309
2181 3201
2181 2689
2181 2433
2181 2241
2181 2209
2181 2193
2181 2185
2182 3206
2182 2694
2182 2438
2182 2246
2182 2214
2182 2198
2182 2190
2182 2184
2182 3078
2182 2566
2182 2310
2182 3202
2182 2690
2182 2434
2182 2242
2182 2210
2182 2194
2182 2186
2182 3205
2182 2693
2182 2437
2182 2245
2182 2213
2182 2197
2182 2189
2182 2183
2183 3207
2183 2695
2183 2439
2183 2247
2183 2215
2183 2199
2183 2191
2183 2184
2183 3079
2183 2567
2183 2311
2183 3203
2183 2691
2183 2435
2183 2243
2183 2211
2183 2195
2183 2187
2183 3205
2183 2693
2183 2437
2183 2245
2183 2213
2183 2197
2183 2189
2184 3208
2184 2696
2184 2440
2184 2248
2184 2216
2184 2200
2184 2192
2184 3080
2184 2568
2184 2312
2184 3204
2184 2692
2184 2436
2184 2244
2184 2212
2184 2196
2184 2188
2184 3206
2184 2694
2184 2438
2184 2246
2184 2214
2184 2198
2184 2190
2184 3207
2184 2695
2184 2439
2184 2247
2184 2215
2184 2199
2184 2191
2185 3209
2185 2697
2185 2441
2185 2249
2185 2217
2185 2201
2185 2189
2185 2187
2185 2186
2185 3081
2185 2569
2185 2313
2185 3201
2185 2689
2185 2433
2185 2241
2185 2209
2185 2193
2186 3210
2186 2698
2186 2442
2186 2250
2186 2218
2186 2202
2186 2190
2186 2188
2186 3082
2186 2570
2186 2314
2186 3202
2186 2690
2186 2434
2186 2242
2186 2210
2186 2194
2186 3209
2186 2697
2186 2441
2186 2249
2186 2217
2186 2201
2186 2189
2186 2187
2187 3211
2187 2699
2187 2443
2187 2251
2187 2219
2187 2203
2187 2191
2187 2188
2187 3083
2187 2571
2187 2315
2187 3203
2187 2691
2187 2435
2187 2243
2187 2211
2187 2195
2187 3209
2187 2697
2187 2441
2187 2249
2187 2217
2187 2201
2187 2189
2188 3212
2188 2700
2188 2444
2188 2252
2188 2220
2188 2204
2188 2192
2188 3084
2188 2572
2188 2316
2188 3204
2188 2692
2188 2436
2188 2244
2188 2212
2188 2196
2188 3210
2188 2698
2188 2442
2188 2250
2188 2218
2188 2202
2188 2190
2188 3211
2188 2699
2188 2443
2188 2251
2188 2219
2188 2203
2188 2191
2189 3213
2189 2701
2189 2445
2189 2253
2189 2221
2189 2205
2189 2191
2189 2190
2189 3085
2189 2573
2189 2317
2189 3205
2189 2693
2189 2437
2189 2245
2189 2213
2189 2197
2189 3209
2189 2697
2189 2441
2189 2249
2189 2217
2189 2201
2190 3214
2190 2702
2190 2446
2190 2254
2190 2222
2190 2206
2190 2192
2190 3086
2190 2574
2190 2318
2190 3206
2190 2694
2190 2438
2190 2246
2190 2214
2190 2198
2190 3210
2190 2698
2190 2442
2190 2250
2190 2218
2190 2202
2190 3213
2190 2701
2190 2445
2190 2253
2190 2221
2190 2205
2190 2191
2191 3215
2191 2703
2191 2447
2191 2255
2191 2223
2191 2207
2191 2192
2191 3087
2191 2575
2191 2319
2191 3207
2191 2695
2191 2439
2191 2247
2191 2215
2191 2199
2191 3211
2191 2699
2191 2443
2191 2251
2191 2219
2191 2203
2191 3213
2191 2701
2191 2445
2191 2253
2191 2221
2191 2205
2192 3216
2192 2704
2192 2448
2192 2256
2192 2224
2192 2208
2192 3088
2192 2576
2192 2320
2192 3208
2192 2696
2192 2440
2192 2248
2192 2216
2192 2200
2192 3212
2192 2700
2192 2444
2192 2252
2192 2220
2192 2204
2192 3214
2192 2702
2192 2446
2192 2254
2192 2222
2192 2206
2192 3215
2192 2703
2192 2447
2192 2255
2192 2223
2192 2207
2193 3217
2193 2705
2193 2449
2193 2257
2193 2225
2193 2201
2193 2197
2193 2195
2193 2194
2193 3089
2193 2577
2193 2321
2193 3201
2193 2689
2193 2433
2193 2241
2193 2209
2194 3218
2194 2706
2194 2450
2194 2258
2194 2226
2194 2202
2194 2198
2194 2196
2194 3090
2194 2578
2194 2322
2194 3202
2194 2690
2194 2434
2194 2242
2194 2210
2194 3217
2194 2705
2194 2449
2194 2257
2194 2225
2194 2201
2194 2197
2194 2195
2195 3219
2195 2707
2195 2451
2195 2259
2195 2227
2195 2203
2195 2199
2195 2196
2195 3091
2195 2579
2195 2323
2195 3203
2195 2691
2195 2435
2195 2243
2195 2211
2195 3217
2195 2705
2195 2449
2195 2257
2195 2225
2195 2201
2195 2197
2196 3220
2196 2708
2196 2452
2196 2260
2196 2228
2196 2204
2196 2200
2196 3092
2196 2580
2196 2324
2196 3204
2196 2692
2196 2436
2196 2244
2196 2212
2196 3218
2196 2706
2196 2450
2196 2258
2196 2226
2196 2202
2196 2198
2196 3219
2196 2707
2196 2451
2196 2259
2196 2227
2196 2203
2196 2199
2197 3221
2197 2709
2197 2453
2197 2261
2197 2229
2197 2205
2197 2199
2197 2198
2197 3093
2197 2581
2197 2325
2197 3205
2197 2693
2197 2437
2197 2245
2197 2213
2197 3217
2197 2705
2197 2449
2197 2257
2197 2225
2197 2201
2198 3222
2198 2710
2198 2454
2198 2262
2198 2230
2198 2206
2198 2200
2198 3094
2198 2582
2198 2326
2198 3206
2198 2694
2198 2438
2198 2246
2198 2214
2198 3218
2198 2706
2198 2450
2198 2258
2198 2226
2198 2202
2198 3221
2198 2709
2198 2453
2198 2261
2198 2229
2198 2205
2198 2199
2199 3223
2199 2711
2199 2455
2199 2263
2199 2231
2199 2207
2199 2200
2199 3095
2199 2583
2199 2327
2199 3207
2199 2695
2199 2439
2199 2247
2199 2215
2199 3219
2199 2707
2199 2451
2199 2259
2199 2227
2199 2203
2199 3221
2199 2709
2199 2453
2199 2261
2199 2229
2199 2205
2200 3224
2200 2712
2200 2456
2200 2264
2200 2232
2200 2208
2200 3096
2200 2584
2200 2328
2200 3208
2200 2696
2200 2440
2200 2248
2200 2216
2200 3220
2200 2708
2200 2452
2200 2260
2200 2228
2200 2204
2200 3222
2200 2710
2200 2454
2200 2262
2200 2230
2200 2206
2200 3223
2200 2711
2200 2455
2200 2263
2200 2231
2200 2207
2201 3225
2201 2713
2201 2457
2201 2265
2201 2233
2201 2205
2201 2203
2201 2202
2201 3097
2201 2585
2201 2329
2201 3209
2201 2697
2201 2441
2201 2249
2201 2217
2201 3217
2201 2705
2201 2449
2201 2257
2201 2225
2202 3226
2202 2714
2202 2458
2202 2266
2202 2234
2202 2206
2202 2204
2202 3098
2202 2586
2202 2330
2202 3210
2202 2698
2202 2442
2202 2250
2202 2218
2202 3218
2202 2706
2202 2450
2202 2258
2202 2226
2202 3225
2202 2713
2202 2457
2202 2265
2202 2233
2202 2205
2202 2203
2203 3227
2203 2715
2203 2459
2203 2267
2203 2235
2203 2207
2203 2204
2203 3099
2203 2587
2203 2331
2203 3211
2203 2699
2203 2443
2203 2251
2203 2219
2203 3219
2203 2707
2203 2451
2203 2259
2203 2227
2203 3225
2203 2713
2203 2457
2203 2265
2203 2233
2203 2205
2204 3228
2204 2716
2204 2460
2204 2268
2204 2236
2204 2208
2204 3100
2204 2588
2204 2332
2204 3212
2204 2700
2204 2444
2204 2252
2204 2220
2204 3220
2204 2708
2204 2452
2204 2260
2204 2228
2204 3226
2204 2714
2204 2458
2204 2266
2204 2234
2204 2206
2204 3227
2204 2715
2204 2459
2204 2267
2204 2235
2204 2207
2205 3229
2205 2717
2205 2461
2205 2269
2205 2237
2205 2207
2205 2206
2205 3101
2205 2589
2205 2333
2205 3213
2205 2701
2205 2445
2205 2253
2205 2221
2205 3221
2205 2709
2205 2453
2205 2261
2205 2229
2205 3225
2205 2713
2205 2457
2205 2265
2205 2233
2206 3230
2206 2718
2206 2462
2206 2270
2206 2238
2206 2208
2206 3102
2206 2590
2206 2334
2206 3214
2206 2702
2206 2446
2206 2254
2206 2222
2206 3222
2206 2710
2206 2454
2206 2262
2206 2230
2206 3226
2206 2714
2206 2458
2206 2266
2206 2234
2206 3229
2206 2717
2206 2461
2206 2269
2206 2237
2206 2207
2207 3231
2207 2719
2207 2463
2207 2271
2207 2239
2207 2208
2207 3103
2207 2591
2207 2335
2207 3215
2207 2703
2207 2447
2207 2255
2207 2223
2207 3223
2207 2711
2207 2455
2207 2263
2207 2231
2207 3227
2207 2715
2207 2459
2207 2267
2207 2235
2207 3229
2207 2717
2207 2461
2207 2269
2207 2237
2208 3232
2208 2720
2208 2464
2208 2272
2208 2240
2208 3104
2208 2592
2208 2336
2208 3216
2208 2704
2208 2448
2208 2256
2208 2224
2208 3224
2208 2712
2208 2456
2208 2264
2208 2232
2208 3228
2208 2716
2208 2460
2208 2268
2208 2236
2208 3230
2208 2718
2208 2462
2208 2270
2208 2238
2208 3231
2208 2719
2208 2463
2208 2271
2208 2239
2209 3233
2209 2721
2209 2465
2209 2273
2209 2225
2209 2217
2209 2213
2209 2211
2209 2210
2209 3105
2209 2593
2209 2337
2209 3201
2209 2689
2209 2433
2209 2241
2210 3234
2210 2722
2210 2466
2210 2274
2210 2226
2210 2218
2210 2214
2210 2212
2210 3106
2210 2594
2210 2338
2210 3202
2210 2690
2210 2434
2210 2242
2210 3233
2210 2721
2210 2465
2210 2273
2210 2225
2210 2217
2210 2213
2210 2211
2211 3235
2211 2723
2211 2467
2211 2275
2211 2227
2211 2219
2211 2215
2211 2212
2211 3107
2211 2595
2211 2339
2211 3203
2211 2691
2211 2435
2211 2243
2211 3233
2211 2721
2211 2465
2211 2273
2211 2225
2211 2217
2211 2213
2212 3236
2212 2724
2212 2468
2212 2276
2212 2228
2212 2220
2212 2216
2212 3108
2212 2596
2212 2340
2212 3204
2212 2692
2212 2436
2212 2244
2212 3234
2212 2722
2212 2466
2212 2274
2212 2226
2212 2218
2212 2214
2212 3235
2212 2723
2212 2467
2212 2275
2212 2227
2212 2219
2212 2215
2213 3237
2213 2725
2213 2469
2213 2277
2213 2229
2213 2221
2213 2215
2213 2214
2213 3109
2213 2597
2213 2341
2213 3205
2213 2693
2213 2437
2213 2245
2213 3233
2213 2721
2213 2465
2213 2273
2213 2225
2213 2217
2214 3238
2214 2726
2214 2470
2214 2278
2214 2230
2214 2222
2214 2216
2214 3110
2214 2598
2214 2342
2214 3206
2214 2694
2214 2438
2214 2246
2214 3234
2214 2722
2214 2466
2214 2274
2214 2226
2214 2218
2214 3237
2214 2725
2214 2469
2214 2277
2214 2229
2214 2221
2214 2215
2215 3239
2215 2727
2215 2471
2215 2279
2215 2231
2215 2223
2215 2216
2215 3111
2215 2599
2215 2343
2215 3207
2215 2695
2215 2439
2215 2247
2215 3235
2215 2723
2215 2467
2215 2275
2215 2227
2215 2219
2215 3237
2215 2725
2215 2469
2215 2277
2215 2229
2215 2221
2216 3240
2216 2728
2216 2472
2216 2280
2216 2232
2216 2224
2216 3112
2216 2600
2216 2344
2216 3208
2216 2696
2216 2440
2216 2248
2216 3236
2216 2724
2216 2468
2216 2276
2216 2228
2216 2220
2216 3238
2216 2726
2216 2470
2216 2278
2216 2230
2216 2222
2216 3239
2216 2727
2216 2471
2216 2279
2216 2231
2216 2223
2217 3241
2217 2729
2217 2473
2217 2281
2217 2233
2217 2221
2217 2219
2217 2218
2217 3113
2217 2601
2217 2345
2217 3209
2217 2697
2217 2441
2217 2249
2217 3233
2217 2721
2217 2465
2217 2273
2217 2225
2218 3242
2218 2730
2218 2474
2218 2282
2218 2234
2218 2222
2218 2220
2218 3114
2218 2602
2218 2346
2218 3210
2218 2698
2218 2442
2218 2250
2218 3234
2218 2722
2218 2466
2218 2274
2218 2226
2218 3241
2218 2729
2218 2473
2218 2281
2218 2233
2218 2221
2218 2219
2219 3243
2219 2731
2219 2475
2219 2283
2219 2235
2219 2223
2219 2220
2219 3115
2219 2603
2219 2347
2219 3211
2219 2699
2219 2443
2219 2251
2219 3235
2219 2723
2219 2467
2219 2275
2219 2227
2219 3241
2219 2729
2219 2473
2219 2281
2219 2233
2219 2221
2220 3244
2220 2732
2220 2476
2220 2284
2220 2236
2220 2224
2220 3116
2220 2604
2220 2348
2220 3212
2220 2700
2220 2444
2220 2252
2220 3236
2220 2724
2220 2468
2220 2276
2220 2228
2220 3242
2220 2730
2220 2474
2220 2282
2220 2234
2220 2222
2220 3243
2220 2731
2220 2475
2220 2283
2220 2235
2220 2223
2221 3245
2221 2733
2221 2477
2221 2285
2221 2237
2221 2223
2221 2222
2221 3117
2221 2605
2221 2349
2221 3213
2221 2701
2221 2445
2221 2253
2221 3237
2221 2725
2221 2469
2221 2277
2221 2229
2221 3241
2221 2729
2221 2473
2221 2281
2221 2233
2222 3246
2222 2734
2222 2478
2222 2286
2222 2238
2222 2224
2222 3118
2222 2606
2222 2350
2222 3214
2222 2702
2222 2446
2222 2254
2222 3238
2222 2726
2222 2470
2222 2278
2222 2230
2222 3242
2222 2730
2222 2474
2222 2282
2222 2234
2222 3245
2222 2733
2222 2477
2222 2285
2222 2237
2222 2223
2223 3247
2223 2735
2223 2479
2223 2287
2223 2239
2223 2224
2223 3119
2223 2607
2223 2351
2223 3215
2223 2703
2223 2447
2223 2255
2223 3239
2223 2727
2223 2471
2223 2279
2223 2231
2223 3243
2223 2731
2223 2475
2223 2283
2223 2235
2223 3245
2223 2733
2223 2477
2223 2285
2223 2237
2224 3248
2224 2736
2224 2480
2224 2288
2224 2240
2224 3120
2224 2608
2224 2352
2224 3216
2224 2704
2224 2448
2224 2256
2224 3240
2224 2728
2224 2472
2224 2280
2224 2232
2224 3244
2224 2732
2224 2476
2224 2284
2224 2236
2224 3246
2224 2734
2224 2478
2224 2286
2224 2238
2224 3247
2224 2735
2224 2479
2224 2287
2224 2239
2225 3249
2225 2737
2225 2481
2225 2289
2225 2233
2225 2229
2225 2227
2225 2226
2225 3121
2225 2609
2225 2353
2225 3217
2225 2705
2225 2449
2225 2257
2225 3233
2225 2721
2225 2465
2225 2273
2226 3250
2226 2738
2226 2482
2226 2290
2226 2234
2226 2230
2226 2228
2226 3122
2226 2610
2226 2354
2226 3218
2226 2706
2226 2450
2226 2258
2226 3234
2226 2722
2226 2466
2226 2274
2226 3249
2226 2737
2226 2481
2226 2289
2226 2233
2226 2229
2226 2227
2227 3251
2227 2739
2227 2483
2227 2291
2227 2235
2227 2231
2227 2228
2227 3123
2227 2611
2227 2355
2227 3219
2227 2707
2227 2451
2227 2259
2227 3235
2227 2723
2227 2467
2227 2275
2227 3249
2227 2737
2227 2481
2227 2289
2227 2233
2227 2229
2228 3252
2228 2740
2228 2484
2228 2292
2228 2236
2228 2232
2228 3124
2228 2612
2228 2356
2228 3220
2228 2708
2228 2452
2228 2260
2228 3236
2228 2724
2228 2468
2228 2276
2228 3250
2228 2738
2228 2482
2228 2290
2228 2234
2228 2230
2228 3251
2228 2739
2228 2483
2228 2291
2228 2235
2228 2231
2229 3253
2229 2741
2229 2485
2229 2293
2229 2237
2229 2231
2229 2230
2229 3125
2229 2613
2229 2357
2229 3221
2229 2709
2229 2453
2229 2261
2229 3237
2229 2725
2229 2469
2229 2277
2229 3249
2229 2737
2229 2481
2229 2289
2229 2233
2230 3254
2230 2742
2230 2486
2230 2294
2230 2238
2230 2232
2230 3126
2230 2614
2230 2358
2230 3222
2230 2710
2230 2454
2230 2262
2230 3238
2230 2726
2230 2470
2230 2278
2230 3250
2230 2738
2230 2482
2230 2290
2230 2234
2230 3253
2230 2741
2230 2485
2230 2293
2230 2237
2230 2231
2231 3255
2231 2743
2231 2487
2231 2295
2231 2239
2231 2232
2231 3127
2231 2615
2231 2359
2231 3223
2231 2711
2231 2455
2231 2263
2231 3239
2231 2727
2231 2471
2231 2279
2231 3251
2231 2739
2231 2483
2231 2291
2231 2235
2231 3253
2231 2741
2231 2485
2231 2293
2231 2237
2232 3256
2232 2744
2232 2488
2232 2296
2232 2240
2232 3128
2232 2616
2232 2360
2232 3224
2232 2712
2232 2456
2232 2264
2232 3240
2232 2728
2232 2472
2232 2280
2232 3252
2232 2740
2232 2484
2232 2292
2232 2236
2232 3254
2232 2742
2232 2486
2232 2294
2232 2238
2232 3255
2232 2743
2232 2487
2232 2295
2232 2239
2233 3257
2233 2745
2233 2489
2233 2297
2233 2237
2233 2235
2233 2234
2233 3129
2233 2617
2233 2361
2233 3225
2233 2713
2233 2457
2233 2265
2233 3241
2233 2729
2233 2473
2233 2281
2233 3249
2233 2737
2233 2481
2233 2289
2234 3258
2234 2746
2234 2490
2234 2298
2234 2238
2234 2236
2234 3130
2234 2618
2234 2362
2234 3226
2234 2714
2234 2458
2234 2266
2234 3242
2234 2730
2234 2474
2234 2282
2234 3250
2234 2738
2234 2482
2234 2290
2234 3257
2234 2745
2234 2489
2234 2297
2234 2237
2234 2235
2235 3259
2235 2747
2235 2491
2235 2299
2235 2239
2235 2236
2235 3131
2235 2619
2235 2363
2235 3227
2235 2715
2235 2459
2235 2267
2235 3243
2235 2731
2235 2475
2235 2283
2235 3251
2235 2739
2235 2483
2235 2291
2235 3257
2235 2745
2235 2489
2235 2297
2235 2237
2236 3260
2236 2748
2236 2492
2236 2300
2236 2240
2236 3132
2236 2620
2236 2364
2236 3228
2236 2716
2236 2460
2236 2268
2236 3244
2236 2732
2236 2476
2236 2284
2236 3252
2236 2740
2236 2484
2236 2292
2236 3258
2236 2746
2236 2490
2236 2298
2236 2238
2236 3259
2236 2747
2236 2491
2236 2299
2236 2239
2237 3261
2237 2749
2237 2493
2237 2301
2237 2239
2237 2238
2237 3133
2237 2621
2237 2365
2237 3229
2237 2717
2237 2461
2237 2269
2237 3245
2237 2733
2237 2477
2237 2285
2237 3253
2237 2741
2237 2485
2237 2293
2237 3257
2237 2745
2237 2489
2237 2297
2238 3262
2238 2750
2238 2494
2238 2302
2238 2240
2238 3134
2238 2622
2238 2366
2238 3230
2238 2718
2238 2462
2238 2270
2238 3246
2238 2734
2238 2478
2238 2286
2238 3254
2238 2742
2238 2486
2238 2294
2238 3258
2238 2746
2238 2490
2238 2298
2238 3261
2238 2749
2238 2493
2238 2301
2238 2239
2239 3263
2239 2751
2239 2495
2239 2303
2239 2240
2239 3135
2239 2623
2239 2367
2239 3231
2239 2719
2239 2463
2239 2271
2239 3247
2239 2735
2239 2479
2239 2287
2239 3255
2239 2743
2239 2487
2239 2295
2239 3259
2239 2747
2239 2491
2239 2299
2239 3261
2239 2749
2239 2493
2239 2301
2240 3264
2240 2752
2240 2496
2240 2304
2240 3136
2240 2624
2240 2368
2240 3232
2240 2720
2240 2464
2240 2272
2240 3248
2240 2736
2240 2480
2240 2288
2240 3256
2240 2744
2240 2488
2240 2296
2240 3260
2240 2748
2240 2492
2240 2300
2240 3262
2240 2750
2240 2494
2240 2302
2240 3263
2240 2751
2240 2495
2240 2303
2241 3265
2241 2753
2241 2497
2241 2273
2241 2257
2241 2249
2241 2245
2241 2243
2241 2242
2241 3137
2241 2625
2241 2369
2241 3201
2241 2689
2241 2433
2242 3266
2242 2754
2242 2498
2242 2274
2242 2258
2242 2250
2242 2246
2242 2244
2242 3138
2242 2626
2242 2370
2242 3202
2242 2690
2242 2434
2242 3265
2242 2753
2242 2497
2242 2273
2242 2257
2242 2249
2242 2245
2242 2243
2243 3267
2243 2755
2243 2499
2243 2275
2243 2259
2243 2251
2243 2247
2243 2244
2243 3139
2243 2627
2243 2371
2243 3203
2243 2691
2243 2435
2243 3265
2243 2753
2243 2497
2243 2273
2243 2257
2243 2249
2243 2245
2244 3268
2244 2756
2244 2500
2244 2276
2244 2260
2244 2252
2244 2248
2244 3140
2244 2628
2244 2372
2244 3204
2244 2692
2244 2436
2244 3266
2244 2754
2244 2498
2244 2274
2244 2258
2244 2250
2244 2246
2244 3267
2244 2755
2244 2499
2244 2275
2244 2259
2244 2251
2244 2247
2245 3269
2245 2757
2245 2501
2245 2277
2245 2261
2245 2253
2245 2247
2245 2246
2245 3141
2245 2629
2245 2373
2245 3205
2245 2693
2245 2437
2245 3265
2245 2753
2245 2497
2245 2273
2245 2257
2245 2249
2246 3270
2246 2758
2246 2502
2246 2278
2246 2262
2246 2254
2246 2248
2246 3142
2246 2630
2246 2374
2246 3206
2246 2694
2246 2438
2246 3266
2246 2754
2246 2498
2246 2274
2246 2258
2246 2250
2246 3269
2246 2757
2246 2501
2246 2277
2246 2261
2246 2253
2246 2247
2247 3271
2247 2759
2247 2503
2247 2279
2247 2263
2247 2255
2247 2248
2247 3143
2247 2631
2247 2375
2247 3207
2247 2695
2247 2439
2247 3267
2247 2755
2247 2499
2247 2275
2247 2259
2247 2251
2247 3269
2247 2757
2247 2501
2247 2277
2247 2261
2247 2253
2248 3272
2248 2760
2248 2504
2248 2280
2248 2264
2248 2256
2248 3144
2248 2632
2248 2376
2248 3208
2248 2696
2248 2440
2248 3268
2248 2756
2248 2500
2248 2276
2248 2260
2248 2252
2248 3270
2248 2758
2248 2502
2248 2278
2248 2262
2248 2254
2248 3271
2248 2759
2248 2503
2248 2279
2248 2263
2248 2255
2249 3273
2249 2761
2249 2505
2249 2281
2249 2265
2249 2253
2249 2251
2249 2250
2249 3145
2249 2633
2249 2377
2249 3209
2249 2697
2249 2441
2249 3265
2249 2753
2249 2497
2249 2273
2249 2257
2250 3274
2250 2762
2250 2506
2250 2282
2250 2266
2250 2254
2250 2252
2250 3146
2250 2634
2250 2378
2250 3210
2250 2698
2250 2442
2250 3266
2250 2754
2250 2498
2250 2274
2250 2258
2250 3273
2250 2761
2250 2505
2250 2281
2250 2265
2250 2253
2250 2251
2251 3275
2251 2763
2251 2507
2251 2283
2251 2267
2251 2255
2251 2252
2251 3147
2251 2635
2251 2379
2251 3211
2251 2699
2251 2443
2251 3267
2251 2755
2251 2499
2251 2275
2251 2259
2251 3273
2251 2761
2251 2505
2251 2281
2251 2265
2251 2253
2252 3276
2252 2764
2252 2508
2252 2284
2252 2268
2252 2256
2252 3148
2252 2636
2252 2380
2252 3212
2252 2700
2252 2444
2252 3268
2252 2756
2252 2500
2252 2276
2252 2260
2252 3274
2252 2762
2252 2506
2252 2282
2252 2266
2252 2254
2252 3275
2252 2763
2252 2507
2252 2283
2252 2267
2252 2255
2253 3277
2253 2765
2253 2509
2253 2285
2253 2269
2253 2255
2253 2254
2253 3149
2253 2637
2253 2381
2253 3213
2253 2701
2253 2445
2253 3269
2253 2757
2253 2501
2253 2277
2253 2261
2253 3273
2253 2761
2253 2505
2253 2281
2253 2265
2254 3278
2254 2766
2254 2510
2254 2286
2254 2270
2254 2256
2254 3150
2254 2638
2254 2382
2254 3214
2254 2702
2254 2446
2254 3270
2254 2758
2254 2502
2254 2278
2254 2262
2254 3274
2254 2762
2254 2506
2254 2282
2254 2266
2254 3277
2254 2765
2254 2509
2254 2285
2254 2269
2254 2255
2255 3279
2255 2767
2255 2511
2255 2287
2255 2271
2255 2256
2255 3151
2255 2639
2255 2383
2255 3215
2255 2703
2255 2447
2255 3271
2255 2759
2255 2503
2255 2279
2255 2263
2255 3275
2255 2763
2255 2507
2255 2283
2255 2267
2255 3277
2255 2765
2255 2509
2255 2285
2255 2269
2256 3280
2256 2768
2256 2512
2256 2288
2256 2272
2256 3152
2256 2640
2256 2384
2256 3216
2256 2704
2256 2448
2256 3272
2256 2760
2256 2504
2256 2280
2256 2264
2256 3276
2256 2764
2256 2508
2256 2284
2256 2268
2256 3278
2256 2766
2256 2510
2256 2286
2256 2270
2256 3279
2256 2767
2256 2511
2256 2287
2256 2271
2257 3281
2257 2769
2257 2513
2257 2289
2257 2265
2257 2261
2257 2259
2257 2258
2257 3153
2257 2641
2257 2385
2257 3217
2257 2705
2257 2449
2257 3265
2257 2753
2257 2497
2257 2273
2258 3282
2258 2770
2258 2514
2258 2290
2258 2266
2258 2262
2258 2260
2258 3154
2258 2642
2258 2386
2258 3218
2258 2706
2258 2450
2258 3266
2258 2754
2258 2498
2258 2274
2258 3281
2258 2769
2258 2513
2258 2289
2258 2265
2258 2261
2258 2259
2259 3283
2259 2771
2259 2515
2259 2291
2259 2267
2259 2263
2259 2260
2259 3155
2259 2643
2259 2387
2259 3219
2259 2707
2259 2451
2259 3267
2259 2755
2259 2499
2259 2275
2259 3281
2259 2769
2259 2513
2259 2289
2259 2265
2259 2261
2260 3284
2260 2772
2260 2516
2260 2292
2260 2268
2260 2264
2260 3156
2260 2644
2260 2388
2260 3220
2260 2708
2260 2452
2260 3268
2260 2756
2260 2500
2260 2276
2260 3282
2260 2770
2260 2514
2260 2290
2260 2266
2260 2262
2260 3283
2260 2771
2260 2515
2260 2291
2260 2267
2260 2263
2261 3285
2261 2773
2261 2517
2261 2293
2261 2269
2261 2263
2261 2262
2261 3157
2261 2645
2261 2389
2261 3221
2261 2709
2261 2453
2261 3269
2261 2757
2261 2501
2261 2277
2261 3281
2261 2769
2261 2513
2261 2289
2261 2265
2262 3286
2262 2774
2262 2518
2262 2294
2262 2270
2262 2264
2262 3158
2262 2646
2262 2390
2262 3222
2262 2710
2262 2454
2262 3270
2262 2758
2262 2502
2262 2278
2262 3282
2262 2770
2262 2514
2262 2290
2262 2266
2262 3285
2262 2773
2262 2517
2262 2293
2262 2269
2262 2263
2263 3287
2263 2775
2263 2519
2263 2295
2263 2271
2263 2264
2263 3159
2263 2647
2263 2391
2263 3223
2263 2711
2263 2455
2263 3271
2263 2759
2263 2503
2263 2279
2263 3283
2263 2771
2263 2515
2263 2291
2263 2267
2263 3285
2263 2773
2263 2517
2263 2293
2263 2269
2264 3288
2264 2776
2264 2520
2264 2296
2264 2272
2264 3160
2264 2648
2264 2392
2264 3224
2264 2712
2264 2456
2264 3272
2264 2760
2264 2504
2264 2280
2264 3284
2264 2772
2264 2516
2264 2292
2264 2268
2264 3286
2264 2774
2264 2518
2264 2294
2264 2270
2264 3287
2264 2775
2264 2519
2264 2295
2264 2271
2265 3289
2265 2777
2265 2521
2265 2297
2265 2269
2265 2267
2265 2266
2265 3161
2265 2649
2265 2393
2265 3225
2265 2713
2265 2457
2265 3273
2265 2761
2265 2505
2265 2281
2265 3281
2265 2769
2265 2513
2265 2289
2266 3290
2266 2778
2266 2522
2266 2298
2266 2270
2266 2268
2266 3162
2266 2650
2266 2394
2266 3226
2266 2714
2266 2458
2266 3274
2266 2762
2266 2506
2266 2282
2266 3282
2266 2770
2266 2514
2266 2290
2266 3289
2266 2777
2266 2521
2266 2297
2266 2269
2266 2267
2267 3291
2267 2779
2267 2523
2267 2299
2267 2271
2267 2268
2267 3163
2267 2651
2267 2395
2267 3227
2267 2715
2267 2459
2267 3275
2267 2763
2267 2507
2267 2283
2267 3283
2267 2771
2267 2515
2267 2291
2267 3289
2267 2777
2267 2521
2267 2297
2267 2269
2268 3292
2268 2780
2268 2524
2268 2300
2268 2272
2268 3164
2268 2652
2268 2396
2268 3228
2268 2716
2268 2460
2268 3276
2268 2764
2268 2508
2268 2284
2268 3284
2268 2772
2268 2516
2268 2292
2268 3290
2268 2778
2268 2522
2268 2298
2268 2270
2268 3291
2268 2779
2268 2523
2268 2299
2268 2271
2269 3293
2269 2781
2269 2525
2269 2301
2269 2271
2269 2270
2269 3165
2269 2653
2269 2397
2269 3229
2269 2717
2269 2461
2269 3277
2269 2765
2269 2509
2269 2285
2269 3285
2269 2773
2269 2517
2269 2293
2269 3289
2269 2777
2269 2521
2269 2297
2270 3294
2270 2782
2270 2526
2270 2302
2270 2272
2270 3166
2270 2654
2270 2398
2270 3230
2270 2718
2270 2462
2270 3278
2270 2766
2270 2510
2270 2286
2270 3286
2270 2774
2270 2518
2270 2294
2270 3290
2270 2778
2270 2522
2270 2298
2270 3293
2270 2781
2270 2525
2270 2301
2270 2271
2271 3295
2271 2783
2271 2527
2271 2303
2271 2272
2271 3167
2271 2655
2271 2399
2271 3231
2271 2719
2271 2463
2271 3279
2271 2767
2271 2511
2271 2287
2271 3287
2271 2775
2271 2519
2271 2295
2271 3291
2271 2779
2271 2523
2271 2299
2271 3293
2271 2781
2271 2525
2271 2301
2272 3296
2272 2784
2272 2528
2272 2304
2272 3168
2272 2656
2272 2400
2272 3232
2272 2720
2272 2464
2272 3280
2272 2768
2272 2512
2272 2288
2272 3288
2272 2776
2272 2520
2272 2296
2272 3292
2272 2780
2272 2524
2272 2300
2272 3294
2272 2782
2272 2526
2272 2302
2272 3295
2272 2783
2272 2527
2272 2303
2273 3297
2273 2785
2273 2529
2273 2289
2273 2281
2273 2277
2273 2275
2273 2274
2273 3169
2273 2657
2273 2401
2273 3233
2273 2721
2273 2465
2273 3265
2273 2753
2273 2497
2274 3298
2274 2786
2274 2530
2274 2290
2274 2282
2274 2278
2274 2276
2274 3170
2274 2658
2274 2402
2274 3234
2274 2722
2274 2466
2274 3266
2274 2754
2274 2498
2274 3297
2274 2785
2274 2529
2274 2289
2274 2281
2274 2277
2274 2275
2275 3299
2275 2787
2275 2531
2275 2291
2275 2283
2275 2279
2275 2276
2275 3171
2275 2659
2275 2403
2275 3235
2275 2723
2275 2467
2275 3267
2275 2755
2275 2499
2275 3297
2275 2785
2275 2529
2275 2289
2275 2281
2275 2277
2276 3300
2276 2788
2276 2532
2276 2292
2276 2284
2276 2280
2276 3172
2276 2660
2276 2404
2276 3236
2276 2724
2276 2468
2276 3268
2276 2756
2276 2500
2276 3298
2276 2786
2276 2530
2276 2290
2276 2282
2276 2278
2276 3299
2276 2787
2276 2531
2276 2291
2276 2283
2276 2279
2277 3301
2277 2789
2277 2533
2277 2293
2277 2285
2277 2279
2277 2278
2277 3173
2277 2661
2277 2405
2277 3237
2277 2725
2277 2469
2277 3269
2277 2757
2277 2501
2277 3297
2277 2785
2277 2529
2277 2289
2277 2281
2278 3302
2278 2790
2278 2534
2278 2294
2278 2286
2278 2280
2278 3174
2278 2662
2278 2406
2278 3238
2278 2726
2278 2470
2278 3270
2278 2758
2278 2502
2278 3298
2278 2786
2278 2530
2278 2290
2278 2282
2278 3301
2278 2789
2278 2533
2278 2293
2278 2285
2278 2279
2279 3303
2279 2791
2279 2535
2279 2295
2279 2287
2279 2280
2279 3175
2279 2663
2279 2407
2279 3239
2279 2727
2279 2471
2279 3271
2279 2759
2279 2503
2279 3299
2279 2787
2279 2531
2279 2291
2279 2283
2279 3301
2279 2789
2279 2533
2279 2293
2279 2285
2280 3304
2280 2792
2280 2536
2280 2296
2280 2288
2280 3176
2280 2664
2280 2408
2280 3240
2280 2728
2280 2472
2280 3272
2280 2760
2280 2504
2280 3300
2280 2788
2280 2532
2280 2292
2280 2284
2280 3302
2280 2790
2280 2534
2280 2294
2280 2286
2280 3303
2280 2791
2280 2535
2280 2295
2280 2287
2281 3305
2281 2793
2281 2537
2281 2297
2281 2285
2281 2283
2281 2282
2281 3177
2281 2665
2281 2409
2281 3241
2281 2729
2281 2473
2281 3273
2281 2761
2281 2505
2281 3297
2281 2785
2281 2529
2281 2289
2282 3306
2282 2794
2282 2538
2282 2298
2282 2286
2282 2284
2282 3178
2282 2666
2282 2410
2282 3242
2282 2730
2282 2474
2282 3274
2282 2762
2282 2506
2282 3298
2282 2786
2282 2530
2282 2290
2282 3305
2282 2793
2282 2537
2282 2297
2282 2285
2282 2283
2283 3307
2283 2795
2283 2539
2283 2299
2283 2287
2283 2284
2283 3179
2283 2667
2283 2411
2283 3243
2283 2731
2283 2475
2283 3275
2283 2763
2283 2507
2283 3299
2283 2787
2283 2531
2283 2291
2283 3305
2283 2793
2283 2537
2283 2297
2283 2285
2284 3308
2284 2796
2284 2540
2284 2300
2284 2288
2284 3180
2284 2668
2284 2412
2284 3244
2284 2732
2284 2476
2284 3276
2284 2764
2284 2508
2284 3300
2284 2788
2284 2532
2284 2292
2284 3306
2284 2794
2284 2538
2284 2298
2284 2286
2284 3307
2284 2795
2284 2539
2284 2299
2284 2287
2285 3309
2285 2797
2285 2541
2285 2301
2285 2287
2285 2286
2285 3181
2285 2669
2285 2413
2285 3245
2285 2733
2285 2477
2285 3277
2285 2765
2285 2509
2285 3301
2285 2789
2285 2533
2285 2293
2285 3305
2285 2793
2285 2537
2285 2297
2286 3310
2286 2798
2286 2542
2286 2302
2286 2288
2286 3182
2286 2670
2286 2414
2286 3246
2286 2734
2286 2478
2286 3278
2286 2766
2286 2510
2286 3302
2286 2790
2286 2534
2286 2294
2286 3306
2286 2794
2286 2538
2286 2298
2286 3309
2286 2797
2286 2541
2286 2301
2286 2287
2287 3311
2287 2799
2287 2543
2287 2303
2287 2288
2287 3183
2287 2671
2287 2415
2287 3247
2287 2735
2287 2479
2287 3279
2287 2767
2287 2511
2287 3303
2287 2791
2287 2535
2287 2295
2287 3307
2287 2795
2287 2539
2287 2299
2287 3309
2287 2797
2287 2541
2287 2301
2288 3312
2288 2800
2288 2544
2288 2304
2288 3184
2288 2672
2288 2416
2288 3248
2288 2736
2288 2480
2288 3280
2288 2768
2288 2512
2288 3304
2288 2792
2288 2536
2288 2296
2288 3308
2288 2796
2288 2540
2288 2300
2288 3310
2288 2798
2288 2542
2288 2302
2288 3311
2288 2799
2288 2543
2288 2303
2289 3313
2289 2801
2289 2545
2289 2297
2289 2293
2289 2291
2289 2290
2289 3185
2289 2673
2289 2417
2289 3249
2289 2737
2289 2481
2289 3281
2289 2769
2289 2513
2289 3297
2289 2785
2289 2529
2290 3314
2290 2802
2290 2546
2290 2298
2290 2294
2290 2292
2290 3186
2290 2674
2290 2418
2290 3250
2290 2738
2290 2482
2290 3282
2290 2770
2290 2514
2290 3298
2290 2786
2290 2530
2290 3313
2290 2801
2290 2545
2290 2297
2290 2293
2290 2291
2291 3315
2291 2803
2291 2547
2291 2299
2291 2295
2291 2292
2291 3187
2291 2675
2291 2419
2291 3251
2291 2739
2291 2483
2291 3283
2291 2771
2291 2515
2291 3299
2291 2787
2291 2531
2291 3313
2291 2801
2291 2545
2291 2297
2291 2293
2292 3316
2292 2804
2292 2548
2292 2300
2292 2296
2292 3188
2292 2676
2292 2420
2292 3252
2292 2740
2292 2484
2292 3284
2292 2772
2292 2516
2292 3300
2292 2788
2292 2532
2292 3314
2292 2802
2292 2546
2292 2298
2292 2294
2292 3315
2292 2803
2292 2547
2292 2299
2292 2295
2293 3317
2293 2805
2293 2549
2293 2301
2293 2295
2293 2294
2293 3189
2293 2677
2293 2421
2293 3253
2293 2741
2293 2485
2293 3285
2293 2773
2293 2517
2293 3301
2293 2789
2293 2533
2293 3313
2293 2801
2293 2545
2293 2297
2294 3318
2294 2806
2294 2550
2294 2302
2294 2296
2294 3190
2294 2678
2294 2422
2294 3254
2294 2742
2294 2486
2294 3286
2294 2774
2294 2518
2294 3302
2294 2790
2294 2534
2294 3314
2294 2802
2294 2546
2294 2298
2294 3317
2294 2805
2294 2549
2294 2301
2294 2295
2295 3319
2295 2807
2295 2551
2295 2303
2295 2296
2295 3191
2295 2679
2295 2423
2295 3255
2295 2743
2295 2487
2295 3287
2295 2775
2295 2519
2295 3303
2295 2791
2295 2535
2295 3315
2295 2803
2295 2547
2295 2299
2295 3317
2295 2805
2295 2549
2295 2301
2296 3320
2296 2808
2296 2552
2296 2304
2296 3192
2296 2680
2296 2424
2296 3256
2296 2744
2296 2488
2296 3288
2296 2776
2296 2520
2296 3304
2296 2792
2296 2536
2296 3316
2296 2804
2296 2548
2296 2300
2296 3318
2296 2806
2296 2550
2296 2302
2296 3319
2296 2807
2296 2551
2296 2303
2297 3321
2297 2809
2297 2553
2297 2301
2297 2299
2297 2298
2297 3193
2297 2681
2297 2425
2297 3257
2297 2745
2297 2489
2297 3289
2297 2777
2297 2521
2297 3305
2297 2793
2297 2537
2297 3313
2297 2801
2297 2545
2298 3322
2298 2810
2298 2554
2298 2302
2298 2300
2298 3194
2298 2682
2298 2426
2298 3258
2298 2746
2298 2490
2298 3290
2298 2778
2298 2522
2298 3306
2298 2794
2298 2538
2298 3314
2298 2802
2298 2546
2298 3321
2298 2809
2298 2553
2298 2301
2298 2299
2299 3323
2299 2811
2299 2555
2299 2303
2299 2300
2299 3195
2299 2683
2299 2427
2299 3259
2299 2747
2299 2491
2299 3291
2299 2779
2299 2523
2299 3307
2299 2795
2299 2539
2299 3315
2299 2803
2299 2547
2299 3321
2299 2809
2299 2553
2299 2301
2300 3324
2300 2812
2300 2556
2300 2304
2300 3196
2300 2684
2300 2428
2300 3260
2300 2748
2300 2492
2300 3292
2300 2780
2300 2524
2300 3308
2300 2796
2300 2540
2300 3316
2300 2804
2300 2548
2300 3322
2300 2810
2300 2554
2300 2302
2300 3323
2300 2811
2300 2555
2300 2303
2301 3325
2301 2813
2301 2557
2301 2303
2301 2302
2301 3197
2301 2685
2301 2429
2301 3261
2301 2749
2301 2493
2301 3293
2301 2781
2301 2525
2301 3309
2301 2797
2301 2541
2301 3317
2301 2805
2301 2549
2301 3321
2301 2809
2301 2553
2302 3326
2302 2814
2302 2558
2302 2304
2302 3198
2302 2686
2302 2430
2302 3262
2302 2750
2302 2494
2302 3294
2302 2782
2302 2526
2302 3310
2302 2798
2302 2542
2302 3318
2302 2806
2302 2550
2302 3322
2302 2810
2302 2554
2302 3325
2302 2813
2302 2557
2302 2303
2303 3327
2303 2815
2303 2559
2303 2304
2303 3199
2303 2687
2303 2431
2303 3263
2303 2751
2303 2495
2303 3295
2303 2783
2303 2527
2303 3311
2303 2799
2303 2543
2303 3319
2303 2807
2303 2551
2303 3323
2303 2811
2303 2555
2303 3325
2303 2813
2303 2557
2304 3328
2304 2816
2304 2560
2304 3200
2304 2688
2304 2432
2304 3264
2304 2752
2304 2496
2304 3296
2304 2784
2304 2528
2304 3312
2304 2800
2304 2544
2304 3320
2304 2808
2304 2552
2304 3324
2304 2812
2304 2556
2304 3326
2304 2814
2304 2558
2304 3327
2304 2815
2304 2559
2305 3329
2305 2817
2305 2433
2305 2369
2305 2337
2305 2321
2305 2313
2305 2309
2305 2307
2305 2306
2305 3073
2305 2561
2306 3330
2306 2818
2306 2434
2306 2370
2306 2338
2306 2322
2306 2314
2306 2310
2306 2308
2306 3074
2306 2562
2306 3329
2306 2817
2306 2433
2306 2369
2306 2337
2306 2321
2306 2313
2306 2309
2306 2307
2307 3331
2307 2819
2307 2435
2307 2371
2307 2339
2307 2323
2307 2315
2307 2311
2307 2308
2307 3075
2307 2563
2307 3329
2307 2817
2307 2433
2307 2369
2307 2337
2307 2321
2307 2313
2307 2309
2308 3332
2308 2820
2308 2436
2308 2372
2308 2340
2308 2324
2308 2316
2308 2312
2308 3076
2308 2564
2308 3330
2308 2818
2308 2434
2308 2370
2308 2338
2308 2322
2308 2314
2308 2310
2308 3331
2308 2819
2308 2435
2308 2371
2308 2339
2308 2323
2308 2315
2308 2311
2309 3333
2309 2821
2309 2437
2309 2373
2309 2341
2309 2325
2309 2317
2309 2311
2309 2310
2309 3077
2309 2565
2309 3329
2309 2817
2309 2433
2309 2369
2309 2337
2309 2321
2309 2313
2310 3334
2310 2822
2310 2438
2310 2374
2310 2342
2310 2326
2310 2318
2310 2312
2310 3078
2310 2566
2310 3330
2310 2818
2310 2434
2310 2370
2310 2338
2310 2322
2310 2314
2310 3333
2310 2821
2310 2437
2310 2373
2310 2341
2310 2325
2310 2317
2310 2311
2311 3335
2311 2823
2311 2439
2311 2375
2311 2343
2311 2327
2311 2319
2311 2312
2311 3079
2311 2567
2311 3331
2311 2819
2311 2435
2311 2371
2311 2339
2311 2323
2311 2315
2311 3333
2311 2821
2311 2437
2311 2373
2311 2341
2311 2325
2311 2317
2312 3336
2312 2824
2312 2440
2312 2376
2312 2344
2312 2328
2312 2320
2312 3080
2312 2568
2312 3332
2312 2820
2312 2436
2312 2372
2312 2340
2312 2324
2312 2316
2312 3334
2312 2822
2312 2438
2312 2374
2312 2342
2312 2326
2312 2318
2312 3335
2312 2823
2312 2439
2312 2375
2312 2343
2312 2327
2312 2319
2313 3337
2313 2825
2313 2441
2313 2377
2313 2345
2313 2329
2313 2317
2313 2315
2313 2314
2313 3081
2313 2569
2313 3329
2313 2817
2313 2433
2313 2369
2313 2337
2313 2321
2314 3338
2314 2826
2314 2442
2314 2378
2314 2346
2314 2330
2314 2318
2314 2316
2314 3082
2314 2570
2314 3330
2314 2818
2314 2434
2314 2370
2314 2338
2314 2322
2314 3337
2314 2825
2314 2441
2314 2377
2314 2345
2314 2329
2314 2317
2314 2315
2315 3339
2315 2827
2315 2443
2315 2379
2315 2347
2315 2331
2315 2319
2315 2316
2315 3083
2315 2571
2315 3331
2315 2819
2315 2435
2315 2371
2315 2339
2315 2323
2315 3337
2315 2825
2315 2441
2315 2377
2315 2345
2315 2329
2315 2317
2316 3340
2316 2828
2316 2444
2316 2380
2316 2348
2316 2332
2316 2320
2316 3084
2316 2572
2316 3332
2316 2820
2316 2436
2316 2372
2316 2340
2316 2324
2316 3338
2316 2826
2316 2442
2316 2378
2316 2346
2316 2330
2316 2318
2316 3339
2316 2827
2316 2443
2316 2379
2316 2347
2316 2331
2316 2319
2317 3341
2317 2829
2317 2445
2317 2381
2317 2349
2317 2333
2317 2319
2317 2318
2317 3085
2317 2573
2317 3333
2317 2821
2317 2437
2317 2373
2317 2341
2317 2325
2317 3337
2317 2825
2317 2441
2317 2377
2317 2345
2317 2329
2318 3342
2318 2830
2318 2446
2318 2382
2318 2350
2318 2334
2318 2320
2318 3086
2318 2574
2318 3334
2318 2822
2318 2438
2318 2374
2318 2342
2318 2326
2318 3338
2318 2826
2318 2442
2318 2378
2318 2346
2318 2330
2318 3341
2318 2829
2318 2445
2318 2381
2318 2349
2318 2333
2318 2319
2319 3343
2319 2831
2319 2447
2319 2383
2319 2351
2319 2335
2319 2320
2319 3087
2319 2575
2319 3335
2319 2823
2319 2439
2319 2375
2319 2343
2319 2327
2319 3339
2319 2827
2319 2443
2319 2379
2319 2347
2319 2331
2319 3341
2319 2829
2319 2445
2319 2381
2319 2349
2319 2333
2320 3344
2320 2832
2320 2448
2320 2384
2320 2352
2320 2336
2320 3088
2320 2576
2320 3336
2320 2824
2320 2440
2320 2376
2320 2344
2320 2328
2320 3340
2320 2828
2320 2444
2320 2380
2320 2348
2320 2332
2320 3342
2320 2830
2320 2446
2320 2382
2320 2350
2320 2334
2320 3343
2320 2831
2320 2447
2320 2383
2320 2351
2320 2335
2321 3345
2321 2833
2321 2449
2321 2385
2321 2353
2321 2329
2321 2325
2321 2323
2321 2322
2321 3089
2321 2577
2321 3329
2321 2817
2321 2433
2321 2369
2321 2337
2322 3346
2322 2834
2322 2450
2322 2386
2322 2354
2322 2330
2322 2326
2322 2324
2322 3090
2322 2578
2322 3330
2322 2818
2322 2434
2322 2370
2322 2338
2322 3345
2322 2833
2322 2449
2322 2385
2322 2353
2322 2329
2322 2325
2322 2323
2323 3347
2323 2835
2323 2451
2323 2387
2323 2355
2323 2331
2323 2327
2323 2324
2323 3091
2323 2579
2323 3331
2323 2819
2323 2435
2323 2371
2323 2339
2323 3345
2323 2833
2323 2449
2323 2385
2323 2353
2323 2329
2323 2325
2324 3348
2324 2836
2324 2452
2324 2388
2324 2356
2324 2332
2324 2328
2324 3092
2324 2580
2324 3332
2324 2820
2324 2436
2324 2372
2324 2340
2324 3346
2324 2834
2324 2450
2324 2386
2324 2354
2324 2330
2324 2326
2324 3347
2324 2835
2324 2451
2324 2387
2324 2355
2324 2331
2324 2327
2325 3349
2325 2837
2325 2453
2325 2389
2325 2357
2325 2333
2325 2327
2325 2326
2325 3093
2325 2581
2325 3333
2325 2821
2325 2437
2325 2373
2325 2341
2325 3345
2325 2833
2325 2449
2325 2385
2325 2353
2325 2329
2326 3350
2326 2838
2326 2454
2326 2390
2326 2358
2326 2334
2326 2328
2326 3094
2326 2582
2326 3334
2326 2822
2326 2438
2326 2374
2326 2342
2326 3346
2326 2834
2326 2450
2326 2386
2326 2354
2326 2330
2326 3349
2326 2837
2326 2453
2326 2389
2326 2357
2326 2333
2326 2327
2327 3351
2327 2839
2327 2455
2327 2391
2327 2359
2327 2335
2327 2328
2327 3095
2327 2583
2327 3335
2327 2823
2327 2439
2327 2375
2327 2343
2327 3347
2327 2835
2327 2451
2327 2387
2327 2355
2327 2331
2327 3349
2327 2837
2327 2453
2327 2389
2327 2357
2327 2333
2328 3352
2328 2840
2328 2456
2328 2392
2328 2360
2328 2336
2328 3096
2328 2584
2328 3336
2328 2824
2328 2440
2328 2376
2328 2344
2328 3348
2328 2836
2328 2452
2328 2388
2328 2356
2328 2332
2328 3350
2328 2838
2328 2454
2328 2390
2328 2358
2328 2334
2328 3351
2328 2839
2328 2455
2328 2391
2328 2359
2328 2335
2329 3353
2329 2841
2329 2457
2329 2393
2329 2361
2329 2333
2329 2331
2329 2330
2329 3097
2329 2585
2329 3337
2329 2825
2329 2441
2329 2377
2329 2345
2329 3345
2329 2833
2329 2449
2329 2385
2329 2353
2330 3354
2330 2842
2330 2458
2330 2394
2330 2362
2330 2334
2330 2332
2330 3098
2330 2586
2330 3338
2330 2826
2330 2442
2330 2378
2330 2346
2330 3346
2330 2834
2330 2450
2330 2386
2330 2354
2330 3353
2330 2841
2330 2457
2330 2393
2330 2361
2330 2333
2330 2331
2331 3355
2331 2843
2331 2459
2331 2395
2331 2363
2331 2335
2331 2332
2331 3099
2331 2587
2331 3339
2331 2827
2331 2443
2331 2379
2331 2347
2331 3347
2331 2835
2331 2451
2331 2387
2331 2355
2331 3353
2331 2841
2331 2457
2331 2393
2331 2361
2331 2333
2332 3356
2332 2844
2332 2460
2332 2396
2332 2364
2332 2336
2332 3100
2332 2588
2332 3340
2332 2828
2332 2444
2332 2380
2332 2348
2332 3348
2332 2836
2332 2452
2332 2388
2332 2356
2332 3354
2332 2842
2332 2458
2332 2394
2332 2362
2332 2334
2332 3355
2332 2843
2332 2459
2332 2395
2332 2363
2332 2335
2333 3357
2333 2845
2333 2461
2333 2397
2333 2365
2333 2335
2333 2334
2333 3101
2333 2589
2333 3341
2333 2829
2333 2445
2333 2381
2333 2349
2333 3349
2333 2837
2333 2453
2333 2389
2333 2357
2333 3353
2333 2841
2333 2457
2333 2393
2333 2361
2334 3358
2334 2846
2334 2462
2334 2398
2334 2366
2334 2336
2334 3102
2334 2590
2334 3342
2334 2830
2334 2446
2334 2382
2334 2350
2334 3350
2334 2838
2334 2454
2334 2390
2334 2358
2334 3354
2334 2842
2334 2458
2334 2394
2334 2362
2334 3357
2334 2845
2334 2461
2334 2397
2334 2365
2334 2335
2335 3359
2335 2847
2335 2463
2335 2399
2335 2367
2335 2336
2335 3103
2335 2591
2335 3343
2335 2831
2335 2447
2335 2383
2335 2351
2335 3351
2335 2839
2335 2455
2335 2391
2335 2359
2335 3355
2335 2843
2335 2459
2335 2395
2335 2363
2335 3357
2335 2845
2335 2461
2335 2397
2335 2365
2336 3360
2336 2848
2336 2464
2336 2400
2336 2368
2336 3104
2336 2592
2336 3344
2336 2832
2336 2448
2336 2384
2336 2352
2336 3352
2336 2840
2336 2456
2336 2392
2336 2360
2336 3356
2336 2844
2336 2460
2336 2396
2336 2364
2336 3358
2336 2846
2336 2462
2336 2398
2336 2366
2336 3359
2336 2847
2336 2463
2336 2399
2336 2367
2337 3361
2337 2849
2337 2465
2337 2401
2337 2353
2337 2345
2337 2341
2337 2339
2337 2338
2337 3105
2337 2593
2337 3329
2337 2817
2337 2433
2337 2369
2338 3362
2338 2850
2338 2466
2338 2402
2338 2354
2338 2346
2338 2342
2338 2340
2338 3106
2338 2594
2338 3330
2338 2818
2338 2434
2338 2370
2338 3361
2338 2849
2338 2465
2338 2401
2338 2353
2338 2345
2338 2341
2338 2339
2339 3363
2339 2851
2339 2467
2339 2403
2339 2355
2339 2347
2339 2343
2339 2340
2339 3107
2339 2595
2339 3331
2339 2819
2339 2435
2339 2371
2339 3361
2339 2849
2339 2465
2339 2401
2339 2353
2339 2345
2339 2341
2340 3364
2340 2852
2340 2468
2340 2404
2340 2356
2340 2348
2340 2344
2340 3108
2340 2596
2340 3332
2340 2820
2340 2436
2340 2372
2340 3362
2340 2850
2340 2466
2340 2402
2340 2354
2340 2346
2340 2342
2340 3363
2340 2851
2340 2467
2340 2403
2340 2355
2340 2347
2340 2343
2341 3365
2341 2853
2341 2469
2341 2405
2341 2357
2341 2349
2341 2343
2341 2342
2341 3109
2341 2597
2341 3333
2341 2821
2341 2437
2341 2373
2341 3361
2341 2849
2341 2465
2341 2401
2341 2353
2341 2345
2342 3366
2342 2854
2342 2470
2342 2406
2342 2358
2342 2350
2342 2344
2342 3110
2342 2598
2342 3334
2342 2822
2342 2438
2342 2374
2342 3362
2342 2850
2342 2466
2342 2402
2342 2354
2342 2346
2342 3365
2342 2853
2342 2469
2342 2405
2342 2357
2342 2349
2342 2343
2343 3367
2343 2855
2343 2471
2343 2407
2343 2359
2343 2351
2343 2344
2343 3111
2343 2599
2343 3335
2343 2823
2343 2439
2343 2375
2343 3363
2343 2851
2343 2467
2343 2403
2343 2355
2343 2347
2343 3365
2343 2853
2343 2469
2343 2405
2343 2357
2343 2349
2344 3368
2344 2856
2344 2472
2344 2408
2344 2360
2344 2352
2344 3112
2344 2600
2344 3336
2344 2824
2344 2440
2344 2376
2344 3364
2344 2852
2344 2468
2344 2404
2344 2356
2344 2348
2344 3366
2344 2854
2344 2470
2344 2406
2344 2358
2344 2350
2344 3367
2344 2855
2344 2471
2344 2407
2344 2359
2344 2351
2345 3369
2345 2857
2345 2473
2345 2409
2345 2361
2345 2349
2345 2347
2345 2346
2345 3113
2345 2601
2345 3337
2345 2825
2345 2441
2345 2377
2345 3361
2345 2849
2345 2465
2345 2401
2345 2353
2346 3370
2346 2858
2346 2474
2346 2410
2346 2362
2346 2350
2346 2348
2346 3114
2346 2602
2346 3338
2346 2826
2346 2442
2346 2378
2346 3362
2346 2850
2346 2466
2346 2402
2346 2354
2346 3369
2346 2857
2346 2473
2346 2409
2346 2361
2346 2349
2346 2347
2347 3371
2347 2859
2347 2475
2347 2411
2347 2363
2347 2351
2347 2348
2347 3115
2347 2603
2347 3339
2347 2827
2347 2443
2347 2379
2347 3363
2347 2851
2347 2467
2347 2403
2347 2355
2347 3369
2347 2857
2347 2473
2347 2409
2347 2361
2347 2349
2348 3372
2348 2860
2348 2476
2348 2412
2348 2364
2348 2352
2348 3116
2348 2604
2348 3340
2348 2828
2348 2444
2348 2380
2348 3364
2348 2852
2348 2468
2348 2404
2348 2356
2348 3370
2348 2858
2348 2474
2348 2410
2348 2362
2348 2350
2348 3371
2348 2859
2348 2475
2348 2411
2348 2363
2348 2351
2349 3373
2349 2861
2349 2477
2349 2413
2349 2365
2349 2351
2349 2350
2349 3117
2349 2605
2349 3341
2349 2829
2349 2445
2349 2381
2349 3365
2349 2853
2349 2469
2349 2405
2349 2357
2349 3369
2349 2857
2349 2473
2349 2409
2349 2361
2350 3374
2350 2862
2350 2478
2350 2414
2350 2366
2350 2352
2350 3118
2350 2606
2350 3342
2350 2830
2350 2446
2350 2382
2350 3366
2350 2854
2350 2470
2350 2406
2350 2358
2350 3370
2350 2858
2350 2474
2350 2410
2350 2362
2350 3373
2350 2861
2350 2477
2350 2413
2350 2365
2350 2351
2351 3375
2351 2863
2351 2479
2351 2415
2351 2367
2351 2352
2351 3119
2351 2607
2351 3343
2351 2831
2351 2447
2351 2383
2351 3367
2351 2855
2351 2471
2351 2407
2351 2359
2351 3371
2351 2859
2351 2475
2351 2411
2351 2363
2351 3373
2351 2861
2351 2477
2351 2413
2351 2365
2352 3376
2352 2864
2352 2480
2352 2416
2352 2368
2352 3120
2352 2608
2352 3344
2352 2832
2352 2448
2352 2384
2352 3368
2352 2856
2352 2472
2352 2408
2352 2360
2352 3372
2352 2860
2352 2476
2352 2412
2352 2364
2352 3374
2352 2862
2352 2478
2352 2414
2352 2366
2352 3375
2352 2863
2352 2479
2352 2415
2352 2367
2353 3377
2353 2865
2353 2481
2353 2417
2353 2361
2353 2357
2353 2355
2353 2354
2353 3121
2353 2609
2353 3345
2353 2833
2353 2449
2353 2385
2353 3361
2353 2849
2353 2465
2353 2401
2354 3378
2354 2866
2354 2482
2354 2418
2354 2362
2354 2358
2354 2356
2354 3122
2354 2610
2354 3346
2354 2834
2354 2450
2354 2386
2354 3362
2354 2850
2354 2466
2354 2402
2354 3377
2354 2865
2354 2481
2354 2417
2354 2361
2354 2357
2354 2355
2355 3379
2355 2867
2355 2483
2355 2419
2355 2363
2355 2359
2355 2356
2355 3123
2355 2611
2355 3347
2355 2835
2355 2451
2355 2387
2355 3363
2355 2851
2355 2467
2355 2403
2355 3377
2355 2865
2355 2481
2355 2417
2355 2361
2355 2357
2356 3380
2356 2868
2356 2484
2356 2420
2356 2364
2356 2360
2356 3124
2356 2612
2356 3348
2356 2836
2356 2452
2356 2388
2356 3364
2356 2852
2356 2468
2356 2404
2356 3378
2356 2866
2356 2482
2356 2418
2356 2362
2356 2358
2356 3379
2356 2867
2356 2483
2356 2419
2356 2363
2356 2359
2357 3381
2357 2869
2357 2485
2357 2421
2357 2365
2357 2359
2357 2358
2357 3125
2357 2613
2357 3349
2357 2837
2357 2453
2357 2389
2357 3365
2357 2853
2357 2469
2357 2405
2357 3377
2357 2865
2357 2481
2357 2417
2357 2361
2358 3382
2358 2870
2358 2486
2358 2422
2358 2366
2358 2360
2358 3126
2358 2614
2358 3350
2358 2838
2358 2454
2358 2390
2358 3366
2358 2854
2358 2470
2358 2406
2358 3378
2358 2866
2358 2482
2358 2418
2358 2362
2358 3381
2358 2869
2358 2485
2358 2421
2358 2365
2358 2359
2359 3383
2359 2871
2359 2487
2359 2423
2359 2367
2359 2360
2359 3127
2359 2615
2359 3351
2359 2839
2359 2455
2359 2391
2359 3367
2359 2855
2359 2471
2359 2407
2359 3379
2359 2867
2359 2483
2359 2419
2359 2363
2359 3381
2359 2869
2359 2485
2359 2421
2359 2365
2360 3384
2360 2872
2360 2488
2360 2424
2360 2368
2360 3128
2360 2616
2360 3352
2360 2840
2360 2456
2360 2392
2360 3368
2360 2856
2360 2472
2360 2408
2360 3380
2360 2868
2360 2484
2360 2420
2360 2364
2360 3382
2360 2870
2360 2486
2360 2422
2360 2366
2360 3383
2360 2871
2360 2487
2360 2423
2360 2367
2361 3385
2361 2873
2361 2489
2361 2425
2361 2365
2361 2363
2361 2362
2361 3129
2361 2617
2361 3353
2361 2841
2361 2457
2361 2393
2361 3369
2361 2857
2361 2473
2361 2409
2361 3377
2361 2865
2361 2481
2361 2417
2362 3386
2362 2874
2362 2490
2362 2426
2362 2366
2362 2364
2362 3130
2362 2618
2362 3354
2362 2842
2362 2458
2362 2394
2362 3370
2362 2858
2362 2474
2362 2410
2362 3378
2362 2866
2362 2482
2362 2418
2362 3385
2362 2873
2362 2489
2362 2425
2362 2365
2362 2363
2363 3387
2363 2875
2363 2491
2363 2427
2363 2367
2363 2364
2363 3131
2363 2619
2363 3355
2363 2843
2363 2459
2363 2395
2363 3371
2363 2859
2363 2475
2363 2411
2363 3379
2363 2867
2363 2483
2363 2419
2363 3385
2363 2873
2363 2489
2363 2425
2363 2365
2364 3388
2364 2876
2364 2492
2364 2428
2364 2368
2364 3132
2364 2620
2364 3356
2364 2844
2364 2460
2364 2396
2364 3372
2364 2860
2364 2476
2364 2412
2364 3380
2364 2868
2364 2484
2364 2420
2364 3386
2364 2874
2364 2490
2364 2426
2364 2366
2364 3387
2364 2875
2364 2491
2364 2427
2364 2367
2365 3389
2365 2877
2365 2493
2365 2429
2365 2367
2365 2366
2365 3133
2365 2621
2365 3357
2365 2845
2365 2461
2365 2397
2365 3373
2365 2861
2365 2477
2365 2413
2365 3381
2365 2869
2365 2485
2365 2421
2365 3385
2365 2873
2365 2489
2365 2425
2366 3390
2366 2878
2366 2494
2366 2430
2366 2368
2366 3134
2366 2622
2366 3358
2366 2846
2366 2462
2366 2398
2366 3374
2366 2862
2366 2478
2366 2414
2366 3382
2366 2870
2366 2486
2366 2422
2366 3386
2366 2874
2366 2490
2366 2426
2366 3389
2366 2877
2366 2493
2366 2429
2366 2367
2367 3391
2367 2879
2367 2495
2367 2431
2367 2368
2367 3135
2367 2623
2367 3359
2367 2847
2367 2463
2367 2399
2367 3375
2367 2863
2367 2479
2367 2415
2367 3383
2367 2871
2367 2487
2367 2423
2367 3387
2367 2875
2367 2491
2367 2427
2367 3389
2367 2877
2367 2493
2367 2429
2368 3392
2368 2880
2368 2496
2368 2432
2368 3136
2368 2624
2368 3360
2368 2848
2368 2464
2368 2400
2368 3376
2368 2864
2368 2480
2368 2416
2368 3384
2368 2872
2368 2488
2368 2424
2368 3388
2368 2876
2368 2492
2368 2428
2368 3390
2368 2878
2368 2494
2368 2430
2368 3391
2368 2879
2368 2495
2368 2431
2369 3393
2369 2881
2369 2497
2369 2401
2369 2385
2369 2377
2369 2373
2369 2371
2369 2370
2369 3137
2369 2625
2369 3329
2369 2817
2369 2433
2370 3394
2370 2882
2370 2498
2370 2402
2370 2386
2370 2378
2370 2374
2370 2372
2370 3138
2370 2626
2370 3330
2370 2818
2370 2434
2370 3393
2370 2881
2370 2497
2370 2401
2370 2385
2370 2377
2370 2373
2370 2371
2371 3395
2371 2883
2371 2499
2371 2403
2371 2387
2371 2379
2371 2375
2371 2372
2371 3139
2371 2627
2371 3331
2371 2819
2371 2435
2371 3393
2371 2881
2371 2497
2371 2401
2371 2385
2371 2377
2371 2373
2372 3396
2372 2884
2372 2500
2372 2404
2372 2388
2372 2380
2372 2376
2372 3140
2372 2628
2372 3332
2372 2820
2372 2436
2372 3394
2372 2882
2372 2498
2372 2402
2372 2386
2372 2378
2372 2374
2372 3395
2372 2883
2372 2499
2372 2403
2372 2387
2372 2379
2372 2375
2373 3397
2373 2885
2373 2501
2373 2405
2373 2389
2373 2381
2373 2375
2373 2374
2373 3141
2373 2629
2373 3333
2373 2821
2373 2437
2373 3393
2373 2881
2373 2497
2373 2401
2373 2385
2373 2377
2374 3398
2374 2886
2374 2502
2374 2406
2374 2390
2374 2382
2374 2376
2374 3142
2374 2630
2374 3334
2374 2822
2374 2438
2374 3394
2374 2882
2374 2498
2374 2402
2374 2386
2374 2378
2374 3397
2374 2885
2374 2501
2374 2405
2374 2389
2374 2381
2374 2375
2375 3399
2375 2887
2375 2503
2375 2407
2375 2391
2375 2383
2375 2376
2375 3143
2375 2631
2375 3335
2375 2823
2375 2439
2375 3395
2375 2883
2375 2499
2375 2403
2375 2387
2375 2379
2375 3397
2375 2885
2375 2501
2375 2405
2375 2389
2375 2381
2376 3400
2376 2888
2376 2504
2376 2408
2376 2392
2376 2384
2376 3144
2376 2632
2376 3336
2376 2824
2376 2440
2376 3396
2376 2884
2376 2500
2376 2404
2376 2388
2376 2380
2376 3398
2376 2886
2376 2502
2376 2406
2376 2390
2376 2382
2376 3399
2376 2887
2376 2503
2376 2407
2376 2391
2376 2383
2377 3401
2377 2889
2377 2505
2377 2409
2377 2393
2377 2381
2377 2379
2377 2378
2377 3145
2377 2633
2377 3337
2377 2825
2377 2441
2377 3393
2377 2881
2377 2497
2377 2401
2377 2385
2378 3402
2378 2890
2378 2506
2378 2410
2378 2394
2378 2382
2378 2380
2378 3146
2378 2634
2378 3338
2378 2826
2378 2442
2378 3394
2378 2882
2378 2498
2378 2402
2378 2386
2378 3401
2378 2889
2378 2505
2378 2409
2378 2393
2378 2381
2378 2379
2379 3403
2379 2891
2379 2507
2379 2411
2379 2395
2379 2383
2379 2380
2379 3147
2379 2635
2379 3339
2379 2827
2379 2443
2379 3395
2379 2883
2379 2499
2379 2403
2379 2387
2379 3401
2379 2889
2379 2505
2379 2409
2379 2393
2379 2381
2380 3404
2380 2892
2380 2508
2380 2412
2380 2396
2380 2384
2380 3148
2380 2636
2380 3340
2380 2828
2380 2444
2380 3396
2380 2884
2380 2500
2380 2404
2380 2388
2380 3402
2380 2890
2380 2506
2380 2410
2380 2394
2380 2382
2380 3403
2380 2891
2380 2507
2380 2411
2380 2395
2380 2383
2381 3405
2381 2893
2381 2509
2381 2413
2381 2397
2381 2383
2381 2382
2381 3149
2381 2637
2381 3341
2381 2829
2381 2445
2381 3397
2381 2885
2381 2501
2381 2405
2381 2389
2381 3401
2381 2889
2381 2505
2381 2409
2381 2393
2382 3406
2382 2894
2382 2510
2382 2414
2382 2398
2382 2384
2382 3150
2382 2638
2382 3342
2382 2830
2382 2446
2382 3398
2382 2886
2382 2502
2382 2406
2382 2390
2382 3402
2382 2890
2382 2506
2382 2410
2382 2394
2382 3405
2382 2893
2382 2509
2382 2413
2382 2397
2382 2383
2383 3407
2383 2895
2383 2511
2383 2415
2383 2399
2383 2384
2383 3151
2383 2639
2383 3343
2383 2831
2383 2447
2383 3399
2383 2887
2383 2503
2383 2407
2383 2391
2383 3403
2383 2891
2383 2507
2383 2411
2383 2395
2383 3405
2383 2893
2383 2509
2383 2413
2383 2397
2384 3408
2384 2896
2384 2512
2384 2416
2384 2400
2384 3152
2384 2640
2384 3344
2384 2832
2384 2448
2384 3400
2384 2888
2384 2504
2384 2408
2384 2392
2384 3404
2384 2892
2384 2508
2384 2412
2384 2396
2384 3406
2384 2894
2384 2510
2384 2414
2384 2398
2384 3407
2384 2895
2384 2511
2384 2415
2384 2399
2385 3409
2385 2897
2385 2513
2385 2417
2385 2393
2385 2389
2385 2387
2385 2386
2385 3153
2385 2641
2385 3345
2385 2833
2385 2449
2385 3393
2385 2881
2385 2497
2385 2401
2386 3410
2386 2898
2386 2514
2386 2418
2386 2394
2386 2390
2386 2388
2386 3154
2386 2642
2386 3346
2386 2834
2386 2450
2386 3394
2386 2882
2386 2498
2386 2402
2386 3409
2386 2897
2386 2513
2386 2417
2386 2393
2386 2389
2386 2387
2387 3411
2387 2899
2387 2515
2387 2419
2387 2395
2387 2391
2387 2388
2387 3155
2387 2643
2387 3347
2387 2835
2387 2451
2387 3395
2387 2883
2387 2499
2387 2403
2387 3409
2387 2897
2387 2513
2387 2417
2387 2393
2387 2389
2388 3412
2388 2900
2388 2516
2388 2420
2388 2396
2388 2392
2388 3156
2388 2644
2388 3348
2388 2836
2388 2452
2388 3396
2388 2884
2388 2500
2388 2404
2388 3410
2388 2898
2388 2514
2388 2418
2388 2394
2388 2390
2388 3411
2388 2899
2388 2515
2388 2419
2388 2395
2388 2391
2389 3413
2389 2901
2389 2517
2389 2421
2389 2397
2389 2391
2389 2390
2389 3157
2389 2645
2389 3349
2389 2837
2389 2453
2389 3397
2389 2885
2389 2501
2389 2405
2389 3409
2389 2897
2389 2513
2389 2417
2389 2393
2390 3414
2390 2902
2390 2518
2390 2422
2390 2398
2390 2392
2390 3158
2390 2646
2390 3350
2390 2838
2390 2454
2390 3398
2390 2886
2390 2502
2390 2406
2390 3410
2390 2898
2390 2514
2390 2418
2390 2394
2390 3413
2390 2901
2390 2517
2390 2421
2390 2397
2390 2391
2391 3415
2391 2903
2391 2519
2391 2423
2391 2399
2391 2392
2391 3159
2391 2647
2391 3351
2391 2839
2391 2455
2391 3399
2391 2887
2391 2503
2391 2407
2391 3411
2391 2899
2391 2515
2391 2419
2391 2395
2391 3413
2391 2901
2391 2517
2391 2421
2391 2397
2392 3416
2392 2904
2392 2520
2392 2424
2392 2400
2392 3160
2392 2648
2392 3352
2392 2840
2392 2456
2392 3400
2392 2888
2392 2504
2392 2408
2392 3412
2392 2900
2392 2516
2392 2420
2392 2396
2392 3414
2392 2902
2392 2518
2392 2422
2392 2398
2392 3415
2392 2903
2392 2519
2392 2423
2392 2399
2393 3417
2393 2905
2393 2521
2393 2425
2393 2397
2393 2395
2393 2394
2393 3161
2393 2649
2393 3353
2393 2841
2393 2457
2393 3401
2393 2889
2393 2505
2393 2409
2393 3409
2393 2897
2393 2513
2393 2417
2394 3418
2394 2906
2394 2522
2394 2426
2394 2398
2394 2396
2394 3162
2394 2650
2394 3354
2394 2842
2394 2458
2394 3402
2394 2890
2394 2506
2394 2410
2394 3410
2394 2898
2394 2514
2394 2418
2394 3417
2394 2905
2394 2521
2394 2425
2394 2397
2394 2395
2395 3419
2395 2907
2395 2523
2395 2427
2395 2399
2395 2396
2395 3163
2395 2651
2395 3355
2395 2843
2395 2459
2395 3403
2395 2891
2395 2507
2395 2411
2395 3411
2395 2899
2395 2515
2395 2419
2395 3417
2395 2905
2395 2521
2395 2425
2395 2397
2396 3420
2396 2908
2396 2524
2396 2428
2396 2400
2396 3164
2396 2652
2396 3356
2396 2844
2396 2460
2396 3404
2396 2892
2396 2508
2396 2412
2396 3412
2396 2900
2396 2516
2396 2420
2396 3418
2396 2906
2396 2522
2396 2426
2396 2398
2396 3419
2396 2907
2396 2523
2396 2427
2396 2399
2397 3421
2397 2909
2397 2525
2397 2429
2397 2399
2397 2398
2397 3165
2397 2653
2397 3357
2397 2845
2397 2461
2397 3405
2397 2893
2397 2509
2397 2413
2397 3413
2397 2901
2397 2517
2397 2421
2397 3417
2397 2905
2397 2521
2397 2425
2398 3422
2398 2910
2398 2526
2398 2430
2398 2400
2398 3166
2398 2654
2398 3358
2398 2846
2398 2462
2398 3406
2398 2894
2398 2510
2398 2414
2398 3414
2398 2902
2398 2518
2398 2422
2398 3418
2398 2906
2398 2522
2398 2426
2398 3421
2398 2909
2398 2525
2398 2429
2398 2399
2399 3423
2399 2911
2399 2527
2399 2431
2399 2400
2399 3167
2399 2655
2399 3359
2399 2847
2399 2463
2399 3407
2399 2895
2399 2511
2399 2415
2399 3415
2399 2903
2399 2519
2399 2423
2399 3419
2399 2907
2399 2523
2399 2427
2399 3421
2399 2909
2399 2525
2399 2429
2400 3424
2400 2912
2400 2528
2400 2432
2400 3168
2400 2656
2400 3360
2400 2848
2400 2464
2400 3408
2400 2896
2400 2512
2400 2416
2400 3416
2400 2904
2400 2520
2400 2424
2400 3420
2400 2908
2400 2524
2400 2428
2400 3422
2400 2910
2400 2526
2400 2430
2400 3423
2400 2911
2400 2527
2400 2431
2401 3425
2401 2913
2401 2529
2401 2417
2401 2409
2401 2405
2401 2403
2401 2402
2401 3169
2401 2657
2401 3361
2401 2849
2401 2465
2401 3393
2401 2881
2401 2497
2402 3426
2402 2914
2402 2530
2402 2418
2402 2410
2402 2406
2402 2404
2402 3170
2402 2658
2402 3362
2402 2850
2402 2466
2402 3394
2402 2882
2402 2498
2402 3425
2402 2913
2402 2529
2402 2417
2402 2409
2402 2405
2402 2403
2403 3427
2403 2915
2403 2531
2403 2419
2403 2411
2403 2407
2403 2404
2403 3171
2403 2659
2403 3363
2403 2851
2403 2467
2403 3395
2403 2883
2403 2499
2403 3425
2403 2913
2403 2529
2403 2417
2403 2409
2403 2405
2404 3428
2404 2916
2404 2532
2404 2420
2404 2412
2404 2408
2404 3172
2404 2660
2404 3364
2404 2852
2404 2468
2404 3396
2404 2884
2404 2500
2404 3426
2404 2914
2404 2530
2404 2418
2404 2410
2404 2406
2404 3427
2404 2915
2404 2531
2404 2419
2404 2411
2404 2407
2405 3429
2405 2917
2405 2533
2405 2421
2405 2413
2405 2407
2405 2406
2405 3173
2405 2661
2405 3365
2405 2853
2405 2469
2405 3397
2405 2885
2405 2501
2405 3425
2405 2913
2405 2529
2405 2417
2405 2409
2406 3430
2406 2918
2406 2534
2406 2422
2406 2414
2406 2408
2406 3174
2406 2662
2406 3366
2406 2854
2406 2470
2406 3398
2406 2886
2406 2502
2406 3426
2406 2914
2406 2530
2406 2418
2406 2410
2406 3429
2406 2917
2406 2533
2406 2421
2406 2413
2406 2407
2407 3431
2407 2919
2407 2535
2407 2423
2407 2415
2407 2408
2407 3175
2407 2663
2407 3367
2407 2855
2407 2471
2407 3399
2407 2887
2407 2503
2407 3427
2407 2915
2407 2531
2407 2419
2407 2411
2407 3429
2407 2917
2407 2533
2407 2421
2407 2413
2408 3432
2408 2920
2408 2536
2408 2424
2408 2416
2408 3176
2408 2664
2408 3368
2408 2856
2408 2472
2408 3400
2408 2888
2408 2504
2408 3428
2408 2916
2408 2532
2408 2420
2408 2412
2408 3430
2408 2918
2408 2534
2408 2422
2408 2414
2408 3431
2408 2919
2408 2535
2408 2423
2408 2415
2409 3433
2409 2921
2409 2537
2409 2425
2409 2413
2409 2411
2409 2410
2409 3177
2409 2665
2409 3369
2409 2857
2409 2473
2409 3401
2409 2889
2409 2505
2409 3425
2409 2913
2409 2529
2409 2417
2410 3434
2410 2922
2410 2538
2410 2426
2410 2414
2410 2412
2410 3178
2410 2666
2410 3370
2410 2858
2410 2474
2410 3402
2410 2890
2410 2506
2410 3426
2410 2914
2410 2530
2410 2418
2410 3433
2410 2921
2410 2537
2410 2425
2410 2413
2410 2411
2411 3435
2411 2923
2411 2539
2411 2427
2411 2415
2411 2412
2411 3179
2411 2667
2411 3371
2411 2859
2411 2475
2411 3403
2411 2891
2411 2507
2411 3427
2411 2915
2411 2531
2411 2419
2411 3433
2411 2921
2411 2537
2411 2425
2411 2413
2412 3436
2412 2924
2412 2540
2412 2428
2412 2416
2412 3180
2412 2668
2412 3372
2412 2860
2412 2476
2412 3404
2412 2892
2412 2508
2412 3428
2412 2916
2412 2532
2412 2420
2412 3434
2412 2922
2412 2538
2412 2426
2412 2414
2412 3435
2412 2923
2412 2539
2412 2427
2412 2415
2413 3437
2413 2925
2413 2541
2413 2429
2413 2415
2413 2414
2413 3181
2413 2669
2413 3373
2413 2861
2413 2477
2413 3405
2413 2893
2413 2509
2413 3429
2413 2917
2413 2533
2413 2421
2413 3433
2413 2921
2413 2537
2413 2425
2414 3438
2414 2926
2414 2542
2414 2430
2414 2416
2414 3182
2414 2670
2414 3374
2414 2862
2414 2478
2414 3406
2414 2894
2414 2510
2414 3430
2414 2918
2414 2534
2414 2422
2414 3434
2414 2922
2414 2538
2414 2426
2414 3437
2414 2925
2414 2541
2414 2429
2414 2415
2415 3439
2415 2927
2415 2543
2415 2431
2415 2416
2415 3183
2415 2671
2415 3375
2415 2863
2415 2479
2415 3407
2415 2895
2415 2511
2415 3431
2415 2919
2415 2535
2415 2423
2415 3435
2415 2923
2415 2539
2415 2427
2415 3437
2415 2925
2415 2541
2415 2429
2416 3440
2416 2928
2416 2544
2416 2432
2416 3184
2416 2672
2416 3376
2416 2864
2416 2480
2416 3408
2416 2896
2416 2512
2416 3432
2416 2920
2416 2536
2416 2424
2416 3436
2416 2924
2416 2540
2416 2428
2416 3438
2416 2926
2416 2542
2416 2430
2416 3439
2416 2927
2416 2543
2416 2431
2417 3441
2417 2929
2417 2545
2417 2425
2417 2421
2417 2419
2417 2418
2417 3185
2417 2673
2417 3377
2417 2865
2417 2481
2417 3409
2417 2897
2417 2513
2417 3425
2417 2913
2417 2529
2418 3442
2418 2930
2418 2546
2418 2426
2418 2422
2418 2420
2418 3186
2418 2674
2418 3378
2418 2866
2418 2482
2418 3410
2418 2898
2418 2514
2418 3426
2418 2914
2418 2530
2418 3441
2418 2929
2418 2545
2418 2425
2418 2421
2418 2419
2419 3443
2419 2931
2419 2547
2419 2427
2419 2423
2419 2420
2419 3187
2419 2675
2419 3379
2419 2867
2419 2483
2419 3411
2419 2899
2419 2515
2419 3427
2419 2915
2419 2531
2419 3441
2419 2929
2419 2545
2419 2425
2419 2421
2420 3444
2420 2932
2420 2548
2420 2428
2420 2424
2420 3188
2420 2676
2420 3380
2420 2868
2420 2484
2420 3412
2420 2900
2420 2516
2420 3428
2420 2916
2420 2532
2420 3442
2420 2930
2420 2546
2420 2426
2420 2422
2420 3443
2420 2931
2420 2547
2420 2427
2420 2423
2421 3445
2421 2933
2421 2549
2421 2429
2421 2423
2421 2422
2421 3189
2421 2677
2421 3381
2421 2869
2421 2485
2421 3413
2421 2901
2421 2517
2421 3429
2421 2917
2421 2533
2421 3441
2421 2929
2421 2545
2421 2425
2422 3446
2422 2934
2422 2550
2422 2430
2422 2424
2422 3190
2422 2678
2422 3382
2422 2870
2422 2486
2422 3414
2422 2902
2422 2518
2422 3430
2422 2918
2422 2534
2422 3442
2422 2930
2422 2546
2422 2426
2422 3445
2422 2933
2422 2549
2422 2429
2422 2423
2423 3447
2423 2935
2423 2551
2423 2431
2423 2424
2423 3191
2423 2679
2423 3383
2423 2871
2423 2487
2423 3415
2423 2903
2423 2519
2423 3431
2423 2919
2423 2535
2423 3443
2423 2931
2423 2547
2423 2427
2423 3445
2423 2933
2423 2549
2423 2429
2424 3448
2424 2936
2424 2552
2424 2432
2424 3192
2424 2680
2424 3384
2424 2872
2424 2488
2424 3416
2424 2904
2424 2520
2424 3432
2424 2920
2424 2536
2424 3444
2424 2932
2424 2548
2424 2428
2424 3446
2424 2934
2424 2550
2424 2430
2424 3447
2424 2935
2424 2551
2424 2431
2425 3449
2425 2937
2425 2553
2425 2429
2425 2427
2425 2426
2425 3193
2425 2681
2425 3385
2425 2873
2425 2489
2425 3417
2425 2905
2425 2521
2425 3433
2425 2921
2425 2537
2425 3441
2425 2929
2425 2545
2426 3450
2426 2938
2426 2554
2426 2430
2426 2428
2426 3194
2426 2682
2426 3386
2426 2874
2426 2490
2426 3418
2426 2906
2426 2522
2426 3434
2426 2922
2426 2538
2426 3442
2426 2930
2426 2546
2426 3449
2426 2937
2426 2553
2426 2429
2426 2427
2427 3451
2427 2939
2427 2555
2427 2431
2427 2428
2427 3195
2427 2683
2427 3387
2427 2875
2427 2491
2427 3419
2427 2907
2427 2523
2427 3435
2427 2923
2427 2539
2427 3443
2427 2931
2427 2547
2427 3449
2427 2937
2427 2553
2427 2429
2428 3452
2428 2940
2428 2556
2428 2432
2428 3196
2428 2684
2428 3388
2428 2876
2428 2492
2428 3420
2428 2908
2428 2524
2428 3436
2428 2924
2428 2540
2428 3444
2428 2932
2428 2548
2428 3450
2428 2938
2428 2554
2428 2430
2428 3451
2428 2939
2428 2555
2428 2431
2429 3453
2429 2941
2429 2557
2429 2431
2429 2430
2429 3197
2429 2685
2429 3389
2429 2877
2429 2493
2429 3421
2429 2909
2429 2525
2429 3437
2429 2925
2429 2541
2429 3445
2429 2933
2429 2549
2429 3449
2429 2937
2429 2553
2430 3454
2430 2942
2430 2558
2430 2432
2430 3198
2430 2686
2430 3390
2430 2878
2430 2494
2430 3422
2430 2910
2430 2526
2430 3438
2430 2926
2430 2542
2430 3446
2430 2934
2430 2550
2430 3450
2430 2938
2430 2554
2430 3453
2430 2941
2430 2557
2430 2431
2431 3455
2431 2943
2431 2559
2431 2432
2431 3199
2431 2687
2431 3391
2431 2879
2431 2495
2431 3423
2431 2911
2431 2527
2431 3439
2431 2927
2431 2543
2431 3447
2431 2935
2431 2551
2431 3451
2431 2939
2431 2555
2431 3453
2431 2941
2431 2557
2432 3456
2432 2944
2432 2560
2432 3200
2432 2688
2432 3392
2432 2880
2432 2496
2432 3424
2432 2912
2432 2528
2432 3440
2432 2928
2432 2544
2432 3448
2432 2936
2432 2552
2432 3452
2432 2940
2432 2556
2432 3454
2432 2942
2432 2558
2432 3455
2432 2943
2432 2559
2433 3457
2433 2945
2433 2497
2433 2465
2433 2449
2433 2441
2433 2437
2433 2435
2433 2434
2433 3201
2433 2689
2433 3329
2433 2817
2434 3458
2434 2946
2434 2498
2434 2466
2434 2450
2434 2442
2434 2438
2434 2436
2434 3202
2434 2690
2434 3330
2434 2818
2434 3457
2434 2945
2434 2497
2434 2465
2434 2449
2434 2441
2434 2437
2434 2435
2435 3459
2435 2947
2435 2499
2435 2467
2435 2451
2435 2443
2435 2439
2435 2436
2435 3203
2435 2691
2435 3331
2435 2819
2435 3457
2435 2945
2435 2497
2435 2465
2435 2449
2435 2441
2435 2437
2436 3460
2436 2948
2436 2500
2436 2468
2436 2452
2436 2444
2436 2440
2436 3204
2436 2692
2436 3332
2436 2820
2436 3458
2436 2946
2436 2498
2436 2466
2436 2450
2436 2442
2436 2438
2436 3459
2436 2947
2436 2499
2436 2467
2436 2451
2436 2443
2436 2439
2437 3461
2437 2949
2437 2501
2437 2469
2437 2453
2437 2445
2437 2439
2437 2438
2437 3205
2437 2693
2437 3333
2437 2821
2437 3457
2437 2945
2437 2497
2437 2465
2437 2449
2437 2441
2438 3462
2438 2950
2438 2502
2438 2470
2438 2454
2438 2446
2438 2440
2438 3206
2438 2694
2438 3334
2438 2822
2438 3458
2438 2946
2438 2498
2438 2466
2438 2450
2438 2442
2438 3461
2438 2949
2438 2501
2438 2469
2438 2453
2438 2445
2438 2439
2439 3463
2439 2951
2439 2503
2439 2471
2439 2455
2439 2447
2439 2440
2439 3207
2439 2695
2439 3335
2439 2823
2439 3459
2439 2947
2439 2499
2439 2467
2439 2451
2439 2443
2439 3461
2439 2949
2439 2501
2439 2469
2439 2453
2439 2445
2440 3464
2440 2952
2440 2504
2440 2472
2440 2456
2440 2448
2440 3208
2440 2696
2440 3336
2440 2824
2440 3460
2440 2948
2440 2500
2440 2468
2440 2452
2440 2444
2440 3462
2440 2950
2440 2502
2440 2470
2440 2454
2440 2446
2440 3463
2440 2951
2440 2503
2440 2471
2440 2455
2440 2447
2441 3465
2441 2953
2441 2505
2441 2473
2441 2457
2441 2445
2441 2443
2441 2442
2441 3209
2441 2697
2441 3337
2441 2825
2441 3457
2441 2945
2441 2497
2441 2465
2441 2449
2442 3466
2442 2954
2442 2506
2442 2474
2442 2458
2442 2446
2442 2444
2442 3210
2442 2698
2442 3338
2442 2826
2442 3458
2442 2946
2442 2498
2442 2466
2442 2450
2442 3465
2442 2953
2442 2505
2442 2473
2442 2457
2442 2445
2442 2443
2443 3467
2443 2955
2443 2507
2443 2475
2443 2459
2443 2447
2443 2444
2443 3211
2443 2699
2443 3339
2443 2827
2443 3459
2443 2947
2443 2499
2443 2467
2443 2451
2443 3465
2443 2953
2443 2505
2443 2473
2443 2457
2443 2445
2444 3468
2444 2956
2444 2508
2444 2476
2444 2460
2444 2448
2444 3212
2444 2700
2444 3340
2444 2828
2444 3460
2444 2948
2444 2500
2444 2468
2444 2452
2444 3466
2444 2954
2444 2506
2444 2474
2444 2458
2444 2446
2444 3467
2444 2955
2444 2507
2444 2475
2444 2459
2444 2447
2445 3469
2445 2957
2445 2509
2445 2477
2445 2461
2445 2447
2445 2446
2445 3213
2445 2701
2445 3341
2445 2829
2445 3461
2445 2949
2445 2501
2445 2469
2445 2453
2445 3465
2445 2953
2445 2505
2445 2473
2445 2457
2446 3470
2446 2958
2446 2510
2446 2478
2446 2462
2446 2448
2446 3214
2446 2702
2446 3342
2446 2830
2446 3462
2446 2950
2446 2502
2446 2470
2446 2454
2446 3466
2446 2954
2446 2506
2446 2474
2446 2458
2446 3469
2446 2957
2446 2509
2446 2477
2446 2461
2446 2447
2447 3471
2447 2959
2447 2511
2447 2479
2447 2463
2447 2448
2447 3215
2447 2703
2447 3343
2447 2831
2447 3463
2447 2951
2447 2503
2447 2471
2447 2455
2447 3467
2447 2955
2447 2507
2447 2475
2447 2459
2447 3469
2447 2957
2447 2509
2447 2477
2447 2461
2448 3472
2448 2960
2448 2512
2448 2480
2448 2464
2448 3216
2448 2704
2448 3344
2448 2832
2448 3464
2448 2952
2448 2504
2448 2472
2448 2456
2448 3468
2448 2956
2448 2508
2448 2476
2448 2460
2448 3470
2448 2958
2448 2510
2448 2478
2448 2462
2448 3471
2448 2959
2448 2511
2448 2479
2448 2463
2449 3473
2449 2961
2449 2513
2449 2481
2449 2457
2449 2453
2449 2451
2449 2450
2449 3217
2449 2705
2449 3345
2449 2833
2449 3457
2449 2945
2449 2497
2449 2465
2450 3474
2450 2962
2450 2514
2450 2482
2450 2458
2450 2454
2450 2452
2450 3218
2450 2706
2450 3346
2450 2834
2450 3458
2450 2946
2450 2498
2450 2466
2450 3473
2450 2961
2450 2513
2450 2481
2450 2457
2450 2453
2450 2451
2451 3475
2451 2963
2451 2515
2451 2483
2451 2459
2451 2455
2451 2452
2451 3219
2451 2707
2451 3347
2451 2835
2451 3459
2451 2947
2451 2499
2451 2467
2451 3473
2451 2961
2451 2513
2451 2481
2451 2457
2451 2453
2452 3476
2452 2964
2452 2516
2452 2484
2452 2460
2452 2456
2452 3220
2452 2708
2452 3348
2452 2836
2452 3460
2452 2948
2452 2500
2452 2468
2452 3474
2452 2962
2452 2514
2452 2482
2452 2458
2452 2454
2452 3475
2452 2963
2452 2515
2452 2483
2452 2459
2452 2455
2453 3477
2453 2965
2453 2517
2453 2485
2453 2461
2453 2455
2453 2454
2453 3221
2453 2709
2453 3349
2453 2837
2453 3461
2453 2949
2453 2501
2453 2469
2453 3473
2453 2961
2453 2513
2453 2481
2453 2457
2454 3478
2454 2966
2454 2518
2454 2486
2454 2462
2454 2456
2454 3222
2454 2710
2454 3350
2454 2838
2454 3462
2454 2950
2454 2502
2454 2470
2454 3474
2454 2962
2454 2514
2454 2482
2454 2458
2454 3477
2454 2965
2454 2517
2454 2485
2454 2461
2454 2455
2455 3479
2455 2967
2455 2519
2455 2487
2455 2463
2455 2456
2455 3223
2455 2711
2455 3351
2455 2839
2455 3463
2455 2951
2455 2503
2455 2471
2455 3475
2455 2963
2455 2515
2455 2483
2455 2459
2455 3477
2455 2965
2455 2517
2455 2485
2455 2461
2456 3480
2456 2968
2456 2520
2456 2488
2456 2464
2456 3224
2456 2712
2456 3352
2456 2840
2456 3464
2456 2952
2456 2504
2456 2472
2456 3476
2456 2964
2456 2516
2456 2484
2456 2460
2456 3478
2456 2966
2456 2518
2456 2486
2456 2462
2456 3479
2456 2967
2456 2519
2456 2487
2456 2463
2457 3481
2457 2969
2457 2521
2457 2489
2457 2461
2457 2459
2457 2458
2457 3225
2457 2713
2457 3353
2457 2841
2457 3465
2457 2953
2457 2505
2457 2473
2457 3473
2457 2961
2457 2513
2457 2481
2458 3482
2458 2970
2458 2522
2458 2490
2458 2462
2458 2460
2458 3226
2458 2714
2458 3354
2458 2842
2458 3466
2458 2954
2458 2506
2458 2474
2458 3474
2458 2962
2458 2514
2458 2482
2458 3481
2458 2969
2458 2521
2458 2489
2458 2461
2458 2459
2459 3483
2459 2971
2459 2523
2459 2491
2459 2463
2459 2460
2459 3227
2459 2715
2459 3355
2459 2843
2459 3467
2459 2955
2459 2507
2459 2475
2459 3475
2459 2963
2459 2515
2459 2483
2459 3481
2459 2969
2459 2521
2459 2489
2459 2461
2460 3484
2460 2972
2460 2524
2460 2492
2460 2464
2460 3228
2460 2716
2460 3356
2460 2844
2460 3468
2460 2956
2460 2508
2460 2476
2460 3476
2460 2964
2460 2516
2460 2484
2460 3482
2460 2970
2460 2522
2460 2490
2460 2462
2460 3483
2460 2971
2460 2523
2460 2491
2460 2463
2461 3485
2461 2973
2461 2525
2461 2493
2461 2463
2461 2462
2461 3229
2461 2717
2461 3357
2461 2845
2461 3469
2461 2957
2461 2509
2461 2477
2461 3477
2461 2965
2461 2517
2461 2485
2461 3481
2461 2969
2461 2521
2461 2489
2462 3486
2462 2974
2462 2526
2462 2494
2462 2464
2462 3230
2462 2718
2462 3358
2462 2846
2462 3470
2462 2958
2462 2510
2462 2478
2462 3478
2462 2966
2462 2518
2462 2486
2462 3482
2462 2970
2462 2522
2462 2490
2462 3485
2462 2973
2462 2525
2462 2493
2462 2463
2463 3487
2463 2975
2463 2527
2463 2495
2463 2464
2463 3231
2463 2719
2463 3359
2463 2847
2463 3471
2463 2959
2463 2511
2463 2479
2463 3479
2463 2967
2463 2519
2463 2487
2463 3483
2463 2971
2463 2523
2463 2491
2463 3485
2463 2973
2463 2525
2463 2493
2464 3488
2464 2976
2464 2528
2464 2496
2464 3232
2464 2720
2464 3360
2464 2848
2464 3472
2464 2960
2464 2512
2464 2480
2464 3480
2464 2968
2464 2520
2464 2488
2464 3484
2464 2972
2464 2524
2464 2492
2464 3486
2464 2974
2464 2526
2464 2494
2464 3487
2464 2975
2464 2527
2464 2495
2465 3489
2465 2977
2465 2529
2465 2481
2465 2473
2465 2469
2465 2467
2465 2466
2465 3233
2465 2721
2465 3361
2465 2849
2465 3457
2465 2945
2465 2497
2466 3490
2466 2978
2466 2530
2466 2482
2466 2474
2466 2470
2466 2468
2466 3234
2466 2722
2466 3362
2466 2850
2466 3458
2466 2946
2466 2498
2466 3489
2466 2977
2466 2529
2466 2481
2466 2473
2466 2469
2466 2467
2467 3491
2467 2979
2467 2531
2467 2483
2467 2475
2467 2471
2467 2468
2467 3235
2467 2723
2467 3363
2467 2851
2467 3459
2467 2947
2467 2499
2467 3489
2467 2977
2467 2529
2467 2481
2467 2473
2467 2469
2468 3492
2468 2980
2468 2532
2468 2484
2468 2476
2468 2472
2468 3236
2468 2724
2468 3364
2468 2852
2468 3460
2468 2948
2468 2500
2468 3490
2468 2978
2468 2530
2468 2482
2468 2474
2468 2470
2468 3491
2468 2979
2468 2531
2468 2483
2468 2475
2468 2471
2469 3493
2469 2981
2469 2533
2469 2485
2469 2477
2469 2471
2469 2470
2469 3237
2469 2725
2469 3365
2469 2853
2469 3461
2469 2949
2469 2501
2469 3489
2469 2977
2469 2529
2469 2481
2469 2473
2470 3494
2470 2982
2470 2534
2470 2486
2470 2478
2470 2472
2470 3238
2470 2726
2470 3366
2470 2854
2470 3462
2470 2950
2470 2502
2470 3490
2470 2978
2470 2530
2470 2482
2470 2474
2470 3493
2470 2981
2470 2533
2470 2485
2470 2477
2470 2471
2471 3495
2471 2983
2471 2535
2471 2487
2471 2479
2471 2472
2471 3239
2471 2727
2471 3367
2471 2855
2471 3463
2471 2951
2471 2503
2471 3491
2471 2979
2471 2531
2471 2483
2471 2475
2471 3493
2471 2981
2471 2533
2471 2485
2471 2477
2472 3496
2472 2984
2472 2536
2472 2488
2472 2480
2472 3240
2472 2728
2472 3368
2472 2856
2472 3464
2472 2952
2472 2504
2472 3492
2472 2980
2472 2532
2472 2484
2472 2476
2472 3494
2472 2982
2472 2534
2472 2486
2472 2478
2472 3495
2472 2983
2472 2535
2472 2487
2472 2479
2473 3497
2473 2985
2473 2537
2473 2489
2473 2477
2473 2475
2473 2474
2473 3241
2473 2729
2473 3369
2473 2857
2473 3465
2473 2953
2473 2505
2473 3489
2473 2977
2473 2529
2473 2481
2474 3498
2474 2986
2474 2538
2474 2490
2474 2478
2474 2476
2474 3242
2474 2730
2474 3370
2474 2858
2474 3466
2474 2954
2474 2506
2474 3490
2474 2978
2474 2530
2474 2482
2474 3497
2474 2985
2474 2537
2474 2489
2474 2477
2474 2475
2475 3499
2475 2987
2475 2539
2475 2491
2475 2479
2475 2476
2475 3243
2475 2731
2475 3371
2475 2859
2475 3467
2475 2955
2475 2507
2475 3491
2475 2979
2475 2531
2475 2483
2475 3497
2475 2985
2475 2537
2475 2489
2475 2477
2476 3500
2476 2988
2476 2540
2476 2492
2476 2480
2476 3244
2476 2732
2476 3372
2476 2860
2476 3468
2476 2956
2476 2508
2476 3492
2476 2980
2476 2532
2476 2484
2476 3498
2476 2986
2476 2538
2476 2490
2476 2478
2476 3499
2476 2987
2476 2539
2476 2491
2476 2479
2477 3501
2477 2989
2477 2541
2477 2493
2477 2479
2477 2478
2477 3245
2477 2733
2477 3373
2477 2861
2477 3469
2477 2957
2477 2509
2477 3493
2477 2981
2477 2533
2477 2485
2477 3497
2477 2985
2477 2537
2477 2489
2478 3502
2478 2990
2478 2542
2478 2494
2478 2480
2478 3246
2478 2734
2478 3374
2478 2862
2478 3470
2478 2958
2478 2510
2478 3494
2478 2982
2478 2534
2478 2486
2478 3498
2478 2986
2478 2538
2478 2490
2478 3501
2478 2989
2478 2541
2478 2493
2478 2479
2479 3503
2479 2991
2479 2543
2479 2495
2479 2480
2479 3247
2479 2735
2479 3375
2479 2863
2479 3471
2479 2959
2479 2511
2479 3495
2479 2983
2479 2535
2479 2487
2479 3499
2479 2987
2479 2539
2479 2491
2479 3501
2479 2989
2479 2541
2479 2493
2480 3504
2480 2992
2480 2544
2480 2496
2480 3248
2480 2736
2480 3376
2480 2864
2480 3472
2480 2960
2480 2512
2480 3496
2480 2984
2480 2536
2480 2488
2480 3500
2480 2988
2480 2540
2480 2492
2480 3502
2480 2990
2480 2542
2480 2494
2480 3503
2480 2991
2480 2543
2480 2495
2481 3505
2481 2993
2481 2545
2481 2489
2481 2485
2481 2483
2481 2482
2481 3249
2481 2737
2481 3377
2481 2865
2481 3473
2481 2961
2481 2513
2481 3489
2481 2977
2481 2529
2482 3506
2482 2994
2482 2546
2482 2490
2482 2486
2482 2484
2482 3250
2482 2738
2482 3378
2482 2866
2482 3474
2482 2962
2482 2514
2482 3490
2482 2978
2482 2530
2482 3505
2482 2993
2482 2545
2482 2489
2482 2485
2482 2483
2483 3507
2483 2995
2483 2547
2483 2491
2483 2487
2483 2484
2483 3251
2483 2739
2483 3379
2483 2867
2483 3475
2483 2963
2483 2515
2483 3491
2483 2979
2483 2531
2483 3505
2483 2993
2483 2545
2483 2489
2483 2485
2484 3508
2484 2996
2484 2548
2484 2492
2484 2488
2484 3252
2484 2740
2484 3380
2484 2868
2484 3476
2484 2964
2484 2516
2484 3492
2484 2980
2484 2532
2484 3506
2484 2994
2484 2546
2484 2490
2484 2486
2484 3507
2484 2995
2484 2547
2484 2491
2484 2487
2485 3509
2485 2997
2485 2549
2485 2493
2485 2487
2485 2486
2485 3253
2485 2741
2485 3381
2485 2869
2485 3477
2485 2965
2485 2517
2485 3493
2485 2981
2485 2533
2485 3505
2485 2993
2485 2545
2485 2489
2486 3510
2486 2998
2486 2550
2486 2494
2486 2488
2486 3254
2486 2742
2486 3382
2486 2870
2486 3478
2486 2966
2486 2518
2486 3494
2486 2982
2486 2534
2486 3506
2486 2994
2486 2546
2486 2490
2486 3509
2486 2997
2486 2549
2486 2493
2486 2487
2487 3511
2487 2999
2487 2551
2487 2495
2487 2488
2487 3255
2487 2743
2487 3383
2487 2871
2487 3479
2487 2967
2487 2519
2487 3495
2487 2983
2487 2535
2487 3507
2487 2995
2487 2547
2487 2491
2487 3509
2487 2997
2487 2549
2487 2493
2488 3512
2488 3000
2488 2552
2488 2496
2488 3256
2488 2744
2488 3384
2488 2872
2488 3480
2488 2968
2488 2520
2488 3496
2488 2984
2488 2536
2488 3508
2488 2996
2488 2548
2488 2492
2488 3510
2488 2998
2488 2550
2488 2494
2488 3511
2488 2999
2488 2551
2488 2495
2489 3513
2489 3001
2489 2553
2489 2493
2489 2491
2489 2490
2489 3257
2489 2745
2489 3385
2489 2873
2489 3481
2489 2969
2489 2521
2489 3497
2489 2985
2489 2537
2489 3505
2489 2993
2489 2545
2490 3514
2490 3002
2490 2554
2490 2494
2490 2492
2490 3258
2490 2746
2490 3386
2490 2874
2490 3482
2490 2970
2490 2522
2490 3498
2490 2986
2490 2538
2490 3506
2490 2994
2490 2546
2490 3513
2490 3001
2490 2553
2490 2493
2490 2491
2491 3515
2491 3003
2491 2555
2491 2495
2491 2492
2491 3259
2491 2747
2491 3387
2491 2875
2491 3483
2491 2971
2491 2523
2491 3499
2491 2987
2491 2539
2491 3507
2491 2995
2491 2547
2491 3513
2491 3001
2491 2553
2491 2493
2492 3516
2492 3004
2492 2556
2492 2496
2492 3260
2492 2748
2492 3388
2492 2876
2492 3484
2492 2972
2492 2524
2492 3500
2492 2988
2492 2540
2492 3508
2492 2996
2492 2548
2492 3514
2492 3002
2492 2554
2492 2494
2492 3515
2492 3003
2492 2555
2492 2495
2493 3517
2493 3005
2493 2557
2493 2495
2493 2494
2493 3261
2493 2749
2493 3389
2493 2877
2493 3485
2493 2973
2493 2525
2493 3501
2493 2989
2493 2541
2493 3509
2493 2997
2493 2549
2493 3513
2493 3001
2493 2553
2494 3518
2494 3006
2494 2558
2494 2496
2494 3262
2494 2750
2494 3390
2494 2878
2494 3486
2494 2974
2494 2526
2494 3502
2494 2990
2494 2542
2494 3510
2494 2998
2494 2550
2494 3514
2494 3002
2494 2554
2494 3517
2494 3005
2494 2557
2494 2495
2495 3519
2495 3007
2495 2559
2495 2496
2495 3263
2495 2751
2495 3391
2495 2879
2495 3487
2495 2975
2495 2527
2495 3503
2495 2991
2495 2543
2495 3511
2495 2999
2495 2551
2495 3515
2495 3003
2495 2555
2495 3517
2495 3005
2495 2557
2496 3520
2496 3008
2496 2560
2496 3264
2496 2752
2496 3392
2496 2880
2496 3488
2496 2976
2496 2528
2496 3504
2496 2992
2496 2544
2496 3512
2496 3000
2496 2552
2496 3516
2496 3004
2496 2556
2496 3518
2496 3006
2496 2558
2496 3519
2496 3007
2496 2559
2497 3521
2497 3009
2497 2529
2497 2513
2497 2505
2497 2501
2497 2499
2497 2498
2497 3265
2497 2753
2497 3393
2497 2881
2497 3457
2497 2945
2498 3522
2498 3010
2498 2530
2498 2514
2498 2506
2498 2502
2498 2500
2498 3266
2498 2754
2498 3394
2498 2882
2498 3458
2498 2946
2498 3521
2498 3009
2498 2529
2498 2513
2498 2505
2498 2501
2498 2499
2499 3523
2499 3011
2499 2531
2499 2515
2499 2507
2499 2503
2499 2500
2499 3267
2499 2755
2499 3395
2499 2883
2499 3459
2499 2947
2499 3521
2499 3009
2499 2529
2499 2513
2499 2505
2499 2501
2500 3524
2500 3012
2500 2532
2500 2516
2500 2508
2500 2504
2500 3268
2500 2756
2500 3396
2500 2884
2500 3460
2500 2948
2500 3522
2500 3010
2500 2530
2500 2514
2500 2506
2500 2502
2500 3523
2500 3011
2500 2531
2500 2515
2500 2507
2500 2503
2501 3525
2501 3013
2501 2533
2501 2517
2501 2509
2501 2503
2501 2502
2501 3269
2501 2757
2501 3397
2501 2885
2501 3461
2501 2949
2501 3521
2501 3009
2501 2529
2501 2513
2501 2505
2502 3526
2502 3014
2502 2534
2502 2518
2502 2510
2502 2504
2502 3270
2502 2758
2502 3398
2502 2886
2502 3462
2502 2950
2502 3522
2502 3010
2502 2530
2502 2514
2502 2506
2502 3525
2502 3013
2502 2533
2502 2517
2502 2509
2502 2503
2503 3527
2503 3015
2503 2535
2503 2519
2503 2511
2503 2504
2503 3271
2503 2759
2503 3399
2503 2887
2503 3463
2503 2951
2503 3523
2503 3011
2503 2531
2503 2515
2503 2507
2503 3525
2503 3013
2503 2533
2503 2517
2503 2509
2504 3528
2504 3016
2504 2536
2504 2520
2504 2512
2504 3272
2504 2760
2504 3400
2504 2888
2504 3464
2504 2952
2504 3524
2504 3012
2504 2532
2504 2516
2504 2508
2504 3526
2504 3014
2504 2534
2504 2518
2504 2510
2504 3527
2504 3015
2504 2535
2504 2519
2504 2511
2505 3529
2505 3017
2505 2537
2505 2521
2505 2509
2505 2507
2505 2506
2505 3273
2505 2761
2505 3401
2505 2889
2505 3465
2505 2953
2505 3521
2505 3009
2505 2529
2505 2513
2506 3530
2506 3018
2506 2538
2506 2522
2506 2510
2506 2508
2506 3274
2506 2762
2506 3402
2506 2890
2506 3466
2506 2954
2506 3522
2506 3010
2506 2530
2506 2514
2506 3529
2506 3017
2506 2537
2506 2521
2506 2509
2506 2507
2507 3531
2507 3019
2507 2539
2507 2523
2507 2511
2507 2508
2507 3275
2507 2763
2507 3403
2507 2891
2507 3467
2507 2955
2507 3523
2507 3011
2507 2531
2507 2515
2507 3529
2507 3017
2507 2537
2507 2521
2507 2509
2508 3532
2508 3020
2508 2540
2508 2524
2508 2512
2508 3276
2508 2764
2508 3404
2508 2892
2508 3468
2508 2956
2508 3524
2508 3012
2508 2532
2508 2516
2508 3530
2508 3018
2508 2538
2508 2522
2508 2510
2508 3531
2508 3019
2508 2539
2508 2523
2508 2511
2509 3533
2509 3021
2509 2541
2509 2525
2509 2511
2509 2510
2509 3277
2509 2765
2509 3405
2509 2893
2509 3469
2509 2957
2509 3525
2509 3013
2509 2533
2509 2517
2509 3529
2509 3017
2509 2537
2509 2521
2510 3534
2510 3022
2510 2542
2510 2526
2510 2512
2510 3278
2510 2766
2510 3406
2510 2894
2510 3470
2510 2958
2510 3526
2510 3014
2510 2534
2510 2518
2510 3530
2510 3018
2510 2538
2510 2522
2510 3533
2510 3021
2510 2541
2510 2525
2510 2511
2511 3535
2511 3023
2511 2543
2511 2527
2511 2512
2511 3279
2511 2767
2511 3407
2511 2895
2511 3471
2511 2959
2511 3527
2511 3015
2511 2535
2511 2519
2511 3531
2511 3019
2511 2539
2511 2523
2511 3533
2511 3021
2511 2541
2511 2525
2512 3536
2512 3024
2512 2544
2512 2528
2512 3280
2512 2768
2512 3408
2512 2896
2512 3472
2512 2960
2512 3528
2512 3016
2512 2536
2512 2520
2512 3532
2512 3020
2512 2540
2512 2524
2512 3534
2512 3022
2512 2542
2512 2526
2512 3535
2512 3023
2512 2543
2512 2527
2513 3537
2513 3025
2513 2545
2513 2521
2513 2517
2513 2515
2513 2514
2513 3281
2513 2769
2513 3409
2513 2897
2513 3473
2513 2961
2513 3521
2513 3009
2513 2529
2514 3538
2514 3026
2514 2546
2514 2522
2514 2518
2514 2516
2514 3282
2514 2770
2514 3410
2514 2898
2514 3474
2514 2962
2514 3522
2514 3010
2514 2530
2514 3537
2514 3025
2514 2545
2514 2521
2514 2517
2514 2515
2515 3539
2515 3027
2515 2547
2515 2523
2515 2519
2515 2516
2515 3283
2515 2771
2515 3411
2515 2899
2515 3475
2515 2963
2515 3523
2515 3011
2515 2531
2515 3537
2515 3025
2515 2545
2515 2521
2515 2517
2516 3540
2516 3028
2516 2548
2516 2524
2516 2520
2516 3284
2516 2772
2516 3412
2516 2900
2516 3476
2516 2964
2516 3524
2516 3012
2516 2532
2516 3538
2516 3026
2516 2546
2516 2522
2516 2518
2516 3539
2516 3027
2516 2547
2516 2523
2516 2519
2517 3541
2517 3029
2517 2549
2517 2525
2517 2519
2517 2518
2517 3285
2517 2773
2517 3413
2517 2901
2517 3477
2517 2965
2517 3525
2517 3013
2517 2533
2517 3537
2517 3025
2517 2545
2517 2521
2518 3542
2518 3030
2518 2550
2518 2526
2518 2520
2518 3286
2518 2774
2518 3414
2518 2902
2518 3478
2518 2966
2518 3526
2518 3014
2518 2534
2518 3538
2518 3026
2518 2546
2518 2522
2518 3541
2518 3029
2518 2549
2518 2525
2518 2519
2519 3543
2519 3031
2519 2551
2519 2527
2519 2520
2519 3287
2519 2775
2519 3415
2519 2903
2519 3479
2519 2967
2519 3527
2519 3015
2519 2535
2519 3539
2519 3027
2519 2547
2519 2523
2519 3541
2519 3029
2519 2549
2519 2525
2520 3544
2520 3032
2520 2552
2520 2528
2520 3288
2520 2776
2520 3416
2520 2904
2520 3480
2520 2968
2520 3528
2520 3016
2520 2536
2520 3540
2520 3028
2520 2548
2520 2524
2520 3542
2520 3030
2520 2550
2520 2526
2520 3543
2520 3031
2520 2551
2520 2527
2521 3545
2521 3033
2521 2553
2521 2525
2521 2523
2521 2522
2521 3289
2521 2777
2521 3417
2521 2905
2521 3481
2521 2969
2521 3529
2521 3017
2521 2537
2521 3537
2521 3025
2521 2545
2522 3546
2522 3034
2522 2554
2522 2526
2522 2524
2522 3290
2522 2778
2522 3418
2522 2906
2522 3482
2522 2970
2522 3530
2522 3018
2522 2538
2522 3538
2522 3026
2522 2546
2522 3545
2522 3033
2522 2553
2522 2525
2522 2523
2523 3547
2523 3035
2523 2555
2523 2527
2523 2524
2523 3291
2523 2779
2523 3419
2523 2907
2523 3483
2523 2971
2523 3531
2523 3019
2523 2539
2523 3539
2523 3027
2523 2547
2523 3545
2523 3033
2523 2553
2523 2525
2524 3548
2524 3036
2524 2556
2524 2528
2524 3292
2524 2780
2524 3420
2524 2908
2524 3484
2524 2972
2524 3532
2524 3020
2524 2540
2524 3540
2524 3028
2524 2548
2524 3546
2524 3034
2524 2554
2524 2526
2524 3547
2524 3035
2524 2555
2524 2527
2525 3549
2525 3037
2525 2557
2525 2527
2525 2526
2525 3293
2525 2781
2525 3421
2525 2909
2525 3485
2525 2973
2525 3533
2525 3021
2525 2541
2525 3541
2525 3029
2525 2549
2525 3545
2525 3033
2525 2553
2526 3550
2526 3038
2526 2558
2526 2528
2526 3294
2526 2782
2526 3422
2526 2910
2526 3486
2526 2974
2526 3534
2526 3022
2526 2542
2526 3542
2526 3030
2526 2550
2526 3546
2526 3034
2526 2554
2526 3549
2526 3037
2526 2557
2526 2527
2527 3551
2527 3039
2527 2559
2527 2528
2527 3295
2527 2783
2527 3423
2527 2911
2527 3487
2527 2975
2527 3535
2527 3023
2527 2543
2527 3543
2527 3031
2527 2551
2527 3547
2527 3035
2527 2555
2527 3549
2527 3037
2527 2557
2528 3552
2528 3040
2528 2560
2528 3296
2528 2784
2528 3424
2528 2912
2528 3488
2528 2976
2528 3536
2528 3024
2528 2544
2528 3544
2528 3032
2528 2552
2528 3548
2528 3036
2528 2556
2528 3550
2528 3038
2528 2558
2528 3551
2528 3039
2528 2559
2529 3553
2529 3041
2529 2545
2529 2537
2529 2533
2529 2531
2529 2530
2529 3297
2529 2785
2529 3425
2529 2913
2529 3489
2529 2977
2529 3521
2529 3009
2530 3554
2530 3042
2530 2546
2530 2538
2530 2534
2530 2532
2530 3298
2530 2786
2530 3426
2530 2914
2530 3490
2530 2978
2530 3522
2530 3010
2530 3553
2530 3041
2530 2545
2530 2537
2530 2533
2530 2531
2531 3555
2531 3043
2531 2547
2531 2539
2531 2535
2531 2532
2531 3299
2531 2787
2531 3427
2531 2915
2531 3491
2531 2979
2531 3523
2531 3011
2531 3553
2531 3041
2531 2545
2531 2537
2531 2533
2532 3556
2532 3044
2532 2548
2532 2540
2532 2536
2532 3300
2532 2788
2532 3428
2532 2916
2532 3492
2532 2980
2532 3524
2532 3012
2532 3554
2532 3042
2532 2546
2532 2538
2532 2534
2532 3555
2532 3043
2532 2547
2532 2539
2532 2535
2533 3557
2533 3045
2533 2549
2533 2541
2533 2535
2533 2534
2533 3301
2533 2789
2533 3429
2533 2917
2533 3493
2533 2981
2533 3525
2533 3013
2533 3553
2533 3041
2533 2545
2533 2537
2534 3558
2534 3046
2534 2550
2534 2542
2534 2536
2534 3302
2534 2790
2534 3430
2534 2918
2534 3494
2534 2982
2534 3526
2534 3014
2534 3554
2534 3042
2534 2546
2534 2538
2534 3557
2534 3045
2534 2549
2534 2541
2534 2535
2535 3559
2535 3047
2535 2551
2535 2543
2535 2536
2535 3303
2535 2791
2535 3431
2535 2919
2535 3495
2535 2983
2535 3527
2535 3015
2535 3555
2535 3043
2535 2547
2535 2539
2535 3557
2535 3045
2535 2549
2535 2541
2536 3560
2536 3048
2536 2552
2536 2544
2536 3304
2536 2792
2536 3432
2536 2920
2536 3496
2536 2984
2536 3528
2536 3016
2536 3556
2536 3044
2536 2548
2536 2540
2536 3558
2536 3046
2536 2550
2536 2542
2536 3559
2536 3047
2536 2551
2536 2543
2537 3561
2537 3049
2537 2553
2537 2541
2537 2539
2537 2538
2537 3305
2537 2793
2537 3433
2537 2921
2537 3497
2537 2985
2537 3529
2537 3017
2537 3553
2537 3041
2537 2545
2538 3562
2538 3050
2538 2554
2538 2542
2538 2540
2538 3306
2538 2794
2538 3434
2538 2922
2538 3498
2538 2986
2538 3530
2538 3018
2538 3554
2538 3042
2538 2546
2538 3561
2538 3049
2538 2553
2538 2541
2538 2539
2539 3563
2539 3051
2539 2555
2539 2543
2539 2540
2539 3307
2539 2795
2539 3435
2539 2923
2539 3499
2539 2987
2539 3531
2539 3019
2539 3555
2539 3043
2539 2547
2539 3561
2539 3049
2539 2553
2539 2541
2540 3564
2540 3052
2540 2556
2540 2544
2540 3308
2540 2796
2540 3436
2540 2924
2540 3500
2540 2988
2540 3532
2540 3020
2540 3556
2540 3044
2540 2548
2540 3562
2540 3050
2540 2554
2540 2542
2540 3563
2540 3051
2540 2555
2540 2543
2541 3565
2541 3053
2541 2557
2541 2543
2541 2542
2541 3309
2541 2797
2541 3437
2541 2925
2541 3501
2541 2989
2541 3533
2541 3021
2541 3557
2541 3045
2541 2549
2541 3561
2541 3049
2541 2553
2542 3566
2542 3054
2542 2558
2542 2544
2542 3310
2542 2798
2542 3438
2542 2926
2542 3502
2542 2990
2542 3534
2542 3022
2542 3558
2542 3046
2542 2550
2542 3562
2542 3050
2542 2554
2542 3565
2542 3053
2542 2557
2542 2543
2543 3567
2543 3055
2543 2559
2543 2544
2543 3311
2543 2799
2543 3439
2543 2927
2543 3503
2543 2991
2543 3535
2543 3023
2543 3559
2543 3047
2543 2551
2543 3563
2543 3051
2543 2555
2543 3565
2543 3053
2543 2557
2544 3568
2544 3056
2544 2560
2544 3312
2544 2800
2544 3440
2544 2928
2544 3504
2544 2992
2544 3536
2544 3024
2544 3560
2544 3048
2544 2552
2544 3564
2544 3052
2544 2556
2544 3566
2544 3054
2544 2558
2544 3567
2544 3055
2544 2559
2545 3569
2545 3057
2545 2553
2545 2549
2545 2547
2545 2546
2545 3313
2545 2801
2545 3441
2545 2929
2545 3505
2545 2993
2545 3537
2545 3025
2545 3553
2545 3041
2546 3570
2546 3058
2546 2554
2546 2550
2546 2548
2546 3314
2546 2802
2546 3442
2546 2930
2546 3506
2546 2994
2546 3538
2546 3026
2546 3554
2546 3042
2546 3569
2546 3057
2546 2553
2546 2549
2546 2547
2547 3571
2547 3059
2547 2555
2547 2551
2547 2548
2547 3315
2547 2803
2547 3443
2547 2931
2547 3507
2547 2995
2547 3539
2547 3027
2547 3555
2547 3043
2547 3569
2547 3057
2547 2553
2547 2549
2548 3572
2548 3060
2548 2556
2548 2552
2548 3316
2548 2804
2548 3444
2548 2932
2548 3508
2548 2996
2548 3540
2548 3028
2548 3556
2548 3044
2548 3570
2548 3058
2548 2554
2548 2550
2548 3571
2548 3059
2548 2555
2548 2551
2549 3573
2549 3061
2549 2557
2549 2551
2549 2550
2549 3317
2549 2805
2549 3445
2549 2933
2549 3509
2549 2997
2549 3541
2549 3029
2549 3557
2549 3045
2549 3569
2549 3057
2549 2553
2550 3574
2550 3062
2550 2558
2550 2552
2550 3318
2550 2806
2550 3446
2550 2934
2550 3510
2550 2998
2550 3542
2550 3030
2550 3558
2550 3046
2550 3570
2550 3058
2550 2554
2550 3573
2550 3061
2550 2557
2550 2551
2551 3575
2551 3063
2551 2559
2551 2552
2551 3319
2551 2807
2551 3447
2551 2935
2551 3511
2551 2999
2551 3543
2551 3031
2551 3559
2551 3047
2551 3571
2551 3059
2551 2555
2551 3573
2551 3061
2551 2557
2552 3576
2552 3064
2552 2560
2552 3320
2552 2808
2552 3448
2552 2936
2552 3512
2552 3000
2552 3544
2552 3032
2552 3560
2552 3048
2552 3572
2552 3060
2552 2556
2552 3574
2552 3062
2552 2558
2552 3575
2552 3063
2552 2559
2553 3577
2553 3065
2553 2557
2553 2555
2553 2554
2553 3321
2553 2809
2553 3449
2553 2937
2553 3513
2553 3001
2553 3545
2553 3033
2553 3561
2553 3049
2553 3569
2553 3057
2554 3578
2554 3066
2554 2558
2554 2556
2554 3322
2554 2810
2554 3450
2554 2938
2554 3514
2554 3002
2554 3546
2554 3034
2554 3562
2554 3050
2554 3570
2554 3058
2554 3577
2554 3065
2554 2557
2554 2555
2555 3579
2555 3067
2555 2559
2555 2556
2555 3323
2555 2811
2555 3451
2555 2939
2555 3515
2555 3003
2555 3547
2555 3035
2555 3563
2555 3051
2555 3571
2555 3059
2555 3577
2555 3065
2555 2557
2556 3580
2556 3068
2556 2560
2556 3324
2556 2812
2556 3452
2556 2940
2556 3516
2556 3004
2556 3548
2556 3036
2556 3564
2556 3052
2556 3572
2556 3060
2556 3578
2556 3066
2556 2558
2556 3579
2556 3067
2556 2559
2557 3581
2557 3069
2557 2559
2557 2558
2557 3325
2557 2813
2557 3453
2557 2941
2557 3517
2557 3005
2557 3549
2557 3037
2557 3565
2557 3053
2557 3573
2557 3061
2557 3577
2557 3065
2558 3582
2558 3070
2558 2560
2558 3326
2558 2814
2558 3454
2558 2942
2558 3518
2558 3006
2558 3550
2558 3038
2558 3566
2558 3054
2558 3574
2558 3062
2558 3578
2558 3066
2558 3581
2558 3069
2558 2559
2559 3583
2559 3071
2559 2560
2559 3327
2559 2815
2559 3455
2559 2943
2559 3519
2559 3007
2559 3551
2559 3039
2559 3567
2559 3055
2559 3575
2559 3063
2559 3579
2559 3067
2559 3581
2559 3069
2560 3584
2560 3072
2560 3328
2560 2816
2560 3456
2560 2944
2560 3520
2560 3008
2560 3552
2560 3040
2560 3568
2560 3056
2560 3576
2560 3064
2560 3580
2560 3068
2560 3582
2560 3070
2560 3583
2560 3071
2561 3585
2561 2817
2561 2689
2561 2625
2561 2593
2561 2577
2561 2569
2561 2565
2561 2563
2561 2562
2561 3073
2562 3586
2562 2818
2562 2690
2562 2626
2562 2594
2562 2578
2562 2570
2562 2566
2562 2564
2562 3074
2562 3585
2562 2817
2562 2689
2562 2625
2562 2593
2562 2577
2562 2569
2562 2565
2562 2563
2563 3587
2563 2819
2563 2691
2563 2627
2563 2595
2563 2579
2563 2571
2563 2567
2563 2564
2563 3075
2563 3585
2563 2817
2563 2689
2563 2625
2563 2593
2563 2577
2563 2569
2563 2565
2564 3588
2564 2820
2564 2692
2564 2628
2564 2596
2564 2580
2564 2572
2564 2568
2564 3076
2564 3586
2564 2818
2564 2690
2564 2626
2564 2594
2564 2578
2564 2570
2564 2566
2564 3587
2564 2819
2564 2691
2564 2627
2564 2595
2564 2579
2564 2571
2564 2567
2565 3589
2565 2821
2565 2693
2565 2629
2565 2597
2565 2581
2565 2573
2565 2567
2565 2566
2565 3077
2565 3585
2565 2817
2565 2689
2565 2625
2565 2593
2565 2577
2565 2569
2566 3590
2566 2822
2566 2694
2566 2630
2566 2598
2566 2582
2566 2574
2566 2568
2566 3078
2566 3586
2566 2818
2566 2690
2566 2626
2566 2594
2566 2578
2566 2570
2566 3589
2566 2821
2566 2693
2566 2629
2566 2597
2566 2581
2566 2573
2566 2567
2567 3591
2567 2823
2567 2695
2567 2631
2567 2599
2567 2583
2567 2575
2567 2568
2567 3079
2567 3587
2567 2819
2567 2691
2567 2627
2567 2595
2567 2579
2567 2571
2567 3589
2567 2821
2567 2693
2567 2629
2567 2597
2567 2581
2567 2573
2568 3592
2568 2824
2568 2696
2568 2632
2568 2600
2568 2584
2568 2576
2568 3080
2568 3588
2568 2820
2568 2692
2568 2628
2568 2596
2568 2580
2568 2572
2568 3590
2568 2822
2568 2694
2568 2630
2568 2598
2568 2582
2568 2574
2568 3591
2568 2823
2568 2695
2568 2631
2568 2599
2568 2583
2568 2575
2569 3593
2569 2825
2569 2697
2569 2633
2569 2601
2569 2585
2569 2573
2569 2571
2569 2570
2569 3081
2569 3585
2569 2817
2569 2689
2569 2625
2569 2593
2569 2577
2570 3594
2570 2826
2570 2698
2570 2634
2570 2602
2570 2586
2570 2574
2570 2572
2570 3082
2570 3586
2570 2818
2570 2690
2570 2626
2570 2594
2570 2578
2570 3593
2570 2825
2570 2697
2570 2633
2570 2601
2570 2585
2570 2573
2570 2571
2571 3595
2571 2827
2571 2699
2571 2635
2571 2603
2571 2587
2571 2575
2571 2572
2571 3083
2571 3587
2571 2819
2571 2691
2571 2627
2571 2595
2571 2579
2571 3593
2571 2825
2571 2697
2571 2633
2571 2601
2571 2585
2571 2573
2572 3596
2572 2828
2572 2700
2572 2636
2572 2604
2572 2588
2572 2576
2572 3084
2572 3588
2572 2820
2572 2692
2572 2628
2572 2596
2572 2580
2572 3594
2572 2826
2572 2698
2572 2634
2572 2602
2572 2586
2572 2574
2572 3595
2572 2827
2572 2699
2572 2635
2572 2603
2572 2587
2572 2575
2573 3597
2573 2829
2573 2701
2573 2637
2573 2605
2573 2589
2573 2575
2573 2574
2573 3085
2573 3589
2573 2821
2573 2693
2573 2629
2573 2597
2573 2581
2573 3593
2573 2825
2573 2697
2573 2633
2573 2601
2573 2585
2574 3598
2574 2830
2574 2702
2574 2638
2574 2606
2574 2590
2574 2576
2574 3086
2574 3590
2574 2822
2574 2694
2574 2630
2574 2598
2574 2582
2574 3594
2574 2826
2574 2698
2574 2634
2574 2602
2574 2586
2574 3597
2574 2829
2574 2701
2574 2637
2574 2605
2574 2589
2574 2575
2575 3599
2575 2831
2575 2703
2575 2639
2575 2607
2575 2591
2575 2576
2575 3087
2575 3591
2575 2823
2575 2695
2575 2631
2575 2599
2575 2583
2575 3595
2575 2827
2575 2699
2575 2635
2575 2603
2575 2587
2575 3597
2575 2829
2575 2701
2575 2637
2575 2605
2575 2589
2576 3600
2576 2832
2576 2704
2576 2640
2576 2608
2576 2592
2576 3088
2576 3592
2576 2824
2576 2696
2576 2632
2576 2600
2576 2584
2576 3596
2576 2828
2576 2700
2576 2636
2576 2604
2576 2588
2576 3598
2576 2830
2576 2702
2576 2638
2576 2606
2576 2590
2576 3599
2576 2831
2576 2703
2576 2639
2576 2607
2576 2591
2577 3601
2577 2833
2577 2705
2577 2641
2577 2609
2577 2585
2577 2581
2577 2579
2577 2578
2577 3089
2577 3585
2577 2817
2577 2689
2577 2625
2577 2593
2578 3602
2578 2834
2578 2706
2578 2642
2578 2610
2578 2586
2578 2582
2578 2580
2578 3090
2578 3586
2578 2818
2578 2690
2578 2626
2578 2594
2578 3601
2578 2833
2578 2705
2578 2641
2578 2609
2578 2585
2578 2581
2578 2579
2579 3603
2579 2835
2579 2707
2579 2643
2579 2611
2579 2587
2579 2583
2579 2580
2579 3091
2579 3587
2579 2819
2579 2691
2579 2627
2579 2595
2579 3601
2579 2833
2579 2705
2579 2641
2579 2609
2579 2585
2579 2581
2580 3604
2580 2836
2580 2708
2580 2644
2580 2612
2580 2588
2580 2584
2580 3092
2580 3588
2580 2820
2580 2692
2580 2628
2580 2596
2580 3602
2580 2834
2580 2706
2580 2642
2580 2610
2580 2586
2580 2582
2580 3603
2580 2835
2580 2707
2580 2643
2580 2611
2580 2587
2580 2583
2581 3605
2581 2837
2581 2709
2581 2645
2581 2613
2581 2589
2581 2583
2581 2582
2581 3093
2581 3589
2581 2821
2581 2693
2581 2629
2581 2597
2581 3601
2581 2833
2581 2705
2581 2641
2581 2609
2581 2585
2582 3606
2582 2838
2582 2710
2582 2646
2582 2614
2582 2590
2582 2584
2582 3094
2582 3590
2582 2822
2582 2694
2582 2630
2582 2598
2582 3602
2582 2834
2582 2706
2582 2642
2582 2610
2582 2586
2582 3605
2582 2837
2582 2709
2582 2645
2582 2613
2582 2589
2582 2583
2583 3607
2583 2839
2583 2711
2583 2647
2583 2615
2583 2591
2583 2584
2583 3095
2583 3591
2583 2823
2583 2695
2583 2631
2583 2599
2583 3603
2583 2835
2583 2707
2583 2643
2583 2611
2583 2587
2583 3605
2583 2837
2583 2709
2583 2645
2583 2613
2583 2589
2584 3608
2584 2840
2584 2712
2584 2648
2584 2616
2584 2592
2584 3096
2584 3592
2584 2824
2584 2696
2584 2632
2584 2600
2584 3604
2584 2836
2584 2708
2584 2644
2584 2612
2584 2588
2584 3606
2584 2838
2584 2710
2584 2646
2584 2614
2584 2590
2584 3607
2584 2839
2584 2711
2584 2647
2584 2615
2584 2591
2585 3609
2585 2841
2585 2713
2585 2649
2585 2617
2585 2589
2585 2587
2585 2586
2585 3097
2585 3593
2585 2825
2585 2697
2585 2633
2585 2601
2585 3601
2585 2833
2585 2705
2585 2641
2585 2609
2586 3610
2586 2842
2586 2714
2586 2650
2586 2618
2586 2590
2586 2588
2586 3098
2586 3594
2586 2826
2586 2698
2586 2634
2586 2602
2586 3602
2586 2834
2586 2706
2586 2642
2586 2610
2586 3609
2586 2841
2586 2713
2586 2649
2586 2617
2586 2589
2586 2587
2587 3611
2587 2843
2587 2715
2587 2651
2587 2619
2587 2591
2587 2588
2587 3099
2587 3595
2587 2827
2587 2699
2587 2635
2587 2603
2587 3603
2587 2835
2587 2707
2587 2643
2587 2611
2587 3609
2587 2841
2587 2713
2587 2649
2587 2617
2587 2589
2588 3612
2588 2844
2588 2716
2588 2652
2588 2620
2588 2592
2588 3100
2588 3596
2588 2828
2588 2700
2588 2636
2588 2604
2588 3604
2588 2836
2588 2708
2588 2644
2588 2612
2588 3610
2588 2842
2588 2714
2588 2650
2588 2618
2588 2590
2588 3611
2588 2843
2588 2715
2588 2651
2588 2619
2588 2591
2589 3613
2589 2845
2589 2717
2589 2653
2589 2621
2589 2591
2589 2590
2589 3101
2589 3597
2589 2829
2589 2701
2589 2637
2589 2605
2589 3605
2589 2837
2589 2709
2589 2645
2589 2613
2589 3609
2589 2841
2589 2713
2589 2649
2589 2617
2590 3614
2590 2846
2590 2718
2590 2654
2590 2622
2590 2592
2590 3102
2590 3598
2590 2830
2590 2702
2590 2638
2590 2606
2590 3606
2590 2838
2590 2710
2590 2646
2590 2614
2590 3610
2590 2842
2590 2714
2590 2650
2590 2618
2590 3613
2590 2845
2590 2717
2590 2653
2590 2621
2590 2591
2591 3615
2591 2847
2591 2719
2591 2655
2591 2623
2591 2592
2591 3103
2591 3599
2591 2831
2591 2703
2591 2639
2591 2607
2591 3607
2591 2839
2591 2711
2591 2647
2591 2615
2591 3611
2591 2843
2591 2715
2591 2651
2591 2619
2591 3613
2591 2845
2591 2717
2591 2653
2591 2621
2592 3616
2592 2848
2592 2720
2592 2656
2592 2624
2592 3104
2592 3600
2592 2832
2592 2704
2592 2640
2592 2608
2592 3608
2592 2840
2592 2712
2592 2648
2592 2616
2592 3612
2592 2844
2592 2716
2592 2652
2592 2620
2592 3614
2592 2846
2592 2718
2592 2654
2592 2622
2592 3615
2592 2847
2592 2719
2592 2655
2592 2623
2593 3617
2593 2849
2593 2721
2593 2657
2593 2609
2593 2601
2593 2597
2593 2595
2593 2594
2593 3105
2593 3585
2593 2817
2593 2689
2593 2625
2594 3618
2594 2850
2594 2722
2594 2658
2594 2610
2594 2602
2594 2598
2594 2596
2594 3106
2594 3586
2594 2818
2594 2690
2594 2626
2594 3617
2594 2849
2594 2721
2594 2657
2594 2609
2594 2601
2594 2597
2594 2595
2595 3619
2595 2851
2595 2723
2595 2659
2595 2611
2595 2603
2595 2599
2595 2596
2595 3107
2595 3587
2595 2819
2595 2691
2595 2627
2595 3617
2595 2849
2595 2721
2595 2657
2595 2609
2595 2601
2595 2597
2596 3620
2596 2852
2596 2724
2596 2660
2596 2612
2596 2604
2596 2600
2596 3108
2596 3588
2596 2820
2596 2692
2596 2628
2596 3618
2596 2850
2596 2722
2596 2658
2596 2610
2596 2602
2596 2598
2596 3619
2596 2851
2596 2723
2596 2659
2596 2611
2596 2603
2596 2599
2597 3621
2597 2853
2597 2725
2597 2661
2597 2613
2597 2605
2597 2599
2597 2598
2597 3109
2597 3589
2597 2821
2597 2693
2597 2629
2597 3617
2597 2849
2597 2721
2597 2657
2597 2609
2597 2601
2598 3622
2598 2854
2598 2726
2598 2662
2598 2614
2598 2606
2598 2600
2598 3110
2598 3590
2598 2822
2598 2694
2598 2630
2598 3618
2598 2850
2598 2722
2598 2658
2598 2610
2598 2602
2598 3621
2598 2853
2598 2725
2598 2661
2598 2613
2598 2605
2598 2599
2599 3623
2599 2855
2599 2727
2599 2663
2599 2615
2599 2607
2599 2600
2599 3111
2599 3591
2599 2823
2599 2695
2599 2631
2599 3619
2599 2851
2599 2723
2599 2659
2599 2611
2599 2603
2599 3621
2599 2853
2599 2725
2599 2661
2599 2613
2599 2605
2600 3624
2600 2856
2600 2728
2600 2664
2600 2616
2600 2608
2600 3112
2600 3592
2600 2824
2600 2696
2600 2632
2600 3620
2600 2852
2600 2724
2600 2660
2600 2612
2600 2604
2600 3622
2600 2854
2600 2726
2600 2662
2600 2614
2600 2606
2600 3623
2600 2855
2600 2727
2600 2663
2600 2615
2600 2607
2601 3625
2601 2857
2601 2729
2601 2665
2601 2617
2601 2605
2601 2603
2601 2602
2601 3113
2601 3593
2601 2825
2601 2697
2601 2633
2601 3617
2601 2849
2601 2721
2601 2657
2601 2609
2602 3626
2602 2858
2602 2730
2602 2666
2602 2618
2602 2606
2602 2604
2602 3114
2602 3594
2602 2826
2602 2698
2602 2634
2602 3618
2602 2850
2602 2722
2602 2658
2602 2610
2602 3625
2602 2857
2602 2729
2602 2665
2602 2617
2602 2605
2602 2603
2603 3627
2603 2859
2603 2731
2603 2667
2603 2619
2603 2607
2603 2604
2603 3115
2603 3595
2603 2827
2603 2699
2603 2635
2603 3619
2603 2851
2603 2723
2603 2659
2603 2611
2603 3625
2603 2857
2603 2729
2603 2665
2603 2617
2603 2605
2604 3628
2604 2860
2604 2732
2604 2668
2604 2620
2604 2608
2604 3116
2604 3596
2604 2828
2604 2700
2604 2636
2604 3620
2604 2852
2604 2724
2604 2660
2604 2612
2604 3626
2604 2858
2604 2730
2604 2666
2604 2618
2604 2606
2604 3627
2604 2859
2604 2731
2604 2667
2604 2619
2604 2607
2605 3629
2605 2861
2605 2733
2605 2669
2605 2621
2605 2607
2605 2606
2605 3117
2605 3597
2605 2829
2605 2701
2605 2637
2605 3621
2605 2853
2605 2725
2605 2661
2605 2613
2605 3625
2605 2857
2605 2729
2605 2665
2605 2617
2606 3630
2606 2862
2606 2734
2606 2670
2606 2622
2606 2608
2606 3118
2606 3598
2606 2830
2606 2702
2606 2638
2606 3622
2606 2854
2606 2726
2606 2662
2606 2614
2606 3626
2606 2858
2606 2730
2606 2666
2606 2618
2606 3629
2606 2861
2606 2733
2606 2669
2606 2621
2606 2607
2607 3631
2607 2863
2607 2735
2607 2671
2607 2623
2607 2608
2607 3119
2607 3599
2607 2831
2607 2703
2607 2639
2607 3623
2607 2855
2607 2727
2607 2663
2607 2615
2607 3627
2607 2859
2607 2731
2607 2667
2607 2619
2607 3629
2607 2861
2607 2733
2607 2669
2607 2621
2608 3632
2608 2864
2608 2736
2608 2672
2608 2624
2608 3120
2608 3600
2608 2832
2608 2704
2608 2640
2608 3624
2608 2856
2608 2728
2608 2664
2608 2616
2608 3628
2608 2860
2608 2732
2608 2668
2608 2620
2608 3630
2608 2862
2608 2734
2608 2670
2608 2622
2608 3631
2608 2863
2608 2735
2608 2671
2608 2623
2609 3633
2609 2865
2609 2737
2609 2673
2609 2617
2609 2613
2609 2611
2609 2610
2609 3121
2609 3601
2609 2833
2609 2705
2609 2641
2609 3617
2609 2849
2609 2721
2609 2657
2610 3634
2610 2866
2610 2738
2610 2674
2610 2618
2610 2614
2610 2612
2610 3122
2610 3602
2610 2834
2610 2706
2610 2642
2610 3618
2610 2850
2610 2722
2610 2658
2610 3633
2610 2865
2610 2737
2610 2673
2610 2617
2610 2613
2610 2611
2611 3635
2611 2867
2611 2739
2611 2675
2611 2619
2611 2615
2611 2612
2611 3123
2611 3603
2611 2835
2611 2707
2611 2643
2611 3619
2611 2851
2611 2723
2611 2659
2611 3633
2611 2865
2611 2737
2611 2673
2611 2617
2611 2613
2612 3636
2612 2868
2612 2740
2612 2676
2612 2620
2612 2616
2612 3124
2612 3604
2612 2836
2612 2708
2612 2644
2612 3620
2612 2852
2612 2724
2612 2660
2612 3634
2612 2866
2612 2738
2612 2674
2612 2618
2612 2614
2612 3635
2612 2867
2612 2739
2612 2675
2612 2619
2612 2615
2613 3637
2613 2869
2613 2741
2613 2677
2613 2621
2613 2615
2613 2614
2613 3125
2613 3605
2613 2837
2613 2709
2613 2645
2613 3621
2613 2853
2613 2725
2613 2661
2613 3633
2613 2865
2613 2737
2613 2673
2613 2617
2614 3638
2614 2870
2614 2742
2614 2678
2614 2622
2614 2616
2614 3126
2614 3606
2614 2838
2614 2710
2614 2646
2614 3622
2614 2854
2614 2726
2614 2662
2614 3634
2614 2866
2614 2738
2614 2674
2614 2618
2614 3637
2614 2869
2614 2741
2614 2677
2614 2621
2614 2615
2615 3639
2615 2871
2615 2743
2615 2679
2615 2623
2615 2616
2615 3127
2615 3607
2615 2839
2615 2711
2615 2647
2615 3623
2615 2855
2615 2727
2615 2663
2615 3635
2615 2867
2615 2739
2615 2675
2615 2619
2615 3637
2615 2869
2615 2741
2615 2677
2615 2621
2616 3640
2616 2872
2616 2744
2616 2680
2616 2624
2616 3128
2616 3608
2616 2840
2616 2712
2616 2648
2616 3624
2616 2856
2616 2728
2616 2664
2616 3636
2616 2868
2616 2740
2616 2676
2616 2620
2616 3638
2616 2870
2616 2742
2616 2678
2616 2622
2616 3639
2616 2871
2616 2743
2616 2679
2616 2623
2617 3641
2617 2873
2617 2745
2617 2681
2617 2621
2617 2619
2617 2618
2617 3129
2617 3609
2617 2841
2617 2713
2617 2649
2617 3625
2617 2857
2617 2729
2617 2665
2617 3633
2617 2865
2617 2737
2617 2673
2618 3642
2618 2874
2618 2746
2618 2682
2618 2622
2618 2620
2618 3130
2618 3610
2618 2842
2618 2714
2618 2650
2618 3626
2618 2858
2618 2730
2618 2666
2618 3634
2618 2866
2618 2738
2618 2674
2618 3641
2618 2873
2618 2745
2618 2681
2618 2621
2618 2619
2619 3643
2619 2875
2619 2747
2619 2683
2619 2623
2619 2620
2619 3131
2619 3611
2619 2843
2619 2715
2619 2651
2619 3627
2619 2859
2619 2731
2619 2667
2619 3635
2619 2867
2619 2739
2619 2675
2619 3641
2619 2873
2619 2745
2619 2681
2619 2621
2620 3644
2620 2876
2620 2748
2620 2684
2620 2624
2620 3132
2620 3612
2620 2844
2620 2716
2620 2652
2620 3628
2620 2860
2620 2732
2620 2668
2620 3636
2620 2868
2620 2740
2620 2676
2620 3642
2620 2874
2620 2746
2620 2682
2620 2622
2620 3643
2620 2875
2620 2747
2620 2683
2620 2623
2621 3645
2621 2877
2621 2749
2621 2685
2621 2623
2621 2622
2621 3133
2621 3613
2621 2845
2621 2717
2621 2653
2621 3629
2621 2861
2621 2733
2621 2669
2621 3637
2621 2869
2621 2741
2621 2677
2621 3641
2621 2873
2621 2745
2621 2681
2622 3646
2622 2878
2622 2750
2622 2686
2622 2624
2622 3134
2622 3614
2622 2846
2622 2718
2622 2654
2622 3630
2622 2862
2622 2734
2622 2670
2622 3638
2622 2870
2622 2742
2622 2678
2622 3642
2622 2874
2622 2746
2622 2682
2622 3645
2622 2877
2622 2749
2622 2685
2622 2623
2623 3647
2623 2879
2623 2751
2623 2687
2623 2624
2623 3135
2623 3615
2623 2847
2623 2719
2623 2655
2623 3631
2623 2863
2623 2735
2623 2671
2623 3639
2623 2871
2623 2743
2623 2679
2623 3643
2623 2875
2623 2747
2623 2683
2623 3645
2623 2877
2623 2749
2623 2685
2624 3648
2624 2880
2624 2752
2624 2688
2624 3136
2624 3616
2624 2848
2624 2720
2624 2656
2624 3632
2624 2864
2624 2736
2624 2672
2624 3640
2624 2872
2624 2744
2624 2680
2624 3644
2624 2876
2624 2748
2624 2684
2624 3646
2624 2878
2624 2750
2624 2686
2624 3647
2624 2879
2624 2751
2624 2687
2625 3649
2625 2881
2625 2753
2625 2657
2625 2641
2625 2633
2625 2629
2625 2627
2625 2626
2625 3137
2625 3585
2625 2817
2625 2689
2626 3650
2626 2882
2626 2754
2626 2658
2626 2642
2626 2634
2626 2630
2626 2628
2626 3138
2626 3586
2626 2818
2626 2690
2626 3649
2626 2881
2626 2753
2626 2657
2626 2641
2626 2633
2626 2629
2626 2627
2627 3651
2627 2883
2627 2755
2627 2659
2627 2643
2627 2635
2627 2631
2627 2628
2627 3139
2627 3587
2627 2819
2627 2691
2627 3649
2627 2881
2627 2753
2627 2657
2627 2641
2627 2633
2627 2629
2628 3652
2628 2884
2628 2756
2628 2660
2628 2644
2628 2636
2628 2632
2628 3140
2628 3588
2628 2820
2628 2692
2628 3650
2628 2882
2628 2754
2628 2658
2628 2642
2628 2634
2628 2630
2628 3651
2628 2883
2628 2755
2628 2659
2628 2643
2628 2635
2628 2631
2629 3653
2629 2885
2629 2757
2629 2661
2629 2645
2629 2637
2629 2631
2629 2630
2629 3141
2629 3589
2629 2821
2629 2693
2629 3649
2629 2881
2629 2753
2629 2657
2629 2641
2629 2633
2630 3654
2630 2886
2630 2758
2630 2662
2630 2646
2630 2638
2630 2632
2630 3142
2630 3590
2630 2822
2630 2694
2630 3650
2630 2882
2630 2754
2630 2658
2630 2642
2630 2634
2630 3653
2630 2885
2630 2757
2630 2661
2630 2645
2630 2637
2630 2631
2631 3655
2631 2887
2631 2759
2631 2663
2631 2647
2631 2639
2631 2632
2631 3143
2631 3591
2631 2823
2631 2695
2631 3651
2631 2883
2631 2755
2631 2659
2631 2643
2631 2635
2631 3653
2631 2885
2631 2757
2631 2661
2631 2645
2631 2637
2632 3656
2632 2888
2632 2760
2632 2664
2632 2648
2632 2640
2632 3144
2632 3592
2632 2824
2632 2696
2632 3652
2632 2884
2632 2756
2632 2660
2632 2644
2632 2636
2632 3654
2632 2886
2632 2758
2632 2662
2632 2646
2632 2638
2632 3655
2632 2887
2632 2759
2632 2663
2632 2647
2632 2639
2633 3657
2633 2889
2633 2761
2633 2665
2633 2649
2633 2637
2633 2635
2633 2634
2633 3145
2633 3593
2633 2825
2633 2697
2633 3649
2633 2881
2633 2753
2633 2657
2633 2641
2634 3658
2634 2890
2634 2762
2634 2666
2634 2650
2634 2638
2634 2636
2634 3146
2634 3594
2634 2826
2634 2698
2634 3650
2634 2882
2634 2754
2634 2658
2634 2642
2634 3657
2634 2889
2634 2761
2634 2665
2634 2649
2634 2637
2634 2635
2635 3659
2635 2891
2635 2763
2635 2667
2635 2651
2635 2639
2635 2636
2635 3147
2635 3595
2635 2827
2635 2699
2635 3651
2635 2883
2635 2755
2635 2659
2635 2643
2635 3657
2635 2889
2635 2761
2635 2665
2635 2649
2635 2637
2636 3660
2636 2892
2636 2764
2636 2668
2636 2652
2636 2640
2636 3148
2636 3596
2636 2828
2636 2700
2636 3652
2636 2884
2636 2756
2636 2660
2636 2644
2636 3658
2636 2890
2636 2762
2636 2666
2636 2650
2636 2638
2636 3659
2636 2891
2636 2763
2636 2667
2636 2651
2636 2639
2637 3661
2637 2893
2637 2765
2637 2669
2637 2653
2637 2639
2637 2638
2637 3149
2637 3597
2637 2829
2637 2701
2637 3653
2637 2885
2637 2757
2637 2661
2637 2645
2637 3657
2637 2889
2637 2761
2637 2665
2637 2649
2638 3662
2638 2894
2638 2766
2638 2670
2638 2654
2638 2640
2638 3150
2638 3598
2638 2830
2638 2702
2638 3654
2638 2886
2638 2758
2638 2662
2638 2646
2638 3658
2638 2890
2638 2762
2638 2666
2638 2650
2638 3661
2638 2893
2638 2765
2638 2669
2638 2653
2638 2639
2639 3663
2639 2895
2639 2767
2639 2671
2639 2655
2639 2640
2639 3151
2639 3599
2639 2831
2639 2703
2639 3655
2639 2887
2639 2759
2639 2663
2639 2647
2639 3659
2639 2891
2639 2763
2639 2667
2639 2651
2639 3661
2639 2893
2639 2765
2639 2669
2639 2653
2640 3664
2640 2896
2640 2768
2640 2672
2640 2656
2640 3152
2640 3600
2640 2832
2640 2704
2640 3656
2640 2888
2640 2760
2640 2664
2640 2648
2640 3660
2640 2892
2640 2764
2640 2668
2640 2652
2640 3662
2640 2894
2640 2766
2640 2670
2640 2654
2640 3663
2640 2895
2640 2767
2640 2671
2640 2655
2641 3665
2641 2897
2641 2769
2641 2673
2641 2649
2641 2645
2641 2643
2641 2642
2641 3153
2641 3601
2641 2833
2641 2705
2641 3649
2641 2881
2641 2753
2641 2657
2642 3666
2642 2898
2642 2770
2642 2674
2642 2650
2642 2646
2642 2644
2642 3154
2642 3602
2642 2834
2642 2706
2642 3650
2642 2882
2642 2754
2642 2658
2642 3665
2642 2897
2642 2769
2642 2673
2642 2649
2642 2645
2642 2643
2643 3667
2643 2899
2643 2771
2643 2675
2643 2651
2643 2647
2643 2644
2643 3155
2643 3603
2643 2835
2643 2707
2643 3651
2643 2883
2643 2755
2643 2659
2643 3665
2643 2897
2643 2769
2643 2673
2643 2649
2643 2645
2644 3668
2644 2900
2644 2772
2644 2676
2644 2652
2644 2648
2644 3156
2644 3604
2644 2836
2644 2708
2644 3652
2644 2884
2644 2756
2644 2660
2644 3666
2644 2898
2644 2770
2644 2674
2644 2650
2644 2646
2644 3667
2644 2899
2644 2771
2644 2675
2644 2651
2644 2647
2645 3669
2645 2901
2645 2773
2645 2677
2645 2653
2645 2647
2645 2646
2645 3157
2645 3605
2645 2837
2645 2709
2645 3653
2645 2885
2645 2757
2645 2661
2645 3665
2645 2897
2645 2769
2645 2673
2645 2649
2646 3670
2646 2902
2646 2774
2646 2678
2646 2654
2646 2648
2646 3158
2646 3606
2646 2838
2646 2710
2646 3654
2646 2886
2646 2758
2646 2662
2646 3666
2646 2898
2646 2770
2646 2674
2646 2650
2646 3669
2646 2901
2646 2773
2646 2677
2646 2653
2646 2647
2647 3671
2647 2903
2647 2775
2647 2679
2647 2655
2647 2648
2647 3159
2647 3607
2647 2839
2647 2711
2647 3655
2647 2887
2647 2759
2647 2663
2647 3667
2647 2899
2647 2771
2647 2675
2647 2651
2647 3669
2647 2901
2647 2773
2647 2677
2647 2653
2648 3672
2648 2904
2648 2776
2648 2680
2648 2656
2648 3160
2648 3608
2648 2840
2648 2712
2648 3656
2648 2888
2648 2760
2648 2664
2648 3668
2648 2900
2648 2772
2648 2676
2648 2652
2648 3670
2648 2902
2648 2774
2648 2678
2648 2654
2648 3671
2648 2903
2648 2775
2648 2679
2648 2655
2649 3673
2649 2905
2649 2777
2649 2681
2649 2653
2649 2651
2649 2650
2649 3161
2649 3609
2649 2841
2649 2713
2649 3657
2649 2889
2649 2761
2649 2665
2649 3665
2649 2897
2649 2769
2649 2673
2650 3674
2650 2906
2650 2778
2650 2682
2650 2654
2650 2652
2650 3162
2650 3610
2650 2842
2650 2714
2650 3658
2650 2890
2650 2762
2650 2666
2650 3666
2650 2898
2650 2770
2650 2674
2650 3673
2650 2905
2650 2777
2650 2681
2650 2653
2650 2651
2651 3675
2651 2907
2651 2779
2651 2683
2651 2655
2651 2652
2651 3163
2651 3611
2651 2843
2651 2715
2651 3659
2651 2891
2651 2763
2651 2667
2651 3667
2651 2899
2651 2771
2651 2675
2651 3673
2651 2905
2651 2777
2651 2681
2651 2653
2652 3676
2652 2908
2652 2780
2652 2684
2652 2656
2652 3164
2652 3612
2652 2844
2652 2716
2652 3660
2652 2892
2652 2764
2652 2668
2652 3668
2652 2900
2652 2772
2652 2676
2652 3674
2652 2906
2652 2778
2652 2682
2652 2654
2652 3675
2652 2907
2652 2779
2652 2683
2652 2655
2653 3677
2653 2909
2653 2781
2653 2685
2653 2655
2653 2654
2653 3165
2653 3613
2653 2845
2653 2717
2653 3661
2653 2893
2653 2765
2653 2669
2653 3669
2653 2901
2653 2773
2653 2677
2653 3673
2653 2905
2653 2777
2653 2681
2654 3678
2654 2910
2654 2782
2654 2686
2654 2656
2654 3166
2654 3614
2654 2846
2654 2718
2654 3662
2654 2894
2654 2766
2654 2670
2654 3670
2654 2902
2654 2774
2654 2678
2654 3674
2654 2906
2654 2778
2654 2682
2654 3677
2654 2909
2654 2781
2654 2685
2654 2655
2655 3679
2655 2911
2655 2783
2655 2687
2655 2656
2655 3167
2655 3615
2655 2847
2655 2719
2655 3663
2655 2895
2655 2767
2655 2671
2655 3671
2655 2903
2655 2775
2655 2679
2655 3675
2655 2907
2655 2779
2655 2683
2655 3677
2655 2909
2655 2781
2655 2685
2656 3680
2656 2912
2656 2784
2656 2688
2656 3168
2656 3616
2656 2848
2656 2720
2656 3664
2656 2896
2656 2768
2656 2672
2656 3672
2656 2904
2656 2776
2656 2680
2656 3676
2656 2908
2656 2780
2656 2684
2656 3678
2656 2910
2656 2782
2656 2686
2656 3679
2656 2911
2656 2783
2656 2687
2657 3681
2657 2913
2657 2785
2657 2673
2657 2665
2657 2661
2657 2659
2657 2658
2657 3169
2657 3617
2657 2849
2657 2721
2657 3649
2657 2881
2657 2753
2658 3682
2658 2914
2658 2786
2658 2674
2658 2666
2658 2662
2658 2660
2658 3170
2658 3618
2658 2850
2658 2722
2658 3650
2658 2882
2658 2754
2658 3681
2658 2913
2658 2785
2658 2673
2658 2665
2658 2661
2658 2659
2659 3683
2659 2915
2659 2787
2659 2675
2659 2667
2659 2663
2659 2660
2659 3171
2659 3619
2659 2851
2659 2723
2659 3651
2659 2883
2659 2755
2659 3681
2659 2913
2659 2785
2659 2673
2659 2665
2659 2661
2660 3684
2660 2916
2660 2788
2660 2676
2660 2668
2660 2664
2660 3172
2660 3620
2660 2852
2660 2724
2660 3652
2660 2884
2660 2756
2660 3682
2660 2914
2660 2786
2660 2674
2660 2666
2660 2662
2660 3683
2660 2915
2660 2787
2660 2675
2660 2667
2660 2663
2661 3685
2661 2917
2661 2789
2661 2677
2661 2669
2661 2663
2661 2662
2661 3173
2661 3621
2661 2853
2661 2725
2661 3653
2661 2885
2661 2757
2661 3681
2661 2913
2661 2785
2661 2673
2661 2665
2662 3686
2662 2918
2662 2790
2662 2678
2662 2670
2662 2664
2662 3174
2662 3622
2662 2854
2662 2726
2662 3654
2662 2886
2662 2758
2662 3682
2662 2914
2662 2786
2662 2674
2662 2666
2662 3685
2662 2917
2662 2789
2662 2677
2662 2669
2662 2663
2663 3687
2663 2919
2663 2791
2663 2679
2663 2671
2663 2664
2663 3175
2663 3623
2663 2855
2663 2727
2663 3655
2663 2887
2663 2759
2663 3683
2663 2915
2663 2787
2663 2675
2663 2667
2663 3685
2663 2917
2663 2789
2663 2677
2663 2669
2664 3688
2664 2920
2664 2792
2664 2680
2664 2672
2664 3176
2664 3624
2664 2856
2664 2728
2664 3656
2664 2888
2664 2760
2664 3684
2664 2916
2664 2788
2664 2676
2664 2668
2664 3686
2664 2918
2664 2790
2664 2678
2664 2670
2664 3687
2664 2919
2664 2791
2664 2679
2664 2671
2665 3689
2665 2921
2665 2793
2665 2681
2665 2669
2665 2667
2665 2666
2665 3177
2665 3625
2665 2857
2665 2729
2665 3657
2665 2889
2665 2761
2665 3681
2665 2913
2665 2785
2665 2673
2666 3690
2666 2922
2666 2794
2666 2682
2666 2670
2666 2668
2666 3178
2666 3626
2666 2858
2666 2730
2666 3658
2666 2890
2666 2762
2666 3682
2666 2914
2666 2786
2666 2674
2666 3689
2666 2921
2666 2793
2666 2681
2666 2669
2666 2667
2667 3691
2667 2923
2667 2795
2667 2683
2667 2671
2667 2668
2667 3179
2667 3627
2667 2859
2667 2731
2667 3659
2667 2891
2667 2763
2667 3683
2667 2915
2667 2787
2667 2675
2667 3689
2667 2921
2667 2793
2667 2681
2667 2669
2668 3692
2668 2924
2668 2796
2668 2684
2668 2672
2668 3180
2668 3628
2668 2860
2668 2732
2668 3660
2668 2892
2668 2764
2668 3684
2668 2916
2668 2788
2668 2676
2668 3690
2668 2922
2668 2794
2668 2682
2668 2670
2668 3691
2668 2923
2668 2795
2668 2683
2668 2671
2669 3693
2669 2925
2669 2797
2669 2685
2669 2671
2669 2670
2669 3181
2669 3629
2669 2861
2669 2733
2669 3661
2669 2893
2669 2765
2669 3685
2669 2917
2669 2789
2669 2677
2669 3689
2669 2921
2669 2793
2669 2681
2670 3694
2670 2926
2670 2798
2670 2686
2670 2672
2670 3182
2670 3630
2670 2862
2670 2734
2670 3662
2670 2894
2670 2766
2670 3686
2670 2918
2670 2790
2670 2678
2670 3690
2670 2922
2670 2794
2670 2682
2670 3693
2670 2925
2670 2797
2670 2685
2670 2671
2671 3695
2671 2927
2671 2799
2671 2687
2671 2672
2671 3183
2671 3631
2671 2863
2671 2735
2671 3663
2671 2895
2671 2767
2671 3687
2671 2919
2671 2791
2671 2679
2671 3691
2671 2923
2671 2795
2671 2683
2671 3693
2671 2925
2671 2797
2671 2685
2672 3696
2672 2928
2672 2800
2672 2688
2672 3184
2672 3632
2672 2864
2672 2736
2672 3664
2672 2896
2672 2768
2672 3688
2672 2920
2672 2792
2672 2680
2672 3692
2672 2924
2672 2796
2672 2684
2672 3694
2672 2926
2672 2798
2672 2686
2672 3695
2672 2927
2672 2799
2672 2687
2673 3697
2673 2929
2673 2801
2673 2681
2673 2677
2673 2675
2673 2674
2673 3185
2673 3633
2673 2865
2673 2737
2673 3665
2673 2897
2673 2769
2673 3681
2673 2913
2673 2785
2674 3698
2674 2930
2674 2802
2674 2682
2674 2678
2674 2676
2674 3186
2674 3634
2674 2866
2674 2738
2674 3666
2674 2898
2674 2770
2674 3682
2674 2914
2674 2786
2674 3697
2674 2929
2674 2801
2674 2681
2674 2677
2674 2675
2675 3699
2675 2931
2675 2803
2675 2683
2675 2679
2675 2676
2675 3187
2675 3635
2675 2867
2675 2739
2675 3667
2675 2899
2675 2771
2675 3683
2675 2915
2675 2787
2675 3697
2675 2929
2675 2801
2675 2681
2675 2677
2676 3700
2676 2932
2676 2804
2676 2684
2676 2680
2676 3188
2676 3636
2676 2868
2676 2740
2676 3668
2676 2900
2676 2772
2676 3684
2676 2916
2676 2788
2676 3698
2676 2930
2676 2802
2676 2682
2676 2678
2676 3699
2676 2931
2676 2803
2676 2683
2676 2679
2677 3701
2677 2933
2677 2805
2677 2685
2677 2679
2677 2678
2677 3189
2677 3637
2677 2869
2677 2741
2677 3669
2677 2901
2677 2773
2677 3685
2677 2917
2677 2789
2677 3697
2677 2929
2677 2801
2677 2681
2678 3702
2678 2934
2678 2806
2678 2686
2678 2680
2678 3190
2678 3638
2678 2870
2678 2742
2678 3670
2678 2902
2678 2774
2678 3686
2678 2918
2678 2790
2678 3698
2678 2930
2678 2802
2678 2682
2678 3701
2678 2933
2678 2805
2678 2685
2678 2679
2679 3703
2679 2935
2679 2807
2679 2687
2679 2680
2679 3191
2679 3639
2679 2871
2679 2743
2679 3671
2679 2903
2679 2775
2679 3687
2679 2919
2679 2791
2679 3699
2679 2931
2679 2803
2679 2683
2679 3701
2679 2933
2679 2805
2679 2685
2680 3704
2680 2936
2680 2808
2680 2688
2680 3192
2680 3640
2680 2872
2680 2744
2680 3672
2680 2904
2680 2776
2680 3688
2680 2920
2680 2792
2680 3700
2680 2932
2680 2804
2680 2684
2680 3702
2680 2934
2680 2806
2680 2686
2680 3703
2680 2935
2680 2807
2680 2687
2681 3705
2681 2937
2681 2809
2681 2685
2681 2683
2681 2682
2681 3193
2681 3641
2681 2873
2681 2745
2681 3673
2681 2905
2681 2777
2681 3689
2681 2921
2681 2793
2681 3697
2681 2929
2681 2801
2682 3706
2682 2938
2682 2810
2682 2686
2682 2684
2682 3194
2682 3642
2682 2874
2682 2746
2682 3674
2682 2906
2682 2778
2682 3690
2682 2922
2682 2794
2682 3698
2682 2930
2682 2802
2682 3705
2682 2937
2682 2809
2682 2685
2682 2683
2683 3707
2683 2939
2683 2811
2683 2687
2683 2684
2683 3195
2683 3643
2683 2875
2683 2747
2683 3675
2683 2907
2683 2779
2683 3691
2683 2923
2683 2795
2683 3699
2683 2931
2683 2803
2683 3705
2683 2937
2683 2809
2683 2685
2684 3708
2684 2940
2684 2812
2684 2688
2684 3196
2684 3644
2684 2876
2684 2748
2684 3676
2684 2908
2684 2780
2684 3692
2684 2924
2684 2796
2684 3700
2684 2932
2684 2804
2684 3706
2684 2938
2684 2810
2684 2686
2684 3707
2684 2939
2684 2811
2684 2687
2685 3709
2685 2941
2685 2813
2685 2687
2685 2686
2685 3197
2685 3645
2685 2877
2685 2749
2685 3677
2685 2909
2685 2781
2685 3693
2685 2925
2685 2797
2685 3701
2685 2933
2685 2805
2685 3705
2685 2937
2685 2809
2686 3710
2686 2942
2686 2814
2686 2688
2686 3198
2686 3646
2686 2878
2686 2750
2686 3678
2686 2910
2686 2782
2686 3694
2686 2926
2686 2798
2686 3702
2686 2934
2686 2806
2686 3706
2686 2938
2686 2810
2686 3709
2686 2941
2686 2813
2686 2687
2687 3711
2687 2943
2687 2815
2687 2688
2687 3199
2687 3647
2687 2879
2687 2751
2687 3679
2687 2911
2687 2783
2687 3695
2687 2927
2687 2799
2687 3703
2687 2935
2687 2807
2687 3707
2687 2939
2687 2811
2687 3709
2687 2941
2687 2813
2688 3712
2688 2944
2688 2816
2688 3200
2688 3648
2688 2880
2688 2752
2688 3680
2688 2912
2688 2784
2688 3696
2688 2928
2688 2800
2688 3704
2688 2936
2688 2808
2688 3708
2688 2940
2688 2812
2688 3710
2688 2942
2688 2814
2688 3711
2688 2943
2688 2815
2689 3713
2689 2945
2689 2753
2689 2721
2689 2705
2689 2697
2689 2693
2689 2691
2689 2690
2689 3201
2689 3585
2689 2817
2690 3714
2690 2946
2690 2754
2690 2722
2690 2706
2690 2698
2690 2694
2690 2692
2690 3202
2690 3586
2690 2818
2690 3713
2690 2945
2690 2753
2690 2721
2690 2705
2690 2697
2690 2693
2690 2691
2691 3715
2691 2947
2691 2755
2691 2723
2691 2707
2691 2699
2691 2695
2691 2692
2691 3203
2691 3587
2691 2819
2691 3713
2691 2945
2691 2753
2691 2721
2691 2705
2691 2697
2691 2693
2692 3716
2692 2948
2692 2756
2692 2724
2692 2708
2692 2700
2692 2696
2692 3204
2692 3588
2692 2820
2692 3714
2692 2946
2692 2754
2692 2722
2692 2706
2692 2698
2692 2694
2692 3715
2692 2947
2692 2755
2692 2723
2692 2707
2692 2699
2692 2695
2693 3717
2693 2949
2693 2757
2693 2725
2693 2709
2693 2701
2693 2695
2693 2694
2693 3205
2693 3589
2693 2821
2693 3713
2693 2945
2693 2753
2693 2721
2693 2705
2693 2697
2694 3718
2694 2950
2694 2758
2694 2726
2694 2710
2694 2702
2694 2696
2694 3206
2694 3590
2694 2822
2694 3714
2694 2946
2694 2754
2694 2722
2694 2706
2694 2698
2694 3717
2694 2949
2694 2757
2694 2725
2694 2709
2694 2701
2694 2695
2695 3719
2695 2951
2695 2759
2695 2727
2695 2711
2695 2703
2695 2696
2695 3207
2695 3591
2695 2823
2695 3715
2695 2947
2695 2755
2695 2723
2695 2707
2695 2699
2695 3717
2695 2949
2695 2757
2695 2725
2695 2709
2695 2701
2696 3720
2696 2952
2696 2760
2696 2728
2696 2712
2696 2704
2696 3208
2696 3592
2696 2824
2696 3716
2696 2948
2696 2756
2696 2724
2696 2708
2696 2700
2696 3718
2696 2950
2696 2758
2696 2726
2696 2710
2696 2702
2696 3719
2696 2951
2696 2759
2696 2727
2696 2711
2696 2703
2697 3721
2697 2953
2697 2761
2697 2729
2697 2713
2697 2701
2697 2699
2697 2698
2697 3209
2697 3593
2697 2825
2697 3713
2697 2945
2697 2753
2697 2721
2697 2705
2698 3722
2698 2954
2698 2762
2698 2730
2698 2714
2698 2702
2698 2700
2698 3210
2698 3594
2698 2826
2698 3714
2698 2946
2698 2754
2698 2722
2698 2706
2698 3721
2698 2953
2698 2761
2698 2729
2698 2713
2698 2701
2698 2699
2699 3723
2699 2955
2699 2763
2699 2731
2699 2715
2699 2703
2699 2700
2699 3211
2699 3595
2699 2827
2699 3715
2699 2947
2699 2755
2699 2723
2699 2707
2699 3721
2699 2953
2699 2761
2699 2729
2699 2713
2699 2701
2700 3724
2700 2956
2700 2764
2700 2732
2700 2716
2700 2704
2700 3212
2700 3596
2700 2828
2700 3716
2700 2948
2700 2756
2700 2724
2700 2708
2700 3722
2700 2954
2700 2762
2700 2730
2700 2714
2700 2702
2700 3723
2700 2955
2700 2763
2700 2731
2700 2715
2700 2703
2701 3725
2701 2957
2701 2765
2701 2733
2701 2717
2701 2703
2701 2702
2701 3213
2701 3597
2701 2829
2701 3717
2701 2949
2701 2757
2701 2725
2701 2709
2701 3721
2701 2953
2701 2761
2701 2729
2701 2713
2702 3726
2702 2958
2702 2766
2702 2734
2702 2718
2702 2704
2702 3214
2702 3598
2702 2830
2702 3718
2702 2950
2702 2758
2702 2726
2702 2710
2702 3722
2702 2954
2702 2762
2702 2730
2702 2714
2702 3725
2702 2957
2702 2765
2702 2733
2702 2717
2702 2703
2703 3727
2703 2959
2703 2767
2703 2735
2703 2719
2703 2704
2703 3215
2703 3599
2703 2831
2703 3719
2703 2951
2703 2759
2703 2727
2703 2711
2703 3723
2703 2955
2703 2763
2703 2731
2703 2715
2703 3725
2703 2957
2703 2765
2703 2733
2703 2717
2704 3728
2704 2960
2704 2768
2704 2736
2704 2720
2704 3216
2704 3600
2704 2832
2704 3720
2704 2952
2704 2760
2704 2728
2704 2712
2704 3724
2704 2956
2704 2764
2704 2732
2704 2716
2704 3726
2704 2958
2704 2766
2704 2734
2704 2718
2704 3727
2704 2959
2704 2767
2704 2735
2704 2719
2705 3729
2705 2961
2705 2769
2705 2737
2705 2713
2705 2709
2705 2707
2705 2706
2705 3217
2705 3601
2705 2833
2705 3713
2705 2945
2705 2753
2705 2721
2706 3730
2706 2962
2706 2770
2706 2738
2706 2714
2706 2710
2706 2708
2706 3218
2706 3602
2706 2834
2706 3714
2706 2946
2706 2754
2706 2722
2706 3729
2706 2961
2706 2769
2706 2737
2706 2713
2706 2709
2706 2707
2707 3731
2707 2963
2707 2771
2707 2739
2707 2715
2707 2711
2707 2708
2707 3219
2707 3603
2707 2835
2707 3715
2707 2947
2707 2755
2707 2723
2707 3729
2707 2961
2707 2769
2707 2737
2707 2713
2707 2709
2708 3732
2708 2964
2708 2772
2708 2740
2708 2716
2708 2712
2708 3220
2708 3604
2708 2836
2708 3716
2708 2948
2708 2756
2708 2724
2708 3730
2708 2962
2708 2770
2708 2738
2708 2714
2708 2710
2708 3731
2708 2963
2708 2771
2708 2739
2708 2715
2708 2711
2709 3733
2709 2965
2709 2773
2709 2741
2709 2717
2709 2711
2709 2710
2709 3221
2709 3605
2709 2837
2709 3717
2709 2949
2709 2757
2709 2725
2709 3729
2709 2961
2709 2769
2709 2737
2709 2713
2710 3734
2710 2966
2710 2774
2710 2742
2710 2718
2710 2712
2710 3222
2710 3606
2710 2838
2710 3718
2710 2950
2710 2758
2710 2726
2710 3730
2710 2962
2710 2770
2710 2738
2710 2714
2710 3733
2710 2965
2710 2773
2710 2741
2710 2717
2710 2711
2711 3735
2711 2967
2711 2775
2711 2743
2711 2719
2711 2712
2711 3223
2711 3607
2711 2839
2711 3719
2711 2951
2711 2759
2711 2727
2711 3731
2711 2963
2711 2771
2711 2739
2711 2715
2711 3733
2711 2965
2711 2773
2711 2741
2711 2717
2712 3736
2712 2968
2712 2776
2712 2744
2712 2720
2712 3224
2712 3608
2712 2840
2712 3720
2712 2952
2712 2760
2712 2728
2712 3732
2712 2964
2712 2772
2712 2740
2712 2716
2712 3734
2712 2966
2712 2774
2712 2742
2712 2718
2712 3735
2712 2967
2712 2775
2712 2743
2712 2719
2713 3737
2713 2969
2713 2777
2713 2745
2713 2717
2713 2715
2713 2714
2713 3225
2713 3609
2713 2841
2713 3721
2713 2953
2713 2761
2713 2729
2713 3729
2713 2961
2713 2769
2713 2737
2714 3738
2714 2970
2714 2778
2714 2746
2714 2718
2714 2716
2714 3226
2714 3610
2714 2842
2714 3722
2714 2954
2714 2762
2714 2730
2714 3730
2714 2962
2714 2770
2714 2738
2714 3737
2714 2969
2714 2777
2714 2745
2714 2717
2714 2715
2715 3739
2715 2971
2715 2779
2715 2747
2715 2719
2715 2716
2715 3227
2715 3611
2715 2843
2715 3723
2715 2955
2715 2763
2715 2731
2715 3731
2715 2963
2715 2771
2715 2739
2715 3737
2715 2969
2715 2777
2715 2745
2715 2717
2716 3740
2716 2972
2716 2780
2716 2748
2716 2720
2716 3228
2716 3612
2716 2844
2716 3724
2716 2956
2716 2764
2716 2732
2716 3732
2716 2964
2716 2772
2716 2740
2716 3738
2716 2970
2716 2778
2716 2746
2716 2718
2716 3739
2716 2971
2716 2779
2716 2747
2716 2719
2717 3741
2717 2973
2717 2781
2717 2749
2717 2719
2717 2718
2717 3229
2717 3613
2717 2845
2717 3725
2717 2957
2717 2765
2717 2733
2717 3733
2717 2965
2717 2773
2717 2741
2717 3737
2717 2969
2717 2777
2717 2745
2718 3742
2718 2974
2718 2782
2718 2750
2718 2720
2718 3230
2718 3614
2718 2846
2718 3726
2718 2958
2718 2766
2718 2734
2718 3734
2718 2966
2718 2774
2718 2742
2718 3738
2718 2970
2718 2778
2718 2746
2718 3741
2718 2973
2718 2781
2718 2749
2718 2719
2719 3743
2719 2975
2719 2783
2719 2751
2719 2720
2719 3231
2719 3615
2719 2847
2719 3727
2719 2959
2719 2767
2719 2735
2719 3735
2719 2967
2719 2775
2719 2743
2719 3739
2719 2971
2719 2779
2719 2747
2719 3741
2719 2973
2719 2781
2719 2749
2720 3744
2720 2976
2720 2784
2720 2752
2720 3232
2720 3616
2720 2848
2720 3728
2720 2960
2720 2768
2720 2736
2720 3736
2720 2968
2720 2776
2720 2744
2720 3740
2720 2972
2720 2780
2720 2748
2720 3742
2720 2974
2720 2782
2720 2750
2720 3743
2720 2975
2720 2783
2720 2751
2721 3745
2721 2977
2721 2785
2721 2737
2721 2729
2721 2725
2721 2723
2721 2722
2721 3233
2721 3617
2721 2849
2721 3713
2721 2945
2721 2753
2722 3746
2722 2978
2722 2786
2722 2738
2722 2730
2722 2726
2722 2724
2722 3234
2722 3618
2722 2850
2722 3714
2722 2946
2722 2754
2722 3745
2722 2977
2722 2785
2722 2737
2722 2729
2722 2725
2722 2723
2723 3747
2723 2979
2723 2787
2723 2739
2723 2731
2723 2727
2723 2724
2723 3235
2723 3619
2723 2851
2723 3715
2723 2947
2723 2755
2723 3745
2723 2977
2723 2785
2723 2737
2723 2729
2723 2725
2724 3748
2724 2980
2724 2788
2724 2740
2724 2732
2724 2728
2724 3236
2724 3620
2724 2852
2724 3716
2724 2948
2724 2756
2724 3746
2724 2978
2724 2786
2724 2738
2724 2730
2724 2726
2724 3747
2724 2979
2724 2787
2724 2739
2724 2731
2724 2727
2725 3749
2725 2981
2725 2789
2725 2741
2725 2733
2725 2727
2725 2726
2725 3237
2725 3621
2725 2853
2725 3717
2725 2949
2725 2757
2725 3745
2725 2977
2725 2785
2725 2737
2725 2729
2726 3750
2726 2982
2726 2790
2726 2742
2726 2734
2726 2728
2726 3238
2726 3622
2726 2854
2726 3718
2726 2950
2726 2758
2726 3746
2726 2978
2726 2786
2726 2738
2726 2730
2726 3749
2726 2981
2726 2789
2726 2741
2726 2733
2726 2727
2727 3751
2727 2983
2727 2791
2727 2743
2727 2735
2727 2728
2727 3239
2727 3623
2727 2855
2727 3719
2727 2951
2727 2759
2727 3747
2727 2979
2727 2787
2727 2739
2727 2731
2727 3749
2727 2981
2727 2789
2727 2741
2727 2733
2728 3752
2728 2984
2728 2792
2728 2744
2728 2736
2728 3240
2728 3624
2728 2856
2728 3720
2728 2952
2728 2760
2728 3748
2728 2980
2728 2788
2728 2740
2728 2732
2728 3750
2728 2982
2728 2790
2728 2742
2728 2734
2728 3751
2728 2983
2728 2791
2728 2743
2728 2735
2729 3753
2729 2985
2729 2793
2729 2745
2729 2733
2729 2731
2729 2730
2729 3241
2729 3625
2729 2857
2729 3721
2729 2953
2729 2761
2729 3745
2729 2977
2729 2785
2729 2737
2730 3754
2730 2986
2730 2794
2730 2746
2730 2734
2730 2732
2730 3242
2730 3626
2730 2858
2730 3722
2730 2954
2730 2762
2730 3746
2730 2978
2730 2786
2730 2738
2730 3753
2730 2985
2730 2793
2730 2745
2730 2733
2730 2731
2731 3755
2731 2987
2731 2795
2731 2747
2731 2735
2731 2732
2731 3243
2731 3627
2731 2859
2731 3723
2731 2955
2731 2763
2731 3747
2731 2979
2731 2787
2731 2739
2731 3753
2731 2985
2731 2793
2731 2745
2731 2733
2732 3756
2732 2988
2732 2796
2732 2748
2732 2736
2732 3244
2732 3628
2732 2860
2732 3724
2732 2956
2732 2764
2732 3748
2732 2980
2732 2788
2732 2740
2732 3754
2732 2986
2732 2794
2732 2746
2732 2734
2732 3755
2732 2987
2732 2795
2732 2747
2732 2735
2733 3757
2733 2989
2733 2797
2733 2749
2733 2735
2733 2734
2733 3245
2733 3629
2733 2861
2733 3725
2733 2957
2733 2765
2733 3749
2733 2981
2733 2789
2733 2741
2733 3753
2733 2985
2733 2793
2733 2745
2734 3758
2734 2990
2734 2798
2734 2750
2734 2736
2734 3246
2734 3630
2734 2862
2734 3726
2734 2958
2734 2766
2734 3750
2734 2982
2734 2790
2734 2742
2734 3754
2734 2986
2734 2794
2734 2746
2734 3757
2734 2989
2734 2797
2734 2749
2734 2735
2735 3759
2735 2991
2735 2799
2735 2751
2735 2736
2735 3247
2735 3631
2735 2863
2735 3727
2735 2959
2735 2767
2735 3751
2735 2983
2735 2791
2735 2743
2735 3755
2735 2987
2735 2795
2735 2747
2735 3757
2735 2989
2735 2797
2735 2749
2736 3760
2736 2992
2736 2800
2736 2752
2736 3248
2736 3632
2736 2864
2736 3728
2736 2960
2736 2768
2736 3752
2736 2984
2736 2792
2736 2744
2736 3756
2736 2988
2736 2796
2736 2748
2736 3758
2736 2990
2736 2798
2736 2750
2736 3759
2736 2991
2736 2799
2736 2751
2737 3761
2737 2993
2737 2801
2737 2745
2737 2741
2737 2739
2737 2738
2737 3249
2737 3633
2737 2865
2737 3729
2737 2961
2737 2769
2737 3745
2737 2977
2737 2785
2738 3762
2738 2994
2738 2802
2738 2746
2738 2742
2738 2740
2738 3250
2738 3634
2738 2866
2738 3730
2738 2962
2738 2770
2738 3746
2738 2978
2738 2786
2738 3761
2738 2993
2738 2801
2738 2745
2738 2741
2738 2739
2739 3763
2739 2995
2739 2803
2739 2747
2739 2743
2739 2740
2739 3251
2739 3635
2739 2867
2739 3731
2739 2963
2739 2771
2739 3747
2739 2979
2739 2787
2739 3761
2739 2993
2739 2801
2739 2745
2739 2741
2740 3764
2740 2996
2740 2804
2740 2748
2740 2744
2740 3252
2740 3636
2740 2868
2740 3732
2740 2964
2740 2772
2740 3748
2740 2980
2740 2788
2740 3762
2740 2994
2740 2802
2740 2746
2740 2742
2740 3763
2740 2995
2740 2803
2740 2747
2740 2743
2741 3765
2741 2997
2741 2805
2741 2749
2741 2743
2741 2742
2741 3253
2741 3637
2741 2869
2741 3733
2741 2965
2741 2773
2741 3749
2741 2981
2741 2789
2741 3761
2741 2993
2741 2801
2741 2745
2742 3766
2742 2998
2742 2806
2742 2750
2742 2744
2742 3254
2742 3638
2742 2870
2742 3734
2742 2966
2742 2774
2742 3750
2742 2982
2742 2790
2742 3762
2742 2994
2742 2802
2742 2746
2742 3765
2742 2997
2742 2805
2742 2749
2742 2743
2743 3767
2743 2999
2743 2807
2743 2751
2743 2744
2743 3255
2743 3639
2743 2871
2743 3735
2743 2967
2743 2775
2743 3751
2743 2983
2743 2791
2743 3763
2743 2995
2743 2803
2743 2747
2743 3765
2743 2997
2743 2805
2743 2749
2744 3768
2744 3000
2744 2808
2744 2752
2744 3256
2744 3640
2744 2872
2744 3736
2744 2968
2744 2776
2744 3752
2744 2984
2744 2792
2744 3764
2744 2996
2744 2804
2744 2748
2744 3766
2744 2998
2744 2806
2744 2750
2744 3767
2744 2999
2744 2807
2744 2751
2745 3769
2745 3001
2745 2809
2745 2749
2745 2747
2745 2746
2745 3257
2745 3641
2745 2873
2745 3737
2745 2969
2745 2777
2745 3753
2745 2985
2745 2793
2745 3761
2745 2993
2745 2801
2746 3770
2746 3002
2746 2810
2746 2750
2746 2748
2746 3258
2746 3642
2746 2874
2746 3738
2746 2970
2746 2778
2746 3754
2746 2986
2746 2794
2746 3762
2746 2994
2746 2802
2746 3769
2746 3001
2746 2809
2746 2749
2746 2747
2747 3771
2747 3003
2747 2811
2747 2751
2747 2748
2747 3259
2747 3643
2747 2875
2747 3739
2747 2971
2747 2779
2747 3755
2747 2987
2747 2795
2747 3763
2747 2995
2747 2803
2747 3769
2747 3001
2747 2809
2747 2749
2748 3772
2748 3004
2748 2812
2748 2752
2748 3260
2748 3644
2748 2876
2748 3740
2748 2972
2748 2780
2748 3756
2748 2988
2748 2796
2748 3764
2748 2996
2748 2804
2748 3770
2748 3002
2748 2810
2748 2750
2748 3771
2748 3003
2748 2811
2748 2751
2749 3773
2749 3005
2749 2813
2749 2751
2749 2750
2749 3261
2749 3645
2749 2877
2749 3741
2749 2973
2749 2781
2749 3757
2749 2989
2749 2797
2749 3765
2749 2997
2749 2805
2749 3769
2749 3001
2749 2809
2750 3774
2750 3006
2750 2814
2750 2752
2750 3262
2750 3646
2750 2878
2750 3742
2750 2974
2750 2782
2750 3758
2750 2990
2750 2798
2750 3766
2750 2998
2750 2806
2750 3770
2750 3002
2750 2810
2750 3773
2750 3005
2750 2813
2750 2751
2751 3775
2751 3007
2751 2815
2751 2752
2751 3263
2751 3647
2751 2879
2751 3743
2751 2975
2751 2783
2751 3759
2751 2991
2751 2799
2751 3767
2751 2999
2751 2807
2751 3771
2751 3003
2751 2811
2751 3773
2751 3005
2751 2813
2752 3776
2752 3008
2752 2816
2752 3264
2752 3648
2752 2880
2752 3744
2752 2976
2752 2784
2752 3760
2752 2992
2752 2800
2752 3768
2752 3000
2752 2808
2752 3772
2752 3004
2752 2812
2752 3774
2752 3006
2752 2814
2752 3775
2752 3007
2752 2815
2753 3777
2753 3009
2753 2785
2753 2769
2753 2761
2753 2757
2753 2755
2753 2754
2753 3265
2753 3649
2753 2881
2753 3713
2753 2945
2754 3778
2754 3010
2754 2786
2754 2770
2754 2762
2754 2758
2754 2756
2754 3266
2754 3650
2754 2882
2754 3714
2754 2946
2754 3777
2754 3009
2754 2785
2754 2769
2754 2761
2754 2757
2754 2755
2755 3779
2755 3011
2755 2787
2755 2771
2755 2763
2755 2759
2755 2756
2755 3267
2755 3651
2755 2883
2755 3715
2755 2947
2755 3777
2755 3009
2755 2785
2755 2769
2755 2761
2755 2757
2756 3780
2756 3012
2756 2788
2756 2772
2756 2764
2756 2760
2756 3268
2756 3652
2756 2884
2756 3716
2756 2948
2756 3778
2756 3010
2756 2786
2756 2770
2756 2762
2756 2758
2756 3779
2756 3011
2756 2787
2756 2771
2756 2763
2756 2759
2757 3781
2757 3013
2757 2789
2757 2773
2757 2765
2757 2759
2757 2758
2757 3269
2757 3653
2757 2885
2757 3717
2757 2949
2757 3777
2757 3009
2757 2785
2757 2769
2757 2761
2758 3782
2758 3014
2758 2790
2758 2774
2758 2766
2758 2760
2758 3270
2758 3654
2758 2886
2758 3718
2758 2950
2758 3778
2758 3010
2758 2786
2758 2770
2758 2762
2758 3781
2758 3013
2758 2789
2758 2773
2758 2765
2758 2759
2759 3783
2759 3015
2759 2791
2759 2775
2759 2767
2759 2760
2759 3271
2759 3655
2759 2887
2759 3719
2759 2951
2759 3779
2759 3011
2759 2787
2759 2771
2759 2763
2759 3781
2759 3013
2759 2789
2759 2773
2759 2765
2760 3784
2760 3016
2760 2792
2760 2776
2760 2768
2760 3272
2760 3656
2760 2888
2760 3720
2760 2952
2760 3780
2760 3012
2760 2788
2760 2772
2760 2764
2760 3782
2760 3014
2760 2790
2760 2774
2760 2766
2760 3783
2760 3015
2760 2791
2760 2775
2760 2767
2761 3785
2761 3017
2761 2793
2761 2777
2761 2765
2761 2763
2761 2762
2761 3273
2761 3657
2761 2889
2761 3721
2761 2953
2761 3777
2761 3009
2761 2785
2761 2769
2762 3786
2762 3018
2762 2794
2762 2778
2762 2766
2762 2764
2762 3274
2762 3658
2762 2890
2762 3722
2762 2954
2762 3778
2762 3010
2762 2786
2762 2770
2762 3785
2762 3017
2762 2793
2762 2777
2762 2765
2762 2763
2763 3787
2763 3019
2763 2795
2763 2779
2763 2767
2763 2764
2763 3275
2763 3659
2763 2891
2763 3723
2763 2955
2763 3779
2763 3011
2763 2787
2763 2771
2763 3785
2763 3017
2763 2793
2763 2777
2763 2765
2764 3788
2764 3020
2764 2796
2764 2780
2764 2768
2764 3276
2764 3660
2764 2892
2764 3724
2764 2956
2764 3780
2764 3012
2764 2788
2764 2772
2764 3786
2764 3018
2764 2794
2764 2778
2764 2766
2764 3787
2764 3019
2764 2795
2764 2779
2764 2767
2765 3789
2765 3021
2765 2797
2765 2781
2765 2767
2765 2766
2765 3277
2765 3661
2765 2893
2765 3725
2765 2957
2765 3781
2765 3013
2765 2789
2765 2773
2765 3785
2765 3017
2765 2793
2765 2777
2766 3790
2766 3022
2766 2798
2766 2782
2766 2768
2766 3278
2766 3662
2766 2894
2766 3726
2766 2958
2766 3782
2766 3014
2766 2790
2766 2774
2766 3786
2766 3018
2766 2794
2766 2778
2766 3789
2766 3021
2766 2797
2766 2781
2766 2767
2767 3791
2767 3023
2767 2799
2767 2783
2767 2768
2767 3279
2767 3663
2767 2895
2767 3727
2767 2959
2767 3783
2767 3015
2767 2791
2767 2775
2767 3787
2767 3019
2767 2795
2767 2779
2767 3789
2767 3021
2767 2797
2767 2781
2768 3792
2768 3024
2768 2800
2768 2784
2768 3280
2768 3664
2768 2896
2768 3728
2768 2960
2768 3784
2768 3016
2768 2792
2768 2776
2768 3788
2768 3020
2768 2796
2768 2780
2768 3790
2768 3022
2768 2798
2768 2782
2768 3791
2768 3023
2768 2799
2768 2783
2769 3793
2769 3025
2769 2801
2769 2777
2769 2773
2769 2771
2769 2770
2769 3281
2769 3665
2769 2897
2769 3729
2769 2961
2769 3777
2769 3009
2769 2785
2770 3794
2770 3026
2770 2802
2770 2778
2770 2774
2770 2772
2770 3282
2770 3666
2770 2898
2770 3730
2770 2962
2770 3778
2770 3010
2770 2786
2770 3793
2770 3025
2770 2801
2770 2777
2770 2773
2770 2771
2771 3795
2771 3027
2771 2803
2771 2779
2771 2775
2771 2772
2771 3283
2771 3667
2771 2899
2771 3731
2771 2963
2771 3779
2771 3011
2771 2787
2771 3793
2771 3025
2771 2801
2771 2777
2771 2773
2772 3796
2772 3028
2772 2804
2772 2780
2772 2776
2772 3284
2772 3668
2772 2900
2772 3732
2772 2964
2772 3780
2772 3012
2772 2788
2772 3794
2772 3026
2772 2802
2772 2778
2772 2774
2772 3795
2772 3027
2772 2803
2772 2779
2772 2775
2773 3797
2773 3029
2773 2805
2773 2781
2773 2775
2773 2774
2773 3285
2773 3669
2773 2901
2773 3733
2773 2965
2773 3781
2773 3013
2773 2789
2773 3793
2773 3025
2773 2801
2773 2777
2774 3798
2774 3030
2774 2806
2774 2782
2774 2776
2774 3286
2774 3670
2774 2902
2774 3734
2774 2966
2774 3782
2774 3014
2774 2790
2774 3794
2774 3026
2774 2802
2774 2778
2774 3797
2774 3029
2774 2805
2774 2781
2774 2775
2775 3799
2775 3031
2775 2807
2775 2783
2775 2776
2775 3287
2775 3671
2775 2903
2775 3735
2775 2967
2775 3783
2775 3015
2775 2791
2775 3795
2775 3027
2775 2803
2775 2779
2775 3797
2775 3029
2775 2805
2775 2781
2776 3800
2776 3032
2776 2808
2776 2784
2776 3288
2776 3672
2776 2904
2776 3736
2776 2968
2776 3784
2776 3016
2776 2792
2776 3796
2776 3028
2776 2804
2776 2780
2776 3798
2776 3030
2776 2806
2776 2782
2776 3799
2776 3031
2776 2807
2776 2783
2777 3801
2777 3033
2777 2809
2777 2781
2777 2779
2777 2778
2777 3289
2777 3673
2777 2905
2777 3737
2777 2969
2777 3785
2777 3017
2777 2793
2777 3793
2777 3025
2777 2801
2778 3802
2778 3034
2778 2810
2778 2782
2778 2780
2778 3290
2778 3674
2778 2906
2778 3738
2778 2970
2778 3786
2778 3018
2778 2794
2778 3794
2778 3026
2778 2802
2778 3801
2778 3033
2778 2809
2778 2781
2778 2779
2779 3803
2779 3035
2779 2811
2779 2783
2779 2780
2779 3291
2779 3675
2779 2907
2779 3739
2779 2971
2779 3787
2779 3019
2779 2795
2779 3795
2779 3027
2779 2803
2779 3801
2779 3033
2779 2809
2779 2781
2780 3804
2780 3036
2780 2812
2780 2784
2780 3292
2780 3676
2780 2908
2780 3740
2780 2972
2780 3788
2780 3020
2780 2796
2780 3796
2780 3028
2780 2804
2780 3802
2780 3034
2780 2810
2780 2782
2780 3803
2780 3035
2780 2811
2780 2783
2781 3805
2781 3037
2781 2813
2781 2783
2781 2782
2781 3293
2781 3677
2781 2909
2781 3741
2781 2973
2781 3789
2781 3021
2781 2797
2781 3797
2781 3029
2781 2805
2781 3801
2781 3033
2781 2809
2782 3806
2782 3038
2782 2814
2782 2784
2782 3294
2782 3678
2782 2910
2782 3742
2782 2974
2782 3790
2782 3022
2782 2798
2782 3798
2782 3030
2782 2806
2782 3802
2782 3034
2782 2810
2782 3805
2782 3037
2782 2813
2782 2783
2783 3807
2783 3039
2783 2815
2783 2784
2783 3295
2783 3679
2783 2911
2783 3743
2783 2975
2783 3791
2783 3023
2783 2799
2783 3799
2783 3031
2783 2807
2783 3803
2783 3035
2783 2811
2783 3805
2783 3037
2783 2813
2784 3808
2784 3040
2784 2816
2784 3296
2784 3680
2784 2912
2784 3744
2784 2976
2784 3792
2784 3024
2784 2800
2784 3800
2784 3032
2784 2808
2784 3804
2784 3036
2784 2812
2784 3806
2784 3038
2784 2814
2784 3807
2784 3039
2784 2815
2785 3809
2785 3041
2785 2801
2785 2793
2785 2789
2785 2787
2785 2786
2785 3297
2785 3681
2785 2913
2785 3745
2785 2977
2785 3777
2785 3009
2786 3810
2786 3042
2786 2802
2786 2794
2786 2790
2786 2788
2786 3298
2786 3682
2786 2914
2786 3746
2786 2978
2786 3778
2786 3010
2786 3809
2786 3041
2786 2801
2786 2793
2786 2789
2786 2787
2787 3811
2787 3043
2787 2803
2787 2795
2787 2791
2787 2788
2787 3299
2787 3683
2787 2915
2787 3747
2787 2979
2787 3779
2787 3011
2787 3809
2787 3041
2787 2801
2787 2793
2787 2789
2788 3812
2788 3044
2788 2804
2788 2796
2788 2792
2788 3300
2788 3684
2788 2916
2788 3748
2788 2980
2788 3780
2788 3012
2788 3810
2788 3042
2788 2802
2788 2794
2788 2790
2788 3811
2788 3043
2788 2803
2788 2795
2788 2791
2789 3813
2789 3045
2789 2805
2789 2797
2789 2791
2789 2790
2789 3301
2789 3685
2789 2917
2789 3749
2789 2981
2789 3781
2789 3013
2789 3809
2789 3041
2789 2801
2789 2793
2790 3814
2790 3046
2790 2806
2790 2798
2790 2792
2790 3302
2790 3686
2790 2918
2790 3750
2790 2982
2790 3782
2790 3014
2790 3810
2790 3042
2790 2802
2790 2794
2790 3813
2790 3045
2790 2805
2790 2797
2790 2791
2791 3815
2791 3047
2791 2807
2791 2799
2791 2792
2791 3303
2791 3687
2791 2919
2791 3751
2791 2983
2791 3783
2791 3015
2791 3811
2791 3043
2791 2803
2791 2795
2791 3813
2791 3045
2791 2805
2791 2797
2792 3816
2792 3048
2792 2808
2792 2800
2792 3304
2792 3688
2792 2920
2792 3752
2792 2984
2792 3784
2792 3016
2792 3812
2792 3044
2792 2804
2792 2796
2792 3814
2792 3046
2792 2806
2792 2798
2792 3815
2792 3047
2792 2807
2792 2799
2793 3817
2793 3049
2793 2809
2793 2797
2793 2795
2793 2794
2793 3305
2793 3689
2793 2921
2793 3753
2793 2985
2793 3785
2793 3017
2793 3809
2793 3041
2793 2801
2794 3818
2794 3050
2794 2810
2794 2798
2794 2796
2794 3306
2794 3690
2794 2922
2794 3754
2794 2986
2794 3786
2794 3018
2794 3810
2794 3042
2794 2802
2794 3817
2794 3049
2794 2809
2794 2797
2794 2795
2795 3819
2795 3051
2795 2811
2795 2799
2795 2796
2795 3307
2795 3691
2795 2923
2795 3755
2795 2987
2795 3787
2795 3019
2795 3811
2795 3043
2795 2803
2795 3817
2795 3049
2795 2809
2795 2797
2796 3820
2796 3052
2796 2812
2796 2800
2796 3308
2796 3692
2796 2924
2796 3756
2796 2988
2796 3788
2796 3020
2796 3812
2796 3044
2796 2804
2796 3818
2796 3050
2796 2810
2796 2798
2796 3819
2796 3051
2796 2811
2796 2799
2797 3821
2797 3053
2797 2813
2797 2799
2797 2798
2797 3309
2797 3693
2797 2925
2797 3757
2797 2989
2797 3789
2797 3021
2797 3813
2797 3045
2797 2805
2797 3817
2797 3049
2797 2809
2798 3822
2798 3054
2798 2814
2798 2800
2798 3310
2798 3694
2798 2926
2798 3758
2798 2990
2798 3790
2798 3022
2798 3814
2798 3046
2798 2806
2798 3818
2798 3050
2798 2810
2798 3821
2798 3053
2798 2813
2798 2799
2799 3823
2799 3055
2799 2815
2799 2800
2799 3311
2799 3695
2799 2927
2799 3759
2799 2991
2799 3791
2799 3023
2799 3815
2799 3047
2799 2807
2799 3819
2799 3051
2799 2811
2799 3821
2799 3053
2799 2813
2800 3824
2800 3056
2800 2816
2800 3312
2800 3696
2800 2928
2800 3760
2800 2992
2800 3792
2800 3024
2800 3816
2800 3048
2800 2808
2800 3820
2800 3052
2800 2812
2800 3822
2800 3054
2800 2814
2800 3823
2800 3055
2800 2815
2801 3825
2801 3057
2801 2809
2801 2805
2801 2803
2801 2802
2801 3313
2801 3697
2801 2929
2801 3761
2801 2993
2801 3793
2801 3025
2801 3809
2801 3041
2802 3826
2802 3058
2802 2810
2802 2806
2802 2804
2802 3314
2802 3698
2802 2930
2802 3762
2802 2994
2802 3794
2802 3026
2802 3810
2802 3042
2802 3825
2802 3057
2802 2809
2802 2805
2802 2803
2803 3827
2803 3059
2803 2811
2803 2807
2803 2804
2803 3315
2803 3699
2803 2931
2803 3763
2803 2995
2803 3795
2803 3027
2803 3811
2803 3043
2803 3825
2803 3057
2803 2809
2803 2805
2804 3828
2804 3060
2804 2812
2804 2808
2804 3316
2804 3700
2804 2932
2804 3764
2804 2996
2804 3796
2804 3028
2804 3812
2804 3044
2804 3826
2804 3058
2804 2810
2804 2806
2804 3827
2804 3059
2804 2811
2804 2807
2805 3829
2805 3061
2805 2813
2805 2807
2805 2806
2805 3317
2805 3701
2805 2933
2805 3765
2805 2997
2805 3797
2805 3029
2805 3813
2805 3045
2805 3825
2805 3057
2805 2809
2806 3830
2806 3062
2806 2814
2806 2808
2806 3318
2806 3702
2806 2934
2806 3766
2806 2998
2806 3798
2806 3030
2806 3814
2806 3046
2806 3826
2806 3058
2806 2810
2806 3829
2806 3061
2806 2813
2806 2807
2807 3831
2807 3063
2807 2815
2807 2808
2807 3319
2807 3703
2807 2935
2807 3767
2807 2999
2807 3799
2807 3031
2807 3815
2807 3047
2807 3827
2807 3059
2807 2811
2807 3829
2807 3061
2807 2813
2808 3832
2808 3064
2808 2816
2808 3320
2808 3704
2808 2936
2808 3768
2808 3000
2808 3800
2808 3032
2808 3816
2808 3048
2808 3828
2808 3060
2808 2812
2808 3830
2808 3062
2808 2814
2808 3831
2808 3063
2808 2815
2809 3833
2809 3065
2809 2813
2809 2811
2809 2810
2809 3321
2809 3705
2809 2937
2809 3769
2809 3001
2809 3801
2809 3033
2809 3817
2809 3049
2809 3825
2809 3057
2810 3834
2810 3066
2810 2814
2810 2812
2810 3322
2810 3706
2810 2938
2810 3770
2810 3002
2810 3802
2810 3034
2810 3818
2810 3050
2810 3826
2810 3058
2810 3833
2810 3065
2810 2813
2810 2811
2811 3835
2811 3067
2811 2815
2811 2812
2811 3323
2811 3707
2811 2939
2811 3771
2811 3003
2811 3803
2811 3035
2811 3819
2811 3051
2811 3827
2811 3059
2811 3833
2811 3065
2811 2813
2812 3836
2812 3068
2812 2816
2812 3324
2812 3708
2812 2940
2812 3772
2812 3004
2812 3804
2812 3036
2812 3820
2812 3052
2812 3828
2812 3060
2812 3834
2812 3066
2812 2814
2812 3835
2812 3067
2812 2815
2813 3837
2813 3069
2813 2815
2813 2814
2813 3325
2813 3709
2813 2941
2813 3773
2813 3005
2813 3805
2813 3037
2813 3821
2813 3053
2813 3829
2813 3061
2813 3833
2813 3065
2814 3838
2814 3070
2814 2816
2814 3326
2814 3710
2814 2942
2814 3774
2814 3006
2814 3806
2814 3038
2814 3822
2814 3054
2814 3830
2814 3062
2814 3834
2814 3066
2814 3837
2814 3069
2814 2815
2815 3839
2815 3071
2815 2816
2815 3327
2815 3711
2815 2943
2815 3775
2815 3007
2815 3807
2815 3039
2815 3823
2815 3055
2815 3831
2815 3063
2815 3835
2815 3067
2815 3837
2815 3069
2816 3840
2816 3072
2816 3328
2816 3712
2816 2944
2816 3776
2816 3008
2816 3808
2816 3040
2816 3824
2816 3056
2816 3832
2816 3064
2816 3836
2816 3068
2816 3838
2816 3070
2816 3839
2816 3071
2817 3841
2817 2945
2817 2881
2817 2849
2817 2833
2817 2825
2817 2821
2817 2819
2817 2818
2817 3329
2817 3585
2818 3842
2818 2946
2818 2882
2818 2850
2818 2834
2818 2826
2818 2822
2818 2820
2818 3330
2818 3586
2818 3841
2818 2945
2818 2881
2818 2849
2818 2833
2818 2825
2818 2821
2818 2819
2819 3843
2819 2947
2819 2883
2819 2851
2819 2835
2819 2827
2819 2823
2819 2820
2819 3331
2819 3587
2819 3841
2819 2945
2819 2881
2819 2849
2819 2833
2819 2825
2819 2821
2820 3844
2820 2948
2820 2884
2820 2852
2820 2836
2820 2828
2820 2824
2820 3332
2820 3588
2820 3842
2820 2946
2820 2882
2820 2850
2820 2834
2820 2826
2820 2822
2820 3843
2820 2947
2820 2883
2820 2851
2820 2835
2820 2827
2820 2823
2821 3845
2821 2949
2821 2885
2821 2853
2821 2837
2821 2829
2821 2823
2821 2822
2821 3333
2821 3589
2821 3841
2821 2945
2821 2881
2821 2849
2821 2833
2821 2825
2822 3846
2822 2950
2822 2886
2822 2854
2822 2838
2822 2830
2822 2824
2822 3334
2822 3590
2822 3842
2822 2946
2822 2882
2822 2850
2822 2834
2822 2826
2822 3845
2822 2949
2822 2885
2822 2853
2822 2837
2822 2829
2822 2823
2823 3847
2823 2951
2823 2887
2823 2855
2823 2839
2823 2831
2823 2824
2823 3335
2823 3591
2823 3843
2823 2947
2823 2883
2823 2851
2823 2835
2823 2827
2823 3845
2823 2949
2823 2885
2823 2853
2823 2837
2823 2829
2824 3848
2824 2952
2824 2888
2824 2856
2824 2840
2824 2832
2824 3336
2824 3592
2824 3844
2824 2948
2824 2884
2824 2852
2824 2836
2824 2828
2824 3846
2824 2950
2824 2886
2824 2854
2824 2838
2824 2830
2824 3847
2824 2951
2824 2887
2824 2855
2824 2839
2824 2831
2825 3849
2825 2953
2825 2889
2825 2857
2825 2841
2825 2829
2825 2827
2825 2826
2825 3337
2825 3593
2825 3841
2825 2945
2825 2881
2825 2849
2825 2833
2826 3850
2826 2954
2826 2890
2826 2858
2826 2842
2826 2830
2826 2828
2826 3338
2826 3594
2826 3842
2826 2946
2826 2882
2826 2850
2826 2834
2826 3849
2826 2953
2826 2889
2826 2857
2826 2841
2826 2829
2826 2827
2827 3851
2827 2955
2827 2891
2827 2859
2827 2843
2827 2831
2827 2828
2827 3339
2827 3595
2827 3843
2827 2947
2827 2883
2827 2851
2827 2835
2827 3849
2827 2953
2827 2889
2827 2857
2827 2841
2827 2829
2828 3852
2828 2956
2828 2892
2828 2860
2828 2844
2828 2832
2828 3340
2828 3596
2828 3844
2828 2948
2828 2884
2828 2852
2828 2836
2828 3850
2828 2954
2828 2890
2828 2858
2828 2842
2828 2830
2828 3851
2828 2955
2828 2891
2828 2859
2828 2843
2828 2831
2829 3853
2829 2957
2829 2893
2829 2861
2829 2845
2829 2831
2829 2830
2829 3341
2829 3597
2829 3845
2829 2949
2829 2885
2829 2853
2829 2837
2829 3849
2829 2953
2829 2889
2829 2857
2829 2841
2830 3854
2830 2958
2830 2894
2830 2862
2830 2846
2830 2832
2830 3342
2830 3598
2830 3846
2830 2950
2830 2886
2830 2854
2830 2838
2830 3850
2830 2954
2830 2890
2830 2858
2830 2842
2830 3853
2830 2957
2830 2893
2830 2861
2830 2845
2830 2831
2831 3855
2831 2959
2831 2895
2831 2863
2831 2847
2831 2832
2831 3343
2831 3599
2831 3847
2831 2951
2831 2887
2831 2855
2831 2839
2831 3851
2831 2955
2831 2891
2831 2859
2831 2843
2831 3853
2831 2957
2831 2893
2831 2861
2831 2845
2832 3856
2832 2960
2832 2896
2832 2864
2832 2848
2832 3344
2832 3600
2832 3848
2832 2952
2832 2888
2832 2856
2832 2840
2832 3852
2832 2956
2832 2892
2832 2860
2832 2844
2832 3854
2832 2958
2832 2894
2832 2862
2832 2846
2832 3855
2832 2959
2832 2895
2832 2863
2832 2847
2833 3857
2833 2961
2833 2897
2833 2865
2833 2841
2833 2837
2833 2835
2833 2834
2833 3345
2833 3601
2833 3841
2833 2945
2833 2881
2833 2849
2834 3858
2834 2962
2834 2898
2834 2866
2834 2842
2834 2838
2834 2836
2834 3346
2834 3602
2834 3842
2834 2946
2834 2882
2834 2850
2834 3857
2834 2961
2834 2897
2834 2865
2834 2841
2834 2837
2834 2835
2835 3859
2835 2963
2835 2899
2835 2867
2835 2843
2835 2839
2835 2836
2835 3347
2835 3603
2835 3843
2835 2947
2835 2883
2835 2851
2835 3857
2835 2961
2835 2897
2835 2865
2835 2841
2835 2837
2836 3860
2836 2964
2836 2900
2836 2868
2836 2844
2836 2840
2836 3348
2836 3604
2836 3844
2836 2948
2836 2884
2836 2852
2836 3858
2836 2962
2836 2898
2836 2866
2836 2842
2836 2838
2836 3859
2836 2963
2836 2899
2836 2867
2836 2843
2836 2839
2837 3861
2837 2965
2837 2901
2837 2869
2837 2845
2837 2839
2837 2838
2837 3349
2837 3605
2837 3845
2837 2949
2837 2885
2837 2853
2837 3857
2837 2961
2837 2897
2837 2865
2837 2841
2838 3862
2838 2966
2838 2902
2838 2870
2838 2846
2838 2840
2838 3350
2838 3606
2838 3846
2838 2950
2838 2886
2838 2854
2838 3858
2838 2962
2838 2898
2838 2866
2838 2842
2838 3861
2838 2965
2838 2901
2838 2869
2838 2845
2838 2839
2839 3863
2839 2967
2839 2903
2839 2871
2839 2847
2839 2840
2839 3351
2839 3607
2839 3847
2839 2951
2839 2887
2839 2855
2839 3859
2839 2963
2839 2899
2839 2867
2839 2843
2839 3861
2839 2965
2839 2901
2839 2869
2839 2845
2840 3864
2840 2968
2840 2904
2840 2872
2840 2848
2840 3352
2840 3608
2840 3848
2840 2952
2840 2888
2840 2856
2840 3860
2840 2964
2840 2900
2840 2868
2840 2844
2840 3862
2840 2966
2840 2902
2840 2870
2840 2846
2840 3863
2840 2967
2840 2903
2840 2871
2840 2847
2841 3865
2841 2969
2841 2905
2841 2873
2841 2845
2841 2843
2841 2842
2841 3353
2841 3609
2841 3849
2841 2953
2841 2889
2841 2857
2841 3857
2841 2961
2841 2897
2841 2865
2842 3866
2842 2970
2842 2906
2842 2874
2842 2846
2842 2844
2842 3354
2842 3610
2842 3850
2842 2954
2842 2890
2842 2858
2842 3858
2842 2962
2842 2898
2842 2866
2842 3865
2842 2969
2842 2905
2842 2873
2842 2845
2842 2843
2843 3867
2843 2971
2843 2907
2843 2875
2843 2847
2843 2844
2843 3355
2843 3611
2843 3851
2843 2955
2843 2891
2843 2859
2843 3859
2843 2963
2843 2899
2843 2867
2843 3865
2843 2969
2843 2905
2843 2873
2843 2845
2844 3868
2844 2972
2844 2908
2844 2876
2844 2848
2844 3356
2844 3612
2844 3852
2844 2956
2844 2892
2844 2860
2844 3860
2844 2964
2844 2900
2844 2868
2844 3866
2844 2970
2844 2906
2844 2874
2844 2846
2844 3867
2844 2971
2844 2907
2844 2875
2844 2847
2845 3869
2845 2973
2845 2909
2845 2877
2845 2847
2845 2846
2845 3357
2845 3613
2845 3853
2845 2957
2845 2893
2845 2861
2845 3861
2845 2965
2845 2901
2845 2869
2845 3865
2845 2969
2845 2905
2845 2873
2846 3870
2846 2974
2846 2910
2846 2878
2846 2848
2846 3358
2846 3614
2846 3854
2846 2958
2846 2894
2846 2862
2846 3862
2846 2966
2846 2902
2846 2870
2846 3866
2846 2970
2846 2906
2846 2874
2846 3869
2846 2973
2846 2909
2846 2877
2846 2847
2847 3871
2847 2975
2847 2911
2847 2879
2847 2848
2847 3359
2847 3615
2847 3855
2847 2959
2847 2895
2847 2863
2847 3863
2847 2967
2847 2903
2847 2871
2847 3867
2847 2971
2847 2907
2847 2875
2847 3869
2847 2973
2847 2909
2847 2877
2848 3872
2848 2976
2848 2912
2848 2880
2848 3360
2848 3616
2848 3856
2848 2960
2848 2896
2848 2864
2848 3864
2848 2968
2848 2904
2848 2872
2848 3868
2848 2972
2848 2908
2848 2876
2848 3870
2848 2974
2848 2910
2848 2878
2848 3871
2848 2975
2848 2911
2848 2879
2849 3873
2849 2977
2849 2913
2849 2865
2849 2857
2849 2853
2849 2851
2849 2850
2849 3361
2849 3617
2849 3841
2849 2945
2849 2881
2850 3874
2850 2978
2850 2914
2850 2866
2850 2858
2850 2854
2850 2852
2850 3362
2850 3618
2850 3842
2850 2946
2850 2882
2850 3873
2850 2977
2850 2913
2850 2865
2850 2857
2850 2853
2850 2851
2851 3875
2851 2979
2851 2915
2851 2867
2851 2859
2851 2855
2851 2852
2851 3363
2851 3619
2851 3843
2851 2947
2851 2883
2851 3873
2851 2977
2851 2913
2851 2865
2851 2857
2851 2853
2852 3876
2852 2980
2852 2916
2852 2868
2852 2860
2852 2856
2852 3364
2852 3620
2852 3844
2852 2948
2852 2884
2852 3874
2852 2978
2852 2914
2852 2866
2852 2858
2852 2854
2852 3875
2852 2979
2852 2915
2852 2867
2852 2859
2852 2855
2853 3877
2853 2981
2853 2917
2853 2869
2853 2861
2853 2855
2853 2854
2853 3365
2853 3621
2853 3845
2853 2949
2853 2885
2853 3873
2853 2977
2853 2913
2853 2865
2853 2857
2854 3878
2854 2982
2854 2918
2854 2870
2854 2862
2854 2856
2854 3366
2854 3622
2854 3846
2854 2950
2854 2886
2854 3874
2854 2978
2854 2914
2854 2866
2854 2858
2854 3877
2854 2981
2854 2917
2854 2869
2854 2861
2854 2855
2855 3879
2855 2983
2855 2919
2855 2871
2855 2863
2855 2856
2855 3367
2855 3623
2855 3847
2855 2951
2855 2887
2855 3875
2855 2979
2855 2915
2855 2867
2855 2859
2855 3877
2855 2981
2855 2917
2855 2869
2855 2861
2856 3880
2856 2984
2856 2920
2856 2872
2856 2864
2856 3368
2856 3624
2856 3848
2856 2952
2856 2888
2856 3876
2856 2980
2856 2916
2856 2868
2856 2860
2856 3878
2856 2982
2856 2918
2856 2870
2856 2862
2856 3879
2856 2983
2856 2919
2856 2871
2856 2863
2857 3881
2857 2985
2857 2921
2857 2873
2857 2861
2857 2859
2857 2858
2857 3369
2857 3625
2857 3849
2857 2953
2857 2889
2857 3873
2857 2977
2857 2913
2857 2865
2858 3882
2858 2986
2858 2922
2858 2874
2858 2862
2858 2860
2858 3370
2858 3626
2858 3850
2858 2954
2858 2890
2858 3874
2858 2978
2858 2914
2858 2866
2858 3881
2858 2985
2858 2921
2858 2873
2858 2861
2858 2859
2859 3883
2859 2987
2859 2923
2859 2875
2859 2863
2859 2860
2859 3371
2859 3627
2859 3851
2859 2955
2859 2891
2859 3875
2859 2979
2859 2915
2859 2867
2859 3881
2859 2985
2859 2921
2859 2873
2859 2861
2860 3884
2860 2988
2860 2924
2860 2876
2860 2864
2860 3372
2860 3628
2860 3852
2860 2956
2860 2892
2860 3876
2860 2980
2860 2916
2860 2868
2860 3882
2860 2986
2860 2922
2860 2874
2860 2862
2860 3883
2860 2987
2860 2923
2860 2875
2860 2863
2861 3885
2861 2989
2861 2925
2861 2877
2861 2863
2861 2862
2861 3373
2861 3629
2861 3853
2861 2957
2861 2893
2861 3877
2861 2981
2861 2917
2861 2869
2861 3881
2861 2985
2861 2921
2861 2873
2862 3886
2862 2990
2862 2926
2862 2878
2862 2864
2862 3374
2862 3630
2862 3854
2862 2958
2862 2894
2862 3878
2862 2982
2862 2918
2862 2870
2862 3882
2862 2986
2862 2922
2862 2874
2862 3885
2862 2989
2862 2925
2862 2877
2862 2863
2863 3887
2863 2991
2863 2927
2863 2879
2863 2864
2863 3375
2863 3631
2863 3855
2863 2959
2863 2895
2863 3879
2863 2983
2863 2919
2863 2871
2863 3883
2863 2987
2863 2923
2863 2875
2863 3885
2863 2989
2863 2925
2863 2877
2864 3888
2864 2992
2864 2928
2864 2880
2864 3376
2864 3632
2864 3856
2864 2960
2864 2896
2864 3880
2864 2984
2864 2920
2864 2872
2864 3884
2864 2988
2864 2924
2864 2876
2864 3886
2864 2990
2864 2926
2864 2878
2864 3887
2864 2991
2864 2927
2864 2879
2865 3889
2865 2993
2865 2929
2865 2873
2865 2869
2865 2867
2865 2866
2865 3377
2865 3633
2865 3857
2865 2961
2865 2897
2865 3873
2865 2977
2865 2913
2866 3890
2866 2994
2866 2930
2866 2874
2866 2870
2866 2868
2866 3378
2866 3634
2866 3858
2866 2962
2866 2898
2866 3874
2866 2978
2866 2914
2866 3889
2866 2993
2866 2929
2866 2873
2866 2869
2866 2867
2867 3891
2867 2995
2867 2931
2867 2875
2867 2871
2867 2868
2867 3379
2867 3635
2867 3859
2867 2963
2867 2899
2867 3875
2867 2979
2867 2915
2867 3889
2867 2993
2867 2929
2867 2873
2867 2869
2868 3892
2868 2996
2868 2932
2868 2876
2868 2872
2868 3380
2868 3636
2868 3860
2868 2964
2868 2900
2868 3876
2868 2980
2868 2916
2868 3890
2868 2994
2868 2930
2868 2874
2868 2870
2868 3891
2868 2995
2868 2931
2868 2875
2868 2871
2869 3893
2869 2997
2869 2933
2869 2877
2869 2871
2869 2870
2869 3381
2869 3637
2869 3861
2869 2965
2869 2901
2869 3877
2869 2981
2869 2917
2869 3889
2869 2993
2869 2929
2869 2873
2870 3894
2870 2998
2870 2934
2870 2878
2870 2872
2870 3382
2870 3638
2870 3862
2870 2966
2870 2902
2870 3878
2870 2982
2870 2918
2870 3890
2870 2994
2870 2930
2870 2874
2870 3893
2870 2997
2870 2933
2870 2877
2870 2871
2871 3895
2871 2999
2871 2935
2871 2879
2871 2872
2871 3383
2871 3639
2871 3863
2871 2967
2871 2903
2871 3879
2871 2983
2871 2919
2871 3891
2871 2995
2871 2931
2871 2875
2871 3893
2871 2997
2871 2933
2871 2877
2872 3896
2872 3000
2872 2936
2872 2880
2872 3384
2872 3640
2872 3864
2872 2968
2872 2904
2872 3880
2872 2984
2872 2920
2872 3892
2872 2996
2872 2932
2872 2876
2872 3894
2872 2998
2872 2934
2872 2878
2872 3895
2872 2999
2872 2935
2872 2879
2873 3897
2873 3001
2873 2937
2873 2877
2873 2875
2873 2874
2873 3385
2873 3641
2873 3865
2873 2969
2873 2905
2873 3881
2873 2985
2873 2921
2873 3889
2873 2993
2873 2929
2874 3898
2874 3002
2874 2938
2874 2878
2874 2876
2874 3386
2874 3642
2874 3866
2874 2970
2874 2906
2874 3882
2874 2986
2874 2922
2874 3890
2874 2994
2874 2930
2874 3897
2874 3001
2874 2937
2874 2877
2874 2875
2875 3899
2875 3003
2875 2939
2875 2879
2875 2876
2875 3387
2875 3643
2875 3867
2875 2971
2875 2907
2875 3883
2875 2987
2875 2923
2875 3891
2875 2995
2875 2931
2875 3897
2875 3001
2875 2937
2875 2877
2876 3900
2876 3004
2876 2940
2876 2880
2876 3388
2876 3644
2876 3868
2876 2972
2876 2908
2876 3884
2876 2988
2876 2924
2876 3892
2876 2996
2876 2932
2876 3898
2876 3002
2876 2938
2876 2878
2876 3899
2876 3003
2876 2939
2876 2879
2877 3901
2877 3005
2877 2941
2877 2879
2877 2878
2877 3389
2877 3645
2877 3869
2877 2973
2877 2909
2877 3885
2877 2989
2877 2925
2877 3893
2877 2997
2877 2933
2877 3897
2877 3001
2877 2937
2878 3902
2878 3006
2878 2942
2878 2880
2878 3390
2878 3646
2878 3870
2878 2974
2878 2910
2878 3886
2878 2990
2878 2926
2878 3894
2878 2998
2878 2934
2878 3898
2878 3002
2878 2938
2878 3901
2878 3005
2878 2941
2878 2879
2879 3903
2879 3007
2879 2943
2879 2880
2879 3391
2879 3647
2879 3871
2879 2975
2879 2911
2879 3887
2879 2991
2879 2927
2879 3895
2879 2999
2879 2935
2879 3899
2879 3003
2879 2939
2879 3901
2879 3005
2879 2941
2880 3904
2880 3008
2880 2944
2880 3392
2880 3648
2880 3872
2880 2976
2880 2912
2880 3888
2880 2992
2880 2928
2880 3896
2880 3000
2880 2936
2880 3900
2880 3004
2880 2940
2880 3902
2880 3006
2880 2942
2880 3903
2880 3007
2880 2943
2881 3905
2881 3009
2881 2913
2881 2897
2881 2889
2881 2885
2881 2883
2881 2882
2881 3393
2881 3649
2881 3841
2881 2945
2882 3906
2882 3010
2882 2914
2882 2898
2882 2890
2882 2886
2882 2884
2882 3394
2882 3650
2882 3842
2882 2946
2882 3905
2882 3009
2882 2913
2882 2897
2882 2889
2882 2885
2882 2883
2883 3907
2883 3011
2883 2915
2883 2899
2883 2891
2883 2887
2883 2884
2883 3395
2883 3651
2883 3843
2883 2947
2883 3905
2883 3009
2883 2913
2883 2897
2883 2889
2883 2885
2884 3908
2884 3012
2884 2916
2884 2900
2884 2892
2884 2888
2884 3396
2884 3652
2884 3844
2884 2948
2884 3906
2884 3010
2884 2914
2884 2898
2884 2890
2884 2886
2884 3907
2884 3011
2884 2915
2884 2899
2884 2891
2884 2887
2885 3909
2885 3013
2885 2917
2885 2901
2885 2893
2885 2887
2885 2886
2885 3397
2885 3653
2885 3845
2885 2949
2885 3905
2885 3009
2885 2913
2885 2897
2885 2889
2886 3910
2886 3014
2886 2918
2886 2902
2886 2894
2886 2888
2886 3398
2886 3654
2886 3846
2886 2950
2886 3906
2886 3010
2886 2914
2886 2898
2886 2890
2886 3909
2886 3013
2886 2917
2886 2901
2886 2893
2886 2887
2887 3911
2887 3015
2887 2919
2887 2903
2887 2895
2887 2888
2887 3399
2887 3655
2887 3847
2887 2951
2887 3907
2887 3011
2887 2915
2887 2899
2887 2891
2887 3909
2887 3013
2887 2917
2887 2901
2887 2893
2888 3912
2888 3016
2888 2920
2888 2904
2888 2896
2888 3400
2888 3656
2888 3848
2888 2952
2888 3908
2888 3012
2888 2916
2888 2900
2888 2892
2888 3910
2888 3014
2888 2918
2888 2902
2888 2894
2888 3911
2888 3015
2888 2919
2888 2903
2888 2895
2889 3913
2889 3017
2889 2921
2889 2905
2889 2893
2889 2891
2889 2890
2889 3401
2889 3657
2889 3849
2889 2953
2889 3905
2889 3009
2889 2913
2889 2897
2890 3914
2890 3018
2890 2922
2890 2906
2890 2894
2890 2892
2890 3402
2890 3658
2890 3850
2890 2954
2890 3906
2890 3010
2890 2914
2890 2898
2890 3913
2890 3017
2890 2921
2890 2905
2890 2893
2890 2891
2891 3915
2891 3019
2891 2923
2891 2907
2891 2895
2891 2892
2891 3403
2891 3659
2891 3851
2891 2955
2891 3907
2891 3011
2891 2915
2891 2899
2891 3913
2891 3017
2891 2921
2891 2905
2891 2893
2892 3916
2892 3020
2892 2924
2892 2908
2892 2896
2892 3404
2892 3660
2892 3852
2892 2956
2892 3908
2892 3012
2892 2916
2892 2900
2892 3914
2892 3018
2892 2922
2892 2906
2892 2894
2892 3915
2892 3019
2892 2923
2892 2907
2892 2895
2893 3917
2893 3021
2893 2925
2893 2909
2893 2895
2893 2894
2893 3405
2893 3661
2893 3853
2893 2957
2893 3909
2893 3013
2893 2917
2893 2901
2893 3913
2893 3017
2893 2921
2893 2905
2894 3918
2894 3022
2894 2926
2894 2910
2894 2896
2894 3406
2894 3662
2894 3854
2894 2958
2894 3910
2894 3014
2894 2918
2894 2902
2894 3914
2894 3018
2894 2922
2894 2906
2894 3917
2894 3021
2894 2925
2894 2909
2894 2895
2895 3919
2895 3023
2895 2927
2895 2911
2895 2896
2895 3407
2895 3663
2895 3855
2895 2959
2895 3911
2895 3015
2895 2919
2895 2903
2895 3915
2895 3019
2895 2923
2895 2907
2895 3917
2895 3021
2895 2925
2895 2909
2896 3920
2896 3024
2896 2928
2896 2912
2896 3408
2896 3664
2896 3856
2896 2960
2896 3912
2896 3016
2896 2920
2896 2904
2896 3916
2896 3020
2896 2924
2896 2908
2896 3918
2896 3022
2896 2926
2896 2910
2896 3919
2896 3023
2896 2927
2896 2911
2897 3921
2897 3025
2897 2929
2897 2905
2897 2901
2897 2899
2897 2898
2897 3409
2897 3665
2897 3857
2897 2961
2897 3905
2897 3009
2897 2913
2898 3922
2898 3026
2898 2930
2898 2906
2898 2902
2898 2900
2898 3410
2898 3666
2898 3858
2898 2962
2898 3906
2898 3010
2898 2914
2898 3921
2898 3025
2898 2929
2898 2905
2898 2901
2898 2899
2899 3923
2899 3027
2899 2931
2899 2907
2899 2903
2899 2900
2899 3411
2899 3667
2899 3859
2899 2963
2899 3907
2899 3011
2899 2915
2899 3921
2899 3025
2899 2929
2899 2905
2899 2901
2900 3924
2900 3028
2900 2932
2900 2908
2900 2904
2900 3412
2900 3668
2900 3860
2900 2964
2900 3908
2900 3012
2900 2916
2900 3922
2900 3026
2900 2930
2900 2906
2900 2902
2900 3923
2900 3027
2900 2931
2900 2907
2900 2903
2901 3925
2901 3029
2901 2933
2901 2909
2901 2903
2901 2902
2901 3413
2901 3669
2901 3861
2901 2965
2901 3909
2901 3013
2901 2917
2901 3921
2901 3025
2901 2929
2901 2905
2902 3926
2902 3030
2902 2934
2902 2910
2902 2904
2902 3414
2902 3670
2902 3862
2902 2966
2902 3910
2902 3014
2902 2918
2902 3922
2902 3026
2902 2930
2902 2906
2902 3925
2902 3029
2902 2933
2902 2909
2902 2903
2903 3927
2903 3031
2903 2935
2903 2911
2903 2904
2903 3415
2903 3671
2903 3863
2903 2967
2903 3911
2903 3015
2903 2919
2903 3923
2903 3027
2903 2931
2903 2907
2903 3925
2903 3029
2903 2933
2903 2909
2904 3928
2904 3032
2904 2936
2904 2912
2904 3416
2904 3672
2904 3864
2904 2968
2904 3912
2904 3016
2904 2920
2904 3924
2904 3028
2904 2932
2904 2908
2904 3926
2904 3030
2904 2934
2904 2910
2904 3927
2904 3031
2904 2935
2904 2911
2905 3929
2905 3033
2905 2937
2905 2909
2905 2907
2905 2906
2905 3417
2905 3673
2905 3865
2905 2969
2905 3913
2905 3017
2905 2921
2905 3921
2905 3025
2905 2929
2906 3930
2906 3034
2906 2938
2906 2910
2906 2908
2906 3418
2906 3674
2906 3866
2906 2970
2906 3914
2906 3018
2906 2922
2906 3922
2906 3026
2906 2930
2906 3929
2906 3033
2906 2937
2906 2909
2906 2907
2907 3931
2907 3035
2907 2939
2907 2911
2907 2908
2907 3419
2907 3675
2907 3867
2907 2971
2907 3915
2907 3019
2907 2923
2907 3923
2907 3027
2907 2931
2907 3929
2907 3033
2907 2937
2907 2909
2908 3932
2908 3036
2908 2940
2908 2912
2908 3420
2908 3676
2908 3868
2908 2972
2908 3916
2908 3020
2908 2924
2908 3924
2908 3028
2908 2932
2908 3930
2908 3034
2908 2938
2908 2910
2908 3931
2908 3035
2908 2939
2908 2911
2909 3933
2909 3037
2909 2941
2909 2911
2909 2910
2909 3421
2909 3677
2909 3869
2909 2973
2909 3917
2909 3021
2909 2925
2909 3925
2909 3029
2909 2933
2909 3929
2909 3033
2909 2937
2910 3934
2910 3038
2910 2942
2910 2912
2910 3422
2910 3678
2910 3870
2910 2974
2910 3918
2910 3022
2910 2926
2910 3926
2910 3030
2910 2934
2910 3930
2910 3034
2910 2938
2910 3933
2910 3037
2910 2941
2910 2911
2911 3935
2911 3039
2911 2943
2911 2912
2911 3423
2911 3679
2911 3871
2911 2975
2911 3919
2911 3023
2911 2927
2911 3927
2911 3031
2911 2935
2911 3931
2911 3035
2911 2939
2911 3933
2911 3037
2911 2941
2912 3936
2912 3040
2912 2944
2912 3424
2912 3680
2912 3872
2912 2976
2912 3920
2912 3024
2912 2928
2912 3928
2912 3032
2912 2936
2912 3932
2912 3036
2912 2940
2912 3934
2912 3038
2912 2942
2912 3935
2912 3039
2912 2943
2913 3937
2913 3041
2913 2929
2913 2921
2913 2917
2913 2915
2913 2914
2913 3425
2913 3681
2913 3873
2913 2977
2913 3905
2913 3009
2914 3938
2914 3042
2914 2930
2914 2922
2914 2918
2914 2916
2914 3426
2914 3682
2914 3874
2914 2978
2914 3906
2914 3010
2914 3937
2914 3041
2914 2929
2914 2921
2914 2917
2914 2915
2915 3939
2915 3043
2915 2931
2915 2923
2915 2919
2915 2916
2915 3427
2915 3683
2915 3875
2915 2979
2915 3907
2915 3011
2915 3937
2915 3041
2915 2929
2915 2921
2915 2917
2916 3940
2916 3044
2916 2932
2916 2924
2916 2920
2916 3428
2916 3684
2916 3876
2916 2980
2916 3908
2916 3012
2916 3938
2916 3042
2916 2930
2916 2922
2916 2918
2916 3939
2916 3043
2916 2931
2916 2923
2916 2919
2917 3941
2917 3045
2917 2933
2917 2925
2917 2919
2917 2918
2917 3429
2917 3685
2917 3877
2917 2981
2917 3909
2917 3013
2917 3937
2917 3041
2917 2929
2917 2921
2918 3942
2918 3046
2918 2934
2918 2926
2918 2920
2918 3430
2918 3686
2918 3878
2918 2982
2918 3910
2918 3014
2918 3938
2918 3042
2918 2930
2918 2922
2918 3941
2918 3045
2918 2933
2918 2925
2918 2919
2919 3943
2919 3047
2919 2935
2919 2927
2919 2920
2919 3431
2919 3687
2919 3879
2919 2983
2919 3911
2919 3015
2919 3939
2919 3043
2919 2931
2919 2923
2919 3941
2919 3045
2919 2933
2919 2925
2920 3944
2920 3048
2920 2936
2920 2928
2920 3432
2920 3688
2920 3880
2920 2984
2920 3912
2920 3016
2920 3940
2920 3044
2920 2932
2920 2924
2920 3942
2920 3046
2920 2934
2920 2926
2920 3943
2920 3047
2920 2935
2920 2927
2921 3945
2921 3049
2921 2937
2921 2925
2921 2923
2921 2922
2921 3433
2921 3689
2921 3881
2921 2985
2921 3913
2921 3017
2921 3937
2921 3041
2921 2929
2922 3946
2922 3050
2922 2938
2922 2926
2922 2924
2922 3434
2922 3690
2922 3882
2922 2986
2922 3914
2922 3018
2922 3938
2922 3042
2922 2930
2922 3945
2922 3049
2922 2937
2922 2925
2922 2923
2923 3947
2923 3051
2923 2939
2923 2927
2923 2924
2923 3435
2923 3691
2923 3883
2923 2987
2923 3915
2923 3019
2923 3939
2923 3043
2923 2931
2923 3945
2923 3049
2923 2937
2923 2925
2924 3948
2924 3052
2924 2940
2924 2928
2924 3436
2924 3692
2924 3884
2924 2988
2924 3916
2924 3020
2924 3940
2924 3044
2924 2932
2924 3946
2924 3050
2924 2938
2924 2926
2924 3947
2924 3051
2924 2939
2924 2927
2925 3949
2925 3053
2925 2941
2925 2927
2925 2926
2925 3437
2925 3693
2925 3885
2925 2989
2925 3917
2925 3021
2925 3941
2925 3045
2925 2933
2925 3945
2925 3049
2925 2937
2926 3950
2926 3054
2926 2942
2926 2928
2926 3438
2926 3694
2926 3886
2926 2990
2926 3918
2926 3022
2926 3942
2926 3046
2926 2934
2926 3946
2926 3050
2926 2938
2926 3949
2926 3053
2926 2941
2926 2927
2927 3951
2927 3055
2927 2943
2927 2928
2927 3439
2927 3695
2927 3887
2927 2991
2927 3919
2927 3023
2927 3943
2927 3047
2927 2935
2927 3947
2927 3051
2927 2939
2927 3949
2927 3053
2927 2941
2928 3952
2928 3056
2928 2944
2928 3440
2928 3696
2928 3888
2928 2992
2928 3920
2928 3024
2928 3944
2928 3048
2928 2936
2928 3948
2928 3052
2928 2940
2928 3950
2928 3054
2928 2942
2928 3951
2928 3055
2928 2943
2929 3953
2929 3057
2929 2937
2929 2933
2929 2931
2929 2930
2929 3441
2929 3697
2929 3889
2929 2993
2929 3921
2929 3025
2929 3937
2929 3041
2930 3954
2930 3058
2930 2938
2930 2934
2930 2932
2930 3442
2930 3698
2930 3890
2930 2994
2930 3922
2930 3026
2930 3938
2930 3042
2930 3953
2930 3057
2930 2937
2930 2933
2930 2931
2931 3955
2931 3059
2931 2939
2931 2935
2931 2932
2931 3443
2931 3699
2931 3891
2931 2995
2931 3923
2931 3027
2931 3939
2931 3043
2931 3953
2931 3057
2931 2937
2931 2933
2932 3956
2932 3060
2932 2940
2932 2936
2932 3444
2932 3700
2932 3892
2932 2996
2932 3924
2932 3028
2932 3940
2932 3044
2932 3954
2932 3058
2932 2938
2932 2934
2932 3955
2932 3059
2932 2939
2932 2935
2933 3957
2933 3061
2933 2941
2933 2935
2933 2934
2933 3445
2933 3701
2933 3893
2933 2997
2933 3925
2933 3029
2933 3941
2933 3045
2933 3953
2933 3057
2933 2937
2934 3958
2934 3062
2934 2942
2934 2936
2934 3446
2934 3702
2934 3894
2934 2998
2934 3926
2934 3030
2934 3942
2934 3046
2934 3954
2934 3058
2934 2938
2934 3957
2934 3061
2934 2941
2934 2935
2935 3959
2935 3063
2935 2943
2935 2936
2935 3447
2935 3703
2935 3895
2935 2999
2935 3927
2935 3031
2935 3943
2935 3047
2935 3955
2935 3059
2935 2939
2935 3957
2935 3061
2935 2941
2936 3960
2936 3064
2936 2944
2936 3448
2936 3704
2936 3896
2936 3000
2936 3928
2936 3032
2936 3944
2936 3048
2936 3956
2936 3060
2936 2940
2936 3958
2936 3062
2936 2942
2936 3959
2936 3063
2936 2943
2937 3961
2937 3065
2937 2941
2937 2939
2937 2938
2937 3449
2937 3705
2937 3897
2937 3001
2937 3929
2937 3033
2937 3945
2937 3049
2937 3953
2937 3057
2938 3962
2938 3066
2938 2942
2938 2940
2938 3450
2938 3706
2938 3898
2938 3002
2938 3930
2938 3034
2938 3946
2938 3050
2938 3954
2938 3058
2938 3961
2938 3065
2938 2941
2938 2939
2939 3963
2939 3067
2939 2943
2939 2940
2939 3451
2939 3707
2939 3899
2939 3003
2939 3931
2939 3035
2939 3947
2939 3051
2939 3955
2939 3059
2939 3961
2939 3065
2939 2941
2940 3964
2940 3068
2940 2944
2940 3452
2940 3708
2940 3900
2940 3004
2940 3932
2940 3036
2940 3948
2940 3052
2940 3956
2940 3060
2940 3962
2940 3066
2940 2942
2940 3963
2940 3067
2940 2943
2941 3965
2941 3069
2941 2943
2941 2942
2941 3453
2941 3709
2941 3901
2941 3005
2941 3933
2941 3037
2941 3949
2941 3053
2941 3957
2941 3061
2941 3961
2941 3065
2942 3966
2942 3070
2942 2944
2942 3454
2942 3710
2942 3902
2942 3006
2942 3934
2942 3038
2942 3950
2942 3054
2942 3958
2942 3062
2942 3962
2942 3066
2942 3965
2942 3069
2942 2943
2943 3967
2943 3071
2943 2944
2943 3455
2943 3711
2943 3903
2943 3007
2943 3935
2943 3039
2943 3951
2943 3055
2943 3959
2943 3063
2943 3963
2943 3067
2943 3965
2943 3069
2944 3968
2944 3072
2944 3456
2944 3712
2944 3904
2944 3008
2944 3936
2944 3040
2944 3952
2944 3056
2944 3960
2944 3064
2944 3964
2944 3068
2944 3966
2944 3070
2944 3967
2944 3071
2945 3969
2945 3009
2945 2977
2945 2961
2945 2953
2945 2949
2945 2947
2945 2946
2945 3457
2945 3713
2945 3841
2946 3970
2946 3010
2946 2978
2946 2962
2946 2954
2946 2950
2946 2948
2946 3458
2946 3714
2946 3842
2946 3969
2946 3009
2946 2977
2946 2961
2946 2953
2946 2949
2946 2947
2947 3971
2947 3011
2947 2979
2947 2963
2947 2955
2947 2951
2947 2948
2947 3459
2947 3715
2947 3843
2947 3969
2947 3009
2947 2977
2947 2961
2947 2953
2947 2949
2948 3972
2948 3012
2948 2980
2948 2964
2948 2956
2948 2952
2948 3460
2948 3716
2948 3844
2948 3970
2948 3010
2948 2978
2948 2962
2948 2954
2948 2950
2948 3971
2948 3011
2948 2979
2948 2963
2948 2955
2948 2951
2949 3973
2949 3013
2949 2981
2949 2965
2949 2957
2949 2951
2949 2950
2949 3461
2949 3717
2949 3845
2949 3969
2949 3009
2949 2977
2949 2961
2949 2953
2950 3974
2950 3014
2950 2982
2950 2966
2950 2958
2950 2952
2950 3462
2950 3718
2950 3846
2950 3970
2950 3010
2950 2978
2950 2962
2950 2954
2950 3973
2950 3013
2950 2981
2950 2965
2950 2957
2950 2951
2951 3975
2951 3015
2951 2983
2951 2967
2951 2959
2951 2952
2951 3463
2951 3719
2951 3847
2951 3971
2951 3011
2951 2979
2951 2963
2951 2955
2951 3973
2951 3013
2951 2981
2951 2965
2951 2957
2952 3976
2952 3016
2952 2984
2952 2968
2952 2960
2952 3464
2952 3720
2952 3848
2952 3972
2952 3012
2952 2980
2952 2964
2952 2956
2952 3974
2952 3014
2952 2982
2952 2966
2952 2958
2952 3975
2952 3015
2952 2983
2952 2967
2952 2959
2953 3977
2953 3017
2953 2985
2953 2969
2953 2957
2953 2955
2953 2954
2953 3465
2953 3721
2953 3849
2953 3969
2953 3009
2953 2977
2953 2961
2954 3978
2954 3018
2954 2986
2954 2970
2954 2958
2954 2956
2954 3466
2954 3722
2954 3850
2954 3970
2954 3010
2954 2978
2954 2962
2954 3977
2954 3017
2954 2985
2954 2969
2954 2957
2954 2955
2955 3979
2955 3019
2955 2987
2955 2971
2955 2959
2955 2956
2955 3467
2955 3723
2955 3851
2955 3971
2955 3011
2955 2979
2955 2963
2955 3977
2955 3017
2955 2985
2955 2969
2955 2957
2956 3980
2956 3020
2956 2988
2956 2972
2956 2960
2956 3468
2956 3724
2956 3852
2956 3972
2956 3012
2956 2980
2956 2964
2956 3978
2956 3018
2956 2986
2956 2970
2956 2958
2956 3979
2956 3019
2956 2987
2956 2971
2956 2959
2957 3981
2957 3021
2957 2989
2957 2973
2957 2959
2957 2958
2957 3469
2957 3725
2957 3853
2957 3973
2957 3013
2957 2981
2957 2965
2957 3977
2957 3017
2957 2985
2957 2969
2958 3982
2958 3022
2958 2990
2958 2974
2958 2960
2958 3470
2958 3726
2958 3854
2958 3974
2958 3014
2958 2982
2958 2966
2958 3978
2958 3018
2958 2986
2958 2970
2958 3981
2958 3021
2958 2989
2958 2973
2958 2959
2959 3983
2959 3023
2959 2991
2959 2975
2959 2960
2959 3471
2959 3727
2959 3855
2959 3975
2959 3015
2959 2983
2959 2967
2959 3979
2959 3019
2959 2987
2959 2971
2959 3981
2959 3021
2959 2989
2959 2973
2960 3984
2960 3024
2960 2992
2960 2976
2960 3472
2960 3728
2960 3856
2960 3976
2960 3016
2960 2984
2960 2968
2960 3980
2960 3020
2960 2988
2960 2972
2960 3982
2960 3022
2960 2990
2960 2974
2960 3983
2960 3023
2960 2991
2960 2975
2961 3985
2961 3025
2961 2993
2961 2969
2961 2965
2961 2963
2961 2962
2961 3473
2961 3729
2961 3857
2961 3969
2961 3009
2961 2977
2962 3986
2962 3026
2962 2994
2962 2970
2962 2966
2962 2964
2962 3474
2962 3730
2962 3858
2962 3970
2962 3010
2962 2978
2962 3985
2962 3025
2962 2993
2962 2969
2962 2965
2962 2963
2963 3987
2963 3027
2963 2995
2963 2971
2963 2967
2963 2964
2963 3475
2963 3731
2963 3859
2963 3971
2963 3011
2963 2979
2963 3985
2963 3025
2963 2993
2963 2969
2963 2965
2964 3988
2964 3028
2964 2996
2964 2972
2964 2968
2964 3476
2964 3732
2964 3860
2964 3972
2964 3012
2964 2980
2964 3986
2964 3026
2964 2994
2964 2970
2964 2966
2964 3987
2964 3027
2964 2995
2964 2971
2964 2967
2965 3989
2965 3029
2965 2997
2965 2973
2965 2967
2965 2966
2965 3477
2965 3733
2965 3861
2965 3973
2965 3013
2965 2981
2965 3985
2965 3025
2965 2993
2965 2969
2966 3990
2966 3030
2966 2998
2966 2974
2966 2968
2966 3478
2966 3734
2966 3862
2966 3974
2966 3014
2966 2982
2966 3986
2966 3026
2966 2994
2966 2970
2966 3989
2966 3029
2966 2997
2966 2973
2966 2967
2967 3991
2967 3031
2967 2999
2967 2975
2967 2968
2967 3479
2967 3735
2967 3863
2967 3975
2967 3015
2967 2983
2967 3987
2967 3027
2967 2995
2967 2971
2967 3989
2967 3029
2967 2997
2967 2973
2968 3992
2968 3032
2968 3000
2968 2976
2968 3480
2968 3736
2968 3864
2968 3976
2968 3016
2968 2984
2968 3988
2968 3028
2968 2996
2968 2972
2968 3990
2968 3030
2968 2998
2968 2974
2968 3991
2968 3031
2968 2999
2968 2975
2969 3993
2969 3033
2969 3001
2969 2973
2969 2971
2969 2970
2969 3481
2969 3737
2969 3865
2969 3977
2969 3017
2969 2985
2969 3985
2969 3025
2969 2993
2970 3994
2970 3034
2970 3002
2970 2974
2970 2972
2970 3482
2970 3738
2970 3866
2970 3978
2970 3018
2970 2986
2970 3986
2970 3026
2970 2994
2970 3993
2970 3033
2970 3001
2970 2973
2970 2971
2971 3995
2971 3035
2971 3003
2971 2975
2971 2972
2971 3483
2971 3739
2971 3867
2971 3979
2971 3019
2971 2987
2971 3987
2971 3027
2971 2995
2971 3993
2971 3033
2971 3001
2971 2973
2972 3996
2972 3036
2972 3004
2972 2976
2972 3484
2972 3740
2972 3868
2972 3980
2972 3020
2972 2988
2972 3988
2972 3028
2972 2996
2972 3994
2972 3034
2972 3002
2972 2974
2972 3995
2972 3035
2972 3003
2972 2975
2973 3997
2973 3037
2973 3005
2973 2975
2973 2974
2973 3485
2973 3741
2973 3869
2973 3981
2973 3021
2973 2989
2973 3989
2973 3029
2973 2997
2973 3993
2973 3033
2973 3001
2974 3998
2974 3038
2974 3006
2974 2976
2974 3486
2974 3742
2974 3870
2974 3982
2974 3022
2974 2990
2974 3990
2974 3030
2974 2998
2974 3994
2974 3034
2974 3002
2974 3997
2974 3037
2974 3005
2974 2975
2975 3999
2975 3039
2975 3007
2975 2976
2975 3487
2975 3743
2975 3871
2975 3983
2975 3023
2975 2991
2975 3991
2975 3031
2975 2999
2975 3995
2975 3035
2975 3003
2975 3997
2975 3037
2975 3005
2976 4000
2976 3040
2976 3008
2976 3488
2976 3744
2976 3872
2976 3984
2976 3024
2976 2992
2976 3992
2976 3032
2976 3000
2976 3996
2976 3036
2976 3004
2976 3998
2976 3038
2976 3006
2976 3999
2976 3039
2976 3007
2977 4001
2977 3041
2977 2993
2977 2985
2977 2981
2977 2979
2977 2978
2977 3489
2977 3745
2977 3873
2977 3969
2977 3009
2978 4002
2978 3042
2978 2994
2978 2986
2978 2982
2978 2980
2978 3490
2978 3746
2978 3874
2978 3970
2978 3010
2978 4001
2978 3041
2978 2993
2978 2985
2978 2981
2978 2979
2979 4003
2979 3043
2979 2995
2979 2987
2979 2983
2979 2980
2979 3491
2979 3747
2979 3875
2979 3971
2979 3011
2979 4001
2979 3041
2979 2993
2979 2985
2979 2981
2980 4004
2980 3044
2980 2996
2980 2988
2980 2984
2980 3492
2980 3748
2980 3876
2980 3972
2980 3012
2980 4002
2980 3042
2980 2994
2980 2986
2980 2982
2980 4003
2980 3043
2980 2995
2980 2987
2980 2983
2981 4005
2981 3045
2981 2997
2981 2989
2981 2983
2981 2982
2981 3493
2981 3749
2981 3877
2981 3973
2981 3013
2981 4001
2981 3041
2981 2993
2981 2985
2982 4006
2982 3046
2982 2998
2982 2990
2982 2984
2982 3494
2982 3750
2982 3878
2982 3974
2982 3014
2982 4002
2982 3042
2982 2994
2982 2986
2982 4005
2982 3045
2982 2997
2982 2989
2982 2983
2983 4007
2983 3047
2983 2999
2983 2991
2983 2984
2983 3495
2983 3751
2983 3879
2983 3975
2983 3015
2983 4003
2983 3043
2983 2995
2983 2987
2983 4005
2983 3045
2983 2997
2983 2989
2984 4008
2984 3048
2984 3000
2984 2992
2984 3496
2984 3752
2984 3880
2984 3976
2984 3016
2984 4004
2984 3044
2984 2996
2984 2988
2984 4006
2984 3046
2984 2998
2984 2990
2984 4007
2984 3047
2984 2999
2984 2991
2985 4009
2985 3049
2985 3001
2985 2989
2985 2987
2985 2986
2985 3497
2985 3753
2985 3881
2985 3977
2985 3017
2985 4001
2985 3041
2985 2993
2986 4010
2986 3050
2986 3002
2986 2990
2986 2988
2986 3498
2986 3754
2986 3882
2986 3978
2986 3018
2986 4002
2986 3042
2986 2994
2986 4009
2986 3049
2986 3001
2986 2989
2986 2987
2987 4011
2987 3051
2987 3003
2987 2991
2987 2988
2987 3499
2987 3755
2987 3883
2987 3979
2987 3019
2987 4003
2987 3043
2987 2995
2987 4009
2987 3049
2987 3001
2987 2989
2988 4012
2988 3052
2988 3004
2988 2992
2988 3500
2988 3756
2988 3884
2988 3980
2988 3020
2988 4004
2988 3044
2988 2996
2988 4010
2988 3050
2988 3002
2988 2990
2988 4011
2988 3051
2988 3003
2988 2991
2989 4013
2989 3053
2989 3005
2989 2991
2989 2990
2989 3501
2989 3757
2989 3885
2989 3981
2989 3021
2989 4005
2989 3045
2989 2997
2989 4009
2989 3049
2989 3001
2990 4014
2990 3054
2990 3006
2990 2992
2990 3502
2990 3758
2990 3886
2990 3982
2990 3022
2990 4006
2990 3046
2990 2998
2990 4010
2990 3050
2990 3002
2990 4013
2990 3053
2990 3005
2990 2991
2991 4015
2991 3055
2991 3007
2991 2992
2991 3503
2991 3759
2991 3887
2991 3983
2991 3023
2991 4007
2991 3047
2991 2999
2991 4011
2991 3051
2991 3003
2991 4013
2991 3053
2991 3005
2992 4016
2992 3056
2992 3008
2992 3504
2992 3760
2992 3888
2992 3984
2992 3024
2992 4008
2992 3048
2992 3000
2992 4012
2992 3052
2992 3004
2992 4014
2992 3054
2992 3006
2992 4015
2992 3055
2992 3007
2993 4017
2993 3057
2993 3001
2993 2997
2993 2995
2993 2994
2993 3505
2993 3761
2993 3889
2993 3985
2993 3025
2993 4001
2993 3041
2994 4018
2994 3058
2994 3002
2994 2998
2994 2996
2994 3506
2994 3762
2994 3890
2994 3986
2994 3026
2994 4002
2994 3042
2994 4017
2994 3057
2994 3001
2994 2997
2994 2995
2995 4019
2995 3059
2995 3003
2995 2999
2995 2996
2995 3507
2995 3763
2995 3891
2995 3987
2995 3027
2995 4003
2995 3043
2995 4017
2995 3057
2995 3001
2995 2997
2996 4020
2996 3060
2996 3004
2996 3000
2996 3508
2996 3764
2996 3892
2996 3988
2996 3028
2996 4004
2996 3044
2996 4018
2996 3058
2996 3002
2996 2998
2996 4019
2996 3059
2996 3003
2996 2999
2997 4021
2997 3061
2997 3005
2997 2999
2997 2998
2997 3509
2997 3765
2997 3893
2997 3989
2997 3029
2997 4005
2997 3045
2997 4017
2997 3057
2997 3001
2998 4022
2998 3062
2998 3006
2998 3000
2998 3510
2998 3766
2998 3894
2998 3990
2998 3030
2998 4006
2998 3046
2998 4018
2998 3058
2998 3002
2998 4021
2998 3061
2998 3005
2998 2999
2999 4023
2999 3063
2999 3007
2999 3000
2999 3511
2999 3767
2999 3895
2999 3991
2999 3031
2999 4007
2999 3047
2999 4019
2999 3059
2999 3003
2999 4021
2999 3061
2999 3005
3000 4024
3000 3064
3000 3008
3000 3512
3000 3768
3000 3896
3000 3992
3000 3032
3000 4008
3000 3048
3000 4020
3000 3060
3000 3004
3000 4022
3000 3062
3000 3006
3000 4023
3000 3063
3000 3007
3001 4025
3001 3065
3001 3005
3001 3003
3001 3002
3001 3513
3001 3769
3001 3897
3001 3993
3001 3033
3001 4009
3001 3049
3001 4017
3001 3057
3002 4026
3002 3066
3002 3006
3002 3004
3002 3514
3002 3770
3002 3898
3002 3994
3002 3034
3002 4010
3002 3050
3002 4018
3002 3058
3002 4025
3002 3065
3002 3005
3002 3003
3003 4027
3003 3067
3003 3007
3003 3004
3003 3515
3003 3771
3003 3899
3003 3995
3003 3035
3003 4011
3003 3051
3003 4019
3003 3059
3003 4025
3003 3065
3003 3005
3004 4028
3004 3068
3004 3008
3004 3516
3004 3772
3004 3900
3004 3996
3004 3036
3004 4012
3004 3052
3004 4020
3004 3060
3004 4026
3004 3066
3004 3006
3004 4027
3004 3067
3004 3007
3005 4029
3005 3069
3005 3007
3005 3006
3005 3517
3005 3773
3005 3901
3005 3997
3005 3037
3005 4013
3005 3053
3005 4021
3005 3061
3005 4025
3005 3065
3006 4030
3006 3070
3006 3008
3006 3518
3006 3774
3006 3902
3006 3998
3006 3038
3006 4014
3006 3054
3006 4022
3006 3062
3006 4026
3006 3066
3006 4029
3006 3069
3006 3007
3007 4031
3007 3071
3007 3008
3007 3519
3007 3775
3007 3903
3007 3999
3007 3039
3007 4015
3007 3055
3007 4023
3007 3063
3007 4027
3007 3067
3007 4029
3007 3069
3008 4032
3008 3072
3008 3520
3008 3776
3008 3904
3008 4000
3008 3040
3008 4016
3008 3056
3008 4024
3008 3064
3008 4028
3008 3068
3008 4030
3008 3070
3008 4031
3008 3071
3009 4033
3009 3041
3009 3025
3009 3017
3009 3013
3009 3011
3009 3010
3009 3521
3009 3777
3009 3905
3009 3969
3010 4034
3010 3042
3010 3026
3010 3018
3010 3014
3010 3012
3010 3522
3010 3778
3010 3906
3010 3970
3010 4033
3010 3041
3010 3025
3010 3017
3010 3013
3010 3011
3011 4035
3011 3043
3011 3027
3011 3019
3011 3015
3011 3012
3011 3523
3011 3779
3011 3907
3011 3971
3011 4033
3011 3041
3011 3025
3011 3017
3011 3013
3012 4036
3012 3044
3012 3028
3012 3020
3012 3016
3012 3524
3012 3780
3012 3908
3012 3972
3012 4034
3012 3042
3012 3026
3012 3018
3012 3014
3012 4035
3012 3043
3012 3027
3012 3019
3012 3015
3013 4037
3013 3045
3013 3029
3013 3021
3013 3015
3013 3014
3013 3525
3013 3781
3013 3909
3013 3973
3013 4033
3013 3041
3013 3025
3013 3017
3014 4038
3014 3046
3014 3030
3014 3022
3014 3016
3014 3526
3014 3782
3014 3910
3014 3974
3014 4034
3014 3042
3014 3026
3014 3018
3014 4037
3014 3045
3014 3029
3014 3021
3014 3015
3015 4039
3015 3047
3015 3031
3015 3023
3015 3016
3015 3527
3015 3783
3015 3911
3015 3975
3015 4035
3015 3043
3015 3027
3015 3019
3015 4037
3015 3045
3015 3029
3015 3021
3016 4040
3016 3048
3016 3032
3016 3024
3016 3528
3016 3784
3016 3912
3016 3976
3016 4036
3016 3044
3016 3028
3016 3020
3016 4038
3016 3046
3016 3030
3016 3022
3016 4039
3016 3047
3016 3031
3016 3023
3017 4041
3017 3049
3017 3033
3017 3021
3017 3019
3017 3018
3017 3529
3017 3785
3017 3913
3017 3977
3017 4033
3017 3041
3017 3025
3018 4042
3018 3050
3018 3034
3018 3022
3018 3020
3018 3530
3018 3786
3018 3914
3018 3978
3018 4034
3018 3042
3018 3026
3018 4041
3018 3049
3018 3033
3018 3021
3018 3019
3019 4043
3019 3051
3019 3035
3019 3023
3019 3020
3019 3531
3019 3787
3019 3915
3019 3979
3019 4035
3019 3043
3019 3027
3019 4041
3019 3049
3019 3033
3019 3021
3020 4044
3020 3052
3020 3036
3020 3024
3020 3532
3020 3788
3020 3916
3020 3980
3020 4036
3020 3044
3020 3028
3020 4042
3020 3050
3020 3034
3020 3022
3020 4043
3020 3051
3020 3035
3020 3023
3021 4045
3021 3053
3021 3037
3021 3023
3021 3022
3021 3533
3021 3789
3021 3917
3021 3981
3021 4037
3021 3045
3021 3029
3021 4041
3021 3049
3021 3033
3022 4046
3022 3054
3022 3038
3022 3024
3022 3534
3022 3790
3022 3918
3022 3982
3022 4038
3022 3046
3022 3030
3022 4042
3022 3050
3022 3034
3022 4045
3022 3053
3022 3037
3022 3023
3023 4047
3023 3055
3023 3039
3023 3024
3023 3535
3023 3791
3023 3919
3023 3983
3023 4039
3023 3047
3023 3031
3023 4043
3023 3051
3023 3035
3023 4045
3023 3053
3023 3037
3024 4048
3024 3056
3024 3040
3024 3536
3024 3792
3024 3920
3024 3984
3024 4040
3024 3048
3024 3032
3024 4044
3024 3052
3024 3036
3024 4046
3024 3054
3024 3038
3024 4047
3024 3055
3024 3039
3025 4049
3025 3057
3025 3033
3025 3029
3025 3027
3025 3026
3025 3537
3025 3793
3025 3921
3025 3985
3025 4033
3025 3041
3026 4050
3026 3058
3026 3034
3026 3030
3026 3028
3026 3538
3026 3794
3026 3922
3026 3986
3026 4034
3026 3042
3026 4049
3026 3057
3026 3033
3026 3029
3026 3027
3027 4051
3027 3059
3027 3035
3027 3031
3027 3028
3027 3539
3027 3795
3027 3923
3027 3987
3027 4035
3027 3043
3027 4049
3027 3057
3027 3033
3027 3029
3028 4052
3028 3060
3028 3036
3028 3032
3028 3540
3028 3796
3028 3924
3028 3988
3028 4036
3028 3044
3028 4050
3028 3058
3028 3034
3028 3030
3028 4051
3028 3059
3028 3035
3028 3031
3029 4053
3029 3061
3029 3037
3029 3031
3029 3030
3029 3541
3029 3797
3029 3925
3029 3989
3029 4037
3029 3045
3029 4049
3029 3057
3029 3033
3030 4054
3030 3062
3030 3038
3030 3032
3030 3542
3030 3798
3030 3926
3030 3990
3030 4038
3030 3046
3030 4050
3030 3058
3030 3034
3030 4053
3030 3061
3030 3037
3030 3031
3031 4055
3031 3063
3031 3039
3031 3032
3031 3543
3031 3799
3031 3927
3031 3991
3031 4039
3031 3047
3031 4051
3031 3059
3031 3035
3031 4053
3031 3061
3031 3037
3032 4056
3032 3064
3032 3040
3032 3544
3032 3800
3032 3928
3032 3992
3032 4040
3032 3048
3032 4052
3032 3060
3032 3036
3032 4054
3032 3062
3032 3038
3032 4055
3032 3063
3032 3039
3033 4057
3033 3065
3033 3037
3033 3035
3033 3034
3033 3545
3033 3801
3033 3929
3033 3993
3033 4041
3033 3049
3033 4049
3033 3057
3034 4058
3034 3066
3034 3038
3034 3036
3034 3546
3034 3802
3034 3930
3034 3994
3034 4042
3034 3050
3034 4050
3034 3058
3034 4057
3034 3065
3034 3037
3034 3035
3035 4059
3035 3067
3035 3039
3035 3036
3035 3547
3035 3803
3035 3931
3035 3995
3035 4043
3035 3051
3035 4051
3035 3059
3035 4057
3035 3065
3035 3037
3036 4060
3036 3068
3036 3040
3036 3548
3036 3804
3036 3932
3036 3996
3036 4044
3036 3052
3036 4052
3036 3060
3036 4058
3036 3066
3036 3038
3036 4059
3036 3067
3036 3039
3037 4061
3037 3069
3037 3039
3037 3038
3037 3549
3037 3805
3037 3933
3037 3997
3037 4045
3037 3053
3037 4053
3037 3061
3037 4057
3037 3065
3038 4062
3038 3070
3038 3040
3038 3550
3038 3806
3038 3934
3038 3998
3038 4046
3038 3054
3038 4054
3038 3062
3038 4058
3038 3066
3038 4061
3038 3069
3038 3039
3039 4063
3039 3071
3039 3040
3039 3551
3039 3807
3039 3935
3039 3999
3039 4047
3039 3055
3039 4055
3039 3063
3039 4059
3039 3067
3039 4061
3039 3069
3040 4064
3040 3072
3040 3552
3040 3808
3040 3936
3040 4000
3040 4048
3040 3056
3040 4056
3040 3064
3040 4060
3040 3068
3040 4062
3040 3070
3040 4063
3040 3071
3041 4065
3041 3057
3041 3049
3041 3045
3041 3043
3041 3042
3041 3553
3041 3809
3041 3937
3041 4001
3041 4033
3042 4066
3042 3058
3042 3050
3042 3046
3042 3044
3042 3554
3042 3810
3042 3938
3042 4002
3042 4034
3042 4065
3042 3057
3042 3049
3042 3045
3042 3043
3043 4067
3043 3059
3043 3051
3043 3047
3043 3044
3043 3555
3043 3811
3043 3939
3043 4003
3043 4035
3043 4065
3043 3057
3043 3049
3043 3045
3044 4068
3044 3060
3044 3052
3044 3048
3044 3556
3044 3812
3044 3940
3044 4004
3044 4036
3044 4066
3044 3058
3044 3050
3044 3046
3044 4067
3044 3059
3044 3051
3044 3047
3045 4069
3045 3061
3045 3053
3045 3047
3045 3046
3045 3557
3045 3813
3045 3941
3045 4005
3045 4037
3045 4065
3045 3057
3045 3049
3046 4070
3046 3062
3046 3054
3046 3048
3046 3558
3046 3814
3046 3942
3046 4006
3046 4038
3046 4066
3046 3058
3046 3050
3046 4069
3046 3061
3046 3053
3046 3047
3047 4071
3047 3063
3047 3055
3047 3048
3047 3559
3047 3815
3047 3943
3047 4007
3047 4039
3047 4067
3047 3059
3047 3051
3047 4069
3047 3061
3047 3053
3048 4072
3048 3064
3048 3056
3048 3560
3048 3816
3048 3944
3048 4008
3048 4040
3048 4068
3048 3060
3048 3052
3048 4070
3048 3062
3048 3054
3048 4071
3048 3063
3048 3055
3049 4073
3049 3065
3049 3053
3049 3051
3049 3050
3049 3561
3049 3817
3049 3945
3049 4009
3049 4041
3049 4065
3049 3057
3050 4074
3050 3066
3050 3054
3050 3052
3050 3562
3050 3818
3050 3946
3050 4010
3050 4042
3050 4066
3050 3058
3050 4073
3050 3065
3050 3053
3050 3051
3051 4075
3051 3067
3051 3055
3051 3052
3051 3563
3051 3819
3051 3947
3051 4011
3051 4043
3051 4067
3051 3059
3051 4073
3051 3065
3051 3053
3052 4076
3052 3068
3052 3056
3052 3564
3052 3820
3052 3948
3052 4012
3052 4044
3052 4068
3052 3060
3052 4074
3052 3066
3052 3054
3052 4075
3052 3067
3052 3055
3053 4077
3053 3069
3053 3055
3053 3054
3053 3565
3053 3821
3053 3949
3053 4013
3053 4045
3053 4069
3053 3061
3053 4073
3053 3065
3054 4078
3054 3070
3054 3056
3054 3566
3054 3822
3054 3950
3054 4014
3054 4046
3054 4070
3054 3062
3054 4074
3054 3066
3054 4077
3054 3069
3054 3055
3055 4079
3055 3071
3055 3056
3055 3567
3055 3823
3055 3951
3055 4015
3055 4047
3055 4071
3055 3063
3055 4075
3055 3067
3055 4077
3055 3069
3056 4080
3056 3072
3056 3568
3056 3824
3056 3952
3056 4016
3056 4048
3056 4072
3056 3064
3056 4076
3056 3068
3056 4078
3056 3070
3056 4079
3056 3071
3057 4081
3057 3065
3057 3061
3057 3059
3057 3058
3057 3569
3057 3825
3057 3953
3057 4017
3057 4049
3057 4065
3058 4082
3058 3066
3058 3062
3058 3060
3058 3570
3058 3826
3058 3954
3058 4018
3058 4050
3058 4066
3058 4081
3058 3065
3058 3061
3058 3059
3059 4083
3059 3067
3059 3063
3059 3060
3059 3571
3059 3827
3059 3955
3059 4019
3059 4051
3059 4067
3059 4081
3059 3065
3059 3061
3060 4084
3060 3068
3060 3064
3060 3572
3060 3828
3060 3956
3060 4020
3060 4052
3060 4068
3060 4082
3060 3066
3060 3062
3060 4083
3060 3067
3060 3063
3061 4085
3061 3069
3061 3063
3061 3062
3061 3573
3061 3829
3061 3957
3061 4021
3061 4053
3061 4069
3061 4081
3061 3065
3062 4086
3062 3070
3062 3064
3062 3574
3062 3830
3062 3958
3062 4022
3062 4054
3062 4070
3062 4082
3062 3066
3062 4085
3062 3069
3062 3063
3063 4087
3063 3071
3063 3064
3063 3575
3063 3831
3063 3959
3063 4023
3063 4055
3063 4071
3063 4083
3063 3067
3063 4085
3063 3069
3064 4088
3064 3072
3064 3576
3064 3832
3064 3960
3064 4024
3064 4056
3064 4072
3064 4084
3064 3068
3064 4086
3064 3070
3064 4087
3064 3071
3065 4089
3065 3069
3065 3067
3065 3066
3065 3577
3065 3833
3065 3961
3065 4025
3065 4057
3065 4073
3065 4081
3066 4090
3066 3070
3066 3068
3066 3578
3066 3834
3066 3962
3066 4026
3066 4058
3066 4074
3066 4082
3066 4089
3066 3069
3066 3067
3067 4091
3067 3071
3067 3068
3067 3579
3067 3835
3067 3963
3067 4027
3067 4059
3067 4075
3067 4083
3067 4089
3067 3069
3068 4092
3068 3072
3068 3580
3068 3836
3068 3964
3068 4028
3068 4060
3068 4076
3068 4084
3068 4090
3068 3070
3068 4091
3068 3071
3069 4093
3069 3071
3069 3070
3069 3581
3069 3837
3069 3965
3069 4029
3069 4061
3069 4077
3069 4085
3069 4089
3070 4094
3070 3072
3070 3582
3070 3838
3070 3966
3070 4030
3070 4062
3070 4078
3070 4086
3070 4090
3070 4093
3070 3071
3071 4095
3071 3072
3071 3583
3071 3839
3071 3967
3071 4031
3071 4063
3071 4079
3071 4087
3071 4091
3071 4093
3072 4096
3072 3584
3072 3840
3072 3968
3072 4032
3072 4064
3072 4080
3072 4088
3072 4092
3072 4094
3072 4095
3073 3585
3073 3329
3073 3201
3073 3137
3073 3105
3073 3089
3073 3081
3073 3077
3073 3075
3073 3074
3074 3586
3074 3330
3074 3202
3074 3138
3074 3106
3074 3090
3074 3082
3074 3078
3074 3076
3074 3585
3074 3329
3074 3201
3074 3137
3074 3105
3074 3089
3074 3081
3074 3077
3074 3075
3075 3587
3075 3331
3075 3203
3075 3139
3075 3107
3075 3091
3075 3083
3075 3079
3075 3076
3075 3585
3075 3329
3075 3201
3075 3137
3075 3105
3075 3089
3075 3081
3075 3077
3076 3588
3076 3332
3076 3204
3076 3140
3076 3108
3076 3092
3076 3084
3076 3080
3076 3586
3076 3330
3076 3202
3076 3138
3076 3106
3076 3090
3076 3082
3076 3078
3076 3587
3076 3331
3076 3203
3076 3139
3076 3107
3076 3091
3076 3083
3076 3079
3077 3589
3077 3333
3077 3205
3077 3141
3077 3109
3077 3093
3077 3085
3077 3079
3077 3078
3077 3585
3077 3329
3077 3201
3077 3137
3077 3105
3077 3089
3077 3081
3078 3590
3078 3334
3078 3206
3078 3142
3078 3110
3078 3094
3078 3086
3078 3080
3078 3586
3078 3330
3078 3202
3078 3138
3078 3106
3078 3090
3078 3082
3078 3589
3078 3333
3078 3205
3078 3141
3078 3109
3078 3093
3078 3085
3078 3079
3079 3591
3079 3335
3079 3207
3079 3143
3079 3111
3079 3095
3079 3087
3079 3080
3079 3587
3079 3331
3079 3203
3079 3139
3079 3107
3079 3091
3079 3083
3079 3589
3079 3333
3079 3205
3079 3141
3079 3109
3079 3093
3079 3085
3080 3592
3080 3336
3080 3208
3080 3144
3080 3112
3080 3096
3080 3088
3080 3588
3080 3332
3080 3204
3080 3140
3080 3108
3080 3092
3080 3084
3080 3590
3080 3334
3080 3206
3080 3142
3080 3110
3080 3094
3080 3086
3080 3591
3080 3335
3080 3207
3080 3143
3080 3111
3080 3095
3080 3087
3081 3593
3081 3337
3081 3209
3081 3145
3081 3113
3081 3097
3081 3085
3081 3083
3081 3082
3081 3585
3081 3329
3081 3201
3081 3137
3081 3105
3081 3089
3082 3594
3082 3338
3082 3210
3082 3146
3082 3114
3082 3098
3082 3086
3082 3084
3082 3586
3082 3330
3082 3202
3082 3138
3082 3106
3082 3090
3082 3593
3082 3337
3082 3209
3082 3145
3082 3113
3082 3097
3082 3085
3082 3083
3083 3595
3083 3339
3083 3211
3083 3147
3083 3115
3083 3099
3083 3087
3083 3084
3083 3587
3083 3331
3083 3203
3083 3139
3083 3107
3083 3091
3083 3593
3083 3337
3083 3209
3083 3145
3083 3113
3083 3097
3083 3085
3084 3596
3084 3340
3084 3212
3084 3148
3084 3116
3084 3100
3084 3088
3084 3588
3084 3332
3084 3204
3084 3140
3084 3108
3084 3092
3084 3594
3084 3338
3084 3210
3084 3146
3084 3114
3084 3098
3084 3086
3084 3595
3084 3339
3084 3211
3084 3147
3084 3115
3084 3099
3084 3087
3085 3597
3085 3341
3085 3213
3085 3149
3085 3117
3085 3101
3085 3087
3085 3086
3085 3589
3085 3333
3085 3205
3085 3141
3085 3109
3085 3093
3085 3593
3085 3337
3085 3209
3085 3145
3085 3113
3085 3097
3086 3598
3086 3342
3086 3214
3086 3150
3086 3118
3086 3102
3086 3088
3086 3590
3086 3334
3086 3206
3086 3142
3086 3110
3086 3094
3086 3594
3086 3338
3086 3210
3086 3146
3086 3114
3086 3098
3086 3597
3086 3341
3086 3213
3086 3149
3086 3117
3086 3101
3086 3087
3087 3599
3087 3343
3087 3215
3087 3151
3087 3119
3087 3103
3087 3088
3087 3591
3087 3335
3087 3207
3087 3143
3087 3111
3087 3095
3087 3595
3087 3339
3087 3211
3087 3147
3087 3115
3087 3099
3087 3597
3087 3341
3087 3213
3087 3149
3087 3117
3087 3101
3088 3600
3088 3344
3088 3216
3088 3152
3088 3120
3088 3104
3088 3592
3088 3336
3088 3208
3088 3144
3088 3112
3088 3096
3088 3596
3088 3340
3088 3212
3088 3148
3088 3116
3088 3100
3088 3598
3088 3342
3088 3214
3088 3150
3088 3118
3088 3102
3088 3599
3088 3343
3088 3215
3088 3151
3088 3119
3088 3103
3089 3601
3089 3345
3089 3217
3089 3153
3089 3121
3089 3097
3089 3093
3089 3091
3089 3090
3089 3585
3089 3329
3089 3201
3089 3137
3089 3105
3090 3602
3090 3346
3090 3218
3090 3154
3090 3122
3090 3098
3090 3094
3090 3092
3090 3586
3090 3330
3090 3202
3090 3138
3090 3106
3090 3601
3090 3345
3090 3217
3090 3153
3090 3121
3090 3097
3090 3093
3090 3091
3091 3603
3091 3347
3091 3219
3091 3155
3091 3123
3091 3099
3091 3095
3091 3092
3091 3587
3091 3331
3091 3203
3091 3139
3091 3107
3091 3601
3091 3345
3091 3217
3091 3153
3091 3121
3091 3097
3091 3093
3092 3604
3092 3348
3092 3220
3092 3156
3092 3124
3092 3100
3092 3096
3092 3588
3092 3332
3092 3204
3092 3140
3092 3108
3092 3602
3092 3346
3092 3218
3092 3154
3092 3122
3092 3098
3092 3094
3092 3603
3092 3347
3092 3219
3092 3155
3092 3123
3092 3099
3092 3095
3093 3605
3093 3349
3093 3221
3093 3157
3093 3125
3093 3101
3093 3095
3093 3094
3093 3589
3093 3333
3093 3205
3093 3141
3093 3109
3093 3601
3093 3345
3093 3217
3093 3153
3093 3121
3093 3097
3094 3606
3094 3350
3094 3222
3094 3158
3094 3126
3094 3102
3094 3096
3094 3590
3094 3334
3094 3206
3094 3142
3094 3110
3094 3602
3094 3346
3094 3218
3094 3154
3094 3122
3094 3098
3094 3605
3094 3349
3094 3221
3094 3157
3094 3125
3094 3101
3094 3095
3095 3607
3095 3351
3095 3223
3095 3159
3095 3127
3095 3103
3095 3096
3095 3591
3095 3335
3095 3207
3095 3143
3095 3111
3095 3603
3095 3347
3095 3219
3095 3155
3095 3123
3095 3099
3095 3605
3095 3349
3095 3221
3095 3157
3095 3125
3095 3101
3096 3608
3096 3352
3096 3224
3096 3160
3096 3128
3096 3104
3096 3592
3096 3336
3096 3208
3096 3144
3096 3112
3096 3604
3096 3348
3096 3220
3096 3156
3096 3124
3096 3100
3096 3606
3096 3350
3096 3222
3096 3158
3096 3126
3096 3102
3096 3607
3096 3351
3096 3223
3096 3159
3096 3127
3096 3103
3097 3609
3097 3353
3097 3225
3097 3161
3097 3129
3097 3101
3097 3099
3097 3098
3097 3593
3097 3337
3097 3209
3097 3145
3097 3113
3097 3601
3097 3345
3097 3217
3097 3153
3097 3121
3098 3610
3098 3354
3098 3226
3098 3162
3098 3130
3098 3102
3098 3100
3098 3594
3098 3338
3098 3210
3098 3146
3098 3114
3098 3602
3098 3346
3098 3218
3098 3154
3098 3122
3098 3609
3098 3353
3098 3225
3098 3161
3098 3129
3098 3101
3098 3099
3099 3611
3099 3355
3099 3227
3099 3163
3099 3131
3099 3103
3099 3100
3099 3595
3099 3339
3099 3211
3099 3147
3099 3115
3099 3603
3099 3347
3099 3219
3099 3155
3099 3123
3099 3609
3099 3353
3099 3225
3099 3161
3099 3129
3099 3101
3100 3612
3100 3356
3100 3228
3100 3164
3100 3132
3100 3104
3100 3596
3100 3340
3100 3212
3100 3148
3100 3116
3100 3604
3100 3348
3100 3220
3100 3156
3100 3124
3100 3610
3100 3354
3100 3226
3100 3162
3100 3130
3100 3102
3100 3611
3100 3355
3100 3227
3100 3163
3100 3131
3100 3103
3101 3613
3101 3357
3101 3229
3101 3165
3101 3133
3101 3103
3101 3102
3101 3597
3101 3341
3101 3213
3101 3149
3101 3117
3101 3605
3101 3349
3101 3221
3101 3157
3101 3125
3101 3609
3101 3353
3101 3225
3101 3161
3101 3129
3102 3614
3102 3358
3102 3230
3102 3166
3102 3134
3102 3104
3102 3598
3102 3342
3102 3214
3102 3150
3102 3118
3102 3606
3102 3350
3102 3222
3102 3158
3102 3126
3102 3610
3102 3354
3102 3226
3102 3162
3102 3130
3102 3613
3102 3357
3102 3229
3102 3165
3102 3133
3102 3103
3103 3615
3103 3359
3103 3231
3103 3167
3103 3135
3103 3104
3103 3599
3103 3343
3103 3215
3103 3151
3103 3119
3103 3607
3103 3351
3103 3223
3103 3159
3103 3127
3103 3611
3103 3355
3103 3227
3103 3163
3103 3131
3103 3613
3103 3357
3103 3229
3103 3165
3103 3133
3104 3616
3104 3360
3104 3232
3104 3168
3104 3136
3104 3600
3104 3344
3104 3216
3104 3152
3104 3120
3104 3608
3104 3352
3104 3224
3104 3160
3104 3128
3104 3612
3104 3356
3104 3228
3104 3164
3104 3132
3104 3614
3104 3358
3104 3230
3104 3166
3104 3134
3104 3615
3104 3359
3104 3231
3104 3167
3104 3135
3105 3617
3105 3361
3105 3233
3105 3169
3105 3121
3105 3113
3105 3109
3105 3107
3105 3106
3105 3585
3105 3329
3105 3201
3105 3137
3106 3618
3106 3362
3106 3234
3106 3170
3106 3122
3106 3114
3106 3110
3106 3108
3106 3586
3106 3330
3106 3202
3106 3138
3106 3617
3106 3361
3106 3233
3106 3169
3106 3121
3106 3113
3106 3109
3106 3107
3107 3619
3107 3363
3107 3235
3107 3171
3107 3123
3107 3115
3107 3111
3107 3108
3107 3587
3107 3331
3107 3203
3107 3139
3107 3617
3107 3361
3107 3233
3107 3169
3107 3121
3107 3113
3107 3109
3108 3620
3108 3364
3108 3236
3108 3172
3108 3124
3108 3116
3108 3112
3108 3588
3108 3332
3108 3204
3108 3140
3108 3618
3108 3362
3108 3234
3108 3170
3108 3122
3108 3114
3108 3110
3108 3619
3108 3363
3108 3235
3108 3171
3108 3123
3108 3115
3108 3111
3109 3621
3109 3365
3109 3237
3109 3173
3109 3125
3109 3117
3109 3111
3109 3110
3109 3589
3109 3333
3109 3205
3109 3141
3109 3617
3109 3361
3109 3233
3109 3169
3109 3121
3109 3113
3110 3622
3110 3366
3110 3238
3110 3174
3110 3126
3110 3118
3110 3112
3110 3590
3110 3334
3110 3206
3110 3142
3110 3618
3110 3362
3110 3234
3110 3170
3110 3122
3110 3114
3110 3621
3110 3365
3110 3237
3110 3173
3110 3125
3110 3117
3110 3111
3111 3623
3111 3367
3111 3239
3111 3175
3111 3127
3111 3119
3111 3112
3111 3591
3111 3335
3111 3207
3111 3143
3111 3619
3111 3363
3111 3235
3111 3171
3111 3123
3111 3115
3111 3621
3111 3365
3111 3237
3111 3173
3111 3125
3111 3117
3112 3624
3112 3368
3112 3240
3112 3176
3112 3128
3112 3120
3112 3592
3112 3336
3112 3208
3112 3144
3112 3620
3112 3364
3112 3236
3112 3172
3112 3124
3112 3116
3112 3622
3112 3366
3112 3238
3112 3174
3112 3126
3112 3118
3112 3623
3112 3367
3112 3239
3112 3175
3112 3127
3112 3119
3113 3625
3113 3369
3113 3241
3113 3177
3113 3129
3113 3117
3113 3115
3113 3114
3113 3593
3113 3337
3113 3209
3113 3145
3113 3617
3113 3361
3113 3233
3113 3169
3113 3121
3114 3626
3114 3370
3114 3242
3114 3178
3114 3130
3114 3118
3114 3116
3114 3594
3114 3338
3114 3210
3114 3146
3114 3618
3114 3362
3114 3234
3114 3170
3114 3122
3114 3625
3114 3369
3114 3241
3114 3177
3114 3129
3114 3117
3114 3115
3115 3627
3115 3371
3115 3243
3115 3179
3115 3131
3115 3119
3115 3116
3115 3595
3115 3339
3115 3211
3115 3147
3115 3619
3115 3363
3115 3235
3115 3171
3115 3123
3115 3625
3115 3369
3115 3241
3115 3177
3115 3129
3115 3117
3116 3628
3116 3372
3116 3244
3116 3180
3116 3132
3116 3120
3116 3596
3116 3340
3116 3212
3116 3148
3116 3620
3116 3364
3116 3236
3116 3172
3116 3124
3116 3626
3116 3370
3116 3242
3116 3178
3116 3130
3116 3118
3116 3627
3116 3371
3116 3243
3116 3179
3116 3131
3116 3119
3117 3629
3117 3373
3117 3245
3117 3181
3117 3133
3117 3119
3117 3118
3117 3597
3117 3341
3117 3213
3117 3149
3117 3621
3117 3365
3117 3237
3117 3173
3117 3125
3117 3625
3117 3369
3117 3241
3117 3177
3117 3129
3118 3630
3118 3374
3118 3246
3118 3182
3118 3134
3118 3120
3118 3598
3118 3342
3118 3214
3118 3150
3118 3622
3118 3366
3118 3238
3118 3174
3118 3126
3118 3626
3118 3370
3118 3242
3118 3178
3118 3130
3118 3629
3118 3373
3118 3245
3118 3181
3118 3133
3118 3119
3119 3631
3119 3375
3119 3247
3119 3183
3119 3135
3119 3120
3119 3599
3119 3343
3119 3215
3119 3151
3119 3623
3119 3367
3119 3239
3119 3175
3119 3127
3119 3627
3119 3371
3119 3243
3119 3179
3119 3131
3119 3629
3119 3373
3119 3245
3119 3181
3119 3133
3120 3632
3120 3376
3120 3248
3120 3184
3120 3136
3120 3600
3120 3344
3120 3216
3120 3152
3120 3624
3120 3368
3120 3240
3120 3176
3120 3128
3120 3628
3120 3372
3120 3244
3120 3180
3120 3132
3120 3630
3120 3374
3120 3246
3120 3182
3120 3134
3120 3631
3120 3375
3120 3247
3120 3183
3120 3135
3121 3633
3121 3377
3121 3249
3121 3185
3121 3129
3121 3125
3121 3123
3121 3122
3121 3601
3121 3345
3121 3217
3121 3153
3121 3617
3121 3361
3121 3233
3121 3169
3122 3634
3122 3378
3122 3250
3122 3186
3122 3130
3122 3126
3122 3124
3122 3602
3122 3346
3122 3218
3122 3154
3122 3618
3122 3362
3122 3234
3122 3170
3122 3633
3122 3377
3122 3249
3122 3185
3122 3129
3122 3125
3122 3123
3123 3635
3123 3379
3123 3251
3123 3187
3123 3131
3123 3127
3123 3124
3123 3603
3123 3347
3123 3219
3123 3155
3123 3619
3123 3363
3123 3235
3123 3171
3123 3633
3123 3377
3123 3249
3123 3185
3123 3129
3123 3125
3124 3636
3124 3380
3124 3252
3124 3188
3124 3132
3124 3128
3124 3604
3124 3348
3124 3220
3124 3156
3124 3620
3124 3364
3124 3236
3124 3172
3124 3634
3124 3378
3124 3250
3124 3186
3124 3130
3124 3126
3124 3635
3124 3379
3124 3251
3124 3187
3124 3131
3124 3127
3125 3637
3125 3381
3125 3253
3125 3189
3125 3133
3125 3127
3125 3126
3125 3605
3125 3349
3125 3221
3125 3157
3125 3621
3125 3365
3125 3237
3125 3173
3125 3633
3125 3377
3125 3249
3125 3185
3125 3129
3126 3638
3126 3382
3126 3254
3126 3190
3126 3134
3126 3128
3126 3606
3126 3350
3126 3222
3126 3158
3126 3622
3126 3366
3126 3238
3126 3174
3126 3634
3126 3378
3126 3250
3126 3186
3126 3130
3126 3637
3126 3381
3126 3253
3126 3189
3126 3133
3126 3127
3127 3639
3127 3383
3127 3255
3127 3191
3127 3135
3127 3128
3127 3607
3127 3351
3127 3223
3127 3159
3127 3623
3127 3367
3127 3239
3127 3175
3127 3635
3127 3379
3127 3251
3127 3187
3127 3131
3127 3637
3127 3381
3127 3253
3127 3189
3127 3133
3128 3640
3128 3384
3128 3256
3128 3192
3128 3136
3128 3608
3128 3352
3128 3224
3128 3160
3128 3624
3128 3368
3128 3240
3128 3176
3128 3636
3128 3380
3128 3252
3128 3188
3128 3132
3128 3638
3128 3382
3128 3254
3128 3190
3128 3134
3128 3639
3128 3383
3128 3255
3128 3191
3128 3135
3129 3641
3129 3385
3129 3257
3129 3193
3129 3133
3129 3131
3129 3130
3129 3609
3129 3353
3129 3225
3129 3161
3129 3625
3129 3369
3129 3241
3129 3177
3129 3633
3129 3377
3129 3249
3129 3185
3130 3642
3130 3386
3130 3258
3130 3194
3130 3134
3130 3132
3130 3610
3130 3354
3130 3226
3130 3162
3130 3626
3130 3370
3130 3242
3130 3178
3130 3634
3130 3378
3130 3250
3130 3186
3130 3641
3130 3385
3130 3257
3130 3193
3130 3133
3130 3131
3131 3643
3131 3387
3131 3259
3131 3195
3131 3135
3131 3132
3131 3611
3131 3355
3131 3227
3131 3163
3131 3627
3131 3371
3131 3243
3131 3179
3131 3635
3131 3379
3131 3251
3131 3187
3131 3641
3131 3385
3131 3257
3131 3193
3131 3133
3132 3644
3132 3388
3132 3260
3132 3196
3132 3136
3132 3612
3132 3356
3132 3228
3132 3164
3132 3628
3132 3372
3132 3244
3132 3180
3132 3636
3132 3380
3132 3252
3132 3188
3132 3642
3132 3386
3132 3258
3132 3194
3132 3134
3132 3643
3132 3387
3132 3259
3132 3195
3132 3135
3133 3645
3133 3389
3133 3261
3133 3197
3133 3135
3133 3134
3133 3613
3133 3357
3133 3229
3133 3165
3133 3629
3133 3373
3133 3245
3133 3181
3133 3637
3133 3381
3133 3253
3133 3189
3133 3641
3133 3385
3133 3257
3133 3193
3134 3646
3134 3390
3134 3262
3134 3198
3134 3136
3134 3614
3134 3358
3134 3230
3134 3166
3134 3630
3134 3374
3134 3246
3134 3182
3134 3638
3134 3382
3134 3254
3134 3190
3134 3642
3134 3386
3134 3258
3134 3194
3134 3645
3134 3389
3134 3261
3134 3197
3134 3135
3135 3647
3135 3391
3135 3263
3135 3199
3135 3136
3135 3615
3135 3359
3135 3231
3135 3167
3135 3631
3135 3375
3135 3247
3135 3183
3135 3639
3135 3383
3135 3255
3135 3191
3135 3643
3135 3387
3135 3259
3135 3195
3135 3645
3135 3389
3135 3261
3135 3197
3136 3648
3136 3392
3136 3264
3136 3200
3136 3616
3136 3360
3136 3232
3136 3168
3136 3632
3136 3376
3136 3248
3136 3184
3136 3640
3136 3384
3136 3256
3136 3192
3136 3644
3136 3388
3136 3260
3136 3196
3136 3646
3136 3390
3136 3262
3136 3198
3136 3647
3136 3391
3136 3263
3136 3199
3137 3649
3137 3393
3137 3265
3137 3169
3137 3153
3137 3145
3137 3141
3137 3139
3137 3138
3137 3585
3137 3329
3137 3201
3138 3650
3138 3394
3138 3266
3138 3170
3138 3154
3138 3146
3138 3142
3138 3140
3138 3586
3138 3330
3138 3202
3138 3649
3138 3393
3138 3265
3138 3169
3138 3153
3138 3145
3138 3141
3138 3139
3139 3651
3139 3395
3139 3267
3139 3171
3139 3155
3139 3147
3139 3143
3139 3140
3139 3587
3139 3331
3139 3203
3139 3649
3139 3393
3139 3265
3139 3169
3139 3153
3139 3145
3139 3141
3140 3652
3140 3396
3140 3268
3140 3172
3140 3156
3140 3148
3140 3144
3140 3588
3140 3332
3140 3204
3140 3650
3140 3394
3140 3266
3140 3170
3140 3154
3140 3146
3140 3142
3140 3651
3140 3395
3140 3267
3140 3171
3140 3155
3140 3147
3140 3143
3141 3653
3141 3397
3141 3269
3141 3173
3141 3157
3141 3149
3141 3143
3141 3142
3141 3589
3141 3333
3141 3205
3141 3649
3141 3393
3141 3265
3141 3169
3141 3153
3141 3145
3142 3654
3142 3398
3142 3270
3142 3174
3142 3158
3142 3150
3142 3144
3142 3590
3142 3334
3142 3206
3142 3650
3142 3394
3142 3266
3142 3170
3142 3154
3142 3146
3142 3653
3142 3397
3142 3269
3142 3173
3142 3157
3142 3149
3142 3143
3143 3655
3143 3399
3143 3271
3143 3175
3143 3159
3143 3151
3143 3144
3143 3591
3143 3335
3143 3207
3143 3651
3143 3395
3143 3267
3143 3171
3143 3155
3143 3147
3143 3653
3143 3397
3143 3269
3143 3173
3143 3157
3143 3149
3144 3656
3144 3400
3144 3272
3144 3176
3144 3160
3144 3152
3144 3592
3144 3336
3144 3208
3144 3652
3144 3396
3144 3268
3144 3172
3144 3156
3144 3148
3144 3654
3144 3398
3144 3270
3144 3174
3144 3158
3144 3150
3144 3655
3144 3399
3144 3271
3144 3175
3144 3159
3144 3151
3145 3657
3145 3401
3145 3273
3145 3177
3145 3161
3145 3149
3145 3147
3145 3146
3145 3593
3145 3337
3145 3209
3145 3649
3145 3393
3145 3265
3145 3169
3145 3153
3146 3658
3146 3402
3146 3274
3146 3178
3146 3162
3146 3150
3146 3148
3146 3594
3146 3338
3146 3210
3146 3650
3146 3394
3146 3266
3146 3170
3146 3154
3146 3657
3146 3401
3146 3273
3146 3177
3146 3161
3146 3149
3146 3147
3147 3659
3147 3403
3147 3275
3147 3179
3147 3163
3147 3151
3147 3148
3147 3595
3147 3339
3147 3211
3147 3651
3147 3395
3147 3267
3147 3171
3147 3155
3147 3657
3147 3401
3147 3273
3147 3177
3147 3161
3147 3149
3148 3660
3148 3404
3148 3276
3148 3180
3148 3164
3148 3152
3148 3596
3148 3340
3148 3212
3148 3652
3148 3396
3148 3268
3148 3172
3148 3156
3148 3658
3148 3402
3148 3274
3148 3178
3148 3162
3148 3150
3148 3659
3148 3403
3148 3275
3148 3179
3148 3163
3148 3151
3149 3661
3149 3405
3149 3277
3149 3181
3149 3165
3149 3151
3149 3150
3149 3597
3149 3341
3149 3213
3149 3653
3149 3397
3149 3269
3149 3173
3149 3157
3149 3657
3149 3401
3149 3273
3149 3177
3149 3161
3150 3662
3150 3406
3150 3278
3150 3182
3150 3166
3150 3152
3150 3598
3150 3342
3150 3214
3150 3654
3150 3398
3150 3270
3150 3174
3150 3158
3150 3658
3150 3402
3150 3274
3150 3178
3150 3162
3150 3661
3150 3405
3150 3277
3150 3181
3150 3165
3150 3151
3151 3663
3151 3407
3151 3279
3151 3183
3151 3167
3151 3152
3151 3599
3151 3343
3151 3215
3151 3655
3151 3399
3151 3271
3151 3175
3151 3159
3151 3659
3151 3403
3151 3275
3151 3179
3151 3163
3151 3661
3151 3405
3151 3277
3151 3181
3151 3165
3152 3664
3152 3408
3152 3280
3152 3184
3152 3168
3152 3600
3152 3344
3152 3216
3152 3656
3152 3400
3152 3272
3152 3176
3152 3160
3152 3660
3152 3404
3152 3276
3152 3180
3152 3164
3152 3662
3152 3406
3152 3278
3152 3182
3152 3166
3152 3663
3152 3407
3152 3279
3152 3183
3152 3167
3153 3665
3153 3409
3153 3281
3153 3185
3153 3161
3153 3157
3153 3155
3153 3154
3153 3601
3153 3345
3153 3217
3153 3649
3153 3393
3153 3265
3153 3169
3154 3666
3154 3410
3154 3282
3154 3186
3154 3162
3154 3158
3154 3156
3154 3602
3154 3346
3154 3218
3154 3650
3154 3394
3154 3266
3154 3170
3154 3665
3154 3409
3154 3281
3154 3185
3154 3161
3154 3157
3154 3155
3155 3667
3155 3411
3155 3283
3155 3187
3155 3163
3155 3159
3155 3156
3155 3603
3155 3347
3155 3219
3155 3651
3155 3395
3155 3267
3155 3171
3155 3665
3155 3409
3155 3281
3155 3185
3155 3161
3155 3157
3156 3668
3156 3412
3156 3284
3156 3188
3156 3164
3156 3160
3156 3604
3156 3348
3156 3220
3156 3652
3156 3396
3156 3268
3156 3172
3156 3666
3156 3410
3156 3282
3156 3186
3156 3162
3156 3158
3156 3667
3156 3411
3156 3283
3156 3187
3156 3163
3156 3159
3157 3669
3157 3413
3157 3285
3157 3189
3157 3165
3157 3159
3157 3158
3157 3605
3157 3349
3157 3221
3157 3653
3157 3397
3157 3269
3157 3173
3157 3665
3157 3409
3157 3281
3157 3185
3157 3161
3158 3670
3158 3414
3158 3286
3158 3190
3158 3166
3158 3160
3158 3606
3158 3350
3158 3222
3158 3654
3158 3398
3158 3270
3158 3174
3158 3666
3158 3410
3158 3282
3158 3186
3158 3162
3158 3669
3158 3413
3158 3285
3158 3189
3158 3165
3158 3159
3159 3671
3159 3415
3159 3287
3159 3191
3159 3167
3159 3160
3159 3607
3159 3351
3159 3223
3159 3655
3159 3399
3159 3271
3159 3175
3159 3667
3159 3411
3159 3283
3159 3187
3159 3163
3159 3669
3159 3413
3159 3285
3159 3189
3159 3165
3160 3672
3160 3416
3160 3288
3160 3192
3160 3168
3160 3608
3160 3352
3160 3224
3160 3656
3160 3400
3160 3272
3160 3176
3160 3668
3160 3412
3160 3284
3160 3188
3160 3164
3160 3670
3160 3414
3160 3286
3160 3190
3160 3166
3160 3671
3160 3415
3160 3287
3160 3191
3160 3167
3161 3673
3161 3417
3161 3289
3161 3193
3161 3165
3161 3163
3161 3162
3161 3609
3161 3353
3161 3225
3161 3657
3161 3401
3161 3273
3161 3177
3161 3665
3161 3409
3161 3281
3161 3185
3162 3674
3162 3418
3162 3290
3162 3194
3162 3166
3162 3164
3162 3610
3162 3354
3162 3226
3162 3658
3162 3402
3162 3274
3162 3178
3162 3666
3162 3410
3162 3282
3162 3186
3162 3673
3162 3417
3162 3289
3162 3193
3162 3165
3162 3163
3163 3675
3163 3419
3163 3291
3163 3195
3163 3167
3163 3164
3163 3611
3163 3355
3163 3227
3163 3659
3163 3403
3163 3275
3163 3179
3163 3667
3163 3411
3163 3283
3163 3187
3163 3673
3163 3417
3163 3289
3163 3193
3163 3165
3164 3676
3164 3420
3164 3292
3164 3196
3164 3168
3164 3612
3164 3356
3164 3228
3164 3660
3164 3404
3164 3276
3164 3180
3164 3668
3164 3412
3164 3284
3164 3188
3164 3674
3164 3418
3164 3290
3164 3194
3164 3166
3164 3675
3164 3419
3164 3291
3164 3195
3164 3167
3165 3677
3165 3421
3165 3293
3165 3197
3165 3167
3165 3166
3165 3613
3165 3357
3165 3229
3165 3661
3165 3405
3165 3277
3165 3181
3165 3669
3165 3413
3165 3285
3165 3189
3165 3673
3165 3417
3165 3289
3165 3193
3166 3678
3166 3422
3166 3294
3166 3198
3166 3168
3166 3614
3166 3358
3166 3230
3166 3662
3166 3406
3166 3278
3166 3182
3166 3670
3166 3414
3166 3286
3166 3190
3166 3674
3166 3418
3166 3290
3166 3194
3166 3677
3166 3421
3166 3293
3166 3197
3166 3167
3167 3679
3167 3423
3167 3295
3167 3199
3167 3168
3167 3615
3167 3359
3167 3231
3167 3663
3167 3407
3167 3279
3167 3183
3167 3671
3167 3415
3167 3287
3167 3191
3167 3675
3167 3419
3167 3291
3167 3195
3167 3677
3167 3421
3167 3293
3167 3197
3168 3680
3168 3424
3168 3296
3168 3200
3168 3616
3168 3360
3168 3232
3168 3664
3168 3408
3168 3280
3168 3184
3168 3672
3168 3416
3168 3288
3168 3192
3168 3676
3168 3420
3168 3292
3168 3196
3168 3678
3168 3422
3168 3294
3168 3198
3168 3679
3168 3423
3168 3295
3168 3199
3169 3681
3169 3425
3169 3297
3169 3185
3169 3177
3169 3173
3169 3171
3169 3170
3169 3617
3169 3361
3169 3233
3169 3649
3169 3393
3169 3265
3170 3682
3170 3426
3170 3298
3170 3186
3170 3178
3170 3174
3170 3172
3170 3618
3170 3362
3170 3234
3170 3650
3170 3394
3170 3266
3170 3681
3170 3425
3170 3297
3170 3185
3170 3177
3170 3173
3170 3171
3171 3683
3171 3427
3171 3299
3171 3187
3171 3179
3171 3175
3171 3172
3171 3619
3171 3363
3171 3235
3171 3651
3171 3395
3171 3267
3171 3681
3171 3425
3171 3297
3171 3185
3171 3177
3171 3173
3172 3684
3172 3428
3172 3300
3172 3188
3172 3180
3172 3176
3172 3620
3172 3364
3172 3236
3172 3652
3172 3396
3172 3268
3172 3682
3172 3426
3172 3298
3172 3186
3172 3178
3172 3174
3172 3683
3172 3427
3172 3299
3172 3187
3172 3179
3172 3175
3173 3685
3173 3429
3173 3301
3173 3189
3173 3181
3173 3175
3173 3174
3173 3621
3173 3365
3173 3237
3173 3653
3173 3397
3173 3269
3173 3681
3173 3425
3173 3297
3173 3185
3173 3177
3174 3686
3174 3430
3174 3302
3174 3190
3174 3182
3174 3176
3174 3622
3174 3366
3174 3238
3174 3654
3174 3398
3174 3270
3174 3682
3174 3426
3174 3298
3174 3186
3174 3178
3174 3685
3174 3429
3174 3301
3174 3189
3174 3181
3174 3175
3175 3687
3175 3431
3175 3303
3175 3191
3175 3183
3175 3176
3175 3623
3175 3367
3175 3239
3175 3655
3175 3399
3175 3271
3175 3683
3175 3427
3175 3299
3175 3187
3175 3179
3175 3685
3175 3429
3175 3301
3175 3189
3175 3181
3176 3688
3176 3432
3176 3304
3176 3192
3176 3184
3176 3624
3176 3368
3176 3240
3176 3656
3176 3400
3176 3272
3176 3684
3176 3428
3176 3300
3176 3188
3176 3180
3176 3686
3176 3430
3176 3302
3176 3190
3176 3182
3176 3687
3176 3431
3176 3303
3176 3191
3176 3183
3177 3689
3177 3433
3177 3305
3177 3193
3177 3181
3177 3179
3177 3178
3177 3625
3177 3369
3177 3241
3177 3657
3177 3401
3177 3273
3177 3681
3177 3425
3177 3297
3177 3185
3178 3690
3178 3434
3178 3306
3178 3194
3178 3182
3178 3180
3178 3626
3178 3370
3178 3242
3178 3658
3178 3402
3178 3274
3178 3682
3178 3426
3178 3298
3178 3186
3178 3689
3178 3433
3178 3305
3178 3193
3178 3181
3178 3179
3179 3691
3179 3435
3179 3307
3179 3195
3179 3183
3179 3180
3179 3627
3179 3371
3179 3243
3179 3659
3179 3403
3179 3275
3179 3683
3179 3427
3179 3299
3179 3187
3179 3689
3179 3433
3179 3305
3179 3193
3179 3181
3180 3692
3180 3436
3180 3308
3180 3196
3180 3184
3180 3628
3180 3372
3180 3244
3180 3660
3180 3404
3180 3276
3180 3684
3180 3428
3180 3300
3180 3188
3180 3690
3180 3434
3180 3306
3180 3194
3180 3182
3180 3691
3180 3435
3180 3307
3180 3195
3180 3183
3181 3693
3181 3437
3181 3309
3181 3197
3181 3183
3181 3182
3181 3629
3181 3373
3181 3245
3181 3661
3181 3405
3181 3277
3181 3685
3181 3429
3181 3301
3181 3189
3181 3689
3181 3433
3181 3305
3181 3193
3182 3694
3182 3438
3182 3310
3182 3198
3182 3184
3182 3630
3182 3374
3182 3246
3182 3662
3182 3406
3182 3278
3182 3686
3182 3430
3182 3302
3182 3190
3182 3690
3182 3434
3182 3306
3182 3194
3182 3693
3182 3437
3182 3309
3182 3197
3182 3183
3183 3695
3183 3439
3183 3311
3183 3199
3183 3184
3183 3631
3183 3375
3183 3247
3183 3663
3183 3407
3183 3279
3183 3687
3183 3431
3183 3303
3183 3191
3183 3691
3183 3435
3183 3307
3183 3195
3183 3693
3183 3437
3183 3309
3183 3197
3184 3696
3184 3440
3184 3312
3184 3200
3184 3632
3184 3376
3184 3248
3184 3664
3184 3408
3184 3280
3184 3688
3184 3432
3184 3304
3184 3192
3184 3692
3184 3436
3184 3308
3184 3196
3184 3694
3184 3438
3184 3310
3184 3198
3184 3695
3184 3439
3184 3311
3184 3199
3185 3697
3185 3441
3185 3313
3185 3193
3185 3189
3185 3187
3185 3186
3185 3633
3185 3377
3185 3249
3185 3665
3185 3409
3185 3281
3185 3681
3185 3425
3185 3297
3186 3698
3186 3442
3186 3314
3186 3194
3186 3190
3186 3188
3186 3634
3186 3378
3186 3250
3186 3666
3186 3410
3186 3282
3186 3682
3186 3426
3186 3298
3186 3697
3186 3441
3186 3313
3186 3193
3186 3189
3186 3187
3187 3699
3187 3443
3187 3315
3187 3195
3187 3191
3187 3188
3187 3635
3187 3379
3187 3251
3187 3667
3187 3411
3187 3283
3187 3683
3187 3427
3187 3299
3187 3697
3187 3441
3187 3313
3187 3193
3187 3189
3188 3700
3188 3444
3188 3316
3188 3196
3188 3192
3188 3636
3188 3380
3188 3252
3188 3668
3188 3412
3188 3284
3188 3684
3188 3428
3188 3300
3188 3698
3188 3442
3188 3314
3188 3194
3188 3190
3188 3699
3188 3443
3188 3315
3188 3195
3188 3191
3189 3701
3189 3445
3189 3317
3189 3197
3189 3191
3189 3190
3189 3637
3189 3381
3189 3253
3189 3669
3189 3413
3189 3285
3189 3685
3189 3429
3189 3301
3189 3697
3189 3441
3189 3313
3189 3193
3190 3702
3190 3446
3190 3318
3190 3198
3190 3192
3190 3638
3190 3382
3190 3254
3190 3670
3190 3414
3190 3286
3190 3686
3190 3430
3190 3302
3190 3698
3190 3442
3190 3314
3190 3194
3190 3701
3190 3445
3190 3317
3190 3197
3190 3191
3191 3703
3191 3447
3191 3319
3191 3199
3191 3192
3191 3639
3191 3383
3191 3255
3191 3671
3191 3415
3191 3287
3191 3687
3191 3431
3191 3303
3191 3699
3191 3443
3191 3315
3191 3195
3191 3701
3191 3445
3191 3317
3191 3197
3192 3704
3192 3448
3192 3320
3192 3200
3192 3640
3192 3384
3192 3256
3192 3672
3192 3416
3192 3288
3192 3688
3192 3432
3192 3304
3192 3700
3192 3444
3192 3316
3192 3196
3192 3702
3192 3446
3192 3318
3192 3198
3192 3703
3192 3447
3192 3319
3192 3199
3193 3705
3193 3449
3193 3321
3193 3197
3193 3195
3193 3194
3193 3641
3193 3385
3193 3257
3193 3673
3193 3417
3193 3289
3193 3689
3193 3433
3193 3305
3193 3697
3193 3441
3193 3313
3194 3706
3194 3450
3194 3322
3194 3198
3194 3196
3194 3642
3194 3386
3194 3258
3194 3674
3194 3418
3194 3290
3194 3690
3194 3434
3194 3306
3194 3698
3194 3442
3194 3314
3194 3705
3194 3449
3194 3321
3194 3197
3194 3195
3195 3707
3195 3451
3195 3323
3195 3199
3195 3196
3195 3643
3195 3387
3195 3259
3195 3675
3195 3419
3195 3291
3195 3691
3195 3435
3195 3307
3195 3699
3195 3443
3195 3315
3195 3705
3195 3449
3195 3321
3195 3197
3196 3708
3196 3452
3196 3324
3196 3200
3196 3644
3196 3388
3196 3260
3196 3676
3196 3420
3196 3292
3196 3692
3196 3436
3196 3308
3196 3700
3196 3444
3196 3316
3196 3706
3196 3450
3196 3322
3196 3198
3196 3707
3196 3451
3196 3323
3196 3199
3197 3709
3197 3453
3197 3325
3197 3199
3197 3198
3197 3645
3197 3389
3197 3261
3197 3677
3197 3421
3197 3293
3197 3693
3197 3437
3197 3309
3197 3701
3197 3445
3197 3317
3197 3705
3197 3449
3197 3321
3198 3710
3198 3454
3198 3326
3198 3200
3198 3646
3198 3390
3198 3262
3198 3678
3198 3422
3198 3294
3198 3694
3198 3438
3198 3310
3198 3702
3198 3446
3198 3318
3198 3706
3198 3450
3198 3322
3198 3709
3198 3453
3198 3325
3198 3199
3199 3711
3199 3455
3199 3327
3199 3200
3199 3647
3199 3391
3199 3263
3199 3679
3199 3423
3199 3295
3199 3695
3199 3439
3199 3311
3199 3703
3199 3447
3199 3319
3199 3707
3199 3451
3199 3323
3199 3709
3199 3453
3199 3325
3200 3712
3200 3456
3200 3328
3200 3648
3200 3392
3200 3264
3200 3680
3200 3424
3200 3296
3200 3696
3200 3440
3200 3312
3200 3704
3200 3448
3200 3320
3200 3708
3200 3452
3200 3324
3200 3710
3200 3454
3200 3326
3200 3711
3200 3455
3200 3327
3201 3713
3201 3457
3201 3265
3201 3233
3201 3217
3201 3209
3201 3205
3201 3203
3201 3202
3201 3585
3201 3329
3202 3714
3202 3458
3202 3266
3202 3234
3202 3218
3202 3210
3202 3206
3202 3204
3202 3586
3202 3330
3202 3713
3202 3457
3202 3265
3202 3233
3202 3217
3202 3209
3202 3205
3202 3203
3203 3715
3203 3459
3203 3267
3203 3235
3203 3219
3203 3211
3203 3207
3203 3204
3203 3587
3203 3331
3203 3713
3203 3457
3203 3265
3203 3233
3203 3217
3203 3209
3203 3205
3204 3716
3204 3460
3204 3268
3204 3236
3204 3220
3204 3212
3204 3208
3204 3588
3204 3332
3204 3714
3204 3458
3204 3266
3204 3234
3204 3218
3204 3210
3204 3206
3204 3715
3204 3459
3204 3267
3204 3235
3204 3219
3204 3211
3204 3207
3205 3717
3205 3461
3205 3269
3205 3237
3205 3221
3205 3213
3205 3207
3205 3206
3205 3589
3205 3333
3205 3713
3205 3457
3205 3265
3205 3233
3205 3217
3205 3209
3206 3718
3206 3462
3206 3270
3206 3238
3206 3222
3206 3214
3206 3208
3206 3590
3206 3334
3206 3714
3206 3458
3206 3266
3206 3234
3206 3218
3206 3210
3206 3717
3206 3461
3206 3269
3206 3237
3206 3221
3206 3213
3206 3207
3207 3719
3207 3463
3207 3271
3207 3239
3207 3223
3207 3215
3207 3208
3207 3591
3207 3335
3207 3715
3207 3459
3207 3267
3207 3235
3207 3219
3207 3211
3207 3717
3207 3461
3207 3269
3207 3237
3207 3221
3207 3213
3208 3720
3208 3464
3208 3272
3208 3240
3208 3224
3208 3216
3208 3592
3208 3336
3208 3716
3208 3460
3208 3268
3208 3236
3208 3220
3208 3212
3208 3718
3208 3462
3208 3270
3208 3238
3208 3222
3208 3214
3208 3719
3208 3463
3208 3271
3208 3239
3208 3223
3208 3215
3209 3721
3209 3465
3209 3273
3209 3241
3209 3225
3209 3213
3209 3211
3209 3210
3209 3593
3209 3337
3209 3713
3209 3457
3209 3265
3209 3233
3209 3217
3210 3722
3210 3466
3210 3274
3210 3242
3210 3226
3210 3214
3210 3212
3210 3594
3210 3338
3210 3714
3210 3458
3210 3266
3210 3234
3210 3218
3210 3721
3210 3465
3210 3273
3210 3241
3210 3225
3210 3213
3210 3211
3211 3723
3211 3467
3211 3275
3211 3243
3211 3227
3211 3215
3211 3212
3211 3595
3211 3339
3211 3715
3211 3459
3211 3267
3211 3235
3211 3219
3211 3721
3211 3465
3211 3273
3211 3241
3211 3225
3211 3213
3212 3724
3212 3468
3212 3276
3212 3244
3212 3228
3212 3216
3212 3596
3212 3340
3212 3716
3212 3460
3212 3268
3212 3236
3212 3220
3212 3722
3212 3466
3212 3274
3212 3242
3212 3226
3212 3214
3212 3723
3212 3467
3212 3275
3212 3243
3212 3227
3212 3215
3213 3725
3213 3469
3213 3277
3213 3245
3213 3229
3213 3215
3213 3214
3213 3597
3213 3341
3213 3717
3213 3461
3213 3269
3213 3237
3213 3221
3213 3721
3213 3465
3213 3273
3213 3241
3213 3225
3214 3726
3214 3470
3214 3278
3214 3246
3214 3230
3214 3216
3214 3598
3214 3342
3214 3718
3214 3462
3214 3270
3214 3238
3214 3222
3214 3722
3214 3466
3214 3274
3214 3242
3214 3226
3214 3725
3214 3469
3214 3277
3214 3245
3214 3229
3214 3215
3215 3727
3215 3471
3215 3279
3215 3247
3215 3231
3215 3216
3215 3599
3215 3343
3215 3719
3215 3463
3215 3271
3215 3239
3215 3223
3215 3723
3215 3467
3215 3275
3215 3243
3215 3227
3215 3725
3215 3469
3215 3277
3215 3245
3215 3229
3216 3728
3216 3472
3216 3280
3216 3248
3216 3232
3216 3600
3216 3344
3216 3720
3216 3464
3216 3272
3216 3240
3216 3224
3216 3724
3216 3468
3216 3276
3216 3244
3216 3228
3216 3726
3216 3470
3216 3278
3216 3246
3216 3230
3216 3727
3216 3471
3216 3279
3216 3247
3216 3231
3217 3729
3217 3473
3217 3281
3217 3249
3217 3225
3217 3221
3217 3219
3217 3218
3217 3601
3217 3345
3217 3713
3217 3457
3217 3265
3217 3233
3218 3730
3218 3474
3218 3282
3218 3250
3218 3226
3218 3222
3218 3220
3218 3602
3218 3346
3218 3714
3218 3458
3218 3266
3218 3234
3218 3729
3218 3473
3218 3281
3218 3249
3218 3225
3218 3221
3218 3219
3219 3731
3219 3475
3219 3283
3219 3251
3219 3227
3219 3223
3219 3220
3219 3603
3219 3347
3219 3715
3219 3459
3219 3267
3219 3235
3219 3729
3219 3473
3219 3281
3219 3249
3219 3225
3219 3221
3220 3732
3220 3476
3220 3284
3220 3252
3220 3228
3220 3224
3220 3604
3220 3348
3220 3716
3220 3460
3220 3268
3220 3236
3220 3730
3220 3474
3220 3282
3220 3250
3220 3226
3220 3222
3220 3731
3220 3475
3220 3283
3220 3251
3220 3227
3220 3223
3221 3733
3221 3477
3221 3285
3221 3253
3221 3229
3221 3223
3221 3222
3221 3605
3221 3349
3221 3717
3221 3461
3221 3269
3221 3237
3221 3729
3221 3473
3221 3281
3221 3249
3221 3225
3222 3734
3222 3478
3222 3286
3222 3254
3222 3230
3222 3224
3222 3606
3222 3350
3222 3718
3222 3462
3222 3270
3222 3238
3222 3730
3222 3474
3222 3282
3222 3250
3222 3226
3222 3733
3222 3477
3222 3285
3222 3253
3222 3229
3222 3223
3223 3735
3223 3479
3223 3287
3223 3255
3223 3231
3223 3224
3223 3607
3223 3351
3223 3719
3223 3463
3223 3271
3223 3239
3223 3731
3223 3475
3223 3283
3223 3251
3223 3227
3223 3733
3223 3477
3223 3285
3223 3253
3223 3229
3224 3736
3224 3480
3224 3288
3224 3256
3224 3232
3224 3608
3224 3352
3224 3720
3224 3464
3224 3272
3224 3240
3224 3732
3224 3476
3224 3284
3224 3252
3224 3228
3224 3734
3224 3478
3224 3286
3224 3254
3224 3230
3224 3735
3224 3479
3224 3287
3224 3255
3224 3231
3225 3737
3225 3481
3225 3289
3225 3257
3225 3229
3225 3227
3225 3226
3225 3609
3225 3353
3225 3721
3225 3465
3225 3273
3225 3241
3225 3729
3225 3473
3225 3281
3225 3249
3226 3738
3226 3482
3226 3290
3226 3258
3226 3230
3226 3228
3226 3610
3226 3354
3226 3722
3226 3466
3226 3274
3226 3242
3226 3730
3226 3474
3226 3282
3226 3250
3226 3737
3226 3481
3226 3289
3226 3257
3226 3229
3226 3227
3227 3739
3227 3483
3227 3291
3227 3259
3227 3231
3227 3228
3227 3611
3227 3355
3227 3723
3227 3467
3227 3275
3227 3243
3227 3731
3227 3475
3227 3283
3227 3251
3227 3737
3227 3481
3227 3289
3227 3257
3227 3229
3228 3740
3228 3484
3228 3292
3228 3260
3228 3232
3228 3612
3228 3356
3228 3724
3228 3468
3228 3276
3228 3244
3228 3732
3228 3476
3228 3284
3228 3252
3228 3738
3228 3482
3228 3290
3228 3258
3228 3230
3228 3739
3228 3483
3228 3291
3228 3259
3228 3231
3229 3741
3229 3485
3229 3293
3229 3261
3229 3231
3229 3230
3229 3613
3229 3357
3229 3725
3229 3469
3229 3277
3229 3245
3229 3733
3229 3477
3229 3285
3229 3253
3229 3737
3229 3481
3229 3289
3229 3257
3230 3742
3230 3486
3230 3294
3230 3262
3230 3232
3230 3614
3230 3358
3230 3726
3230 3470
3230 3278
3230 3246
3230 3734
3230 3478
3230 3286
3230 3254
3230 3738
3230 3482
3230 3290
3230 3258
3230 3741
3230 3485
3230 3293
3230 3261
3230 3231
3231 3743
3231 3487
3231 3295
3231 3263
3231 3232
3231 3615
3231 3359
3231 3727
3231 3471
3231 3279
3231 3247
3231 3735
3231 3479
3231 3287
3231 3255
3231 3739
3231 3483
3231 3291
3231 3259
3231 3741
3231 3485
3231 3293
3231 3261
3232 3744
3232 3488
3232 3296
3232 3264
3232 3616
3232 3360
3232 3728
3232 3472
3232 3280
3232 3248
3232 3736
3232 3480
3232 3288
3232 3256
3232 3740
3232 3484
3232 3292
3232 3260
3232 3742
3232 3486
3232 3294
3232 3262
3232 3743
3232 3487
3232 3295
3232 3263
3233 3745
3233 3489
3233 3297
3233 3249
3233 3241
3233 3237
3233 3235
3233 3234
3233 3617
3233 3361
3233 3713
3233 3457
3233 3265
3234 3746
3234 3490
3234 3298
3234 3250
3234 3242
3234 3238
3234 3236
3234 3618
3234 3362
3234 3714
3234 3458
3234 3266
3234 3745
3234 3489
3234 3297
3234 3249
3234 3241
3234 3237
3234 3235
3235 3747
3235 3491
3235 3299
3235 3251
3235 3243
3235 3239
3235 3236
3235 3619
3235 3363
3235 3715
3235 3459
3235 3267
3235 3745
3235 3489
3235 3297
3235 3249
3235 3241
3235 3237
3236 3748
3236 3492
3236 3300
3236 3252
3236 3244
3236 3240
3236 3620
3236 3364
3236 3716
3236 3460
3236 3268
3236 3746
3236 3490
3236 3298
3236 3250
3236 3242
3236 3238
3236 3747
3236 3491
3236 3299
3236 3251
3236 3243
3236 3239
3237 3749
3237 3493
3237 3301
3237 3253
3237 3245
3237 3239
3237 3238
3237 3621
3237 3365
3237 3717
3237 3461
3237 3269
3237 3745
3237 3489
3237 3297
3237 3249
3237 3241
3238 3750
3238 3494
3238 3302
3238 3254
3238 3246
3238 3240
3238 3622
3238 3366
3238 3718
3238 3462
3238 3270
3238 3746
3238 3490
3238 3298
3238 3250
3238 3242
3238 3749
3238 3493
3238 3301
3238 3253
3238 3245
3238 3239
3239 3751
3239 3495
3239 3303
3239 3255
3239 3247
3239 3240
3239 3623
3239 3367
3239 3719
3239 3463
3239 3271
3239 3747
3239 3491
3239 3299
3239 3251
3239 3243
3239 3749
3239 3493
3239 3301
3239 3253
3239 3245
3240 3752
3240 3496
3240 3304
3240 3256
3240 3248
3240 3624
3240 3368
3240 3720
3240 3464
3240 3272
3240 3748
3240 3492
3240 3300
3240 3252
3240 3244
3240 3750
3240 3494
3240 3302
3240 3254
3240 3246
3240 3751
3240 3495
3240 3303
3240 3255
3240 3247
3241 3753
3241 3497
3241 3305
3241 3257
3241 3245
3241 3243
3241 3242
3241 3625
3241 3369
3241 3721
3241 3465
3241 3273
3241 3745
3241 3489
3241 3297
3241 3249
3242 3754
3242 3498
3242 3306
3242 3258
3242 3246
3242 3244
3242 3626
3242 3370
3242 3722
3242 3466
3242 3274
3242 3746
3242 3490
3242 3298
3242 3250
3242 3753
3242 3497
3242 3305
3242 3257
3242 3245
3242 3243
3243 3755
3243 3499
3243 3307
3243 3259
3243 3247
3243 3244
3243 3627
3243 3371
3243 3723
3243 3467
3243 3275
3243 3747
3243 3491
3243 3299
3243 3251
3243 3753
3243 3497
3243 3305
3243 3257
3243 3245
3244 3756
3244 3500
3244 3308
3244 3260
3244 3248
3244 3628
3244 3372
3244 3724
3244 3468
3244 3276
3244 3748
3244 3492
3244 3300
3244 3252
3244 3754
3244 3498
3244 3306
3244 3258
3244 3246
3244 3755
3244 3499
3244 3307
3244 3259
3244 3247
3245 3757
3245 3501
3245 3309
3245 3261
3245 3247
3245 3246
3245 3629
3245 3373
3245 3725
3245 3469
3245 3277
3245 3749
3245 3493
3245 3301
3245 3253
3245 3753
3245 3497
3245 3305
3245 3257
3246 3758
3246 3502
3246 3310
3246 3262
3246 3248
3246 3630
3246 3374
3246 3726
3246 3470
3246 3278
3246 3750
3246 3494
3246 3302
3246 3254
3246 3754
3246 3498
3246 3306
3246 3258
3246 3757
3246 3501
3246 3309
3246 3261
3246 3247
3247 3759
3247 3503
3247 3311
3247 3263
3247 3248
3247 3631
3247 3375
3247 3727
3247 3471
3247 3279
3247 3751
3247 3495
3247 3303
3247 3255
3247 3755
3247 3499
3247 3307
3247 3259
3247 3757
3247 3501
3247 3309
3247 3261
3248 3760
3248 3504
3248 3312
3248 3264
3248 3632
3248 3376
3248 3728
3248 3472
3248 3280
3248 3752
3248 3496
3248 3304
3248 3256
3248 3756
3248 3500
3248 3308
3248 3260
3248 3758
3248 3502
3248 3310
3248 3262
3248 3759
3248 3503
3248 3311
3248 3263
3249 3761
3249 3505
3249 3313
3249 3257
3249 3253
3249 3251
3249 3250
3249 3633
3249 3377
3249 3729
3249 3473
3249 3281
3249 3745
3249 3489
3249 3297
3250 3762
3250 3506
3250 3314
3250 3258
3250 3254
3250 3252
3250 3634
3250 3378
3250 3730
3250 3474
3250 3282
3250 3746
3250 3490
3250 3298
3250 3761
3250 3505
3250 3313
3250 3257
3250 3253
3250 3251
3251 3763
3251 3507
3251 3315
3251 3259
3251 3255
3251 3252
3251 3635
3251 3379
3251 3731
3251 3475
3251 3283
3251 3747
3251 3491
3251 3299
3251 3761
3251 3505
3251 3313
3251 3257
3251 3253
3252 3764
3252 3508
3252 3316
3252 3260
3252 3256
3252 3636
3252 3380
3252 3732
3252 3476
3252 3284
3252 3748
3252 3492
3252 3300
3252 3762
3252 3506
3252 3314
3252 3258
3252 3254
3252 3763
3252 3507
3252 3315
3252 3259
3252 3255
3253 3765
3253 3509
3253 3317
3253 3261
3253 3255
3253 3254
3253 3637
3253 3381
3253 3733
3253 3477
3253 3285
3253 3749
3253 3493
3253 3301
3253 3761
3253 3505
3253 3313
3253 3257
3254 3766
3254 3510
3254 3318
3254 3262
3254 3256
3254 3638
3254 3382
3254 3734
3254 3478
3254 3286
3254 3750
3254 3494
3254 3302
3254 3762
3254 3506
3254 3314
3254 3258
3254 3765
3254 3509
3254 3317
3254 3261
3254 3255
3255 3767
3255 3511
3255 3319
3255 3263
3255 3256
3255 3639
3255 3383
3255 3735
3255 3479
3255 3287
3255 3751
3255 3495
3255 3303
3255 3763
3255 3507
3255 3315
3255 3259
3255 3765
3255 3509
3255 3317
3255 3261
3256 3768
3256 3512
3256 3320
3256 3264
3256 3640
3256 3384
3256 3736
3256 3480
3256 3288
3256 3752
3256 3496
3256 3304
3256 3764
3256 3508
3256 3316
3256 3260
3256 3766
3256 3510
3256 3318
3256 3262
3256 3767
3256 3511
3256 3319
3256 3263
3257 3769
3257 3513
3257 3321
3257 3261
3257 3259
3257 3258
3257 3641
3257 3385
3257 3737
3257 3481
3257 3289
3257 3753
3257 3497
3257 3305
3257 3761
3257 3505
3257 3313
3258 3770
3258 3514
3258 3322
3258 3262
3258 3260
3258 3642
3258 3386
3258 3738
3258 3482
3258 3290
3258 3754
3258 3498
3258 3306
3258 3762
3258 3506
3258 3314
3258 3769
3258 3513
3258 3321
3258 3261
3258 3259
3259 3771
3259 3515
3259 3323
3259 3263
3259 3260
3259 3643
3259 3387
3259 3739
3259 3483
3259 3291
3259 3755
3259 3499
3259 3307
3259 3763
3259 3507
3259 3315
3259 3769
3259 3513
3259 3321
3259 3261
3260 3772
3260 3516
3260 3324
3260 3264
3260 3644
3260 3388
3260 3740
3260 3484
3260 3292
3260 3756
3260 3500
3260 3308
3260 3764
3260 3508
3260 3316
3260 3770
3260 3514
3260 3322
3260 3262
3260 3771
3260 3515
3260 3323
3260 3263
3261 3773
3261 3517
3261 3325
3261 3263
3261 3262
3261 3645
3261 3389
3261 3741
3261 3485
3261 3293
3261 3757
3261 3501
3261 3309
3261 3765
3261 3509
3261 3317
3261 3769
3261 3513
3261 3321
3262 3774
3262 3518
3262 3326
3262 3264
3262 3646
3262 3390
3262 3742
3262 3486
3262 3294
3262 3758
3262 3502
3262 3310
3262 3766
3262 3510
3262 3318
3262 3770
3262 3514
3262 3322
3262 3773
3262 3517
3262 3325
3262 3263
3263 3775
3263 3519
3263 3327
3263 3264
3263 3647
3263 3391
3263 3743
3263 3487
3263 3295
3263 3759
3263 3503
3263 3311
3263 3767
3263 3511
3263 3319
3263 3771
3263 3515
3263 3323
3263 3773
3263 3517
3263 3325
3264 3776
3264 3520
3264 3328
3264 3648
3264 3392
3264 3744
3264 3488
3264 3296
3264 3760
3264 3504
3264 3312
3264 3768
3264 3512
3264 3320
3264 3772
3264 3516
3264 3324
3264 3774
3264 3518
3264 3326
3264 3775
3264 3519
3264 3327
3265 3777
3265 3521
3265 3297
3265 3281
3265 3273
3265 3269
3265 3267
3265 3266
3265 3649
3265 3393
3265 3713
3265 3457
3266 3778
3266 3522
3266 3298
3266 3282
3266 3274
3266 3270
3266 3268
3266 3650
3266 3394
3266 3714
3266 3458
3266 3777
3266 3521
3266 3297
3266 3281
3266 3273
3266 3269
3266 3267
3267 3779
3267 3523
3267 3299
3267 3283
3267 3275
3267 3271
3267 3268
3267 3651
3267 3395
3267 3715
3267 3459
3267 3777
3267 3521
3267 3297
3267 3281
3267 3273
3267 3269
3268 3780
3268 3524
3268 3300
3268 3284
3268 3276
3268 3272
3268 3652
3268 3396
3268 3716
3268 3460
3268 3778
3268 3522
3268 3298
3268 3282
3268 3274
3268 3270
3268 3779
3268 3523
3268 3299
3268 3283
3268 3275
3268 3271
3269 3781
3269 3525
3269 3301
3269 3285
3269 3277
3269 3271
3269 3270
3269 3653
3269 3397
3269 3717
3269 3461
3269 3777
3269 3521
3269 3297
3269 3281
3269 3273
3270 3782
3270 3526
3270 3302
3270 3286
3270 3278
3270 3272
3270 3654
3270 3398
3270 3718
3270 3462
3270 3778
3270 3522
3270 3298
3270 3282
3270 3274
3270 3781
3270 3525
3270 3301
3270 3285
3270 3277
3270 3271
3271 3783
3271 3527
3271 3303
3271 3287
3271 3279
3271 3272
3271 3655
3271 3399
3271 3719
3271 3463
3271 3779
3271 3523
3271 3299
3271 3283
3271 3275
3271 3781
3271 3525
3271 3301
3271 3285
3271 3277
3272 3784
3272 3528
3272 3304
3272 3288
3272 3280
3272 3656
3272 3400
3272 3720
3272 3464
3272 3780
3272 3524
3272 3300
3272 3284
3272 3276
3272 3782
3272 3526
3272 3302
3272 3286
3272 3278
3272 3783
3272 3527
3272 3303
3272 3287
3272 3279
3273 3785
3273 3529
3273 3305
3273 3289
3273 3277
3273 3275
3273 3274
3273 3657
3273 3401
3273 3721
3273 3465
3273 3777
3273 3521
3273 3297
3273 3281
3274 3786
3274 3530
3274 3306
3274 3290
3274 3278
3274 3276
3274 3658
3274 3402
3274 3722
3274 3466
3274 3778
3274 3522
3274 3298
3274 3282
3274 3785
3274 3529
3274 3305
3274 3289
3274 3277
3274 3275
3275 3787
3275 3531
3275 3307
3275 3291
3275 3279
3275 3276
3275 3659
3275 3403
3275 3723
3275 3467
3275 3779
3275 3523
3275 3299
3275 3283
3275 3785
3275 3529
3275 3305
3275 3289
3275 3277
3276 3788
3276 3532
3276 3308
3276 3292
3276 3280
3276 3660
3276 3404
3276 3724
3276 3468
3276 3780
3276 3524
3276 3300
3276 3284
3276 3786
3276 3530
3276 3306
3276 3290
3276 3278
3276 3787
3276 3531
3276 3307
3276 3291
3276 3279
3277 3789
3277 3533
3277 3309
3277 3293
3277 3279
3277 3278
3277 3661
3277 3405
3277 3725
3277 3469
3277 3781
3277 3525
3277 3301
3277 3285
3277 3785
3277 3529
3277 3305
3277 3289
3278 3790
3278 3534
3278 3310
3278 3294
3278 3280
3278 3662
3278 3406
3278 3726
3278 3470
3278 3782
3278 3526
3278 3302
3278 3286
3278 3786
3278 3530
3278 3306
3278 3290
3278 3789
3278 3533
3278 3309
3278 3293
3278 3279
3279 3791
3279 3535
3279 3311
3279 3295
3279 3280
3279 3663
3279 3407
3279 3727
3279 3471
3279 3783
3279 3527
3279 3303
3279 3287
3279 3787
3279 3531
3279 3307
3279 3291
3279 3789
3279 3533
3279 3309
3279 3293
3280 3792
3280 3536
3280 3312
3280 3296
3280 3664
3280 3408
3280 3728
3280 3472
3280 3784
3280 3528
3280 3304
3280 3288
3280 3788
3280 3532
3280 3308
3280 3292
3280 3790
3280 3534
3280 3310
3280 3294
3280 3791
3280 3535
3280 3311
3280 3295
3281 3793
3281 3537
3281 3313
3281 3289
3281 3285
3281 3283
3281 3282
3281 3665
3281 3409
3281 3729
3281 3473
3281 3777
3281 3521
3281 3297
3282 3794
3282 3538
3282 3314
3282 3290
3282 3286
3282 3284
3282 3666
3282 3410
3282 3730
3282 3474
3282 3778
3282 3522
3282 3298
3282 3793
3282 3537
3282 3313
3282 3289
3282 3285
3282 3283
3283 3795
3283 3539
3283 3315
3283 3291
3283 3287
3283 3284
3283 3667
3283 3411
3283 3731
3283 3475
3283 3779
3283 3523
3283 3299
3283 3793
3283 3537
3283 3313
3283 3289
3283 3285
3284 3796
3284 3540
3284 3316
3284 3292
3284 3288
3284 3668
3284 3412
3284 3732
3284 3476
3284 3780
3284 3524
3284 3300
3284 3794
3284 3538
3284 3314
3284 3290
3284 3286
3284 3795
3284 3539
3284 3315
3284 3291
3284 3287
3285 3797
3285 3541
3285 3317
3285 3293
3285 3287
3285 3286
3285 3669
3285 3413
3285 3733
3285 3477
3285 3781
3285 3525
3285 3301
3285 3793
3285 3537
3285 3313
3285 3289
3286 3798
3286 3542
3286 3318
3286 3294
3286 3288
3286 3670
3286 3414
3286 3734
3286 3478
3286 3782
3286 3526
3286 3302
3286 3794
3286 3538
3286 3314
3286 3290
3286 3797
3286 3541
3286 3317
3286 3293
3286 3287
3287 3799
3287 3543
3287 3319
3287 3295
3287 3288
3287 3671
3287 3415
3287 3735
3287 3479
3287 3783
3287 3527
3287 3303
3287 3795
3287 3539
3287 3315
3287 3291
3287 3797
3287 3541
3287 3317
3287 3293
3288 3800
3288 3544
3288 3320
3288 3296
3288 3672
3288 3416
3288 3736
3288 3480
3288 3784
3288 3528
3288 3304
3288 3796
3288 3540
3288 3316
3288 3292
3288 3798
3288 3542
3288 3318
3288 3294
3288 3799
3288 3543
3288 3319
3288 3295
3289 3801
3289 3545
3289 3321
3289 3293
3289 3291
3289 3290
3289 3673
3289 3417
3289 3737
3289 3481
3289 3785
3289 3529
3289 3305
3289 3793
3289 3537
3289 3313
3290 3802
3290 3546
3290 3322
3290 3294
3290 3292
3290 3674
3290 3418
3290 3738
3290 3482
3290 3786
3290 3530
3290 3306
3290 3794
3290 3538
3290 3314
3290 3801
3290 3545
3290 3321
3290 3293
3290 3291
3291 3803
3291 3547
3291 3323
3291 3295
3291 3292
3291 3675
3291 3419
3291 3739
3291 3483
3291 3787
3291 3531
3291 3307
3291 3795
3291 3539
3291 3315
3291 3801
3291 3545
3291 3321
3291 3293
3292 3804
3292 3548
3292 3324
3292 3296
3292 3676
3292 3420
3292 3740
3292 3484
3292 3788
3292 3532
3292 3308
3292 3796
3292 3540
3292 3316
3292 3802
3292 3546
3292 3322
3292 3294
3292 3803
3292 3547
3292 3323
3292 3295
3293 3805
3293 3549
3293 3325
3293 3295
3293 3294
3293 3677
3293 3421
3293 3741
3293 3485
3293 3789
3293 3533
3293 3309
3293 3797
3293 3541
3293 3317
3293 3801
3293 3545
3293 3321
3294 3806
3294 3550
3294 3326
3294 3296
3294 3678
3294 3422
3294 3742
3294 3486
3294 3790
3294 3534
3294 3310
3294 3798
3294 3542
3294 3318
3294 3802
3294 3546
3294 3322
3294 3805
3294 3549
3294 3325
3294 3295
3295 3807
3295 3551
3295 3327
3295 3296
3295 3679
3295 3423
3295 3743
3295 3487
3295 3791
3295 3535
3295 3311
3295 3799
3295 3543
3295 3319
3295 3803
3295 3547
3295 3323
3295 3805
3295 3549
3295 3325
3296 3808
3296 3552
3296 3328
3296 3680
3296 3424
3296 3744
3296 3488
3296 3792
3296 3536
3296 3312
3296 3800
3296 3544
3296 3320
3296 3804
3296 3548
3296 3324
3296 3806
3296 3550
3296 3326
3296 3807
3296 3551
3296 3327
3297 3809
3297 3553
3297 3313
3297 3305
3297 3301
3297 3299
3297 3298
3297 3681
3297 3425
3297 3745
3297 3489
3297 3777
3297 3521
3298 3810
3298 3554
3298 3314
3298 3306
3298 3302
3298 3300
3298 3682
3298 3426
3298 3746
3298 3490
3298 3778
3298 3522
3298 3809
3298 3553
3298 3313
3298 3305
3298 3301
3298 3299
3299 3811
3299 3555
3299 3315
3299 3307
3299 3303
3299 3300
3299 3683
3299 3427
3299 3747
3299 3491
3299 3779
3299 3523
3299 3809
3299 3553
3299 3313
3299 3305
3299 3301
3300 3812
3300 3556
3300 3316
3300 3308
3300 3304
3300 3684
3300 3428
3300 3748
3300 3492
3300 3780
3300 3524
3300 3810
3300 3554
3300 3314
3300 3306
3300 3302
3300 3811
3300 3555
3300 3315
3300 3307
3300 3303
3301 3813
3301 3557
3301 3317
3301 3309
3301 3303
3301 3302
3301 3685
3301 3429
3301 3749
3301 3493
3301 3781
3301 3525
3301 3809
3301 3553
3301 3313
3301 3305
3302 3814
3302 3558
3302 3318
3302 3310
3302 3304
3302 3686
3302 3430
3302 3750
3302 3494
3302 3782
3302 3526
3302 3810
3302 3554
3302 3314
3302 3306
3302 3813
3302 3557
3302 3317
3302 3309
3302 3303
3303 3815
3303 3559
3303 3319
3303 3311
3303 3304
3303 3687
3303 3431
3303 3751
3303 3495
3303 3783
3303 3527
3303 3811
3303 3555
3303 3315
3303 3307
3303 3813
3303 3557
3303 3317
3303 3309
3304 3816
3304 3560
3304 3320
3304 3312
3304 3688
3304 3432
3304 3752
3304 3496
3304 3784
3304 3528
3304 3812
3304 3556
3304 3316
3304 3308
3304 3814
3304 3558
3304 3318
3304 3310
3304 3815
3304 3559
3304 3319
3304 3311
3305 3817
3305 3561
3305 3321
3305 3309
3305 3307
3305 3306
3305 3689
3305 3433
3305 3753
3305 3497
3305 3785
3305 3529
3305 3809
3305 3553
3305 3313
3306 3818
3306 3562
3306 3322
3306 3310
3306 3308
3306 3690
3306 3434
3306 3754
3306 3498
3306 3786
3306 3530
3306 3810
3306 3554
3306 3314
3306 3817
3306 3561
3306 3321
3306 3309
3306 3307
3307 3819
3307 3563
3307 3323
3307 3311
3307 3308
3307 3691
3307 3435
3307 3755
3307 3499
3307 3787
3307 3531
3307 3811
3307 3555
3307 3315
3307 3817
3307 3561
3307 3321
3307 3309
3308 3820
3308 3564
3308 3324
3308 3312
3308 3692
3308 3436
3308 3756
3308 3500
3308 3788
3308 3532
3308 3812
3308 3556
3308 3316
3308 3818
3308 3562
3308 3322
3308 3310
3308 3819
3308 3563
3308 3323
3308 3311
3309 3821
3309 3565
3309 3325
3309 3311
3309 3310
3309 3693
3309 3437
3309 3757
3309 3501
3309 3789
3309 3533
3309 3813
3309 3557
3309 3317
3309 3817
3309 3561
3309 3321
3310 3822
3310 3566
3310 3326
3310 3312
3310 3694
3310 3438
3310 3758
3310 3502
3310 3790
3310 3534
3310 3814
3310 3558
3310 3318
3310 3818
3310 3562
3310 3322
3310 3821
3310 3565
3310 3325
3310 3311
3311 3823
3311 3567
3311 3327
3311 3312
3311 3695
3311 3439
3311 3759
3311 3503
3311 3791
3311 3535
3311 3815
3311 3559
3311 3319
3311 3819
3311 3563
3311 3323
3311 3821
3311 3565
3311 3325
3312 3824
3312 3568
3312 3328
3312 3696
3312 3440
3312 3760
3312 3504
3312 3792
3312 3536
3312 3816
3312 3560
3312 3320
3312 3820
3312 3564
3312 3324
3312 3822
3312 3566
3312 3326
3312 3823
3312 3567
3312 3327
3313 3825
3313 3569
3313 3321
3313 3317
3313 3315
3313 3314
3313 3697
3313 3441
3313 3761
3313 3505
3313 3793
3313 3537
3313 3809
3313 3553
3314 3826
3314 3570
3314 3322
3314 3318
3314 3316
3314 3698
3314 3442
3314 3762
3314 3506
3314 3794
3314 3538
3314 3810
3314 3554
3314 3825
3314 3569
3314 3321
3314 3317
3314 3315
3315 3827
3315 3571
3315 3323
3315 3319
3315 3316
3315 3699
3315 3443
3315 3763
3315 3507
3315 3795
3315 3539
3315 3811
3315 3555
3315 3825
3315 3569
3315 3321
3315 3317
3316 3828
3316 3572
3316 3324
3316 3320
3316 3700
3316 3444
3316 3764
3316 3508
3316 3796
3316 3540
3316 3812
3316 3556
3316 3826
3316 3570
3316 3322
3316 3318
3316 3827
3316 3571
3316 3323
3316 3319
3317 3829
3317 3573
3317 3325
3317 3319
3317 3318
3317 3701
3317 3445
3317 3765
3317 3509
3317 3797
3317 3541
3317 3813
3317 3557
3317 3825
3317 3569
3317 3321
3318 3830
3318 3574
3318 3326
3318 3320
3318 3702
3318 3446
3318 3766
3318 3510
3318 3798
3318 3542
3318 3814
3318 3558
3318 3826
3318 3570
3318 3322
3318 3829
3318 3573
3318 3325
3318 3319
3319 3831
3319 3575
3319 3327
3319 3320
3319 3703
3319 3447
3319 3767
3319 3511
3319 3799
3319 3543
3319 3815
3319 3559
3319 3827
3319 3571
3319 3323
3319 3829
3319 3573
3319 3325
3320 3832
3320 3576
3320 3328
3320 3704
3320 3448
3320 3768
3320 3512
3320 3800
3320 3544
3320 3816
3320 3560
3320 3828
3320 3572
3320 3324
3320 3830
3320 3574
3320 3326
3320 3831
3320 3575
3320 3327
3321 3833
3321 3577
3321 3325
3321 3323
3321 3322
3321 3705
3321 3449
3321 3769
3321 3513
3321 3801
3321 3545
3321 3817
3321 3561
3321 3825
3321 3569
3322 3834
3322 3578
3322 3326
3322 3324
3322 3706
3322 3450
3322 3770
3322 3514
3322 3802
3322 3546
3322 3818
3322 3562
3322 3826
3322 3570
3322 3833
3322 3577
3322 3325
3322 3323
3323 3835
3323 3579
3323 3327
3323 3324
3323 3707
3323 3451
3323 3771
3323 3515
3323 3803
3323 3547
3323 3819
3323 3563
3323 3827
3323 3571
3323 3833
3323 3577
3323 3325
3324 3836
3324 3580
3324 3328
3324 3708
3324 3452
3324 3772
3324 3516
3324 3804
3324 3548
3324 3820
3324 3564
3324 3828
3324 3572
3324 3834
3324 3578
3324 3326
3324 3835
3324 3579
3324 3327
3325 3837
3325 3581
3325 3327
3325 3326
3325 3709
3325 3453
3325 3773
3325 3517
3325 3805
3325 3549
3325 3821
3325 3565
3325 3829
3325 3573
3325 3833
3325 3577
3326 3838
3326 3582
3326 3328
3326 3710
3326 3454
3326 3774
3326 3518
3326 3806
3326 3550
3326 3822
3326 3566
3326 3830
3326 3574
3326 3834
3326 3578
3326 3837
3326 3581
3326 3327
3327 3839
3327 3583
3327 3328
3327 3711
3327 3455
3327 3775
3327 3519
3327 3807
3327 3551
3327 3823
3327 3567
3327 3831
3327 3575
3327 3835
3327 3579
3327 3837
3327 3581
3328 3840
3328 3584
3328 3712
3328 3456
3328 3776
3328 3520
3328 3808
3328 3552
3328 3824
3328 3568
3328 3832
3328 3576
3328 3836
3328 3580
3328 3838
3328 3582
3328 3839
3328 3583
3329 3841
3329 3457
3329 3393
3329 3361
3329 3345
3329 3337
3329 3333
3329 3331
3329 3330
3329 3585
3330 3842
3330 3458
3330 3394
3330 3362
3330 3346
3330 3338
3330 3334
3330 3332
3330 3586
3330 3841
3330 3457
3330 3393
3330 3361
3330 3345
3330 3337
3330 3333
3330 3331
3331 3843
3331 3459
3331 3395
3331 3363
3331 3347
3331 3339
3331 3335
3331 3332
3331 3587
3331 3841
3331 3457
3331 3393
3331 3361
3331 3345
3331 3337
3331 3333
3332 3844
3332 3460
3332 3396
3332 3364
3332 3348
3332 3340
3332 3336
3332 3588
3332 3842
3332 3458
3332 3394
3332 3362
3332 3346
3332 3338
3332 3334
3332 3843
3332 3459
3332 3395
3332 3363
3332 3347
3332 3339
3332 3335
3333 3845
3333 3461
3333 3397
3333 3365
3333 3349
3333 3341
3333 3335
3333 3334
3333 3589
3333 3841
3333 3457
3333 3393
3333 3361
3333 3345
3333 3337
3334 3846
3334 3462
3334 3398
3334 3366
3334 3350
3334 3342
3334 3336
3334 3590
3334 3842
3334 3458
3334 3394
3334 3362
3334 3346
3334 3338
3334 3845
3334 3461
3334 3397
3334 3365
3334 3349
3334 3341
3334 3335
3335 3847
3335 3463
3335 3399
3335 3367
3335 3351
3335 3343
3335 3336
3335 3591
3335 3843
3335 3459
3335 3395
3335 3363
3335 3347
3335 3339
3335 3845
3335 3461
3335 3397
3335 3365
3335 3349
3335 3341
3336 3848
3336 3464
3336 3400
3336 3368
3336 3352
3336 3344
3336 3592
3336 3844
3336 3460
3336 3396
3336 3364
3336 3348
3336 3340
3336 3846
3336 3462
3336 3398
3336 3366
3336 3350
3336 3342
3336 3847
3336 3463
3336 3399
3336 3367
3336 3351
3336 3343
3337 3849
3337 3465
3337 3401
3337 3369
3337 3353
3337 3341
3337 3339
3337 3338
3337 3593
3337 3841
3337 3457
3337 3393
3337 3361
3337 3345
3338 3850
3338 3466
3338 3402
3338 3370
3338 3354
3338 3342
3338 3340
3338 3594
3338 3842
3338 3458
3338 3394
3338 3362
3338 3346
3338 3849
3338 3465
3338 3401
3338 3369
3338 3353
3338 3341
3338 3339
3339 3851
3339 3467
3339 3403
3339 3371
3339 3355
3339 3343
3339 3340
3339 3595
3339 3843
3339 3459
3339 3395
3339 3363
3339 3347
3339 3849
3339 3465
3339 3401
3339 3369
3339 3353
3339 3341
3340 3852
3340 3468
3340 3404
3340 3372
3340 3356
3340 3344
3340 3596
3340 3844
3340 3460
3340 3396
3340 3364
3340 3348
3340 3850
3340 3466
3340 3402
3340 3370
3340 3354
3340 3342
3340 3851
3340 3467
3340 3403
3340 3371
3340 3355
3340 3343
3341 3853
3341 3469
3341 3405
3341 3373
3341 3357
3341 3343
3341 3342
3341 3597
3341 3845
3341 3461
3341 3397
3341 3365
3341 3349
3341 3849
3341 3465
3341 3401
3341 3369
3341 3353
3342 3854
3342 3470
3342 3406
3342 3374
3342 3358
3342 3344
3342 3598
3342 3846
3342 3462
3342 3398
3342 3366
3342 3350
3342 3850
3342 3466
3342 3402
3342 3370
3342 3354
3342 3853
3342 3469
3342 3405
3342 3373
3342 3357
3342 3343
3343 3855
3343 3471
3343 3407
3343 3375
3343 3359
3343 3344
3343 3599
3343 3847
3343 3463
3343 3399
3343 3367
3343 3351
3343 3851
3343 3467
3343 3403
3343 3371
3343 3355
3343 3853
3343 3469
3343 3405
3343 3373
3343 3357
3344 3856
3344 3472
3344 3408
3344 3376
3344 3360
3344 3600
3344 3848
3344 3464
3344 3400
3344 3368
3344 3352
3344 3852
3344 3468
3344 3404
3344 3372
3344 3356
3344 3854
3344 3470
3344 3406
3344 3374
3344 3358
3344 3855
3344 3471
3344 3407
3344 3375
3344 3359
3345 3857
3345 3473
3345 3409
3345 3377
3345 3353
3345 3349
3345 3347
3345 3346
3345 3601
3345 3841
3345 3457
3345 3393
3345 3361
3346 3858
3346 3474
3346 3410
3346 3378
3346 3354
3346 3350
3346 3348
3346 3602
3346 3842
3346 3458
3346 3394
3346 3362
3346 3857
3346 3473
3346 3409
3346 3377
3346 3353
3346 3349
3346 3347
3347 3859
3347 3475
3347 3411
3347 3379
3347 3355
3347 3351
3347 3348
3347 3603
3347 3843
3347 3459
3347 3395
3347 3363
3347 3857
3347 3473
3347 3409
3347 3377
3347 3353
3347 3349
3348 3860
3348 3476
3348 3412
3348 3380
3348 3356
3348 3352
3348 3604
3348 3844
3348 3460
3348 3396
3348 3364
3348 3858
3348 3474
3348 3410
3348 3378
3348 3354
3348 3350
3348 3859
3348 3475
3348 3411
3348 3379
3348 3355
3348 3351
3349 3861
3349 3477
3349 3413
3349 3381
3349 3357
3349 3351
3349 3350
3349 3605
3349 3845
3349 3461
3349 3397
3349 3365
3349 3857
3349 3473
3349 3409
3349 3377
3349 3353
3350 3862
3350 3478
3350 3414
3350 3382
3350 3358
3350 3352
3350 3606
3350 3846
3350 3462
3350 3398
3350 3366
3350 3858
3350 3474
3350 3410
3350 3378
3350 3354
3350 3861
3350 3477
3350 3413
3350 3381
3350 3357
3350 3351
3351 3863
3351 3479
3351 3415
3351 3383
3351 3359
3351 3352
3351 3607
3351 3847
3351 3463
3351 3399
3351 3367
3351 3859
3351 3475
3351 3411
3351 3379
3351 3355
3351 3861
3351 3477
3351 3413
3351 3381
3351 3357
3352 3864
3352 3480
3352 3416
3352 3384
3352 3360
3352 3608
3352 3848
3352 3464
3352 3400
3352 3368
3352 3860
3352 3476
3352 3412
3352 3380
3352 3356
3352 3862
3352 3478
3352 3414
3352 3382
3352 3358
3352 3863
3352 3479
3352 3415
3352 3383
3352 3359
3353 3865
3353 3481
3353 3417
3353 3385
3353 3357
3353 3355
3353 3354
3353 3609
3353 3849
3353 3465
3353 3401
3353 3369
3353 3857
3353 3473
3353 3409
3353 3377
3354 3866
3354 3482
3354 3418
3354 3386
3354 3358
3354 3356
3354 3610
3354 3850
3354 3466
3354 3402
3354 3370
3354 3858
3354 3474
3354 3410
3354 3378
3354 3865
3354 3481
3354 3417
3354 3385
3354 3357
3354 3355
3355 3867
3355 3483
3355 3419
3355 3387
3355 3359
3355 3356
3355 3611
3355 3851
3355 3467
3355 3403
3355 3371
3355 3859
3355 3475
3355 3411
3355 3379
3355 3865
3355 3481
3355 3417
3355 3385
3355 3357
3356 3868
3356 3484
3356 3420
3356 3388
3356 3360
3356 3612
3356 3852
3356 3468
3356 3404
3356 3372
3356 3860
3356 3476
3356 3412
3356 3380
3356 3866
3356 3482
3356 3418
3356 3386
3356 3358
3356 3867
3356 3483
3356 3419
3356 3387
3356 3359
3357 3869
3357 3485
3357 3421
3357 3389
3357 3359
3357 3358
3357 3613
3357 3853
3357 3469
3357 3405
3357 3373
3357 3861
3357 3477
3357 3413
3357 3381
3357 3865
3357 3481
3357 3417
3357 3385
3358 3870
3358 3486
3358 3422
3358 3390
3358 3360
3358 3614
3358 3854
3358 3470
3358 3406
3358 3374
3358 3862
3358 3478
3358 3414
3358 3382
3358 3866
3358 3482
3358 3418
3358 3386
3358 3869
3358 3485
3358 3421
3358 3389
3358 3359
3359 3871
3359 3487
3359 3423
3359 3391
3359 3360
3359 3615
3359 3855
3359 3471
3359 3407
3359 3375
3359 3863
3359 3479
3359 3415
3359 3383
3359 3867
3359 3483
3359 3419
3359 3387
3359 3869
3359 3485
3359 3421
3359 3389
3360 3872
3360 3488
3360 3424
3360 3392
3360 3616
3360 3856
3360 3472
3360 3408
3360 3376
3360 3864
3360 3480
3360 3416
3360 3384
3360 3868
3360 3484
3360 3420
3360 3388
3360 3870
3360 3486
3360 3422
3360 3390
3360 3871
3360 3487
3360 3423
3360 3391
3361 3873
3361 3489
3361 3425
3361 3377
3361 3369
3361 3365
3361 3363
3361 3362
3361 3617
3361 3841
3361 3457
3361 3393
3362 3874
3362 3490
3362 3426
3362 3378
3362 3370
3362 3366
3362 3364
3362 3618
3362 3842
3362 3458
3362 3394
3362 3873
3362 3489
3362 3425
3362 3377
3362 3369
3362 3365
3362 3363
3363 3875
3363 3491
3363 3427
3363 3379
3363 3371
3363 3367
3363 3364
3363 3619
3363 3843
3363 3459
3363 3395
3363 3873
3363 3489
3363 3425
3363 3377
3363 3369
3363 3365
3364 3876
3364 3492
3364 3428
3364 3380
3364 3372
3364 3368
3364 3620
3364 3844
3364 3460
3364 3396
3364 3874
3364 3490
3364 3426
3364 3378
3364 3370
3364 3366
3364 3875
3364 3491
3364 3427
3364 3379
3364 3371
3364 3367
3365 3877
3365 3493
3365 3429
3365 3381
3365 3373
3365 3367
3365 3366
3365 3621
3365 3845
3365 3461
3365 3397
3365 3873
3365 3489
3365 3425
3365 3377
3365 3369
3366 3878
3366 3494
3366 3430
3366 3382
3366 3374
3366 3368
3366 3622
3366 3846
3366 3462
3366 3398
3366 3874
3366 3490
3366 3426
3366 3378
3366 3370
3366 3877
3366 3493
3366 3429
3366 3381
3366 3373
3366 3367
3367 3879
3367 3495
3367 3431
3367 3383
3367 3375
3367 3368
3367 3623
3367 3847
3367 3463
3367 3399
3367 3875
3367 3491
3367 3427
3367 3379
3367 3371
3367 3877
3367 3493
3367 3429
3367 3381
3367 3373
3368 3880
3368 3496
3368 3432
3368 3384
3368 3376
3368 3624
3368 3848
3368 3464
3368 3400
3368 3876
3368 3492
3368 3428
3368 3380
3368 3372
3368 3878
3368 3494
3368 3430
3368 3382
3368 3374
3368 3879
3368 3495
3368 3431
3368 3383
3368 3375
3369 3881
3369 3497
3369 3433
3369 3385
3369 3373
3369 3371
3369 3370
3369 3625
3369 3849
3369 3465
3369 3401
3369 3873
3369 3489
3369 3425
3369 3377
3370 3882
3370 3498
3370 3434
3370 3386
3370 3374
3370 3372
3370 3626
3370 3850
3370 3466
3370 3402
3370 3874
3370 3490
3370 3426
3370 3378
3370 3881
3370 3497
3370 3433
3370 3385
3370 3373
3370 3371
3371 3883
3371 3499
3371 3435
3371 3387
3371 3375
3371 3372
3371 3627
3371 3851
3371 3467
3371 3403
3371 3875
3371 3491
3371 3427
3371 3379
3371 3881
3371 3497
3371 3433
3371 3385
3371 3373
3372 3884
3372 3500
3372 3436
3372 3388
3372 3376
3372 3628
3372 3852
3372 3468
3372 3404
3372 3876
3372 3492
3372 3428
3372 3380
3372 3882
3372 3498
3372 3434
3372 3386
3372 3374
3372 3883
3372 3499
3372 3435
3372 3387
3372 3375
3373 3885
3373 3501
3373 3437
3373 3389
3373 3375
3373 3374
3373 3629
3373 3853
3373 3469
3373 3405
3373 3877
3373 3493
3373 3429
3373 3381
3373 3881
3373 3497
3373 3433
3373 3385
3374 3886
3374 3502
3374 3438
3374 3390
3374 3376
3374 3630
3374 3854
3374 3470
3374 3406
3374 3878
3374 3494
3374 3430
3374 3382
3374 3882
3374 3498
3374 3434
3374 3386
3374 3885
3374 3501
3374 3437
3374 3389
3374 3375
3375 3887
3375 3503
3375 3439
3375 3391
3375 3376
3375 3631
3375 3855
3375 3471
3375 3407
3375 3879
3375 3495
3375 3431
3375 3383
3375 3883
3375 3499
3375 3435
3375 3387
3375 3885
3375 3501
3375 3437
3375 3389
3376 3888
3376 3504
3376 3440
3376 3392
3376 3632
3376 3856
3376 3472
3376 3408
3376 3880
3376 3496
3376 3432
3376 3384
3376 3884
3376 3500
3376 3436
3376 3388
3376 3886
3376 3502
3376 3438
3376 3390
3376 3887
3376 3503
3376 3439
3376 3391
3377 3889
3377 3505
3377 3441
3377 3385
3377 3381
3377 3379
3377 3378
3377 3633
3377 3857
3377 3473
3377 3409
3377 3873
3377 3489
3377 3425
3378 3890
3378 3506
3378 3442
3378 3386
3378 3382
3378 3380
3378 3634
3378 3858
3378 3474
3378 3410
3378 3874
3378 3490
3378 3426
3378 3889
3378 3505
3378 3441
3378 3385
3378 3381
3378 3379
3379 3891
3379 3507
3379 3443
3379 3387
3379 3383
3379 3380
3379 3635
3379 3859
3379 3475
3379 3411
3379 3875
3379 3491
3379 3427
3379 3889
3379 3505
3379 3441
3379 3385
3379 3381
3380 3892
3380 3508
3380 3444
3380 3388
3380 3384
3380 3636
3380 3860
3380 3476
3380 3412
3380 3876
3380 3492
3380 3428
3380 3890
3380 3506
3380 3442
3380 3386
3380 3382
3380 3891
3380 3507
3380 3443
3380 3387
3380 3383
3381 3893
3381 3509
3381 3445
3381 3389
3381 3383
3381 3382
3381 3637
3381 3861
3381 3477
3381 3413
3381 3877
3381 3493
3381 3429
3381 3889
3381 3505
3381 3441
3381 3385
3382 3894
3382 3510
3382 3446
3382 3390
3382 3384
3382 3638
3382 3862
3382 3478
3382 3414
3382 3878
3382 3494
3382 3430
3382 3890
3382 3506
3382 3442
3382 3386
3382 3893
3382 3509
3382 3445
3382 3389
3382 3383
3383 3895
3383 3511
3383 3447
3383 3391
3383 3384
3383 3639
3383 3863
3383 3479
3383 3415
3383 3879
3383 3495
3383 3431
3383 3891
3383 3507
3383 3443
3383 3387
3383 3893
3383 3509
3383 3445
3383 3389
3384 3896
3384 3512
3384 3448
3384 3392
3384 3640
3384 3864
3384 3480
3384 3416
3384 3880
3384 3496
3384 3432
3384 3892
3384 3508
3384 3444
3384 3388
3384 3894
3384 3510
3384 3446
3384 3390
3384 3895
3384 3511
3384 3447
3384 3391
3385 3897
3385 3513
3385 3449
3385 3389
3385 3387
3385 3386
3385 3641
3385 3865
3385 3481
3385 3417
3385 3881
3385 3497
3385 3433
3385 3889
3385 3505
3385 3441
3386 3898
3386 3514
3386 3450
3386 3390
3386 3388
3386 3642
3386 3866
3386 3482
3386 3418
3386 3882
3386 3498
3386 3434
3386 3890
3386 3506
3386 3442
3386 3897
3386 3513
3386 3449
3386 3389
3386 3387
3387 3899
3387 3515
3387 3451
3387 3391
3387 3388
3387 3643
3387 3867
3387 3483
3387 3419
3387 3883
3387 3499
3387 3435
3387 3891
3387 3507
3387 3443
3387 3897
3387 3513
3387 3449
3387 3389
3388 3900
3388 3516
3388 3452
3388 3392
3388 3644
3388 3868
3388 3484
3388 3420
3388 3884
3388 3500
3388 3436
3388 3892
3388 3508
3388 3444
3388 3898
3388 3514
3388 3450
3388 3390
3388 3899
3388 3515
3388 3451
3388 3391
3389 3901
3389 3517
3389 3453
3389 3391
3389 3390
3389 3645
3389 3869
3389 3485
3389 3421
3389 3885
3389 3501
3389 3437
3389 3893
3389 3509
3389 3445
3389 3897
3389 3513
3389 3449
3390 3902
3390 3518
3390 3454
3390 3392
3390 3646
3390 3870
3390 3486
3390 3422
3390 3886
3390 3502
3390 3438
3390 3894
3390 3510
3390 3446
3390 3898
3390 3514
3390 3450
3390 3901
3390 3517
3390 3453
3390 3391
3391 3903
3391 3519
3391 3455
3391 3392
3391 3647
3391 3871
3391 3487
3391 3423
3391 3887
3391 3503
3391 3439
3391 3895
3391 3511
3391 3447
3391 3899
3391 3515
3391 3451
3391 3901
3391 3517
3391 3453
3392 3904
3392 3520
3392 3456
3392 3648
3392 3872
3392 3488
3392 3424
3392 3888
3392 3504
3392 3440
3392 3896
3392 3512
3392 3448
3392 3900
3392 3516
3392 3452
3392 3902
3392 3518
3392 3454
3392 3903
3392 3519
3392 3455
3393 3905
3393 3521
3393 3425
3393 3409
3393 3401
3393 3397
3393 3395
3393 3394
3393 3649
3393 3841
3393 3457
3394 3906
3394 3522
3394 3426
3394 3410
3394 3402
3394 3398
3394 3396
3394 3650
3394 3842
3394 3458
3394 3905
3394 3521
3394 3425
3394 3409
3394 3401
3394 3397
3394 3395
3395 3907
3395 3523
3395 3427
3395 3411
3395 3403
3395 3399
3395 3396
3395 3651
3395 3843
3395 3459
3395 3905
3395 3521
3395 3425
3395 3409
3395 3401
3395 3397
3396 3908
3396 3524
3396 3428
3396 3412
3396 3404
3396 3400
3396 3652
3396 3844
3396 3460
3396 3906
3396 3522
3396 3426
3396 3410
3396 3402
3396 3398
3396 3907
3396 3523
3396 3427
3396 3411
3396 3403
3396 3399
3397 3909
3397 3525
3397 3429
3397 3413
3397 3405
3397 3399
3397 3398
3397 3653
3397 3845
3397 3461
3397 3905
3397 3521
3397 3425
3397 3409
3397 3401
3398 3910
3398 3526
3398 3430
3398 3414
3398 3406
3398 3400
3398 3654
3398 3846
3398 3462
3398 3906
3398 3522
3398 3426
3398 3410
3398 3402
3398 3909
3398 3525
3398 3429
3398 3413
3398 3405
3398 3399
3399 3911
3399 3527
3399 3431
3399 3415
3399 3407
3399 3400
3399 3655
3399 3847
3399 3463
3399 3907
3399 3523
3399 3427
3399 3411
3399 3403
3399 3909
3399 3525
3399 3429
3399 3413
3399 3405
3400 3912
3400 3528
3400 3432
3400 3416
3400 3408
3400 3656
3400 3848
3400 3464
3400 3908
3400 3524
3400 3428
3400 3412
3400 3404
3400 3910
3400 3526
3400 3430
3400 3414
3400 3406
3400 3911
3400 3527
3400 3431
3400 3415
3400 3407
3401 3913
3401 3529
3401 3433
3401 3417
3401 3405
3401 3403
3401 3402
3401 3657
3401 3849
3401 3465
3401 3905
3401 3521
3401 3425
3401 3409
3402 3914
3402 3530
3402 3434
3402 3418
3402 3406
3402 3404
3402 3658
3402 3850
3402 3466
3402 3906
3402 3522
3402 3426
3402 3410
3402 3913
3402 3529
3402 3433
3402 3417
3402 3405
3402 3403
3403 3915
3403 3531
3403 3435
3403 3419
3403 3407
3403 3404
3403 3659
3403 3851
3403 3467
3403 3907
3403 3523
3403 3427
3403 3411
3403 3913
3403 3529
3403 3433
3403 3417
3403 3405
3404 3916
3404 3532
3404 3436
3404 3420
3404 3408
3404 3660
3404 3852
3404 3468
3404 3908
3404 3524
3404 3428
3404 3412
3404 3914
3404 3530
3404 3434
3404 3418
3404 3406
3404 3915
3404 3531
3404 3435
3404 3419
3404 3407
3405 3917
3405 3533
3405 3437
3405 3421
3405 3407
3405 3406
3405 3661
3405 3853
3405 3469
3405 3909
3405 3525
3405 3429
3405 3413
3405 3913
3405 3529
3405 3433
3405 3417
3406 3918
3406 3534
3406 3438
3406 3422
3406 3408
3406 3662
3406 3854
3406 3470
3406 3910
3406 3526
3406 3430
3406 3414
3406 3914
3406 3530
3406 3434
3406 3418
3406 3917
3406 3533
3406 3437
3406 3421
3406 3407
3407 3919
3407 3535
3407 3439
3407 3423
3407 3408
3407 3663
3407 3855
3407 3471
3407 3911
3407 3527
3407 3431
3407 3415
3407 3915
3407 3531
3407 3435
3407 3419
3407 3917
3407 3533
3407 3437
3407 3421
3408 3920
3408 3536
3408 3440
3408 3424
3408 3664
3408 3856
3408 3472
3408 3912
3408 3528
3408 3432
3408 3416
3408 3916
3408 3532
3408 3436
3408 3420
3408 3918
3408 3534
3408 3438
3408 3422
3408 3919
3408 3535
3408 3439
3408 3423
3409 3921
3409 3537
3409 3441
3409 3417
3409 3413
3409 3411
3409 3410
3409 3665
3409 3857
3409 3473
3409 3905
3409 3521
3409 3425
3410 3922
3410 3538
3410 3442
3410 3418
3410 3414
3410 3412
3410 3666
3410 3858
3410 3474
3410 3906
3410 3522
3410 3426
3410 3921
3410 3537
3410 3441
3410 3417
3410 3413
3410 3411
3411 3923
3411 3539
3411 3443
3411 3419
3411 3415
3411 3412
3411 3667
3411 3859
3411 3475
3411 3907
3411 3523
3411 3427
3411 3921
3411 3537
3411 3441
3411 3417
3411 3413
3412 3924
3412 3540
3412 3444
3412 3420
3412 3416
3412 3668
3412 3860
3412 3476
3412 3908
3412 3524
3412 3428
3412 3922
3412 3538
3412 3442
3412 3418
3412 3414
3412 3923
3412 3539
3412 3443
3412 3419
3412 3415
3413 3925
3413 3541
3413 3445
3413 3421
3413 3415
3413 3414
3413 3669
3413 3861
3413 3477
3413 3909
3413 3525
3413 3429
3413 3921
3413 3537
3413 3441
3413 3417
3414 3926
3414 3542
3414 3446
3414 3422
3414 3416
3414 3670
3414 3862
3414 3478
3414 3910
3414 3526
3414 3430
3414 3922
3414 3538
3414 3442
3414 3418
3414 3925
3414 3541
3414 3445
3414 3421
3414 3415
3415 3927
3415 3543
3415 3447
3415 3423
3415 3416
3415 3671
3415 3863
3415 3479
3415 3911
3415 3527
3415 3431
3415 3923
3415 3539
3415 3443
3415 3419
3415 3925
3415 3541
3415 3445
3415 3421
3416 3928
3416 3544
3416 3448
3416 3424
3416 3672
3416 3864
3416 3480
3416 3912
3416 3528
3416 3432
3416 3924
3416 3540
3416 3444
3416 3420
3416 3926
3416 3542
3416 3446
3416 3422
3416 3927
3416 3543
3416 3447
3416 3423
3417 3929
3417 3545
3417 3449
3417 3421
3417 3419
3417 3418
3417 3673
3417 3865
3417 3481
3417 3913
3417 3529
3417 3433
3417 3921
3417 3537
3417 3441
3418 3930
3418 3546
3418 3450
3418 3422
3418 3420
3418 3674
3418 3866
3418 3482
3418 3914
3418 3530
3418 3434
3418 3922
3418 3538
3418 3442
3418 3929
3418 3545
3418 3449
3418 3421
3418 3419
3419 3931
3419 3547
3419 3451
3419 3423
3419 3420
3419 3675
3419 3867
3419 3483
3419 3915
3419 3531
3419 3435
3419 3923
3419 3539
3419 3443
3419 3929
3419 3545
3419 3449
3419 3421
3420 3932
3420 3548
3420 3452
3420 3424
3420 3676
3420 3868
3420 3484
3420 3916
3420 3532
3420 3436
3420 3924
3420 3540
3420 3444
3420 3930
3420 3546
3420 3450
3420 3422
3420 3931
3420 3547
3420 3451
3420 3423
3421 3933
3421 3549
3421 3453
3421 3423
3421 3422
3421 3677
3421 3869
3421 3485
3421 3917
3421 3533
3421 3437
3421 3925
3421 3541
3421 3445
3421 3929
3421 3545
3421 3449
3422 3934
3422 3550
3422 3454
3422 3424
3422 3678
3422 3870
3422 3486
3422 3918
3422 3534
3422 3438
3422 3926
3422 3542
3422 3446
3422 3930
3422 3546
3422 3450
3422 3933
3422 3549
3422 3453
3422 3423
3423 3935
3423 3551
3423 3455
3423 3424
3423 3679
3423 3871
3423 3487
3423 3919
3423 3535
3423 3439
3423 3927
3423 3543
3423 3447
3423 3931
3423 3547
3423 3451
3423 3933
3423 3549
3423 3453
3424 3936
3424 3552
3424 3456
3424 3680
3424 3872
3424 3488
3424 3920
3424 3536
3424 3440
3424 3928
3424 3544
3424 3448
3424 3932
3424 3548
3424 3452
3424 3934
3424 3550
3424 3454
3424 3935
3424 3551
3424 3455
3425 3937
3425 3553
3425 3441
3425 3433
3425 3429
3425 3427
3425 3426
3425 3681
3425 3873
3425 3489
3425 3905
3425 3521
3426 3938
3426 3554
3426 3442
3426 3434
3426 3430
3426 3428
3426 3682
3426 3874
3426 3490
3426 3906
3426 3522
3426 3937
3426 3553
3426 3441
3426 3433
3426 3429
3426 3427
3427 3939
3427 3555
3427 3443
3427 3435
3427 3431
3427 3428
3427 3683
3427 3875
3427 3491
3427 3907
3427 3523
3427 3937
3427 3553
3427 3441
3427 3433
3427 3429
3428 3940
3428 3556
3428 3444
3428 3436
3428 3432
3428 3684
3428 3876
3428 3492
3428 3908
3428 3524
3428 3938
3428 3554
3428 3442
3428 3434
3428 3430
3428 3939
3428 3555
3428 3443
3428 3435
3428 3431
3429 3941
3429 3557
3429 3445
3429 3437
3429 3431
3429 3430
3429 3685
3429 3877
3429 3493
3429 3909
3429 3525
3429 3937
3429 3553
3429 3441
3429 3433
3430 3942
3430 3558
3430 3446
3430 3438
3430 3432
3430 3686
3430 3878
3430 3494
3430 3910
3430 3526
3430 3938
3430 3554
3430 3442
3430 3434
3430 3941
3430 3557
3430 3445
3430 3437
3430 3431
3431 3943
3431 3559
3431 3447
3431 3439
3431 3432
3431 3687
3431 3879
3431 3495
3431 3911
3431 3527
3431 3939
3431 3555
3431 3443
3431 3435
3431 3941
3431 3557
3431 3445
3431 3437
3432 3944
3432 3560
3432 3448
3432 3440
3432 3688
3432 3880
3432 3496
3432 3912
3432 3528
3432 3940
3432 3556
3432 3444
3432 3436
3432 3942
3432 3558
3432 3446
3432 3438
3432 3943
3432 3559
3432 3447
3432 3439
3433 3945
3433 3561
3433 3449
3433 3437
3433 3435
3433 3434
3433 3689
3433 3881
3433 3497
3433 3913
3433 3529
3433 3937
3433 3553
3433 3441
3434 3946
3434 3562
3434 3450
3434 3438
3434 3436
3434 3690
3434 3882
3434 3498
3434 3914
3434 3530
3434 3938
3434 3554
3434 3442
3434 3945
3434 3561
3434 3449
3434 3437
3434 3435
3435 3947
3435 3563
3435 3451
3435 3439
3435 3436
3435 3691
3435 3883
3435 3499
3435 3915
3435 3531
3435 3939
3435 3555
3435 3443
3435 3945
3435 3561
3435 3449
3435 3437
3436 3948
3436 3564
3436 3452
3436 3440
3436 3692
3436 3884
3436 3500
3436 3916
3436 3532
3436 3940
3436 3556
3436 3444
3436 3946
3436 3562
3436 3450
3436 3438
3436 3947
3436 3563
3436 3451
3436 3439
3437 3949
3437 3565
3437 3453
3437 3439
3437 3438
3437 3693
3437 3885
3437 3501
3437 3917
3437 3533
3437 3941
3437 3557
3437 3445
3437 3945
3437 3561
3437 3449
3438 3950
3438 3566
3438 3454
3438 3440
3438 3694
3438 3886
3438 3502
3438 3918
3438 3534
3438 3942
3438 3558
3438 3446
3438 3946
3438 3562
3438 3450
3438 3949
3438 3565
3438 3453
3438 3439
3439 3951
3439 3567
3439 3455
3439 3440
3439 3695
3439 3887
3439 3503
3439 3919
3439 3535
3439 3943
3439 3559
3439 3447
3439 3947
3439 3563
3439 3451
3439 3949
3439 3565
3439 3453
3440 3952
3440 3568
3440 3456
3440 3696
3440 3888
3440 3504
3440 3920
3440 3536
3440 3944
3440 3560
3440 3448
3440 3948
3440 3564
3440 3452
3440 3950
3440 3566
3440 3454
3440 3951
3440 3567
3440 3455
3441 3953
3441 3569
3441 3449
3441 3445
3441 3443
3441 3442
3441 3697
3441 3889
3441 3505
3441 3921
3441 3537
3441 3937
3441 3553
3442 3954
3442 3570
3442 3450
3442 3446
3442 3444
3442 3698
3442 3890
3442 3506
3442 3922
3442 3538
3442 3938
3442 3554
3442 3953
3442 3569
3442 3449
3442 3445
3442 3443
3443 3955
3443 3571
3443 3451
3443 3447
3443 3444
3443 3699
3443 3891
3443 3507
3443 3923
3443 3539
3443 3939
3443 3555
3443 3953
3443 3569
3443 3449
3443 3445
3444 3956
3444 3572
3444 3452
3444 3448
3444 3700
3444 3892
3444 3508
3444 3924
3444 3540
3444 3940
3444 3556
3444 3954
3444 3570
3444 3450
3444 3446
3444 3955
3444 3571
3444 3451
3444 3447
3445 3957
3445 3573
3445 3453
3445 3447
3445 3446
3445 3701
3445 3893
3445 3509
3445 3925
3445 3541
3445 3941
3445 3557
3445 3953
3445 3569
3445 3449
3446 3958
3446 3574
3446 3454
3446 3448
3446 3702
3446 3894
3446 3510
3446 3926
3446 3542
3446 3942
3446 3558
3446 3954
3446 3570
3446 3450
3446 3957
3446 3573
3446 3453
3446 3447
3447 3959
3447 3575
3447 3455
3447 3448
3447 3703
3447 3895
3447 3511
3447 3927
3447 3543
3447 3943
3447 3559
3447 3955
3447 3571
3447 3451
3447 3957
3447 3573
3447 3453
3448 3960
3448 3576
3448 3456
3448 3704
3448 3896
3448 3512
3448 3928
3448 3544
3448 3944
3448 3560
3448 3956
3448 3572
3448 3452
3448 3958
3448 3574
3448 3454
3448 3959
3448 3575
3448 3455
3449 3961
3449 3577
3449 3453
3449 3451
3449 3450
3449 3705
3449 3897
3449 3513
3449 3929
3449 3545
3449 3945
3449 3561
3449 3953
3449 3569
3450 3962
3450 3578
3450 3454
3450 3452
3450 3706
3450 3898
3450 3514
3450 3930
3450 3546
3450 3946
3450 3562
3450 3954
3450 3570
3450 3961
3450 3577
3450 3453
3450 3451
3451 3963
3451 3579
3451 3455
3451 3452
3451 3707
3451 3899
3451 3515
3451 3931
3451 3547
3451 3947
3451 3563
3451 3955
3451 3571
3451 3961
3451 3577
3451 3453
3452 3964
3452 3580
3452 3456
3452 3708
3452 3900
3452 3516
3452 3932
3452 3548
3452 3948
3452 3564
3452 3956
3452 3572
3452 3962
3452 3578
3452 3454
3452 3963
3452 3579
3452 3455
3453 3965
3453 3581
3453 3455
3453 3454
3453 3709
3453 3901
3453 3517
3453 3933
3453 3549
3453 3949
3453 3565
3453 3957
3453 3573
3453 3961
3453 3577
3454 3966
3454 3582
3454 3456
3454 3710
3454 3902
3454 3518
3454 3934
3454 3550
3454 3950
3454 3566
3454 3958
3454 3574
3454 3962
3454 3578
3454 3965
3454 3581
3454 3455
3455 3967
3455 3583
3455 3456
3455 3711
3455 3903
3455 3519
3455 3935
3455 3551
3455 3951
3455 3567
3455 3959
3455 3575
3455 3963
3455 3579
3455 3965
3455 3581
3456 3968
3456 3584
3456 3712
3456 3904
3456 3520
3456 3936
3456 3552
3456 3952
3456 3568
3456 3960
3456 3576
3456 3964
3456 3580
3456 3966
3456 3582
3456 3967
3456 3583
3457 3969
3457 3521
3457 3489
3457 3473
3457 3465
3457 3461
3457 3459
3457 3458
3457 3713
3457 3841
3458 3970
3458 3522
3458 3490
3458 3474
3458 3466
3458 3462
3458 3460
3458 3714
3458 3842
3458 3969
3458 3521
3458 3489
3458 3473
3458 3465
3458 3461
3458 3459
3459 3971
3459 3523
3459 3491
3459 3475
3459 3467
3459 3463
3459 3460
3459 3715
3459 3843
3459 3969
3459 3521
3459 3489
3459 3473
3459 3465
3459 3461
3460 3972
3460 3524
3460 3492
3460 3476
3460 3468
3460 3464
3460 3716
3460 3844
3460 3970
3460 3522
3460 3490
3460 3474
3460 3466
3460 3462
3460 3971
3460 3523
3460 3491
3460 3475
3460 3467
3460 3463
3461 3973
3461 3525
3461 3493
3461 3477
3461 3469
3461 3463
3461 3462
3461 3717
3461 3845
3461 3969
3461 3521
3461 3489
3461 3473
3461 3465
3462 3974
3462 3526
3462 3494
3462 3478
3462 3470
3462 3464
3462 3718
3462 3846
3462 3970
3462 3522
3462 3490
3462 3474
3462 3466
3462 3973
3462 3525
3462 3493
3462 3477
3462 3469
3462 3463
3463 3975
3463 3527
3463 3495
3463 3479
3463 3471
3463 3464
3463 3719
3463 3847
3463 3971
3463 3523
3463 3491
3463 3475
3463 3467
3463 3973
3463 3525
3463 3493
3463 3477
3463 3469
3464 3976
3464 3528
3464 3496
3464 3480
3464 3472
3464 3720
3464 3848
3464 3972
3464 3524
3464 3492
3464 3476
3464 3468
3464 3974
3464 3526
3464 3494
3464 3478
3464 3470
3464 3975
3464 3527
3464 3495
3464 3479
3464 3471
3465 3977
3465 3529
3465 3497
3465 3481
3465 3469
3465 3467
3465 3466
3465 3721
3465 3849
3465 3969
3465 3521
3465 3489
3465 3473
3466 3978
3466 3530
3466 3498
3466 3482
3466 3470
3466 3468
3466 3722
3466 3850
3466 3970
3466 3522
3466 3490
3466 3474
3466 3977
3466 3529
3466 3497
3466 3481
3466 3469
3466 3467
3467 3979
3467 3531
3467 3499
3467 3483
3467 3471
3467 3468
3467 3723
3467 3851
3467 3971
3467 3523
3467 3491
3467 3475
3467 3977
3467 3529
3467 3497
3467 3481
3467 3469
3468 3980
3468 3532
3468 3500
3468 3484
3468 3472
3468 3724
3468 3852
3468 3972
3468 3524
3468 3492
3468 3476
3468 3978
3468 3530
3468 3498
3468 3482
3468 3470
3468 3979
3468 3531
3468 3499
3468 3483
3468 3471
3469 3981
3469 3533
3469 3501
3469 3485
3469 3471
3469 3470
3469 3725
3469 3853
3469 3973
3469 3525
3469 3493
3469 3477
3469 3977
3469 3529
3469 3497
3469 3481
3470 3982
3470 3534
3470 3502
3470 3486
3470 3472
3470 3726
3470 3854
3470 3974
3470 3526
3470 3494
3470 3478
3470 3978
3470 3530
3470 3498
3470 3482
3470 3981
3470 3533
3470 3501
3470 3485
3470 3471
3471 3983
3471 3535
3471 3503
3471 3487
3471 3472
3471 3727
3471 3855
3471 3975
3471 3527
3471 3495
3471 3479
3471 3979
3471 3531
3471 3499
3471 3483
3471 3981
3471 3533
3471 3501
3471 3485
3472 3984
3472 3536
3472 3504
3472 3488
3472 3728
3472 3856
3472 3976
3472 3528
3472 3496
3472 3480
3472 3980
3472 3532
3472 3500
3472 3484
3472 3982
3472 3534
3472 3502
3472 3486
3472 3983
3472 3535
3472 3503
3472 3487
3473 3985
3473 3537
3473 3505
3473 3481
3473 3477
3473 3475
3473 3474
3473 3729
3473 3857
3473 3969
3473 3521
3473 3489
3474 3986
3474 3538
3474 3506
3474 3482
3474 3478
3474 3476
3474 3730
3474 3858
3474 3970
3474 3522
3474 3490
3474 3985
3474 3537
3474 3505
3474 3481
3474 3477
3474 3475
3475 3987
3475 3539
3475 3507
3475 3483
3475 3479
3475 3476
3475 3731
3475 3859
3475 3971
3475 3523
3475 3491
3475 3985
3475 3537
3475 3505
3475 3481
3475 3477
3476 3988
3476 3540
3476 3508
3476 3484
3476 3480
3476 3732
3476 3860
3476 3972
3476 3524
3476 3492
3476 3986
3476 3538
3476 3506
3476 3482
3476 3478
3476 3987
3476 3539
3476 3507
3476 3483
3476 3479
3477 3989
3477 3541
3477 3509
3477 3485
3477 3479
3477 3478
3477 3733
3477 3861
3477 3973
3477 3525
3477 3493
3477 3985
3477 3537
3477 3505
3477 3481
3478 3990
3478 3542
3478 3510
3478 3486
3478 3480
3478 3734
3478 3862
3478 3974
3478 3526
3478 3494
3478 3986
3478 3538
3478 3506
3478 3482
3478 3989
3478 3541
3478 3509
3478 3485
3478 3479
3479 3991
3479 3543
3479 3511
3479 3487
3479 3480
3479 3735
3479 3863
3479 3975
3479 3527
3479 3495
3479 3987
3479 3539
3479 3507
3479 3483
3479 3989
3479 3541
3479 3509
3479 3485
3480 3992
3480 3544
3480 3512
3480 3488
3480 3736
3480 3864
3480 3976
3480 3528
3480 3496
3480 3988
3480 3540
3480 3508
3480 3484
3480 3990
3480 3542
3480 3510
3480 3486
3480 3991
3480 3543
3480 3511
3480 3487
3481 3993
3481 3545
3481 3513
3481 3485
3481 3483
3481 3482
3481 3737
3481 3865
3481 3977
3481 3529
3481 3497
3481 3985
3481 3537
3481 3505
3482 3994
3482 3546
3482 3514
3482 3486
3482 3484
3482 3738
3482 3866
3482 3978
3482 3530
3482 3498
3482 3986
3482 3538
3482 3506
3482 3993
3482 3545
3482 3513
3482 3485
3482 3483
3483 3995
3483 3547
3483 3515
3483 3487
3483 3484
3483 3739
3483 3867
3483 3979
3483 3531
3483 3499
3483 3987
3483 3539
3483 3507
3483 3993
3483 3545
3483 3513
3483 3485
3484 3996
3484 3548
3484 3516
3484 3488
3484 3740
3484 3868
3484 3980
3484 3532
3484 3500
3484 3988
3484 3540
3484 3508
3484 3994
3484 3546
3484 3514
3484 3486
3484 3995
3484 3547
3484 3515
3484 3487
3485 3997
3485 3549
3485 3517
3485 3487
3485 3486
3485 3741
3485 3869
3485 3981
3485 3533
3485 3501
3485 3989
3485 3541
3485 3509
3485 3993
3485 3545
3485 3513
3486 3998
3486 3550
3486 3518
3486 3488
3486 3742
3486 3870
3486 3982
3486 3534
3486 3502
3486 3990
3486 3542
3486 3510
3486 3994
3486 3546
3486 3514
3486 3997
3486 3549
3486 3517
3486 3487
3487 3999
3487 3551
3487 3519
3487 3488
3487 3743
3487 3871
3487 3983
3487 3535
3487 3503
3487 3991
3487 3543
3487 3511
3487 3995
3487 3547
3487 3515
3487 3997
3487 3549
3487 3517
3488 4000
3488 3552
3488 3520
3488 3744
3488 3872
3488 3984
3488 3536
3488 3504
3488 3992
3488 3544
3488 3512
3488 3996
3488 3548
3488 3516
3488 3998
3488 3550
3488 3518
3488 3999
3488 3551
3488 3519
3489 4001
3489 3553
3489 3505
3489 3497
3489 3493
3489 3491
3489 3490
3489 3745
3489 3873
3489 3969
3489 3521
3490 4002
3490 3554
3490 3506
3490 3498
3490 3494
3490 3492
3490 3746
3490 3874
3490 3970
3490 3522
3490 4001
3490 3553
3490 3505
3490 3497
3490 3493
3490 3491
3491 4003
3491 3555
3491 3507
3491 3499
3491 3495
3491 3492
3491 3747
3491 3875
3491 3971
3491 3523
3491 4001
3491 3553
3491 3505
3491 3497
3491 3493
3492 4004
3492 3556
3492 3508
3492 3500
3492 3496
3492 3748
3492 3876
3492 3972
3492 3524
3492 4002
3492 3554
3492 3506
3492 3498
3492 3494
3492 4003
3492 3555
3492 3507
3492 3499
3492 3495
3493 4005
3493 3557
3493 3509
3493 3501
3493 3495
3493 3494
3493 3749
3493 3877
3493 3973
3493 3525
3493 4001
3493 3553
3493 3505
3493 3497
3494 4006
3494 3558
3494 3510
3494 3502
3494 3496
3494 3750
3494 3878
3494 3974
3494 3526
3494 4002
3494 3554
3494 3506
3494 3498
3494 4005
3494 3557
3494 3509
3494 3501
3494 3495
3495 4007
3495 3559
3495 3511
3495 3503
3495 3496
3495 3751
3495 3879
3495 3975
3495 3527
3495 4003
3495 3555
3495 3507
3495 3499
3495 4005
3495 3557
3495 3509
3495 3501
3496 4008
3496 3560
3496 3512
3496 3504
3496 3752
3496 3880
3496 3976
3496 3528
3496 4004
3496 3556
3496 3508
3496 3500
3496 4006
3496 3558
3496 3510
3496 3502
3496 4007
3496 3559
3496 3511
3496 3503
3497 4009
3497 3561
3497 3513
3497 3501
3497 3499
3497 3498
3497 3753
3497 3881
3497 3977
3497 3529
3497 4001
3497 3553
3497 3505
3498 4010
3498 3562
3498 3514
3498 3502
3498 3500
3498 3754
3498 3882
3498 3978
3498 3530
3498 4002
3498 3554
3498 3506
3498 4009
3498 3561
3498 3513
3498 3501
3498 3499
3499 4011
3499 3563
3499 3515
3499 3503
3499 3500
3499 3755
3499 3883
3499 3979
3499 3531
3499 4003
3499 3555
3499 3507
3499 4009
3499 3561
3499 3513
3499 3501
3500 4012
3500 3564
3500 3516
3500 3504
3500 3756
3500 3884
3500 3980
3500 3532
3500 4004
3500 3556
3500 3508
3500 4010
3500 3562
3500 3514
3500 3502
3500 4011
3500 3563
3500 3515
3500 3503
3501 4013
3501 3565
3501 3517
3501 3503
3501 3502
3501 3757
3501 3885
3501 3981
3501 3533
3501 4005
3501 3557
3501 3509
3501 4009
3501 3561
3501 3513
3502 4014
3502 3566
3502 3518
3502 3504
3502 3758
3502 3886
3502 3982
3502 3534
3502 4006
3502 3558
3502 3510
3502 4010
3502 3562
3502 3514
3502 4013
3502 3565
3502 3517
3502 3503
3503 4015
3503 3567
3503 3519
3503 3504
3503 3759
3503 3887
3503 3983
3503 3535
3503 4007
3503 3559
3503 3511
3503 4011
3503 3563
3503 3515
3503 4013
3503 3565
3503 3517
3504 4016
3504 3568
3504 3520
3504 3760
3504 3888
3504 3984
3504 3536
3504 4008
3504 3560
3504 3512
3504 4012
3504 3564
3504 3516
3504 4014
3504 3566
3504 3518
3504 4015
3504 3567
3504 3519
3505 4017
3505 3569
3505 3513
3505 3509
3505 3507
3505 3506
3505 3761
3505 3889
3505 3985
3505 3537
3505 4001
3505 3553
3506 4018
3506 3570
3506 3514
3506 3510
3506 3508
3506 3762
3506 3890
3506 3986
3506 3538
3506 4002
3506 3554
3506 4017
3506 3569
3506 3513
3506 3509
3506 3507
3507 4019
3507 3571
3507 3515
3507 3511
3507 3508
3507 3763
3507 3891
3507 3987
3507 3539
3507 4003
3507 3555
3507 4017
3507 3569
3507 3513
3507 3509
3508 4020
3508 3572
3508 3516
3508 3512
3508 3764
3508 3892
3508 3988
3508 3540
3508 4004
3508 3556
3508 4018
3508 3570
3508 3514
3508 3510
3508 4019
3508 3571
3508 3515
3508 3511
3509 4021
3509 3573
3509 3517
3509 3511
3509 3510
3509 3765
3509 3893
3509 3989
3509 3541
3509 4005
3509 3557
3509 4017
3509 3569
3509 3513
3510 4022
3510 3574
3510 3518
3510 3512
3510 3766
3510 3894
3510 3990
3510 3542
3510 4006
3510 3558
3510 4018
3510 3570
3510 3514
3510 4021
3510 3573
3510 3517
3510 3511
3511 4023
3511 3575
3511 3519
3511 3512
3511 3767
3511 3895
3511 3991
3511 3543
3511 4007
3511 3559
3511 4019
3511 3571
3511 3515
3511 4021
3511 3573
3511 3517
3512 4024
3512 3576
3512 3520
3512 3768
3512 3896
3512 3992
3512 3544
3512 4008
3512 3560
3512 4020
3512 3572
3512 3516
3512 4022
3512 3574
3512 3518
3512 4023
3512 3575
3512 3519
3513 4025
3513 3577
3513 3517
3513 3515
3513 3514
3513 3769
3513 3897
3513 3993
3513 3545
3513 4009
3513 3561
3513 4017
3513 3569
3514 4026
3514 3578
3514 3518
3514 3516
3514 3770
3514 3898
3514 3994
3514 3546
3514 4010
3514 3562
3514 4018
3514 3570
3514 4025
3514 3577
3514 3517
3514 3515
3515 4027
3515 3579
3515 3519
3515 3516
3515 3771
3515 3899
3515 3995
3515 3547
3515 4011
3515 3563
3515 4019
3515 3571
3515 4025
3515 3577
3515 3517
3516 4028
3516 3580
3516 3520
3516 3772
3516 3900
3516 3996
3516 3548
3516 4012
3516 3564
3516 4020
3516 3572
3516 4026
3516 3578
3516 3518
3516 4027
3516 3579
3516 3519
3517 4029
3517 3581
3517 3519
3517 3518
3517 3773
3517 3901
3517 3997
3517 3549
3517 4013
3517 3565
3517 4021
3517 3573
3517 4025
3517 3577
3518 4030
3518 3582
3518 3520
3518 3774
3518 3902
3518 3998
3518 3550
3518 4014
3518 3566
3518 4022
3518 3574
3518 4026
3518 3578
3518 4029
3518 3581
3518 3519
3519 4031
3519 3583
3519 3520
3519 3775
3519 3903
3519 3999
3519 3551
3519 4015
3519 3567
3519 4023
3519 3575
3519 4027
3519 3579
3519 4029
3519 3581
3520 4032
3520 3584
3520 3776
3520 3904
3520 4000
3520 3552
3520 4016
3520 3568
3520 4024
3520 3576
3520 4028
3520 3580
3520 4030
3520 3582
3520 4031
3520 3583
3521 4033
3521 3553
3521 3537
3521 3529
3521 3525
3521 3523
3521 3522
3521 3777
3521 3905
3521 3969
3522 4034
3522 3554
3522 3538
3522 3530
3522 3526
3522 3524
3522 3778
3522 3906
3522 3970
3522 4033
3522 3553
3522 3537
3522 3529
3522 3525
3522 3523
3523 4035
3523 3555
3523 3539
3523 3531
3523 3527
3523 3524
3523 3779
3523 3907
3523 3971
3523 4033
3523 3553
3523 3537
3523 3529
3523 3525
3524 4036
3524 3556
3524 3540
3524 3532
3524 3528
3524 3780
3524 3908
3524 3972
3524 4034
3524 3554
3524 3538
3524 3530
3524 3526
3524 4035
3524 3555
3524 3539
3524 3531
3524 3527
3525 4037
3525 3557
3525 3541
3525 3533
3525 3527
3525 3526
3525 3781
3525 3909
3525 3973
3525 4033
3525 3553
3525 3537
3525 3529
3526 4038
3526 3558
3526 3542
3526 3534
3526 3528
3526 3782
3526 3910
3526 3974
3526 4034
3526 3554
3526 3538
3526 3530
3526 4037
3526 3557
3526 3541
3526 3533
3526 3527
3527 4039
3527 3559
3527 3543
3527 3535
3527 3528
3527 3783
3527 3911
3527 3975
3527 4035
3527 3555
3527 3539
3527 3531
3527 4037
3527 3557
3527 3541
3527 3533
3528 4040
3528 3560
3528 3544
3528 3536
3528 3784
3528 3912
3528 3976
3528 4036
3528 3556
3528 3540
3528 3532
3528 4038
3528 3558
3528 3542
3528 3534
3528 4039
3528 3559
3528 3543
3528 3535
3529 4041
3529 3561
3529 3545
3529 3533
3529 3531
3529 3530
3529 3785
3529 3913
3529 3977
3529 4033
3529 3553
3529 3537
3530 4042
3530 3562
3530 3546
3530 3534
3530 3532
3530 3786
3530 3914
3530 3978
3530 4034
3530 3554
3530 3538
3530 4041
3530 3561
3530 3545
3530 3533
3530 3531
3531 4043
3531 3563
3531 3547
3531 3535
3531 3532
3531 3787
3531 3915
3531 3979
3531 4035
3531 3555
3531 3539
3531 4041
3531 3561
3531 3545
3531 3533
3532 4044
3532 3564
3532 3548
3532 3536
3532 3788
3532 3916
3532 3980
3532 4036
3532 3556
3532 3540
3532 4042
3532 3562
3532 3546
3532 3534
3532 4043
3532 3563
3532 3547
3532 3535
3533 4045
3533 3565
3533 3549
3533 3535
3533 3534
3533 3789
3533 3917
3533 3981
3533 4037
3533 3557
3533 3541
3533 4041
3533 3561
3533 3545
3534 4046
3534 3566
3534 3550
3534 3536
3534 3790
3534 3918
3534 3982
3534 4038
3534 3558
3534 3542
3534 4042
3534 3562
3534 3546
3534 4045
3534 3565
3534 3549
3534 3535
3535 4047
3535 3567
3535 3551
3535 3536
3535 3791
3535 3919
3535 3983
3535 4039
3535 3559
3535 3543
3535 4043
3535 3563
3535 3547
3535 4045
3535 3565
3535 3549
3536 4048
3536 3568
3536 3552
3536 3792
3536 3920
3536 3984
3536 4040
3536 3560
3536 3544
3536 4044
3536 3564
3536 3548
3536 4046
3536 3566
3536 3550
3536 4047
3536 3567
3536 3551
3537 4049
3537 3569
3537 3545
3537 3541
3537 3539
3537 3538
3537 3793
3537 3921
3537 3985
3537 4033
3537 3553
3538 4050
3538 3570
3538 3546
3538 3542
3538 3540
3538 3794
3538 3922
3538 3986
3538 4034
3538 3554
3538 4049
3538 3569
3538 3545
3538 3541
3538 3539
3539 4051
3539 3571
3539 3547
3539 3543
3539 3540
3539 3795
3539 3923
3539 3987
3539 4035
3539 3555
3539 4049
3539 3569
3539 3545
3539 3541
3540 4052
3540 3572
3540 3548
3540 3544
3540 3796
3540 3924
3540 3988
3540 4036
3540 3556
3540 4050
3540 3570
3540 3546
3540 3542
3540 4051
3540 3571
3540 3547
3540 3543
3541 4053
3541 3573
3541 3549
3541 3543
3541 3542
3541 3797
3541 3925
3541 3989
3541 4037
3541 3557
3541 4049
3541 3569
3541 3545
3542 4054
3542 3574
3542 3550
3542 3544
3542 3798
3542 3926
3542 3990
3542 4038
3542 3558
3542 4050
3542 3570
3542 3546
3542 4053
3542 3573
3542 3549
3542 3543
3543 4055
3543 3575
3543 3551
3543 3544
3543 3799
3543 3927
3543 3991
3543 4039
3543 3559
3543 4051
3543 3571
3543 3547
3543 4053
3543 3573
3543 3549
3544 4056
3544 3576
3544 3552
3544 3800
3544 3928
3544 3992
3544 4040
3544 3560
3544 4052
3544 3572
3544 3548
3544 4054
3544 3574
3544 3550
3544 4055
3544 3575
3544 3551
3545 4057
3545 3577
3545 3549
3545 3547
3545 3546
3545 3801
3545 3929
3545 3993
3545 4041
3545 3561
3545 4049
3545 3569
3546 4058
3546 3578
3546 3550
3546 3548
3546 3802
3546 3930
3546 3994
3546 4042
3546 3562
3546 4050
3546 3570
3546 4057
3546 3577
3546 3549
3546 3547
3547 4059
3547 3579
3547 3551
3547 3548
3547 3803
3547 3931
3547 3995
3547 4043
3547 3563
3547 4051
3547 3571
3547 4057
3547 3577
3547 3549
3548 4060
3548 3580
3548 3552
3548 3804
3548 3932
3548 3996
3548 4044
3548 3564
3548 4052
3548 3572
3548 4058
3548 3578
3548 3550
3548 4059
3548 3579
3548 3551
3549 4061
3549 3581
3549 3551
3549 3550
3549 3805
3549 3933
3549 3997
3549 4045
3549 3565
3549 4053
3549 3573
3549 4057
3549 3577
3550 4062
3550 3582
3550 3552
3550 3806
3550 3934
3550 3998
3550 4046
3550 3566
3550 4054
3550 3574
3550 4058
3550 3578
3550 4061
3550 3581
3550 3551
3551 4063
3551 3583
3551 3552
3551 3807
3551 3935
3551 3999
3551 4047
3551 3567
3551 4055
3551 3575
3551 4059
3551 3579
3551 4061
3551 3581
3552 4064
3552 3584
3552 3808
3552 3936
3552 4000
3552 4048
3552 3568
3552 4056
3552 3576
3552 4060
3552 3580
3552 4062
3552 3582
3552 4063
3552 3583
3553 4065
3553 3569
3553 3561
3553 3557
3553 3555
3553 3554
3553 3809
3553 3937
3553 4001
3553 4033
3554 4066
3554 3570
3554 3562
3554 3558
3554 3556
3554 3810
3554 3938
3554 4002
3554 4034
3554 4065
3554 3569
3554 3561
3554 3557
3554 3555
3555 4067
3555 3571
3555 3563
3555 3559
3555 3556
3555 3811
3555 3939
3555 4003
3555 4035
3555 4065
3555 3569
3555 3561
3555 3557
3556 4068
3556 3572
3556 3564
3556 3560
3556 3812
3556 3940
3556 4004
3556 4036
3556 4066
3556 3570
3556 3562
3556 3558
3556 4067
3556 3571
3556 3563
3556 3559
3557 4069
3557 3573
3557 3565
3557 3559
3557 3558
3557 3813
3557 3941
3557 4005
3557 4037
3557 4065
3557 3569
3557 3561
3558 4070
3558 3574
3558 3566
3558 3560
3558 3814
3558 3942
3558 4006
3558 4038
3558 4066
3558 3570
3558 3562
3558 4069
3558 3573
3558 3565
3558 3559
3559 4071
3559 3575
3559 3567
3559 3560
3559 3815
3559 3943
3559 4007
3559 4039
3559 4067
3559 3571
3559 3563
3559 4069
3559 3573
3559 3565
3560 4072
3560 3576
3560 3568
3560 3816
3560 3944
3560 4008
3560 4040
3560 4068
3560 3572
3560 3564
3560 4070
3560 3574
3560 3566
3560 4071
3560 3575
3560 3567
3561 4073
3561 3577
3561 3565
3561 3563
3561 3562
3561 3817
3561 3945
3561 4009
3561 4041
3561 4065
3561 3569
3562 4074
3562 3578
3562 3566
3562 3564
3562 3818
3562 3946
3562 4010
3562 4042
3562 4066
3562 3570
3562 4073
3562 3577
3562 3565
3562 3563
3563 4075
3563 3579
3563 3567
3563 3564
3563 3819
3563 3947
3563 4011
3563 4043
3563 4067
3563 3571
3563 4073
3563 3577
3563 3565
3564 4076
3564 3580
3564 3568
3564 3820
3564 3948
3564 4012
3564 4044
3564 4068
3564 3572
3564 4074
3564 3578
3564 3566
3564 4075
3564 3579
3564 3567
3565 4077
3565 3581
3565 3567
3565 3566
3565 3821
3565 3949
3565 4013
3565 4045
3565 4069
3565 3573
3565 4073
3565 3577
3566 4078
3566 3582
3566 3568
3566 3822
3566 3950
3566 4014
3566 4046
3566 4070
3566 3574
3566 4074
3566 3578
3566 4077
3566 3581
3566 3567
3567 4079
3567 3583
3567 3568
3567 3823
3567 3951
3567 4015
3567 4047
3567 4071
3567 3575
3567 4075
3567 3579
3567 4077
3567 3581
3568 4080
3568 3584
3568 3824
3568 3952
3568 4016
3568 4048
3568 4072
3568 3576
3568 4076
3568 3580
3568 4078
3568 3582
3568 4079
3568 3583
3569 4081
3569 3577
3569 3573
3569 3571
3569 3570
3569 3825
3569 3953
3569 4017
3569 4049
3569 4065
3570 4082
3570 3578
3570 3574
3570 3572
3570 3826
3570 3954
3570 4018
3570 4050
3570 4066
3570 4081
3570 3577
3570 3573
3570 3571
3571 4083
3571 3579
3571 3575
3571 3572
3571 3827
3571 3955
3571 4019
3571 4051
3571 4067
3571 4081
3571 3577
3571 3573
3572 4084
3572 3580
3572 3576
3572 3828
3572 3956
3572 4020
3572 4052
3572 4068
3572 4082
3572 3578
3572 3574
3572 4083
3572 3579
3572 3575
3573 4085
3573 3581
3573 3575
3573 3574
3573 3829
3573 3957
3573 4021
3573 4053
3573 4069
3573 4081
3573 3577
3574 4086
3574 3582
3574 3576
3574 3830
3574 3958
3574 4022
3574 4054
3574 4070
3574 4082
3574 3578
3574 4085
3574 3581
3574 3575
3575 4087
3575 3583
3575 3576
3575 3831
3575 3959
3575 4023
3575 4055
3575 4071
3575 4083
3575 3579
3575 4085
3575 3581
3576 4088
3576 3584
3576 3832
3576 3960
3576 4024
3576 4056
3576 4072
3576 4084
3576 3580
3576 4086
3576 3582
3576 4087
3576 3583
3577 4089
3577 3581
3577 3579
3577 3578
3577 3833
3577 3961
3577 4025
3577 4057
3577 4073
3577 4081
3578 4090
3578 3582
3578 3580
3578 3834
3578 3962
3578 4026
3578 4058
3578 4074
3578 4082
3578 4089
3578 3581
3578 3579
3579 4091
3579 3583
3579 3580
3579 3835
3579 3963
3579 4027
3579 4059
3579 4075
3579 4083
3579 4089
3579 3581
3580 4092
3580 3584
3580 3836
3580 3964
3580 4028
3580 4060
3580 4076
3580 4084
3580 4090
3580 3582
3580 4091
3580 3583
3581 4093
3581 3583
3581 3582
3581 3837
3581 3965
3581 4029
3581 4061
3581 4077
3581 4085
3581 4089
3582 4094
3582 3584
3582 3838
3582 3966
3582 4030
3582 4062
3582 4078
3582 4086
3582 4090
3582 4093
3582 3583
3583 4095
3583 3584
3583 3839
3583 3967
3583 4031
3583 4063
3583 4079
3583 4087
3583 4091
3583 4093
3584 4096
3584 3840
3584 3968
3584 4032
3584 4064
3584 4080
3584 4088
3584 4092
3584 4094
3584 4095
3585 3841
3585 3713
3585 3649
3585 3617
3585 3601
3585 3593
3585 3589
3585 3587
3585 3586
3586 3842
3586 3714
3586 3650
3586 3618
3586 3602
3586 3594
3586 3590
3586 3588
3586 3841
3586 3713
3586 3649
3586 3617
3586 3601
3586 3593
3586 3589
3586 3587
3587 3843
3587 3715
3587 3651
3587 3619
3587 3603
3587 3595
3587 3591
3587 3588
3587 3841
3587 3713
3587 3649
3587 3617
3587 3601
3587 3593
3587 3589
3588 3844
3588 3716
3588 3652
3588 3620
3588 3604
3588 3596
3588 3592
3588 3842
3588 3714
3588 3650
3588 3618
3588 3602
3588 3594
3588 3590
3588 3843
3588 3715
3588 3651
3588 3619
3588 3603
3588 3595
3588 3591
3589 3845
3589 3717
3589 3653
3589 3621
3589 3605
3589 3597
3589 3591
3589 3590
3589 3841
3589 3713
3589 3649
3589 3617
3589 3601
3589 3593
3590 3846
3590 3718
3590 3654
3590 3622
3590 3606
3590 3598
3590 3592
3590 3842
3590 3714
3590 3650
3590 3618
3590 3602
3590 3594
3590 3845
3590 3717
3590 3653
3590 3621
3590 3605
3590 3597
3590 3591
3591 3847
3591 3719
3591 3655
3591 3623
3591 3607
3591 3599
3591 3592
3591 3843
3591 3715
3591 3651
3591 3619
3591 3603
3591 3595
3591 3845
3591 3717
3591 3653
3591 3621
3591 3605
3591 3597
3592 3848
3592 3720
3592 3656
3592 3624
3592 3608
3592 3600
3592 3844
3592 3716
3592 3652
3592 3620
3592 3604
3592 3596
3592 3846
3592 3718
3592 3654
3592 3622
3592 3606
3592 3598
3592 3847
3592 3719
3592 3655
3592 3623
3592 3607
3592 3599
3593 3849
3593 3721
3593 3657
3593 3625
3593 3609
3593 3597
3593 3595
3593 3594
3593 3841
3593 3713
3593 3649
3593 3617
3593 3601
3594 3850
3594 3722
3594 3658
3594 3626
3594 3610
3594 3598
3594 3596
3594 3842
3594 3714
3594 3650
3594 3618
3594 3602
3594 3849
3594 3721
3594 3657
3594 3625
3594 3609
3594 3597
3594 3595
3595 3851
3595 3723
3595 3659
3595 3627
3595 3611
3595 3599
3595 3596
3595 3843
3595 3715
3595 3651
3595 3619
3595 3603
3595 3849
3595 3721
3595 3657
3595 3625
3595 3609
3595 3597
3596 3852
3596 3724
3596 3660
3596 3628
3596 3612
3596 3600
3596 3844
3596 3716
3596 3652
3596 3620
3596 3604
3596 3850
3596 3722
3596 3658
3596 3626
3596 3610
3596 3598
3596 3851
3596 3723
3596 3659
3596 3627
3596 3611
3596 3599
3597 3853
3597 3725
3597 3661
3597 3629
3597 3613
3597 3599
3597 3598
3597 3845
3597 3717
3597 3653
3597 3621
3597 3605
3597 3849
3597 3721
3597 3657
3597 3625
3597 3609
3598 3854
3598 3726
3598 3662
3598 3630
3598 3614
3598 3600
3598 3846
3598 3718
3598 3654
3598 3622
3598 3606
3598 3850
3598 3722
3598 3658
3598 3626
3598 3610
3598 3853
3598 3725
3598 3661
3598 3629
3598 3613
3598 3599
3599 3855
3599 3727
3599 3663
3599 3631
3599 3615
3599 3600
3599 3847
3599 3719
3599 3655
3599 3623
3599 3607
3599 3851
3599 3723
3599 3659
3599 3627
3599 3611
3599 3853
3599 3725
3599 3661
3599 3629
3599 3613
3600 3856
3600 3728
3600 3664
3600 3632
3600 3616
3600 3848
3600 3720
3600 3656
3600 3624
3600 3608
3600 3852
3600 3724
3600 3660
3600 3628
3600 3612
3600 3854
3600 3726
3600 3662
3600 3630
3600 3614
3600 3855
3600 3727
3600 3663
3600 3631
3600 3615
3601 3857
3601 3729
3601 3665
3601 3633
3601 3609
3601 3605
3601 3603
3601 3602
3601 3841
3601 3713
3601 3649
3601 3617
3602 3858
3602 3730
3602 3666
3602 3634
3602 3610
3602 3606
3602 3604
3602 3842
3602 3714
3602 3650
3602 3618
3602 3857
3602 3729
3602 3665
3602 3633
3602 3609
3602 3605
3602 3603
3603 3859
3603 3731
3603 3667
3603 3635
3603 3611
3603 3607
3603 3604
3603 3843
3603 3715
3603 3651
3603 3619
3603 3857
3603 3729
3603 3665
3603 3633
3603 3609
3603 3605
3604 3860
3604 3732
3604 3668
3604 3636
3604 3612
3604 3608
3604 3844
3604 3716
3604 3652
3604 3620
3604 3858
3604 3730
3604 3666
3604 3634
3604 3610
3604 3606
3604 3859
3604 3731
3604 3667
3604 3635
3604 3611
3604 3607
3605 3861
3605 3733
3605 3669
3605 3637
3605 3613
3605 3607
3605 3606
3605 3845
3605 3717
3605 3653
3605 3621
3605 3857
3605 3729
3605 3665
3605 3633
3605 3609
3606 3862
3606 3734
3606 3670
3606 3638
3606 3614
3606 3608
3606 3846
3606 3718
3606 3654
3606 3622
3606 3858
3606 3730
3606 3666
3606 3634
3606 3610
3606 3861
3606 3733
3606 3669
3606 3637
3606 3613
3606 3607
3607 3863
3607 3735
3607 3671
3607 3639
3607 3615
3607 3608
3607 3847
3607 3719
3607 3655
3607 3623
3607 3859
3607 3731
3607 3667
3607 3635
3607 3611
3607 3861
3607 3733
3607 3669
3607 3637
3607 3613
3608 3864
3608 3736
3608 3672
3608 3640
3608 3616
3608 3848
3608 3720
3608 3656
3608 3624
3608 3860
3608 3732
3608 3668
3608 3636
3608 3612
3608 3862
3608 3734
3608 3670
3608 3638
3608 3614
3608 3863
3608 3735
3608 3671
3608 3639
3608 3615
3609 3865
3609 3737
3609 3673
3609 3641
3609 3613
3609 3611
3609 3610
3609 3849
3609 3721
3609 3657
3609 3625
3609 3857
3609 3729
3609 3665
3609 3633
3610 3866
3610 3738
3610 3674
3610 3642
3610 3614
3610 3612
3610 3850
3610 3722
3610 3658
3610 3626
3610 3858
3610 3730
3610 3666
3610 3634
3610 3865
3610 3737
3610 3673
3610 3641
3610 3613
3610 3611
3611 3867
3611 3739
3611 3675
3611 3643
3611 3615
3611 3612
3611 3851
3611 3723
3611 3659
3611 3627
3611 3859
3611 3731
3611 3667
3611 3635
3611 3865
3611 3737
3611 3673
3611 3641
3611 3613
3612 3868
3612 3740
3612 3676
3612 3644
3612 3616
3612 3852
3612 3724
3612 3660
3612 3628
3612 3860
3612 3732
3612 3668
3612 3636
3612 3866
3612 3738
3612 3674
3612 3642
3612 3614
3612 3867
3612 3739
3612 3675
3612 3643
3612 3615
3613 3869
3613 3741
3613 3677
3613 3645
3613 3615
3613 3614
3613 3853
3613 3725
3613 3661
3613 3629
3613 3861
3613 3733
3613 3669
3613 3637
3613 3865
3613 3737
3613 3673
3613 3641
3614 3870
3614 3742
3614 3678
3614 3646
3614 3616
3614 3854
3614 3726
3614 3662
3614 3630
3614 3862
3614 3734
3614 3670
3614 3638
3614 3866
3614 3738
3614 3674
3614 3642
3614 3869
3614 3741
3614 3677
3614 3645
3614 3615
3615 3871
3615 3743
3615 3679
3615 3647
3615 3616
3615 3855
3615 3727
3615 3663
3615 3631
3615 3863
3615 3735
3615 3671
3615 3639
3615 3867
3615 3739
3615 3675
3615 3643
3615 3869
3615 3741
3615 3677
3615 3645
3616 3872
3616 3744
3616 3680
3616 3648
3616 3856
3616 3728
3616 3664
3616 3632
3616 3864
3616 3736
3616 3672
3616 3640
3616 3868
3616 3740
3616 3676
3616 3644
3616 3870
3616 3742
3616 3678
3616 3646
3616 3871
3616 3743
3616 3679
3616 3647
3617 3873
3617 3745
3617 3681
3617 3633
3617 3625
3617 3621
3617 3619
3617 3618
3617 3841
3617 3713
3617 3649
3618 3874
3618 3746
3618 3682
3618 3634
3618 3626
3618 3622
3618 3620
3618 3842
3618 3714
3618 3650
3618 3873
3618 3745
3618 3681
3618 3633
3618 3625
3618 3621
3618 3619
3619 3875
3619 3747
3619 3683
3619 3635
3619 3627
3619 3623
3619 3620
3619 3843
3619 3715
3619 3651
3619 3873
3619 3745
3619 3681
3619 3633
3619 3625
3619 3621
3620 3876
3620 3748
3620 3684
3620 3636
3620 3628
3620 3624
3620 3844
3620 3716
3620 3652
3620 3874
3620 3746
3620 3682
3620 3634
3620 3626
3620 3622
3620 3875
3620 3747
3620 3683
3620 3635
3620 3627
3620 3623
3621 3877
3621 3749
3621 3685
3621 3637
3621 3629
3621 3623
3621 3622
3621 3845
3621 3717
3621 3653
3621 3873
3621 3745
3621 3681
3621 3633
3621 3625
3622 3878
3622 3750
3622 3686
3622 3638
3622 3630
3622 3624
3622 3846
3622 3718
3622 3654
3622 3874
3622 3746
3622 3682
3622 3634
3622 3626
3622 3877
3622 3749
3622 3685
3622 3637
3622 3629
3622 3623
3623 3879
3623 3751
3623 3687
3623 3639
3623 3631
3623 3624
3623 3847
3623 3719
3623 3655
3623 3875
3623 3747
3623 3683
3623 3635
3623 3627
3623 3877
3623 3749
3623 3685
3623 3637
3623 3629
3624 3880
3624 3752
3624 3688
3624 3640
3624 3632
3624 3848
3624 3720
3624 3656
3624 3876
3624 3748
3624 3684
3624 3636
3624 3628
3624 3878
3624 3750
3624 3686
3624 3638
3624 3630
3624 3879
3624 3751
3624 3687
3624 3639
3624 3631
3625 3881
3625 3753
3625 3689
3625 3641
3625 3629
3625 3627
3625 3626
3625 3849
3625 3721
3625 3657
3625 3873
3625 3745
3625 3681
3625 3633
3626 3882
3626 3754
3626 3690
3626 3642
3626 3630
3626 3628
3626 3850
3626 3722
3626 3658
3626 3874
3626 3746
3626 3682
3626 3634
3626 3881
3626 3753
3626 3689
3626 3641
3626 3629
3626 3627
3627 3883
3627 3755
3627 3691
3627 3643
3627 3631
3627 3628
3627 3851
3627 3723
3627 3659
3627 3875
3627 3747
3627 3683
3627 3635
3627 3881
3627 3753
3627 3689
3627 3641
3627 3629
3628 3884
3628 3756
3628 3692
3628 3644
3628 3632
3628 3852
3628 3724
3628 3660
3628 3876
3628 3748
3628 3684
3628 3636
3628 3882
3628 3754
3628 3690
3628 3642
3628 3630
3628 3883
3628 3755
3628 3691
3628 3643
3628 3631
3629 3885
3629 3757
3629 3693
3629 3645
3629 3631
3629 3630
3629 3853
3629 3725
3629 3661
3629 3877
3629 3749
3629 3685
3629 3637
3629 3881
3629 3753
3629 3689
3629 3641
3630 3886
3630 3758
3630 3694
3630 3646
3630 3632
3630 3854
3630 3726
3630 3662
3630 3878
3630 3750
3630 3686
3630 3638
3630 3882
3630 3754
3630 3690
3630 3642
3630 3885
3630 3757
3630 3693
3630 3645
3630 3631
3631 3887
3631 3759
3631 3695
3631 3647
3631 3632
3631 3855
3631 3727
3631 3663
3631 3879
3631 3751
3631 3687
3631 3639
3631 3883
3631 3755
3631 3691
3631 3643
3631 3885
3631 3757
3631 3693
3631 3645
3632 3888
3632 3760
3632 3696
3632 3648
3632 3856
3632 3728
3632 3664
3632 3880
3632 3752
3632 3688
3632 3640
3632 3884
3632 3756
3632 3692
3632 3644
3632 3886
3632 3758
3632 3694
3632 3646
3632 3887
3632 3759
3632 3695
3632 3647
3633 3889
3633 3761
3633 3697
3633 3641
3633 3637
3633 3635
3633 3634
3633 3857
3633 3729
3633 3665
3633 3873
3633 3745
3633 3681
3634 3890
3634 3762
3634 3698
3634 3642
3634 3638
3634 3636
3634 3858
3634 3730
3634 3666
3634 3874
3634 3746
3634 3682
3634 3889
3634 3761
3634 3697
3634 3641
3634 3637
3634 3635
3635 3891
3635 3763
3635 3699
3635 3643
3635 3639
3635 3636
3635 3859
3635 3731
3635 3667
3635 3875
3635 3747
3635 3683
3635 3889
3635 3761
3635 3697
3635 3641
3635 3637
3636 3892
3636 3764
3636 3700
3636 3644
3636 3640
3636 3860
3636 3732
3636 3668
3636 3876
3636 3748
3636 3684
3636 3890
3636 3762
3636 3698
3636 3642
3636 3638
3636 3891
3636 3763
3636 3699
3636 3643
3636 3639
3637 3893
3637 3765
3637 3701
3637 3645
3637 3639
3637 3638
3637 3861
3637 3733
3637 3669
3637 3877
3637 3749
3637 3685
3637 3889
3637 3761
3637 3697
3637 3641
3638 3894
3638 3766
3638 3702
3638 3646
3638 3640
3638 3862
3638 3734
3638 3670
3638 3878
3638 3750
3638 3686
3638 3890
3638 3762
3638 3698
3638 3642
3638 3893
3638 3765
3638 3701
3638 3645
3638 3639
3639 3895
3639 3767
3639 3703
3639 3647
3639 3640
3639 3863
3639 3735
3639 3671
3639 3879
3639 3751
3639 3687
3639 3891
3639 3763
3639 3699
3639 3643
3639 3893
3639 3765
3639 3701
3639 3645
3640 3896
3640 3768
3640 3704
3640 3648
3640 3864
3640 3736
3640 3672
3640 3880
3640 3752
3640 3688
3640 3892
3640 3764
3640 3700
3640 3644
3640 3894
3640 3766
3640 3702
3640 3646
3640 3895
3640 3767
3640 3703
3640 3647
3641 3897
3641 3769
3641 3705
3641 3645
3641 3643
3641 3642
3641 3865
3641 3737
3641 3673
3641 3881
3641 3753
3641 3689
3641 3889
3641 3761
3641 3697
3642 3898
3642 3770
3642 3706
3642 3646
3642 3644
3642 3866
3642 3738
3642 3674
3642 3882
3642 3754
3642 3690
3642 3890
3642 3762
3642 3698
3642 3897
3642 3769
3642 3705
3642 3645
3642 3643
3643 3899
3643 3771
3643 3707
3643 3647
3643 3644
3643 3867
3643 3739
3643 3675
3643 3883
3643 3755
3643 3691
3643 3891
3643 3763
3643 3699
3643 3897
3643 3769
3643 3705
3643 3645
3644 3900
3644 3772
3644 3708
3644 3648
3644 3868
3644 3740
3644 3676
3644 3884
3644 3756
3644 3692
3644 3892
3644 3764
3644 3700
3644 3898
3644 3770
3644 3706
3644 3646
3644 3899
3644 3771
3644 3707
3644 3647
3645 3901
3645 3773
3645 3709
3645 3647
3645 3646
3645 3869
3645 3741
3645 3677
3645 3885
3645 3757
3645 3693
3645 3893
3645 3765
3645 3701
3645 3897
3645 3769
3645 3705
3646 3902
3646 3774
3646 3710
3646 3648
3646 3870
3646 3742
3646 3678
3646 3886
3646 3758
3646 3694
3646 3894
3646 3766
3646 3702
3646 3898
3646 3770
3646 3706
3646 3901
3646 3773
3646 3709
3646 3647
3647 3903
3647 3775
3647 3711
3647 3648
3647 3871
3647 3743
3647 3679
3647 3887
3647 3759
3647 3695
3647 3895
3647 3767
3647 3703
3647 3899
3647 3771
3647 3707
3647 3901
3647 3773
3647 3709
3648 3904
3648 3776
3648 3712
3648 3872
3648 3744
3648 3680
3648 3888
3648 3760
3648 3696
3648 3896
3648 3768
3648 3704
3648 3900
3648 3772
3648 3708
3648 3902
3648 3774
3648 3710
3648 3903
3648 3775
3648 3711
3649 3905
3649 3777
3649 3681
3649 3665
3649 3657
3649 3653
3649 3651
3649 3650
3649 3841
3649 3713
3650 3906
3650 3778
3650 3682
3650 3666
3650 3658
3650 3654
3650 3652
3650 3842
3650 3714
3650 3905
3650 3777
3650 3681
3650 3665
3650 3657
3650 3653
3650 3651
3651 3907
3651 3779
3651 3683
3651 3667
3651 3659
3651 3655
3651 3652
3651 3843
3651 3715
3651 3905
3651 3777
3651 3681
3651 3665
3651 3657
3651 3653
3652 3908
3652 3780
3652 3684
3652 3668
3652 3660
3652 3656
3652 3844
3652 3716
3652 3906
3652 3778
3652 3682
3652 3666
3652 3658
3652 3654
3652 3907
3652 3779
3652 3683
3652 3667
3652 3659
3652 3655
3653 3909
3653 3781
3653 3685
3653 3669
3653 3661
3653 3655
3653 3654
3653 3845
3653 3717
3653 3905
3653 3777
3653 3681
3653 3665
3653 3657
3654 3910
3654 3782
3654 3686
3654 3670
3654 3662
3654 3656
3654 3846
3654 3718
3654 3906
3654 3778
3654 3682
3654 3666
3654 3658
3654 3909
3654 3781
3654 3685
3654 3669
3654 3661
3654 3655
3655 3911
3655 3783
3655 3687
3655 3671
3655 3663
3655 3656
3655 3847
3655 3719
3655 3907
3655 3779
3655 3683
3655 3667
3655 3659
3655 3909
3655 3781
3655 3685
3655 3669
3655 3661
3656 3912
3656 3784
3656 3688
3656 3672
3656 3664
3656 3848
3656 3720
3656 3908
3656 3780
3656 3684
3656 3668
3656 3660
3656 3910
3656 3782
3656 3686
3656 3670
3656 3662
3656 3911
3656 3783
3656 3687
3656 3671
3656 3663
3657 3913
3657 3785
3657 3689
3657 3673
3657 3661
3657 3659
3657 3658
3657 3849
3657 3721
3657 3905
3657 3777
3657 3681
3657 3665
3658 3914
3658 3786
3658 3690
3658 3674
3658 3662
3658 3660
3658 3850
3658 3722
3658 3906
3658 3778
3658 3682
3658 3666
3658 3913
3658 3785
3658 3689
3658 3673
3658 3661
3658 3659
3659 3915
3659 3787
3659 3691
3659 3675
3659 3663
3659 3660
3659 3851
3659 3723
3659 3907
3659 3779
3659 3683
3659 3667
3659 3913
3659 3785
3659 3689
3659 3673
3659 3661
3660 3916
3660 3788
3660 3692
3660 3676
3660 3664
3660 3852
3660 3724
3660 3908
3660 3780
3660 3684
3660 3668
3660 3914
3660 3786
3660 3690
3660 3674
3660 3662
3660 3915
3660 3787
3660 3691
3660 3675
3660 3663
3661 3917
3661 3789
3661 3693
3661 3677
3661 3663
3661 3662
3661 3853
3661 3725
3661 3909
3661 3781
3661 3685
3661 3669
3661 3913
3661 3785
3661 3689
3661 3673
3662 3918
3662 3790
3662 3694
3662 3678
3662 3664
3662 3854
3662 3726
3662 3910
3662 3782
3662 3686
3662 3670
3662 3914
3662 3786
3662 3690
3662 3674
3662 3917
3662 3789
3662 3693
3662 3677
3662 3663
3663 3919
3663 3791
3663 3695
3663 3679
3663 3664
3663 3855
3663 3727
3663 3911
3663 3783
3663 3687
3663 3671
3663 3915
3663 3787
3663 3691
3663 3675
3663 3917
3663 3789
3663 3693
3663 3677
3664 3920
3664 3792
3664 3696
3664 3680
3664 3856
3664 3728
3664 3912
3664 3784
3664 3688
3664 3672
3664 3916
3664 3788
3664 3692
3664 3676
3664 3918
3664 3790
3664 3694
3664 3678
3664 3919
3664 3791
3664 3695
3664 3679
3665 3921
3665 3793
3665 3697
3665 3673
3665 3669
3665 3667
3665 3666
3665 3857
3665 3729
3665 3905
3665 3777
3665 3681
3666 3922
3666 3794
3666 3698
3666 3674
3666 3670
3666 3668
3666 3858
3666 3730
3666 3906
3666 3778
3666 3682
3666 3921
3666 3793
3666 3697
3666 3673
3666 3669
3666 3667
3667 3923
3667 3795
3667 3699
3667 3675
3667 3671
3667 3668
3667 3859
3667 3731
3667 3907
3667 3779
3667 3683
3667 3921
3667 3793
3667 3697
3667 3673
3667 3669
3668 3924
3668 3796
3668 3700
3668 3676
3668 3672
3668 3860
3668 3732
3668 3908
3668 3780
3668 3684
3668 3922
3668 3794
3668 3698
3668 3674
3668 3670
3668 3923
3668 3795
3668 3699
3668 3675
3668 3671
3669 3925
3669 3797
3669 3701
3669 3677
3669 3671
3669 3670
3669 3861
3669 3733
3669 3909
3669 3781
3669 3685
3669 3921
3669 3793
3669 3697
3669 3673
3670 3926
3670 3798
3670 3702
3670 3678
3670 3672
3670 3862
3670 3734
3670 3910
3670 3782
3670 3686
3670 3922
3670 3794
3670 3698
3670 3674
3670 3925
3670 3797
3670 3701
3670 3677
3670 3671
3671 3927
3671 3799
3671 3703
3671 3679
3671 3672
3671 3863
3671 3735
3671 3911
3671 3783
3671 3687
3671 3923
3671 3795
3671 3699
3671 3675
3671 3925
3671 3797
3671 3701
3671 3677
3672 3928
3672 3800
3672 3704
3672 3680
3672 3864
3672 3736
3672 3912
3672 3784
3672 3688
3672 3924
3672 3796
3672 3700
3672 3676
3672 3926
3672 3798
3672 3702
3672 3678
3672 3927
3672 3799
3672 3703
3672 3679
3673 3929
3673 3801
3673 3705
3673 3677
3673 3675
3673 3674
3673 3865
3673 3737
3673 3913
3673 3785
3673 3689
3673 3921
3673 3793
3673 3697
3674 3930
3674 3802
3674 3706
3674 3678
3674 3676
3674 3866
3674 3738
3674 3914
3674 3786
3674 3690
3674 3922
3674 3794
3674 3698
3674 3929
3674 3801
3674 3705
3674 3677
3674 3675
3675 3931
3675 3803
3675 3707
3675 3679
3675 3676
3675 3867
3675 3739
3675 3915
3675 3787
3675 3691
3675 3923
3675 3795
3675 3699
3675 3929
3675 3801
3675 3705
3675 3677
3676 3932
3676 3804
3676 3708
3676 3680
3676 3868
3676 3740
3676 3916
3676 3788
3676 3692
3676 3924
3676 3796
3676 3700
3676 3930
3676 3802
3676 3706
3676 3678
3676 3931
3676 3803
3676 3707
3676 3679
3677 3933
3677 3805
3677 3709
3677 3679
3677 3678
3677 3869
3677 3741
3677 3917
3677 3789
3677 3693
3677 3925
3677 3797
3677 3701
3677 3929
3677 3801
3677 3705
3678 3934
3678 3806
3678 3710
3678 3680
3678 3870
3678 3742
3678 3918
3678 3790
3678 3694
3678 3926
3678 3798
3678 3702
3678 3930
3678 3802
3678 3706
3678 3933
3678 3805
3678 3709
3678 3679
3679 3935
3679 3807
3679 3711
3679 3680
3679 3871
3679 3743
3679 3919
3679 3791
3679 3695
3679 3927
3679 3799
3679 3703
3679 3931
3679 3803
3679 3707
3679 3933
3679 3805
3679 3709
3680 3936
3680 3808
3680 3712
3680 3872
3680 3744
3680 3920
3680 3792
3680 3696
3680 3928
3680 3800
3680 3704
3680 3932
3680 3804
3680 3708
3680 3934
3680 3806
3680 3710
3680 3935
3680 3807
3680 3711
3681 3937
3681 3809
3681 3697
3681 3689
3681 3685
3681 3683
3681 3682
3681 3873
3681 3745
3681 3905
3681 3777
3682 3938
3682 3810
3682 3698
3682 3690
3682 3686
3682 3684
3682 3874
3682 3746
3682 3906
3682 3778
3682 3937
3682 3809
3682 3697
3682 3689
3682 3685
3682 3683
3683 3939
3683 3811
3683 3699
3683 3691
3683 3687
3683 3684
3683 3875
3683 3747
3683 3907
3683 3779
3683 3937
3683 3809
3683 3697
3683 3689
3683 3685
3684 3940
3684 3812
3684 3700
3684 3692
3684 3688
3684 3876
3684 3748
3684 3908
3684 3780
3684 3938
3684 3810
3684 3698
3684 3690
3684 3686
3684 3939
3684 3811
3684 3699
3684 3691
3684 3687
3685 3941
3685 3813
3685 3701
3685 3693
3685 3687
3685 3686
3685 3877
3685 3749
3685 3909
3685 3781
3685 3937
3685 3809
3685 3697
3685 3689
3686 3942
3686 3814
3686 3702
3686 3694
3686 3688
3686 3878
3686 3750
3686 3910
3686 3782
3686 3938
3686 3810
3686 3698
3686 3690
3686 3941
3686 3813
3686 3701
3686 3693
3686 3687
3687 3943
3687 3815
3687 3703
3687 3695
3687 3688
3687 3879
3687 3751
3687 3911
3687 3783
3687 3939
3687 3811
3687 3699
3687 3691
3687 3941
3687 3813
3687 3701
3687 3693
3688 3944
3688 3816
3688 3704
3688 3696
3688 3880
3688 3752
3688 3912
3688 3784
3688 3940
3688 3812
3688 3700
3688 3692
3688 3942
3688 3814
3688 3702
3688 3694
3688 3943
3688 3815
3688 3703
3688 3695
3689 3945
3689 3817
3689 3705
3689 3693
3689 3691
3689 3690
3689 3881
3689 3753
3689 3913
3689 3785
3689 3937
3689 3809
3689 3697
3690 3946
3690 3818
3690 3706
3690 3694
3690 3692
3690 3882
3690 3754
3690 3914
3690 3786
3690 3938
3690 3810
3690 3698
3690 3945
3690 3817
3690 3705
3690 3693
3690 3691
3691 3947
3691 3819
3691 3707
3691 3695
3691 3692
3691 3883
3691 3755
3691 3915
3691 3787
3691 3939
3691 3811
3691 3699
3691 3945
3691 3817
3691 3705
3691 3693
3692 3948
3692 3820
3692 3708
3692 3696
3692 3884
3692 3756
3692 3916
3692 3788
3692 3940
3692 3812
3692 3700
3692 3946
3692 3818
3692 3706
3692 3694
3692 3947
3692 3819
3692 3707
3692 3695
3693 3949
3693 3821
3693 3709
3693 3695
3693 3694
3693 3885
3693 3757
3693 3917
3693 3789
3693 3941
3693 3813
3693 3701
3693 3945
3693 3817
3693 3705
3694 3950
3694 3822
3694 3710
3694 3696
3694 3886
3694 3758
3694 3918
3694 3790
3694 3942
3694 3814
3694 3702
3694 3946
3694 3818
3694 3706
3694 3949
3694 3821
3694 3709
3694 3695
3695 3951
3695 3823
3695 3711
3695 3696
3695 3887
3695 3759
3695 3919
3695 3791
3695 3943
3695 3815
3695 3703
3695 3947
3695 3819
3695 3707
3695 3949
3695 3821
3695 3709
3696 3952
3696 3824
3696 3712
3696 3888
3696 3760
3696 3920
3696 3792
3696 3944
3696 3816
3696 3704
3696 3948
3696 3820
3696 3708
3696 3950
3696 3822
3696 3710
3696 3951
3696 3823
3696 3711
3697 3953
3697 3825
3697 3705
3697 3701
3697 3699
3697 3698
3697 3889
3697 3761
3697 3921
3697 3793
3697 3937
3697 3809
3698 3954
3698 3826
3698 3706
3698 3702
3698 3700
3698 3890
3698 3762
3698 3922
3698 3794
3698 3938
3698 3810
3698 3953
3698 3825
3698 3705
3698 3701
3698 3699
3699 3955
3699 3827
3699 3707
3699 3703
3699 3700
3699 3891
3699 3763
3699 3923
3699 3795
3699 3939
3699 3811
3699 3953
3699 3825
3699 3705
3699 3701
3700 3956
3700 3828
3700 3708
3700 3704
3700 3892
3700 3764
3700 3924
3700 3796
3700 3940
3700 3812
3700 3954
3700 3826
3700 3706
3700 3702
3700 3955
3700 3827
3700 3707
3700 3703
3701 3957
3701 3829
3701 3709
3701 3703
3701 3702
3701 3893
3701 3765
3701 3925
3701 3797
3701 3941
3701 3813
3701 3953
3701 3825
3701 3705
3702 3958
3702 3830
3702 3710
3702 3704
3702 3894
3702 3766
3702 3926
3702 3798
3702 3942
3702 3814
3702 3954
3702 3826
3702 3706
3702 3957
3702 3829
3702 3709
3702 3703
3703 3959
3703 3831
3703 3711
3703 3704
3703 3895
3703 3767
3703 3927
3703 3799
3703 3943
3703 3815
3703 3955
3703 3827
3703 3707
3703 3957
3703 3829
3703 3709
3704 3960
3704 3832
3704 3712
3704 3896
3704 3768
3704 3928
3704 3800
3704 3944
3704 3816
3704 3956
3704 3828
3704 3708
3704 3958
3704 3830
3704 3710
3704 3959
3704 3831
3704 3711
3705 3961
3705 3833
3705 3709
3705 3707
3705 3706
3705 3897
3705 3769
3705 3929
3705 3801
3705 3945
3705 3817
3705 3953
3705 3825
3706 3962
3706 3834
3706 3710
3706 3708
3706 3898
3706 3770
3706 3930
3706 3802
3706 3946
3706 3818
3706 3954
3706 3826
3706 3961
3706 3833
3706 3709
3706 3707
3707 3963
3707 3835
3707 3711
3707 3708
3707 3899
3707 3771
3707 3931
3707 3803
3707 3947
3707 3819
3707 3955
3707 3827
3707 3961
3707 3833
3707 3709
3708 3964
3708 3836
3708 3712
3708 3900
3708 3772
3708 3932
3708 3804
3708 3948
3708 3820
3708 3956
3708 3828
3708 3962
3708 3834
3708 3710
3708 3963
3708 3835
3708 3711
3709 3965
3709 3837
3709 3711
3709 3710
3709 3901
3709 3773
3709 3933
3709 3805
3709 3949
3709 3821
3709 3957
3709 3829
3709 3961
3709 3833
3710 3966
3710 3838
3710 3712
3710 3902
3710 3774
3710 3934
3710 3806
3710 3950
3710 3822
3710 3958
3710 3830
3710 3962
3710 3834
3710 3965
3710 3837
3710 3711
3711 3967
3711 3839
3711 3712
3711 3903
3711 3775
3711 3935
3711 3807
3711 3951
3711 3823
3711 3959
3711 3831
3711 3963
3711 3835
3711 3965
3711 3837
3712 3968
3712 3840
3712 3904
3712 3776
3712 3936
3712 3808
3712 3952
3712 3824
3712 3960
3712 3832
3712 3964
3712 3836
3712 3966
3712 3838
3712 3967
3712 3839
3713 3969
3713 3777
3713 3745
3713 3729
3713 3721
3713 3717
3713 3715
3713 3714
3713 3841
3714 3970
3714 3778
3714 3746
3714 3730
3714 3722
3714 3718
3714 3716
3714 3842
3714 3969
3714 3777
3714 3745
3714 3729
3714 3721
3714 3717
3714 3715
3715 3971
3715 3779
3715 3747
3715 3731
3715 3723
3715 3719
3715 3716
3715 3843
3715 3969
3715 3777
3715 3745
3715 3729
3715 3721
3715 3717
3716 3972
3716 3780
3716 3748
3716 3732
3716 3724
3716 3720
3716 3844
3716 3970
3716 3778
3716 3746
3716 3730
3716 3722
3716 3718
3716 3971
3716 3779
3716 3747
3716 3731
3716 3723
3716 3719
3717 3973
3717 3781
3717 3749
3717 3733
3717 3725
3717 3719
3717 3718
3717 3845
3717 3969
3717 3777
3717 3745
3717 3729
3717 3721
3718 3974
3718 3782
3718 3750
3718 3734
3718 3726
3718 3720
3718 3846
3718 3970
3718 3778
3718 3746
3718 3730
3718 3722
3718 3973
3718 3781
3718 3749
3718 3733
3718 3725
3718 3719
3719 3975
3719 3783
3719 3751
3719 3735
3719 3727
3719 3720
3719 3847
3719 3971
3719 3779
3719 3747
3719 3731
3719 3723
3719 3973
3719 3781
3719 3749
3719 3733
3719 3725
3720 3976
3720 3784
3720 3752
3720 3736
3720 3728
3720 3848
3720 3972
3720 3780
3720 3748
3720 3732
3720 3724
3720 3974
3720 3782
3720 3750
3720 3734
3720 3726
3720 3975
3720 3783
3720 3751
3720 3735
3720 3727
3721 3977
3721 3785
3721 3753
3721 3737
3721 3725
3721 3723
3721 3722
3721 3849
3721 3969
3721 3777
3721 3745
3721 3729
3722 3978
3722 3786
3722 3754
3722 3738
3722 3726
3722 3724
3722 3850
3722 3970
3722 3778
3722 3746
3722 3730
3722 3977
3722 3785
3722 3753
3722 3737
3722 3725
3722 3723
3723 3979
3723 3787
3723 3755
3723 3739
3723 3727
3723 3724
3723 3851
3723 3971
3723 3779
3723 3747
3723 3731
3723 3977
3723 3785
3723 3753
3723 3737
3723 3725
3724 3980
3724 3788
3724 3756
3724 3740
3724 3728
3724 3852
3724 3972
3724 3780
3724 3748
3724 3732
3724 3978
3724 3786
3724 3754
3724 3738
3724 3726
3724 3979
3724 3787
3724 3755
3724 3739
3724 3727
3725 3981
3725 3789
3725 3757
3725 3741
3725 3727
3725 3726
3725 3853
3725 3973
3725 3781
3725 3749
3725 3733
3725 3977
3725 3785
3725 3753
3725 3737
3726 3982
3726 3790
3726 3758
3726 3742
3726 3728
3726 3854
3726 3974
3726 3782
3726 3750
3726 3734
3726 3978
3726 3786
3726 3754
3726 3738
3726 3981
3726 3789
3726 3757
3726 3741
3726 3727
3727 3983
3727 3791
3727 3759
3727 3743
3727 3728
3727 3855
3727 3975
3727 3783
3727 3751
3727 3735
3727 3979
3727 3787
3727 3755
3727 3739
3727 3981
3727 3789
3727 3757
3727 3741
3728 3984
3728 3792
3728 3760
3728 3744
3728 3856
3728 3976
3728 3784
3728 3752
3728 3736
3728 3980
3728 3788
3728 3756
3728 3740
3728 3982
3728 3790
3728 3758
3728 3742
3728 3983
3728 3791
3728 3759
3728 3743
3729 3985
3729 3793
3729 3761
3729 3737
3729 3733
3729 3731
3729 3730
3729 3857
3729 3969
3729 3777
3729 3745
3730 3986
3730 3794
3730 3762
3730 3738
3730 3734
3730 3732
3730 3858
3730 3970
3730 3778
3730 3746
3730 3985
3730 3793
3730 3761
3730 3737
3730 3733
3730 3731
3731 3987
3731 3795
3731 3763
3731 3739
3731 3735
3731 3732
3731 3859
3731 3971
3731 3779
3731 3747
3731 3985
3731 3793
3731 3761
3731 3737
3731 3733
3732 3988
3732 3796
3732 3764
3732 3740
3732 3736
3732 3860
3732 3972
3732 3780
3732 3748
3732 3986
3732 3794
3732 3762
3732 3738
3732 3734
3732 3987
3732 3795
3732 3763
3732 3739
3732 3735
3733 3989
3733 3797
3733 3765
3733 3741
3733 3735
3733 3734
3733 3861
3733 3973
3733 3781
3733 3749
3733 3985
3733 3793
3733 3761
3733 3737
3734 3990
3734 3798
3734 3766
3734 3742
3734 3736
3734 3862
3734 3974
3734 3782
3734 3750
3734 3986
3734 3794
3734 3762
3734 3738
3734 3989
3734 3797
3734 3765
3734 3741
3734 3735
3735 3991
3735 3799
3735 3767
3735 3743
3735 3736
3735 3863
3735 3975
3735 3783
3735 3751
3735 3987
3735 3795
3735 3763
3735 3739
3735 3989
3735 3797
3735 3765
3735 3741
3736 3992
3736 3800
3736 3768
3736 3744
3736 3864
3736 3976
3736 3784
3736 3752
3736 3988
3736 3796
3736 3764
3736 3740
3736 3990
3736 3798
3736 3766
3736 3742
3736 3991
3736 3799
3736 3767
3736 3743
3737 3993
3737 3801
3737 3769
3737 3741
3737 3739
3737 3738
3737 3865
3737 3977
3737 3785
3737 3753
3737 3985
3737 3793
3737 3761
3738 3994
3738 3802
3738 3770
3738 3742
3738 3740
3738 3866
3738 3978
3738 3786
3738 3754
3738 3986
3738 3794
3738 3762
3738 3993
3738 3801
3738 3769
3738 3741
3738 3739
3739 3995
3739 3803
3739 3771
3739 3743
3739 3740
3739 3867
3739 3979
3739 3787
3739 3755
3739 3987
3739 3795
3739 3763
3739 3993
3739 3801
3739 3769
3739 3741
3740 3996
3740 3804
3740 3772
3740 3744
3740 3868
3740 3980
3740 3788
3740 3756
3740 3988
3740 3796
3740 3764
3740 3994
3740 3802
3740 3770
3740 3742
3740 3995
3740 3803
3740 3771
3740 3743
3741 3997
3741 3805
3741 3773
3741 3743
3741 3742
3741 3869
3741 3981
3741 3789
3741 3757
3741 3989
3741 3797
3741 3765
3741 3993
3741 3801
3741 3769
3742 3998
3742 3806
3742 3774
3742 3744
3742 3870
3742 3982
3742 3790
3742 3758
3742 3990
3742 3798
3742 3766
3742 3994
3742 3802
3742 3770
3742 3997
3742 3805
3742 3773
3742 3743
3743 3999
3743 3807
3743 3775
3743 3744
3743 3871
3743 3983
3743 3791
3743 3759
3743 3991
3743 3799
3743 3767
3743 3995
3743 3803
3743 3771
3743 3997
3743 3805
3743 3773
3744 4000
3744 3808
3744 3776
3744 3872
3744 3984
3744 3792
3744 3760
3744 3992
3744 3800
3744 3768
3744 3996
3744 3804
3744 3772
3744 3998
3744 3806
3744 3774
3744 3999
3744 3807
3744 3775
3745 4001
3745 3809
3745 3761
3745 3753
3745 3749
3745 3747
3745 3746
3745 3873
3745 3969
3745 3777
3746 4002
3746 3810
3746 3762
3746 3754
3746 3750
3746 3748
3746 3874
3746 3970
3746 3778
3746 4001
3746 3809
3746 3761
3746 3753
3746 3749
3746 3747
3747 4003
3747 3811
3747 3763
3747 3755
3747 3751
3747 3748
3747 3875
3747 3971
3747 3779
3747 4001
3747 3809
3747 3761
3747 3753
3747 3749
3748 4004
3748 3812
3748 3764
3748 3756
3748 3752
3748 3876
3748 3972
3748 3780
3748 4002
3748 3810
3748 3762
3748 3754
3748 3750
3748 4003
3748 3811
3748 3763
3748 3755
3748 3751
3749 4005
3749 3813
3749 3765
3749 3757
3749 3751
3749 3750
3749 3877
3749 3973
3749 3781
3749 4001
3749 3809
3749 3761
3749 3753
3750 4006
3750 3814
3750 3766
3750 3758
3750 3752
3750 3878
3750 3974
3750 3782
3750 4002
3750 3810
3750 3762
3750 3754
3750 4005
3750 3813
3750 3765
3750 3757
3750 3751
3751 4007
3751 3815
3751 3767
3751 3759
3751 3752
3751 3879
3751 3975
3751 3783
3751 4003
3751 3811
3751 3763
3751 3755
3751 4005
3751 3813
3751 3765
3751 3757
3752 4008
3752 3816
3752 3768
3752 3760
3752 3880
3752 3976
3752 3784
3752 4004
3752 3812
3752 3764
3752 3756
3752 4006
3752 3814
3752 3766
3752 3758
3752 4007
3752 3815
3752 3767
3752 3759
3753 4009
3753 3817
3753 3769
3753 3757
3753 3755
3753 3754
3753 3881
3753 3977
3753 3785
3753 4001
3753 3809
3753 3761
3754 4010
3754 3818
3754 3770
3754 3758
3754 3756
3754 3882
3754 3978
3754 3786
3754 4002
3754 3810
3754 3762
3754 4009
3754 3817
3754 3769
3754 3757
3754 3755
3755 4011
3755 3819
3755 3771
3755 3759
3755 3756
3755 3883
3755 3979
3755 3787
3755 4003
3755 3811
3755 3763
3755 4009
3755 3817
3755 3769
3755 3757
3756 4012
3756 3820
3756 3772
3756 3760
3756 3884
3756 3980
3756 3788
3756 4004
3756 3812
3756 3764
3756 4010
3756 3818
3756 3770
3756 3758
3756 4011
3756 3819
3756 3771
3756 3759
3757 4013
3757 3821
3757 3773
3757 3759
3757 3758
3757 3885
3757 3981
3757 3789
3757 4005
3757 3813
3757 3765
3757 4009
3757 3817
3757 3769
3758 4014
3758 3822
3758 3774
3758 3760
3758 3886
3758 3982
3758 3790
3758 4006
3758 3814
3758 3766
3758 4010
3758 3818
3758 3770
3758 4013
3758 3821
3758 3773
3758 3759
3759 4015
3759 3823
3759 3775
3759 3760
3759 3887
3759 3983
3759 3791
3759 4007
3759 3815
3759 3767
3759 4011
3759 3819
3759 3771
3759 4013
3759 3821
3759 3773
3760 4016
3760 3824
3760 3776
3760 3888
3760 3984
3760 3792
3760 4008
3760 3816
3760 3768
3760 4012
3760 3820
3760 3772
3760 4014
3760 3822
3760 3774
3760 4015
3760 3823
3760 3775
3761 4017
3761 3825
3761 3769
3761 3765
3761 3763
3761 3762
3761 3889
3761 3985
3761 3793
3761 4001
3761 3809
3762 4018
3762 3826
3762 3770
3762 3766
3762 3764
3762 3890
3762 3986
3762 3794
3762 4002
3762 3810
3762 4017
3762 3825
3762 3769
3762 3765
3762 3763
3763 4019
3763 3827
3763 3771
3763 3767
3763 3764
3763 3891
3763 3987
3763 3795
3763 4003
3763 3811
3763 4017
3763 3825
3763 3769
3763 3765
3764 4020
3764 3828
3764 3772
3764 3768
3764 3892
3764 3988
3764 3796
3764 4004
3764 3812
3764 4018
3764 3826
3764 3770
3764 3766
3764 4019
3764 3827
3764 3771
3764 3767
3765 4021
3765 3829
3765 3773
3765 3767
3765 3766
3765 3893
3765 3989
3765 3797
3765 4005
3765 3813
3765 4017
3765 3825
3765 3769
3766 4022
3766 3830
3766 3774
3766 3768
3766 3894
3766 3990
3766 3798
3766 4006
3766 3814
3766 4018
3766 3826
3766 3770
3766 4021
3766 3829
3766 3773
3766 3767
3767 4023
3767 3831
3767 3775
3767 3768
3767 3895
3767 3991
3767 3799
3767 4007
3767 3815
3767 4019
3767 3827
3767 3771
3767 4021
3767 3829
3767 3773
3768 4024
3768 3832
3768 3776
3768 3896
3768 3992
3768 3800
3768 4008
3768 3816
3768 4020
3768 3828
3768 3772
3768 4022
3768 3830
3768 3774
3768 4023
3768 3831
3768 3775
3769 4025
3769 3833
3769 3773
3769 3771
3769 3770
3769 3897
3769 3993
3769 3801
3769 4009
3769 3817
3769 4017
3769 3825
3770 4026
3770 3834
3770 3774
3770 3772
3770 3898
3770 3994
3770 3802
3770 4010
3770 3818
3770 4018
3770 3826
3770 4025
3770 3833
3770 3773
3770 3771
3771 4027
3771 3835
3771 3775
3771 3772
3771 3899
3771 3995
3771 3803
3771 4011
3771 3819
3771 4019
3771 3827
3771 4025
3771 3833
3771 3773
3772 4028
3772 3836
3772 3776
3772 3900
3772 3996
3772 3804
3772 4012
3772 3820
3772 4020
3772 3828
3772 4026
3772 3834
3772 3774
3772 4027
3772 3835
3772 3775
3773 4029
3773 3837
3773 3775
3773 3774
3773 3901
3773 3997
3773 3805
3773 4013
3773 3821
3773 4021
3773 3829
3773 4025
3773 3833
3774 4030
3774 3838
3774 3776
3774 3902
3774 3998
3774 3806
3774 4014
3774 3822
3774 4022
3774 3830
3774 4026
3774 3834
3774 4029
3774 3837
3774 3775
3775 4031
3775 3839
3775 3776
3775 3903
3775 3999
3775 3807
3775 4015
3775 3823
3775 4023
3775 3831
3775 4027
3775 3835
3775 4029
3775 3837
3776 4032
3776 3840
3776 3904
3776 4000
3776 3808
3776 4016
3776 3824
3776 4024
3776 3832
3776 4028
3776 3836
3776 4030
3776 3838
3776 4031
3776 3839
3777 4033
3777 3809
3777 3793
3777 3785
3777 3781
3777 3779
3777 3778
3777 3905
3777 3969
3778 4034
3778 3810
3778 3794
3778 3786
3778 3782
3778 3780
3778 3906
3778 3970
3778 4033
3778 3809
3778 3793
3778 3785
3778 3781
3778 3779
3779 4035
3779 3811
3779 3795
3779 3787
3779 3783
3779 3780
3779 3907
3779 3971
3779 4033
3779 3809
3779 3793
3779 3785
3779 3781
3780 4036
3780 3812
3780 3796
3780 3788
3780 3784
3780 3908
3780 3972
3780 4034
3780 3810
3780 3794
3780 3786
3780 3782
3780 4035
3780 3811
3780 3795
3780 3787
3780 3783
3781 4037
3781 3813
3781 3797
3781 3789
3781 3783
3781 3782
3781 3909
3781 3973
3781 4033
3781 3809
3781 3793
3781 3785
3782 4038
3782 3814
3782 3798
3782 3790
3782 3784
3782 3910
3782 3974
3782 4034
3782 3810
3782 3794
3782 3786
3782 4037
3782 3813
3782 3797
3782 3789
3782 3783
3783 4039
3783 3815
3783 3799
3783 3791
3783 3784
3783 3911
3783 3975
3783 4035
3783 3811
3783 3795
3783 3787
3783 4037
3783 3813
3783 3797
3783 3789
3784 4040
3784 3816
3784 3800
3784 3792
3784 3912
3784 3976
3784 4036
3784 3812
3784 3796
3784 3788
3784 4038
3784 3814
3784 3798
3784 3790
3784 4039
3784 3815
3784 3799
3784 3791
3785 4041
3785 3817
3785 3801
3785 3789
3785 3787
3785 3786
3785 3913
3785 3977
3785 4033
3785 3809
3785 3793
3786 4042
3786 3818
3786 3802
3786 3790
3786 3788
3786 3914
3786 3978
3786 4034
3786 3810
3786 3794
3786 4041
3786 3817
3786 3801
3786 3789
3786 3787
3787 4043
3787 3819
3787 3803
3787 3791
3787 3788
3787 3915
3787 3979
3787 4035
3787 3811
3787 3795
3787 4041
3787 3817
3787 3801
3787 3789
3788 4044
3788 3820
3788 3804
3788 3792
3788 3916
3788 3980
3788 4036
3788 3812
3788 3796
3788 4042
3788 3818
3788 3802
3788 3790
3788 4043
3788 3819
3788 3803
3788 3791
3789 4045
3789 3821
3789 3805
3789 3791
3789 3790
3789 3917
3789 3981
3789 4037
3789 3813
3789 3797
3789 4041
3789 3817
3789 3801
3790 4046
3790 3822
3790 3806
3790 3792
3790 3918
3790 3982
3790 4038
3790 3814
3790 3798
3790 4042
3790 3818
3790 3802
3790 4045
3790 3821
3790 3805
3790 3791
3791 4047
3791 3823
3791 3807
3791 3792
3791 3919
3791 3983
3791 4039
3791 3815
3791 3799
3791 4043
3791 3819
3791 3803
3791 4045
3791 3821
3791 3805
3792 4048
3792 3824
3792 3808
3792 3920
3792 3984
3792 4040
3792 3816
3792 3800
3792 4044
3792 3820
3792 3804
3792 4046
3792 3822
3792 3806
3792 4047
3792 3823
3792 3807
3793 4049
3793 3825
3793 3801
3793 3797
3793 3795
3793 3794
3793 3921
3793 3985
3793 4033
3793 3809
3794 4050
3794 3826
3794 3802
3794 3798
3794 3796
3794 3922
3794 3986
3794 4034
3794 3810
3794 4049
3794 3825
3794 3801
3794 3797
3794 3795
3795 4051
3795 3827
3795 3803
3795 3799
3795 3796
3795 3923
3795 3987
3795 4035
3795 3811
3795 4049
3795 3825
3795 3801
3795 3797
3796 4052
3796 3828
3796 3804
3796 3800
3796 3924
3796 3988
3796 4036
3796 3812
3796 4050
3796 3826
3796 3802
3796 3798
3796 4051
3796 3827
3796 3803
3796 3799
3797 4053
3797 3829
3797 3805
3797 3799
3797 3798
3797 3925
3797 3989
3797 4037
3797 3813
3797 4049
3797 3825
3797 3801
3798 4054
3798 3830
3798 3806
3798 3800
3798 3926
3798 3990
3798 4038
3798 3814
3798 4050
3798 3826
3798 3802
3798 4053
3798 3829
3798 3805
3798 3799
3799 4055
3799 3831
3799 3807
3799 3800
3799 3927
3799 3991
3799 4039
3799 3815
3799 4051
3799 3827
3799 3803
3799 4053
3799 3829
3799 3805
3800 4056
3800 3832
3800 3808
3800 3928
3800 3992
3800 4040
3800 3816
3800 4052
3800 3828
3800 3804
3800 4054
3800 3830
3800 3806
3800 4055
3800 3831
3800 3807
3801 4057
3801 3833
3801 3805
3801 3803
3801 3802
3801 3929
3801 3993
3801 4041
3801 3817
3801 4049
3801 3825
3802 4058
3802 3834
3802 3806
3802 3804
3802 3930
3802 3994
3802 4042
3802 3818
3802 4050
3802 3826
3802 4057
3802 3833
3802 3805
3802 3803
3803 4059
3803 3835
3803 3807
3803 3804
3803 3931
3803 3995
3803 4043
3803 3819
3803 4051
3803 3827
3803 4057
3803 3833
3803 3805
3804 4060
3804 3836
3804 3808
3804 3932
3804 3996
3804 4044
3804 3820
3804 4052
3804 3828
3804 4058
3804 3834
3804 3806
3804 4059
3804 3835
3804 3807
3805 4061
3805 3837
3805 3807
3805 3806
3805 3933
3805 3997
3805 4045
3805 3821
3805 4053
3805 3829
3805 4057
3805 3833
3806 4062
3806 3838
3806 3808
3806 3934
3806 3998
3806 4046
3806 3822
3806 4054
3806 3830
3806 4058
3806 3834
3806 4061
3806 3837
3806 3807
3807 4063
3807 3839
3807 3808
3807 3935
3807 3999
3807 4047
3807 3823
3807 4055
3807 3831
3807 4059
3807 3835
3807 4061
3807 3837
3808 4064
3808 3840
3808 3936
3808 4000
3808 4048
3808 3824
3808 4056
3808 3832
3808 4060
3808 3836
3808 4062
3808 3838
3808 4063
3808 3839
3809 4065
3809 3825
3809 3817
3809 3813
3809 3811
3809 3810
3809 3937
3809 4001
3809 4033
3810 4066
3810 3826
3810 3818
3810 3814
3810 3812
3810 3938
3810 4002
3810 4034
3810 4065
3810 3825
3810 3817
3810 3813
3810 3811
3811 4067
3811 3827
3811 3819
3811 3815
3811 3812
3811 3939
3811 4003
3811 4035
3811 4065
3811 3825
3811 3817
3811 3813
3812 4068
3812 3828
3812 3820
3812 3816
3812 3940
3812 4004
3812 4036
3812 4066
3812 3826
3812 3818
3812 3814
3812 4067
3812 3827
3812 3819
3812 3815
3813 4069
3813 3829
3813 3821
3813 3815
3813 3814
3813 3941
3813 4005
3813 4037
3813 4065
3813 3825
3813 3817
3814 4070
3814 3830
3814 3822
3814 3816
3814 3942
3814 4006
3814 4038
3814 4066
3814 3826
3814 3818
3814 4069
3814 3829
3814 3821
3814 3815
3815 4071
3815 3831
3815 3823
3815 3816
3815 3943
3815 4007
3815 4039
3815 4067
3815 3827
3815 3819
3815 4069
3815 3829
3815 3821
3816 4072
3816 3832
3816 3824
3816 3944
3816 4008
3816 4040
3816 4068
3816 3828
3816 3820
3816 4070
3816 3830
3816 3822
3816 4071
3816 3831
3816 3823
3817 4073
3817 3833
3817 3821
3817 3819
3817 3818
3817 3945
3817 4009
3817 4041
3817 4065
3817 3825
3818 4074
3818 3834
3818 3822
3818 3820
3818 3946
3818 4010
3818 4042
3818 4066
3818 3826
3818 4073
3818 3833
3818 3821
3818 3819
3819 4075
3819 3835
3819 3823
3819 3820
3819 3947
3819 4011
3819 4043
3819 4067
3819 3827
3819 4073
3819 3833
3819 3821
3820 4076
3820 3836
3820 3824
3820 3948
3820 4012
3820 4044
3820 4068
3820 3828
3820 4074
3820 3834
3820 3822
3820 4075
3820 3835
3820 3823
3821 4077
3821 3837
3821 3823
3821 3822
3821 3949
3821 4013
3821 4045
3821 4069
3821 3829
3821 4073
3821 3833
3822 4078
3822 3838
3822 3824
3822 3950
3822 4014
3822 4046
3822 4070
3822 3830
3822 4074
3822 3834
3822 4077
3822 3837
3822 3823
3823 4079
3823 3839
3823 3824
3823 3951
3823 4015
3823 4047
3823 4071
3823 3831
3823 4075
3823 3835
3823 4077
3823 3837
3824 4080
3824 3840
3824 3952
3824 4016
3824 4048
3824 4072
3824 3832
3824 4076
3824 3836
3824 4078
3824 3838
3824 4079
3824 3839
3825 4081
3825 3833
3825 3829
3825 3827
3825 3826
3825 3953
3825 4017
3825 4049
3825 4065
3826 4082
3826 3834
3826 3830
3826 3828
3826 3954
3826 4018
3826 4050
3826 4066
3826 4081
3826 3833
3826 3829
3826 3827
3827 4083
3827 3835
3827 3831
3827 3828
3827 3955
3827 4019
3827 4051
3827 4067
3827 4081
3827 3833
3827 3829
3828 4084
3828 3836
3828 3832
3828 3956
3828 4020
3828 4052
3828 4068
3828 4082
3828 3834
3828 3830
3828 4083
3828 3835
3828 3831
3829 4085
3829 3837
3829 3831
3829 3830
3829 3957
3829 4021
3829 4053
3829 4069
3829 4081
3829 3833
3830 4086
3830 3838
3830 3832
3830 3958
3830 4022
3830 4054
3830 4070
3830 4082
3830 3834
3830 4085
3830 3837
3830 3831
3831 4087
3831 3839
3831 3832
3831 3959
3831 4023
3831 4055
3831 4071
3831 4083
3831 3835
3831 4085
3831 3837
3832 4088
3832 3840
3832 3960
3832 4024
3832 4056
3832 4072
3832 4084
3832 3836
3832 4086
3832 3838
3832 4087
3832 3839
3833 4089
3833 3837
3833 3835
3833 3834
3833 3961
3833 4025
3833 4057
3833 4073
3833 4081
3834 4090
3834 3838
3834 3836
3834 3962
3834 4026
3834 4058
3834 4074
3834 4082
3834 4089
3834 3837
3834 3835
3835 4091
3835 3839
3835 3836
3835 3963
3835 4027
3835 4059
3835 4075
3835 4083
3835 4089
3835 3837
3836 4092
3836 3840
3836 3964
3836 4028
3836 4060
3836 4076
3836 4084
3836 4090
3836 3838
3836 4091
3836 3839
3837 4093
3837 3839
3837 3838
3837 3965
3837 4029
3837 4061
3837 4077
3837 4085
3837 4089
3838 4094
3838 3840
3838 3966
3838 4030
3838 4062
3838 4078
3838 4086
3838 4090
3838 4093
3838 3839
3839 4095
3839 3840
3839 3967
3839 4031
3839 4063
3839 4079
3839 4087
3839 4091
3839 4093
3840 4096
3840 3968
3840 4032
3840 4064
3840 4080
3840 4088
3840 4092
3840 4094
3840 4095
3841 3969
3841 3905
3841 3873
3841 3857
3841 3849
3841 3845
3841 3843
3841 3842
3842 3970
3842 3906
3842 3874
3842 3858
3842 3850
3842 3846
3842 3844
3842 3969
3842 3905
3842 3873
3842 3857
3842 3849
3842 3845
3842 3843
3843 3971
3843 3907
3843 3875
3843 3859
3843 3851
3843 3847
3843 3844
3843 3969
3843 3905
3843 3873
3843 3857
3843 3849
3843 3845
3844 3972
3844 3908
3844 3876
3844 3860
3844 3852
3844 3848
3844 3970
3844 3906
3844 3874
3844 3858
3844 3850
3844 3846
3844 3971
3844 3907
3844 3875
3844 3859
3844 3851
3844 3847
3845 3973
3845 3909
3845 3877
3845 3861
3845 3853
3845 3847
3845 3846
3845 3969
3845 3905
3845 3873
3845 3857
3845 3849
3846 3974
3846 3910
3846 3878
3846 3862
3846 3854
3846 3848
3846 3970
3846 3906
3846 3874
3846 3858
3846 3850
3846 3973
3846 3909
3846 3877
3846 3861
3846 3853
3846 3847
3847 3975
3847 3911
3847 3879
3847 3863
3847 3855
3847 3848
3847 3971
3847 3907
3847 3875
3847 3859
3847 3851
3847 3973
3847 3909
3847 3877
3847 3861
3847 3853
3848 3976
3848 3912
3848 3880
3848 3864
3848 3856
3848 3972
3848 3908
3848 3876
3848 3860
3848 3852
3848 3974
3848 3910
3848 3878
3848 3862
3848 3854
3848 3975
3848 3911
3848 3879
3848 3863
3848 3855
3849 3977
3849 3913
3849 3881
3849 3865
3849 3853
3849 3851
3849 3850
3849 3969
3849 3905
3849 3873
3849 3857
3850 3978
3850 3914
3850 3882
3850 3866
3850 3854
3850 3852
3850 3970
3850 3906
3850 3874
3850 3858
3850 3977
3850 3913
3850 3881
3850 3865
3850 3853
3850 3851
3851 3979
3851 3915
3851 3883
3851 3867
3851 3855
3851 3852
3851 3971
3851 3907
3851 3875
3851 3859
3851 3977
3851 3913
3851 3881
3851 3865
3851 3853
3852 3980
3852 3916
3852 3884
3852 3868
3852 3856
3852 3972
3852 3908
3852 3876
3852 3860
3852 3978
3852 3914
3852 3882
3852 3866
3852 3854
3852 3979
3852 3915
3852 3883
3852 3867
3852 3855
3853 3981
3853 3917
3853 3885
3853 3869
3853 3855
3853 3854
3853 3973
3853 3909
3853 3877
3853 3861
3853 3977
3853 3913
3853 3881
3853 3865
3854 3982
3854 3918
3854 3886
3854 3870
3854 3856
3854 3974
3854 3910
3854 3878
3854 3862
3854 3978
3854 3914
3854 3882
3854 3866
3854 3981
3854 3917
3854 3885
3854 3869
3854 3855
3855 3983
3855 3919
3855 3887
3855 3871
3855 3856
3855 3975
3855 3911
3855 3879
3855 3863
3855 3979
3855 3915
3855 3883
3855 3867
3855 3981
3855 3917
3855 3885
3855 3869
3856 3984
3856 3920
3856 3888
3856 3872
3856 3976
3856 3912
3856 3880
3856 3864
3856 3980
3856 3916
3856 3884
3856 3868
3856 3982
3856 3918
3856 3886
3856 3870
3856 3983
3856 3919
3856 3887
3856 3871
3857 3985
3857 3921
3857 3889
3857 3865
3857 3861
3857 3859
3857 3858
3857 3969
3857 3905
3857 3873
3858 3986
3858 3922
3858 3890
3858 3866
3858 3862
3858 3860
3858 3970
3858 3906
3858 3874
3858 3985
3858 3921
3858 3889
3858 3865
3858 3861
3858 3859
3859 3987
3859 3923
3859 3891
3859 3867
3859 3863
3859 3860
3859 3971
3859 3907
3859 3875
3859 3985
3859 3921
3859 3889
3859 3865
3859 3861
3860 3988
3860 3924
3860 3892
3860 3868
3860 3864
3860 3972
3860 3908
3860 3876
3860 3986
3860 3922
3860 3890
3860 3866
3860 3862
3860 3987
3860 3923
3860 3891
3860 3867
3860 3863
3861 3989
3861 3925
3861 3893
3861 3869
3861 3863
3861 3862
3861 3973
3861 3909
3861 3877
3861 3985
3861 3921
3861 3889
3861 3865
3862 3990
3862 3926
3862 3894
3862 3870
3862 3864
3862 3974
3862 3910
3862 3878
3862 3986
3862 3922
3862 3890
3862 3866
3862 3989
3862 3925
3862 3893
3862 3869
3862 3863
3863 3991
3863 3927
3863 3895
3863 3871
3863 3864
3863 3975
3863 3911
3863 3879
3863 3987
3863 3923
3863 3891
3863 3867
3863 3989
3863 3925
3863 3893
3863 3869
3864 3992
3864 3928
3864 3896
3864 3872
3864 3976
3864 3912
3864 3880
3864 3988
3864 3924
3864 3892
3864 3868
3864 3990
3864 3926
3864 3894
3864 3870
3864 3991
3864 3927
3864 3895
3864 3871
3865 3993
3865 3929
3865 3897
3865 3869
3865 3867
3865 3866
3865 3977
3865 3913
3865 3881
3865 3985
3865 3921
3865 3889
3866 3994
3866 3930
3866 3898
3866 3870
3866 3868
3866 3978
3866 3914
3866 3882
3866 3986
3866 3922
3866 3890
3866 3993
3866 3929
3866 3897
3866 3869
3866 3867
3867 3995
3867 3931
3867 3899
3867 3871
3867 3868
3867 3979
3867 3915
3867 3883
3867 3987
3867 3923
3867 3891
3867 3993
3867 3929
3867 3897
3867 3869
3868 3996
3868 3932
3868 3900
3868 3872
3868 3980
3868 3916
3868 3884
3868 3988
3868 3924
3868 3892
3868 3994
3868 3930
3868 3898
3868 3870
3868 3995
3868 3931
3868 3899
3868 3871
3869 3997
3869 3933
3869 3901
3869 3871
3869 3870
3869 3981
3869 3917
3869 3885
3869 3989
3869 3925
3869 3893
3869 3993
3869 3929
3869 3897
3870 3998
3870 3934
3870 3902
3870 3872
3870 3982
3870 3918
3870 3886
3870 3990
3870 3926
3870 3894
3870 3994
3870 3930
3870 3898
3870 3997
3870 3933
3870 3901
3870 3871
3871 3999
3871 3935
3871 3903
3871 3872
3871 3983
3871 3919
3871 3887
3871 3991
3871 3927
3871 3895
3871 3995
3871 3931
3871 3899
3871 3997
3871 3933
3871 3901
3872 4000
3872 3936
3872 3904
3872 3984
3872 3920
3872 3888
3872 3992
3872 3928
3872 3896
3872 3996
3872 3932
3872 3900
3872 3998
3872 3934
3872 3902
3872 3999
3872 3935
3872 3903
3873 4001
3873 3937
3873 3889
3873 3881
3873 3877
3873 3875
3873 3874
3873 3969
3873 3905
3874 4002
3874 3938
3874 3890
3874 3882
3874 3878
3874 3876
3874 3970
3874 3906
3874 4001
3874 3937
3874 3889
3874 3881
3874 3877
3874 3875
3875 4003
3875 3939
3875 3891
3875 3883
3875 3879
3875 3876
3875 3971
3875 3907
3875 4001
3875 3937
3875 3889
3875 3881
3875 3877
3876 4004
3876 3940
3876 3892
3876 3884
3876 3880
3876 3972
3876 3908
3876 4002
3876 3938
3876 3890
3876 3882
3876 3878
3876 4003
3876 3939
3876 3891
3876 3883
3876 3879
3877 4005
3877 3941
3877 3893
3877 3885
3877 3879
3877 3878
3877 3973
3877 3909
3877 4001
3877 3937
3877 3889
3877 3881
3878 4006
3878 3942
3878 3894
3878 3886
3878 3880
3878 3974
3878 3910
3878 4002
3878 3938
3878 3890
3878 3882
3878 4005
3878 3941
3878 3893
3878 3885
3878 3879
3879 4007
3879 3943
3879 3895
3879 3887
3879 3880
3879 3975
3879 3911
3879 4003
3879 3939
3879 3891
3879 3883
3879 4005
3879 3941
3879 3893
3879 3885
3880 4008
3880 3944
3880 3896
3880 3888
3880 3976
3880 3912
3880 4004
3880 3940
3880 3892
3880 3884
3880 4006
3880 3942
3880 3894
3880 3886
3880 4007
3880 3943
3880 3895
3880 3887
3881 4009
3881 3945
3881 3897
3881 3885
3881 3883
3881 3882
3881 3977
3881 3913
3881 4001
3881 3937
3881 3889
3882 4010
3882 3946
3882 3898
3882 3886
3882 3884
3882 3978
3882 3914
3882 4002
3882 3938
3882 3890
3882 4009
3882 3945
3882 3897
3882 3885
3882 3883
3883 4011
3883 3947
3883 3899
3883 3887
3883 3884
3883 3979
3883 3915
3883 4003
3883 3939
3883 3891
3883 4009
3883 3945
3883 3897
3883 3885
3884 4012
3884 3948
3884 3900
3884 3888
3884 3980
3884 3916
3884 4004
3884 3940
3884 3892
3884 4010
3884 3946
3884 3898
3884 3886
3884 4011
3884 3947
3884 3899
3884 3887
3885 4013
3885 3949
3885 3901
3885 3887
3885 3886
3885 3981
3885 3917
3885 4005
3885 3941
3885 3893
3885 4009
3885 3945
3885 3897
3886 4014
3886 3950
3886 3902
3886 3888
3886 3982
3886 3918
3886 4006
3886 3942
3886 3894
3886 4010
3886 3946
3886 3898
3886 4013
3886 3949
3886 3901
3886 3887
3887 4015
3887 3951
3887 3903
3887 3888
3887 3983
3887 3919
3887 4007
3887 3943
3887 3895
3887 4011
3887 3947
3887 3899
3887 4013
3887 3949
3887 3901
3888 4016
3888 3952
3888 3904
3888 3984
3888 3920
3888 4008
3888 3944
3888 3896
3888 4012
3888 3948
3888 3900
3888 4014
3888 3950
3888 3902
3888 4015
3888 3951
3888 3903
3889 4017
3889 3953
3889 3897
3889 3893
3889 3891
3889 3890
3889 3985
3889 3921
3889 4001
3889 3937
3890 4018
3890 3954
3890 3898
3890 3894
3890 3892
3890 3986
3890 3922
3890 4002
3890 3938
3890 4017
3890 3953
3890 3897
3890 3893
3890 3891
3891 4019
3891 3955
3891 3899
3891 3895
3891 3892
3891 3987
3891 3923
3891 4003
3891 3939
3891 4017
3891 3953
3891 3897
3891 3893
3892 4020
3892 3956
3892 3900
3892 3896
3892 3988
3892 3924
3892 4004
3892 3940
3892 4018
3892 3954
3892 3898
3892 3894
3892 4019
3892 3955
3892 3899
3892 3895
3893 4021
3893 3957
3893 3901
3893 3895
3893 3894
3893 3989
3893 3925
3893 4005
3893 3941
3893 4017
3893 3953
3893 3897
3894 4022
3894 3958
3894 3902
3894 3896
3894 3990
3894 3926
3894 4006
3894 3942
3894 4018
3894 3954
3894 3898
3894 4021
3894 3957
3894 3901
3894 3895
3895 4023
3895 3959
3895 3903
3895 3896
3895 3991
3895 3927
3895 4007
3895 3943
3895 4019
3895 3955
3895 3899
3895 4021
3895 3957
3895 3901
3896 4024
3896 3960
3896 3904
3896 3992
3896 3928
3896 4008
3896 3944
3896 4020
3896 3956
3896 3900
3896 4022
3896 3958
3896 3902
3896 4023
3896 3959
3896 3903
3897 4025
3897 3961
3897 3901
3897 3899
3897 3898
3897 3993
3897 3929
3897 4009
3897 3945
3897 4017
3897 3953
3898 4026
3898 3962
3898 3902
3898 3900
3898 3994
3898 3930
3898 4010
3898 3946
3898 4018
3898 3954
3898 4025
3898 3961
3898 3901
3898 3899
3899 4027
3899 3963
3899 3903
3899 3900
3899 3995
3899 3931
3899 4011
3899 3947
3899 4019
3899 3955
3899 4025
3899 3961
3899 3901
3900 4028
3900 3964
3900 3904
3900 3996
3900 3932
3900 4012
3900 3948
3900 4020
3900 3956
3900 4026
3900 3962
3900 3902
3900 4027
3900 3963
3900 3903
3901 4029
3901 3965
3901 3903
3901 3902
3901 3997
3901 3933
3901 4013
3901 3949
3901 4021
3901 3957
3901 4025
3901 3961
3902 4030
3902 3966
3902 3904
3902 3998
3902 3934
3902 4014
3902 3950
3902 4022
3902 3958
3902 4026
3902 3962
3902 4029
3902 3965
3902 3903
3903 4031
3903 3967
3903 3904
3903 3999
3903 3935
3903 4015
3903 3951
3903 4023
3903 3959
3903 4027
3903 3963
3903 4029
3903 3965
3904 4032
3904 3968
3904 4000
3904 3936
3904 4016
3904 3952
3904 4024
3904 3960
3904 4028
3904 3964
3904 4030
3904 3966
3904 4031
3904 3967
3905 4033
3905 3937
3905 3921
3905 3913
3905 3909
3905 3907
3905 3906
3905 3969
3906 4034
3906 3938
3906 3922
3906 3914
3906 3910
3906 3908
3906 3970
3906 4033
3906 3937
3906 3921
3906 3913
3906 3909
3906 3907
3907 4035
3907 3939
3907 3923
3907 3915
3907 3911
3907 3908
3907 3971
3907 4033
3907 3937
3907 3921
3907 3913
3907 3909
3908 4036
3908 3940
3908 3924
3908 3916
3908 3912
3908 3972
3908 4034
3908 3938
3908 3922
3908 3914
3908 3910
3908 4035
3908 3939
3908 3923
3908 3915
3908 3911
3909 4037
3909 3941
3909 3925
3909 3917
3909 3911
3909 3910
3909 3973
3909 4033
3909 3937
3909 3921
3909 3913
3910 4038
3910 3942
3910 3926
3910 3918
3910 3912
3910 3974
3910 4034
3910 3938
3910 3922
3910 3914
3910 4037
3910 3941
3910 3925
3910 3917
3910 3911
3911 4039
3911 3943
3911 3927
3911 3919
3911 3912
3911 3975
3911 4035
3911 3939
3911 3923
3911 3915
3911 4037
3911 3941
3911 3925
3911 3917
3912 4040
3912 3944
3912 3928
3912 3920
3912 3976
3912 4036
3912 3940
3912 3924
3912 3916
3912 4038
3912 3942
3912 3926
3912 3918
3912 4039
3912 3943
3912 3927
3912 3919
3913 4041
3913 3945
3913 3929
3913 3917
3913 3915
3913 3914
3913 3977
3913 4033
3913 3937
3913 3921
3914 4042
3914 3946
3914 3930
3914 3918
3914 3916
3914 3978
3914 4034
3914 3938
3914 3922
3914 4041
3914 3945
3914 3929
3914 3917
3914 3915
3915 4043
3915 3947
3915 3931
3915 3919
3915 3916
3915 3979
3915 4035
3915 3939
3915 3923
3915 4041
3915 3945
3915 3929
3915 3917
3916 4044
3916 3948
3916 3932
3916 3920
3916 3980
3916 4036
3916 3940
3916 3924
3916 4042
3916 3946
3916 3930
3916 3918
3916 4043
3916 3947
3916 3931
3916 3919
3917 4045
3917 3949
3917 3933
3917 3919
3917 3918
3917 3981
3917 4037
3917 3941
3917 3925
3917 4041
3917 3945
3917 3929
3918 4046
3918 3950
3918 3934
3918 3920
3918 3982
3918 4038
3918 3942
3918 3926
3918 4042
3918 3946
3918 3930
3918 4045
3918 3949
3918 3933
3918 3919
3919 4047
3919 3951
3919 3935
3919 3920
3919 3983
3919 4039
3919 3943
3919 3927
3919 4043
3919 3947
3919 3931
3919 4045
3919 3949
3919 3933
3920 4048
3920 3952
3920 3936
3920 3984
3920 4040
3920 3944
3920 3928
3920 4044
3920 3948
3920 3932
3920 4046
3920 3950
3920 3934
3920 4047
3920 3951
3920 3935
3921 4049
3921 3953
3921 3929
3921 3925
3921 3923
3921 3922
3921 3985
3921 4033
3921 3937
3922 4050
3922 3954
3922 3930
3922 3926
3922 3924
3922 3986
3922 4034
3922 3938
3922 4049
3922 3953
3922 3929
3922 3925
3922 3923
3923 4051
3923 3955
3923 3931
3923 3927
3923 3924
3923 3987
3923 4035
3923 3939
3923 4049
3923 3953
3923 3929
3923 3925
3924 4052
3924 3956
3924 3932
3924 3928
3924 3988
3924 4036
3924 3940
3924 4050
3924 3954
3924 3930
3924 3926
3924 4051
3924 3955
3924 3931
3924 3927
3925 4053
3925 3957
3925 3933
3925 3927
3925 3926
3925 3989
3925 4037
3925 3941
3925 4049
3925 3953
3925 3929
3926 4054
3926 3958
3926 3934
3926 3928
3926 3990
3926 4038
3926 3942
3926 4050
3926 3954
3926 3930
3926 4053
3926 3957
3926 3933
3926 3927
3927 4055
3927 3959
3927 3935
3927 3928
3927 3991
3927 4039
3927 3943
3927 4051
3927 3955
3927 3931
3927 4053
3927 3957
3927 3933
3928 4056
3928 3960
3928 3936
3928 3992
3928 4040
3928 3944
3928 4052
3928 3956
3928 3932
3928 4054
3928 3958
3928 3934
3928 4055
3928 3959
3928 3935
3929 4057
3929 3961
3929 3933
3929 3931
3929 3930
3929 3993
3929 4041
3929 3945
3929 4049
3929 3953
3930 4058
3930 3962
3930 3934
3930 3932
3930 3994
3930 4042
3930 3946
3930 4050
3930 3954
3930 4057
3930 3961
3930 3933
3930 3931
3931 4059
3931 3963
3931 3935
3931 3932
3931 3995
3931 4043
3931 3947
3931 4051
3931 3955
3931 4057
3931 3961
3931 3933
3932 4060
3932 3964
3932 3936
3932 3996
3932 4044
3932 3948
3932 4052
3932 3956
3932 4058
3932 3962
3932 3934
3932 4059
3932 3963
3932 3935
3933 4061
3933 3965
3933 3935
3933 3934
3933 3997
3933 4045
3933 3949
3933 4053
3933 3957
3933 4057
3933 3961
3934 4062
3934 3966
3934 3936
3934 3998
3934 4046
3934 3950
3934 4054
3934 3958
3934 4058
3934 3962
3934 4061
3934 3965
3934 3935
3935 4063
3935 3967
3935 3936
3935 3999
3935 4047
3935 3951
3935 4055
3935 3959
3935 4059
3935 3963
3935 4061
3935 3965
3936 4064
3936 3968
3936 4000
3936 4048
3936 3952
3936 4056
3936 3960
3936 4060
3936 3964
3936 4062
3936 3966
3936 4063
3936 3967
3937 4065
3937 3953
3937 3945
3937 3941
3937 3939
3937 3938
3937 4001
3937 4033
3938 4066
3938 3954
3938 3946
3938 3942
3938 3940
3938 4002
3938 4034
3938 4065
3938 3953
3938 3945
3938 3941
3938 3939
3939 4067
3939 3955
3939 3947
3939 3943
3939 3940
3939 4003
3939 4035
3939 4065
3939 3953
3939 3945
3939 3941
3940 4068
3940 3956
3940 3948
3940 3944
3940 4004
3940 4036
3940 4066
3940 3954
3940 3946
3940 3942
3940 4067
3940 3955
3940 3947
3940 3943
3941 4069
3941 3957
3941 3949
3941 3943
3941 3942
3941 4005
3941 4037
3941 4065
3941 3953
3941 3945
3942 4070
3942 3958
3942 3950
3942 3944
3942 4006
3942 4038
3942 4066
3942 3954
3942 3946
3942 4069
3942 3957
3942 3949
3942 3943
3943 4071
3943 3959
3943 3951
3943 3944
3943 4007
3943 4039
3943 4067
3943 3955
3943 3947
3943 4069
3943 3957
3943 3949
3944 4072
3944 3960
3944 3952
3944 4008
3944 4040
3944 4068
3944 3956
3944 3948
3944 4070
3944 3958
3944 3950
3944 4071
3944 3959
3944 3951
3945 4073
3945 3961
3945 3949
3945 3947
3945 3946
3945 4009
3945 4041
3945 4065
3945 3953
3946 4074
3946 3962
3946 3950
3946 3948
3946 4010
3946 4042
3946 4066
3946 3954
3946 4073
3946 3961
3946 3949
3946 3947
3947 4075
3947 3963
3947 3951
3947 3948
3947 4011
3947 4043
3947 4067
3947 3955
3947 4073
3947 3961
3947 3949
3948 4076
3948 3964
3948 3952
3948 4012
3948 4044
3948 4068
3948 3956
3948 4074
3948 3962
3948 3950
3948 4075
3948 3963
3948 3951
3949 4077
3949 3965
3949 3951
3949 3950
3949 4013
3949 4045
3949 4069
3949 3957
3949 4073
3949 3961
3950 4078
3950 3966
3950 3952
3950 4014
3950 4046
3950 4070
3950 3958
3950 4074
3950 3962
3950 4077
3950 3965
3950 3951
3951 4079
3951 3967
3951 3952
3951 4015
3951 4047
3951 4071
3951 3959
3951 4075
3951 3963
3951 4077
3951 3965
3952 4080
3952 3968
3952 4016
3952 4048
3952 4072
3952 3960
3952 4076
3952 3964
3952 4078
3952 3966
3952 4079
3952 3967
3953 4081
3953 3961
3953 3957
3953 3955
3953 3954
3953 4017
3953 4049
3953 4065
3954 4082
3954 3962
3954 3958
3954 3956
3954 4018
3954 4050
3954 4066
3954 4081
3954 3961
3954 3957
3954 3955
3955 4083
3955 3963
3955 3959
3955 3956
3955 4019
3955 4051
3955 4067
3955 4081
3955 3961
3955 3957
3956 4084
3956 3964
3956 3960
3956 4020
3956 4052
3956 4068
3956 4082
3956 3962
3956 3958
3956 4083
3956 3963
3956 3959
3957 4085
3957 3965
3957 3959
3957 3958
3957 4021
3957 4053
3957 4069
3957 4081
3957 3961
3958 4086
3958 3966
3958 3960
3958 4022
3958 4054
3958 4070
3958 4082
3958 3962
3958 4085
3958 3965
3958 3959
3959 4087
3959 3967
3959 3960
3959 4023
3959 4055
3959 4071
3959 4083
3959 3963
3959 4085
3959 3965
3960 4088
3960 3968
3960 4024
3960 4056
3960 4072
3960 4084
3960 3964
3960 4086
3960 3966
3960 4087
3960 3967
3961 4089
3961 3965
3961 3963
3961 3962
3961 4025
3961 4057
3961 4073
3961 4081
3962 4090
3962 3966
3962 3964
3962 4026
3962 4058
3962 4074
3962 4082
3962 4089
3962 3965
3962 3963
3963 4091
3963 3967
3963 3964
3963 4027
3963 4059
3963 4075
3963 4083
3963 4089
3963 3965
3964 4092
3964 3968
3964 4028
3964 4060
3964 4076
3964 4084
3964 4090
3964 3966
3964 4091
3964 3967
3965 4093
3965 3967
3965 3966
3965 4029
3965 4061
3965 4077
3965 4085
3965 4089
3966 4094
3966 3968
3966 4030
3966 4062
3966 4078
3966 4086
3966 4090
3966 4093
3966 3967
3967 4095
3967 3968
3967 4031
3967 4063
3967 4079
3967 4087
3967 4091
3967 4093
3968 4096
3968 4032
3968 4064
3968 4080
3968 4088
3968 4092
3968 4094
3968 4095
3969 4033
3969 4001
3969 3985
3969 3977
3969 3973
3969 3971
3969 3970
3970 4034
3970 4002
3970 3986
3970 3978
3970 3974
3970 3972
3970 4033
3970 4001
3970 3985
3970 3977
3970 3973
3970 3971
3971 4035
3971 4003
3971 3987
3971 3979
3971 3975
3971 3972
3971 4033
3971 4001
3971 3985
3971 3977
3971 3973
3972 4036
3972 4004
3972 3988
3972 3980
3972 3976
3972 4034
3972 4002
3972 3986
3972 3978
3972 3974
3972 4035
3972 4003
3972 3987
3972 3979
3972 3975
3973 4037
3973 4005
3973 3989
3973 3981
3973 3975
3973 3974
3973 4033
3973 4001
3973 3985
3973 3977
3974 4038
3974 4006
3974 3990
3974 3982
3974 3976
3974 4034
3974 4002
3974 3986
3974 3978
3974 4037
3974 4005
3974 3989
3974 3981
3974 3975
3975 4039
3975 4007
3975 3991
3975 3983
3975 3976
3975 4035
3975 4003
3975 3987
3975 3979
3975 4037
3975 4005
3975 3989
3975 3981
3976 4040
3976 4008
3976 3992
3976 3984
3976 4036
3976 4004
3976 3988
3976 3980
3976 4038
3976 4006
3976 3990
3976 3982
3976 4039
3976 4007
3976 3991
3976 3983
3977 4041
3977 4009
3977 3993
3977 3981
3977 3979
3977 3978
3977 4033
3977 4001
3977 3985
3978 4042
3978 4010
3978 3994
3978 3982
3978 3980
3978 4034
3978 4002
3978 3986
3978 4041
3978 4009
3978 3993
3978 3981
3978 3979
3979 4043
3979 4011
3979 3995
3979 3983
3979 3980
3979 4035
3979 4003
3979 3987
3979 4041
3979 4009
3979 3993
3979 3981
3980 4044
3980 4012
3980 3996
3980 3984
3980 4036
3980 4004
3980 3988
3980 4042
3980 4010
3980 3994
3980 3982
3980 4043
3980 4011
3980 3995
3980 3983
3981 4045
3981 4013
3981 3997
3981 3983
3981 3982
3981 4037
3981 4005
3981 3989
3981 4041
3981 4009
3981 3993
3982 4046
3982 4014
3982 3998
3982 3984
3982 4038
3982 4006
3982 3990
3982 4042
3982 4010
3982 3994
3982 4045
3982 4013
3982 3997
3982 3983
3983 4047
3983 4015
3983 3999
3983 3984
3983 4039
3983 4007
3983 3991
3983 4043
3983 4011
3983 3995
3983 4045
3983 4013
3983 3997
3984 4048
3984 4016
3984 4000
3984 4040
3984 4008
3984 3992
3984 4044
3984 4012
3984 3996
3984 4046
3984 4014
3984 3998
3984 4047
3984 4015
3984 3999
3985 4049
3985 4017
3985 3993
3985 3989
3985 3987
3985 3986
3985 4033
3985 4001
3986 4050
3986 4018
3986 3994
3986 3990
3986 3988
3986 4034
3986 4002
3986 4049
3986 4017
3986 3993
3986 3989
3986 3987
3987 4051
3987 4019
3987 3995
3987 3991
3987 3988
3987 4035
3987 4003
3987 4049
3987 4017
3987 3993
3987 3989
3988 4052
3988 4020
3988 3996
3988 3992
3988 4036
3988 4004
3988 4050
3988 4018
3988 3994
3988 3990
3988 4051
3988 4019
3988 3995
3988 3991
3989 4053
3989 4021
3989 3997
3989 3991
3989 3990
3989 4037
3989 4005
3989 4049
3989 4017
3989 3993
3990 4054
3990 4022
3990 3998
3990 3992
3990 4038
3990 4006
3990 4050
3990 4018
3990 3994
3990 4053
3990 4021
3990 3997
3990 3991
3991 4055
3991 4023
3991 3999
3991 3992
3991 4039
3991 4007
3991 4051
3991 4019
3991 3995
3991 4053
3991 4021
3991 3997
3992 4056
3992 4024
3992 4000
3992 4040
3992 4008
3992 4052
3992 4020
3992 3996
3992 4054
3992 4022
3992 3998
3992 4055
3992 4023
3992 3999
3993 4057
3993 4025
3993 3997
3993 3995
3993 3994
3993 4041
3993 4009
3993 4049
3993 4017
3994 4058
3994 4026
3994 3998
3994 3996
3994 4042
3994 4010
3994 4050
3994 4018
3994 4057
3994 4025
3994 3997
3994 3995
3995 4059
3995 4027
3995 3999
3995 3996
3995 4043
3995 4011
3995 4051
3995 4019
3995 4057
3995 4025
3995 3997
3996 4060
3996 4028
3996 4000
3996 4044
3996 4012
3996 4052
3996 4020
3996 4058
3996 4026
3996 3998
3996 4059
3996 4027
3996 3999
3997 4061
3997 4029
3997 3999
3997 3998
3997 4045
3997 4013
3997 4053
3997 4021
3997 4057
3997 4025
3998 4062
3998 4030
3998 4000
3998 4046
3998 4014
3998 4054
3998 4022
3998 4058
3998 4026
3998 4061
3998 4029
3998 3999
3999 4063
3999 4031
3999 4000
3999 4047
3999 4015
3999 4055
3999 4023
3999 4059
3999 4027
3999 4061
3999 4029
4000 4064
4000 4032
4000 4048
4000 4016
4000 4056
4000 4024
4000 4060
4000 4028
4000 4062
4000 4030
4000 4063
4000 4031
4001 4065
4001 4017
4001 4009
4001 4005
4001 4003
4001 4002
4001 4033
4002 4066
4002 4018
4002 4010
4002 4006
4002 4004
4002 4034
4002 4065
4002 4017
4002 4009
4002 4005
4002 4003
4003 4067
4003 4019
4003 4011
4003 4007
4003 4004
4003 4035
4003 4065
4003 4017
4003 4009
4003 4005
4004 4068
4004 4020
4004 4012
4004 4008
4004 4036
4004 4066
4004 4018
4004 4010
4004 4006
4004 4067
4004 4019
4004 4011
4004 4007
4005 4069
4005 4021
4005 4013
4005 4007
4005 4006
4005 4037
4005 4065
4005 4017
4005 4009
4006 4070
4006 4022
4006 4014
4006 4008
4006 4038
4006 4066
4006 4018
4006 4010
4006 4069
4006 4021
4006 4013
4006 4007
4007 4071
4007 4023
4007 4015
4007 4008
4007 4039
4007 4067
4007 4019
4007 4011
4007 4069
4007 4021
4007 4013
4008 4072
4008 4024
4008 4016
4008 4040
4008 4068
4008 4020
4008 4012
4008 4070
4008 4022
4008 4014
4008 4071
4008 4023
4008 4015
4009 4073
4009 4025
4009 4013
4009 4011
4009 4010
4009 4041
4009 4065
4009 4017
4010 4074
4010 4026
4010 4014
4010 4012
4010 4042
4010 4066
4010 4018
4010 4073
4010 4025
4010 4013
4010 4011
4011 4075
4011 4027
4011 4015
4011 4012
4011 4043
4011 4067
4011 4019
4011 4073
4011 4025
4011 4013
4012 4076
4012 4028
4012 4016
4012 4044
4012 4068
4012 4020
4012 4074
4012 4026
4012 4014
4012 4075
4012 4027
4012 4015
4013 4077
4013 4029
4013 4015
4013 4014
4013 4045
4013 4069
4013 4021
4013 4073
4013 4025
4014 4078
4014 4030
4014 4016
4014 4046
4014 4070
4014 4022
4014 4074
4014 4026
4014 4077
4014 4029
4014 4015
4015 4079
4015 4031
4015 4016
4015 4047
4015 4071
4015 4023
4015 4075
4015 4027
4015 4077
4015 4029
4016 4080
4016 4032
4016 4048
4016 4072
4016 4024
4016 4076
4016 4028
4016 4078
4016 4030
4016 4079
4016 4031
4017 4081
4017 4025
4017 4021
4017 4019
4017 4018
4017 4049
4017 4065
4018 4082
4018 4026
4018 4022
4018 4020
4018 4050
4018 4066
4018 4081
4018 4025
4018 4021
4018 4019
4019 4083
4019 4027
4019 4023
4019 4020
4019 4051
4019 4067
4019 4081
4019 4025
4019 4021
4020 4084
4020 4028
4020 4024
4020 4052
4020 4068
4020 4082
4020 4026
4020 4022
4020 4083
4020 4027
4020 4023
4021 4085
4021 4029
4021 4023
4021 4022
4021 4053
4021 4069
4021 4081
4021 4025
4022 4086
4022 4030
4022 4024
4022 4054
4022 4070
4022 4082
4022 4026
4022 4085
4022 4029
4022 4023
4023 4087
4023 4031
4023 4024
4023 4055
4023 4071
4023 4083
4023 4027
4023 4085
4023 4029
4024 4088
4024 4032
4024 4056
4024 4072
4024 4084
4024 4028
4024 4086
4024 4030
4024 4087
4024 4031
4025 4089
4025 4029
4025 4027
4025 4026
4025 4057
4025 4073
4025 4081
4026 4090
4026 4030
4026 4028
4026 4058
4026 4074
4026 4082
4026 4089
4026 4029
4026 4027
4027 4091
4027 4031
4027 4028
4027 4059
4027 4075
4027 4083
4027 4089
4027 4029
4028 4092
4028 4032
4028 4060
4028 4076
4028 4084
4028 4090
4028 4030
4028 4091
4028 4031
4029 4093
4029 4031
4029 4030
4029 4061
4029 4077
4029 4085
4029 4089
4030 4094
4030 4032
4030 4062
4030 4078
4030 4086
4030 4090
4030 4093
4030 4031
4031 4095
4031 4032
4031 4063
4031 4079
4031 4087
4031 4091
4031 4093
4032 4096
4032 4064
4032 4080
4032 4088
4032 4092
4032 4094
4032 4095
4033 4065
4033 4049
4033 4041
4033 4037
4033 4035
4033 4034
4034 4066
4034 4050
4034 4042
4034 4038
4034 4036
4034 4065
4034 4049
4034 4041
4034 4037
4034 4035
4035 4067
4035 4051
4035 4043
4035 4039
4035 4036
4035 4065
4035 4049
4035 4041
4035 4037
4036 4068
4036 4052
4036 4044
4036 4040
4036 4066
4036 4050
4036 4042
4036 4038
4036 4067
4036 4051
4036 4043
4036 4039
4037 4069
4037 4053
4037 4045
4037 4039
4037 4038
4037 4065
4037 4049
4037 4041
4038 4070
4038 4054
4038 4046
4038 4040
4038 4066
4038 4050
4038 4042
4038 4069
4038 4053
4038 4045
4038 4039
4039 4071
4039 4055
4039 4047
4039 4040
4039 4067
4039 4051
4039 4043
4039 4069
4039 4053
4039 4045
4040 4072
4040 4056
4040 4048
4040 4068
4040 4052
4040 4044
4040 4070
4040 4054
4040 4046
4040 4071
4040 4055
4040 4047
4041 4073
4041 4057
4041 4045
4041 4043
4041 4042
4041 4065
4041 4049
4042 4074
4042 4058
4042 4046
4042 4044
4042 4066
4042 4050
4042 4073
4042 4057
4042 4045
4042 4043
4043 4075
4043 4059
4043 4047
4043 4044
4043 4067
4043 4051
4043 4073
4043 4057
4043 4045
4044 4076
4044 4060
4044 4048
4044 4068
4044 4052
4044 4074
4044 4058
4044 4046
4044 4075
4044 4059
4044 4047
4045 4077
4045 4061
4045 4047
4045 4046
4045 4069
4045 4053
4045 4073
4045 4057
4046 4078
4046 4062
4046 4048
4046 4070
4046 4054
4046 4074
4046 4058
4046 4077
4046 4061
4046 4047
4047 4079
4047 4063
4047 4048
4047 4071
4047 4055
4047 4075
4047 4059
4047 4077
4047 4061
4048 4080
4048 4064
4048 4072
4048 4056
4048 4076
4048 4060
4048 4078
4048 4062
4048 4079
4048 4063
4049 4081
4049 4057
4049 4053
4049 4051
4049 4050
4049 4065
4050 4082
4050 4058
4050 4054
4050 4052
4050 4066
4050 4081
4050 4057
4050 4053
4050 4051
4051 4083
4051 4059
4051 4055
4051 4052
4051 4067
4051 4081
4051 4057
4051 4053
4052 4084
4052 4060
4052 4056
4052 4068
4052 4082
4052 4058
4052 4054
4052 4083
4052 4059
4052 4055
4053 4085
4053 4061
4053 4055
4053 4054
4053 4069
4053 4081
4053 4057
4054 4086
4054 4062
4054 4056
4054 4070
4054 4082
4054 4058
4054 4085
4054 4061
4054 4055
4055 4087
4055 4063
4055 4056
4055 4071
4055 4083
4055 4059
4055 4085
4055 4061
4056 4088
4056 4064
4056 4072
4056 4084
4056 4060
4056 4086
4056 4062
4056 4087
4056 4063
4057 4089
4057 4061
4057 4059
4057 4058
4057 4073
4057 4081
4058 4090
4058 4062
4058 4060
4058 4074
4058 4082
4058 4089
4058 4061
4058 4059
4059 4091
4059 4063
4059 4060
4059 4075
4059 4083
4059 4089
4059 4061
4060 4092
4060 4064
4060 4076
4060 4084
4060 4090
4060 4062
4060 4091
4060 4063
4061 4093
4061 4063
4061 4062
4061 4077
4061 4085
4061 4089
4062 4094
4062 4064
4062 4078
4062 4086
4062 4090
4062 4093
4062 4063
4063 4095
4063 4064
4063 4079
4063 4087
4063 4091
4063 4093
4064 4096
4064 4080
4064 4088
4064 4092
4064 4094
4064 4095
4065 4081
4065 4073
4065 4069
4065 4067
4065 4066
4066 4082
4066 4074
4066 4070
4066 4068
4066 4081
4066 4073
4066 4069
4066 4067
4067 4083
4067 4075
4067 4071
4067 4068
4067 4081
4067 4073
4067 4069
4068 4084
4068 4076
4068 4072
4068 4082
4068 4074
4068 4070
4068 4083
4068 4075
4068 4071
4069 4085
4069 4077
4069 4071
4069 4070
4069 4081
4069 4073
4070 4086
4070 4078
4070 4072
4070 4082
4070 4074
4070 4085
4070 4077
4070 4071
4071 4087
4071 4079
4071 4072
4071 4083
4071 4075
4071 4085
4071 4077
4072 4088
4072 4080
4072 4084
4072 4076
4072 4086
4072 4078
4072 4087
4072 4079
4073 4089
4073 4077
4073 4075
4073 4074
4073 4081
4074 4090
4074 4078
4074 4076
4074 4082
4074 4089
4074 4077
4074 4075
4075 4091
4075 4079
4075 4076
4075 4083
4075 4089
4075 4077
4076 4092
4076 4080
4076 4084
4076 4090
4076 4078
4076 4091
4076 4079
4077 4093
4077 4079
4077 4078
4077 4085
4077 4089
4078 4094
4078 4080
4078 4086
4078 4090
4078 4093
4078 4079
4079 4095
4079 4080
4079 4087
4079 4091
4079 4093
4080 4096
4080 4088
4080 4092
4080 4094
4080 4095
4081 4089
4081 4085
4081 4083
4081 4082
4082 4090
4082 4086
4082 4084
4082 4089
4082 4085
4082 4083
4083 4091
4083 4087
4083 4084
4083 4089
4083 4085
4084 4092
4084 4088
4084 4090
4084 4086
4084 4091
4084 4087
4085 4093
4085 4087
4085 4086
4085 4089
4086 4094
4086 4088
4086 4090
4086 4093
4086 4087
4087 4095
4087 4088
4087 4091
4087 4093
4088 4096
4088 4092
4088 4094
4088 4095
4089 4093
4089 4091
4089 4090
4090 4094
4090 4092
4090 4093
4090 4091
4091 4095
4091 4092
4091 4093
4092 4096
4092 4094
4092 4095
4093 4095
4093 4094
4094 4096
4094 4095
4095 4096
