1024 16640
1 513
1 257
1 129
1 65
1 33
1 17
1 9
1 5
1 3
1 2
2 514
2 258
2 130
2 66
2 34
2 18
2 10
2 6
2 4
2 513
2 257
2 129
2 65
2 33
2 17
2 9
2 5
2 3
3 515
3 259
3 131
3 67
3 35
3 19
3 11
3 7
3 4
3 513
3 257
3 129
3 65
3 33
3 17
3 9
3 5
4 516
4 260
4 132
4 68
4 36
4 20
4 12
4 8
4 514
4 258
4 130
4 66
4 34
4 18
4 10
4 6
4 515
4 259
4 131
4 67
4 35
4 19
4 11
4 7
5 517
5 261
5 133
5 69
5 37
5 21
5 13
5 7
5 6
5 513
5 257
5 129
5 65
5 33
5 17
5 9
6 518
6 262
6 134
6 70
6 38
6 22
6 14
6 8
6 514
6 258
6 130
6 66
6 34
6 18
6 10
6 517
6 261
6 133
6 69
6 37
6 21
6 13
6 7
7 519
7 263
7 135
7 71
7 39
7 23
7 15
7 8
7 515
7 259
7 131
7 67
7 35
7 19
7 11
7 517
7 261
7 133
7 69
7 37
7 21
7 13
8 520
8 264
8 136
8 72
8 40
8 24
8 16
8 516
8 260
8 132
8 68
8 36
8 20
8 12
8 518
8 262
8 134
8 70
8 38
8 22
8 14
8 519
8 263
8 135
8 71
8 39
8 23
8 15
9 521
9 265
9 137
9 73
9 41
9 25
9 13
9 11
9 10
9 513
9 257
9 129
9 65
9 33
9 17
10 522
10 266
10 138
10 74
10 42
10 26
10 14
10 12
10 514
10 258
10 130
10 66
10 34
10 18
10 521
10 265
10 137
10 73
10 41
10 25
10 13
10 11
11 523
11 267
11 139
11 75
11 43
11 27
11 15
11 12
11 515
11 259
11 131
11 67
11 35
11 19
11 521
11 265
11 137
11 73
11 41
11 25
11 13
12 524
12 268
12 140
12 76
12 44
12 28
12 16
12 516
12 260
12 132
12 68
12 36
12 20
12 522
12 266
12 138
12 74
12 42
12 26
12 14
12 523
12 267
12 139
12 75
12 43
12 27
12 15
13 525
13 269
13 141
13 77
13 45
13 29
13 15
13 14
13 517
13 261
13 133
13 69
13 37
13 21
13 521
13 265
13 137
13 73
13 41
13 25
14 526
14 270
14 142
14 78
14 46
14 30
14 16
14 518
14 262
14 134
14 70
14 38
14 22
14 522
14 266
14 138
14 74
14 42
14 26
14 525
14 269
14 141
14 77
14 45
14 29
14 15
15 527
15 271
15 143
15 79
15 47
15 31
15 16
15 519
15 263
15 135
15 71
15 39
15 23
15 523
15 267
15 139
15 75
15 43
15 27
15 525
15 269
15 141
15 77
15 45
15 29
16 528
16 272
16 144
16 80
16 48
16 32
16 520
16 264
16 136
16 72
16 40
16 24
16 524
16 268
16 140
16 76
16 44
16 28
16 526
16 270
16 142
16 78
16 46
16 30
16 527
16 271
16 143
16 79
16 47
16 31
17 529
17 273
17 145
17 81
17 49
17 25
17 21
17 19
17 18
17 513
17 257
17 129
17 65
17 33
18 530
18 274
18 146
18 82
18 50
18 26
18 22
18 20
18 514
18 258
18 130
18 66
18 34
18 529
18 273
18 145
18 81
18 49
18 25
18 21
18 19
19 531
19 275
19 147
19 83
19 51
19 27
19 23
19 20
19 515
19 259
19 131
19 67
19 35
19 529
19 273
19 145
19 81
19 49
19 25
19 21
20 532
20 276
20 148
20 84
20 52
20 28
20 24
20 516
20 260
20 132
20 68
20 36
20 530
20 274
20 146
20 82
20 50
20 26
20 22
20 531
20 275
20 147
20 83
20 51
20 27
20 23
21 533
21 277
21 149
21 85
21 53
21 29
21 23
21 22
21 517
21 261
21 133
21 69
21 37
21 529
21 273
21 145
21 81
21 49
21 25
22 534
22 278
22 150
22 86
22 54
22 30
22 24
22 518
22 262
22 134
22 70
22 38
22 530
22 274
22 146
22 82
22 50
22 26
22 533
22 277
22 149
22 85
22 53
22 29
22 23
23 535
23 279
23 151
23 87
23 55
23 31
23 24
23 519
23 263
23 135
23 71
23 39
23 531
23 275
23 147
23 83
23 51
23 27
23 533
23 277
23 149
23 85
23 53
23 29
24 536
24 280
24 152
24 88
24 56
24 32
24 520
24 264
24 136
24 72
24 40
24 532
24 276
24 148
24 84
24 52
24 28
24 534
24 278
24 150
24 86
24 54
24 30
24 535
24 279
24 151
24 87
24 55
24 31
25 537
25 281
25 153
25 89
25 57
25 29
25 27
25 26
25 521
25 265
25 137
25 73
25 41
25 529
25 273
25 145
25 81
25 49
26 538
26 282
26 154
26 90
26 58
26 30
26 28
26 522
26 266
26 138
26 74
26 42
26 530
26 274
26 146
26 82
26 50
26 537
26 281
26 153
26 89
26 57
26 29
26 27
27 539
27 283
27 155
27 91
27 59
27 31
27 28
27 523
27 267
27 139
27 75
27 43
27 531
27 275
27 147
27 83
27 51
27 537
27 281
27 153
27 89
27 57
27 29
28 540
28 284
28 156
28 92
28 60
28 32
28 524
28 268
28 140
28 76
28 44
28 532
28 276
28 148
28 84
28 52
28 538
28 282
28 154
28 90
28 58
28 30
28 539
28 283
28 155
28 91
28 59
28 31
29 541
29 285
29 157
29 93
29 61
29 31
29 30
29 525
29 269
29 141
29 77
29 45
29 533
29 277
29 149
29 85
29 53
29 537
29 281
29 153
29 89
29 57
30 542
30 286
30 158
30 94
30 62
30 32
30 526
30 270
30 142
30 78
30 46
30 534
30 278
30 150
30 86
30 54
30 538
30 282
30 154
30 90
30 58
30 541
30 285
30 157
30 93
30 61
30 31
31 543
31 287
31 159
31 95
31 63
31 32
31 527
31 271
31 143
31 79
31 47
31 535
31 279
31 151
31 87
31 55
31 539
31 283
31 155
31 91
31 59
31 541
31 285
31 157
31 93
31 61
32 544
32 288
32 160
32 96
32 64
32 528
32 272
32 144
32 80
32 48
32 536
32 280
32 152
32 88
32 56
32 540
32 284
32 156
32 92
32 60
32 542
32 286
32 158
32 94
32 62
32 543
32 287
32 159
32 95
32 63
33 545
33 289
33 161
33 97
33 49
33 41
33 37
33 35
33 34
33 513
33 257
33 129
33 65
34 546
34 290
34 162
34 98
34 50
34 42
34 38
34 36
34 514
34 258
34 130
34 66
34 545
34 289
34 161
34 97
34 49
34 41
34 37
34 35
35 547
35 291
35 163
35 99
35 51
35 43
35 39
35 36
35 515
35 259
35 131
35 67
35 545
35 289
35 161
35 97
35 49
35 41
35 37
36 548
36 292
36 164
36 100
36 52
36 44
36 40
36 516
36 260
36 132
36 68
36 546
36 290
36 162
36 98
36 50
36 42
36 38
36 547
36 291
36 163
36 99
36 51
36 43
36 39
37 549
37 293
37 165
37 101
37 53
37 45
37 39
37 38
37 517
37 261
37 133
37 69
37 545
37 289
37 161
37 97
37 49
37 41
38 550
38 294
38 166
38 102
38 54
38 46
38 40
38 518
38 262
38 134
38 70
38 546
38 290
38 162
38 98
38 50
38 42
38 549
38 293
38 165
38 101
38 53
38 45
38 39
39 551
39 295
39 167
39 103
39 55
39 47
39 40
39 519
39 263
39 135
39 71
39 547
39 291
39 163
39 99
39 51
39 43
39 549
39 293
39 165
39 101
39 53
39 45
40 552
40 296
40 168
40 104
40 56
40 48
40 520
40 264
40 136
40 72
40 548
40 292
40 164
40 100
40 52
40 44
40 550
40 294
40 166
40 102
40 54
40 46
40 551
40 295
40 167
40 103
40 55
40 47
41 553
41 297
41 169
41 105
41 57
41 45
41 43
41 42
41 521
41 265
41 137
41 73
41 545
41 289
41 161
41 97
41 49
42 554
42 298
42 170
42 106
42 58
42 46
42 44
42 522
42 266
42 138
42 74
42 546
42 290
42 162
42 98
42 50
42 553
42 297
42 169
42 105
42 57
42 45
42 43
43 555
43 299
43 171
43 107
43 59
43 47
43 44
43 523
43 267
43 139
43 75
43 547
43 291
43 163
43 99
43 51
43 553
43 297
43 169
43 105
43 57
43 45
44 556
44 300
44 172
44 108
44 60
44 48
44 524
44 268
44 140
44 76
44 548
44 292
44 164
44 100
44 52
44 554
44 298
44 170
44 106
44 58
44 46
44 555
44 299
44 171
44 107
44 59
44 47
45 557
45 301
45 173
45 109
45 61
45 47
45 46
45 525
45 269
45 141
45 77
45 549
45 293
45 165
45 101
45 53
45 553
45 297
45 169
45 105
45 57
46 558
46 302
46 174
46 110
46 62
46 48
46 526
46 270
46 142
46 78
46 550
46 294
46 166
46 102
46 54
46 554
46 298
46 170
46 106
46 58
46 557
46 301
46 173
46 109
46 61
46 47
47 559
47 303
47 175
47 111
47 63
47 48
47 527
47 271
47 143
47 79
47 551
47 295
47 167
47 103
47 55
47 555
47 299
47 171
47 107
47 59
47 557
47 301
47 173
47 109
47 61
48 560
48 304
48 176
48 112
48 64
48 528
48 272
48 144
48 80
48 552
48 296
48 168
48 104
48 56
48 556
48 300
48 172
48 108
48 60
48 558
48 302
48 174
48 110
48 62
48 559
48 303
48 175
48 111
48 63
49 561
49 305
49 177
49 113
49 57
49 53
49 51
49 50
49 529
49 273
49 145
49 81
49 545
49 289
49 161
49 97
50 562
50 306
50 178
50 114
50 58
50 54
50 52
50 530
50 274
50 146
50 82
50 546
50 290
50 162
50 98
50 561
50 305
50 177
50 113
50 57
50 53
50 51
51 563
51 307
51 179
51 115
51 59
51 55
51 52
51 531
51 275
51 147
51 83
51 547
51 291
51 163
51 99
51 561
51 305
51 177
51 113
51 57
51 53
52 564
52 308
52 180
52 116
52 60
52 56
52 532
52 276
52 148
52 84
52 548
52 292
52 164
52 100
52 562
52 306
52 178
52 114
52 58
52 54
52 563
52 307
52 179
52 115
52 59
52 55
53 565
53 309
53 181
53 117
53 61
53 55
53 54
53 533
53 277
53 149
53 85
53 549
53 293
53 165
53 101
53 561
53 305
53 177
53 113
53 57
54 566
54 310
54 182
54 118
54 62
54 56
54 534
54 278
54 150
54 86
54 550
54 294
54 166
54 102
54 562
54 306
54 178
54 114
54 58
54 565
54 309
54 181
54 117
54 61
54 55
55 567
55 311
55 183
55 119
55 63
55 56
55 535
55 279
55 151
55 87
55 551
55 295
55 167
55 103
55 563
55 307
55 179
55 115
55 59
55 565
55 309
55 181
55 117
55 61
56 568
56 312
56 184
56 120
56 64
56 536
56 280
56 152
56 88
56 552
56 296
56 168
56 104
56 564
56 308
56 180
56 116
56 60
56 566
56 310
56 182
56 118
56 62
56 567
56 311
56 183
56 119
56 63
57 569
57 313
57 185
57 121
57 61
57 59
57 58
57 537
57 281
57 153
57 89
57 553
57 297
57 169
57 105
57 561
57 305
57 177
57 113
58 570
58 314
58 186
58 122
58 62
58 60
58 538
58 282
58 154
58 90
58 554
58 298
58 170
58 106
58 562
58 306
58 178
58 114
58 569
58 313
58 185
58 121
58 61
58 59
59 571
59 315
59 187
59 123
59 63
59 60
59 539
59 283
59 155
59 91
59 555
59 299
59 171
59 107
59 563
59 307
59 179
59 115
59 569
59 313
59 185
59 121
59 61
60 572
60 316
60 188
60 124
60 64
60 540
60 284
60 156
60 92
60 556
60 300
60 172
60 108
60 564
60 308
60 180
60 116
60 570
60 314
60 186
60 122
60 62
60 571
60 315
60 187
60 123
60 63
61 573
61 317
61 189
61 125
61 63
61 62
61 541
61 285
61 157
61 93
61 557
61 301
61 173
61 109
61 565
61 309
61 181
61 117
61 569
61 313
61 185
61 121
62 574
62 318
62 190
62 126
62 64
62 542
62 286
62 158
62 94
62 558
62 302
62 174
62 110
62 566
62 310
62 182
62 118
62 570
62 314
62 186
62 122
62 573
62 317
62 189
62 125
62 63
63 575
63 319
63 191
63 127
63 64
63 543
63 287
63 159
63 95
63 559
63 303
63 175
63 111
63 567
63 311
63 183
63 119
63 571
63 315
63 187
63 123
63 573
63 317
63 189
63 125
64 576
64 320
64 192
64 128
64 544
64 288
64 160
64 96
64 560
64 304
64 176
64 112
64 568
64 312
64 184
64 120
64 572
64 316
64 188
64 124
64 574
64 318
64 190
64 126
64 575
64 319
64 191
64 127
65 577
65 321
65 193
65 97
65 81
65 73
65 69
65 67
65 66
65 513
65 257
65 129
66 578
66 322
66 194
66 98
66 82
66 74
66 70
66 68
66 514
66 258
66 130
66 577
66 321
66 193
66 97
66 81
66 73
66 69
66 67
67 579
67 323
67 195
67 99
67 83
67 75
67 71
67 68
67 515
67 259
67 131
67 577
67 321
67 193
67 97
67 81
67 73
67 69
68 580
68 324
68 196
68 100
68 84
68 76
68 72
68 516
68 260
68 132
68 578
68 322
68 194
68 98
68 82
68 74
68 70
68 579
68 323
68 195
68 99
68 83
68 75
68 71
69 581
69 325
69 197
69 101
69 85
69 77
69 71
69 70
69 517
69 261
69 133
69 577
69 321
69 193
69 97
69 81
69 73
70 582
70 326
70 198
70 102
70 86
70 78
70 72
70 518
70 262
70 134
70 578
70 322
70 194
70 98
70 82
70 74
70 581
70 325
70 197
70 101
70 85
70 77
70 71
71 583
71 327
71 199
71 103
71 87
71 79
71 72
71 519
71 263
71 135
71 579
71 323
71 195
71 99
71 83
71 75
71 581
71 325
71 197
71 101
71 85
71 77
72 584
72 328
72 200
72 104
72 88
72 80
72 520
72 264
72 136
72 580
72 324
72 196
72 100
72 84
72 76
72 582
72 326
72 198
72 102
72 86
72 78
72 583
72 327
72 199
72 103
72 87
72 79
73 585
73 329
73 201
73 105
73 89
73 77
73 75
73 74
73 521
73 265
73 137
73 577
73 321
73 193
73 97
73 81
74 586
74 330
74 202
74 106
74 90
74 78
74 76
74 522
74 266
74 138
74 578
74 322
74 194
74 98
74 82
74 585
74 329
74 201
74 105
74 89
74 77
74 75
75 587
75 331
75 203
75 107
75 91
75 79
75 76
75 523
75 267
75 139
75 579
75 323
75 195
75 99
75 83
75 585
75 329
75 201
75 105
75 89
75 77
76 588
76 332
76 204
76 108
76 92
76 80
76 524
76 268
76 140
76 580
76 324
76 196
76 100
76 84
76 586
76 330
76 202
76 106
76 90
76 78
76 587
76 331
76 203
76 107
76 91
76 79
77 589
77 333
77 205
77 109
77 93
77 79
77 78
77 525
77 269
77 141
77 581
77 325
77 197
77 101
77 85
77 585
77 329
77 201
77 105
77 89
78 590
78 334
78 206
78 110
78 94
78 80
78 526
78 270
78 142
78 582
78 326
78 198
78 102
78 86
78 586
78 330
78 202
78 106
78 90
78 589
78 333
78 205
78 109
78 93
78 79
79 591
79 335
79 207
79 111
79 95
79 80
79 527
79 271
79 143
79 583
79 327
79 199
79 103
79 87
79 587
79 331
79 203
79 107
79 91
79 589
79 333
79 205
79 109
79 93
80 592
80 336
80 208
80 112
80 96
80 528
80 272
80 144
80 584
80 328
80 200
80 104
80 88
80 588
80 332
80 204
80 108
80 92
80 590
80 334
80 206
80 110
80 94
80 591
80 335
80 207
80 111
80 95
81 593
81 337
81 209
81 113
81 89
81 85
81 83
81 82
81 529
81 273
81 145
81 577
81 321
81 193
81 97
82 594
82 338
82 210
82 114
82 90
82 86
82 84
82 530
82 274
82 146
82 578
82 322
82 194
82 98
82 593
82 337
82 209
82 113
82 89
82 85
82 83
83 595
83 339
83 211
83 115
83 91
83 87
83 84
83 531
83 275
83 147
83 579
83 323
83 195
83 99
83 593
83 337
83 209
83 113
83 89
83 85
84 596
84 340
84 212
84 116
84 92
84 88
84 532
84 276
84 148
84 580
84 324
84 196
84 100
84 594
84 338
84 210
84 114
84 90
84 86
84 595
84 339
84 211
84 115
84 91
84 87
85 597
85 341
85 213
85 117
85 93
85 87
85 86
85 533
85 277
85 149
85 581
85 325
85 197
85 101
85 593
85 337
85 209
85 113
85 89
86 598
86 342
86 214
86 118
86 94
86 88
86 534
86 278
86 150
86 582
86 326
86 198
86 102
86 594
86 338
86 210
86 114
86 90
86 597
86 341
86 213
86 117
86 93
86 87
87 599
87 343
87 215
87 119
87 95
87 88
87 535
87 279
87 151
87 583
87 327
87 199
87 103
87 595
87 339
87 211
87 115
87 91
87 597
87 341
87 213
87 117
87 93
88 600
88 344
88 216
88 120
88 96
88 536
88 280
88 152
88 584
88 328
88 200
88 104
88 596
88 340
88 212
88 116
88 92
88 598
88 342
88 214
88 118
88 94
88 599
88 343
88 215
88 119
88 95
89 601
89 345
89 217
89 121
89 93
89 91
89 90
89 537
89 281
89 153
89 585
89 329
89 201
89 105
89 593
89 337
89 209
89 113
90 602
90 346
90 218
90 122
90 94
90 92
90 538
90 282
90 154
90 586
90 330
90 202
90 106
90 594
90 338
90 210
90 114
90 601
90 345
90 217
90 121
90 93
90 91
91 603
91 347
91 219
91 123
91 95
91 92
91 539
91 283
91 155
91 587
91 331
91 203
91 107
91 595
91 339
91 211
91 115
91 601
91 345
91 217
91 121
91 93
92 604
92 348
92 220
92 124
92 96
92 540
92 284
92 156
92 588
92 332
92 204
92 108
92 596
92 340
92 212
92 116
92 602
92 346
92 218
92 122
92 94
92 603
92 347
92 219
92 123
92 95
93 605
93 349
93 221
93 125
93 95
93 94
93 541
93 285
93 157
93 589
93 333
93 205
93 109
93 597
93 341
93 213
93 117
93 601
93 345
93 217
93 121
94 606
94 350
94 222
94 126
94 96
94 542
94 286
94 158
94 590
94 334
94 206
94 110
94 598
94 342
94 214
94 118
94 602
94 346
94 218
94 122
94 605
94 349
94 221
94 125
94 95
95 607
95 351
95 223
95 127
95 96
95 543
95 287
95 159
95 591
95 335
95 207
95 111
95 599
95 343
95 215
95 119
95 603
95 347
95 219
95 123
95 605
95 349
95 221
95 125
96 608
96 352
96 224
96 128
96 544
96 288
96 160
96 592
96 336
96 208
96 112
96 600
96 344
96 216
96 120
96 604
96 348
96 220
96 124
96 606
96 350
96 222
96 126
96 607
96 351
96 223
96 127
97 609
97 353
97 225
97 113
97 105
97 101
97 99
97 98
97 545
97 289
97 161
97 577
97 321
97 193
98 610
98 354
98 226
98 114
98 106
98 102
98 100
98 546
98 290
98 162
98 578
98 322
98 194
98 609
98 353
98 225
98 113
98 105
98 101
98 99
99 611
99 355
99 227
99 115
99 107
99 103
99 100
99 547
99 291
99 163
99 579
99 323
99 195
99 609
99 353
99 225
99 113
99 105
99 101
100 612
100 356
100 228
100 116
100 108
100 104
100 548
100 292
100 164
100 580
100 324
100 196
100 610
100 354
100 226
100 114
100 106
100 102
100 611
100 355
100 227
100 115
100 107
100 103
101 613
101 357
101 229
101 117
101 109
101 103
101 102
101 549
101 293
101 165
101 581
101 325
101 197
101 609
101 353
101 225
101 113
101 105
102 614
102 358
102 230
102 118
102 110
102 104
102 550
102 294
102 166
102 582
102 326
102 198
102 610
102 354
102 226
102 114
102 106
102 613
102 357
102 229
102 117
102 109
102 103
103 615
103 359
103 231
103 119
103 111
103 104
103 551
103 295
103 167
103 583
103 327
103 199
103 611
103 355
103 227
103 115
103 107
103 613
103 357
103 229
103 117
103 109
104 616
104 360
104 232
104 120
104 112
104 552
104 296
104 168
104 584
104 328
104 200
104 612
104 356
104 228
104 116
104 108
104 614
104 358
104 230
104 118
104 110
104 615
104 359
104 231
104 119
104 111
105 617
105 361
105 233
105 121
105 109
105 107
105 106
105 553
105 297
105 169
105 585
105 329
105 201
105 609
105 353
105 225
105 113
106 618
106 362
106 234
106 122
106 110
106 108
106 554
106 298
106 170
106 586
106 330
106 202
106 610
106 354
106 226
106 114
106 617
106 361
106 233
106 121
106 109
106 107
107 619
107 363
107 235
107 123
107 111
107 108
107 555
107 299
107 171
107 587
107 331
107 203
107 611
107 355
107 227
107 115
107 617
107 361
107 233
107 121
107 109
108 620
108 364
108 236
108 124
108 112
108 556
108 300
108 172
108 588
108 332
108 204
108 612
108 356
108 228
108 116
108 618
108 362
108 234
108 122
108 110
108 619
108 363
108 235
108 123
108 111
109 621
109 365
109 237
109 125
109 111
109 110
109 557
109 301
109 173
109 589
109 333
109 205
109 613
109 357
109 229
109 117
109 617
109 361
109 233
109 121
110 622
110 366
110 238
110 126
110 112
110 558
110 302
110 174
110 590
110 334
110 206
110 614
110 358
110 230
110 118
110 618
110 362
110 234
110 122
110 621
110 365
110 237
110 125
110 111
111 623
111 367
111 239
111 127
111 112
111 559
111 303
111 175
111 591
111 335
111 207
111 615
111 359
111 231
111 119
111 619
111 363
111 235
111 123
111 621
111 365
111 237
111 125
112 624
112 368
112 240
112 128
112 560
112 304
112 176
112 592
112 336
112 208
112 616
112 360
112 232
112 120
112 620
112 364
112 236
112 124
112 622
112 366
112 238
112 126
112 623
112 367
112 239
112 127
113 625
113 369
113 241
113 121
113 117
113 115
113 114
113 561
113 305
113 177
113 593
113 337
113 209
113 609
113 353
113 225
114 626
114 370
114 242
114 122
114 118
114 116
114 562
114 306
114 178
114 594
114 338
114 210
114 610
114 354
114 226
114 625
114 369
114 241
114 121
114 117
114 115
115 627
115 371
115 243
115 123
115 119
115 116
115 563
115 307
115 179
115 595
115 339
115 211
115 611
115 355
115 227
115 625
115 369
115 241
115 121
115 117
116 628
116 372
116 244
116 124
116 120
116 564
116 308
116 180
116 596
116 340
116 212
116 612
116 356
116 228
116 626
116 370
116 242
116 122
116 118
116 627
116 371
116 243
116 123
116 119
117 629
117 373
117 245
117 125
117 119
117 118
117 565
117 309
117 181
117 597
117 341
117 213
117 613
117 357
117 229
117 625
117 369
117 241
117 121
118 630
118 374
118 246
118 126
118 120
118 566
118 310
118 182
118 598
118 342
118 214
118 614
118 358
118 230
118 626
118 370
118 242
118 122
118 629
118 373
118 245
118 125
118 119
119 631
119 375
119 247
119 127
119 120
119 567
119 311
119 183
119 599
119 343
119 215
119 615
119 359
119 231
119 627
119 371
119 243
119 123
119 629
119 373
119 245
119 125
120 632
120 376
120 248
120 128
120 568
120 312
120 184
120 600
120 344
120 216
120 616
120 360
120 232
120 628
120 372
120 244
120 124
120 630
120 374
120 246
120 126
120 631
120 375
120 247
120 127
121 633
121 377
121 249
121 125
121 123
121 122
121 569
121 313
121 185
121 601
121 345
121 217
121 617
121 361
121 233
121 625
121 369
121 241
122 634
122 378
122 250
122 126
122 124
122 570
122 314
122 186
122 602
122 346
122 218
122 618
122 362
122 234
122 626
122 370
122 242
122 633
122 377
122 249
122 125
122 123
123 635
123 379
123 251
123 127
123 124
123 571
123 315
123 187
123 603
123 347
123 219
123 619
123 363
123 235
123 627
123 371
123 243
123 633
123 377
123 249
123 125
124 636
124 380
124 252
124 128
124 572
124 316
124 188
124 604
124 348
124 220
124 620
124 364
124 236
124 628
124 372
124 244
124 634
124 378
124 250
124 126
124 635
124 379
124 251
124 127
125 637
125 381
125 253
125 127
125 126
125 573
125 317
125 189
125 605
125 349
125 221
125 621
125 365
125 237
125 629
125 373
125 245
125 633
125 377
125 249
126 638
126 382
126 254
126 128
126 574
126 318
126 190
126 606
126 350
126 222
126 622
126 366
126 238
126 630
126 374
126 246
126 634
126 378
126 250
126 637
126 381
126 253
126 127
127 639
127 383
127 255
127 128
127 575
127 319
127 191
127 607
127 351
127 223
127 623
127 367
127 239
127 631
127 375
127 247
127 635
127 379
127 251
127 637
127 381
127 253
128 640
128 384
128 256
128 576
128 320
128 192
128 608
128 352
128 224
128 624
128 368
128 240
128 632
128 376
128 248
128 636
128 380
128 252
128 638
128 382
128 254
128 639
128 383
128 255
129 641
129 385
129 193
129 161
129 145
129 137
129 133
129 131
129 130
129 513
129 257
130 642
130 386
130 194
130 162
130 146
130 138
130 134
130 132
130 514
130 258
130 641
130 385
130 193
130 161
130 145
130 137
130 133
130 131
131 643
131 387
131 195
131 163
131 147
131 139
131 135
131 132
131 515
131 259
131 641
131 385
131 193
131 161
131 145
131 137
131 133
132 644
132 388
132 196
132 164
132 148
132 140
132 136
132 516
132 260
132 642
132 386
132 194
132 162
132 146
132 138
132 134
132 643
132 387
132 195
132 163
132 147
132 139
132 135
133 645
133 389
133 197
133 165
133 149
133 141
133 135
133 134
133 517
133 261
133 641
133 385
133 193
133 161
133 145
133 137
134 646
134 390
134 198
134 166
134 150
134 142
134 136
134 518
134 262
134 642
134 386
134 194
134 162
134 146
134 138
134 645
134 389
134 197
134 165
134 149
134 141
134 135
135 647
135 391
135 199
135 167
135 151
135 143
135 136
135 519
135 263
135 643
135 387
135 195
135 163
135 147
135 139
135 645
135 389
135 197
135 165
135 149
135 141
136 648
136 392
136 200
136 168
136 152
136 144
136 520
136 264
136 644
136 388
136 196
136 164
136 148
136 140
136 646
136 390
136 198
136 166
136 150
136 142
136 647
136 391
136 199
136 167
136 151
136 143
137 649
137 393
137 201
137 169
137 153
137 141
137 139
137 138
137 521
137 265
137 641
137 385
137 193
137 161
137 145
138 650
138 394
138 202
138 170
138 154
138 142
138 140
138 522
138 266
138 642
138 386
138 194
138 162
138 146
138 649
138 393
138 201
138 169
138 153
138 141
138 139
139 651
139 395
139 203
139 171
139 155
139 143
139 140
139 523
139 267
139 643
139 387
139 195
139 163
139 147
139 649
139 393
139 201
139 169
139 153
139 141
140 652
140 396
140 204
140 172
140 156
140 144
140 524
140 268
140 644
140 388
140 196
140 164
140 148
140 650
140 394
140 202
140 170
140 154
140 142
140 651
140 395
140 203
140 171
140 155
140 143
141 653
141 397
141 205
141 173
141 157
141 143
141 142
141 525
141 269
141 645
141 389
141 197
141 165
141 149
141 649
141 393
141 201
141 169
141 153
142 654
142 398
142 206
142 174
142 158
142 144
142 526
142 270
142 646
142 390
142 198
142 166
142 150
142 650
142 394
142 202
142 170
142 154
142 653
142 397
142 205
142 173
142 157
142 143
143 655
143 399
143 207
143 175
143 159
143 144
143 527
143 271
143 647
143 391
143 199
143 167
143 151
143 651
143 395
143 203
143 171
143 155
143 653
143 397
143 205
143 173
143 157
144 656
144 400
144 208
144 176
144 160
144 528
144 272
144 648
144 392
144 200
144 168
144 152
144 652
144 396
144 204
144 172
144 156
144 654
144 398
144 206
144 174
144 158
144 655
144 399
144 207
144 175
144 159
145 657
145 401
145 209
145 177
145 153
145 149
145 147
145 146
145 529
145 273
145 641
145 385
145 193
145 161
146 658
146 402
146 210
146 178
146 154
146 150
146 148
146 530
146 274
146 642
146 386
146 194
146 162
146 657
146 401
146 209
146 177
146 153
146 149
146 147
147 659
147 403
147 211
147 179
147 155
147 151
147 148
147 531
147 275
147 643
147 387
147 195
147 163
147 657
147 401
147 209
147 177
147 153
147 149
148 660
148 404
148 212
148 180
148 156
148 152
148 532
148 276
148 644
148 388
148 196
148 164
148 658
148 402
148 210
148 178
148 154
148 150
148 659
148 403
148 211
148 179
148 155
148 151
149 661
149 405
149 213
149 181
149 157
149 151
149 150
149 533
149 277
149 645
149 389
149 197
149 165
149 657
149 401
149 209
149 177
149 153
150 662
150 406
150 214
150 182
150 158
150 152
150 534
150 278
150 646
150 390
150 198
150 166
150 658
150 402
150 210
150 178
150 154
150 661
150 405
150 213
150 181
150 157
150 151
151 663
151 407
151 215
151 183
151 159
151 152
151 535
151 279
151 647
151 391
151 199
151 167
151 659
151 403
151 211
151 179
151 155
151 661
151 405
151 213
151 181
151 157
152 664
152 408
152 216
152 184
152 160
152 536
152 280
152 648
152 392
152 200
152 168
152 660
152 404
152 212
152 180
152 156
152 662
152 406
152 214
152 182
152 158
152 663
152 407
152 215
152 183
152 159
153 665
153 409
153 217
153 185
153 157
153 155
153 154
153 537
153 281
153 649
153 393
153 201
153 169
153 657
153 401
153 209
153 177
154 666
154 410
154 218
154 186
154 158
154 156
154 538
154 282
154 650
154 394
154 202
154 170
154 658
154 402
154 210
154 178
154 665
154 409
154 217
154 185
154 157
154 155
155 667
155 411
155 219
155 187
155 159
155 156
155 539
155 283
155 651
155 395
155 203
155 171
155 659
155 403
155 211
155 179
155 665
155 409
155 217
155 185
155 157
156 668
156 412
156 220
156 188
156 160
156 540
156 284
156 652
156 396
156 204
156 172
156 660
156 404
156 212
156 180
156 666
156 410
156 218
156 186
156 158
156 667
156 411
156 219
156 187
156 159
157 669
157 413
157 221
157 189
157 159
157 158
157 541
157 285
157 653
157 397
157 205
157 173
157 661
157 405
157 213
157 181
157 665
157 409
157 217
157 185
158 670
158 414
158 222
158 190
158 160
158 542
158 286
158 654
158 398
158 206
158 174
158 662
158 406
158 214
158 182
158 666
158 410
158 218
158 186
158 669
158 413
158 221
158 189
158 159
159 671
159 415
159 223
159 191
159 160
159 543
159 287
159 655
159 399
159 207
159 175
159 663
159 407
159 215
159 183
159 667
159 411
159 219
159 187
159 669
159 413
159 221
159 189
160 672
160 416
160 224
160 192
160 544
160 288
160 656
160 400
160 208
160 176
160 664
160 408
160 216
160 184
160 668
160 412
160 220
160 188
160 670
160 414
160 222
160 190
160 671
160 415
160 223
160 191
161 673
161 417
161 225
161 177
161 169
161 165
161 163
161 162
161 545
161 289
161 641
161 385
161 193
162 674
162 418
162 226
162 178
162 170
162 166
162 164
162 546
162 290
162 642
162 386
162 194
162 673
162 417
162 225
162 177
162 169
162 165
162 163
163 675
163 419
163 227
163 179
163 171
163 167
163 164
163 547
163 291
163 643
163 387
163 195
163 673
163 417
163 225
163 177
163 169
163 165
164 676
164 420
164 228
164 180
164 172
164 168
164 548
164 292
164 644
164 388
164 196
164 674
164 418
164 226
164 178
164 170
164 166
164 675
164 419
164 227
164 179
164 171
164 167
165 677
165 421
165 229
165 181
165 173
165 167
165 166
165 549
165 293
165 645
165 389
165 197
165 673
165 417
165 225
165 177
165 169
166 678
166 422
166 230
166 182
166 174
166 168
166 550
166 294
166 646
166 390
166 198
166 674
166 418
166 226
166 178
166 170
166 677
166 421
166 229
166 181
166 173
166 167
167 679
167 423
167 231
167 183
167 175
167 168
167 551
167 295
167 647
167 391
167 199
167 675
167 419
167 227
167 179
167 171
167 677
167 421
167 229
167 181
167 173
168 680
168 424
168 232
168 184
168 176
168 552
168 296
168 648
168 392
168 200
168 676
168 420
168 228
168 180
168 172
168 678
168 422
168 230
168 182
168 174
168 679
168 423
168 231
168 183
168 175
169 681
169 425
169 233
169 185
169 173
169 171
169 170
169 553
169 297
169 649
169 393
169 201
169 673
169 417
169 225
169 177
170 682
170 426
170 234
170 186
170 174
170 172
170 554
170 298
170 650
170 394
170 202
170 674
170 418
170 226
170 178
170 681
170 425
170 233
170 185
170 173
170 171
171 683
171 427
171 235
171 187
171 175
171 172
171 555
171 299
171 651
171 395
171 203
171 675
171 419
171 227
171 179
171 681
171 425
171 233
171 185
171 173
172 684
172 428
172 236
172 188
172 176
172 556
172 300
172 652
172 396
172 204
172 676
172 420
172 228
172 180
172 682
172 426
172 234
172 186
172 174
172 683
172 427
172 235
172 187
172 175
173 685
173 429
173 237
173 189
173 175
173 174
173 557
173 301
173 653
173 397
173 205
173 677
173 421
173 229
173 181
173 681
173 425
173 233
173 185
174 686
174 430
174 238
174 190
174 176
174 558
174 302
174 654
174 398
174 206
174 678
174 422
174 230
174 182
174 682
174 426
174 234
174 186
174 685
174 429
174 237
174 189
174 175
175 687
175 431
175 239
175 191
175 176
175 559
175 303
175 655
175 399
175 207
175 679
175 423
175 231
175 183
175 683
175 427
175 235
175 187
175 685
175 429
175 237
175 189
176 688
176 432
176 240
176 192
176 560
176 304
176 656
176 400
176 208
176 680
176 424
176 232
176 184
176 684
176 428
176 236
176 188
176 686
176 430
176 238
176 190
176 687
176 431
176 239
176 191
177 689
177 433
177 241
177 185
177 181
177 179
177 178
177 561
177 305
177 657
177 401
177 209
177 673
177 417
177 225
178 690
178 434
178 242
178 186
178 182
178 180
178 562
178 306
178 658
178 402
178 210
178 674
178 418
178 226
178 689
178 433
178 241
178 185
178 181
178 179
179 691
179 435
179 243
179 187
179 183
179 180
179 563
179 307
179 659
179 403
179 211
179 675
179 419
179 227
179 689
179 433
179 241
179 185
179 181
180 692
180 436
180 244
180 188
180 184
180 564
180 308
180 660
180 404
180 212
180 676
180 420
180 228
180 690
180 434
180 242
180 186
180 182
180 691
180 435
180 243
180 187
180 183
181 693
181 437
181 245
181 189
181 183
181 182
181 565
181 309
181 661
181 405
181 213
181 677
181 421
181 229
181 689
181 433
181 241
181 185
182 694
182 438
182 246
182 190
182 184
182 566
182 310
182 662
182 406
182 214
182 678
182 422
182 230
182 690
182 434
182 242
182 186
182 693
182 437
182 245
182 189
182 183
183 695
183 439
183 247
183 191
183 184
183 567
183 311
183 663
183 407
183 215
183 679
183 423
183 231
183 691
183 435
183 243
183 187
183 693
183 437
183 245
183 189
184 696
184 440
184 248
184 192
184 568
184 312
184 664
184 408
184 216
184 680
184 424
184 232
184 692
184 436
184 244
184 188
184 694
184 438
184 246
184 190
184 695
184 439
184 247
184 191
185 697
185 441
185 249
185 189
185 187
185 186
185 569
185 313
185 665
185 409
185 217
185 681
185 425
185 233
185 689
185 433
185 241
186 698
186 442
186 250
186 190
186 188
186 570
186 314
186 666
186 410
186 218
186 682
186 426
186 234
186 690
186 434
186 242
186 697
186 441
186 249
186 189
186 187
187 699
187 443
187 251
187 191
187 188
187 571
187 315
187 667
187 411
187 219
187 683
187 427
187 235
187 691
187 435
187 243
187 697
187 441
187 249
187 189
188 700
188 444
188 252
188 192
188 572
188 316
188 668
188 412
188 220
188 684
188 428
188 236
188 692
188 436
188 244
188 698
188 442
188 250
188 190
188 699
188 443
188 251
188 191
189 701
189 445
189 253
189 191
189 190
189 573
189 317
189 669
189 413
189 221
189 685
189 429
189 237
189 693
189 437
189 245
189 697
189 441
189 249
190 702
190 446
190 254
190 192
190 574
190 318
190 670
190 414
190 222
190 686
190 430
190 238
190 694
190 438
190 246
190 698
190 442
190 250
190 701
190 445
190 253
190 191
191 703
191 447
191 255
191 192
191 575
191 319
191 671
191 415
191 223
191 687
191 431
191 239
191 695
191 439
191 247
191 699
191 443
191 251
191 701
191 445
191 253
192 704
192 448
192 256
192 576
192 320
192 672
192 416
192 224
192 688
192 432
192 240
192 696
192 440
192 248
192 700
192 444
192 252
192 702
192 446
192 254
192 703
192 447
192 255
193 705
193 449
193 225
193 209
193 201
193 197
193 195
193 194
193 577
193 321
193 641
193 385
194 706
194 450
194 226
194 210
194 202
194 198
194 196
194 578
194 322
194 642
194 386
194 705
194 449
194 225
194 209
194 201
194 197
194 195
195 707
195 451
195 227
195 211
195 203
195 199
195 196
195 579
195 323
195 643
195 387
195 705
195 449
195 225
195 209
195 201
195 197
196 708
196 452
196 228
196 212
196 204
196 200
196 580
196 324
196 644
196 388
196 706
196 450
196 226
196 210
196 202
196 198
196 707
196 451
196 227
196 211
196 203
196 199
197 709
197 453
197 229
197 213
197 205
197 199
197 198
197 581
197 325
197 645
197 389
197 705
197 449
197 225
197 209
197 201
198 710
198 454
198 230
198 214
198 206
198 200
198 582
198 326
198 646
198 390
198 706
198 450
198 226
198 210
198 202
198 709
198 453
198 229
198 213
198 205
198 199
199 711
199 455
199 231
199 215
199 207
199 200
199 583
199 327
199 647
199 391
199 707
199 451
199 227
199 211
199 203
199 709
199 453
199 229
199 213
199 205
200 712
200 456
200 232
200 216
200 208
200 584
200 328
200 648
200 392
200 708
200 452
200 228
200 212
200 204
200 710
200 454
200 230
200 214
200 206
200 711
200 455
200 231
200 215
200 207
201 713
201 457
201 233
201 217
201 205
201 203
201 202
201 585
201 329
201 649
201 393
201 705
201 449
201 225
201 209
202 714
202 458
202 234
202 218
202 206
202 204
202 586
202 330
202 650
202 394
202 706
202 450
202 226
202 210
202 713
202 457
202 233
202 217
202 205
202 203
203 715
203 459
203 235
203 219
203 207
203 204
203 587
203 331
203 651
203 395
203 707
203 451
203 227
203 211
203 713
203 457
203 233
203 217
203 205
204 716
204 460
204 236
204 220
204 208
204 588
204 332
204 652
204 396
204 708
204 452
204 228
204 212
204 714
204 458
204 234
204 218
204 206
204 715
204 459
204 235
204 219
204 207
205 717
205 461
205 237
205 221
205 207
205 206
205 589
205 333
205 653
205 397
205 709
205 453
205 229
205 213
205 713
205 457
205 233
205 217
206 718
206 462
206 238
206 222
206 208
206 590
206 334
206 654
206 398
206 710
206 454
206 230
206 214
206 714
206 458
206 234
206 218
206 717
206 461
206 237
206 221
206 207
207 719
207 463
207 239
207 223
207 208
207 591
207 335
207 655
207 399
207 711
207 455
207 231
207 215
207 715
207 459
207 235
207 219
207 717
207 461
207 237
207 221
208 720
208 464
208 240
208 224
208 592
208 336
208 656
208 400
208 712
208 456
208 232
208 216
208 716
208 460
208 236
208 220
208 718
208 462
208 238
208 222
208 719
208 463
208 239
208 223
209 721
209 465
209 241
209 217
209 213
209 211
209 210
209 593
209 337
209 657
209 401
209 705
209 449
209 225
210 722
210 466
210 242
210 218
210 214
210 212
210 594
210 338
210 658
210 402
210 706
210 450
210 226
210 721
210 465
210 241
210 217
210 213
210 211
211 723
211 467
211 243
211 219
211 215
211 212
211 595
211 339
211 659
211 403
211 707
211 451
211 227
211 721
211 465
211 241
211 217
211 213
212 724
212 468
212 244
212 220
212 216
212 596
212 340
212 660
212 404
212 708
212 452
212 228
212 722
212 466
212 242
212 218
212 214
212 723
212 467
212 243
212 219
212 215
213 725
213 469
213 245
213 221
213 215
213 214
213 597
213 341
213 661
213 405
213 709
213 453
213 229
213 721
213 465
213 241
213 217
214 726
214 470
214 246
214 222
214 216
214 598
214 342
214 662
214 406
214 710
214 454
214 230
214 722
214 466
214 242
214 218
214 725
214 469
214 245
214 221
214 215
215 727
215 471
215 247
215 223
215 216
215 599
215 343
215 663
215 407
215 711
215 455
215 231
215 723
215 467
215 243
215 219
215 725
215 469
215 245
215 221
216 728
216 472
216 248
216 224
216 600
216 344
216 664
216 408
216 712
216 456
216 232
216 724
216 468
216 244
216 220
216 726
216 470
216 246
216 222
216 727
216 471
216 247
216 223
217 729
217 473
217 249
217 221
217 219
217 218
217 601
217 345
217 665
217 409
217 713
217 457
217 233
217 721
217 465
217 241
218 730
218 474
218 250
218 222
218 220
218 602
218 346
218 666
218 410
218 714
218 458
218 234
218 722
218 466
218 242
218 729
218 473
218 249
218 221
218 219
219 731
219 475
219 251
219 223
219 220
219 603
219 347
219 667
219 411
219 715
219 459
219 235
219 723
219 467
219 243
219 729
219 473
219 249
219 221
220 732
220 476
220 252
220 224
220 604
220 348
220 668
220 412
220 716
220 460
220 236
220 724
220 468
220 244
220 730
220 474
220 250
220 222
220 731
220 475
220 251
220 223
221 733
221 477
221 253
221 223
221 222
221 605
221 349
221 669
221 413
221 717
221 461
221 237
221 725
221 469
221 245
221 729
221 473
221 249
222 734
222 478
222 254
222 224
222 606
222 350
222 670
222 414
222 718
222 462
222 238
222 726
222 470
222 246
222 730
222 474
222 250
222 733
222 477
222 253
222 223
223 735
223 479
223 255
223 224
223 607
223 351
223 671
223 415
223 719
223 463
223 239
223 727
223 471
223 247
223 731
223 475
223 251
223 733
223 477
223 253
224 736
224 480
224 256
224 608
224 352
224 672
224 416
224 720
224 464
224 240
224 728
224 472
224 248
224 732
224 476
224 252
224 734
224 478
224 254
224 735
224 479
224 255
225 737
225 481
225 241
225 233
225 229
225 227
225 226
225 609
225 353
225 673
225 417
225 705
225 449
226 738
226 482
226 242
226 234
226 230
226 228
226 610
226 354
226 674
226 418
226 706
226 450
226 737
226 481
226 241
226 233
226 229
226 227
227 739
227 483
227 243
227 235
227 231
227 228
227 611
227 355
227 675
227 419
227 707
227 451
227 737
227 481
227 241
227 233
227 229
228 740
228 484
228 244
228 236
228 232
228 612
228 356
228 676
228 420
228 708
228 452
228 738
228 482
228 242
228 234
228 230
228 739
228 483
228 243
228 235
228 231
229 741
229 485
229 245
229 237
229 231
229 230
229 613
229 357
229 677
229 421
229 709
229 453
229 737
229 481
229 241
229 233
230 742
230 486
230 246
230 238
230 232
230 614
230 358
230 678
230 422
230 710
230 454
230 738
230 482
230 242
230 234
230 741
230 485
230 245
230 237
230 231
231 743
231 487
231 247
231 239
231 232
231 615
231 359
231 679
231 423
231 711
231 455
231 739
231 483
231 243
231 235
231 741
231 485
231 245
231 237
232 744
232 488
232 248
232 240
232 616
232 360
232 680
232 424
232 712
232 456
232 740
232 484
232 244
232 236
232 742
232 486
232 246
232 238
232 743
232 487
232 247
232 239
233 745
233 489
233 249
233 237
233 235
233 234
233 617
233 361
233 681
233 425
233 713
233 457
233 737
233 481
233 241
234 746
234 490
234 250
234 238
234 236
234 618
234 362
234 682
234 426
234 714
234 458
234 738
234 482
234 242
234 745
234 489
234 249
234 237
234 235
235 747
235 491
235 251
235 239
235 236
235 619
235 363
235 683
235 427
235 715
235 459
235 739
235 483
235 243
235 745
235 489
235 249
235 237
236 748
236 492
236 252
236 240
236 620
236 364
236 684
236 428
236 716
236 460
236 740
236 484
236 244
236 746
236 490
236 250
236 238
236 747
236 491
236 251
236 239
237 749
237 493
237 253
237 239
237 238
237 621
237 365
237 685
237 429
237 717
237 461
237 741
237 485
237 245
237 745
237 489
237 249
238 750
238 494
238 254
238 240
238 622
238 366
238 686
238 430
238 718
238 462
238 742
238 486
238 246
238 746
238 490
238 250
238 749
238 493
238 253
238 239
239 751
239 495
239 255
239 240
239 623
239 367
239 687
239 431
239 719
239 463
239 743
239 487
239 247
239 747
239 491
239 251
239 749
239 493
239 253
240 752
240 496
240 256
240 624
240 368
240 688
240 432
240 720
240 464
240 744
240 488
240 248
240 748
240 492
240 252
240 750
240 494
240 254
240 751
240 495
240 255
241 753
241 497
241 249
241 245
241 243
241 242
241 625
241 369
241 689
241 433
241 721
241 465
241 737
241 481
242 754
242 498
242 250
242 246
242 244
242 626
242 370
242 690
242 434
242 722
242 466
242 738
242 482
242 753
242 497
242 249
242 245
242 243
243 755
243 499
243 251
243 247
243 244
243 627
243 371
243 691
243 435
243 723
243 467
243 739
243 483
243 753
243 497
243 249
243 245
244 756
244 500
244 252
244 248
244 628
244 372
244 692
244 436
244 724
244 468
244 740
244 484
244 754
244 498
244 250
244 246
244 755
244 499
244 251
244 247
245 757
245 501
245 253
245 247
245 246
245 629
245 373
245 693
245 437
245 725
245 469
245 741
245 485
245 753
245 497
245 249
246 758
246 502
246 254
246 248
246 630
246 374
246 694
246 438
246 726
246 470
246 742
246 486
246 754
246 498
246 250
246 757
246 501
246 253
246 247
247 759
247 503
247 255
247 248
247 631
247 375
247 695
247 439
247 727
247 471
247 743
247 487
247 755
247 499
247 251
247 757
247 501
247 253
248 760
248 504
248 256
248 632
248 376
248 696
248 440
248 728
248 472
248 744
248 488
248 756
248 500
248 252
248 758
248 502
248 254
248 759
248 503
248 255
249 761
249 505
249 253
249 251
249 250
249 633
249 377
249 697
249 441
249 729
249 473
249 745
249 489
249 753
249 497
250 762
250 506
250 254
250 252
250 634
250 378
250 698
250 442
250 730
250 474
250 746
250 490
250 754
250 498
250 761
250 505
250 253
250 251
251 763
251 507
251 255
251 252
251 635
251 379
251 699
251 443
251 731
251 475
251 747
251 491
251 755
251 499
251 761
251 505
251 253
252 764
252 508
252 256
252 636
252 380
252 700
252 444
252 732
252 476
252 748
252 492
252 756
252 500
252 762
252 506
252 254
252 763
252 507
252 255
253 765
253 509
253 255
253 254
253 637
253 381
253 701
253 445
253 733
253 477
253 749
253 493
253 757
253 501
253 761
253 505
254 766
254 510
254 256
254 638
254 382
254 702
254 446
254 734
254 478
254 750
254 494
254 758
254 502
254 762
254 506
254 765
254 509
254 255
255 767
255 511
255 256
255 639
255 383
255 703
255 447
255 735
255 479
255 751
255 495
255 759
255 503
255 763
255 507
255 765
255 509
256 768
256 512
256 640
256 384
256 704
256 448
256 736
256 480
256 752
256 496
256 760
256 504
256 764
256 508
256 766
256 510
256 767
256 511
257 769
257 385
257 321
257 289
257 273
257 265
257 261
257 259
257 258
257 513
258 770
258 386
258 322
258 290
258 274
258 266
258 262
258 260
258 514
258 769
258 385
258 321
258 289
258 273
258 265
258 261
258 259
259 771
259 387
259 323
259 291
259 275
259 267
259 263
259 260
259 515
259 769
259 385
259 321
259 289
259 273
259 265
259 261
260 772
260 388
260 324
260 292
260 276
260 268
260 264
260 516
260 770
260 386
260 322
260 290
260 274
260 266
260 262
260 771
260 387
260 323
260 291
260 275
260 267
260 263
261 773
261 389
261 325
261 293
261 277
261 269
261 263
261 262
261 517
261 769
261 385
261 321
261 289
261 273
261 265
262 774
262 390
262 326
262 294
262 278
262 270
262 264
262 518
262 770
262 386
262 322
262 290
262 274
262 266
262 773
262 389
262 325
262 293
262 277
262 269
262 263
263 775
263 391
263 327
263 295
263 279
263 271
263 264
263 519
263 771
263 387
263 323
263 291
263 275
263 267
263 773
263 389
263 325
263 293
263 277
263 269
264 776
264 392
264 328
264 296
264 280
264 272
264 520
264 772
264 388
264 324
264 292
264 276
264 268
264 774
264 390
264 326
264 294
264 278
264 270
264 775
264 391
264 327
264 295
264 279
264 271
265 777
265 393
265 329
265 297
265 281
265 269
265 267
265 266
265 521
265 769
265 385
265 321
265 289
265 273
266 778
266 394
266 330
266 298
266 282
266 270
266 268
266 522
266 770
266 386
266 322
266 290
266 274
266 777
266 393
266 329
266 297
266 281
266 269
266 267
267 779
267 395
267 331
267 299
267 283
267 271
267 268
267 523
267 771
267 387
267 323
267 291
267 275
267 777
267 393
267 329
267 297
267 281
267 269
268 780
268 396
268 332
268 300
268 284
268 272
268 524
268 772
268 388
268 324
268 292
268 276
268 778
268 394
268 330
268 298
268 282
268 270
268 779
268 395
268 331
268 299
268 283
268 271
269 781
269 397
269 333
269 301
269 285
269 271
269 270
269 525
269 773
269 389
269 325
269 293
269 277
269 777
269 393
269 329
269 297
269 281
270 782
270 398
270 334
270 302
270 286
270 272
270 526
270 774
270 390
270 326
270 294
270 278
270 778
270 394
270 330
270 298
270 282
270 781
270 397
270 333
270 301
270 285
270 271
271 783
271 399
271 335
271 303
271 287
271 272
271 527
271 775
271 391
271 327
271 295
271 279
271 779
271 395
271 331
271 299
271 283
271 781
271 397
271 333
271 301
271 285
272 784
272 400
272 336
272 304
272 288
272 528
272 776
272 392
272 328
272 296
272 280
272 780
272 396
272 332
272 300
272 284
272 782
272 398
272 334
272 302
272 286
272 783
272 399
272 335
272 303
272 287
273 785
273 401
273 337
273 305
273 281
273 277
273 275
273 274
273 529
273 769
273 385
273 321
273 289
274 786
274 402
274 338
274 306
274 282
274 278
274 276
274 530
274 770
274 386
274 322
274 290
274 785
274 401
274 337
274 305
274 281
274 277
274 275
275 787
275 403
275 339
275 307
275 283
275 279
275 276
275 531
275 771
275 387
275 323
275 291
275 785
275 401
275 337
275 305
275 281
275 277
276 788
276 404
276 340
276 308
276 284
276 280
276 532
276 772
276 388
276 324
276 292
276 786
276 402
276 338
276 306
276 282
276 278
276 787
276 403
276 339
276 307
276 283
276 279
277 789
277 405
277 341
277 309
277 285
277 279
277 278
277 533
277 773
277 389
277 325
277 293
277 785
277 401
277 337
277 305
277 281
278 790
278 406
278 342
278 310
278 286
278 280
278 534
278 774
278 390
278 326
278 294
278 786
278 402
278 338
278 306
278 282
278 789
278 405
278 341
278 309
278 285
278 279
279 791
279 407
279 343
279 311
279 287
279 280
279 535
279 775
279 391
279 327
279 295
279 787
279 403
279 339
279 307
279 283
279 789
279 405
279 341
279 309
279 285
280 792
280 408
280 344
280 312
280 288
280 536
280 776
280 392
280 328
280 296
280 788
280 404
280 340
280 308
280 284
280 790
280 406
280 342
280 310
280 286
280 791
280 407
280 343
280 311
280 287
281 793
281 409
281 345
281 313
281 285
281 283
281 282
281 537
281 777
281 393
281 329
281 297
281 785
281 401
281 337
281 305
282 794
282 410
282 346
282 314
282 286
282 284
282 538
282 778
282 394
282 330
282 298
282 786
282 402
282 338
282 306
282 793
282 409
282 345
282 313
282 285
282 283
283 795
283 411
283 347
283 315
283 287
283 284
283 539
283 779
283 395
283 331
283 299
283 787
283 403
283 339
283 307
283 793
283 409
283 345
283 313
283 285
284 796
284 412
284 348
284 316
284 288
284 540
284 780
284 396
284 332
284 300
284 788
284 404
284 340
284 308
284 794
284 410
284 346
284 314
284 286
284 795
284 411
284 347
284 315
284 287
285 797
285 413
285 349
285 317
285 287
285 286
285 541
285 781
285 397
285 333
285 301
285 789
285 405
285 341
285 309
285 793
285 409
285 345
285 313
286 798
286 414
286 350
286 318
286 288
286 542
286 782
286 398
286 334
286 302
286 790
286 406
286 342
286 310
286 794
286 410
286 346
286 314
286 797
286 413
286 349
286 317
286 287
287 799
287 415
287 351
287 319
287 288
287 543
287 783
287 399
287 335
287 303
287 791
287 407
287 343
287 311
287 795
287 411
287 347
287 315
287 797
287 413
287 349
287 317
288 800
288 416
288 352
288 320
288 544
288 784
288 400
288 336
288 304
288 792
288 408
288 344
288 312
288 796
288 412
288 348
288 316
288 798
288 414
288 350
288 318
288 799
288 415
288 351
288 319
289 801
289 417
289 353
289 305
289 297
289 293
289 291
289 290
289 545
289 769
289 385
289 321
290 802
290 418
290 354
290 306
290 298
290 294
290 292
290 546
290 770
290 386
290 322
290 801
290 417
290 353
290 305
290 297
290 293
290 291
291 803
291 419
291 355
291 307
291 299
291 295
291 292
291 547
291 771
291 387
291 323
291 801
291 417
291 353
291 305
291 297
291 293
292 804
292 420
292 356
292 308
292 300
292 296
292 548
292 772
292 388
292 324
292 802
292 418
292 354
292 306
292 298
292 294
292 803
292 419
292 355
292 307
292 299
292 295
293 805
293 421
293 357
293 309
293 301
293 295
293 294
293 549
293 773
293 389
293 325
293 801
293 417
293 353
293 305
293 297
294 806
294 422
294 358
294 310
294 302
294 296
294 550
294 774
294 390
294 326
294 802
294 418
294 354
294 306
294 298
294 805
294 421
294 357
294 309
294 301
294 295
295 807
295 423
295 359
295 311
295 303
295 296
295 551
295 775
295 391
295 327
295 803
295 419
295 355
295 307
295 299
295 805
295 421
295 357
295 309
295 301
296 808
296 424
296 360
296 312
296 304
296 552
296 776
296 392
296 328
296 804
296 420
296 356
296 308
296 300
296 806
296 422
296 358
296 310
296 302
296 807
296 423
296 359
296 311
296 303
297 809
297 425
297 361
297 313
297 301
297 299
297 298
297 553
297 777
297 393
297 329
297 801
297 417
297 353
297 305
298 810
298 426
298 362
298 314
298 302
298 300
298 554
298 778
298 394
298 330
298 802
298 418
298 354
298 306
298 809
298 425
298 361
298 313
298 301
298 299
299 811
299 427
299 363
299 315
299 303
299 300
299 555
299 779
299 395
299 331
299 803
299 419
299 355
299 307
299 809
299 425
299 361
299 313
299 301
300 812
300 428
300 364
300 316
300 304
300 556
300 780
300 396
300 332
300 804
300 420
300 356
300 308
300 810
300 426
300 362
300 314
300 302
300 811
300 427
300 363
300 315
300 303
301 813
301 429
301 365
301 317
301 303
301 302
301 557
301 781
301 397
301 333
301 805
301 421
301 357
301 309
301 809
301 425
301 361
301 313
302 814
302 430
302 366
302 318
302 304
302 558
302 782
302 398
302 334
302 806
302 422
302 358
302 310
302 810
302 426
302 362
302 314
302 813
302 429
302 365
302 317
302 303
303 815
303 431
303 367
303 319
303 304
303 559
303 783
303 399
303 335
303 807
303 423
303 359
303 311
303 811
303 427
303 363
303 315
303 813
303 429
303 365
303 317
304 816
304 432
304 368
304 320
304 560
304 784
304 400
304 336
304 808
304 424
304 360
304 312
304 812
304 428
304 364
304 316
304 814
304 430
304 366
304 318
304 815
304 431
304 367
304 319
305 817
305 433
305 369
305 313
305 309
305 307
305 306
305 561
305 785
305 401
305 337
305 801
305 417
305 353
306 818
306 434
306 370
306 314
306 310
306 308
306 562
306 786
306 402
306 338
306 802
306 418
306 354
306 817
306 433
306 369
306 313
306 309
306 307
307 819
307 435
307 371
307 315
307 311
307 308
307 563
307 787
307 403
307 339
307 803
307 419
307 355
307 817
307 433
307 369
307 313
307 309
308 820
308 436
308 372
308 316
308 312
308 564
308 788
308 404
308 340
308 804
308 420
308 356
308 818
308 434
308 370
308 314
308 310
308 819
308 435
308 371
308 315
308 311
309 821
309 437
309 373
309 317
309 311
309 310
309 565
309 789
309 405
309 341
309 805
309 421
309 357
309 817
309 433
309 369
309 313
310 822
310 438
310 374
310 318
310 312
310 566
310 790
310 406
310 342
310 806
310 422
310 358
310 818
310 434
310 370
310 314
310 821
310 437
310 373
310 317
310 311
311 823
311 439
311 375
311 319
311 312
311 567
311 791
311 407
311 343
311 807
311 423
311 359
311 819
311 435
311 371
311 315
311 821
311 437
311 373
311 317
312 824
312 440
312 376
312 320
312 568
312 792
312 408
312 344
312 808
312 424
312 360
312 820
312 436
312 372
312 316
312 822
312 438
312 374
312 318
312 823
312 439
312 375
312 319
313 825
313 441
313 377
313 317
313 315
313 314
313 569
313 793
313 409
313 345
313 809
313 425
313 361
313 817
313 433
313 369
314 826
314 442
314 378
314 318
314 316
314 570
314 794
314 410
314 346
314 810
314 426
314 362
314 818
314 434
314 370
314 825
314 441
314 377
314 317
314 315
315 827
315 443
315 379
315 319
315 316
315 571
315 795
315 411
315 347
315 811
315 427
315 363
315 819
315 435
315 371
315 825
315 441
315 377
315 317
316 828
316 444
316 380
316 320
316 572
316 796
316 412
316 348
316 812
316 428
316 364
316 820
316 436
316 372
316 826
316 442
316 378
316 318
316 827
316 443
316 379
316 319
317 829
317 445
317 381
317 319
317 318
317 573
317 797
317 413
317 349
317 813
317 429
317 365
317 821
317 437
317 373
317 825
317 441
317 377
318 830
318 446
318 382
318 320
318 574
318 798
318 414
318 350
318 814
318 430
318 366
318 822
318 438
318 374
318 826
318 442
318 378
318 829
318 445
318 381
318 319
319 831
319 447
319 383
319 320
319 575
319 799
319 415
319 351
319 815
319 431
319 367
319 823
319 439
319 375
319 827
319 443
319 379
319 829
319 445
319 381
320 832
320 448
320 384
320 576
320 800
320 416
320 352
320 816
320 432
320 368
320 824
320 440
320 376
320 828
320 444
320 380
320 830
320 446
320 382
320 831
320 447
320 383
321 833
321 449
321 353
321 337
321 329
321 325
321 323
321 322
321 577
321 769
321 385
322 834
322 450
322 354
322 338
322 330
322 326
322 324
322 578
322 770
322 386
322 833
322 449
322 353
322 337
322 329
322 325
322 323
323 835
323 451
323 355
323 339
323 331
323 327
323 324
323 579
323 771
323 387
323 833
323 449
323 353
323 337
323 329
323 325
324 836
324 452
324 356
324 340
324 332
324 328
324 580
324 772
324 388
324 834
324 450
324 354
324 338
324 330
324 326
324 835
324 451
324 355
324 339
324 331
324 327
325 837
325 453
325 357
325 341
325 333
325 327
325 326
325 581
325 773
325 389
325 833
325 449
325 353
325 337
325 329
326 838
326 454
326 358
326 342
326 334
326 328
326 582
326 774
326 390
326 834
326 450
326 354
326 338
326 330
326 837
326 453
326 357
326 341
326 333
326 327
327 839
327 455
327 359
327 343
327 335
327 328
327 583
327 775
327 391
327 835
327 451
327 355
327 339
327 331
327 837
327 453
327 357
327 341
327 333
328 840
328 456
328 360
328 344
328 336
328 584
328 776
328 392
328 836
328 452
328 356
328 340
328 332
328 838
328 454
328 358
328 342
328 334
328 839
328 455
328 359
328 343
328 335
329 841
329 457
329 361
329 345
329 333
329 331
329 330
329 585
329 777
329 393
329 833
329 449
329 353
329 337
330 842
330 458
330 362
330 346
330 334
330 332
330 586
330 778
330 394
330 834
330 450
330 354
330 338
330 841
330 457
330 361
330 345
330 333
330 331
331 843
331 459
331 363
331 347
331 335
331 332
331 587
331 779
331 395
331 835
331 451
331 355
331 339
331 841
331 457
331 361
331 345
331 333
332 844
332 460
332 364
332 348
332 336
332 588
332 780
332 396
332 836
332 452
332 356
332 340
332 842
332 458
332 362
332 346
332 334
332 843
332 459
332 363
332 347
332 335
333 845
333 461
333 365
333 349
333 335
333 334
333 589
333 781
333 397
333 837
333 453
333 357
333 341
333 841
333 457
333 361
333 345
334 846
334 462
334 366
334 350
334 336
334 590
334 782
334 398
334 838
334 454
334 358
334 342
334 842
334 458
334 362
334 346
334 845
334 461
334 365
334 349
334 335
335 847
335 463
335 367
335 351
335 336
335 591
335 783
335 399
335 839
335 455
335 359
335 343
335 843
335 459
335 363
335 347
335 845
335 461
335 365
335 349
336 848
336 464
336 368
336 352
336 592
336 784
336 400
336 840
336 456
336 360
336 344
336 844
336 460
336 364
336 348
336 846
336 462
336 366
336 350
336 847
336 463
336 367
336 351
337 849
337 465
337 369
337 345
337 341
337 339
337 338
337 593
337 785
337 401
337 833
337 449
337 353
338 850
338 466
338 370
338 346
338 342
338 340
338 594
338 786
338 402
338 834
338 450
338 354
338 849
338 465
338 369
338 345
338 341
338 339
339 851
339 467
339 371
339 347
339 343
339 340
339 595
339 787
339 403
339 835
339 451
339 355
339 849
339 465
339 369
339 345
339 341
340 852
340 468
340 372
340 348
340 344
340 596
340 788
340 404
340 836
340 452
340 356
340 850
340 466
340 370
340 346
340 342
340 851
340 467
340 371
340 347
340 343
341 853
341 469
341 373
341 349
341 343
341 342
341 597
341 789
341 405
341 837
341 453
341 357
341 849
341 465
341 369
341 345
342 854
342 470
342 374
342 350
342 344
342 598
342 790
342 406
342 838
342 454
342 358
342 850
342 466
342 370
342 346
342 853
342 469
342 373
342 349
342 343
343 855
343 471
343 375
343 351
343 344
343 599
343 791
343 407
343 839
343 455
343 359
343 851
343 467
343 371
343 347
343 853
343 469
343 373
343 349
344 856
344 472
344 376
344 352
344 600
344 792
344 408
344 840
344 456
344 360
344 852
344 468
344 372
344 348
344 854
344 470
344 374
344 350
344 855
344 471
344 375
344 351
345 857
345 473
345 377
345 349
345 347
345 346
345 601
345 793
345 409
345 841
345 457
345 361
345 849
345 465
345 369
346 858
346 474
346 378
346 350
346 348
346 602
346 794
346 410
346 842
346 458
346 362
346 850
346 466
346 370
346 857
346 473
346 377
346 349
346 347
347 859
347 475
347 379
347 351
347 348
347 603
347 795
347 411
347 843
347 459
347 363
347 851
347 467
347 371
347 857
347 473
347 377
347 349
348 860
348 476
348 380
348 352
348 604
348 796
348 412
348 844
348 460
348 364
348 852
348 468
348 372
348 858
348 474
348 378
348 350
348 859
348 475
348 379
348 351
349 861
349 477
349 381
349 351
349 350
349 605
349 797
349 413
349 845
349 461
349 365
349 853
349 469
349 373
349 857
349 473
349 377
350 862
350 478
350 382
350 352
350 606
350 798
350 414
350 846
350 462
350 366
350 854
350 470
350 374
350 858
350 474
350 378
350 861
350 477
350 381
350 351
351 863
351 479
351 383
351 352
351 607
351 799
351 415
351 847
351 463
351 367
351 855
351 471
351 375
351 859
351 475
351 379
351 861
351 477
351 381
352 864
352 480
352 384
352 608
352 800
352 416
352 848
352 464
352 368
352 856
352 472
352 376
352 860
352 476
352 380
352 862
352 478
352 382
352 863
352 479
352 383
353 865
353 481
353 369
353 361
353 357
353 355
353 354
353 609
353 801
353 417
353 833
353 449
354 866
354 482
354 370
354 362
354 358
354 356
354 610
354 802
354 418
354 834
354 450
354 865
354 481
354 369
354 361
354 357
354 355
355 867
355 483
355 371
355 363
355 359
355 356
355 611
355 803
355 419
355 835
355 451
355 865
355 481
355 369
355 361
355 357
356 868
356 484
356 372
356 364
356 360
356 612
356 804
356 420
356 836
356 452
356 866
356 482
356 370
356 362
356 358
356 867
356 483
356 371
356 363
356 359
357 869
357 485
357 373
357 365
357 359
357 358
357 613
357 805
357 421
357 837
357 453
357 865
357 481
357 369
357 361
358 870
358 486
358 374
358 366
358 360
358 614
358 806
358 422
358 838
358 454
358 866
358 482
358 370
358 362
358 869
358 485
358 373
358 365
358 359
359 871
359 487
359 375
359 367
359 360
359 615
359 807
359 423
359 839
359 455
359 867
359 483
359 371
359 363
359 869
359 485
359 373
359 365
360 872
360 488
360 376
360 368
360 616
360 808
360 424
360 840
360 456
360 868
360 484
360 372
360 364
360 870
360 486
360 374
360 366
360 871
360 487
360 375
360 367
361 873
361 489
361 377
361 365
361 363
361 362
361 617
361 809
361 425
361 841
361 457
361 865
361 481
361 369
362 874
362 490
362 378
362 366
362 364
362 618
362 810
362 426
362 842
362 458
362 866
362 482
362 370
362 873
362 489
362 377
362 365
362 363
363 875
363 491
363 379
363 367
363 364
363 619
363 811
363 427
363 843
363 459
363 867
363 483
363 371
363 873
363 489
363 377
363 365
364 876
364 492
364 380
364 368
364 620
364 812
364 428
364 844
364 460
364 868
364 484
364 372
364 874
364 490
364 378
364 366
364 875
364 491
364 379
364 367
365 877
365 493
365 381
365 367
365 366
365 621
365 813
365 429
365 845
365 461
365 869
365 485
365 373
365 873
365 489
365 377
366 878
366 494
366 382
366 368
366 622
366 814
366 430
366 846
366 462
366 870
366 486
366 374
366 874
366 490
366 378
366 877
366 493
366 381
366 367
367 879
367 495
367 383
367 368
367 623
367 815
367 431
367 847
367 463
367 871
367 487
367 375
367 875
367 491
367 379
367 877
367 493
367 381
368 880
368 496
368 384
368 624
368 816
368 432
368 848
368 464
368 872
368 488
368 376
368 876
368 492
368 380
368 878
368 494
368 382
368 879
368 495
368 383
369 881
369 497
369 377
369 373
369 371
369 370
369 625
369 817
369 433
369 849
369 465
369 865
369 481
370 882
370 498
370 378
370 374
370 372
370 626
370 818
370 434
370 850
370 466
370 866
370 482
370 881
370 497
370 377
370 373
370 371
371 883
371 499
371 379
371 375
371 372
371 627
371 819
371 435
371 851
371 467
371 867
371 483
371 881
371 497
371 377
371 373
372 884
372 500
372 380
372 376
372 628
372 820
372 436
372 852
372 468
372 868
372 484
372 882
372 498
372 378
372 374
372 883
372 499
372 379
372 375
373 885
373 501
373 381
373 375
373 374
373 629
373 821
373 437
373 853
373 469
373 869
373 485
373 881
373 497
373 377
374 886
374 502
374 382
374 376
374 630
374 822
374 438
374 854
374 470
374 870
374 486
374 882
374 498
374 378
374 885
374 501
374 381
374 375
375 887
375 503
375 383
375 376
375 631
375 823
375 439
375 855
375 471
375 871
375 487
375 883
375 499
375 379
375 885
375 501
375 381
376 888
376 504
376 384
376 632
376 824
376 440
376 856
376 472
376 872
376 488
376 884
376 500
376 380
376 886
376 502
376 382
376 887
376 503
376 383
377 889
377 505
377 381
377 379
377 378
377 633
377 825
377 441
377 857
377 473
377 873
377 489
377 881
377 497
378 890
378 506
378 382
378 380
378 634
378 826
378 442
378 858
378 474
378 874
378 490
378 882
378 498
378 889
378 505
378 381
378 379
379 891
379 507
379 383
379 380
379 635
379 827
379 443
379 859
379 475
379 875
379 491
379 883
379 499
379 889
379 505
379 381
380 892
380 508
380 384
380 636
380 828
380 444
380 860
380 476
380 876
380 492
380 884
380 500
380 890
380 506
380 382
380 891
380 507
380 383
381 893
381 509
381 383
381 382
381 637
381 829
381 445
381 861
381 477
381 877
381 493
381 885
381 501
381 889
381 505
382 894
382 510
382 384
382 638
382 830
382 446
382 862
382 478
382 878
382 494
382 886
382 502
382 890
382 506
382 893
382 509
382 383
383 895
383 511
383 384
383 639
383 831
383 447
383 863
383 479
383 879
383 495
383 887
383 503
383 891
383 507
383 893
383 509
384 896
384 512
384 640
384 832
384 448
384 864
384 480
384 880
384 496
384 888
384 504
384 892
384 508
384 894
384 510
384 895
384 511
385 897
385 449
385 417
385 401
385 393
385 389
385 387
385 386
385 641
385 769
386 898
386 450
386 418
386 402
386 394
386 390
386 388
386 642
386 770
386 897
386 449
386 417
386 401
386 393
386 389
386 387
387 899
387 451
387 419
387 403
387 395
387 391
387 388
387 643
387 771
387 897
387 449
387 417
387 401
387 393
387 389
388 900
388 452
388 420
388 404
388 396
388 392
388 644
388 772
388 898
388 450
388 418
388 402
388 394
388 390
388 899
388 451
388 419
388 403
388 395
388 391
389 901
389 453
389 421
389 405
389 397
389 391
389 390
389 645
389 773
389 897
389 449
389 417
389 401
389 393
390 902
390 454
390 422
390 406
390 398
390 392
390 646
390 774
390 898
390 450
390 418
390 402
390 394
390 901
390 453
390 421
390 405
390 397
390 391
391 903
391 455
391 423
391 407
391 399
391 392
391 647
391 775
391 899
391 451
391 419
391 403
391 395
391 901
391 453
391 421
391 405
391 397
392 904
392 456
392 424
392 408
392 400
392 648
392 776
392 900
392 452
392 420
392 404
392 396
392 902
392 454
392 422
392 406
392 398
392 903
392 455
392 423
392 407
392 399
393 905
393 457
393 425
393 409
393 397
393 395
393 394
393 649
393 777
393 897
393 449
393 417
393 401
394 906
394 458
394 426
394 410
394 398
394 396
394 650
394 778
394 898
394 450
394 418
394 402
394 905
394 457
394 425
394 409
394 397
394 395
395 907
395 459
395 427
395 411
395 399
395 396
395 651
395 779
395 899
395 451
395 419
395 403
395 905
395 457
395 425
395 409
395 397
396 908
396 460
396 428
396 412
396 400
396 652
396 780
396 900
396 452
396 420
396 404
396 906
396 458
396 426
396 410
396 398
396 907
396 459
396 427
396 411
396 399
397 909
397 461
397 429
397 413
397 399
397 398
397 653
397 781
397 901
397 453
397 421
397 405
397 905
397 457
397 425
397 409
398 910
398 462
398 430
398 414
398 400
398 654
398 782
398 902
398 454
398 422
398 406
398 906
398 458
398 426
398 410
398 909
398 461
398 429
398 413
398 399
399 911
399 463
399 431
399 415
399 400
399 655
399 783
399 903
399 455
399 423
399 407
399 907
399 459
399 427
399 411
399 909
399 461
399 429
399 413
400 912
400 464
400 432
400 416
400 656
400 784
400 904
400 456
400 424
400 408
400 908
400 460
400 428
400 412
400 910
400 462
400 430
400 414
400 911
400 463
400 431
400 415
401 913
401 465
401 433
401 409
401 405
401 403
401 402
401 657
401 785
401 897
401 449
401 417
402 914
402 466
402 434
402 410
402 406
402 404
402 658
402 786
402 898
402 450
402 418
402 913
402 465
402 433
402 409
402 405
402 403
403 915
403 467
403 435
403 411
403 407
403 404
403 659
403 787
403 899
403 451
403 419
403 913
403 465
403 433
403 409
403 405
404 916
404 468
404 436
404 412
404 408
404 660
404 788
404 900
404 452
404 420
404 914
404 466
404 434
404 410
404 406
404 915
404 467
404 435
404 411
404 407
405 917
405 469
405 437
405 413
405 407
405 406
405 661
405 789
405 901
405 453
405 421
405 913
405 465
405 433
405 409
406 918
406 470
406 438
406 414
406 408
406 662
406 790
406 902
406 454
406 422
406 914
406 466
406 434
406 410
406 917
406 469
406 437
406 413
406 407
407 919
407 471
407 439
407 415
407 408
407 663
407 791
407 903
407 455
407 423
407 915
407 467
407 435
407 411
407 917
407 469
407 437
407 413
408 920
408 472
408 440
408 416
408 664
408 792
408 904
408 456
408 424
408 916
408 468
408 436
408 412
408 918
408 470
408 438
408 414
408 919
408 471
408 439
408 415
409 921
409 473
409 441
409 413
409 411
409 410
409 665
409 793
409 905
409 457
409 425
409 913
409 465
409 433
410 922
410 474
410 442
410 414
410 412
410 666
410 794
410 906
410 458
410 426
410 914
410 466
410 434
410 921
410 473
410 441
410 413
410 411
411 923
411 475
411 443
411 415
411 412
411 667
411 795
411 907
411 459
411 427
411 915
411 467
411 435
411 921
411 473
411 441
411 413
412 924
412 476
412 444
412 416
412 668
412 796
412 908
412 460
412 428
412 916
412 468
412 436
412 922
412 474
412 442
412 414
412 923
412 475
412 443
412 415
413 925
413 477
413 445
413 415
413 414
413 669
413 797
413 909
413 461
413 429
413 917
413 469
413 437
413 921
413 473
413 441
414 926
414 478
414 446
414 416
414 670
414 798
414 910
414 462
414 430
414 918
414 470
414 438
414 922
414 474
414 442
414 925
414 477
414 445
414 415
415 927
415 479
415 447
415 416
415 671
415 799
415 911
415 463
415 431
415 919
415 471
415 439
415 923
415 475
415 443
415 925
415 477
415 445
416 928
416 480
416 448
416 672
416 800
416 912
416 464
416 432
416 920
416 472
416 440
416 924
416 476
416 444
416 926
416 478
416 446
416 927
416 479
416 447
417 929
417 481
417 433
417 425
417 421
417 419
417 418
417 673
417 801
417 897
417 449
418 930
418 482
418 434
418 426
418 422
418 420
418 674
418 802
418 898
418 450
418 929
418 481
418 433
418 425
418 421
418 419
419 931
419 483
419 435
419 427
419 423
419 420
419 675
419 803
419 899
419 451
419 929
419 481
419 433
419 425
419 421
420 932
420 484
420 436
420 428
420 424
420 676
420 804
420 900
420 452
420 930
420 482
420 434
420 426
420 422
420 931
420 483
420 435
420 427
420 423
421 933
421 485
421 437
421 429
421 423
421 422
421 677
421 805
421 901
421 453
421 929
421 481
421 433
421 425
422 934
422 486
422 438
422 430
422 424
422 678
422 806
422 902
422 454
422 930
422 482
422 434
422 426
422 933
422 485
422 437
422 429
422 423
423 935
423 487
423 439
423 431
423 424
423 679
423 807
423 903
423 455
423 931
423 483
423 435
423 427
423 933
423 485
423 437
423 429
424 936
424 488
424 440
424 432
424 680
424 808
424 904
424 456
424 932
424 484
424 436
424 428
424 934
424 486
424 438
424 430
424 935
424 487
424 439
424 431
425 937
425 489
425 441
425 429
425 427
425 426
425 681
425 809
425 905
425 457
425 929
425 481
425 433
426 938
426 490
426 442
426 430
426 428
426 682
426 810
426 906
426 458
426 930
426 482
426 434
426 937
426 489
426 441
426 429
426 427
427 939
427 491
427 443
427 431
427 428
427 683
427 811
427 907
427 459
427 931
427 483
427 435
427 937
427 489
427 441
427 429
428 940
428 492
428 444
428 432
428 684
428 812
428 908
428 460
428 932
428 484
428 436
428 938
428 490
428 442
428 430
428 939
428 491
428 443
428 431
429 941
429 493
429 445
429 431
429 430
429 685
429 813
429 909
429 461
429 933
429 485
429 437
429 937
429 489
429 441
430 942
430 494
430 446
430 432
430 686
430 814
430 910
430 462
430 934
430 486
430 438
430 938
430 490
430 442
430 941
430 493
430 445
430 431
431 943
431 495
431 447
431 432
431 687
431 815
431 911
431 463
431 935
431 487
431 439
431 939
431 491
431 443
431 941
431 493
431 445
432 944
432 496
432 448
432 688
432 816
432 912
432 464
432 936
432 488
432 440
432 940
432 492
432 444
432 942
432 494
432 446
432 943
432 495
432 447
433 945
433 497
433 441
433 437
433 435
433 434
433 689
433 817
433 913
433 465
433 929
433 481
434 946
434 498
434 442
434 438
434 436
434 690
434 818
434 914
434 466
434 930
434 482
434 945
434 497
434 441
434 437
434 435
435 947
435 499
435 443
435 439
435 436
435 691
435 819
435 915
435 467
435 931
435 483
435 945
435 497
435 441
435 437
436 948
436 500
436 444
436 440
436 692
436 820
436 916
436 468
436 932
436 484
436 946
436 498
436 442
436 438
436 947
436 499
436 443
436 439
437 949
437 501
437 445
437 439
437 438
437 693
437 821
437 917
437 469
437 933
437 485
437 945
437 497
437 441
438 950
438 502
438 446
438 440
438 694
438 822
438 918
438 470
438 934
438 486
438 946
438 498
438 442
438 949
438 501
438 445
438 439
439 951
439 503
439 447
439 440
439 695
439 823
439 919
439 471
439 935
439 487
439 947
439 499
439 443
439 949
439 501
439 445
440 952
440 504
440 448
440 696
440 824
440 920
440 472
440 936
440 488
440 948
440 500
440 444
440 950
440 502
440 446
440 951
440 503
440 447
441 953
441 505
441 445
441 443
441 442
441 697
441 825
441 921
441 473
441 937
441 489
441 945
441 497
442 954
442 506
442 446
442 444
442 698
442 826
442 922
442 474
442 938
442 490
442 946
442 498
442 953
442 505
442 445
442 443
443 955
443 507
443 447
443 444
443 699
443 827
443 923
443 475
443 939
443 491
443 947
443 499
443 953
443 505
443 445
444 956
444 508
444 448
444 700
444 828
444 924
444 476
444 940
444 492
444 948
444 500
444 954
444 506
444 446
444 955
444 507
444 447
445 957
445 509
445 447
445 446
445 701
445 829
445 925
445 477
445 941
445 493
445 949
445 501
445 953
445 505
446 958
446 510
446 448
446 702
446 830
446 926
446 478
446 942
446 494
446 950
446 502
446 954
446 506
446 957
446 509
446 447
447 959
447 511
447 448
447 703
447 831
447 927
447 479
447 943
447 495
447 951
447 503
447 955
447 507
447 957
447 509
448 960
448 512
448 704
448 832
448 928
448 480
448 944
448 496
448 952
448 504
448 956
448 508
448 958
448 510
448 959
448 511
449 961
449 481
449 465
449 457
449 453
449 451
449 450
449 705
449 833
449 897
450 962
450 482
450 466
450 458
450 454
450 452
450 706
450 834
450 898
450 961
450 481
450 465
450 457
450 453
450 451
451 963
451 483
451 467
451 459
451 455
451 452
451 707
451 835
451 899
451 961
451 481
451 465
451 457
451 453
452 964
452 484
452 468
452 460
452 456
452 708
452 836
452 900
452 962
452 482
452 466
452 458
452 454
452 963
452 483
452 467
452 459
452 455
453 965
453 485
453 469
453 461
453 455
453 454
453 709
453 837
453 901
453 961
453 481
453 465
453 457
454 966
454 486
454 470
454 462
454 456
454 710
454 838
454 902
454 962
454 482
454 466
454 458
454 965
454 485
454 469
454 461
454 455
455 967
455 487
455 471
455 463
455 456
455 711
455 839
455 903
455 963
455 483
455 467
455 459
455 965
455 485
455 469
455 461
456 968
456 488
456 472
456 464
456 712
456 840
456 904
456 964
456 484
456 468
456 460
456 966
456 486
456 470
456 462
456 967
456 487
456 471
456 463
457 969
457 489
457 473
457 461
457 459
457 458
457 713
457 841
457 905
457 961
457 481
457 465
458 970
458 490
458 474
458 462
458 460
458 714
458 842
458 906
458 962
458 482
458 466
458 969
458 489
458 473
458 461
458 459
459 971
459 491
459 475
459 463
459 460
459 715
459 843
459 907
459 963
459 483
459 467
459 969
459 489
459 473
459 461
460 972
460 492
460 476
460 464
460 716
460 844
460 908
460 964
460 484
460 468
460 970
460 490
460 474
460 462
460 971
460 491
460 475
460 463
461 973
461 493
461 477
461 463
461 462
461 717
461 845
461 909
461 965
461 485
461 469
461 969
461 489
461 473
462 974
462 494
462 478
462 464
462 718
462 846
462 910
462 966
462 486
462 470
462 970
462 490
462 474
462 973
462 493
462 477
462 463
463 975
463 495
463 479
463 464
463 719
463 847
463 911
463 967
463 487
463 471
463 971
463 491
463 475
463 973
463 493
463 477
464 976
464 496
464 480
464 720
464 848
464 912
464 968
464 488
464 472
464 972
464 492
464 476
464 974
464 494
464 478
464 975
464 495
464 479
465 977
465 497
465 473
465 469
465 467
465 466
465 721
465 849
465 913
465 961
465 481
466 978
466 498
466 474
466 470
466 468
466 722
466 850
466 914
466 962
466 482
466 977
466 497
466 473
466 469
466 467
467 979
467 499
467 475
467 471
467 468
467 723
467 851
467 915
467 963
467 483
467 977
467 497
467 473
467 469
468 980
468 500
468 476
468 472
468 724
468 852
468 916
468 964
468 484
468 978
468 498
468 474
468 470
468 979
468 499
468 475
468 471
469 981
469 501
469 477
469 471
469 470
469 725
469 853
469 917
469 965
469 485
469 977
469 497
469 473
470 982
470 502
470 478
470 472
470 726
470 854
470 918
470 966
470 486
470 978
470 498
470 474
470 981
470 501
470 477
470 471
471 983
471 503
471 479
471 472
471 727
471 855
471 919
471 967
471 487
471 979
471 499
471 475
471 981
471 501
471 477
472 984
472 504
472 480
472 728
472 856
472 920
472 968
472 488
472 980
472 500
472 476
472 982
472 502
472 478
472 983
472 503
472 479
473 985
473 505
473 477
473 475
473 474
473 729
473 857
473 921
473 969
473 489
473 977
473 497
474 986
474 506
474 478
474 476
474 730
474 858
474 922
474 970
474 490
474 978
474 498
474 985
474 505
474 477
474 475
475 987
475 507
475 479
475 476
475 731
475 859
475 923
475 971
475 491
475 979
475 499
475 985
475 505
475 477
476 988
476 508
476 480
476 732
476 860
476 924
476 972
476 492
476 980
476 500
476 986
476 506
476 478
476 987
476 507
476 479
477 989
477 509
477 479
477 478
477 733
477 861
477 925
477 973
477 493
477 981
477 501
477 985
477 505
478 990
478 510
478 480
478 734
478 862
478 926
478 974
478 494
478 982
478 502
478 986
478 506
478 989
478 509
478 479
479 991
479 511
479 480
479 735
479 863
479 927
479 975
479 495
479 983
479 503
479 987
479 507
479 989
479 509
480 992
480 512
480 736
480 864
480 928
480 976
480 496
480 984
480 504
480 988
480 508
480 990
480 510
480 991
480 511
481 993
481 497
481 489
481 485
481 483
481 482
481 737
481 865
481 929
481 961
482 994
482 498
482 490
482 486
482 484
482 738
482 866
482 930
482 962
482 993
482 497
482 489
482 485
482 483
483 995
483 499
483 491
483 487
483 484
483 739
483 867
483 931
483 963
483 993
483 497
483 489
483 485
484 996
484 500
484 492
484 488
484 740
484 868
484 932
484 964
484 994
484 498
484 490
484 486
484 995
484 499
484 491
484 487
485 997
485 501
485 493
485 487
485 486
485 741
485 869
485 933
485 965
485 993
485 497
485 489
486 998
486 502
486 494
486 488
486 742
486 870
486 934
486 966
486 994
486 498
486 490
486 997
486 501
486 493
486 487
487 999
487 503
487 495
487 488
487 743
487 871
487 935
487 967
487 995
487 499
487 491
487 997
487 501
487 493
488 1000
488 504
488 496
488 744
488 872
488 936
488 968
488 996
488 500
488 492
488 998
488 502
488 494
488 999
488 503
488 495
489 1001
489 505
489 493
489 491
489 490
489 745
489 873
489 937
489 969
489 993
489 497
490 1002
490 506
490 494
490 492
490 746
490 874
490 938
490 970
490 994
490 498
490 1001
490 505
490 493
490 491
491 1003
491 507
491 495
491 492
491 747
491 875
491 939
491 971
491 995
491 499
491 1001
491 505
491 493
492 1004
492 508
492 496
492 748
492 876
492 940
492 972
492 996
492 500
492 1002
492 506
492 494
492 1003
492 507
492 495
493 1005
493 509
493 495
493 494
493 749
493 877
493 941
493 973
493 997
493 501
493 1001
493 505
494 1006
494 510
494 496
494 750
494 878
494 942
494 974
494 998
494 502
494 1002
494 506
494 1005
494 509
494 495
495 1007
495 511
495 496
495 751
495 879
495 943
495 975
495 999
495 503
495 1003
495 507
495 1005
495 509
496 1008
496 512
496 752
496 880
496 944
496 976
496 1000
496 504
496 1004
496 508
496 1006
496 510
496 1007
496 511
497 1009
497 505
497 501
497 499
497 498
497 753
497 881
497 945
497 977
497 993
498 1010
498 506
498 502
498 500
498 754
498 882
498 946
498 978
498 994
498 1009
498 505
498 501
498 499
499 1011
499 507
499 503
499 500
499 755
499 883
499 947
499 979
499 995
499 1009
499 505
499 501
500 1012
500 508
500 504
500 756
500 884
500 948
500 980
500 996
500 1010
500 506
500 502
500 1011
500 507
500 503
501 1013
501 509
501 503
501 502
501 757
501 885
501 949
501 981
501 997
501 1009
501 505
502 1014
502 510
502 504
502 758
502 886
502 950
502 982
502 998
502 1010
502 506
502 1013
502 509
502 503
503 1015
503 511
503 504
503 759
503 887
503 951
503 983
503 999
503 1011
503 507
503 1013
503 509
504 1016
504 512
504 760
504 888
504 952
504 984
504 1000
504 1012
504 508
504 1014
504 510
504 1015
504 511
505 1017
505 509
505 507
505 506
505 761
505 889
505 953
505 985
505 1001
505 1009
506 1018
506 510
506 508
506 762
506 890
506 954
506 986
506 1002
506 1010
506 1017
506 509
506 507
507 1019
507 511
507 508
507 763
507 891
507 955
507 987
507 1003
507 1011
507 1017
507 509
508 1020
508 512
508 764
508 892
508 956
508 988
508 1004
508 1012
508 1018
508 510
508 1019
508 511
509 1021
509 511
509 510
509 765
509 893
509 957
509 989
509 1005
509 1013
509 1017
510 1022
510 512
510 766
510 894
510 958
510 990
510 1006
510 1014
510 1018
510 1021
510 511
511 1023
511 512
511 767
511 895
511 959
511 991
511 1007
511 1015
511 1019
511 1021
512 1024
512 768
512 896
512 960
512 992
512 1008
512 1016
512 1020
512 1022
512 1023
513 769
513 641
513 577
513 545
513 529
513 521
513 517
513 515
513 514
514 770
514 642
514 578
514 546
514 530
514 522
514 518
514 516
514 769
514 641
514 577
514 545
514 529
514 521
514 517
514 515
515 771
515 643
515 579
515 547
515 531
515 523
515 519
515 516
515 769
515 641
515 577
515 545
515 529
515 521
515 517
516 772
516 644
516 580
516 548
516 532
516 524
516 520
516 770
516 642
516 578
516 546
516 530
516 522
516 518
516 771
516 643
516 579
516 547
516 531
516 523
516 519
517 773
517 645
517 581
517 549
517 533
517 525
517 519
517 518
517 769
517 641
517 577
517 545
517 529
517 521
518 774
518 646
518 582
518 550
518 534
518 526
518 520
518 770
518 642
518 578
518 546
518 530
518 522
518 773
518 645
518 581
518 549
518 533
518 525
518 519
519 775
519 647
519 583
519 551
519 535
519 527
519 520
519 771
519 643
519 579
519 547
519 531
519 523
519 773
519 645
519 581
519 549
519 533
519 525
520 776
520 648
520 584
520 552
520 536
520 528
520 772
520 644
520 580
520 548
520 532
520 524
520 774
520 646
520 582
520 550
520 534
520 526
520 775
520 647
520 583
520 551
520 535
520 527
521 777
521 649
521 585
521 553
521 537
521 525
521 523
521 522
521 769
521 641
521 577
521 545
521 529
522 778
522 650
522 586
522 554
522 538
522 526
522 524
522 770
522 642
522 578
522 546
522 530
522 777
522 649
522 585
522 553
522 537
522 525
522 523
523 779
523 651
523 587
523 555
523 539
523 527
523 524
523 771
523 643
523 579
523 547
523 531
523 777
523 649
523 585
523 553
523 537
523 525
524 780
524 652
524 588
524 556
524 540
524 528
524 772
524 644
524 580
524 548
524 532
524 778
524 650
524 586
524 554
524 538
524 526
524 779
524 651
524 587
524 555
524 539
524 527
525 781
525 653
525 589
525 557
525 541
525 527
525 526
525 773
525 645
525 581
525 549
525 533
525 777
525 649
525 585
525 553
525 537
526 782
526 654
526 590
526 558
526 542
526 528
526 774
526 646
526 582
526 550
526 534
526 778
526 650
526 586
526 554
526 538
526 781
526 653
526 589
526 557
526 541
526 527
527 783
527 655
527 591
527 559
527 543
527 528
527 775
527 647
527 583
527 551
527 535
527 779
527 651
527 587
527 555
527 539
527 781
527 653
527 589
527 557
527 541
528 784
528 656
528 592
528 560
528 544
528 776
528 648
528 584
528 552
528 536
528 780
528 652
528 588
528 556
528 540
528 782
528 654
528 590
528 558
528 542
528 783
528 655
528 591
528 559
528 543
529 785
529 657
529 593
529 561
529 537
529 533
529 531
529 530
529 769
529 641
529 577
529 545
530 786
530 658
530 594
530 562
530 538
530 534
530 532
530 770
530 642
530 578
530 546
530 785
530 657
530 593
530 561
530 537
530 533
530 531
531 787
531 659
531 595
531 563
531 539
531 535
531 532
531 771
531 643
531 579
531 547
531 785
531 657
531 593
531 561
531 537
531 533
532 788
532 660
532 596
532 564
532 540
532 536
532 772
532 644
532 580
532 548
532 786
532 658
532 594
532 562
532 538
532 534
532 787
532 659
532 595
532 563
532 539
532 535
533 789
533 661
533 597
533 565
533 541
533 535
533 534
533 773
533 645
533 581
533 549
533 785
533 657
533 593
533 561
533 537
534 790
534 662
534 598
534 566
534 542
534 536
534 774
534 646
534 582
534 550
534 786
534 658
534 594
534 562
534 538
534 789
534 661
534 597
534 565
534 541
534 535
535 791
535 663
535 599
535 567
535 543
535 536
535 775
535 647
535 583
535 551
535 787
535 659
535 595
535 563
535 539
535 789
535 661
535 597
535 565
535 541
536 792
536 664
536 600
536 568
536 544
536 776
536 648
536 584
536 552
536 788
536 660
536 596
536 564
536 540
536 790
536 662
536 598
536 566
536 542
536 791
536 663
536 599
536 567
536 543
537 793
537 665
537 601
537 569
537 541
537 539
537 538
537 777
537 649
537 585
537 553
537 785
537 657
537 593
537 561
538 794
538 666
538 602
538 570
538 542
538 540
538 778
538 650
538 586
538 554
538 786
538 658
538 594
538 562
538 793
538 665
538 601
538 569
538 541
538 539
539 795
539 667
539 603
539 571
539 543
539 540
539 779
539 651
539 587
539 555
539 787
539 659
539 595
539 563
539 793
539 665
539 601
539 569
539 541
540 796
540 668
540 604
540 572
540 544
540 780
540 652
540 588
540 556
540 788
540 660
540 596
540 564
540 794
540 666
540 602
540 570
540 542
540 795
540 667
540 603
540 571
540 543
541 797
541 669
541 605
541 573
541 543
541 542
541 781
541 653
541 589
541 557
541 789
541 661
541 597
541 565
541 793
541 665
541 601
541 569
542 798
542 670
542 606
542 574
542 544
542 782
542 654
542 590
542 558
542 790
542 662
542 598
542 566
542 794
542 666
542 602
542 570
542 797
542 669
542 605
542 573
542 543
543 799
543 671
543 607
543 575
543 544
543 783
543 655
543 591
543 559
543 791
543 663
543 599
543 567
543 795
543 667
543 603
543 571
543 797
543 669
543 605
543 573
544 800
544 672
544 608
544 576
544 784
544 656
544 592
544 560
544 792
544 664
544 600
544 568
544 796
544 668
544 604
544 572
544 798
544 670
544 606
544 574
544 799
544 671
544 607
544 575
545 801
545 673
545 609
545 561
545 553
545 549
545 547
545 546
545 769
545 641
545 577
546 802
546 674
546 610
546 562
546 554
546 550
546 548
546 770
546 642
546 578
546 801
546 673
546 609
546 561
546 553
546 549
546 547
547 803
547 675
547 611
547 563
547 555
547 551
547 548
547 771
547 643
547 579
547 801
547 673
547 609
547 561
547 553
547 549
548 804
548 676
548 612
548 564
548 556
548 552
548 772
548 644
548 580
548 802
548 674
548 610
548 562
548 554
548 550
548 803
548 675
548 611
548 563
548 555
548 551
549 805
549 677
549 613
549 565
549 557
549 551
549 550
549 773
549 645
549 581
549 801
549 673
549 609
549 561
549 553
550 806
550 678
550 614
550 566
550 558
550 552
550 774
550 646
550 582
550 802
550 674
550 610
550 562
550 554
550 805
550 677
550 613
550 565
550 557
550 551
551 807
551 679
551 615
551 567
551 559
551 552
551 775
551 647
551 583
551 803
551 675
551 611
551 563
551 555
551 805
551 677
551 613
551 565
551 557
552 808
552 680
552 616
552 568
552 560
552 776
552 648
552 584
552 804
552 676
552 612
552 564
552 556
552 806
552 678
552 614
552 566
552 558
552 807
552 679
552 615
552 567
552 559
553 809
553 681
553 617
553 569
553 557
553 555
553 554
553 777
553 649
553 585
553 801
553 673
553 609
553 561
554 810
554 682
554 618
554 570
554 558
554 556
554 778
554 650
554 586
554 802
554 674
554 610
554 562
554 809
554 681
554 617
554 569
554 557
554 555
555 811
555 683
555 619
555 571
555 559
555 556
555 779
555 651
555 587
555 803
555 675
555 611
555 563
555 809
555 681
555 617
555 569
555 557
556 812
556 684
556 620
556 572
556 560
556 780
556 652
556 588
556 804
556 676
556 612
556 564
556 810
556 682
556 618
556 570
556 558
556 811
556 683
556 619
556 571
556 559
557 813
557 685
557 621
557 573
557 559
557 558
557 781
557 653
557 589
557 805
557 677
557 613
557 565
557 809
557 681
557 617
557 569
558 814
558 686
558 622
558 574
558 560
558 782
558 654
558 590
558 806
558 678
558 614
558 566
558 810
558 682
558 618
558 570
558 813
558 685
558 621
558 573
558 559
559 815
559 687
559 623
559 575
559 560
559 783
559 655
559 591
559 807
559 679
559 615
559 567
559 811
559 683
559 619
559 571
559 813
559 685
559 621
559 573
560 816
560 688
560 624
560 576
560 784
560 656
560 592
560 808
560 680
560 616
560 568
560 812
560 684
560 620
560 572
560 814
560 686
560 622
560 574
560 815
560 687
560 623
560 575
561 817
561 689
561 625
561 569
561 565
561 563
561 562
561 785
561 657
561 593
561 801
561 673
561 609
562 818
562 690
562 626
562 570
562 566
562 564
562 786
562 658
562 594
562 802
562 674
562 610
562 817
562 689
562 625
562 569
562 565
562 563
563 819
563 691
563 627
563 571
563 567
563 564
563 787
563 659
563 595
563 803
563 675
563 611
563 817
563 689
563 625
563 569
563 565
564 820
564 692
564 628
564 572
564 568
564 788
564 660
564 596
564 804
564 676
564 612
564 818
564 690
564 626
564 570
564 566
564 819
564 691
564 627
564 571
564 567
565 821
565 693
565 629
565 573
565 567
565 566
565 789
565 661
565 597
565 805
565 677
565 613
565 817
565 689
565 625
565 569
566 822
566 694
566 630
566 574
566 568
566 790
566 662
566 598
566 806
566 678
566 614
566 818
566 690
566 626
566 570
566 821
566 693
566 629
566 573
566 567
567 823
567 695
567 631
567 575
567 568
567 791
567 663
567 599
567 807
567 679
567 615
567 819
567 691
567 627
567 571
567 821
567 693
567 629
567 573
568 824
568 696
568 632
568 576
568 792
568 664
568 600
568 808
568 680
568 616
568 820
568 692
568 628
568 572
568 822
568 694
568 630
568 574
568 823
568 695
568 631
568 575
569 825
569 697
569 633
569 573
569 571
569 570
569 793
569 665
569 601
569 809
569 681
569 617
569 817
569 689
569 625
570 826
570 698
570 634
570 574
570 572
570 794
570 666
570 602
570 810
570 682
570 618
570 818
570 690
570 626
570 825
570 697
570 633
570 573
570 571
571 827
571 699
571 635
571 575
571 572
571 795
571 667
571 603
571 811
571 683
571 619
571 819
571 691
571 627
571 825
571 697
571 633
571 573
572 828
572 700
572 636
572 576
572 796
572 668
572 604
572 812
572 684
572 620
572 820
572 692
572 628
572 826
572 698
572 634
572 574
572 827
572 699
572 635
572 575
573 829
573 701
573 637
573 575
573 574
573 797
573 669
573 605
573 813
573 685
573 621
573 821
573 693
573 629
573 825
573 697
573 633
574 830
574 702
574 638
574 576
574 798
574 670
574 606
574 814
574 686
574 622
574 822
574 694
574 630
574 826
574 698
574 634
574 829
574 701
574 637
574 575
575 831
575 703
575 639
575 576
575 799
575 671
575 607
575 815
575 687
575 623
575 823
575 695
575 631
575 827
575 699
575 635
575 829
575 701
575 637
576 832
576 704
576 640
576 800
576 672
576 608
576 816
576 688
576 624
576 824
576 696
576 632
576 828
576 700
576 636
576 830
576 702
576 638
576 831
576 703
576 639
577 833
577 705
577 609
577 593
577 585
577 581
577 579
577 578
577 769
577 641
578 834
578 706
578 610
578 594
578 586
578 582
578 580
578 770
578 642
578 833
578 705
578 609
578 593
578 585
578 581
578 579
579 835
579 707
579 611
579 595
579 587
579 583
579 580
579 771
579 643
579 833
579 705
579 609
579 593
579 585
579 581
580 836
580 708
580 612
580 596
580 588
580 584
580 772
580 644
580 834
580 706
580 610
580 594
580 586
580 582
580 835
580 707
580 611
580 595
580 587
580 583
581 837
581 709
581 613
581 597
581 589
581 583
581 582
581 773
581 645
581 833
581 705
581 609
581 593
581 585
582 838
582 710
582 614
582 598
582 590
582 584
582 774
582 646
582 834
582 706
582 610
582 594
582 586
582 837
582 709
582 613
582 597
582 589
582 583
583 839
583 711
583 615
583 599
583 591
583 584
583 775
583 647
583 835
583 707
583 611
583 595
583 587
583 837
583 709
583 613
583 597
583 589
584 840
584 712
584 616
584 600
584 592
584 776
584 648
584 836
584 708
584 612
584 596
584 588
584 838
584 710
584 614
584 598
584 590
584 839
584 711
584 615
584 599
584 591
585 841
585 713
585 617
585 601
585 589
585 587
585 586
585 777
585 649
585 833
585 705
585 609
585 593
586 842
586 714
586 618
586 602
586 590
586 588
586 778
586 650
586 834
586 706
586 610
586 594
586 841
586 713
586 617
586 601
586 589
586 587
587 843
587 715
587 619
587 603
587 591
587 588
587 779
587 651
587 835
587 707
587 611
587 595
587 841
587 713
587 617
587 601
587 589
588 844
588 716
588 620
588 604
588 592
588 780
588 652
588 836
588 708
588 612
588 596
588 842
588 714
588 618
588 602
588 590
588 843
588 715
588 619
588 603
588 591
589 845
589 717
589 621
589 605
589 591
589 590
589 781
589 653
589 837
589 709
589 613
589 597
589 841
589 713
589 617
589 601
590 846
590 718
590 622
590 606
590 592
590 782
590 654
590 838
590 710
590 614
590 598
590 842
590 714
590 618
590 602
590 845
590 717
590 621
590 605
590 591
591 847
591 719
591 623
591 607
591 592
591 783
591 655
591 839
591 711
591 615
591 599
591 843
591 715
591 619
591 603
591 845
591 717
591 621
591 605
592 848
592 720
592 624
592 608
592 784
592 656
592 840
592 712
592 616
592 600
592 844
592 716
592 620
592 604
592 846
592 718
592 622
592 606
592 847
592 719
592 623
592 607
593 849
593 721
593 625
593 601
593 597
593 595
593 594
593 785
593 657
593 833
593 705
593 609
594 850
594 722
594 626
594 602
594 598
594 596
594 786
594 658
594 834
594 706
594 610
594 849
594 721
594 625
594 601
594 597
594 595
595 851
595 723
595 627
595 603
595 599
595 596
595 787
595 659
595 835
595 707
595 611
595 849
595 721
595 625
595 601
595 597
596 852
596 724
596 628
596 604
596 600
596 788
596 660
596 836
596 708
596 612
596 850
596 722
596 626
596 602
596 598
596 851
596 723
596 627
596 603
596 599
597 853
597 725
597 629
597 605
597 599
597 598
597 789
597 661
597 837
597 709
597 613
597 849
597 721
597 625
597 601
598 854
598 726
598 630
598 606
598 600
598 790
598 662
598 838
598 710
598 614
598 850
598 722
598 626
598 602
598 853
598 725
598 629
598 605
598 599
599 855
599 727
599 631
599 607
599 600
599 791
599 663
599 839
599 711
599 615
599 851
599 723
599 627
599 603
599 853
599 725
599 629
599 605
600 856
600 728
600 632
600 608
600 792
600 664
600 840
600 712
600 616
600 852
600 724
600 628
600 604
600 854
600 726
600 630
600 606
600 855
600 727
600 631
600 607
601 857
601 729
601 633
601 605
601 603
601 602
601 793
601 665
601 841
601 713
601 617
601 849
601 721
601 625
602 858
602 730
602 634
602 606
602 604
602 794
602 666
602 842
602 714
602 618
602 850
602 722
602 626
602 857
602 729
602 633
602 605
602 603
603 859
603 731
603 635
603 607
603 604
603 795
603 667
603 843
603 715
603 619
603 851
603 723
603 627
603 857
603 729
603 633
603 605
604 860
604 732
604 636
604 608
604 796
604 668
604 844
604 716
604 620
604 852
604 724
604 628
604 858
604 730
604 634
604 606
604 859
604 731
604 635
604 607
605 861
605 733
605 637
605 607
605 606
605 797
605 669
605 845
605 717
605 621
605 853
605 725
605 629
605 857
605 729
605 633
606 862
606 734
606 638
606 608
606 798
606 670
606 846
606 718
606 622
606 854
606 726
606 630
606 858
606 730
606 634
606 861
606 733
606 637
606 607
607 863
607 735
607 639
607 608
607 799
607 671
607 847
607 719
607 623
607 855
607 727
607 631
607 859
607 731
607 635
607 861
607 733
607 637
608 864
608 736
608 640
608 800
608 672
608 848
608 720
608 624
608 856
608 728
608 632
608 860
608 732
608 636
608 862
608 734
608 638
608 863
608 735
608 639
609 865
609 737
609 625
609 617
609 613
609 611
609 610
609 801
609 673
609 833
609 705
610 866
610 738
610 626
610 618
610 614
610 612
610 802
610 674
610 834
610 706
610 865
610 737
610 625
610 617
610 613
610 611
611 867
611 739
611 627
611 619
611 615
611 612
611 803
611 675
611 835
611 707
611 865
611 737
611 625
611 617
611 613
612 868
612 740
612 628
612 620
612 616
612 804
612 676
612 836
612 708
612 866
612 738
612 626
612 618
612 614
612 867
612 739
612 627
612 619
612 615
613 869
613 741
613 629
613 621
613 615
613 614
613 805
613 677
613 837
613 709
613 865
613 737
613 625
613 617
614 870
614 742
614 630
614 622
614 616
614 806
614 678
614 838
614 710
614 866
614 738
614 626
614 618
614 869
614 741
614 629
614 621
614 615
615 871
615 743
615 631
615 623
615 616
615 807
615 679
615 839
615 711
615 867
615 739
615 627
615 619
615 869
615 741
615 629
615 621
616 872
616 744
616 632
616 624
616 808
616 680
616 840
616 712
616 868
616 740
616 628
616 620
616 870
616 742
616 630
616 622
616 871
616 743
616 631
616 623
617 873
617 745
617 633
617 621
617 619
617 618
617 809
617 681
617 841
617 713
617 865
617 737
617 625
618 874
618 746
618 634
618 622
618 620
618 810
618 682
618 842
618 714
618 866
618 738
618 626
618 873
618 745
618 633
618 621
618 619
619 875
619 747
619 635
619 623
619 620
619 811
619 683
619 843
619 715
619 867
619 739
619 627
619 873
619 745
619 633
619 621
620 876
620 748
620 636
620 624
620 812
620 684
620 844
620 716
620 868
620 740
620 628
620 874
620 746
620 634
620 622
620 875
620 747
620 635
620 623
621 877
621 749
621 637
621 623
621 622
621 813
621 685
621 845
621 717
621 869
621 741
621 629
621 873
621 745
621 633
622 878
622 750
622 638
622 624
622 814
622 686
622 846
622 718
622 870
622 742
622 630
622 874
622 746
622 634
622 877
622 749
622 637
622 623
623 879
623 751
623 639
623 624
623 815
623 687
623 847
623 719
623 871
623 743
623 631
623 875
623 747
623 635
623 877
623 749
623 637
624 880
624 752
624 640
624 816
624 688
624 848
624 720
624 872
624 744
624 632
624 876
624 748
624 636
624 878
624 750
624 638
624 879
624 751
624 639
625 881
625 753
625 633
625 629
625 627
625 626
625 817
625 689
625 849
625 721
625 865
625 737
626 882
626 754
626 634
626 630
626 628
626 818
626 690
626 850
626 722
626 866
626 738
626 881
626 753
626 633
626 629
626 627
627 883
627 755
627 635
627 631
627 628
627 819
627 691
627 851
627 723
627 867
627 739
627 881
627 753
627 633
627 629
628 884
628 756
628 636
628 632
628 820
628 692
628 852
628 724
628 868
628 740
628 882
628 754
628 634
628 630
628 883
628 755
628 635
628 631
629 885
629 757
629 637
629 631
629 630
629 821
629 693
629 853
629 725
629 869
629 741
629 881
629 753
629 633
630 886
630 758
630 638
630 632
630 822
630 694
630 854
630 726
630 870
630 742
630 882
630 754
630 634
630 885
630 757
630 637
630 631
631 887
631 759
631 639
631 632
631 823
631 695
631 855
631 727
631 871
631 743
631 883
631 755
631 635
631 885
631 757
631 637
632 888
632 760
632 640
632 824
632 696
632 856
632 728
632 872
632 744
632 884
632 756
632 636
632 886
632 758
632 638
632 887
632 759
632 639
633 889
633 761
633 637
633 635
633 634
633 825
633 697
633 857
633 729
633 873
633 745
633 881
633 753
634 890
634 762
634 638
634 636
634 826
634 698
634 858
634 730
634 874
634 746
634 882
634 754
634 889
634 761
634 637
634 635
635 891
635 763
635 639
635 636
635 827
635 699
635 859
635 731
635 875
635 747
635 883
635 755
635 889
635 761
635 637
636 892
636 764
636 640
636 828
636 700
636 860
636 732
636 876
636 748
636 884
636 756
636 890
636 762
636 638
636 891
636 763
636 639
637 893
637 765
637 639
637 638
637 829
637 701
637 861
637 733
637 877
637 749
637 885
637 757
637 889
637 761
638 894
638 766
638 640
638 830
638 702
638 862
638 734
638 878
638 750
638 886
638 758
638 890
638 762
638 893
638 765
638 639
639 895
639 767
639 640
639 831
639 703
639 863
639 735
639 879
639 751
639 887
639 759
639 891
639 763
639 893
639 765
640 896
640 768
640 832
640 704
640 864
640 736
640 880
640 752
640 888
640 760
640 892
640 764
640 894
640 766
640 895
640 767
641 897
641 705
641 673
641 657
641 649
641 645
641 643
641 642
641 769
642 898
642 706
642 674
642 658
642 650
642 646
642 644
642 770
642 897
642 705
642 673
642 657
642 649
642 645
642 643
643 899
643 707
643 675
643 659
643 651
643 647
643 644
643 771
643 897
643 705
643 673
643 657
643 649
643 645
644 900
644 708
644 676
644 660
644 652
644 648
644 772
644 898
644 706
644 674
644 658
644 650
644 646
644 899
644 707
644 675
644 659
644 651
644 647
645 901
645 709
645 677
645 661
645 653
645 647
645 646
645 773
645 897
645 705
645 673
645 657
645 649
646 902
646 710
646 678
646 662
646 654
646 648
646 774
646 898
646 706
646 674
646 658
646 650
646 901
646 709
646 677
646 661
646 653
646 647
647 903
647 711
647 679
647 663
647 655
647 648
647 775
647 899
647 707
647 675
647 659
647 651
647 901
647 709
647 677
647 661
647 653
648 904
648 712
648 680
648 664
648 656
648 776
648 900
648 708
648 676
648 660
648 652
648 902
648 710
648 678
648 662
648 654
648 903
648 711
648 679
648 663
648 655
649 905
649 713
649 681
649 665
649 653
649 651
649 650
649 777
649 897
649 705
649 673
649 657
650 906
650 714
650 682
650 666
650 654
650 652
650 778
650 898
650 706
650 674
650 658
650 905
650 713
650 681
650 665
650 653
650 651
651 907
651 715
651 683
651 667
651 655
651 652
651 779
651 899
651 707
651 675
651 659
651 905
651 713
651 681
651 665
651 653
652 908
652 716
652 684
652 668
652 656
652 780
652 900
652 708
652 676
652 660
652 906
652 714
652 682
652 666
652 654
652 907
652 715
652 683
652 667
652 655
653 909
653 717
653 685
653 669
653 655
653 654
653 781
653 901
653 709
653 677
653 661
653 905
653 713
653 681
653 665
654 910
654 718
654 686
654 670
654 656
654 782
654 902
654 710
654 678
654 662
654 906
654 714
654 682
654 666
654 909
654 717
654 685
654 669
654 655
655 911
655 719
655 687
655 671
655 656
655 783
655 903
655 711
655 679
655 663
655 907
655 715
655 683
655 667
655 909
655 717
655 685
655 669
656 912
656 720
656 688
656 672
656 784
656 904
656 712
656 680
656 664
656 908
656 716
656 684
656 668
656 910
656 718
656 686
656 670
656 911
656 719
656 687
656 671
657 913
657 721
657 689
657 665
657 661
657 659
657 658
657 785
657 897
657 705
657 673
658 914
658 722
658 690
658 666
658 662
658 660
658 786
658 898
658 706
658 674
658 913
658 721
658 689
658 665
658 661
658 659
659 915
659 723
659 691
659 667
659 663
659 660
659 787
659 899
659 707
659 675
659 913
659 721
659 689
659 665
659 661
660 916
660 724
660 692
660 668
660 664
660 788
660 900
660 708
660 676
660 914
660 722
660 690
660 666
660 662
660 915
660 723
660 691
660 667
660 663
661 917
661 725
661 693
661 669
661 663
661 662
661 789
661 901
661 709
661 677
661 913
661 721
661 689
661 665
662 918
662 726
662 694
662 670
662 664
662 790
662 902
662 710
662 678
662 914
662 722
662 690
662 666
662 917
662 725
662 693
662 669
662 663
663 919
663 727
663 695
663 671
663 664
663 791
663 903
663 711
663 679
663 915
663 723
663 691
663 667
663 917
663 725
663 693
663 669
664 920
664 728
664 696
664 672
664 792
664 904
664 712
664 680
664 916
664 724
664 692
664 668
664 918
664 726
664 694
664 670
664 919
664 727
664 695
664 671
665 921
665 729
665 697
665 669
665 667
665 666
665 793
665 905
665 713
665 681
665 913
665 721
665 689
666 922
666 730
666 698
666 670
666 668
666 794
666 906
666 714
666 682
666 914
666 722
666 690
666 921
666 729
666 697
666 669
666 667
667 923
667 731
667 699
667 671
667 668
667 795
667 907
667 715
667 683
667 915
667 723
667 691
667 921
667 729
667 697
667 669
668 924
668 732
668 700
668 672
668 796
668 908
668 716
668 684
668 916
668 724
668 692
668 922
668 730
668 698
668 670
668 923
668 731
668 699
668 671
669 925
669 733
669 701
669 671
669 670
669 797
669 909
669 717
669 685
669 917
669 725
669 693
669 921
669 729
669 697
670 926
670 734
670 702
670 672
670 798
670 910
670 718
670 686
670 918
670 726
670 694
670 922
670 730
670 698
670 925
670 733
670 701
670 671
671 927
671 735
671 703
671 672
671 799
671 911
671 719
671 687
671 919
671 727
671 695
671 923
671 731
671 699
671 925
671 733
671 701
672 928
672 736
672 704
672 800
672 912
672 720
672 688
672 920
672 728
672 696
672 924
672 732
672 700
672 926
672 734
672 702
672 927
672 735
672 703
673 929
673 737
673 689
673 681
673 677
673 675
673 674
673 801
673 897
673 705
674 930
674 738
674 690
674 682
674 678
674 676
674 802
674 898
674 706
674 929
674 737
674 689
674 681
674 677
674 675
675 931
675 739
675 691
675 683
675 679
675 676
675 803
675 899
675 707
675 929
675 737
675 689
675 681
675 677
676 932
676 740
676 692
676 684
676 680
676 804
676 900
676 708
676 930
676 738
676 690
676 682
676 678
676 931
676 739
676 691
676 683
676 679
677 933
677 741
677 693
677 685
677 679
677 678
677 805
677 901
677 709
677 929
677 737
677 689
677 681
678 934
678 742
678 694
678 686
678 680
678 806
678 902
678 710
678 930
678 738
678 690
678 682
678 933
678 741
678 693
678 685
678 679
679 935
679 743
679 695
679 687
679 680
679 807
679 903
679 711
679 931
679 739
679 691
679 683
679 933
679 741
679 693
679 685
680 936
680 744
680 696
680 688
680 808
680 904
680 712
680 932
680 740
680 692
680 684
680 934
680 742
680 694
680 686
680 935
680 743
680 695
680 687
681 937
681 745
681 697
681 685
681 683
681 682
681 809
681 905
681 713
681 929
681 737
681 689
682 938
682 746
682 698
682 686
682 684
682 810
682 906
682 714
682 930
682 738
682 690
682 937
682 745
682 697
682 685
682 683
683 939
683 747
683 699
683 687
683 684
683 811
683 907
683 715
683 931
683 739
683 691
683 937
683 745
683 697
683 685
684 940
684 748
684 700
684 688
684 812
684 908
684 716
684 932
684 740
684 692
684 938
684 746
684 698
684 686
684 939
684 747
684 699
684 687
685 941
685 749
685 701
685 687
685 686
685 813
685 909
685 717
685 933
685 741
685 693
685 937
685 745
685 697
686 942
686 750
686 702
686 688
686 814
686 910
686 718
686 934
686 742
686 694
686 938
686 746
686 698
686 941
686 749
686 701
686 687
687 943
687 751
687 703
687 688
687 815
687 911
687 719
687 935
687 743
687 695
687 939
687 747
687 699
687 941
687 749
687 701
688 944
688 752
688 704
688 816
688 912
688 720
688 936
688 744
688 696
688 940
688 748
688 700
688 942
688 750
688 702
688 943
688 751
688 703
689 945
689 753
689 697
689 693
689 691
689 690
689 817
689 913
689 721
689 929
689 737
690 946
690 754
690 698
690 694
690 692
690 818
690 914
690 722
690 930
690 738
690 945
690 753
690 697
690 693
690 691
691 947
691 755
691 699
691 695
691 692
691 819
691 915
691 723
691 931
691 739
691 945
691 753
691 697
691 693
692 948
692 756
692 700
692 696
692 820
692 916
692 724
692 932
692 740
692 946
692 754
692 698
692 694
692 947
692 755
692 699
692 695
693 949
693 757
693 701
693 695
693 694
693 821
693 917
693 725
693 933
693 741
693 945
693 753
693 697
694 950
694 758
694 702
694 696
694 822
694 918
694 726
694 934
694 742
694 946
694 754
694 698
694 949
694 757
694 701
694 695
695 951
695 759
695 703
695 696
695 823
695 919
695 727
695 935
695 743
695 947
695 755
695 699
695 949
695 757
695 701
696 952
696 760
696 704
696 824
696 920
696 728
696 936
696 744
696 948
696 756
696 700
696 950
696 758
696 702
696 951
696 759
696 703
697 953
697 761
697 701
697 699
697 698
697 825
697 921
697 729
697 937
697 745
697 945
697 753
698 954
698 762
698 702
698 700
698 826
698 922
698 730
698 938
698 746
698 946
698 754
698 953
698 761
698 701
698 699
699 955
699 763
699 703
699 700
699 827
699 923
699 731
699 939
699 747
699 947
699 755
699 953
699 761
699 701
700 956
700 764
700 704
700 828
700 924
700 732
700 940
700 748
700 948
700 756
700 954
700 762
700 702
700 955
700 763
700 703
701 957
701 765
701 703
701 702
701 829
701 925
701 733
701 941
701 749
701 949
701 757
701 953
701 761
702 958
702 766
702 704
702 830
702 926
702 734
702 942
702 750
702 950
702 758
702 954
702 762
702 957
702 765
702 703
703 959
703 767
703 704
703 831
703 927
703 735
703 943
703 751
703 951
703 759
703 955
703 763
703 957
703 765
704 960
704 768
704 832
704 928
704 736
704 944
704 752
704 952
704 760
704 956
704 764
704 958
704 766
704 959
704 767
705 961
705 737
705 721
705 713
705 709
705 707
705 706
705 833
705 897
706 962
706 738
706 722
706 714
706 710
706 708
706 834
706 898
706 961
706 737
706 721
706 713
706 709
706 707
707 963
707 739
707 723
707 715
707 711
707 708
707 835
707 899
707 961
707 737
707 721
707 713
707 709
708 964
708 740
708 724
708 716
708 712
708 836
708 900
708 962
708 738
708 722
708 714
708 710
708 963
708 739
708 723
708 715
708 711
709 965
709 741
709 725
709 717
709 711
709 710
709 837
709 901
709 961
709 737
709 721
709 713
710 966
710 742
710 726
710 718
710 712
710 838
710 902
710 962
710 738
710 722
710 714
710 965
710 741
710 725
710 717
710 711
711 967
711 743
711 727
711 719
711 712
711 839
711 903
711 963
711 739
711 723
711 715
711 965
711 741
711 725
711 717
712 968
712 744
712 728
712 720
712 840
712 904
712 964
712 740
712 724
712 716
712 966
712 742
712 726
712 718
712 967
712 743
712 727
712 719
713 969
713 745
713 729
713 717
713 715
713 714
713 841
713 905
713 961
713 737
713 721
714 970
714 746
714 730
714 718
714 716
714 842
714 906
714 962
714 738
714 722
714 969
714 745
714 729
714 717
714 715
715 971
715 747
715 731
715 719
715 716
715 843
715 907
715 963
715 739
715 723
715 969
715 745
715 729
715 717
716 972
716 748
716 732
716 720
716 844
716 908
716 964
716 740
716 724
716 970
716 746
716 730
716 718
716 971
716 747
716 731
716 719
717 973
717 749
717 733
717 719
717 718
717 845
717 909
717 965
717 741
717 725
717 969
717 745
717 729
718 974
718 750
718 734
718 720
718 846
718 910
718 966
718 742
718 726
718 970
718 746
718 730
718 973
718 749
718 733
718 719
719 975
719 751
719 735
719 720
719 847
719 911
719 967
719 743
719 727
719 971
719 747
719 731
719 973
719 749
719 733
720 976
720 752
720 736
720 848
720 912
720 968
720 744
720 728
720 972
720 748
720 732
720 974
720 750
720 734
720 975
720 751
720 735
721 977
721 753
721 729
721 725
721 723
721 722
721 849
721 913
721 961
721 737
722 978
722 754
722 730
722 726
722 724
722 850
722 914
722 962
722 738
722 977
722 753
722 729
722 725
722 723
723 979
723 755
723 731
723 727
723 724
723 851
723 915
723 963
723 739
723 977
723 753
723 729
723 725
724 980
724 756
724 732
724 728
724 852
724 916
724 964
724 740
724 978
724 754
724 730
724 726
724 979
724 755
724 731
724 727
725 981
725 757
725 733
725 727
725 726
725 853
725 917
725 965
725 741
725 977
725 753
725 729
726 982
726 758
726 734
726 728
726 854
726 918
726 966
726 742
726 978
726 754
726 730
726 981
726 757
726 733
726 727
727 983
727 759
727 735
727 728
727 855
727 919
727 967
727 743
727 979
727 755
727 731
727 981
727 757
727 733
728 984
728 760
728 736
728 856
728 920
728 968
728 744
728 980
728 756
728 732
728 982
728 758
728 734
728 983
728 759
728 735
729 985
729 761
729 733
729 731
729 730
729 857
729 921
729 969
729 745
729 977
729 753
730 986
730 762
730 734
730 732
730 858
730 922
730 970
730 746
730 978
730 754
730 985
730 761
730 733
730 731
731 987
731 763
731 735
731 732
731 859
731 923
731 971
731 747
731 979
731 755
731 985
731 761
731 733
732 988
732 764
732 736
732 860
732 924
732 972
732 748
732 980
732 756
732 986
732 762
732 734
732 987
732 763
732 735
733 989
733 765
733 735
733 734
733 861
733 925
733 973
733 749
733 981
733 757
733 985
733 761
734 990
734 766
734 736
734 862
734 926
734 974
734 750
734 982
734 758
734 986
734 762
734 989
734 765
734 735
735 991
735 767
735 736
735 863
735 927
735 975
735 751
735 983
735 759
735 987
735 763
735 989
735 765
736 992
736 768
736 864
736 928
736 976
736 752
736 984
736 760
736 988
736 764
736 990
736 766
736 991
736 767
737 993
737 753
737 745
737 741
737 739
737 738
737 865
737 929
737 961
738 994
738 754
738 746
738 742
738 740
738 866
738 930
738 962
738 993
738 753
738 745
738 741
738 739
739 995
739 755
739 747
739 743
739 740
739 867
739 931
739 963
739 993
739 753
739 745
739 741
740 996
740 756
740 748
740 744
740 868
740 932
740 964
740 994
740 754
740 746
740 742
740 995
740 755
740 747
740 743
741 997
741 757
741 749
741 743
741 742
741 869
741 933
741 965
741 993
741 753
741 745
742 998
742 758
742 750
742 744
742 870
742 934
742 966
742 994
742 754
742 746
742 997
742 757
742 749
742 743
743 999
743 759
743 751
743 744
743 871
743 935
743 967
743 995
743 755
743 747
743 997
743 757
743 749
744 1000
744 760
744 752
744 872
744 936
744 968
744 996
744 756
744 748
744 998
744 758
744 750
744 999
744 759
744 751
745 1001
745 761
745 749
745 747
745 746
745 873
745 937
745 969
745 993
745 753
746 1002
746 762
746 750
746 748
746 874
746 938
746 970
746 994
746 754
746 1001
746 761
746 749
746 747
747 1003
747 763
747 751
747 748
747 875
747 939
747 971
747 995
747 755
747 1001
747 761
747 749
748 1004
748 764
748 752
748 876
748 940
748 972
748 996
748 756
748 1002
748 762
748 750
748 1003
748 763
748 751
749 1005
749 765
749 751
749 750
749 877
749 941
749 973
749 997
749 757
749 1001
749 761
750 1006
750 766
750 752
750 878
750 942
750 974
750 998
750 758
750 1002
750 762
750 1005
750 765
750 751
751 1007
751 767
751 752
751 879
751 943
751 975
751 999
751 759
751 1003
751 763
751 1005
751 765
752 1008
752 768
752 880
752 944
752 976
752 1000
752 760
752 1004
752 764
752 1006
752 766
752 1007
752 767
753 1009
753 761
753 757
753 755
753 754
753 881
753 945
753 977
753 993
754 1010
754 762
754 758
754 756
754 882
754 946
754 978
754 994
754 1009
754 761
754 757
754 755
755 1011
755 763
755 759
755 756
755 883
755 947
755 979
755 995
755 1009
755 761
755 757
756 1012
756 764
756 760
756 884
756 948
756 980
756 996
756 1010
756 762
756 758
756 1011
756 763
756 759
757 1013
757 765
757 759
757 758
757 885
757 949
757 981
757 997
757 1009
757 761
758 1014
758 766
758 760
758 886
758 950
758 982
758 998
758 1010
758 762
758 1013
758 765
758 759
759 1015
759 767
759 760
759 887
759 951
759 983
759 999
759 1011
759 763
759 1013
759 765
760 1016
760 768
760 888
760 952
760 984
760 1000
760 1012
760 764
760 1014
760 766
760 1015
760 767
761 1017
761 765
761 763
761 762
761 889
761 953
761 985
761 1001
761 1009
762 1018
762 766
762 764
762 890
762 954
762 986
762 1002
762 1010
762 1017
762 765
762 763
763 1019
763 767
763 764
763 891
763 955
763 987
763 1003
763 1011
763 1017
763 765
764 1020
764 768
764 892
764 956
764 988
764 1004
764 1012
764 1018
764 766
764 1019
764 767
765 1021
765 767
765 766
765 893
765 957
765 989
765 1005
765 1013
765 1017
766 1022
766 768
766 894
766 958
766 990
766 1006
766 1014
766 1018
766 1021
766 767
767 1023
767 768
767 895
767 959
767 991
767 1007
767 1015
767 1019
767 1021
768 1024
768 896
768 960
768 992
768 1008
768 1016
768 1020
768 1022
768 1023
769 897
769 833
769 801
769 785
769 777
769 773
769 771
769 770
770 898
770 834
770 802
770 786
770 778
770 774
770 772
770 897
770 833
770 801
770 785
770 777
770 773
770 771
771 899
771 835
771 803
771 787
771 779
771 775
771 772
771 897
771 833
771 801
771 785
771 777
771 773
772 900
772 836
772 804
772 788
772 780
772 776
772 898
772 834
772 802
772 786
772 778
772 774
772 899
772 835
772 803
772 787
772 779
772 775
773 901
773 837
773 805
773 789
773 781
773 775
773 774
773 897
773 833
773 801
773 785
773 777
774 902
774 838
774 806
774 790
774 782
774 776
774 898
774 834
774 802
774 786
774 778
774 901
774 837
774 805
774 789
774 781
774 775
775 903
775 839
775 807
775 791
775 783
775 776
775 899
775 835
775 803
775 787
775 779
775 901
775 837
775 805
775 789
775 781
776 904
776 840
776 808
776 792
776 784
776 900
776 836
776 804
776 788
776 780
776 902
776 838
776 806
776 790
776 782
776 903
776 839
776 807
776 791
776 783
777 905
777 841
777 809
777 793
777 781
777 779
777 778
777 897
777 833
777 801
777 785
778 906
778 842
778 810
778 794
778 782
778 780
778 898
778 834
778 802
778 786
778 905
778 841
778 809
778 793
778 781
778 779
779 907
779 843
779 811
779 795
779 783
779 780
779 899
779 835
779 803
779 787
779 905
779 841
779 809
779 793
779 781
780 908
780 844
780 812
780 796
780 784
780 900
780 836
780 804
780 788
780 906
780 842
780 810
780 794
780 782
780 907
780 843
780 811
780 795
780 783
781 909
781 845
781 813
781 797
781 783
781 782
781 901
781 837
781 805
781 789
781 905
781 841
781 809
781 793
782 910
782 846
782 814
782 798
782 784
782 902
782 838
782 806
782 790
782 906
782 842
782 810
782 794
782 909
782 845
782 813
782 797
782 783
783 911
783 847
783 815
783 799
783 784
783 903
783 839
783 807
783 791
783 907
783 843
783 811
783 795
783 909
783 845
783 813
783 797
784 912
784 848
784 816
784 800
784 904
784 840
784 808
784 792
784 908
784 844
784 812
784 796
784 910
784 846
784 814
784 798
784 911
784 847
784 815
784 799
785 913
785 849
785 817
785 793
785 789
785 787
785 786
785 897
785 833
785 801
786 914
786 850
786 818
786 794
786 790
786 788
786 898
786 834
786 802
786 913
786 849
786 817
786 793
786 789
786 787
787 915
787 851
787 819
787 795
787 791
787 788
787 899
787 835
787 803
787 913
787 849
787 817
787 793
787 789
788 916
788 852
788 820
788 796
788 792
788 900
788 836
788 804
788 914
788 850
788 818
788 794
788 790
788 915
788 851
788 819
788 795
788 791
789 917
789 853
789 821
789 797
789 791
789 790
789 901
789 837
789 805
789 913
789 849
789 817
789 793
790 918
790 854
790 822
790 798
790 792
790 902
790 838
790 806
790 914
790 850
790 818
790 794
790 917
790 853
790 821
790 797
790 791
791 919
791 855
791 823
791 799
791 792
791 903
791 839
791 807
791 915
791 851
791 819
791 795
791 917
791 853
791 821
791 797
792 920
792 856
792 824
792 800
792 904
792 840
792 808
792 916
792 852
792 820
792 796
792 918
792 854
792 822
792 798
792 919
792 855
792 823
792 799
793 921
793 857
793 825
793 797
793 795
793 794
793 905
793 841
793 809
793 913
793 849
793 817
794 922
794 858
794 826
794 798
794 796
794 906
794 842
794 810
794 914
794 850
794 818
794 921
794 857
794 825
794 797
794 795
795 923
795 859
795 827
795 799
795 796
795 907
795 843
795 811
795 915
795 851
795 819
795 921
795 857
795 825
795 797
796 924
796 860
796 828
796 800
796 908
796 844
796 812
796 916
796 852
796 820
796 922
796 858
796 826
796 798
796 923
796 859
796 827
796 799
797 925
797 861
797 829
797 799
797 798
797 909
797 845
797 813
797 917
797 853
797 821
797 921
797 857
797 825
798 926
798 862
798 830
798 800
798 910
798 846
798 814
798 918
798 854
798 822
798 922
798 858
798 826
798 925
798 861
798 829
798 799
799 927
799 863
799 831
799 800
799 911
799 847
799 815
799 919
799 855
799 823
799 923
799 859
799 827
799 925
799 861
799 829
800 928
800 864
800 832
800 912
800 848
800 816
800 920
800 856
800 824
800 924
800 860
800 828
800 926
800 862
800 830
800 927
800 863
800 831
801 929
801 865
801 817
801 809
801 805
801 803
801 802
801 897
801 833
802 930
802 866
802 818
802 810
802 806
802 804
802 898
802 834
802 929
802 865
802 817
802 809
802 805
802 803
803 931
803 867
803 819
803 811
803 807
803 804
803 899
803 835
803 929
803 865
803 817
803 809
803 805
804 932
804 868
804 820
804 812
804 808
804 900
804 836
804 930
804 866
804 818
804 810
804 806
804 931
804 867
804 819
804 811
804 807
805 933
805 869
805 821
805 813
805 807
805 806
805 901
805 837
805 929
805 865
805 817
805 809
806 934
806 870
806 822
806 814
806 808
806 902
806 838
806 930
806 866
806 818
806 810
806 933
806 869
806 821
806 813
806 807
807 935
807 871
807 823
807 815
807 808
807 903
807 839
807 931
807 867
807 819
807 811
807 933
807 869
807 821
807 813
808 936
808 872
808 824
808 816
808 904
808 840
808 932
808 868
808 820
808 812
808 934
808 870
808 822
808 814
808 935
808 871
808 823
808 815
809 937
809 873
809 825
809 813
809 811
809 810
809 905
809 841
809 929
809 865
809 817
810 938
810 874
810 826
810 814
810 812
810 906
810 842
810 930
810 866
810 818
810 937
810 873
810 825
810 813
810 811
811 939
811 875
811 827
811 815
811 812
811 907
811 843
811 931
811 867
811 819
811 937
811 873
811 825
811 813
812 940
812 876
812 828
812 816
812 908
812 844
812 932
812 868
812 820
812 938
812 874
812 826
812 814
812 939
812 875
812 827
812 815
813 941
813 877
813 829
813 815
813 814
813 909
813 845
813 933
813 869
813 821
813 937
813 873
813 825
814 942
814 878
814 830
814 816
814 910
814 846
814 934
814 870
814 822
814 938
814 874
814 826
814 941
814 877
814 829
814 815
815 943
815 879
815 831
815 816
815 911
815 847
815 935
815 871
815 823
815 939
815 875
815 827
815 941
815 877
815 829
816 944
816 880
816 832
816 912
816 848
816 936
816 872
816 824
816 940
816 876
816 828
816 942
816 878
816 830
816 943
816 879
816 831
817 945
817 881
817 825
817 821
817 819
817 818
817 913
817 849
817 929
817 865
818 946
818 882
818 826
818 822
818 820
818 914
818 850
818 930
818 866
818 945
818 881
818 825
818 821
818 819
819 947
819 883
819 827
819 823
819 820
819 915
819 851
819 931
819 867
819 945
819 881
819 825
819 821
820 948
820 884
820 828
820 824
820 916
820 852
820 932
820 868
820 946
820 882
820 826
820 822
820 947
820 883
820 827
820 823
821 949
821 885
821 829
821 823
821 822
821 917
821 853
821 933
821 869
821 945
821 881
821 825
822 950
822 886
822 830
822 824
822 918
822 854
822 934
822 870
822 946
822 882
822 826
822 949
822 885
822 829
822 823
823 951
823 887
823 831
823 824
823 919
823 855
823 935
823 871
823 947
823 883
823 827
823 949
823 885
823 829
824 952
824 888
824 832
824 920
824 856
824 936
824 872
824 948
824 884
824 828
824 950
824 886
824 830
824 951
824 887
824 831
825 953
825 889
825 829
825 827
825 826
825 921
825 857
825 937
825 873
825 945
825 881
826 954
826 890
826 830
826 828
826 922
826 858
826 938
826 874
826 946
826 882
826 953
826 889
826 829
826 827
827 955
827 891
827 831
827 828
827 923
827 859
827 939
827 875
827 947
827 883
827 953
827 889
827 829
828 956
828 892
828 832
828 924
828 860
828 940
828 876
828 948
828 884
828 954
828 890
828 830
828 955
828 891
828 831
829 957
829 893
829 831
829 830
829 925
829 861
829 941
829 877
829 949
829 885
829 953
829 889
830 958
830 894
830 832
830 926
830 862
830 942
830 878
830 950
830 886
830 954
830 890
830 957
830 893
830 831
831 959
831 895
831 832
831 927
831 863
831 943
831 879
831 951
831 887
831 955
831 891
831 957
831 893
832 960
832 896
832 928
832 864
832 944
832 880
832 952
832 888
832 956
832 892
832 958
832 894
832 959
832 895
833 961
833 865
833 849
833 841
833 837
833 835
833 834
833 897
834 962
834 866
834 850
834 842
834 838
834 836
834 898
834 961
834 865
834 849
834 841
834 837
834 835
835 963
835 867
835 851
835 843
835 839
835 836
835 899
835 961
835 865
835 849
835 841
835 837
836 964
836 868
836 852
836 844
836 840
836 900
836 962
836 866
836 850
836 842
836 838
836 963
836 867
836 851
836 843
836 839
837 965
837 869
837 853
837 845
837 839
837 838
837 901
837 961
837 865
837 849
837 841
838 966
838 870
838 854
838 846
838 840
838 902
838 962
838 866
838 850
838 842
838 965
838 869
838 853
838 845
838 839
839 967
839 871
839 855
839 847
839 840
839 903
839 963
839 867
839 851
839 843
839 965
839 869
839 853
839 845
840 968
840 872
840 856
840 848
840 904
840 964
840 868
840 852
840 844
840 966
840 870
840 854
840 846
840 967
840 871
840 855
840 847
841 969
841 873
841 857
841 845
841 843
841 842
841 905
841 961
841 865
841 849
842 970
842 874
842 858
842 846
842 844
842 906
842 962
842 866
842 850
842 969
842 873
842 857
842 845
842 843
843 971
843 875
843 859
843 847
843 844
843 907
843 963
843 867
843 851
843 969
843 873
843 857
843 845
844 972
844 876
844 860
844 848
844 908
844 964
844 868
844 852
844 970
844 874
844 858
844 846
844 971
844 875
844 859
844 847
845 973
845 877
845 861
845 847
845 846
845 909
845 965
845 869
845 853
845 969
845 873
845 857
846 974
846 878
846 862
846 848
846 910
846 966
846 870
846 854
846 970
846 874
846 858
846 973
846 877
846 861
846 847
847 975
847 879
847 863
847 848
847 911
847 967
847 871
847 855
847 971
847 875
847 859
847 973
847 877
847 861
848 976
848 880
848 864
848 912
848 968
848 872
848 856
848 972
848 876
848 860
848 974
848 878
848 862
848 975
848 879
848 863
849 977
849 881
849 857
849 853
849 851
849 850
849 913
849 961
849 865
850 978
850 882
850 858
850 854
850 852
850 914
850 962
850 866
850 977
850 881
850 857
850 853
850 851
851 979
851 883
851 859
851 855
851 852
851 915
851 963
851 867
851 977
851 881
851 857
851 853
852 980
852 884
852 860
852 856
852 916
852 964
852 868
852 978
852 882
852 858
852 854
852 979
852 883
852 859
852 855
853 981
853 885
853 861
853 855
853 854
853 917
853 965
853 869
853 977
853 881
853 857
854 982
854 886
854 862
854 856
854 918
854 966
854 870
854 978
854 882
854 858
854 981
854 885
854 861
854 855
855 983
855 887
855 863
855 856
855 919
855 967
855 871
855 979
855 883
855 859
855 981
855 885
855 861
856 984
856 888
856 864
856 920
856 968
856 872
856 980
856 884
856 860
856 982
856 886
856 862
856 983
856 887
856 863
857 985
857 889
857 861
857 859
857 858
857 921
857 969
857 873
857 977
857 881
858 986
858 890
858 862
858 860
858 922
858 970
858 874
858 978
858 882
858 985
858 889
858 861
858 859
859 987
859 891
859 863
859 860
859 923
859 971
859 875
859 979
859 883
859 985
859 889
859 861
860 988
860 892
860 864
860 924
860 972
860 876
860 980
860 884
860 986
860 890
860 862
860 987
860 891
860 863
861 989
861 893
861 863
861 862
861 925
861 973
861 877
861 981
861 885
861 985
861 889
862 990
862 894
862 864
862 926
862 974
862 878
862 982
862 886
862 986
862 890
862 989
862 893
862 863
863 991
863 895
863 864
863 927
863 975
863 879
863 983
863 887
863 987
863 891
863 989
863 893
864 992
864 896
864 928
864 976
864 880
864 984
864 888
864 988
864 892
864 990
864 894
864 991
864 895
865 993
865 881
865 873
865 869
865 867
865 866
865 929
865 961
866 994
866 882
866 874
866 870
866 868
866 930
866 962
866 993
866 881
866 873
866 869
866 867
867 995
867 883
867 875
867 871
867 868
867 931
867 963
867 993
867 881
867 873
867 869
868 996
868 884
868 876
868 872
868 932
868 964
868 994
868 882
868 874
868 870
868 995
868 883
868 875
868 871
869 997
869 885
869 877
869 871
869 870
869 933
869 965
869 993
869 881
869 873
870 998
870 886
870 878
870 872
870 934
870 966
870 994
870 882
870 874
870 997
870 885
870 877
870 871
871 999
871 887
871 879
871 872
871 935
871 967
871 995
871 883
871 875
871 997
871 885
871 877
872 1000
872 888
872 880
872 936
872 968
872 996
872 884
872 876
872 998
872 886
872 878
872 999
872 887
872 879
873 1001
873 889
873 877
873 875
873 874
873 937
873 969
873 993
873 881
874 1002
874 890
874 878
874 876
874 938
874 970
874 994
874 882
874 1001
874 889
874 877
874 875
875 1003
875 891
875 879
875 876
875 939
875 971
875 995
875 883
875 1001
875 889
875 877
876 1004
876 892
876 880
876 940
876 972
876 996
876 884
876 1002
876 890
876 878
876 1003
876 891
876 879
877 1005
877 893
877 879
877 878
877 941
877 973
877 997
877 885
877 1001
877 889
878 1006
878 894
878 880
878 942
878 974
878 998
878 886
878 1002
878 890
878 1005
878 893
878 879
879 1007
879 895
879 880
879 943
879 975
879 999
879 887
879 1003
879 891
879 1005
879 893
880 1008
880 896
880 944
880 976
880 1000
880 888
880 1004
880 892
880 1006
880 894
880 1007
880 895
881 1009
881 889
881 885
881 883
881 882
881 945
881 977
881 993
882 1010
882 890
882 886
882 884
882 946
882 978
882 994
882 1009
882 889
882 885
882 883
883 1011
883 891
883 887
883 884
883 947
883 979
883 995
883 1009
883 889
883 885
884 1012
884 892
884 888
884 948
884 980
884 996
884 1010
884 890
884 886
884 1011
884 891
884 887
885 1013
885 893
885 887
885 886
885 949
885 981
885 997
885 1009
885 889
886 1014
886 894
886 888
886 950
886 982
886 998
886 1010
886 890
886 1013
886 893
886 887
887 1015
887 895
887 888
887 951
887 983
887 999
887 1011
887 891
887 1013
887 893
888 1016
888 896
888 952
888 984
888 1000
888 1012
888 892
888 1014
888 894
888 1015
888 895
889 1017
889 893
889 891
889 890
889 953
889 985
889 1001
889 1009
890 1018
890 894
890 892
890 954
890 986
890 1002
890 1010
890 1017
890 893
890 891
891 1019
891 895
891 892
891 955
891 987
891 1003
891 1011
891 1017
891 893
892 1020
892 896
892 956
892 988
892 1004
892 1012
892 1018
892 894
892 1019
892 895
893 1021
893 895
893 894
893 957
893 989
893 1005
893 1013
893 1017
894 1022
894 896
894 958
894 990
894 1006
894 1014
894 1018
894 1021
894 895
895 1023
895 896
895 959
895 991
895 1007
895 1015
895 1019
895 1021
896 1024
896 960
896 992
896 1008
896 1016
896 1020
896 1022
896 1023
897 961
897 929
897 913
897 905
897 901
897 899
897 898
898 962
898 930
898 914
898 906
898 902
898 900
898 961
898 929
898 913
898 905
898 901
898 899
899 963
899 931
899 915
899 907
899 903
899 900
899 961
899 929
899 913
899 905
899 901
900 964
900 932
900 916
900 908
900 904
900 962
900 930
900 914
900 906
900 902
900 963
900 931
900 915
900 907
900 903
901 965
901 933
901 917
901 909
901 903
901 902
901 961
901 929
901 913
901 905
902 966
902 934
902 918
902 910
902 904
902 962
902 930
902 914
902 906
902 965
902 933
902 917
902 909
902 903
903 967
903 935
903 919
903 911
903 904
903 963
903 931
903 915
903 907
903 965
903 933
903 917
903 909
904 968
904 936
904 920
904 912
904 964
904 932
904 916
904 908
904 966
904 934
904 918
904 910
904 967
904 935
904 919
904 911
905 969
905 937
905 921
905 909
905 907
905 906
905 961
905 929
905 913
906 970
906 938
906 922
906 910
906 908
906 962
906 930
906 914
906 969
906 937
906 921
906 909
906 907
907 971
907 939
907 923
907 911
907 908
907 963
907 931
907 915
907 969
907 937
907 921
907 909
908 972
908 940
908 924
908 912
908 964
908 932
908 916
908 970
908 938
908 922
908 910
908 971
908 939
908 923
908 911
909 973
909 941
909 925
909 911
909 910
909 965
909 933
909 917
909 969
909 937
909 921
910 974
910 942
910 926
910 912
910 966
910 934
910 918
910 970
910 938
910 922
910 973
910 941
910 925
910 911
911 975
911 943
911 927
911 912
911 967
911 935
911 919
911 971
911 939
911 923
911 973
911 941
911 925
912 976
912 944
912 928
912 968
912 936
912 920
912 972
912 940
912 924
912 974
912 942
912 926
912 975
912 943
912 927
913 977
913 945
913 921
913 917
913 915
913 914
913 961
913 929
914 978
914 946
914 922
914 918
914 916
914 962
914 930
914 977
914 945
914 921
914 917
914 915
915 979
915 947
915 923
915 919
915 916
915 963
915 931
915 977
915 945
915 921
915 917
916 980
916 948
916 924
916 920
916 964
916 932
916 978
916 946
916 922
916 918
916 979
916 947
916 923
916 919
917 981
917 949
917 925
917 919
917 918
917 965
917 933
917 977
917 945
917 921
918 982
918 950
918 926
918 920
918 966
918 934
918 978
918 946
918 922
918 981
918 949
918 925
918 919
919 983
919 951
919 927
919 920
919 967
919 935
919 979
919 947
919 923
919 981
919 949
919 925
920 984
920 952
920 928
920 968
920 936
920 980
920 948
920 924
920 982
920 950
920 926
920 983
920 951
920 927
921 985
921 953
921 925
921 923
921 922
921 969
921 937
921 977
921 945
922 986
922 954
922 926
922 924
922 970
922 938
922 978
922 946
922 985
922 953
922 925
922 923
923 987
923 955
923 927
923 924
923 971
923 939
923 979
923 947
923 985
923 953
923 925
924 988
924 956
924 928
924 972
924 940
924 980
924 948
924 986
924 954
924 926
924 987
924 955
924 927
925 989
925 957
925 927
925 926
925 973
925 941
925 981
925 949
925 985
925 953
926 990
926 958
926 928
926 974
926 942
926 982
926 950
926 986
926 954
926 989
926 957
926 927
927 991
927 959
927 928
927 975
927 943
927 983
927 951
927 987
927 955
927 989
927 957
928 992
928 960
928 976
928 944
928 984
928 952
928 988
928 956
928 990
928 958
928 991
928 959
929 993
929 945
929 937
929 933
929 931
929 930
929 961
930 994
930 946
930 938
930 934
930 932
930 962
930 993
930 945
930 937
930 933
930 931
931 995
931 947
931 939
931 935
931 932
931 963
931 993
931 945
931 937
931 933
932 996
932 948
932 940
932 936
932 964
932 994
932 946
932 938
932 934
932 995
932 947
932 939
932 935
933 997
933 949
933 941
933 935
933 934
933 965
933 993
933 945
933 937
934 998
934 950
934 942
934 936
934 966
934 994
934 946
934 938
934 997
934 949
934 941
934 935
935 999
935 951
935 943
935 936
935 967
935 995
935 947
935 939
935 997
935 949
935 941
936 1000
936 952
936 944
936 968
936 996
936 948
936 940
936 998
936 950
936 942
936 999
936 951
936 943
937 1001
937 953
937 941
937 939
937 938
937 969
937 993
937 945
938 1002
938 954
938 942
938 940
938 970
938 994
938 946
938 1001
938 953
938 941
938 939
939 1003
939 955
939 943
939 940
939 971
939 995
939 947
939 1001
939 953
939 941
940 1004
940 956
940 944
940 972
940 996
940 948
940 1002
940 954
940 942
940 1003
940 955
940 943
941 1005
941 957
941 943
941 942
941 973
941 997
941 949
941 1001
941 953
942 1006
942 958
942 944
942 974
942 998
942 950
942 1002
942 954
942 1005
942 957
942 943
943 1007
943 959
943 944
943 975
943 999
943 951
943 1003
943 955
943 1005
943 957
944 1008
944 960
944 976
944 1000
944 952
944 1004
944 956
944 1006
944 958
944 1007
944 959
945 1009
945 953
945 949
945 947
945 946
945 977
945 993
946 1010
946 954
946 950
946 948
946 978
946 994
946 1009
946 953
946 949
946 947
947 1011
947 955
947 951
947 948
947 979
947 995
947 1009
947 953
947 949
948 1012
948 956
948 952
948 980
948 996
948 1010
948 954
948 950
948 1011
948 955
948 951
949 1013
949 957
949 951
949 950
949 981
949 997
949 1009
949 953
950 1014
950 958
950 952
950 982
950 998
950 1010
950 954
950 1013
950 957
950 951
951 1015
951 959
951 952
951 983
951 999
951 1011
951 955
951 1013
951 957
952 1016
952 960
952 984
952 1000
952 1012
952 956
952 1014
952 958
952 1015
952 959
953 1017
953 957
953 955
953 954
953 985
953 1001
953 1009
954 1018
954 958
954 956
954 986
954 1002
954 1010
954 1017
954 957
954 955
955 1019
955 959
955 956
955 987
955 1003
955 1011
955 1017
955 957
956 1020
956 960
956 988
956 1004
956 1012
956 1018
956 958
956 1019
956 959
957 1021
957 959
957 958
957 989
957 1005
957 1013
957 1017
958 1022
958 960
958 990
958 1006
958 1014
958 1018
958 1021
958 959
959 1023
959 960
959 991
959 1007
959 1015
959 1019
959 1021
960 1024
960 992
960 1008
960 1016
960 1020
960 1022
960 1023
961 993
961 977
961 969
961 965
961 963
961 962
962 994
962 978
962 970
962 966
962 964
962 993
962 977
962 969
962 965
962 963
963 995
963 979
963 971
963 967
963 964
963 993
963 977
963 969
963 965
964 996
964 980
964 972
964 968
964 994
964 978
964 970
964 966
964 995
964 979
964 971
964 967
965 997
965 981
965 973
965 967
965 966
965 993
965 977
965 969
966 998
966 982
966 974
966 968
966 994
966 978
966 970
966 997
966 981
966 973
966 967
967 999
967 983
967 975
967 968
967 995
967 979
967 971
967 997
967 981
967 973
968 1000
968 984
968 976
968 996
968 980
968 972
968 998
968 982
968 974
968 999
968 983
968 975
969 1001
969 985
969 973
969 971
969 970
969 993
969 977
970 1002
970 986
970 974
970 972
970 994
970 978
970 1001
970 985
970 973
970 971
971 1003
971 987
971 975
971 972
971 995
971 979
971 1001
971 985
971 973
972 1004
972 988
972 976
972 996
972 980
972 1002
972 986
972 974
972 1003
972 987
972 975
973 1005
973 989
973 975
973 974
973 997
973 981
973 1001
973 985
974 1006
974 990
974 976
974 998
974 982
974 1002
974 986
974 1005
974 989
974 975
975 1007
975 991
975 976
975 999
975 983
975 1003
975 987
975 1005
975 989
976 1008
976 992
976 1000
976 984
976 1004
976 988
976 1006
976 990
976 1007
976 991
977 1009
977 985
977 981
977 979
977 978
977 993
978 1010
978 986
978 982
978 980
978 994
978 1009
978 985
978 981
978 979
979 1011
979 987
979 983
979 980
979 995
979 1009
979 985
979 981
980 1012
980 988
980 984
980 996
980 1010
980 986
980 982
980 1011
980 987
980 983
981 1013
981 989
981 983
981 982
981 997
981 1009
981 985
982 1014
982 990
982 984
982 998
982 1010
982 986
982 1013
982 989
982 983
983 1015
983 991
983 984
983 999
983 1011
983 987
983 1013
983 989
984 1016
984 992
984 1000
984 1012
984 988
984 1014
984 990
984 1015
984 991
985 1017
985 989
985 987
985 986
985 1001
985 1009
986 1018
986 990
986 988
986 1002
986 1010
986 1017
986 989
986 987
987 1019
987 991
987 988
987 1003
987 1011
987 1017
987 989
988 1020
988 992
988 1004
988 1012
988 1018
988 990
988 1019
988 991
989 1021
989 991
989 990
989 1005
989 1013
989 1017
990 1022
990 992
990 1006
990 1014
990 1018
990 1021
990 991
991 1023
991 992
991 1007
991 1015
991 1019
991 1021
992 1024
992 1008
992 1016
992 1020
992 1022
992 1023
993 1009
993 1001
993 997
993 995
993 994
994 1010
994 1002
994 998
994 996
994 1009
994 1001
994 997
994 995
995 1011
995 1003
995 999
995 996
995 1009
995 1001
995 997
996 1012
996 1004
996 1000
996 1010
996 1002
996 998
996 1011
996 1003
996 999
997 1013
997 1005
997 999
997 998
997 1009
997 1001
998 1014
998 1006
998 1000
998 1010
998 1002
998 1013
998 1005
998 999
999 1015
999 1007
999 1000
999 1011
999 1003
999 1013
999 1005
1000 1016
1000 1008
1000 1012
1000 1004
1000 1014
1000 1006
1000 1015
1000 1007
1001 1017
1001 1005
1001 1003
1001 1002
1001 1009
1002 1018
1002 1006
1002 1004
1002 1010
1002 1017
1002 1005
1002 1003
1003 1019
1003 1007
1003 1004
1003 1011
1003 1017
1003 1005
1004 1020
1004 1008
1004 1012
1004 1018
1004 1006
1004 1019
1004 1007
1005 1021
1005 1007
1005 1006
1005 1013
1005 1017
1006 1022
1006 1008
1006 1014
1006 1018
1006 1021
1006 1007
1007 1023
1007 1008
1007 1015
1007 1019
1007 1021
1008 1024
1008 1016
1008 1020
1008 1022
1008 1023
1009 1017
1009 1013
1009 1011
1009 1010
1010 1018
1010 1014
1010 1012
1010 1017
1010 1013
1010 1011
1011 1019
1011 1015
1011 1012
1011 1017
1011 1013
1012 1020
1012 1016
1012 1018
1012 1014
1012 1019
1012 1015
1013 1021
1013 1015
1013 1014
1013 1017
1014 1022
1014 1016
1014 1018
1014 1021
1014 1015
1015 1023
1015 1016
1015 1019
1015 1021
1016 1024
1016 1020
1016 1022
1016 1023
1017 1021
1017 1019
1017 1018
1018 1022
1018 1020
1018 1021
1018 1019
1019 1023
1019 1020
1019 1021
1020 1024
1020 1022
1020 1023
1021 1023
1021 1022
1022 1024
1022 1023
1023 1024
