2048 39424
1 1025
1 513
1 257
1 129
1 65
1 33
1 17
1 9
1 5
1 3
1 2
2 1026
2 514
2 258
2 130
2 66
2 34
2 18
2 10
2 6
2 4
2 1025
2 513
2 257
2 129
2 65
2 33
2 17
2 9
2 5
2 3
3 1027
3 515
3 259
3 131
3 67
3 35
3 19
3 11
3 7
3 4
3 1025
3 513
3 257
3 129
3 65
3 33
3 17
3 9
3 5
4 1028
4 516
4 260
4 132
4 68
4 36
4 20
4 12
4 8
4 1026
4 514
4 258
4 130
4 66
4 34
4 18
4 10
4 6
4 1027
4 515
4 259
4 131
4 67
4 35
4 19
4 11
4 7
5 1029
5 517
5 261
5 133
5 69
5 37
5 21
5 13
5 7
5 6
5 1025
5 513
5 257
5 129
5 65
5 33
5 17
5 9
6 1030
6 518
6 262
6 134
6 70
6 38
6 22
6 14
6 8
6 1026
6 514
6 258
6 130
6 66
6 34
6 18
6 10
6 1029
6 517
6 261
6 133
6 69
6 37
6 21
6 13
6 7
7 1031
7 519
7 263
7 135
7 71
7 39
7 23
7 15
7 8
7 1027
7 515
7 259
7 131
7 67
7 35
7 19
7 11
7 1029
7 517
7 261
7 133
7 69
7 37
7 21
7 13
8 1032
8 520
8 264
8 136
8 72
8 40
8 24
8 16
8 1028
8 516
8 260
8 132
8 68
8 36
8 20
8 12
8 1030
8 518
8 262
8 134
8 70
8 38
8 22
8 14
8 1031
8 519
8 263
8 135
8 71
8 39
8 23
8 15
9 1033
9 521
9 265
9 137
9 73
9 41
9 25
9 13
9 11
9 10
9 1025
9 513
9 257
9 129
9 65
9 33
9 17
10 1034
10 522
10 266
10 138
10 74
10 42
10 26
10 14
10 12
10 1026
10 514
10 258
10 130
10 66
10 34
10 18
10 1033
10 521
10 265
10 137
10 73
10 41
10 25
10 13
10 11
11 1035
11 523
11 267
11 139
11 75
11 43
11 27
11 15
11 12
11 1027
11 515
11 259
11 131
11 67
11 35
11 19
11 1033
11 521
11 265
11 137
11 73
11 41
11 25
11 13
12 1036
12 524
12 268
12 140
12 76
12 44
12 28
12 16
12 1028
12 516
12 260
12 132
12 68
12 36
12 20
12 1034
12 522
12 266
12 138
12 74
12 42
12 26
12 14
12 1035
12 523
12 267
12 139
12 75
12 43
12 27
12 15
13 1037
13 525
13 269
13 141
13 77
13 45
13 29
13 15
13 14
13 1029
13 517
13 261
13 133
13 69
13 37
13 21
13 1033
13 521
13 265
13 137
13 73
13 41
13 25
14 1038
14 526
14 270
14 142
14 78
14 46
14 30
14 16
14 1030
14 518
14 262
14 134
14 70
14 38
14 22
14 1034
14 522
14 266
14 138
14 74
14 42
14 26
14 1037
14 525
14 269
14 141
14 77
14 45
14 29
14 15
15 1039
15 527
15 271
15 143
15 79
15 47
15 31
15 16
15 1031
15 519
15 263
15 135
15 71
15 39
15 23
15 1035
15 523
15 267
15 139
15 75
15 43
15 27
15 1037
15 525
15 269
15 141
15 77
15 45
15 29
16 1040
16 528
16 272
16 144
16 80
16 48
16 32
16 1032
16 520
16 264
16 136
16 72
16 40
16 24
16 1036
16 524
16 268
16 140
16 76
16 44
16 28
16 1038
16 526
16 270
16 142
16 78
16 46
16 30
16 1039
16 527
16 271
16 143
16 79
16 47
16 31
17 1041
17 529
17 273
17 145
17 81
17 49
17 25
17 21
17 19
17 18
17 1025
17 513
17 257
17 129
17 65
17 33
18 1042
18 530
18 274
18 146
18 82
18 50
18 26
18 22
18 20
18 1026
18 514
18 258
18 130
18 66
18 34
18 1041
18 529
18 273
18 145
18 81
18 49
18 25
18 21
18 19
19 1043
19 531
19 275
19 147
19 83
19 51
19 27
19 23
19 20
19 1027
19 515
19 259
19 131
19 67
19 35
19 1041
19 529
19 273
19 145
19 81
19 49
19 25
19 21
20 1044
20 532
20 276
20 148
20 84
20 52
20 28
20 24
20 1028
20 516
20 260
20 132
20 68
20 36
20 1042
20 530
20 274
20 146
20 82
20 50
20 26
20 22
20 1043
20 531
20 275
20 147
20 83
20 51
20 27
20 23
21 1045
21 533
21 277
21 149
21 85
21 53
21 29
21 23
21 22
21 1029
21 517
21 261
21 133
21 69
21 37
21 1041
21 529
21 273
21 145
21 81
21 49
21 25
22 1046
22 534
22 278
22 150
22 86
22 54
22 30
22 24
22 1030
22 518
22 262
22 134
22 70
22 38
22 1042
22 530
22 274
22 146
22 82
22 50
22 26
22 1045
22 533
22 277
22 149
22 85
22 53
22 29
22 23
23 1047
23 535
23 279
23 151
23 87
23 55
23 31
23 24
23 1031
23 519
23 263
23 135
23 71
23 39
23 1043
23 531
23 275
23 147
23 83
23 51
23 27
23 1045
23 533
23 277
23 149
23 85
23 53
23 29
24 1048
24 536
24 280
24 152
24 88
24 56
24 32
24 1032
24 520
24 264
24 136
24 72
24 40
24 1044
24 532
24 276
24 148
24 84
24 52
24 28
24 1046
24 534
24 278
24 150
24 86
24 54
24 30
24 1047
24 535
24 279
24 151
24 87
24 55
24 31
25 1049
25 537
25 281
25 153
25 89
25 57
25 29
25 27
25 26
25 1033
25 521
25 265
25 137
25 73
25 41
25 1041
25 529
25 273
25 145
25 81
25 49
26 1050
26 538
26 282
26 154
26 90
26 58
26 30
26 28
26 1034
26 522
26 266
26 138
26 74
26 42
26 1042
26 530
26 274
26 146
26 82
26 50
26 1049
26 537
26 281
26 153
26 89
26 57
26 29
26 27
27 1051
27 539
27 283
27 155
27 91
27 59
27 31
27 28
27 1035
27 523
27 267
27 139
27 75
27 43
27 1043
27 531
27 275
27 147
27 83
27 51
27 1049
27 537
27 281
27 153
27 89
27 57
27 29
28 1052
28 540
28 284
28 156
28 92
28 60
28 32
28 1036
28 524
28 268
28 140
28 76
28 44
28 1044
28 532
28 276
28 148
28 84
28 52
28 1050
28 538
28 282
28 154
28 90
28 58
28 30
28 1051
28 539
28 283
28 155
28 91
28 59
28 31
29 1053
29 541
29 285
29 157
29 93
29 61
29 31
29 30
29 1037
29 525
29 269
29 141
29 77
29 45
29 1045
29 533
29 277
29 149
29 85
29 53
29 1049
29 537
29 281
29 153
29 89
29 57
30 1054
30 542
30 286
30 158
30 94
30 62
30 32
30 1038
30 526
30 270
30 142
30 78
30 46
30 1046
30 534
30 278
30 150
30 86
30 54
30 1050
30 538
30 282
30 154
30 90
30 58
30 1053
30 541
30 285
30 157
30 93
30 61
30 31
31 1055
31 543
31 287
31 159
31 95
31 63
31 32
31 1039
31 527
31 271
31 143
31 79
31 47
31 1047
31 535
31 279
31 151
31 87
31 55
31 1051
31 539
31 283
31 155
31 91
31 59
31 1053
31 541
31 285
31 157
31 93
31 61
32 1056
32 544
32 288
32 160
32 96
32 64
32 1040
32 528
32 272
32 144
32 80
32 48
32 1048
32 536
32 280
32 152
32 88
32 56
32 1052
32 540
32 284
32 156
32 92
32 60
32 1054
32 542
32 286
32 158
32 94
32 62
32 1055
32 543
32 287
32 159
32 95
32 63
33 1057
33 545
33 289
33 161
33 97
33 49
33 41
33 37
33 35
33 34
33 1025
33 513
33 257
33 129
33 65
34 1058
34 546
34 290
34 162
34 98
34 50
34 42
34 38
34 36
34 1026
34 514
34 258
34 130
34 66
34 1057
34 545
34 289
34 161
34 97
34 49
34 41
34 37
34 35
35 1059
35 547
35 291
35 163
35 99
35 51
35 43
35 39
35 36
35 1027
35 515
35 259
35 131
35 67
35 1057
35 545
35 289
35 161
35 97
35 49
35 41
35 37
36 1060
36 548
36 292
36 164
36 100
36 52
36 44
36 40
36 1028
36 516
36 260
36 132
36 68
36 1058
36 546
36 290
36 162
36 98
36 50
36 42
36 38
36 1059
36 547
36 291
36 163
36 99
36 51
36 43
36 39
37 1061
37 549
37 293
37 165
37 101
37 53
37 45
37 39
37 38
37 1029
37 517
37 261
37 133
37 69
37 1057
37 545
37 289
37 161
37 97
37 49
37 41
38 1062
38 550
38 294
38 166
38 102
38 54
38 46
38 40
38 1030
38 518
38 262
38 134
38 70
38 1058
38 546
38 290
38 162
38 98
38 50
38 42
38 1061
38 549
38 293
38 165
38 101
38 53
38 45
38 39
39 1063
39 551
39 295
39 167
39 103
39 55
39 47
39 40
39 1031
39 519
39 263
39 135
39 71
39 1059
39 547
39 291
39 163
39 99
39 51
39 43
39 1061
39 549
39 293
39 165
39 101
39 53
39 45
40 1064
40 552
40 296
40 168
40 104
40 56
40 48
40 1032
40 520
40 264
40 136
40 72
40 1060
40 548
40 292
40 164
40 100
40 52
40 44
40 1062
40 550
40 294
40 166
40 102
40 54
40 46
40 1063
40 551
40 295
40 167
40 103
40 55
40 47
41 1065
41 553
41 297
41 169
41 105
41 57
41 45
41 43
41 42
41 1033
41 521
41 265
41 137
41 73
41 1057
41 545
41 289
41 161
41 97
41 49
42 1066
42 554
42 298
42 170
42 106
42 58
42 46
42 44
42 1034
42 522
42 266
42 138
42 74
42 1058
42 546
42 290
42 162
42 98
42 50
42 1065
42 553
42 297
42 169
42 105
42 57
42 45
42 43
43 1067
43 555
43 299
43 171
43 107
43 59
43 47
43 44
43 1035
43 523
43 267
43 139
43 75
43 1059
43 547
43 291
43 163
43 99
43 51
43 1065
43 553
43 297
43 169
43 105
43 57
43 45
44 1068
44 556
44 300
44 172
44 108
44 60
44 48
44 1036
44 524
44 268
44 140
44 76
44 1060
44 548
44 292
44 164
44 100
44 52
44 1066
44 554
44 298
44 170
44 106
44 58
44 46
44 1067
44 555
44 299
44 171
44 107
44 59
44 47
45 1069
45 557
45 301
45 173
45 109
45 61
45 47
45 46
45 1037
45 525
45 269
45 141
45 77
45 1061
45 549
45 293
45 165
45 101
45 53
45 1065
45 553
45 297
45 169
45 105
45 57
46 1070
46 558
46 302
46 174
46 110
46 62
46 48
46 1038
46 526
46 270
46 142
46 78
46 1062
46 550
46 294
46 166
46 102
46 54
46 1066
46 554
46 298
46 170
46 106
46 58
46 1069
46 557
46 301
46 173
46 109
46 61
46 47
47 1071
47 559
47 303
47 175
47 111
47 63
47 48
47 1039
47 527
47 271
47 143
47 79
47 1063
47 551
47 295
47 167
47 103
47 55
47 1067
47 555
47 299
47 171
47 107
47 59
47 1069
47 557
47 301
47 173
47 109
47 61
48 1072
48 560
48 304
48 176
48 112
48 64
48 1040
48 528
48 272
48 144
48 80
48 1064
48 552
48 296
48 168
48 104
48 56
48 1068
48 556
48 300
48 172
48 108
48 60
48 1070
48 558
48 302
48 174
48 110
48 62
48 1071
48 559
48 303
48 175
48 111
48 63
49 1073
49 561
49 305
49 177
49 113
49 57
49 53
49 51
49 50
49 1041
49 529
49 273
49 145
49 81
49 1057
49 545
49 289
49 161
49 97
50 1074
50 562
50 306
50 178
50 114
50 58
50 54
50 52
50 1042
50 530
50 274
50 146
50 82
50 1058
50 546
50 290
50 162
50 98
50 1073
50 561
50 305
50 177
50 113
50 57
50 53
50 51
51 1075
51 563
51 307
51 179
51 115
51 59
51 55
51 52
51 1043
51 531
51 275
51 147
51 83
51 1059
51 547
51 291
51 163
51 99
51 1073
51 561
51 305
51 177
51 113
51 57
51 53
52 1076
52 564
52 308
52 180
52 116
52 60
52 56
52 1044
52 532
52 276
52 148
52 84
52 1060
52 548
52 292
52 164
52 100
52 1074
52 562
52 306
52 178
52 114
52 58
52 54
52 1075
52 563
52 307
52 179
52 115
52 59
52 55
53 1077
53 565
53 309
53 181
53 117
53 61
53 55
53 54
53 1045
53 533
53 277
53 149
53 85
53 1061
53 549
53 293
53 165
53 101
53 1073
53 561
53 305
53 177
53 113
53 57
54 1078
54 566
54 310
54 182
54 118
54 62
54 56
54 1046
54 534
54 278
54 150
54 86
54 1062
54 550
54 294
54 166
54 102
54 1074
54 562
54 306
54 178
54 114
54 58
54 1077
54 565
54 309
54 181
54 117
54 61
54 55
55 1079
55 567
55 311
55 183
55 119
55 63
55 56
55 1047
55 535
55 279
55 151
55 87
55 1063
55 551
55 295
55 167
55 103
55 1075
55 563
55 307
55 179
55 115
55 59
55 1077
55 565
55 309
55 181
55 117
55 61
56 1080
56 568
56 312
56 184
56 120
56 64
56 1048
56 536
56 280
56 152
56 88
56 1064
56 552
56 296
56 168
56 104
56 1076
56 564
56 308
56 180
56 116
56 60
56 1078
56 566
56 310
56 182
56 118
56 62
56 1079
56 567
56 311
56 183
56 119
56 63
57 1081
57 569
57 313
57 185
57 121
57 61
57 59
57 58
57 1049
57 537
57 281
57 153
57 89
57 1065
57 553
57 297
57 169
57 105
57 1073
57 561
57 305
57 177
57 113
58 1082
58 570
58 314
58 186
58 122
58 62
58 60
58 1050
58 538
58 282
58 154
58 90
58 1066
58 554
58 298
58 170
58 106
58 1074
58 562
58 306
58 178
58 114
58 1081
58 569
58 313
58 185
58 121
58 61
58 59
59 1083
59 571
59 315
59 187
59 123
59 63
59 60
59 1051
59 539
59 283
59 155
59 91
59 1067
59 555
59 299
59 171
59 107
59 1075
59 563
59 307
59 179
59 115
59 1081
59 569
59 313
59 185
59 121
59 61
60 1084
60 572
60 316
60 188
60 124
60 64
60 1052
60 540
60 284
60 156
60 92
60 1068
60 556
60 300
60 172
60 108
60 1076
60 564
60 308
60 180
60 116
60 1082
60 570
60 314
60 186
60 122
60 62
60 1083
60 571
60 315
60 187
60 123
60 63
61 1085
61 573
61 317
61 189
61 125
61 63
61 62
61 1053
61 541
61 285
61 157
61 93
61 1069
61 557
61 301
61 173
61 109
61 1077
61 565
61 309
61 181
61 117
61 1081
61 569
61 313
61 185
61 121
62 1086
62 574
62 318
62 190
62 126
62 64
62 1054
62 542
62 286
62 158
62 94
62 1070
62 558
62 302
62 174
62 110
62 1078
62 566
62 310
62 182
62 118
62 1082
62 570
62 314
62 186
62 122
62 1085
62 573
62 317
62 189
62 125
62 63
63 1087
63 575
63 319
63 191
63 127
63 64
63 1055
63 543
63 287
63 159
63 95
63 1071
63 559
63 303
63 175
63 111
63 1079
63 567
63 311
63 183
63 119
63 1083
63 571
63 315
63 187
63 123
63 1085
63 573
63 317
63 189
63 125
64 1088
64 576
64 320
64 192
64 128
64 1056
64 544
64 288
64 160
64 96
64 1072
64 560
64 304
64 176
64 112
64 1080
64 568
64 312
64 184
64 120
64 1084
64 572
64 316
64 188
64 124
64 1086
64 574
64 318
64 190
64 126
64 1087
64 575
64 319
64 191
64 127
65 1089
65 577
65 321
65 193
65 97
65 81
65 73
65 69
65 67
65 66
65 1025
65 513
65 257
65 129
66 1090
66 578
66 322
66 194
66 98
66 82
66 74
66 70
66 68
66 1026
66 514
66 258
66 130
66 1089
66 577
66 321
66 193
66 97
66 81
66 73
66 69
66 67
67 1091
67 579
67 323
67 195
67 99
67 83
67 75
67 71
67 68
67 1027
67 515
67 259
67 131
67 1089
67 577
67 321
67 193
67 97
67 81
67 73
67 69
68 1092
68 580
68 324
68 196
68 100
68 84
68 76
68 72
68 1028
68 516
68 260
68 132
68 1090
68 578
68 322
68 194
68 98
68 82
68 74
68 70
68 1091
68 579
68 323
68 195
68 99
68 83
68 75
68 71
69 1093
69 581
69 325
69 197
69 101
69 85
69 77
69 71
69 70
69 1029
69 517
69 261
69 133
69 1089
69 577
69 321
69 193
69 97
69 81
69 73
70 1094
70 582
70 326
70 198
70 102
70 86
70 78
70 72
70 1030
70 518
70 262
70 134
70 1090
70 578
70 322
70 194
70 98
70 82
70 74
70 1093
70 581
70 325
70 197
70 101
70 85
70 77
70 71
71 1095
71 583
71 327
71 199
71 103
71 87
71 79
71 72
71 1031
71 519
71 263
71 135
71 1091
71 579
71 323
71 195
71 99
71 83
71 75
71 1093
71 581
71 325
71 197
71 101
71 85
71 77
72 1096
72 584
72 328
72 200
72 104
72 88
72 80
72 1032
72 520
72 264
72 136
72 1092
72 580
72 324
72 196
72 100
72 84
72 76
72 1094
72 582
72 326
72 198
72 102
72 86
72 78
72 1095
72 583
72 327
72 199
72 103
72 87
72 79
73 1097
73 585
73 329
73 201
73 105
73 89
73 77
73 75
73 74
73 1033
73 521
73 265
73 137
73 1089
73 577
73 321
73 193
73 97
73 81
74 1098
74 586
74 330
74 202
74 106
74 90
74 78
74 76
74 1034
74 522
74 266
74 138
74 1090
74 578
74 322
74 194
74 98
74 82
74 1097
74 585
74 329
74 201
74 105
74 89
74 77
74 75
75 1099
75 587
75 331
75 203
75 107
75 91
75 79
75 76
75 1035
75 523
75 267
75 139
75 1091
75 579
75 323
75 195
75 99
75 83
75 1097
75 585
75 329
75 201
75 105
75 89
75 77
76 1100
76 588
76 332
76 204
76 108
76 92
76 80
76 1036
76 524
76 268
76 140
76 1092
76 580
76 324
76 196
76 100
76 84
76 1098
76 586
76 330
76 202
76 106
76 90
76 78
76 1099
76 587
76 331
76 203
76 107
76 91
76 79
77 1101
77 589
77 333
77 205
77 109
77 93
77 79
77 78
77 1037
77 525
77 269
77 141
77 1093
77 581
77 325
77 197
77 101
77 85
77 1097
77 585
77 329
77 201
77 105
77 89
78 1102
78 590
78 334
78 206
78 110
78 94
78 80
78 1038
78 526
78 270
78 142
78 1094
78 582
78 326
78 198
78 102
78 86
78 1098
78 586
78 330
78 202
78 106
78 90
78 1101
78 589
78 333
78 205
78 109
78 93
78 79
79 1103
79 591
79 335
79 207
79 111
79 95
79 80
79 1039
79 527
79 271
79 143
79 1095
79 583
79 327
79 199
79 103
79 87
79 1099
79 587
79 331
79 203
79 107
79 91
79 1101
79 589
79 333
79 205
79 109
79 93
80 1104
80 592
80 336
80 208
80 112
80 96
80 1040
80 528
80 272
80 144
80 1096
80 584
80 328
80 200
80 104
80 88
80 1100
80 588
80 332
80 204
80 108
80 92
80 1102
80 590
80 334
80 206
80 110
80 94
80 1103
80 591
80 335
80 207
80 111
80 95
81 1105
81 593
81 337
81 209
81 113
81 89
81 85
81 83
81 82
81 1041
81 529
81 273
81 145
81 1089
81 577
81 321
81 193
81 97
82 1106
82 594
82 338
82 210
82 114
82 90
82 86
82 84
82 1042
82 530
82 274
82 146
82 1090
82 578
82 322
82 194
82 98
82 1105
82 593
82 337
82 209
82 113
82 89
82 85
82 83
83 1107
83 595
83 339
83 211
83 115
83 91
83 87
83 84
83 1043
83 531
83 275
83 147
83 1091
83 579
83 323
83 195
83 99
83 1105
83 593
83 337
83 209
83 113
83 89
83 85
84 1108
84 596
84 340
84 212
84 116
84 92
84 88
84 1044
84 532
84 276
84 148
84 1092
84 580
84 324
84 196
84 100
84 1106
84 594
84 338
84 210
84 114
84 90
84 86
84 1107
84 595
84 339
84 211
84 115
84 91
84 87
85 1109
85 597
85 341
85 213
85 117
85 93
85 87
85 86
85 1045
85 533
85 277
85 149
85 1093
85 581
85 325
85 197
85 101
85 1105
85 593
85 337
85 209
85 113
85 89
86 1110
86 598
86 342
86 214
86 118
86 94
86 88
86 1046
86 534
86 278
86 150
86 1094
86 582
86 326
86 198
86 102
86 1106
86 594
86 338
86 210
86 114
86 90
86 1109
86 597
86 341
86 213
86 117
86 93
86 87
87 1111
87 599
87 343
87 215
87 119
87 95
87 88
87 1047
87 535
87 279
87 151
87 1095
87 583
87 327
87 199
87 103
87 1107
87 595
87 339
87 211
87 115
87 91
87 1109
87 597
87 341
87 213
87 117
87 93
88 1112
88 600
88 344
88 216
88 120
88 96
88 1048
88 536
88 280
88 152
88 1096
88 584
88 328
88 200
88 104
88 1108
88 596
88 340
88 212
88 116
88 92
88 1110
88 598
88 342
88 214
88 118
88 94
88 1111
88 599
88 343
88 215
88 119
88 95
89 1113
89 601
89 345
89 217
89 121
89 93
89 91
89 90
89 1049
89 537
89 281
89 153
89 1097
89 585
89 329
89 201
89 105
89 1105
89 593
89 337
89 209
89 113
90 1114
90 602
90 346
90 218
90 122
90 94
90 92
90 1050
90 538
90 282
90 154
90 1098
90 586
90 330
90 202
90 106
90 1106
90 594
90 338
90 210
90 114
90 1113
90 601
90 345
90 217
90 121
90 93
90 91
91 1115
91 603
91 347
91 219
91 123
91 95
91 92
91 1051
91 539
91 283
91 155
91 1099
91 587
91 331
91 203
91 107
91 1107
91 595
91 339
91 211
91 115
91 1113
91 601
91 345
91 217
91 121
91 93
92 1116
92 604
92 348
92 220
92 124
92 96
92 1052
92 540
92 284
92 156
92 1100
92 588
92 332
92 204
92 108
92 1108
92 596
92 340
92 212
92 116
92 1114
92 602
92 346
92 218
92 122
92 94
92 1115
92 603
92 347
92 219
92 123
92 95
93 1117
93 605
93 349
93 221
93 125
93 95
93 94
93 1053
93 541
93 285
93 157
93 1101
93 589
93 333
93 205
93 109
93 1109
93 597
93 341
93 213
93 117
93 1113
93 601
93 345
93 217
93 121
94 1118
94 606
94 350
94 222
94 126
94 96
94 1054
94 542
94 286
94 158
94 1102
94 590
94 334
94 206
94 110
94 1110
94 598
94 342
94 214
94 118
94 1114
94 602
94 346
94 218
94 122
94 1117
94 605
94 349
94 221
94 125
94 95
95 1119
95 607
95 351
95 223
95 127
95 96
95 1055
95 543
95 287
95 159
95 1103
95 591
95 335
95 207
95 111
95 1111
95 599
95 343
95 215
95 119
95 1115
95 603
95 347
95 219
95 123
95 1117
95 605
95 349
95 221
95 125
96 1120
96 608
96 352
96 224
96 128
96 1056
96 544
96 288
96 160
96 1104
96 592
96 336
96 208
96 112
96 1112
96 600
96 344
96 216
96 120
96 1116
96 604
96 348
96 220
96 124
96 1118
96 606
96 350
96 222
96 126
96 1119
96 607
96 351
96 223
96 127
97 1121
97 609
97 353
97 225
97 113
97 105
97 101
97 99
97 98
97 1057
97 545
97 289
97 161
97 1089
97 577
97 321
97 193
98 1122
98 610
98 354
98 226
98 114
98 106
98 102
98 100
98 1058
98 546
98 290
98 162
98 1090
98 578
98 322
98 194
98 1121
98 609
98 353
98 225
98 113
98 105
98 101
98 99
99 1123
99 611
99 355
99 227
99 115
99 107
99 103
99 100
99 1059
99 547
99 291
99 163
99 1091
99 579
99 323
99 195
99 1121
99 609
99 353
99 225
99 113
99 105
99 101
100 1124
100 612
100 356
100 228
100 116
100 108
100 104
100 1060
100 548
100 292
100 164
100 1092
100 580
100 324
100 196
100 1122
100 610
100 354
100 226
100 114
100 106
100 102
100 1123
100 611
100 355
100 227
100 115
100 107
100 103
101 1125
101 613
101 357
101 229
101 117
101 109
101 103
101 102
101 1061
101 549
101 293
101 165
101 1093
101 581
101 325
101 197
101 1121
101 609
101 353
101 225
101 113
101 105
102 1126
102 614
102 358
102 230
102 118
102 110
102 104
102 1062
102 550
102 294
102 166
102 1094
102 582
102 326
102 198
102 1122
102 610
102 354
102 226
102 114
102 106
102 1125
102 613
102 357
102 229
102 117
102 109
102 103
103 1127
103 615
103 359
103 231
103 119
103 111
103 104
103 1063
103 551
103 295
103 167
103 1095
103 583
103 327
103 199
103 1123
103 611
103 355
103 227
103 115
103 107
103 1125
103 613
103 357
103 229
103 117
103 109
104 1128
104 616
104 360
104 232
104 120
104 112
104 1064
104 552
104 296
104 168
104 1096
104 584
104 328
104 200
104 1124
104 612
104 356
104 228
104 116
104 108
104 1126
104 614
104 358
104 230
104 118
104 110
104 1127
104 615
104 359
104 231
104 119
104 111
105 1129
105 617
105 361
105 233
105 121
105 109
105 107
105 106
105 1065
105 553
105 297
105 169
105 1097
105 585
105 329
105 201
105 1121
105 609
105 353
105 225
105 113
106 1130
106 618
106 362
106 234
106 122
106 110
106 108
106 1066
106 554
106 298
106 170
106 1098
106 586
106 330
106 202
106 1122
106 610
106 354
106 226
106 114
106 1129
106 617
106 361
106 233
106 121
106 109
106 107
107 1131
107 619
107 363
107 235
107 123
107 111
107 108
107 1067
107 555
107 299
107 171
107 1099
107 587
107 331
107 203
107 1123
107 611
107 355
107 227
107 115
107 1129
107 617
107 361
107 233
107 121
107 109
108 1132
108 620
108 364
108 236
108 124
108 112
108 1068
108 556
108 300
108 172
108 1100
108 588
108 332
108 204
108 1124
108 612
108 356
108 228
108 116
108 1130
108 618
108 362
108 234
108 122
108 110
108 1131
108 619
108 363
108 235
108 123
108 111
109 1133
109 621
109 365
109 237
109 125
109 111
109 110
109 1069
109 557
109 301
109 173
109 1101
109 589
109 333
109 205
109 1125
109 613
109 357
109 229
109 117
109 1129
109 617
109 361
109 233
109 121
110 1134
110 622
110 366
110 238
110 126
110 112
110 1070
110 558
110 302
110 174
110 1102
110 590
110 334
110 206
110 1126
110 614
110 358
110 230
110 118
110 1130
110 618
110 362
110 234
110 122
110 1133
110 621
110 365
110 237
110 125
110 111
111 1135
111 623
111 367
111 239
111 127
111 112
111 1071
111 559
111 303
111 175
111 1103
111 591
111 335
111 207
111 1127
111 615
111 359
111 231
111 119
111 1131
111 619
111 363
111 235
111 123
111 1133
111 621
111 365
111 237
111 125
112 1136
112 624
112 368
112 240
112 128
112 1072
112 560
112 304
112 176
112 1104
112 592
112 336
112 208
112 1128
112 616
112 360
112 232
112 120
112 1132
112 620
112 364
112 236
112 124
112 1134
112 622
112 366
112 238
112 126
112 1135
112 623
112 367
112 239
112 127
113 1137
113 625
113 369
113 241
113 121
113 117
113 115
113 114
113 1073
113 561
113 305
113 177
113 1105
113 593
113 337
113 209
113 1121
113 609
113 353
113 225
114 1138
114 626
114 370
114 242
114 122
114 118
114 116
114 1074
114 562
114 306
114 178
114 1106
114 594
114 338
114 210
114 1122
114 610
114 354
114 226
114 1137
114 625
114 369
114 241
114 121
114 117
114 115
115 1139
115 627
115 371
115 243
115 123
115 119
115 116
115 1075
115 563
115 307
115 179
115 1107
115 595
115 339
115 211
115 1123
115 611
115 355
115 227
115 1137
115 625
115 369
115 241
115 121
115 117
116 1140
116 628
116 372
116 244
116 124
116 120
116 1076
116 564
116 308
116 180
116 1108
116 596
116 340
116 212
116 1124
116 612
116 356
116 228
116 1138
116 626
116 370
116 242
116 122
116 118
116 1139
116 627
116 371
116 243
116 123
116 119
117 1141
117 629
117 373
117 245
117 125
117 119
117 118
117 1077
117 565
117 309
117 181
117 1109
117 597
117 341
117 213
117 1125
117 613
117 357
117 229
117 1137
117 625
117 369
117 241
117 121
118 1142
118 630
118 374
118 246
118 126
118 120
118 1078
118 566
118 310
118 182
118 1110
118 598
118 342
118 214
118 1126
118 614
118 358
118 230
118 1138
118 626
118 370
118 242
118 122
118 1141
118 629
118 373
118 245
118 125
118 119
119 1143
119 631
119 375
119 247
119 127
119 120
119 1079
119 567
119 311
119 183
119 1111
119 599
119 343
119 215
119 1127
119 615
119 359
119 231
119 1139
119 627
119 371
119 243
119 123
119 1141
119 629
119 373
119 245
119 125
120 1144
120 632
120 376
120 248
120 128
120 1080
120 568
120 312
120 184
120 1112
120 600
120 344
120 216
120 1128
120 616
120 360
120 232
120 1140
120 628
120 372
120 244
120 124
120 1142
120 630
120 374
120 246
120 126
120 1143
120 631
120 375
120 247
120 127
121 1145
121 633
121 377
121 249
121 125
121 123
121 122
121 1081
121 569
121 313
121 185
121 1113
121 601
121 345
121 217
121 1129
121 617
121 361
121 233
121 1137
121 625
121 369
121 241
122 1146
122 634
122 378
122 250
122 126
122 124
122 1082
122 570
122 314
122 186
122 1114
122 602
122 346
122 218
122 1130
122 618
122 362
122 234
122 1138
122 626
122 370
122 242
122 1145
122 633
122 377
122 249
122 125
122 123
123 1147
123 635
123 379
123 251
123 127
123 124
123 1083
123 571
123 315
123 187
123 1115
123 603
123 347
123 219
123 1131
123 619
123 363
123 235
123 1139
123 627
123 371
123 243
123 1145
123 633
123 377
123 249
123 125
124 1148
124 636
124 380
124 252
124 128
124 1084
124 572
124 316
124 188
124 1116
124 604
124 348
124 220
124 1132
124 620
124 364
124 236
124 1140
124 628
124 372
124 244
124 1146
124 634
124 378
124 250
124 126
124 1147
124 635
124 379
124 251
124 127
125 1149
125 637
125 381
125 253
125 127
125 126
125 1085
125 573
125 317
125 189
125 1117
125 605
125 349
125 221
125 1133
125 621
125 365
125 237
125 1141
125 629
125 373
125 245
125 1145
125 633
125 377
125 249
126 1150
126 638
126 382
126 254
126 128
126 1086
126 574
126 318
126 190
126 1118
126 606
126 350
126 222
126 1134
126 622
126 366
126 238
126 1142
126 630
126 374
126 246
126 1146
126 634
126 378
126 250
126 1149
126 637
126 381
126 253
126 127
127 1151
127 639
127 383
127 255
127 128
127 1087
127 575
127 319
127 191
127 1119
127 607
127 351
127 223
127 1135
127 623
127 367
127 239
127 1143
127 631
127 375
127 247
127 1147
127 635
127 379
127 251
127 1149
127 637
127 381
127 253
128 1152
128 640
128 384
128 256
128 1088
128 576
128 320
128 192
128 1120
128 608
128 352
128 224
128 1136
128 624
128 368
128 240
128 1144
128 632
128 376
128 248
128 1148
128 636
128 380
128 252
128 1150
128 638
128 382
128 254
128 1151
128 639
128 383
128 255
129 1153
129 641
129 385
129 193
129 161
129 145
129 137
129 133
129 131
129 130
129 1025
129 513
129 257
130 1154
130 642
130 386
130 194
130 162
130 146
130 138
130 134
130 132
130 1026
130 514
130 258
130 1153
130 641
130 385
130 193
130 161
130 145
130 137
130 133
130 131
131 1155
131 643
131 387
131 195
131 163
131 147
131 139
131 135
131 132
131 1027
131 515
131 259
131 1153
131 641
131 385
131 193
131 161
131 145
131 137
131 133
132 1156
132 644
132 388
132 196
132 164
132 148
132 140
132 136
132 1028
132 516
132 260
132 1154
132 642
132 386
132 194
132 162
132 146
132 138
132 134
132 1155
132 643
132 387
132 195
132 163
132 147
132 139
132 135
133 1157
133 645
133 389
133 197
133 165
133 149
133 141
133 135
133 134
133 1029
133 517
133 261
133 1153
133 641
133 385
133 193
133 161
133 145
133 137
134 1158
134 646
134 390
134 198
134 166
134 150
134 142
134 136
134 1030
134 518
134 262
134 1154
134 642
134 386
134 194
134 162
134 146
134 138
134 1157
134 645
134 389
134 197
134 165
134 149
134 141
134 135
135 1159
135 647
135 391
135 199
135 167
135 151
135 143
135 136
135 1031
135 519
135 263
135 1155
135 643
135 387
135 195
135 163
135 147
135 139
135 1157
135 645
135 389
135 197
135 165
135 149
135 141
136 1160
136 648
136 392
136 200
136 168
136 152
136 144
136 1032
136 520
136 264
136 1156
136 644
136 388
136 196
136 164
136 148
136 140
136 1158
136 646
136 390
136 198
136 166
136 150
136 142
136 1159
136 647
136 391
136 199
136 167
136 151
136 143
137 1161
137 649
137 393
137 201
137 169
137 153
137 141
137 139
137 138
137 1033
137 521
137 265
137 1153
137 641
137 385
137 193
137 161
137 145
138 1162
138 650
138 394
138 202
138 170
138 154
138 142
138 140
138 1034
138 522
138 266
138 1154
138 642
138 386
138 194
138 162
138 146
138 1161
138 649
138 393
138 201
138 169
138 153
138 141
138 139
139 1163
139 651
139 395
139 203
139 171
139 155
139 143
139 140
139 1035
139 523
139 267
139 1155
139 643
139 387
139 195
139 163
139 147
139 1161
139 649
139 393
139 201
139 169
139 153
139 141
140 1164
140 652
140 396
140 204
140 172
140 156
140 144
140 1036
140 524
140 268
140 1156
140 644
140 388
140 196
140 164
140 148
140 1162
140 650
140 394
140 202
140 170
140 154
140 142
140 1163
140 651
140 395
140 203
140 171
140 155
140 143
141 1165
141 653
141 397
141 205
141 173
141 157
141 143
141 142
141 1037
141 525
141 269
141 1157
141 645
141 389
141 197
141 165
141 149
141 1161
141 649
141 393
141 201
141 169
141 153
142 1166
142 654
142 398
142 206
142 174
142 158
142 144
142 1038
142 526
142 270
142 1158
142 646
142 390
142 198
142 166
142 150
142 1162
142 650
142 394
142 202
142 170
142 154
142 1165
142 653
142 397
142 205
142 173
142 157
142 143
143 1167
143 655
143 399
143 207
143 175
143 159
143 144
143 1039
143 527
143 271
143 1159
143 647
143 391
143 199
143 167
143 151
143 1163
143 651
143 395
143 203
143 171
143 155
143 1165
143 653
143 397
143 205
143 173
143 157
144 1168
144 656
144 400
144 208
144 176
144 160
144 1040
144 528
144 272
144 1160
144 648
144 392
144 200
144 168
144 152
144 1164
144 652
144 396
144 204
144 172
144 156
144 1166
144 654
144 398
144 206
144 174
144 158
144 1167
144 655
144 399
144 207
144 175
144 159
145 1169
145 657
145 401
145 209
145 177
145 153
145 149
145 147
145 146
145 1041
145 529
145 273
145 1153
145 641
145 385
145 193
145 161
146 1170
146 658
146 402
146 210
146 178
146 154
146 150
146 148
146 1042
146 530
146 274
146 1154
146 642
146 386
146 194
146 162
146 1169
146 657
146 401
146 209
146 177
146 153
146 149
146 147
147 1171
147 659
147 403
147 211
147 179
147 155
147 151
147 148
147 1043
147 531
147 275
147 1155
147 643
147 387
147 195
147 163
147 1169
147 657
147 401
147 209
147 177
147 153
147 149
148 1172
148 660
148 404
148 212
148 180
148 156
148 152
148 1044
148 532
148 276
148 1156
148 644
148 388
148 196
148 164
148 1170
148 658
148 402
148 210
148 178
148 154
148 150
148 1171
148 659
148 403
148 211
148 179
148 155
148 151
149 1173
149 661
149 405
149 213
149 181
149 157
149 151
149 150
149 1045
149 533
149 277
149 1157
149 645
149 389
149 197
149 165
149 1169
149 657
149 401
149 209
149 177
149 153
150 1174
150 662
150 406
150 214
150 182
150 158
150 152
150 1046
150 534
150 278
150 1158
150 646
150 390
150 198
150 166
150 1170
150 658
150 402
150 210
150 178
150 154
150 1173
150 661
150 405
150 213
150 181
150 157
150 151
151 1175
151 663
151 407
151 215
151 183
151 159
151 152
151 1047
151 535
151 279
151 1159
151 647
151 391
151 199
151 167
151 1171
151 659
151 403
151 211
151 179
151 155
151 1173
151 661
151 405
151 213
151 181
151 157
152 1176
152 664
152 408
152 216
152 184
152 160
152 1048
152 536
152 280
152 1160
152 648
152 392
152 200
152 168
152 1172
152 660
152 404
152 212
152 180
152 156
152 1174
152 662
152 406
152 214
152 182
152 158
152 1175
152 663
152 407
152 215
152 183
152 159
153 1177
153 665
153 409
153 217
153 185
153 157
153 155
153 154
153 1049
153 537
153 281
153 1161
153 649
153 393
153 201
153 169
153 1169
153 657
153 401
153 209
153 177
154 1178
154 666
154 410
154 218
154 186
154 158
154 156
154 1050
154 538
154 282
154 1162
154 650
154 394
154 202
154 170
154 1170
154 658
154 402
154 210
154 178
154 1177
154 665
154 409
154 217
154 185
154 157
154 155
155 1179
155 667
155 411
155 219
155 187
155 159
155 156
155 1051
155 539
155 283
155 1163
155 651
155 395
155 203
155 171
155 1171
155 659
155 403
155 211
155 179
155 1177
155 665
155 409
155 217
155 185
155 157
156 1180
156 668
156 412
156 220
156 188
156 160
156 1052
156 540
156 284
156 1164
156 652
156 396
156 204
156 172
156 1172
156 660
156 404
156 212
156 180
156 1178
156 666
156 410
156 218
156 186
156 158
156 1179
156 667
156 411
156 219
156 187
156 159
157 1181
157 669
157 413
157 221
157 189
157 159
157 158
157 1053
157 541
157 285
157 1165
157 653
157 397
157 205
157 173
157 1173
157 661
157 405
157 213
157 181
157 1177
157 665
157 409
157 217
157 185
158 1182
158 670
158 414
158 222
158 190
158 160
158 1054
158 542
158 286
158 1166
158 654
158 398
158 206
158 174
158 1174
158 662
158 406
158 214
158 182
158 1178
158 666
158 410
158 218
158 186
158 1181
158 669
158 413
158 221
158 189
158 159
159 1183
159 671
159 415
159 223
159 191
159 160
159 1055
159 543
159 287
159 1167
159 655
159 399
159 207
159 175
159 1175
159 663
159 407
159 215
159 183
159 1179
159 667
159 411
159 219
159 187
159 1181
159 669
159 413
159 221
159 189
160 1184
160 672
160 416
160 224
160 192
160 1056
160 544
160 288
160 1168
160 656
160 400
160 208
160 176
160 1176
160 664
160 408
160 216
160 184
160 1180
160 668
160 412
160 220
160 188
160 1182
160 670
160 414
160 222
160 190
160 1183
160 671
160 415
160 223
160 191
161 1185
161 673
161 417
161 225
161 177
161 169
161 165
161 163
161 162
161 1057
161 545
161 289
161 1153
161 641
161 385
161 193
162 1186
162 674
162 418
162 226
162 178
162 170
162 166
162 164
162 1058
162 546
162 290
162 1154
162 642
162 386
162 194
162 1185
162 673
162 417
162 225
162 177
162 169
162 165
162 163
163 1187
163 675
163 419
163 227
163 179
163 171
163 167
163 164
163 1059
163 547
163 291
163 1155
163 643
163 387
163 195
163 1185
163 673
163 417
163 225
163 177
163 169
163 165
164 1188
164 676
164 420
164 228
164 180
164 172
164 168
164 1060
164 548
164 292
164 1156
164 644
164 388
164 196
164 1186
164 674
164 418
164 226
164 178
164 170
164 166
164 1187
164 675
164 419
164 227
164 179
164 171
164 167
165 1189
165 677
165 421
165 229
165 181
165 173
165 167
165 166
165 1061
165 549
165 293
165 1157
165 645
165 389
165 197
165 1185
165 673
165 417
165 225
165 177
165 169
166 1190
166 678
166 422
166 230
166 182
166 174
166 168
166 1062
166 550
166 294
166 1158
166 646
166 390
166 198
166 1186
166 674
166 418
166 226
166 178
166 170
166 1189
166 677
166 421
166 229
166 181
166 173
166 167
167 1191
167 679
167 423
167 231
167 183
167 175
167 168
167 1063
167 551
167 295
167 1159
167 647
167 391
167 199
167 1187
167 675
167 419
167 227
167 179
167 171
167 1189
167 677
167 421
167 229
167 181
167 173
168 1192
168 680
168 424
168 232
168 184
168 176
168 1064
168 552
168 296
168 1160
168 648
168 392
168 200
168 1188
168 676
168 420
168 228
168 180
168 172
168 1190
168 678
168 422
168 230
168 182
168 174
168 1191
168 679
168 423
168 231
168 183
168 175
169 1193
169 681
169 425
169 233
169 185
169 173
169 171
169 170
169 1065
169 553
169 297
169 1161
169 649
169 393
169 201
169 1185
169 673
169 417
169 225
169 177
170 1194
170 682
170 426
170 234
170 186
170 174
170 172
170 1066
170 554
170 298
170 1162
170 650
170 394
170 202
170 1186
170 674
170 418
170 226
170 178
170 1193
170 681
170 425
170 233
170 185
170 173
170 171
171 1195
171 683
171 427
171 235
171 187
171 175
171 172
171 1067
171 555
171 299
171 1163
171 651
171 395
171 203
171 1187
171 675
171 419
171 227
171 179
171 1193
171 681
171 425
171 233
171 185
171 173
172 1196
172 684
172 428
172 236
172 188
172 176
172 1068
172 556
172 300
172 1164
172 652
172 396
172 204
172 1188
172 676
172 420
172 228
172 180
172 1194
172 682
172 426
172 234
172 186
172 174
172 1195
172 683
172 427
172 235
172 187
172 175
173 1197
173 685
173 429
173 237
173 189
173 175
173 174
173 1069
173 557
173 301
173 1165
173 653
173 397
173 205
173 1189
173 677
173 421
173 229
173 181
173 1193
173 681
173 425
173 233
173 185
174 1198
174 686
174 430
174 238
174 190
174 176
174 1070
174 558
174 302
174 1166
174 654
174 398
174 206
174 1190
174 678
174 422
174 230
174 182
174 1194
174 682
174 426
174 234
174 186
174 1197
174 685
174 429
174 237
174 189
174 175
175 1199
175 687
175 431
175 239
175 191
175 176
175 1071
175 559
175 303
175 1167
175 655
175 399
175 207
175 1191
175 679
175 423
175 231
175 183
175 1195
175 683
175 427
175 235
175 187
175 1197
175 685
175 429
175 237
175 189
176 1200
176 688
176 432
176 240
176 192
176 1072
176 560
176 304
176 1168
176 656
176 400
176 208
176 1192
176 680
176 424
176 232
176 184
176 1196
176 684
176 428
176 236
176 188
176 1198
176 686
176 430
176 238
176 190
176 1199
176 687
176 431
176 239
176 191
177 1201
177 689
177 433
177 241
177 185
177 181
177 179
177 178
177 1073
177 561
177 305
177 1169
177 657
177 401
177 209
177 1185
177 673
177 417
177 225
178 1202
178 690
178 434
178 242
178 186
178 182
178 180
178 1074
178 562
178 306
178 1170
178 658
178 402
178 210
178 1186
178 674
178 418
178 226
178 1201
178 689
178 433
178 241
178 185
178 181
178 179
179 1203
179 691
179 435
179 243
179 187
179 183
179 180
179 1075
179 563
179 307
179 1171
179 659
179 403
179 211
179 1187
179 675
179 419
179 227
179 1201
179 689
179 433
179 241
179 185
179 181
180 1204
180 692
180 436
180 244
180 188
180 184
180 1076
180 564
180 308
180 1172
180 660
180 404
180 212
180 1188
180 676
180 420
180 228
180 1202
180 690
180 434
180 242
180 186
180 182
180 1203
180 691
180 435
180 243
180 187
180 183
181 1205
181 693
181 437
181 245
181 189
181 183
181 182
181 1077
181 565
181 309
181 1173
181 661
181 405
181 213
181 1189
181 677
181 421
181 229
181 1201
181 689
181 433
181 241
181 185
182 1206
182 694
182 438
182 246
182 190
182 184
182 1078
182 566
182 310
182 1174
182 662
182 406
182 214
182 1190
182 678
182 422
182 230
182 1202
182 690
182 434
182 242
182 186
182 1205
182 693
182 437
182 245
182 189
182 183
183 1207
183 695
183 439
183 247
183 191
183 184
183 1079
183 567
183 311
183 1175
183 663
183 407
183 215
183 1191
183 679
183 423
183 231
183 1203
183 691
183 435
183 243
183 187
183 1205
183 693
183 437
183 245
183 189
184 1208
184 696
184 440
184 248
184 192
184 1080
184 568
184 312
184 1176
184 664
184 408
184 216
184 1192
184 680
184 424
184 232
184 1204
184 692
184 436
184 244
184 188
184 1206
184 694
184 438
184 246
184 190
184 1207
184 695
184 439
184 247
184 191
185 1209
185 697
185 441
185 249
185 189
185 187
185 186
185 1081
185 569
185 313
185 1177
185 665
185 409
185 217
185 1193
185 681
185 425
185 233
185 1201
185 689
185 433
185 241
186 1210
186 698
186 442
186 250
186 190
186 188
186 1082
186 570
186 314
186 1178
186 666
186 410
186 218
186 1194
186 682
186 426
186 234
186 1202
186 690
186 434
186 242
186 1209
186 697
186 441
186 249
186 189
186 187
187 1211
187 699
187 443
187 251
187 191
187 188
187 1083
187 571
187 315
187 1179
187 667
187 411
187 219
187 1195
187 683
187 427
187 235
187 1203
187 691
187 435
187 243
187 1209
187 697
187 441
187 249
187 189
188 1212
188 700
188 444
188 252
188 192
188 1084
188 572
188 316
188 1180
188 668
188 412
188 220
188 1196
188 684
188 428
188 236
188 1204
188 692
188 436
188 244
188 1210
188 698
188 442
188 250
188 190
188 1211
188 699
188 443
188 251
188 191
189 1213
189 701
189 445
189 253
189 191
189 190
189 1085
189 573
189 317
189 1181
189 669
189 413
189 221
189 1197
189 685
189 429
189 237
189 1205
189 693
189 437
189 245
189 1209
189 697
189 441
189 249
190 1214
190 702
190 446
190 254
190 192
190 1086
190 574
190 318
190 1182
190 670
190 414
190 222
190 1198
190 686
190 430
190 238
190 1206
190 694
190 438
190 246
190 1210
190 698
190 442
190 250
190 1213
190 701
190 445
190 253
190 191
191 1215
191 703
191 447
191 255
191 192
191 1087
191 575
191 319
191 1183
191 671
191 415
191 223
191 1199
191 687
191 431
191 239
191 1207
191 695
191 439
191 247
191 1211
191 699
191 443
191 251
191 1213
191 701
191 445
191 253
192 1216
192 704
192 448
192 256
192 1088
192 576
192 320
192 1184
192 672
192 416
192 224
192 1200
192 688
192 432
192 240
192 1208
192 696
192 440
192 248
192 1212
192 700
192 444
192 252
192 1214
192 702
192 446
192 254
192 1215
192 703
192 447
192 255
193 1217
193 705
193 449
193 225
193 209
193 201
193 197
193 195
193 194
193 1089
193 577
193 321
193 1153
193 641
193 385
194 1218
194 706
194 450
194 226
194 210
194 202
194 198
194 196
194 1090
194 578
194 322
194 1154
194 642
194 386
194 1217
194 705
194 449
194 225
194 209
194 201
194 197
194 195
195 1219
195 707
195 451
195 227
195 211
195 203
195 199
195 196
195 1091
195 579
195 323
195 1155
195 643
195 387
195 1217
195 705
195 449
195 225
195 209
195 201
195 197
196 1220
196 708
196 452
196 228
196 212
196 204
196 200
196 1092
196 580
196 324
196 1156
196 644
196 388
196 1218
196 706
196 450
196 226
196 210
196 202
196 198
196 1219
196 707
196 451
196 227
196 211
196 203
196 199
197 1221
197 709
197 453
197 229
197 213
197 205
197 199
197 198
197 1093
197 581
197 325
197 1157
197 645
197 389
197 1217
197 705
197 449
197 225
197 209
197 201
198 1222
198 710
198 454
198 230
198 214
198 206
198 200
198 1094
198 582
198 326
198 1158
198 646
198 390
198 1218
198 706
198 450
198 226
198 210
198 202
198 1221
198 709
198 453
198 229
198 213
198 205
198 199
199 1223
199 711
199 455
199 231
199 215
199 207
199 200
199 1095
199 583
199 327
199 1159
199 647
199 391
199 1219
199 707
199 451
199 227
199 211
199 203
199 1221
199 709
199 453
199 229
199 213
199 205
200 1224
200 712
200 456
200 232
200 216
200 208
200 1096
200 584
200 328
200 1160
200 648
200 392
200 1220
200 708
200 452
200 228
200 212
200 204
200 1222
200 710
200 454
200 230
200 214
200 206
200 1223
200 711
200 455
200 231
200 215
200 207
201 1225
201 713
201 457
201 233
201 217
201 205
201 203
201 202
201 1097
201 585
201 329
201 1161
201 649
201 393
201 1217
201 705
201 449
201 225
201 209
202 1226
202 714
202 458
202 234
202 218
202 206
202 204
202 1098
202 586
202 330
202 1162
202 650
202 394
202 1218
202 706
202 450
202 226
202 210
202 1225
202 713
202 457
202 233
202 217
202 205
202 203
203 1227
203 715
203 459
203 235
203 219
203 207
203 204
203 1099
203 587
203 331
203 1163
203 651
203 395
203 1219
203 707
203 451
203 227
203 211
203 1225
203 713
203 457
203 233
203 217
203 205
204 1228
204 716
204 460
204 236
204 220
204 208
204 1100
204 588
204 332
204 1164
204 652
204 396
204 1220
204 708
204 452
204 228
204 212
204 1226
204 714
204 458
204 234
204 218
204 206
204 1227
204 715
204 459
204 235
204 219
204 207
205 1229
205 717
205 461
205 237
205 221
205 207
205 206
205 1101
205 589
205 333
205 1165
205 653
205 397
205 1221
205 709
205 453
205 229
205 213
205 1225
205 713
205 457
205 233
205 217
206 1230
206 718
206 462
206 238
206 222
206 208
206 1102
206 590
206 334
206 1166
206 654
206 398
206 1222
206 710
206 454
206 230
206 214
206 1226
206 714
206 458
206 234
206 218
206 1229
206 717
206 461
206 237
206 221
206 207
207 1231
207 719
207 463
207 239
207 223
207 208
207 1103
207 591
207 335
207 1167
207 655
207 399
207 1223
207 711
207 455
207 231
207 215
207 1227
207 715
207 459
207 235
207 219
207 1229
207 717
207 461
207 237
207 221
208 1232
208 720
208 464
208 240
208 224
208 1104
208 592
208 336
208 1168
208 656
208 400
208 1224
208 712
208 456
208 232
208 216
208 1228
208 716
208 460
208 236
208 220
208 1230
208 718
208 462
208 238
208 222
208 1231
208 719
208 463
208 239
208 223
209 1233
209 721
209 465
209 241
209 217
209 213
209 211
209 210
209 1105
209 593
209 337
209 1169
209 657
209 401
209 1217
209 705
209 449
209 225
210 1234
210 722
210 466
210 242
210 218
210 214
210 212
210 1106
210 594
210 338
210 1170
210 658
210 402
210 1218
210 706
210 450
210 226
210 1233
210 721
210 465
210 241
210 217
210 213
210 211
211 1235
211 723
211 467
211 243
211 219
211 215
211 212
211 1107
211 595
211 339
211 1171
211 659
211 403
211 1219
211 707
211 451
211 227
211 1233
211 721
211 465
211 241
211 217
211 213
212 1236
212 724
212 468
212 244
212 220
212 216
212 1108
212 596
212 340
212 1172
212 660
212 404
212 1220
212 708
212 452
212 228
212 1234
212 722
212 466
212 242
212 218
212 214
212 1235
212 723
212 467
212 243
212 219
212 215
213 1237
213 725
213 469
213 245
213 221
213 215
213 214
213 1109
213 597
213 341
213 1173
213 661
213 405
213 1221
213 709
213 453
213 229
213 1233
213 721
213 465
213 241
213 217
214 1238
214 726
214 470
214 246
214 222
214 216
214 1110
214 598
214 342
214 1174
214 662
214 406
214 1222
214 710
214 454
214 230
214 1234
214 722
214 466
214 242
214 218
214 1237
214 725
214 469
214 245
214 221
214 215
215 1239
215 727
215 471
215 247
215 223
215 216
215 1111
215 599
215 343
215 1175
215 663
215 407
215 1223
215 711
215 455
215 231
215 1235
215 723
215 467
215 243
215 219
215 1237
215 725
215 469
215 245
215 221
216 1240
216 728
216 472
216 248
216 224
216 1112
216 600
216 344
216 1176
216 664
216 408
216 1224
216 712
216 456
216 232
216 1236
216 724
216 468
216 244
216 220
216 1238
216 726
216 470
216 246
216 222
216 1239
216 727
216 471
216 247
216 223
217 1241
217 729
217 473
217 249
217 221
217 219
217 218
217 1113
217 601
217 345
217 1177
217 665
217 409
217 1225
217 713
217 457
217 233
217 1233
217 721
217 465
217 241
218 1242
218 730
218 474
218 250
218 222
218 220
218 1114
218 602
218 346
218 1178
218 666
218 410
218 1226
218 714
218 458
218 234
218 1234
218 722
218 466
218 242
218 1241
218 729
218 473
218 249
218 221
218 219
219 1243
219 731
219 475
219 251
219 223
219 220
219 1115
219 603
219 347
219 1179
219 667
219 411
219 1227
219 715
219 459
219 235
219 1235
219 723
219 467
219 243
219 1241
219 729
219 473
219 249
219 221
220 1244
220 732
220 476
220 252
220 224
220 1116
220 604
220 348
220 1180
220 668
220 412
220 1228
220 716
220 460
220 236
220 1236
220 724
220 468
220 244
220 1242
220 730
220 474
220 250
220 222
220 1243
220 731
220 475
220 251
220 223
221 1245
221 733
221 477
221 253
221 223
221 222
221 1117
221 605
221 349
221 1181
221 669
221 413
221 1229
221 717
221 461
221 237
221 1237
221 725
221 469
221 245
221 1241
221 729
221 473
221 249
222 1246
222 734
222 478
222 254
222 224
222 1118
222 606
222 350
222 1182
222 670
222 414
222 1230
222 718
222 462
222 238
222 1238
222 726
222 470
222 246
222 1242
222 730
222 474
222 250
222 1245
222 733
222 477
222 253
222 223
223 1247
223 735
223 479
223 255
223 224
223 1119
223 607
223 351
223 1183
223 671
223 415
223 1231
223 719
223 463
223 239
223 1239
223 727
223 471
223 247
223 1243
223 731
223 475
223 251
223 1245
223 733
223 477
223 253
224 1248
224 736
224 480
224 256
224 1120
224 608
224 352
224 1184
224 672
224 416
224 1232
224 720
224 464
224 240
224 1240
224 728
224 472
224 248
224 1244
224 732
224 476
224 252
224 1246
224 734
224 478
224 254
224 1247
224 735
224 479
224 255
225 1249
225 737
225 481
225 241
225 233
225 229
225 227
225 226
225 1121
225 609
225 353
225 1185
225 673
225 417
225 1217
225 705
225 449
226 1250
226 738
226 482
226 242
226 234
226 230
226 228
226 1122
226 610
226 354
226 1186
226 674
226 418
226 1218
226 706
226 450
226 1249
226 737
226 481
226 241
226 233
226 229
226 227
227 1251
227 739
227 483
227 243
227 235
227 231
227 228
227 1123
227 611
227 355
227 1187
227 675
227 419
227 1219
227 707
227 451
227 1249
227 737
227 481
227 241
227 233
227 229
228 1252
228 740
228 484
228 244
228 236
228 232
228 1124
228 612
228 356
228 1188
228 676
228 420
228 1220
228 708
228 452
228 1250
228 738
228 482
228 242
228 234
228 230
228 1251
228 739
228 483
228 243
228 235
228 231
229 1253
229 741
229 485
229 245
229 237
229 231
229 230
229 1125
229 613
229 357
229 1189
229 677
229 421
229 1221
229 709
229 453
229 1249
229 737
229 481
229 241
229 233
230 1254
230 742
230 486
230 246
230 238
230 232
230 1126
230 614
230 358
230 1190
230 678
230 422
230 1222
230 710
230 454
230 1250
230 738
230 482
230 242
230 234
230 1253
230 741
230 485
230 245
230 237
230 231
231 1255
231 743
231 487
231 247
231 239
231 232
231 1127
231 615
231 359
231 1191
231 679
231 423
231 1223
231 711
231 455
231 1251
231 739
231 483
231 243
231 235
231 1253
231 741
231 485
231 245
231 237
232 1256
232 744
232 488
232 248
232 240
232 1128
232 616
232 360
232 1192
232 680
232 424
232 1224
232 712
232 456
232 1252
232 740
232 484
232 244
232 236
232 1254
232 742
232 486
232 246
232 238
232 1255
232 743
232 487
232 247
232 239
233 1257
233 745
233 489
233 249
233 237
233 235
233 234
233 1129
233 617
233 361
233 1193
233 681
233 425
233 1225
233 713
233 457
233 1249
233 737
233 481
233 241
234 1258
234 746
234 490
234 250
234 238
234 236
234 1130
234 618
234 362
234 1194
234 682
234 426
234 1226
234 714
234 458
234 1250
234 738
234 482
234 242
234 1257
234 745
234 489
234 249
234 237
234 235
235 1259
235 747
235 491
235 251
235 239
235 236
235 1131
235 619
235 363
235 1195
235 683
235 427
235 1227
235 715
235 459
235 1251
235 739
235 483
235 243
235 1257
235 745
235 489
235 249
235 237
236 1260
236 748
236 492
236 252
236 240
236 1132
236 620
236 364
236 1196
236 684
236 428
236 1228
236 716
236 460
236 1252
236 740
236 484
236 244
236 1258
236 746
236 490
236 250
236 238
236 1259
236 747
236 491
236 251
236 239
237 1261
237 749
237 493
237 253
237 239
237 238
237 1133
237 621
237 365
237 1197
237 685
237 429
237 1229
237 717
237 461
237 1253
237 741
237 485
237 245
237 1257
237 745
237 489
237 249
238 1262
238 750
238 494
238 254
238 240
238 1134
238 622
238 366
238 1198
238 686
238 430
238 1230
238 718
238 462
238 1254
238 742
238 486
238 246
238 1258
238 746
238 490
238 250
238 1261
238 749
238 493
238 253
238 239
239 1263
239 751
239 495
239 255
239 240
239 1135
239 623
239 367
239 1199
239 687
239 431
239 1231
239 719
239 463
239 1255
239 743
239 487
239 247
239 1259
239 747
239 491
239 251
239 1261
239 749
239 493
239 253
240 1264
240 752
240 496
240 256
240 1136
240 624
240 368
240 1200
240 688
240 432
240 1232
240 720
240 464
240 1256
240 744
240 488
240 248
240 1260
240 748
240 492
240 252
240 1262
240 750
240 494
240 254
240 1263
240 751
240 495
240 255
241 1265
241 753
241 497
241 249
241 245
241 243
241 242
241 1137
241 625
241 369
241 1201
241 689
241 433
241 1233
241 721
241 465
241 1249
241 737
241 481
242 1266
242 754
242 498
242 250
242 246
242 244
242 1138
242 626
242 370
242 1202
242 690
242 434
242 1234
242 722
242 466
242 1250
242 738
242 482
242 1265
242 753
242 497
242 249
242 245
242 243
243 1267
243 755
243 499
243 251
243 247
243 244
243 1139
243 627
243 371
243 1203
243 691
243 435
243 1235
243 723
243 467
243 1251
243 739
243 483
243 1265
243 753
243 497
243 249
243 245
244 1268
244 756
244 500
244 252
244 248
244 1140
244 628
244 372
244 1204
244 692
244 436
244 1236
244 724
244 468
244 1252
244 740
244 484
244 1266
244 754
244 498
244 250
244 246
244 1267
244 755
244 499
244 251
244 247
245 1269
245 757
245 501
245 253
245 247
245 246
245 1141
245 629
245 373
245 1205
245 693
245 437
245 1237
245 725
245 469
245 1253
245 741
245 485
245 1265
245 753
245 497
245 249
246 1270
246 758
246 502
246 254
246 248
246 1142
246 630
246 374
246 1206
246 694
246 438
246 1238
246 726
246 470
246 1254
246 742
246 486
246 1266
246 754
246 498
246 250
246 1269
246 757
246 501
246 253
246 247
247 1271
247 759
247 503
247 255
247 248
247 1143
247 631
247 375
247 1207
247 695
247 439
247 1239
247 727
247 471
247 1255
247 743
247 487
247 1267
247 755
247 499
247 251
247 1269
247 757
247 501
247 253
248 1272
248 760
248 504
248 256
248 1144
248 632
248 376
248 1208
248 696
248 440
248 1240
248 728
248 472
248 1256
248 744
248 488
248 1268
248 756
248 500
248 252
248 1270
248 758
248 502
248 254
248 1271
248 759
248 503
248 255
249 1273
249 761
249 505
249 253
249 251
249 250
249 1145
249 633
249 377
249 1209
249 697
249 441
249 1241
249 729
249 473
249 1257
249 745
249 489
249 1265
249 753
249 497
250 1274
250 762
250 506
250 254
250 252
250 1146
250 634
250 378
250 1210
250 698
250 442
250 1242
250 730
250 474
250 1258
250 746
250 490
250 1266
250 754
250 498
250 1273
250 761
250 505
250 253
250 251
251 1275
251 763
251 507
251 255
251 252
251 1147
251 635
251 379
251 1211
251 699
251 443
251 1243
251 731
251 475
251 1259
251 747
251 491
251 1267
251 755
251 499
251 1273
251 761
251 505
251 253
252 1276
252 764
252 508
252 256
252 1148
252 636
252 380
252 1212
252 700
252 444
252 1244
252 732
252 476
252 1260
252 748
252 492
252 1268
252 756
252 500
252 1274
252 762
252 506
252 254
252 1275
252 763
252 507
252 255
253 1277
253 765
253 509
253 255
253 254
253 1149
253 637
253 381
253 1213
253 701
253 445
253 1245
253 733
253 477
253 1261
253 749
253 493
253 1269
253 757
253 501
253 1273
253 761
253 505
254 1278
254 766
254 510
254 256
254 1150
254 638
254 382
254 1214
254 702
254 446
254 1246
254 734
254 478
254 1262
254 750
254 494
254 1270
254 758
254 502
254 1274
254 762
254 506
254 1277
254 765
254 509
254 255
255 1279
255 767
255 511
255 256
255 1151
255 639
255 383
255 1215
255 703
255 447
255 1247
255 735
255 479
255 1263
255 751
255 495
255 1271
255 759
255 503
255 1275
255 763
255 507
255 1277
255 765
255 509
256 1280
256 768
256 512
256 1152
256 640
256 384
256 1216
256 704
256 448
256 1248
256 736
256 480
256 1264
256 752
256 496
256 1272
256 760
256 504
256 1276
256 764
256 508
256 1278
256 766
256 510
256 1279
256 767
256 511
257 1281
257 769
257 385
257 321
257 289
257 273
257 265
257 261
257 259
257 258
257 1025
257 513
258 1282
258 770
258 386
258 322
258 290
258 274
258 266
258 262
258 260
258 1026
258 514
258 1281
258 769
258 385
258 321
258 289
258 273
258 265
258 261
258 259
259 1283
259 771
259 387
259 323
259 291
259 275
259 267
259 263
259 260
259 1027
259 515
259 1281
259 769
259 385
259 321
259 289
259 273
259 265
259 261
260 1284
260 772
260 388
260 324
260 292
260 276
260 268
260 264
260 1028
260 516
260 1282
260 770
260 386
260 322
260 290
260 274
260 266
260 262
260 1283
260 771
260 387
260 323
260 291
260 275
260 267
260 263
261 1285
261 773
261 389
261 325
261 293
261 277
261 269
261 263
261 262
261 1029
261 517
261 1281
261 769
261 385
261 321
261 289
261 273
261 265
262 1286
262 774
262 390
262 326
262 294
262 278
262 270
262 264
262 1030
262 518
262 1282
262 770
262 386
262 322
262 290
262 274
262 266
262 1285
262 773
262 389
262 325
262 293
262 277
262 269
262 263
263 1287
263 775
263 391
263 327
263 295
263 279
263 271
263 264
263 1031
263 519
263 1283
263 771
263 387
263 323
263 291
263 275
263 267
263 1285
263 773
263 389
263 325
263 293
263 277
263 269
264 1288
264 776
264 392
264 328
264 296
264 280
264 272
264 1032
264 520
264 1284
264 772
264 388
264 324
264 292
264 276
264 268
264 1286
264 774
264 390
264 326
264 294
264 278
264 270
264 1287
264 775
264 391
264 327
264 295
264 279
264 271
265 1289
265 777
265 393
265 329
265 297
265 281
265 269
265 267
265 266
265 1033
265 521
265 1281
265 769
265 385
265 321
265 289
265 273
266 1290
266 778
266 394
266 330
266 298
266 282
266 270
266 268
266 1034
266 522
266 1282
266 770
266 386
266 322
266 290
266 274
266 1289
266 777
266 393
266 329
266 297
266 281
266 269
266 267
267 1291
267 779
267 395
267 331
267 299
267 283
267 271
267 268
267 1035
267 523
267 1283
267 771
267 387
267 323
267 291
267 275
267 1289
267 777
267 393
267 329
267 297
267 281
267 269
268 1292
268 780
268 396
268 332
268 300
268 284
268 272
268 1036
268 524
268 1284
268 772
268 388
268 324
268 292
268 276
268 1290
268 778
268 394
268 330
268 298
268 282
268 270
268 1291
268 779
268 395
268 331
268 299
268 283
268 271
269 1293
269 781
269 397
269 333
269 301
269 285
269 271
269 270
269 1037
269 525
269 1285
269 773
269 389
269 325
269 293
269 277
269 1289
269 777
269 393
269 329
269 297
269 281
270 1294
270 782
270 398
270 334
270 302
270 286
270 272
270 1038
270 526
270 1286
270 774
270 390
270 326
270 294
270 278
270 1290
270 778
270 394
270 330
270 298
270 282
270 1293
270 781
270 397
270 333
270 301
270 285
270 271
271 1295
271 783
271 399
271 335
271 303
271 287
271 272
271 1039
271 527
271 1287
271 775
271 391
271 327
271 295
271 279
271 1291
271 779
271 395
271 331
271 299
271 283
271 1293
271 781
271 397
271 333
271 301
271 285
272 1296
272 784
272 400
272 336
272 304
272 288
272 1040
272 528
272 1288
272 776
272 392
272 328
272 296
272 280
272 1292
272 780
272 396
272 332
272 300
272 284
272 1294
272 782
272 398
272 334
272 302
272 286
272 1295
272 783
272 399
272 335
272 303
272 287
273 1297
273 785
273 401
273 337
273 305
273 281
273 277
273 275
273 274
273 1041
273 529
273 1281
273 769
273 385
273 321
273 289
274 1298
274 786
274 402
274 338
274 306
274 282
274 278
274 276
274 1042
274 530
274 1282
274 770
274 386
274 322
274 290
274 1297
274 785
274 401
274 337
274 305
274 281
274 277
274 275
275 1299
275 787
275 403
275 339
275 307
275 283
275 279
275 276
275 1043
275 531
275 1283
275 771
275 387
275 323
275 291
275 1297
275 785
275 401
275 337
275 305
275 281
275 277
276 1300
276 788
276 404
276 340
276 308
276 284
276 280
276 1044
276 532
276 1284
276 772
276 388
276 324
276 292
276 1298
276 786
276 402
276 338
276 306
276 282
276 278
276 1299
276 787
276 403
276 339
276 307
276 283
276 279
277 1301
277 789
277 405
277 341
277 309
277 285
277 279
277 278
277 1045
277 533
277 1285
277 773
277 389
277 325
277 293
277 1297
277 785
277 401
277 337
277 305
277 281
278 1302
278 790
278 406
278 342
278 310
278 286
278 280
278 1046
278 534
278 1286
278 774
278 390
278 326
278 294
278 1298
278 786
278 402
278 338
278 306
278 282
278 1301
278 789
278 405
278 341
278 309
278 285
278 279
279 1303
279 791
279 407
279 343
279 311
279 287
279 280
279 1047
279 535
279 1287
279 775
279 391
279 327
279 295
279 1299
279 787
279 403
279 339
279 307
279 283
279 1301
279 789
279 405
279 341
279 309
279 285
280 1304
280 792
280 408
280 344
280 312
280 288
280 1048
280 536
280 1288
280 776
280 392
280 328
280 296
280 1300
280 788
280 404
280 340
280 308
280 284
280 1302
280 790
280 406
280 342
280 310
280 286
280 1303
280 791
280 407
280 343
280 311
280 287
281 1305
281 793
281 409
281 345
281 313
281 285
281 283
281 282
281 1049
281 537
281 1289
281 777
281 393
281 329
281 297
281 1297
281 785
281 401
281 337
281 305
282 1306
282 794
282 410
282 346
282 314
282 286
282 284
282 1050
282 538
282 1290
282 778
282 394
282 330
282 298
282 1298
282 786
282 402
282 338
282 306
282 1305
282 793
282 409
282 345
282 313
282 285
282 283
283 1307
283 795
283 411
283 347
283 315
283 287
283 284
283 1051
283 539
283 1291
283 779
283 395
283 331
283 299
283 1299
283 787
283 403
283 339
283 307
283 1305
283 793
283 409
283 345
283 313
283 285
284 1308
284 796
284 412
284 348
284 316
284 288
284 1052
284 540
284 1292
284 780
284 396
284 332
284 300
284 1300
284 788
284 404
284 340
284 308
284 1306
284 794
284 410
284 346
284 314
284 286
284 1307
284 795
284 411
284 347
284 315
284 287
285 1309
285 797
285 413
285 349
285 317
285 287
285 286
285 1053
285 541
285 1293
285 781
285 397
285 333
285 301
285 1301
285 789
285 405
285 341
285 309
285 1305
285 793
285 409
285 345
285 313
286 1310
286 798
286 414
286 350
286 318
286 288
286 1054
286 542
286 1294
286 782
286 398
286 334
286 302
286 1302
286 790
286 406
286 342
286 310
286 1306
286 794
286 410
286 346
286 314
286 1309
286 797
286 413
286 349
286 317
286 287
287 1311
287 799
287 415
287 351
287 319
287 288
287 1055
287 543
287 1295
287 783
287 399
287 335
287 303
287 1303
287 791
287 407
287 343
287 311
287 1307
287 795
287 411
287 347
287 315
287 1309
287 797
287 413
287 349
287 317
288 1312
288 800
288 416
288 352
288 320
288 1056
288 544
288 1296
288 784
288 400
288 336
288 304
288 1304
288 792
288 408
288 344
288 312
288 1308
288 796
288 412
288 348
288 316
288 1310
288 798
288 414
288 350
288 318
288 1311
288 799
288 415
288 351
288 319
289 1313
289 801
289 417
289 353
289 305
289 297
289 293
289 291
289 290
289 1057
289 545
289 1281
289 769
289 385
289 321
290 1314
290 802
290 418
290 354
290 306
290 298
290 294
290 292
290 1058
290 546
290 1282
290 770
290 386
290 322
290 1313
290 801
290 417
290 353
290 305
290 297
290 293
290 291
291 1315
291 803
291 419
291 355
291 307
291 299
291 295
291 292
291 1059
291 547
291 1283
291 771
291 387
291 323
291 1313
291 801
291 417
291 353
291 305
291 297
291 293
292 1316
292 804
292 420
292 356
292 308
292 300
292 296
292 1060
292 548
292 1284
292 772
292 388
292 324
292 1314
292 802
292 418
292 354
292 306
292 298
292 294
292 1315
292 803
292 419
292 355
292 307
292 299
292 295
293 1317
293 805
293 421
293 357
293 309
293 301
293 295
293 294
293 1061
293 549
293 1285
293 773
293 389
293 325
293 1313
293 801
293 417
293 353
293 305
293 297
294 1318
294 806
294 422
294 358
294 310
294 302
294 296
294 1062
294 550
294 1286
294 774
294 390
294 326
294 1314
294 802
294 418
294 354
294 306
294 298
294 1317
294 805
294 421
294 357
294 309
294 301
294 295
295 1319
295 807
295 423
295 359
295 311
295 303
295 296
295 1063
295 551
295 1287
295 775
295 391
295 327
295 1315
295 803
295 419
295 355
295 307
295 299
295 1317
295 805
295 421
295 357
295 309
295 301
296 1320
296 808
296 424
296 360
296 312
296 304
296 1064
296 552
296 1288
296 776
296 392
296 328
296 1316
296 804
296 420
296 356
296 308
296 300
296 1318
296 806
296 422
296 358
296 310
296 302
296 1319
296 807
296 423
296 359
296 311
296 303
297 1321
297 809
297 425
297 361
297 313
297 301
297 299
297 298
297 1065
297 553
297 1289
297 777
297 393
297 329
297 1313
297 801
297 417
297 353
297 305
298 1322
298 810
298 426
298 362
298 314
298 302
298 300
298 1066
298 554
298 1290
298 778
298 394
298 330
298 1314
298 802
298 418
298 354
298 306
298 1321
298 809
298 425
298 361
298 313
298 301
298 299
299 1323
299 811
299 427
299 363
299 315
299 303
299 300
299 1067
299 555
299 1291
299 779
299 395
299 331
299 1315
299 803
299 419
299 355
299 307
299 1321
299 809
299 425
299 361
299 313
299 301
300 1324
300 812
300 428
300 364
300 316
300 304
300 1068
300 556
300 1292
300 780
300 396
300 332
300 1316
300 804
300 420
300 356
300 308
300 1322
300 810
300 426
300 362
300 314
300 302
300 1323
300 811
300 427
300 363
300 315
300 303
301 1325
301 813
301 429
301 365
301 317
301 303
301 302
301 1069
301 557
301 1293
301 781
301 397
301 333
301 1317
301 805
301 421
301 357
301 309
301 1321
301 809
301 425
301 361
301 313
302 1326
302 814
302 430
302 366
302 318
302 304
302 1070
302 558
302 1294
302 782
302 398
302 334
302 1318
302 806
302 422
302 358
302 310
302 1322
302 810
302 426
302 362
302 314
302 1325
302 813
302 429
302 365
302 317
302 303
303 1327
303 815
303 431
303 367
303 319
303 304
303 1071
303 559
303 1295
303 783
303 399
303 335
303 1319
303 807
303 423
303 359
303 311
303 1323
303 811
303 427
303 363
303 315
303 1325
303 813
303 429
303 365
303 317
304 1328
304 816
304 432
304 368
304 320
304 1072
304 560
304 1296
304 784
304 400
304 336
304 1320
304 808
304 424
304 360
304 312
304 1324
304 812
304 428
304 364
304 316
304 1326
304 814
304 430
304 366
304 318
304 1327
304 815
304 431
304 367
304 319
305 1329
305 817
305 433
305 369
305 313
305 309
305 307
305 306
305 1073
305 561
305 1297
305 785
305 401
305 337
305 1313
305 801
305 417
305 353
306 1330
306 818
306 434
306 370
306 314
306 310
306 308
306 1074
306 562
306 1298
306 786
306 402
306 338
306 1314
306 802
306 418
306 354
306 1329
306 817
306 433
306 369
306 313
306 309
306 307
307 1331
307 819
307 435
307 371
307 315
307 311
307 308
307 1075
307 563
307 1299
307 787
307 403
307 339
307 1315
307 803
307 419
307 355
307 1329
307 817
307 433
307 369
307 313
307 309
308 1332
308 820
308 436
308 372
308 316
308 312
308 1076
308 564
308 1300
308 788
308 404
308 340
308 1316
308 804
308 420
308 356
308 1330
308 818
308 434
308 370
308 314
308 310
308 1331
308 819
308 435
308 371
308 315
308 311
309 1333
309 821
309 437
309 373
309 317
309 311
309 310
309 1077
309 565
309 1301
309 789
309 405
309 341
309 1317
309 805
309 421
309 357
309 1329
309 817
309 433
309 369
309 313
310 1334
310 822
310 438
310 374
310 318
310 312
310 1078
310 566
310 1302
310 790
310 406
310 342
310 1318
310 806
310 422
310 358
310 1330
310 818
310 434
310 370
310 314
310 1333
310 821
310 437
310 373
310 317
310 311
311 1335
311 823
311 439
311 375
311 319
311 312
311 1079
311 567
311 1303
311 791
311 407
311 343
311 1319
311 807
311 423
311 359
311 1331
311 819
311 435
311 371
311 315
311 1333
311 821
311 437
311 373
311 317
312 1336
312 824
312 440
312 376
312 320
312 1080
312 568
312 1304
312 792
312 408
312 344
312 1320
312 808
312 424
312 360
312 1332
312 820
312 436
312 372
312 316
312 1334
312 822
312 438
312 374
312 318
312 1335
312 823
312 439
312 375
312 319
313 1337
313 825
313 441
313 377
313 317
313 315
313 314
313 1081
313 569
313 1305
313 793
313 409
313 345
313 1321
313 809
313 425
313 361
313 1329
313 817
313 433
313 369
314 1338
314 826
314 442
314 378
314 318
314 316
314 1082
314 570
314 1306
314 794
314 410
314 346
314 1322
314 810
314 426
314 362
314 1330
314 818
314 434
314 370
314 1337
314 825
314 441
314 377
314 317
314 315
315 1339
315 827
315 443
315 379
315 319
315 316
315 1083
315 571
315 1307
315 795
315 411
315 347
315 1323
315 811
315 427
315 363
315 1331
315 819
315 435
315 371
315 1337
315 825
315 441
315 377
315 317
316 1340
316 828
316 444
316 380
316 320
316 1084
316 572
316 1308
316 796
316 412
316 348
316 1324
316 812
316 428
316 364
316 1332
316 820
316 436
316 372
316 1338
316 826
316 442
316 378
316 318
316 1339
316 827
316 443
316 379
316 319
317 1341
317 829
317 445
317 381
317 319
317 318
317 1085
317 573
317 1309
317 797
317 413
317 349
317 1325
317 813
317 429
317 365
317 1333
317 821
317 437
317 373
317 1337
317 825
317 441
317 377
318 1342
318 830
318 446
318 382
318 320
318 1086
318 574
318 1310
318 798
318 414
318 350
318 1326
318 814
318 430
318 366
318 1334
318 822
318 438
318 374
318 1338
318 826
318 442
318 378
318 1341
318 829
318 445
318 381
318 319
319 1343
319 831
319 447
319 383
319 320
319 1087
319 575
319 1311
319 799
319 415
319 351
319 1327
319 815
319 431
319 367
319 1335
319 823
319 439
319 375
319 1339
319 827
319 443
319 379
319 1341
319 829
319 445
319 381
320 1344
320 832
320 448
320 384
320 1088
320 576
320 1312
320 800
320 416
320 352
320 1328
320 816
320 432
320 368
320 1336
320 824
320 440
320 376
320 1340
320 828
320 444
320 380
320 1342
320 830
320 446
320 382
320 1343
320 831
320 447
320 383
321 1345
321 833
321 449
321 353
321 337
321 329
321 325
321 323
321 322
321 1089
321 577
321 1281
321 769
321 385
322 1346
322 834
322 450
322 354
322 338
322 330
322 326
322 324
322 1090
322 578
322 1282
322 770
322 386
322 1345
322 833
322 449
322 353
322 337
322 329
322 325
322 323
323 1347
323 835
323 451
323 355
323 339
323 331
323 327
323 324
323 1091
323 579
323 1283
323 771
323 387
323 1345
323 833
323 449
323 353
323 337
323 329
323 325
324 1348
324 836
324 452
324 356
324 340
324 332
324 328
324 1092
324 580
324 1284
324 772
324 388
324 1346
324 834
324 450
324 354
324 338
324 330
324 326
324 1347
324 835
324 451
324 355
324 339
324 331
324 327
325 1349
325 837
325 453
325 357
325 341
325 333
325 327
325 326
325 1093
325 581
325 1285
325 773
325 389
325 1345
325 833
325 449
325 353
325 337
325 329
326 1350
326 838
326 454
326 358
326 342
326 334
326 328
326 1094
326 582
326 1286
326 774
326 390
326 1346
326 834
326 450
326 354
326 338
326 330
326 1349
326 837
326 453
326 357
326 341
326 333
326 327
327 1351
327 839
327 455
327 359
327 343
327 335
327 328
327 1095
327 583
327 1287
327 775
327 391
327 1347
327 835
327 451
327 355
327 339
327 331
327 1349
327 837
327 453
327 357
327 341
327 333
328 1352
328 840
328 456
328 360
328 344
328 336
328 1096
328 584
328 1288
328 776
328 392
328 1348
328 836
328 452
328 356
328 340
328 332
328 1350
328 838
328 454
328 358
328 342
328 334
328 1351
328 839
328 455
328 359
328 343
328 335
329 1353
329 841
329 457
329 361
329 345
329 333
329 331
329 330
329 1097
329 585
329 1289
329 777
329 393
329 1345
329 833
329 449
329 353
329 337
330 1354
330 842
330 458
330 362
330 346
330 334
330 332
330 1098
330 586
330 1290
330 778
330 394
330 1346
330 834
330 450
330 354
330 338
330 1353
330 841
330 457
330 361
330 345
330 333
330 331
331 1355
331 843
331 459
331 363
331 347
331 335
331 332
331 1099
331 587
331 1291
331 779
331 395
331 1347
331 835
331 451
331 355
331 339
331 1353
331 841
331 457
331 361
331 345
331 333
332 1356
332 844
332 460
332 364
332 348
332 336
332 1100
332 588
332 1292
332 780
332 396
332 1348
332 836
332 452
332 356
332 340
332 1354
332 842
332 458
332 362
332 346
332 334
332 1355
332 843
332 459
332 363
332 347
332 335
333 1357
333 845
333 461
333 365
333 349
333 335
333 334
333 1101
333 589
333 1293
333 781
333 397
333 1349
333 837
333 453
333 357
333 341
333 1353
333 841
333 457
333 361
333 345
334 1358
334 846
334 462
334 366
334 350
334 336
334 1102
334 590
334 1294
334 782
334 398
334 1350
334 838
334 454
334 358
334 342
334 1354
334 842
334 458
334 362
334 346
334 1357
334 845
334 461
334 365
334 349
334 335
335 1359
335 847
335 463
335 367
335 351
335 336
335 1103
335 591
335 1295
335 783
335 399
335 1351
335 839
335 455
335 359
335 343
335 1355
335 843
335 459
335 363
335 347
335 1357
335 845
335 461
335 365
335 349
336 1360
336 848
336 464
336 368
336 352
336 1104
336 592
336 1296
336 784
336 400
336 1352
336 840
336 456
336 360
336 344
336 1356
336 844
336 460
336 364
336 348
336 1358
336 846
336 462
336 366
336 350
336 1359
336 847
336 463
336 367
336 351
337 1361
337 849
337 465
337 369
337 345
337 341
337 339
337 338
337 1105
337 593
337 1297
337 785
337 401
337 1345
337 833
337 449
337 353
338 1362
338 850
338 466
338 370
338 346
338 342
338 340
338 1106
338 594
338 1298
338 786
338 402
338 1346
338 834
338 450
338 354
338 1361
338 849
338 465
338 369
338 345
338 341
338 339
339 1363
339 851
339 467
339 371
339 347
339 343
339 340
339 1107
339 595
339 1299
339 787
339 403
339 1347
339 835
339 451
339 355
339 1361
339 849
339 465
339 369
339 345
339 341
340 1364
340 852
340 468
340 372
340 348
340 344
340 1108
340 596
340 1300
340 788
340 404
340 1348
340 836
340 452
340 356
340 1362
340 850
340 466
340 370
340 346
340 342
340 1363
340 851
340 467
340 371
340 347
340 343
341 1365
341 853
341 469
341 373
341 349
341 343
341 342
341 1109
341 597
341 1301
341 789
341 405
341 1349
341 837
341 453
341 357
341 1361
341 849
341 465
341 369
341 345
342 1366
342 854
342 470
342 374
342 350
342 344
342 1110
342 598
342 1302
342 790
342 406
342 1350
342 838
342 454
342 358
342 1362
342 850
342 466
342 370
342 346
342 1365
342 853
342 469
342 373
342 349
342 343
343 1367
343 855
343 471
343 375
343 351
343 344
343 1111
343 599
343 1303
343 791
343 407
343 1351
343 839
343 455
343 359
343 1363
343 851
343 467
343 371
343 347
343 1365
343 853
343 469
343 373
343 349
344 1368
344 856
344 472
344 376
344 352
344 1112
344 600
344 1304
344 792
344 408
344 1352
344 840
344 456
344 360
344 1364
344 852
344 468
344 372
344 348
344 1366
344 854
344 470
344 374
344 350
344 1367
344 855
344 471
344 375
344 351
345 1369
345 857
345 473
345 377
345 349
345 347
345 346
345 1113
345 601
345 1305
345 793
345 409
345 1353
345 841
345 457
345 361
345 1361
345 849
345 465
345 369
346 1370
346 858
346 474
346 378
346 350
346 348
346 1114
346 602
346 1306
346 794
346 410
346 1354
346 842
346 458
346 362
346 1362
346 850
346 466
346 370
346 1369
346 857
346 473
346 377
346 349
346 347
347 1371
347 859
347 475
347 379
347 351
347 348
347 1115
347 603
347 1307
347 795
347 411
347 1355
347 843
347 459
347 363
347 1363
347 851
347 467
347 371
347 1369
347 857
347 473
347 377
347 349
348 1372
348 860
348 476
348 380
348 352
348 1116
348 604
348 1308
348 796
348 412
348 1356
348 844
348 460
348 364
348 1364
348 852
348 468
348 372
348 1370
348 858
348 474
348 378
348 350
348 1371
348 859
348 475
348 379
348 351
349 1373
349 861
349 477
349 381
349 351
349 350
349 1117
349 605
349 1309
349 797
349 413
349 1357
349 845
349 461
349 365
349 1365
349 853
349 469
349 373
349 1369
349 857
349 473
349 377
350 1374
350 862
350 478
350 382
350 352
350 1118
350 606
350 1310
350 798
350 414
350 1358
350 846
350 462
350 366
350 1366
350 854
350 470
350 374
350 1370
350 858
350 474
350 378
350 1373
350 861
350 477
350 381
350 351
351 1375
351 863
351 479
351 383
351 352
351 1119
351 607
351 1311
351 799
351 415
351 1359
351 847
351 463
351 367
351 1367
351 855
351 471
351 375
351 1371
351 859
351 475
351 379
351 1373
351 861
351 477
351 381
352 1376
352 864
352 480
352 384
352 1120
352 608
352 1312
352 800
352 416
352 1360
352 848
352 464
352 368
352 1368
352 856
352 472
352 376
352 1372
352 860
352 476
352 380
352 1374
352 862
352 478
352 382
352 1375
352 863
352 479
352 383
353 1377
353 865
353 481
353 369
353 361
353 357
353 355
353 354
353 1121
353 609
353 1313
353 801
353 417
353 1345
353 833
353 449
354 1378
354 866
354 482
354 370
354 362
354 358
354 356
354 1122
354 610
354 1314
354 802
354 418
354 1346
354 834
354 450
354 1377
354 865
354 481
354 369
354 361
354 357
354 355
355 1379
355 867
355 483
355 371
355 363
355 359
355 356
355 1123
355 611
355 1315
355 803
355 419
355 1347
355 835
355 451
355 1377
355 865
355 481
355 369
355 361
355 357
356 1380
356 868
356 484
356 372
356 364
356 360
356 1124
356 612
356 1316
356 804
356 420
356 1348
356 836
356 452
356 1378
356 866
356 482
356 370
356 362
356 358
356 1379
356 867
356 483
356 371
356 363
356 359
357 1381
357 869
357 485
357 373
357 365
357 359
357 358
357 1125
357 613
357 1317
357 805
357 421
357 1349
357 837
357 453
357 1377
357 865
357 481
357 369
357 361
358 1382
358 870
358 486
358 374
358 366
358 360
358 1126
358 614
358 1318
358 806
358 422
358 1350
358 838
358 454
358 1378
358 866
358 482
358 370
358 362
358 1381
358 869
358 485
358 373
358 365
358 359
359 1383
359 871
359 487
359 375
359 367
359 360
359 1127
359 615
359 1319
359 807
359 423
359 1351
359 839
359 455
359 1379
359 867
359 483
359 371
359 363
359 1381
359 869
359 485
359 373
359 365
360 1384
360 872
360 488
360 376
360 368
360 1128
360 616
360 1320
360 808
360 424
360 1352
360 840
360 456
360 1380
360 868
360 484
360 372
360 364
360 1382
360 870
360 486
360 374
360 366
360 1383
360 871
360 487
360 375
360 367
361 1385
361 873
361 489
361 377
361 365
361 363
361 362
361 1129
361 617
361 1321
361 809
361 425
361 1353
361 841
361 457
361 1377
361 865
361 481
361 369
362 1386
362 874
362 490
362 378
362 366
362 364
362 1130
362 618
362 1322
362 810
362 426
362 1354
362 842
362 458
362 1378
362 866
362 482
362 370
362 1385
362 873
362 489
362 377
362 365
362 363
363 1387
363 875
363 491
363 379
363 367
363 364
363 1131
363 619
363 1323
363 811
363 427
363 1355
363 843
363 459
363 1379
363 867
363 483
363 371
363 1385
363 873
363 489
363 377
363 365
364 1388
364 876
364 492
364 380
364 368
364 1132
364 620
364 1324
364 812
364 428
364 1356
364 844
364 460
364 1380
364 868
364 484
364 372
364 1386
364 874
364 490
364 378
364 366
364 1387
364 875
364 491
364 379
364 367
365 1389
365 877
365 493
365 381
365 367
365 366
365 1133
365 621
365 1325
365 813
365 429
365 1357
365 845
365 461
365 1381
365 869
365 485
365 373
365 1385
365 873
365 489
365 377
366 1390
366 878
366 494
366 382
366 368
366 1134
366 622
366 1326
366 814
366 430
366 1358
366 846
366 462
366 1382
366 870
366 486
366 374
366 1386
366 874
366 490
366 378
366 1389
366 877
366 493
366 381
366 367
367 1391
367 879
367 495
367 383
367 368
367 1135
367 623
367 1327
367 815
367 431
367 1359
367 847
367 463
367 1383
367 871
367 487
367 375
367 1387
367 875
367 491
367 379
367 1389
367 877
367 493
367 381
368 1392
368 880
368 496
368 384
368 1136
368 624
368 1328
368 816
368 432
368 1360
368 848
368 464
368 1384
368 872
368 488
368 376
368 1388
368 876
368 492
368 380
368 1390
368 878
368 494
368 382
368 1391
368 879
368 495
368 383
369 1393
369 881
369 497
369 377
369 373
369 371
369 370
369 1137
369 625
369 1329
369 817
369 433
369 1361
369 849
369 465
369 1377
369 865
369 481
370 1394
370 882
370 498
370 378
370 374
370 372
370 1138
370 626
370 1330
370 818
370 434
370 1362
370 850
370 466
370 1378
370 866
370 482
370 1393
370 881
370 497
370 377
370 373
370 371
371 1395
371 883
371 499
371 379
371 375
371 372
371 1139
371 627
371 1331
371 819
371 435
371 1363
371 851
371 467
371 1379
371 867
371 483
371 1393
371 881
371 497
371 377
371 373
372 1396
372 884
372 500
372 380
372 376
372 1140
372 628
372 1332
372 820
372 436
372 1364
372 852
372 468
372 1380
372 868
372 484
372 1394
372 882
372 498
372 378
372 374
372 1395
372 883
372 499
372 379
372 375
373 1397
373 885
373 501
373 381
373 375
373 374
373 1141
373 629
373 1333
373 821
373 437
373 1365
373 853
373 469
373 1381
373 869
373 485
373 1393
373 881
373 497
373 377
374 1398
374 886
374 502
374 382
374 376
374 1142
374 630
374 1334
374 822
374 438
374 1366
374 854
374 470
374 1382
374 870
374 486
374 1394
374 882
374 498
374 378
374 1397
374 885
374 501
374 381
374 375
375 1399
375 887
375 503
375 383
375 376
375 1143
375 631
375 1335
375 823
375 439
375 1367
375 855
375 471
375 1383
375 871
375 487
375 1395
375 883
375 499
375 379
375 1397
375 885
375 501
375 381
376 1400
376 888
376 504
376 384
376 1144
376 632
376 1336
376 824
376 440
376 1368
376 856
376 472
376 1384
376 872
376 488
376 1396
376 884
376 500
376 380
376 1398
376 886
376 502
376 382
376 1399
376 887
376 503
376 383
377 1401
377 889
377 505
377 381
377 379
377 378
377 1145
377 633
377 1337
377 825
377 441
377 1369
377 857
377 473
377 1385
377 873
377 489
377 1393
377 881
377 497
378 1402
378 890
378 506
378 382
378 380
378 1146
378 634
378 1338
378 826
378 442
378 1370
378 858
378 474
378 1386
378 874
378 490
378 1394
378 882
378 498
378 1401
378 889
378 505
378 381
378 379
379 1403
379 891
379 507
379 383
379 380
379 1147
379 635
379 1339
379 827
379 443
379 1371
379 859
379 475
379 1387
379 875
379 491
379 1395
379 883
379 499
379 1401
379 889
379 505
379 381
380 1404
380 892
380 508
380 384
380 1148
380 636
380 1340
380 828
380 444
380 1372
380 860
380 476
380 1388
380 876
380 492
380 1396
380 884
380 500
380 1402
380 890
380 506
380 382
380 1403
380 891
380 507
380 383
381 1405
381 893
381 509
381 383
381 382
381 1149
381 637
381 1341
381 829
381 445
381 1373
381 861
381 477
381 1389
381 877
381 493
381 1397
381 885
381 501
381 1401
381 889
381 505
382 1406
382 894
382 510
382 384
382 1150
382 638
382 1342
382 830
382 446
382 1374
382 862
382 478
382 1390
382 878
382 494
382 1398
382 886
382 502
382 1402
382 890
382 506
382 1405
382 893
382 509
382 383
383 1407
383 895
383 511
383 384
383 1151
383 639
383 1343
383 831
383 447
383 1375
383 863
383 479
383 1391
383 879
383 495
383 1399
383 887
383 503
383 1403
383 891
383 507
383 1405
383 893
383 509
384 1408
384 896
384 512
384 1152
384 640
384 1344
384 832
384 448
384 1376
384 864
384 480
384 1392
384 880
384 496
384 1400
384 888
384 504
384 1404
384 892
384 508
384 1406
384 894
384 510
384 1407
384 895
384 511
385 1409
385 897
385 449
385 417
385 401
385 393
385 389
385 387
385 386
385 1153
385 641
385 1281
385 769
386 1410
386 898
386 450
386 418
386 402
386 394
386 390
386 388
386 1154
386 642
386 1282
386 770
386 1409
386 897
386 449
386 417
386 401
386 393
386 389
386 387
387 1411
387 899
387 451
387 419
387 403
387 395
387 391
387 388
387 1155
387 643
387 1283
387 771
387 1409
387 897
387 449
387 417
387 401
387 393
387 389
388 1412
388 900
388 452
388 420
388 404
388 396
388 392
388 1156
388 644
388 1284
388 772
388 1410
388 898
388 450
388 418
388 402
388 394
388 390
388 1411
388 899
388 451
388 419
388 403
388 395
388 391
389 1413
389 901
389 453
389 421
389 405
389 397
389 391
389 390
389 1157
389 645
389 1285
389 773
389 1409
389 897
389 449
389 417
389 401
389 393
390 1414
390 902
390 454
390 422
390 406
390 398
390 392
390 1158
390 646
390 1286
390 774
390 1410
390 898
390 450
390 418
390 402
390 394
390 1413
390 901
390 453
390 421
390 405
390 397
390 391
391 1415
391 903
391 455
391 423
391 407
391 399
391 392
391 1159
391 647
391 1287
391 775
391 1411
391 899
391 451
391 419
391 403
391 395
391 1413
391 901
391 453
391 421
391 405
391 397
392 1416
392 904
392 456
392 424
392 408
392 400
392 1160
392 648
392 1288
392 776
392 1412
392 900
392 452
392 420
392 404
392 396
392 1414
392 902
392 454
392 422
392 406
392 398
392 1415
392 903
392 455
392 423
392 407
392 399
393 1417
393 905
393 457
393 425
393 409
393 397
393 395
393 394
393 1161
393 649
393 1289
393 777
393 1409
393 897
393 449
393 417
393 401
394 1418
394 906
394 458
394 426
394 410
394 398
394 396
394 1162
394 650
394 1290
394 778
394 1410
394 898
394 450
394 418
394 402
394 1417
394 905
394 457
394 425
394 409
394 397
394 395
395 1419
395 907
395 459
395 427
395 411
395 399
395 396
395 1163
395 651
395 1291
395 779
395 1411
395 899
395 451
395 419
395 403
395 1417
395 905
395 457
395 425
395 409
395 397
396 1420
396 908
396 460
396 428
396 412
396 400
396 1164
396 652
396 1292
396 780
396 1412
396 900
396 452
396 420
396 404
396 1418
396 906
396 458
396 426
396 410
396 398
396 1419
396 907
396 459
396 427
396 411
396 399
397 1421
397 909
397 461
397 429
397 413
397 399
397 398
397 1165
397 653
397 1293
397 781
397 1413
397 901
397 453
397 421
397 405
397 1417
397 905
397 457
397 425
397 409
398 1422
398 910
398 462
398 430
398 414
398 400
398 1166
398 654
398 1294
398 782
398 1414
398 902
398 454
398 422
398 406
398 1418
398 906
398 458
398 426
398 410
398 1421
398 909
398 461
398 429
398 413
398 399
399 1423
399 911
399 463
399 431
399 415
399 400
399 1167
399 655
399 1295
399 783
399 1415
399 903
399 455
399 423
399 407
399 1419
399 907
399 459
399 427
399 411
399 1421
399 909
399 461
399 429
399 413
400 1424
400 912
400 464
400 432
400 416
400 1168
400 656
400 1296
400 784
400 1416
400 904
400 456
400 424
400 408
400 1420
400 908
400 460
400 428
400 412
400 1422
400 910
400 462
400 430
400 414
400 1423
400 911
400 463
400 431
400 415
401 1425
401 913
401 465
401 433
401 409
401 405
401 403
401 402
401 1169
401 657
401 1297
401 785
401 1409
401 897
401 449
401 417
402 1426
402 914
402 466
402 434
402 410
402 406
402 404
402 1170
402 658
402 1298
402 786
402 1410
402 898
402 450
402 418
402 1425
402 913
402 465
402 433
402 409
402 405
402 403
403 1427
403 915
403 467
403 435
403 411
403 407
403 404
403 1171
403 659
403 1299
403 787
403 1411
403 899
403 451
403 419
403 1425
403 913
403 465
403 433
403 409
403 405
404 1428
404 916
404 468
404 436
404 412
404 408
404 1172
404 660
404 1300
404 788
404 1412
404 900
404 452
404 420
404 1426
404 914
404 466
404 434
404 410
404 406
404 1427
404 915
404 467
404 435
404 411
404 407
405 1429
405 917
405 469
405 437
405 413
405 407
405 406
405 1173
405 661
405 1301
405 789
405 1413
405 901
405 453
405 421
405 1425
405 913
405 465
405 433
405 409
406 1430
406 918
406 470
406 438
406 414
406 408
406 1174
406 662
406 1302
406 790
406 1414
406 902
406 454
406 422
406 1426
406 914
406 466
406 434
406 410
406 1429
406 917
406 469
406 437
406 413
406 407
407 1431
407 919
407 471
407 439
407 415
407 408
407 1175
407 663
407 1303
407 791
407 1415
407 903
407 455
407 423
407 1427
407 915
407 467
407 435
407 411
407 1429
407 917
407 469
407 437
407 413
408 1432
408 920
408 472
408 440
408 416
408 1176
408 664
408 1304
408 792
408 1416
408 904
408 456
408 424
408 1428
408 916
408 468
408 436
408 412
408 1430
408 918
408 470
408 438
408 414
408 1431
408 919
408 471
408 439
408 415
409 1433
409 921
409 473
409 441
409 413
409 411
409 410
409 1177
409 665
409 1305
409 793
409 1417
409 905
409 457
409 425
409 1425
409 913
409 465
409 433
410 1434
410 922
410 474
410 442
410 414
410 412
410 1178
410 666
410 1306
410 794
410 1418
410 906
410 458
410 426
410 1426
410 914
410 466
410 434
410 1433
410 921
410 473
410 441
410 413
410 411
411 1435
411 923
411 475
411 443
411 415
411 412
411 1179
411 667
411 1307
411 795
411 1419
411 907
411 459
411 427
411 1427
411 915
411 467
411 435
411 1433
411 921
411 473
411 441
411 413
412 1436
412 924
412 476
412 444
412 416
412 1180
412 668
412 1308
412 796
412 1420
412 908
412 460
412 428
412 1428
412 916
412 468
412 436
412 1434
412 922
412 474
412 442
412 414
412 1435
412 923
412 475
412 443
412 415
413 1437
413 925
413 477
413 445
413 415
413 414
413 1181
413 669
413 1309
413 797
413 1421
413 909
413 461
413 429
413 1429
413 917
413 469
413 437
413 1433
413 921
413 473
413 441
414 1438
414 926
414 478
414 446
414 416
414 1182
414 670
414 1310
414 798
414 1422
414 910
414 462
414 430
414 1430
414 918
414 470
414 438
414 1434
414 922
414 474
414 442
414 1437
414 925
414 477
414 445
414 415
415 1439
415 927
415 479
415 447
415 416
415 1183
415 671
415 1311
415 799
415 1423
415 911
415 463
415 431
415 1431
415 919
415 471
415 439
415 1435
415 923
415 475
415 443
415 1437
415 925
415 477
415 445
416 1440
416 928
416 480
416 448
416 1184
416 672
416 1312
416 800
416 1424
416 912
416 464
416 432
416 1432
416 920
416 472
416 440
416 1436
416 924
416 476
416 444
416 1438
416 926
416 478
416 446
416 1439
416 927
416 479
416 447
417 1441
417 929
417 481
417 433
417 425
417 421
417 419
417 418
417 1185
417 673
417 1313
417 801
417 1409
417 897
417 449
418 1442
418 930
418 482
418 434
418 426
418 422
418 420
418 1186
418 674
418 1314
418 802
418 1410
418 898
418 450
418 1441
418 929
418 481
418 433
418 425
418 421
418 419
419 1443
419 931
419 483
419 435
419 427
419 423
419 420
419 1187
419 675
419 1315
419 803
419 1411
419 899
419 451
419 1441
419 929
419 481
419 433
419 425
419 421
420 1444
420 932
420 484
420 436
420 428
420 424
420 1188
420 676
420 1316
420 804
420 1412
420 900
420 452
420 1442
420 930
420 482
420 434
420 426
420 422
420 1443
420 931
420 483
420 435
420 427
420 423
421 1445
421 933
421 485
421 437
421 429
421 423
421 422
421 1189
421 677
421 1317
421 805
421 1413
421 901
421 453
421 1441
421 929
421 481
421 433
421 425
422 1446
422 934
422 486
422 438
422 430
422 424
422 1190
422 678
422 1318
422 806
422 1414
422 902
422 454
422 1442
422 930
422 482
422 434
422 426
422 1445
422 933
422 485
422 437
422 429
422 423
423 1447
423 935
423 487
423 439
423 431
423 424
423 1191
423 679
423 1319
423 807
423 1415
423 903
423 455
423 1443
423 931
423 483
423 435
423 427
423 1445
423 933
423 485
423 437
423 429
424 1448
424 936
424 488
424 440
424 432
424 1192
424 680
424 1320
424 808
424 1416
424 904
424 456
424 1444
424 932
424 484
424 436
424 428
424 1446
424 934
424 486
424 438
424 430
424 1447
424 935
424 487
424 439
424 431
425 1449
425 937
425 489
425 441
425 429
425 427
425 426
425 1193
425 681
425 1321
425 809
425 1417
425 905
425 457
425 1441
425 929
425 481
425 433
426 1450
426 938
426 490
426 442
426 430
426 428
426 1194
426 682
426 1322
426 810
426 1418
426 906
426 458
426 1442
426 930
426 482
426 434
426 1449
426 937
426 489
426 441
426 429
426 427
427 1451
427 939
427 491
427 443
427 431
427 428
427 1195
427 683
427 1323
427 811
427 1419
427 907
427 459
427 1443
427 931
427 483
427 435
427 1449
427 937
427 489
427 441
427 429
428 1452
428 940
428 492
428 444
428 432
428 1196
428 684
428 1324
428 812
428 1420
428 908
428 460
428 1444
428 932
428 484
428 436
428 1450
428 938
428 490
428 442
428 430
428 1451
428 939
428 491
428 443
428 431
429 1453
429 941
429 493
429 445
429 431
429 430
429 1197
429 685
429 1325
429 813
429 1421
429 909
429 461
429 1445
429 933
429 485
429 437
429 1449
429 937
429 489
429 441
430 1454
430 942
430 494
430 446
430 432
430 1198
430 686
430 1326
430 814
430 1422
430 910
430 462
430 1446
430 934
430 486
430 438
430 1450
430 938
430 490
430 442
430 1453
430 941
430 493
430 445
430 431
431 1455
431 943
431 495
431 447
431 432
431 1199
431 687
431 1327
431 815
431 1423
431 911
431 463
431 1447
431 935
431 487
431 439
431 1451
431 939
431 491
431 443
431 1453
431 941
431 493
431 445
432 1456
432 944
432 496
432 448
432 1200
432 688
432 1328
432 816
432 1424
432 912
432 464
432 1448
432 936
432 488
432 440
432 1452
432 940
432 492
432 444
432 1454
432 942
432 494
432 446
432 1455
432 943
432 495
432 447
433 1457
433 945
433 497
433 441
433 437
433 435
433 434
433 1201
433 689
433 1329
433 817
433 1425
433 913
433 465
433 1441
433 929
433 481
434 1458
434 946
434 498
434 442
434 438
434 436
434 1202
434 690
434 1330
434 818
434 1426
434 914
434 466
434 1442
434 930
434 482
434 1457
434 945
434 497
434 441
434 437
434 435
435 1459
435 947
435 499
435 443
435 439
435 436
435 1203
435 691
435 1331
435 819
435 1427
435 915
435 467
435 1443
435 931
435 483
435 1457
435 945
435 497
435 441
435 437
436 1460
436 948
436 500
436 444
436 440
436 1204
436 692
436 1332
436 820
436 1428
436 916
436 468
436 1444
436 932
436 484
436 1458
436 946
436 498
436 442
436 438
436 1459
436 947
436 499
436 443
436 439
437 1461
437 949
437 501
437 445
437 439
437 438
437 1205
437 693
437 1333
437 821
437 1429
437 917
437 469
437 1445
437 933
437 485
437 1457
437 945
437 497
437 441
438 1462
438 950
438 502
438 446
438 440
438 1206
438 694
438 1334
438 822
438 1430
438 918
438 470
438 1446
438 934
438 486
438 1458
438 946
438 498
438 442
438 1461
438 949
438 501
438 445
438 439
439 1463
439 951
439 503
439 447
439 440
439 1207
439 695
439 1335
439 823
439 1431
439 919
439 471
439 1447
439 935
439 487
439 1459
439 947
439 499
439 443
439 1461
439 949
439 501
439 445
440 1464
440 952
440 504
440 448
440 1208
440 696
440 1336
440 824
440 1432
440 920
440 472
440 1448
440 936
440 488
440 1460
440 948
440 500
440 444
440 1462
440 950
440 502
440 446
440 1463
440 951
440 503
440 447
441 1465
441 953
441 505
441 445
441 443
441 442
441 1209
441 697
441 1337
441 825
441 1433
441 921
441 473
441 1449
441 937
441 489
441 1457
441 945
441 497
442 1466
442 954
442 506
442 446
442 444
442 1210
442 698
442 1338
442 826
442 1434
442 922
442 474
442 1450
442 938
442 490
442 1458
442 946
442 498
442 1465
442 953
442 505
442 445
442 443
443 1467
443 955
443 507
443 447
443 444
443 1211
443 699
443 1339
443 827
443 1435
443 923
443 475
443 1451
443 939
443 491
443 1459
443 947
443 499
443 1465
443 953
443 505
443 445
444 1468
444 956
444 508
444 448
444 1212
444 700
444 1340
444 828
444 1436
444 924
444 476
444 1452
444 940
444 492
444 1460
444 948
444 500
444 1466
444 954
444 506
444 446
444 1467
444 955
444 507
444 447
445 1469
445 957
445 509
445 447
445 446
445 1213
445 701
445 1341
445 829
445 1437
445 925
445 477
445 1453
445 941
445 493
445 1461
445 949
445 501
445 1465
445 953
445 505
446 1470
446 958
446 510
446 448
446 1214
446 702
446 1342
446 830
446 1438
446 926
446 478
446 1454
446 942
446 494
446 1462
446 950
446 502
446 1466
446 954
446 506
446 1469
446 957
446 509
446 447
447 1471
447 959
447 511
447 448
447 1215
447 703
447 1343
447 831
447 1439
447 927
447 479
447 1455
447 943
447 495
447 1463
447 951
447 503
447 1467
447 955
447 507
447 1469
447 957
447 509
448 1472
448 960
448 512
448 1216
448 704
448 1344
448 832
448 1440
448 928
448 480
448 1456
448 944
448 496
448 1464
448 952
448 504
448 1468
448 956
448 508
448 1470
448 958
448 510
448 1471
448 959
448 511
449 1473
449 961
449 481
449 465
449 457
449 453
449 451
449 450
449 1217
449 705
449 1345
449 833
449 1409
449 897
450 1474
450 962
450 482
450 466
450 458
450 454
450 452
450 1218
450 706
450 1346
450 834
450 1410
450 898
450 1473
450 961
450 481
450 465
450 457
450 453
450 451
451 1475
451 963
451 483
451 467
451 459
451 455
451 452
451 1219
451 707
451 1347
451 835
451 1411
451 899
451 1473
451 961
451 481
451 465
451 457
451 453
452 1476
452 964
452 484
452 468
452 460
452 456
452 1220
452 708
452 1348
452 836
452 1412
452 900
452 1474
452 962
452 482
452 466
452 458
452 454
452 1475
452 963
452 483
452 467
452 459
452 455
453 1477
453 965
453 485
453 469
453 461
453 455
453 454
453 1221
453 709
453 1349
453 837
453 1413
453 901
453 1473
453 961
453 481
453 465
453 457
454 1478
454 966
454 486
454 470
454 462
454 456
454 1222
454 710
454 1350
454 838
454 1414
454 902
454 1474
454 962
454 482
454 466
454 458
454 1477
454 965
454 485
454 469
454 461
454 455
455 1479
455 967
455 487
455 471
455 463
455 456
455 1223
455 711
455 1351
455 839
455 1415
455 903
455 1475
455 963
455 483
455 467
455 459
455 1477
455 965
455 485
455 469
455 461
456 1480
456 968
456 488
456 472
456 464
456 1224
456 712
456 1352
456 840
456 1416
456 904
456 1476
456 964
456 484
456 468
456 460
456 1478
456 966
456 486
456 470
456 462
456 1479
456 967
456 487
456 471
456 463
457 1481
457 969
457 489
457 473
457 461
457 459
457 458
457 1225
457 713
457 1353
457 841
457 1417
457 905
457 1473
457 961
457 481
457 465
458 1482
458 970
458 490
458 474
458 462
458 460
458 1226
458 714
458 1354
458 842
458 1418
458 906
458 1474
458 962
458 482
458 466
458 1481
458 969
458 489
458 473
458 461
458 459
459 1483
459 971
459 491
459 475
459 463
459 460
459 1227
459 715
459 1355
459 843
459 1419
459 907
459 1475
459 963
459 483
459 467
459 1481
459 969
459 489
459 473
459 461
460 1484
460 972
460 492
460 476
460 464
460 1228
460 716
460 1356
460 844
460 1420
460 908
460 1476
460 964
460 484
460 468
460 1482
460 970
460 490
460 474
460 462
460 1483
460 971
460 491
460 475
460 463
461 1485
461 973
461 493
461 477
461 463
461 462
461 1229
461 717
461 1357
461 845
461 1421
461 909
461 1477
461 965
461 485
461 469
461 1481
461 969
461 489
461 473
462 1486
462 974
462 494
462 478
462 464
462 1230
462 718
462 1358
462 846
462 1422
462 910
462 1478
462 966
462 486
462 470
462 1482
462 970
462 490
462 474
462 1485
462 973
462 493
462 477
462 463
463 1487
463 975
463 495
463 479
463 464
463 1231
463 719
463 1359
463 847
463 1423
463 911
463 1479
463 967
463 487
463 471
463 1483
463 971
463 491
463 475
463 1485
463 973
463 493
463 477
464 1488
464 976
464 496
464 480
464 1232
464 720
464 1360
464 848
464 1424
464 912
464 1480
464 968
464 488
464 472
464 1484
464 972
464 492
464 476
464 1486
464 974
464 494
464 478
464 1487
464 975
464 495
464 479
465 1489
465 977
465 497
465 473
465 469
465 467
465 466
465 1233
465 721
465 1361
465 849
465 1425
465 913
465 1473
465 961
465 481
466 1490
466 978
466 498
466 474
466 470
466 468
466 1234
466 722
466 1362
466 850
466 1426
466 914
466 1474
466 962
466 482
466 1489
466 977
466 497
466 473
466 469
466 467
467 1491
467 979
467 499
467 475
467 471
467 468
467 1235
467 723
467 1363
467 851
467 1427
467 915
467 1475
467 963
467 483
467 1489
467 977
467 497
467 473
467 469
468 1492
468 980
468 500
468 476
468 472
468 1236
468 724
468 1364
468 852
468 1428
468 916
468 1476
468 964
468 484
468 1490
468 978
468 498
468 474
468 470
468 1491
468 979
468 499
468 475
468 471
469 1493
469 981
469 501
469 477
469 471
469 470
469 1237
469 725
469 1365
469 853
469 1429
469 917
469 1477
469 965
469 485
469 1489
469 977
469 497
469 473
470 1494
470 982
470 502
470 478
470 472
470 1238
470 726
470 1366
470 854
470 1430
470 918
470 1478
470 966
470 486
470 1490
470 978
470 498
470 474
470 1493
470 981
470 501
470 477
470 471
471 1495
471 983
471 503
471 479
471 472
471 1239
471 727
471 1367
471 855
471 1431
471 919
471 1479
471 967
471 487
471 1491
471 979
471 499
471 475
471 1493
471 981
471 501
471 477
472 1496
472 984
472 504
472 480
472 1240
472 728
472 1368
472 856
472 1432
472 920
472 1480
472 968
472 488
472 1492
472 980
472 500
472 476
472 1494
472 982
472 502
472 478
472 1495
472 983
472 503
472 479
473 1497
473 985
473 505
473 477
473 475
473 474
473 1241
473 729
473 1369
473 857
473 1433
473 921
473 1481
473 969
473 489
473 1489
473 977
473 497
474 1498
474 986
474 506
474 478
474 476
474 1242
474 730
474 1370
474 858
474 1434
474 922
474 1482
474 970
474 490
474 1490
474 978
474 498
474 1497
474 985
474 505
474 477
474 475
475 1499
475 987
475 507
475 479
475 476
475 1243
475 731
475 1371
475 859
475 1435
475 923
475 1483
475 971
475 491
475 1491
475 979
475 499
475 1497
475 985
475 505
475 477
476 1500
476 988
476 508
476 480
476 1244
476 732
476 1372
476 860
476 1436
476 924
476 1484
476 972
476 492
476 1492
476 980
476 500
476 1498
476 986
476 506
476 478
476 1499
476 987
476 507
476 479
477 1501
477 989
477 509
477 479
477 478
477 1245
477 733
477 1373
477 861
477 1437
477 925
477 1485
477 973
477 493
477 1493
477 981
477 501
477 1497
477 985
477 505
478 1502
478 990
478 510
478 480
478 1246
478 734
478 1374
478 862
478 1438
478 926
478 1486
478 974
478 494
478 1494
478 982
478 502
478 1498
478 986
478 506
478 1501
478 989
478 509
478 479
479 1503
479 991
479 511
479 480
479 1247
479 735
479 1375
479 863
479 1439
479 927
479 1487
479 975
479 495
479 1495
479 983
479 503
479 1499
479 987
479 507
479 1501
479 989
479 509
480 1504
480 992
480 512
480 1248
480 736
480 1376
480 864
480 1440
480 928
480 1488
480 976
480 496
480 1496
480 984
480 504
480 1500
480 988
480 508
480 1502
480 990
480 510
480 1503
480 991
480 511
481 1505
481 993
481 497
481 489
481 485
481 483
481 482
481 1249
481 737
481 1377
481 865
481 1441
481 929
481 1473
481 961
482 1506
482 994
482 498
482 490
482 486
482 484
482 1250
482 738
482 1378
482 866
482 1442
482 930
482 1474
482 962
482 1505
482 993
482 497
482 489
482 485
482 483
483 1507
483 995
483 499
483 491
483 487
483 484
483 1251
483 739
483 1379
483 867
483 1443
483 931
483 1475
483 963
483 1505
483 993
483 497
483 489
483 485
484 1508
484 996
484 500
484 492
484 488
484 1252
484 740
484 1380
484 868
484 1444
484 932
484 1476
484 964
484 1506
484 994
484 498
484 490
484 486
484 1507
484 995
484 499
484 491
484 487
485 1509
485 997
485 501
485 493
485 487
485 486
485 1253
485 741
485 1381
485 869
485 1445
485 933
485 1477
485 965
485 1505
485 993
485 497
485 489
486 1510
486 998
486 502
486 494
486 488
486 1254
486 742
486 1382
486 870
486 1446
486 934
486 1478
486 966
486 1506
486 994
486 498
486 490
486 1509
486 997
486 501
486 493
486 487
487 1511
487 999
487 503
487 495
487 488
487 1255
487 743
487 1383
487 871
487 1447
487 935
487 1479
487 967
487 1507
487 995
487 499
487 491
487 1509
487 997
487 501
487 493
488 1512
488 1000
488 504
488 496
488 1256
488 744
488 1384
488 872
488 1448
488 936
488 1480
488 968
488 1508
488 996
488 500
488 492
488 1510
488 998
488 502
488 494
488 1511
488 999
488 503
488 495
489 1513
489 1001
489 505
489 493
489 491
489 490
489 1257
489 745
489 1385
489 873
489 1449
489 937
489 1481
489 969
489 1505
489 993
489 497
490 1514
490 1002
490 506
490 494
490 492
490 1258
490 746
490 1386
490 874
490 1450
490 938
490 1482
490 970
490 1506
490 994
490 498
490 1513
490 1001
490 505
490 493
490 491
491 1515
491 1003
491 507
491 495
491 492
491 1259
491 747
491 1387
491 875
491 1451
491 939
491 1483
491 971
491 1507
491 995
491 499
491 1513
491 1001
491 505
491 493
492 1516
492 1004
492 508
492 496
492 1260
492 748
492 1388
492 876
492 1452
492 940
492 1484
492 972
492 1508
492 996
492 500
492 1514
492 1002
492 506
492 494
492 1515
492 1003
492 507
492 495
493 1517
493 1005
493 509
493 495
493 494
493 1261
493 749
493 1389
493 877
493 1453
493 941
493 1485
493 973
493 1509
493 997
493 501
493 1513
493 1001
493 505
494 1518
494 1006
494 510
494 496
494 1262
494 750
494 1390
494 878
494 1454
494 942
494 1486
494 974
494 1510
494 998
494 502
494 1514
494 1002
494 506
494 1517
494 1005
494 509
494 495
495 1519
495 1007
495 511
495 496
495 1263
495 751
495 1391
495 879
495 1455
495 943
495 1487
495 975
495 1511
495 999
495 503
495 1515
495 1003
495 507
495 1517
495 1005
495 509
496 1520
496 1008
496 512
496 1264
496 752
496 1392
496 880
496 1456
496 944
496 1488
496 976
496 1512
496 1000
496 504
496 1516
496 1004
496 508
496 1518
496 1006
496 510
496 1519
496 1007
496 511
497 1521
497 1009
497 505
497 501
497 499
497 498
497 1265
497 753
497 1393
497 881
497 1457
497 945
497 1489
497 977
497 1505
497 993
498 1522
498 1010
498 506
498 502
498 500
498 1266
498 754
498 1394
498 882
498 1458
498 946
498 1490
498 978
498 1506
498 994
498 1521
498 1009
498 505
498 501
498 499
499 1523
499 1011
499 507
499 503
499 500
499 1267
499 755
499 1395
499 883
499 1459
499 947
499 1491
499 979
499 1507
499 995
499 1521
499 1009
499 505
499 501
500 1524
500 1012
500 508
500 504
500 1268
500 756
500 1396
500 884
500 1460
500 948
500 1492
500 980
500 1508
500 996
500 1522
500 1010
500 506
500 502
500 1523
500 1011
500 507
500 503
501 1525
501 1013
501 509
501 503
501 502
501 1269
501 757
501 1397
501 885
501 1461
501 949
501 1493
501 981
501 1509
501 997
501 1521
501 1009
501 505
502 1526
502 1014
502 510
502 504
502 1270
502 758
502 1398
502 886
502 1462
502 950
502 1494
502 982
502 1510
502 998
502 1522
502 1010
502 506
502 1525
502 1013
502 509
502 503
503 1527
503 1015
503 511
503 504
503 1271
503 759
503 1399
503 887
503 1463
503 951
503 1495
503 983
503 1511
503 999
503 1523
503 1011
503 507
503 1525
503 1013
503 509
504 1528
504 1016
504 512
504 1272
504 760
504 1400
504 888
504 1464
504 952
504 1496
504 984
504 1512
504 1000
504 1524
504 1012
504 508
504 1526
504 1014
504 510
504 1527
504 1015
504 511
505 1529
505 1017
505 509
505 507
505 506
505 1273
505 761
505 1401
505 889
505 1465
505 953
505 1497
505 985
505 1513
505 1001
505 1521
505 1009
506 1530
506 1018
506 510
506 508
506 1274
506 762
506 1402
506 890
506 1466
506 954
506 1498
506 986
506 1514
506 1002
506 1522
506 1010
506 1529
506 1017
506 509
506 507
507 1531
507 1019
507 511
507 508
507 1275
507 763
507 1403
507 891
507 1467
507 955
507 1499
507 987
507 1515
507 1003
507 1523
507 1011
507 1529
507 1017
507 509
508 1532
508 1020
508 512
508 1276
508 764
508 1404
508 892
508 1468
508 956
508 1500
508 988
508 1516
508 1004
508 1524
508 1012
508 1530
508 1018
508 510
508 1531
508 1019
508 511
509 1533
509 1021
509 511
509 510
509 1277
509 765
509 1405
509 893
509 1469
509 957
509 1501
509 989
509 1517
509 1005
509 1525
509 1013
509 1529
509 1017
510 1534
510 1022
510 512
510 1278
510 766
510 1406
510 894
510 1470
510 958
510 1502
510 990
510 1518
510 1006
510 1526
510 1014
510 1530
510 1018
510 1533
510 1021
510 511
511 1535
511 1023
511 512
511 1279
511 767
511 1407
511 895
511 1471
511 959
511 1503
511 991
511 1519
511 1007
511 1527
511 1015
511 1531
511 1019
511 1533
511 1021
512 1536
512 1024
512 1280
512 768
512 1408
512 896
512 1472
512 960
512 1504
512 992
512 1520
512 1008
512 1528
512 1016
512 1532
512 1020
512 1534
512 1022
512 1535
512 1023
513 1537
513 769
513 641
513 577
513 545
513 529
513 521
513 517
513 515
513 514
513 1025
514 1538
514 770
514 642
514 578
514 546
514 530
514 522
514 518
514 516
514 1026
514 1537
514 769
514 641
514 577
514 545
514 529
514 521
514 517
514 515
515 1539
515 771
515 643
515 579
515 547
515 531
515 523
515 519
515 516
515 1027
515 1537
515 769
515 641
515 577
515 545
515 529
515 521
515 517
516 1540
516 772
516 644
516 580
516 548
516 532
516 524
516 520
516 1028
516 1538
516 770
516 642
516 578
516 546
516 530
516 522
516 518
516 1539
516 771
516 643
516 579
516 547
516 531
516 523
516 519
517 1541
517 773
517 645
517 581
517 549
517 533
517 525
517 519
517 518
517 1029
517 1537
517 769
517 641
517 577
517 545
517 529
517 521
518 1542
518 774
518 646
518 582
518 550
518 534
518 526
518 520
518 1030
518 1538
518 770
518 642
518 578
518 546
518 530
518 522
518 1541
518 773
518 645
518 581
518 549
518 533
518 525
518 519
519 1543
519 775
519 647
519 583
519 551
519 535
519 527
519 520
519 1031
519 1539
519 771
519 643
519 579
519 547
519 531
519 523
519 1541
519 773
519 645
519 581
519 549
519 533
519 525
520 1544
520 776
520 648
520 584
520 552
520 536
520 528
520 1032
520 1540
520 772
520 644
520 580
520 548
520 532
520 524
520 1542
520 774
520 646
520 582
520 550
520 534
520 526
520 1543
520 775
520 647
520 583
520 551
520 535
520 527
521 1545
521 777
521 649
521 585
521 553
521 537
521 525
521 523
521 522
521 1033
521 1537
521 769
521 641
521 577
521 545
521 529
522 1546
522 778
522 650
522 586
522 554
522 538
522 526
522 524
522 1034
522 1538
522 770
522 642
522 578
522 546
522 530
522 1545
522 777
522 649
522 585
522 553
522 537
522 525
522 523
523 1547
523 779
523 651
523 587
523 555
523 539
523 527
523 524
523 1035
523 1539
523 771
523 643
523 579
523 547
523 531
523 1545
523 777
523 649
523 585
523 553
523 537
523 525
524 1548
524 780
524 652
524 588
524 556
524 540
524 528
524 1036
524 1540
524 772
524 644
524 580
524 548
524 532
524 1546
524 778
524 650
524 586
524 554
524 538
524 526
524 1547
524 779
524 651
524 587
524 555
524 539
524 527
525 1549
525 781
525 653
525 589
525 557
525 541
525 527
525 526
525 1037
525 1541
525 773
525 645
525 581
525 549
525 533
525 1545
525 777
525 649
525 585
525 553
525 537
526 1550
526 782
526 654
526 590
526 558
526 542
526 528
526 1038
526 1542
526 774
526 646
526 582
526 550
526 534
526 1546
526 778
526 650
526 586
526 554
526 538
526 1549
526 781
526 653
526 589
526 557
526 541
526 527
527 1551
527 783
527 655
527 591
527 559
527 543
527 528
527 1039
527 1543
527 775
527 647
527 583
527 551
527 535
527 1547
527 779
527 651
527 587
527 555
527 539
527 1549
527 781
527 653
527 589
527 557
527 541
528 1552
528 784
528 656
528 592
528 560
528 544
528 1040
528 1544
528 776
528 648
528 584
528 552
528 536
528 1548
528 780
528 652
528 588
528 556
528 540
528 1550
528 782
528 654
528 590
528 558
528 542
528 1551
528 783
528 655
528 591
528 559
528 543
529 1553
529 785
529 657
529 593
529 561
529 537
529 533
529 531
529 530
529 1041
529 1537
529 769
529 641
529 577
529 545
530 1554
530 786
530 658
530 594
530 562
530 538
530 534
530 532
530 1042
530 1538
530 770
530 642
530 578
530 546
530 1553
530 785
530 657
530 593
530 561
530 537
530 533
530 531
531 1555
531 787
531 659
531 595
531 563
531 539
531 535
531 532
531 1043
531 1539
531 771
531 643
531 579
531 547
531 1553
531 785
531 657
531 593
531 561
531 537
531 533
532 1556
532 788
532 660
532 596
532 564
532 540
532 536
532 1044
532 1540
532 772
532 644
532 580
532 548
532 1554
532 786
532 658
532 594
532 562
532 538
532 534
532 1555
532 787
532 659
532 595
532 563
532 539
532 535
533 1557
533 789
533 661
533 597
533 565
533 541
533 535
533 534
533 1045
533 1541
533 773
533 645
533 581
533 549
533 1553
533 785
533 657
533 593
533 561
533 537
534 1558
534 790
534 662
534 598
534 566
534 542
534 536
534 1046
534 1542
534 774
534 646
534 582
534 550
534 1554
534 786
534 658
534 594
534 562
534 538
534 1557
534 789
534 661
534 597
534 565
534 541
534 535
535 1559
535 791
535 663
535 599
535 567
535 543
535 536
535 1047
535 1543
535 775
535 647
535 583
535 551
535 1555
535 787
535 659
535 595
535 563
535 539
535 1557
535 789
535 661
535 597
535 565
535 541
536 1560
536 792
536 664
536 600
536 568
536 544
536 1048
536 1544
536 776
536 648
536 584
536 552
536 1556
536 788
536 660
536 596
536 564
536 540
536 1558
536 790
536 662
536 598
536 566
536 542
536 1559
536 791
536 663
536 599
536 567
536 543
537 1561
537 793
537 665
537 601
537 569
537 541
537 539
537 538
537 1049
537 1545
537 777
537 649
537 585
537 553
537 1553
537 785
537 657
537 593
537 561
538 1562
538 794
538 666
538 602
538 570
538 542
538 540
538 1050
538 1546
538 778
538 650
538 586
538 554
538 1554
538 786
538 658
538 594
538 562
538 1561
538 793
538 665
538 601
538 569
538 541
538 539
539 1563
539 795
539 667
539 603
539 571
539 543
539 540
539 1051
539 1547
539 779
539 651
539 587
539 555
539 1555
539 787
539 659
539 595
539 563
539 1561
539 793
539 665
539 601
539 569
539 541
540 1564
540 796
540 668
540 604
540 572
540 544
540 1052
540 1548
540 780
540 652
540 588
540 556
540 1556
540 788
540 660
540 596
540 564
540 1562
540 794
540 666
540 602
540 570
540 542
540 1563
540 795
540 667
540 603
540 571
540 543
541 1565
541 797
541 669
541 605
541 573
541 543
541 542
541 1053
541 1549
541 781
541 653
541 589
541 557
541 1557
541 789
541 661
541 597
541 565
541 1561
541 793
541 665
541 601
541 569
542 1566
542 798
542 670
542 606
542 574
542 544
542 1054
542 1550
542 782
542 654
542 590
542 558
542 1558
542 790
542 662
542 598
542 566
542 1562
542 794
542 666
542 602
542 570
542 1565
542 797
542 669
542 605
542 573
542 543
543 1567
543 799
543 671
543 607
543 575
543 544
543 1055
543 1551
543 783
543 655
543 591
543 559
543 1559
543 791
543 663
543 599
543 567
543 1563
543 795
543 667
543 603
543 571
543 1565
543 797
543 669
543 605
543 573
544 1568
544 800
544 672
544 608
544 576
544 1056
544 1552
544 784
544 656
544 592
544 560
544 1560
544 792
544 664
544 600
544 568
544 1564
544 796
544 668
544 604
544 572
544 1566
544 798
544 670
544 606
544 574
544 1567
544 799
544 671
544 607
544 575
545 1569
545 801
545 673
545 609
545 561
545 553
545 549
545 547
545 546
545 1057
545 1537
545 769
545 641
545 577
546 1570
546 802
546 674
546 610
546 562
546 554
546 550
546 548
546 1058
546 1538
546 770
546 642
546 578
546 1569
546 801
546 673
546 609
546 561
546 553
546 549
546 547
547 1571
547 803
547 675
547 611
547 563
547 555
547 551
547 548
547 1059
547 1539
547 771
547 643
547 579
547 1569
547 801
547 673
547 609
547 561
547 553
547 549
548 1572
548 804
548 676
548 612
548 564
548 556
548 552
548 1060
548 1540
548 772
548 644
548 580
548 1570
548 802
548 674
548 610
548 562
548 554
548 550
548 1571
548 803
548 675
548 611
548 563
548 555
548 551
549 1573
549 805
549 677
549 613
549 565
549 557
549 551
549 550
549 1061
549 1541
549 773
549 645
549 581
549 1569
549 801
549 673
549 609
549 561
549 553
550 1574
550 806
550 678
550 614
550 566
550 558
550 552
550 1062
550 1542
550 774
550 646
550 582
550 1570
550 802
550 674
550 610
550 562
550 554
550 1573
550 805
550 677
550 613
550 565
550 557
550 551
551 1575
551 807
551 679
551 615
551 567
551 559
551 552
551 1063
551 1543
551 775
551 647
551 583
551 1571
551 803
551 675
551 611
551 563
551 555
551 1573
551 805
551 677
551 613
551 565
551 557
552 1576
552 808
552 680
552 616
552 568
552 560
552 1064
552 1544
552 776
552 648
552 584
552 1572
552 804
552 676
552 612
552 564
552 556
552 1574
552 806
552 678
552 614
552 566
552 558
552 1575
552 807
552 679
552 615
552 567
552 559
553 1577
553 809
553 681
553 617
553 569
553 557
553 555
553 554
553 1065
553 1545
553 777
553 649
553 585
553 1569
553 801
553 673
553 609
553 561
554 1578
554 810
554 682
554 618
554 570
554 558
554 556
554 1066
554 1546
554 778
554 650
554 586
554 1570
554 802
554 674
554 610
554 562
554 1577
554 809
554 681
554 617
554 569
554 557
554 555
555 1579
555 811
555 683
555 619
555 571
555 559
555 556
555 1067
555 1547
555 779
555 651
555 587
555 1571
555 803
555 675
555 611
555 563
555 1577
555 809
555 681
555 617
555 569
555 557
556 1580
556 812
556 684
556 620
556 572
556 560
556 1068
556 1548
556 780
556 652
556 588
556 1572
556 804
556 676
556 612
556 564
556 1578
556 810
556 682
556 618
556 570
556 558
556 1579
556 811
556 683
556 619
556 571
556 559
557 1581
557 813
557 685
557 621
557 573
557 559
557 558
557 1069
557 1549
557 781
557 653
557 589
557 1573
557 805
557 677
557 613
557 565
557 1577
557 809
557 681
557 617
557 569
558 1582
558 814
558 686
558 622
558 574
558 560
558 1070
558 1550
558 782
558 654
558 590
558 1574
558 806
558 678
558 614
558 566
558 1578
558 810
558 682
558 618
558 570
558 1581
558 813
558 685
558 621
558 573
558 559
559 1583
559 815
559 687
559 623
559 575
559 560
559 1071
559 1551
559 783
559 655
559 591
559 1575
559 807
559 679
559 615
559 567
559 1579
559 811
559 683
559 619
559 571
559 1581
559 813
559 685
559 621
559 573
560 1584
560 816
560 688
560 624
560 576
560 1072
560 1552
560 784
560 656
560 592
560 1576
560 808
560 680
560 616
560 568
560 1580
560 812
560 684
560 620
560 572
560 1582
560 814
560 686
560 622
560 574
560 1583
560 815
560 687
560 623
560 575
561 1585
561 817
561 689
561 625
561 569
561 565
561 563
561 562
561 1073
561 1553
561 785
561 657
561 593
561 1569
561 801
561 673
561 609
562 1586
562 818
562 690
562 626
562 570
562 566
562 564
562 1074
562 1554
562 786
562 658
562 594
562 1570
562 802
562 674
562 610
562 1585
562 817
562 689
562 625
562 569
562 565
562 563
563 1587
563 819
563 691
563 627
563 571
563 567
563 564
563 1075
563 1555
563 787
563 659
563 595
563 1571
563 803
563 675
563 611
563 1585
563 817
563 689
563 625
563 569
563 565
564 1588
564 820
564 692
564 628
564 572
564 568
564 1076
564 1556
564 788
564 660
564 596
564 1572
564 804
564 676
564 612
564 1586
564 818
564 690
564 626
564 570
564 566
564 1587
564 819
564 691
564 627
564 571
564 567
565 1589
565 821
565 693
565 629
565 573
565 567
565 566
565 1077
565 1557
565 789
565 661
565 597
565 1573
565 805
565 677
565 613
565 1585
565 817
565 689
565 625
565 569
566 1590
566 822
566 694
566 630
566 574
566 568
566 1078
566 1558
566 790
566 662
566 598
566 1574
566 806
566 678
566 614
566 1586
566 818
566 690
566 626
566 570
566 1589
566 821
566 693
566 629
566 573
566 567
567 1591
567 823
567 695
567 631
567 575
567 568
567 1079
567 1559
567 791
567 663
567 599
567 1575
567 807
567 679
567 615
567 1587
567 819
567 691
567 627
567 571
567 1589
567 821
567 693
567 629
567 573
568 1592
568 824
568 696
568 632
568 576
568 1080
568 1560
568 792
568 664
568 600
568 1576
568 808
568 680
568 616
568 1588
568 820
568 692
568 628
568 572
568 1590
568 822
568 694
568 630
568 574
568 1591
568 823
568 695
568 631
568 575
569 1593
569 825
569 697
569 633
569 573
569 571
569 570
569 1081
569 1561
569 793
569 665
569 601
569 1577
569 809
569 681
569 617
569 1585
569 817
569 689
569 625
570 1594
570 826
570 698
570 634
570 574
570 572
570 1082
570 1562
570 794
570 666
570 602
570 1578
570 810
570 682
570 618
570 1586
570 818
570 690
570 626
570 1593
570 825
570 697
570 633
570 573
570 571
571 1595
571 827
571 699
571 635
571 575
571 572
571 1083
571 1563
571 795
571 667
571 603
571 1579
571 811
571 683
571 619
571 1587
571 819
571 691
571 627
571 1593
571 825
571 697
571 633
571 573
572 1596
572 828
572 700
572 636
572 576
572 1084
572 1564
572 796
572 668
572 604
572 1580
572 812
572 684
572 620
572 1588
572 820
572 692
572 628
572 1594
572 826
572 698
572 634
572 574
572 1595
572 827
572 699
572 635
572 575
573 1597
573 829
573 701
573 637
573 575
573 574
573 1085
573 1565
573 797
573 669
573 605
573 1581
573 813
573 685
573 621
573 1589
573 821
573 693
573 629
573 1593
573 825
573 697
573 633
574 1598
574 830
574 702
574 638
574 576
574 1086
574 1566
574 798
574 670
574 606
574 1582
574 814
574 686
574 622
574 1590
574 822
574 694
574 630
574 1594
574 826
574 698
574 634
574 1597
574 829
574 701
574 637
574 575
575 1599
575 831
575 703
575 639
575 576
575 1087
575 1567
575 799
575 671
575 607
575 1583
575 815
575 687
575 623
575 1591
575 823
575 695
575 631
575 1595
575 827
575 699
575 635
575 1597
575 829
575 701
575 637
576 1600
576 832
576 704
576 640
576 1088
576 1568
576 800
576 672
576 608
576 1584
576 816
576 688
576 624
576 1592
576 824
576 696
576 632
576 1596
576 828
576 700
576 636
576 1598
576 830
576 702
576 638
576 1599
576 831
576 703
576 639
577 1601
577 833
577 705
577 609
577 593
577 585
577 581
577 579
577 578
577 1089
577 1537
577 769
577 641
578 1602
578 834
578 706
578 610
578 594
578 586
578 582
578 580
578 1090
578 1538
578 770
578 642
578 1601
578 833
578 705
578 609
578 593
578 585
578 581
578 579
579 1603
579 835
579 707
579 611
579 595
579 587
579 583
579 580
579 1091
579 1539
579 771
579 643
579 1601
579 833
579 705
579 609
579 593
579 585
579 581
580 1604
580 836
580 708
580 612
580 596
580 588
580 584
580 1092
580 1540
580 772
580 644
580 1602
580 834
580 706
580 610
580 594
580 586
580 582
580 1603
580 835
580 707
580 611
580 595
580 587
580 583
581 1605
581 837
581 709
581 613
581 597
581 589
581 583
581 582
581 1093
581 1541
581 773
581 645
581 1601
581 833
581 705
581 609
581 593
581 585
582 1606
582 838
582 710
582 614
582 598
582 590
582 584
582 1094
582 1542
582 774
582 646
582 1602
582 834
582 706
582 610
582 594
582 586
582 1605
582 837
582 709
582 613
582 597
582 589
582 583
583 1607
583 839
583 711
583 615
583 599
583 591
583 584
583 1095
583 1543
583 775
583 647
583 1603
583 835
583 707
583 611
583 595
583 587
583 1605
583 837
583 709
583 613
583 597
583 589
584 1608
584 840
584 712
584 616
584 600
584 592
584 1096
584 1544
584 776
584 648
584 1604
584 836
584 708
584 612
584 596
584 588
584 1606
584 838
584 710
584 614
584 598
584 590
584 1607
584 839
584 711
584 615
584 599
584 591
585 1609
585 841
585 713
585 617
585 601
585 589
585 587
585 586
585 1097
585 1545
585 777
585 649
585 1601
585 833
585 705
585 609
585 593
586 1610
586 842
586 714
586 618
586 602
586 590
586 588
586 1098
586 1546
586 778
586 650
586 1602
586 834
586 706
586 610
586 594
586 1609
586 841
586 713
586 617
586 601
586 589
586 587
587 1611
587 843
587 715
587 619
587 603
587 591
587 588
587 1099
587 1547
587 779
587 651
587 1603
587 835
587 707
587 611
587 595
587 1609
587 841
587 713
587 617
587 601
587 589
588 1612
588 844
588 716
588 620
588 604
588 592
588 1100
588 1548
588 780
588 652
588 1604
588 836
588 708
588 612
588 596
588 1610
588 842
588 714
588 618
588 602
588 590
588 1611
588 843
588 715
588 619
588 603
588 591
589 1613
589 845
589 717
589 621
589 605
589 591
589 590
589 1101
589 1549
589 781
589 653
589 1605
589 837
589 709
589 613
589 597
589 1609
589 841
589 713
589 617
589 601
590 1614
590 846
590 718
590 622
590 606
590 592
590 1102
590 1550
590 782
590 654
590 1606
590 838
590 710
590 614
590 598
590 1610
590 842
590 714
590 618
590 602
590 1613
590 845
590 717
590 621
590 605
590 591
591 1615
591 847
591 719
591 623
591 607
591 592
591 1103
591 1551
591 783
591 655
591 1607
591 839
591 711
591 615
591 599
591 1611
591 843
591 715
591 619
591 603
591 1613
591 845
591 717
591 621
591 605
592 1616
592 848
592 720
592 624
592 608
592 1104
592 1552
592 784
592 656
592 1608
592 840
592 712
592 616
592 600
592 1612
592 844
592 716
592 620
592 604
592 1614
592 846
592 718
592 622
592 606
592 1615
592 847
592 719
592 623
592 607
593 1617
593 849
593 721
593 625
593 601
593 597
593 595
593 594
593 1105
593 1553
593 785
593 657
593 1601
593 833
593 705
593 609
594 1618
594 850
594 722
594 626
594 602
594 598
594 596
594 1106
594 1554
594 786
594 658
594 1602
594 834
594 706
594 610
594 1617
594 849
594 721
594 625
594 601
594 597
594 595
595 1619
595 851
595 723
595 627
595 603
595 599
595 596
595 1107
595 1555
595 787
595 659
595 1603
595 835
595 707
595 611
595 1617
595 849
595 721
595 625
595 601
595 597
596 1620
596 852
596 724
596 628
596 604
596 600
596 1108
596 1556
596 788
596 660
596 1604
596 836
596 708
596 612
596 1618
596 850
596 722
596 626
596 602
596 598
596 1619
596 851
596 723
596 627
596 603
596 599
597 1621
597 853
597 725
597 629
597 605
597 599
597 598
597 1109
597 1557
597 789
597 661
597 1605
597 837
597 709
597 613
597 1617
597 849
597 721
597 625
597 601
598 1622
598 854
598 726
598 630
598 606
598 600
598 1110
598 1558
598 790
598 662
598 1606
598 838
598 710
598 614
598 1618
598 850
598 722
598 626
598 602
598 1621
598 853
598 725
598 629
598 605
598 599
599 1623
599 855
599 727
599 631
599 607
599 600
599 1111
599 1559
599 791
599 663
599 1607
599 839
599 711
599 615
599 1619
599 851
599 723
599 627
599 603
599 1621
599 853
599 725
599 629
599 605
600 1624
600 856
600 728
600 632
600 608
600 1112
600 1560
600 792
600 664
600 1608
600 840
600 712
600 616
600 1620
600 852
600 724
600 628
600 604
600 1622
600 854
600 726
600 630
600 606
600 1623
600 855
600 727
600 631
600 607
601 1625
601 857
601 729
601 633
601 605
601 603
601 602
601 1113
601 1561
601 793
601 665
601 1609
601 841
601 713
601 617
601 1617
601 849
601 721
601 625
602 1626
602 858
602 730
602 634
602 606
602 604
602 1114
602 1562
602 794
602 666
602 1610
602 842
602 714
602 618
602 1618
602 850
602 722
602 626
602 1625
602 857
602 729
602 633
602 605
602 603
603 1627
603 859
603 731
603 635
603 607
603 604
603 1115
603 1563
603 795
603 667
603 1611
603 843
603 715
603 619
603 1619
603 851
603 723
603 627
603 1625
603 857
603 729
603 633
603 605
604 1628
604 860
604 732
604 636
604 608
604 1116
604 1564
604 796
604 668
604 1612
604 844
604 716
604 620
604 1620
604 852
604 724
604 628
604 1626
604 858
604 730
604 634
604 606
604 1627
604 859
604 731
604 635
604 607
605 1629
605 861
605 733
605 637
605 607
605 606
605 1117
605 1565
605 797
605 669
605 1613
605 845
605 717
605 621
605 1621
605 853
605 725
605 629
605 1625
605 857
605 729
605 633
606 1630
606 862
606 734
606 638
606 608
606 1118
606 1566
606 798
606 670
606 1614
606 846
606 718
606 622
606 1622
606 854
606 726
606 630
606 1626
606 858
606 730
606 634
606 1629
606 861
606 733
606 637
606 607
607 1631
607 863
607 735
607 639
607 608
607 1119
607 1567
607 799
607 671
607 1615
607 847
607 719
607 623
607 1623
607 855
607 727
607 631
607 1627
607 859
607 731
607 635
607 1629
607 861
607 733
607 637
608 1632
608 864
608 736
608 640
608 1120
608 1568
608 800
608 672
608 1616
608 848
608 720
608 624
608 1624
608 856
608 728
608 632
608 1628
608 860
608 732
608 636
608 1630
608 862
608 734
608 638
608 1631
608 863
608 735
608 639
609 1633
609 865
609 737
609 625
609 617
609 613
609 611
609 610
609 1121
609 1569
609 801
609 673
609 1601
609 833
609 705
610 1634
610 866
610 738
610 626
610 618
610 614
610 612
610 1122
610 1570
610 802
610 674
610 1602
610 834
610 706
610 1633
610 865
610 737
610 625
610 617
610 613
610 611
611 1635
611 867
611 739
611 627
611 619
611 615
611 612
611 1123
611 1571
611 803
611 675
611 1603
611 835
611 707
611 1633
611 865
611 737
611 625
611 617
611 613
612 1636
612 868
612 740
612 628
612 620
612 616
612 1124
612 1572
612 804
612 676
612 1604
612 836
612 708
612 1634
612 866
612 738
612 626
612 618
612 614
612 1635
612 867
612 739
612 627
612 619
612 615
613 1637
613 869
613 741
613 629
613 621
613 615
613 614
613 1125
613 1573
613 805
613 677
613 1605
613 837
613 709
613 1633
613 865
613 737
613 625
613 617
614 1638
614 870
614 742
614 630
614 622
614 616
614 1126
614 1574
614 806
614 678
614 1606
614 838
614 710
614 1634
614 866
614 738
614 626
614 618
614 1637
614 869
614 741
614 629
614 621
614 615
615 1639
615 871
615 743
615 631
615 623
615 616
615 1127
615 1575
615 807
615 679
615 1607
615 839
615 711
615 1635
615 867
615 739
615 627
615 619
615 1637
615 869
615 741
615 629
615 621
616 1640
616 872
616 744
616 632
616 624
616 1128
616 1576
616 808
616 680
616 1608
616 840
616 712
616 1636
616 868
616 740
616 628
616 620
616 1638
616 870
616 742
616 630
616 622
616 1639
616 871
616 743
616 631
616 623
617 1641
617 873
617 745
617 633
617 621
617 619
617 618
617 1129
617 1577
617 809
617 681
617 1609
617 841
617 713
617 1633
617 865
617 737
617 625
618 1642
618 874
618 746
618 634
618 622
618 620
618 1130
618 1578
618 810
618 682
618 1610
618 842
618 714
618 1634
618 866
618 738
618 626
618 1641
618 873
618 745
618 633
618 621
618 619
619 1643
619 875
619 747
619 635
619 623
619 620
619 1131
619 1579
619 811
619 683
619 1611
619 843
619 715
619 1635
619 867
619 739
619 627
619 1641
619 873
619 745
619 633
619 621
620 1644
620 876
620 748
620 636
620 624
620 1132
620 1580
620 812
620 684
620 1612
620 844
620 716
620 1636
620 868
620 740
620 628
620 1642
620 874
620 746
620 634
620 622
620 1643
620 875
620 747
620 635
620 623
621 1645
621 877
621 749
621 637
621 623
621 622
621 1133
621 1581
621 813
621 685
621 1613
621 845
621 717
621 1637
621 869
621 741
621 629
621 1641
621 873
621 745
621 633
622 1646
622 878
622 750
622 638
622 624
622 1134
622 1582
622 814
622 686
622 1614
622 846
622 718
622 1638
622 870
622 742
622 630
622 1642
622 874
622 746
622 634
622 1645
622 877
622 749
622 637
622 623
623 1647
623 879
623 751
623 639
623 624
623 1135
623 1583
623 815
623 687
623 1615
623 847
623 719
623 1639
623 871
623 743
623 631
623 1643
623 875
623 747
623 635
623 1645
623 877
623 749
623 637
624 1648
624 880
624 752
624 640
624 1136
624 1584
624 816
624 688
624 1616
624 848
624 720
624 1640
624 872
624 744
624 632
624 1644
624 876
624 748
624 636
624 1646
624 878
624 750
624 638
624 1647
624 879
624 751
624 639
625 1649
625 881
625 753
625 633
625 629
625 627
625 626
625 1137
625 1585
625 817
625 689
625 1617
625 849
625 721
625 1633
625 865
625 737
626 1650
626 882
626 754
626 634
626 630
626 628
626 1138
626 1586
626 818
626 690
626 1618
626 850
626 722
626 1634
626 866
626 738
626 1649
626 881
626 753
626 633
626 629
626 627
627 1651
627 883
627 755
627 635
627 631
627 628
627 1139
627 1587
627 819
627 691
627 1619
627 851
627 723
627 1635
627 867
627 739
627 1649
627 881
627 753
627 633
627 629
628 1652
628 884
628 756
628 636
628 632
628 1140
628 1588
628 820
628 692
628 1620
628 852
628 724
628 1636
628 868
628 740
628 1650
628 882
628 754
628 634
628 630
628 1651
628 883
628 755
628 635
628 631
629 1653
629 885
629 757
629 637
629 631
629 630
629 1141
629 1589
629 821
629 693
629 1621
629 853
629 725
629 1637
629 869
629 741
629 1649
629 881
629 753
629 633
630 1654
630 886
630 758
630 638
630 632
630 1142
630 1590
630 822
630 694
630 1622
630 854
630 726
630 1638
630 870
630 742
630 1650
630 882
630 754
630 634
630 1653
630 885
630 757
630 637
630 631
631 1655
631 887
631 759
631 639
631 632
631 1143
631 1591
631 823
631 695
631 1623
631 855
631 727
631 1639
631 871
631 743
631 1651
631 883
631 755
631 635
631 1653
631 885
631 757
631 637
632 1656
632 888
632 760
632 640
632 1144
632 1592
632 824
632 696
632 1624
632 856
632 728
632 1640
632 872
632 744
632 1652
632 884
632 756
632 636
632 1654
632 886
632 758
632 638
632 1655
632 887
632 759
632 639
633 1657
633 889
633 761
633 637
633 635
633 634
633 1145
633 1593
633 825
633 697
633 1625
633 857
633 729
633 1641
633 873
633 745
633 1649
633 881
633 753
634 1658
634 890
634 762
634 638
634 636
634 1146
634 1594
634 826
634 698
634 1626
634 858
634 730
634 1642
634 874
634 746
634 1650
634 882
634 754
634 1657
634 889
634 761
634 637
634 635
635 1659
635 891
635 763
635 639
635 636
635 1147
635 1595
635 827
635 699
635 1627
635 859
635 731
635 1643
635 875
635 747
635 1651
635 883
635 755
635 1657
635 889
635 761
635 637
636 1660
636 892
636 764
636 640
636 1148
636 1596
636 828
636 700
636 1628
636 860
636 732
636 1644
636 876
636 748
636 1652
636 884
636 756
636 1658
636 890
636 762
636 638
636 1659
636 891
636 763
636 639
637 1661
637 893
637 765
637 639
637 638
637 1149
637 1597
637 829
637 701
637 1629
637 861
637 733
637 1645
637 877
637 749
637 1653
637 885
637 757
637 1657
637 889
637 761
638 1662
638 894
638 766
638 640
638 1150
638 1598
638 830
638 702
638 1630
638 862
638 734
638 1646
638 878
638 750
638 1654
638 886
638 758
638 1658
638 890
638 762
638 1661
638 893
638 765
638 639
639 1663
639 895
639 767
639 640
639 1151
639 1599
639 831
639 703
639 1631
639 863
639 735
639 1647
639 879
639 751
639 1655
639 887
639 759
639 1659
639 891
639 763
639 1661
639 893
639 765
640 1664
640 896
640 768
640 1152
640 1600
640 832
640 704
640 1632
640 864
640 736
640 1648
640 880
640 752
640 1656
640 888
640 760
640 1660
640 892
640 764
640 1662
640 894
640 766
640 1663
640 895
640 767
641 1665
641 897
641 705
641 673
641 657
641 649
641 645
641 643
641 642
641 1153
641 1537
641 769
642 1666
642 898
642 706
642 674
642 658
642 650
642 646
642 644
642 1154
642 1538
642 770
642 1665
642 897
642 705
642 673
642 657
642 649
642 645
642 643
643 1667
643 899
643 707
643 675
643 659
643 651
643 647
643 644
643 1155
643 1539
643 771
643 1665
643 897
643 705
643 673
643 657
643 649
643 645
644 1668
644 900
644 708
644 676
644 660
644 652
644 648
644 1156
644 1540
644 772
644 1666
644 898
644 706
644 674
644 658
644 650
644 646
644 1667
644 899
644 707
644 675
644 659
644 651
644 647
645 1669
645 901
645 709
645 677
645 661
645 653
645 647
645 646
645 1157
645 1541
645 773
645 1665
645 897
645 705
645 673
645 657
645 649
646 1670
646 902
646 710
646 678
646 662
646 654
646 648
646 1158
646 1542
646 774
646 1666
646 898
646 706
646 674
646 658
646 650
646 1669
646 901
646 709
646 677
646 661
646 653
646 647
647 1671
647 903
647 711
647 679
647 663
647 655
647 648
647 1159
647 1543
647 775
647 1667
647 899
647 707
647 675
647 659
647 651
647 1669
647 901
647 709
647 677
647 661
647 653
648 1672
648 904
648 712
648 680
648 664
648 656
648 1160
648 1544
648 776
648 1668
648 900
648 708
648 676
648 660
648 652
648 1670
648 902
648 710
648 678
648 662
648 654
648 1671
648 903
648 711
648 679
648 663
648 655
649 1673
649 905
649 713
649 681
649 665
649 653
649 651
649 650
649 1161
649 1545
649 777
649 1665
649 897
649 705
649 673
649 657
650 1674
650 906
650 714
650 682
650 666
650 654
650 652
650 1162
650 1546
650 778
650 1666
650 898
650 706
650 674
650 658
650 1673
650 905
650 713
650 681
650 665
650 653
650 651
651 1675
651 907
651 715
651 683
651 667
651 655
651 652
651 1163
651 1547
651 779
651 1667
651 899
651 707
651 675
651 659
651 1673
651 905
651 713
651 681
651 665
651 653
652 1676
652 908
652 716
652 684
652 668
652 656
652 1164
652 1548
652 780
652 1668
652 900
652 708
652 676
652 660
652 1674
652 906
652 714
652 682
652 666
652 654
652 1675
652 907
652 715
652 683
652 667
652 655
653 1677
653 909
653 717
653 685
653 669
653 655
653 654
653 1165
653 1549
653 781
653 1669
653 901
653 709
653 677
653 661
653 1673
653 905
653 713
653 681
653 665
654 1678
654 910
654 718
654 686
654 670
654 656
654 1166
654 1550
654 782
654 1670
654 902
654 710
654 678
654 662
654 1674
654 906
654 714
654 682
654 666
654 1677
654 909
654 717
654 685
654 669
654 655
655 1679
655 911
655 719
655 687
655 671
655 656
655 1167
655 1551
655 783
655 1671
655 903
655 711
655 679
655 663
655 1675
655 907
655 715
655 683
655 667
655 1677
655 909
655 717
655 685
655 669
656 1680
656 912
656 720
656 688
656 672
656 1168
656 1552
656 784
656 1672
656 904
656 712
656 680
656 664
656 1676
656 908
656 716
656 684
656 668
656 1678
656 910
656 718
656 686
656 670
656 1679
656 911
656 719
656 687
656 671
657 1681
657 913
657 721
657 689
657 665
657 661
657 659
657 658
657 1169
657 1553
657 785
657 1665
657 897
657 705
657 673
658 1682
658 914
658 722
658 690
658 666
658 662
658 660
658 1170
658 1554
658 786
658 1666
658 898
658 706
658 674
658 1681
658 913
658 721
658 689
658 665
658 661
658 659
659 1683
659 915
659 723
659 691
659 667
659 663
659 660
659 1171
659 1555
659 787
659 1667
659 899
659 707
659 675
659 1681
659 913
659 721
659 689
659 665
659 661
660 1684
660 916
660 724
660 692
660 668
660 664
660 1172
660 1556
660 788
660 1668
660 900
660 708
660 676
660 1682
660 914
660 722
660 690
660 666
660 662
660 1683
660 915
660 723
660 691
660 667
660 663
661 1685
661 917
661 725
661 693
661 669
661 663
661 662
661 1173
661 1557
661 789
661 1669
661 901
661 709
661 677
661 1681
661 913
661 721
661 689
661 665
662 1686
662 918
662 726
662 694
662 670
662 664
662 1174
662 1558
662 790
662 1670
662 902
662 710
662 678
662 1682
662 914
662 722
662 690
662 666
662 1685
662 917
662 725
662 693
662 669
662 663
663 1687
663 919
663 727
663 695
663 671
663 664
663 1175
663 1559
663 791
663 1671
663 903
663 711
663 679
663 1683
663 915
663 723
663 691
663 667
663 1685
663 917
663 725
663 693
663 669
664 1688
664 920
664 728
664 696
664 672
664 1176
664 1560
664 792
664 1672
664 904
664 712
664 680
664 1684
664 916
664 724
664 692
664 668
664 1686
664 918
664 726
664 694
664 670
664 1687
664 919
664 727
664 695
664 671
665 1689
665 921
665 729
665 697
665 669
665 667
665 666
665 1177
665 1561
665 793
665 1673
665 905
665 713
665 681
665 1681
665 913
665 721
665 689
666 1690
666 922
666 730
666 698
666 670
666 668
666 1178
666 1562
666 794
666 1674
666 906
666 714
666 682
666 1682
666 914
666 722
666 690
666 1689
666 921
666 729
666 697
666 669
666 667
667 1691
667 923
667 731
667 699
667 671
667 668
667 1179
667 1563
667 795
667 1675
667 907
667 715
667 683
667 1683
667 915
667 723
667 691
667 1689
667 921
667 729
667 697
667 669
668 1692
668 924
668 732
668 700
668 672
668 1180
668 1564
668 796
668 1676
668 908
668 716
668 684
668 1684
668 916
668 724
668 692
668 1690
668 922
668 730
668 698
668 670
668 1691
668 923
668 731
668 699
668 671
669 1693
669 925
669 733
669 701
669 671
669 670
669 1181
669 1565
669 797
669 1677
669 909
669 717
669 685
669 1685
669 917
669 725
669 693
669 1689
669 921
669 729
669 697
670 1694
670 926
670 734
670 702
670 672
670 1182
670 1566
670 798
670 1678
670 910
670 718
670 686
670 1686
670 918
670 726
670 694
670 1690
670 922
670 730
670 698
670 1693
670 925
670 733
670 701
670 671
671 1695
671 927
671 735
671 703
671 672
671 1183
671 1567
671 799
671 1679
671 911
671 719
671 687
671 1687
671 919
671 727
671 695
671 1691
671 923
671 731
671 699
671 1693
671 925
671 733
671 701
672 1696
672 928
672 736
672 704
672 1184
672 1568
672 800
672 1680
672 912
672 720
672 688
672 1688
672 920
672 728
672 696
672 1692
672 924
672 732
672 700
672 1694
672 926
672 734
672 702
672 1695
672 927
672 735
672 703
673 1697
673 929
673 737
673 689
673 681
673 677
673 675
673 674
673 1185
673 1569
673 801
673 1665
673 897
673 705
674 1698
674 930
674 738
674 690
674 682
674 678
674 676
674 1186
674 1570
674 802
674 1666
674 898
674 706
674 1697
674 929
674 737
674 689
674 681
674 677
674 675
675 1699
675 931
675 739
675 691
675 683
675 679
675 676
675 1187
675 1571
675 803
675 1667
675 899
675 707
675 1697
675 929
675 737
675 689
675 681
675 677
676 1700
676 932
676 740
676 692
676 684
676 680
676 1188
676 1572
676 804
676 1668
676 900
676 708
676 1698
676 930
676 738
676 690
676 682
676 678
676 1699
676 931
676 739
676 691
676 683
676 679
677 1701
677 933
677 741
677 693
677 685
677 679
677 678
677 1189
677 1573
677 805
677 1669
677 901
677 709
677 1697
677 929
677 737
677 689
677 681
678 1702
678 934
678 742
678 694
678 686
678 680
678 1190
678 1574
678 806
678 1670
678 902
678 710
678 1698
678 930
678 738
678 690
678 682
678 1701
678 933
678 741
678 693
678 685
678 679
679 1703
679 935
679 743
679 695
679 687
679 680
679 1191
679 1575
679 807
679 1671
679 903
679 711
679 1699
679 931
679 739
679 691
679 683
679 1701
679 933
679 741
679 693
679 685
680 1704
680 936
680 744
680 696
680 688
680 1192
680 1576
680 808
680 1672
680 904
680 712
680 1700
680 932
680 740
680 692
680 684
680 1702
680 934
680 742
680 694
680 686
680 1703
680 935
680 743
680 695
680 687
681 1705
681 937
681 745
681 697
681 685
681 683
681 682
681 1193
681 1577
681 809
681 1673
681 905
681 713
681 1697
681 929
681 737
681 689
682 1706
682 938
682 746
682 698
682 686
682 684
682 1194
682 1578
682 810
682 1674
682 906
682 714
682 1698
682 930
682 738
682 690
682 1705
682 937
682 745
682 697
682 685
682 683
683 1707
683 939
683 747
683 699
683 687
683 684
683 1195
683 1579
683 811
683 1675
683 907
683 715
683 1699
683 931
683 739
683 691
683 1705
683 937
683 745
683 697
683 685
684 1708
684 940
684 748
684 700
684 688
684 1196
684 1580
684 812
684 1676
684 908
684 716
684 1700
684 932
684 740
684 692
684 1706
684 938
684 746
684 698
684 686
684 1707
684 939
684 747
684 699
684 687
685 1709
685 941
685 749
685 701
685 687
685 686
685 1197
685 1581
685 813
685 1677
685 909
685 717
685 1701
685 933
685 741
685 693
685 1705
685 937
685 745
685 697
686 1710
686 942
686 750
686 702
686 688
686 1198
686 1582
686 814
686 1678
686 910
686 718
686 1702
686 934
686 742
686 694
686 1706
686 938
686 746
686 698
686 1709
686 941
686 749
686 701
686 687
687 1711
687 943
687 751
687 703
687 688
687 1199
687 1583
687 815
687 1679
687 911
687 719
687 1703
687 935
687 743
687 695
687 1707
687 939
687 747
687 699
687 1709
687 941
687 749
687 701
688 1712
688 944
688 752
688 704
688 1200
688 1584
688 816
688 1680
688 912
688 720
688 1704
688 936
688 744
688 696
688 1708
688 940
688 748
688 700
688 1710
688 942
688 750
688 702
688 1711
688 943
688 751
688 703
689 1713
689 945
689 753
689 697
689 693
689 691
689 690
689 1201
689 1585
689 817
689 1681
689 913
689 721
689 1697
689 929
689 737
690 1714
690 946
690 754
690 698
690 694
690 692
690 1202
690 1586
690 818
690 1682
690 914
690 722
690 1698
690 930
690 738
690 1713
690 945
690 753
690 697
690 693
690 691
691 1715
691 947
691 755
691 699
691 695
691 692
691 1203
691 1587
691 819
691 1683
691 915
691 723
691 1699
691 931
691 739
691 1713
691 945
691 753
691 697
691 693
692 1716
692 948
692 756
692 700
692 696
692 1204
692 1588
692 820
692 1684
692 916
692 724
692 1700
692 932
692 740
692 1714
692 946
692 754
692 698
692 694
692 1715
692 947
692 755
692 699
692 695
693 1717
693 949
693 757
693 701
693 695
693 694
693 1205
693 1589
693 821
693 1685
693 917
693 725
693 1701
693 933
693 741
693 1713
693 945
693 753
693 697
694 1718
694 950
694 758
694 702
694 696
694 1206
694 1590
694 822
694 1686
694 918
694 726
694 1702
694 934
694 742
694 1714
694 946
694 754
694 698
694 1717
694 949
694 757
694 701
694 695
695 1719
695 951
695 759
695 703
695 696
695 1207
695 1591
695 823
695 1687
695 919
695 727
695 1703
695 935
695 743
695 1715
695 947
695 755
695 699
695 1717
695 949
695 757
695 701
696 1720
696 952
696 760
696 704
696 1208
696 1592
696 824
696 1688
696 920
696 728
696 1704
696 936
696 744
696 1716
696 948
696 756
696 700
696 1718
696 950
696 758
696 702
696 1719
696 951
696 759
696 703
697 1721
697 953
697 761
697 701
697 699
697 698
697 1209
697 1593
697 825
697 1689
697 921
697 729
697 1705
697 937
697 745
697 1713
697 945
697 753
698 1722
698 954
698 762
698 702
698 700
698 1210
698 1594
698 826
698 1690
698 922
698 730
698 1706
698 938
698 746
698 1714
698 946
698 754
698 1721
698 953
698 761
698 701
698 699
699 1723
699 955
699 763
699 703
699 700
699 1211
699 1595
699 827
699 1691
699 923
699 731
699 1707
699 939
699 747
699 1715
699 947
699 755
699 1721
699 953
699 761
699 701
700 1724
700 956
700 764
700 704
700 1212
700 1596
700 828
700 1692
700 924
700 732
700 1708
700 940
700 748
700 1716
700 948
700 756
700 1722
700 954
700 762
700 702
700 1723
700 955
700 763
700 703
701 1725
701 957
701 765
701 703
701 702
701 1213
701 1597
701 829
701 1693
701 925
701 733
701 1709
701 941
701 749
701 1717
701 949
701 757
701 1721
701 953
701 761
702 1726
702 958
702 766
702 704
702 1214
702 1598
702 830
702 1694
702 926
702 734
702 1710
702 942
702 750
702 1718
702 950
702 758
702 1722
702 954
702 762
702 1725
702 957
702 765
702 703
703 1727
703 959
703 767
703 704
703 1215
703 1599
703 831
703 1695
703 927
703 735
703 1711
703 943
703 751
703 1719
703 951
703 759
703 1723
703 955
703 763
703 1725
703 957
703 765
704 1728
704 960
704 768
704 1216
704 1600
704 832
704 1696
704 928
704 736
704 1712
704 944
704 752
704 1720
704 952
704 760
704 1724
704 956
704 764
704 1726
704 958
704 766
704 1727
704 959
704 767
705 1729
705 961
705 737
705 721
705 713
705 709
705 707
705 706
705 1217
705 1601
705 833
705 1665
705 897
706 1730
706 962
706 738
706 722
706 714
706 710
706 708
706 1218
706 1602
706 834
706 1666
706 898
706 1729
706 961
706 737
706 721
706 713
706 709
706 707
707 1731
707 963
707 739
707 723
707 715
707 711
707 708
707 1219
707 1603
707 835
707 1667
707 899
707 1729
707 961
707 737
707 721
707 713
707 709
708 1732
708 964
708 740
708 724
708 716
708 712
708 1220
708 1604
708 836
708 1668
708 900
708 1730
708 962
708 738
708 722
708 714
708 710
708 1731
708 963
708 739
708 723
708 715
708 711
709 1733
709 965
709 741
709 725
709 717
709 711
709 710
709 1221
709 1605
709 837
709 1669
709 901
709 1729
709 961
709 737
709 721
709 713
710 1734
710 966
710 742
710 726
710 718
710 712
710 1222
710 1606
710 838
710 1670
710 902
710 1730
710 962
710 738
710 722
710 714
710 1733
710 965
710 741
710 725
710 717
710 711
711 1735
711 967
711 743
711 727
711 719
711 712
711 1223
711 1607
711 839
711 1671
711 903
711 1731
711 963
711 739
711 723
711 715
711 1733
711 965
711 741
711 725
711 717
712 1736
712 968
712 744
712 728
712 720
712 1224
712 1608
712 840
712 1672
712 904
712 1732
712 964
712 740
712 724
712 716
712 1734
712 966
712 742
712 726
712 718
712 1735
712 967
712 743
712 727
712 719
713 1737
713 969
713 745
713 729
713 717
713 715
713 714
713 1225
713 1609
713 841
713 1673
713 905
713 1729
713 961
713 737
713 721
714 1738
714 970
714 746
714 730
714 718
714 716
714 1226
714 1610
714 842
714 1674
714 906
714 1730
714 962
714 738
714 722
714 1737
714 969
714 745
714 729
714 717
714 715
715 1739
715 971
715 747
715 731
715 719
715 716
715 1227
715 1611
715 843
715 1675
715 907
715 1731
715 963
715 739
715 723
715 1737
715 969
715 745
715 729
715 717
716 1740
716 972
716 748
716 732
716 720
716 1228
716 1612
716 844
716 1676
716 908
716 1732
716 964
716 740
716 724
716 1738
716 970
716 746
716 730
716 718
716 1739
716 971
716 747
716 731
716 719
717 1741
717 973
717 749
717 733
717 719
717 718
717 1229
717 1613
717 845
717 1677
717 909
717 1733
717 965
717 741
717 725
717 1737
717 969
717 745
717 729
718 1742
718 974
718 750
718 734
718 720
718 1230
718 1614
718 846
718 1678
718 910
718 1734
718 966
718 742
718 726
718 1738
718 970
718 746
718 730
718 1741
718 973
718 749
718 733
718 719
719 1743
719 975
719 751
719 735
719 720
719 1231
719 1615
719 847
719 1679
719 911
719 1735
719 967
719 743
719 727
719 1739
719 971
719 747
719 731
719 1741
719 973
719 749
719 733
720 1744
720 976
720 752
720 736
720 1232
720 1616
720 848
720 1680
720 912
720 1736
720 968
720 744
720 728
720 1740
720 972
720 748
720 732
720 1742
720 974
720 750
720 734
720 1743
720 975
720 751
720 735
721 1745
721 977
721 753
721 729
721 725
721 723
721 722
721 1233
721 1617
721 849
721 1681
721 913
721 1729
721 961
721 737
722 1746
722 978
722 754
722 730
722 726
722 724
722 1234
722 1618
722 850
722 1682
722 914
722 1730
722 962
722 738
722 1745
722 977
722 753
722 729
722 725
722 723
723 1747
723 979
723 755
723 731
723 727
723 724
723 1235
723 1619
723 851
723 1683
723 915
723 1731
723 963
723 739
723 1745
723 977
723 753
723 729
723 725
724 1748
724 980
724 756
724 732
724 728
724 1236
724 1620
724 852
724 1684
724 916
724 1732
724 964
724 740
724 1746
724 978
724 754
724 730
724 726
724 1747
724 979
724 755
724 731
724 727
725 1749
725 981
725 757
725 733
725 727
725 726
725 1237
725 1621
725 853
725 1685
725 917
725 1733
725 965
725 741
725 1745
725 977
725 753
725 729
726 1750
726 982
726 758
726 734
726 728
726 1238
726 1622
726 854
726 1686
726 918
726 1734
726 966
726 742
726 1746
726 978
726 754
726 730
726 1749
726 981
726 757
726 733
726 727
727 1751
727 983
727 759
727 735
727 728
727 1239
727 1623
727 855
727 1687
727 919
727 1735
727 967
727 743
727 1747
727 979
727 755
727 731
727 1749
727 981
727 757
727 733
728 1752
728 984
728 760
728 736
728 1240
728 1624
728 856
728 1688
728 920
728 1736
728 968
728 744
728 1748
728 980
728 756
728 732
728 1750
728 982
728 758
728 734
728 1751
728 983
728 759
728 735
729 1753
729 985
729 761
729 733
729 731
729 730
729 1241
729 1625
729 857
729 1689
729 921
729 1737
729 969
729 745
729 1745
729 977
729 753
730 1754
730 986
730 762
730 734
730 732
730 1242
730 1626
730 858
730 1690
730 922
730 1738
730 970
730 746
730 1746
730 978
730 754
730 1753
730 985
730 761
730 733
730 731
731 1755
731 987
731 763
731 735
731 732
731 1243
731 1627
731 859
731 1691
731 923
731 1739
731 971
731 747
731 1747
731 979
731 755
731 1753
731 985
731 761
731 733
732 1756
732 988
732 764
732 736
732 1244
732 1628
732 860
732 1692
732 924
732 1740
732 972
732 748
732 1748
732 980
732 756
732 1754
732 986
732 762
732 734
732 1755
732 987
732 763
732 735
733 1757
733 989
733 765
733 735
733 734
733 1245
733 1629
733 861
733 1693
733 925
733 1741
733 973
733 749
733 1749
733 981
733 757
733 1753
733 985
733 761
734 1758
734 990
734 766
734 736
734 1246
734 1630
734 862
734 1694
734 926
734 1742
734 974
734 750
734 1750
734 982
734 758
734 1754
734 986
734 762
734 1757
734 989
734 765
734 735
735 1759
735 991
735 767
735 736
735 1247
735 1631
735 863
735 1695
735 927
735 1743
735 975
735 751
735 1751
735 983
735 759
735 1755
735 987
735 763
735 1757
735 989
735 765
736 1760
736 992
736 768
736 1248
736 1632
736 864
736 1696
736 928
736 1744
736 976
736 752
736 1752
736 984
736 760
736 1756
736 988
736 764
736 1758
736 990
736 766
736 1759
736 991
736 767
737 1761
737 993
737 753
737 745
737 741
737 739
737 738
737 1249
737 1633
737 865
737 1697
737 929
737 1729
737 961
738 1762
738 994
738 754
738 746
738 742
738 740
738 1250
738 1634
738 866
738 1698
738 930
738 1730
738 962
738 1761
738 993
738 753
738 745
738 741
738 739
739 1763
739 995
739 755
739 747
739 743
739 740
739 1251
739 1635
739 867
739 1699
739 931
739 1731
739 963
739 1761
739 993
739 753
739 745
739 741
740 1764
740 996
740 756
740 748
740 744
740 1252
740 1636
740 868
740 1700
740 932
740 1732
740 964
740 1762
740 994
740 754
740 746
740 742
740 1763
740 995
740 755
740 747
740 743
741 1765
741 997
741 757
741 749
741 743
741 742
741 1253
741 1637
741 869
741 1701
741 933
741 1733
741 965
741 1761
741 993
741 753
741 745
742 1766
742 998
742 758
742 750
742 744
742 1254
742 1638
742 870
742 1702
742 934
742 1734
742 966
742 1762
742 994
742 754
742 746
742 1765
742 997
742 757
742 749
742 743
743 1767
743 999
743 759
743 751
743 744
743 1255
743 1639
743 871
743 1703
743 935
743 1735
743 967
743 1763
743 995
743 755
743 747
743 1765
743 997
743 757
743 749
744 1768
744 1000
744 760
744 752
744 1256
744 1640
744 872
744 1704
744 936
744 1736
744 968
744 1764
744 996
744 756
744 748
744 1766
744 998
744 758
744 750
744 1767
744 999
744 759
744 751
745 1769
745 1001
745 761
745 749
745 747
745 746
745 1257
745 1641
745 873
745 1705
745 937
745 1737
745 969
745 1761
745 993
745 753
746 1770
746 1002
746 762
746 750
746 748
746 1258
746 1642
746 874
746 1706
746 938
746 1738
746 970
746 1762
746 994
746 754
746 1769
746 1001
746 761
746 749
746 747
747 1771
747 1003
747 763
747 751
747 748
747 1259
747 1643
747 875
747 1707
747 939
747 1739
747 971
747 1763
747 995
747 755
747 1769
747 1001
747 761
747 749
748 1772
748 1004
748 764
748 752
748 1260
748 1644
748 876
748 1708
748 940
748 1740
748 972
748 1764
748 996
748 756
748 1770
748 1002
748 762
748 750
748 1771
748 1003
748 763
748 751
749 1773
749 1005
749 765
749 751
749 750
749 1261
749 1645
749 877
749 1709
749 941
749 1741
749 973
749 1765
749 997
749 757
749 1769
749 1001
749 761
750 1774
750 1006
750 766
750 752
750 1262
750 1646
750 878
750 1710
750 942
750 1742
750 974
750 1766
750 998
750 758
750 1770
750 1002
750 762
750 1773
750 1005
750 765
750 751
751 1775
751 1007
751 767
751 752
751 1263
751 1647
751 879
751 1711
751 943
751 1743
751 975
751 1767
751 999
751 759
751 1771
751 1003
751 763
751 1773
751 1005
751 765
752 1776
752 1008
752 768
752 1264
752 1648
752 880
752 1712
752 944
752 1744
752 976
752 1768
752 1000
752 760
752 1772
752 1004
752 764
752 1774
752 1006
752 766
752 1775
752 1007
752 767
753 1777
753 1009
753 761
753 757
753 755
753 754
753 1265
753 1649
753 881
753 1713
753 945
753 1745
753 977
753 1761
753 993
754 1778
754 1010
754 762
754 758
754 756
754 1266
754 1650
754 882
754 1714
754 946
754 1746
754 978
754 1762
754 994
754 1777
754 1009
754 761
754 757
754 755
755 1779
755 1011
755 763
755 759
755 756
755 1267
755 1651
755 883
755 1715
755 947
755 1747
755 979
755 1763
755 995
755 1777
755 1009
755 761
755 757
756 1780
756 1012
756 764
756 760
756 1268
756 1652
756 884
756 1716
756 948
756 1748
756 980
756 1764
756 996
756 1778
756 1010
756 762
756 758
756 1779
756 1011
756 763
756 759
757 1781
757 1013
757 765
757 759
757 758
757 1269
757 1653
757 885
757 1717
757 949
757 1749
757 981
757 1765
757 997
757 1777
757 1009
757 761
758 1782
758 1014
758 766
758 760
758 1270
758 1654
758 886
758 1718
758 950
758 1750
758 982
758 1766
758 998
758 1778
758 1010
758 762
758 1781
758 1013
758 765
758 759
759 1783
759 1015
759 767
759 760
759 1271
759 1655
759 887
759 1719
759 951
759 1751
759 983
759 1767
759 999
759 1779
759 1011
759 763
759 1781
759 1013
759 765
760 1784
760 1016
760 768
760 1272
760 1656
760 888
760 1720
760 952
760 1752
760 984
760 1768
760 1000
760 1780
760 1012
760 764
760 1782
760 1014
760 766
760 1783
760 1015
760 767
761 1785
761 1017
761 765
761 763
761 762
761 1273
761 1657
761 889
761 1721
761 953
761 1753
761 985
761 1769
761 1001
761 1777
761 1009
762 1786
762 1018
762 766
762 764
762 1274
762 1658
762 890
762 1722
762 954
762 1754
762 986
762 1770
762 1002
762 1778
762 1010
762 1785
762 1017
762 765
762 763
763 1787
763 1019
763 767
763 764
763 1275
763 1659
763 891
763 1723
763 955
763 1755
763 987
763 1771
763 1003
763 1779
763 1011
763 1785
763 1017
763 765
764 1788
764 1020
764 768
764 1276
764 1660
764 892
764 1724
764 956
764 1756
764 988
764 1772
764 1004
764 1780
764 1012
764 1786
764 1018
764 766
764 1787
764 1019
764 767
765 1789
765 1021
765 767
765 766
765 1277
765 1661
765 893
765 1725
765 957
765 1757
765 989
765 1773
765 1005
765 1781
765 1013
765 1785
765 1017
766 1790
766 1022
766 768
766 1278
766 1662
766 894
766 1726
766 958
766 1758
766 990
766 1774
766 1006
766 1782
766 1014
766 1786
766 1018
766 1789
766 1021
766 767
767 1791
767 1023
767 768
767 1279
767 1663
767 895
767 1727
767 959
767 1759
767 991
767 1775
767 1007
767 1783
767 1015
767 1787
767 1019
767 1789
767 1021
768 1792
768 1024
768 1280
768 1664
768 896
768 1728
768 960
768 1760
768 992
768 1776
768 1008
768 1784
768 1016
768 1788
768 1020
768 1790
768 1022
768 1791
768 1023
769 1793
769 897
769 833
769 801
769 785
769 777
769 773
769 771
769 770
769 1281
769 1537
770 1794
770 898
770 834
770 802
770 786
770 778
770 774
770 772
770 1282
770 1538
770 1793
770 897
770 833
770 801
770 785
770 777
770 773
770 771
771 1795
771 899
771 835
771 803
771 787
771 779
771 775
771 772
771 1283
771 1539
771 1793
771 897
771 833
771 801
771 785
771 777
771 773
772 1796
772 900
772 836
772 804
772 788
772 780
772 776
772 1284
772 1540
772 1794
772 898
772 834
772 802
772 786
772 778
772 774
772 1795
772 899
772 835
772 803
772 787
772 779
772 775
773 1797
773 901
773 837
773 805
773 789
773 781
773 775
773 774
773 1285
773 1541
773 1793
773 897
773 833
773 801
773 785
773 777
774 1798
774 902
774 838
774 806
774 790
774 782
774 776
774 1286
774 1542
774 1794
774 898
774 834
774 802
774 786
774 778
774 1797
774 901
774 837
774 805
774 789
774 781
774 775
775 1799
775 903
775 839
775 807
775 791
775 783
775 776
775 1287
775 1543
775 1795
775 899
775 835
775 803
775 787
775 779
775 1797
775 901
775 837
775 805
775 789
775 781
776 1800
776 904
776 840
776 808
776 792
776 784
776 1288
776 1544
776 1796
776 900
776 836
776 804
776 788
776 780
776 1798
776 902
776 838
776 806
776 790
776 782
776 1799
776 903
776 839
776 807
776 791
776 783
777 1801
777 905
777 841
777 809
777 793
777 781
777 779
777 778
777 1289
777 1545
777 1793
777 897
777 833
777 801
777 785
778 1802
778 906
778 842
778 810
778 794
778 782
778 780
778 1290
778 1546
778 1794
778 898
778 834
778 802
778 786
778 1801
778 905
778 841
778 809
778 793
778 781
778 779
779 1803
779 907
779 843
779 811
779 795
779 783
779 780
779 1291
779 1547
779 1795
779 899
779 835
779 803
779 787
779 1801
779 905
779 841
779 809
779 793
779 781
780 1804
780 908
780 844
780 812
780 796
780 784
780 1292
780 1548
780 1796
780 900
780 836
780 804
780 788
780 1802
780 906
780 842
780 810
780 794
780 782
780 1803
780 907
780 843
780 811
780 795
780 783
781 1805
781 909
781 845
781 813
781 797
781 783
781 782
781 1293
781 1549
781 1797
781 901
781 837
781 805
781 789
781 1801
781 905
781 841
781 809
781 793
782 1806
782 910
782 846
782 814
782 798
782 784
782 1294
782 1550
782 1798
782 902
782 838
782 806
782 790
782 1802
782 906
782 842
782 810
782 794
782 1805
782 909
782 845
782 813
782 797
782 783
783 1807
783 911
783 847
783 815
783 799
783 784
783 1295
783 1551
783 1799
783 903
783 839
783 807
783 791
783 1803
783 907
783 843
783 811
783 795
783 1805
783 909
783 845
783 813
783 797
784 1808
784 912
784 848
784 816
784 800
784 1296
784 1552
784 1800
784 904
784 840
784 808
784 792
784 1804
784 908
784 844
784 812
784 796
784 1806
784 910
784 846
784 814
784 798
784 1807
784 911
784 847
784 815
784 799
785 1809
785 913
785 849
785 817
785 793
785 789
785 787
785 786
785 1297
785 1553
785 1793
785 897
785 833
785 801
786 1810
786 914
786 850
786 818
786 794
786 790
786 788
786 1298
786 1554
786 1794
786 898
786 834
786 802
786 1809
786 913
786 849
786 817
786 793
786 789
786 787
787 1811
787 915
787 851
787 819
787 795
787 791
787 788
787 1299
787 1555
787 1795
787 899
787 835
787 803
787 1809
787 913
787 849
787 817
787 793
787 789
788 1812
788 916
788 852
788 820
788 796
788 792
788 1300
788 1556
788 1796
788 900
788 836
788 804
788 1810
788 914
788 850
788 818
788 794
788 790
788 1811
788 915
788 851
788 819
788 795
788 791
789 1813
789 917
789 853
789 821
789 797
789 791
789 790
789 1301
789 1557
789 1797
789 901
789 837
789 805
789 1809
789 913
789 849
789 817
789 793
790 1814
790 918
790 854
790 822
790 798
790 792
790 1302
790 1558
790 1798
790 902
790 838
790 806
790 1810
790 914
790 850
790 818
790 794
790 1813
790 917
790 853
790 821
790 797
790 791
791 1815
791 919
791 855
791 823
791 799
791 792
791 1303
791 1559
791 1799
791 903
791 839
791 807
791 1811
791 915
791 851
791 819
791 795
791 1813
791 917
791 853
791 821
791 797
792 1816
792 920
792 856
792 824
792 800
792 1304
792 1560
792 1800
792 904
792 840
792 808
792 1812
792 916
792 852
792 820
792 796
792 1814
792 918
792 854
792 822
792 798
792 1815
792 919
792 855
792 823
792 799
793 1817
793 921
793 857
793 825
793 797
793 795
793 794
793 1305
793 1561
793 1801
793 905
793 841
793 809
793 1809
793 913
793 849
793 817
794 1818
794 922
794 858
794 826
794 798
794 796
794 1306
794 1562
794 1802
794 906
794 842
794 810
794 1810
794 914
794 850
794 818
794 1817
794 921
794 857
794 825
794 797
794 795
795 1819
795 923
795 859
795 827
795 799
795 796
795 1307
795 1563
795 1803
795 907
795 843
795 811
795 1811
795 915
795 851
795 819
795 1817
795 921
795 857
795 825
795 797
796 1820
796 924
796 860
796 828
796 800
796 1308
796 1564
796 1804
796 908
796 844
796 812
796 1812
796 916
796 852
796 820
796 1818
796 922
796 858
796 826
796 798
796 1819
796 923
796 859
796 827
796 799
797 1821
797 925
797 861
797 829
797 799
797 798
797 1309
797 1565
797 1805
797 909
797 845
797 813
797 1813
797 917
797 853
797 821
797 1817
797 921
797 857
797 825
798 1822
798 926
798 862
798 830
798 800
798 1310
798 1566
798 1806
798 910
798 846
798 814
798 1814
798 918
798 854
798 822
798 1818
798 922
798 858
798 826
798 1821
798 925
798 861
798 829
798 799
799 1823
799 927
799 863
799 831
799 800
799 1311
799 1567
799 1807
799 911
799 847
799 815
799 1815
799 919
799 855
799 823
799 1819
799 923
799 859
799 827
799 1821
799 925
799 861
799 829
800 1824
800 928
800 864
800 832
800 1312
800 1568
800 1808
800 912
800 848
800 816
800 1816
800 920
800 856
800 824
800 1820
800 924
800 860
800 828
800 1822
800 926
800 862
800 830
800 1823
800 927
800 863
800 831
801 1825
801 929
801 865
801 817
801 809
801 805
801 803
801 802
801 1313
801 1569
801 1793
801 897
801 833
802 1826
802 930
802 866
802 818
802 810
802 806
802 804
802 1314
802 1570
802 1794
802 898
802 834
802 1825
802 929
802 865
802 817
802 809
802 805
802 803
803 1827
803 931
803 867
803 819
803 811
803 807
803 804
803 1315
803 1571
803 1795
803 899
803 835
803 1825
803 929
803 865
803 817
803 809
803 805
804 1828
804 932
804 868
804 820
804 812
804 808
804 1316
804 1572
804 1796
804 900
804 836
804 1826
804 930
804 866
804 818
804 810
804 806
804 1827
804 931
804 867
804 819
804 811
804 807
805 1829
805 933
805 869
805 821
805 813
805 807
805 806
805 1317
805 1573
805 1797
805 901
805 837
805 1825
805 929
805 865
805 817
805 809
806 1830
806 934
806 870
806 822
806 814
806 808
806 1318
806 1574
806 1798
806 902
806 838
806 1826
806 930
806 866
806 818
806 810
806 1829
806 933
806 869
806 821
806 813
806 807
807 1831
807 935
807 871
807 823
807 815
807 808
807 1319
807 1575
807 1799
807 903
807 839
807 1827
807 931
807 867
807 819
807 811
807 1829
807 933
807 869
807 821
807 813
808 1832
808 936
808 872
808 824
808 816
808 1320
808 1576
808 1800
808 904
808 840
808 1828
808 932
808 868
808 820
808 812
808 1830
808 934
808 870
808 822
808 814
808 1831
808 935
808 871
808 823
808 815
809 1833
809 937
809 873
809 825
809 813
809 811
809 810
809 1321
809 1577
809 1801
809 905
809 841
809 1825
809 929
809 865
809 817
810 1834
810 938
810 874
810 826
810 814
810 812
810 1322
810 1578
810 1802
810 906
810 842
810 1826
810 930
810 866
810 818
810 1833
810 937
810 873
810 825
810 813
810 811
811 1835
811 939
811 875
811 827
811 815
811 812
811 1323
811 1579
811 1803
811 907
811 843
811 1827
811 931
811 867
811 819
811 1833
811 937
811 873
811 825
811 813
812 1836
812 940
812 876
812 828
812 816
812 1324
812 1580
812 1804
812 908
812 844
812 1828
812 932
812 868
812 820
812 1834
812 938
812 874
812 826
812 814
812 1835
812 939
812 875
812 827
812 815
813 1837
813 941
813 877
813 829
813 815
813 814
813 1325
813 1581
813 1805
813 909
813 845
813 1829
813 933
813 869
813 821
813 1833
813 937
813 873
813 825
814 1838
814 942
814 878
814 830
814 816
814 1326
814 1582
814 1806
814 910
814 846
814 1830
814 934
814 870
814 822
814 1834
814 938
814 874
814 826
814 1837
814 941
814 877
814 829
814 815
815 1839
815 943
815 879
815 831
815 816
815 1327
815 1583
815 1807
815 911
815 847
815 1831
815 935
815 871
815 823
815 1835
815 939
815 875
815 827
815 1837
815 941
815 877
815 829
816 1840
816 944
816 880
816 832
816 1328
816 1584
816 1808
816 912
816 848
816 1832
816 936
816 872
816 824
816 1836
816 940
816 876
816 828
816 1838
816 942
816 878
816 830
816 1839
816 943
816 879
816 831
817 1841
817 945
817 881
817 825
817 821
817 819
817 818
817 1329
817 1585
817 1809
817 913
817 849
817 1825
817 929
817 865
818 1842
818 946
818 882
818 826
818 822
818 820
818 1330
818 1586
818 1810
818 914
818 850
818 1826
818 930
818 866
818 1841
818 945
818 881
818 825
818 821
818 819
819 1843
819 947
819 883
819 827
819 823
819 820
819 1331
819 1587
819 1811
819 915
819 851
819 1827
819 931
819 867
819 1841
819 945
819 881
819 825
819 821
820 1844
820 948
820 884
820 828
820 824
820 1332
820 1588
820 1812
820 916
820 852
820 1828
820 932
820 868
820 1842
820 946
820 882
820 826
820 822
820 1843
820 947
820 883
820 827
820 823
821 1845
821 949
821 885
821 829
821 823
821 822
821 1333
821 1589
821 1813
821 917
821 853
821 1829
821 933
821 869
821 1841
821 945
821 881
821 825
822 1846
822 950
822 886
822 830
822 824
822 1334
822 1590
822 1814
822 918
822 854
822 1830
822 934
822 870
822 1842
822 946
822 882
822 826
822 1845
822 949
822 885
822 829
822 823
823 1847
823 951
823 887
823 831
823 824
823 1335
823 1591
823 1815
823 919
823 855
823 1831
823 935
823 871
823 1843
823 947
823 883
823 827
823 1845
823 949
823 885
823 829
824 1848
824 952
824 888
824 832
824 1336
824 1592
824 1816
824 920
824 856
824 1832
824 936
824 872
824 1844
824 948
824 884
824 828
824 1846
824 950
824 886
824 830
824 1847
824 951
824 887
824 831
825 1849
825 953
825 889
825 829
825 827
825 826
825 1337
825 1593
825 1817
825 921
825 857
825 1833
825 937
825 873
825 1841
825 945
825 881
826 1850
826 954
826 890
826 830
826 828
826 1338
826 1594
826 1818
826 922
826 858
826 1834
826 938
826 874
826 1842
826 946
826 882
826 1849
826 953
826 889
826 829
826 827
827 1851
827 955
827 891
827 831
827 828
827 1339
827 1595
827 1819
827 923
827 859
827 1835
827 939
827 875
827 1843
827 947
827 883
827 1849
827 953
827 889
827 829
828 1852
828 956
828 892
828 832
828 1340
828 1596
828 1820
828 924
828 860
828 1836
828 940
828 876
828 1844
828 948
828 884
828 1850
828 954
828 890
828 830
828 1851
828 955
828 891
828 831
829 1853
829 957
829 893
829 831
829 830
829 1341
829 1597
829 1821
829 925
829 861
829 1837
829 941
829 877
829 1845
829 949
829 885
829 1849
829 953
829 889
830 1854
830 958
830 894
830 832
830 1342
830 1598
830 1822
830 926
830 862
830 1838
830 942
830 878
830 1846
830 950
830 886
830 1850
830 954
830 890
830 1853
830 957
830 893
830 831
831 1855
831 959
831 895
831 832
831 1343
831 1599
831 1823
831 927
831 863
831 1839
831 943
831 879
831 1847
831 951
831 887
831 1851
831 955
831 891
831 1853
831 957
831 893
832 1856
832 960
832 896
832 1344
832 1600
832 1824
832 928
832 864
832 1840
832 944
832 880
832 1848
832 952
832 888
832 1852
832 956
832 892
832 1854
832 958
832 894
832 1855
832 959
832 895
833 1857
833 961
833 865
833 849
833 841
833 837
833 835
833 834
833 1345
833 1601
833 1793
833 897
834 1858
834 962
834 866
834 850
834 842
834 838
834 836
834 1346
834 1602
834 1794
834 898
834 1857
834 961
834 865
834 849
834 841
834 837
834 835
835 1859
835 963
835 867
835 851
835 843
835 839
835 836
835 1347
835 1603
835 1795
835 899
835 1857
835 961
835 865
835 849
835 841
835 837
836 1860
836 964
836 868
836 852
836 844
836 840
836 1348
836 1604
836 1796
836 900
836 1858
836 962
836 866
836 850
836 842
836 838
836 1859
836 963
836 867
836 851
836 843
836 839
837 1861
837 965
837 869
837 853
837 845
837 839
837 838
837 1349
837 1605
837 1797
837 901
837 1857
837 961
837 865
837 849
837 841
838 1862
838 966
838 870
838 854
838 846
838 840
838 1350
838 1606
838 1798
838 902
838 1858
838 962
838 866
838 850
838 842
838 1861
838 965
838 869
838 853
838 845
838 839
839 1863
839 967
839 871
839 855
839 847
839 840
839 1351
839 1607
839 1799
839 903
839 1859
839 963
839 867
839 851
839 843
839 1861
839 965
839 869
839 853
839 845
840 1864
840 968
840 872
840 856
840 848
840 1352
840 1608
840 1800
840 904
840 1860
840 964
840 868
840 852
840 844
840 1862
840 966
840 870
840 854
840 846
840 1863
840 967
840 871
840 855
840 847
841 1865
841 969
841 873
841 857
841 845
841 843
841 842
841 1353
841 1609
841 1801
841 905
841 1857
841 961
841 865
841 849
842 1866
842 970
842 874
842 858
842 846
842 844
842 1354
842 1610
842 1802
842 906
842 1858
842 962
842 866
842 850
842 1865
842 969
842 873
842 857
842 845
842 843
843 1867
843 971
843 875
843 859
843 847
843 844
843 1355
843 1611
843 1803
843 907
843 1859
843 963
843 867
843 851
843 1865
843 969
843 873
843 857
843 845
844 1868
844 972
844 876
844 860
844 848
844 1356
844 1612
844 1804
844 908
844 1860
844 964
844 868
844 852
844 1866
844 970
844 874
844 858
844 846
844 1867
844 971
844 875
844 859
844 847
845 1869
845 973
845 877
845 861
845 847
845 846
845 1357
845 1613
845 1805
845 909
845 1861
845 965
845 869
845 853
845 1865
845 969
845 873
845 857
846 1870
846 974
846 878
846 862
846 848
846 1358
846 1614
846 1806
846 910
846 1862
846 966
846 870
846 854
846 1866
846 970
846 874
846 858
846 1869
846 973
846 877
846 861
846 847
847 1871
847 975
847 879
847 863
847 848
847 1359
847 1615
847 1807
847 911
847 1863
847 967
847 871
847 855
847 1867
847 971
847 875
847 859
847 1869
847 973
847 877
847 861
848 1872
848 976
848 880
848 864
848 1360
848 1616
848 1808
848 912
848 1864
848 968
848 872
848 856
848 1868
848 972
848 876
848 860
848 1870
848 974
848 878
848 862
848 1871
848 975
848 879
848 863
849 1873
849 977
849 881
849 857
849 853
849 851
849 850
849 1361
849 1617
849 1809
849 913
849 1857
849 961
849 865
850 1874
850 978
850 882
850 858
850 854
850 852
850 1362
850 1618
850 1810
850 914
850 1858
850 962
850 866
850 1873
850 977
850 881
850 857
850 853
850 851
851 1875
851 979
851 883
851 859
851 855
851 852
851 1363
851 1619
851 1811
851 915
851 1859
851 963
851 867
851 1873
851 977
851 881
851 857
851 853
852 1876
852 980
852 884
852 860
852 856
852 1364
852 1620
852 1812
852 916
852 1860
852 964
852 868
852 1874
852 978
852 882
852 858
852 854
852 1875
852 979
852 883
852 859
852 855
853 1877
853 981
853 885
853 861
853 855
853 854
853 1365
853 1621
853 1813
853 917
853 1861
853 965
853 869
853 1873
853 977
853 881
853 857
854 1878
854 982
854 886
854 862
854 856
854 1366
854 1622
854 1814
854 918
854 1862
854 966
854 870
854 1874
854 978
854 882
854 858
854 1877
854 981
854 885
854 861
854 855
855 1879
855 983
855 887
855 863
855 856
855 1367
855 1623
855 1815
855 919
855 1863
855 967
855 871
855 1875
855 979
855 883
855 859
855 1877
855 981
855 885
855 861
856 1880
856 984
856 888
856 864
856 1368
856 1624
856 1816
856 920
856 1864
856 968
856 872
856 1876
856 980
856 884
856 860
856 1878
856 982
856 886
856 862
856 1879
856 983
856 887
856 863
857 1881
857 985
857 889
857 861
857 859
857 858
857 1369
857 1625
857 1817
857 921
857 1865
857 969
857 873
857 1873
857 977
857 881
858 1882
858 986
858 890
858 862
858 860
858 1370
858 1626
858 1818
858 922
858 1866
858 970
858 874
858 1874
858 978
858 882
858 1881
858 985
858 889
858 861
858 859
859 1883
859 987
859 891
859 863
859 860
859 1371
859 1627
859 1819
859 923
859 1867
859 971
859 875
859 1875
859 979
859 883
859 1881
859 985
859 889
859 861
860 1884
860 988
860 892
860 864
860 1372
860 1628
860 1820
860 924
860 1868
860 972
860 876
860 1876
860 980
860 884
860 1882
860 986
860 890
860 862
860 1883
860 987
860 891
860 863
861 1885
861 989
861 893
861 863
861 862
861 1373
861 1629
861 1821
861 925
861 1869
861 973
861 877
861 1877
861 981
861 885
861 1881
861 985
861 889
862 1886
862 990
862 894
862 864
862 1374
862 1630
862 1822
862 926
862 1870
862 974
862 878
862 1878
862 982
862 886
862 1882
862 986
862 890
862 1885
862 989
862 893
862 863
863 1887
863 991
863 895
863 864
863 1375
863 1631
863 1823
863 927
863 1871
863 975
863 879
863 1879
863 983
863 887
863 1883
863 987
863 891
863 1885
863 989
863 893
864 1888
864 992
864 896
864 1376
864 1632
864 1824
864 928
864 1872
864 976
864 880
864 1880
864 984
864 888
864 1884
864 988
864 892
864 1886
864 990
864 894
864 1887
864 991
864 895
865 1889
865 993
865 881
865 873
865 869
865 867
865 866
865 1377
865 1633
865 1825
865 929
865 1857
865 961
866 1890
866 994
866 882
866 874
866 870
866 868
866 1378
866 1634
866 1826
866 930
866 1858
866 962
866 1889
866 993
866 881
866 873
866 869
866 867
867 1891
867 995
867 883
867 875
867 871
867 868
867 1379
867 1635
867 1827
867 931
867 1859
867 963
867 1889
867 993
867 881
867 873
867 869
868 1892
868 996
868 884
868 876
868 872
868 1380
868 1636
868 1828
868 932
868 1860
868 964
868 1890
868 994
868 882
868 874
868 870
868 1891
868 995
868 883
868 875
868 871
869 1893
869 997
869 885
869 877
869 871
869 870
869 1381
869 1637
869 1829
869 933
869 1861
869 965
869 1889
869 993
869 881
869 873
870 1894
870 998
870 886
870 878
870 872
870 1382
870 1638
870 1830
870 934
870 1862
870 966
870 1890
870 994
870 882
870 874
870 1893
870 997
870 885
870 877
870 871
871 1895
871 999
871 887
871 879
871 872
871 1383
871 1639
871 1831
871 935
871 1863
871 967
871 1891
871 995
871 883
871 875
871 1893
871 997
871 885
871 877
872 1896
872 1000
872 888
872 880
872 1384
872 1640
872 1832
872 936
872 1864
872 968
872 1892
872 996
872 884
872 876
872 1894
872 998
872 886
872 878
872 1895
872 999
872 887
872 879
873 1897
873 1001
873 889
873 877
873 875
873 874
873 1385
873 1641
873 1833
873 937
873 1865
873 969
873 1889
873 993
873 881
874 1898
874 1002
874 890
874 878
874 876
874 1386
874 1642
874 1834
874 938
874 1866
874 970
874 1890
874 994
874 882
874 1897
874 1001
874 889
874 877
874 875
875 1899
875 1003
875 891
875 879
875 876
875 1387
875 1643
875 1835
875 939
875 1867
875 971
875 1891
875 995
875 883
875 1897
875 1001
875 889
875 877
876 1900
876 1004
876 892
876 880
876 1388
876 1644
876 1836
876 940
876 1868
876 972
876 1892
876 996
876 884
876 1898
876 1002
876 890
876 878
876 1899
876 1003
876 891
876 879
877 1901
877 1005
877 893
877 879
877 878
877 1389
877 1645
877 1837
877 941
877 1869
877 973
877 1893
877 997
877 885
877 1897
877 1001
877 889
878 1902
878 1006
878 894
878 880
878 1390
878 1646
878 1838
878 942
878 1870
878 974
878 1894
878 998
878 886
878 1898
878 1002
878 890
878 1901
878 1005
878 893
878 879
879 1903
879 1007
879 895
879 880
879 1391
879 1647
879 1839
879 943
879 1871
879 975
879 1895
879 999
879 887
879 1899
879 1003
879 891
879 1901
879 1005
879 893
880 1904
880 1008
880 896
880 1392
880 1648
880 1840
880 944
880 1872
880 976
880 1896
880 1000
880 888
880 1900
880 1004
880 892
880 1902
880 1006
880 894
880 1903
880 1007
880 895
881 1905
881 1009
881 889
881 885
881 883
881 882
881 1393
881 1649
881 1841
881 945
881 1873
881 977
881 1889
881 993
882 1906
882 1010
882 890
882 886
882 884
882 1394
882 1650
882 1842
882 946
882 1874
882 978
882 1890
882 994
882 1905
882 1009
882 889
882 885
882 883
883 1907
883 1011
883 891
883 887
883 884
883 1395
883 1651
883 1843
883 947
883 1875
883 979
883 1891
883 995
883 1905
883 1009
883 889
883 885
884 1908
884 1012
884 892
884 888
884 1396
884 1652
884 1844
884 948
884 1876
884 980
884 1892
884 996
884 1906
884 1010
884 890
884 886
884 1907
884 1011
884 891
884 887
885 1909
885 1013
885 893
885 887
885 886
885 1397
885 1653
885 1845
885 949
885 1877
885 981
885 1893
885 997
885 1905
885 1009
885 889
886 1910
886 1014
886 894
886 888
886 1398
886 1654
886 1846
886 950
886 1878
886 982
886 1894
886 998
886 1906
886 1010
886 890
886 1909
886 1013
886 893
886 887
887 1911
887 1015
887 895
887 888
887 1399
887 1655
887 1847
887 951
887 1879
887 983
887 1895
887 999
887 1907
887 1011
887 891
887 1909
887 1013
887 893
888 1912
888 1016
888 896
888 1400
888 1656
888 1848
888 952
888 1880
888 984
888 1896
888 1000
888 1908
888 1012
888 892
888 1910
888 1014
888 894
888 1911
888 1015
888 895
889 1913
889 1017
889 893
889 891
889 890
889 1401
889 1657
889 1849
889 953
889 1881
889 985
889 1897
889 1001
889 1905
889 1009
890 1914
890 1018
890 894
890 892
890 1402
890 1658
890 1850
890 954
890 1882
890 986
890 1898
890 1002
890 1906
890 1010
890 1913
890 1017
890 893
890 891
891 1915
891 1019
891 895
891 892
891 1403
891 1659
891 1851
891 955
891 1883
891 987
891 1899
891 1003
891 1907
891 1011
891 1913
891 1017
891 893
892 1916
892 1020
892 896
892 1404
892 1660
892 1852
892 956
892 1884
892 988
892 1900
892 1004
892 1908
892 1012
892 1914
892 1018
892 894
892 1915
892 1019
892 895
893 1917
893 1021
893 895
893 894
893 1405
893 1661
893 1853
893 957
893 1885
893 989
893 1901
893 1005
893 1909
893 1013
893 1913
893 1017
894 1918
894 1022
894 896
894 1406
894 1662
894 1854
894 958
894 1886
894 990
894 1902
894 1006
894 1910
894 1014
894 1914
894 1018
894 1917
894 1021
894 895
895 1919
895 1023
895 896
895 1407
895 1663
895 1855
895 959
895 1887
895 991
895 1903
895 1007
895 1911
895 1015
895 1915
895 1019
895 1917
895 1021
896 1920
896 1024
896 1408
896 1664
896 1856
896 960
896 1888
896 992
896 1904
896 1008
896 1912
896 1016
896 1916
896 1020
896 1918
896 1022
896 1919
896 1023
897 1921
897 961
897 929
897 913
897 905
897 901
897 899
897 898
897 1409
897 1665
897 1793
898 1922
898 962
898 930
898 914
898 906
898 902
898 900
898 1410
898 1666
898 1794
898 1921
898 961
898 929
898 913
898 905
898 901
898 899
899 1923
899 963
899 931
899 915
899 907
899 903
899 900
899 1411
899 1667
899 1795
899 1921
899 961
899 929
899 913
899 905
899 901
900 1924
900 964
900 932
900 916
900 908
900 904
900 1412
900 1668
900 1796
900 1922
900 962
900 930
900 914
900 906
900 902
900 1923
900 963
900 931
900 915
900 907
900 903
901 1925
901 965
901 933
901 917
901 909
901 903
901 902
901 1413
901 1669
901 1797
901 1921
901 961
901 929
901 913
901 905
902 1926
902 966
902 934
902 918
902 910
902 904
902 1414
902 1670
902 1798
902 1922
902 962
902 930
902 914
902 906
902 1925
902 965
902 933
902 917
902 909
902 903
903 1927
903 967
903 935
903 919
903 911
903 904
903 1415
903 1671
903 1799
903 1923
903 963
903 931
903 915
903 907
903 1925
903 965
903 933
903 917
903 909
904 1928
904 968
904 936
904 920
904 912
904 1416
904 1672
904 1800
904 1924
904 964
904 932
904 916
904 908
904 1926
904 966
904 934
904 918
904 910
904 1927
904 967
904 935
904 919
904 911
905 1929
905 969
905 937
905 921
905 909
905 907
905 906
905 1417
905 1673
905 1801
905 1921
905 961
905 929
905 913
906 1930
906 970
906 938
906 922
906 910
906 908
906 1418
906 1674
906 1802
906 1922
906 962
906 930
906 914
906 1929
906 969
906 937
906 921
906 909
906 907
907 1931
907 971
907 939
907 923
907 911
907 908
907 1419
907 1675
907 1803
907 1923
907 963
907 931
907 915
907 1929
907 969
907 937
907 921
907 909
908 1932
908 972
908 940
908 924
908 912
908 1420
908 1676
908 1804
908 1924
908 964
908 932
908 916
908 1930
908 970
908 938
908 922
908 910
908 1931
908 971
908 939
908 923
908 911
909 1933
909 973
909 941
909 925
909 911
909 910
909 1421
909 1677
909 1805
909 1925
909 965
909 933
909 917
909 1929
909 969
909 937
909 921
910 1934
910 974
910 942
910 926
910 912
910 1422
910 1678
910 1806
910 1926
910 966
910 934
910 918
910 1930
910 970
910 938
910 922
910 1933
910 973
910 941
910 925
910 911
911 1935
911 975
911 943
911 927
911 912
911 1423
911 1679
911 1807
911 1927
911 967
911 935
911 919
911 1931
911 971
911 939
911 923
911 1933
911 973
911 941
911 925
912 1936
912 976
912 944
912 928
912 1424
912 1680
912 1808
912 1928
912 968
912 936
912 920
912 1932
912 972
912 940
912 924
912 1934
912 974
912 942
912 926
912 1935
912 975
912 943
912 927
913 1937
913 977
913 945
913 921
913 917
913 915
913 914
913 1425
913 1681
913 1809
913 1921
913 961
913 929
914 1938
914 978
914 946
914 922
914 918
914 916
914 1426
914 1682
914 1810
914 1922
914 962
914 930
914 1937
914 977
914 945
914 921
914 917
914 915
915 1939
915 979
915 947
915 923
915 919
915 916
915 1427
915 1683
915 1811
915 1923
915 963
915 931
915 1937
915 977
915 945
915 921
915 917
916 1940
916 980
916 948
916 924
916 920
916 1428
916 1684
916 1812
916 1924
916 964
916 932
916 1938
916 978
916 946
916 922
916 918
916 1939
916 979
916 947
916 923
916 919
917 1941
917 981
917 949
917 925
917 919
917 918
917 1429
917 1685
917 1813
917 1925
917 965
917 933
917 1937
917 977
917 945
917 921
918 1942
918 982
918 950
918 926
918 920
918 1430
918 1686
918 1814
918 1926
918 966
918 934
918 1938
918 978
918 946
918 922
918 1941
918 981
918 949
918 925
918 919
919 1943
919 983
919 951
919 927
919 920
919 1431
919 1687
919 1815
919 1927
919 967
919 935
919 1939
919 979
919 947
919 923
919 1941
919 981
919 949
919 925
920 1944
920 984
920 952
920 928
920 1432
920 1688
920 1816
920 1928
920 968
920 936
920 1940
920 980
920 948
920 924
920 1942
920 982
920 950
920 926
920 1943
920 983
920 951
920 927
921 1945
921 985
921 953
921 925
921 923
921 922
921 1433
921 1689
921 1817
921 1929
921 969
921 937
921 1937
921 977
921 945
922 1946
922 986
922 954
922 926
922 924
922 1434
922 1690
922 1818
922 1930
922 970
922 938
922 1938
922 978
922 946
922 1945
922 985
922 953
922 925
922 923
923 1947
923 987
923 955
923 927
923 924
923 1435
923 1691
923 1819
923 1931
923 971
923 939
923 1939
923 979
923 947
923 1945
923 985
923 953
923 925
924 1948
924 988
924 956
924 928
924 1436
924 1692
924 1820
924 1932
924 972
924 940
924 1940
924 980
924 948
924 1946
924 986
924 954
924 926
924 1947
924 987
924 955
924 927
925 1949
925 989
925 957
925 927
925 926
925 1437
925 1693
925 1821
925 1933
925 973
925 941
925 1941
925 981
925 949
925 1945
925 985
925 953
926 1950
926 990
926 958
926 928
926 1438
926 1694
926 1822
926 1934
926 974
926 942
926 1942
926 982
926 950
926 1946
926 986
926 954
926 1949
926 989
926 957
926 927
927 1951
927 991
927 959
927 928
927 1439
927 1695
927 1823
927 1935
927 975
927 943
927 1943
927 983
927 951
927 1947
927 987
927 955
927 1949
927 989
927 957
928 1952
928 992
928 960
928 1440
928 1696
928 1824
928 1936
928 976
928 944
928 1944
928 984
928 952
928 1948
928 988
928 956
928 1950
928 990
928 958
928 1951
928 991
928 959
929 1953
929 993
929 945
929 937
929 933
929 931
929 930
929 1441
929 1697
929 1825
929 1921
929 961
930 1954
930 994
930 946
930 938
930 934
930 932
930 1442
930 1698
930 1826
930 1922
930 962
930 1953
930 993
930 945
930 937
930 933
930 931
931 1955
931 995
931 947
931 939
931 935
931 932
931 1443
931 1699
931 1827
931 1923
931 963
931 1953
931 993
931 945
931 937
931 933
932 1956
932 996
932 948
932 940
932 936
932 1444
932 1700
932 1828
932 1924
932 964
932 1954
932 994
932 946
932 938
932 934
932 1955
932 995
932 947
932 939
932 935
933 1957
933 997
933 949
933 941
933 935
933 934
933 1445
933 1701
933 1829
933 1925
933 965
933 1953
933 993
933 945
933 937
934 1958
934 998
934 950
934 942
934 936
934 1446
934 1702
934 1830
934 1926
934 966
934 1954
934 994
934 946
934 938
934 1957
934 997
934 949
934 941
934 935
935 1959
935 999
935 951
935 943
935 936
935 1447
935 1703
935 1831
935 1927
935 967
935 1955
935 995
935 947
935 939
935 1957
935 997
935 949
935 941
936 1960
936 1000
936 952
936 944
936 1448
936 1704
936 1832
936 1928
936 968
936 1956
936 996
936 948
936 940
936 1958
936 998
936 950
936 942
936 1959
936 999
936 951
936 943
937 1961
937 1001
937 953
937 941
937 939
937 938
937 1449
937 1705
937 1833
937 1929
937 969
937 1953
937 993
937 945
938 1962
938 1002
938 954
938 942
938 940
938 1450
938 1706
938 1834
938 1930
938 970
938 1954
938 994
938 946
938 1961
938 1001
938 953
938 941
938 939
939 1963
939 1003
939 955
939 943
939 940
939 1451
939 1707
939 1835
939 1931
939 971
939 1955
939 995
939 947
939 1961
939 1001
939 953
939 941
940 1964
940 1004
940 956
940 944
940 1452
940 1708
940 1836
940 1932
940 972
940 1956
940 996
940 948
940 1962
940 1002
940 954
940 942
940 1963
940 1003
940 955
940 943
941 1965
941 1005
941 957
941 943
941 942
941 1453
941 1709
941 1837
941 1933
941 973
941 1957
941 997
941 949
941 1961
941 1001
941 953
942 1966
942 1006
942 958
942 944
942 1454
942 1710
942 1838
942 1934
942 974
942 1958
942 998
942 950
942 1962
942 1002
942 954
942 1965
942 1005
942 957
942 943
943 1967
943 1007
943 959
943 944
943 1455
943 1711
943 1839
943 1935
943 975
943 1959
943 999
943 951
943 1963
943 1003
943 955
943 1965
943 1005
943 957
944 1968
944 1008
944 960
944 1456
944 1712
944 1840
944 1936
944 976
944 1960
944 1000
944 952
944 1964
944 1004
944 956
944 1966
944 1006
944 958
944 1967
944 1007
944 959
945 1969
945 1009
945 953
945 949
945 947
945 946
945 1457
945 1713
945 1841
945 1937
945 977
945 1953
945 993
946 1970
946 1010
946 954
946 950
946 948
946 1458
946 1714
946 1842
946 1938
946 978
946 1954
946 994
946 1969
946 1009
946 953
946 949
946 947
947 1971
947 1011
947 955
947 951
947 948
947 1459
947 1715
947 1843
947 1939
947 979
947 1955
947 995
947 1969
947 1009
947 953
947 949
948 1972
948 1012
948 956
948 952
948 1460
948 1716
948 1844
948 1940
948 980
948 1956
948 996
948 1970
948 1010
948 954
948 950
948 1971
948 1011
948 955
948 951
949 1973
949 1013
949 957
949 951
949 950
949 1461
949 1717
949 1845
949 1941
949 981
949 1957
949 997
949 1969
949 1009
949 953
950 1974
950 1014
950 958
950 952
950 1462
950 1718
950 1846
950 1942
950 982
950 1958
950 998
950 1970
950 1010
950 954
950 1973
950 1013
950 957
950 951
951 1975
951 1015
951 959
951 952
951 1463
951 1719
951 1847
951 1943
951 983
951 1959
951 999
951 1971
951 1011
951 955
951 1973
951 1013
951 957
952 1976
952 1016
952 960
952 1464
952 1720
952 1848
952 1944
952 984
952 1960
952 1000
952 1972
952 1012
952 956
952 1974
952 1014
952 958
952 1975
952 1015
952 959
953 1977
953 1017
953 957
953 955
953 954
953 1465
953 1721
953 1849
953 1945
953 985
953 1961
953 1001
953 1969
953 1009
954 1978
954 1018
954 958
954 956
954 1466
954 1722
954 1850
954 1946
954 986
954 1962
954 1002
954 1970
954 1010
954 1977
954 1017
954 957
954 955
955 1979
955 1019
955 959
955 956
955 1467
955 1723
955 1851
955 1947
955 987
955 1963
955 1003
955 1971
955 1011
955 1977
955 1017
955 957
956 1980
956 1020
956 960
956 1468
956 1724
956 1852
956 1948
956 988
956 1964
956 1004
956 1972
956 1012
956 1978
956 1018
956 958
956 1979
956 1019
956 959
957 1981
957 1021
957 959
957 958
957 1469
957 1725
957 1853
957 1949
957 989
957 1965
957 1005
957 1973
957 1013
957 1977
957 1017
958 1982
958 1022
958 960
958 1470
958 1726
958 1854
958 1950
958 990
958 1966
958 1006
958 1974
958 1014
958 1978
958 1018
958 1981
958 1021
958 959
959 1983
959 1023
959 960
959 1471
959 1727
959 1855
959 1951
959 991
959 1967
959 1007
959 1975
959 1015
959 1979
959 1019
959 1981
959 1021
960 1984
960 1024
960 1472
960 1728
960 1856
960 1952
960 992
960 1968
960 1008
960 1976
960 1016
960 1980
960 1020
960 1982
960 1022
960 1983
960 1023
961 1985
961 993
961 977
961 969
961 965
961 963
961 962
961 1473
961 1729
961 1857
961 1921
962 1986
962 994
962 978
962 970
962 966
962 964
962 1474
962 1730
962 1858
962 1922
962 1985
962 993
962 977
962 969
962 965
962 963
963 1987
963 995
963 979
963 971
963 967
963 964
963 1475
963 1731
963 1859
963 1923
963 1985
963 993
963 977
963 969
963 965
964 1988
964 996
964 980
964 972
964 968
964 1476
964 1732
964 1860
964 1924
964 1986
964 994
964 978
964 970
964 966
964 1987
964 995
964 979
964 971
964 967
965 1989
965 997
965 981
965 973
965 967
965 966
965 1477
965 1733
965 1861
965 1925
965 1985
965 993
965 977
965 969
966 1990
966 998
966 982
966 974
966 968
966 1478
966 1734
966 1862
966 1926
966 1986
966 994
966 978
966 970
966 1989
966 997
966 981
966 973
966 967
967 1991
967 999
967 983
967 975
967 968
967 1479
967 1735
967 1863
967 1927
967 1987
967 995
967 979
967 971
967 1989
967 997
967 981
967 973
968 1992
968 1000
968 984
968 976
968 1480
968 1736
968 1864
968 1928
968 1988
968 996
968 980
968 972
968 1990
968 998
968 982
968 974
968 1991
968 999
968 983
968 975
969 1993
969 1001
969 985
969 973
969 971
969 970
969 1481
969 1737
969 1865
969 1929
969 1985
969 993
969 977
970 1994
970 1002
970 986
970 974
970 972
970 1482
970 1738
970 1866
970 1930
970 1986
970 994
970 978
970 1993
970 1001
970 985
970 973
970 971
971 1995
971 1003
971 987
971 975
971 972
971 1483
971 1739
971 1867
971 1931
971 1987
971 995
971 979
971 1993
971 1001
971 985
971 973
972 1996
972 1004
972 988
972 976
972 1484
972 1740
972 1868
972 1932
972 1988
972 996
972 980
972 1994
972 1002
972 986
972 974
972 1995
972 1003
972 987
972 975
973 1997
973 1005
973 989
973 975
973 974
973 1485
973 1741
973 1869
973 1933
973 1989
973 997
973 981
973 1993
973 1001
973 985
974 1998
974 1006
974 990
974 976
974 1486
974 1742
974 1870
974 1934
974 1990
974 998
974 982
974 1994
974 1002
974 986
974 1997
974 1005
974 989
974 975
975 1999
975 1007
975 991
975 976
975 1487
975 1743
975 1871
975 1935
975 1991
975 999
975 983
975 1995
975 1003
975 987
975 1997
975 1005
975 989
976 2000
976 1008
976 992
976 1488
976 1744
976 1872
976 1936
976 1992
976 1000
976 984
976 1996
976 1004
976 988
976 1998
976 1006
976 990
976 1999
976 1007
976 991
977 2001
977 1009
977 985
977 981
977 979
977 978
977 1489
977 1745
977 1873
977 1937
977 1985
977 993
978 2002
978 1010
978 986
978 982
978 980
978 1490
978 1746
978 1874
978 1938
978 1986
978 994
978 2001
978 1009
978 985
978 981
978 979
979 2003
979 1011
979 987
979 983
979 980
979 1491
979 1747
979 1875
979 1939
979 1987
979 995
979 2001
979 1009
979 985
979 981
980 2004
980 1012
980 988
980 984
980 1492
980 1748
980 1876
980 1940
980 1988
980 996
980 2002
980 1010
980 986
980 982
980 2003
980 1011
980 987
980 983
981 2005
981 1013
981 989
981 983
981 982
981 1493
981 1749
981 1877
981 1941
981 1989
981 997
981 2001
981 1009
981 985
982 2006
982 1014
982 990
982 984
982 1494
982 1750
982 1878
982 1942
982 1990
982 998
982 2002
982 1010
982 986
982 2005
982 1013
982 989
982 983
983 2007
983 1015
983 991
983 984
983 1495
983 1751
983 1879
983 1943
983 1991
983 999
983 2003
983 1011
983 987
983 2005
983 1013
983 989
984 2008
984 1016
984 992
984 1496
984 1752
984 1880
984 1944
984 1992
984 1000
984 2004
984 1012
984 988
984 2006
984 1014
984 990
984 2007
984 1015
984 991
985 2009
985 1017
985 989
985 987
985 986
985 1497
985 1753
985 1881
985 1945
985 1993
985 1001
985 2001
985 1009
986 2010
986 1018
986 990
986 988
986 1498
986 1754
986 1882
986 1946
986 1994
986 1002
986 2002
986 1010
986 2009
986 1017
986 989
986 987
987 2011
987 1019
987 991
987 988
987 1499
987 1755
987 1883
987 1947
987 1995
987 1003
987 2003
987 1011
987 2009
987 1017
987 989
988 2012
988 1020
988 992
988 1500
988 1756
988 1884
988 1948
988 1996
988 1004
988 2004
988 1012
988 2010
988 1018
988 990
988 2011
988 1019
988 991
989 2013
989 1021
989 991
989 990
989 1501
989 1757
989 1885
989 1949
989 1997
989 1005
989 2005
989 1013
989 2009
989 1017
990 2014
990 1022
990 992
990 1502
990 1758
990 1886
990 1950
990 1998
990 1006
990 2006
990 1014
990 2010
990 1018
990 2013
990 1021
990 991
991 2015
991 1023
991 992
991 1503
991 1759
991 1887
991 1951
991 1999
991 1007
991 2007
991 1015
991 2011
991 1019
991 2013
991 1021
992 2016
992 1024
992 1504
992 1760
992 1888
992 1952
992 2000
992 1008
992 2008
992 1016
992 2012
992 1020
992 2014
992 1022
992 2015
992 1023
993 2017
993 1009
993 1001
993 997
993 995
993 994
993 1505
993 1761
993 1889
993 1953
993 1985
994 2018
994 1010
994 1002
994 998
994 996
994 1506
994 1762
994 1890
994 1954
994 1986
994 2017
994 1009
994 1001
994 997
994 995
995 2019
995 1011
995 1003
995 999
995 996
995 1507
995 1763
995 1891
995 1955
995 1987
995 2017
995 1009
995 1001
995 997
996 2020
996 1012
996 1004
996 1000
996 1508
996 1764
996 1892
996 1956
996 1988
996 2018
996 1010
996 1002
996 998
996 2019
996 1011
996 1003
996 999
997 2021
997 1013
997 1005
997 999
997 998
997 1509
997 1765
997 1893
997 1957
997 1989
997 2017
997 1009
997 1001
998 2022
998 1014
998 1006
998 1000
998 1510
998 1766
998 1894
998 1958
998 1990
998 2018
998 1010
998 1002
998 2021
998 1013
998 1005
998 999
999 2023
999 1015
999 1007
999 1000
999 1511
999 1767
999 1895
999 1959
999 1991
999 2019
999 1011
999 1003
999 2021
999 1013
999 1005
1000 2024
1000 1016
1000 1008
1000 1512
1000 1768
1000 1896
1000 1960
1000 1992
1000 2020
1000 1012
1000 1004
1000 2022
1000 1014
1000 1006
1000 2023
1000 1015
1000 1007
1001 2025
1001 1017
1001 1005
1001 1003
1001 1002
1001 1513
1001 1769
1001 1897
1001 1961
1001 1993
1001 2017
1001 1009
1002 2026
1002 1018
1002 1006
1002 1004
1002 1514
1002 1770
1002 1898
1002 1962
1002 1994
1002 2018
1002 1010
1002 2025
1002 1017
1002 1005
1002 1003
1003 2027
1003 1019
1003 1007
1003 1004
1003 1515
1003 1771
1003 1899
1003 1963
1003 1995
1003 2019
1003 1011
1003 2025
1003 1017
1003 1005
1004 2028
1004 1020
1004 1008
1004 1516
1004 1772
1004 1900
1004 1964
1004 1996
1004 2020
1004 1012
1004 2026
1004 1018
1004 1006
1004 2027
1004 1019
1004 1007
1005 2029
1005 1021
1005 1007
1005 1006
1005 1517
1005 1773
1005 1901
1005 1965
1005 1997
1005 2021
1005 1013
1005 2025
1005 1017
1006 2030
1006 1022
1006 1008
1006 1518
1006 1774
1006 1902
1006 1966
1006 1998
1006 2022
1006 1014
1006 2026
1006 1018
1006 2029
1006 1021
1006 1007
1007 2031
1007 1023
1007 1008
1007 1519
1007 1775
1007 1903
1007 1967
1007 1999
1007 2023
1007 1015
1007 2027
1007 1019
1007 2029
1007 1021
1008 2032
1008 1024
1008 1520
1008 1776
1008 1904
1008 1968
1008 2000
1008 2024
1008 1016
1008 2028
1008 1020
1008 2030
1008 1022
1008 2031
1008 1023
1009 2033
1009 1017
1009 1013
1009 1011
1009 1010
1009 1521
1009 1777
1009 1905
1009 1969
1009 2001
1009 2017
1010 2034
1010 1018
1010 1014
1010 1012
1010 1522
1010 1778
1010 1906
1010 1970
1010 2002
1010 2018
1010 2033
1010 1017
1010 1013
1010 1011
1011 2035
1011 1019
1011 1015
1011 1012
1011 1523
1011 1779
1011 1907
1011 1971
1011 2003
1011 2019
1011 2033
1011 1017
1011 1013
1012 2036
1012 1020
1012 1016
1012 1524
1012 1780
1012 1908
1012 1972
1012 2004
1012 2020
1012 2034
1012 1018
1012 1014
1012 2035
1012 1019
1012 1015
1013 2037
1013 1021
1013 1015
1013 1014
1013 1525
1013 1781
1013 1909
1013 1973
1013 2005
1013 2021
1013 2033
1013 1017
1014 2038
1014 1022
1014 1016
1014 1526
1014 1782
1014 1910
1014 1974
1014 2006
1014 2022
1014 2034
1014 1018
1014 2037
1014 1021
1014 1015
1015 2039
1015 1023
1015 1016
1015 1527
1015 1783
1015 1911
1015 1975
1015 2007
1015 2023
1015 2035
1015 1019
1015 2037
1015 1021
1016 2040
1016 1024
1016 1528
1016 1784
1016 1912
1016 1976
1016 2008
1016 2024
1016 2036
1016 1020
1016 2038
1016 1022
1016 2039
1016 1023
1017 2041
1017 1021
1017 1019
1017 1018
1017 1529
1017 1785
1017 1913
1017 1977
1017 2009
1017 2025
1017 2033
1018 2042
1018 1022
1018 1020
1018 1530
1018 1786
1018 1914
1018 1978
1018 2010
1018 2026
1018 2034
1018 2041
1018 1021
1018 1019
1019 2043
1019 1023
1019 1020
1019 1531
1019 1787
1019 1915
1019 1979
1019 2011
1019 2027
1019 2035
1019 2041
1019 1021
1020 2044
1020 1024
1020 1532
1020 1788
1020 1916
1020 1980
1020 2012
1020 2028
1020 2036
1020 2042
1020 1022
1020 2043
1020 1023
1021 2045
1021 1023
1021 1022
1021 1533
1021 1789
1021 1917
1021 1981
1021 2013
1021 2029
1021 2037
1021 2041
1022 2046
1022 1024
1022 1534
1022 1790
1022 1918
1022 1982
1022 2014
1022 2030
1022 2038
1022 2042
1022 2045
1022 1023
1023 2047
1023 1024
1023 1535
1023 1791
1023 1919
1023 1983
1023 2015
1023 2031
1023 2039
1023 2043
1023 2045
1024 2048
1024 1536
1024 1792
1024 1920
1024 1984
1024 2016
1024 2032
1024 2040
1024 2044
1024 2046
1024 2047
1025 1537
1025 1281
1025 1153
1025 1089
1025 1057
1025 1041
1025 1033
1025 1029
1025 1027
1025 1026
1026 1538
1026 1282
1026 1154
1026 1090
1026 1058
1026 1042
1026 1034
1026 1030
1026 1028
1026 1537
1026 1281
1026 1153
1026 1089
1026 1057
1026 1041
1026 1033
1026 1029
1026 1027
1027 1539
1027 1283
1027 1155
1027 1091
1027 1059
1027 1043
1027 1035
1027 1031
1027 1028
1027 1537
1027 1281
1027 1153
1027 1089
1027 1057
1027 1041
1027 1033
1027 1029
1028 1540
1028 1284
1028 1156
1028 1092
1028 1060
1028 1044
1028 1036
1028 1032
1028 1538
1028 1282
1028 1154
1028 1090
1028 1058
1028 1042
1028 1034
1028 1030
1028 1539
1028 1283
1028 1155
1028 1091
1028 1059
1028 1043
1028 1035
1028 1031
1029 1541
1029 1285
1029 1157
1029 1093
1029 1061
1029 1045
1029 1037
1029 1031
1029 1030
1029 1537
1029 1281
1029 1153
1029 1089
1029 1057
1029 1041
1029 1033
1030 1542
1030 1286
1030 1158
1030 1094
1030 1062
1030 1046
1030 1038
1030 1032
1030 1538
1030 1282
1030 1154
1030 1090
1030 1058
1030 1042
1030 1034
1030 1541
1030 1285
1030 1157
1030 1093
1030 1061
1030 1045
1030 1037
1030 1031
1031 1543
1031 1287
1031 1159
1031 1095
1031 1063
1031 1047
1031 1039
1031 1032
1031 1539
1031 1283
1031 1155
1031 1091
1031 1059
1031 1043
1031 1035
1031 1541
1031 1285
1031 1157
1031 1093
1031 1061
1031 1045
1031 1037
1032 1544
1032 1288
1032 1160
1032 1096
1032 1064
1032 1048
1032 1040
1032 1540
1032 1284
1032 1156
1032 1092
1032 1060
1032 1044
1032 1036
1032 1542
1032 1286
1032 1158
1032 1094
1032 1062
1032 1046
1032 1038
1032 1543
1032 1287
1032 1159
1032 1095
1032 1063
1032 1047
1032 1039
1033 1545
1033 1289
1033 1161
1033 1097
1033 1065
1033 1049
1033 1037
1033 1035
1033 1034
1033 1537
1033 1281
1033 1153
1033 1089
1033 1057
1033 1041
1034 1546
1034 1290
1034 1162
1034 1098
1034 1066
1034 1050
1034 1038
1034 1036
1034 1538
1034 1282
1034 1154
1034 1090
1034 1058
1034 1042
1034 1545
1034 1289
1034 1161
1034 1097
1034 1065
1034 1049
1034 1037
1034 1035
1035 1547
1035 1291
1035 1163
1035 1099
1035 1067
1035 1051
1035 1039
1035 1036
1035 1539
1035 1283
1035 1155
1035 1091
1035 1059
1035 1043
1035 1545
1035 1289
1035 1161
1035 1097
1035 1065
1035 1049
1035 1037
1036 1548
1036 1292
1036 1164
1036 1100
1036 1068
1036 1052
1036 1040
1036 1540
1036 1284
1036 1156
1036 1092
1036 1060
1036 1044
1036 1546
1036 1290
1036 1162
1036 1098
1036 1066
1036 1050
1036 1038
1036 1547
1036 1291
1036 1163
1036 1099
1036 1067
1036 1051
1036 1039
1037 1549
1037 1293
1037 1165
1037 1101
1037 1069
1037 1053
1037 1039
1037 1038
1037 1541
1037 1285
1037 1157
1037 1093
1037 1061
1037 1045
1037 1545
1037 1289
1037 1161
1037 1097
1037 1065
1037 1049
1038 1550
1038 1294
1038 1166
1038 1102
1038 1070
1038 1054
1038 1040
1038 1542
1038 1286
1038 1158
1038 1094
1038 1062
1038 1046
1038 1546
1038 1290
1038 1162
1038 1098
1038 1066
1038 1050
1038 1549
1038 1293
1038 1165
1038 1101
1038 1069
1038 1053
1038 1039
1039 1551
1039 1295
1039 1167
1039 1103
1039 1071
1039 1055
1039 1040
1039 1543
1039 1287
1039 1159
1039 1095
1039 1063
1039 1047
1039 1547
1039 1291
1039 1163
1039 1099
1039 1067
1039 1051
1039 1549
1039 1293
1039 1165
1039 1101
1039 1069
1039 1053
1040 1552
1040 1296
1040 1168
1040 1104
1040 1072
1040 1056
1040 1544
1040 1288
1040 1160
1040 1096
1040 1064
1040 1048
1040 1548
1040 1292
1040 1164
1040 1100
1040 1068
1040 1052
1040 1550
1040 1294
1040 1166
1040 1102
1040 1070
1040 1054
1040 1551
1040 1295
1040 1167
1040 1103
1040 1071
1040 1055
1041 1553
1041 1297
1041 1169
1041 1105
1041 1073
1041 1049
1041 1045
1041 1043
1041 1042
1041 1537
1041 1281
1041 1153
1041 1089
1041 1057
1042 1554
1042 1298
1042 1170
1042 1106
1042 1074
1042 1050
1042 1046
1042 1044
1042 1538
1042 1282
1042 1154
1042 1090
1042 1058
1042 1553
1042 1297
1042 1169
1042 1105
1042 1073
1042 1049
1042 1045
1042 1043
1043 1555
1043 1299
1043 1171
1043 1107
1043 1075
1043 1051
1043 1047
1043 1044
1043 1539
1043 1283
1043 1155
1043 1091
1043 1059
1043 1553
1043 1297
1043 1169
1043 1105
1043 1073
1043 1049
1043 1045
1044 1556
1044 1300
1044 1172
1044 1108
1044 1076
1044 1052
1044 1048
1044 1540
1044 1284
1044 1156
1044 1092
1044 1060
1044 1554
1044 1298
1044 1170
1044 1106
1044 1074
1044 1050
1044 1046
1044 1555
1044 1299
1044 1171
1044 1107
1044 1075
1044 1051
1044 1047
1045 1557
1045 1301
1045 1173
1045 1109
1045 1077
1045 1053
1045 1047
1045 1046
1045 1541
1045 1285
1045 1157
1045 1093
1045 1061
1045 1553
1045 1297
1045 1169
1045 1105
1045 1073
1045 1049
1046 1558
1046 1302
1046 1174
1046 1110
1046 1078
1046 1054
1046 1048
1046 1542
1046 1286
1046 1158
1046 1094
1046 1062
1046 1554
1046 1298
1046 1170
1046 1106
1046 1074
1046 1050
1046 1557
1046 1301
1046 1173
1046 1109
1046 1077
1046 1053
1046 1047
1047 1559
1047 1303
1047 1175
1047 1111
1047 1079
1047 1055
1047 1048
1047 1543
1047 1287
1047 1159
1047 1095
1047 1063
1047 1555
1047 1299
1047 1171
1047 1107
1047 1075
1047 1051
1047 1557
1047 1301
1047 1173
1047 1109
1047 1077
1047 1053
1048 1560
1048 1304
1048 1176
1048 1112
1048 1080
1048 1056
1048 1544
1048 1288
1048 1160
1048 1096
1048 1064
1048 1556
1048 1300
1048 1172
1048 1108
1048 1076
1048 1052
1048 1558
1048 1302
1048 1174
1048 1110
1048 1078
1048 1054
1048 1559
1048 1303
1048 1175
1048 1111
1048 1079
1048 1055
1049 1561
1049 1305
1049 1177
1049 1113
1049 1081
1049 1053
1049 1051
1049 1050
1049 1545
1049 1289
1049 1161
1049 1097
1049 1065
1049 1553
1049 1297
1049 1169
1049 1105
1049 1073
1050 1562
1050 1306
1050 1178
1050 1114
1050 1082
1050 1054
1050 1052
1050 1546
1050 1290
1050 1162
1050 1098
1050 1066
1050 1554
1050 1298
1050 1170
1050 1106
1050 1074
1050 1561
1050 1305
1050 1177
1050 1113
1050 1081
1050 1053
1050 1051
1051 1563
1051 1307
1051 1179
1051 1115
1051 1083
1051 1055
1051 1052
1051 1547
1051 1291
1051 1163
1051 1099
1051 1067
1051 1555
1051 1299
1051 1171
1051 1107
1051 1075
1051 1561
1051 1305
1051 1177
1051 1113
1051 1081
1051 1053
1052 1564
1052 1308
1052 1180
1052 1116
1052 1084
1052 1056
1052 1548
1052 1292
1052 1164
1052 1100
1052 1068
1052 1556
1052 1300
1052 1172
1052 1108
1052 1076
1052 1562
1052 1306
1052 1178
1052 1114
1052 1082
1052 1054
1052 1563
1052 1307
1052 1179
1052 1115
1052 1083
1052 1055
1053 1565
1053 1309
1053 1181
1053 1117
1053 1085
1053 1055
1053 1054
1053 1549
1053 1293
1053 1165
1053 1101
1053 1069
1053 1557
1053 1301
1053 1173
1053 1109
1053 1077
1053 1561
1053 1305
1053 1177
1053 1113
1053 1081
1054 1566
1054 1310
1054 1182
1054 1118
1054 1086
1054 1056
1054 1550
1054 1294
1054 1166
1054 1102
1054 1070
1054 1558
1054 1302
1054 1174
1054 1110
1054 1078
1054 1562
1054 1306
1054 1178
1054 1114
1054 1082
1054 1565
1054 1309
1054 1181
1054 1117
1054 1085
1054 1055
1055 1567
1055 1311
1055 1183
1055 1119
1055 1087
1055 1056
1055 1551
1055 1295
1055 1167
1055 1103
1055 1071
1055 1559
1055 1303
1055 1175
1055 1111
1055 1079
1055 1563
1055 1307
1055 1179
1055 1115
1055 1083
1055 1565
1055 1309
1055 1181
1055 1117
1055 1085
1056 1568
1056 1312
1056 1184
1056 1120
1056 1088
1056 1552
1056 1296
1056 1168
1056 1104
1056 1072
1056 1560
1056 1304
1056 1176
1056 1112
1056 1080
1056 1564
1056 1308
1056 1180
1056 1116
1056 1084
1056 1566
1056 1310
1056 1182
1056 1118
1056 1086
1056 1567
1056 1311
1056 1183
1056 1119
1056 1087
1057 1569
1057 1313
1057 1185
1057 1121
1057 1073
1057 1065
1057 1061
1057 1059
1057 1058
1057 1537
1057 1281
1057 1153
1057 1089
1058 1570
1058 1314
1058 1186
1058 1122
1058 1074
1058 1066
1058 1062
1058 1060
1058 1538
1058 1282
1058 1154
1058 1090
1058 1569
1058 1313
1058 1185
1058 1121
1058 1073
1058 1065
1058 1061
1058 1059
1059 1571
1059 1315
1059 1187
1059 1123
1059 1075
1059 1067
1059 1063
1059 1060
1059 1539
1059 1283
1059 1155
1059 1091
1059 1569
1059 1313
1059 1185
1059 1121
1059 1073
1059 1065
1059 1061
1060 1572
1060 1316
1060 1188
1060 1124
1060 1076
1060 1068
1060 1064
1060 1540
1060 1284
1060 1156
1060 1092
1060 1570
1060 1314
1060 1186
1060 1122
1060 1074
1060 1066
1060 1062
1060 1571
1060 1315
1060 1187
1060 1123
1060 1075
1060 1067
1060 1063
1061 1573
1061 1317
1061 1189
1061 1125
1061 1077
1061 1069
1061 1063
1061 1062
1061 1541
1061 1285
1061 1157
1061 1093
1061 1569
1061 1313
1061 1185
1061 1121
1061 1073
1061 1065
1062 1574
1062 1318
1062 1190
1062 1126
1062 1078
1062 1070
1062 1064
1062 1542
1062 1286
1062 1158
1062 1094
1062 1570
1062 1314
1062 1186
1062 1122
1062 1074
1062 1066
1062 1573
1062 1317
1062 1189
1062 1125
1062 1077
1062 1069
1062 1063
1063 1575
1063 1319
1063 1191
1063 1127
1063 1079
1063 1071
1063 1064
1063 1543
1063 1287
1063 1159
1063 1095
1063 1571
1063 1315
1063 1187
1063 1123
1063 1075
1063 1067
1063 1573
1063 1317
1063 1189
1063 1125
1063 1077
1063 1069
1064 1576
1064 1320
1064 1192
1064 1128
1064 1080
1064 1072
1064 1544
1064 1288
1064 1160
1064 1096
1064 1572
1064 1316
1064 1188
1064 1124
1064 1076
1064 1068
1064 1574
1064 1318
1064 1190
1064 1126
1064 1078
1064 1070
1064 1575
1064 1319
1064 1191
1064 1127
1064 1079
1064 1071
1065 1577
1065 1321
1065 1193
1065 1129
1065 1081
1065 1069
1065 1067
1065 1066
1065 1545
1065 1289
1065 1161
1065 1097
1065 1569
1065 1313
1065 1185
1065 1121
1065 1073
1066 1578
1066 1322
1066 1194
1066 1130
1066 1082
1066 1070
1066 1068
1066 1546
1066 1290
1066 1162
1066 1098
1066 1570
1066 1314
1066 1186
1066 1122
1066 1074
1066 1577
1066 1321
1066 1193
1066 1129
1066 1081
1066 1069
1066 1067
1067 1579
1067 1323
1067 1195
1067 1131
1067 1083
1067 1071
1067 1068
1067 1547
1067 1291
1067 1163
1067 1099
1067 1571
1067 1315
1067 1187
1067 1123
1067 1075
1067 1577
1067 1321
1067 1193
1067 1129
1067 1081
1067 1069
1068 1580
1068 1324
1068 1196
1068 1132
1068 1084
1068 1072
1068 1548
1068 1292
1068 1164
1068 1100
1068 1572
1068 1316
1068 1188
1068 1124
1068 1076
1068 1578
1068 1322
1068 1194
1068 1130
1068 1082
1068 1070
1068 1579
1068 1323
1068 1195
1068 1131
1068 1083
1068 1071
1069 1581
1069 1325
1069 1197
1069 1133
1069 1085
1069 1071
1069 1070
1069 1549
1069 1293
1069 1165
1069 1101
1069 1573
1069 1317
1069 1189
1069 1125
1069 1077
1069 1577
1069 1321
1069 1193
1069 1129
1069 1081
1070 1582
1070 1326
1070 1198
1070 1134
1070 1086
1070 1072
1070 1550
1070 1294
1070 1166
1070 1102
1070 1574
1070 1318
1070 1190
1070 1126
1070 1078
1070 1578
1070 1322
1070 1194
1070 1130
1070 1082
1070 1581
1070 1325
1070 1197
1070 1133
1070 1085
1070 1071
1071 1583
1071 1327
1071 1199
1071 1135
1071 1087
1071 1072
1071 1551
1071 1295
1071 1167
1071 1103
1071 1575
1071 1319
1071 1191
1071 1127
1071 1079
1071 1579
1071 1323
1071 1195
1071 1131
1071 1083
1071 1581
1071 1325
1071 1197
1071 1133
1071 1085
1072 1584
1072 1328
1072 1200
1072 1136
1072 1088
1072 1552
1072 1296
1072 1168
1072 1104
1072 1576
1072 1320
1072 1192
1072 1128
1072 1080
1072 1580
1072 1324
1072 1196
1072 1132
1072 1084
1072 1582
1072 1326
1072 1198
1072 1134
1072 1086
1072 1583
1072 1327
1072 1199
1072 1135
1072 1087
1073 1585
1073 1329
1073 1201
1073 1137
1073 1081
1073 1077
1073 1075
1073 1074
1073 1553
1073 1297
1073 1169
1073 1105
1073 1569
1073 1313
1073 1185
1073 1121
1074 1586
1074 1330
1074 1202
1074 1138
1074 1082
1074 1078
1074 1076
1074 1554
1074 1298
1074 1170
1074 1106
1074 1570
1074 1314
1074 1186
1074 1122
1074 1585
1074 1329
1074 1201
1074 1137
1074 1081
1074 1077
1074 1075
1075 1587
1075 1331
1075 1203
1075 1139
1075 1083
1075 1079
1075 1076
1075 1555
1075 1299
1075 1171
1075 1107
1075 1571
1075 1315
1075 1187
1075 1123
1075 1585
1075 1329
1075 1201
1075 1137
1075 1081
1075 1077
1076 1588
1076 1332
1076 1204
1076 1140
1076 1084
1076 1080
1076 1556
1076 1300
1076 1172
1076 1108
1076 1572
1076 1316
1076 1188
1076 1124
1076 1586
1076 1330
1076 1202
1076 1138
1076 1082
1076 1078
1076 1587
1076 1331
1076 1203
1076 1139
1076 1083
1076 1079
1077 1589
1077 1333
1077 1205
1077 1141
1077 1085
1077 1079
1077 1078
1077 1557
1077 1301
1077 1173
1077 1109
1077 1573
1077 1317
1077 1189
1077 1125
1077 1585
1077 1329
1077 1201
1077 1137
1077 1081
1078 1590
1078 1334
1078 1206
1078 1142
1078 1086
1078 1080
1078 1558
1078 1302
1078 1174
1078 1110
1078 1574
1078 1318
1078 1190
1078 1126
1078 1586
1078 1330
1078 1202
1078 1138
1078 1082
1078 1589
1078 1333
1078 1205
1078 1141
1078 1085
1078 1079
1079 1591
1079 1335
1079 1207
1079 1143
1079 1087
1079 1080
1079 1559
1079 1303
1079 1175
1079 1111
1079 1575
1079 1319
1079 1191
1079 1127
1079 1587
1079 1331
1079 1203
1079 1139
1079 1083
1079 1589
1079 1333
1079 1205
1079 1141
1079 1085
1080 1592
1080 1336
1080 1208
1080 1144
1080 1088
1080 1560
1080 1304
1080 1176
1080 1112
1080 1576
1080 1320
1080 1192
1080 1128
1080 1588
1080 1332
1080 1204
1080 1140
1080 1084
1080 1590
1080 1334
1080 1206
1080 1142
1080 1086
1080 1591
1080 1335
1080 1207
1080 1143
1080 1087
1081 1593
1081 1337
1081 1209
1081 1145
1081 1085
1081 1083
1081 1082
1081 1561
1081 1305
1081 1177
1081 1113
1081 1577
1081 1321
1081 1193
1081 1129
1081 1585
1081 1329
1081 1201
1081 1137
1082 1594
1082 1338
1082 1210
1082 1146
1082 1086
1082 1084
1082 1562
1082 1306
1082 1178
1082 1114
1082 1578
1082 1322
1082 1194
1082 1130
1082 1586
1082 1330
1082 1202
1082 1138
1082 1593
1082 1337
1082 1209
1082 1145
1082 1085
1082 1083
1083 1595
1083 1339
1083 1211
1083 1147
1083 1087
1083 1084
1083 1563
1083 1307
1083 1179
1083 1115
1083 1579
1083 1323
1083 1195
1083 1131
1083 1587
1083 1331
1083 1203
1083 1139
1083 1593
1083 1337
1083 1209
1083 1145
1083 1085
1084 1596
1084 1340
1084 1212
1084 1148
1084 1088
1084 1564
1084 1308
1084 1180
1084 1116
1084 1580
1084 1324
1084 1196
1084 1132
1084 1588
1084 1332
1084 1204
1084 1140
1084 1594
1084 1338
1084 1210
1084 1146
1084 1086
1084 1595
1084 1339
1084 1211
1084 1147
1084 1087
1085 1597
1085 1341
1085 1213
1085 1149
1085 1087
1085 1086
1085 1565
1085 1309
1085 1181
1085 1117
1085 1581
1085 1325
1085 1197
1085 1133
1085 1589
1085 1333
1085 1205
1085 1141
1085 1593
1085 1337
1085 1209
1085 1145
1086 1598
1086 1342
1086 1214
1086 1150
1086 1088
1086 1566
1086 1310
1086 1182
1086 1118
1086 1582
1086 1326
1086 1198
1086 1134
1086 1590
1086 1334
1086 1206
1086 1142
1086 1594
1086 1338
1086 1210
1086 1146
1086 1597
1086 1341
1086 1213
1086 1149
1086 1087
1087 1599
1087 1343
1087 1215
1087 1151
1087 1088
1087 1567
1087 1311
1087 1183
1087 1119
1087 1583
1087 1327
1087 1199
1087 1135
1087 1591
1087 1335
1087 1207
1087 1143
1087 1595
1087 1339
1087 1211
1087 1147
1087 1597
1087 1341
1087 1213
1087 1149
1088 1600
1088 1344
1088 1216
1088 1152
1088 1568
1088 1312
1088 1184
1088 1120
1088 1584
1088 1328
1088 1200
1088 1136
1088 1592
1088 1336
1088 1208
1088 1144
1088 1596
1088 1340
1088 1212
1088 1148
1088 1598
1088 1342
1088 1214
1088 1150
1088 1599
1088 1343
1088 1215
1088 1151
1089 1601
1089 1345
1089 1217
1089 1121
1089 1105
1089 1097
1089 1093
1089 1091
1089 1090
1089 1537
1089 1281
1089 1153
1090 1602
1090 1346
1090 1218
1090 1122
1090 1106
1090 1098
1090 1094
1090 1092
1090 1538
1090 1282
1090 1154
1090 1601
1090 1345
1090 1217
1090 1121
1090 1105
1090 1097
1090 1093
1090 1091
1091 1603
1091 1347
1091 1219
1091 1123
1091 1107
1091 1099
1091 1095
1091 1092
1091 1539
1091 1283
1091 1155
1091 1601
1091 1345
1091 1217
1091 1121
1091 1105
1091 1097
1091 1093
1092 1604
1092 1348
1092 1220
1092 1124
1092 1108
1092 1100
1092 1096
1092 1540
1092 1284
1092 1156
1092 1602
1092 1346
1092 1218
1092 1122
1092 1106
1092 1098
1092 1094
1092 1603
1092 1347
1092 1219
1092 1123
1092 1107
1092 1099
1092 1095
1093 1605
1093 1349
1093 1221
1093 1125
1093 1109
1093 1101
1093 1095
1093 1094
1093 1541
1093 1285
1093 1157
1093 1601
1093 1345
1093 1217
1093 1121
1093 1105
1093 1097
1094 1606
1094 1350
1094 1222
1094 1126
1094 1110
1094 1102
1094 1096
1094 1542
1094 1286
1094 1158
1094 1602
1094 1346
1094 1218
1094 1122
1094 1106
1094 1098
1094 1605
1094 1349
1094 1221
1094 1125
1094 1109
1094 1101
1094 1095
1095 1607
1095 1351
1095 1223
1095 1127
1095 1111
1095 1103
1095 1096
1095 1543
1095 1287
1095 1159
1095 1603
1095 1347
1095 1219
1095 1123
1095 1107
1095 1099
1095 1605
1095 1349
1095 1221
1095 1125
1095 1109
1095 1101
1096 1608
1096 1352
1096 1224
1096 1128
1096 1112
1096 1104
1096 1544
1096 1288
1096 1160
1096 1604
1096 1348
1096 1220
1096 1124
1096 1108
1096 1100
1096 1606
1096 1350
1096 1222
1096 1126
1096 1110
1096 1102
1096 1607
1096 1351
1096 1223
1096 1127
1096 1111
1096 1103
1097 1609
1097 1353
1097 1225
1097 1129
1097 1113
1097 1101
1097 1099
1097 1098
1097 1545
1097 1289
1097 1161
1097 1601
1097 1345
1097 1217
1097 1121
1097 1105
1098 1610
1098 1354
1098 1226
1098 1130
1098 1114
1098 1102
1098 1100
1098 1546
1098 1290
1098 1162
1098 1602
1098 1346
1098 1218
1098 1122
1098 1106
1098 1609
1098 1353
1098 1225
1098 1129
1098 1113
1098 1101
1098 1099
1099 1611
1099 1355
1099 1227
1099 1131
1099 1115
1099 1103
1099 1100
1099 1547
1099 1291
1099 1163
1099 1603
1099 1347
1099 1219
1099 1123
1099 1107
1099 1609
1099 1353
1099 1225
1099 1129
1099 1113
1099 1101
1100 1612
1100 1356
1100 1228
1100 1132
1100 1116
1100 1104
1100 1548
1100 1292
1100 1164
1100 1604
1100 1348
1100 1220
1100 1124
1100 1108
1100 1610
1100 1354
1100 1226
1100 1130
1100 1114
1100 1102
1100 1611
1100 1355
1100 1227
1100 1131
1100 1115
1100 1103
1101 1613
1101 1357
1101 1229
1101 1133
1101 1117
1101 1103
1101 1102
1101 1549
1101 1293
1101 1165
1101 1605
1101 1349
1101 1221
1101 1125
1101 1109
1101 1609
1101 1353
1101 1225
1101 1129
1101 1113
1102 1614
1102 1358
1102 1230
1102 1134
1102 1118
1102 1104
1102 1550
1102 1294
1102 1166
1102 1606
1102 1350
1102 1222
1102 1126
1102 1110
1102 1610
1102 1354
1102 1226
1102 1130
1102 1114
1102 1613
1102 1357
1102 1229
1102 1133
1102 1117
1102 1103
1103 1615
1103 1359
1103 1231
1103 1135
1103 1119
1103 1104
1103 1551
1103 1295
1103 1167
1103 1607
1103 1351
1103 1223
1103 1127
1103 1111
1103 1611
1103 1355
1103 1227
1103 1131
1103 1115
1103 1613
1103 1357
1103 1229
1103 1133
1103 1117
1104 1616
1104 1360
1104 1232
1104 1136
1104 1120
1104 1552
1104 1296
1104 1168
1104 1608
1104 1352
1104 1224
1104 1128
1104 1112
1104 1612
1104 1356
1104 1228
1104 1132
1104 1116
1104 1614
1104 1358
1104 1230
1104 1134
1104 1118
1104 1615
1104 1359
1104 1231
1104 1135
1104 1119
1105 1617
1105 1361
1105 1233
1105 1137
1105 1113
1105 1109
1105 1107
1105 1106
1105 1553
1105 1297
1105 1169
1105 1601
1105 1345
1105 1217
1105 1121
1106 1618
1106 1362
1106 1234
1106 1138
1106 1114
1106 1110
1106 1108
1106 1554
1106 1298
1106 1170
1106 1602
1106 1346
1106 1218
1106 1122
1106 1617
1106 1361
1106 1233
1106 1137
1106 1113
1106 1109
1106 1107
1107 1619
1107 1363
1107 1235
1107 1139
1107 1115
1107 1111
1107 1108
1107 1555
1107 1299
1107 1171
1107 1603
1107 1347
1107 1219
1107 1123
1107 1617
1107 1361
1107 1233
1107 1137
1107 1113
1107 1109
1108 1620
1108 1364
1108 1236
1108 1140
1108 1116
1108 1112
1108 1556
1108 1300
1108 1172
1108 1604
1108 1348
1108 1220
1108 1124
1108 1618
1108 1362
1108 1234
1108 1138
1108 1114
1108 1110
1108 1619
1108 1363
1108 1235
1108 1139
1108 1115
1108 1111
1109 1621
1109 1365
1109 1237
1109 1141
1109 1117
1109 1111
1109 1110
1109 1557
1109 1301
1109 1173
1109 1605
1109 1349
1109 1221
1109 1125
1109 1617
1109 1361
1109 1233
1109 1137
1109 1113
1110 1622
1110 1366
1110 1238
1110 1142
1110 1118
1110 1112
1110 1558
1110 1302
1110 1174
1110 1606
1110 1350
1110 1222
1110 1126
1110 1618
1110 1362
1110 1234
1110 1138
1110 1114
1110 1621
1110 1365
1110 1237
1110 1141
1110 1117
1110 1111
1111 1623
1111 1367
1111 1239
1111 1143
1111 1119
1111 1112
1111 1559
1111 1303
1111 1175
1111 1607
1111 1351
1111 1223
1111 1127
1111 1619
1111 1363
1111 1235
1111 1139
1111 1115
1111 1621
1111 1365
1111 1237
1111 1141
1111 1117
1112 1624
1112 1368
1112 1240
1112 1144
1112 1120
1112 1560
1112 1304
1112 1176
1112 1608
1112 1352
1112 1224
1112 1128
1112 1620
1112 1364
1112 1236
1112 1140
1112 1116
1112 1622
1112 1366
1112 1238
1112 1142
1112 1118
1112 1623
1112 1367
1112 1239
1112 1143
1112 1119
1113 1625
1113 1369
1113 1241
1113 1145
1113 1117
1113 1115
1113 1114
1113 1561
1113 1305
1113 1177
1113 1609
1113 1353
1113 1225
1113 1129
1113 1617
1113 1361
1113 1233
1113 1137
1114 1626
1114 1370
1114 1242
1114 1146
1114 1118
1114 1116
1114 1562
1114 1306
1114 1178
1114 1610
1114 1354
1114 1226
1114 1130
1114 1618
1114 1362
1114 1234
1114 1138
1114 1625
1114 1369
1114 1241
1114 1145
1114 1117
1114 1115
1115 1627
1115 1371
1115 1243
1115 1147
1115 1119
1115 1116
1115 1563
1115 1307
1115 1179
1115 1611
1115 1355
1115 1227
1115 1131
1115 1619
1115 1363
1115 1235
1115 1139
1115 1625
1115 1369
1115 1241
1115 1145
1115 1117
1116 1628
1116 1372
1116 1244
1116 1148
1116 1120
1116 1564
1116 1308
1116 1180
1116 1612
1116 1356
1116 1228
1116 1132
1116 1620
1116 1364
1116 1236
1116 1140
1116 1626
1116 1370
1116 1242
1116 1146
1116 1118
1116 1627
1116 1371
1116 1243
1116 1147
1116 1119
1117 1629
1117 1373
1117 1245
1117 1149
1117 1119
1117 1118
1117 1565
1117 1309
1117 1181
1117 1613
1117 1357
1117 1229
1117 1133
1117 1621
1117 1365
1117 1237
1117 1141
1117 1625
1117 1369
1117 1241
1117 1145
1118 1630
1118 1374
1118 1246
1118 1150
1118 1120
1118 1566
1118 1310
1118 1182
1118 1614
1118 1358
1118 1230
1118 1134
1118 1622
1118 1366
1118 1238
1118 1142
1118 1626
1118 1370
1118 1242
1118 1146
1118 1629
1118 1373
1118 1245
1118 1149
1118 1119
1119 1631
1119 1375
1119 1247
1119 1151
1119 1120
1119 1567
1119 1311
1119 1183
1119 1615
1119 1359
1119 1231
1119 1135
1119 1623
1119 1367
1119 1239
1119 1143
1119 1627
1119 1371
1119 1243
1119 1147
1119 1629
1119 1373
1119 1245
1119 1149
1120 1632
1120 1376
1120 1248
1120 1152
1120 1568
1120 1312
1120 1184
1120 1616
1120 1360
1120 1232
1120 1136
1120 1624
1120 1368
1120 1240
1120 1144
1120 1628
1120 1372
1120 1244
1120 1148
1120 1630
1120 1374
1120 1246
1120 1150
1120 1631
1120 1375
1120 1247
1120 1151
1121 1633
1121 1377
1121 1249
1121 1137
1121 1129
1121 1125
1121 1123
1121 1122
1121 1569
1121 1313
1121 1185
1121 1601
1121 1345
1121 1217
1122 1634
1122 1378
1122 1250
1122 1138
1122 1130
1122 1126
1122 1124
1122 1570
1122 1314
1122 1186
1122 1602
1122 1346
1122 1218
1122 1633
1122 1377
1122 1249
1122 1137
1122 1129
1122 1125
1122 1123
1123 1635
1123 1379
1123 1251
1123 1139
1123 1131
1123 1127
1123 1124
1123 1571
1123 1315
1123 1187
1123 1603
1123 1347
1123 1219
1123 1633
1123 1377
1123 1249
1123 1137
1123 1129
1123 1125
1124 1636
1124 1380
1124 1252
1124 1140
1124 1132
1124 1128
1124 1572
1124 1316
1124 1188
1124 1604
1124 1348
1124 1220
1124 1634
1124 1378
1124 1250
1124 1138
1124 1130
1124 1126
1124 1635
1124 1379
1124 1251
1124 1139
1124 1131
1124 1127
1125 1637
1125 1381
1125 1253
1125 1141
1125 1133
1125 1127
1125 1126
1125 1573
1125 1317
1125 1189
1125 1605
1125 1349
1125 1221
1125 1633
1125 1377
1125 1249
1125 1137
1125 1129
1126 1638
1126 1382
1126 1254
1126 1142
1126 1134
1126 1128
1126 1574
1126 1318
1126 1190
1126 1606
1126 1350
1126 1222
1126 1634
1126 1378
1126 1250
1126 1138
1126 1130
1126 1637
1126 1381
1126 1253
1126 1141
1126 1133
1126 1127
1127 1639
1127 1383
1127 1255
1127 1143
1127 1135
1127 1128
1127 1575
1127 1319
1127 1191
1127 1607
1127 1351
1127 1223
1127 1635
1127 1379
1127 1251
1127 1139
1127 1131
1127 1637
1127 1381
1127 1253
1127 1141
1127 1133
1128 1640
1128 1384
1128 1256
1128 1144
1128 1136
1128 1576
1128 1320
1128 1192
1128 1608
1128 1352
1128 1224
1128 1636
1128 1380
1128 1252
1128 1140
1128 1132
1128 1638
1128 1382
1128 1254
1128 1142
1128 1134
1128 1639
1128 1383
1128 1255
1128 1143
1128 1135
1129 1641
1129 1385
1129 1257
1129 1145
1129 1133
1129 1131
1129 1130
1129 1577
1129 1321
1129 1193
1129 1609
1129 1353
1129 1225
1129 1633
1129 1377
1129 1249
1129 1137
1130 1642
1130 1386
1130 1258
1130 1146
1130 1134
1130 1132
1130 1578
1130 1322
1130 1194
1130 1610
1130 1354
1130 1226
1130 1634
1130 1378
1130 1250
1130 1138
1130 1641
1130 1385
1130 1257
1130 1145
1130 1133
1130 1131
1131 1643
1131 1387
1131 1259
1131 1147
1131 1135
1131 1132
1131 1579
1131 1323
1131 1195
1131 1611
1131 1355
1131 1227
1131 1635
1131 1379
1131 1251
1131 1139
1131 1641
1131 1385
1131 1257
1131 1145
1131 1133
1132 1644
1132 1388
1132 1260
1132 1148
1132 1136
1132 1580
1132 1324
1132 1196
1132 1612
1132 1356
1132 1228
1132 1636
1132 1380
1132 1252
1132 1140
1132 1642
1132 1386
1132 1258
1132 1146
1132 1134
1132 1643
1132 1387
1132 1259
1132 1147
1132 1135
1133 1645
1133 1389
1133 1261
1133 1149
1133 1135
1133 1134
1133 1581
1133 1325
1133 1197
1133 1613
1133 1357
1133 1229
1133 1637
1133 1381
1133 1253
1133 1141
1133 1641
1133 1385
1133 1257
1133 1145
1134 1646
1134 1390
1134 1262
1134 1150
1134 1136
1134 1582
1134 1326
1134 1198
1134 1614
1134 1358
1134 1230
1134 1638
1134 1382
1134 1254
1134 1142
1134 1642
1134 1386
1134 1258
1134 1146
1134 1645
1134 1389
1134 1261
1134 1149
1134 1135
1135 1647
1135 1391
1135 1263
1135 1151
1135 1136
1135 1583
1135 1327
1135 1199
1135 1615
1135 1359
1135 1231
1135 1639
1135 1383
1135 1255
1135 1143
1135 1643
1135 1387
1135 1259
1135 1147
1135 1645
1135 1389
1135 1261
1135 1149
1136 1648
1136 1392
1136 1264
1136 1152
1136 1584
1136 1328
1136 1200
1136 1616
1136 1360
1136 1232
1136 1640
1136 1384
1136 1256
1136 1144
1136 1644
1136 1388
1136 1260
1136 1148
1136 1646
1136 1390
1136 1262
1136 1150
1136 1647
1136 1391
1136 1263
1136 1151
1137 1649
1137 1393
1137 1265
1137 1145
1137 1141
1137 1139
1137 1138
1137 1585
1137 1329
1137 1201
1137 1617
1137 1361
1137 1233
1137 1633
1137 1377
1137 1249
1138 1650
1138 1394
1138 1266
1138 1146
1138 1142
1138 1140
1138 1586
1138 1330
1138 1202
1138 1618
1138 1362
1138 1234
1138 1634
1138 1378
1138 1250
1138 1649
1138 1393
1138 1265
1138 1145
1138 1141
1138 1139
1139 1651
1139 1395
1139 1267
1139 1147
1139 1143
1139 1140
1139 1587
1139 1331
1139 1203
1139 1619
1139 1363
1139 1235
1139 1635
1139 1379
1139 1251
1139 1649
1139 1393
1139 1265
1139 1145
1139 1141
1140 1652
1140 1396
1140 1268
1140 1148
1140 1144
1140 1588
1140 1332
1140 1204
1140 1620
1140 1364
1140 1236
1140 1636
1140 1380
1140 1252
1140 1650
1140 1394
1140 1266
1140 1146
1140 1142
1140 1651
1140 1395
1140 1267
1140 1147
1140 1143
1141 1653
1141 1397
1141 1269
1141 1149
1141 1143
1141 1142
1141 1589
1141 1333
1141 1205
1141 1621
1141 1365
1141 1237
1141 1637
1141 1381
1141 1253
1141 1649
1141 1393
1141 1265
1141 1145
1142 1654
1142 1398
1142 1270
1142 1150
1142 1144
1142 1590
1142 1334
1142 1206
1142 1622
1142 1366
1142 1238
1142 1638
1142 1382
1142 1254
1142 1650
1142 1394
1142 1266
1142 1146
1142 1653
1142 1397
1142 1269
1142 1149
1142 1143
1143 1655
1143 1399
1143 1271
1143 1151
1143 1144
1143 1591
1143 1335
1143 1207
1143 1623
1143 1367
1143 1239
1143 1639
1143 1383
1143 1255
1143 1651
1143 1395
1143 1267
1143 1147
1143 1653
1143 1397
1143 1269
1143 1149
1144 1656
1144 1400
1144 1272
1144 1152
1144 1592
1144 1336
1144 1208
1144 1624
1144 1368
1144 1240
1144 1640
1144 1384
1144 1256
1144 1652
1144 1396
1144 1268
1144 1148
1144 1654
1144 1398
1144 1270
1144 1150
1144 1655
1144 1399
1144 1271
1144 1151
1145 1657
1145 1401
1145 1273
1145 1149
1145 1147
1145 1146
1145 1593
1145 1337
1145 1209
1145 1625
1145 1369
1145 1241
1145 1641
1145 1385
1145 1257
1145 1649
1145 1393
1145 1265
1146 1658
1146 1402
1146 1274
1146 1150
1146 1148
1146 1594
1146 1338
1146 1210
1146 1626
1146 1370
1146 1242
1146 1642
1146 1386
1146 1258
1146 1650
1146 1394
1146 1266
1146 1657
1146 1401
1146 1273
1146 1149
1146 1147
1147 1659
1147 1403
1147 1275
1147 1151
1147 1148
1147 1595
1147 1339
1147 1211
1147 1627
1147 1371
1147 1243
1147 1643
1147 1387
1147 1259
1147 1651
1147 1395
1147 1267
1147 1657
1147 1401
1147 1273
1147 1149
1148 1660
1148 1404
1148 1276
1148 1152
1148 1596
1148 1340
1148 1212
1148 1628
1148 1372
1148 1244
1148 1644
1148 1388
1148 1260
1148 1652
1148 1396
1148 1268
1148 1658
1148 1402
1148 1274
1148 1150
1148 1659
1148 1403
1148 1275
1148 1151
1149 1661
1149 1405
1149 1277
1149 1151
1149 1150
1149 1597
1149 1341
1149 1213
1149 1629
1149 1373
1149 1245
1149 1645
1149 1389
1149 1261
1149 1653
1149 1397
1149 1269
1149 1657
1149 1401
1149 1273
1150 1662
1150 1406
1150 1278
1150 1152
1150 1598
1150 1342
1150 1214
1150 1630
1150 1374
1150 1246
1150 1646
1150 1390
1150 1262
1150 1654
1150 1398
1150 1270
1150 1658
1150 1402
1150 1274
1150 1661
1150 1405
1150 1277
1150 1151
1151 1663
1151 1407
1151 1279
1151 1152
1151 1599
1151 1343
1151 1215
1151 1631
1151 1375
1151 1247
1151 1647
1151 1391
1151 1263
1151 1655
1151 1399
1151 1271
1151 1659
1151 1403
1151 1275
1151 1661
1151 1405
1151 1277
1152 1664
1152 1408
1152 1280
1152 1600
1152 1344
1152 1216
1152 1632
1152 1376
1152 1248
1152 1648
1152 1392
1152 1264
1152 1656
1152 1400
1152 1272
1152 1660
1152 1404
1152 1276
1152 1662
1152 1406
1152 1278
1152 1663
1152 1407
1152 1279
1153 1665
1153 1409
1153 1217
1153 1185
1153 1169
1153 1161
1153 1157
1153 1155
1153 1154
1153 1537
1153 1281
1154 1666
1154 1410
1154 1218
1154 1186
1154 1170
1154 1162
1154 1158
1154 1156
1154 1538
1154 1282
1154 1665
1154 1409
1154 1217
1154 1185
1154 1169
1154 1161
1154 1157
1154 1155
1155 1667
1155 1411
1155 1219
1155 1187
1155 1171
1155 1163
1155 1159
1155 1156
1155 1539
1155 1283
1155 1665
1155 1409
1155 1217
1155 1185
1155 1169
1155 1161
1155 1157
1156 1668
1156 1412
1156 1220
1156 1188
1156 1172
1156 1164
1156 1160
1156 1540
1156 1284
1156 1666
1156 1410
1156 1218
1156 1186
1156 1170
1156 1162
1156 1158
1156 1667
1156 1411
1156 1219
1156 1187
1156 1171
1156 1163
1156 1159
1157 1669
1157 1413
1157 1221
1157 1189
1157 1173
1157 1165
1157 1159
1157 1158
1157 1541
1157 1285
1157 1665
1157 1409
1157 1217
1157 1185
1157 1169
1157 1161
1158 1670
1158 1414
1158 1222
1158 1190
1158 1174
1158 1166
1158 1160
1158 1542
1158 1286
1158 1666
1158 1410
1158 1218
1158 1186
1158 1170
1158 1162
1158 1669
1158 1413
1158 1221
1158 1189
1158 1173
1158 1165
1158 1159
1159 1671
1159 1415
1159 1223
1159 1191
1159 1175
1159 1167
1159 1160
1159 1543
1159 1287
1159 1667
1159 1411
1159 1219
1159 1187
1159 1171
1159 1163
1159 1669
1159 1413
1159 1221
1159 1189
1159 1173
1159 1165
1160 1672
1160 1416
1160 1224
1160 1192
1160 1176
1160 1168
1160 1544
1160 1288
1160 1668
1160 1412
1160 1220
1160 1188
1160 1172
1160 1164
1160 1670
1160 1414
1160 1222
1160 1190
1160 1174
1160 1166
1160 1671
1160 1415
1160 1223
1160 1191
1160 1175
1160 1167
1161 1673
1161 1417
1161 1225
1161 1193
1161 1177
1161 1165
1161 1163
1161 1162
1161 1545
1161 1289
1161 1665
1161 1409
1161 1217
1161 1185
1161 1169
1162 1674
1162 1418
1162 1226
1162 1194
1162 1178
1162 1166
1162 1164
1162 1546
1162 1290
1162 1666
1162 1410
1162 1218
1162 1186
1162 1170
1162 1673
1162 1417
1162 1225
1162 1193
1162 1177
1162 1165
1162 1163
1163 1675
1163 1419
1163 1227
1163 1195
1163 1179
1163 1167
1163 1164
1163 1547
1163 1291
1163 1667
1163 1411
1163 1219
1163 1187
1163 1171
1163 1673
1163 1417
1163 1225
1163 1193
1163 1177
1163 1165
1164 1676
1164 1420
1164 1228
1164 1196
1164 1180
1164 1168
1164 1548
1164 1292
1164 1668
1164 1412
1164 1220
1164 1188
1164 1172
1164 1674
1164 1418
1164 1226
1164 1194
1164 1178
1164 1166
1164 1675
1164 1419
1164 1227
1164 1195
1164 1179
1164 1167
1165 1677
1165 1421
1165 1229
1165 1197
1165 1181
1165 1167
1165 1166
1165 1549
1165 1293
1165 1669
1165 1413
1165 1221
1165 1189
1165 1173
1165 1673
1165 1417
1165 1225
1165 1193
1165 1177
1166 1678
1166 1422
1166 1230
1166 1198
1166 1182
1166 1168
1166 1550
1166 1294
1166 1670
1166 1414
1166 1222
1166 1190
1166 1174
1166 1674
1166 1418
1166 1226
1166 1194
1166 1178
1166 1677
1166 1421
1166 1229
1166 1197
1166 1181
1166 1167
1167 1679
1167 1423
1167 1231
1167 1199
1167 1183
1167 1168
1167 1551
1167 1295
1167 1671
1167 1415
1167 1223
1167 1191
1167 1175
1167 1675
1167 1419
1167 1227
1167 1195
1167 1179
1167 1677
1167 1421
1167 1229
1167 1197
1167 1181
1168 1680
1168 1424
1168 1232
1168 1200
1168 1184
1168 1552
1168 1296
1168 1672
1168 1416
1168 1224
1168 1192
1168 1176
1168 1676
1168 1420
1168 1228
1168 1196
1168 1180
1168 1678
1168 1422
1168 1230
1168 1198
1168 1182
1168 1679
1168 1423
1168 1231
1168 1199
1168 1183
1169 1681
1169 1425
1169 1233
1169 1201
1169 1177
1169 1173
1169 1171
1169 1170
1169 1553
1169 1297
1169 1665
1169 1409
1169 1217
1169 1185
1170 1682
1170 1426
1170 1234
1170 1202
1170 1178
1170 1174
1170 1172
1170 1554
1170 1298
1170 1666
1170 1410
1170 1218
1170 1186
1170 1681
1170 1425
1170 1233
1170 1201
1170 1177
1170 1173
1170 1171
1171 1683
1171 1427
1171 1235
1171 1203
1171 1179
1171 1175
1171 1172
1171 1555
1171 1299
1171 1667
1171 1411
1171 1219
1171 1187
1171 1681
1171 1425
1171 1233
1171 1201
1171 1177
1171 1173
1172 1684
1172 1428
1172 1236
1172 1204
1172 1180
1172 1176
1172 1556
1172 1300
1172 1668
1172 1412
1172 1220
1172 1188
1172 1682
1172 1426
1172 1234
1172 1202
1172 1178
1172 1174
1172 1683
1172 1427
1172 1235
1172 1203
1172 1179
1172 1175
1173 1685
1173 1429
1173 1237
1173 1205
1173 1181
1173 1175
1173 1174
1173 1557
1173 1301
1173 1669
1173 1413
1173 1221
1173 1189
1173 1681
1173 1425
1173 1233
1173 1201
1173 1177
1174 1686
1174 1430
1174 1238
1174 1206
1174 1182
1174 1176
1174 1558
1174 1302
1174 1670
1174 1414
1174 1222
1174 1190
1174 1682
1174 1426
1174 1234
1174 1202
1174 1178
1174 1685
1174 1429
1174 1237
1174 1205
1174 1181
1174 1175
1175 1687
1175 1431
1175 1239
1175 1207
1175 1183
1175 1176
1175 1559
1175 1303
1175 1671
1175 1415
1175 1223
1175 1191
1175 1683
1175 1427
1175 1235
1175 1203
1175 1179
1175 1685
1175 1429
1175 1237
1175 1205
1175 1181
1176 1688
1176 1432
1176 1240
1176 1208
1176 1184
1176 1560
1176 1304
1176 1672
1176 1416
1176 1224
1176 1192
1176 1684
1176 1428
1176 1236
1176 1204
1176 1180
1176 1686
1176 1430
1176 1238
1176 1206
1176 1182
1176 1687
1176 1431
1176 1239
1176 1207
1176 1183
1177 1689
1177 1433
1177 1241
1177 1209
1177 1181
1177 1179
1177 1178
1177 1561
1177 1305
1177 1673
1177 1417
1177 1225
1177 1193
1177 1681
1177 1425
1177 1233
1177 1201
1178 1690
1178 1434
1178 1242
1178 1210
1178 1182
1178 1180
1178 1562
1178 1306
1178 1674
1178 1418
1178 1226
1178 1194
1178 1682
1178 1426
1178 1234
1178 1202
1178 1689
1178 1433
1178 1241
1178 1209
1178 1181
1178 1179
1179 1691
1179 1435
1179 1243
1179 1211
1179 1183
1179 1180
1179 1563
1179 1307
1179 1675
1179 1419
1179 1227
1179 1195
1179 1683
1179 1427
1179 1235
1179 1203
1179 1689
1179 1433
1179 1241
1179 1209
1179 1181
1180 1692
1180 1436
1180 1244
1180 1212
1180 1184
1180 1564
1180 1308
1180 1676
1180 1420
1180 1228
1180 1196
1180 1684
1180 1428
1180 1236
1180 1204
1180 1690
1180 1434
1180 1242
1180 1210
1180 1182
1180 1691
1180 1435
1180 1243
1180 1211
1180 1183
1181 1693
1181 1437
1181 1245
1181 1213
1181 1183
1181 1182
1181 1565
1181 1309
1181 1677
1181 1421
1181 1229
1181 1197
1181 1685
1181 1429
1181 1237
1181 1205
1181 1689
1181 1433
1181 1241
1181 1209
1182 1694
1182 1438
1182 1246
1182 1214
1182 1184
1182 1566
1182 1310
1182 1678
1182 1422
1182 1230
1182 1198
1182 1686
1182 1430
1182 1238
1182 1206
1182 1690
1182 1434
1182 1242
1182 1210
1182 1693
1182 1437
1182 1245
1182 1213
1182 1183
1183 1695
1183 1439
1183 1247
1183 1215
1183 1184
1183 1567
1183 1311
1183 1679
1183 1423
1183 1231
1183 1199
1183 1687
1183 1431
1183 1239
1183 1207
1183 1691
1183 1435
1183 1243
1183 1211
1183 1693
1183 1437
1183 1245
1183 1213
1184 1696
1184 1440
1184 1248
1184 1216
1184 1568
1184 1312
1184 1680
1184 1424
1184 1232
1184 1200
1184 1688
1184 1432
1184 1240
1184 1208
1184 1692
1184 1436
1184 1244
1184 1212
1184 1694
1184 1438
1184 1246
1184 1214
1184 1695
1184 1439
1184 1247
1184 1215
1185 1697
1185 1441
1185 1249
1185 1201
1185 1193
1185 1189
1185 1187
1185 1186
1185 1569
1185 1313
1185 1665
1185 1409
1185 1217
1186 1698
1186 1442
1186 1250
1186 1202
1186 1194
1186 1190
1186 1188
1186 1570
1186 1314
1186 1666
1186 1410
1186 1218
1186 1697
1186 1441
1186 1249
1186 1201
1186 1193
1186 1189
1186 1187
1187 1699
1187 1443
1187 1251
1187 1203
1187 1195
1187 1191
1187 1188
1187 1571
1187 1315
1187 1667
1187 1411
1187 1219
1187 1697
1187 1441
1187 1249
1187 1201
1187 1193
1187 1189
1188 1700
1188 1444
1188 1252
1188 1204
1188 1196
1188 1192
1188 1572
1188 1316
1188 1668
1188 1412
1188 1220
1188 1698
1188 1442
1188 1250
1188 1202
1188 1194
1188 1190
1188 1699
1188 1443
1188 1251
1188 1203
1188 1195
1188 1191
1189 1701
1189 1445
1189 1253
1189 1205
1189 1197
1189 1191
1189 1190
1189 1573
1189 1317
1189 1669
1189 1413
1189 1221
1189 1697
1189 1441
1189 1249
1189 1201
1189 1193
1190 1702
1190 1446
1190 1254
1190 1206
1190 1198
1190 1192
1190 1574
1190 1318
1190 1670
1190 1414
1190 1222
1190 1698
1190 1442
1190 1250
1190 1202
1190 1194
1190 1701
1190 1445
1190 1253
1190 1205
1190 1197
1190 1191
1191 1703
1191 1447
1191 1255
1191 1207
1191 1199
1191 1192
1191 1575
1191 1319
1191 1671
1191 1415
1191 1223
1191 1699
1191 1443
1191 1251
1191 1203
1191 1195
1191 1701
1191 1445
1191 1253
1191 1205
1191 1197
1192 1704
1192 1448
1192 1256
1192 1208
1192 1200
1192 1576
1192 1320
1192 1672
1192 1416
1192 1224
1192 1700
1192 1444
1192 1252
1192 1204
1192 1196
1192 1702
1192 1446
1192 1254
1192 1206
1192 1198
1192 1703
1192 1447
1192 1255
1192 1207
1192 1199
1193 1705
1193 1449
1193 1257
1193 1209
1193 1197
1193 1195
1193 1194
1193 1577
1193 1321
1193 1673
1193 1417
1193 1225
1193 1697
1193 1441
1193 1249
1193 1201
1194 1706
1194 1450
1194 1258
1194 1210
1194 1198
1194 1196
1194 1578
1194 1322
1194 1674
1194 1418
1194 1226
1194 1698
1194 1442
1194 1250
1194 1202
1194 1705
1194 1449
1194 1257
1194 1209
1194 1197
1194 1195
1195 1707
1195 1451
1195 1259
1195 1211
1195 1199
1195 1196
1195 1579
1195 1323
1195 1675
1195 1419
1195 1227
1195 1699
1195 1443
1195 1251
1195 1203
1195 1705
1195 1449
1195 1257
1195 1209
1195 1197
1196 1708
1196 1452
1196 1260
1196 1212
1196 1200
1196 1580
1196 1324
1196 1676
1196 1420
1196 1228
1196 1700
1196 1444
1196 1252
1196 1204
1196 1706
1196 1450
1196 1258
1196 1210
1196 1198
1196 1707
1196 1451
1196 1259
1196 1211
1196 1199
1197 1709
1197 1453
1197 1261
1197 1213
1197 1199
1197 1198
1197 1581
1197 1325
1197 1677
1197 1421
1197 1229
1197 1701
1197 1445
1197 1253
1197 1205
1197 1705
1197 1449
1197 1257
1197 1209
1198 1710
1198 1454
1198 1262
1198 1214
1198 1200
1198 1582
1198 1326
1198 1678
1198 1422
1198 1230
1198 1702
1198 1446
1198 1254
1198 1206
1198 1706
1198 1450
1198 1258
1198 1210
1198 1709
1198 1453
1198 1261
1198 1213
1198 1199
1199 1711
1199 1455
1199 1263
1199 1215
1199 1200
1199 1583
1199 1327
1199 1679
1199 1423
1199 1231
1199 1703
1199 1447
1199 1255
1199 1207
1199 1707
1199 1451
1199 1259
1199 1211
1199 1709
1199 1453
1199 1261
1199 1213
1200 1712
1200 1456
1200 1264
1200 1216
1200 1584
1200 1328
1200 1680
1200 1424
1200 1232
1200 1704
1200 1448
1200 1256
1200 1208
1200 1708
1200 1452
1200 1260
1200 1212
1200 1710
1200 1454
1200 1262
1200 1214
1200 1711
1200 1455
1200 1263
1200 1215
1201 1713
1201 1457
1201 1265
1201 1209
1201 1205
1201 1203
1201 1202
1201 1585
1201 1329
1201 1681
1201 1425
1201 1233
1201 1697
1201 1441
1201 1249
1202 1714
1202 1458
1202 1266
1202 1210
1202 1206
1202 1204
1202 1586
1202 1330
1202 1682
1202 1426
1202 1234
1202 1698
1202 1442
1202 1250
1202 1713
1202 1457
1202 1265
1202 1209
1202 1205
1202 1203
1203 1715
1203 1459
1203 1267
1203 1211
1203 1207
1203 1204
1203 1587
1203 1331
1203 1683
1203 1427
1203 1235
1203 1699
1203 1443
1203 1251
1203 1713
1203 1457
1203 1265
1203 1209
1203 1205
1204 1716
1204 1460
1204 1268
1204 1212
1204 1208
1204 1588
1204 1332
1204 1684
1204 1428
1204 1236
1204 1700
1204 1444
1204 1252
1204 1714
1204 1458
1204 1266
1204 1210
1204 1206
1204 1715
1204 1459
1204 1267
1204 1211
1204 1207
1205 1717
1205 1461
1205 1269
1205 1213
1205 1207
1205 1206
1205 1589
1205 1333
1205 1685
1205 1429
1205 1237
1205 1701
1205 1445
1205 1253
1205 1713
1205 1457
1205 1265
1205 1209
1206 1718
1206 1462
1206 1270
1206 1214
1206 1208
1206 1590
1206 1334
1206 1686
1206 1430
1206 1238
1206 1702
1206 1446
1206 1254
1206 1714
1206 1458
1206 1266
1206 1210
1206 1717
1206 1461
1206 1269
1206 1213
1206 1207
1207 1719
1207 1463
1207 1271
1207 1215
1207 1208
1207 1591
1207 1335
1207 1687
1207 1431
1207 1239
1207 1703
1207 1447
1207 1255
1207 1715
1207 1459
1207 1267
1207 1211
1207 1717
1207 1461
1207 1269
1207 1213
1208 1720
1208 1464
1208 1272
1208 1216
1208 1592
1208 1336
1208 1688
1208 1432
1208 1240
1208 1704
1208 1448
1208 1256
1208 1716
1208 1460
1208 1268
1208 1212
1208 1718
1208 1462
1208 1270
1208 1214
1208 1719
1208 1463
1208 1271
1208 1215
1209 1721
1209 1465
1209 1273
1209 1213
1209 1211
1209 1210
1209 1593
1209 1337
1209 1689
1209 1433
1209 1241
1209 1705
1209 1449
1209 1257
1209 1713
1209 1457
1209 1265
1210 1722
1210 1466
1210 1274
1210 1214
1210 1212
1210 1594
1210 1338
1210 1690
1210 1434
1210 1242
1210 1706
1210 1450
1210 1258
1210 1714
1210 1458
1210 1266
1210 1721
1210 1465
1210 1273
1210 1213
1210 1211
1211 1723
1211 1467
1211 1275
1211 1215
1211 1212
1211 1595
1211 1339
1211 1691
1211 1435
1211 1243
1211 1707
1211 1451
1211 1259
1211 1715
1211 1459
1211 1267
1211 1721
1211 1465
1211 1273
1211 1213
1212 1724
1212 1468
1212 1276
1212 1216
1212 1596
1212 1340
1212 1692
1212 1436
1212 1244
1212 1708
1212 1452
1212 1260
1212 1716
1212 1460
1212 1268
1212 1722
1212 1466
1212 1274
1212 1214
1212 1723
1212 1467
1212 1275
1212 1215
1213 1725
1213 1469
1213 1277
1213 1215
1213 1214
1213 1597
1213 1341
1213 1693
1213 1437
1213 1245
1213 1709
1213 1453
1213 1261
1213 1717
1213 1461
1213 1269
1213 1721
1213 1465
1213 1273
1214 1726
1214 1470
1214 1278
1214 1216
1214 1598
1214 1342
1214 1694
1214 1438
1214 1246
1214 1710
1214 1454
1214 1262
1214 1718
1214 1462
1214 1270
1214 1722
1214 1466
1214 1274
1214 1725
1214 1469
1214 1277
1214 1215
1215 1727
1215 1471
1215 1279
1215 1216
1215 1599
1215 1343
1215 1695
1215 1439
1215 1247
1215 1711
1215 1455
1215 1263
1215 1719
1215 1463
1215 1271
1215 1723
1215 1467
1215 1275
1215 1725
1215 1469
1215 1277
1216 1728
1216 1472
1216 1280
1216 1600
1216 1344
1216 1696
1216 1440
1216 1248
1216 1712
1216 1456
1216 1264
1216 1720
1216 1464
1216 1272
1216 1724
1216 1468
1216 1276
1216 1726
1216 1470
1216 1278
1216 1727
1216 1471
1216 1279
1217 1729
1217 1473
1217 1249
1217 1233
1217 1225
1217 1221
1217 1219
1217 1218
1217 1601
1217 1345
1217 1665
1217 1409
1218 1730
1218 1474
1218 1250
1218 1234
1218 1226
1218 1222
1218 1220
1218 1602
1218 1346
1218 1666
1218 1410
1218 1729
1218 1473
1218 1249
1218 1233
1218 1225
1218 1221
1218 1219
1219 1731
1219 1475
1219 1251
1219 1235
1219 1227
1219 1223
1219 1220
1219 1603
1219 1347
1219 1667
1219 1411
1219 1729
1219 1473
1219 1249
1219 1233
1219 1225
1219 1221
1220 1732
1220 1476
1220 1252
1220 1236
1220 1228
1220 1224
1220 1604
1220 1348
1220 1668
1220 1412
1220 1730
1220 1474
1220 1250
1220 1234
1220 1226
1220 1222
1220 1731
1220 1475
1220 1251
1220 1235
1220 1227
1220 1223
1221 1733
1221 1477
1221 1253
1221 1237
1221 1229
1221 1223
1221 1222
1221 1605
1221 1349
1221 1669
1221 1413
1221 1729
1221 1473
1221 1249
1221 1233
1221 1225
1222 1734
1222 1478
1222 1254
1222 1238
1222 1230
1222 1224
1222 1606
1222 1350
1222 1670
1222 1414
1222 1730
1222 1474
1222 1250
1222 1234
1222 1226
1222 1733
1222 1477
1222 1253
1222 1237
1222 1229
1222 1223
1223 1735
1223 1479
1223 1255
1223 1239
1223 1231
1223 1224
1223 1607
1223 1351
1223 1671
1223 1415
1223 1731
1223 1475
1223 1251
1223 1235
1223 1227
1223 1733
1223 1477
1223 1253
1223 1237
1223 1229
1224 1736
1224 1480
1224 1256
1224 1240
1224 1232
1224 1608
1224 1352
1224 1672
1224 1416
1224 1732
1224 1476
1224 1252
1224 1236
1224 1228
1224 1734
1224 1478
1224 1254
1224 1238
1224 1230
1224 1735
1224 1479
1224 1255
1224 1239
1224 1231
1225 1737
1225 1481
1225 1257
1225 1241
1225 1229
1225 1227
1225 1226
1225 1609
1225 1353
1225 1673
1225 1417
1225 1729
1225 1473
1225 1249
1225 1233
1226 1738
1226 1482
1226 1258
1226 1242
1226 1230
1226 1228
1226 1610
1226 1354
1226 1674
1226 1418
1226 1730
1226 1474
1226 1250
1226 1234
1226 1737
1226 1481
1226 1257
1226 1241
1226 1229
1226 1227
1227 1739
1227 1483
1227 1259
1227 1243
1227 1231
1227 1228
1227 1611
1227 1355
1227 1675
1227 1419
1227 1731
1227 1475
1227 1251
1227 1235
1227 1737
1227 1481
1227 1257
1227 1241
1227 1229
1228 1740
1228 1484
1228 1260
1228 1244
1228 1232
1228 1612
1228 1356
1228 1676
1228 1420
1228 1732
1228 1476
1228 1252
1228 1236
1228 1738
1228 1482
1228 1258
1228 1242
1228 1230
1228 1739
1228 1483
1228 1259
1228 1243
1228 1231
1229 1741
1229 1485
1229 1261
1229 1245
1229 1231
1229 1230
1229 1613
1229 1357
1229 1677
1229 1421
1229 1733
1229 1477
1229 1253
1229 1237
1229 1737
1229 1481
1229 1257
1229 1241
1230 1742
1230 1486
1230 1262
1230 1246
1230 1232
1230 1614
1230 1358
1230 1678
1230 1422
1230 1734
1230 1478
1230 1254
1230 1238
1230 1738
1230 1482
1230 1258
1230 1242
1230 1741
1230 1485
1230 1261
1230 1245
1230 1231
1231 1743
1231 1487
1231 1263
1231 1247
1231 1232
1231 1615
1231 1359
1231 1679
1231 1423
1231 1735
1231 1479
1231 1255
1231 1239
1231 1739
1231 1483
1231 1259
1231 1243
1231 1741
1231 1485
1231 1261
1231 1245
1232 1744
1232 1488
1232 1264
1232 1248
1232 1616
1232 1360
1232 1680
1232 1424
1232 1736
1232 1480
1232 1256
1232 1240
1232 1740
1232 1484
1232 1260
1232 1244
1232 1742
1232 1486
1232 1262
1232 1246
1232 1743
1232 1487
1232 1263
1232 1247
1233 1745
1233 1489
1233 1265
1233 1241
1233 1237
1233 1235
1233 1234
1233 1617
1233 1361
1233 1681
1233 1425
1233 1729
1233 1473
1233 1249
1234 1746
1234 1490
1234 1266
1234 1242
1234 1238
1234 1236
1234 1618
1234 1362
1234 1682
1234 1426
1234 1730
1234 1474
1234 1250
1234 1745
1234 1489
1234 1265
1234 1241
1234 1237
1234 1235
1235 1747
1235 1491
1235 1267
1235 1243
1235 1239
1235 1236
1235 1619
1235 1363
1235 1683
1235 1427
1235 1731
1235 1475
1235 1251
1235 1745
1235 1489
1235 1265
1235 1241
1235 1237
1236 1748
1236 1492
1236 1268
1236 1244
1236 1240
1236 1620
1236 1364
1236 1684
1236 1428
1236 1732
1236 1476
1236 1252
1236 1746
1236 1490
1236 1266
1236 1242
1236 1238
1236 1747
1236 1491
1236 1267
1236 1243
1236 1239
1237 1749
1237 1493
1237 1269
1237 1245
1237 1239
1237 1238
1237 1621
1237 1365
1237 1685
1237 1429
1237 1733
1237 1477
1237 1253
1237 1745
1237 1489
1237 1265
1237 1241
1238 1750
1238 1494
1238 1270
1238 1246
1238 1240
1238 1622
1238 1366
1238 1686
1238 1430
1238 1734
1238 1478
1238 1254
1238 1746
1238 1490
1238 1266
1238 1242
1238 1749
1238 1493
1238 1269
1238 1245
1238 1239
1239 1751
1239 1495
1239 1271
1239 1247
1239 1240
1239 1623
1239 1367
1239 1687
1239 1431
1239 1735
1239 1479
1239 1255
1239 1747
1239 1491
1239 1267
1239 1243
1239 1749
1239 1493
1239 1269
1239 1245
1240 1752
1240 1496
1240 1272
1240 1248
1240 1624
1240 1368
1240 1688
1240 1432
1240 1736
1240 1480
1240 1256
1240 1748
1240 1492
1240 1268
1240 1244
1240 1750
1240 1494
1240 1270
1240 1246
1240 1751
1240 1495
1240 1271
1240 1247
1241 1753
1241 1497
1241 1273
1241 1245
1241 1243
1241 1242
1241 1625
1241 1369
1241 1689
1241 1433
1241 1737
1241 1481
1241 1257
1241 1745
1241 1489
1241 1265
1242 1754
1242 1498
1242 1274
1242 1246
1242 1244
1242 1626
1242 1370
1242 1690
1242 1434
1242 1738
1242 1482
1242 1258
1242 1746
1242 1490
1242 1266
1242 1753
1242 1497
1242 1273
1242 1245
1242 1243
1243 1755
1243 1499
1243 1275
1243 1247
1243 1244
1243 1627
1243 1371
1243 1691
1243 1435
1243 1739
1243 1483
1243 1259
1243 1747
1243 1491
1243 1267
1243 1753
1243 1497
1243 1273
1243 1245
1244 1756
1244 1500
1244 1276
1244 1248
1244 1628
1244 1372
1244 1692
1244 1436
1244 1740
1244 1484
1244 1260
1244 1748
1244 1492
1244 1268
1244 1754
1244 1498
1244 1274
1244 1246
1244 1755
1244 1499
1244 1275
1244 1247
1245 1757
1245 1501
1245 1277
1245 1247
1245 1246
1245 1629
1245 1373
1245 1693
1245 1437
1245 1741
1245 1485
1245 1261
1245 1749
1245 1493
1245 1269
1245 1753
1245 1497
1245 1273
1246 1758
1246 1502
1246 1278
1246 1248
1246 1630
1246 1374
1246 1694
1246 1438
1246 1742
1246 1486
1246 1262
1246 1750
1246 1494
1246 1270
1246 1754
1246 1498
1246 1274
1246 1757
1246 1501
1246 1277
1246 1247
1247 1759
1247 1503
1247 1279
1247 1248
1247 1631
1247 1375
1247 1695
1247 1439
1247 1743
1247 1487
1247 1263
1247 1751
1247 1495
1247 1271
1247 1755
1247 1499
1247 1275
1247 1757
1247 1501
1247 1277
1248 1760
1248 1504
1248 1280
1248 1632
1248 1376
1248 1696
1248 1440
1248 1744
1248 1488
1248 1264
1248 1752
1248 1496
1248 1272
1248 1756
1248 1500
1248 1276
1248 1758
1248 1502
1248 1278
1248 1759
1248 1503
1248 1279
1249 1761
1249 1505
1249 1265
1249 1257
1249 1253
1249 1251
1249 1250
1249 1633
1249 1377
1249 1697
1249 1441
1249 1729
1249 1473
1250 1762
1250 1506
1250 1266
1250 1258
1250 1254
1250 1252
1250 1634
1250 1378
1250 1698
1250 1442
1250 1730
1250 1474
1250 1761
1250 1505
1250 1265
1250 1257
1250 1253
1250 1251
1251 1763
1251 1507
1251 1267
1251 1259
1251 1255
1251 1252
1251 1635
1251 1379
1251 1699
1251 1443
1251 1731
1251 1475
1251 1761
1251 1505
1251 1265
1251 1257
1251 1253
1252 1764
1252 1508
1252 1268
1252 1260
1252 1256
1252 1636
1252 1380
1252 1700
1252 1444
1252 1732
1252 1476
1252 1762
1252 1506
1252 1266
1252 1258
1252 1254
1252 1763
1252 1507
1252 1267
1252 1259
1252 1255
1253 1765
1253 1509
1253 1269
1253 1261
1253 1255
1253 1254
1253 1637
1253 1381
1253 1701
1253 1445
1253 1733
1253 1477
1253 1761
1253 1505
1253 1265
1253 1257
1254 1766
1254 1510
1254 1270
1254 1262
1254 1256
1254 1638
1254 1382
1254 1702
1254 1446
1254 1734
1254 1478
1254 1762
1254 1506
1254 1266
1254 1258
1254 1765
1254 1509
1254 1269
1254 1261
1254 1255
1255 1767
1255 1511
1255 1271
1255 1263
1255 1256
1255 1639
1255 1383
1255 1703
1255 1447
1255 1735
1255 1479
1255 1763
1255 1507
1255 1267
1255 1259
1255 1765
1255 1509
1255 1269
1255 1261
1256 1768
1256 1512
1256 1272
1256 1264
1256 1640
1256 1384
1256 1704
1256 1448
1256 1736
1256 1480
1256 1764
1256 1508
1256 1268
1256 1260
1256 1766
1256 1510
1256 1270
1256 1262
1256 1767
1256 1511
1256 1271
1256 1263
1257 1769
1257 1513
1257 1273
1257 1261
1257 1259
1257 1258
1257 1641
1257 1385
1257 1705
1257 1449
1257 1737
1257 1481
1257 1761
1257 1505
1257 1265
1258 1770
1258 1514
1258 1274
1258 1262
1258 1260
1258 1642
1258 1386
1258 1706
1258 1450
1258 1738
1258 1482
1258 1762
1258 1506
1258 1266
1258 1769
1258 1513
1258 1273
1258 1261
1258 1259
1259 1771
1259 1515
1259 1275
1259 1263
1259 1260
1259 1643
1259 1387
1259 1707
1259 1451
1259 1739
1259 1483
1259 1763
1259 1507
1259 1267
1259 1769
1259 1513
1259 1273
1259 1261
1260 1772
1260 1516
1260 1276
1260 1264
1260 1644
1260 1388
1260 1708
1260 1452
1260 1740
1260 1484
1260 1764
1260 1508
1260 1268
1260 1770
1260 1514
1260 1274
1260 1262
1260 1771
1260 1515
1260 1275
1260 1263
1261 1773
1261 1517
1261 1277
1261 1263
1261 1262
1261 1645
1261 1389
1261 1709
1261 1453
1261 1741
1261 1485
1261 1765
1261 1509
1261 1269
1261 1769
1261 1513
1261 1273
1262 1774
1262 1518
1262 1278
1262 1264
1262 1646
1262 1390
1262 1710
1262 1454
1262 1742
1262 1486
1262 1766
1262 1510
1262 1270
1262 1770
1262 1514
1262 1274
1262 1773
1262 1517
1262 1277
1262 1263
1263 1775
1263 1519
1263 1279
1263 1264
1263 1647
1263 1391
1263 1711
1263 1455
1263 1743
1263 1487
1263 1767
1263 1511
1263 1271
1263 1771
1263 1515
1263 1275
1263 1773
1263 1517
1263 1277
1264 1776
1264 1520
1264 1280
1264 1648
1264 1392
1264 1712
1264 1456
1264 1744
1264 1488
1264 1768
1264 1512
1264 1272
1264 1772
1264 1516
1264 1276
1264 1774
1264 1518
1264 1278
1264 1775
1264 1519
1264 1279
1265 1777
1265 1521
1265 1273
1265 1269
1265 1267
1265 1266
1265 1649
1265 1393
1265 1713
1265 1457
1265 1745
1265 1489
1265 1761
1265 1505
1266 1778
1266 1522
1266 1274
1266 1270
1266 1268
1266 1650
1266 1394
1266 1714
1266 1458
1266 1746
1266 1490
1266 1762
1266 1506
1266 1777
1266 1521
1266 1273
1266 1269
1266 1267
1267 1779
1267 1523
1267 1275
1267 1271
1267 1268
1267 1651
1267 1395
1267 1715
1267 1459
1267 1747
1267 1491
1267 1763
1267 1507
1267 1777
1267 1521
1267 1273
1267 1269
1268 1780
1268 1524
1268 1276
1268 1272
1268 1652
1268 1396
1268 1716
1268 1460
1268 1748
1268 1492
1268 1764
1268 1508
1268 1778
1268 1522
1268 1274
1268 1270
1268 1779
1268 1523
1268 1275
1268 1271
1269 1781
1269 1525
1269 1277
1269 1271
1269 1270
1269 1653
1269 1397
1269 1717
1269 1461
1269 1749
1269 1493
1269 1765
1269 1509
1269 1777
1269 1521
1269 1273
1270 1782
1270 1526
1270 1278
1270 1272
1270 1654
1270 1398
1270 1718
1270 1462
1270 1750
1270 1494
1270 1766
1270 1510
1270 1778
1270 1522
1270 1274
1270 1781
1270 1525
1270 1277
1270 1271
1271 1783
1271 1527
1271 1279
1271 1272
1271 1655
1271 1399
1271 1719
1271 1463
1271 1751
1271 1495
1271 1767
1271 1511
1271 1779
1271 1523
1271 1275
1271 1781
1271 1525
1271 1277
1272 1784
1272 1528
1272 1280
1272 1656
1272 1400
1272 1720
1272 1464
1272 1752
1272 1496
1272 1768
1272 1512
1272 1780
1272 1524
1272 1276
1272 1782
1272 1526
1272 1278
1272 1783
1272 1527
1272 1279
1273 1785
1273 1529
1273 1277
1273 1275
1273 1274
1273 1657
1273 1401
1273 1721
1273 1465
1273 1753
1273 1497
1273 1769
1273 1513
1273 1777
1273 1521
1274 1786
1274 1530
1274 1278
1274 1276
1274 1658
1274 1402
1274 1722
1274 1466
1274 1754
1274 1498
1274 1770
1274 1514
1274 1778
1274 1522
1274 1785
1274 1529
1274 1277
1274 1275
1275 1787
1275 1531
1275 1279
1275 1276
1275 1659
1275 1403
1275 1723
1275 1467
1275 1755
1275 1499
1275 1771
1275 1515
1275 1779
1275 1523
1275 1785
1275 1529
1275 1277
1276 1788
1276 1532
1276 1280
1276 1660
1276 1404
1276 1724
1276 1468
1276 1756
1276 1500
1276 1772
1276 1516
1276 1780
1276 1524
1276 1786
1276 1530
1276 1278
1276 1787
1276 1531
1276 1279
1277 1789
1277 1533
1277 1279
1277 1278
1277 1661
1277 1405
1277 1725
1277 1469
1277 1757
1277 1501
1277 1773
1277 1517
1277 1781
1277 1525
1277 1785
1277 1529
1278 1790
1278 1534
1278 1280
1278 1662
1278 1406
1278 1726
1278 1470
1278 1758
1278 1502
1278 1774
1278 1518
1278 1782
1278 1526
1278 1786
1278 1530
1278 1789
1278 1533
1278 1279
1279 1791
1279 1535
1279 1280
1279 1663
1279 1407
1279 1727
1279 1471
1279 1759
1279 1503
1279 1775
1279 1519
1279 1783
1279 1527
1279 1787
1279 1531
1279 1789
1279 1533
1280 1792
1280 1536
1280 1664
1280 1408
1280 1728
1280 1472
1280 1760
1280 1504
1280 1776
1280 1520
1280 1784
1280 1528
1280 1788
1280 1532
1280 1790
1280 1534
1280 1791
1280 1535
1281 1793
1281 1409
1281 1345
1281 1313
1281 1297
1281 1289
1281 1285
1281 1283
1281 1282
1281 1537
1282 1794
1282 1410
1282 1346
1282 1314
1282 1298
1282 1290
1282 1286
1282 1284
1282 1538
1282 1793
1282 1409
1282 1345
1282 1313
1282 1297
1282 1289
1282 1285
1282 1283
1283 1795
1283 1411
1283 1347
1283 1315
1283 1299
1283 1291
1283 1287
1283 1284
1283 1539
1283 1793
1283 1409
1283 1345
1283 1313
1283 1297
1283 1289
1283 1285
1284 1796
1284 1412
1284 1348
1284 1316
1284 1300
1284 1292
1284 1288
1284 1540
1284 1794
1284 1410
1284 1346
1284 1314
1284 1298
1284 1290
1284 1286
1284 1795
1284 1411
1284 1347
1284 1315
1284 1299
1284 1291
1284 1287
1285 1797
1285 1413
1285 1349
1285 1317
1285 1301
1285 1293
1285 1287
1285 1286
1285 1541
1285 1793
1285 1409
1285 1345
1285 1313
1285 1297
1285 1289
1286 1798
1286 1414
1286 1350
1286 1318
1286 1302
1286 1294
1286 1288
1286 1542
1286 1794
1286 1410
1286 1346
1286 1314
1286 1298
1286 1290
1286 1797
1286 1413
1286 1349
1286 1317
1286 1301
1286 1293
1286 1287
1287 1799
1287 1415
1287 1351
1287 1319
1287 1303
1287 1295
1287 1288
1287 1543
1287 1795
1287 1411
1287 1347
1287 1315
1287 1299
1287 1291
1287 1797
1287 1413
1287 1349
1287 1317
1287 1301
1287 1293
1288 1800
1288 1416
1288 1352
1288 1320
1288 1304
1288 1296
1288 1544
1288 1796
1288 1412
1288 1348
1288 1316
1288 1300
1288 1292
1288 1798
1288 1414
1288 1350
1288 1318
1288 1302
1288 1294
1288 1799
1288 1415
1288 1351
1288 1319
1288 1303
1288 1295
1289 1801
1289 1417
1289 1353
1289 1321
1289 1305
1289 1293
1289 1291
1289 1290
1289 1545
1289 1793
1289 1409
1289 1345
1289 1313
1289 1297
1290 1802
1290 1418
1290 1354
1290 1322
1290 1306
1290 1294
1290 1292
1290 1546
1290 1794
1290 1410
1290 1346
1290 1314
1290 1298
1290 1801
1290 1417
1290 1353
1290 1321
1290 1305
1290 1293
1290 1291
1291 1803
1291 1419
1291 1355
1291 1323
1291 1307
1291 1295
1291 1292
1291 1547
1291 1795
1291 1411
1291 1347
1291 1315
1291 1299
1291 1801
1291 1417
1291 1353
1291 1321
1291 1305
1291 1293
1292 1804
1292 1420
1292 1356
1292 1324
1292 1308
1292 1296
1292 1548
1292 1796
1292 1412
1292 1348
1292 1316
1292 1300
1292 1802
1292 1418
1292 1354
1292 1322
1292 1306
1292 1294
1292 1803
1292 1419
1292 1355
1292 1323
1292 1307
1292 1295
1293 1805
1293 1421
1293 1357
1293 1325
1293 1309
1293 1295
1293 1294
1293 1549
1293 1797
1293 1413
1293 1349
1293 1317
1293 1301
1293 1801
1293 1417
1293 1353
1293 1321
1293 1305
1294 1806
1294 1422
1294 1358
1294 1326
1294 1310
1294 1296
1294 1550
1294 1798
1294 1414
1294 1350
1294 1318
1294 1302
1294 1802
1294 1418
1294 1354
1294 1322
1294 1306
1294 1805
1294 1421
1294 1357
1294 1325
1294 1309
1294 1295
1295 1807
1295 1423
1295 1359
1295 1327
1295 1311
1295 1296
1295 1551
1295 1799
1295 1415
1295 1351
1295 1319
1295 1303
1295 1803
1295 1419
1295 1355
1295 1323
1295 1307
1295 1805
1295 1421
1295 1357
1295 1325
1295 1309
1296 1808
1296 1424
1296 1360
1296 1328
1296 1312
1296 1552
1296 1800
1296 1416
1296 1352
1296 1320
1296 1304
1296 1804
1296 1420
1296 1356
1296 1324
1296 1308
1296 1806
1296 1422
1296 1358
1296 1326
1296 1310
1296 1807
1296 1423
1296 1359
1296 1327
1296 1311
1297 1809
1297 1425
1297 1361
1297 1329
1297 1305
1297 1301
1297 1299
1297 1298
1297 1553
1297 1793
1297 1409
1297 1345
1297 1313
1298 1810
1298 1426
1298 1362
1298 1330
1298 1306
1298 1302
1298 1300
1298 1554
1298 1794
1298 1410
1298 1346
1298 1314
1298 1809
1298 1425
1298 1361
1298 1329
1298 1305
1298 1301
1298 1299
1299 1811
1299 1427
1299 1363
1299 1331
1299 1307
1299 1303
1299 1300
1299 1555
1299 1795
1299 1411
1299 1347
1299 1315
1299 1809
1299 1425
1299 1361
1299 1329
1299 1305
1299 1301
1300 1812
1300 1428
1300 1364
1300 1332
1300 1308
1300 1304
1300 1556
1300 1796
1300 1412
1300 1348
1300 1316
1300 1810
1300 1426
1300 1362
1300 1330
1300 1306
1300 1302
1300 1811
1300 1427
1300 1363
1300 1331
1300 1307
1300 1303
1301 1813
1301 1429
1301 1365
1301 1333
1301 1309
1301 1303
1301 1302
1301 1557
1301 1797
1301 1413
1301 1349
1301 1317
1301 1809
1301 1425
1301 1361
1301 1329
1301 1305
1302 1814
1302 1430
1302 1366
1302 1334
1302 1310
1302 1304
1302 1558
1302 1798
1302 1414
1302 1350
1302 1318
1302 1810
1302 1426
1302 1362
1302 1330
1302 1306
1302 1813
1302 1429
1302 1365
1302 1333
1302 1309
1302 1303
1303 1815
1303 1431
1303 1367
1303 1335
1303 1311
1303 1304
1303 1559
1303 1799
1303 1415
1303 1351
1303 1319
1303 1811
1303 1427
1303 1363
1303 1331
1303 1307
1303 1813
1303 1429
1303 1365
1303 1333
1303 1309
1304 1816
1304 1432
1304 1368
1304 1336
1304 1312
1304 1560
1304 1800
1304 1416
1304 1352
1304 1320
1304 1812
1304 1428
1304 1364
1304 1332
1304 1308
1304 1814
1304 1430
1304 1366
1304 1334
1304 1310
1304 1815
1304 1431
1304 1367
1304 1335
1304 1311
1305 1817
1305 1433
1305 1369
1305 1337
1305 1309
1305 1307
1305 1306
1305 1561
1305 1801
1305 1417
1305 1353
1305 1321
1305 1809
1305 1425
1305 1361
1305 1329
1306 1818
1306 1434
1306 1370
1306 1338
1306 1310
1306 1308
1306 1562
1306 1802
1306 1418
1306 1354
1306 1322
1306 1810
1306 1426
1306 1362
1306 1330
1306 1817
1306 1433
1306 1369
1306 1337
1306 1309
1306 1307
1307 1819
1307 1435
1307 1371
1307 1339
1307 1311
1307 1308
1307 1563
1307 1803
1307 1419
1307 1355
1307 1323
1307 1811
1307 1427
1307 1363
1307 1331
1307 1817
1307 1433
1307 1369
1307 1337
1307 1309
1308 1820
1308 1436
1308 1372
1308 1340
1308 1312
1308 1564
1308 1804
1308 1420
1308 1356
1308 1324
1308 1812
1308 1428
1308 1364
1308 1332
1308 1818
1308 1434
1308 1370
1308 1338
1308 1310
1308 1819
1308 1435
1308 1371
1308 1339
1308 1311
1309 1821
1309 1437
1309 1373
1309 1341
1309 1311
1309 1310
1309 1565
1309 1805
1309 1421
1309 1357
1309 1325
1309 1813
1309 1429
1309 1365
1309 1333
1309 1817
1309 1433
1309 1369
1309 1337
1310 1822
1310 1438
1310 1374
1310 1342
1310 1312
1310 1566
1310 1806
1310 1422
1310 1358
1310 1326
1310 1814
1310 1430
1310 1366
1310 1334
1310 1818
1310 1434
1310 1370
1310 1338
1310 1821
1310 1437
1310 1373
1310 1341
1310 1311
1311 1823
1311 1439
1311 1375
1311 1343
1311 1312
1311 1567
1311 1807
1311 1423
1311 1359
1311 1327
1311 1815
1311 1431
1311 1367
1311 1335
1311 1819
1311 1435
1311 1371
1311 1339
1311 1821
1311 1437
1311 1373
1311 1341
1312 1824
1312 1440
1312 1376
1312 1344
1312 1568
1312 1808
1312 1424
1312 1360
1312 1328
1312 1816
1312 1432
1312 1368
1312 1336
1312 1820
1312 1436
1312 1372
1312 1340
1312 1822
1312 1438
1312 1374
1312 1342
1312 1823
1312 1439
1312 1375
1312 1343
1313 1825
1313 1441
1313 1377
1313 1329
1313 1321
1313 1317
1313 1315
1313 1314
1313 1569
1313 1793
1313 1409
1313 1345
1314 1826
1314 1442
1314 1378
1314 1330
1314 1322
1314 1318
1314 1316
1314 1570
1314 1794
1314 1410
1314 1346
1314 1825
1314 1441
1314 1377
1314 1329
1314 1321
1314 1317
1314 1315
1315 1827
1315 1443
1315 1379
1315 1331
1315 1323
1315 1319
1315 1316
1315 1571
1315 1795
1315 1411
1315 1347
1315 1825
1315 1441
1315 1377
1315 1329
1315 1321
1315 1317
1316 1828
1316 1444
1316 1380
1316 1332
1316 1324
1316 1320
1316 1572
1316 1796
1316 1412
1316 1348
1316 1826
1316 1442
1316 1378
1316 1330
1316 1322
1316 1318
1316 1827
1316 1443
1316 1379
1316 1331
1316 1323
1316 1319
1317 1829
1317 1445
1317 1381
1317 1333
1317 1325
1317 1319
1317 1318
1317 1573
1317 1797
1317 1413
1317 1349
1317 1825
1317 1441
1317 1377
1317 1329
1317 1321
1318 1830
1318 1446
1318 1382
1318 1334
1318 1326
1318 1320
1318 1574
1318 1798
1318 1414
1318 1350
1318 1826
1318 1442
1318 1378
1318 1330
1318 1322
1318 1829
1318 1445
1318 1381
1318 1333
1318 1325
1318 1319
1319 1831
1319 1447
1319 1383
1319 1335
1319 1327
1319 1320
1319 1575
1319 1799
1319 1415
1319 1351
1319 1827
1319 1443
1319 1379
1319 1331
1319 1323
1319 1829
1319 1445
1319 1381
1319 1333
1319 1325
1320 1832
1320 1448
1320 1384
1320 1336
1320 1328
1320 1576
1320 1800
1320 1416
1320 1352
1320 1828
1320 1444
1320 1380
1320 1332
1320 1324
1320 1830
1320 1446
1320 1382
1320 1334
1320 1326
1320 1831
1320 1447
1320 1383
1320 1335
1320 1327
1321 1833
1321 1449
1321 1385
1321 1337
1321 1325
1321 1323
1321 1322
1321 1577
1321 1801
1321 1417
1321 1353
1321 1825
1321 1441
1321 1377
1321 1329
1322 1834
1322 1450
1322 1386
1322 1338
1322 1326
1322 1324
1322 1578
1322 1802
1322 1418
1322 1354
1322 1826
1322 1442
1322 1378
1322 1330
1322 1833
1322 1449
1322 1385
1322 1337
1322 1325
1322 1323
1323 1835
1323 1451
1323 1387
1323 1339
1323 1327
1323 1324
1323 1579
1323 1803
1323 1419
1323 1355
1323 1827
1323 1443
1323 1379
1323 1331
1323 1833
1323 1449
1323 1385
1323 1337
1323 1325
1324 1836
1324 1452
1324 1388
1324 1340
1324 1328
1324 1580
1324 1804
1324 1420
1324 1356
1324 1828
1324 1444
1324 1380
1324 1332
1324 1834
1324 1450
1324 1386
1324 1338
1324 1326
1324 1835
1324 1451
1324 1387
1324 1339
1324 1327
1325 1837
1325 1453
1325 1389
1325 1341
1325 1327
1325 1326
1325 1581
1325 1805
1325 1421
1325 1357
1325 1829
1325 1445
1325 1381
1325 1333
1325 1833
1325 1449
1325 1385
1325 1337
1326 1838
1326 1454
1326 1390
1326 1342
1326 1328
1326 1582
1326 1806
1326 1422
1326 1358
1326 1830
1326 1446
1326 1382
1326 1334
1326 1834
1326 1450
1326 1386
1326 1338
1326 1837
1326 1453
1326 1389
1326 1341
1326 1327
1327 1839
1327 1455
1327 1391
1327 1343
1327 1328
1327 1583
1327 1807
1327 1423
1327 1359
1327 1831
1327 1447
1327 1383
1327 1335
1327 1835
1327 1451
1327 1387
1327 1339
1327 1837
1327 1453
1327 1389
1327 1341
1328 1840
1328 1456
1328 1392
1328 1344
1328 1584
1328 1808
1328 1424
1328 1360
1328 1832
1328 1448
1328 1384
1328 1336
1328 1836
1328 1452
1328 1388
1328 1340
1328 1838
1328 1454
1328 1390
1328 1342
1328 1839
1328 1455
1328 1391
1328 1343
1329 1841
1329 1457
1329 1393
1329 1337
1329 1333
1329 1331
1329 1330
1329 1585
1329 1809
1329 1425
1329 1361
1329 1825
1329 1441
1329 1377
1330 1842
1330 1458
1330 1394
1330 1338
1330 1334
1330 1332
1330 1586
1330 1810
1330 1426
1330 1362
1330 1826
1330 1442
1330 1378
1330 1841
1330 1457
1330 1393
1330 1337
1330 1333
1330 1331
1331 1843
1331 1459
1331 1395
1331 1339
1331 1335
1331 1332
1331 1587
1331 1811
1331 1427
1331 1363
1331 1827
1331 1443
1331 1379
1331 1841
1331 1457
1331 1393
1331 1337
1331 1333
1332 1844
1332 1460
1332 1396
1332 1340
1332 1336
1332 1588
1332 1812
1332 1428
1332 1364
1332 1828
1332 1444
1332 1380
1332 1842
1332 1458
1332 1394
1332 1338
1332 1334
1332 1843
1332 1459
1332 1395
1332 1339
1332 1335
1333 1845
1333 1461
1333 1397
1333 1341
1333 1335
1333 1334
1333 1589
1333 1813
1333 1429
1333 1365
1333 1829
1333 1445
1333 1381
1333 1841
1333 1457
1333 1393
1333 1337
1334 1846
1334 1462
1334 1398
1334 1342
1334 1336
1334 1590
1334 1814
1334 1430
1334 1366
1334 1830
1334 1446
1334 1382
1334 1842
1334 1458
1334 1394
1334 1338
1334 1845
1334 1461
1334 1397
1334 1341
1334 1335
1335 1847
1335 1463
1335 1399
1335 1343
1335 1336
1335 1591
1335 1815
1335 1431
1335 1367
1335 1831
1335 1447
1335 1383
1335 1843
1335 1459
1335 1395
1335 1339
1335 1845
1335 1461
1335 1397
1335 1341
1336 1848
1336 1464
1336 1400
1336 1344
1336 1592
1336 1816
1336 1432
1336 1368
1336 1832
1336 1448
1336 1384
1336 1844
1336 1460
1336 1396
1336 1340
1336 1846
1336 1462
1336 1398
1336 1342
1336 1847
1336 1463
1336 1399
1336 1343
1337 1849
1337 1465
1337 1401
1337 1341
1337 1339
1337 1338
1337 1593
1337 1817
1337 1433
1337 1369
1337 1833
1337 1449
1337 1385
1337 1841
1337 1457
1337 1393
1338 1850
1338 1466
1338 1402
1338 1342
1338 1340
1338 1594
1338 1818
1338 1434
1338 1370
1338 1834
1338 1450
1338 1386
1338 1842
1338 1458
1338 1394
1338 1849
1338 1465
1338 1401
1338 1341
1338 1339
1339 1851
1339 1467
1339 1403
1339 1343
1339 1340
1339 1595
1339 1819
1339 1435
1339 1371
1339 1835
1339 1451
1339 1387
1339 1843
1339 1459
1339 1395
1339 1849
1339 1465
1339 1401
1339 1341
1340 1852
1340 1468
1340 1404
1340 1344
1340 1596
1340 1820
1340 1436
1340 1372
1340 1836
1340 1452
1340 1388
1340 1844
1340 1460
1340 1396
1340 1850
1340 1466
1340 1402
1340 1342
1340 1851
1340 1467
1340 1403
1340 1343
1341 1853
1341 1469
1341 1405
1341 1343
1341 1342
1341 1597
1341 1821
1341 1437
1341 1373
1341 1837
1341 1453
1341 1389
1341 1845
1341 1461
1341 1397
1341 1849
1341 1465
1341 1401
1342 1854
1342 1470
1342 1406
1342 1344
1342 1598
1342 1822
1342 1438
1342 1374
1342 1838
1342 1454
1342 1390
1342 1846
1342 1462
1342 1398
1342 1850
1342 1466
1342 1402
1342 1853
1342 1469
1342 1405
1342 1343
1343 1855
1343 1471
1343 1407
1343 1344
1343 1599
1343 1823
1343 1439
1343 1375
1343 1839
1343 1455
1343 1391
1343 1847
1343 1463
1343 1399
1343 1851
1343 1467
1343 1403
1343 1853
1343 1469
1343 1405
1344 1856
1344 1472
1344 1408
1344 1600
1344 1824
1344 1440
1344 1376
1344 1840
1344 1456
1344 1392
1344 1848
1344 1464
1344 1400
1344 1852
1344 1468
1344 1404
1344 1854
1344 1470
1344 1406
1344 1855
1344 1471
1344 1407
1345 1857
1345 1473
1345 1377
1345 1361
1345 1353
1345 1349
1345 1347
1345 1346
1345 1601
1345 1793
1345 1409
1346 1858
1346 1474
1346 1378
1346 1362
1346 1354
1346 1350
1346 1348
1346 1602
1346 1794
1346 1410
1346 1857
1346 1473
1346 1377
1346 1361
1346 1353
1346 1349
1346 1347
1347 1859
1347 1475
1347 1379
1347 1363
1347 1355
1347 1351
1347 1348
1347 1603
1347 1795
1347 1411
1347 1857
1347 1473
1347 1377
1347 1361
1347 1353
1347 1349
1348 1860
1348 1476
1348 1380
1348 1364
1348 1356
1348 1352
1348 1604
1348 1796
1348 1412
1348 1858
1348 1474
1348 1378
1348 1362
1348 1354
1348 1350
1348 1859
1348 1475
1348 1379
1348 1363
1348 1355
1348 1351
1349 1861
1349 1477
1349 1381
1349 1365
1349 1357
1349 1351
1349 1350
1349 1605
1349 1797
1349 1413
1349 1857
1349 1473
1349 1377
1349 1361
1349 1353
1350 1862
1350 1478
1350 1382
1350 1366
1350 1358
1350 1352
1350 1606
1350 1798
1350 1414
1350 1858
1350 1474
1350 1378
1350 1362
1350 1354
1350 1861
1350 1477
1350 1381
1350 1365
1350 1357
1350 1351
1351 1863
1351 1479
1351 1383
1351 1367
1351 1359
1351 1352
1351 1607
1351 1799
1351 1415
1351 1859
1351 1475
1351 1379
1351 1363
1351 1355
1351 1861
1351 1477
1351 1381
1351 1365
1351 1357
1352 1864
1352 1480
1352 1384
1352 1368
1352 1360
1352 1608
1352 1800
1352 1416
1352 1860
1352 1476
1352 1380
1352 1364
1352 1356
1352 1862
1352 1478
1352 1382
1352 1366
1352 1358
1352 1863
1352 1479
1352 1383
1352 1367
1352 1359
1353 1865
1353 1481
1353 1385
1353 1369
1353 1357
1353 1355
1353 1354
1353 1609
1353 1801
1353 1417
1353 1857
1353 1473
1353 1377
1353 1361
1354 1866
1354 1482
1354 1386
1354 1370
1354 1358
1354 1356
1354 1610
1354 1802
1354 1418
1354 1858
1354 1474
1354 1378
1354 1362
1354 1865
1354 1481
1354 1385
1354 1369
1354 1357
1354 1355
1355 1867
1355 1483
1355 1387
1355 1371
1355 1359
1355 1356
1355 1611
1355 1803
1355 1419
1355 1859
1355 1475
1355 1379
1355 1363
1355 1865
1355 1481
1355 1385
1355 1369
1355 1357
1356 1868
1356 1484
1356 1388
1356 1372
1356 1360
1356 1612
1356 1804
1356 1420
1356 1860
1356 1476
1356 1380
1356 1364
1356 1866
1356 1482
1356 1386
1356 1370
1356 1358
1356 1867
1356 1483
1356 1387
1356 1371
1356 1359
1357 1869
1357 1485
1357 1389
1357 1373
1357 1359
1357 1358
1357 1613
1357 1805
1357 1421
1357 1861
1357 1477
1357 1381
1357 1365
1357 1865
1357 1481
1357 1385
1357 1369
1358 1870
1358 1486
1358 1390
1358 1374
1358 1360
1358 1614
1358 1806
1358 1422
1358 1862
1358 1478
1358 1382
1358 1366
1358 1866
1358 1482
1358 1386
1358 1370
1358 1869
1358 1485
1358 1389
1358 1373
1358 1359
1359 1871
1359 1487
1359 1391
1359 1375
1359 1360
1359 1615
1359 1807
1359 1423
1359 1863
1359 1479
1359 1383
1359 1367
1359 1867
1359 1483
1359 1387
1359 1371
1359 1869
1359 1485
1359 1389
1359 1373
1360 1872
1360 1488
1360 1392
1360 1376
1360 1616
1360 1808
1360 1424
1360 1864
1360 1480
1360 1384
1360 1368
1360 1868
1360 1484
1360 1388
1360 1372
1360 1870
1360 1486
1360 1390
1360 1374
1360 1871
1360 1487
1360 1391
1360 1375
1361 1873
1361 1489
1361 1393
1361 1369
1361 1365
1361 1363
1361 1362
1361 1617
1361 1809
1361 1425
1361 1857
1361 1473
1361 1377
1362 1874
1362 1490
1362 1394
1362 1370
1362 1366
1362 1364
1362 1618
1362 1810
1362 1426
1362 1858
1362 1474
1362 1378
1362 1873
1362 1489
1362 1393
1362 1369
1362 1365
1362 1363
1363 1875
1363 1491
1363 1395
1363 1371
1363 1367
1363 1364
1363 1619
1363 1811
1363 1427
1363 1859
1363 1475
1363 1379
1363 1873
1363 1489
1363 1393
1363 1369
1363 1365
1364 1876
1364 1492
1364 1396
1364 1372
1364 1368
1364 1620
1364 1812
1364 1428
1364 1860
1364 1476
1364 1380
1364 1874
1364 1490
1364 1394
1364 1370
1364 1366
1364 1875
1364 1491
1364 1395
1364 1371
1364 1367
1365 1877
1365 1493
1365 1397
1365 1373
1365 1367
1365 1366
1365 1621
1365 1813
1365 1429
1365 1861
1365 1477
1365 1381
1365 1873
1365 1489
1365 1393
1365 1369
1366 1878
1366 1494
1366 1398
1366 1374
1366 1368
1366 1622
1366 1814
1366 1430
1366 1862
1366 1478
1366 1382
1366 1874
1366 1490
1366 1394
1366 1370
1366 1877
1366 1493
1366 1397
1366 1373
1366 1367
1367 1879
1367 1495
1367 1399
1367 1375
1367 1368
1367 1623
1367 1815
1367 1431
1367 1863
1367 1479
1367 1383
1367 1875
1367 1491
1367 1395
1367 1371
1367 1877
1367 1493
1367 1397
1367 1373
1368 1880
1368 1496
1368 1400
1368 1376
1368 1624
1368 1816
1368 1432
1368 1864
1368 1480
1368 1384
1368 1876
1368 1492
1368 1396
1368 1372
1368 1878
1368 1494
1368 1398
1368 1374
1368 1879
1368 1495
1368 1399
1368 1375
1369 1881
1369 1497
1369 1401
1369 1373
1369 1371
1369 1370
1369 1625
1369 1817
1369 1433
1369 1865
1369 1481
1369 1385
1369 1873
1369 1489
1369 1393
1370 1882
1370 1498
1370 1402
1370 1374
1370 1372
1370 1626
1370 1818
1370 1434
1370 1866
1370 1482
1370 1386
1370 1874
1370 1490
1370 1394
1370 1881
1370 1497
1370 1401
1370 1373
1370 1371
1371 1883
1371 1499
1371 1403
1371 1375
1371 1372
1371 1627
1371 1819
1371 1435
1371 1867
1371 1483
1371 1387
1371 1875
1371 1491
1371 1395
1371 1881
1371 1497
1371 1401
1371 1373
1372 1884
1372 1500
1372 1404
1372 1376
1372 1628
1372 1820
1372 1436
1372 1868
1372 1484
1372 1388
1372 1876
1372 1492
1372 1396
1372 1882
1372 1498
1372 1402
1372 1374
1372 1883
1372 1499
1372 1403
1372 1375
1373 1885
1373 1501
1373 1405
1373 1375
1373 1374
1373 1629
1373 1821
1373 1437
1373 1869
1373 1485
1373 1389
1373 1877
1373 1493
1373 1397
1373 1881
1373 1497
1373 1401
1374 1886
1374 1502
1374 1406
1374 1376
1374 1630
1374 1822
1374 1438
1374 1870
1374 1486
1374 1390
1374 1878
1374 1494
1374 1398
1374 1882
1374 1498
1374 1402
1374 1885
1374 1501
1374 1405
1374 1375
1375 1887
1375 1503
1375 1407
1375 1376
1375 1631
1375 1823
1375 1439
1375 1871
1375 1487
1375 1391
1375 1879
1375 1495
1375 1399
1375 1883
1375 1499
1375 1403
1375 1885
1375 1501
1375 1405
1376 1888
1376 1504
1376 1408
1376 1632
1376 1824
1376 1440
1376 1872
1376 1488
1376 1392
1376 1880
1376 1496
1376 1400
1376 1884
1376 1500
1376 1404
1376 1886
1376 1502
1376 1406
1376 1887
1376 1503
1376 1407
1377 1889
1377 1505
1377 1393
1377 1385
1377 1381
1377 1379
1377 1378
1377 1633
1377 1825
1377 1441
1377 1857
1377 1473
1378 1890
1378 1506
1378 1394
1378 1386
1378 1382
1378 1380
1378 1634
1378 1826
1378 1442
1378 1858
1378 1474
1378 1889
1378 1505
1378 1393
1378 1385
1378 1381
1378 1379
1379 1891
1379 1507
1379 1395
1379 1387
1379 1383
1379 1380
1379 1635
1379 1827
1379 1443
1379 1859
1379 1475
1379 1889
1379 1505
1379 1393
1379 1385
1379 1381
1380 1892
1380 1508
1380 1396
1380 1388
1380 1384
1380 1636
1380 1828
1380 1444
1380 1860
1380 1476
1380 1890
1380 1506
1380 1394
1380 1386
1380 1382
1380 1891
1380 1507
1380 1395
1380 1387
1380 1383
1381 1893
1381 1509
1381 1397
1381 1389
1381 1383
1381 1382
1381 1637
1381 1829
1381 1445
1381 1861
1381 1477
1381 1889
1381 1505
1381 1393
1381 1385
1382 1894
1382 1510
1382 1398
1382 1390
1382 1384
1382 1638
1382 1830
1382 1446
1382 1862
1382 1478
1382 1890
1382 1506
1382 1394
1382 1386
1382 1893
1382 1509
1382 1397
1382 1389
1382 1383
1383 1895
1383 1511
1383 1399
1383 1391
1383 1384
1383 1639
1383 1831
1383 1447
1383 1863
1383 1479
1383 1891
1383 1507
1383 1395
1383 1387
1383 1893
1383 1509
1383 1397
1383 1389
1384 1896
1384 1512
1384 1400
1384 1392
1384 1640
1384 1832
1384 1448
1384 1864
1384 1480
1384 1892
1384 1508
1384 1396
1384 1388
1384 1894
1384 1510
1384 1398
1384 1390
1384 1895
1384 1511
1384 1399
1384 1391
1385 1897
1385 1513
1385 1401
1385 1389
1385 1387
1385 1386
1385 1641
1385 1833
1385 1449
1385 1865
1385 1481
1385 1889
1385 1505
1385 1393
1386 1898
1386 1514
1386 1402
1386 1390
1386 1388
1386 1642
1386 1834
1386 1450
1386 1866
1386 1482
1386 1890
1386 1506
1386 1394
1386 1897
1386 1513
1386 1401
1386 1389
1386 1387
1387 1899
1387 1515
1387 1403
1387 1391
1387 1388
1387 1643
1387 1835
1387 1451
1387 1867
1387 1483
1387 1891
1387 1507
1387 1395
1387 1897
1387 1513
1387 1401
1387 1389
1388 1900
1388 1516
1388 1404
1388 1392
1388 1644
1388 1836
1388 1452
1388 1868
1388 1484
1388 1892
1388 1508
1388 1396
1388 1898
1388 1514
1388 1402
1388 1390
1388 1899
1388 1515
1388 1403
1388 1391
1389 1901
1389 1517
1389 1405
1389 1391
1389 1390
1389 1645
1389 1837
1389 1453
1389 1869
1389 1485
1389 1893
1389 1509
1389 1397
1389 1897
1389 1513
1389 1401
1390 1902
1390 1518
1390 1406
1390 1392
1390 1646
1390 1838
1390 1454
1390 1870
1390 1486
1390 1894
1390 1510
1390 1398
1390 1898
1390 1514
1390 1402
1390 1901
1390 1517
1390 1405
1390 1391
1391 1903
1391 1519
1391 1407
1391 1392
1391 1647
1391 1839
1391 1455
1391 1871
1391 1487
1391 1895
1391 1511
1391 1399
1391 1899
1391 1515
1391 1403
1391 1901
1391 1517
1391 1405
1392 1904
1392 1520
1392 1408
1392 1648
1392 1840
1392 1456
1392 1872
1392 1488
1392 1896
1392 1512
1392 1400
1392 1900
1392 1516
1392 1404
1392 1902
1392 1518
1392 1406
1392 1903
1392 1519
1392 1407
1393 1905
1393 1521
1393 1401
1393 1397
1393 1395
1393 1394
1393 1649
1393 1841
1393 1457
1393 1873
1393 1489
1393 1889
1393 1505
1394 1906
1394 1522
1394 1402
1394 1398
1394 1396
1394 1650
1394 1842
1394 1458
1394 1874
1394 1490
1394 1890
1394 1506
1394 1905
1394 1521
1394 1401
1394 1397
1394 1395
1395 1907
1395 1523
1395 1403
1395 1399
1395 1396
1395 1651
1395 1843
1395 1459
1395 1875
1395 1491
1395 1891
1395 1507
1395 1905
1395 1521
1395 1401
1395 1397
1396 1908
1396 1524
1396 1404
1396 1400
1396 1652
1396 1844
1396 1460
1396 1876
1396 1492
1396 1892
1396 1508
1396 1906
1396 1522
1396 1402
1396 1398
1396 1907
1396 1523
1396 1403
1396 1399
1397 1909
1397 1525
1397 1405
1397 1399
1397 1398
1397 1653
1397 1845
1397 1461
1397 1877
1397 1493
1397 1893
1397 1509
1397 1905
1397 1521
1397 1401
1398 1910
1398 1526
1398 1406
1398 1400
1398 1654
1398 1846
1398 1462
1398 1878
1398 1494
1398 1894
1398 1510
1398 1906
1398 1522
1398 1402
1398 1909
1398 1525
1398 1405
1398 1399
1399 1911
1399 1527
1399 1407
1399 1400
1399 1655
1399 1847
1399 1463
1399 1879
1399 1495
1399 1895
1399 1511
1399 1907
1399 1523
1399 1403
1399 1909
1399 1525
1399 1405
1400 1912
1400 1528
1400 1408
1400 1656
1400 1848
1400 1464
1400 1880
1400 1496
1400 1896
1400 1512
1400 1908
1400 1524
1400 1404
1400 1910
1400 1526
1400 1406
1400 1911
1400 1527
1400 1407
1401 1913
1401 1529
1401 1405
1401 1403
1401 1402
1401 1657
1401 1849
1401 1465
1401 1881
1401 1497
1401 1897
1401 1513
1401 1905
1401 1521
1402 1914
1402 1530
1402 1406
1402 1404
1402 1658
1402 1850
1402 1466
1402 1882
1402 1498
1402 1898
1402 1514
1402 1906
1402 1522
1402 1913
1402 1529
1402 1405
1402 1403
1403 1915
1403 1531
1403 1407
1403 1404
1403 1659
1403 1851
1403 1467
1403 1883
1403 1499
1403 1899
1403 1515
1403 1907
1403 1523
1403 1913
1403 1529
1403 1405
1404 1916
1404 1532
1404 1408
1404 1660
1404 1852
1404 1468
1404 1884
1404 1500
1404 1900
1404 1516
1404 1908
1404 1524
1404 1914
1404 1530
1404 1406
1404 1915
1404 1531
1404 1407
1405 1917
1405 1533
1405 1407
1405 1406
1405 1661
1405 1853
1405 1469
1405 1885
1405 1501
1405 1901
1405 1517
1405 1909
1405 1525
1405 1913
1405 1529
1406 1918
1406 1534
1406 1408
1406 1662
1406 1854
1406 1470
1406 1886
1406 1502
1406 1902
1406 1518
1406 1910
1406 1526
1406 1914
1406 1530
1406 1917
1406 1533
1406 1407
1407 1919
1407 1535
1407 1408
1407 1663
1407 1855
1407 1471
1407 1887
1407 1503
1407 1903
1407 1519
1407 1911
1407 1527
1407 1915
1407 1531
1407 1917
1407 1533
1408 1920
1408 1536
1408 1664
1408 1856
1408 1472
1408 1888
1408 1504
1408 1904
1408 1520
1408 1912
1408 1528
1408 1916
1408 1532
1408 1918
1408 1534
1408 1919
1408 1535
1409 1921
1409 1473
1409 1441
1409 1425
1409 1417
1409 1413
1409 1411
1409 1410
1409 1665
1409 1793
1410 1922
1410 1474
1410 1442
1410 1426
1410 1418
1410 1414
1410 1412
1410 1666
1410 1794
1410 1921
1410 1473
1410 1441
1410 1425
1410 1417
1410 1413
1410 1411
1411 1923
1411 1475
1411 1443
1411 1427
1411 1419
1411 1415
1411 1412
1411 1667
1411 1795
1411 1921
1411 1473
1411 1441
1411 1425
1411 1417
1411 1413
1412 1924
1412 1476
1412 1444
1412 1428
1412 1420
1412 1416
1412 1668
1412 1796
1412 1922
1412 1474
1412 1442
1412 1426
1412 1418
1412 1414
1412 1923
1412 1475
1412 1443
1412 1427
1412 1419
1412 1415
1413 1925
1413 1477
1413 1445
1413 1429
1413 1421
1413 1415
1413 1414
1413 1669
1413 1797
1413 1921
1413 1473
1413 1441
1413 1425
1413 1417
1414 1926
1414 1478
1414 1446
1414 1430
1414 1422
1414 1416
1414 1670
1414 1798
1414 1922
1414 1474
1414 1442
1414 1426
1414 1418
1414 1925
1414 1477
1414 1445
1414 1429
1414 1421
1414 1415
1415 1927
1415 1479
1415 1447
1415 1431
1415 1423
1415 1416
1415 1671
1415 1799
1415 1923
1415 1475
1415 1443
1415 1427
1415 1419
1415 1925
1415 1477
1415 1445
1415 1429
1415 1421
1416 1928
1416 1480
1416 1448
1416 1432
1416 1424
1416 1672
1416 1800
1416 1924
1416 1476
1416 1444
1416 1428
1416 1420
1416 1926
1416 1478
1416 1446
1416 1430
1416 1422
1416 1927
1416 1479
1416 1447
1416 1431
1416 1423
1417 1929
1417 1481
1417 1449
1417 1433
1417 1421
1417 1419
1417 1418
1417 1673
1417 1801
1417 1921
1417 1473
1417 1441
1417 1425
1418 1930
1418 1482
1418 1450
1418 1434
1418 1422
1418 1420
1418 1674
1418 1802
1418 1922
1418 1474
1418 1442
1418 1426
1418 1929
1418 1481
1418 1449
1418 1433
1418 1421
1418 1419
1419 1931
1419 1483
1419 1451
1419 1435
1419 1423
1419 1420
1419 1675
1419 1803
1419 1923
1419 1475
1419 1443
1419 1427
1419 1929
1419 1481
1419 1449
1419 1433
1419 1421
1420 1932
1420 1484
1420 1452
1420 1436
1420 1424
1420 1676
1420 1804
1420 1924
1420 1476
1420 1444
1420 1428
1420 1930
1420 1482
1420 1450
1420 1434
1420 1422
1420 1931
1420 1483
1420 1451
1420 1435
1420 1423
1421 1933
1421 1485
1421 1453
1421 1437
1421 1423
1421 1422
1421 1677
1421 1805
1421 1925
1421 1477
1421 1445
1421 1429
1421 1929
1421 1481
1421 1449
1421 1433
1422 1934
1422 1486
1422 1454
1422 1438
1422 1424
1422 1678
1422 1806
1422 1926
1422 1478
1422 1446
1422 1430
1422 1930
1422 1482
1422 1450
1422 1434
1422 1933
1422 1485
1422 1453
1422 1437
1422 1423
1423 1935
1423 1487
1423 1455
1423 1439
1423 1424
1423 1679
1423 1807
1423 1927
1423 1479
1423 1447
1423 1431
1423 1931
1423 1483
1423 1451
1423 1435
1423 1933
1423 1485
1423 1453
1423 1437
1424 1936
1424 1488
1424 1456
1424 1440
1424 1680
1424 1808
1424 1928
1424 1480
1424 1448
1424 1432
1424 1932
1424 1484
1424 1452
1424 1436
1424 1934
1424 1486
1424 1454
1424 1438
1424 1935
1424 1487
1424 1455
1424 1439
1425 1937
1425 1489
1425 1457
1425 1433
1425 1429
1425 1427
1425 1426
1425 1681
1425 1809
1425 1921
1425 1473
1425 1441
1426 1938
1426 1490
1426 1458
1426 1434
1426 1430
1426 1428
1426 1682
1426 1810
1426 1922
1426 1474
1426 1442
1426 1937
1426 1489
1426 1457
1426 1433
1426 1429
1426 1427
1427 1939
1427 1491
1427 1459
1427 1435
1427 1431
1427 1428
1427 1683
1427 1811
1427 1923
1427 1475
1427 1443
1427 1937
1427 1489
1427 1457
1427 1433
1427 1429
1428 1940
1428 1492
1428 1460
1428 1436
1428 1432
1428 1684
1428 1812
1428 1924
1428 1476
1428 1444
1428 1938
1428 1490
1428 1458
1428 1434
1428 1430
1428 1939
1428 1491
1428 1459
1428 1435
1428 1431
1429 1941
1429 1493
1429 1461
1429 1437
1429 1431
1429 1430
1429 1685
1429 1813
1429 1925
1429 1477
1429 1445
1429 1937
1429 1489
1429 1457
1429 1433
1430 1942
1430 1494
1430 1462
1430 1438
1430 1432
1430 1686
1430 1814
1430 1926
1430 1478
1430 1446
1430 1938
1430 1490
1430 1458
1430 1434
1430 1941
1430 1493
1430 1461
1430 1437
1430 1431
1431 1943
1431 1495
1431 1463
1431 1439
1431 1432
1431 1687
1431 1815
1431 1927
1431 1479
1431 1447
1431 1939
1431 1491
1431 1459
1431 1435
1431 1941
1431 1493
1431 1461
1431 1437
1432 1944
1432 1496
1432 1464
1432 1440
1432 1688
1432 1816
1432 1928
1432 1480
1432 1448
1432 1940
1432 1492
1432 1460
1432 1436
1432 1942
1432 1494
1432 1462
1432 1438
1432 1943
1432 1495
1432 1463
1432 1439
1433 1945
1433 1497
1433 1465
1433 1437
1433 1435
1433 1434
1433 1689
1433 1817
1433 1929
1433 1481
1433 1449
1433 1937
1433 1489
1433 1457
1434 1946
1434 1498
1434 1466
1434 1438
1434 1436
1434 1690
1434 1818
1434 1930
1434 1482
1434 1450
1434 1938
1434 1490
1434 1458
1434 1945
1434 1497
1434 1465
1434 1437
1434 1435
1435 1947
1435 1499
1435 1467
1435 1439
1435 1436
1435 1691
1435 1819
1435 1931
1435 1483
1435 1451
1435 1939
1435 1491
1435 1459
1435 1945
1435 1497
1435 1465
1435 1437
1436 1948
1436 1500
1436 1468
1436 1440
1436 1692
1436 1820
1436 1932
1436 1484
1436 1452
1436 1940
1436 1492
1436 1460
1436 1946
1436 1498
1436 1466
1436 1438
1436 1947
1436 1499
1436 1467
1436 1439
1437 1949
1437 1501
1437 1469
1437 1439
1437 1438
1437 1693
1437 1821
1437 1933
1437 1485
1437 1453
1437 1941
1437 1493
1437 1461
1437 1945
1437 1497
1437 1465
1438 1950
1438 1502
1438 1470
1438 1440
1438 1694
1438 1822
1438 1934
1438 1486
1438 1454
1438 1942
1438 1494
1438 1462
1438 1946
1438 1498
1438 1466
1438 1949
1438 1501
1438 1469
1438 1439
1439 1951
1439 1503
1439 1471
1439 1440
1439 1695
1439 1823
1439 1935
1439 1487
1439 1455
1439 1943
1439 1495
1439 1463
1439 1947
1439 1499
1439 1467
1439 1949
1439 1501
1439 1469
1440 1952
1440 1504
1440 1472
1440 1696
1440 1824
1440 1936
1440 1488
1440 1456
1440 1944
1440 1496
1440 1464
1440 1948
1440 1500
1440 1468
1440 1950
1440 1502
1440 1470
1440 1951
1440 1503
1440 1471
1441 1953
1441 1505
1441 1457
1441 1449
1441 1445
1441 1443
1441 1442
1441 1697
1441 1825
1441 1921
1441 1473
1442 1954
1442 1506
1442 1458
1442 1450
1442 1446
1442 1444
1442 1698
1442 1826
1442 1922
1442 1474
1442 1953
1442 1505
1442 1457
1442 1449
1442 1445
1442 1443
1443 1955
1443 1507
1443 1459
1443 1451
1443 1447
1443 1444
1443 1699
1443 1827
1443 1923
1443 1475
1443 1953
1443 1505
1443 1457
1443 1449
1443 1445
1444 1956
1444 1508
1444 1460
1444 1452
1444 1448
1444 1700
1444 1828
1444 1924
1444 1476
1444 1954
1444 1506
1444 1458
1444 1450
1444 1446
1444 1955
1444 1507
1444 1459
1444 1451
1444 1447
1445 1957
1445 1509
1445 1461
1445 1453
1445 1447
1445 1446
1445 1701
1445 1829
1445 1925
1445 1477
1445 1953
1445 1505
1445 1457
1445 1449
1446 1958
1446 1510
1446 1462
1446 1454
1446 1448
1446 1702
1446 1830
1446 1926
1446 1478
1446 1954
1446 1506
1446 1458
1446 1450
1446 1957
1446 1509
1446 1461
1446 1453
1446 1447
1447 1959
1447 1511
1447 1463
1447 1455
1447 1448
1447 1703
1447 1831
1447 1927
1447 1479
1447 1955
1447 1507
1447 1459
1447 1451
1447 1957
1447 1509
1447 1461
1447 1453
1448 1960
1448 1512
1448 1464
1448 1456
1448 1704
1448 1832
1448 1928
1448 1480
1448 1956
1448 1508
1448 1460
1448 1452
1448 1958
1448 1510
1448 1462
1448 1454
1448 1959
1448 1511
1448 1463
1448 1455
1449 1961
1449 1513
1449 1465
1449 1453
1449 1451
1449 1450
1449 1705
1449 1833
1449 1929
1449 1481
1449 1953
1449 1505
1449 1457
1450 1962
1450 1514
1450 1466
1450 1454
1450 1452
1450 1706
1450 1834
1450 1930
1450 1482
1450 1954
1450 1506
1450 1458
1450 1961
1450 1513
1450 1465
1450 1453
1450 1451
1451 1963
1451 1515
1451 1467
1451 1455
1451 1452
1451 1707
1451 1835
1451 1931
1451 1483
1451 1955
1451 1507
1451 1459
1451 1961
1451 1513
1451 1465
1451 1453
1452 1964
1452 1516
1452 1468
1452 1456
1452 1708
1452 1836
1452 1932
1452 1484
1452 1956
1452 1508
1452 1460
1452 1962
1452 1514
1452 1466
1452 1454
1452 1963
1452 1515
1452 1467
1452 1455
1453 1965
1453 1517
1453 1469
1453 1455
1453 1454
1453 1709
1453 1837
1453 1933
1453 1485
1453 1957
1453 1509
1453 1461
1453 1961
1453 1513
1453 1465
1454 1966
1454 1518
1454 1470
1454 1456
1454 1710
1454 1838
1454 1934
1454 1486
1454 1958
1454 1510
1454 1462
1454 1962
1454 1514
1454 1466
1454 1965
1454 1517
1454 1469
1454 1455
1455 1967
1455 1519
1455 1471
1455 1456
1455 1711
1455 1839
1455 1935
1455 1487
1455 1959
1455 1511
1455 1463
1455 1963
1455 1515
1455 1467
1455 1965
1455 1517
1455 1469
1456 1968
1456 1520
1456 1472
1456 1712
1456 1840
1456 1936
1456 1488
1456 1960
1456 1512
1456 1464
1456 1964
1456 1516
1456 1468
1456 1966
1456 1518
1456 1470
1456 1967
1456 1519
1456 1471
1457 1969
1457 1521
1457 1465
1457 1461
1457 1459
1457 1458
1457 1713
1457 1841
1457 1937
1457 1489
1457 1953
1457 1505
1458 1970
1458 1522
1458 1466
1458 1462
1458 1460
1458 1714
1458 1842
1458 1938
1458 1490
1458 1954
1458 1506
1458 1969
1458 1521
1458 1465
1458 1461
1458 1459
1459 1971
1459 1523
1459 1467
1459 1463
1459 1460
1459 1715
1459 1843
1459 1939
1459 1491
1459 1955
1459 1507
1459 1969
1459 1521
1459 1465
1459 1461
1460 1972
1460 1524
1460 1468
1460 1464
1460 1716
1460 1844
1460 1940
1460 1492
1460 1956
1460 1508
1460 1970
1460 1522
1460 1466
1460 1462
1460 1971
1460 1523
1460 1467
1460 1463
1461 1973
1461 1525
1461 1469
1461 1463
1461 1462
1461 1717
1461 1845
1461 1941
1461 1493
1461 1957
1461 1509
1461 1969
1461 1521
1461 1465
1462 1974
1462 1526
1462 1470
1462 1464
1462 1718
1462 1846
1462 1942
1462 1494
1462 1958
1462 1510
1462 1970
1462 1522
1462 1466
1462 1973
1462 1525
1462 1469
1462 1463
1463 1975
1463 1527
1463 1471
1463 1464
1463 1719
1463 1847
1463 1943
1463 1495
1463 1959
1463 1511
1463 1971
1463 1523
1463 1467
1463 1973
1463 1525
1463 1469
1464 1976
1464 1528
1464 1472
1464 1720
1464 1848
1464 1944
1464 1496
1464 1960
1464 1512
1464 1972
1464 1524
1464 1468
1464 1974
1464 1526
1464 1470
1464 1975
1464 1527
1464 1471
1465 1977
1465 1529
1465 1469
1465 1467
1465 1466
1465 1721
1465 1849
1465 1945
1465 1497
1465 1961
1465 1513
1465 1969
1465 1521
1466 1978
1466 1530
1466 1470
1466 1468
1466 1722
1466 1850
1466 1946
1466 1498
1466 1962
1466 1514
1466 1970
1466 1522
1466 1977
1466 1529
1466 1469
1466 1467
1467 1979
1467 1531
1467 1471
1467 1468
1467 1723
1467 1851
1467 1947
1467 1499
1467 1963
1467 1515
1467 1971
1467 1523
1467 1977
1467 1529
1467 1469
1468 1980
1468 1532
1468 1472
1468 1724
1468 1852
1468 1948
1468 1500
1468 1964
1468 1516
1468 1972
1468 1524
1468 1978
1468 1530
1468 1470
1468 1979
1468 1531
1468 1471
1469 1981
1469 1533
1469 1471
1469 1470
1469 1725
1469 1853
1469 1949
1469 1501
1469 1965
1469 1517
1469 1973
1469 1525
1469 1977
1469 1529
1470 1982
1470 1534
1470 1472
1470 1726
1470 1854
1470 1950
1470 1502
1470 1966
1470 1518
1470 1974
1470 1526
1470 1978
1470 1530
1470 1981
1470 1533
1470 1471
1471 1983
1471 1535
1471 1472
1471 1727
1471 1855
1471 1951
1471 1503
1471 1967
1471 1519
1471 1975
1471 1527
1471 1979
1471 1531
1471 1981
1471 1533
1472 1984
1472 1536
1472 1728
1472 1856
1472 1952
1472 1504
1472 1968
1472 1520
1472 1976
1472 1528
1472 1980
1472 1532
1472 1982
1472 1534
1472 1983
1472 1535
1473 1985
1473 1505
1473 1489
1473 1481
1473 1477
1473 1475
1473 1474
1473 1729
1473 1857
1473 1921
1474 1986
1474 1506
1474 1490
1474 1482
1474 1478
1474 1476
1474 1730
1474 1858
1474 1922
1474 1985
1474 1505
1474 1489
1474 1481
1474 1477
1474 1475
1475 1987
1475 1507
1475 1491
1475 1483
1475 1479
1475 1476
1475 1731
1475 1859
1475 1923
1475 1985
1475 1505
1475 1489
1475 1481
1475 1477
1476 1988
1476 1508
1476 1492
1476 1484
1476 1480
1476 1732
1476 1860
1476 1924
1476 1986
1476 1506
1476 1490
1476 1482
1476 1478
1476 1987
1476 1507
1476 1491
1476 1483
1476 1479
1477 1989
1477 1509
1477 1493
1477 1485
1477 1479
1477 1478
1477 1733
1477 1861
1477 1925
1477 1985
1477 1505
1477 1489
1477 1481
1478 1990
1478 1510
1478 1494
1478 1486
1478 1480
1478 1734
1478 1862
1478 1926
1478 1986
1478 1506
1478 1490
1478 1482
1478 1989
1478 1509
1478 1493
1478 1485
1478 1479
1479 1991
1479 1511
1479 1495
1479 1487
1479 1480
1479 1735
1479 1863
1479 1927
1479 1987
1479 1507
1479 1491
1479 1483
1479 1989
1479 1509
1479 1493
1479 1485
1480 1992
1480 1512
1480 1496
1480 1488
1480 1736
1480 1864
1480 1928
1480 1988
1480 1508
1480 1492
1480 1484
1480 1990
1480 1510
1480 1494
1480 1486
1480 1991
1480 1511
1480 1495
1480 1487
1481 1993
1481 1513
1481 1497
1481 1485
1481 1483
1481 1482
1481 1737
1481 1865
1481 1929
1481 1985
1481 1505
1481 1489
1482 1994
1482 1514
1482 1498
1482 1486
1482 1484
1482 1738
1482 1866
1482 1930
1482 1986
1482 1506
1482 1490
1482 1993
1482 1513
1482 1497
1482 1485
1482 1483
1483 1995
1483 1515
1483 1499
1483 1487
1483 1484
1483 1739
1483 1867
1483 1931
1483 1987
1483 1507
1483 1491
1483 1993
1483 1513
1483 1497
1483 1485
1484 1996
1484 1516
1484 1500
1484 1488
1484 1740
1484 1868
1484 1932
1484 1988
1484 1508
1484 1492
1484 1994
1484 1514
1484 1498
1484 1486
1484 1995
1484 1515
1484 1499
1484 1487
1485 1997
1485 1517
1485 1501
1485 1487
1485 1486
1485 1741
1485 1869
1485 1933
1485 1989
1485 1509
1485 1493
1485 1993
1485 1513
1485 1497
1486 1998
1486 1518
1486 1502
1486 1488
1486 1742
1486 1870
1486 1934
1486 1990
1486 1510
1486 1494
1486 1994
1486 1514
1486 1498
1486 1997
1486 1517
1486 1501
1486 1487
1487 1999
1487 1519
1487 1503
1487 1488
1487 1743
1487 1871
1487 1935
1487 1991
1487 1511
1487 1495
1487 1995
1487 1515
1487 1499
1487 1997
1487 1517
1487 1501
1488 2000
1488 1520
1488 1504
1488 1744
1488 1872
1488 1936
1488 1992
1488 1512
1488 1496
1488 1996
1488 1516
1488 1500
1488 1998
1488 1518
1488 1502
1488 1999
1488 1519
1488 1503
1489 2001
1489 1521
1489 1497
1489 1493
1489 1491
1489 1490
1489 1745
1489 1873
1489 1937
1489 1985
1489 1505
1490 2002
1490 1522
1490 1498
1490 1494
1490 1492
1490 1746
1490 1874
1490 1938
1490 1986
1490 1506
1490 2001
1490 1521
1490 1497
1490 1493
1490 1491
1491 2003
1491 1523
1491 1499
1491 1495
1491 1492
1491 1747
1491 1875
1491 1939
1491 1987
1491 1507
1491 2001
1491 1521
1491 1497
1491 1493
1492 2004
1492 1524
1492 1500
1492 1496
1492 1748
1492 1876
1492 1940
1492 1988
1492 1508
1492 2002
1492 1522
1492 1498
1492 1494
1492 2003
1492 1523
1492 1499
1492 1495
1493 2005
1493 1525
1493 1501
1493 1495
1493 1494
1493 1749
1493 1877
1493 1941
1493 1989
1493 1509
1493 2001
1493 1521
1493 1497
1494 2006
1494 1526
1494 1502
1494 1496
1494 1750
1494 1878
1494 1942
1494 1990
1494 1510
1494 2002
1494 1522
1494 1498
1494 2005
1494 1525
1494 1501
1494 1495
1495 2007
1495 1527
1495 1503
1495 1496
1495 1751
1495 1879
1495 1943
1495 1991
1495 1511
1495 2003
1495 1523
1495 1499
1495 2005
1495 1525
1495 1501
1496 2008
1496 1528
1496 1504
1496 1752
1496 1880
1496 1944
1496 1992
1496 1512
1496 2004
1496 1524
1496 1500
1496 2006
1496 1526
1496 1502
1496 2007
1496 1527
1496 1503
1497 2009
1497 1529
1497 1501
1497 1499
1497 1498
1497 1753
1497 1881
1497 1945
1497 1993
1497 1513
1497 2001
1497 1521
1498 2010
1498 1530
1498 1502
1498 1500
1498 1754
1498 1882
1498 1946
1498 1994
1498 1514
1498 2002
1498 1522
1498 2009
1498 1529
1498 1501
1498 1499
1499 2011
1499 1531
1499 1503
1499 1500
1499 1755
1499 1883
1499 1947
1499 1995
1499 1515
1499 2003
1499 1523
1499 2009
1499 1529
1499 1501
1500 2012
1500 1532
1500 1504
1500 1756
1500 1884
1500 1948
1500 1996
1500 1516
1500 2004
1500 1524
1500 2010
1500 1530
1500 1502
1500 2011
1500 1531
1500 1503
1501 2013
1501 1533
1501 1503
1501 1502
1501 1757
1501 1885
1501 1949
1501 1997
1501 1517
1501 2005
1501 1525
1501 2009
1501 1529
1502 2014
1502 1534
1502 1504
1502 1758
1502 1886
1502 1950
1502 1998
1502 1518
1502 2006
1502 1526
1502 2010
1502 1530
1502 2013
1502 1533
1502 1503
1503 2015
1503 1535
1503 1504
1503 1759
1503 1887
1503 1951
1503 1999
1503 1519
1503 2007
1503 1527
1503 2011
1503 1531
1503 2013
1503 1533
1504 2016
1504 1536
1504 1760
1504 1888
1504 1952
1504 2000
1504 1520
1504 2008
1504 1528
1504 2012
1504 1532
1504 2014
1504 1534
1504 2015
1504 1535
1505 2017
1505 1521
1505 1513
1505 1509
1505 1507
1505 1506
1505 1761
1505 1889
1505 1953
1505 1985
1506 2018
1506 1522
1506 1514
1506 1510
1506 1508
1506 1762
1506 1890
1506 1954
1506 1986
1506 2017
1506 1521
1506 1513
1506 1509
1506 1507
1507 2019
1507 1523
1507 1515
1507 1511
1507 1508
1507 1763
1507 1891
1507 1955
1507 1987
1507 2017
1507 1521
1507 1513
1507 1509
1508 2020
1508 1524
1508 1516
1508 1512
1508 1764
1508 1892
1508 1956
1508 1988
1508 2018
1508 1522
1508 1514
1508 1510
1508 2019
1508 1523
1508 1515
1508 1511
1509 2021
1509 1525
1509 1517
1509 1511
1509 1510
1509 1765
1509 1893
1509 1957
1509 1989
1509 2017
1509 1521
1509 1513
1510 2022
1510 1526
1510 1518
1510 1512
1510 1766
1510 1894
1510 1958
1510 1990
1510 2018
1510 1522
1510 1514
1510 2021
1510 1525
1510 1517
1510 1511
1511 2023
1511 1527
1511 1519
1511 1512
1511 1767
1511 1895
1511 1959
1511 1991
1511 2019
1511 1523
1511 1515
1511 2021
1511 1525
1511 1517
1512 2024
1512 1528
1512 1520
1512 1768
1512 1896
1512 1960
1512 1992
1512 2020
1512 1524
1512 1516
1512 2022
1512 1526
1512 1518
1512 2023
1512 1527
1512 1519
1513 2025
1513 1529
1513 1517
1513 1515
1513 1514
1513 1769
1513 1897
1513 1961
1513 1993
1513 2017
1513 1521
1514 2026
1514 1530
1514 1518
1514 1516
1514 1770
1514 1898
1514 1962
1514 1994
1514 2018
1514 1522
1514 2025
1514 1529
1514 1517
1514 1515
1515 2027
1515 1531
1515 1519
1515 1516
1515 1771
1515 1899
1515 1963
1515 1995
1515 2019
1515 1523
1515 2025
1515 1529
1515 1517
1516 2028
1516 1532
1516 1520
1516 1772
1516 1900
1516 1964
1516 1996
1516 2020
1516 1524
1516 2026
1516 1530
1516 1518
1516 2027
1516 1531
1516 1519
1517 2029
1517 1533
1517 1519
1517 1518
1517 1773
1517 1901
1517 1965
1517 1997
1517 2021
1517 1525
1517 2025
1517 1529
1518 2030
1518 1534
1518 1520
1518 1774
1518 1902
1518 1966
1518 1998
1518 2022
1518 1526
1518 2026
1518 1530
1518 2029
1518 1533
1518 1519
1519 2031
1519 1535
1519 1520
1519 1775
1519 1903
1519 1967
1519 1999
1519 2023
1519 1527
1519 2027
1519 1531
1519 2029
1519 1533
1520 2032
1520 1536
1520 1776
1520 1904
1520 1968
1520 2000
1520 2024
1520 1528
1520 2028
1520 1532
1520 2030
1520 1534
1520 2031
1520 1535
1521 2033
1521 1529
1521 1525
1521 1523
1521 1522
1521 1777
1521 1905
1521 1969
1521 2001
1521 2017
1522 2034
1522 1530
1522 1526
1522 1524
1522 1778
1522 1906
1522 1970
1522 2002
1522 2018
1522 2033
1522 1529
1522 1525
1522 1523
1523 2035
1523 1531
1523 1527
1523 1524
1523 1779
1523 1907
1523 1971
1523 2003
1523 2019
1523 2033
1523 1529
1523 1525
1524 2036
1524 1532
1524 1528
1524 1780
1524 1908
1524 1972
1524 2004
1524 2020
1524 2034
1524 1530
1524 1526
1524 2035
1524 1531
1524 1527
1525 2037
1525 1533
1525 1527
1525 1526
1525 1781
1525 1909
1525 1973
1525 2005
1525 2021
1525 2033
1525 1529
1526 2038
1526 1534
1526 1528
1526 1782
1526 1910
1526 1974
1526 2006
1526 2022
1526 2034
1526 1530
1526 2037
1526 1533
1526 1527
1527 2039
1527 1535
1527 1528
1527 1783
1527 1911
1527 1975
1527 2007
1527 2023
1527 2035
1527 1531
1527 2037
1527 1533
1528 2040
1528 1536
1528 1784
1528 1912
1528 1976
1528 2008
1528 2024
1528 2036
1528 1532
1528 2038
1528 1534
1528 2039
1528 1535
1529 2041
1529 1533
1529 1531
1529 1530
1529 1785
1529 1913
1529 1977
1529 2009
1529 2025
1529 2033
1530 2042
1530 1534
1530 1532
1530 1786
1530 1914
1530 1978
1530 2010
1530 2026
1530 2034
1530 2041
1530 1533
1530 1531
1531 2043
1531 1535
1531 1532
1531 1787
1531 1915
1531 1979
1531 2011
1531 2027
1531 2035
1531 2041
1531 1533
1532 2044
1532 1536
1532 1788
1532 1916
1532 1980
1532 2012
1532 2028
1532 2036
1532 2042
1532 1534
1532 2043
1532 1535
1533 2045
1533 1535
1533 1534
1533 1789
1533 1917
1533 1981
1533 2013
1533 2029
1533 2037
1533 2041
1534 2046
1534 1536
1534 1790
1534 1918
1534 1982
1534 2014
1534 2030
1534 2038
1534 2042
1534 2045
1534 1535
1535 2047
1535 1536
1535 1791
1535 1919
1535 1983
1535 2015
1535 2031
1535 2039
1535 2043
1535 2045
1536 2048
1536 1792
1536 1920
1536 1984
1536 2016
1536 2032
1536 2040
1536 2044
1536 2046
1536 2047
1537 1793
1537 1665
1537 1601
1537 1569
1537 1553
1537 1545
1537 1541
1537 1539
1537 1538
1538 1794
1538 1666
1538 1602
1538 1570
1538 1554
1538 1546
1538 1542
1538 1540
1538 1793
1538 1665
1538 1601
1538 1569
1538 1553
1538 1545
1538 1541
1538 1539
1539 1795
1539 1667
1539 1603
1539 1571
1539 1555
1539 1547
1539 1543
1539 1540
1539 1793
1539 1665
1539 1601
1539 1569
1539 1553
1539 1545
1539 1541
1540 1796
1540 1668
1540 1604
1540 1572
1540 1556
1540 1548
1540 1544
1540 1794
1540 1666
1540 1602
1540 1570
1540 1554
1540 1546
1540 1542
1540 1795
1540 1667
1540 1603
1540 1571
1540 1555
1540 1547
1540 1543
1541 1797
1541 1669
1541 1605
1541 1573
1541 1557
1541 1549
1541 1543
1541 1542
1541 1793
1541 1665
1541 1601
1541 1569
1541 1553
1541 1545
1542 1798
1542 1670
1542 1606
1542 1574
1542 1558
1542 1550
1542 1544
1542 1794
1542 1666
1542 1602
1542 1570
1542 1554
1542 1546
1542 1797
1542 1669
1542 1605
1542 1573
1542 1557
1542 1549
1542 1543
1543 1799
1543 1671
1543 1607
1543 1575
1543 1559
1543 1551
1543 1544
1543 1795
1543 1667
1543 1603
1543 1571
1543 1555
1543 1547
1543 1797
1543 1669
1543 1605
1543 1573
1543 1557
1543 1549
1544 1800
1544 1672
1544 1608
1544 1576
1544 1560
1544 1552
1544 1796
1544 1668
1544 1604
1544 1572
1544 1556
1544 1548
1544 1798
1544 1670
1544 1606
1544 1574
1544 1558
1544 1550
1544 1799
1544 1671
1544 1607
1544 1575
1544 1559
1544 1551
1545 1801
1545 1673
1545 1609
1545 1577
1545 1561
1545 1549
1545 1547
1545 1546
1545 1793
1545 1665
1545 1601
1545 1569
1545 1553
1546 1802
1546 1674
1546 1610
1546 1578
1546 1562
1546 1550
1546 1548
1546 1794
1546 1666
1546 1602
1546 1570
1546 1554
1546 1801
1546 1673
1546 1609
1546 1577
1546 1561
1546 1549
1546 1547
1547 1803
1547 1675
1547 1611
1547 1579
1547 1563
1547 1551
1547 1548
1547 1795
1547 1667
1547 1603
1547 1571
1547 1555
1547 1801
1547 1673
1547 1609
1547 1577
1547 1561
1547 1549
1548 1804
1548 1676
1548 1612
1548 1580
1548 1564
1548 1552
1548 1796
1548 1668
1548 1604
1548 1572
1548 1556
1548 1802
1548 1674
1548 1610
1548 1578
1548 1562
1548 1550
1548 1803
1548 1675
1548 1611
1548 1579
1548 1563
1548 1551
1549 1805
1549 1677
1549 1613
1549 1581
1549 1565
1549 1551
1549 1550
1549 1797
1549 1669
1549 1605
1549 1573
1549 1557
1549 1801
1549 1673
1549 1609
1549 1577
1549 1561
1550 1806
1550 1678
1550 1614
1550 1582
1550 1566
1550 1552
1550 1798
1550 1670
1550 1606
1550 1574
1550 1558
1550 1802
1550 1674
1550 1610
1550 1578
1550 1562
1550 1805
1550 1677
1550 1613
1550 1581
1550 1565
1550 1551
1551 1807
1551 1679
1551 1615
1551 1583
1551 1567
1551 1552
1551 1799
1551 1671
1551 1607
1551 1575
1551 1559
1551 1803
1551 1675
1551 1611
1551 1579
1551 1563
1551 1805
1551 1677
1551 1613
1551 1581
1551 1565
1552 1808
1552 1680
1552 1616
1552 1584
1552 1568
1552 1800
1552 1672
1552 1608
1552 1576
1552 1560
1552 1804
1552 1676
1552 1612
1552 1580
1552 1564
1552 1806
1552 1678
1552 1614
1552 1582
1552 1566
1552 1807
1552 1679
1552 1615
1552 1583
1552 1567
1553 1809
1553 1681
1553 1617
1553 1585
1553 1561
1553 1557
1553 1555
1553 1554
1553 1793
1553 1665
1553 1601
1553 1569
1554 1810
1554 1682
1554 1618
1554 1586
1554 1562
1554 1558
1554 1556
1554 1794
1554 1666
1554 1602
1554 1570
1554 1809
1554 1681
1554 1617
1554 1585
1554 1561
1554 1557
1554 1555
1555 1811
1555 1683
1555 1619
1555 1587
1555 1563
1555 1559
1555 1556
1555 1795
1555 1667
1555 1603
1555 1571
1555 1809
1555 1681
1555 1617
1555 1585
1555 1561
1555 1557
1556 1812
1556 1684
1556 1620
1556 1588
1556 1564
1556 1560
1556 1796
1556 1668
1556 1604
1556 1572
1556 1810
1556 1682
1556 1618
1556 1586
1556 1562
1556 1558
1556 1811
1556 1683
1556 1619
1556 1587
1556 1563
1556 1559
1557 1813
1557 1685
1557 1621
1557 1589
1557 1565
1557 1559
1557 1558
1557 1797
1557 1669
1557 1605
1557 1573
1557 1809
1557 1681
1557 1617
1557 1585
1557 1561
1558 1814
1558 1686
1558 1622
1558 1590
1558 1566
1558 1560
1558 1798
1558 1670
1558 1606
1558 1574
1558 1810
1558 1682
1558 1618
1558 1586
1558 1562
1558 1813
1558 1685
1558 1621
1558 1589
1558 1565
1558 1559
1559 1815
1559 1687
1559 1623
1559 1591
1559 1567
1559 1560
1559 1799
1559 1671
1559 1607
1559 1575
1559 1811
1559 1683
1559 1619
1559 1587
1559 1563
1559 1813
1559 1685
1559 1621
1559 1589
1559 1565
1560 1816
1560 1688
1560 1624
1560 1592
1560 1568
1560 1800
1560 1672
1560 1608
1560 1576
1560 1812
1560 1684
1560 1620
1560 1588
1560 1564
1560 1814
1560 1686
1560 1622
1560 1590
1560 1566
1560 1815
1560 1687
1560 1623
1560 1591
1560 1567
1561 1817
1561 1689
1561 1625
1561 1593
1561 1565
1561 1563
1561 1562
1561 1801
1561 1673
1561 1609
1561 1577
1561 1809
1561 1681
1561 1617
1561 1585
1562 1818
1562 1690
1562 1626
1562 1594
1562 1566
1562 1564
1562 1802
1562 1674
1562 1610
1562 1578
1562 1810
1562 1682
1562 1618
1562 1586
1562 1817
1562 1689
1562 1625
1562 1593
1562 1565
1562 1563
1563 1819
1563 1691
1563 1627
1563 1595
1563 1567
1563 1564
1563 1803
1563 1675
1563 1611
1563 1579
1563 1811
1563 1683
1563 1619
1563 1587
1563 1817
1563 1689
1563 1625
1563 1593
1563 1565
1564 1820
1564 1692
1564 1628
1564 1596
1564 1568
1564 1804
1564 1676
1564 1612
1564 1580
1564 1812
1564 1684
1564 1620
1564 1588
1564 1818
1564 1690
1564 1626
1564 1594
1564 1566
1564 1819
1564 1691
1564 1627
1564 1595
1564 1567
1565 1821
1565 1693
1565 1629
1565 1597
1565 1567
1565 1566
1565 1805
1565 1677
1565 1613
1565 1581
1565 1813
1565 1685
1565 1621
1565 1589
1565 1817
1565 1689
1565 1625
1565 1593
1566 1822
1566 1694
1566 1630
1566 1598
1566 1568
1566 1806
1566 1678
1566 1614
1566 1582
1566 1814
1566 1686
1566 1622
1566 1590
1566 1818
1566 1690
1566 1626
1566 1594
1566 1821
1566 1693
1566 1629
1566 1597
1566 1567
1567 1823
1567 1695
1567 1631
1567 1599
1567 1568
1567 1807
1567 1679
1567 1615
1567 1583
1567 1815
1567 1687
1567 1623
1567 1591
1567 1819
1567 1691
1567 1627
1567 1595
1567 1821
1567 1693
1567 1629
1567 1597
1568 1824
1568 1696
1568 1632
1568 1600
1568 1808
1568 1680
1568 1616
1568 1584
1568 1816
1568 1688
1568 1624
1568 1592
1568 1820
1568 1692
1568 1628
1568 1596
1568 1822
1568 1694
1568 1630
1568 1598
1568 1823
1568 1695
1568 1631
1568 1599
1569 1825
1569 1697
1569 1633
1569 1585
1569 1577
1569 1573
1569 1571
1569 1570
1569 1793
1569 1665
1569 1601
1570 1826
1570 1698
1570 1634
1570 1586
1570 1578
1570 1574
1570 1572
1570 1794
1570 1666
1570 1602
1570 1825
1570 1697
1570 1633
1570 1585
1570 1577
1570 1573
1570 1571
1571 1827
1571 1699
1571 1635
1571 1587
1571 1579
1571 1575
1571 1572
1571 1795
1571 1667
1571 1603
1571 1825
1571 1697
1571 1633
1571 1585
1571 1577
1571 1573
1572 1828
1572 1700
1572 1636
1572 1588
1572 1580
1572 1576
1572 1796
1572 1668
1572 1604
1572 1826
1572 1698
1572 1634
1572 1586
1572 1578
1572 1574
1572 1827
1572 1699
1572 1635
1572 1587
1572 1579
1572 1575
1573 1829
1573 1701
1573 1637
1573 1589
1573 1581
1573 1575
1573 1574
1573 1797
1573 1669
1573 1605
1573 1825
1573 1697
1573 1633
1573 1585
1573 1577
1574 1830
1574 1702
1574 1638
1574 1590
1574 1582
1574 1576
1574 1798
1574 1670
1574 1606
1574 1826
1574 1698
1574 1634
1574 1586
1574 1578
1574 1829
1574 1701
1574 1637
1574 1589
1574 1581
1574 1575
1575 1831
1575 1703
1575 1639
1575 1591
1575 1583
1575 1576
1575 1799
1575 1671
1575 1607
1575 1827
1575 1699
1575 1635
1575 1587
1575 1579
1575 1829
1575 1701
1575 1637
1575 1589
1575 1581
1576 1832
1576 1704
1576 1640
1576 1592
1576 1584
1576 1800
1576 1672
1576 1608
1576 1828
1576 1700
1576 1636
1576 1588
1576 1580
1576 1830
1576 1702
1576 1638
1576 1590
1576 1582
1576 1831
1576 1703
1576 1639
1576 1591
1576 1583
1577 1833
1577 1705
1577 1641
1577 1593
1577 1581
1577 1579
1577 1578
1577 1801
1577 1673
1577 1609
1577 1825
1577 1697
1577 1633
1577 1585
1578 1834
1578 1706
1578 1642
1578 1594
1578 1582
1578 1580
1578 1802
1578 1674
1578 1610
1578 1826
1578 1698
1578 1634
1578 1586
1578 1833
1578 1705
1578 1641
1578 1593
1578 1581
1578 1579
1579 1835
1579 1707
1579 1643
1579 1595
1579 1583
1579 1580
1579 1803
1579 1675
1579 1611
1579 1827
1579 1699
1579 1635
1579 1587
1579 1833
1579 1705
1579 1641
1579 1593
1579 1581
1580 1836
1580 1708
1580 1644
1580 1596
1580 1584
1580 1804
1580 1676
1580 1612
1580 1828
1580 1700
1580 1636
1580 1588
1580 1834
1580 1706
1580 1642
1580 1594
1580 1582
1580 1835
1580 1707
1580 1643
1580 1595
1580 1583
1581 1837
1581 1709
1581 1645
1581 1597
1581 1583
1581 1582
1581 1805
1581 1677
1581 1613
1581 1829
1581 1701
1581 1637
1581 1589
1581 1833
1581 1705
1581 1641
1581 1593
1582 1838
1582 1710
1582 1646
1582 1598
1582 1584
1582 1806
1582 1678
1582 1614
1582 1830
1582 1702
1582 1638
1582 1590
1582 1834
1582 1706
1582 1642
1582 1594
1582 1837
1582 1709
1582 1645
1582 1597
1582 1583
1583 1839
1583 1711
1583 1647
1583 1599
1583 1584
1583 1807
1583 1679
1583 1615
1583 1831
1583 1703
1583 1639
1583 1591
1583 1835
1583 1707
1583 1643
1583 1595
1583 1837
1583 1709
1583 1645
1583 1597
1584 1840
1584 1712
1584 1648
1584 1600
1584 1808
1584 1680
1584 1616
1584 1832
1584 1704
1584 1640
1584 1592
1584 1836
1584 1708
1584 1644
1584 1596
1584 1838
1584 1710
1584 1646
1584 1598
1584 1839
1584 1711
1584 1647
1584 1599
1585 1841
1585 1713
1585 1649
1585 1593
1585 1589
1585 1587
1585 1586
1585 1809
1585 1681
1585 1617
1585 1825
1585 1697
1585 1633
1586 1842
1586 1714
1586 1650
1586 1594
1586 1590
1586 1588
1586 1810
1586 1682
1586 1618
1586 1826
1586 1698
1586 1634
1586 1841
1586 1713
1586 1649
1586 1593
1586 1589
1586 1587
1587 1843
1587 1715
1587 1651
1587 1595
1587 1591
1587 1588
1587 1811
1587 1683
1587 1619
1587 1827
1587 1699
1587 1635
1587 1841
1587 1713
1587 1649
1587 1593
1587 1589
1588 1844
1588 1716
1588 1652
1588 1596
1588 1592
1588 1812
1588 1684
1588 1620
1588 1828
1588 1700
1588 1636
1588 1842
1588 1714
1588 1650
1588 1594
1588 1590
1588 1843
1588 1715
1588 1651
1588 1595
1588 1591
1589 1845
1589 1717
1589 1653
1589 1597
1589 1591
1589 1590
1589 1813
1589 1685
1589 1621
1589 1829
1589 1701
1589 1637
1589 1841
1589 1713
1589 1649
1589 1593
1590 1846
1590 1718
1590 1654
1590 1598
1590 1592
1590 1814
1590 1686
1590 1622
1590 1830
1590 1702
1590 1638
1590 1842
1590 1714
1590 1650
1590 1594
1590 1845
1590 1717
1590 1653
1590 1597
1590 1591
1591 1847
1591 1719
1591 1655
1591 1599
1591 1592
1591 1815
1591 1687
1591 1623
1591 1831
1591 1703
1591 1639
1591 1843
1591 1715
1591 1651
1591 1595
1591 1845
1591 1717
1591 1653
1591 1597
1592 1848
1592 1720
1592 1656
1592 1600
1592 1816
1592 1688
1592 1624
1592 1832
1592 1704
1592 1640
1592 1844
1592 1716
1592 1652
1592 1596
1592 1846
1592 1718
1592 1654
1592 1598
1592 1847
1592 1719
1592 1655
1592 1599
1593 1849
1593 1721
1593 1657
1593 1597
1593 1595
1593 1594
1593 1817
1593 1689
1593 1625
1593 1833
1593 1705
1593 1641
1593 1841
1593 1713
1593 1649
1594 1850
1594 1722
1594 1658
1594 1598
1594 1596
1594 1818
1594 1690
1594 1626
1594 1834
1594 1706
1594 1642
1594 1842
1594 1714
1594 1650
1594 1849
1594 1721
1594 1657
1594 1597
1594 1595
1595 1851
1595 1723
1595 1659
1595 1599
1595 1596
1595 1819
1595 1691
1595 1627
1595 1835
1595 1707
1595 1643
1595 1843
1595 1715
1595 1651
1595 1849
1595 1721
1595 1657
1595 1597
1596 1852
1596 1724
1596 1660
1596 1600
1596 1820
1596 1692
1596 1628
1596 1836
1596 1708
1596 1644
1596 1844
1596 1716
1596 1652
1596 1850
1596 1722
1596 1658
1596 1598
1596 1851
1596 1723
1596 1659
1596 1599
1597 1853
1597 1725
1597 1661
1597 1599
1597 1598
1597 1821
1597 1693
1597 1629
1597 1837
1597 1709
1597 1645
1597 1845
1597 1717
1597 1653
1597 1849
1597 1721
1597 1657
1598 1854
1598 1726
1598 1662
1598 1600
1598 1822
1598 1694
1598 1630
1598 1838
1598 1710
1598 1646
1598 1846
1598 1718
1598 1654
1598 1850
1598 1722
1598 1658
1598 1853
1598 1725
1598 1661
1598 1599
1599 1855
1599 1727
1599 1663
1599 1600
1599 1823
1599 1695
1599 1631
1599 1839
1599 1711
1599 1647
1599 1847
1599 1719
1599 1655
1599 1851
1599 1723
1599 1659
1599 1853
1599 1725
1599 1661
1600 1856
1600 1728
1600 1664
1600 1824
1600 1696
1600 1632
1600 1840
1600 1712
1600 1648
1600 1848
1600 1720
1600 1656
1600 1852
1600 1724
1600 1660
1600 1854
1600 1726
1600 1662
1600 1855
1600 1727
1600 1663
1601 1857
1601 1729
1601 1633
1601 1617
1601 1609
1601 1605
1601 1603
1601 1602
1601 1793
1601 1665
1602 1858
1602 1730
1602 1634
1602 1618
1602 1610
1602 1606
1602 1604
1602 1794
1602 1666
1602 1857
1602 1729
1602 1633
1602 1617
1602 1609
1602 1605
1602 1603
1603 1859
1603 1731
1603 1635
1603 1619
1603 1611
1603 1607
1603 1604
1603 1795
1603 1667
1603 1857
1603 1729
1603 1633
1603 1617
1603 1609
1603 1605
1604 1860
1604 1732
1604 1636
1604 1620
1604 1612
1604 1608
1604 1796
1604 1668
1604 1858
1604 1730
1604 1634
1604 1618
1604 1610
1604 1606
1604 1859
1604 1731
1604 1635
1604 1619
1604 1611
1604 1607
1605 1861
1605 1733
1605 1637
1605 1621
1605 1613
1605 1607
1605 1606
1605 1797
1605 1669
1605 1857
1605 1729
1605 1633
1605 1617
1605 1609
1606 1862
1606 1734
1606 1638
1606 1622
1606 1614
1606 1608
1606 1798
1606 1670
1606 1858
1606 1730
1606 1634
1606 1618
1606 1610
1606 1861
1606 1733
1606 1637
1606 1621
1606 1613
1606 1607
1607 1863
1607 1735
1607 1639
1607 1623
1607 1615
1607 1608
1607 1799
1607 1671
1607 1859
1607 1731
1607 1635
1607 1619
1607 1611
1607 1861
1607 1733
1607 1637
1607 1621
1607 1613
1608 1864
1608 1736
1608 1640
1608 1624
1608 1616
1608 1800
1608 1672
1608 1860
1608 1732
1608 1636
1608 1620
1608 1612
1608 1862
1608 1734
1608 1638
1608 1622
1608 1614
1608 1863
1608 1735
1608 1639
1608 1623
1608 1615
1609 1865
1609 1737
1609 1641
1609 1625
1609 1613
1609 1611
1609 1610
1609 1801
1609 1673
1609 1857
1609 1729
1609 1633
1609 1617
1610 1866
1610 1738
1610 1642
1610 1626
1610 1614
1610 1612
1610 1802
1610 1674
1610 1858
1610 1730
1610 1634
1610 1618
1610 1865
1610 1737
1610 1641
1610 1625
1610 1613
1610 1611
1611 1867
1611 1739
1611 1643
1611 1627
1611 1615
1611 1612
1611 1803
1611 1675
1611 1859
1611 1731
1611 1635
1611 1619
1611 1865
1611 1737
1611 1641
1611 1625
1611 1613
1612 1868
1612 1740
1612 1644
1612 1628
1612 1616
1612 1804
1612 1676
1612 1860
1612 1732
1612 1636
1612 1620
1612 1866
1612 1738
1612 1642
1612 1626
1612 1614
1612 1867
1612 1739
1612 1643
1612 1627
1612 1615
1613 1869
1613 1741
1613 1645
1613 1629
1613 1615
1613 1614
1613 1805
1613 1677
1613 1861
1613 1733
1613 1637
1613 1621
1613 1865
1613 1737
1613 1641
1613 1625
1614 1870
1614 1742
1614 1646
1614 1630
1614 1616
1614 1806
1614 1678
1614 1862
1614 1734
1614 1638
1614 1622
1614 1866
1614 1738
1614 1642
1614 1626
1614 1869
1614 1741
1614 1645
1614 1629
1614 1615
1615 1871
1615 1743
1615 1647
1615 1631
1615 1616
1615 1807
1615 1679
1615 1863
1615 1735
1615 1639
1615 1623
1615 1867
1615 1739
1615 1643
1615 1627
1615 1869
1615 1741
1615 1645
1615 1629
1616 1872
1616 1744
1616 1648
1616 1632
1616 1808
1616 1680
1616 1864
1616 1736
1616 1640
1616 1624
1616 1868
1616 1740
1616 1644
1616 1628
1616 1870
1616 1742
1616 1646
1616 1630
1616 1871
1616 1743
1616 1647
1616 1631
1617 1873
1617 1745
1617 1649
1617 1625
1617 1621
1617 1619
1617 1618
1617 1809
1617 1681
1617 1857
1617 1729
1617 1633
1618 1874
1618 1746
1618 1650
1618 1626
1618 1622
1618 1620
1618 1810
1618 1682
1618 1858
1618 1730
1618 1634
1618 1873
1618 1745
1618 1649
1618 1625
1618 1621
1618 1619
1619 1875
1619 1747
1619 1651
1619 1627
1619 1623
1619 1620
1619 1811
1619 1683
1619 1859
1619 1731
1619 1635
1619 1873
1619 1745
1619 1649
1619 1625
1619 1621
1620 1876
1620 1748
1620 1652
1620 1628
1620 1624
1620 1812
1620 1684
1620 1860
1620 1732
1620 1636
1620 1874
1620 1746
1620 1650
1620 1626
1620 1622
1620 1875
1620 1747
1620 1651
1620 1627
1620 1623
1621 1877
1621 1749
1621 1653
1621 1629
1621 1623
1621 1622
1621 1813
1621 1685
1621 1861
1621 1733
1621 1637
1621 1873
1621 1745
1621 1649
1621 1625
1622 1878
1622 1750
1622 1654
1622 1630
1622 1624
1622 1814
1622 1686
1622 1862
1622 1734
1622 1638
1622 1874
1622 1746
1622 1650
1622 1626
1622 1877
1622 1749
1622 1653
1622 1629
1622 1623
1623 1879
1623 1751
1623 1655
1623 1631
1623 1624
1623 1815
1623 1687
1623 1863
1623 1735
1623 1639
1623 1875
1623 1747
1623 1651
1623 1627
1623 1877
1623 1749
1623 1653
1623 1629
1624 1880
1624 1752
1624 1656
1624 1632
1624 1816
1624 1688
1624 1864
1624 1736
1624 1640
1624 1876
1624 1748
1624 1652
1624 1628
1624 1878
1624 1750
1624 1654
1624 1630
1624 1879
1624 1751
1624 1655
1624 1631
1625 1881
1625 1753
1625 1657
1625 1629
1625 1627
1625 1626
1625 1817
1625 1689
1625 1865
1625 1737
1625 1641
1625 1873
1625 1745
1625 1649
1626 1882
1626 1754
1626 1658
1626 1630
1626 1628
1626 1818
1626 1690
1626 1866
1626 1738
1626 1642
1626 1874
1626 1746
1626 1650
1626 1881
1626 1753
1626 1657
1626 1629
1626 1627
1627 1883
1627 1755
1627 1659
1627 1631
1627 1628
1627 1819
1627 1691
1627 1867
1627 1739
1627 1643
1627 1875
1627 1747
1627 1651
1627 1881
1627 1753
1627 1657
1627 1629
1628 1884
1628 1756
1628 1660
1628 1632
1628 1820
1628 1692
1628 1868
1628 1740
1628 1644
1628 1876
1628 1748
1628 1652
1628 1882
1628 1754
1628 1658
1628 1630
1628 1883
1628 1755
1628 1659
1628 1631
1629 1885
1629 1757
1629 1661
1629 1631
1629 1630
1629 1821
1629 1693
1629 1869
1629 1741
1629 1645
1629 1877
1629 1749
1629 1653
1629 1881
1629 1753
1629 1657
1630 1886
1630 1758
1630 1662
1630 1632
1630 1822
1630 1694
1630 1870
1630 1742
1630 1646
1630 1878
1630 1750
1630 1654
1630 1882
1630 1754
1630 1658
1630 1885
1630 1757
1630 1661
1630 1631
1631 1887
1631 1759
1631 1663
1631 1632
1631 1823
1631 1695
1631 1871
1631 1743
1631 1647
1631 1879
1631 1751
1631 1655
1631 1883
1631 1755
1631 1659
1631 1885
1631 1757
1631 1661
1632 1888
1632 1760
1632 1664
1632 1824
1632 1696
1632 1872
1632 1744
1632 1648
1632 1880
1632 1752
1632 1656
1632 1884
1632 1756
1632 1660
1632 1886
1632 1758
1632 1662
1632 1887
1632 1759
1632 1663
1633 1889
1633 1761
1633 1649
1633 1641
1633 1637
1633 1635
1633 1634
1633 1825
1633 1697
1633 1857
1633 1729
1634 1890
1634 1762
1634 1650
1634 1642
1634 1638
1634 1636
1634 1826
1634 1698
1634 1858
1634 1730
1634 1889
1634 1761
1634 1649
1634 1641
1634 1637
1634 1635
1635 1891
1635 1763
1635 1651
1635 1643
1635 1639
1635 1636
1635 1827
1635 1699
1635 1859
1635 1731
1635 1889
1635 1761
1635 1649
1635 1641
1635 1637
1636 1892
1636 1764
1636 1652
1636 1644
1636 1640
1636 1828
1636 1700
1636 1860
1636 1732
1636 1890
1636 1762
1636 1650
1636 1642
1636 1638
1636 1891
1636 1763
1636 1651
1636 1643
1636 1639
1637 1893
1637 1765
1637 1653
1637 1645
1637 1639
1637 1638
1637 1829
1637 1701
1637 1861
1637 1733
1637 1889
1637 1761
1637 1649
1637 1641
1638 1894
1638 1766
1638 1654
1638 1646
1638 1640
1638 1830
1638 1702
1638 1862
1638 1734
1638 1890
1638 1762
1638 1650
1638 1642
1638 1893
1638 1765
1638 1653
1638 1645
1638 1639
1639 1895
1639 1767
1639 1655
1639 1647
1639 1640
1639 1831
1639 1703
1639 1863
1639 1735
1639 1891
1639 1763
1639 1651
1639 1643
1639 1893
1639 1765
1639 1653
1639 1645
1640 1896
1640 1768
1640 1656
1640 1648
1640 1832
1640 1704
1640 1864
1640 1736
1640 1892
1640 1764
1640 1652
1640 1644
1640 1894
1640 1766
1640 1654
1640 1646
1640 1895
1640 1767
1640 1655
1640 1647
1641 1897
1641 1769
1641 1657
1641 1645
1641 1643
1641 1642
1641 1833
1641 1705
1641 1865
1641 1737
1641 1889
1641 1761
1641 1649
1642 1898
1642 1770
1642 1658
1642 1646
1642 1644
1642 1834
1642 1706
1642 1866
1642 1738
1642 1890
1642 1762
1642 1650
1642 1897
1642 1769
1642 1657
1642 1645
1642 1643
1643 1899
1643 1771
1643 1659
1643 1647
1643 1644
1643 1835
1643 1707
1643 1867
1643 1739
1643 1891
1643 1763
1643 1651
1643 1897
1643 1769
1643 1657
1643 1645
1644 1900
1644 1772
1644 1660
1644 1648
1644 1836
1644 1708
1644 1868
1644 1740
1644 1892
1644 1764
1644 1652
1644 1898
1644 1770
1644 1658
1644 1646
1644 1899
1644 1771
1644 1659
1644 1647
1645 1901
1645 1773
1645 1661
1645 1647
1645 1646
1645 1837
1645 1709
1645 1869
1645 1741
1645 1893
1645 1765
1645 1653
1645 1897
1645 1769
1645 1657
1646 1902
1646 1774
1646 1662
1646 1648
1646 1838
1646 1710
1646 1870
1646 1742
1646 1894
1646 1766
1646 1654
1646 1898
1646 1770
1646 1658
1646 1901
1646 1773
1646 1661
1646 1647
1647 1903
1647 1775
1647 1663
1647 1648
1647 1839
1647 1711
1647 1871
1647 1743
1647 1895
1647 1767
1647 1655
1647 1899
1647 1771
1647 1659
1647 1901
1647 1773
1647 1661
1648 1904
1648 1776
1648 1664
1648 1840
1648 1712
1648 1872
1648 1744
1648 1896
1648 1768
1648 1656
1648 1900
1648 1772
1648 1660
1648 1902
1648 1774
1648 1662
1648 1903
1648 1775
1648 1663
1649 1905
1649 1777
1649 1657
1649 1653
1649 1651
1649 1650
1649 1841
1649 1713
1649 1873
1649 1745
1649 1889
1649 1761
1650 1906
1650 1778
1650 1658
1650 1654
1650 1652
1650 1842
1650 1714
1650 1874
1650 1746
1650 1890
1650 1762
1650 1905
1650 1777
1650 1657
1650 1653
1650 1651
1651 1907
1651 1779
1651 1659
1651 1655
1651 1652
1651 1843
1651 1715
1651 1875
1651 1747
1651 1891
1651 1763
1651 1905
1651 1777
1651 1657
1651 1653
1652 1908
1652 1780
1652 1660
1652 1656
1652 1844
1652 1716
1652 1876
1652 1748
1652 1892
1652 1764
1652 1906
1652 1778
1652 1658
1652 1654
1652 1907
1652 1779
1652 1659
1652 1655
1653 1909
1653 1781
1653 1661
1653 1655
1653 1654
1653 1845
1653 1717
1653 1877
1653 1749
1653 1893
1653 1765
1653 1905
1653 1777
1653 1657
1654 1910
1654 1782
1654 1662
1654 1656
1654 1846
1654 1718
1654 1878
1654 1750
1654 1894
1654 1766
1654 1906
1654 1778
1654 1658
1654 1909
1654 1781
1654 1661
1654 1655
1655 1911
1655 1783
1655 1663
1655 1656
1655 1847
1655 1719
1655 1879
1655 1751
1655 1895
1655 1767
1655 1907
1655 1779
1655 1659
1655 1909
1655 1781
1655 1661
1656 1912
1656 1784
1656 1664
1656 1848
1656 1720
1656 1880
1656 1752
1656 1896
1656 1768
1656 1908
1656 1780
1656 1660
1656 1910
1656 1782
1656 1662
1656 1911
1656 1783
1656 1663
1657 1913
1657 1785
1657 1661
1657 1659
1657 1658
1657 1849
1657 1721
1657 1881
1657 1753
1657 1897
1657 1769
1657 1905
1657 1777
1658 1914
1658 1786
1658 1662
1658 1660
1658 1850
1658 1722
1658 1882
1658 1754
1658 1898
1658 1770
1658 1906
1658 1778
1658 1913
1658 1785
1658 1661
1658 1659
1659 1915
1659 1787
1659 1663
1659 1660
1659 1851
1659 1723
1659 1883
1659 1755
1659 1899
1659 1771
1659 1907
1659 1779
1659 1913
1659 1785
1659 1661
1660 1916
1660 1788
1660 1664
1660 1852
1660 1724
1660 1884
1660 1756
1660 1900
1660 1772
1660 1908
1660 1780
1660 1914
1660 1786
1660 1662
1660 1915
1660 1787
1660 1663
1661 1917
1661 1789
1661 1663
1661 1662
1661 1853
1661 1725
1661 1885
1661 1757
1661 1901
1661 1773
1661 1909
1661 1781
1661 1913
1661 1785
1662 1918
1662 1790
1662 1664
1662 1854
1662 1726
1662 1886
1662 1758
1662 1902
1662 1774
1662 1910
1662 1782
1662 1914
1662 1786
1662 1917
1662 1789
1662 1663
1663 1919
1663 1791
1663 1664
1663 1855
1663 1727
1663 1887
1663 1759
1663 1903
1663 1775
1663 1911
1663 1783
1663 1915
1663 1787
1663 1917
1663 1789
1664 1920
1664 1792
1664 1856
1664 1728
1664 1888
1664 1760
1664 1904
1664 1776
1664 1912
1664 1784
1664 1916
1664 1788
1664 1918
1664 1790
1664 1919
1664 1791
1665 1921
1665 1729
1665 1697
1665 1681
1665 1673
1665 1669
1665 1667
1665 1666
1665 1793
1666 1922
1666 1730
1666 1698
1666 1682
1666 1674
1666 1670
1666 1668
1666 1794
1666 1921
1666 1729
1666 1697
1666 1681
1666 1673
1666 1669
1666 1667
1667 1923
1667 1731
1667 1699
1667 1683
1667 1675
1667 1671
1667 1668
1667 1795
1667 1921
1667 1729
1667 1697
1667 1681
1667 1673
1667 1669
1668 1924
1668 1732
1668 1700
1668 1684
1668 1676
1668 1672
1668 1796
1668 1922
1668 1730
1668 1698
1668 1682
1668 1674
1668 1670
1668 1923
1668 1731
1668 1699
1668 1683
1668 1675
1668 1671
1669 1925
1669 1733
1669 1701
1669 1685
1669 1677
1669 1671
1669 1670
1669 1797
1669 1921
1669 1729
1669 1697
1669 1681
1669 1673
1670 1926
1670 1734
1670 1702
1670 1686
1670 1678
1670 1672
1670 1798
1670 1922
1670 1730
1670 1698
1670 1682
1670 1674
1670 1925
1670 1733
1670 1701
1670 1685
1670 1677
1670 1671
1671 1927
1671 1735
1671 1703
1671 1687
1671 1679
1671 1672
1671 1799
1671 1923
1671 1731
1671 1699
1671 1683
1671 1675
1671 1925
1671 1733
1671 1701
1671 1685
1671 1677
1672 1928
1672 1736
1672 1704
1672 1688
1672 1680
1672 1800
1672 1924
1672 1732
1672 1700
1672 1684
1672 1676
1672 1926
1672 1734
1672 1702
1672 1686
1672 1678
1672 1927
1672 1735
1672 1703
1672 1687
1672 1679
1673 1929
1673 1737
1673 1705
1673 1689
1673 1677
1673 1675
1673 1674
1673 1801
1673 1921
1673 1729
1673 1697
1673 1681
1674 1930
1674 1738
1674 1706
1674 1690
1674 1678
1674 1676
1674 1802
1674 1922
1674 1730
1674 1698
1674 1682
1674 1929
1674 1737
1674 1705
1674 1689
1674 1677
1674 1675
1675 1931
1675 1739
1675 1707
1675 1691
1675 1679
1675 1676
1675 1803
1675 1923
1675 1731
1675 1699
1675 1683
1675 1929
1675 1737
1675 1705
1675 1689
1675 1677
1676 1932
1676 1740
1676 1708
1676 1692
1676 1680
1676 1804
1676 1924
1676 1732
1676 1700
1676 1684
1676 1930
1676 1738
1676 1706
1676 1690
1676 1678
1676 1931
1676 1739
1676 1707
1676 1691
1676 1679
1677 1933
1677 1741
1677 1709
1677 1693
1677 1679
1677 1678
1677 1805
1677 1925
1677 1733
1677 1701
1677 1685
1677 1929
1677 1737
1677 1705
1677 1689
1678 1934
1678 1742
1678 1710
1678 1694
1678 1680
1678 1806
1678 1926
1678 1734
1678 1702
1678 1686
1678 1930
1678 1738
1678 1706
1678 1690
1678 1933
1678 1741
1678 1709
1678 1693
1678 1679
1679 1935
1679 1743
1679 1711
1679 1695
1679 1680
1679 1807
1679 1927
1679 1735
1679 1703
1679 1687
1679 1931
1679 1739
1679 1707
1679 1691
1679 1933
1679 1741
1679 1709
1679 1693
1680 1936
1680 1744
1680 1712
1680 1696
1680 1808
1680 1928
1680 1736
1680 1704
1680 1688
1680 1932
1680 1740
1680 1708
1680 1692
1680 1934
1680 1742
1680 1710
1680 1694
1680 1935
1680 1743
1680 1711
1680 1695
1681 1937
1681 1745
1681 1713
1681 1689
1681 1685
1681 1683
1681 1682
1681 1809
1681 1921
1681 1729
1681 1697
1682 1938
1682 1746
1682 1714
1682 1690
1682 1686
1682 1684
1682 1810
1682 1922
1682 1730
1682 1698
1682 1937
1682 1745
1682 1713
1682 1689
1682 1685
1682 1683
1683 1939
1683 1747
1683 1715
1683 1691
1683 1687
1683 1684
1683 1811
1683 1923
1683 1731
1683 1699
1683 1937
1683 1745
1683 1713
1683 1689
1683 1685
1684 1940
1684 1748
1684 1716
1684 1692
1684 1688
1684 1812
1684 1924
1684 1732
1684 1700
1684 1938
1684 1746
1684 1714
1684 1690
1684 1686
1684 1939
1684 1747
1684 1715
1684 1691
1684 1687
1685 1941
1685 1749
1685 1717
1685 1693
1685 1687
1685 1686
1685 1813
1685 1925
1685 1733
1685 1701
1685 1937
1685 1745
1685 1713
1685 1689
1686 1942
1686 1750
1686 1718
1686 1694
1686 1688
1686 1814
1686 1926
1686 1734
1686 1702
1686 1938
1686 1746
1686 1714
1686 1690
1686 1941
1686 1749
1686 1717
1686 1693
1686 1687
1687 1943
1687 1751
1687 1719
1687 1695
1687 1688
1687 1815
1687 1927
1687 1735
1687 1703
1687 1939
1687 1747
1687 1715
1687 1691
1687 1941
1687 1749
1687 1717
1687 1693
1688 1944
1688 1752
1688 1720
1688 1696
1688 1816
1688 1928
1688 1736
1688 1704
1688 1940
1688 1748
1688 1716
1688 1692
1688 1942
1688 1750
1688 1718
1688 1694
1688 1943
1688 1751
1688 1719
1688 1695
1689 1945
1689 1753
1689 1721
1689 1693
1689 1691
1689 1690
1689 1817
1689 1929
1689 1737
1689 1705
1689 1937
1689 1745
1689 1713
1690 1946
1690 1754
1690 1722
1690 1694
1690 1692
1690 1818
1690 1930
1690 1738
1690 1706
1690 1938
1690 1746
1690 1714
1690 1945
1690 1753
1690 1721
1690 1693
1690 1691
1691 1947
1691 1755
1691 1723
1691 1695
1691 1692
1691 1819
1691 1931
1691 1739
1691 1707
1691 1939
1691 1747
1691 1715
1691 1945
1691 1753
1691 1721
1691 1693
1692 1948
1692 1756
1692 1724
1692 1696
1692 1820
1692 1932
1692 1740
1692 1708
1692 1940
1692 1748
1692 1716
1692 1946
1692 1754
1692 1722
1692 1694
1692 1947
1692 1755
1692 1723
1692 1695
1693 1949
1693 1757
1693 1725
1693 1695
1693 1694
1693 1821
1693 1933
1693 1741
1693 1709
1693 1941
1693 1749
1693 1717
1693 1945
1693 1753
1693 1721
1694 1950
1694 1758
1694 1726
1694 1696
1694 1822
1694 1934
1694 1742
1694 1710
1694 1942
1694 1750
1694 1718
1694 1946
1694 1754
1694 1722
1694 1949
1694 1757
1694 1725
1694 1695
1695 1951
1695 1759
1695 1727
1695 1696
1695 1823
1695 1935
1695 1743
1695 1711
1695 1943
1695 1751
1695 1719
1695 1947
1695 1755
1695 1723
1695 1949
1695 1757
1695 1725
1696 1952
1696 1760
1696 1728
1696 1824
1696 1936
1696 1744
1696 1712
1696 1944
1696 1752
1696 1720
1696 1948
1696 1756
1696 1724
1696 1950
1696 1758
1696 1726
1696 1951
1696 1759
1696 1727
1697 1953
1697 1761
1697 1713
1697 1705
1697 1701
1697 1699
1697 1698
1697 1825
1697 1921
1697 1729
1698 1954
1698 1762
1698 1714
1698 1706
1698 1702
1698 1700
1698 1826
1698 1922
1698 1730
1698 1953
1698 1761
1698 1713
1698 1705
1698 1701
1698 1699
1699 1955
1699 1763
1699 1715
1699 1707
1699 1703
1699 1700
1699 1827
1699 1923
1699 1731
1699 1953
1699 1761
1699 1713
1699 1705
1699 1701
1700 1956
1700 1764
1700 1716
1700 1708
1700 1704
1700 1828
1700 1924
1700 1732
1700 1954
1700 1762
1700 1714
1700 1706
1700 1702
1700 1955
1700 1763
1700 1715
1700 1707
1700 1703
1701 1957
1701 1765
1701 1717
1701 1709
1701 1703
1701 1702
1701 1829
1701 1925
1701 1733
1701 1953
1701 1761
1701 1713
1701 1705
1702 1958
1702 1766
1702 1718
1702 1710
1702 1704
1702 1830
1702 1926
1702 1734
1702 1954
1702 1762
1702 1714
1702 1706
1702 1957
1702 1765
1702 1717
1702 1709
1702 1703
1703 1959
1703 1767
1703 1719
1703 1711
1703 1704
1703 1831
1703 1927
1703 1735
1703 1955
1703 1763
1703 1715
1703 1707
1703 1957
1703 1765
1703 1717
1703 1709
1704 1960
1704 1768
1704 1720
1704 1712
1704 1832
1704 1928
1704 1736
1704 1956
1704 1764
1704 1716
1704 1708
1704 1958
1704 1766
1704 1718
1704 1710
1704 1959
1704 1767
1704 1719
1704 1711
1705 1961
1705 1769
1705 1721
1705 1709
1705 1707
1705 1706
1705 1833
1705 1929
1705 1737
1705 1953
1705 1761
1705 1713
1706 1962
1706 1770
1706 1722
1706 1710
1706 1708
1706 1834
1706 1930
1706 1738
1706 1954
1706 1762
1706 1714
1706 1961
1706 1769
1706 1721
1706 1709
1706 1707
1707 1963
1707 1771
1707 1723
1707 1711
1707 1708
1707 1835
1707 1931
1707 1739
1707 1955
1707 1763
1707 1715
1707 1961
1707 1769
1707 1721
1707 1709
1708 1964
1708 1772
1708 1724
1708 1712
1708 1836
1708 1932
1708 1740
1708 1956
1708 1764
1708 1716
1708 1962
1708 1770
1708 1722
1708 1710
1708 1963
1708 1771
1708 1723
1708 1711
1709 1965
1709 1773
1709 1725
1709 1711
1709 1710
1709 1837
1709 1933
1709 1741
1709 1957
1709 1765
1709 1717
1709 1961
1709 1769
1709 1721
1710 1966
1710 1774
1710 1726
1710 1712
1710 1838
1710 1934
1710 1742
1710 1958
1710 1766
1710 1718
1710 1962
1710 1770
1710 1722
1710 1965
1710 1773
1710 1725
1710 1711
1711 1967
1711 1775
1711 1727
1711 1712
1711 1839
1711 1935
1711 1743
1711 1959
1711 1767
1711 1719
1711 1963
1711 1771
1711 1723
1711 1965
1711 1773
1711 1725
1712 1968
1712 1776
1712 1728
1712 1840
1712 1936
1712 1744
1712 1960
1712 1768
1712 1720
1712 1964
1712 1772
1712 1724
1712 1966
1712 1774
1712 1726
1712 1967
1712 1775
1712 1727
1713 1969
1713 1777
1713 1721
1713 1717
1713 1715
1713 1714
1713 1841
1713 1937
1713 1745
1713 1953
1713 1761
1714 1970
1714 1778
1714 1722
1714 1718
1714 1716
1714 1842
1714 1938
1714 1746
1714 1954
1714 1762
1714 1969
1714 1777
1714 1721
1714 1717
1714 1715
1715 1971
1715 1779
1715 1723
1715 1719
1715 1716
1715 1843
1715 1939
1715 1747
1715 1955
1715 1763
1715 1969
1715 1777
1715 1721
1715 1717
1716 1972
1716 1780
1716 1724
1716 1720
1716 1844
1716 1940
1716 1748
1716 1956
1716 1764
1716 1970
1716 1778
1716 1722
1716 1718
1716 1971
1716 1779
1716 1723
1716 1719
1717 1973
1717 1781
1717 1725
1717 1719
1717 1718
1717 1845
1717 1941
1717 1749
1717 1957
1717 1765
1717 1969
1717 1777
1717 1721
1718 1974
1718 1782
1718 1726
1718 1720
1718 1846
1718 1942
1718 1750
1718 1958
1718 1766
1718 1970
1718 1778
1718 1722
1718 1973
1718 1781
1718 1725
1718 1719
1719 1975
1719 1783
1719 1727
1719 1720
1719 1847
1719 1943
1719 1751
1719 1959
1719 1767
1719 1971
1719 1779
1719 1723
1719 1973
1719 1781
1719 1725
1720 1976
1720 1784
1720 1728
1720 1848
1720 1944
1720 1752
1720 1960
1720 1768
1720 1972
1720 1780
1720 1724
1720 1974
1720 1782
1720 1726
1720 1975
1720 1783
1720 1727
1721 1977
1721 1785
1721 1725
1721 1723
1721 1722
1721 1849
1721 1945
1721 1753
1721 1961
1721 1769
1721 1969
1721 1777
1722 1978
1722 1786
1722 1726
1722 1724
1722 1850
1722 1946
1722 1754
1722 1962
1722 1770
1722 1970
1722 1778
1722 1977
1722 1785
1722 1725
1722 1723
1723 1979
1723 1787
1723 1727
1723 1724
1723 1851
1723 1947
1723 1755
1723 1963
1723 1771
1723 1971
1723 1779
1723 1977
1723 1785
1723 1725
1724 1980
1724 1788
1724 1728
1724 1852
1724 1948
1724 1756
1724 1964
1724 1772
1724 1972
1724 1780
1724 1978
1724 1786
1724 1726
1724 1979
1724 1787
1724 1727
1725 1981
1725 1789
1725 1727
1725 1726
1725 1853
1725 1949
1725 1757
1725 1965
1725 1773
1725 1973
1725 1781
1725 1977
1725 1785
1726 1982
1726 1790
1726 1728
1726 1854
1726 1950
1726 1758
1726 1966
1726 1774
1726 1974
1726 1782
1726 1978
1726 1786
1726 1981
1726 1789
1726 1727
1727 1983
1727 1791
1727 1728
1727 1855
1727 1951
1727 1759
1727 1967
1727 1775
1727 1975
1727 1783
1727 1979
1727 1787
1727 1981
1727 1789
1728 1984
1728 1792
1728 1856
1728 1952
1728 1760
1728 1968
1728 1776
1728 1976
1728 1784
1728 1980
1728 1788
1728 1982
1728 1790
1728 1983
1728 1791
1729 1985
1729 1761
1729 1745
1729 1737
1729 1733
1729 1731
1729 1730
1729 1857
1729 1921
1730 1986
1730 1762
1730 1746
1730 1738
1730 1734
1730 1732
1730 1858
1730 1922
1730 1985
1730 1761
1730 1745
1730 1737
1730 1733
1730 1731
1731 1987
1731 1763
1731 1747
1731 1739
1731 1735
1731 1732
1731 1859
1731 1923
1731 1985
1731 1761
1731 1745
1731 1737
1731 1733
1732 1988
1732 1764
1732 1748
1732 1740
1732 1736
1732 1860
1732 1924
1732 1986
1732 1762
1732 1746
1732 1738
1732 1734
1732 1987
1732 1763
1732 1747
1732 1739
1732 1735
1733 1989
1733 1765
1733 1749
1733 1741
1733 1735
1733 1734
1733 1861
1733 1925
1733 1985
1733 1761
1733 1745
1733 1737
1734 1990
1734 1766
1734 1750
1734 1742
1734 1736
1734 1862
1734 1926
1734 1986
1734 1762
1734 1746
1734 1738
1734 1989
1734 1765
1734 1749
1734 1741
1734 1735
1735 1991
1735 1767
1735 1751
1735 1743
1735 1736
1735 1863
1735 1927
1735 1987
1735 1763
1735 1747
1735 1739
1735 1989
1735 1765
1735 1749
1735 1741
1736 1992
1736 1768
1736 1752
1736 1744
1736 1864
1736 1928
1736 1988
1736 1764
1736 1748
1736 1740
1736 1990
1736 1766
1736 1750
1736 1742
1736 1991
1736 1767
1736 1751
1736 1743
1737 1993
1737 1769
1737 1753
1737 1741
1737 1739
1737 1738
1737 1865
1737 1929
1737 1985
1737 1761
1737 1745
1738 1994
1738 1770
1738 1754
1738 1742
1738 1740
1738 1866
1738 1930
1738 1986
1738 1762
1738 1746
1738 1993
1738 1769
1738 1753
1738 1741
1738 1739
1739 1995
1739 1771
1739 1755
1739 1743
1739 1740
1739 1867
1739 1931
1739 1987
1739 1763
1739 1747
1739 1993
1739 1769
1739 1753
1739 1741
1740 1996
1740 1772
1740 1756
1740 1744
1740 1868
1740 1932
1740 1988
1740 1764
1740 1748
1740 1994
1740 1770
1740 1754
1740 1742
1740 1995
1740 1771
1740 1755
1740 1743
1741 1997
1741 1773
1741 1757
1741 1743
1741 1742
1741 1869
1741 1933
1741 1989
1741 1765
1741 1749
1741 1993
1741 1769
1741 1753
1742 1998
1742 1774
1742 1758
1742 1744
1742 1870
1742 1934
1742 1990
1742 1766
1742 1750
1742 1994
1742 1770
1742 1754
1742 1997
1742 1773
1742 1757
1742 1743
1743 1999
1743 1775
1743 1759
1743 1744
1743 1871
1743 1935
1743 1991
1743 1767
1743 1751
1743 1995
1743 1771
1743 1755
1743 1997
1743 1773
1743 1757
1744 2000
1744 1776
1744 1760
1744 1872
1744 1936
1744 1992
1744 1768
1744 1752
1744 1996
1744 1772
1744 1756
1744 1998
1744 1774
1744 1758
1744 1999
1744 1775
1744 1759
1745 2001
1745 1777
1745 1753
1745 1749
1745 1747
1745 1746
1745 1873
1745 1937
1745 1985
1745 1761
1746 2002
1746 1778
1746 1754
1746 1750
1746 1748
1746 1874
1746 1938
1746 1986
1746 1762
1746 2001
1746 1777
1746 1753
1746 1749
1746 1747
1747 2003
1747 1779
1747 1755
1747 1751
1747 1748
1747 1875
1747 1939
1747 1987
1747 1763
1747 2001
1747 1777
1747 1753
1747 1749
1748 2004
1748 1780
1748 1756
1748 1752
1748 1876
1748 1940
1748 1988
1748 1764
1748 2002
1748 1778
1748 1754
1748 1750
1748 2003
1748 1779
1748 1755
1748 1751
1749 2005
1749 1781
1749 1757
1749 1751
1749 1750
1749 1877
1749 1941
1749 1989
1749 1765
1749 2001
1749 1777
1749 1753
1750 2006
1750 1782
1750 1758
1750 1752
1750 1878
1750 1942
1750 1990
1750 1766
1750 2002
1750 1778
1750 1754
1750 2005
1750 1781
1750 1757
1750 1751
1751 2007
1751 1783
1751 1759
1751 1752
1751 1879
1751 1943
1751 1991
1751 1767
1751 2003
1751 1779
1751 1755
1751 2005
1751 1781
1751 1757
1752 2008
1752 1784
1752 1760
1752 1880
1752 1944
1752 1992
1752 1768
1752 2004
1752 1780
1752 1756
1752 2006
1752 1782
1752 1758
1752 2007
1752 1783
1752 1759
1753 2009
1753 1785
1753 1757
1753 1755
1753 1754
1753 1881
1753 1945
1753 1993
1753 1769
1753 2001
1753 1777
1754 2010
1754 1786
1754 1758
1754 1756
1754 1882
1754 1946
1754 1994
1754 1770
1754 2002
1754 1778
1754 2009
1754 1785
1754 1757
1754 1755
1755 2011
1755 1787
1755 1759
1755 1756
1755 1883
1755 1947
1755 1995
1755 1771
1755 2003
1755 1779
1755 2009
1755 1785
1755 1757
1756 2012
1756 1788
1756 1760
1756 1884
1756 1948
1756 1996
1756 1772
1756 2004
1756 1780
1756 2010
1756 1786
1756 1758
1756 2011
1756 1787
1756 1759
1757 2013
1757 1789
1757 1759
1757 1758
1757 1885
1757 1949
1757 1997
1757 1773
1757 2005
1757 1781
1757 2009
1757 1785
1758 2014
1758 1790
1758 1760
1758 1886
1758 1950
1758 1998
1758 1774
1758 2006
1758 1782
1758 2010
1758 1786
1758 2013
1758 1789
1758 1759
1759 2015
1759 1791
1759 1760
1759 1887
1759 1951
1759 1999
1759 1775
1759 2007
1759 1783
1759 2011
1759 1787
1759 2013
1759 1789
1760 2016
1760 1792
1760 1888
1760 1952
1760 2000
1760 1776
1760 2008
1760 1784
1760 2012
1760 1788
1760 2014
1760 1790
1760 2015
1760 1791
1761 2017
1761 1777
1761 1769
1761 1765
1761 1763
1761 1762
1761 1889
1761 1953
1761 1985
1762 2018
1762 1778
1762 1770
1762 1766
1762 1764
1762 1890
1762 1954
1762 1986
1762 2017
1762 1777
1762 1769
1762 1765
1762 1763
1763 2019
1763 1779
1763 1771
1763 1767
1763 1764
1763 1891
1763 1955
1763 1987
1763 2017
1763 1777
1763 1769
1763 1765
1764 2020
1764 1780
1764 1772
1764 1768
1764 1892
1764 1956
1764 1988
1764 2018
1764 1778
1764 1770
1764 1766
1764 2019
1764 1779
1764 1771
1764 1767
1765 2021
1765 1781
1765 1773
1765 1767
1765 1766
1765 1893
1765 1957
1765 1989
1765 2017
1765 1777
1765 1769
1766 2022
1766 1782
1766 1774
1766 1768
1766 1894
1766 1958
1766 1990
1766 2018
1766 1778
1766 1770
1766 2021
1766 1781
1766 1773
1766 1767
1767 2023
1767 1783
1767 1775
1767 1768
1767 1895
1767 1959
1767 1991
1767 2019
1767 1779
1767 1771
1767 2021
1767 1781
1767 1773
1768 2024
1768 1784
1768 1776
1768 1896
1768 1960
1768 1992
1768 2020
1768 1780
1768 1772
1768 2022
1768 1782
1768 1774
1768 2023
1768 1783
1768 1775
1769 2025
1769 1785
1769 1773
1769 1771
1769 1770
1769 1897
1769 1961
1769 1993
1769 2017
1769 1777
1770 2026
1770 1786
1770 1774
1770 1772
1770 1898
1770 1962
1770 1994
1770 2018
1770 1778
1770 2025
1770 1785
1770 1773
1770 1771
1771 2027
1771 1787
1771 1775
1771 1772
1771 1899
1771 1963
1771 1995
1771 2019
1771 1779
1771 2025
1771 1785
1771 1773
1772 2028
1772 1788
1772 1776
1772 1900
1772 1964
1772 1996
1772 2020
1772 1780
1772 2026
1772 1786
1772 1774
1772 2027
1772 1787
1772 1775
1773 2029
1773 1789
1773 1775
1773 1774
1773 1901
1773 1965
1773 1997
1773 2021
1773 1781
1773 2025
1773 1785
1774 2030
1774 1790
1774 1776
1774 1902
1774 1966
1774 1998
1774 2022
1774 1782
1774 2026
1774 1786
1774 2029
1774 1789
1774 1775
1775 2031
1775 1791
1775 1776
1775 1903
1775 1967
1775 1999
1775 2023
1775 1783
1775 2027
1775 1787
1775 2029
1775 1789
1776 2032
1776 1792
1776 1904
1776 1968
1776 2000
1776 2024
1776 1784
1776 2028
1776 1788
1776 2030
1776 1790
1776 2031
1776 1791
1777 2033
1777 1785
1777 1781
1777 1779
1777 1778
1777 1905
1777 1969
1777 2001
1777 2017
1778 2034
1778 1786
1778 1782
1778 1780
1778 1906
1778 1970
1778 2002
1778 2018
1778 2033
1778 1785
1778 1781
1778 1779
1779 2035
1779 1787
1779 1783
1779 1780
1779 1907
1779 1971
1779 2003
1779 2019
1779 2033
1779 1785
1779 1781
1780 2036
1780 1788
1780 1784
1780 1908
1780 1972
1780 2004
1780 2020
1780 2034
1780 1786
1780 1782
1780 2035
1780 1787
1780 1783
1781 2037
1781 1789
1781 1783
1781 1782
1781 1909
1781 1973
1781 2005
1781 2021
1781 2033
1781 1785
1782 2038
1782 1790
1782 1784
1782 1910
1782 1974
1782 2006
1782 2022
1782 2034
1782 1786
1782 2037
1782 1789
1782 1783
1783 2039
1783 1791
1783 1784
1783 1911
1783 1975
1783 2007
1783 2023
1783 2035
1783 1787
1783 2037
1783 1789
1784 2040
1784 1792
1784 1912
1784 1976
1784 2008
1784 2024
1784 2036
1784 1788
1784 2038
1784 1790
1784 2039
1784 1791
1785 2041
1785 1789
1785 1787
1785 1786
1785 1913
1785 1977
1785 2009
1785 2025
1785 2033
1786 2042
1786 1790
1786 1788
1786 1914
1786 1978
1786 2010
1786 2026
1786 2034
1786 2041
1786 1789
1786 1787
1787 2043
1787 1791
1787 1788
1787 1915
1787 1979
1787 2011
1787 2027
1787 2035
1787 2041
1787 1789
1788 2044
1788 1792
1788 1916
1788 1980
1788 2012
1788 2028
1788 2036
1788 2042
1788 1790
1788 2043
1788 1791
1789 2045
1789 1791
1789 1790
1789 1917
1789 1981
1789 2013
1789 2029
1789 2037
1789 2041
1790 2046
1790 1792
1790 1918
1790 1982
1790 2014
1790 2030
1790 2038
1790 2042
1790 2045
1790 1791
1791 2047
1791 1792
1791 1919
1791 1983
1791 2015
1791 2031
1791 2039
1791 2043
1791 2045
1792 2048
1792 1920
1792 1984
1792 2016
1792 2032
1792 2040
1792 2044
1792 2046
1792 2047
1793 1921
1793 1857
1793 1825
1793 1809
1793 1801
1793 1797
1793 1795
1793 1794
1794 1922
1794 1858
1794 1826
1794 1810
1794 1802
1794 1798
1794 1796
1794 1921
1794 1857
1794 1825
1794 1809
1794 1801
1794 1797
1794 1795
1795 1923
1795 1859
1795 1827
1795 1811
1795 1803
1795 1799
1795 1796
1795 1921
1795 1857
1795 1825
1795 1809
1795 1801
1795 1797
1796 1924
1796 1860
1796 1828
1796 1812
1796 1804
1796 1800
1796 1922
1796 1858
1796 1826
1796 1810
1796 1802
1796 1798
1796 1923
1796 1859
1796 1827
1796 1811
1796 1803
1796 1799
1797 1925
1797 1861
1797 1829
1797 1813
1797 1805
1797 1799
1797 1798
1797 1921
1797 1857
1797 1825
1797 1809
1797 1801
1798 1926
1798 1862
1798 1830
1798 1814
1798 1806
1798 1800
1798 1922
1798 1858
1798 1826
1798 1810
1798 1802
1798 1925
1798 1861
1798 1829
1798 1813
1798 1805
1798 1799
1799 1927
1799 1863
1799 1831
1799 1815
1799 1807
1799 1800
1799 1923
1799 1859
1799 1827
1799 1811
1799 1803
1799 1925
1799 1861
1799 1829
1799 1813
1799 1805
1800 1928
1800 1864
1800 1832
1800 1816
1800 1808
1800 1924
1800 1860
1800 1828
1800 1812
1800 1804
1800 1926
1800 1862
1800 1830
1800 1814
1800 1806
1800 1927
1800 1863
1800 1831
1800 1815
1800 1807
1801 1929
1801 1865
1801 1833
1801 1817
1801 1805
1801 1803
1801 1802
1801 1921
1801 1857
1801 1825
1801 1809
1802 1930
1802 1866
1802 1834
1802 1818
1802 1806
1802 1804
1802 1922
1802 1858
1802 1826
1802 1810
1802 1929
1802 1865
1802 1833
1802 1817
1802 1805
1802 1803
1803 1931
1803 1867
1803 1835
1803 1819
1803 1807
1803 1804
1803 1923
1803 1859
1803 1827
1803 1811
1803 1929
1803 1865
1803 1833
1803 1817
1803 1805
1804 1932
1804 1868
1804 1836
1804 1820
1804 1808
1804 1924
1804 1860
1804 1828
1804 1812
1804 1930
1804 1866
1804 1834
1804 1818
1804 1806
1804 1931
1804 1867
1804 1835
1804 1819
1804 1807
1805 1933
1805 1869
1805 1837
1805 1821
1805 1807
1805 1806
1805 1925
1805 1861
1805 1829
1805 1813
1805 1929
1805 1865
1805 1833
1805 1817
1806 1934
1806 1870
1806 1838
1806 1822
1806 1808
1806 1926
1806 1862
1806 1830
1806 1814
1806 1930
1806 1866
1806 1834
1806 1818
1806 1933
1806 1869
1806 1837
1806 1821
1806 1807
1807 1935
1807 1871
1807 1839
1807 1823
1807 1808
1807 1927
1807 1863
1807 1831
1807 1815
1807 1931
1807 1867
1807 1835
1807 1819
1807 1933
1807 1869
1807 1837
1807 1821
1808 1936
1808 1872
1808 1840
1808 1824
1808 1928
1808 1864
1808 1832
1808 1816
1808 1932
1808 1868
1808 1836
1808 1820
1808 1934
1808 1870
1808 1838
1808 1822
1808 1935
1808 1871
1808 1839
1808 1823
1809 1937
1809 1873
1809 1841
1809 1817
1809 1813
1809 1811
1809 1810
1809 1921
1809 1857
1809 1825
1810 1938
1810 1874
1810 1842
1810 1818
1810 1814
1810 1812
1810 1922
1810 1858
1810 1826
1810 1937
1810 1873
1810 1841
1810 1817
1810 1813
1810 1811
1811 1939
1811 1875
1811 1843
1811 1819
1811 1815
1811 1812
1811 1923
1811 1859
1811 1827
1811 1937
1811 1873
1811 1841
1811 1817
1811 1813
1812 1940
1812 1876
1812 1844
1812 1820
1812 1816
1812 1924
1812 1860
1812 1828
1812 1938
1812 1874
1812 1842
1812 1818
1812 1814
1812 1939
1812 1875
1812 1843
1812 1819
1812 1815
1813 1941
1813 1877
1813 1845
1813 1821
1813 1815
1813 1814
1813 1925
1813 1861
1813 1829
1813 1937
1813 1873
1813 1841
1813 1817
1814 1942
1814 1878
1814 1846
1814 1822
1814 1816
1814 1926
1814 1862
1814 1830
1814 1938
1814 1874
1814 1842
1814 1818
1814 1941
1814 1877
1814 1845
1814 1821
1814 1815
1815 1943
1815 1879
1815 1847
1815 1823
1815 1816
1815 1927
1815 1863
1815 1831
1815 1939
1815 1875
1815 1843
1815 1819
1815 1941
1815 1877
1815 1845
1815 1821
1816 1944
1816 1880
1816 1848
1816 1824
1816 1928
1816 1864
1816 1832
1816 1940
1816 1876
1816 1844
1816 1820
1816 1942
1816 1878
1816 1846
1816 1822
1816 1943
1816 1879
1816 1847
1816 1823
1817 1945
1817 1881
1817 1849
1817 1821
1817 1819
1817 1818
1817 1929
1817 1865
1817 1833
1817 1937
1817 1873
1817 1841
1818 1946
1818 1882
1818 1850
1818 1822
1818 1820
1818 1930
1818 1866
1818 1834
1818 1938
1818 1874
1818 1842
1818 1945
1818 1881
1818 1849
1818 1821
1818 1819
1819 1947
1819 1883
1819 1851
1819 1823
1819 1820
1819 1931
1819 1867
1819 1835
1819 1939
1819 1875
1819 1843
1819 1945
1819 1881
1819 1849
1819 1821
1820 1948
1820 1884
1820 1852
1820 1824
1820 1932
1820 1868
1820 1836
1820 1940
1820 1876
1820 1844
1820 1946
1820 1882
1820 1850
1820 1822
1820 1947
1820 1883
1820 1851
1820 1823
1821 1949
1821 1885
1821 1853
1821 1823
1821 1822
1821 1933
1821 1869
1821 1837
1821 1941
1821 1877
1821 1845
1821 1945
1821 1881
1821 1849
1822 1950
1822 1886
1822 1854
1822 1824
1822 1934
1822 1870
1822 1838
1822 1942
1822 1878
1822 1846
1822 1946
1822 1882
1822 1850
1822 1949
1822 1885
1822 1853
1822 1823
1823 1951
1823 1887
1823 1855
1823 1824
1823 1935
1823 1871
1823 1839
1823 1943
1823 1879
1823 1847
1823 1947
1823 1883
1823 1851
1823 1949
1823 1885
1823 1853
1824 1952
1824 1888
1824 1856
1824 1936
1824 1872
1824 1840
1824 1944
1824 1880
1824 1848
1824 1948
1824 1884
1824 1852
1824 1950
1824 1886
1824 1854
1824 1951
1824 1887
1824 1855
1825 1953
1825 1889
1825 1841
1825 1833
1825 1829
1825 1827
1825 1826
1825 1921
1825 1857
1826 1954
1826 1890
1826 1842
1826 1834
1826 1830
1826 1828
1826 1922
1826 1858
1826 1953
1826 1889
1826 1841
1826 1833
1826 1829
1826 1827
1827 1955
1827 1891
1827 1843
1827 1835
1827 1831
1827 1828
1827 1923
1827 1859
1827 1953
1827 1889
1827 1841
1827 1833
1827 1829
1828 1956
1828 1892
1828 1844
1828 1836
1828 1832
1828 1924
1828 1860
1828 1954
1828 1890
1828 1842
1828 1834
1828 1830
1828 1955
1828 1891
1828 1843
1828 1835
1828 1831
1829 1957
1829 1893
1829 1845
1829 1837
1829 1831
1829 1830
1829 1925
1829 1861
1829 1953
1829 1889
1829 1841
1829 1833
1830 1958
1830 1894
1830 1846
1830 1838
1830 1832
1830 1926
1830 1862
1830 1954
1830 1890
1830 1842
1830 1834
1830 1957
1830 1893
1830 1845
1830 1837
1830 1831
1831 1959
1831 1895
1831 1847
1831 1839
1831 1832
1831 1927
1831 1863
1831 1955
1831 1891
1831 1843
1831 1835
1831 1957
1831 1893
1831 1845
1831 1837
1832 1960
1832 1896
1832 1848
1832 1840
1832 1928
1832 1864
1832 1956
1832 1892
1832 1844
1832 1836
1832 1958
1832 1894
1832 1846
1832 1838
1832 1959
1832 1895
1832 1847
1832 1839
1833 1961
1833 1897
1833 1849
1833 1837
1833 1835
1833 1834
1833 1929
1833 1865
1833 1953
1833 1889
1833 1841
1834 1962
1834 1898
1834 1850
1834 1838
1834 1836
1834 1930
1834 1866
1834 1954
1834 1890
1834 1842
1834 1961
1834 1897
1834 1849
1834 1837
1834 1835
1835 1963
1835 1899
1835 1851
1835 1839
1835 1836
1835 1931
1835 1867
1835 1955
1835 1891
1835 1843
1835 1961
1835 1897
1835 1849
1835 1837
1836 1964
1836 1900
1836 1852
1836 1840
1836 1932
1836 1868
1836 1956
1836 1892
1836 1844
1836 1962
1836 1898
1836 1850
1836 1838
1836 1963
1836 1899
1836 1851
1836 1839
1837 1965
1837 1901
1837 1853
1837 1839
1837 1838
1837 1933
1837 1869
1837 1957
1837 1893
1837 1845
1837 1961
1837 1897
1837 1849
1838 1966
1838 1902
1838 1854
1838 1840
1838 1934
1838 1870
1838 1958
1838 1894
1838 1846
1838 1962
1838 1898
1838 1850
1838 1965
1838 1901
1838 1853
1838 1839
1839 1967
1839 1903
1839 1855
1839 1840
1839 1935
1839 1871
1839 1959
1839 1895
1839 1847
1839 1963
1839 1899
1839 1851
1839 1965
1839 1901
1839 1853
1840 1968
1840 1904
1840 1856
1840 1936
1840 1872
1840 1960
1840 1896
1840 1848
1840 1964
1840 1900
1840 1852
1840 1966
1840 1902
1840 1854
1840 1967
1840 1903
1840 1855
1841 1969
1841 1905
1841 1849
1841 1845
1841 1843
1841 1842
1841 1937
1841 1873
1841 1953
1841 1889
1842 1970
1842 1906
1842 1850
1842 1846
1842 1844
1842 1938
1842 1874
1842 1954
1842 1890
1842 1969
1842 1905
1842 1849
1842 1845
1842 1843
1843 1971
1843 1907
1843 1851
1843 1847
1843 1844
1843 1939
1843 1875
1843 1955
1843 1891
1843 1969
1843 1905
1843 1849
1843 1845
1844 1972
1844 1908
1844 1852
1844 1848
1844 1940
1844 1876
1844 1956
1844 1892
1844 1970
1844 1906
1844 1850
1844 1846
1844 1971
1844 1907
1844 1851
1844 1847
1845 1973
1845 1909
1845 1853
1845 1847
1845 1846
1845 1941
1845 1877
1845 1957
1845 1893
1845 1969
1845 1905
1845 1849
1846 1974
1846 1910
1846 1854
1846 1848
1846 1942
1846 1878
1846 1958
1846 1894
1846 1970
1846 1906
1846 1850
1846 1973
1846 1909
1846 1853
1846 1847
1847 1975
1847 1911
1847 1855
1847 1848
1847 1943
1847 1879
1847 1959
1847 1895
1847 1971
1847 1907
1847 1851
1847 1973
1847 1909
1847 1853
1848 1976
1848 1912
1848 1856
1848 1944
1848 1880
1848 1960
1848 1896
1848 1972
1848 1908
1848 1852
1848 1974
1848 1910
1848 1854
1848 1975
1848 1911
1848 1855
1849 1977
1849 1913
1849 1853
1849 1851
1849 1850
1849 1945
1849 1881
1849 1961
1849 1897
1849 1969
1849 1905
1850 1978
1850 1914
1850 1854
1850 1852
1850 1946
1850 1882
1850 1962
1850 1898
1850 1970
1850 1906
1850 1977
1850 1913
1850 1853
1850 1851
1851 1979
1851 1915
1851 1855
1851 1852
1851 1947
1851 1883
1851 1963
1851 1899
1851 1971
1851 1907
1851 1977
1851 1913
1851 1853
1852 1980
1852 1916
1852 1856
1852 1948
1852 1884
1852 1964
1852 1900
1852 1972
1852 1908
1852 1978
1852 1914
1852 1854
1852 1979
1852 1915
1852 1855
1853 1981
1853 1917
1853 1855
1853 1854
1853 1949
1853 1885
1853 1965
1853 1901
1853 1973
1853 1909
1853 1977
1853 1913
1854 1982
1854 1918
1854 1856
1854 1950
1854 1886
1854 1966
1854 1902
1854 1974
1854 1910
1854 1978
1854 1914
1854 1981
1854 1917
1854 1855
1855 1983
1855 1919
1855 1856
1855 1951
1855 1887
1855 1967
1855 1903
1855 1975
1855 1911
1855 1979
1855 1915
1855 1981
1855 1917
1856 1984
1856 1920
1856 1952
1856 1888
1856 1968
1856 1904
1856 1976
1856 1912
1856 1980
1856 1916
1856 1982
1856 1918
1856 1983
1856 1919
1857 1985
1857 1889
1857 1873
1857 1865
1857 1861
1857 1859
1857 1858
1857 1921
1858 1986
1858 1890
1858 1874
1858 1866
1858 1862
1858 1860
1858 1922
1858 1985
1858 1889
1858 1873
1858 1865
1858 1861
1858 1859
1859 1987
1859 1891
1859 1875
1859 1867
1859 1863
1859 1860
1859 1923
1859 1985
1859 1889
1859 1873
1859 1865
1859 1861
1860 1988
1860 1892
1860 1876
1860 1868
1860 1864
1860 1924
1860 1986
1860 1890
1860 1874
1860 1866
1860 1862
1860 1987
1860 1891
1860 1875
1860 1867
1860 1863
1861 1989
1861 1893
1861 1877
1861 1869
1861 1863
1861 1862
1861 1925
1861 1985
1861 1889
1861 1873
1861 1865
1862 1990
1862 1894
1862 1878
1862 1870
1862 1864
1862 1926
1862 1986
1862 1890
1862 1874
1862 1866
1862 1989
1862 1893
1862 1877
1862 1869
1862 1863
1863 1991
1863 1895
1863 1879
1863 1871
1863 1864
1863 1927
1863 1987
1863 1891
1863 1875
1863 1867
1863 1989
1863 1893
1863 1877
1863 1869
1864 1992
1864 1896
1864 1880
1864 1872
1864 1928
1864 1988
1864 1892
1864 1876
1864 1868
1864 1990
1864 1894
1864 1878
1864 1870
1864 1991
1864 1895
1864 1879
1864 1871
1865 1993
1865 1897
1865 1881
1865 1869
1865 1867
1865 1866
1865 1929
1865 1985
1865 1889
1865 1873
1866 1994
1866 1898
1866 1882
1866 1870
1866 1868
1866 1930
1866 1986
1866 1890
1866 1874
1866 1993
1866 1897
1866 1881
1866 1869
1866 1867
1867 1995
1867 1899
1867 1883
1867 1871
1867 1868
1867 1931
1867 1987
1867 1891
1867 1875
1867 1993
1867 1897
1867 1881
1867 1869
1868 1996
1868 1900
1868 1884
1868 1872
1868 1932
1868 1988
1868 1892
1868 1876
1868 1994
1868 1898
1868 1882
1868 1870
1868 1995
1868 1899
1868 1883
1868 1871
1869 1997
1869 1901
1869 1885
1869 1871
1869 1870
1869 1933
1869 1989
1869 1893
1869 1877
1869 1993
1869 1897
1869 1881
1870 1998
1870 1902
1870 1886
1870 1872
1870 1934
1870 1990
1870 1894
1870 1878
1870 1994
1870 1898
1870 1882
1870 1997
1870 1901
1870 1885
1870 1871
1871 1999
1871 1903
1871 1887
1871 1872
1871 1935
1871 1991
1871 1895
1871 1879
1871 1995
1871 1899
1871 1883
1871 1997
1871 1901
1871 1885
1872 2000
1872 1904
1872 1888
1872 1936
1872 1992
1872 1896
1872 1880
1872 1996
1872 1900
1872 1884
1872 1998
1872 1902
1872 1886
1872 1999
1872 1903
1872 1887
1873 2001
1873 1905
1873 1881
1873 1877
1873 1875
1873 1874
1873 1937
1873 1985
1873 1889
1874 2002
1874 1906
1874 1882
1874 1878
1874 1876
1874 1938
1874 1986
1874 1890
1874 2001
1874 1905
1874 1881
1874 1877
1874 1875
1875 2003
1875 1907
1875 1883
1875 1879
1875 1876
1875 1939
1875 1987
1875 1891
1875 2001
1875 1905
1875 1881
1875 1877
1876 2004
1876 1908
1876 1884
1876 1880
1876 1940
1876 1988
1876 1892
1876 2002
1876 1906
1876 1882
1876 1878
1876 2003
1876 1907
1876 1883
1876 1879
1877 2005
1877 1909
1877 1885
1877 1879
1877 1878
1877 1941
1877 1989
1877 1893
1877 2001
1877 1905
1877 1881
1878 2006
1878 1910
1878 1886
1878 1880
1878 1942
1878 1990
1878 1894
1878 2002
1878 1906
1878 1882
1878 2005
1878 1909
1878 1885
1878 1879
1879 2007
1879 1911
1879 1887
1879 1880
1879 1943
1879 1991
1879 1895
1879 2003
1879 1907
1879 1883
1879 2005
1879 1909
1879 1885
1880 2008
1880 1912
1880 1888
1880 1944
1880 1992
1880 1896
1880 2004
1880 1908
1880 1884
1880 2006
1880 1910
1880 1886
1880 2007
1880 1911
1880 1887
1881 2009
1881 1913
1881 1885
1881 1883
1881 1882
1881 1945
1881 1993
1881 1897
1881 2001
1881 1905
1882 2010
1882 1914
1882 1886
1882 1884
1882 1946
1882 1994
1882 1898
1882 2002
1882 1906
1882 2009
1882 1913
1882 1885
1882 1883
1883 2011
1883 1915
1883 1887
1883 1884
1883 1947
1883 1995
1883 1899
1883 2003
1883 1907
1883 2009
1883 1913
1883 1885
1884 2012
1884 1916
1884 1888
1884 1948
1884 1996
1884 1900
1884 2004
1884 1908
1884 2010
1884 1914
1884 1886
1884 2011
1884 1915
1884 1887
1885 2013
1885 1917
1885 1887
1885 1886
1885 1949
1885 1997
1885 1901
1885 2005
1885 1909
1885 2009
1885 1913
1886 2014
1886 1918
1886 1888
1886 1950
1886 1998
1886 1902
1886 2006
1886 1910
1886 2010
1886 1914
1886 2013
1886 1917
1886 1887
1887 2015
1887 1919
1887 1888
1887 1951
1887 1999
1887 1903
1887 2007
1887 1911
1887 2011
1887 1915
1887 2013
1887 1917
1888 2016
1888 1920
1888 1952
1888 2000
1888 1904
1888 2008
1888 1912
1888 2012
1888 1916
1888 2014
1888 1918
1888 2015
1888 1919
1889 2017
1889 1905
1889 1897
1889 1893
1889 1891
1889 1890
1889 1953
1889 1985
1890 2018
1890 1906
1890 1898
1890 1894
1890 1892
1890 1954
1890 1986
1890 2017
1890 1905
1890 1897
1890 1893
1890 1891
1891 2019
1891 1907
1891 1899
1891 1895
1891 1892
1891 1955
1891 1987
1891 2017
1891 1905
1891 1897
1891 1893
1892 2020
1892 1908
1892 1900
1892 1896
1892 1956
1892 1988
1892 2018
1892 1906
1892 1898
1892 1894
1892 2019
1892 1907
1892 1899
1892 1895
1893 2021
1893 1909
1893 1901
1893 1895
1893 1894
1893 1957
1893 1989
1893 2017
1893 1905
1893 1897
1894 2022
1894 1910
1894 1902
1894 1896
1894 1958
1894 1990
1894 2018
1894 1906
1894 1898
1894 2021
1894 1909
1894 1901
1894 1895
1895 2023
1895 1911
1895 1903
1895 1896
1895 1959
1895 1991
1895 2019
1895 1907
1895 1899
1895 2021
1895 1909
1895 1901
1896 2024
1896 1912
1896 1904
1896 1960
1896 1992
1896 2020
1896 1908
1896 1900
1896 2022
1896 1910
1896 1902
1896 2023
1896 1911
1896 1903
1897 2025
1897 1913
1897 1901
1897 1899
1897 1898
1897 1961
1897 1993
1897 2017
1897 1905
1898 2026
1898 1914
1898 1902
1898 1900
1898 1962
1898 1994
1898 2018
1898 1906
1898 2025
1898 1913
1898 1901
1898 1899
1899 2027
1899 1915
1899 1903
1899 1900
1899 1963
1899 1995
1899 2019
1899 1907
1899 2025
1899 1913
1899 1901
1900 2028
1900 1916
1900 1904
1900 1964
1900 1996
1900 2020
1900 1908
1900 2026
1900 1914
1900 1902
1900 2027
1900 1915
1900 1903
1901 2029
1901 1917
1901 1903
1901 1902
1901 1965
1901 1997
1901 2021
1901 1909
1901 2025
1901 1913
1902 2030
1902 1918
1902 1904
1902 1966
1902 1998
1902 2022
1902 1910
1902 2026
1902 1914
1902 2029
1902 1917
1902 1903
1903 2031
1903 1919
1903 1904
1903 1967
1903 1999
1903 2023
1903 1911
1903 2027
1903 1915
1903 2029
1903 1917
1904 2032
1904 1920
1904 1968
1904 2000
1904 2024
1904 1912
1904 2028
1904 1916
1904 2030
1904 1918
1904 2031
1904 1919
1905 2033
1905 1913
1905 1909
1905 1907
1905 1906
1905 1969
1905 2001
1905 2017
1906 2034
1906 1914
1906 1910
1906 1908
1906 1970
1906 2002
1906 2018
1906 2033
1906 1913
1906 1909
1906 1907
1907 2035
1907 1915
1907 1911
1907 1908
1907 1971
1907 2003
1907 2019
1907 2033
1907 1913
1907 1909
1908 2036
1908 1916
1908 1912
1908 1972
1908 2004
1908 2020
1908 2034
1908 1914
1908 1910
1908 2035
1908 1915
1908 1911
1909 2037
1909 1917
1909 1911
1909 1910
1909 1973
1909 2005
1909 2021
1909 2033
1909 1913
1910 2038
1910 1918
1910 1912
1910 1974
1910 2006
1910 2022
1910 2034
1910 1914
1910 2037
1910 1917
1910 1911
1911 2039
1911 1919
1911 1912
1911 1975
1911 2007
1911 2023
1911 2035
1911 1915
1911 2037
1911 1917
1912 2040
1912 1920
1912 1976
1912 2008
1912 2024
1912 2036
1912 1916
1912 2038
1912 1918
1912 2039
1912 1919
1913 2041
1913 1917
1913 1915
1913 1914
1913 1977
1913 2009
1913 2025
1913 2033
1914 2042
1914 1918
1914 1916
1914 1978
1914 2010
1914 2026
1914 2034
1914 2041
1914 1917
1914 1915
1915 2043
1915 1919
1915 1916
1915 1979
1915 2011
1915 2027
1915 2035
1915 2041
1915 1917
1916 2044
1916 1920
1916 1980
1916 2012
1916 2028
1916 2036
1916 2042
1916 1918
1916 2043
1916 1919
1917 2045
1917 1919
1917 1918
1917 1981
1917 2013
1917 2029
1917 2037
1917 2041
1918 2046
1918 1920
1918 1982
1918 2014
1918 2030
1918 2038
1918 2042
1918 2045
1918 1919
1919 2047
1919 1920
1919 1983
1919 2015
1919 2031
1919 2039
1919 2043
1919 2045
1920 2048
1920 1984
1920 2016
1920 2032
1920 2040
1920 2044
1920 2046
1920 2047
1921 1985
1921 1953
1921 1937
1921 1929
1921 1925
1921 1923
1921 1922
1922 1986
1922 1954
1922 1938
1922 1930
1922 1926
1922 1924
1922 1985
1922 1953
1922 1937
1922 1929
1922 1925
1922 1923
1923 1987
1923 1955
1923 1939
1923 1931
1923 1927
1923 1924
1923 1985
1923 1953
1923 1937
1923 1929
1923 1925
1924 1988
1924 1956
1924 1940
1924 1932
1924 1928
1924 1986
1924 1954
1924 1938
1924 1930
1924 1926
1924 1987
1924 1955
1924 1939
1924 1931
1924 1927
1925 1989
1925 1957
1925 1941
1925 1933
1925 1927
1925 1926
1925 1985
1925 1953
1925 1937
1925 1929
1926 1990
1926 1958
1926 1942
1926 1934
1926 1928
1926 1986
1926 1954
1926 1938
1926 1930
1926 1989
1926 1957
1926 1941
1926 1933
1926 1927
1927 1991
1927 1959
1927 1943
1927 1935
1927 1928
1927 1987
1927 1955
1927 1939
1927 1931
1927 1989
1927 1957
1927 1941
1927 1933
1928 1992
1928 1960
1928 1944
1928 1936
1928 1988
1928 1956
1928 1940
1928 1932
1928 1990
1928 1958
1928 1942
1928 1934
1928 1991
1928 1959
1928 1943
1928 1935
1929 1993
1929 1961
1929 1945
1929 1933
1929 1931
1929 1930
1929 1985
1929 1953
1929 1937
1930 1994
1930 1962
1930 1946
1930 1934
1930 1932
1930 1986
1930 1954
1930 1938
1930 1993
1930 1961
1930 1945
1930 1933
1930 1931
1931 1995
1931 1963
1931 1947
1931 1935
1931 1932
1931 1987
1931 1955
1931 1939
1931 1993
1931 1961
1931 1945
1931 1933
1932 1996
1932 1964
1932 1948
1932 1936
1932 1988
1932 1956
1932 1940
1932 1994
1932 1962
1932 1946
1932 1934
1932 1995
1932 1963
1932 1947
1932 1935
1933 1997
1933 1965
1933 1949
1933 1935
1933 1934
1933 1989
1933 1957
1933 1941
1933 1993
1933 1961
1933 1945
1934 1998
1934 1966
1934 1950
1934 1936
1934 1990
1934 1958
1934 1942
1934 1994
1934 1962
1934 1946
1934 1997
1934 1965
1934 1949
1934 1935
1935 1999
1935 1967
1935 1951
1935 1936
1935 1991
1935 1959
1935 1943
1935 1995
1935 1963
1935 1947
1935 1997
1935 1965
1935 1949
1936 2000
1936 1968
1936 1952
1936 1992
1936 1960
1936 1944
1936 1996
1936 1964
1936 1948
1936 1998
1936 1966
1936 1950
1936 1999
1936 1967
1936 1951
1937 2001
1937 1969
1937 1945
1937 1941
1937 1939
1937 1938
1937 1985
1937 1953
1938 2002
1938 1970
1938 1946
1938 1942
1938 1940
1938 1986
1938 1954
1938 2001
1938 1969
1938 1945
1938 1941
1938 1939
1939 2003
1939 1971
1939 1947
1939 1943
1939 1940
1939 1987
1939 1955
1939 2001
1939 1969
1939 1945
1939 1941
1940 2004
1940 1972
1940 1948
1940 1944
1940 1988
1940 1956
1940 2002
1940 1970
1940 1946
1940 1942
1940 2003
1940 1971
1940 1947
1940 1943
1941 2005
1941 1973
1941 1949
1941 1943
1941 1942
1941 1989
1941 1957
1941 2001
1941 1969
1941 1945
1942 2006
1942 1974
1942 1950
1942 1944
1942 1990
1942 1958
1942 2002
1942 1970
1942 1946
1942 2005
1942 1973
1942 1949
1942 1943
1943 2007
1943 1975
1943 1951
1943 1944
1943 1991
1943 1959
1943 2003
1943 1971
1943 1947
1943 2005
1943 1973
1943 1949
1944 2008
1944 1976
1944 1952
1944 1992
1944 1960
1944 2004
1944 1972
1944 1948
1944 2006
1944 1974
1944 1950
1944 2007
1944 1975
1944 1951
1945 2009
1945 1977
1945 1949
1945 1947
1945 1946
1945 1993
1945 1961
1945 2001
1945 1969
1946 2010
1946 1978
1946 1950
1946 1948
1946 1994
1946 1962
1946 2002
1946 1970
1946 2009
1946 1977
1946 1949
1946 1947
1947 2011
1947 1979
1947 1951
1947 1948
1947 1995
1947 1963
1947 2003
1947 1971
1947 2009
1947 1977
1947 1949
1948 2012
1948 1980
1948 1952
1948 1996
1948 1964
1948 2004
1948 1972
1948 2010
1948 1978
1948 1950
1948 2011
1948 1979
1948 1951
1949 2013
1949 1981
1949 1951
1949 1950
1949 1997
1949 1965
1949 2005
1949 1973
1949 2009
1949 1977
1950 2014
1950 1982
1950 1952
1950 1998
1950 1966
1950 2006
1950 1974
1950 2010
1950 1978
1950 2013
1950 1981
1950 1951
1951 2015
1951 1983
1951 1952
1951 1999
1951 1967
1951 2007
1951 1975
1951 2011
1951 1979
1951 2013
1951 1981
1952 2016
1952 1984
1952 2000
1952 1968
1952 2008
1952 1976
1952 2012
1952 1980
1952 2014
1952 1982
1952 2015
1952 1983
1953 2017
1953 1969
1953 1961
1953 1957
1953 1955
1953 1954
1953 1985
1954 2018
1954 1970
1954 1962
1954 1958
1954 1956
1954 1986
1954 2017
1954 1969
1954 1961
1954 1957
1954 1955
1955 2019
1955 1971
1955 1963
1955 1959
1955 1956
1955 1987
1955 2017
1955 1969
1955 1961
1955 1957
1956 2020
1956 1972
1956 1964
1956 1960
1956 1988
1956 2018
1956 1970
1956 1962
1956 1958
1956 2019
1956 1971
1956 1963
1956 1959
1957 2021
1957 1973
1957 1965
1957 1959
1957 1958
1957 1989
1957 2017
1957 1969
1957 1961
1958 2022
1958 1974
1958 1966
1958 1960
1958 1990
1958 2018
1958 1970
1958 1962
1958 2021
1958 1973
1958 1965
1958 1959
1959 2023
1959 1975
1959 1967
1959 1960
1959 1991
1959 2019
1959 1971
1959 1963
1959 2021
1959 1973
1959 1965
1960 2024
1960 1976
1960 1968
1960 1992
1960 2020
1960 1972
1960 1964
1960 2022
1960 1974
1960 1966
1960 2023
1960 1975
1960 1967
1961 2025
1961 1977
1961 1965
1961 1963
1961 1962
1961 1993
1961 2017
1961 1969
1962 2026
1962 1978
1962 1966
1962 1964
1962 1994
1962 2018
1962 1970
1962 2025
1962 1977
1962 1965
1962 1963
1963 2027
1963 1979
1963 1967
1963 1964
1963 1995
1963 2019
1963 1971
1963 2025
1963 1977
1963 1965
1964 2028
1964 1980
1964 1968
1964 1996
1964 2020
1964 1972
1964 2026
1964 1978
1964 1966
1964 2027
1964 1979
1964 1967
1965 2029
1965 1981
1965 1967
1965 1966
1965 1997
1965 2021
1965 1973
1965 2025
1965 1977
1966 2030
1966 1982
1966 1968
1966 1998
1966 2022
1966 1974
1966 2026
1966 1978
1966 2029
1966 1981
1966 1967
1967 2031
1967 1983
1967 1968
1967 1999
1967 2023
1967 1975
1967 2027
1967 1979
1967 2029
1967 1981
1968 2032
1968 1984
1968 2000
1968 2024
1968 1976
1968 2028
1968 1980
1968 2030
1968 1982
1968 2031
1968 1983
1969 2033
1969 1977
1969 1973
1969 1971
1969 1970
1969 2001
1969 2017
1970 2034
1970 1978
1970 1974
1970 1972
1970 2002
1970 2018
1970 2033
1970 1977
1970 1973
1970 1971
1971 2035
1971 1979
1971 1975
1971 1972
1971 2003
1971 2019
1971 2033
1971 1977
1971 1973
1972 2036
1972 1980
1972 1976
1972 2004
1972 2020
1972 2034
1972 1978
1972 1974
1972 2035
1972 1979
1972 1975
1973 2037
1973 1981
1973 1975
1973 1974
1973 2005
1973 2021
1973 2033
1973 1977
1974 2038
1974 1982
1974 1976
1974 2006
1974 2022
1974 2034
1974 1978
1974 2037
1974 1981
1974 1975
1975 2039
1975 1983
1975 1976
1975 2007
1975 2023
1975 2035
1975 1979
1975 2037
1975 1981
1976 2040
1976 1984
1976 2008
1976 2024
1976 2036
1976 1980
1976 2038
1976 1982
1976 2039
1976 1983
1977 2041
1977 1981
1977 1979
1977 1978
1977 2009
1977 2025
1977 2033
1978 2042
1978 1982
1978 1980
1978 2010
1978 2026
1978 2034
1978 2041
1978 1981
1978 1979
1979 2043
1979 1983
1979 1980
1979 2011
1979 2027
1979 2035
1979 2041
1979 1981
1980 2044
1980 1984
1980 2012
1980 2028
1980 2036
1980 2042
1980 1982
1980 2043
1980 1983
1981 2045
1981 1983
1981 1982
1981 2013
1981 2029
1981 2037
1981 2041
1982 2046
1982 1984
1982 2014
1982 2030
1982 2038
1982 2042
1982 2045
1982 1983
1983 2047
1983 1984
1983 2015
1983 2031
1983 2039
1983 2043
1983 2045
1984 2048
1984 2016
1984 2032
1984 2040
1984 2044
1984 2046
1984 2047
1985 2017
1985 2001
1985 1993
1985 1989
1985 1987
1985 1986
1986 2018
1986 2002
1986 1994
1986 1990
1986 1988
1986 2017
1986 2001
1986 1993
1986 1989
1986 1987
1987 2019
1987 2003
1987 1995
1987 1991
1987 1988
1987 2017
1987 2001
1987 1993
1987 1989
1988 2020
1988 2004
1988 1996
1988 1992
1988 2018
1988 2002
1988 1994
1988 1990
1988 2019
1988 2003
1988 1995
1988 1991
1989 2021
1989 2005
1989 1997
1989 1991
1989 1990
1989 2017
1989 2001
1989 1993
1990 2022
1990 2006
1990 1998
1990 1992
1990 2018
1990 2002
1990 1994
1990 2021
1990 2005
1990 1997
1990 1991
1991 2023
1991 2007
1991 1999
1991 1992
1991 2019
1991 2003
1991 1995
1991 2021
1991 2005
1991 1997
1992 2024
1992 2008
1992 2000
1992 2020
1992 2004
1992 1996
1992 2022
1992 2006
1992 1998
1992 2023
1992 2007
1992 1999
1993 2025
1993 2009
1993 1997
1993 1995
1993 1994
1993 2017
1993 2001
1994 2026
1994 2010
1994 1998
1994 1996
1994 2018
1994 2002
1994 2025
1994 2009
1994 1997
1994 1995
1995 2027
1995 2011
1995 1999
1995 1996
1995 2019
1995 2003
1995 2025
1995 2009
1995 1997
1996 2028
1996 2012
1996 2000
1996 2020
1996 2004
1996 2026
1996 2010
1996 1998
1996 2027
1996 2011
1996 1999
1997 2029
1997 2013
1997 1999
1997 1998
1997 2021
1997 2005
1997 2025
1997 2009
1998 2030
1998 2014
1998 2000
1998 2022
1998 2006
1998 2026
1998 2010
1998 2029
1998 2013
1998 1999
1999 2031
1999 2015
1999 2000
1999 2023
1999 2007
1999 2027
1999 2011
1999 2029
1999 2013
2000 2032
2000 2016
2000 2024
2000 2008
2000 2028
2000 2012
2000 2030
2000 2014
2000 2031
2000 2015
2001 2033
2001 2009
2001 2005
2001 2003
2001 2002
2001 2017
2002 2034
2002 2010
2002 2006
2002 2004
2002 2018
2002 2033
2002 2009
2002 2005
2002 2003
2003 2035
2003 2011
2003 2007
2003 2004
2003 2019
2003 2033
2003 2009
2003 2005
2004 2036
2004 2012
2004 2008
2004 2020
2004 2034
2004 2010
2004 2006
2004 2035
2004 2011
2004 2007
2005 2037
2005 2013
2005 2007
2005 2006
2005 2021
2005 2033
2005 2009
2006 2038
2006 2014
2006 2008
2006 2022
2006 2034
2006 2010
2006 2037
2006 2013
2006 2007
2007 2039
2007 2015
2007 2008
2007 2023
2007 2035
2007 2011
2007 2037
2007 2013
2008 2040
2008 2016
2008 2024
2008 2036
2008 2012
2008 2038
2008 2014
2008 2039
2008 2015
2009 2041
2009 2013
2009 2011
2009 2010
2009 2025
2009 2033
2010 2042
2010 2014
2010 2012
2010 2026
2010 2034
2010 2041
2010 2013
2010 2011
2011 2043
2011 2015
2011 2012
2011 2027
2011 2035
2011 2041
2011 2013
2012 2044
2012 2016
2012 2028
2012 2036
2012 2042
2012 2014
2012 2043
2012 2015
2013 2045
2013 2015
2013 2014
2013 2029
2013 2037
2013 2041
2014 2046
2014 2016
2014 2030
2014 2038
2014 2042
2014 2045
2014 2015
2015 2047
2015 2016
2015 2031
2015 2039
2015 2043
2015 2045
2016 2048
2016 2032
2016 2040
2016 2044
2016 2046
2016 2047
2017 2033
2017 2025
2017 2021
2017 2019
2017 2018
2018 2034
2018 2026
2018 2022
2018 2020
2018 2033
2018 2025
2018 2021
2018 2019
2019 2035
2019 2027
2019 2023
2019 2020
2019 2033
2019 2025
2019 2021
2020 2036
2020 2028
2020 2024
2020 2034
2020 2026
2020 2022
2020 2035
2020 2027
2020 2023
2021 2037
2021 2029
2021 2023
2021 2022
2021 2033
2021 2025
2022 2038
2022 2030
2022 2024
2022 2034
2022 2026
2022 2037
2022 2029
2022 2023
2023 2039
2023 2031
2023 2024
2023 2035
2023 2027
2023 2037
2023 2029
2024 2040
2024 2032
2024 2036
2024 2028
2024 2038
2024 2030
2024 2039
2024 2031
2025 2041
2025 2029
2025 2027
2025 2026
2025 2033
2026 2042
2026 2030
2026 2028
2026 2034
2026 2041
2026 2029
2026 2027
2027 2043
2027 2031
2027 2028
2027 2035
2027 2041
2027 2029
2028 2044
2028 2032
2028 2036
2028 2042
2028 2030
2028 2043
2028 2031
2029 2045
2029 2031
2029 2030
2029 2037
2029 2041
2030 2046
2030 2032
2030 2038
2030 2042
2030 2045
2030 2031
2031 2047
2031 2032
2031 2039
2031 2043
2031 2045
2032 2048
2032 2040
2032 2044
2032 2046
2032 2047
2033 2041
2033 2037
2033 2035
2033 2034
2034 2042
2034 2038
2034 2036
2034 2041
2034 2037
2034 2035
2035 2043
2035 2039
2035 2036
2035 2041
2035 2037
2036 2044
2036 2040
2036 2042
2036 2038
2036 2043
2036 2039
2037 2045
2037 2039
2037 2038
2037 2041
2038 2046
2038 2040
2038 2042
2038 2045
2038 2039
2039 2047
2039 2040
2039 2043
2039 2045
2040 2048
2040 2044
2040 2046
2040 2047
2041 2045
2041 2043
2041 2042
2042 2046
2042 2044
2042 2045
2042 2043
2043 2047
2043 2044
2043 2045
2044 2048
2044 2046
2044 2047
2045 2047
2045 2046
2046 2048
2046 2047
2047 2048
