512 54895
1 2
1 3
1 4
1 5
1 6
1 7
1 9
1 10
1 11
1 13
1 17
1 18
1 19
1 21
1 25
1 33
1 34
1 35
1 37
1 41
1 49
1 65
1 66
1 67
1 69
1 73
1 81
1 97
1 129
1 130
1 131
1 133
1 137
1 145
1 161
1 193
1 257
1 258
1 259
1 261
1 265
1 273
1 289
1 321
1 385
2 3
2 4
2 5
2 6
2 7
2 8
2 9
2 10
2 11
2 12
2 13
2 14
2 17
2 18
2 19
2 20
2 21
2 22
2 25
2 26
2 33
2 34
2 35
2 36
2 37
2 38
2 41
2 42
2 49
2 50
2 65
2 66
2 67
2 68
2 69
2 70
2 73
2 74
2 81
2 82
2 97
2 98
2 129
2 130
2 131
2 132
2 133
2 134
2 137
2 138
2 145
2 146
2 161
2 162
2 193
2 194
2 257
2 258
2 259
2 260
2 261
2 262
2 265
2 266
2 273
2 274
2 289
2 290
2 321
2 322
2 385
2 386
3 4
3 5
3 6
3 7
3 8
3 9
3 10
3 11
3 12
3 13
3 14
3 15
3 17
3 18
3 19
3 20
3 21
3 22
3 23
3 25
3 26
3 27
3 33
3 34
3 35
3 36
3 37
3 38
3 39
3 41
3 42
3 43
3 49
3 50
3 51
3 65
3 66
3 67
3 68
3 69
3 70
3 71
3 73
3 74
3 75
3 81
3 82
3 83
3 97
3 98
3 99
3 129
3 130
3 131
3 132
3 133
3 134
3 135
3 137
3 138
3 139
3 145
3 146
3 147
3 161
3 162
3 163
3 193
3 194
3 195
3 257
3 258
3 259
3 260
3 261
3 262
3 263
3 265
3 266
3 267
3 273
3 274
3 275
3 289
3 290
3 291
3 321
3 322
3 323
3 385
3 386
3 387
4 5
4 6
4 7
4 8
4 9
4 10
4 11
4 12
4 13
4 14
4 15
4 16
4 17
4 18
4 19
4 20
4 21
4 22
4 23
4 24
4 25
4 26
4 28
4 33
4 34
4 35
4 36
4 37
4 38
4 39
4 40
4 41
4 42
4 44
4 49
4 50
4 52
4 65
4 66
4 67
4 68
4 69
4 70
4 71
4 72
4 73
4 74
4 76
4 81
4 82
4 84
4 97
4 98
4 100
4 129
4 130
4 131
4 132
4 133
4 134
4 135
4 136
4 137
4 138
4 140
4 145
4 146
4 148
4 161
4 162
4 164
4 193
4 194
4 196
4 257
4 258
4 259
4 260
4 261
4 262
4 263
4 264
4 265
4 266
4 268
4 273
4 274
4 276
4 289
4 290
4 292
4 321
4 322
4 324
4 385
4 386
4 388
5 6
5 7
5 8
5 9
5 10
5 11
5 12
5 13
5 14
5 15
5 17
5 18
5 19
5 20
5 21
5 22
5 23
5 25
5 26
5 27
5 29
5 33
5 34
5 35
5 36
5 37
5 38
5 39
5 41
5 42
5 43
5 45
5 49
5 50
5 51
5 53
5 65
5 66
5 67
5 68
5 69
5 70
5 71
5 73
5 74
5 75
5 77
5 81
5 82
5 83
5 85
5 97
5 98
5 99
5 101
5 129
5 130
5 131
5 132
5 133
5 134
5 135
5 137
5 138
5 139
5 141
5 145
5 146
5 147
5 149
5 161
5 162
5 163
5 165
5 193
5 194
5 195
5 197
5 257
5 258
5 259
5 260
5 261
5 262
5 263
5 265
5 266
5 267
5 269
5 273
5 274
5 275
5 277
5 289
5 290
5 291
5 293
5 321
5 322
5 323
5 325
5 385
5 386
5 387
5 389
6 7
6 8
6 9
6 10
6 11
6 12
6 13
6 14
6 15
6 16
6 17
6 18
6 19
6 20
6 21
6 22
6 23
6 24
6 25
6 26
6 27
6 28
6 30
6 33
6 34
6 35
6 36
6 37
6 38
6 39
6 40
6 41
6 42
6 43
6 44
6 46
6 49
6 50
6 51
6 52
6 54
6 65
6 66
6 67
6 68
6 69
6 70
6 71
6 72
6 73
6 74
6 75
6 76
6 78
6 81
6 82
6 83
6 84
6 86
6 97
6 98
6 99
6 100
6 102
6 129
6 130
6 131
6 132
6 133
6 134
6 135
6 136
6 137
6 138
6 139
6 140
6 142
6 145
6 146
6 147
6 148
6 150
6 161
6 162
6 163
6 164
6 166
6 193
6 194
6 195
6 196
6 198
6 257
6 258
6 259
6 260
6 261
6 262
6 263
6 264
6 265
6 266
6 267
6 268
6 270
6 273
6 274
6 275
6 276
6 278
6 289
6 290
6 291
6 292
6 294
6 321
6 322
6 323
6 324
6 326
6 385
6 386
6 387
6 388
6 390
7 8
7 9
7 10
7 11
7 12
7 13
7 14
7 15
7 16
7 17
7 18
7 19
7 20
7 21
7 22
7 23
7 24
7 25
7 26
7 27
7 28
7 29
7 30
7 31
7 33
7 34
7 35
7 36
7 37
7 38
7 39
7 40
7 41
7 42
7 43
7 44
7 45
7 46
7 47
7 49
7 50
7 51
7 52
7 55
7 65
7 66
7 67
7 68
7 69
7 70
7 71
7 72
7 73
7 74
7 75
7 76
7 77
7 78
7 79
7 81
7 82
7 83
7 84
7 87
7 97
7 98
7 99
7 100
7 103
7 129
7 130
7 131
7 132
7 133
7 134
7 135
7 136
7 137
7 138
7 139
7 140
7 141
7 142
7 143
7 145
7 146
7 147
7 148
7 151
7 161
7 162
7 163
7 164
7 167
7 193
7 194
7 195
7 196
7 199
7 257
7 258
7 259
7 260
7 261
7 262
7 263
7 264
7 265
7 266
7 267
7 268
7 269
7 270
7 271
7 273
7 274
7 275
7 276
7 279
7 289
7 290
7 291
7 292
7 295
7 321
7 322
7 323
7 324
7 327
7 385
7 386
7 387
7 388
7 391
8 10
8 11
8 12
8 13
8 14
8 15
8 16
8 18
8 19
8 20
8 22
8 23
8 24
8 26
8 27
8 28
8 29
8 30
8 31
8 32
8 34
8 35
8 36
8 38
8 39
8 40
8 42
8 44
8 46
8 47
8 48
8 50
8 52
8 56
8 66
8 67
8 68
8 70
8 71
8 72
8 74
8 76
8 78
8 79
8 80
8 82
8 84
8 88
8 98
8 100
8 104
8 130
8 131
8 132
8 134
8 135
8 136
8 138
8 140
8 142
8 143
8 144
8 146
8 148
8 152
8 162
8 164
8 168
8 194
8 196
8 200
8 258
8 259
8 260
8 262
8 263
8 264
8 266
8 268
8 270
8 271
8 272
8 274
8 276
8 280
8 290
8 292
8 296
8 322
8 324
8 328
8 386
8 388
8 392
9 10
9 11
9 12
9 13
9 14
9 15
9 17
9 18
9 19
9 20
9 21
9 22
9 23
9 25
9 26
9 27
9 29
9 33
9 34
9 35
9 36
9 37
9 38
9 39
9 41
9 42
9 43
9 45
9 49
9 50
9 51
9 53
9 57
9 65
9 66
9 67
9 69
9 70
9 71
9 73
9 74
9 75
9 77
9 81
9 82
9 83
9 85
9 89
9 97
9 99
9 101
9 105
9 129
9 130
9 131
9 133
9 134
9 135
9 137
9 138
9 139
9 141
9 145
9 146
9 147
9 149
9 153
9 161
9 163
9 165
9 169
9 193
9 195
9 197
9 201
9 257
9 258
9 259
9 261
9 262
9 263
9 265
9 266
9 267
9 269
9 273
9 274
9 275
9 277
9 281
9 289
9 291
9 293
9 297
9 321
9 323
9 325
9 329
9 385
9 387
9 389
9 393
10 11
10 12
10 13
10 14
10 15
10 16
10 17
10 18
10 19
10 20
10 21
10 22
10 23
10 24
10 25
10 26
10 27
10 28
10 29
10 30
10 33
10 34
10 35
10 36
10 37
10 38
10 39
10 40
10 41
10 42
10 43
10 44
10 45
10 46
10 49
10 50
10 51
10 52
10 53
10 54
10 58
10 65
10 66
10 67
10 68
10 69
10 70
10 71
10 72
10 73
10 74
10 75
10 76
10 77
10 78
10 81
10 82
10 83
10 84
10 85
10 86
10 90
10 97
10 98
10 99
10 100
10 101
10 102
10 106
10 129
10 130
10 131
10 132
10 133
10 134
10 135
10 136
10 137
10 138
10 139
10 140
10 141
10 142
10 145
10 146
10 147
10 148
10 149
10 150
10 154
10 161
10 162
10 163
10 164
10 165
10 166
10 170
10 193
10 194
10 195
10 196
10 197
10 198
10 202
10 257
10 258
10 259
10 260
10 261
10 262
10 263
10 264
10 265
10 266
10 267
10 268
10 269
10 270
10 273
10 274
10 275
10 276
10 277
10 278
10 282
10 289
10 290
10 291
10 292
10 293
10 294
10 298
10 321
10 322
10 323
10 324
10 325
10 326
10 330
10 385
10 386
10 387
10 388
10 389
10 390
10 394
11 12
11 13
11 14
11 15
11 16
11 17
11 18
11 19
11 20
11 21
11 22
11 23
11 24
11 25
11 26
11 27
11 28
11 29
11 30
11 31
11 33
11 34
11 35
11 36
11 37
11 38
11 39
11 40
11 41
11 42
11 43
11 44
11 45
11 46
11 47
11 49
11 50
11 51
11 52
11 53
11 54
11 55
11 59
11 65
11 66
11 67
11 68
11 69
11 70
11 71
11 72
11 73
11 74
11 75
11 76
11 77
11 78
11 79
11 81
11 82
11 83
11 84
11 85
11 86
11 87
11 91
11 97
11 98
11 99
11 100
11 101
11 102
11 103
11 107
11 129
11 130
11 131
11 132
11 133
11 134
11 135
11 136
11 137
11 138
11 139
11 140
11 141
11 142
11 143
11 145
11 146
11 147
11 148
11 149
11 150
11 151
11 155
11 161
11 162
11 163
11 164
11 165
11 166
11 167
11 171
11 193
11 194
11 195
11 196
11 197
11 198
11 199
11 203
11 257
11 258
11 259
11 260
11 261
11 262
11 263
11 264
11 265
11 266
11 267
11 268
11 269
11 270
11 271
11 273
11 274
11 275
11 276
11 277
11 278
11 279
11 283
11 289
11 290
11 291
11 292
11 293
11 294
11 295
11 299
11 321
11 322
11 323
11 324
11 325
11 326
11 327
11 331
11 385
11 386
11 387
11 388
11 389
11 390
11 391
11 395
12 13
12 14
12 15
12 16
12 18
12 19
12 20
12 21
12 22
12 23
12 24
12 26
12 27
12 28
12 29
12 30
12 31
12 32
12 34
12 35
12 36
12 37
12 38
12 39
12 40
12 42
12 43
12 44
12 45
12 46
12 47
12 48
12 50
12 51
12 52
12 54
12 55
12 56
12 60
12 66
12 67
12 68
12 69
12 70
12 71
12 72
12 74
12 75
12 76
12 78
12 79
12 80
12 82
12 83
12 84
12 86
12 87
12 88
12 92
12 98
12 99
12 100
12 102
12 104
12 108
12 130
12 131
12 132
12 133
12 134
12 135
12 136
12 138
12 139
12 140
12 142
12 143
12 144
12 146
12 147
12 148
12 150
12 151
12 152
12 156
12 162
12 163
12 164
12 166
12 168
12 172
12 194
12 195
12 196
12 198
12 200
12 204
12 258
12 259
12 260
12 261
12 262
12 263
12 264
12 266
12 267
12 268
12 270
12 271
12 272
12 274
12 275
12 276
12 278
12 279
12 280
12 284
12 290
12 291
12 292
12 294
12 296
12 300
12 322
12 323
12 324
12 326
12 328
12 332
12 386
12 387
12 388
12 390
12 392
12 396
13 14
13 15
13 16
13 17
13 18
13 19
13 20
13 21
13 22
13 23
13 24
13 25
13 26
13 27
13 28
13 29
13 30
13 31
13 33
13 34
13 35
13 36
13 37
13 38
13 39
13 40
13 41
13 42
13 43
13 44
13 45
13 46
13 47
13 49
13 50
13 51
13 52
13 53
13 54
13 55
13 57
13 58
13 59
13 61
13 65
13 66
13 67
13 68
13 69
13 70
13 71
13 72
13 73
13 74
13 75
13 76
13 77
13 78
13 79
13 81
13 83
13 84
13 85
13 87
13 89
13 90
13 91
13 93
13 97
13 99
13 100
13 101
13 103
13 109
13 129
13 130
13 131
13 132
13 133
13 134
13 135
13 136
13 137
13 138
13 139
13 140
13 141
13 142
13 143
13 145
13 147
13 148
13 149
13 151
13 153
13 154
13 155
13 157
13 161
13 163
13 164
13 165
13 167
13 173
13 193
13 195
13 196
13 197
13 199
13 205
13 257
13 258
13 259
13 260
13 261
13 262
13 263
13 264
13 265
13 266
13 267
13 268
13 269
13 270
13 271
13 273
13 275
13 276
13 277
13 279
13 281
13 282
13 283
13 285
13 289
13 291
13 292
13 293
13 295
13 301
13 321
13 323
13 324
13 325
13 327
13 333
13 385
13 387
13 388
13 389
13 391
13 397
14 15
14 16
14 18
14 19
14 20
14 21
14 22
14 23
14 24
14 25
14 26
14 27
14 28
14 29
14 30
14 31
14 32
14 34
14 35
14 36
14 37
14 38
14 39
14 40
14 42
14 43
14 44
14 45
14 46
14 47
14 48
14 50
14 51
14 52
14 53
14 54
14 55
14 56
14 58
14 59
14 60
14 62
14 66
14 67
14 68
14 69
14 70
14 71
14 72
14 74
14 75
14 76
14 77
14 78
14 79
14 80
14 82
14 83
14 84
14 86
14 87
14 88
14 90
14 91
14 92
14 94
14 98
14 99
14 100
14 102
14 103
14 104
14 110
14 130
14 131
14 132
14 133
14 134
14 135
14 136
14 138
14 139
14 140
14 141
14 142
14 143
14 144
14 146
14 147
14 148
14 150
14 151
14 152
14 154
14 155
14 156
14 158
14 162
14 163
14 164
14 166
14 167
14 168
14 174
14 194
14 195
14 196
14 198
14 199
14 200
14 206
14 258
14 259
14 260
14 261
14 262
14 263
14 264
14 266
14 267
14 268
14 269
14 270
14 271
14 272
14 274
14 275
14 276
14 278
14 279
14 280
14 282
14 283
14 284
14 286
14 290
14 291
14 292
14 294
14 295
14 296
14 302
14 322
14 323
14 324
14 326
14 327
14 328
14 334
14 386
14 387
14 388
14 390
14 391
14 392
14 398
15 16
15 19
15 20
15 21
15 22
15 23
15 24
15 25
15 26
15 27
15 28
15 29
15 30
15 31
15 32
15 35
15 36
15 37
15 38
15 39
15 40
15 43
15 44
15 45
15 46
15 47
15 48
15 51
15 52
15 53
15 54
15 55
15 56
15 57
15 58
15 59
15 60
15 61
15 62
15 63
15 67
15 68
15 69
15 70
15 71
15 72
15 75
15 76
15 77
15 78
15 79
15 80
15 83
15 84
15 87
15 88
15 91
15 93
15 94
15 95
15 99
15 100
15 103
15 104
15 111
15 131
15 132
15 133
15 134
15 135
15 136
15 139
15 140
15 141
15 142
15 143
15 144
15 147
15 148
15 151
15 152
15 155
15 157
15 158
15 159
15 163
15 164
15 167
15 168
15 175
15 195
15 196
15 199
15 200
15 207
15 259
15 260
15 261
15 262
15 263
15 264
15 267
15 268
15 269
15 270
15 271
15 272
15 275
15 276
15 279
15 280
15 283
15 285
15 286
15 287
15 291
15 292
15 295
15 296
15 303
15 323
15 324
15 327
15 328
15 335
15 387
15 388
15 391
15 392
15 399
16 20
16 22
16 23
16 24
16 26
16 27
16 28
16 29
16 30
16 31
16 32
16 36
16 38
16 39
16 40
16 44
16 46
16 47
16 48
16 52
16 54
16 55
16 56
16 58
16 59
16 60
16 61
16 62
16 63
16 64
16 68
16 70
16 71
16 72
16 76
16 78
16 79
16 80
16 84
16 88
16 92
16 94
16 95
16 96
16 100
16 104
16 112
16 132
16 134
16 135
16 136
16 140
16 142
16 143
16 144
16 148
16 152
16 156
16 158
16 159
16 160
16 164
16 168
16 176
16 196
16 200
16 208
16 260
16 262
16 263
16 264
16 268
16 270
16 271
16 272
16 276
16 280
16 284
16 286
16 287
16 288
16 292
16 296
16 304
16 324
16 328
16 336
16 388
16 392
16 400
17 18
17 19
17 20
17 21
17 22
17 23
17 25
17 26
17 27
17 29
17 33
17 34
17 35
17 36
17 37
17 38
17 39
17 41
17 42
17 43
17 45
17 49
17 50
17 51
17 53
17 57
17 65
17 66
17 67
17 68
17 69
17 70
17 71
17 73
17 74
17 75
17 77
17 81
17 82
17 83
17 85
17 89
17 97
17 98
17 99
17 101
17 105
17 113
17 129
17 130
17 131
17 133
17 137
17 138
17 139
17 141
17 145
17 146
17 147
17 149
17 153
17 161
17 162
17 163
17 165
17 169
17 177
17 193
17 197
17 201
17 209
17 257
17 258
17 259
17 261
17 265
17 266
17 267
17 269
17 273
17 274
17 275
17 277
17 281
17 289
17 290
17 291
17 293
17 297
17 305
17 321
17 325
17 329
17 337
17 385
17 389
17 393
17 401
18 19
18 20
18 21
18 22
18 23
18 24
18 25
18 26
18 27
18 28
18 29
18 30
18 33
18 34
18 35
18 36
18 37
18 38
18 39
18 40
18 41
18 42
18 43
18 44
18 45
18 46
18 49
18 50
18 51
18 52
18 53
18 54
18 57
18 58
18 65
18 66
18 67
18 68
18 69
18 70
18 71
18 72
18 73
18 74
18 75
18 76
18 77
18 78
18 81
18 82
18 83
18 84
18 85
18 86
18 89
18 90
18 97
18 98
18 99
18 100
18 101
18 102
18 105
18 106
18 114
18 129
18 130
18 131
18 132
18 133
18 134
18 137
18 138
18 139
18 140
18 141
18 142
18 145
18 146
18 147
18 148
18 149
18 150
18 153
18 154
18 161
18 162
18 163
18 164
18 165
18 166
18 169
18 170
18 178
18 193
18 194
18 197
18 198
18 201
18 202
18 210
18 257
18 258
18 259
18 260
18 261
18 262
18 265
18 266
18 267
18 268
18 269
18 270
18 273
18 274
18 275
18 276
18 277
18 278
18 281
18 282
18 289
18 290
18 291
18 292
18 293
18 294
18 297
18 298
18 306
18 321
18 322
18 325
18 326
18 329
18 330
18 338
18 385
18 386
18 389
18 390
18 393
18 394
18 402
19 20
19 21
19 22
19 23
19 24
19 25
19 26
19 27
19 28
19 29
19 30
19 31
19 33
19 34
19 35
19 36
19 37
19 38
19 39
19 40
19 41
19 42
19 43
19 44
19 45
19 46
19 47
19 49
19 50
19 51
19 52
19 53
19 54
19 55
19 57
19 58
19 59
19 65
19 66
19 67
19 68
19 69
19 70
19 71
19 73
19 74
19 75
19 76
19 77
19 78
19 79
19 81
19 82
19 83
19 84
19 85
19 86
19 87
19 89
19 90
19 91
19 97
19 98
19 99
19 101
19 102
19 103
19 105
19 106
19 107
19 115
19 129
19 130
19 131
19 132
19 133
19 134
19 135
19 137
19 138
19 139
19 140
19 141
19 142
19 143
19 145
19 146
19 147
19 148
19 149
19 150
19 151
19 153
19 154
19 155
19 161
19 162
19 163
19 165
19 166
19 167
19 169
19 170
19 171
19 179
19 193
19 194
19 195
19 197
19 198
19 199
19 201
19 202
19 203
19 211
19 257
19 258
19 259
19 260
19 261
19 262
19 263
19 265
19 266
19 267
19 268
19 269
19 270
19 271
19 273
19 274
19 275
19 276
19 277
19 278
19 279
19 281
19 282
19 283
19 289
19 290
19 291
19 293
19 294
19 295
19 297
19 298
19 299
19 307
19 321
19 322
19 323
19 325
19 326
19 327
19 329
19 330
19 331
19 339
19 385
19 386
19 387
19 389
19 390
19 391
19 393
19 394
19 395
19 403
20 21
20 22
20 23
20 24
20 25
20 26
20 27
20 28
20 29
20 30
20 31
20 32
20 34
20 35
20 36
20 37
20 38
20 39
20 40
20 41
20 42
20 43
20 44
20 45
20 46
20 47
20 48
20 50
20 51
20 52
20 53
20 54
20 55
20 56
20 58
20 60
20 66
20 67
20 68
20 69
20 70
20 71
20 72
20 73
20 74
20 75
20 76
20 77
20 78
20 79
20 80
20 82
20 83
20 84
20 85
20 86
20 87
20 88
20 90
20 92
20 98
20 100
20 101
20 102
20 103
20 104
20 106
20 108
20 116
20 130
20 131
20 132
20 133
20 134
20 135
20 136
20 137
20 138
20 139
20 140
20 141
20 142
20 143
20 144
20 146
20 147
20 148
20 149
20 150
20 151
20 152
20 154
20 156
20 162
20 164
20 165
20 166
20 167
20 168
20 170
20 172
20 180
20 194
20 196
20 197
20 198
20 200
20 202
20 204
20 212
20 258
20 259
20 260
20 261
20 262
20 263
20 264
20 265
20 266
20 267
20 268
20 269
20 270
20 271
20 272
20 274
20 275
20 276
20 277
20 278
20 279
20 280
20 282
20 284
20 290
20 292
20 293
20 294
20 295
20 296
20 298
20 300
20 308
20 322
20 324
20 325
20 326
20 328
20 330
20 332
20 340
20 386
20 388
20 389
20 390
20 392
20 394
20 396
20 404
21 22
21 23
21 24
21 25
21 26
21 27
21 28
21 29
21 30
21 31
21 33
21 34
21 35
21 36
21 37
21 38
21 39
21 41
21 42
21 43
21 44
21 45
21 46
21 47
21 49
21 50
21 51
21 52
21 53
21 54
21 55
21 57
21 58
21 59
21 61
21 65
21 66
21 67
21 69
21 70
21 71
21 73
21 74
21 75
21 76
21 77
21 78
21 79
21 81
21 82
21 83
21 84
21 85
21 86
21 87
21 89
21 90
21 91
21 93
21 97
21 99
21 101
21 102
21 103
21 105
21 106
21 107
21 109
21 117
21 129
21 130
21 131
21 133
21 134
21 135
21 137
21 138
21 139
21 140
21 141
21 142
21 143
21 145
21 146
21 147
21 149
21 150
21 151
21 153
21 154
21 155
21 157
21 161
21 163
21 165
21 166
21 167
21 169
21 170
21 171
21 173
21 181
21 193
21 195
21 197
21 198
21 199
21 201
21 203
21 205
21 213
21 257
21 258
21 259
21 261
21 262
21 263
21 265
21 266
21 267
21 268
21 269
21 270
21 271
21 273
21 274
21 275
21 277
21 278
21 279
21 281
21 282
21 283
21 285
21 289
21 291
21 293
21 294
21 295
21 297
21 298
21 299
21 301
21 309
21 321
21 323
21 325
21 326
21 327
21 329
21 331
21 333
21 341
21 385
21 387
21 389
21 390
21 391
21 393
21 395
21 397
21 405
22 23
22 24
22 25
22 26
22 27
22 28
22 29
22 30
22 31
22 32
22 34
22 35
22 36
22 37
22 38
22 39
22 40
22 41
22 42
22 43
22 44
22 45
22 46
22 47
22 48
22 50
22 51
22 52
22 53
22 54
22 55
22 56
22 58
22 59
22 60
22 62
22 66
22 67
22 68
22 69
22 70
22 71
22 72
22 73
22 74
22 75
22 76
22 77
22 78
22 79
22 80
22 82
22 83
22 84
22 85
22 86
22 87
22 88
22 90
22 91
22 92
22 94
22 98
22 99
22 100
22 101
22 102
22 103
22 104
22 106
22 107
22 108
22 110
22 118
22 130
22 131
22 132
22 133
22 134
22 135
22 136
22 137
22 138
22 139
22 140
22 141
22 142
22 143
22 144
22 146
22 147
22 148
22 149
22 150
22 151
22 152
22 154
22 155
22 156
22 158
22 162
22 163
22 164
22 165
22 166
22 167
22 168
22 170
22 171
22 172
22 174
22 182
22 194
22 195
22 196
22 197
22 198
22 199
22 200
22 202
22 203
22 204
22 206
22 214
22 258
22 259
22 260
22 261
22 262
22 263
22 264
22 265
22 266
22 267
22 268
22 269
22 270
22 271
22 272
22 274
22 275
22 276
22 277
22 278
22 279
22 280
22 282
22 283
22 284
22 286
22 290
22 291
22 292
22 293
22 294
22 295
22 296
22 298
22 299
22 300
22 302
22 310
22 322
22 323
22 324
22 325
22 326
22 327
22 328
22 330
22 331
22 332
22 334
22 342
22 386
22 387
22 388
22 389
22 390
22 391
22 392
22 394
22 395
22 396
22 398
22 406
23 24
23 25
23 26
23 27
23 28
23 29
23 30
23 31
23 32
23 35
23 36
23 37
23 38
23 39
23 40
23 41
23 42
23 43
23 44
23 45
23 46
23 47
23 48
23 51
23 52
23 53
23 54
23 55
23 56
23 57
23 58
23 59
23 60
23 61
23 62
23 63
23 67
23 68
23 69
23 70
23 71
23 72
23 73
23 74
23 75
23 76
23 77
23 78
23 79
23 80
23 83
23 84
23 85
23 86
23 87
23 88
23 89
23 90
23 91
23 92
23 93
23 94
23 95
23 99
23 100
23 101
23 102
23 103
23 104
23 107
23 108
23 109
23 110
23 111
23 119
23 131
23 132
23 133
23 134
23 135
23 136
23 137
23 138
23 139
23 140
23 141
23 142
23 143
23 144
23 147
23 148
23 149
23 150
23 151
23 152
23 155
23 156
23 157
23 158
23 159
23 163
23 164
23 165
23 166
23 167
23 168
23 171
23 172
23 173
23 174
23 175
23 183
23 195
23 196
23 197
23 198
23 199
23 200
23 203
23 204
23 207
23 215
23 259
23 260
23 261
23 262
23 263
23 264
23 265
23 266
23 267
23 268
23 269
23 270
23 271
23 272
23 275
23 276
23 277
23 278
23 279
23 280
23 283
23 284
23 285
23 286
23 287
23 291
23 292
23 293
23 294
23 295
23 296
23 299
23 300
23 301
23 302
23 303
23 311
23 323
23 324
23 325
23 326
23 327
23 328
23 331
23 332
23 335
23 343
23 387
23 388
23 389
23 390
23 391
23 392
23 395
23 396
23 399
23 407
24 26
24 27
24 28
24 29
24 30
24 31
24 32
24 36
24 38
24 39
24 40
24 42
24 43
24 44
24 45
24 46
24 47
24 48
24 52
24 54
24 55
24 56
24 58
24 59
24 60
24 61
24 62
24 63
24 64
24 68
24 70
24 71
24 72
24 74
24 75
24 76
24 78
24 79
24 80
24 84
24 86
24 87
24 88
24 90
24 91
24 92
24 93
24 94
24 95
24 96
24 100
24 102
24 104
24 108
24 110
24 111
24 112
24 120
24 132
24 134
24 135
24 136
24 138
24 139
24 140
24 142
24 143
24 144
24 148
24 150
24 151
24 152
24 156
24 158
24 159
24 160
24 164
24 166
24 168
24 172
24 174
24 175
24 176
24 184
24 196
24 198
24 200
24 204
24 208
24 216
24 260
24 262
24 263
24 264
24 266
24 267
24 268
24 270
24 271
24 272
24 276
24 278
24 279
24 280
24 284
24 286
24 287
24 288
24 292
24 294
24 296
24 300
24 302
24 303
24 304
24 312
24 324
24 326
24 328
24 332
24 336
24 344
24 388
24 390
24 392
24 396
24 400
24 408
25 26
25 27
25 28
25 29
25 30
25 31
25 33
25 34
25 35
25 36
25 37
25 38
25 39
25 41
25 42
25 43
25 45
25 46
25 47
25 49
25 50
25 51
25 52
25 53
25 54
25 55
25 57
25 58
25 59
25 61
25 65
25 66
25 67
25 69
25 71
25 73
25 74
25 75
25 77
25 78
25 79
25 81
25 82
25 83
25 85
25 87
25 89
25 90
25 91
25 93
25 97
25 98
25 99
25 100
25 101
25 102
25 103
25 105
25 106
25 107
25 109
25 113
25 114
25 115
25 117
25 121
25 129
25 130
25 131
25 133
25 135
25 137
25 138
25 139
25 141
25 142
25 143
25 145
25 146
25 147
25 149
25 151
25 153
25 154
25 155
25 157
25 161
25 165
25 167
25 169
25 173
25 177
25 178
25 179
25 181
25 185
25 193
25 197
25 199
25 201
25 205
25 217
25 257
25 258
25 259
25 261
25 263
25 265
25 266
25 267
25 269
25 270
25 271
25 273
25 274
25 275
25 277
25 279
25 281
25 282
25 283
25 285
25 289
25 293
25 295
25 297
25 301
25 305
25 306
25 307
25 309
25 313
25 321
25 325
25 327
25 329
25 333
25 345
25 385
25 389
25 391
25 393
25 397
25 409
26 27
26 28
26 29
26 30
26 31
26 32
26 34
26 35
26 36
26 37
26 38
26 39
26 40
26 41
26 42
26 43
26 44
26 45
26 46
26 47
26 48
26 49
26 50
26 51
26 52
26 53
26 54
26 55
26 56
26 57
26 58
26 59
26 60
26 61
26 62
26 66
26 67
26 68
26 69
26 70
26 71
26 72
26 73
26 74
26 75
26 76
26 77
26 78
26 79
26 80
26 82
26 83
26 84
26 85
26 86
26 87
26 88
26 89
26 90
26 91
26 92
26 93
26 94
26 98
26 99
26 100
26 101
26 102
26 103
26 104
26 106
26 107
26 108
26 109
26 110
26 114
26 115
26 116
26 118
26 122
26 130
26 131
26 132
26 133
26 134
26 135
26 136
26 137
26 138
26 139
26 140
26 141
26 142
26 143
26 144
26 146
26 147
26 148
26 149
26 150
26 151
26 152
26 153
26 154
26 155
26 156
26 157
26 158
26 162
26 165
26 166
26 167
26 168
26 170
26 173
26 174
26 178
26 179
26 180
26 182
26 186
26 194
26 197
26 198
26 199
26 200
26 202
26 205
26 206
26 218
26 258
26 259
26 260
26 261
26 262
26 263
26 264
26 265
26 266
26 267
26 268
26 269
26 270
26 271
26 272
26 274
26 275
26 276
26 277
26 278
26 279
26 280
26 281
26 282
26 283
26 284
26 285
26 286
26 290
26 293
26 294
26 295
26 296
26 298
26 301
26 302
26 306
26 307
26 308
26 310
26 314
26 322
26 325
26 326
26 327
26 328
26 330
26 333
26 334
26 346
26 386
26 389
26 390
26 391
26 392
26 394
26 397
26 398
26 410
27 28
27 29
27 30
27 31
27 32
27 35
27 37
27 38
27 39
27 40
27 41
27 42
27 43
27 44
27 45
27 46
27 47
27 48
27 49
27 50
27 51
27 52
27 53
27 54
27 55
27 56
27 57
27 58
27 59
27 60
27 61
27 62
27 63
27 67
27 69
27 70
27 71
27 72
27 73
27 74
27 75
27 76
27 77
27 78
27 79
27 80
27 83
27 85
27 86
27 87
27 88
27 89
27 90
27 91
27 92
27 93
27 94
27 95
27 99
27 101
27 102
27 103
27 104
27 105
27 106
27 107
27 108
27 109
27 110
27 111
27 115
27 117
27 118
27 119
27 123
27 131
27 133
27 134
27 135
27 136
27 137
27 138
27 139
27 140
27 141
27 142
27 143
27 144
27 147
27 149
27 150
27 151
27 152
27 153
27 154
27 155
27 156
27 157
27 158
27 159
27 163
27 165
27 166
27 167
27 168
27 171
27 173
27 174
27 175
27 179
27 181
27 182
27 183
27 187
27 195
27 197
27 198
27 199
27 200
27 203
27 205
27 206
27 207
27 219
27 259
27 261
27 262
27 263
27 264
27 265
27 266
27 267
27 268
27 269
27 270
27 271
27 272
27 275
27 277
27 278
27 279
27 280
27 281
27 282
27 283
27 284
27 285
27 286
27 287
27 291
27 293
27 294
27 295
27 296
27 299
27 301
27 302
27 303
27 307
27 309
27 310
27 311
27 315
27 323
27 325
27 326
27 327
27 328
27 331
27 333
27 334
27 335
27 347
27 387
27 389
27 390
27 391
27 392
27 395
27 397
27 398
27 399
27 411
28 29
28 30
28 31
28 32
28 36
28 38
28 39
28 40
28 42
28 43
28 44
28 45
28 46
28 47
28 48
28 50
28 51
28 52
28 53
28 54
28 55
28 56
28 58
28 59
28 60
28 61
28 62
28 63
28 64
28 68
28 70
28 71
28 72
28 74
28 75
28 76
28 77
28 78
28 79
28 80
28 84
28 86
28 87
28 88
28 90
28 91
28 92
28 94
28 95
28 96
28 100
28 102
28 103
28 104
28 106
28 107
28 108
28 109
28 110
28 111
28 112
28 116
28 118
28 119
28 120
28 124
28 132
28 134
28 135
28 136
28 138
28 139
28 140
28 141
28 142
28 143
28 144
28 148
28 150
28 151
28 152
28 154
28 155
28 156
28 158
28 159
28 160
28 164
28 166
28 167
28 168
28 172
28 174
28 176
28 180
28 182
28 183
28 184
28 188
28 196
28 198
28 199
28 200
28 204
28 206
28 208
28 220
28 260
28 262
28 263
28 264
28 266
28 267
28 268
28 269
28 270
28 271
28 272
28 276
28 278
28 279
28 280
28 282
28 283
28 284
28 286
28 287
28 288
28 292
28 294
28 295
28 296
28 300
28 302
28 304
28 308
28 310
28 311
28 312
28 316
28 324
28 326
28 327
28 328
28 332
28 334
28 336
28 348
28 388
28 390
28 391
28 392
28 396
28 398
28 400
28 412
29 30
29 31
29 32
29 37
29 39
29 40
29 41
29 42
29 43
29 44
29 45
29 46
29 47
29 48
29 49
29 50
29 51
29 52
29 53
29 54
29 55
29 56
29 57
29 58
29 59
29 60
29 61
29 62
29 63
29 69
29 71
29 72
29 73
29 74
29 75
29 76
29 77
29 78
29 79
29 80
29 85
29 87
29 88
29 89
29 90
29 91
29 93
29 94
29 95
29 101
29 103
29 104
29 105
29 106
29 107
29 109
29 111
29 113
29 114
29 115
29 116
29 117
29 118
29 119
29 121
29 122
29 123
29 125
29 133
29 135
29 136
29 137
29 138
29 139
29 140
29 141
29 142
29 143
29 144
29 149
29 151
29 152
29 153
29 154
29 155
29 157
29 158
29 159
29 165
29 167
29 168
29 173
29 175
29 181
29 185
29 186
29 187
29 189
29 197
29 199
29 200
29 205
29 207
29 221
29 261
29 263
29 264
29 265
29 266
29 267
29 268
29 269
29 270
29 271
29 272
29 277
29 279
29 280
29 281
29 282
29 283
29 285
29 286
29 287
29 293
29 295
29 296
29 301
29 303
29 309
29 313
29 314
29 315
29 317
29 325
29 327
29 328
29 333
29 335
29 349
29 389
29 391
29 392
29 397
29 399
29 413
30 31
30 32
30 38
30 39
30 40
30 42
30 43
30 44
30 45
30 46
30 47
30 48
30 50
30 51
30 52
30 53
30 54
30 55
30 56
30 57
30 58
30 59
30 60
30 61
30 62
30 63
30 64
30 70
30 71
30 72
30 74
30 75
30 76
30 77
30 78
30 79
30 80
30 86
30 87
30 88
30 90
30 91
30 92
30 93
30 94
30 95
30 96
30 102
30 103
30 104
30 106
30 107
30 108
30 110
30 111
30 112
30 114
30 115
30 116
30 117
30 118
30 119
30 120
30 122
30 123
30 124
30 126
30 134
30 135
30 136
30 138
30 139
30 140
30 141
30 142
30 143
30 144
30 150
30 151
30 152
30 154
30 155
30 156
30 157
30 158
30 159
30 160
30 166
30 167
30 168
30 174
30 175
30 176
30 182
30 186
30 187
30 188
30 190
30 198
30 199
30 200
30 206
30 207
30 208
30 222
30 262
30 263
30 264
30 266
30 267
30 268
30 269
30 270
30 271
30 272
30 278
30 279
30 280
30 282
30 283
30 284
30 285
30 286
30 287
30 288
30 294
30 295
30 296
30 302
30 303
30 304
30 310
30 314
30 315
30 316
30 318
30 326
30 327
30 328
30 334
30 335
30 336
30 350
30 390
30 391
30 392
30 398
30 399
30 400
30 414
31 32
31 39
31 40
31 43
31 44
31 45
31 46
31 47
31 48
31 51
31 52
31 53
31 54
31 55
31 56
31 57
31 58
31 59
31 60
31 61
31 62
31 63
31 64
31 71
31 72
31 75
31 76
31 77
31 78
31 79
31 80
31 87
31 88
31 91
31 92
31 93
31 94
31 95
31 96
31 103
31 104
31 107
31 109
31 110
31 111
31 112
31 115
31 117
31 118
31 119
31 121
31 122
31 123
31 124
31 125
31 126
31 127
31 135
31 136
31 139
31 140
31 141
31 142
31 143
31 144
31 151
31 152
31 155
31 156
31 157
31 158
31 159
31 160
31 167
31 168
31 175
31 176
31 183
31 187
31 189
31 190
31 191
31 199
31 200
31 207
31 208
31 223
31 263
31 264
31 267
31 268
31 269
31 270
31 271
31 272
31 279
31 280
31 283
31 284
31 285
31 286
31 287
31 288
31 295
31 296
31 303
31 304
31 311
31 315
31 317
31 318
31 319
31 327
31 328
31 335
31 336
31 351
31 391
31 392
31 399
31 400
31 415
32 40
32 44
32 46
32 47
32 48
32 52
32 54
32 55
32 56
32 58
32 59
32 60
32 61
32 62
32 63
32 64
32 72
32 76
32 78
32 79
32 80
32 88
32 92
32 94
32 95
32 96
32 104
32 108
32 110
32 111
32 112
32 116
32 118
32 119
32 120
32 122
32 123
32 124
32 125
32 126
32 127
32 128
32 136
32 140
32 142
32 143
32 144
32 152
32 156
32 158
32 159
32 160
32 168
32 176
32 184
32 188
32 190
32 191
32 192
32 200
32 208
32 224
32 264
32 268
32 270
32 271
32 272
32 280
32 284
32 286
32 287
32 288
32 296
32 304
32 312
32 316
32 318
32 319
32 320
32 328
32 336
32 352
32 392
32 400
32 416
33 34
33 35
33 36
33 37
33 38
33 39
33 41
33 42
33 43
33 45
33 49
33 50
33 51
33 53
33 57
33 65
33 66
33 67
33 68
33 69
33 70
33 71
33 73
33 74
33 75
33 77
33 81
33 82
33 83
33 85
33 89
33 97
33 98
33 99
33 101
33 105
33 113
33 129
33 130
33 131
33 132
33 133
33 134
33 135
33 137
33 138
33 139
33 141
33 145
33 146
33 147
33 149
33 153
33 161
33 162
33 163
33 165
33 169
33 177
33 193
33 194
33 195
33 197
33 201
33 209
33 225
33 257
33 258
33 259
33 261
33 265
33 273
33 274
33 275
33 277
33 281
33 289
33 290
33 291
33 293
33 297
33 305
33 321
33 322
33 323
33 325
33 329
33 337
33 353
33 385
33 393
33 401
33 417
34 35
34 36
34 37
34 38
34 39
34 40
34 41
34 42
34 43
34 44
34 45
34 46
34 49
34 50
34 51
34 52
34 53
34 54
34 57
34 58
34 65
34 66
34 67
34 68
34 69
34 70
34 71
34 72
34 73
34 74
34 75
34 76
34 77
34 78
34 81
34 82
34 83
34 84
34 85
34 86
34 89
34 90
34 97
34 98
34 99
34 100
34 101
34 102
34 105
34 106
34 113
34 114
34 129
34 130
34 131
34 132
34 133
34 134
34 135
34 136
34 137
34 138
34 139
34 140
34 142
34 145
34 146
34 147
34 148
34 149
34 150
34 153
34 154
34 161
34 162
34 163
34 164
34 165
34 166
34 169
34 170
34 177
34 178
34 193
34 194
34 195
34 196
34 198
34 201
34 202
34 209
34 210
34 226
34 257
34 258
34 259
34 260
34 261
34 262
34 265
34 266
34 273
34 274
34 275
34 276
34 277
34 278
34 281
34 282
34 289
34 290
34 291
34 292
34 293
34 294
34 297
34 298
34 305
34 306
34 321
34 322
34 323
34 324
34 326
34 329
34 330
34 337
34 338
34 354
34 385
34 386
34 393
34 394
34 401
34 402
34 418
35 36
35 37
35 38
35 39
35 40
35 41
35 42
35 43
35 44
35 45
35 46
35 47
35 49
35 50
35 51
35 52
35 53
35 54
35 55
35 57
35 58
35 59
35 65
35 66
35 67
35 68
35 69
35 70
35 71
35 72
35 73
35 74
35 75
35 76
35 77
35 78
35 79
35 81
35 82
35 83
35 84
35 85
35 86
35 87
35 89
35 90
35 91
35 97
35 98
35 99
35 100
35 101
35 102
35 103
35 105
35 106
35 107
35 113
35 114
35 115
35 129
35 130
35 131
35 132
35 133
35 134
35 135
35 137
35 138
35 139
35 140
35 141
35 142
35 143
35 145
35 146
35 147
35 148
35 149
35 150
35 151
35 153
35 154
35 155
35 161
35 162
35 163
35 164
35 165
35 166
35 167
35 169
35 170
35 171
35 177
35 178
35 179
35 193
35 194
35 195
35 197
35 198
35 199
35 201
35 202
35 203
35 209
35 210
35 211
35 227
35 257
35 258
35 259
35 260
35 261
35 262
35 263
35 265
35 266
35 267
35 273
35 274
35 275
35 276
35 277
35 278
35 279
35 281
35 282
35 283
35 289
35 290
35 291
35 292
35 293
35 294
35 295
35 297
35 298
35 299
35 305
35 306
35 307
35 321
35 322
35 323
35 325
35 326
35 327
35 329
35 330
35 331
35 337
35 338
35 339
35 355
35 385
35 386
35 387
35 393
35 394
35 395
35 401
35 402
35 403
35 419
36 37
36 38
36 39
36 40
36 41
36 42
36 43
36 44
36 45
36 46
36 47
36 48
36 49
36 50
36 51
36 52
36 53
36 54
36 55
36 56
36 57
36 58
36 60
36 66
36 67
36 68
36 69
36 70
36 71
36 72
36 73
36 74
36 75
36 76
36 77
36 78
36 79
36 80
36 81
36 82
36 83
36 84
36 85
36 86
36 87
36 88
36 89
36 90
36 92
36 98
36 99
36 100
36 102
36 103
36 104
36 105
36 106
36 108
36 114
36 116
36 130
36 131
36 132
36 134
36 135
36 136
36 137
36 138
36 139
36 140
36 141
36 142
36 143
36 144
36 145
36 146
36 147
36 148
36 149
36 150
36 151
36 152
36 153
36 154
36 156
36 162
36 163
36 164
36 166
36 167
36 168
36 169
36 170
36 172
36 178
36 180
36 194
36 196
36 198
36 199
36 200
36 201
36 202
36 204
36 210
36 212
36 228
36 258
36 259
36 260
36 262
36 263
36 264
36 265
36 266
36 268
36 273
36 274
36 275
36 276
36 277
36 278
36 279
36 280
36 281
36 282
36 284
36 290
36 291
36 292
36 294
36 295
36 296
36 297
36 298
36 300
36 306
36 308
36 322
36 324
36 326
36 327
36 328
36 329
36 330
36 332
36 338
36 340
36 356
36 386
36 388
36 393
36 394
36 396
36 402
36 404
36 420
37 38
37 39
37 40
37 41
37 42
37 43
37 44
37 45
37 46
37 47
37 49
37 50
37 51
37 52
37 53
37 54
37 55
37 57
37 58
37 59
37 61
37 65
37 66
37 67
37 68
37 69
37 70
37 71
37 73
37 74
37 75
37 76
37 77
37 78
37 79
37 81
37 82
37 83
37 84
37 85
37 86
37 87
37 89
37 90
37 91
37 93
37 97
37 98
37 99
37 101
37 102
37 103
37 105
37 106
37 107
37 109
37 113
37 115
37 117
37 129
37 130
37 131
37 133
37 134
37 135
37 137
37 138
37 139
37 141
37 145
37 146
37 147
37 148
37 149
37 150
37 151
37 153
37 154
37 155
37 157
37 161
37 162
37 163
37 165
37 166
37 167
37 169
37 170
37 171
37 173
37 177
37 179
37 181
37 193
37 195
37 197
37 201
37 202
37 203
37 205
37 209
37 211
37 213
37 229
37 257
37 258
37 259
37 261
37 262
37 263
37 265
37 266
37 267
37 269
37 273
37 274
37 275
37 276
37 277
37 278
37 279
37 281
37 282
37 283
37 285
37 289
37 290
37 291
37 293
37 294
37 295
37 297
37 298
37 299
37 301
37 305
37 307
37 309
37 321
37 323
37 325
37 329
37 330
37 331
37 333
37 337
37 339
37 341
37 357
37 385
37 387
37 389
37 393
37 394
37 395
37 397
37 401
37 403
37 405
37 421
38 39
38 40
38 41
38 42
38 43
38 44
38 45
38 46
38 47
38 48
38 49
38 50
38 51
38 52
38 53
38 54
38 55
38 56
38 57
38 58
38 59
38 60
38 62
38 66
38 67
38 68
38 69
38 70
38 71
38 72
38 73
38 74
38 75
38 76
38 77
38 78
38 79
38 80
38 81
38 82
38 83
38 84
38 85
38 86
38 87
38 88
38 89
38 90
38 91
38 92
38 94
38 98
38 99
38 100
38 101
38 102
38 103
38 104
38 105
38 106
38 107
38 108
38 110
38 114
38 115
38 116
38 118
38 130
38 131
38 132
38 133
38 134
38 135
38 136
38 137
38 138
38 139
38 140
38 142
38 145
38 146
38 147
38 148
38 149
38 150
38 151
38 152
38 153
38 154
38 155
38 156
38 158
38 162
38 163
38 164
38 165
38 166
38 167
38 168
38 169
38 170
38 171
38 172
38 174
38 178
38 179
38 180
38 182
38 194
38 195
38 196
38 198
38 201
38 202
38 203
38 204
38 206
38 210
38 211
38 212
38 214
38 230
38 258
38 259
38 260
38 261
38 262
38 263
38 264
38 265
38 266
38 267
38 268
38 270
38 273
38 274
38 275
38 276
38 277
38 278
38 279
38 280
38 281
38 282
38 283
38 284
38 286
38 290
38 291
38 292
38 293
38 294
38 295
38 296
38 297
38 298
38 299
38 300
38 302
38 306
38 307
38 308
38 310
38 322
38 323
38 324
38 326
38 329
38 330
38 331
38 332
38 334
38 338
38 339
38 340
38 342
38 358
38 386
38 387
38 388
38 390
38 393
38 394
38 395
38 396
38 398
38 402
38 403
38 404
38 406
38 422
39 40
39 41
39 42
39 43
39 44
39 45
39 46
39 47
39 48
39 49
39 50
39 51
39 52
39 53
39 54
39 55
39 56
39 57
39 58
39 59
39 60
39 61
39 62
39 63
39 67
39 68
39 69
39 70
39 71
39 72
39 73
39 74
39 75
39 76
39 77
39 78
39 79
39 80
39 81
39 82
39 83
39 84
39 85
39 86
39 87
39 88
39 89
39 90
39 91
39 92
39 93
39 94
39 95
39 99
39 100
39 101
39 102
39 103
39 104
39 105
39 106
39 107
39 108
39 109
39 110
39 111
39 115
39 116
39 119
39 131
39 132
39 133
39 134
39 135
39 136
39 137
39 138
39 139
39 140
39 141
39 142
39 143
39 145
39 146
39 147
39 148
39 149
39 150
39 151
39 152
39 153
39 154
39 155
39 156
39 157
39 158
39 159
39 163
39 164
39 165
39 166
39 167
39 168
39 169
39 170
39 171
39 172
39 173
39 174
39 175
39 179
39 180
39 183
39 195
39 196
39 199
39 201
39 202
39 203
39 204
39 205
39 206
39 207
39 211
39 212
39 215
39 231
39 259
39 260
39 261
39 262
39 263
39 264
39 265
39 266
39 267
39 268
39 269
39 270
39 271
39 273
39 274
39 275
39 276
39 277
39 278
39 279
39 280
39 281
39 282
39 283
39 284
39 285
39 286
39 287
39 291
39 292
39 293
39 294
39 295
39 296
39 297
39 298
39 299
39 300
39 301
39 302
39 303
39 307
39 308
39 311
39 323
39 324
39 327
39 329
39 330
39 331
39 332
39 333
39 334
39 335
39 339
39 340
39 343
39 359
39 387
39 388
39 391
39 393
39 394
39 395
39 396
39 399
39 403
39 404
39 407
39 423
40 42
40 43
40 44
40 45
40 46
40 47
40 48
40 50
40 51
40 52
40 54
40 55
40 56
40 58
40 59
40 60
40 61
40 62
40 63
40 64
40 68
40 70
40 71
40 72
40 74
40 75
40 76
40 77
40 78
40 79
40 80
40 82
40 83
40 84
40 86
40 87
40 88
40 90
40 91
40 92
40 93
40 94
40 95
40 96
40 100
40 102
40 103
40 104
40 106
40 108
40 110
40 111
40 112
40 116
40 120
40 132
40 134
40 135
40 136
40 138
40 140
40 142
40 143
40 144
40 146
40 147
40 148
40 150
40 151
40 152
40 154
40 155
40 156
40 157
40 158
40 159
40 160
40 164
40 166
40 167
40 168
40 170
40 172
40 174
40 175
40 176
40 180
40 184
40 196
40 200
40 202
40 204
40 206
40 207
40 208
40 212
40 216
40 232
40 260
40 262
40 263
40 264
40 266
40 268
40 270
40 271
40 272
40 274
40 275
40 276
40 278
40 279
40 280
40 282
40 284
40 286
40 287
40 288
40 292
40 294
40 295
40 296
40 298
40 300
40 302
40 303
40 304
40 308
40 312
40 324
40 328
40 330
40 332
40 334
40 335
40 336
40 340
40 344
40 360
40 388
40 392
40 394
40 396
40 400
40 404
40 408
40 424
41 42
41 43
41 44
41 45
41 46
41 47
41 49
41 50
41 51
41 52
41 53
41 54
41 55
41 57
41 58
41 59
41 61
41 65
41 66
41 67
41 68
41 69
41 70
41 71
41 73
41 74
41 75
41 77
41 81
41 82
41 83
41 84
41 85
41 86
41 87
41 89
41 90
41 91
41 93
41 97
41 98
41 99
41 100
41 101
41 102
41 103
41 105
41 106
41 107
41 109
41 113
41 114
41 115
41 117
41 121
41 129
41 130
41 131
41 133
41 137
41 138
41 139
41 141
41 145
41 146
41 147
41 149
41 150
41 151
41 153
41 154
41 155
41 157
41 161
41 162
41 163
41 164
41 165
41 166
41 167
41 169
41 170
41 171
41 173
41 177
41 178
41 179
41 181
41 185
41 193
41 197
41 201
41 203
41 205
41 209
41 210
41 211
41 213
41 217
41 233
41 257
41 258
41 259
41 261
41 265
41 266
41 267
41 269
41 273
41 274
41 275
41 277
41 278
41 279
41 281
41 282
41 283
41 285
41 289
41 290
41 291
41 293
41 297
41 298
41 299
41 301
41 305
41 306
41 307
41 309
41 313
41 321
41 325
41 329
41 331
41 333
41 337
41 338
41 339
41 341
41 345
41 361
41 385
41 389
41 393
41 395
41 397
41 401
41 405
41 409
41 425
42 43
42 44
42 45
42 46
42 47
42 48
42 49
42 50
42 51
42 52
42 53
42 54
42 55
42 56
42 57
42 58
42 59
42 60
42 61
42 62
42 66
42 67
42 68
42 69
42 70
42 71
42 72
42 73
42 74
42 75
42 76
42 77
42 78
42 81
42 82
42 83
42 84
42 85
42 86
42 87
42 88
42 89
42 90
42 91
42 92
42 93
42 94
42 98
42 99
42 100
42 101
42 102
42 103
42 104
42 105
42 106
42 107
42 108
42 109
42 110
42 114
42 115
42 116
42 117
42 118
42 122
42 130
42 131
42 132
42 133
42 134
42 137
42 138
42 139
42 140
42 141
42 142
42 145
42 146
42 147
42 148
42 149
42 150
42 151
42 152
42 153
42 154
42 155
42 156
42 157
42 158
42 162
42 163
42 164
42 165
42 166
42 167
42 168
42 169
42 170
42 171
42 172
42 173
42 174
42 178
42 179
42 180
42 181
42 182
42 186
42 194
42 197
42 198
42 201
42 202
42 203
42 204
42 205
42 206
42 210
42 211
42 212
42 213
42 214
42 218
42 234
42 258
42 259
42 260
42 261
42 262
42 265
42 266
42 267
42 268
42 269
42 270
42 273
42 274
42 275
42 276
42 277
42 278
42 279
42 280
42 281
42 282
42 283
42 284
42 285
42 286
42 290
42 291
42 292
42 293
42 294
42 297
42 298
42 299
42 300
42 301
42 302
42 306
42 307
42 308
42 309
42 310
42 314
42 322
42 325
42 326
42 329
42 330
42 331
42 332
42 333
42 334
42 338
42 339
42 340
42 341
42 342
42 346
42 362
42 386
42 389
42 390
42 393
42 394
42 395
42 396
42 397
42 398
42 402
42 405
42 406
42 410
42 426
43 44
43 45
43 46
43 47
43 48
43 49
43 50
43 51
43 52
43 53
43 54
43 55
43 56
43 57
43 58
43 59
43 60
43 61
43 62
43 63
43 67
43 69
43 70
43 71
43 73
43 74
43 75
43 76
43 77
43 78
43 79
43 81
43 82
43 83
43 84
43 85
43 86
43 87
43 88
43 89
43 90
43 91
43 92
43 93
43 94
43 95
43 99
43 101
43 102
43 103
43 105
43 106
43 107
43 108
43 109
43 110
43 111
43 115
43 117
43 118
43 119
43 123
43 131
43 133
43 134
43 135
43 137
43 138
43 139
43 140
43 141
43 142
43 143
43 145
43 146
43 147
43 148
43 149
43 150
43 151
43 152
43 153
43 154
43 155
43 156
43 157
43 158
43 159
43 163
43 165
43 166
43 167
43 169
43 170
43 171
43 172
43 173
43 174
43 175
43 179
43 181
43 182
43 183
43 187
43 195
43 197
43 198
43 199
43 201
43 202
43 203
43 204
43 205
43 206
43 207
43 211
43 213
43 214
43 215
43 219
43 235
43 259
43 261
43 262
43 263
43 265
43 266
43 267
43 268
43 269
43 270
43 271
43 273
43 274
43 275
43 276
43 277
43 278
43 279
43 280
43 281
43 282
43 283
43 284
43 285
43 286
43 287
43 291
43 293
43 294
43 295
43 297
43 298
43 299
43 300
43 301
43 302
43 303
43 307
43 309
43 310
43 311
43 315
43 323
43 325
43 326
43 327
43 329
43 330
43 331
43 332
43 333
43 334
43 335
43 339
43 341
43 342
43 343
43 347
43 363
43 387
43 389
43 390
43 391
43 393
43 394
43 395
43 396
43 397
43 398
43 399
43 403
43 405
43 406
43 407
43 411
43 427
44 45
44 46
44 47
44 48
44 50
44 51
44 52
44 53
44 54
44 55
44 56
44 58
44 59
44 60
44 61
44 62
44 63
44 64
44 68
44 70
44 71
44 72
44 74
44 75
44 76
44 77
44 78
44 79
44 80
44 82
44 83
44 84
44 85
44 86
44 87
44 88
44 90
44 91
44 92
44 93
44 94
44 95
44 96
44 100
44 102
44 103
44 104
44 106
44 107
44 108
44 109
44 110
44 111
44 112
44 116
44 118
44 119
44 120
44 124
44 132
44 134
44 135
44 136
44 138
44 139
44 140
44 142
44 143
44 144
44 146
44 147
44 148
44 149
44 150
44 151
44 152
44 154
44 155
44 156
44 158
44 159
44 160
44 164
44 166
44 167
44 168
44 170
44 171
44 172
44 173
44 174
44 175
44 176
44 180
44 182
44 183
44 184
44 188
44 196
44 198
44 200
44 202
44 203
44 204
44 206
44 208
44 212
44 214
44 215
44 216
44 220
44 236
44 260
44 262
44 263
44 264
44 266
44 267
44 268
44 270
44 271
44 272
44 274
44 275
44 276
44 277
44 278
44 279
44 280
44 282
44 283
44 284
44 286
44 287
44 288
44 292
44 294
44 295
44 296
44 298
44 299
44 300
44 302
44 303
44 304
44 308
44 310
44 311
44 312
44 316
44 324
44 326
44 328
44 330
44 331
44 332
44 334
44 336
44 340
44 342
44 343
44 344
44 348
44 364
44 388
44 390
44 392
44 394
44 395
44 396
44 398
44 400
44 404
44 406
44 408
44 412
44 428
45 46
45 47
45 48
45 49
45 50
45 51
45 52
45 53
45 54
45 55
45 56
45 57
45 58
45 59
45 60
45 61
45 62
45 63
45 69
45 71
45 73
45 74
45 75
45 76
45 77
45 78
45 79
45 81
45 82
45 83
45 84
45 85
45 86
45 87
45 88
45 89
45 90
45 91
45 92
45 93
45 94
45 95
45 101
45 103
45 105
45 106
45 107
45 108
45 109
45 110
45 111
45 113
45 114
45 115
45 116
45 117
45 118
45 119
45 121
45 122
45 123
45 125
45 133
45 135
45 137
45 138
45 139
45 140
45 141
45 142
45 143
45 145
45 146
45 147
45 148
45 149
45 150
45 151
45 152
45 153
45 154
45 155
45 156
45 157
45 158
45 159
45 165
45 167
45 169
45 170
45 171
45 172
45 173
45 174
45 175
45 177
45 178
45 179
45 180
45 181
45 182
45 183
45 185
45 186
45 187
45 189
45 197
45 199
45 201
45 203
45 204
45 205
45 207
45 213
45 215
45 217
45 218
45 219
45 221
45 237
45 261
45 263
45 265
45 266
45 267
45 268
45 269
45 270
45 271
45 273
45 274
45 275
45 276
45 277
45 278
45 279
45 280
45 281
45 282
45 283
45 284
45 285
45 286
45 287
45 293
45 295
45 297
45 298
45 299
45 300
45 301
45 302
45 303
45 309
45 311
45 313
45 314
45 315
45 317
45 325
45 327
45 329
45 331
45 332
45 333
45 335
45 341
45 343
45 345
45 346
45 347
45 349
45 365
45 389
45 391
45 393
45 395
45 396
45 397
45 399
45 405
45 407
45 413
45 429
46 47
46 48
46 50
46 51
46 52
46 53
46 54
46 55
46 56
46 57
46 58
46 59
46 60
46 61
46 62
46 63
46 64
46 70
46 71
46 72
46 74
46 75
46 76
46 77
46 78
46 79
46 80
46 82
46 83
46 84
46 85
46 86
46 87
46 88
46 89
46 90
46 91
46 92
46 93
46 94
46 95
46 96
46 102
46 103
46 104
46 106
46 107
46 108
46 109
46 110
46 111
46 112
46 114
46 115
46 116
46 117
46 118
46 119
46 120
46 122
46 123
46 124
46 126
46 134
46 135
46 136
46 138
46 139
46 140
46 141
46 142
46 143
46 144
46 146
46 147
46 148
46 149
46 150
46 151
46 152
46 154
46 155
46 156
46 157
46 158
46 159
46 160
46 166
46 167
46 168
46 170
46 171
46 172
46 173
46 174
46 175
46 176
46 178
46 179
46 180
46 181
46 182
46 183
46 184
46 186
46 187
46 188
46 190
46 198
46 199
46 200
46 202
46 203
46 204
46 206
46 207
46 208
46 214
46 215
46 216
46 218
46 219
46 220
46 222
46 238
46 262
46 263
46 264
46 266
46 267
46 268
46 269
46 270
46 271
46 272
46 274
46 275
46 276
46 277
46 278
46 279
46 280
46 282
46 283
46 284
46 285
46 286
46 287
46 288
46 294
46 295
46 296
46 298
46 299
46 300
46 301
46 302
46 303
46 304
46 310
46 311
46 312
46 314
46 315
46 316
46 318
46 326
46 327
46 328
46 330
46 331
46 332
46 334
46 335
46 336
46 342
46 343
46 344
46 346
46 347
46 348
46 350
46 366
46 390
46 391
46 392
46 394
46 395
46 396
46 398
46 399
46 400
46 406
46 407
46 408
46 414
46 430
47 48
47 51
47 52
47 53
47 54
47 55
47 56
47 57
47 58
47 59
47 60
47 61
47 62
47 63
47 64
47 71
47 72
47 75
47 76
47 77
47 78
47 79
47 80
47 83
47 84
47 85
47 86
47 87
47 88
47 89
47 90
47 91
47 92
47 93
47 94
47 95
47 96
47 103
47 104
47 107
47 108
47 109
47 110
47 111
47 112
47 115
47 117
47 118
47 119
47 120
47 121
47 122
47 123
47 124
47 125
47 126
47 127
47 135
47 136
47 139
47 140
47 141
47 142
47 143
47 144
47 147
47 148
47 149
47 150
47 151
47 152
47 155
47 156
47 157
47 158
47 159
47 160
47 167
47 168
47 171
47 172
47 173
47 174
47 175
47 176
47 179
47 181
47 182
47 183
47 184
47 185
47 186
47 187
47 188
47 189
47 190
47 191
47 199
47 200
47 203
47 204
47 207
47 208
47 215
47 216
47 219
47 221
47 222
47 223
47 239
47 263
47 264
47 267
47 268
47 269
47 270
47 271
47 272
47 275
47 276
47 277
47 278
47 279
47 280
47 283
47 284
47 285
47 286
47 287
47 288
47 295
47 296
47 299
47 300
47 301
47 302
47 303
47 304
47 311
47 312
47 315
47 317
47 318
47 319
47 327
47 328
47 331
47 332
47 335
47 336
47 343
47 344
47 347
47 349
47 350
47 351
47 367
47 391
47 392
47 395
47 396
47 399
47 400
47 407
47 408
47 415
47 431
48 52
48 54
48 55
48 56
48 58
48 59
48 60
48 61
48 62
48 63
48 64
48 72
48 76
48 78
48 79
48 80
48 84
48 86
48 87
48 88
48 90
48 91
48 92
48 93
48 94
48 95
48 96
48 104
48 108
48 110
48 111
48 112
48 116
48 118
48 119
48 120
48 122
48 123
48 124
48 125
48 126
48 127
48 128
48 136
48 140
48 142
48 143
48 144
48 148
48 150
48 151
48 152
48 156
48 158
48 159
48 160
48 168
48 172
48 174
48 175
48 176
48 180
48 182
48 183
48 184
48 186
48 187
48 188
48 189
48 190
48 191
48 192
48 200
48 204
48 208
48 216
48 220
48 222
48 223
48 224
48 240
48 264
48 268
48 270
48 271
48 272
48 276
48 278
48 279
48 280
48 284
48 286
48 287
48 288
48 296
48 300
48 302
48 303
48 304
48 312
48 316
48 318
48 319
48 320
48 328
48 332
48 336
48 344
48 348
48 350
48 351
48 352
48 368
48 392
48 396
48 400
48 408
48 416
48 432
49 50
49 51
49 52
49 53
49 54
49 55
49 57
49 58
49 59
49 61
49 65
49 66
49 67
49 68
49 69
49 70
49 71
49 73
49 74
49 75
49 77
49 81
49 82
49 83
49 85
49 89
49 90
49 91
49 93
49 97
49 98
49 99
49 100
49 101
49 102
49 103
49 105
49 106
49 107
49 109
49 113
49 114
49 115
49 117
49 121
49 129
49 130
49 131
49 133
49 137
49 141
49 145
49 146
49 147
49 149
49 153
49 154
49 155
49 157
49 161
49 162
49 163
49 165
49 169
49 173
49 177
49 178
49 179
49 181
49 185
49 193
49 194
49 195
49 196
49 197
49 198
49 199
49 201
49 202
49 203
49 205
49 209
49 210
49 211
49 213
49 217
49 225
49 226
49 227
49 229
49 233
49 241
49 257
49 258
49 259
49 261
49 265
49 269
49 273
49 274
49 275
49 277
49 281
49 282
49 283
49 285
49 289
49 290
49 291
49 293
49 297
49 301
49 305
49 306
49 307
49 309
49 313
49 321
49 329
49 333
49 337
49 345
49 353
49 354
49 355
49 357
49 361
49 369
49 385
49 393
49 397
49 401
49 409
49 433
50 51
50 52
50 53
50 54
50 55
50 56
50 57
50 58
50 59
50 60
50 61
50 62
50 66
50 67
50 68
50 69
50 70
50 71
50 72
50 73
50 74
50 75
50 76
50 77
50 78
50 81
50 82
50 83
50 84
50 85
50 86
50 89
50 90
50 91
50 92
50 93
50 94
50 97
50 98
50 99
50 100
50 101
50 102
50 103
50 104
50 105
50 106
50 107
50 108
50 109
50 110
50 113
50 114
50 115
50 116
50 117
50 118
50 121
50 122
50 130
50 131
50 132
50 134
50 137
50 138
50 141
50 142
50 145
50 146
50 147
50 148
50 149
50 150
50 153
50 154
50 155
50 156
50 157
50 158
50 162
50 163
50 164
50 166
50 169
50 170
50 173
50 174
50 177
50 178
50 179
50 180
50 181
50 182
50 185
50 186
50 194
50 195
50 196
50 197
50 198
50 199
50 200
50 201
50 202
50 203
50 204
50 205
50 206
50 210
50 211
50 212
50 214
50 217
50 218
50 226
50 227
50 228
50 230
50 234
50 242
50 258
50 259
50 260
50 262
50 265
50 266
50 269
50 270
50 273
50 274
50 275
50 276
50 277
50 278
50 281
50 282
50 283
50 284
50 285
50 286
50 290
50 291
50 292
50 294
50 297
50 298
50 301
50 302
50 305
50 306
50 307
50 308
50 309
50 310
50 313
50 314
50 322
50 329
50 330
50 333
50 334
50 338
50 345
50 346
50 354
50 355
50 356
50 358
50 362
50 370
50 386
50 393
50 394
50 397
50 398
50 402
50 409
50 410
50 434
51 52
51 53
51 54
51 55
51 56
51 57
51 58
51 59
51 60
51 61
51 62
51 63
51 67
51 69
51 70
51 71
51 73
51 74
51 75
51 76
51 77
51 78
51 79
51 81
51 82
51 83
51 84
51 85
51 86
51 87
51 89
51 90
51 91
51 92
51 93
51 94
51 95
51 97
51 98
51 99
51 100
51 101
51 102
51 103
51 104
51 105
51 106
51 107
51 108
51 109
51 110
51 111
51 113
51 114
51 115
51 116
51 117
51 118
51 119
51 121
51 122
51 123
51 131
51 133
51 134
51 135
51 137
51 138
51 139
51 141
51 142
51 143
51 145
51 146
51 147
51 148
51 149
51 150
51 151
51 153
51 154
51 155
51 156
51 157
51 158
51 159
51 163
51 165
51 166
51 167
51 169
51 170
51 171
51 173
51 174
51 175
51 177
51 178
51 179
51 180
51 181
51 182
51 183
51 185
51 186
51 187
51 195
51 197
51 198
51 199
51 201
51 202
51 203
51 204
51 205
51 206
51 207
51 211
51 213
51 214
51 215
51 217
51 218
51 219
51 227
51 229
51 230
51 231
51 235
51 243
51 259
51 261
51 262
51 263
51 265
51 266
51 267
51 269
51 270
51 271
51 273
51 274
51 275
51 276
51 277
51 278
51 279
51 281
51 282
51 283
51 284
51 285
51 286
51 287
51 291
51 293
51 294
51 295
51 297
51 298
51 299
51 301
51 302
51 303
51 305
51 306
51 307
51 308
51 309
51 310
51 311
51 313
51 314
51 315
51 323
51 329
51 330
51 331
51 333
51 334
51 335
51 339
51 345
51 346
51 347
51 355
51 357
51 358
51 359
51 363
51 371
51 387
51 393
51 394
51 395
51 397
51 398
51 399
51 403
51 409
51 410
51 411
51 435
52 53
52 54
52 55
52 56
52 57
52 58
52 59
52 60
52 61
52 62
52 63
52 64
52 68
52 70
52 71
52 72
52 74
52 75
52 76
52 77
52 78
52 79
52 80
52 82
52 83
52 84
52 85
52 86
52 87
52 88
52 89
52 90
52 91
52 92
52 93
52 94
52 95
52 96
52 98
52 99
52 100
52 101
52 102
52 103
52 104
52 106
52 107
52 108
52 109
52 110
52 111
52 112
52 114
52 115
52 116
52 118
52 119
52 120
52 122
52 124
52 132
52 134
52 135
52 136
52 138
52 140
52 141
52 142
52 144
52 146
52 147
52 148
52 149
52 150
52 151
52 152
52 153
52 154
52 155
52 156
52 157
52 158
52 159
52 160
52 164
52 166
52 167
52 168
52 170
52 172
52 173
52 174
52 176
52 178
52 179
52 180
52 182
52 183
52 184
52 186
52 188
52 196
52 198
52 199
52 200
52 202
52 203
52 204
52 205
52 206
52 207
52 208
52 212
52 214
52 215
52 216
52 218
52 220
52 228
52 230
52 231
52 232
52 236
52 244
52 260
52 262
52 263
52 264
52 266
52 268
52 269
52 270
52 272
52 274
52 275
52 276
52 277
52 278
52 279
52 280
52 281
52 282
52 283
52 284
52 285
52 286
52 287
52 288
52 292
52 294
52 295
52 296
52 298
52 300
52 301
52 302
52 304
52 306
52 307
52 308
52 310
52 311
52 312
52 314
52 316
52 324
52 330
52 332
52 333
52 334
52 336
52 340
52 346
52 348
52 356
52 358
52 359
52 360
52 364
52 372
52 388
52 394
52 396
52 397
52 398
52 400
52 404
52 410
52 412
52 436
53 54
53 55
53 56
53 57
53 58
53 59
53 60
53 61
53 62
53 63
53 69
53 73
53 74
53 75
53 77
53 78
53 79
53 81
53 82
53 83
53 84
53 85
53 86
53 87
53 89
53 90
53 91
53 92
53 93
53 94
53 95
53 97
53 98
53 99
53 100
53 101
53 102
53 103
53 105
53 106
53 107
53 108
53 109
53 110
53 111
53 113
53 114
53 115
53 116
53 117
53 118
53 119
53 121
53 122
53 123
53 125
53 133
53 137
53 138
53 139
53 141
53 142
53 143
53 145
53 146
53 147
53 149
53 150
53 151
53 153
53 154
53 155
53 156
53 157
53 158
53 159
53 165
53 169
53 170
53 171
53 173
53 174
53 175
53 177
53 178
53 179
53 181
53 182
53 183
53 185
53 186
53 187
53 189
53 197
53 201
53 202
53 203
53 205
53 206
53 207
53 209
53 210
53 211
53 212
53 213
53 214
53 215
53 217
53 218
53 219
53 221
53 229
53 233
53 234
53 235
53 237
53 245
53 261
53 265
53 266
53 267
53 269
53 270
53 271
53 273
53 274
53 275
53 277
53 278
53 279
53 281
53 282
53 283
53 284
53 285
53 286
53 287
53 293
53 297
53 298
53 299
53 301
53 302
53 303
53 305
53 306
53 307
53 309
53 310
53 311
53 313
53 314
53 315
53 317
53 325
53 329
53 331
53 333
53 334
53 335
53 341
53 345
53 347
53 349
53 357
53 361
53 362
53 363
53 365
53 373
53 389
53 393
53 395
53 397
53 398
53 399
53 405
53 409
53 411
53 413
53 437
54 55
54 56
54 57
54 58
54 59
54 60
54 61
54 62
54 63
54 64
54 70
54 74
54 75
54 76
54 77
54 78
54 79
54 80
54 82
54 83
54 84
54 85
54 86
54 87
54 88
54 89
54 90
54 91
54 92
54 93
54 94
54 95
54 96
54 98
54 99
54 100
54 101
54 102
54 103
54 104
54 105
54 106
54 107
54 108
54 109
54 110
54 111
54 112
54 114
54 115
54 116
54 117
54 118
54 119
54 120
54 122
54 123
54 124
54 126
54 134
54 138
54 139
54 140
54 141
54 142
54 143
54 144
54 146
54 147
54 148
54 149
54 150
54 151
54 152
54 153
54 154
54 155
54 156
54 157
54 158
54 159
54 160
54 166
54 170
54 171
54 172
54 173
54 174
54 175
54 176
54 178
54 179
54 180
54 181
54 182
54 183
54 184
54 186
54 187
54 188
54 190
54 198
54 202
54 203
54 204
54 205
54 206
54 207
54 208
54 210
54 211
54 212
54 213
54 214
54 215
54 216
54 218
54 219
54 220
54 222
54 230
54 234
54 235
54 236
54 238
54 246
54 262
54 266
54 267
54 268
54 269
54 270
54 271
54 272
54 274
54 275
54 276
54 277
54 278
54 279
54 280
54 281
54 282
54 283
54 284
54 285
54 286
54 287
54 288
54 294
54 298
54 299
54 300
54 301
54 302
54 303
54 304
54 306
54 307
54 308
54 309
54 310
54 311
54 312
54 314
54 315
54 316
54 318
54 326
54 330
54 331
54 332
54 333
54 334
54 335
54 336
54 342
54 346
54 347
54 348
54 350
54 358
54 362
54 363
54 364
54 366
54 374
54 390
54 394
54 395
54 396
54 397
54 398
54 399
54 400
54 406
54 410
54 411
54 412
54 414
54 438
55 56
55 57
55 58
55 59
55 60
55 61
55 62
55 63
55 64
55 71
55 75
55 76
55 77
55 78
55 79
55 80
55 83
55 84
55 85
55 86
55 87
55 88
55 89
55 90
55 91
55 92
55 93
55 94
55 95
55 96
55 99
55 100
55 101
55 102
55 103
55 104
55 105
55 106
55 107
55 108
55 109
55 110
55 111
55 112
55 115
55 116
55 117
55 118
55 119
55 120
55 121
55 122
55 123
55 124
55 125
55 126
55 127
55 135
55 139
55 140
55 141
55 142
55 143
55 144
55 147
55 148
55 149
55 150
55 151
55 152
55 153
55 154
55 155
55 156
55 157
55 158
55 159
55 160
55 167
55 171
55 172
55 173
55 174
55 175
55 176
55 179
55 180
55 181
55 182
55 183
55 184
55 187
55 188
55 189
55 190
55 191
55 199
55 203
55 204
55 205
55 206
55 207
55 208
55 211
55 213
55 214
55 215
55 217
55 218
55 219
55 220
55 221
55 222
55 223
55 231
55 235
55 237
55 238
55 239
55 247
55 263
55 267
55 268
55 269
55 270
55 271
55 272
55 275
55 276
55 277
55 278
55 279
55 280
55 281
55 282
55 283
55 284
55 285
55 286
55 287
55 288
55 295
55 299
55 300
55 301
55 302
55 303
55 304
55 307
55 308
55 309
55 310
55 311
55 312
55 315
55 316
55 317
55 318
55 319
55 327
55 331
55 332
55 333
55 334
55 335
55 336
55 343
55 347
55 348
55 351
55 359
55 363
55 365
55 366
55 367
55 375
55 391
55 395
55 396
55 397
55 398
55 399
55 400
55 407
55 411
55 412
55 415
55 439
56 58
56 59
56 60
56 61
56 62
56 63
56 64
56 72
56 76
56 78
56 79
56 80
56 84
56 86
56 87
56 88
56 90
56 91
56 92
56 93
56 94
56 95
56 96
56 100
56 102
56 103
56 104
56 106
56 107
56 108
56 109
56 110
56 111
56 112
56 116
56 118
56 119
56 120
56 122
56 123
56 124
56 125
56 126
56 127
56 128
56 136
56 140
56 142
56 143
56 144
56 148
56 150
56 151
56 152
56 154
56 155
56 156
56 158
56 159
56 160
56 168
56 172
56 174
56 175
56 176
56 180
56 182
56 183
56 184
56 188
56 190
56 191
56 192
56 200
56 204
56 206
56 207
56 208
56 212
56 214
56 215
56 216
56 218
56 219
56 220
56 221
56 222
56 223
56 224
56 232
56 236
56 238
56 239
56 240
56 248
56 264
56 268
56 270
56 271
56 272
56 276
56 278
56 279
56 280
56 282
56 283
56 284
56 286
56 287
56 288
56 296
56 300
56 302
56 303
56 304
56 308
56 310
56 311
56 312
56 316
56 318
56 319
56 320
56 328
56 332
56 334
56 336
56 344
56 348
56 352
56 360
56 364
56 366
56 367
56 368
56 376
56 392
56 396
56 398
56 400
56 408
56 412
56 416
56 440
57 58
57 59
57 60
57 61
57 62
57 63
57 73
57 77
57 79
57 81
57 82
57 83
57 85
57 87
57 89
57 90
57 91
57 93
57 94
57 95
57 97
57 98
57 99
57 100
57 101
57 102
57 103
57 105
57 106
57 107
57 109
57 111
57 113
57 114
57 115
57 116
57 117
57 118
57 119
57 121
57 122
57 123
57 125
57 137
57 141
57 143
57 145
57 146
57 147
57 149
57 151
57 153
57 154
57 155
57 157
57 158
57 159
57 169
57 173
57 175
57 177
57 178
57 179
57 181
57 185
57 186
57 187
57 189
57 201
57 205
57 207
57 209
57 210
57 211
57 213
57 217
57 221
57 225
57 226
57 227
57 228
57 229
57 230
57 231
57 233
57 234
57 235
57 237
57 241
57 242
57 243
57 245
57 249
57 265
57 269
57 271
57 273
57 274
57 275
57 277
57 279
57 281
57 282
57 283
57 285
57 286
57 287
57 297
57 301
57 303
57 305
57 306
57 307
57 309
57 313
57 314
57 315
57 317
57 329
57 333
57 335
57 345
57 349
57 361
57 369
57 370
57 371
57 373
57 377
57 393
57 397
57 399
57 409
57 413
57 441
58 59
58 60
58 61
58 62
58 63
58 64
58 74
58 77
58 78
58 79
58 80
58 82
58 83
58 84
58 85
58 86
58 87
58 88
58 89
58 90
58 91
58 92
58 93
58 94
58 95
58 96
58 98
58 99
58 100
58 101
58 102
58 103
58 104
58 105
58 106
58 107
58 108
58 109
58 110
58 111
58 112
58 113
58 114
58 115
58 116
58 117
58 118
58 119
58 120
58 121
58 122
58 123
58 124
58 125
58 126
58 138
58 141
58 142
58 143
58 144
58 146
58 147
58 148
58 149
58 150
58 151
58 152
58 153
58 154
58 155
58 156
58 157
58 158
58 159
58 160
58 170
58 173
58 174
58 175
58 176
58 178
58 179
58 180
58 181
58 182
58 185
58 186
58 187
58 188
58 189
58 190
58 202
58 205
58 206
58 207
58 208
58 210
58 211
58 212
58 214
58 218
58 221
58 222
58 226
58 227
58 228
58 229
58 230
58 231
58 232
58 234
58 235
58 236
58 238
58 242
58 243
58 244
58 246
58 250
58 266
58 269
58 270
58 271
58 272
58 274
58 275
58 276
58 277
58 278
58 279
58 280
58 281
58 282
58 283
58 284
58 285
58 286
58 287
58 288
58 298
58 301
58 302
58 303
58 304
58 306
58 307
58 308
58 309
58 310
58 313
58 314
58 315
58 316
58 317
58 318
58 330
58 333
58 334
58 335
58 336
58 346
58 349
58 350
58 362
58 370
58 371
58 372
58 374
58 378
58 394
58 397
58 398
58 399
58 400
58 410
58 413
58 414
58 442
59 60
59 61
59 62
59 63
59 64
59 75
59 77
59 78
59 79
59 80
59 83
59 85
59 86
59 87
59 88
59 89
59 90
59 91
59 92
59 93
59 94
59 95
59 96
59 99
59 101
59 102
59 103
59 105
59 106
59 107
59 108
59 109
59 110
59 111
59 112
59 113
59 114
59 115
59 116
59 117
59 118
59 119
59 120
59 121
59 122
59 123
59 124
59 125
59 126
59 127
59 139
59 141
59 142
59 143
59 144
59 147
59 149
59 150
59 151
59 152
59 153
59 154
59 155
59 156
59 157
59 158
59 159
59 160
59 171
59 173
59 174
59 175
59 176
59 179
59 181
59 182
59 183
59 185
59 186
59 187
59 188
59 189
59 190
59 191
59 203
59 205
59 206
59 207
59 208
59 211
59 213
59 214
59 215
59 219
59 221
59 222
59 223
59 227
59 229
59 230
59 231
59 233
59 234
59 235
59 236
59 237
59 238
59 239
59 243
59 245
59 246
59 247
59 251
59 267
59 269
59 270
59 271
59 272
59 275
59 277
59 278
59 279
59 280
59 281
59 282
59 283
59 284
59 285
59 286
59 287
59 288
59 299
59 301
59 302
59 303
59 304
59 307
59 309
59 310
59 311
59 313
59 314
59 315
59 316
59 317
59 318
59 319
59 331
59 333
59 334
59 335
59 336
59 347
59 349
59 350
59 351
59 363
59 371
59 373
59 374
59 375
59 379
59 395
59 397
59 398
59 399
59 400
59 411
59 413
59 414
59 415
59 443
60 61
60 62
60 63
60 64
60 76
60 78
60 79
60 80
60 84
60 86
60 87
60 88
60 90
60 91
60 92
60 93
60 94
60 95
60 96
60 100
60 102
60 103
60 104
60 106
60 107
60 108
60 109
60 110
60 111
60 112
60 114
60 115
60 116
60 117
60 118
60 119
60 120
60 122
60 123
60 124
60 125
60 126
60 127
60 128
60 140
60 142
60 143
60 144
60 148
60 150
60 151
60 152
60 154
60 155
60 156
60 157
60 158
60 159
60 160
60 172
60 174
60 175
60 176
60 180
60 182
60 183
60 184
60 186
60 187
60 188
60 190
60 191
60 192
60 204
60 206
60 207
60 208
60 212
60 214
60 215
60 216
60 220
60 222
60 224
60 228
60 230
60 231
60 232
60 234
60 235
60 236
60 237
60 238
60 239
60 240
60 244
60 246
60 247
60 248
60 252
60 268
60 270
60 271
60 272
60 276
60 278
60 279
60 280
60 282
60 283
60 284
60 285
60 286
60 287
60 288
60 300
60 302
60 303
60 304
60 308
60 310
60 311
60 312
60 314
60 315
60 316
60 318
60 319
60 320
60 332
60 334
60 335
60 336
60 348
60 350
60 352
60 364
60 372
60 374
60 375
60 376
60 380
60 396
60 398
60 399
60 400
60 412
60 414
60 416
60 444
61 62
61 63
61 64
61 77
61 79
61 80
61 85
61 87
61 88
61 89
61 90
61 91
61 92
61 93
61 94
61 95
61 96
61 101
61 103
61 105
61 106
61 107
61 109
61 110
61 111
61 112
61 113
61 114
61 115
61 116
61 117
61 118
61 119
61 121
61 122
61 123
61 124
61 125
61 126
61 127
61 141
61 143
61 144
61 149
61 151
61 152
61 153
61 154
61 155
61 156
61 157
61 158
61 159
61 160
61 173
61 175
61 176
61 181
61 183
61 185
61 186
61 187
61 189
61 190
61 191
61 205
61 207
61 208
61 213
61 217
61 218
61 219
61 221
61 223
61 229
61 233
61 234
61 235
61 237
61 241
61 242
61 243
61 244
61 245
61 246
61 247
61 249
61 250
61 251
61 253
61 269
61 271
61 272
61 277
61 279
61 280
61 281
61 282
61 283
61 284
61 285
61 286
61 287
61 288
61 301
61 303
61 304
61 309
61 311
61 313
61 314
61 315
61 317
61 318
61 319
61 333
61 335
61 336
61 349
61 351
61 365
61 373
61 377
61 378
61 379
61 381
61 397
61 399
61 400
61 413
61 415
61 445
62 63
62 64
62 78
62 79
62 80
62 86
62 87
62 88
62 90
62 91
62 92
62 93
62 94
62 95
62 96
62 102
62 103
62 104
62 106
62 107
62 108
62 109
62 110
62 111
62 112
62 114
62 115
62 116
62 117
62 118
62 119
62 120
62 121
62 122
62 123
62 124
62 125
62 126
62 127
62 128
62 142
62 143
62 144
62 150
62 151
62 152
62 154
62 155
62 156
62 157
62 158
62 159
62 160
62 174
62 175
62 176
62 182
62 183
62 184
62 186
62 187
62 188
62 189
62 190
62 191
62 192
62 206
62 207
62 208
62 214
62 218
62 219
62 220
62 222
62 223
62 224
62 230
62 234
62 235
62 236
62 238
62 242
62 243
62 244
62 245
62 246
62 247
62 248
62 250
62 251
62 252
62 254
62 270
62 271
62 272
62 278
62 279
62 280
62 282
62 283
62 284
62 285
62 286
62 287
62 288
62 302
62 303
62 304
62 310
62 311
62 312
62 314
62 315
62 316
62 317
62 318
62 319
62 320
62 334
62 335
62 336
62 350
62 351
62 352
62 366
62 374
62 378
62 379
62 380
62 382
62 398
62 399
62 400
62 414
62 415
62 416
62 446
63 64
63 79
63 80
63 87
63 88
63 91
63 92
63 93
63 94
63 95
63 96
63 103
63 104
63 107
63 108
63 109
63 110
63 111
63 112
63 115
63 116
63 117
63 118
63 119
63 120
63 121
63 122
63 123
63 124
63 125
63 126
63 127
63 128
63 143
63 144
63 151
63 152
63 155
63 156
63 157
63 158
63 159
63 160
63 175
63 176
63 183
63 184
63 187
63 188
63 189
63 190
63 191
63 192
63 207
63 208
63 215
63 219
63 221
63 222
63 223
63 224
63 231
63 235
63 237
63 238
63 239
63 243
63 245
63 246
63 247
63 249
63 250
63 251
63 252
63 253
63 254
63 255
63 271
63 272
63 279
63 280
63 283
63 284
63 285
63 286
63 287
63 288
63 303
63 304
63 311
63 312
63 315
63 316
63 317
63 318
63 319
63 320
63 335
63 336
63 351
63 352
63 367
63 375
63 379
63 381
63 382
63 383
63 399
63 400
63 415
63 416
63 447
64 80
64 88
64 92
64 94
64 95
64 96
64 104
64 108
64 110
64 111
64 112
64 116
64 118
64 119
64 120
64 122
64 123
64 124
64 125
64 126
64 127
64 128
64 144
64 152
64 156
64 158
64 159
64 160
64 176
64 184
64 188
64 190
64 191
64 192
64 208
64 216
64 220
64 222
64 223
64 224
64 232
64 236
64 238
64 239
64 240
64 244
64 246
64 247
64 248
64 250
64 251
64 252
64 253
64 254
64 255
64 256
64 272
64 280
64 284
64 286
64 287
64 288
64 304
64 312
64 316
64 318
64 319
64 320
64 336
64 352
64 368
64 376
64 380
64 382
64 383
64 384
64 400
64 416
64 448
65 66
65 67
65 68
65 69
65 70
65 71
65 73
65 74
65 75
65 77
65 81
65 82
65 83
65 85
65 89
65 97
65 98
65 99
65 101
65 105
65 113
65 129
65 130
65 131
65 132
65 133
65 134
65 135
65 137
65 138
65 139
65 141
65 145
65 146
65 147
65 149
65 153
65 161
65 162
65 163
65 165
65 169
65 177
65 193
65 194
65 195
65 197
65 201
65 209
65 225
65 257
65 258
65 259
65 260
65 261
65 262
65 263
65 265
65 266
65 267
65 269
65 273
65 274
65 275
65 277
65 281
65 289
65 290
65 291
65 293
65 297
65 305
65 321
65 322
65 323
65 325
65 329
65 337
65 353
65 385
65 386
65 387
65 389
65 393
65 401
65 417
65 449
66 67
66 68
66 69
66 70
66 71
66 72
66 73
66 74
66 75
66 76
66 77
66 78
66 81
66 82
66 83
66 84
66 85
66 86
66 89
66 90
66 97
66 98
66 99
66 100
66 101
66 102
66 105
66 106
66 113
66 114
66 129
66 130
66 131
66 132
66 133
66 134
66 135
66 136
66 137
66 138
66 139
66 140
66 141
66 142
66 145
66 146
66 147
66 148
66 149
66 150
66 153
66 154
66 161
66 162
66 163
66 164
66 165
66 166
66 169
66 170
66 177
66 178
66 193
66 194
66 195
66 196
66 197
66 198
66 201
66 202
66 209
66 210
66 225
66 226
66 257
66 258
66 259
66 260
66 261
66 262
66 263
66 264
66 265
66 266
66 267
66 268
66 270
66 273
66 274
66 275
66 276
66 278
66 282
66 289
66 290
66 291
66 292
66 293
66 294
66 297
66 298
66 305
66 306
66 321
66 322
66 323
66 324
66 325
66 326
66 329
66 330
66 337
66 338
66 353
66 354
66 385
66 386
66 387
66 388
66 390
66 394
66 401
66 402
66 417
66 418
66 450
67 68
67 69
67 70
67 71
67 72
67 73
67 74
67 75
67 76
67 77
67 78
67 79
67 81
67 82
67 83
67 84
67 85
67 86
67 87
67 89
67 90
67 91
67 97
67 98
67 99
67 100
67 101
67 102
67 103
67 105
67 106
67 107
67 113
67 114
67 115
67 129
67 130
67 131
67 132
67 133
67 134
67 135
67 136
67 137
67 138
67 139
67 140
67 141
67 142
67 143
67 145
67 146
67 147
67 148
67 149
67 150
67 151
67 153
67 154
67 155
67 161
67 162
67 163
67 164
67 165
67 166
67 167
67 169
67 170
67 171
67 177
67 178
67 179
67 193
67 194
67 195
67 196
67 197
67 198
67 199
67 201
67 202
67 203
67 209
67 210
67 211
67 225
67 226
67 227
67 257
67 258
67 259
67 260
67 261
67 262
67 263
67 265
67 266
67 267
67 268
67 269
67 270
67 271
67 273
67 274
67 275
67 277
67 278
67 279
67 283
67 289
67 290
67 291
67 292
67 293
67 294
67 295
67 297
67 298
67 299
67 305
67 306
67 307
67 321
67 322
67 323
67 324
67 325
67 326
67 327
67 329
67 330
67 331
67 337
67 338
67 339
67 353
67 354
67 355
67 385
67 386
67 387
67 389
67 390
67 391
67 395
67 401
67 402
67 403
67 417
67 418
67 419
67 451
68 69
68 70
68 71
68 72
68 73
68 74
68 75
68 76
68 77
68 78
68 79
68 80
68 81
68 82
68 83
68 84
68 85
68 86
68 87
68 88
68 89
68 90
68 92
68 97
68 98
68 99
68 100
68 101
68 102
68 103
68 104
68 105
68 106
68 108
68 113
68 114
68 116
68 130
68 131
68 132
68 133
68 134
68 135
68 136
68 138
68 139
68 140
68 141
68 142
68 143
68 144
68 145
68 146
68 147
68 148
68 150
68 151
68 152
68 154
68 156
68 161
68 162
68 163
68 164
68 165
68 166
68 167
68 168
68 169
68 170
68 172
68 177
68 178
68 180
68 194
68 195
68 196
68 198
68 199
68 200
68 202
68 204
68 209
68 210
68 212
68 226
68 228
68 258
68 259
68 260
68 262
68 263
68 264
68 266
68 267
68 268
68 269
68 270
68 271
68 272
68 273
68 274
68 276
68 278
68 279
68 280
68 284
68 289
68 290
68 291
68 292
68 293
68 294
68 295
68 296
68 297
68 298
68 300
68 305
68 306
68 308
68 322
68 323
68 324
68 326
68 327
68 328
68 330
68 332
68 337
68 338
68 340
68 354
68 356
68 386
68 388
68 390
68 391
68 392
68 396
68 401
68 402
68 404
68 418
68 420
68 452
69 70
69 71
69 72
69 73
69 74
69 75
69 76
69 77
69 78
69 79
69 81
69 82
69 83
69 84
69 85
69 86
69 87
69 89
69 90
69 91
69 93
69 97
69 98
69 99
69 100
69 101
69 102
69 103
69 105
69 106
69 107
69 109
69 113
69 114
69 115
69 117
69 129
69 130
69 131
69 132
69 133
69 134
69 135
69 137
69 138
69 139
69 140
69 141
69 142
69 143
69 145
69 146
69 147
69 148
69 149
69 150
69 151
69 153
69 154
69 155
69 157
69 161
69 162
69 163
69 164
69 165
69 166
69 167
69 169
69 170
69 171
69 173
69 177
69 178
69 179
69 181
69 193
69 194
69 195
69 197
69 198
69 199
69 201
69 202
69 203
69 205
69 209
69 210
69 211
69 213
69 225
69 227
69 229
69 257
69 258
69 259
69 261
69 262
69 263
69 265
69 266
69 267
69 269
69 273
69 274
69 275
69 276
69 277
69 278
69 279
69 281
69 282
69 283
69 285
69 289
69 290
69 291
69 292
69 293
69 294
69 295
69 297
69 298
69 299
69 301
69 305
69 306
69 307
69 309
69 321
69 322
69 323
69 325
69 326
69 327
69 329
69 330
69 331
69 333
69 337
69 338
69 339
69 341
69 353
69 355
69 357
69 385
69 387
69 389
69 393
69 394
69 395
69 397
69 401
69 402
69 403
69 405
69 417
69 419
69 421
69 453
70 71
70 72
70 73
70 74
70 75
70 76
70 77
70 78
70 79
70 80
70 81
70 82
70 83
70 84
70 85
70 86
70 87
70 88
70 89
70 90
70 91
70 92
70 94
70 97
70 98
70 99
70 100
70 101
70 102
70 103
70 104
70 105
70 106
70 107
70 108
70 110
70 113
70 114
70 115
70 116
70 118
70 130
70 131
70 132
70 133
70 134
70 135
70 136
70 137
70 138
70 139
70 140
70 141
70 142
70 143
70 144
70 145
70 146
70 147
70 148
70 149
70 150
70 151
70 152
70 154
70 155
70 156
70 158
70 161
70 162
70 163
70 164
70 165
70 166
70 167
70 168
70 169
70 170
70 171
70 172
70 174
70 177
70 178
70 179
70 180
70 182
70 194
70 195
70 196
70 197
70 198
70 199
70 200
70 202
70 203
70 204
70 206
70 209
70 210
70 211
70 212
70 214
70 226
70 227
70 228
70 230
70 258
70 259
70 260
70 261
70 262
70 263
70 264
70 266
70 267
70 268
70 270
70 273
70 274
70 275
70 276
70 277
70 278
70 279
70 280
70 282
70 283
70 284
70 286
70 289
70 290
70 291
70 292
70 293
70 294
70 295
70 296
70 297
70 298
70 299
70 300
70 302
70 305
70 306
70 307
70 308
70 310
70 322
70 323
70 324
70 325
70 326
70 327
70 328
70 330
70 331
70 332
70 334
70 337
70 338
70 339
70 340
70 342
70 354
70 355
70 356
70 358
70 386
70 387
70 388
70 390
70 394
70 395
70 396
70 398
70 401
70 402
70 403
70 404
70 406
70 418
70 419
70 420
70 422
70 454
71 72
71 73
71 74
71 75
71 76
71 77
71 78
71 79
71 80
71 81
71 82
71 83
71 84
71 85
71 86
71 87
71 88
71 89
71 90
71 91
71 92
71 93
71 94
71 95
71 97
71 98
71 99
71 100
71 101
71 102
71 103
71 104
71 105
71 106
71 107
71 108
71 109
71 110
71 111
71 113
71 114
71 115
71 116
71 119
71 131
71 132
71 133
71 134
71 135
71 136
71 137
71 138
71 139
71 140
71 141
71 142
71 143
71 144
71 145
71 146
71 147
71 148
71 149
71 150
71 151
71 152
71 153
71 154
71 155
71 156
71 157
71 158
71 159
71 161
71 162
71 163
71 164
71 165
71 166
71 167
71 168
71 169
71 170
71 171
71 172
71 173
71 174
71 175
71 177
71 178
71 179
71 180
71 183
71 195
71 196
71 197
71 198
71 199
71 200
71 203
71 204
71 205
71 206
71 207
71 209
71 210
71 211
71 212
71 215
71 227
71 228
71 231
71 259
71 260
71 261
71 262
71 263
71 264
71 267
71 268
71 269
71 270
71 271
71 273
71 274
71 275
71 276
71 277
71 278
71 279
71 281
71 282
71 283
71 284
71 285
71 286
71 287
71 289
71 290
71 291
71 292
71 293
71 294
71 295
71 296
71 297
71 298
71 299
71 300
71 301
71 302
71 303
71 305
71 306
71 307
71 308
71 311
71 323
71 324
71 325
71 326
71 327
71 328
71 331
71 332
71 333
71 334
71 335
71 337
71 338
71 339
71 340
71 343
71 355
71 356
71 359
71 387
71 388
71 391
71 395
71 397
71 398
71 399
71 401
71 402
71 403
71 404
71 407
71 419
71 420
71 423
71 455
72 74
72 75
72 76
72 77
72 78
72 79
72 80
72 82
72 83
72 84
72 86
72 87
72 88
72 90
72 91
72 92
72 93
72 94
72 95
72 96
72 98
72 99
72 100
72 102
72 103
72 104
72 106
72 108
72 110
72 111
72 112
72 114
72 116
72 120
72 132
72 134
72 135
72 136
72 138
72 139
72 140
72 141
72 142
72 143
72 144
72 146
72 148
72 150
72 151
72 152
72 154
72 155
72 156
72 157
72 158
72 159
72 160
72 162
72 163
72 164
72 166
72 167
72 168
72 170
72 172
72 174
72 175
72 176
72 178
72 180
72 184
72 196
72 198
72 199
72 200
72 204
72 206
72 207
72 208
72 210
72 212
72 216
72 228
72 232
72 260
72 262
72 263
72 264
72 268
72 270
72 271
72 272
72 274
72 276
72 278
72 279
72 280
72 282
72 283
72 284
72 285
72 286
72 287
72 288
72 290
72 291
72 292
72 294
72 295
72 296
72 298
72 300
72 302
72 303
72 304
72 306
72 308
72 312
72 324
72 326
72 327
72 328
72 332
72 334
72 335
72 336
72 338
72 340
72 344
72 356
72 360
72 388
72 392
72 396
72 398
72 399
72 400
72 402
72 404
72 408
72 420
72 424
72 456
73 74
73 75
73 76
73 77
73 78
73 79
73 81
73 82
73 83
73 84
73 85
73 86
73 87
73 89
73 90
73 91
73 93
73 97
73 98
73 99
73 100
73 101
73 102
73 103
73 105
73 106
73 107
73 109
73 113
73 114
73 115
73 117
73 121
73 129
73 130
73 131
73 132
73 133
73 134
73 135
73 137
73 138
73 139
73 141
73 145
73 146
73 147
73 148
73 149
73 150
73 151
73 153
73 154
73 155
73 157
73 161
73 162
73 163
73 164
73 165
73 166
73 167
73 169
73 170
73 171
73 173
73 177
73 178
73 179
73 181
73 185
73 193
73 194
73 195
73 197
73 201
73 202
73 203
73 205
73 209
73 210
73 211
73 213
73 217
73 225
73 229
73 233
73 257
73 258
73 259
73 261
73 265
73 266
73 267
73 269
73 273
73 274
73 275
73 277
73 281
73 289
73 290
73 291
73 292
73 293
73 294
73 295
73 297
73 298
73 299
73 301
73 305
73 306
73 307
73 309
73 313
73 321
73 322
73 323
73 325
73 329
73 330
73 331
73 333
73 337
73 338
73 339
73 341
73 345
73 353
73 357
73 361
73 385
73 389
73 393
73 401
73 402
73 403
73 405
73 409
73 417
73 421
73 425
73 457
74 75
74 76
74 77
74 78
74 79
74 80
74 81
74 82
74 83
74 84
74 85
74 86
74 87
74 88
74 89
74 90
74 91
74 92
74 93
74 94
74 97
74 98
74 99
74 100
74 101
74 102
74 103
74 104
74 105
74 106
74 107
74 108
74 109
74 110
74 113
74 114
74 115
74 116
74 117
74 118
74 122
74 130
74 131
74 132
74 133
74 134
74 135
74 136
74 137
74 138
74 139
74 140
74 141
74 142
74 145
74 146
74 147
74 148
74 149
74 150
74 151
74 152
74 153
74 154
74 155
74 156
74 157
74 158
74 161
74 162
74 163
74 164
74 165
74 166
74 167
74 168
74 169
74 170
74 171
74 172
74 173
74 174
74 177
74 178
74 179
74 180
74 181
74 182
74 186
74 194
74 195
74 196
74 197
74 198
74 201
74 202
74 203
74 204
74 205
74 206
74 209
74 210
74 211
74 212
74 213
74 214
74 218
74 226
74 229
74 230
74 234
74 258
74 259
74 260
74 261
74 262
74 265
74 266
74 267
74 268
74 269
74 270
74 273
74 274
74 275
74 276
74 277
74 278
74 282
74 289
74 290
74 291
74 292
74 293
74 294
74 295
74 296
74 297
74 298
74 299
74 300
74 301
74 302
74 305
74 306
74 307
74 308
74 309
74 310
74 314
74 322
74 323
74 324
74 325
74 326
74 329
74 330
74 331
74 332
74 333
74 334
74 337
74 338
74 339
74 340
74 341
74 342
74 346
74 354
74 357
74 358
74 362
74 386
74 389
74 390
74 394
74 401
74 402
74 403
74 404
74 405
74 406
74 410
74 418
74 421
74 422
74 426
74 458
75 76
75 77
75 78
75 79
75 80
75 81
75 82
75 83
75 84
75 85
75 86
75 87
75 88
75 89
75 90
75 91
75 92
75 93
75 94
75 95
75 97
75 98
75 99
75 100
75 101
75 102
75 103
75 104
75 105
75 106
75 107
75 108
75 109
75 110
75 111
75 113
75 114
75 115
75 116
75 117
75 118
75 119
75 123
75 131
75 133
75 134
75 135
75 137
75 138
75 139
75 140
75 141
75 142
75 143
75 145
75 146
75 147
75 148
75 149
75 150
75 151
75 152
75 153
75 154
75 155
75 156
75 157
75 158
75 159
75 161
75 162
75 163
75 164
75 165
75 166
75 167
75 168
75 169
75 170
75 171
75 172
75 173
75 174
75 175
75 177
75 178
75 179
75 180
75 181
75 182
75 183
75 187
75 195
75 197
75 198
75 199
75 201
75 202
75 203
75 204
75 205
75 206
75 207
75 209
75 210
75 211
75 212
75 213
75 214
75 215
75 219
75 227
75 229
75 230
75 231
75 235
75 259
75 261
75 262
75 263
75 265
75 266
75 267
75 268
75 269
75 270
75 271
75 273
75 274
75 275
75 276
75 277
75 278
75 279
75 283
75 289
75 290
75 291
75 292
75 293
75 294
75 295
75 296
75 297
75 298
75 299
75 300
75 301
75 302
75 303
75 305
75 306
75 307
75 308
75 309
75 310
75 311
75 315
75 323
75 325
75 326
75 327
75 329
75 330
75 331
75 332
75 333
75 334
75 335
75 337
75 338
75 339
75 340
75 341
75 342
75 343
75 347
75 355
75 357
75 358
75 359
75 363
75 387
75 389
75 390
75 391
75 395
75 401
75 402
75 403
75 404
75 405
75 406
75 407
75 411
75 419
75 421
75 422
75 423
75 427
75 459
76 77
76 78
76 79
76 80
76 82
76 83
76 84
76 85
76 86
76 87
76 88
76 90
76 91
76 92
76 93
76 94
76 95
76 96
76 98
76 99
76 100
76 101
76 102
76 103
76 104
76 106
76 107
76 108
76 109
76 110
76 111
76 112
76 114
76 115
76 116
76 118
76 119
76 120
76 124
76 132
76 134
76 135
76 136
76 138
76 139
76 140
76 141
76 142
76 143
76 144
76 146
76 147
76 148
76 149
76 150
76 151
76 152
76 154
76 155
76 156
76 157
76 158
76 159
76 160
76 162
76 163
76 164
76 165
76 166
76 167
76 168
76 170
76 171
76 172
76 173
76 174
76 175
76 176
76 178
76 179
76 180
76 182
76 183
76 184
76 188
76 196
76 198
76 199
76 200
76 202
76 203
76 204
76 206
76 207
76 208
76 210
76 211
76 212
76 214
76 215
76 216
76 220
76 228
76 230
76 232
76 236
76 260
76 262
76 263
76 264
76 266
76 267
76 268
76 270
76 271
76 272
76 274
76 275
76 276
76 278
76 279
76 280
76 284
76 290
76 291
76 292
76 293
76 294
76 295
76 296
76 298
76 299
76 300
76 301
76 302
76 303
76 304
76 306
76 307
76 308
76 310
76 311
76 312
76 316
76 324
76 326
76 327
76 328
76 330
76 331
76 332
76 334
76 335
76 336
76 338
76 339
76 340
76 342
76 343
76 344
76 348
76 356
76 358
76 360
76 364
76 388
76 390
76 392
76 396
76 402
76 403
76 404
76 406
76 407
76 408
76 412
76 420
76 422
76 424
76 428
76 460
77 78
77 79
77 80
77 81
77 82
77 83
77 84
77 85
77 86
77 87
77 88
77 89
77 90
77 91
77 92
77 93
77 94
77 95
77 97
77 98
77 99
77 100
77 101
77 102
77 103
77 104
77 105
77 106
77 107
77 108
77 109
77 110
77 111
77 113
77 114
77 115
77 116
77 117
77 118
77 119
77 121
77 122
77 123
77 125
77 133
77 135
77 137
77 138
77 139
77 141
77 142
77 143
77 145
77 146
77 147
77 148
77 149
77 150
77 151
77 153
77 154
77 155
77 156
77 157
77 158
77 159
77 161
77 162
77 163
77 164
77 165
77 166
77 167
77 168
77 169
77 170
77 171
77 172
77 173
77 174
77 175
77 177
77 178
77 179
77 180
77 181
77 182
77 183
77 185
77 186
77 187
77 189
77 197
77 199
77 201
77 202
77 203
77 205
77 206
77 207
77 209
77 211
77 212
77 213
77 215
77 217
77 218
77 219
77 221
77 229
77 231
77 237
77 261
77 263
77 265
77 266
77 267
77 269
77 270
77 271
77 273
77 275
77 276
77 277
77 279
77 281
77 282
77 283
77 285
77 289
77 290
77 291
77 292
77 293
77 294
77 295
77 296
77 297
77 298
77 299
77 300
77 301
77 302
77 303
77 305
77 306
77 307
77 308
77 309
77 310
77 311
77 313
77 314
77 315
77 317
77 325
77 327
77 329
77 330
77 331
77 333
77 334
77 335
77 337
77 339
77 340
77 341
77 343
77 345
77 346
77 347
77 349
77 357
77 359
77 365
77 389
77 391
77 397
77 401
77 403
77 404
77 405
77 407
77 409
77 410
77 411
77 413
77 421
77 423
77 429
77 461
78 79
78 80
78 82
78 83
78 84
78 85
78 86
78 87
78 88
78 89
78 90
78 91
78 92
78 93
78 94
78 95
78 96
78 98
78 99
78 100
78 101
78 102
78 103
78 104
78 106
78 107
78 108
78 109
78 110
78 111
78 112
78 114
78 115
78 116
78 117
78 118
78 119
78 120
78 122
78 123
78 124
78 126
78 134
78 135
78 136
78 138
78 139
78 140
78 141
78 142
78 143
78 144
78 146
78 147
78 148
78 149
78 150
78 151
78 152
78 153
78 154
78 155
78 156
78 157
78 158
78 159
78 160
78 162
78 163
78 164
78 165
78 166
78 167
78 168
78 170
78 171
78 172
78 173
78 174
78 175
78 176
78 178
78 179
78 180
78 181
78 182
78 183
78 184
78 186
78 187
78 188
78 190
78 198
78 199
78 200
78 202
78 203
78 204
78 205
78 206
78 207
78 208
78 210
78 211
78 212
78 214
78 215
78 216
78 218
78 219
78 220
78 222
78 230
78 231
78 232
78 238
78 262
78 263
78 264
78 266
78 267
78 268
78 269
78 270
78 271
78 272
78 274
78 275
78 276
78 278
78 279
78 280
78 282
78 283
78 284
78 286
78 290
78 291
78 292
78 293
78 294
78 295
78 296
78 298
78 299
78 300
78 301
78 302
78 303
78 304
78 306
78 307
78 308
78 309
78 310
78 311
78 312
78 314
78 315
78 316
78 318
78 326
78 327
78 328
78 330
78 331
78 332
78 333
78 334
78 335
78 336
78 338
78 339
78 340
78 342
78 343
78 344
78 346
78 347
78 348
78 350
78 358
78 359
78 360
78 366
78 390
78 391
78 392
78 398
78 402
78 403
78 404
78 406
78 407
78 408
78 410
78 411
78 412
78 414
78 422
78 423
78 424
78 430
78 462
79 80
79 83
79 84
79 85
79 86
79 87
79 88
79 89
79 90
79 91
79 92
79 93
79 94
79 95
79 96
79 99
79 100
79 101
79 102
79 103
79 104
79 107
79 108
79 109
79 110
79 111
79 112
79 115
79 116
79 117
79 118
79 119
79 120
79 121
79 122
79 123
79 124
79 125
79 126
79 127
79 135
79 136
79 139
79 140
79 141
79 142
79 143
79 144
79 147
79 148
79 149
79 150
79 151
79 152
79 153
79 154
79 155
79 156
79 157
79 158
79 159
79 160
79 163
79 164
79 165
79 166
79 167
79 168
79 171
79 172
79 173
79 174
79 175
79 176
79 179
79 180
79 181
79 182
79 183
79 184
79 185
79 186
79 187
79 188
79 189
79 190
79 191
79 199
79 200
79 203
79 204
79 205
79 206
79 207
79 208
79 211
79 212
79 215
79 216
79 219
79 221
79 222
79 223
79 231
79 232
79 239
79 263
79 264
79 267
79 268
79 269
79 270
79 271
79 272
79 275
79 276
79 279
79 280
79 283
79 285
79 286
79 287
79 291
79 292
79 293
79 294
79 295
79 296
79 299
79 300
79 301
79 302
79 303
79 304
79 307
79 308
79 309
79 310
79 311
79 312
79 313
79 314
79 315
79 316
79 317
79 318
79 319
79 327
79 328
79 331
79 332
79 333
79 334
79 335
79 336
79 339
79 340
79 343
79 344
79 347
79 349
79 350
79 351
79 359
79 360
79 367
79 391
79 392
79 399
79 403
79 404
79 407
79 408
79 411
79 413
79 414
79 415
79 423
79 424
79 431
79 463
80 84
80 86
80 87
80 88
80 90
80 91
80 92
80 93
80 94
80 95
80 96
80 100
80 102
80 103
80 104
80 108
80 110
80 111
80 112
80 116
80 118
80 119
80 120
80 122
80 123
80 124
80 125
80 126
80 127
80 128
80 136
80 140
80 142
80 143
80 144
80 148
80 150
80 151
80 152
80 154
80 155
80 156
80 157
80 158
80 159
80 160
80 164
80 166
80 167
80 168
80 172
80 174
80 175
80 176
80 180
80 182
80 183
80 184
80 186
80 187
80 188
80 189
80 190
80 191
80 192
80 200
80 204
80 206
80 207
80 208
80 212
80 216
80 220
80 222
80 223
80 224
80 232
80 240
80 264
80 268
80 270
80 271
80 272
80 276
80 280
80 284
80 286
80 287
80 288
80 292
80 294
80 295
80 296
80 300
80 302
80 303
80 304
80 308
80 310
80 311
80 312
80 314
80 315
80 316
80 317
80 318
80 319
80 320
80 328
80 332
80 334
80 335
80 336
80 340
80 344
80 348
80 350
80 351
80 352
80 360
80 368
80 392
80 400
80 404
80 408
80 412
80 414
80 415
80 416
80 424
80 432
80 464
81 82
81 83
81 84
81 85
81 86
81 87
81 89
81 90
81 91
81 93
81 97
81 98
81 99
81 100
81 101
81 102
81 103
81 105
81 106
81 107
81 109
81 113
81 114
81 115
81 117
81 121
81 129
81 130
81 131
81 132
81 133
81 134
81 135
81 137
81 138
81 139
81 141
81 145
81 146
81 147
81 149
81 153
81 161
81 162
81 163
81 164
81 165
81 166
81 167
81 169
81 170
81 171
81 173
81 177
81 178
81 179
81 181
81 185
81 193
81 194
81 195
81 196
81 197
81 198
81 199
81 201
81 202
81 203
81 205
81 209
81 210
81 211
81 213
81 217
81 225
81 226
81 227
81 229
81 233
81 241
81 257
81 258
81 259
81 261
81 265
81 273
81 274
81 275
81 277
81 281
81 289
81 290
81 291
81 293
81 297
81 298
81 299
81 301
81 305
81 306
81 307
81 309
81 313
81 321
81 322
81 323
81 324
81 325
81 326
81 327
81 329
81 330
81 331
81 333
81 337
81 338
81 339
81 341
81 345
81 353
81 354
81 355
81 357
81 361
81 369
81 385
81 393
81 401
81 405
81 409
81 417
81 418
81 419
81 421
81 425
81 433
81 465
82 83
82 84
82 85
82 86
82 87
82 88
82 89
82 90
82 91
82 92
82 93
82 94
82 97
82 98
82 99
82 100
82 101
82 102
82 103
82 104
82 105
82 106
82 107
82 108
82 109
82 110
82 113
82 114
82 115
82 116
82 117
82 118
82 121
82 122
82 130
82 131
82 132
82 133
82 134
82 135
82 136
82 137
82 138
82 139
82 140
82 142
82 145
82 146
82 147
82 148
82 149
82 150
82 153
82 154
82 161
82 162
82 163
82 164
82 165
82 166
82 167
82 168
82 169
82 170
82 171
82 172
82 173
82 174
82 177
82 178
82 179
82 180
82 181
82 182
82 185
82 186
82 194
82 195
82 196
82 197
82 198
82 199
82 200
82 201
82 202
82 203
82 204
82 206
82 209
82 210
82 211
82 212
82 213
82 214
82 217
82 218
82 226
82 227
82 228
82 230
82 233
82 234
82 242
82 258
82 259
82 260
82 262
82 265
82 266
82 273
82 274
82 275
82 276
82 277
82 278
82 281
82 282
82 289
82 290
82 291
82 292
82 293
82 294
82 297
82 298
82 299
82 300
82 301
82 302
82 305
82 306
82 307
82 308
82 309
82 310
82 313
82 314
82 322
82 323
82 324
82 325
82 326
82 327
82 328
82 329
82 330
82 331
82 332
82 334
82 337
82 338
82 339
82 340
82 341
82 342
82 345
82 346
82 354
82 355
82 356
82 358
82 361
82 362
82 370
82 386
82 393
82 394
82 401
82 402
82 405
82 406
82 409
82 410
82 418
82 419
82 420
82 422
82 425
82 426
82 434
82 466
83 84
83 85
83 86
83 87
83 88
83 89
83 90
83 91
83 92
83 93
83 94
83 95
83 97
83 98
83 99
83 100
83 101
83 102
83 103
83 104
83 105
83 106
83 107
83 108
83 109
83 110
83 111
83 113
83 114
83 115
83 116
83 117
83 118
83 119
83 121
83 122
83 123
83 131
83 133
83 134
83 135
83 137
83 138
83 139
83 140
83 141
83 142
83 143
83 145
83 146
83 147
83 148
83 149
83 150
83 151
83 153
83 154
83 155
83 161
83 162
83 163
83 164
83 165
83 166
83 167
83 168
83 169
83 170
83 171
83 172
83 173
83 174
83 175
83 177
83 178
83 179
83 180
83 181
83 182
83 183
83 185
83 186
83 187
83 195
83 197
83 198
83 199
83 201
83 202
83 203
83 204
83 205
83 206
83 207
83 209
83 210
83 211
83 212
83 213
83 214
83 215
83 217
83 218
83 219
83 227
83 229
83 230
83 231
83 233
83 234
83 235
83 243
83 259
83 261
83 262
83 263
83 265
83 266
83 267
83 273
83 274
83 275
83 276
83 277
83 278
83 279
83 281
83 282
83 283
83 289
83 290
83 291
83 292
83 293
83 294
83 295
83 297
83 298
83 299
83 300
83 301
83 302
83 303
83 305
83 306
83 307
83 308
83 309
83 310
83 311
83 313
83 314
83 315
83 323
83 325
83 326
83 327
83 329
83 330
83 331
83 332
83 333
83 334
83 335
83 337
83 338
83 339
83 340
83 341
83 342
83 343
83 345
83 346
83 347
83 355
83 357
83 358
83 359
83 361
83 362
83 363
83 371
83 387
83 393
83 394
83 395
83 401
83 402
83 403
83 405
83 406
83 407
83 409
83 410
83 411
83 419
83 421
83 422
83 423
83 425
83 426
83 427
83 435
83 467
84 85
84 86
84 87
84 88
84 89
84 90
84 91
84 92
84 93
84 94
84 95
84 96
84 98
84 99
84 100
84 101
84 102
84 103
84 104
84 105
84 106
84 107
84 108
84 109
84 110
84 111
84 112
84 114
84 115
84 116
84 117
84 118
84 119
84 120
84 122
84 124
84 132
84 134
84 135
84 136
84 138
84 139
84 140
84 141
84 142
84 143
84 144
84 146
84 147
84 148
84 149
84 150
84 151
84 152
84 154
84 156
84 162
84 163
84 164
84 165
84 166
84 167
84 168
84 169
84 170
84 171
84 172
84 173
84 174
84 175
84 176
84 178
84 179
84 180
84 181
84 182
84 183
84 184
84 186
84 188
84 196
84 198
84 199
84 200
84 202
84 203
84 204
84 205
84 206
84 207
84 208
84 210
84 211
84 212
84 213
84 214
84 215
84 216
84 218
84 220
84 228
84 230
84 231
84 232
84 234
84 236
84 244
84 260
84 262
84 263
84 264
84 266
84 268
84 274
84 275
84 276
84 277
84 278
84 279
84 280
84 282
84 284
84 290
84 291
84 292
84 293
84 294
84 295
84 296
84 297
84 298
84 299
84 300
84 301
84 302
84 303
84 304
84 306
84 307
84 308
84 309
84 310
84 311
84 312
84 314
84 316
84 324
84 326
84 327
84 328
84 330
84 331
84 332
84 333
84 334
84 335
84 336
84 338
84 339
84 340
84 341
84 342
84 343
84 344
84 346
84 348
84 356
84 358
84 359
84 360
84 362
84 364
84 372
84 388
84 394
84 396
84 402
84 404
84 405
84 406
84 408
84 410
84 412
84 420
84 422
84 423
84 424
84 426
84 428
84 436
84 468
85 86
85 87
85 88
85 89
85 90
85 91
85 92
85 93
85 94
85 95
85 97
85 98
85 99
85 100
85 101
85 102
85 103
85 105
85 106
85 107
85 108
85 109
85 110
85 111
85 113
85 114
85 115
85 116
85 117
85 118
85 119
85 121
85 122
85 123
85 125
85 133
85 137
85 138
85 139
85 141
85 145
85 146
85 147
85 148
85 149
85 150
85 151
85 153
85 154
85 155
85 157
85 161
85 162
85 163
85 164
85 165
85 166
85 167
85 169
85 170
85 171
85 172
85 173
85 174
85 175
85 177
85 178
85 179
85 180
85 181
85 182
85 183
85 185
85 186
85 187
85 189
85 197
85 201
85 202
85 203
85 205
85 209
85 210
85 211
85 212
85 213
85 214
85 215
85 217
85 218
85 219
85 221
85 229
85 233
85 234
85 235
85 237
85 245
85 261
85 265
85 266
85 267
85 269
85 273
85 274
85 275
85 277
85 278
85 279
85 281
85 282
85 283
85 285
85 289
85 290
85 291
85 293
85 294
85 295
85 297
85 298
85 299
85 300
85 301
85 302
85 303
85 305
85 306
85 307
85 309
85 310
85 311
85 313
85 314
85 315
85 317
85 325
85 329
85 330
85 331
85 333
85 337
85 338
85 339
85 340
85 341
85 342
85 343
85 345
85 346
85 347
85 349
85 357
85 361
85 362
85 363
85 365
85 373
85 389
85 393
85 395
85 397
85 401
85 403
85 405
85 406
85 407
85 409
85 411
85 413
85 421
85 425
85 426
85 427
85 429
85 437
85 469
86 87
86 88
86 89
86 90
86 91
86 92
86 93
86 94
86 95
86 96
86 98
86 99
86 100
86 101
86 102
86 103
86 104
86 105
86 106
86 107
86 108
86 109
86 110
86 111
86 112
86 114
86 115
86 116
86 117
86 118
86 119
86 120
86 122
86 123
86 124
86 126
86 134
86 138
86 139
86 140
86 142
86 146
86 147
86 148
86 149
86 150
86 151
86 152
86 154
86 155
86 156
86 158
86 162
86 163
86 164
86 165
86 166
86 167
86 168
86 169
86 170
86 171
86 172
86 173
86 174
86 175
86 176
86 178
86 179
86 180
86 181
86 182
86 183
86 184
86 186
86 187
86 188
86 190
86 198
86 202
86 203
86 204
86 206
86 210
86 211
86 212
86 213
86 214
86 215
86 216
86 218
86 219
86 220
86 222
86 230
86 234
86 235
86 236
86 238
86 246
86 262
86 266
86 267
86 268
86 270
86 274
86 275
86 276
86 277
86 278
86 279
86 280
86 282
86 283
86 284
86 286
86 290
86 291
86 292
86 293
86 294
86 295
86 296
86 297
86 298
86 299
86 300
86 301
86 302
86 303
86 304
86 306
86 307
86 308
86 309
86 310
86 311
86 312
86 314
86 315
86 316
86 318
86 326
86 330
86 331
86 332
86 334
86 338
86 339
86 340
86 341
86 342
86 343
86 344
86 346
86 347
86 348
86 350
86 358
86 362
86 363
86 364
86 366
86 374
86 390
86 394
86 395
86 396
86 398
86 402
86 403
86 404
86 405
86 406
86 407
86 408
86 410
86 411
86 412
86 414
86 422
86 426
86 427
86 428
86 430
86 438
86 470
87 88
87 89
87 90
87 91
87 92
87 93
87 94
87 95
87 96
87 99
87 100
87 101
87 102
87 103
87 104
87 105
87 106
87 107
87 108
87 109
87 110
87 111
87 112
87 115
87 116
87 117
87 118
87 119
87 120
87 121
87 122
87 123
87 124
87 125
87 126
87 127
87 135
87 139
87 140
87 141
87 142
87 143
87 147
87 148
87 149
87 150
87 151
87 152
87 153
87 154
87 155
87 156
87 157
87 158
87 159
87 163
87 164
87 165
87 166
87 167
87 168
87 169
87 170
87 171
87 172
87 173
87 174
87 175
87 176
87 179
87 180
87 181
87 182
87 183
87 184
87 185
87 186
87 187
87 188
87 189
87 190
87 191
87 199
87 203
87 204
87 205
87 206
87 207
87 211
87 212
87 213
87 214
87 215
87 216
87 217
87 218
87 219
87 220
87 221
87 222
87 223
87 231
87 235
87 236
87 237
87 238
87 239
87 247
87 263
87 267
87 268
87 269
87 270
87 271
87 275
87 276
87 277
87 278
87 279
87 280
87 283
87 284
87 285
87 286
87 287
87 291
87 292
87 293
87 294
87 295
87 296
87 297
87 298
87 299
87 300
87 301
87 302
87 303
87 304
87 307
87 308
87 309
87 310
87 311
87 312
87 315
87 316
87 317
87 318
87 319
87 327
87 331
87 332
87 333
87 334
87 335
87 339
87 340
87 341
87 342
87 343
87 344
87 345
87 346
87 347
87 348
87 349
87 350
87 351
87 359
87 363
87 364
87 365
87 366
87 367
87 375
87 391
87 395
87 396
87 399
87 403
87 404
87 405
87 406
87 407
87 408
87 411
87 412
87 415
87 423
87 427
87 428
87 429
87 430
87 431
87 439
87 471
88 90
88 91
88 92
88 93
88 94
88 95
88 96
88 100
88 102
88 103
88 104
88 106
88 107
88 108
88 109
88 110
88 111
88 112
88 116
88 118
88 119
88 120
88 122
88 123
88 124
88 125
88 126
88 127
88 128
88 136
88 140
88 142
88 143
88 144
88 148
88 150
88 151
88 152
88 154
88 155
88 156
88 157
88 158
88 159
88 160
88 164
88 166
88 167
88 168
88 170
88 171
88 172
88 173
88 174
88 175
88 176
88 180
88 182
88 183
88 184
88 186
88 187
88 188
88 189
88 190
88 191
88 192
88 200
88 204
88 206
88 207
88 208
88 212
88 214
88 215
88 216
88 218
88 219
88 220
88 221
88 222
88 223
88 224
88 232
88 236
88 238
88 239
88 240
88 248
88 264
88 268
88 270
88 271
88 272
88 276
88 278
88 279
88 280
88 284
88 286
88 287
88 288
88 292
88 294
88 295
88 296
88 298
88 299
88 300
88 302
88 303
88 304
88 308
88 310
88 311
88 312
88 316
88 318
88 319
88 320
88 328
88 332
88 334
88 335
88 336
88 340
88 342
88 343
88 344
88 346
88 347
88 348
88 349
88 350
88 351
88 352
88 360
88 364
88 366
88 367
88 368
88 376
88 392
88 396
88 400
88 404
88 406
88 408
88 412
88 416
88 424
88 428
88 430
88 431
88 432
88 440
88 472
89 90
89 91
89 92
89 93
89 94
89 95
89 97
89 98
89 99
89 100
89 101
89 102
89 103
89 105
89 106
89 107
89 109
89 110
89 111
89 113
89 114
89 115
89 116
89 117
89 118
89 119
89 121
89 122
89 123
89 125
89 137
89 141
89 145
89 146
89 147
89 149
89 151
89 153
89 154
89 155
89 157
89 161
89 162
89 163
89 164
89 165
89 166
89 167
89 169
89 170
89 171
89 173
89 174
89 175
89 177
89 178
89 179
89 180
89 181
89 182
89 183
89 185
89 186
89 187
89 189
89 201
89 205
89 209
89 210
89 211
89 213
89 215
89 217
89 218
89 219
89 221
89 225
89 226
89 227
89 228
89 229
89 230
89 231
89 233
89 234
89 235
89 237
89 241
89 242
89 243
89 245
89 249
89 265
89 269
89 273
89 274
89 275
89 277
89 279
89 281
89 282
89 283
89 285
89 289
89 290
89 291
89 293
89 295
89 297
89 298
89 299
89 301
89 302
89 303
89 305
89 306
89 307
89 309
89 311
89 313
89 314
89 315
89 317
89 329
89 333
89 337
89 338
89 339
89 341
89 343
89 345
89 346
89 347
89 349
89 353
89 354
89 355
89 356
89 357
89 358
89 359
89 361
89 362
89 363
89 365
89 369
89 370
89 371
89 373
89 377
89 393
89 397
89 401
89 405
89 407
89 409
89 413
89 425
89 429
89 433
89 434
89 435
89 437
89 441
89 473
90 91
90 92
90 93
90 94
90 95
90 96
90 98
90 99
90 100
90 101
90 102
90 103
90 104
90 105
90 106
90 107
90 108
90 109
90 110
90 111
90 112
90 113
90 114
90 115
90 116
90 117
90 118
90 119
90 120
90 121
90 122
90 123
90 124
90 125
90 126
90 138
90 141
90 142
90 146
90 147
90 148
90 149
90 150
90 151
90 152
90 153
90 154
90 155
90 156
90 157
90 158
90 162
90 163
90 164
90 165
90 166
90 167
90 168
90 169
90 170
90 171
90 172
90 173
90 174
90 175
90 176
90 177
90 178
90 179
90 180
90 181
90 182
90 183
90 184
90 185
90 186
90 187
90 188
90 189
90 190
90 202
90 205
90 206
90 210
90 211
90 212
90 213
90 214
90 215
90 216
90 217
90 218
90 219
90 220
90 221
90 222
90 226
90 227
90 228
90 229
90 230
90 231
90 232
90 234
90 235
90 236
90 237
90 238
90 242
90 243
90 244
90 246
90 250
90 266
90 269
90 270
90 274
90 275
90 276
90 277
90 278
90 279
90 280
90 281
90 282
90 283
90 284
90 285
90 286
90 290
90 291
90 292
90 293
90 294
90 295
90 296
90 297
90 298
90 299
90 300
90 301
90 302
90 303
90 304
90 306
90 307
90 308
90 309
90 310
90 311
90 312
90 313
90 314
90 315
90 316
90 317
90 318
90 330
90 333
90 334
90 338
90 339
90 340
90 341
90 342
90 343
90 344
90 345
90 346
90 347
90 348
90 349
90 350
90 354
90 355
90 356
90 357
90 358
90 359
90 360
90 362
90 363
90 364
90 365
90 366
90 370
90 371
90 372
90 374
90 378
90 394
90 397
90 398
90 402
90 405
90 406
90 407
90 408
90 410
90 413
90 414
90 426
90 429
90 430
90 434
90 435
90 436
90 438
90 442
90 474
91 92
91 93
91 94
91 95
91 96
91 99
91 101
91 102
91 103
91 104
91 105
91 106
91 107
91 108
91 109
91 110
91 111
91 112
91 113
91 114
91 115
91 116
91 117
91 118
91 119
91 120
91 121
91 122
91 123
91 124
91 125
91 126
91 127
91 139
91 141
91 142
91 143
91 147
91 149
91 150
91 151
91 152
91 153
91 154
91 155
91 156
91 157
91 158
91 159
91 163
91 165
91 166
91 167
91 168
91 169
91 170
91 171
91 172
91 173
91 174
91 175
91 176
91 177
91 178
91 179
91 180
91 181
91 182
91 183
91 184
91 185
91 186
91 187
91 188
91 189
91 190
91 191
91 203
91 205
91 206
91 207
91 211
91 213
91 214
91 215
91 216
91 217
91 218
91 219
91 220
91 221
91 222
91 223
91 227
91 229
91 230
91 231
91 233
91 234
91 235
91 236
91 237
91 238
91 239
91 243
91 245
91 246
91 247
91 251
91 267
91 269
91 270
91 271
91 275
91 277
91 278
91 279
91 280
91 281
91 282
91 283
91 284
91 285
91 286
91 287
91 291
91 293
91 294
91 295
91 296
91 297
91 298
91 299
91 300
91 301
91 302
91 303
91 304
91 307
91 309
91 310
91 311
91 312
91 313
91 314
91 315
91 316
91 317
91 318
91 319
91 331
91 333
91 334
91 335
91 339
91 341
91 342
91 343
91 344
91 345
91 346
91 347
91 348
91 349
91 350
91 351
91 355
91 357
91 358
91 359
91 361
91 362
91 363
91 364
91 365
91 366
91 367
91 371
91 373
91 374
91 375
91 379
91 395
91 397
91 398
91 399
91 403
91 405
91 406
91 407
91 408
91 411
91 413
91 414
91 415
91 427
91 429
91 430
91 431
91 435
91 437
91 438
91 439
91 443
91 475
92 93
92 94
92 95
92 96
92 100
92 102
92 103
92 104
92 106
92 107
92 108
92 109
92 110
92 111
92 112
92 114
92 115
92 116
92 117
92 118
92 119
92 120
92 122
92 123
92 124
92 125
92 126
92 127
92 128
92 140
92 142
92 144
92 148
92 150
92 151
92 152
92 154
92 155
92 156
92 158
92 159
92 160
92 164
92 166
92 167
92 168
92 170
92 171
92 172
92 173
92 174
92 175
92 176
92 178
92 179
92 180
92 181
92 182
92 183
92 184
92 186
92 187
92 188
92 189
92 190
92 191
92 192
92 204
92 206
92 208
92 212
92 214
92 215
92 216
92 218
92 219
92 220
92 222
92 223
92 224
92 228
92 230
92 231
92 232
92 234
92 235
92 236
92 237
92 238
92 239
92 240
92 244
92 246
92 247
92 248
92 252
92 268
92 270
92 272
92 276
92 278
92 279
92 280
92 282
92 283
92 284
92 286
92 287
92 288
92 292
92 294
92 295
92 296
92 298
92 299
92 300
92 301
92 302
92 303
92 304
92 308
92 310
92 311
92 312
92 314
92 315
92 316
92 318
92 319
92 320
92 332
92 334
92 336
92 340
92 342
92 343
92 344
92 346
92 347
92 348
92 350
92 351
92 352
92 356
92 358
92 359
92 360
92 362
92 363
92 364
92 365
92 366
92 367
92 368
92 372
92 374
92 375
92 376
92 380
92 396
92 398
92 400
92 404
92 406
92 407
92 408
92 412
92 414
92 416
92 428
92 430
92 432
92 436
92 438
92 439
92 440
92 444
92 476
93 94
93 95
93 96
93 101
93 103
93 104
93 105
93 106
93 107
93 108
93 109
93 110
93 111
93 112
93 113
93 114
93 115
93 116
93 117
93 118
93 119
93 120
93 121
93 122
93 123
93 124
93 125
93 126
93 127
93 141
93 143
93 149
93 151
93 152
93 153
93 154
93 155
93 157
93 158
93 159
93 165
93 167
93 168
93 169
93 170
93 171
93 172
93 173
93 174
93 175
93 176
93 177
93 178
93 179
93 180
93 181
93 182
93 183
93 184
93 185
93 186
93 187
93 188
93 189
93 190
93 191
93 205
93 207
93 213
93 215
93 216
93 217
93 218
93 219
93 221
93 222
93 223
93 229
93 233
93 234
93 235
93 237
93 239
93 241
93 242
93 243
93 244
93 245
93 246
93 247
93 249
93 250
93 251
93 253
93 269
93 271
93 277
93 279
93 280
93 281
93 282
93 283
93 285
93 286
93 287
93 293
93 295
93 296
93 297
93 298
93 299
93 300
93 301
93 302
93 303
93 304
93 309
93 311
93 312
93 313
93 314
93 315
93 317
93 318
93 319
93 333
93 335
93 341
93 343
93 344
93 345
93 346
93 347
93 349
93 350
93 351
93 357
93 361
93 362
93 363
93 365
93 367
93 369
93 370
93 371
93 372
93 373
93 374
93 375
93 377
93 378
93 379
93 381
93 397
93 399
93 405
93 407
93 408
93 413
93 415
93 429
93 431
93 437
93 441
93 442
93 443
93 445
93 477
94 95
94 96
94 102
94 103
94 104
94 106
94 107
94 108
94 109
94 110
94 111
94 112
94 114
94 115
94 116
94 117
94 118
94 119
94 120
94 121
94 122
94 123
94 124
94 125
94 126
94 127
94 128
94 142
94 143
94 144
94 150
94 151
94 152
94 154
94 155
94 156
94 157
94 158
94 159
94 160
94 166
94 167
94 168
94 170
94 171
94 172
94 173
94 174
94 175
94 176
94 178
94 179
94 180
94 181
94 182
94 183
94 184
94 185
94 186
94 187
94 188
94 189
94 190
94 191
94 192
94 206
94 207
94 208
94 214
94 215
94 216
94 218
94 219
94 220
94 221
94 222
94 223
94 224
94 230
94 234
94 235
94 236
94 238
94 239
94 240
94 242
94 243
94 244
94 245
94 246
94 247
94 248
94 250
94 251
94 252
94 254
94 270
94 271
94 272
94 278
94 279
94 280
94 282
94 283
94 284
94 285
94 286
94 287
94 288
94 294
94 295
94 296
94 298
94 299
94 300
94 301
94 302
94 303
94 304
94 310
94 311
94 312
94 314
94 315
94 316
94 317
94 318
94 319
94 320
94 334
94 335
94 336
94 342
94 343
94 344
94 346
94 347
94 348
94 349
94 350
94 351
94 352
94 358
94 362
94 363
94 364
94 366
94 367
94 368
94 370
94 371
94 372
94 373
94 374
94 375
94 376
94 378
94 379
94 380
94 382
94 398
94 399
94 400
94 406
94 407
94 408
94 414
94 415
94 416
94 430
94 431
94 432
94 438
94 442
94 443
94 444
94 446
94 478
95 96
95 103
95 104
95 107
95 108
95 109
95 110
95 111
95 112
95 115
95 116
95 117
95 118
95 119
95 120
95 121
95 122
95 123
95 124
95 125
95 126
95 127
95 128
95 143
95 144
95 151
95 152
95 155
95 156
95 157
95 158
95 159
95 160
95 167
95 168
95 171
95 172
95 173
95 174
95 175
95 176
95 179
95 180
95 181
95 182
95 183
95 184
95 185
95 186
95 187
95 188
95 189
95 190
95 191
95 192
95 207
95 208
95 215
95 216
95 219
95 220
95 221
95 222
95 223
95 224
95 231
95 235
95 237
95 238
95 239
95 240
95 243
95 245
95 246
95 247
95 249
95 250
95 251
95 252
95 253
95 254
95 255
95 271
95 272
95 279
95 280
95 283
95 284
95 285
95 286
95 287
95 288
95 295
95 296
95 299
95 300
95 301
95 302
95 303
95 304
95 311
95 312
95 315
95 316
95 317
95 318
95 319
95 320
95 335
95 336
95 343
95 344
95 347
95 348
95 349
95 350
95 351
95 352
95 359
95 363
95 365
95 366
95 367
95 368
95 371
95 373
95 374
95 375
95 377
95 378
95 379
95 380
95 381
95 382
95 383
95 399
95 400
95 407
95 408
95 415
95 416
95 431
95 432
95 439
95 443
95 445
95 446
95 447
95 479
96 104
96 108
96 110
96 111
96 112
96 116
96 118
96 119
96 120
96 122
96 123
96 124
96 125
96 126
96 127
96 128
96 144
96 152
96 156
96 158
96 159
96 160
96 168
96 172
96 174
96 175
96 176
96 180
96 182
96 183
96 184
96 186
96 187
96 188
96 189
96 190
96 191
96 192
96 208
96 216
96 220
96 222
96 223
96 224
96 232
96 236
96 238
96 239
96 240
96 244
96 246
96 247
96 248
96 250
96 251
96 252
96 253
96 254
96 255
96 256
96 272
96 280
96 284
96 286
96 287
96 288
96 296
96 300
96 302
96 303
96 304
96 312
96 316
96 318
96 319
96 320
96 336
96 344
96 348
96 350
96 351
96 352
96 360
96 364
96 366
96 367
96 368
96 372
96 374
96 375
96 376
96 378
96 379
96 380
96 381
96 382
96 383
96 384
96 400
96 408
96 416
96 432
96 440
96 444
96 446
96 447
96 448
96 480
97 98
97 99
97 100
97 101
97 102
97 103
97 105
97 106
97 107
97 109
97 113
97 114
97 115
97 117
97 121
97 129
97 130
97 131
97 132
97 133
97 134
97 135
97 137
97 138
97 139
97 141
97 145
97 146
97 147
97 149
97 153
97 161
97 162
97 163
97 165
97 169
97 177
97 178
97 179
97 181
97 185
97 193
97 194
97 195
97 196
97 197
97 198
97 199
97 201
97 202
97 203
97 205
97 209
97 210
97 211
97 213
97 217
97 225
97 226
97 227
97 229
97 233
97 241
97 257
97 258
97 259
97 261
97 265
97 273
97 281
97 289
97 290
97 291
97 293
97 297
97 305
97 306
97 307
97 309
97 313
97 321
97 322
97 323
97 325
97 329
97 337
97 345
97 353
97 354
97 355
97 357
97 361
97 369
97 385
97 386
97 387
97 388
97 389
97 390
97 391
97 393
97 394
97 395
97 397
97 401
97 402
97 403
97 405
97 409
97 417
97 418
97 419
97 421
97 425
97 433
97 449
97 450
97 451
97 453
97 457
97 465
97 481
98 99
98 100
98 101
98 102
98 103
98 104
98 105
98 106
98 107
98 108
98 109
98 110
98 113
98 114
98 115
98 116
98 117
98 118
98 121
98 122
98 130
98 131
98 132
98 133
98 134
98 135
98 136
98 138
98 139
98 140
98 142
98 145
98 146
98 147
98 148
98 150
98 153
98 154
98 161
98 162
98 163
98 164
98 165
98 166
98 169
98 170
98 177
98 178
98 179
98 180
98 181
98 182
98 185
98 186
98 193
98 194
98 195
98 196
98 197
98 198
98 199
98 200
98 201
98 202
98 203
98 204
98 205
98 206
98 209
98 210
98 211
98 212
98 213
98 214
98 217
98 218
98 225
98 226
98 227
98 228
98 229
98 230
98 233
98 234
98 241
98 242
98 258
98 259
98 260
98 262
98 266
98 273
98 274
98 281
98 282
98 289
98 290
98 291
98 292
98 293
98 294
98 297
98 298
98 305
98 306
98 307
98 308
98 309
98 310
98 313
98 314
98 322
98 323
98 324
98 326
98 330
98 337
98 338
98 345
98 346
98 353
98 354
98 355
98 356
98 357
98 358
98 361
98 362
98 369
98 370
98 386
98 387
98 388
98 389
98 390
98 391
98 392
98 394
98 395
98 396
98 398
98 401
98 402
98 403
98 404
98 406
98 409
98 410
98 418
98 419
98 420
98 422
98 426
98 433
98 434
98 450
98 451
98 452
98 454
98 458
98 466
98 482
99 100
99 101
99 102
99 103
99 104
99 105
99 106
99 107
99 108
99 109
99 110
99 111
99 113
99 114
99 115
99 116
99 117
99 118
99 119
99 121
99 122
99 123
99 131
99 133
99 134
99 135
99 137
99 138
99 139
99 140
99 141
99 142
99 143
99 145
99 146
99 147
99 149
99 150
99 151
99 153
99 154
99 155
99 161
99 162
99 163
99 164
99 165
99 166
99 167
99 169
99 170
99 171
99 177
99 178
99 179
99 180
99 181
99 182
99 183
99 185
99 186
99 187
99 193
99 194
99 195
99 196
99 197
99 198
99 199
99 200
99 201
99 202
99 203
99 204
99 205
99 206
99 207
99 209
99 210
99 211
99 212
99 213
99 214
99 215
99 217
99 218
99 219
99 225
99 226
99 227
99 228
99 229
99 230
99 231
99 233
99 234
99 235
99 241
99 242
99 243
99 259
99 261
99 262
99 263
99 267
99 273
99 274
99 275
99 281
99 282
99 283
99 289
99 290
99 291
99 292
99 293
99 294
99 295
99 297
99 298
99 299
99 305
99 306
99 307
99 308
99 309
99 310
99 311
99 313
99 314
99 315
99 323
99 325
99 326
99 327
99 331
99 337
99 338
99 339
99 345
99 346
99 347
99 353
99 354
99 355
99 356
99 357
99 358
99 359
99 361
99 362
99 363
99 369
99 370
99 371
99 387
99 389
99 390
99 391
99 393
99 394
99 395
99 396
99 397
99 398
99 399
99 401
99 402
99 403
99 405
99 406
99 407
99 409
99 410
99 411
99 419
99 421
99 422
99 423
99 427
99 433
99 434
99 435
99 451
99 453
99 454
99 455
99 459
99 467
99 483
100 101
100 102
100 103
100 104
100 105
100 106
100 107
100 108
100 109
100 110
100 111
100 112
100 113
100 114
100 115
100 116
100 117
100 118
100 119
100 120
100 121
100 122
100 124
100 132
100 134
100 135
100 136
100 138
100 139
100 140
100 141
100 142
100 143
100 144
100 146
100 148
100 150
100 151
100 152
100 153
100 154
100 156
100 162
100 163
100 164
100 166
100 167
100 168
100 169
100 170
100 172
100 177
100 178
100 179
100 180
100 181
100 182
100 183
100 184
100 185
100 186
100 188
100 194
100 195
100 196
100 197
100 198
100 199
100 200
100 202
100 203
100 204
100 205
100 206
100 207
100 208
100 210
100 211
100 212
100 214
100 215
100 216
100 217
100 218
100 220
100 226
100 227
100 228
100 230
100 231
100 232
100 234
100 236
100 242
100 244
100 260
100 262
100 263
100 264
100 268
100 274
100 276
100 281
100 282
100 284
100 290
100 291
100 292
100 294
100 295
100 296
100 297
100 298
100 300
100 305
100 306
100 307
100 308
100 309
100 310
100 311
100 312
100 313
100 314
100 316
100 324
100 326
100 327
100 328
100 332
100 338
100 340
100 345
100 346
100 348
100 354
100 355
100 356
100 358
100 359
100 360
100 362
100 364
100 370
100 372
100 388
100 390
100 391
100 392
100 394
100 395
100 396
100 397
100 398
100 399
100 400
100 402
100 404
100 406
100 407
100 408
100 409
100 410
100 412
100 420
100 422
100 423
100 424
100 428
100 434
100 436
100 452
100 454
100 455
100 456
100 460
100 468
100 484
101 102
101 103
101 104
101 105
101 106
101 107
101 108
101 109
101 110
101 111
101 113
101 114
101 115
101 116
101 117
101 118
101 119
101 121
101 122
101 123
101 125
101 133
101 137
101 138
101 139
101 141
101 145
101 146
101 147
101 148
101 149
101 150
101 151
101 153
101 154
101 155
101 157
101 161
101 162
101 163
101 165
101 166
101 167
101 169
101 170
101 171
101 173
101 177
101 178
101 179
101 180
101 181
101 182
101 183
101 185
101 186
101 187
101 189
101 193
101 194
101 195
101 196
101 197
101 198
101 199
101 201
101 202
101 203
101 204
101 205
101 206
101 207
101 209
101 210
101 211
101 212
101 213
101 214
101 215
101 217
101 218
101 219
101 221
101 225
101 226
101 227
101 229
101 230
101 231
101 233
101 234
101 235
101 237
101 241
101 243
101 245
101 261
101 265
101 266
101 267
101 269
101 273
101 275
101 277
101 281
101 282
101 283
101 285
101 289
101 290
101 291
101 293
101 294
101 295
101 297
101 298
101 299
101 301
101 305
101 306
101 307
101 308
101 309
101 310
101 311
101 313
101 314
101 315
101 317
101 325
101 329
101 330
101 331
101 333
101 337
101 339
101 341
101 345
101 346
101 347
101 349
101 353
101 354
101 355
101 357
101 358
101 359
101 361
101 362
101 363
101 365
101 369
101 371
101 373
101 389
101 393
101 394
101 395
101 397
101 401
101 402
101 403
101 404
101 405
101 406
101 407
101 409
101 410
101 411
101 413
101 421
101 425
101 426
101 427
101 429
101 433
101 435
101 437
101 453
101 457
101 458
101 459
101 461
101 469
101 485
102 103
102 104
102 105
102 106
102 107
102 108
102 109
102 110
102 111
102 112
102 113
102 114
102 115
102 116
102 117
102 118
102 119
102 120
102 121
102 122
102 123
102 124
102 126
102 134
102 138
102 139
102 140
102 142
102 146
102 147
102 148
102 149
102 150
102 151
102 152
102 153
102 154
102 155
102 156
102 158
102 162
102 163
102 164
102 165
102 166
102 167
102 168
102 169
102 170
102 171
102 172
102 174
102 177
102 178
102 179
102 180
102 181
102 182
102 183
102 184
102 185
102 186
102 187
102 188
102 190
102 194
102 195
102 196
102 197
102 198
102 199
102 200
102 201
102 202
102 203
102 204
102 205
102 206
102 207
102 208
102 210
102 211
102 212
102 213
102 214
102 215
102 216
102 217
102 218
102 219
102 220
102 222
102 226
102 227
102 228
102 229
102 230
102 231
102 232
102 234
102 235
102 236
102 238
102 242
102 243
102 244
102 246
102 262
102 266
102 267
102 268
102 270
102 274
102 275
102 276
102 278
102 281
102 282
102 283
102 284
102 286
102 290
102 291
102 292
102 293
102 294
102 295
102 296
102 297
102 298
102 299
102 300
102 302
102 305
102 306
102 307
102 308
102 309
102 310
102 311
102 312
102 313
102 314
102 315
102 316
102 318
102 326
102 330
102 331
102 332
102 334
102 338
102 339
102 340
102 342
102 345
102 346
102 347
102 348
102 350
102 354
102 355
102 356
102 357
102 358
102 359
102 360
102 362
102 363
102 364
102 366
102 370
102 371
102 372
102 374
102 390
102 394
102 395
102 396
102 398
102 402
102 403
102 404
102 405
102 406
102 407
102 408
102 409
102 410
102 411
102 412
102 414
102 422
102 426
102 427
102 428
102 430
102 434
102 435
102 436
102 438
102 454
102 458
102 459
102 460
102 462
102 470
102 486
103 104
103 105
103 106
103 107
103 108
103 109
103 110
103 111
103 112
103 113
103 114
103 115
103 116
103 117
103 118
103 119
103 120
103 121
103 122
103 123
103 124
103 125
103 126
103 127
103 135
103 139
103 141
103 142
103 143
103 147
103 148
103 149
103 150
103 151
103 153
103 154
103 155
103 156
103 157
103 158
103 159
103 163
103 164
103 165
103 166
103 167
103 168
103 169
103 170
103 171
103 172
103 173
103 174
103 175
103 177
103 178
103 179
103 180
103 181
103 182
103 183
103 184
103 185
103 186
103 187
103 188
103 189
103 190
103 191
103 195
103 196
103 197
103 198
103 199
103 200
103 201
103 202
103 203
103 204
103 205
103 206
103 207
103 208
103 211
103 212
103 213
103 214
103 215
103 216
103 217
103 218
103 219
103 220
103 221
103 222
103 223
103 227
103 228
103 229
103 230
103 231
103 232
103 235
103 236
103 237
103 238
103 239
103 243
103 244
103 247
103 263
103 267
103 269
103 270
103 271
103 275
103 276
103 279
103 281
103 282
103 283
103 284
103 287
103 291
103 292
103 293
103 294
103 295
103 296
103 297
103 298
103 299
103 300
103 301
103 302
103 303
103 305
103 306
103 307
103 308
103 309
103 310
103 311
103 312
103 313
103 314
103 315
103 316
103 317
103 318
103 319
103 327
103 331
103 333
103 334
103 335
103 339
103 340
103 343
103 345
103 346
103 347
103 348
103 351
103 355
103 356
103 357
103 358
103 359
103 360
103 363
103 364
103 365
103 366
103 367
103 371
103 372
103 375
103 391
103 395
103 397
103 398
103 399
103 403
103 404
103 405
103 406
103 407
103 409
103 410
103 411
103 412
103 413
103 414
103 415
103 423
103 427
103 429
103 430
103 431
103 435
103 436
103 439
103 455
103 459
103 461
103 462
103 463
103 471
103 487
104 106
104 107
104 108
104 109
104 110
104 111
104 112
104 114
104 115
104 116
104 118
104 119
104 120
104 122
104 123
104 124
104 125
104 126
104 127
104 128
104 136
104 140
104 142
104 143
104 144
104 148
104 150
104 151
104 152
104 154
104 155
104 156
104 157
104 158
104 159
104 160
104 164
104 166
104 167
104 168
104 170
104 172
104 174
104 175
104 176
104 178
104 179
104 180
104 182
104 183
104 184
104 186
104 188
104 190
104 191
104 192
104 196
104 198
104 199
104 200
104 202
104 203
104 204
104 205
104 206
104 207
104 208
104 212
104 214
104 215
104 216
104 218
104 219
104 220
104 221
104 222
104 223
104 224
104 228
104 230
104 231
104 232
104 236
104 238
104 239
104 240
104 244
104 248
104 264
104 268
104 270
104 271
104 272
104 276
104 280
104 282
104 284
104 288
104 292
104 294
104 295
104 296
104 298
104 300
104 302
104 303
104 304
104 306
104 307
104 308
104 310
104 311
104 312
104 314
104 316
104 318
104 319
104 320
104 328
104 332
104 334
104 335
104 336
104 340
104 344
104 346
104 348
104 352
104 356
104 358
104 359
104 360
104 364
104 366
104 367
104 368
104 372
104 376
104 392
104 396
104 398
104 399
104 400
104 404
104 406
104 407
104 408
104 410
104 411
104 412
104 413
104 414
104 415
104 416
104 424
104 428
104 430
104 431
104 432
104 436
104 440
104 456
104 460
104 462
104 463
104 464
104 472
104 488
105 106
105 107
105 108
105 109
105 110
105 111
105 113
105 114
105 115
105 116
105 117
105 118
105 119
105 121
105 122
105 123
105 125
105 137
105 145
105 146
105 147
105 149
105 153
105 155
105 157
105 161
105 162
105 163
105 164
105 165
105 166
105 167
105 169
105 170
105 171
105 173
105 177
105 178
105 179
105 181
105 182
105 183
105 185
105 186
105 187
105 189
105 193
105 194
105 195
105 196
105 197
105 198
105 199
105 201
105 202
105 203
105 205
105 209
105 210
105 211
105 212
105 213
105 214
105 215
105 217
105 218
105 219
105 221
105 225
105 226
105 227
105 228
105 229
105 230
105 231
105 233
105 234
105 235
105 237
105 241
105 242
105 243
105 245
105 249
105 265
105 273
105 274
105 275
105 277
105 281
105 283
105 285
105 289
105 290
105 291
105 293
105 297
105 298
105 299
105 301
105 305
105 306
105 307
105 309
105 310
105 311
105 313
105 314
105 315
105 317
105 329
105 337
105 338
105 339
105 341
105 345
105 347
105 349
105 353
105 354
105 355
105 357
105 361
105 362
105 363
105 365
105 369
105 370
105 371
105 373
105 377
105 393
105 401
105 402
105 403
105 405
105 409
105 411
105 413
105 417
105 418
105 419
105 420
105 421
105 422
105 423
105 425
105 426
105 427
105 429
105 433
105 434
105 435
105 437
105 441
105 457
105 465
105 466
105 467
105 469
105 473
105 489
106 107
106 108
106 109
106 110
106 111
106 112
106 113
106 114
106 115
106 116
106 117
106 118
106 119
106 120
106 121
106 122
106 123
106 124
106 125
106 126
106 138
106 146
106 147
106 148
106 149
106 150
106 153
106 154
106 155
106 156
106 157
106 158
106 162
106 163
106 164
106 165
106 166
106 167
106 168
106 169
106 170
106 171
106 172
106 173
106 174
106 177
106 178
106 179
106 180
106 181
106 182
106 183
106 184
106 185
106 186
106 187
106 188
106 189
106 190
106 194
106 195
106 196
106 197
106 198
106 199
106 200
106 201
106 202
106 203
106 204
106 205
106 206
106 209
106 210
106 211
106 212
106 213
106 214
106 215
106 216
106 217
106 218
106 219
106 220
106 221
106 222
106 226
106 227
106 228
106 229
106 230
106 231
106 232
106 233
106 234
106 235
106 236
106 237
106 238
106 242
106 243
106 244
106 245
106 246
106 250
106 266
106 274
106 275
106 276
106 277
106 278
106 281
106 282
106 283
106 284
106 285
106 286
106 290
106 291
106 292
106 293
106 294
106 297
106 298
106 299
106 300
106 301
106 302
106 305
106 306
106 307
106 308
106 309
106 310
106 311
106 312
106 313
106 314
106 315
106 316
106 317
106 318
106 330
106 338
106 339
106 340
106 341
106 342
106 345
106 346
106 347
106 348
106 349
106 350
106 354
106 355
106 356
106 357
106 358
106 361
106 362
106 363
106 364
106 365
106 366
106 370
106 371
106 372
106 373
106 374
106 378
106 394
106 402
106 403
106 404
106 405
106 406
106 409
106 410
106 411
106 412
106 413
106 414
106 418
106 419
106 420
106 421
106 422
106 423
106 424
106 426
106 427
106 428
106 430
106 434
106 435
106 436
106 437
106 438
106 442
106 458
106 466
106 467
106 468
106 470
106 474
106 490
107 108
107 109
107 110
107 111
107 112
107 113
107 114
107 115
107 116
107 117
107 118
107 119
107 120
107 121
107 122
107 123
107 124
107 125
107 126
107 127
107 139
107 147
107 149
107 150
107 151
107 153
107 154
107 155
107 156
107 157
107 158
107 159
107 163
107 165
107 166
107 167
107 169
107 170
107 171
107 172
107 173
107 174
107 175
107 177
107 178
107 179
107 180
107 181
107 182
107 183
107 184
107 185
107 186
107 187
107 188
107 189
107 190
107 191
107 195
107 197
107 198
107 199
107 201
107 202
107 203
107 204
107 205
107 206
107 207
107 209
107 210
107 211
107 212
107 213
107 214
107 215
107 216
107 217
107 218
107 219
107 220
107 221
107 222
107 223
107 227
107 229
107 230
107 231
107 233
107 234
107 235
107 236
107 237
107 238
107 239
107 243
107 245
107 246
107 247
107 251
107 267
107 275
107 277
107 278
107 279
107 281
107 282
107 283
107 284
107 285
107 286
107 287
107 291
107 293
107 294
107 295
107 297
107 298
107 299
107 300
107 301
107 302
107 303
107 305
107 306
107 307
107 308
107 309
107 310
107 311
107 312
107 313
107 314
107 315
107 316
107 317
107 318
107 319
107 331
107 339
107 341
107 342
107 343
107 345
107 346
107 347
107 348
107 349
107 350
107 351
107 355
107 357
107 358
107 359
107 361
107 362
107 363
107 364
107 365
107 366
107 367
107 371
107 373
107 374
107 375
107 379
107 395
107 403
107 405
107 406
107 407
107 409
107 410
107 411
107 412
107 413
107 414
107 415
107 419
107 421
107 422
107 423
107 425
107 426
107 427
107 428
107 429
107 430
107 431
107 435
107 437
107 438
107 439
107 443
107 459
107 467
107 469
107 470
107 471
107 475
107 491
108 109
108 110
108 111
108 112
108 114
108 115
108 116
108 117
108 118
108 119
108 120
108 122
108 123
108 124
108 125
108 126
108 127
108 128
108 140
108 148
108 150
108 151
108 152
108 154
108 155
108 156
108 158
108 160
108 164
108 166
108 167
108 168
108 170
108 171
108 172
108 173
108 174
108 175
108 176
108 178
108 179
108 180
108 181
108 182
108 183
108 184
108 186
108 187
108 188
108 190
108 191
108 192
108 196
108 198
108 199
108 200
108 202
108 203
108 204
108 205
108 206
108 207
108 208
108 210
108 211
108 212
108 213
108 214
108 215
108 216
108 218
108 219
108 220
108 221
108 222
108 223
108 224
108 228
108 230
108 231
108 232
108 234
108 235
108 236
108 237
108 238
108 239
108 240
108 244
108 246
108 247
108 248
108 252
108 268
108 276
108 278
108 279
108 280
108 282
108 283
108 284
108 286
108 288
108 292
108 294
108 295
108 296
108 298
108 299
108 300
108 302
108 303
108 304
108 306
108 307
108 308
108 309
108 310
108 311
108 312
108 314
108 315
108 316
108 318
108 319
108 320
108 332
108 340
108 342
108 343
108 344
108 346
108 347
108 348
108 350
108 352
108 356
108 358
108 359
108 360
108 362
108 363
108 364
108 366
108 367
108 368
108 372
108 374
108 375
108 376
108 380
108 396
108 404
108 406
108 407
108 408
108 410
108 411
108 412
108 414
108 416
108 420
108 422
108 423
108 424
108 426
108 427
108 428
108 429
108 430
108 431
108 432
108 436
108 438
108 439
108 440
108 444
108 460
108 468
108 470
108 471
108 472
108 476
108 492
109 110
109 111
109 112
109 113
109 114
109 115
109 116
109 117
109 118
109 119
109 120
109 121
109 122
109 123
109 124
109 125
109 126
109 127
109 141
109 149
109 151
109 153
109 154
109 155
109 156
109 157
109 159
109 165
109 167
109 169
109 170
109 171
109 172
109 173
109 174
109 175
109 177
109 178
109 179
109 180
109 181
109 182
109 183
109 184
109 185
109 186
109 187
109 188
109 189
109 190
109 191
109 197
109 199
109 201
109 202
109 203
109 205
109 206
109 207
109 209
109 210
109 211
109 212
109 213
109 214
109 215
109 217
109 218
109 219
109 220
109 221
109 222
109 223
109 229
109 231
109 233
109 234
109 235
109 237
109 238
109 239
109 241
109 242
109 243
109 244
109 245
109 246
109 247
109 249
109 250
109 251
109 253
109 269
109 277
109 279
109 281
109 282
109 283
109 284
109 285
109 287
109 293
109 295
109 297
109 298
109 299
109 300
109 301
109 302
109 303
109 305
109 306
109 307
109 308
109 309
109 310
109 311
109 312
109 313
109 314
109 315
109 316
109 317
109 318
109 319
109 333
109 341
109 343
109 345
109 346
109 347
109 348
109 349
109 351
109 357
109 359
109 361
109 362
109 363
109 365
109 366
109 367
109 373
109 375
109 377
109 378
109 379
109 381
109 397
109 405
109 407
109 409
109 410
109 411
109 412
109 413
109 415
109 421
109 425
109 426
109 427
109 429
109 433
109 434
109 435
109 436
109 437
109 438
109 439
109 441
109 442
109 443
109 445
109 461
109 469
109 473
109 474
109 475
109 477
109 493
110 111
110 112
110 114
110 115
110 116
110 117
110 118
110 119
110 120
110 121
110 122
110 123
110 124
110 125
110 126
110 127
110 128
110 142
110 150
110 151
110 152
110 154
110 155
110 156
110 158
110 159
110 160
110 166
110 167
110 168
110 170
110 171
110 172
110 173
110 174
110 175
110 176
110 178
110 179
110 180
110 181
110 182
110 183
110 184
110 186
110 187
110 188
110 189
110 190
110 191
110 192
110 198
110 199
110 200
110 202
110 203
110 204
110 205
110 206
110 207
110 208
110 210
110 211
110 212
110 213
110 214
110 215
110 216
110 217
110 218
110 219
110 220
110 221
110 222
110 223
110 224
110 230
110 231
110 232
110 234
110 235
110 236
110 237
110 238
110 239
110 240
110 242
110 243
110 244
110 245
110 246
110 247
110 248
110 250
110 251
110 252
110 254
110 270
110 278
110 279
110 280
110 282
110 283
110 284
110 286
110 287
110 288
110 294
110 295
110 296
110 298
110 299
110 300
110 301
110 302
110 303
110 304
110 306
110 307
110 308
110 309
110 310
110 311
110 312
110 314
110 315
110 316
110 317
110 318
110 319
110 320
110 334
110 342
110 343
110 344
110 346
110 347
110 348
110 350
110 351
110 352
110 358
110 359
110 360
110 362
110 363
110 364
110 365
110 366
110 367
110 368
110 374
110 375
110 376
110 378
110 379
110 380
110 382
110 398
110 406
110 407
110 408
110 410
110 411
110 412
110 414
110 415
110 416
110 422
110 426
110 427
110 428
110 430
110 434
110 435
110 436
110 437
110 438
110 439
110 440
110 442
110 443
110 444
110 446
110 462
110 470
110 474
110 475
110 476
110 478
110 494
111 112
111 115
111 116
111 117
111 118
111 119
111 120
111 121
111 122
111 123
111 124
111 125
111 126
111 127
111 128
111 143
111 151
111 152
111 155
111 156
111 157
111 158
111 159
111 160
111 167
111 168
111 171
111 172
111 173
111 174
111 175
111 176
111 179
111 180
111 181
111 182
111 183
111 184
111 185
111 186
111 187
111 188
111 189
111 190
111 191
111 192
111 199
111 200
111 203
111 204
111 205
111 206
111 207
111 208
111 211
111 212
111 213
111 214
111 215
111 216
111 217
111 218
111 219
111 220
111 221
111 222
111 223
111 224
111 231
111 232
111 235
111 236
111 237
111 238
111 239
111 240
111 243
111 245
111 246
111 247
111 248
111 249
111 250
111 251
111 252
111 253
111 254
111 255
111 271
111 279
111 280
111 283
111 284
111 285
111 286
111 287
111 288
111 295
111 296
111 299
111 300
111 301
111 302
111 303
111 304
111 307
111 308
111 309
111 310
111 311
111 312
111 315
111 316
111 317
111 318
111 319
111 320
111 335
111 343
111 344
111 347
111 348
111 349
111 350
111 351
111 352
111 359
111 360
111 363
111 364
111 365
111 366
111 367
111 368
111 375
111 376
111 379
111 381
111 382
111 383
111 399
111 407
111 408
111 411
111 412
111 413
111 414
111 415
111 416
111 423
111 427
111 429
111 430
111 431
111 435
111 437
111 438
111 439
111 440
111 441
111 442
111 443
111 444
111 445
111 446
111 447
111 463
111 471
111 475
111 477
111 478
111 479
111 495
112 116
112 118
112 119
112 120
112 122
112 123
112 124
112 125
112 126
112 127
112 128
112 144
112 152
112 156
112 158
112 159
112 160
112 168
112 172
112 174
112 175
112 176
112 180
112 182
112 183
112 184
112 186
112 187
112 188
112 189
112 190
112 191
112 192
112 200
112 204
112 206
112 207
112 208
112 212
112 214
112 215
112 216
112 218
112 219
112 220
112 221
112 222
112 223
112 224
112 232
112 236
112 238
112 239
112 240
112 244
112 246
112 247
112 248
112 250
112 251
112 252
112 253
112 254
112 255
112 256
112 272
112 280
112 284
112 286
112 287
112 288
112 296
112 300
112 302
112 303
112 304
112 308
112 310
112 311
112 312
112 316
112 318
112 319
112 320
112 336
112 344
112 348
112 350
112 351
112 352
112 360
112 364
112 366
112 367
112 368
112 376
112 380
112 382
112 383
112 384
112 400
112 408
112 412
112 414
112 415
112 416
112 424
112 428
112 430
112 431
112 432
112 436
112 438
112 439
112 440
112 442
112 443
112 444
112 445
112 446
112 447
112 448
112 464
112 472
112 476
112 478
112 479
112 480
112 496
113 114
113 115
113 116
113 117
113 118
113 119
113 121
113 122
113 123
113 125
113 145
113 153
113 157
113 161
113 162
113 163
113 165
113 169
113 173
113 177
113 178
113 179
113 181
113 185
113 186
113 187
113 189
113 193
113 194
113 195
113 196
113 197
113 198
113 199
113 201
113 202
113 203
113 205
113 209
113 210
113 211
113 213
113 217
113 221
113 225
113 226
113 227
113 228
113 229
113 230
113 231
113 233
113 234
113 235
113 237
113 241
113 242
113 243
113 245
113 249
113 273
113 281
113 285
113 289
113 290
113 291
113 293
113 297
113 301
113 305
113 306
113 307
113 309
113 313
113 314
113 315
113 317
113 337
113 345
113 349
113 353
113 354
113 355
113 357
113 361
113 369
113 370
113 371
113 373
113 377
113 401
113 409
113 413
113 417
113 418
113 419
113 421
113 425
113 433
113 441
113 449
113 450
113 451
113 452
113 453
113 454
113 455
113 457
113 458
113 459
113 461
113 465
113 466
113 467
113 469
113 473
113 481
113 482
113 483
113 485
113 489
113 497
114 115
114 116
114 117
114 118
114 119
114 120
114 121
114 122
114 123
114 124
114 125
114 126
114 146
114 153
114 154
114 157
114 158
114 162
114 163
114 164
114 166
114 169
114 170
114 173
114 174
114 177
114 178
114 179
114 180
114 181
114 182
114 185
114 186
114 187
114 188
114 189
114 190
114 194
114 195
114 196
114 197
114 198
114 199
114 200
114 201
114 202
114 203
114 204
114 206
114 209
114 210
114 211
114 212
114 213
114 214
114 217
114 218
114 221
114 222
114 225
114 226
114 227
114 228
114 229
114 230
114 231
114 232
114 233
114 234
114 235
114 236
114 237
114 238
114 241
114 242
114 243
114 244
114 245
114 246
114 249
114 250
114 274
114 281
114 282
114 285
114 286
114 290
114 291
114 292
114 294
114 297
114 298
114 301
114 302
114 305
114 306
114 307
114 308
114 309
114 310
114 313
114 314
114 315
114 316
114 317
114 318
114 338
114 345
114 346
114 349
114 350
114 354
114 355
114 356
114 358
114 361
114 362
114 369
114 370
114 371
114 372
114 373
114 374
114 377
114 378
114 402
114 409
114 410
114 413
114 414
114 418
114 419
114 420
114 422
114 426
114 434
114 441
114 442
114 450
114 451
114 452
114 453
114 454
114 455
114 456
114 458
114 459
114 460
114 462
114 466
114 467
114 468
114 470
114 474
114 482
114 483
114 484
114 486
114 490
114 498
115 116
115 117
115 118
115 119
115 120
115 121
115 122
115 123
115 124
115 125
115 126
115 127
115 147
115 153
115 154
115 155
115 157
115 158
115 159
115 163
115 165
115 166
115 167
115 169
115 170
115 171
115 173
115 174
115 175
115 177
115 178
115 179
115 180
115 181
115 182
115 183
115 185
115 186
115 187
115 188
115 189
115 190
115 191
115 195
115 197
115 198
115 199
115 201
115 202
115 203
115 204
115 205
115 206
115 207
115 209
115 210
115 211
115 212
115 213
115 214
115 215
115 217
115 218
115 219
115 221
115 222
115 223
115 225
115 226
115 227
115 228
115 229
115 230
115 231
115 232
115 233
115 234
115 235
115 236
115 237
115 238
115 239
115 241
115 242
115 243
115 244
115 245
115 246
115 247
115 249
115 250
115 251
115 275
115 281
115 282
115 283
115 285
115 286
115 287
115 291
115 293
115 294
115 295
115 297
115 298
115 299
115 301
115 302
115 303
115 305
115 306
115 307
115 308
115 309
115 310
115 311
115 313
115 314
115 315
115 316
115 317
115 318
115 319
115 339
115 345
115 346
115 347
115 349
115 350
115 351
115 355
115 357
115 358
115 359
115 361
115 362
115 363
115 369
115 370
115 371
115 372
115 373
115 374
115 375
115 377
115 378
115 379
115 403
115 409
115 410
115 411
115 413
115 414
115 415
115 419
115 421
115 422
115 423
115 427
115 435
115 441
115 442
115 443
115 451
115 453
115 454
115 455
115 457
115 458
115 459
115 460
115 461
115 462
115 463
115 467
115 469
115 470
115 471
115 475
115 483
115 485
115 486
115 487
115 491
115 499
116 117
116 118
116 119
116 120
116 121
116 122
116 123
116 124
116 125
116 126
116 127
116 128
116 148
116 154
116 156
116 157
116 158
116 160
116 164
116 166
116 167
116 168
116 170
116 172
116 173
116 174
116 176
116 178
116 179
116 180
116 181
116 182
116 183
116 184
116 185
116 186
116 187
116 188
116 189
116 190
116 191
116 192
116 196
116 198
116 199
116 200
116 202
116 203
116 204
116 205
116 206
116 207
116 208
116 210
116 211
116 212
116 214
116 215
116 216
116 218
116 220
116 221
116 222
116 224
116 226
116 227
116 228
116 229
116 230
116 231
116 232
116 234
116 235
116 236
116 237
116 238
116 239
116 240
116 242
116 243
116 244
116 246
116 247
116 248
116 250
116 252
116 276
116 282
116 284
116 285
116 286
116 288
116 292
116 294
116 295
116 296
116 298
116 300
116 301
116 302
116 304
116 306
116 307
116 308
116 309
116 310
116 311
116 312
116 313
116 314
116 315
116 316
116 317
116 318
116 319
116 320
116 340
116 346
116 348
116 349
116 350
116 352
116 356
116 358
116 359
116 360
116 362
116 364
116 370
116 371
116 372
116 374
116 375
116 376
116 378
116 380
116 404
116 410
116 412
116 413
116 414
116 416
116 420
116 422
116 423
116 424
116 428
116 436
116 442
116 444
116 452
116 454
116 455
116 456
116 458
116 459
116 460
116 461
116 462
116 463
116 464
116 468
116 470
116 471
116 472
116 476
116 484
116 486
116 487
116 488
116 492
116 500
117 118
117 119
117 120
117 121
117 122
117 123
117 124
117 125
117 126
117 127
117 149
117 153
117 155
117 157
117 158
117 159
117 165
117 169
117 170
117 171
117 173
117 174
117 175
117 177
117 178
117 179
117 181
117 182
117 183
117 185
117 186
117 187
117 188
117 189
117 190
117 191
117 197
117 201
117 202
117 203
117 205
117 209
117 210
117 211
117 212
117 213
117 214
117 215
117 217
117 218
117 219
117 221
117 222
117 223
117 225
117 226
117 227
117 228
117 229
117 230
117 231
117 233
117 234
117 235
117 236
117 237
117 238
117 239
117 241
117 242
117 243
117 244
117 245
117 246
117 247
117 249
117 250
117 251
117 253
117 277
117 281
117 283
117 285
117 286
117 287
117 293
117 297
117 298
117 299
117 301
117 302
117 303
117 305
117 306
117 307
117 309
117 310
117 311
117 313
117 314
117 315
117 316
117 317
117 318
117 319
117 341
117 345
117 347
117 349
117 350
117 351
117 357
117 361
117 362
117 363
117 365
117 369
117 370
117 371
117 373
117 374
117 375
117 377
117 378
117 379
117 381
117 405
117 409
117 411
117 413
117 414
117 415
117 421
117 425
117 426
117 427
117 429
117 437
117 441
117 443
117 445
117 453
117 457
117 458
117 459
117 461
117 465
117 466
117 467
117 468
117 469
117 470
117 471
117 473
117 474
117 475
117 477
117 485
117 489
117 490
117 491
117 493
117 501
118 119
118 120
118 121
118 122
118 123
118 124
118 125
118 126
118 127
118 128
118 150
118 154
118 155
118 156
118 157
118 158
118 159
118 160
118 166
118 170
118 171
118 172
118 173
118 174
118 175
118 176
118 178
118 179
118 180
118 181
118 182
118 183
118 184
118 185
118 186
118 187
118 188
118 189
118 190
118 191
118 192
118 198
118 202
118 203
118 204
118 206
118 210
118 211
118 212
118 213
118 214
118 215
118 216
118 218
118 219
118 220
118 221
118 222
118 223
118 224
118 226
118 227
118 228
118 229
118 230
118 231
118 232
118 233
118 234
118 235
118 236
118 237
118 238
118 239
118 240
118 242
118 243
118 244
118 245
118 246
118 247
118 248
118 250
118 251
118 252
118 254
118 278
118 282
118 283
118 284
118 285
118 286
118 287
118 288
118 294
118 298
118 299
118 300
118 301
118 302
118 303
118 304
118 306
118 307
118 308
118 309
118 310
118 311
118 312
118 313
118 314
118 315
118 316
118 317
118 318
118 319
118 320
118 342
118 346
118 347
118 348
118 349
118 350
118 351
118 352
118 358
118 362
118 363
118 364
118 366
118 370
118 371
118 372
118 373
118 374
118 375
118 376
118 378
118 379
118 380
118 382
118 406
118 410
118 411
118 412
118 413
118 414
118 415
118 416
118 422
118 426
118 427
118 428
118 430
118 438
118 442
118 443
118 444
118 446
118 454
118 458
118 459
118 460
118 462
118 466
118 467
118 468
118 469
118 470
118 471
118 472
118 474
118 475
118 476
118 478
118 486
118 490
118 491
118 492
118 494
118 502
119 120
119 121
119 122
119 123
119 124
119 125
119 126
119 127
119 128
119 151
119 155
119 156
119 157
119 158
119 159
119 160
119 167
119 171
119 172
119 173
119 174
119 175
119 176
119 179
119 180
119 181
119 182
119 183
119 184
119 185
119 186
119 187
119 188
119 189
119 190
119 191
119 192
119 199
119 203
119 204
119 205
119 206
119 207
119 211
119 212
119 213
119 214
119 215
119 216
119 217
119 218
119 219
119 220
119 221
119 222
119 223
119 224
119 227
119 228
119 229
119 230
119 231
119 232
119 233
119 234
119 235
119 236
119 237
119 238
119 239
119 240
119 243
119 244
119 245
119 246
119 247
119 248
119 249
119 250
119 251
119 252
119 253
119 254
119 255
119 279
119 283
119 284
119 285
119 286
119 287
119 288
119 295
119 299
119 300
119 301
119 302
119 303
119 304
119 307
119 308
119 309
119 310
119 311
119 312
119 313
119 314
119 315
119 316
119 317
119 318
119 319
119 320
119 343
119 347
119 348
119 349
119 350
119 351
119 352
119 359
119 363
119 364
119 365
119 366
119 367
119 371
119 372
119 373
119 374
119 375
119 376
119 379
119 380
119 381
119 382
119 383
119 407
119 411
119 412
119 413
119 414
119 415
119 416
119 423
119 427
119 429
119 430
119 431
119 439
119 443
119 444
119 447
119 455
119 459
119 461
119 462
119 463
119 467
119 469
119 470
119 471
119 473
119 474
119 475
119 476
119 477
119 478
119 479
119 487
119 491
119 493
119 494
119 495
119 503
120 122
120 123
120 124
120 125
120 126
120 127
120 128
120 152
120 156
120 158
120 160
120 168
120 172
120 174
120 175
120 176
120 180
120 182
120 183
120 184
120 186
120 187
120 188
120 190
120 191
120 192
120 200
120 204
120 206
120 207
120 208
120 212
120 214
120 215
120 216
120 218
120 219
120 220
120 221
120 222
120 223
120 224
120 228
120 230
120 231
120 232
120 234
120 235
120 236
120 237
120 238
120 239
120 240
120 244
120 246
120 247
120 248
120 250
120 251
120 252
120 253
120 254
120 255
120 256
120 280
120 284
120 286
120 288
120 296
120 300
120 302
120 303
120 304
120 308
120 310
120 311
120 312
120 314
120 315
120 316
120 318
120 319
120 320
120 344
120 348
120 350
120 352
120 360
120 364
120 366
120 367
120 368
120 372
120 374
120 375
120 376
120 380
120 382
120 383
120 384
120 408
120 412
120 414
120 416
120 424
120 428
120 430
120 431
120 432
120 440
120 444
120 448
120 456
120 460
120 462
120 463
120 464
120 468
120 470
120 471
120 472
120 474
120 475
120 476
120 477
120 478
120 479
120 480
120 488
120 492
120 494
120 495
120 496
120 504
121 122
121 123
121 124
121 125
121 126
121 127
121 153
121 157
121 159
121 169
121 173
121 175
121 177
121 178
121 179
121 181
121 183
121 185
121 186
121 187
121 189
121 190
121 191
121 201
121 205
121 209
121 210
121 211
121 213
121 217
121 218
121 219
121 221
121 223
121 225
121 226
121 227
121 228
121 229
121 230
121 231
121 233
121 234
121 235
121 237
121 241
121 242
121 243
121 244
121 245
121 246
121 247
121 249
121 250
121 251
121 253
121 281
121 285
121 287
121 297
121 301
121 303
121 305
121 306
121 307
121 309
121 311
121 313
121 314
121 315
121 317
121 318
121 319
121 345
121 349
121 351
121 361
121 365
121 369
121 370
121 371
121 373
121 377
121 378
121 379
121 381
121 409
121 413
121 415
121 425
121 433
121 434
121 435
121 437
121 441
121 445
121 457
121 465
121 466
121 467
121 469
121 473
121 481
121 482
121 483
121 484
121 485
121 486
121 487
121 489
121 490
121 491
121 493
121 497
121 498
121 499
121 501
121 505
122 123
122 124
122 125
122 126
122 127
122 128
122 154
122 157
122 158
122 159
122 160
122 170
122 173
122 174
122 175
122 176
122 178
122 179
122 180
122 181
122 182
122 183
122 184
122 185
122 186
122 187
122 188
122 189
122 190
122 191
122 192
122 202
122 205
122 206
122 210
122 211
122 212
122 213
122 214
122 217
122 218
122 219
122 220
122 221
122 222
122 223
122 224
122 226
122 227
122 228
122 229
122 230
122 231
122 232
122 233
122 234
122 235
122 236
122 237
122 238
122 241
122 242
122 243
122 244
122 245
122 246
122 247
122 248
122 249
122 250
122 251
122 252
122 253
122 254
122 282
122 285
122 286
122 287
122 288
122 298
122 301
122 302
122 303
122 304
122 306
122 307
122 308
122 309
122 310
122 311
122 312
122 313
122 314
122 315
122 316
122 317
122 318
122 319
122 320
122 346
122 349
122 350
122 351
122 352
122 362
122 365
122 366
122 370
122 371
122 372
122 373
122 374
122 377
122 378
122 379
122 380
122 381
122 382
122 410
122 413
122 414
122 415
122 416
122 426
122 434
122 435
122 436
122 438
122 442
122 445
122 446
122 458
122 466
122 467
122 468
122 470
122 474
122 482
122 483
122 484
122 485
122 486
122 487
122 488
122 490
122 491
122 492
122 494
122 498
122 499
122 500
122 502
122 506
123 124
123 125
123 126
123 127
123 128
123 155
123 157
123 158
123 159
123 160
123 171
123 173
123 174
123 175
123 176
123 179
123 181
123 182
123 183
123 184
123 185
123 186
123 187
123 188
123 189
123 190
123 191
123 192
123 203
123 205
123 206
123 207
123 211
123 213
123 214
123 215
123 217
123 218
123 219
123 220
123 221
123 222
123 223
123 224
123 227
123 229
123 230
123 231
123 233
123 234
123 235
123 236
123 237
123 238
123 239
123 241
123 242
123 243
123 244
123 245
123 246
123 247
123 248
123 249
123 250
123 251
123 252
123 253
123 254
123 255
123 283
123 285
123 286
123 287
123 288
123 299
123 301
123 302
123 303
123 304
123 307
123 309
123 310
123 311
123 312
123 313
123 314
123 315
123 316
123 317
123 318
123 319
123 320
123 347
123 349
123 350
123 351
123 352
123 363
123 365
123 366
123 367
123 371
123 373
123 374
123 375
123 377
123 378
123 379
123 380
123 381
123 382
123 383
123 411
123 413
123 414
123 415
123 416
123 427
123 435
123 437
123 438
123 439
123 443
123 445
123 446
123 447
123 459
123 467
123 469
123 470
123 471
123 475
123 483
123 485
123 486
123 487
123 489
123 490
123 491
123 492
123 493
123 494
123 495
123 499
123 501
123 502
123 503
123 507
124 125
124 126
124 127
124 128
124 156
124 158
124 159
124 160
124 172
124 174
124 175
124 176
124 180
124 182
124 183
124 184
124 186
124 187
124 188
124 189
124 190
124 191
124 192
124 204
124 206
124 208
124 212
124 214
124 215
124 216
124 218
124 219
124 220
124 222
124 223
124 224
124 228
124 230
124 231
124 232
124 234
124 235
124 236
124 237
124 238
124 239
124 240
124 242
124 243
124 244
124 245
124 246
124 247
124 248
124 250
124 251
124 252
124 253
124 254
124 255
124 256
124 284
124 286
124 287
124 288
124 300
124 302
124 303
124 304
124 308
124 310
124 311
124 312
124 314
124 315
124 316
124 317
124 318
124 319
124 320
124 348
124 350
124 351
124 352
124 364
124 366
124 368
124 372
124 374
124 375
124 376
124 378
124 379
124 380
124 382
124 383
124 384
124 412
124 414
124 415
124 416
124 428
124 436
124 438
124 439
124 440
124 444
124 446
124 448
124 460
124 468
124 470
124 471
124 472
124 476
124 484
124 486
124 487
124 488
124 490
124 491
124 492
124 493
124 494
124 495
124 496
124 500
124 502
124 503
124 504
124 508
125 126
125 127
125 128
125 157
125 159
125 160
125 173
125 175
125 176
125 181
125 183
125 184
125 185
125 186
125 187
125 188
125 189
125 190
125 191
125 192
125 205
125 207
125 213
125 215
125 217
125 218
125 219
125 221
125 222
125 223
125 224
125 229
125 231
125 233
125 234
125 235
125 237
125 238
125 239
125 241
125 242
125 243
125 244
125 245
125 246
125 247
125 249
125 250
125 251
125 252
125 253
125 254
125 255
125 285
125 287
125 288
125 301
125 303
125 304
125 309
125 311
125 312
125 313
125 314
125 315
125 316
125 317
125 318
125 319
125 320
125 349
125 351
125 352
125 365
125 367
125 373
125 375
125 377
125 378
125 379
125 381
125 382
125 383
125 413
125 415
125 416
125 429
125 437
125 441
125 442
125 443
125 445
125 447
125 461
125 469
125 473
125 474
125 475
125 477
125 485
125 489
125 490
125 491
125 493
125 497
125 498
125 499
125 500
125 501
125 502
125 503
125 505
125 506
125 507
125 509
126 127
126 128
126 158
126 159
126 160
126 174
126 175
126 176
126 182
126 183
126 184
126 186
126 187
126 188
126 189
126 190
126 191
126 192
126 206
126 207
126 208
126 214
126 215
126 216
126 218
126 219
126 220
126 221
126 222
126 223
126 224
126 230
126 231
126 232
126 234
126 235
126 236
126 237
126 238
126 239
126 240
126 242
126 243
126 244
126 245
126 246
126 247
126 248
126 249
126 250
126 251
126 252
126 253
126 254
126 255
126 256
126 286
126 287
126 288
126 302
126 303
126 304
126 310
126 311
126 312
126 314
126 315
126 316
126 317
126 318
126 319
126 320
126 350
126 351
126 352
126 366
126 367
126 368
126 374
126 375
126 376
126 378
126 379
126 380
126 381
126 382
126 383
126 384
126 414
126 415
126 416
126 430
126 438
126 442
126 443
126 444
126 446
126 447
126 448
126 462
126 470
126 474
126 475
126 476
126 478
126 486
126 490
126 491
126 492
126 494
126 498
126 499
126 500
126 501
126 502
126 503
126 504
126 506
126 507
126 508
126 510
127 128
127 159
127 160
127 175
127 176
127 183
127 184
127 187
127 188
127 189
127 190
127 191
127 192
127 207
127 208
127 215
127 216
127 219
127 220
127 221
127 222
127 223
127 224
127 231
127 232
127 235
127 236
127 237
127 238
127 239
127 240
127 243
127 244
127 245
127 246
127 247
127 248
127 249
127 250
127 251
127 252
127 253
127 254
127 255
127 256
127 287
127 288
127 303
127 304
127 311
127 312
127 315
127 316
127 317
127 318
127 319
127 320
127 351
127 352
127 367
127 368
127 375
127 376
127 379
127 380
127 381
127 382
127 383
127 384
127 415
127 416
127 431
127 439
127 443
127 445
127 446
127 447
127 448
127 463
127 471
127 475
127 477
127 478
127 479
127 487
127 491
127 493
127 494
127 495
127 499
127 501
127 502
127 503
127 505
127 506
127 507
127 508
127 509
127 510
127 511
128 160
128 176
128 184
128 188
128 190
128 191
128 192
128 208
128 216
128 220
128 222
128 223
128 224
128 232
128 236
128 238
128 239
128 240
128 244
128 246
128 247
128 248
128 250
128 251
128 252
128 253
128 254
128 255
128 256
128 288
128 304
128 312
128 316
128 318
128 319
128 320
128 352
128 368
128 376
128 380
128 382
128 383
128 384
128 416
128 432
128 440
128 444
128 446
128 447
128 448
128 464
128 472
128 476
128 478
128 479
128 480
128 488
128 492
128 494
128 495
128 496
128 500
128 502
128 503
128 504
128 506
128 507
128 508
128 509
128 510
128 511
128 512
129 130
129 131
129 132
129 133
129 134
129 135
129 137
129 138
129 139
129 141
129 145
129 146
129 147
129 149
129 153
129 161
129 162
129 163
129 165
129 169
129 177
129 193
129 194
129 195
129 197
129 201
129 209
129 225
129 257
129 258
129 259
129 260
129 261
129 262
129 263
129 265
129 266
129 267
129 269
129 273
129 274
129 275
129 277
129 281
129 289
129 290
129 291
129 293
129 297
129 305
129 321
129 322
129 323
129 325
129 329
129 337
129 353
129 385
129 386
129 387
129 389
129 393
129 401
129 417
129 449
130 131
130 132
130 133
130 134
130 135
130 136
130 137
130 138
130 139
130 140
130 141
130 142
130 145
130 146
130 147
130 148
130 149
130 150
130 153
130 154
130 161
130 162
130 163
130 164
130 165
130 166
130 169
130 170
130 177
130 178
130 193
130 194
130 195
130 196
130 197
130 198
130 201
130 202
130 209
130 210
130 225
130 226
130 257
130 258
130 259
130 260
130 261
130 262
130 263
130 264
130 265
130 266
130 267
130 268
130 269
130 270
130 273
130 274
130 275
130 276
130 277
130 278
130 281
130 282
130 289
130 290
130 291
130 292
130 293
130 294
130 297
130 298
130 305
130 306
130 321
130 322
130 323
130 324
130 325
130 326
130 329
130 330
130 337
130 338
130 353
130 354
130 385
130 386
130 387
130 388
130 389
130 390
130 393
130 394
130 401
130 402
130 417
130 418
130 449
130 450
131 132
131 133
131 134
131 135
131 136
131 137
131 138
131 139
131 140
131 141
131 142
131 143
131 145
131 146
131 147
131 148
131 149
131 150
131 151
131 153
131 154
131 155
131 161
131 162
131 163
131 164
131 165
131 166
131 167
131 169
131 170
131 171
131 177
131 178
131 179
131 193
131 194
131 195
131 196
131 197
131 198
131 199
131 201
131 202
131 203
131 209
131 210
131 211
131 225
131 226
131 227
131 257
131 258
131 259
131 260
131 261
131 262
131 263
131 264
131 265
131 266
131 267
131 268
131 269
131 270
131 271
131 273
131 274
131 275
131 276
131 277
131 278
131 279
131 281
131 282
131 283
131 289
131 290
131 291
131 292
131 293
131 294
131 295
131 297
131 298
131 299
131 305
131 306
131 307
131 321
131 322
131 323
131 324
131 325
131 326
131 327
131 329
131 330
131 331
131 337
131 338
131 339
131 353
131 354
131 355
131 385
131 386
131 387
131 388
131 389
131 390
131 391
131 393
131 394
131 395
131 401
131 402
131 403
131 417
131 418
131 419
131 449
131 450
131 451
132 133
132 134
132 135
132 136
132 137
132 138
132 139
132 140
132 141
132 142
132 143
132 144
132 145
132 146
132 147
132 148
132 149
132 150
132 151
132 152
132 153
132 154
132 156
132 161
132 162
132 163
132 164
132 165
132 166
132 167
132 168
132 169
132 170
132 172
132 177
132 178
132 180
132 193
132 194
132 195
132 196
132 197
132 198
132 199
132 200
132 201
132 202
132 204
132 209
132 210
132 212
132 225
132 226
132 228
132 258
132 259
132 260
132 261
132 262
132 263
132 264
132 266
132 267
132 268
132 269
132 270
132 271
132 272
132 274
132 275
132 276
132 278
132 279
132 280
132 282
132 284
132 289
132 290
132 291
132 292
132 294
132 295
132 296
132 298
132 300
132 306
132 308
132 321
132 322
132 323
132 324
132 325
132 326
132 327
132 328
132 329
132 330
132 332
132 337
132 338
132 340
132 353
132 354
132 356
132 386
132 387
132 388
132 390
132 391
132 392
132 394
132 396
132 402
132 404
132 417
132 418
132 420
132 450
132 452
133 134
133 135
133 136
133 137
133 138
133 139
133 140
133 141
133 142
133 143
133 145
133 146
133 147
133 148
133 149
133 150
133 151
133 153
133 154
133 155
133 157
133 161
133 162
133 163
133 164
133 165
133 166
133 167
133 169
133 170
133 171
133 173
133 177
133 178
133 179
133 181
133 193
133 194
133 195
133 196
133 197
133 198
133 199
133 201
133 202
133 203
133 205
133 209
133 210
133 211
133 213
133 225
133 226
133 227
133 229
133 257
133 258
133 259
133 260
133 261
133 262
133 263
133 265
133 266
133 267
133 268
133 269
133 270
133 271
133 273
133 274
133 275
133 276
133 277
133 278
133 279
133 281
133 282
133 283
133 285
133 289
133 290
133 291
133 293
133 294
133 295
133 297
133 298
133 299
133 301
133 305
133 307
133 309
133 321
133 322
133 323
133 324
133 325
133 326
133 327
133 329
133 330
133 331
133 333
133 337
133 338
133 339
133 341
133 353
133 354
133 355
133 357
133 385
133 386
133 387
133 389
133 390
133 391
133 393
133 394
133 395
133 397
133 401
133 403
133 405
133 417
133 418
133 419
133 421
133 449
133 451
133 453
134 135
134 136
134 137
134 138
134 139
134 140
134 141
134 142
134 143
134 144
134 145
134 146
134 147
134 148
134 149
134 150
134 151
134 152
134 153
134 154
134 155
134 156
134 158
134 161
134 162
134 163
134 164
134 165
134 166
134 167
134 168
134 169
134 170
134 171
134 172
134 174
134 177
134 178
134 179
134 180
134 182
134 193
134 194
134 195
134 196
134 197
134 198
134 199
134 200
134 201
134 202
134 203
134 204
134 206
134 209
134 210
134 211
134 212
134 214
134 225
134 226
134 227
134 228
134 230
134 258
134 259
134 260
134 261
134 262
134 263
134 264
134 265
134 266
134 267
134 268
134 269
134 270
134 271
134 272
134 274
134 275
134 276
134 277
134 278
134 279
134 280
134 282
134 283
134 284
134 286
134 289
134 290
134 291
134 292
134 293
134 294
134 295
134 296
134 298
134 299
134 300
134 302
134 306
134 307
134 308
134 310
134 321
134 322
134 323
134 324
134 325
134 326
134 327
134 328
134 329
134 330
134 331
134 332
134 334
134 337
134 338
134 339
134 340
134 342
134 353
134 354
134 355
134 356
134 358
134 386
134 387
134 388
134 389
134 390
134 391
134 392
134 394
134 395
134 396
134 398
134 402
134 403
134 404
134 406
134 417
134 418
134 419
134 420
134 422
134 450
134 451
134 452
134 454
135 136
135 137
135 138
135 139
135 140
135 141
135 142
135 143
135 144
135 145
135 146
135 147
135 148
135 149
135 150
135 151
135 152
135 153
135 154
135 155
135 156
135 157
135 158
135 159
135 161
135 162
135 163
135 164
135 165
135 166
135 167
135 168
135 169
135 170
135 171
135 172
135 173
135 174
135 175
135 177
135 178
135 179
135 180
135 183
135 193
135 194
135 195
135 196
135 197
135 198
135 199
135 200
135 201
135 202
135 203
135 204
135 205
135 206
135 207
135 209
135 210
135 211
135 212
135 215
135 225
135 226
135 227
135 228
135 231
135 259
135 260
135 261
135 262
135 263
135 264
135 265
135 266
135 267
135 268
135 269
135 270
135 271
135 272
135 275
135 276
135 277
135 278
135 279
135 280
135 281
135 282
135 283
135 284
135 285
135 286
135 287
135 289
135 290
135 291
135 292
135 293
135 294
135 295
135 296
135 299
135 300
135 301
135 302
135 303
135 307
135 308
135 311
135 321
135 322
135 323
135 324
135 325
135 326
135 327
135 328
135 329
135 330
135 331
135 332
135 333
135 334
135 335
135 337
135 338
135 339
135 340
135 343
135 353
135 354
135 355
135 356
135 359
135 387
135 388
135 389
135 390
135 391
135 392
135 395
135 396
135 397
135 398
135 399
135 403
135 404
135 407
135 417
135 418
135 419
135 420
135 423
135 451
135 452
135 455
136 138
136 139
136 140
136 141
136 142
136 143
136 144
136 146
136 147
136 148
136 150
136 151
136 152
136 154
136 155
136 156
136 157
136 158
136 159
136 160
136 162
136 163
136 164
136 166
136 167
136 168
136 170
136 172
136 174
136 175
136 176
136 178
136 180
136 184
136 194
136 195
136 196
136 198
136 199
136 200
136 202
136 204
136 206
136 207
136 208
136 210
136 212
136 216
136 226
136 228
136 232
136 260
136 262
136 263
136 264
136 266
136 267
136 268
136 269
136 270
136 271
136 272
136 276
136 278
136 279
136 280
136 282
136 283
136 284
136 285
136 286
136 287
136 288
136 290
136 292
136 294
136 295
136 296
136 300
136 302
136 303
136 304
136 308
136 312
136 322
136 323
136 324
136 326
136 327
136 328
136 330
136 332
136 334
136 335
136 336
136 338
136 340
136 344
136 354
136 356
136 360
136 388
136 390
136 391
136 392
136 396
136 398
136 399
136 400
136 404
136 408
136 418
136 420
136 424
136 452
136 456
137 138
137 139
137 140
137 141
137 142
137 143
137 145
137 146
137 147
137 148
137 149
137 150
137 151
137 153
137 154
137 155
137 157
137 161
137 162
137 163
137 164
137 165
137 166
137 167
137 169
137 170
137 171
137 173
137 177
137 178
137 179
137 181
137 185
137 193
137 194
137 195
137 197
137 198
137 199
137 201
137 202
137 203
137 205
137 209
137 210
137 211
137 213
137 217
137 225
137 227
137 229
137 233
137 257
137 258
137 259
137 260
137 261
137 262
137 263
137 265
137 266
137 267
137 269
137 273
137 274
137 275
137 276
137 277
137 278
137 279
137 281
137 282
137 283
137 285
137 289
137 290
137 291
137 292
137 293
137 294
137 295
137 297
137 298
137 299
137 301
137 305
137 306
137 307
137 309
137 313
137 321
137 322
137 323
137 325
137 326
137 327
137 329
137 330
137 331
137 333
137 337
137 338
137 339
137 341
137 345
137 353
137 355
137 357
137 361
137 385
137 386
137 387
137 389
137 393
137 394
137 395
137 397
137 401
137 402
137 403
137 405
137 409
137 417
137 419
137 421
137 425
137 449
137 453
137 457
138 139
138 140
138 141
138 142
138 143
138 144
138 145
138 146
138 147
138 148
138 149
138 150
138 151
138 152
138 153
138 154
138 155
138 156
138 157
138 158
138 161
138 162
138 163
138 164
138 165
138 166
138 167
138 168
138 169
138 170
138 171
138 172
138 173
138 174
138 177
138 178
138 179
138 180
138 181
138 182
138 186
138 193
138 194
138 195
138 196
138 197
138 198
138 199
138 200
138 201
138 202
138 203
138 204
138 205
138 206
138 209
138 210
138 211
138 212
138 213
138 214
138 218
138 225
138 226
138 227
138 228
138 229
138 230
138 234
138 258
138 259
138 260
138 261
138 262
138 263
138 264
138 265
138 266
138 267
138 268
138 269
138 270
138 273
138 274
138 275
138 276
138 277
138 278
138 279
138 280
138 281
138 282
138 283
138 284
138 285
138 286
138 289
138 290
138 291
138 292
138 293
138 294
138 295
138 296
138 297
138 298
138 299
138 300
138 301
138 302
138 306
138 307
138 308
138 309
138 310
138 314
138 321
138 322
138 323
138 324
138 325
138 326
138 327
138 328
138 329
138 330
138 331
138 332
138 333
138 334
138 337
138 338
138 339
138 340
138 341
138 342
138 346
138 353
138 354
138 355
138 356
138 357
138 358
138 362
138 386
138 387
138 388
138 389
138 390
138 393
138 394
138 395
138 396
138 397
138 398
138 402
138 403
138 404
138 405
138 406
138 410
138 417
138 418
138 419
138 420
138 421
138 422
138 426
138 450
138 453
138 454
138 458
139 140
139 141
139 142
139 143
139 144
139 145
139 146
139 147
139 148
139 149
139 150
139 151
139 152
139 153
139 154
139 155
139 156
139 157
139 158
139 159
139 161
139 162
139 163
139 164
139 165
139 166
139 167
139 168
139 169
139 170
139 171
139 172
139 173
139 174
139 175
139 177
139 178
139 179
139 180
139 181
139 182
139 183
139 187
139 193
139 194
139 195
139 196
139 197
139 198
139 199
139 200
139 201
139 202
139 203
139 204
139 205
139 206
139 207
139 209
139 210
139 211
139 212
139 213
139 214
139 215
139 219
139 225
139 226
139 227
139 228
139 229
139 230
139 231
139 235
139 259
139 261
139 262
139 263
139 265
139 266
139 267
139 268
139 269
139 270
139 271
139 273
139 274
139 275
139 276
139 277
139 278
139 279
139 280
139 281
139 282
139 283
139 284
139 285
139 286
139 287
139 289
139 290
139 291
139 292
139 293
139 294
139 295
139 297
139 298
139 299
139 300
139 301
139 302
139 303
139 307
139 309
139 310
139 311
139 315
139 321
139 322
139 323
139 324
139 325
139 326
139 327
139 328
139 329
139 330
139 331
139 332
139 333
139 334
139 335
139 337
139 338
139 339
139 340
139 341
139 342
139 343
139 347
139 353
139 354
139 355
139 356
139 357
139 358
139 359
139 363
139 387
139 389
139 390
139 391
139 393
139 394
139 395
139 396
139 397
139 398
139 399
139 403
139 405
139 406
139 407
139 411
139 417
139 418
139 419
139 420
139 421
139 422
139 423
139 427
139 451
139 453
139 454
139 455
139 459
140 141
140 142
140 143
140 144
140 146
140 147
140 148
140 149
140 150
140 151
140 152
140 154
140 155
140 156
140 157
140 158
140 159
140 160
140 162
140 163
140 164
140 165
140 166
140 167
140 168
140 170
140 171
140 172
140 173
140 174
140 175
140 176
140 178
140 179
140 180
140 182
140 183
140 184
140 188
140 194
140 195
140 196
140 197
140 198
140 199
140 200
140 202
140 203
140 204
140 206
140 207
140 208
140 210
140 211
140 212
140 214
140 215
140 216
140 220
140 226
140 227
140 228
140 230
140 232
140 236
140 260
140 262
140 263
140 264
140 266
140 267
140 268
140 269
140 270
140 271
140 272
140 274
140 275
140 276
140 277
140 278
140 279
140 280
140 282
140 283
140 284
140 285
140 286
140 287
140 288
140 290
140 291
140 292
140 294
140 295
140 296
140 298
140 299
140 300
140 301
140 302
140 303
140 304
140 308
140 310
140 311
140 312
140 316
140 322
140 323
140 324
140 325
140 326
140 327
140 328
140 330
140 331
140 332
140 334
140 335
140 336
140 338
140 339
140 340
140 342
140 343
140 344
140 348
140 354
140 355
140 356
140 358
140 360
140 364
140 388
140 390
140 391
140 392
140 394
140 395
140 396
140 398
140 399
140 400
140 404
140 406
140 407
140 408
140 412
140 418
140 419
140 420
140 422
140 424
140 428
140 452
140 454
140 456
140 460
141 142
141 143
141 144
141 145
141 146
141 147
141 148
141 149
141 150
141 151
141 152
141 153
141 154
141 155
141 156
141 157
141 158
141 159
141 161
141 162
141 163
141 164
141 165
141 166
141 167
141 168
141 169
141 170
141 171
141 172
141 173
141 174
141 175
141 177
141 178
141 179
141 180
141 181
141 182
141 183
141 185
141 186
141 187
141 189
141 193
141 194
141 195
141 196
141 197
141 198
141 199
141 200
141 201
141 202
141 203
141 204
141 205
141 206
141 207
141 209
141 211
141 212
141 213
141 215
141 217
141 218
141 219
141 221
141 225
141 227
141 228
141 229
141 231
141 237
141 261
141 263
141 265
141 266
141 267
141 269
141 270
141 271
141 273
141 274
141 275
141 276
141 277
141 278
141 279
141 281
141 282
141 283
141 284
141 285
141 286
141 287
141 289
141 291
141 292
141 293
141 295
141 297
141 298
141 299
141 301
141 302
141 303
141 305
141 306
141 307
141 308
141 309
141 310
141 311
141 313
141 314
141 315
141 317
141 321
141 322
141 323
141 324
141 325
141 326
141 327
141 328
141 329
141 330
141 331
141 332
141 333
141 334
141 335
141 337
141 339
141 340
141 341
141 343
141 345
141 346
141 347
141 349
141 353
141 355
141 356
141 357
141 359
141 365
141 389
141 391
141 393
141 394
141 395
141 397
141 398
141 399
141 405
141 407
141 409
141 410
141 411
141 413
141 417
141 419
141 420
141 421
141 423
141 429
141 453
141 455
141 461
142 143
142 144
142 146
142 147
142 148
142 149
142 150
142 151
142 152
142 153
142 154
142 155
142 156
142 157
142 158
142 159
142 160
142 162
142 163
142 164
142 165
142 166
142 167
142 168
142 170
142 171
142 172
142 173
142 174
142 175
142 176
142 178
142 179
142 180
142 181
142 182
142 183
142 184
142 186
142 187
142 188
142 190
142 194
142 195
142 196
142 197
142 198
142 199
142 200
142 202
142 203
142 204
142 205
142 206
142 207
142 208
142 210
142 211
142 212
142 214
142 215
142 216
142 218
142 219
142 220
142 222
142 226
142 227
142 228
142 230
142 231
142 232
142 238
142 262
142 263
142 264
142 266
142 267
142 268
142 269
142 270
142 271
142 272
142 274
142 275
142 276
142 277
142 278
142 279
142 280
142 281
142 282
142 283
142 284
142 285
142 286
142 287
142 288
142 290
142 291
142 292
142 294
142 295
142 296
142 298
142 299
142 300
142 301
142 302
142 303
142 304
142 306
142 307
142 308
142 309
142 310
142 311
142 312
142 314
142 315
142 316
142 318
142 322
142 323
142 324
142 325
142 326
142 327
142 328
142 330
142 331
142 332
142 333
142 334
142 335
142 336
142 338
142 339
142 340
142 342
142 343
142 344
142 346
142 347
142 348
142 350
142 354
142 355
142 356
142 358
142 359
142 360
142 366
142 390
142 391
142 392
142 394
142 395
142 396
142 397
142 398
142 399
142 400
142 406
142 407
142 408
142 410
142 411
142 412
142 414
142 418
142 419
142 420
142 422
142 423
142 424
142 430
142 454
142 455
142 456
142 462
143 144
143 147
143 148
143 149
143 150
143 151
143 152
143 153
143 154
143 155
143 156
143 157
143 158
143 159
143 160
143 163
143 164
143 165
143 166
143 167
143 168
143 171
143 172
143 173
143 174
143 175
143 176
143 179
143 180
143 181
143 182
143 183
143 184
143 185
143 186
143 187
143 188
143 189
143 190
143 191
143 195
143 196
143 197
143 198
143 199
143 200
143 203
143 204
143 205
143 206
143 207
143 208
143 211
143 212
143 215
143 216
143 219
143 221
143 222
143 223
143 227
143 228
143 231
143 232
143 239
143 263
143 264
143 267
143 268
143 269
143 270
143 271
143 272
143 275
143 276
143 277
143 278
143 279
143 280
143 281
143 282
143 283
143 284
143 285
143 286
143 287
143 288
143 291
143 292
143 295
143 296
143 299
143 300
143 301
143 302
143 303
143 304
143 307
143 309
143 310
143 311
143 312
143 313
143 314
143 315
143 316
143 317
143 318
143 319
143 323
143 324
143 325
143 326
143 327
143 328
143 331
143 332
143 333
143 334
143 335
143 336
143 339
143 340
143 343
143 344
143 347
143 349
143 350
143 351
143 355
143 356
143 359
143 360
143 367
143 391
143 392
143 395
143 396
143 397
143 398
143 399
143 400
143 407
143 408
143 411
143 413
143 414
143 415
143 419
143 420
143 423
143 424
143 431
143 455
143 456
143 463
144 148
144 150
144 151
144 152
144 154
144 155
144 156
144 157
144 158
144 159
144 160
144 164
144 166
144 167
144 168
144 172
144 174
144 175
144 176
144 180
144 182
144 183
144 184
144 186
144 187
144 188
144 189
144 190
144 191
144 192
144 196
144 198
144 199
144 200
144 204
144 206
144 207
144 208
144 212
144 216
144 220
144 222
144 223
144 224
144 228
144 232
144 240
144 264
144 268
144 270
144 271
144 272
144 276
144 278
144 279
144 280
144 282
144 283
144 284
144 285
144 286
144 287
144 288
144 292
144 296
144 300
144 302
144 303
144 304
144 308
144 310
144 311
144 312
144 314
144 315
144 316
144 317
144 318
144 319
144 320
144 324
144 326
144 327
144 328
144 332
144 334
144 335
144 336
144 340
144 344
144 348
144 350
144 351
144 352
144 356
144 360
144 368
144 392
144 396
144 398
144 399
144 400
144 408
144 412
144 414
144 415
144 416
144 420
144 424
144 432
144 456
144 464
145 146
145 147
145 148
145 149
145 150
145 151
145 153
145 154
145 155
145 157
145 161
145 162
145 163
145 164
145 165
145 166
145 167
145 169
145 170
145 171
145 173
145 177
145 178
145 179
145 181
145 185
145 193
145 194
145 195
145 196
145 197
145 198
145 199
145 201
145 202
145 203
145 205
145 209
145 210
145 211
145 213
145 217
145 225
145 226
145 227
145 229
145 233
145 241
145 257
145 258
145 259
145 260
145 261
145 262
145 263
145 265
145 266
145 267
145 269
145 273
145 274
145 275
145 277
145 281
145 289
145 290
145 291
145 292
145 293
145 294
145 295
145 297
145 298
145 299
145 301
145 305
145 306
145 307
145 309
145 313
145 321
145 322
145 323
145 324
145 325
145 326
145 327
145 329
145 330
145 331
145 333
145 337
145 338
145 339
145 341
145 345
145 353
145 354
145 355
145 357
145 361
145 369
145 385
145 386
145 387
145 389
145 393
145 401
145 402
145 403
145 405
145 409
145 417
145 418
145 419
145 421
145 425
145 433
145 449
145 457
145 465
146 147
146 148
146 149
146 150
146 151
146 152
146 153
146 154
146 155
146 156
146 157
146 158
146 161
146 162
146 163
146 164
146 165
146 166
146 167
146 168
146 169
146 170
146 171
146 172
146 173
146 174
146 177
146 178
146 179
146 180
146 181
146 182
146 185
146 186
146 193
146 194
146 195
146 196
146 197
146 198
146 199
146 200
146 201
146 202
146 203
146 204
146 205
146 206
146 209
146 210
146 211
146 212
146 213
146 214
146 217
146 218
146 225
146 226
146 227
146 228
146 229
146 230
146 233
146 234
146 242
146 258
146 259
146 260
146 261
146 262
146 263
146 264
146 265
146 266
146 267
146 268
146 270
146 273
146 274
146 275
146 276
146 277
146 278
146 281
146 282
146 289
146 290
146 291
146 292
146 293
146 294
146 295
146 296
146 297
146 298
146 299
146 300
146 301
146 302
146 305
146 306
146 307
146 308
146 309
146 310
146 313
146 314
146 321
146 322
146 323
146 324
146 325
146 326
146 327
146 328
146 329
146 330
146 331
146 332
146 333
146 334
146 337
146 338
146 339
146 340
146 341
146 342
146 345
146 346
146 353
146 354
146 355
146 356
146 357
146 358
146 361
146 362
146 370
146 386
146 387
146 388
146 390
146 393
146 394
146 401
146 402
146 403
146 404
146 405
146 406
146 409
146 410
146 417
146 418
146 419
146 420
146 421
146 422
146 425
146 426
146 434
146 450
146 457
146 458
146 466
147 148
147 149
147 150
147 151
147 152
147 153
147 154
147 155
147 156
147 157
147 158
147 159
147 161
147 162
147 163
147 164
147 165
147 166
147 167
147 168
147 169
147 170
147 171
147 172
147 173
147 174
147 175
147 177
147 178
147 179
147 180
147 181
147 182
147 183
147 185
147 186
147 187
147 193
147 194
147 195
147 196
147 197
147 198
147 199
147 201
147 202
147 203
147 204
147 205
147 206
147 207
147 209
147 210
147 211
147 212
147 213
147 214
147 215
147 217
147 218
147 219
147 225
147 226
147 227
147 229
147 230
147 231
147 233
147 234
147 235
147 243
147 259
147 261
147 262
147 263
147 265
147 266
147 267
147 268
147 269
147 270
147 271
147 273
147 274
147 275
147 276
147 277
147 278
147 279
147 281
147 282
147 283
147 289
147 290
147 291
147 292
147 293
147 294
147 295
147 296
147 297
147 298
147 299
147 300
147 301
147 302
147 303
147 305
147 306
147 307
147 308
147 309
147 310
147 311
147 313
147 314
147 315
147 321
147 322
147 323
147 324
147 325
147 326
147 327
147 329
147 330
147 331
147 332
147 333
147 334
147 335
147 337
147 338
147 339
147 340
147 341
147 342
147 343
147 345
147 346
147 347
147 353
147 354
147 355
147 357
147 358
147 359
147 361
147 362
147 363
147 371
147 387
147 389
147 390
147 391
147 393
147 394
147 395
147 401
147 402
147 403
147 404
147 405
147 406
147 407
147 409
147 410
147 411
147 417
147 418
147 419
147 421
147 422
147 423
147 425
147 426
147 427
147 435
147 451
147 457
147 458
147 459
147 467
148 149
148 150
148 151
148 152
148 153
148 154
148 155
148 156
148 157
148 158
148 159
148 160
148 162
148 163
148 164
148 165
148 166
148 167
148 168
148 169
148 170
148 171
148 172
148 173
148 174
148 175
148 176
148 178
148 179
148 180
148 181
148 182
148 183
148 184
148 186
148 188
148 194
148 195
148 196
148 197
148 198
148 199
148 200
148 201
148 202
148 203
148 204
148 205
148 206
148 207
148 208
148 210
148 211
148 212
148 213
148 214
148 215
148 216
148 218
148 220
148 226
148 228
148 229
148 230
148 231
148 232
148 234
148 236
148 244
148 260
148 262
148 263
148 264
148 266
148 267
148 268
148 269
148 270
148 271
148 272
148 274
148 275
148 276
148 278
148 279
148 280
148 282
148 284
148 290
148 291
148 292
148 293
148 294
148 295
148 296
148 298
148 299
148 300
148 301
148 302
148 303
148 304
148 306
148 307
148 308
148 310
148 311
148 312
148 314
148 316
148 322
148 323
148 324
148 325
148 326
148 327
148 328
148 329
148 330
148 331
148 332
148 333
148 334
148 335
148 336
148 338
148 339
148 340
148 341
148 342
148 343
148 344
148 346
148 348
148 354
148 356
148 357
148 358
148 359
148 360
148 362
148 364
148 372
148 388
148 390
148 391
148 392
148 394
148 396
148 402
148 403
148 404
148 406
148 407
148 408
148 410
148 412
148 418
148 420
148 421
148 422
148 423
148 424
148 426
148 428
148 436
148 452
148 458
148 460
148 468
149 150
149 151
149 152
149 153
149 154
149 155
149 156
149 157
149 158
149 159
149 161
149 162
149 163
149 164
149 165
149 166
149 167
149 169
149 170
149 171
149 172
149 173
149 174
149 175
149 177
149 178
149 179
149 180
149 181
149 182
149 183
149 185
149 186
149 187
149 189
149 193
149 194
149 195
149 197
149 198
149 199
149 201
149 202
149 203
149 204
149 205
149 206
149 207
149 209
149 210
149 211
149 212
149 213
149 214
149 215
149 217
149 218
149 219
149 221
149 225
149 227
149 229
149 230
149 231
149 233
149 234
149 235
149 237
149 245
149 261
149 265
149 266
149 267
149 269
149 273
149 274
149 275
149 276
149 277
149 278
149 279
149 281
149 282
149 283
149 285
149 289
149 290
149 291
149 292
149 293
149 294
149 295
149 297
149 298
149 299
149 300
149 301
149 302
149 303
149 305
149 306
149 307
149 308
149 309
149 310
149 311
149 313
149 314
149 315
149 317
149 321
149 322
149 323
149 325
149 326
149 327
149 329
149 330
149 331
149 332
149 333
149 334
149 335
149 337
149 338
149 339
149 340
149 341
149 342
149 343
149 345
149 346
149 347
149 349
149 353
149 355
149 357
149 358
149 359
149 361
149 362
149 363
149 365
149 373
149 389
149 393
149 394
149 395
149 397
149 401
149 402
149 403
149 405
149 406
149 407
149 409
149 410
149 411
149 413
149 417
149 419
149 421
149 422
149 423
149 425
149 426
149 427
149 429
149 437
149 453
149 457
149 459
149 461
149 469
150 151
150 152
150 153
150 154
150 155
150 156
150 157
150 158
150 159
150 160
150 162
150 163
150 164
150 165
150 166
150 167
150 168
150 169
150 170
150 171
150 172
150 173
150 174
150 175
150 176
150 178
150 179
150 180
150 181
150 182
150 183
150 184
150 186
150 187
150 188
150 190
150 194
150 195
150 196
150 197
150 198
150 199
150 200
150 201
150 202
150 203
150 204
150 205
150 206
150 207
150 208
150 210
150 211
150 212
150 213
150 214
150 215
150 216
150 218
150 219
150 220
150 222
150 226
150 227
150 228
150 229
150 230
150 231
150 232
150 234
150 235
150 236
150 238
150 246
150 262
150 266
150 267
150 268
150 270
150 274
150 275
150 276
150 277
150 278
150 279
150 280
150 282
150 283
150 284
150 286
150 290
150 291
150 292
150 293
150 294
150 295
150 296
150 297
150 298
150 299
150 300
150 301
150 302
150 303
150 304
150 306
150 307
150 308
150 309
150 310
150 311
150 312
150 314
150 315
150 316
150 318
150 322
150 323
150 324
150 325
150 326
150 327
150 328
150 329
150 330
150 331
150 332
150 333
150 334
150 335
150 336
150 338
150 339
150 340
150 341
150 342
150 343
150 344
150 346
150 347
150 348
150 350
150 354
150 355
150 356
150 357
150 358
150 359
150 360
150 362
150 363
150 364
150 366
150 374
150 390
150 394
150 395
150 396
150 398
150 402
150 403
150 404
150 405
150 406
150 407
150 408
150 410
150 411
150 412
150 414
150 418
150 419
150 420
150 421
150 422
150 423
150 424
150 426
150 427
150 428
150 430
150 438
150 454
150 458
150 459
150 460
150 462
150 470
151 152
151 153
151 154
151 155
151 156
151 157
151 158
151 159
151 160
151 163
151 164
151 165
151 166
151 167
151 168
151 169
151 170
151 171
151 172
151 173
151 174
151 175
151 176
151 179
151 180
151 181
151 182
151 183
151 184
151 185
151 186
151 187
151 188
151 189
151 190
151 191
151 195
151 196
151 197
151 198
151 199
151 200
151 201
151 202
151 203
151 204
151 205
151 206
151 207
151 208
151 211
151 212
151 213
151 214
151 215
151 216
151 217
151 218
151 219
151 220
151 221
151 222
151 223
151 227
151 228
151 229
151 230
151 231
151 232
151 235
151 236
151 237
151 238
151 239
151 247
151 263
151 267
151 268
151 269
151 270
151 271
151 275
151 276
151 277
151 278
151 279
151 280
151 281
151 282
151 283
151 284
151 285
151 286
151 287
151 291
151 292
151 293
151 294
151 295
151 296
151 297
151 298
151 299
151 300
151 301
151 302
151 303
151 304
151 307
151 308
151 309
151 310
151 311
151 312
151 313
151 314
151 315
151 316
151 317
151 318
151 319
151 323
151 324
151 325
151 326
151 327
151 328
151 329
151 330
151 331
151 332
151 333
151 334
151 335
151 336
151 339
151 340
151 341
151 342
151 343
151 344
151 345
151 346
151 347
151 348
151 349
151 350
151 351
151 355
151 356
151 357
151 358
151 359
151 360
151 363
151 364
151 365
151 366
151 367
151 375
151 391
151 395
151 396
151 397
151 398
151 399
151 403
151 404
151 405
151 406
151 407
151 408
151 411
151 412
151 413
151 414
151 415
151 419
151 420
151 421
151 422
151 423
151 424
151 427
151 428
151 429
151 430
151 431
151 439
151 455
151 459
151 460
151 463
151 471
152 154
152 155
152 156
152 157
152 158
152 159
152 160
152 164
152 166
152 167
152 168
152 170
152 171
152 172
152 173
152 174
152 175
152 176
152 180
152 182
152 183
152 184
152 186
152 187
152 188
152 189
152 190
152 191
152 192
152 196
152 198
152 199
152 200
152 202
152 203
152 204
152 206
152 207
152 208
152 212
152 214
152 215
152 216
152 218
152 219
152 220
152 221
152 222
152 223
152 224
152 228
152 230
152 232
152 236
152 238
152 239
152 240
152 248
152 264
152 268
152 270
152 271
152 272
152 276
152 278
152 279
152 280
152 282
152 283
152 284
152 285
152 286
152 287
152 288
152 292
152 294
152 295
152 296
152 298
152 299
152 300
152 301
152 302
152 303
152 304
152 308
152 310
152 311
152 312
152 314
152 315
152 316
152 317
152 318
152 319
152 320
152 324
152 326
152 327
152 328
152 330
152 331
152 332
152 334
152 335
152 336
152 340
152 342
152 343
152 344
152 346
152 347
152 348
152 349
152 350
152 351
152 352
152 356
152 358
152 360
152 364
152 366
152 367
152 368
152 376
152 392
152 396
152 398
152 399
152 400
152 404
152 406
152 407
152 408
152 412
152 414
152 415
152 416
152 420
152 422
152 424
152 428
152 430
152 431
152 432
152 440
152 456
152 460
152 464
152 472
153 154
153 155
153 156
153 157
153 158
153 159
153 161
153 162
153 163
153 164
153 165
153 166
153 167
153 169
153 170
153 171
153 173
153 174
153 175
153 177
153 178
153 179
153 180
153 181
153 182
153 183
153 185
153 186
153 187
153 189
153 193
153 194
153 195
153 197
153 199
153 201
153 202
153 203
153 205
153 206
153 207
153 209
153 210
153 211
153 213
153 215
153 217
153 218
153 219
153 221
153 225
153 226
153 227
153 228
153 229
153 230
153 231
153 233
153 234
153 235
153 237
153 241
153 242
153 243
153 245
153 249
153 265
153 269
153 273
153 274
153 275
153 277
153 281
153 282
153 283
153 285
153 289
153 290
153 291
153 292
153 293
153 294
153 295
153 297
153 298
153 299
153 301
153 305
153 306
153 307
153 308
153 309
153 310
153 311
153 313
153 314
153 315
153 317
153 321
153 322
153 323
153 325
153 327
153 329
153 330
153 331
153 333
153 334
153 335
153 337
153 338
153 339
153 341
153 343
153 345
153 346
153 347
153 349
153 353
153 354
153 355
153 356
153 357
153 358
153 359
153 361
153 362
153 363
153 365
153 369
153 370
153 371
153 373
153 377
153 393
153 397
153 401
153 402
153 403
153 405
153 409
153 410
153 411
153 413
153 417
153 421
153 423
153 425
153 429
153 433
153 434
153 435
153 437
153 441
153 457
153 461
153 473
154 155
154 156
154 157
154 158
154 159
154 160
154 162
154 163
154 164
154 165
154 166
154 167
154 168
154 169
154 170
154 171
154 172
154 173
154 174
154 175
154 176
154 177
154 178
154 179
154 180
154 181
154 182
154 183
154 184
154 185
154 186
154 187
154 188
154 189
154 190
154 194
154 195
154 196
154 197
154 198
154 199
154 200
154 201
154 202
154 203
154 204
154 205
154 206
154 207
154 208
154 210
154 211
154 212
154 213
154 214
154 215
154 216
154 217
154 218
154 219
154 220
154 221
154 222
154 226
154 227
154 228
154 229
154 230
154 231
154 232
154 234
154 235
154 236
154 237
154 238
154 242
154 243
154 244
154 246
154 250
154 266
154 269
154 270
154 274
154 275
154 276
154 277
154 278
154 281
154 282
154 283
154 284
154 285
154 286
154 290
154 291
154 292
154 293
154 294
154 295
154 296
154 297
154 298
154 299
154 300
154 301
154 302
154 305
154 306
154 307
154 308
154 309
154 310
154 311
154 312
154 313
154 314
154 315
154 316
154 317
154 318
154 322
154 323
154 324
154 325
154 326
154 327
154 328
154 329
154 330
154 331
154 332
154 333
154 334
154 335
154 336
154 338
154 339
154 340
154 341
154 342
154 343
154 344
154 345
154 346
154 347
154 348
154 349
154 350
154 354
154 355
154 356
154 357
154 358
154 359
154 360
154 362
154 363
154 364
154 365
154 366
154 370
154 371
154 372
154 374
154 378
154 394
154 397
154 398
154 402
154 403
154 404
154 405
154 406
154 409
154 410
154 411
154 412
154 413
154 414
154 418
154 421
154 422
154 423
154 424
154 426
154 429
154 430
154 434
154 435
154 436
154 438
154 442
154 458
154 461
154 462
154 474
155 156
155 157
155 158
155 159
155 160
155 163
155 165
155 166
155 167
155 168
155 169
155 170
155 171
155 172
155 173
155 174
155 175
155 176
155 177
155 178
155 179
155 180
155 181
155 182
155 183
155 184
155 185
155 186
155 187
155 188
155 189
155 190
155 191
155 195
155 197
155 198
155 199
155 200
155 201
155 202
155 203
155 204
155 205
155 206
155 207
155 208
155 211
155 213
155 214
155 215
155 216
155 217
155 218
155 219
155 220
155 221
155 222
155 223
155 227
155 229
155 230
155 231
155 232
155 233
155 234
155 235
155 236
155 237
155 238
155 239
155 243
155 245
155 246
155 247
155 251
155 267
155 269
155 270
155 271
155 275
155 277
155 278
155 279
155 281
155 282
155 283
155 284
155 285
155 286
155 287
155 291
155 293
155 294
155 295
155 296
155 297
155 298
155 299
155 300
155 301
155 302
155 303
155 305
155 306
155 307
155 308
155 309
155 310
155 311
155 312
155 313
155 314
155 315
155 316
155 317
155 318
155 319
155 323
155 325
155 326
155 327
155 328
155 329
155 330
155 331
155 332
155 333
155 334
155 335
155 336
155 339
155 341
155 342
155 343
155 344
155 345
155 346
155 347
155 348
155 349
155 350
155 351
155 355
155 357
155 358
155 359
155 360
155 361
155 362
155 363
155 364
155 365
155 366
155 367
155 371
155 373
155 374
155 375
155 379
155 395
155 397
155 398
155 399
155 403
155 405
155 406
155 407
155 409
155 410
155 411
155 412
155 413
155 414
155 415
155 419
155 421
155 422
155 423
155 424
155 427
155 429
155 430
155 431
155 435
155 437
155 438
155 439
155 443
155 459
155 461
155 462
155 463
155 475
156 157
156 158
156 159
156 160
156 164
156 166
156 167
156 168
156 170
156 171
156 172
156 173
156 174
156 175
156 176
156 178
156 179
156 180
156 181
156 182
156 183
156 184
156 186
156 187
156 188
156 189
156 190
156 191
156 192
156 196
156 198
156 199
156 200
156 202
156 203
156 204
156 205
156 206
156 207
156 208
156 212
156 214
156 215
156 216
156 218
156 219
156 220
156 222
156 223
156 224
156 228
156 230
156 231
156 232
156 234
156 235
156 236
156 237
156 238
156 239
156 240
156 244
156 246
156 247
156 248
156 252
156 268
156 270
156 272
156 276
156 278
156 279
156 280
156 282
156 283
156 284
156 286
156 287
156 288
156 292
156 294
156 295
156 296
156 298
156 299
156 300
156 301
156 302
156 303
156 304
156 306
156 307
156 308
156 309
156 310
156 311
156 312
156 314
156 315
156 316
156 317
156 318
156 319
156 320
156 324
156 326
156 327
156 328
156 330
156 331
156 332
156 333
156 334
156 335
156 336
156 340
156 342
156 343
156 344
156 346
156 347
156 348
156 350
156 351
156 352
156 356
156 358
156 359
156 360
156 362
156 363
156 364
156 365
156 366
156 367
156 368
156 372
156 374
156 375
156 376
156 380
156 396
156 398
156 400
156 404
156 406
156 407
156 408
156 410
156 411
156 412
156 414
156 415
156 416
156 420
156 422
156 423
156 424
156 428
156 430
156 432
156 436
156 438
156 439
156 440
156 444
156 460
156 462
156 464
156 476
157 158
157 159
157 160
157 165
157 167
157 168
157 169
157 170
157 171
157 172
157 173
157 174
157 175
157 176
157 177
157 178
157 179
157 180
157 181
157 182
157 183
157 184
157 185
157 186
157 187
157 188
157 189
157 190
157 191
157 197
157 199
157 200
157 201
157 202
157 203
157 204
157 205
157 206
157 207
157 208
157 213
157 215
157 216
157 217
157 218
157 219
157 221
157 222
157 223
157 229
157 231
157 232
157 233
157 234
157 235
157 237
157 239
157 241
157 242
157 243
157 244
157 245
157 246
157 247
157 249
157 250
157 251
157 253
157 269
157 271
157 277
157 279
157 281
157 282
157 283
157 285
157 286
157 287
157 293
157 295
157 296
157 297
157 298
157 299
157 301
157 302
157 303
157 305
157 306
157 307
157 308
157 309
157 310
157 311
157 313
157 314
157 315
157 316
157 317
157 318
157 319
157 325
157 327
157 328
157 329
157 330
157 331
157 332
157 333
157 334
157 335
157 336
157 341
157 343
157 344
157 345
157 346
157 347
157 349
157 350
157 351
157 357
157 359
157 360
157 361
157 362
157 363
157 365
157 367
157 369
157 370
157 371
157 372
157 373
157 374
157 375
157 377
157 378
157 379
157 381
157 397
157 399
157 405
157 407
157 409
157 410
157 411
157 413
157 414
157 415
157 421
157 423
157 424
157 429
157 431
157 437
157 441
157 442
157 443
157 445
157 461
157 463
157 477
158 159
158 160
158 166
158 167
158 168
158 170
158 171
158 172
158 173
158 174
158 175
158 176
158 178
158 179
158 180
158 181
158 182
158 183
158 184
158 185
158 186
158 187
158 188
158 189
158 190
158 191
158 192
158 198
158 199
158 200
158 202
158 203
158 204
158 205
158 206
158 207
158 208
158 214
158 215
158 216
158 218
158 219
158 220
158 221
158 222
158 223
158 224
158 230
158 231
158 232
158 234
158 235
158 236
158 238
158 239
158 240
158 242
158 243
158 244
158 245
158 246
158 247
158 248
158 250
158 251
158 252
158 254
158 270
158 271
158 272
158 278
158 279
158 280
158 282
158 283
158 284
158 285
158 286
158 287
158 288
158 294
158 295
158 296
158 298
158 299
158 300
158 301
158 302
158 303
158 304
158 306
158 307
158 308
158 309
158 310
158 311
158 312
158 313
158 314
158 315
158 316
158 317
158 318
158 319
158 320
158 326
158 327
158 328
158 330
158 331
158 332
158 333
158 334
158 335
158 336
158 342
158 343
158 344
158 346
158 347
158 348
158 349
158 350
158 351
158 352
158 358
158 359
158 360
158 362
158 363
158 364
158 366
158 367
158 368
158 370
158 371
158 372
158 373
158 374
158 375
158 376
158 378
158 379
158 380
158 382
158 398
158 399
158 400
158 406
158 407
158 408
158 410
158 411
158 412
158 413
158 414
158 415
158 416
158 422
158 423
158 424
158 430
158 431
158 432
158 438
158 442
158 443
158 444
158 446
158 462
158 463
158 464
158 478
159 160
159 167
159 168
159 171
159 172
159 173
159 174
159 175
159 176
159 179
159 180
159 181
159 182
159 183
159 184
159 185
159 186
159 187
159 188
159 189
159 190
159 191
159 192
159 199
159 200
159 203
159 204
159 205
159 206
159 207
159 208
159 215
159 216
159 219
159 220
159 221
159 222
159 223
159 224
159 231
159 232
159 235
159 237
159 238
159 239
159 240
159 243
159 245
159 246
159 247
159 249
159 250
159 251
159 252
159 253
159 254
159 255
159 271
159 272
159 279
159 280
159 283
159 284
159 285
159 286
159 287
159 288
159 295
159 296
159 299
159 300
159 301
159 302
159 303
159 304
159 307
159 308
159 309
159 310
159 311
159 312
159 313
159 314
159 315
159 316
159 317
159 318
159 319
159 320
159 327
159 328
159 331
159 332
159 333
159 334
159 335
159 336
159 343
159 344
159 347
159 348
159 349
159 350
159 351
159 352
159 359
159 360
159 363
159 365
159 366
159 367
159 368
159 371
159 373
159 374
159 375
159 377
159 378
159 379
159 380
159 381
159 382
159 383
159 399
159 400
159 407
159 408
159 411
159 412
159 413
159 414
159 415
159 416
159 423
159 424
159 431
159 432
159 439
159 443
159 445
159 446
159 447
159 463
159 464
159 479
160 168
160 172
160 174
160 175
160 176
160 180
160 182
160 183
160 184
160 186
160 187
160 188
160 189
160 190
160 191
160 192
160 200
160 204
160 206
160 207
160 208
160 216
160 220
160 222
160 223
160 224
160 232
160 236
160 238
160 239
160 240
160 244
160 246
160 247
160 248
160 250
160 251
160 252
160 253
160 254
160 255
160 256
160 272
160 280
160 284
160 286
160 287
160 288
160 296
160 300
160 302
160 303
160 304
160 308
160 310
160 311
160 312
160 314
160 315
160 316
160 317
160 318
160 319
160 320
160 328
160 332
160 334
160 335
160 336
160 344
160 348
160 350
160 351
160 352
160 360
160 364
160 366
160 367
160 368
160 372
160 374
160 375
160 376
160 378
160 379
160 380
160 381
160 382
160 383
160 384
160 400
160 408
160 412
160 414
160 415
160 416
160 424
160 432
160 440
160 444
160 446
160 447
160 448
160 464
160 480
161 162
161 163
161 164
161 165
161 166
161 167
161 169
161 170
161 171
161 173
161 177
161 178
161 179
161 181
161 185
161 193
161 194
161 195
161 196
161 197
161 198
161 199
161 201
161 202
161 203
161 205
161 209
161 210
161 211
161 213
161 217
161 225
161 226
161 227
161 229
161 233
161 241
161 257
161 258
161 259
161 260
161 261
161 262
161 263
161 265
161 266
161 267
161 269
161 273
161 274
161 275
161 277
161 281
161 289
161 290
161 291
161 293
161 297
161 305
161 321
161 322
161 323
161 324
161 325
161 326
161 327
161 329
161 330
161 331
161 333
161 337
161 338
161 339
161 341
161 345
161 353
161 354
161 355
161 357
161 361
161 369
161 385
161 386
161 387
161 388
161 389
161 390
161 391
161 393
161 394
161 395
161 397
161 401
161 402
161 403
161 405
161 409
161 417
161 418
161 419
161 421
161 425
161 433
161 449
161 450
161 451
161 453
161 457
161 465
161 481
162 163
162 164
162 165
162 166
162 167
162 168
162 169
162 170
162 171
162 172
162 173
162 174
162 177
162 178
162 179
162 180
162 181
162 182
162 185
162 186
162 193
162 194
162 195
162 196
162 197
162 198
162 199
162 200
162 201
162 202
162 203
162 204
162 205
162 206
162 209
162 210
162 211
162 212
162 213
162 214
162 217
162 218
162 225
162 226
162 227
162 228
162 229
162 230
162 233
162 234
162 241
162 242
162 258
162 259
162 260
162 261
162 262
162 263
162 264
162 266
162 267
162 268
162 270
162 273
162 274
162 275
162 276
162 278
162 282
162 289
162 290
162 291
162 292
162 293
162 294
162 297
162 298
162 305
162 306
162 321
162 322
162 323
162 324
162 325
162 326
162 327
162 328
162 329
162 330
162 331
162 332
162 333
162 334
162 337
162 338
162 339
162 340
162 341
162 342
162 345
162 346
162 353
162 354
162 355
162 356
162 357
162 358
162 361
162 362
162 369
162 370
162 386
162 387
162 388
162 389
162 390
162 391
162 392
162 394
162 395
162 396
162 398
162 401
162 402
162 403
162 404
162 406
162 410
162 417
162 418
162 419
162 420
162 421
162 422
162 425
162 426
162 433
162 434
162 450
162 451
162 452
162 454
162 458
162 465
162 466
162 482
163 164
163 165
163 166
163 167
163 168
163 169
163 170
163 171
163 172
163 173
163 174
163 175
163 177
163 178
163 179
163 180
163 181
163 182
163 183
163 185
163 186
163 187
163 193
163 194
163 195
163 196
163 197
163 198
163 199
163 200
163 201
163 202
163 203
163 204
163 205
163 206
163 207
163 209
163 210
163 211
163 212
163 213
163 214
163 215
163 217
163 218
163 219
163 225
163 226
163 227
163 228
163 229
163 230
163 231
163 233
163 234
163 235
163 241
163 242
163 243
163 259
163 261
163 262
163 263
163 265
163 266
163 267
163 268
163 269
163 270
163 271
163 273
163 274
163 275
163 277
163 278
163 279
163 283
163 289
163 290
163 291
163 292
163 293
163 294
163 295
163 297
163 298
163 299
163 305
163 306
163 307
163 321
163 322
163 323
163 324
163 325
163 326
163 327
163 328
163 329
163 330
163 331
163 332
163 333
163 334
163 335
163 337
163 338
163 339
163 340
163 341
163 342
163 343
163 345
163 346
163 347
163 353
163 354
163 355
163 356
163 357
163 358
163 359
163 361
163 362
163 363
163 369
163 370
163 371
163 387
163 389
163 390
163 391
163 393
163 394
163 395
163 396
163 397
163 398
163 399
163 401
163 402
163 403
163 405
163 406
163 407
163 411
163 417
163 418
163 419
163 420
163 421
163 422
163 423
163 425
163 426
163 427
163 433
163 434
163 435
163 451
163 453
163 454
163 455
163 459
163 465
163 466
163 467
163 483
164 165
164 166
164 167
164 168
164 169
164 170
164 171
164 172
164 173
164 174
164 175
164 176
164 177
164 178
164 179
164 180
164 181
164 182
164 183
164 184
164 185
164 186
164 188
164 194
164 195
164 196
164 197
164 198
164 199
164 200
164 201
164 202
164 203
164 204
164 205
164 206
164 207
164 208
164 209
164 210
164 211
164 212
164 213
164 214
164 215
164 216
164 217
164 218
164 220
164 226
164 227
164 228
164 230
164 231
164 232
164 233
164 234
164 236
164 242
164 244
164 260
164 262
164 263
164 264
164 266
164 267
164 268
164 269
164 270
164 271
164 272
164 274
164 276
164 278
164 279
164 280
164 284
164 290
164 291
164 292
164 294
164 295
164 296
164 297
164 298
164 300
164 306
164 308
164 322
164 323
164 324
164 325
164 326
164 327
164 328
164 329
164 330
164 331
164 332
164 333
164 334
164 335
164 336
164 337
164 338
164 339
164 340
164 341
164 342
164 343
164 344
164 345
164 346
164 348
164 354
164 355
164 356
164 358
164 359
164 360
164 361
164 362
164 364
164 370
164 372
164 388
164 390
164 391
164 392
164 394
164 395
164 396
164 397
164 398
164 399
164 400
164 402
164 404
164 406
164 407
164 408
164 412
164 418
164 419
164 420
164 422
164 423
164 424
164 425
164 426
164 428
164 434
164 436
164 452
164 454
164 455
164 456
164 460
164 466
164 468
164 484
165 166
165 167
165 168
165 169
165 170
165 171
165 172
165 173
165 174
165 175
165 177
165 178
165 179
165 180
165 181
165 182
165 183
165 185
165 186
165 187
165 189
165 193
165 194
165 195
165 196
165 197
165 198
165 199
165 201
165 202
165 203
165 204
165 205
165 206
165 207
165 209
165 210
165 211
165 212
165 213
165 214
165 215
165 217
165 218
165 219
165 221
165 225
165 226
165 227
165 229
165 230
165 231
165 233
165 234
165 235
165 237
165 241
165 243
165 245
165 261
165 265
165 266
165 267
165 269
165 273
165 274
165 275
165 276
165 277
165 278
165 279
165 281
165 282
165 283
165 285
165 289
165 290
165 291
165 293
165 294
165 295
165 297
165 298
165 299
165 301
165 305
165 307
165 309
165 321
165 322
165 323
165 324
165 325
165 326
165 327
165 329
165 330
165 331
165 332
165 333
165 334
165 335
165 337
165 338
165 339
165 340
165 341
165 342
165 343
165 345
165 346
165 347
165 349
165 353
165 354
165 355
165 357
165 358
165 359
165 361
165 362
165 363
165 365
165 369
165 371
165 373
165 389
165 393
165 394
165 395
165 397
165 401
165 402
165 403
165 404
165 405
165 406
165 407
165 409
165 410
165 411
165 413
165 417
165 418
165 419
165 421
165 422
165 423
165 425
165 426
165 427
165 429
165 433
165 435
165 437
165 453
165 457
165 458
165 459
165 461
165 465
165 467
165 469
165 485
166 167
166 168
166 169
166 170
166 171
166 172
166 173
166 174
166 175
166 176
166 177
166 178
166 179
166 180
166 181
166 182
166 183
166 184
166 185
166 186
166 187
166 188
166 190
166 194
166 195
166 196
166 197
166 198
166 199
166 200
166 201
166 202
166 203
166 204
166 205
166 206
166 207
166 208
166 209
166 210
166 211
166 212
166 213
166 214
166 215
166 216
166 217
166 218
166 219
166 220
166 222
166 226
166 227
166 228
166 229
166 230
166 231
166 232
166 233
166 234
166 235
166 236
166 238
166 242
166 243
166 244
166 246
166 262
166 266
166 267
166 268
166 270
166 274
166 275
166 276
166 277
166 278
166 279
166 280
166 282
166 283
166 284
166 286
166 290
166 291
166 292
166 293
166 294
166 295
166 296
166 297
166 298
166 299
166 300
166 302
166 306
166 307
166 308
166 310
166 322
166 323
166 324
166 325
166 326
166 327
166 328
166 329
166 330
166 331
166 332
166 333
166 334
166 335
166 336
166 337
166 338
166 339
166 340
166 341
166 342
166 343
166 344
166 345
166 346
166 347
166 348
166 350
166 354
166 355
166 356
166 357
166 358
166 359
166 360
166 361
166 362
166 363
166 364
166 366
166 370
166 371
166 372
166 374
166 390
166 394
166 395
166 396
166 398
166 402
166 403
166 404
166 405
166 406
166 407
166 408
166 410
166 411
166 412
166 414
166 418
166 419
166 420
166 421
166 422
166 423
166 424
166 425
166 426
166 427
166 428
166 430
166 434
166 435
166 436
166 438
166 454
166 458
166 459
166 460
166 462
166 466
166 467
166 468
166 470
166 486
167 168
167 169
167 170
167 171
167 172
167 173
167 174
167 175
167 176
167 177
167 178
167 179
167 180
167 181
167 182
167 183
167 184
167 185
167 186
167 187
167 188
167 189
167 190
167 191
167 195
167 196
167 197
167 198
167 199
167 200
167 201
167 202
167 203
167 204
167 205
167 206
167 207
167 208
167 209
167 210
167 211
167 212
167 213
167 214
167 215
167 216
167 217
167 218
167 219
167 220
167 221
167 222
167 223
167 227
167 228
167 229
167 230
167 231
167 232
167 233
167 234
167 235
167 236
167 237
167 238
167 239
167 243
167 244
167 247
167 263
167 267
167 269
167 270
167 271
167 275
167 276
167 277
167 278
167 279
167 281
167 282
167 283
167 284
167 285
167 286
167 287
167 291
167 292
167 293
167 294
167 295
167 296
167 297
167 298
167 299
167 300
167 301
167 302
167 303
167 307
167 308
167 311
167 323
167 324
167 325
167 326
167 327
167 328
167 329
167 330
167 331
167 332
167 333
167 334
167 335
167 336
167 337
167 338
167 339
167 340
167 341
167 342
167 343
167 344
167 345
167 346
167 347
167 348
167 349
167 350
167 351
167 355
167 356
167 357
167 358
167 359
167 360
167 361
167 362
167 363
167 364
167 365
167 366
167 367
167 371
167 372
167 375
167 391
167 395
167 397
167 398
167 399
167 403
167 404
167 405
167 406
167 407
167 409
167 410
167 411
167 412
167 413
167 414
167 415
167 419
167 420
167 421
167 422
167 423
167 424
167 425
167 426
167 427
167 428
167 429
167 430
167 431
167 435
167 436
167 439
167 455
167 459
167 461
167 462
167 463
167 467
167 468
167 471
167 487
168 170
168 171
168 172
168 173
168 174
168 175
168 176
168 178
168 179
168 180
168 182
168 183
168 184
168 186
168 187
168 188
168 189
168 190
168 191
168 192
168 196
168 198
168 199
168 200
168 202
168 203
168 204
168 205
168 206
168 207
168 208
168 210
168 211
168 212
168 214
168 215
168 216
168 218
168 219
168 220
168 221
168 222
168 223
168 224
168 228
168 230
168 231
168 232
168 234
168 236
168 238
168 239
168 240
168 244
168 248
168 264
168 268
168 270
168 271
168 272
168 276
168 278
168 279
168 280
168 282
168 283
168 284
168 285
168 286
168 287
168 288
168 292
168 294
168 295
168 296
168 298
168 300
168 302
168 303
168 304
168 308
168 312
168 324
168 326
168 327
168 328
168 330
168 331
168 332
168 333
168 334
168 335
168 336
168 338
168 339
168 340
168 342
168 343
168 344
168 346
168 347
168 348
168 349
168 350
168 351
168 352
168 356
168 358
168 359
168 360
168 362
168 364
168 366
168 367
168 368
168 372
168 376
168 392
168 396
168 398
168 399
168 400
168 404
168 406
168 407
168 408
168 410
168 411
168 412
168 413
168 414
168 415
168 416
168 420
168 422
168 423
168 424
168 426
168 428
168 430
168 431
168 432
168 436
168 440
168 456
168 460
168 462
168 463
168 464
168 468
168 472
168 488
169 170
169 171
169 172
169 173
169 174
169 175
169 177
169 178
169 179
169 180
169 181
169 182
169 183
169 185
169 186
169 187
169 189
169 193
169 194
169 195
169 196
169 197
169 198
169 199
169 201
169 202
169 203
169 205
169 209
169 210
169 211
169 212
169 213
169 214
169 215
169 217
169 218
169 219
169 221
169 225
169 226
169 227
169 228
169 229
169 230
169 231
169 233
169 234
169 235
169 237
169 241
169 242
169 243
169 245
169 249
169 265
169 273
169 274
169 275
169 277
169 281
169 289
169 290
169 291
169 292
169 293
169 294
169 295
169 297
169 298
169 299
169 301
169 305
169 306
169 307
169 309
169 313
169 321
169 322
169 323
169 324
169 325
169 326
169 327
169 329
169 330
169 331
169 333
169 337
169 338
169 339
169 340
169 341
169 342
169 343
169 345
169 346
169 347
169 349
169 353
169 354
169 355
169 356
169 357
169 358
169 359
169 361
169 362
169 363
169 365
169 369
169 370
169 371
169 373
169 377
169 393
169 401
169 402
169 403
169 405
169 409
169 417
169 418
169 419
169 420
169 421
169 422
169 423
169 425
169 426
169 427
169 429
169 433
169 434
169 435
169 437
169 441
169 457
169 465
169 466
169 467
169 469
169 473
169 489
170 171
170 172
170 173
170 174
170 175
170 176
170 177
170 178
170 179
170 180
170 181
170 182
170 183
170 184
170 185
170 186
170 187
170 188
170 189
170 190
170 194
170 195
170 196
170 197
170 198
170 199
170 200
170 201
170 202
170 203
170 204
170 205
170 206
170 209
170 210
170 211
170 212
170 213
170 214
170 215
170 216
170 217
170 218
170 219
170 220
170 221
170 222
170 226
170 227
170 228
170 229
170 230
170 231
170 232
170 233
170 234
170 235
170 236
170 237
170 238
170 242
170 243
170 244
170 245
170 246
170 250
170 266
170 274
170 275
170 276
170 277
170 278
170 282
170 290
170 291
170 292
170 293
170 294
170 295
170 296
170 297
170 298
170 299
170 300
170 301
170 302
170 306
170 307
170 308
170 309
170 310
170 314
170 322
170 323
170 324
170 325
170 326
170 327
170 328
170 329
170 330
170 331
170 332
170 333
170 334
170 337
170 338
170 339
170 340
170 341
170 342
170 343
170 344
170 345
170 346
170 347
170 348
170 349
170 350
170 354
170 355
170 356
170 357
170 358
170 359
170 360
170 361
170 362
170 363
170 364
170 365
170 366
170 370
170 371
170 372
170 373
170 374
170 378
170 394
170 402
170 403
170 404
170 405
170 406
170 410
170 418
170 419
170 420
170 421
170 422
170 423
170 424
170 425
170 426
170 427
170 428
170 429
170 430
170 434
170 435
170 436
170 437
170 438
170 442
170 458
170 466
170 467
170 468
170 469
170 470
170 474
170 490
171 172
171 173
171 174
171 175
171 176
171 177
171 178
171 179
171 180
171 181
171 182
171 183
171 184
171 185
171 186
171 187
171 188
171 189
171 190
171 191
171 195
171 197
171 198
171 199
171 201
171 202
171 203
171 204
171 205
171 206
171 207
171 209
171 210
171 211
171 212
171 213
171 214
171 215
171 216
171 217
171 218
171 219
171 220
171 221
171 222
171 223
171 227
171 229
171 230
171 231
171 233
171 234
171 235
171 236
171 237
171 238
171 239
171 243
171 245
171 246
171 247
171 251
171 267
171 275
171 277
171 278
171 279
171 283
171 291
171 293
171 294
171 295
171 297
171 298
171 299
171 300
171 301
171 302
171 303
171 307
171 309
171 310
171 311
171 315
171 323
171 325
171 326
171 327
171 329
171 330
171 331
171 332
171 333
171 334
171 335
171 337
171 338
171 339
171 340
171 341
171 342
171 343
171 344
171 345
171 346
171 347
171 348
171 349
171 350
171 351
171 355
171 357
171 358
171 359
171 361
171 362
171 363
171 364
171 365
171 366
171 367
171 371
171 373
171 374
171 375
171 379
171 395
171 403
171 405
171 406
171 407
171 411
171 419
171 421
171 422
171 423
171 425
171 426
171 427
171 428
171 429
171 430
171 431
171 435
171 437
171 438
171 439
171 443
171 459
171 467
171 469
171 470
171 471
171 475
171 491
172 173
172 174
172 175
172 176
172 178
172 179
172 180
172 181
172 182
172 183
172 184
172 186
172 187
172 188
172 189
172 190
172 191
172 192
172 196
172 198
172 199
172 200
172 202
172 203
172 204
172 205
172 206
172 207
172 208
172 210
172 211
172 212
172 213
172 214
172 215
172 216
172 218
172 219
172 220
172 221
172 222
172 223
172 224
172 228
172 230
172 231
172 232
172 234
172 235
172 236
172 237
172 238
172 239
172 240
172 244
172 246
172 247
172 248
172 252
172 268
172 276
172 278
172 279
172 280
172 284
172 292
172 294
172 295
172 296
172 298
172 299
172 300
172 301
172 302
172 303
172 304
172 308
172 310
172 311
172 312
172 316
172 324
172 326
172 327
172 328
172 330
172 331
172 332
172 333
172 334
172 335
172 336
172 338
172 339
172 340
172 341
172 342
172 343
172 344
172 346
172 347
172 348
172 349
172 350
172 351
172 352
172 356
172 358
172 359
172 360
172 362
172 363
172 364
172 365
172 366
172 367
172 368
172 372
172 374
172 375
172 376
172 380
172 396
172 404
172 406
172 407
172 408
172 412
172 420
172 422
172 423
172 424
172 426
172 427
172 428
172 429
172 430
172 431
172 432
172 436
172 438
172 439
172 440
172 444
172 460
172 468
172 470
172 471
172 472
172 476
172 492
173 174
173 175
173 176
173 177
173 178
173 179
173 180
173 181
173 182
173 183
173 184
173 185
173 186
173 187
173 188
173 189
173 190
173 191
173 197
173 199
173 201
173 202
173 203
173 204
173 205
173 206
173 207
173 209
173 210
173 211
173 212
173 213
173 214
173 215
173 216
173 217
173 218
173 219
173 220
173 221
173 222
173 223
173 229
173 231
173 233
173 234
173 235
173 236
173 237
173 238
173 239
173 241
173 242
173 243
173 244
173 245
173 246
173 247
173 249
173 250
173 251
173 253
173 269
173 277
173 279
173 281
173 282
173 283
173 285
173 293
173 295
173 297
173 298
173 299
173 300
173 301
173 302
173 303
173 305
173 306
173 307
173 308
173 309
173 310
173 311
173 313
173 314
173 315
173 317
173 325
173 327
173 329
173 330
173 331
173 332
173 333
173 334
173 335
173 337
173 338
173 339
173 340
173 341
173 342
173 343
173 344
173 345
173 346
173 347
173 348
173 349
173 350
173 351
173 357
173 359
173 361
173 362
173 363
173 364
173 365
173 366
173 367
173 369
173 370
173 371
173 372
173 373
173 374
173 375
173 377
173 378
173 379
173 381
173 397
173 405
173 407
173 409
173 410
173 411
173 413
173 421
173 423
173 425
173 426
173 427
173 428
173 429
173 430
173 431
173 433
173 434
173 435
173 436
173 437
173 438
173 439
173 441
173 442
173 443
173 445
173 461
173 469
173 471
173 473
173 474
173 475
173 477
173 493
174 175
174 176
174 178
174 179
174 180
174 181
174 182
174 183
174 184
174 185
174 186
174 187
174 188
174 189
174 190
174 191
174 192
174 198
174 199
174 200
174 202
174 203
174 204
174 205
174 206
174 207
174 208
174 210
174 211
174 212
174 213
174 214
174 215
174 216
174 217
174 218
174 219
174 220
174 221
174 222
174 223
174 224
174 230
174 231
174 232
174 234
174 235
174 236
174 237
174 238
174 239
174 240
174 242
174 243
174 244
174 245
174 246
174 247
174 248
174 250
174 251
174 252
174 254
174 270
174 278
174 279
174 280
174 282
174 283
174 284
174 286
174 294
174 295
174 296
174 298
174 299
174 300
174 301
174 302
174 303
174 304
174 306
174 307
174 308
174 309
174 310
174 311
174 312
174 314
174 315
174 316
174 318
174 326
174 327
174 328
174 330
174 331
174 332
174 333
174 334
174 335
174 336
174 338
174 339
174 340
174 341
174 342
174 343
174 344
174 345
174 346
174 347
174 348
174 349
174 350
174 351
174 352
174 358
174 359
174 360
174 362
174 363
174 364
174 365
174 366
174 367
174 368
174 370
174 371
174 372
174 373
174 374
174 375
174 376
174 378
174 379
174 380
174 382
174 398
174 406
174 407
174 408
174 410
174 411
174 412
174 414
174 422
174 423
174 424
174 426
174 427
174 428
174 429
174 430
174 431
174 432
174 434
174 435
174 436
174 437
174 438
174 439
174 440
174 442
174 443
174 444
174 446
174 462
174 470
174 471
174 472
174 474
174 475
174 476
174 478
174 494
175 176
175 179
175 180
175 181
175 182
175 183
175 184
175 185
175 186
175 187
175 188
175 189
175 190
175 191
175 192
175 199
175 200
175 203
175 204
175 205
175 206
175 207
175 208
175 211
175 212
175 213
175 214
175 215
175 216
175 217
175 218
175 219
175 220
175 221
175 222
175 223
175 224
175 231
175 232
175 235
175 236
175 237
175 238
175 239
175 240
175 243
175 245
175 246
175 247
175 248
175 249
175 250
175 251
175 252
175 253
175 254
175 255
175 271
175 279
175 280
175 283
175 285
175 286
175 287
175 295
175 296
175 299
175 300
175 301
175 302
175 303
175 304
175 307
175 309
175 310
175 311
175 312
175 313
175 314
175 315
175 316
175 317
175 318
175 319
175 327
175 328
175 331
175 332
175 333
175 334
175 335
175 336
175 339
175 340
175 341
175 342
175 343
175 344
175 345
175 346
175 347
175 348
175 349
175 350
175 351
175 352
175 359
175 360
175 363
175 364
175 365
175 366
175 367
175 368
175 371
175 373
175 374
175 375
175 376
175 377
175 378
175 379
175 380
175 381
175 382
175 383
175 399
175 407
175 408
175 411
175 413
175 414
175 415
175 423
175 424
175 427
175 428
175 429
175 430
175 431
175 432
175 435
175 437
175 438
175 439
175 440
175 441
175 442
175 443
175 444
175 445
175 446
175 447
175 463
175 471
175 472
175 475
175 477
175 478
175 479
175 495
176 180
176 182
176 183
176 184
176 186
176 187
176 188
176 189
176 190
176 191
176 192
176 200
176 204
176 206
176 207
176 208
176 212
176 214
176 215
176 216
176 218
176 219
176 220
176 221
176 222
176 223
176 224
176 232
176 236
176 238
176 239
176 240
176 244
176 246
176 247
176 248
176 250
176 251
176 252
176 253
176 254
176 255
176 256
176 272
176 280
176 284
176 286
176 287
176 288
176 296
176 300
176 302
176 303
176 304
176 308
176 310
176 311
176 312
176 314
176 315
176 316
176 317
176 318
176 319
176 320
176 328
176 332
176 334
176 335
176 336
176 340
176 342
176 343
176 344
176 346
176 347
176 348
176 349
176 350
176 351
176 352
176 360
176 364
176 366
176 367
176 368
176 372
176 374
176 375
176 376
176 378
176 379
176 380
176 381
176 382
176 383
176 384
176 400
176 408
176 412
176 414
176 415
176 416
176 424
176 428
176 430
176 431
176 432
176 436
176 438
176 439
176 440
176 442
176 443
176 444
176 445
176 446
176 447
176 448
176 464
176 472
176 476
176 478
176 479
176 480
176 496
177 178
177 179
177 180
177 181
177 182
177 183
177 185
177 186
177 187
177 189
177 193
177 194
177 195
177 196
177 197
177 198
177 199
177 201
177 202
177 203
177 205
177 209
177 210
177 211
177 213
177 217
177 218
177 219
177 221
177 225
177 226
177 227
177 228
177 229
177 230
177 231
177 233
177 234
177 235
177 237
177 241
177 242
177 243
177 245
177 249
177 273
177 281
177 289
177 290
177 291
177 293
177 297
177 301
177 305
177 306
177 307
177 309
177 313
177 321
177 322
177 323
177 324
177 325
177 326
177 327
177 329
177 330
177 331
177 333
177 337
177 338
177 339
177 341
177 345
177 346
177 347
177 349
177 353
177 354
177 355
177 356
177 357
177 358
177 359
177 361
177 362
177 363
177 365
177 369
177 370
177 371
177 373
177 377
177 401
177 409
177 417
177 418
177 419
177 421
177 425
177 429
177 433
177 434
177 435
177 437
177 441
177 449
177 450
177 451
177 452
177 453
177 454
177 455
177 457
177 458
177 459
177 461
177 465
177 466
177 467
177 469
177 473
177 481
177 482
177 483
177 485
177 489
177 497
178 179
178 180
178 181
178 182
178 183
178 184
178 185
178 186
178 187
178 188
178 189
178 190
178 194
178 195
178 196
178 197
178 198
178 199
178 200
178 201
178 202
178 203
178 204
178 205
178 206
178 209
178 210
178 211
178 212
178 213
178 214
178 217
178 218
178 219
178 220
178 221
178 222
178 225
178 226
178 227
178 228
178 229
178 230
178 231
178 232
178 233
178 234
178 235
178 236
178 237
178 238
178 241
178 242
178 243
178 244
178 245
178 246
178 249
178 250
178 274
178 281
178 282
178 290
178 291
178 292
178 294
178 297
178 298
178 301
178 302
178 305
178 306
178 307
178 308
178 309
178 310
178 313
178 314
178 322
178 323
178 324
178 325
178 326
178 327
178 328
178 329
178 330
178 331
178 332
178 333
178 334
178 337
178 338
178 339
178 340
178 341
178 342
178 345
178 346
178 347
178 348
178 349
178 350
178 353
178 354
178 355
178 356
178 357
178 358
178 359
178 360
178 361
178 362
178 363
178 364
178 365
178 366
178 369
178 370
178 371
178 372
178 373
178 374
178 377
178 378
178 402
178 409
178 410
178 418
178 419
178 420
178 422
178 425
178 426
178 429
178 430
178 433
178 434
178 435
178 436
178 437
178 438
178 441
178 442
178 450
178 451
178 452
178 453
178 454
178 455
178 456
178 458
178 459
178 460
178 462
178 466
178 467
178 468
178 470
178 473
178 474
178 482
178 483
178 484
178 486
178 490
178 498
179 180
179 181
179 182
179 183
179 184
179 185
179 186
179 187
179 188
179 189
179 190
179 191
179 195
179 197
179 198
179 199
179 201
179 202
179 203
179 204
179 205
179 206
179 207
179 209
179 210
179 211
179 212
179 213
179 214
179 215
179 217
179 218
179 219
179 220
179 221
179 222
179 223
179 225
179 226
179 227
179 228
179 229
179 230
179 231
179 232
179 233
179 234
179 235
179 236
179 237
179 238
179 239
179 241
179 242
179 243
179 244
179 245
179 246
179 247
179 249
179 250
179 251
179 275
179 281
179 282
179 283
179 291
179 293
179 294
179 295
179 297
179 298
179 299
179 301
179 302
179 303
179 305
179 306
179 307
179 308
179 309
179 310
179 311
179 313
179 314
179 315
179 323
179 325
179 326
179 327
179 329
179 330
179 331
179 332
179 333
179 334
179 335
179 337
179 338
179 339
179 340
179 341
179 342
179 343
179 345
179 346
179 347
179 348
179 349
179 350
179 351
179 353
179 354
179 355
179 356
179 357
179 358
179 359
179 360
179 361
179 362
179 363
179 364
179 365
179 366
179 367
179 369
179 370
179 371
179 372
179 373
179 374
179 375
179 377
179 378
179 379
179 403
179 409
179 410
179 411
179 419
179 421
179 422
179 423
179 425
179 426
179 427
179 429
179 430
179 431
179 433
179 434
179 435
179 436
179 437
179 438
179 439
179 441
179 442
179 443
179 451
179 453
179 454
179 455
179 457
179 458
179 459
179 460
179 461
179 462
179 463
179 467
179 469
179 470
179 471
179 473
179 474
179 475
179 483
179 485
179 486
179 487
179 491
179 499
180 181
180 182
180 183
180 184
180 185
180 186
180 187
180 188
180 189
180 190
180 191
180 192
180 196
180 198
180 199
180 200
180 202
180 203
180 204
180 205
180 206
180 207
180 208
180 210
180 211
180 212
180 213
180 214
180 215
180 216
180 217
180 218
180 219
180 220
180 221
180 222
180 223
180 224
180 226
180 227
180 228
180 229
180 230
180 231
180 232
180 234
180 235
180 236
180 237
180 238
180 239
180 240
180 242
180 243
180 244
180 246
180 247
180 248
180 250
180 252
180 276
180 282
180 284
180 292
180 294
180 295
180 296
180 298
180 300
180 301
180 302
180 304
180 306
180 307
180 308
180 310
180 311
180 312
180 314
180 316
180 324
180 326
180 327
180 328
180 330
180 331
180 332
180 333
180 334
180 335
180 336
180 338
180 339
180 340
180 341
180 342
180 343
180 344
180 345
180 346
180 347
180 348
180 349
180 350
180 351
180 352
180 354
180 355
180 356
180 357
180 358
180 359
180 360
180 362
180 363
180 364
180 365
180 366
180 367
180 368
180 370
180 371
180 372
180 374
180 375
180 376
180 378
180 380
180 404
180 410
180 412
180 420
180 422
180 423
180 424
180 426
180 428
180 429
180 430
180 432
180 434
180 435
180 436
180 438
180 439
180 440
180 442
180 444
180 452
180 454
180 455
180 456
180 458
180 459
180 460
180 461
180 462
180 463
180 464
180 468
180 470
180 471
180 472
180 474
180 476
180 484
180 486
180 487
180 488
180 492
180 500
181 182
181 183
181 184
181 185
181 186
181 187
181 188
181 189
181 190
181 191
181 197
181 201
181 202
181 203
181 205
181 206
181 207
181 209
181 210
181 211
181 212
181 213
181 214
181 215
181 217
181 218
181 219
181 220
181 221
181 222
181 223
181 225
181 226
181 227
181 228
181 229
181 230
181 231
181 233
181 234
181 235
181 236
181 237
181 238
181 239
181 241
181 242
181 243
181 244
181 245
181 246
181 247
181 249
181 250
181 251
181 253
181 277
181 281
181 283
181 285
181 293
181 297
181 298
181 299
181 301
181 302
181 303
181 305
181 306
181 307
181 309
181 310
181 311
181 313
181 314
181 315
181 317
181 325
181 329
181 330
181 331
181 333
181 334
181 335
181 337
181 338
181 339
181 340
181 341
181 342
181 343
181 345
181 346
181 347
181 348
181 349
181 350
181 351
181 353
181 354
181 355
181 356
181 357
181 358
181 359
181 361
181 362
181 363
181 364
181 365
181 366
181 367
181 369
181 370
181 371
181 372
181 373
181 374
181 375
181 377
181 378
181 379
181 381
181 405
181 409
181 411
181 413
181 421
181 425
181 426
181 427
181 429
181 430
181 431
181 433
181 434
181 435
181 437
181 438
181 439
181 441
181 442
181 443
181 445
181 453
181 457
181 458
181 459
181 461
181 465
181 466
181 467
181 468
181 469
181 470
181 471
181 473
181 474
181 475
181 477
181 485
181 489
181 490
181 491
181 493
181 501
182 183
182 184
182 185
182 186
182 187
182 188
182 189
182 190
182 191
182 192
182 198
182 202
182 203
182 204
182 205
182 206
182 207
182 208
182 210
182 211
182 212
182 213
182 214
182 215
182 216
182 217
182 218
182 219
182 220
182 221
182 222
182 223
182 224
182 226
182 227
182 228
182 229
182 230
182 231
182 232
182 233
182 234
182 235
182 236
182 237
182 238
182 239
182 240
182 242
182 243
182 244
182 245
182 246
182 247
182 248
182 250
182 251
182 252
182 254
182 278
182 282
182 283
182 284
182 286
182 294
182 298
182 299
182 300
182 301
182 302
182 303
182 304
182 306
182 307
182 308
182 309
182 310
182 311
182 312
182 314
182 315
182 316
182 318
182 326
182 330
182 331
182 332
182 333
182 334
182 335
182 336
182 338
182 339
182 340
182 341
182 342
182 343
182 344
182 345
182 346
182 347
182 348
182 349
182 350
182 351
182 352
182 354
182 355
182 356
182 357
182 358
182 359
182 360
182 361
182 362
182 363
182 364
182 365
182 366
182 367
182 368
182 370
182 371
182 372
182 373
182 374
182 375
182 376
182 378
182 379
182 380
182 382
182 406
182 410
182 411
182 412
182 414
182 422
182 426
182 427
182 428
182 429
182 430
182 431
182 432
182 434
182 435
182 436
182 437
182 438
182 439
182 440
182 442
182 443
182 444
182 446
182 454
182 458
182 459
182 460
182 462
182 466
182 467
182 468
182 469
182 470
182 471
182 472
182 474
182 475
182 476
182 478
182 486
182 490
182 491
182 492
182 494
182 502
183 184
183 185
183 186
183 187
183 188
183 189
183 190
183 191
183 192
183 199
183 203
183 204
183 205
183 206
183 207
183 208
183 211
183 212
183 213
183 214
183 215
183 216
183 217
183 218
183 219
183 220
183 221
183 222
183 223
183 224
183 227
183 228
183 229
183 230
183 231
183 232
183 233
183 234
183 235
183 236
183 237
183 238
183 239
183 240
183 243
183 244
183 245
183 246
183 247
183 248
183 249
183 250
183 251
183 252
183 253
183 254
183 255
183 279
183 283
183 284
183 287
183 295
183 299
183 300
183 301
183 302
183 303
183 304
183 307
183 308
183 309
183 310
183 311
183 312
183 315
183 316
183 317
183 318
183 319
183 327
183 331
183 332
183 333
183 334
183 335
183 336
183 339
183 340
183 341
183 342
183 343
183 344
183 345
183 346
183 347
183 348
183 349
183 350
183 351
183 352
183 355
183 356
183 357
183 358
183 359
183 360
183 361
183 362
183 363
183 364
183 365
183 366
183 367
183 368
183 371
183 372
183 373
183 374
183 375
183 376
183 377
183 378
183 379
183 380
183 381
183 382
183 383
183 407
183 411
183 412
183 415
183 423
183 427
183 428
183 429
183 430
183 431
183 432
183 435
183 436
183 437
183 438
183 439
183 440
183 443
183 444
183 445
183 446
183 447
183 455
183 459
183 461
183 462
183 463
183 467
183 469
183 470
183 471
183 473
183 474
183 475
183 476
183 477
183 478
183 479
183 487
183 491
183 493
183 494
183 495
183 503
184 186
184 187
184 188
184 189
184 190
184 191
184 192
184 200
184 204
184 206
184 207
184 208
184 212
184 214
184 215
184 216
184 218
184 219
184 220
184 221
184 222
184 223
184 224
184 228
184 230
184 231
184 232
184 234
184 235
184 236
184 237
184 238
184 239
184 240
184 244
184 246
184 247
184 248
184 250
184 251
184 252
184 253
184 254
184 255
184 256
184 280
184 284
184 288
184 296
184 300
184 302
184 303
184 304
184 308
184 310
184 311
184 312
184 316
184 318
184 319
184 320
184 328
184 332
184 334
184 335
184 336
184 340
184 342
184 343
184 344
184 346
184 347
184 348
184 349
184 350
184 351
184 352
184 356
184 358
184 359
184 360
184 362
184 363
184 364
184 365
184 366
184 367
184 368
184 372
184 374
184 375
184 376
184 378
184 379
184 380
184 381
184 382
184 383
184 384
184 408
184 412
184 416
184 424
184 428
184 430
184 431
184 432
184 436
184 438
184 439
184 440
184 444
184 446
184 447
184 448
184 456
184 460
184 462
184 463
184 464
184 468
184 470
184 471
184 472
184 474
184 475
184 476
184 477
184 478
184 479
184 480
184 488
184 492
184 494
184 495
184 496
184 504
185 186
185 187
185 188
185 189
185 190
185 191
185 201
185 205
185 207
185 209
185 210
185 211
185 213
185 215
185 217
185 218
185 219
185 221
185 222
185 223
185 225
185 226
185 227
185 228
185 229
185 230
185 231
185 233
185 234
185 235
185 237
185 239
185 241
185 242
185 243
185 244
185 245
185 246
185 247
185 249
185 250
185 251
185 253
185 281
185 285
185 297
185 301
185 303
185 305
185 306
185 307
185 309
185 313
185 314
185 315
185 317
185 329
185 333
185 335
185 337
185 338
185 339
185 341
185 343
185 345
185 346
185 347
185 349
185 350
185 351
185 353
185 354
185 355
185 356
185 357
185 358
185 359
185 361
185 362
185 363
185 365
185 367
185 369
185 370
185 371
185 372
185 373
185 374
185 375
185 377
185 378
185 379
185 381
185 409
185 413
185 425
185 429
185 431
185 433
185 434
185 435
185 437
185 441
185 442
185 443
185 445
185 457
185 465
185 466
185 467
185 469
185 473
185 477
185 481
185 482
185 483
185 484
185 485
185 486
185 487
185 489
185 490
185 491
185 493
185 497
185 498
185 499
185 501
185 505
186 187
186 188
186 189
186 190
186 191
186 192
186 202
186 205
186 206
186 207
186 208
186 210
186 211
186 212
186 213
186 214
186 215
186 216
186 217
186 218
186 219
186 220
186 221
186 222
186 223
186 224
186 226
186 227
186 228
186 229
186 230
186 231
186 232
186 233
186 234
186 235
186 236
186 237
186 238
186 239
186 240
186 241
186 242
186 243
186 244
186 245
186 246
186 247
186 248
186 249
186 250
186 251
186 252
186 253
186 254
186 282
186 285
186 286
186 298
186 301
186 302
186 303
186 304
186 306
186 307
186 308
186 309
186 310
186 313
186 314
186 315
186 316
186 317
186 318
186 330
186 333
186 334
186 335
186 336
186 338
186 339
186 340
186 341
186 342
186 343
186 344
186 345
186 346
186 347
186 348
186 349
186 350
186 351
186 352
186 354
186 355
186 356
186 357
186 358
186 359
186 360
186 361
186 362
186 363
186 364
186 365
186 366
186 367
186 368
186 369
186 370
186 371
186 372
186 373
186 374
186 375
186 376
186 377
186 378
186 379
186 380
186 381
186 382
186 410
186 413
186 414
186 426
186 429
186 430
186 431
186 432
186 434
186 435
186 436
186 437
186 438
186 441
186 442
186 443
186 444
186 445
186 446
186 458
186 466
186 467
186 468
186 470
186 474
186 477
186 478
186 482
186 483
186 484
186 485
186 486
186 487
186 488
186 490
186 491
186 492
186 494
186 498
186 499
186 500
186 502
186 506
187 188
187 189
187 190
187 191
187 192
187 203
187 205
187 206
187 207
187 208
187 211
187 213
187 214
187 215
187 216
187 217
187 218
187 219
187 220
187 221
187 222
187 223
187 224
187 227
187 229
187 230
187 231
187 233
187 234
187 235
187 236
187 237
187 238
187 239
187 240
187 241
187 242
187 243
187 244
187 245
187 246
187 247
187 248
187 249
187 250
187 251
187 252
187 253
187 254
187 255
187 283
187 285
187 286
187 287
187 299
187 301
187 302
187 303
187 304
187 307
187 309
187 310
187 311
187 313
187 314
187 315
187 316
187 317
187 318
187 319
187 331
187 333
187 334
187 335
187 336
187 339
187 341
187 342
187 343
187 344
187 345
187 346
187 347
187 348
187 349
187 350
187 351
187 352
187 355
187 357
187 358
187 359
187 361
187 362
187 363
187 364
187 365
187 366
187 367
187 368
187 369
187 370
187 371
187 372
187 373
187 374
187 375
187 376
187 377
187 378
187 379
187 380
187 381
187 382
187 383
187 411
187 413
187 414
187 415
187 427
187 429
187 430
187 431
187 432
187 435
187 437
187 438
187 439
187 441
187 442
187 443
187 444
187 445
187 446
187 447
187 459
187 467
187 469
187 470
187 471
187 475
187 477
187 478
187 479
187 483
187 485
187 486
187 487
187 489
187 490
187 491
187 492
187 493
187 494
187 495
187 499
187 501
187 502
187 503
187 507
188 189
188 190
188 191
188 192
188 204
188 206
188 207
188 208
188 212
188 214
188 215
188 216
188 218
188 219
188 220
188 221
188 222
188 223
188 224
188 228
188 230
188 231
188 232
188 234
188 235
188 236
188 237
188 238
188 239
188 240
188 242
188 243
188 244
188 245
188 246
188 247
188 248
188 250
188 251
188 252
188 253
188 254
188 255
188 256
188 284
188 286
188 288
188 300
188 302
188 303
188 304
188 308
188 310
188 311
188 312
188 314
188 315
188 316
188 318
188 319
188 320
188 332
188 334
188 335
188 336
188 340
188 342
188 343
188 344
188 346
188 347
188 348
188 349
188 350
188 351
188 352
188 356
188 358
188 359
188 360
188 362
188 363
188 364
188 365
188 366
188 367
188 368
188 370
188 371
188 372
188 373
188 374
188 375
188 376
188 378
188 379
188 380
188 381
188 382
188 383
188 384
188 412
188 414
188 416
188 428
188 430
188 431
188 432
188 436
188 438
188 439
188 440
188 442
188 443
188 444
188 446
188 447
188 448
188 460
188 468
188 470
188 471
188 472
188 476
188 478
188 480
188 484
188 486
188 487
188 488
188 490
188 491
188 492
188 493
188 494
188 495
188 496
188 500
188 502
188 503
188 504
188 508
189 190
189 191
189 192
189 205
189 207
189 208
189 213
189 215
189 216
189 217
189 218
189 219
189 220
189 221
189 222
189 223
189 224
189 229
189 231
189 233
189 234
189 235
189 237
189 238
189 239
189 240
189 241
189 242
189 243
189 244
189 245
189 246
189 247
189 249
189 250
189 251
189 252
189 253
189 254
189 255
189 285
189 287
189 301
189 303
189 304
189 309
189 311
189 313
189 314
189 315
189 317
189 318
189 319
189 333
189 335
189 336
189 341
189 343
189 344
189 345
189 346
189 347
189 348
189 349
189 350
189 351
189 352
189 357
189 359
189 361
189 362
189 363
189 365
189 366
189 367
189 368
189 369
189 370
189 371
189 372
189 373
189 374
189 375
189 377
189 378
189 379
189 380
189 381
189 382
189 383
189 413
189 415
189 429
189 431
189 432
189 437
189 439
189 441
189 442
189 443
189 445
189 446
189 447
189 461
189 469
189 473
189 474
189 475
189 477
189 479
189 485
189 489
189 490
189 491
189 493
189 497
189 498
189 499
189 500
189 501
189 502
189 503
189 505
189 506
189 507
189 509
190 191
190 192
190 206
190 207
190 208
190 214
190 215
190 216
190 218
190 219
190 220
190 221
190 222
190 223
190 224
190 230
190 231
190 232
190 234
190 235
190 236
190 237
190 238
190 239
190 240
190 242
190 243
190 244
190 245
190 246
190 247
190 248
190 249
190 250
190 251
190 252
190 253
190 254
190 255
190 256
190 286
190 287
190 288
190 302
190 303
190 304
190 310
190 311
190 312
190 314
190 315
190 316
190 317
190 318
190 319
190 320
190 334
190 335
190 336
190 342
190 343
190 344
190 346
190 347
190 348
190 349
190 350
190 351
190 352
190 358
190 359
190 360
190 362
190 363
190 364
190 365
190 366
190 367
190 368
190 370
190 371
190 372
190 373
190 374
190 375
190 376
190 377
190 378
190 379
190 380
190 381
190 382
190 383
190 384
190 414
190 415
190 416
190 430
190 431
190 432
190 438
190 439
190 440
190 442
190 443
190 444
190 445
190 446
190 447
190 448
190 462
190 470
190 474
190 475
190 476
190 478
190 479
190 480
190 486
190 490
190 491
190 492
190 494
190 498
190 499
190 500
190 501
190 502
190 503
190 504
190 506
190 507
190 508
190 510
191 192
191 207
191 208
191 215
191 216
191 219
191 220
191 221
191 222
191 223
191 224
191 231
191 232
191 235
191 236
191 237
191 238
191 239
191 240
191 243
191 244
191 245
191 246
191 247
191 248
191 249
191 250
191 251
191 252
191 253
191 254
191 255
191 256
191 287
191 288
191 303
191 304
191 311
191 312
191 315
191 316
191 317
191 318
191 319
191 320
191 335
191 336
191 343
191 344
191 347
191 348
191 349
191 350
191 351
191 352
191 359
191 360
191 363
191 364
191 365
191 366
191 367
191 368
191 371
191 372
191 373
191 374
191 375
191 376
191 377
191 378
191 379
191 380
191 381
191 382
191 383
191 384
191 415
191 416
191 431
191 432
191 439
191 440
191 443
191 444
191 445
191 446
191 447
191 448
191 463
191 471
191 475
191 477
191 478
191 479
191 480
191 487
191 491
191 493
191 494
191 495
191 499
191 501
191 502
191 503
191 505
191 506
191 507
191 508
191 509
191 510
191 511
192 208
192 216
192 220
192 222
192 223
192 224
192 232
192 236
192 238
192 239
192 240
192 244
192 246
192 247
192 248
192 250
192 251
192 252
192 253
192 254
192 255
192 256
192 288
192 304
192 312
192 316
192 318
192 319
192 320
192 336
192 344
192 348
192 350
192 351
192 352
192 360
192 364
192 366
192 367
192 368
192 372
192 374
192 375
192 376
192 378
192 379
192 380
192 381
192 382
192 383
192 384
192 416
192 432
192 440
192 444
192 446
192 447
192 448
192 464
192 472
192 476
192 478
192 479
192 480
192 488
192 492
192 494
192 495
192 496
192 500
192 502
192 503
192 504
192 506
192 507
192 508
192 509
192 510
192 511
192 512
193 194
193 195
193 196
193 197
193 198
193 199
193 201
193 202
193 203
193 205
193 209
193 210
193 211
193 213
193 217
193 225
193 226
193 227
193 229
193 233
193 241
193 257
193 258
193 259
193 260
193 261
193 262
193 263
193 265
193 266
193 267
193 269
193 273
193 274
193 275
193 277
193 281
193 289
193 290
193 291
193 293
193 297
193 305
193 321
193 322
193 323
193 325
193 329
193 337
193 353
193 354
193 355
193 357
193 361
193 369
193 385
193 386
193 387
193 388
193 389
193 390
193 391
193 393
193 394
193 395
193 397
193 401
193 402
193 403
193 405
193 409
193 417
193 418
193 419
193 421
193 425
193 433
193 449
193 450
193 451
193 453
193 457
193 465
193 481
194 195
194 196
194 197
194 198
194 199
194 200
194 201
194 202
194 203
194 204
194 205
194 206
194 209
194 210
194 211
194 212
194 213
194 214
194 217
194 218
194 225
194 226
194 227
194 228
194 229
194 230
194 233
194 234
194 241
194 242
194 258
194 259
194 260
194 261
194 262
194 263
194 264
194 266
194 267
194 268
194 270
194 274
194 275
194 276
194 278
194 282
194 289
194 290
194 291
194 292
194 294
194 298
194 305
194 306
194 321
194 322
194 323
194 324
194 325
194 326
194 329
194 330
194 337
194 338
194 353
194 354
194 355
194 356
194 357
194 358
194 361
194 362
194 369
194 370
194 385
194 386
194 387
194 388
194 389
194 390
194 391
194 392
194 393
194 394
194 395
194 396
194 397
194 398
194 401
194 402
194 403
194 404
194 405
194 406
194 409
194 410
194 417
194 418
194 419
194 420
194 421
194 422
194 425
194 426
194 433
194 434
194 449
194 450
194 451
194 452
194 453
194 454
194 457
194 458
194 465
194 466
194 481
194 482
195 196
195 197
195 198
195 199
195 200
195 201
195 202
195 203
195 204
195 205
195 206
195 207
195 209
195 210
195 211
195 212
195 213
195 214
195 215
195 217
195 218
195 219
195 225
195 226
195 227
195 228
195 229
195 230
195 231
195 233
195 234
195 235
195 241
195 242
195 243
195 259
195 261
195 262
195 263
195 265
195 266
195 267
195 268
195 269
195 270
195 271
195 275
195 277
195 278
195 279
195 283
195 289
195 290
195 291
195 293
195 294
195 295
195 299
195 305
195 306
195 307
195 321
195 322
195 323
195 324
195 325
195 326
195 327
195 329
195 330
195 331
195 337
195 338
195 339
195 353
195 354
195 355
195 356
195 357
195 358
195 359
195 361
195 362
195 363
195 369
195 370
195 371
195 385
195 386
195 387
195 388
195 389
195 390
195 391
195 392
195 393
195 394
195 395
195 396
195 397
195 398
195 399
195 401
195 402
195 403
195 404
195 405
195 406
195 407
195 409
195 410
195 411
195 417
195 418
195 419
195 420
195 421
195 422
195 423
195 425
195 426
195 427
195 433
195 434
195 435
195 449
195 450
195 451
195 452
195 453
195 454
195 455
195 457
195 458
195 459
195 465
195 466
195 467
195 481
195 482
195 483
196 197
196 198
196 199
196 200
196 201
196 202
196 203
196 204
196 205
196 206
196 207
196 208
196 209
196 210
196 211
196 212
196 213
196 214
196 215
196 216
196 217
196 218
196 220
196 225
196 226
196 227
196 228
196 229
196 230
196 231
196 232
196 233
196 234
196 236
196 241
196 242
196 244
196 260
196 262
196 263
196 264
196 266
196 267
196 268
196 269
196 270
196 271
196 272
196 276
196 278
196 279
196 280
196 284
196 290
196 292
196 294
196 295
196 296
196 300
196 305
196 306
196 308
196 322
196 323
196 324
196 326
196 327
196 328
196 330
196 332
196 337
196 338
196 340
196 353
196 354
196 355
196 356
196 357
196 358
196 359
196 360
196 361
196 362
196 364
196 369
196 370
196 372
196 386
196 387
196 388
196 389
196 390
196 391
196 392
196 394
196 395
196 396
196 397
196 398
196 399
196 400
196 402
196 403
196 404
196 406
196 407
196 408
196 410
196 412
196 418
196 419
196 420
196 422
196 423
196 424
196 426
196 428
196 433
196 434
196 436
196 450
196 451
196 452
196 454
196 455
196 456
196 458
196 460
196 466
196 468
196 482
196 484
197 198
197 199
197 200
197 201
197 202
197 203
197 204
197 205
197 206
197 207
197 209
197 210
197 211
197 212
197 213
197 214
197 215
197 217
197 218
197 219
197 221
197 225
197 226
197 227
197 228
197 229
197 230
197 231
197 233
197 234
197 235
197 237
197 241
197 242
197 243
197 245
197 261
197 265
197 266
197 267
197 269
197 273
197 274
197 275
197 276
197 277
197 278
197 279
197 281
197 282
197 283
197 285
197 289
197 291
197 293
197 297
197 298
197 299
197 301
197 305
197 306
197 307
197 309
197 321
197 322
197 323
197 325
197 326
197 327
197 329
197 330
197 331
197 333
197 337
197 338
197 339
197 341
197 353
197 354
197 355
197 356
197 357
197 358
197 359
197 361
197 362
197 363
197 365
197 369
197 370
197 371
197 373
197 385
197 386
197 387
197 388
197 389
197 390
197 391
197 393
197 394
197 395
197 396
197 397
197 398
197 399
197 401
197 402
197 403
197 404
197 405
197 406
197 407
197 409
197 410
197 411
197 413
197 417
197 418
197 419
197 421
197 422
197 423
197 425
197 426
197 427
197 429
197 433
197 434
197 435
197 437
197 449
197 450
197 451
197 453
197 454
197 455
197 457
197 458
197 459
197 461
197 465
197 467
197 469
197 481
197 483
197 485
198 199
198 200
198 201
198 202
198 203
198 204
198 205
198 206
198 207
198 208
198 209
198 210
198 211
198 212
198 213
198 214
198 215
198 216
198 217
198 218
198 219
198 220
198 222
198 225
198 226
198 227
198 228
198 229
198 230
198 231
198 232
198 233
198 234
198 235
198 236
198 238
198 241
198 242
198 243
198 244
198 246
198 262
198 266
198 267
198 268
198 270
198 274
198 275
198 276
198 277
198 278
198 279
198 280
198 282
198 283
198 284
198 286
198 290
198 291
198 292
198 294
198 298
198 299
198 300
198 302
198 305
198 306
198 307
198 308
198 310
198 322
198 323
198 324
198 325
198 326
198 327
198 328
198 330
198 331
198 332
198 334
198 337
198 338
198 339
198 340
198 342
198 353
198 354
198 355
198 356
198 357
198 358
198 359
198 360
198 361
198 362
198 363
198 364
198 366
198 369
198 370
198 371
198 372
198 374
198 386
198 387
198 388
198 389
198 390
198 391
198 392
198 393
198 394
198 395
198 396
198 397
198 398
198 399
198 400
198 402
198 403
198 404
198 405
198 406
198 407
198 408
198 410
198 411
198 412
198 414
198 418
198 419
198 420
198 421
198 422
198 423
198 424
198 426
198 427
198 428
198 430
198 433
198 434
198 435
198 436
198 438
198 450
198 451
198 452
198 453
198 454
198 455
198 456
198 458
198 459
198 460
198 462
198 466
198 467
198 468
198 470
198 482
198 483
198 484
198 486
199 200
199 201
199 202
199 203
199 204
199 205
199 206
199 207
199 208
199 209
199 210
199 211
199 212
199 213
199 214
199 215
199 216
199 217
199 218
199 219
199 220
199 221
199 222
199 223
199 225
199 226
199 227
199 228
199 229
199 230
199 231
199 232
199 233
199 234
199 235
199 236
199 237
199 238
199 239
199 241
199 242
199 243
199 244
199 247
199 263
199 267
199 269
199 270
199 271
199 275
199 277
199 278
199 279
199 281
199 282
199 283
199 284
199 285
199 286
199 287
199 291
199 292
199 295
199 299
199 301
199 302
199 303
199 305
199 306
199 307
199 308
199 311
199 323
199 324
199 325
199 326
199 327
199 328
199 331
199 332
199 333
199 334
199 335
199 337
199 338
199 339
199 340
199 343
199 353
199 354
199 355
199 356
199 357
199 358
199 359
199 360
199 361
199 362
199 363
199 364
199 365
199 366
199 367
199 369
199 370
199 371
199 372
199 375
199 387
199 388
199 389
199 390
199 391
199 392
199 393
199 394
199 395
199 396
199 397
199 398
199 399
199 400
199 403
199 404
199 405
199 406
199 407
199 408
199 409
199 410
199 411
199 412
199 413
199 414
199 415
199 419
199 420
199 421
199 422
199 423
199 424
199 427
199 428
199 429
199 430
199 431
199 433
199 434
199 435
199 436
199 439
199 451
199 452
199 453
199 454
199 455
199 456
199 459
199 460
199 461
199 462
199 463
199 467
199 468
199 471
199 483
199 484
199 487
200 202
200 203
200 204
200 205
200 206
200 207
200 208
200 210
200 211
200 212
200 214
200 215
200 216
200 218
200 219
200 220
200 221
200 222
200 223
200 224
200 226
200 227
200 228
200 230
200 231
200 232
200 234
200 236
200 238
200 239
200 240
200 242
200 244
200 248
200 264
200 268
200 270
200 271
200 272
200 276
200 278
200 279
200 280
200 282
200 283
200 284
200 285
200 286
200 287
200 288
200 292
200 296
200 300
200 302
200 303
200 304
200 306
200 308
200 312
200 324
200 326
200 327
200 328
200 332
200 334
200 335
200 336
200 338
200 340
200 344
200 354
200 355
200 356
200 358
200 359
200 360
200 362
200 364
200 366
200 367
200 368
200 370
200 372
200 376
200 388
200 390
200 391
200 392
200 394
200 395
200 396
200 397
200 398
200 399
200 400
200 404
200 406
200 407
200 408
200 410
200 411
200 412
200 413
200 414
200 415
200 416
200 420
200 422
200 423
200 424
200 428
200 430
200 431
200 432
200 434
200 436
200 440
200 452
200 454
200 455
200 456
200 460
200 462
200 463
200 464
200 468
200 472
200 484
200 488
201 202
201 203
201 204
201 205
201 206
201 207
201 209
201 210
201 211
201 212
201 213
201 214
201 215
201 217
201 218
201 219
201 221
201 225
201 226
201 227
201 228
201 229
201 230
201 231
201 233
201 234
201 235
201 237
201 241
201 242
201 243
201 245
201 249
201 265
201 273
201 274
201 275
201 277
201 281
201 289
201 290
201 291
201 292
201 293
201 294
201 295
201 297
201 298
201 299
201 301
201 305
201 306
201 307
201 309
201 313
201 321
201 322
201 323
201 325
201 329
201 330
201 331
201 333
201 337
201 338
201 339
201 341
201 345
201 353
201 354
201 355
201 357
201 358
201 359
201 361
201 362
201 363
201 365
201 369
201 370
201 371
201 373
201 377
201 385
201 386
201 387
201 388
201 389
201 390
201 391
201 393
201 394
201 395
201 397
201 401
201 402
201 403
201 404
201 405
201 406
201 407
201 409
201 410
201 411
201 413
201 417
201 418
201 419
201 420
201 421
201 422
201 423
201 425
201 426
201 427
201 429
201 433
201 434
201 435
201 437
201 441
201 449
201 450
201 451
201 453
201 457
201 458
201 459
201 461
201 465
201 466
201 467
201 469
201 473
201 481
201 485
201 489
202 203
202 204
202 205
202 206
202 207
202 208
202 209
202 210
202 211
202 212
202 213
202 214
202 215
202 216
202 217
202 218
202 219
202 220
202 221
202 222
202 225
202 226
202 227
202 228
202 229
202 230
202 231
202 232
202 233
202 234
202 235
202 236
202 237
202 238
202 241
202 242
202 243
202 244
202 245
202 246
202 250
202 266
202 274
202 275
202 276
202 278
202 282
202 290
202 291
202 292
202 293
202 294
202 295
202 296
202 298
202 299
202 300
202 302
202 305
202 306
202 307
202 308
202 309
202 310
202 314
202 322
202 323
202 324
202 325
202 326
202 329
202 330
202 331
202 332
202 333
202 334
202 337
202 338
202 339
202 340
202 341
202 342
202 346
202 353
202 354
202 355
202 356
202 357
202 358
202 359
202 360
202 361
202 362
202 363
202 364
202 365
202 366
202 369
202 370
202 371
202 372
202 373
202 374
202 378
202 386
202 387
202 388
202 389
202 390
202 391
202 392
202 393
202 394
202 395
202 396
202 397
202 398
202 401
202 402
202 403
202 404
202 405
202 406
202 407
202 408
202 409
202 410
202 411
202 412
202 413
202 414
202 418
202 419
202 420
202 421
202 422
202 423
202 424
202 425
202 426
202 427
202 428
202 429
202 430
202 433
202 434
202 435
202 436
202 437
202 438
202 442
202 450
202 451
202 452
202 453
202 454
202 457
202 458
202 459
202 460
202 461
202 462
202 466
202 467
202 468
202 469
202 470
202 474
202 482
202 485
202 486
202 490
203 204
203 205
203 206
203 207
203 208
203 209
203 210
203 211
203 212
203 213
203 214
203 215
203 216
203 217
203 218
203 219
203 220
203 221
203 222
203 223
203 225
203 226
203 227
203 228
203 229
203 230
203 231
203 232
203 233
203 234
203 235
203 236
203 237
203 238
203 239
203 241
203 242
203 243
203 244
203 245
203 246
203 247
203 251
203 267
203 275
203 277
203 278
203 279
203 283
203 291
203 293
203 294
203 295
203 297
203 298
203 299
203 300
203 301
203 302
203 303
203 305
203 306
203 307
203 308
203 309
203 310
203 311
203 315
203 323
203 325
203 326
203 327
203 329
203 330
203 331
203 332
203 333
203 334
203 335
203 337
203 338
203 339
203 340
203 341
203 342
203 343
203 347
203 353
203 354
203 355
203 356
203 357
203 358
203 359
203 360
203 361
203 362
203 363
203 364
203 365
203 366
203 367
203 369
203 370
203 371
203 372
203 373
203 374
203 375
203 379
203 387
203 389
203 390
203 391
203 393
203 394
203 395
203 396
203 397
203 398
203 399
203 401
203 402
203 403
203 404
203 405
203 406
203 407
203 408
203 409
203 410
203 411
203 412
203 413
203 414
203 415
203 419
203 421
203 422
203 423
203 425
203 426
203 427
203 428
203 429
203 430
203 431
203 433
203 434
203 435
203 436
203 437
203 438
203 439
203 443
203 451
203 453
203 454
203 455
203 457
203 458
203 459
203 460
203 461
203 462
203 463
203 467
203 469
203 470
203 471
203 475
203 483
203 485
203 486
203 487
203 491
204 205
204 206
204 207
204 208
204 210
204 211
204 212
204 213
204 214
204 215
204 216
204 218
204 219
204 220
204 221
204 222
204 223
204 224
204 226
204 227
204 228
204 229
204 230
204 231
204 232
204 234
204 235
204 236
204 237
204 238
204 239
204 240
204 242
204 243
204 244
204 246
204 247
204 248
204 252
204 268
204 276
204 278
204 279
204 280
204 284
204 292
204 294
204 295
204 296
204 298
204 299
204 300
204 301
204 302
204 303
204 304
204 306
204 307
204 308
204 310
204 311
204 312
204 316
204 324
204 326
204 327
204 328
204 330
204 331
204 332
204 334
204 335
204 336
204 338
204 339
204 340
204 342
204 343
204 344
204 348
204 354
204 355
204 356
204 357
204 358
204 359
204 360
204 362
204 363
204 364
204 366
204 367
204 368
204 370
204 371
204 372
204 374
204 375
204 376
204 380
204 388
204 390
204 391
204 392
204 394
204 395
204 396
204 397
204 398
204 399
204 400
204 402
204 403
204 404
204 405
204 406
204 407
204 408
204 410
204 411
204 412
204 413
204 414
204 415
204 416
204 420
204 422
204 423
204 424
204 426
204 427
204 428
204 429
204 430
204 431
204 432
204 434
204 435
204 436
204 438
204 439
204 440
204 444
204 452
204 454
204 455
204 456
204 458
204 459
204 460
204 462
204 463
204 464
204 468
204 470
204 471
204 472
204 476
204 484
204 486
204 488
204 492
205 206
205 207
205 208
205 209
205 210
205 211
205 212
205 213
205 214
205 215
205 216
205 217
205 218
205 219
205 220
205 221
205 222
205 223
205 225
205 226
205 227
205 228
205 229
205 230
205 231
205 232
205 233
205 234
205 235
205 236
205 237
205 238
205 239
205 241
205 242
205 243
205 244
205 245
205 246
205 247
205 249
205 250
205 251
205 253
205 269
205 277
205 281
205 282
205 283
205 285
205 293
205 295
205 297
205 298
205 299
205 301
205 305
205 306
205 307
205 308
205 309
205 310
205 311
205 313
205 314
205 315
205 317
205 325
205 327
205 329
205 330
205 331
205 333
205 334
205 335
205 337
205 339
205 340
205 341
205 343
205 345
205 346
205 347
205 349
205 353
205 354
205 355
205 356
205 357
205 358
205 359
205 360
205 361
205 362
205 363
205 364
205 365
205 366
205 367
205 369
205 371
205 372
205 373
205 375
205 377
205 378
205 379
205 381
205 389
205 391
205 393
205 394
205 395
205 397
205 398
205 399
205 401
205 402
205 403
205 404
205 405
205 406
205 407
205 409
205 410
205 411
205 412
205 413
205 414
205 415
205 421
205 423
205 425
205 426
205 427
205 429
205 430
205 431
205 433
205 434
205 435
205 436
205 437
205 438
205 439
205 441
205 442
205 443
205 445
205 453
205 455
205 457
205 458
205 459
205 461
205 462
205 463
205 469
205 471
205 473
205 474
205 475
205 477
205 485
205 487
205 493
206 207
206 208
206 210
206 211
206 212
206 213
206 214
206 215
206 216
206 217
206 218
206 219
206 220
206 221
206 222
206 223
206 224
206 226
206 227
206 228
206 229
206 230
206 231
206 232
206 234
206 235
206 236
206 237
206 238
206 239
206 240
206 242
206 243
206 244
206 245
206 246
206 247
206 248
206 250
206 251
206 252
206 254
206 270
206 278
206 282
206 283
206 284
206 286
206 294
206 295
206 296
206 298
206 299
206 300
206 302
206 306
206 307
206 308
206 309
206 310
206 311
206 312
206 314
206 315
206 316
206 318
206 326
206 327
206 328
206 330
206 331
206 332
206 333
206 334
206 335
206 336
206 338
206 339
206 340
206 342
206 343
206 344
206 346
206 347
206 348
206 350
206 354
206 355
206 356
206 357
206 358
206 359
206 360
206 362
206 363
206 364
206 365
206 366
206 367
206 368
206 370
206 371
206 372
206 374
206 375
206 376
206 378
206 379
206 380
206 382
206 390
206 391
206 392
206 394
206 395
206 396
206 397
206 398
206 399
206 400
206 402
206 403
206 404
206 405
206 406
206 407
206 408
206 409
206 410
206 411
206 412
206 413
206 414
206 415
206 416
206 422
206 423
206 424
206 426
206 427
206 428
206 429
206 430
206 431
206 432
206 434
206 435
206 436
206 437
206 438
206 439
206 440
206 442
206 443
206 444
206 446
206 454
206 455
206 456
206 458
206 459
206 460
206 461
206 462
206 463
206 464
206 470
206 471
206 472
206 474
206 475
206 476
206 478
206 486
206 487
206 488
206 494
207 208
207 211
207 212
207 213
207 214
207 215
207 216
207 217
207 218
207 219
207 220
207 221
207 222
207 223
207 224
207 227
207 228
207 229
207 230
207 231
207 232
207 235
207 236
207 237
207 238
207 239
207 240
207 243
207 244
207 245
207 246
207 247
207 248
207 249
207 250
207 251
207 252
207 253
207 254
207 255
207 271
207 279
207 283
207 285
207 286
207 287
207 295
207 296
207 299
207 301
207 302
207 303
207 307
207 308
207 309
207 310
207 311
207 312
207 313
207 314
207 315
207 316
207 317
207 318
207 319
207 327
207 328
207 331
207 332
207 333
207 334
207 335
207 336
207 339
207 340
207 343
207 344
207 347
207 349
207 350
207 351
207 355
207 356
207 357
207 358
207 359
207 360
207 363
207 364
207 365
207 366
207 367
207 368
207 371
207 372
207 375
207 376
207 379
207 381
207 382
207 383
207 391
207 392
207 395
207 396
207 397
207 398
207 399
207 400
207 403
207 404
207 405
207 406
207 407
207 408
207 409
207 410
207 411
207 412
207 413
207 414
207 415
207 416
207 423
207 424
207 427
207 428
207 429
207 430
207 431
207 432
207 435
207 436
207 437
207 438
207 439
207 440
207 441
207 442
207 443
207 444
207 445
207 446
207 447
207 455
207 456
207 459
207 460
207 461
207 462
207 463
207 464
207 471
207 472
207 475
207 477
207 478
207 479
207 487
207 488
207 495
208 212
208 214
208 215
208 216
208 218
208 219
208 220
208 221
208 222
208 223
208 224
208 228
208 230
208 231
208 232
208 236
208 238
208 239
208 240
208 244
208 246
208 247
208 248
208 250
208 251
208 252
208 253
208 254
208 255
208 256
208 272
208 280
208 284
208 286
208 287
208 288
208 296
208 300
208 302
208 303
208 304
208 308
208 310
208 311
208 312
208 314
208 315
208 316
208 317
208 318
208 319
208 320
208 328
208 332
208 334
208 335
208 336
208 340
208 344
208 348
208 350
208 351
208 352
208 356
208 358
208 359
208 360
208 364
208 366
208 367
208 368
208 372
208 376
208 380
208 382
208 383
208 384
208 392
208 396
208 398
208 399
208 400
208 404
208 406
208 407
208 408
208 410
208 411
208 412
208 413
208 414
208 415
208 416
208 424
208 428
208 430
208 431
208 432
208 436
208 438
208 439
208 440
208 442
208 443
208 444
208 445
208 446
208 447
208 448
208 456
208 460
208 462
208 463
208 464
208 472
208 476
208 478
208 479
208 480
208 488
208 496
209 210
209 211
209 212
209 213
209 214
209 215
209 217
209 218
209 219
209 221
209 225
209 226
209 227
209 228
209 229
209 230
209 231
209 233
209 234
209 235
209 237
209 241
209 242
209 243
209 245
209 249
209 273
209 289
209 290
209 291
209 293
209 297
209 305
209 309
209 313
209 321
209 322
209 323
209 324
209 325
209 326
209 327
209 329
209 330
209 331
209 333
209 337
209 338
209 339
209 341
209 345
209 353
209 354
209 355
209 357
209 361
209 362
209 363
209 365
209 369
209 370
209 371
209 373
209 377
209 385
209 386
209 387
209 388
209 389
209 390
209 391
209 393
209 394
209 395
209 397
209 401
209 402
209 403
209 405
209 409
209 417
209 418
209 419
209 420
209 421
209 422
209 423
209 425
209 426
209 427
209 429
209 433
209 434
209 435
209 437
209 441
209 449
209 450
209 451
209 452
209 453
209 454
209 455
209 457
209 458
209 459
209 461
209 465
209 466
209 467
209 469
209 473
209 481
209 482
209 483
209 485
209 489
209 497
210 211
210 212
210 213
210 214
210 215
210 216
210 217
210 218
210 219
210 220
210 221
210 222
210 225
210 226
210 227
210 228
210 229
210 230
210 231
210 232
210 233
210 234
210 235
210 236
210 237
210 238
210 241
210 242
210 243
210 244
210 245
210 246
210 249
210 250
210 274
210 290
210 291
210 292
210 294
210 297
210 298
210 305
210 306
210 309
210 310
210 313
210 314
210 322
210 323
210 324
210 325
210 326
210 327
210 328
210 329
210 330
210 331
210 332
210 334
210 337
210 338
210 339
210 340
210 341
210 342
210 345
210 346
210 353
210 354
210 355
210 356
210 357
210 358
210 361
210 362
210 363
210 364
210 365
210 366
210 369
210 370
210 371
210 372
210 373
210 374
210 377
210 378
210 386
210 387
210 388
210 389
210 390
210 391
210 392
210 393
210 394
210 395
210 396
210 398
210 401
210 402
210 403
210 404
210 405
210 406
210 409
210 410
210 417
210 418
210 419
210 420
210 421
210 422
210 423
210 424
210 425
210 426
210 427
210 428
210 429
210 430
210 433
210 434
210 435
210 436
210 437
210 438
210 441
210 442
210 450
210 451
210 452
210 453
210 454
210 455
210 456
210 457
210 458
210 459
210 460
210 462
210 465
210 466
210 467
210 468
210 469
210 470
210 473
210 474
210 482
210 483
210 484
210 486
210 489
210 490
210 498
211 212
211 213
211 214
211 215
211 216
211 217
211 218
211 219
211 220
211 221
211 222
211 223
211 225
211 226
211 227
211 228
211 229
211 230
211 231
211 232
211 233
211 234
211 235
211 236
211 237
211 238
211 239
211 241
211 242
211 243
211 244
211 245
211 246
211 247
211 249
211 250
211 251
211 275
211 291
211 293
211 294
211 295
211 297
211 298
211 299
211 305
211 306
211 307
211 309
211 310
211 311
211 313
211 314
211 315
211 323
211 325
211 326
211 327
211 329
211 330
211 331
211 332
211 333
211 334
211 335
211 337
211 338
211 339
211 340
211 341
211 342
211 343
211 345
211 346
211 347
211 353
211 354
211 355
211 356
211 357
211 358
211 359
211 361
211 362
211 363
211 364
211 365
211 366
211 367
211 369
211 370
211 371
211 372
211 373
211 374
211 375
211 377
211 378
211 379
211 387
211 389
211 390
211 391
211 393
211 394
211 395
211 396
211 397
211 398
211 399
211 401
211 402
211 403
211 404
211 405
211 406
211 407
211 409
211 410
211 411
211 417
211 418
211 419
211 420
211 421
211 422
211 423
211 424
211 425
211 426
211 427
211 428
211 429
211 430
211 431
211 433
211 434
211 435
211 436
211 437
211 438
211 439
211 441
211 442
211 443
211 451
211 453
211 454
211 455
211 457
211 458
211 459
211 460
211 461
211 462
211 463
211 465
211 466
211 467
211 468
211 469
211 470
211 471
211 473
211 474
211 475
211 483
211 485
211 486
211 487
211 489
211 490
211 491
211 499
212 213
212 214
212 215
212 216
212 217
212 218
212 219
212 220
212 221
212 222
212 223
212 224
212 226
212 227
212 228
212 229
212 230
212 231
212 232
212 233
212 234
212 235
212 236
212 237
212 238
212 239
212 240
212 242
212 243
212 244
212 245
212 246
212 247
212 248
212 250
212 252
212 276
212 292
212 294
212 295
212 296
212 298
212 300
212 306
212 308
212 309
212 310
212 312
212 314
212 316
212 324
212 326
212 327
212 328
212 330
212 331
212 332
212 333
212 334
212 335
212 336
212 338
212 339
212 340
212 341
212 342
212 343
212 344
212 346
212 348
212 354
212 355
212 356
212 357
212 358
212 359
212 360
212 361
212 362
212 363
212 364
212 365
212 366
212 367
212 368
212 370
212 371
212 372
212 373
212 374
212 375
212 376
212 378
212 380
212 388
212 390
212 391
212 392
212 394
212 395
212 396
212 397
212 398
212 399
212 400
212 402
212 403
212 404
212 406
212 407
212 408
212 410
212 412
212 418
212 419
212 420
212 421
212 422
212 423
212 424
212 426
212 427
212 428
212 429
212 430
212 431
212 432
212 434
212 435
212 436
212 437
212 438
212 439
212 440
212 442
212 444
212 452
212 454
212 455
212 456
212 458
212 459
212 460
212 461
212 462
212 463
212 464
212 466
212 467
212 468
212 470
212 471
212 472
212 474
212 476
212 484
212 486
212 487
212 488
212 490
212 492
212 500
213 214
213 215
213 216
213 217
213 218
213 219
213 220
213 221
213 222
213 223
213 225
213 226
213 227
213 228
213 229
213 230
213 231
213 233
213 234
213 235
213 236
213 237
213 238
213 239
213 241
213 242
213 243
213 244
213 245
213 246
213 247
213 249
213 250
213 251
213 253
213 277
213 293
213 297
213 298
213 299
213 301
213 305
213 307
213 309
213 310
213 311
213 313
213 315
213 317
213 325
213 329
213 330
213 331
213 333
213 337
213 338
213 339
213 340
213 341
213 342
213 343
213 345
213 346
213 347
213 349
213 353
213 354
213 355
213 357
213 358
213 359
213 361
213 362
213 363
213 364
213 365
213 366
213 367
213 369
213 370
213 371
213 373
213 374
213 375
213 377
213 378
213 379
213 381
213 389
213 393
213 394
213 395
213 397
213 401
213 402
213 403
213 404
213 405
213 406
213 407
213 409
213 410
213 411
213 413
213 417
213 418
213 419
213 420
213 421
213 422
213 423
213 425
213 426
213 427
213 428
213 429
213 430
213 431
213 433
213 434
213 435
213 436
213 437
213 438
213 439
213 441
213 442
213 443
213 445
213 453
213 457
213 458
213 459
213 461
213 465
213 466
213 467
213 468
213 469
213 470
213 471
213 473
213 474
213 475
213 477
213 485
213 489
213 490
213 491
213 493
213 501
214 215
214 216
214 217
214 218
214 219
214 220
214 221
214 222
214 223
214 224
214 226
214 227
214 228
214 229
214 230
214 231
214 232
214 233
214 234
214 235
214 236
214 237
214 238
214 239
214 240
214 242
214 243
214 244
214 245
214 246
214 247
214 248
214 250
214 251
214 252
214 254
214 278
214 294
214 298
214 299
214 300
214 302
214 306
214 307
214 308
214 309
214 310
214 311
214 312
214 314
214 315
214 316
214 318
214 326
214 330
214 331
214 332
214 334
214 338
214 339
214 340
214 341
214 342
214 343
214 344
214 346
214 347
214 348
214 350
214 354
214 355
214 356
214 357
214 358
214 359
214 360
214 361
214 362
214 363
214 364
214 365
214 366
214 367
214 368
214 370
214 371
214 372
214 373
214 374
214 375
214 376
214 378
214 379
214 380
214 382
214 390
214 394
214 395
214 396
214 398
214 402
214 403
214 404
214 405
214 406
214 407
214 408
214 410
214 411
214 412
214 414
214 418
214 419
214 420
214 421
214 422
214 423
214 424
214 425
214 426
214 427
214 428
214 429
214 430
214 431
214 432
214 434
214 435
214 436
214 437
214 438
214 439
214 440
214 442
214 443
214 444
214 446
214 454
214 458
214 459
214 460
214 462
214 466
214 467
214 468
214 469
214 470
214 471
214 472
214 474
214 475
214 476
214 478
214 486
214 490
214 491
214 492
214 494
214 502
215 216
215 217
215 218
215 219
215 220
215 221
215 222
215 223
215 224
215 227
215 228
215 229
215 230
215 231
215 232
215 233
215 234
215 235
215 236
215 237
215 238
215 239
215 240
215 243
215 244
215 245
215 246
215 247
215 248
215 249
215 250
215 251
215 252
215 253
215 254
215 255
215 279
215 295
215 299
215 300
215 301
215 302
215 303
215 307
215 308
215 309
215 310
215 311
215 312
215 315
215 316
215 319
215 327
215 331
215 332
215 333
215 334
215 335
215 339
215 340
215 341
215 342
215 343
215 344
215 345
215 346
215 347
215 348
215 349
215 350
215 351
215 355
215 356
215 357
215 358
215 359
215 360
215 361
215 362
215 363
215 364
215 365
215 366
215 367
215 368
215 371
215 372
215 373
215 374
215 375
215 376
215 379
215 380
215 381
215 382
215 383
215 391
215 395
215 396
215 397
215 398
215 399
215 403
215 404
215 405
215 406
215 407
215 408
215 409
215 410
215 411
215 412
215 413
215 414
215 415
215 419
215 420
215 421
215 422
215 423
215 424
215 425
215 426
215 427
215 428
215 429
215 430
215 431
215 432
215 435
215 436
215 437
215 438
215 439
215 440
215 441
215 442
215 443
215 444
215 445
215 446
215 447
215 455
215 459
215 460
215 461
215 462
215 463
215 467
215 468
215 469
215 470
215 471
215 472
215 473
215 474
215 475
215 476
215 477
215 478
215 479
215 487
215 491
215 492
215 493
215 494
215 495
215 503
216 218
216 219
216 220
216 221
216 222
216 223
216 224
216 228
216 230
216 231
216 232
216 234
216 235
216 236
216 237
216 238
216 239
216 240
216 244
216 246
216 247
216 248
216 250
216 251
216 252
216 253
216 254
216 255
216 256
216 280
216 296
216 300
216 302
216 303
216 304
216 308
216 310
216 312
216 316
216 320
216 328
216 332
216 334
216 335
216 336
216 340
216 342
216 343
216 344
216 346
216 347
216 348
216 349
216 350
216 351
216 352
216 356
216 358
216 359
216 360
216 362
216 363
216 364
216 366
216 367
216 368
216 372
216 374
216 375
216 376
216 380
216 382
216 383
216 384
216 392
216 396
216 398
216 399
216 400
216 404
216 406
216 407
216 408
216 410
216 411
216 412
216 413
216 414
216 415
216 416
216 420
216 422
216 423
216 424
216 426
216 427
216 428
216 429
216 430
216 431
216 432
216 436
216 438
216 439
216 440
216 442
216 443
216 444
216 445
216 446
216 447
216 448
216 456
216 460
216 462
216 463
216 464
216 468
216 470
216 471
216 472
216 474
216 475
216 476
216 477
216 478
216 479
216 480
216 488
216 492
216 494
216 495
216 496
216 504
217 218
217 219
217 220
217 221
217 222
217 223
217 225
217 226
217 227
217 228
217 229
217 230
217 231
217 233
217 234
217 235
217 237
217 238
217 239
217 241
217 242
217 243
217 244
217 245
217 246
217 247
217 249
217 250
217 251
217 253
217 281
217 297
217 301
217 305
217 306
217 307
217 309
217 311
217 313
217 317
217 329
217 333
217 337
217 338
217 339
217 341
217 343
217 345
217 346
217 347
217 349
217 353
217 354
217 355
217 356
217 357
217 358
217 359
217 361
217 362
217 363
217 365
217 366
217 367
217 369
217 370
217 371
217 373
217 375
217 377
217 378
217 379
217 381
217 393
217 397
217 401
217 402
217 403
217 405
217 409
217 410
217 411
217 413
217 417
217 418
217 419
217 420
217 421
217 422
217 423
217 425
217 426
217 427
217 429
217 433
217 434
217 435
217 436
217 437
217 438
217 439
217 441
217 442
217 443
217 445
217 457
217 461
217 465
217 466
217 467
217 469
217 473
217 474
217 475
217 477
217 481
217 482
217 483
217 484
217 485
217 486
217 487
217 489
217 490
217 491
217 493
217 497
217 498
217 499
217 501
217 505
218 219
218 220
218 221
218 222
218 223
218 224
218 226
218 227
218 228
218 229
218 230
218 231
218 232
218 233
218 234
218 235
218 236
218 237
218 238
218 239
218 240
218 241
218 242
218 243
218 244
218 245
218 246
218 247
218 248
218 249
218 250
218 251
218 252
218 253
218 254
218 282
218 298
218 301
218 302
218 306
218 307
218 308
218 309
218 310
218 311
218 312
218 314
218 317
218 318
218 330
218 333
218 334
218 338
218 339
218 340
218 341
218 342
218 343
218 344
218 345
218 346
218 347
218 348
218 349
218 350
218 354
218 355
218 356
218 357
218 358
218 359
218 360
218 361
218 362
218 363
218 364
218 365
218 366
218 367
218 368
218 370
218 371
218 372
218 373
218 374
218 375
218 376
218 377
218 378
218 379
218 380
218 381
218 382
218 394
218 397
218 398
218 402
218 403
218 404
218 405
218 406
218 409
218 410
218 411
218 412
218 413
218 414
218 418
218 419
218 420
218 421
218 422
218 423
218 424
218 425
218 426
218 427
218 428
218 429
218 430
218 433
218 434
218 435
218 436
218 437
218 438
218 439
218 440
218 441
218 442
218 443
218 444
218 445
218 446
218 458
218 461
218 462
218 466
218 467
218 468
218 469
218 470
218 473
218 474
218 475
218 476
218 477
218 478
218 482
218 483
218 484
218 485
218 486
218 487
218 488
218 490
218 491
218 492
218 493
218 494
218 498
218 499
218 500
218 502
218 506
219 220
219 221
219 222
219 223
219 224
219 227
219 229
219 230
219 231
219 232
219 233
219 234
219 235
219 236
219 237
219 238
219 239
219 240
219 241
219 242
219 243
219 244
219 245
219 246
219 247
219 248
219 249
219 250
219 251
219 252
219 253
219 254
219 255
219 283
219 299
219 301
219 302
219 303
219 307
219 309
219 310
219 311
219 312
219 315
219 317
219 318
219 319
219 331
219 333
219 334
219 335
219 339
219 341
219 342
219 343
219 344
219 345
219 346
219 347
219 348
219 349
219 350
219 351
219 355
219 357
219 358
219 359
219 360
219 361
219 362
219 363
219 364
219 365
219 366
219 367
219 368
219 371
219 373
219 374
219 375
219 376
219 377
219 378
219 379
219 380
219 381
219 382
219 383
219 395
219 397
219 398
219 399
219 403
219 405
219 406
219 407
219 409
219 410
219 411
219 412
219 413
219 414
219 415
219 419
219 421
219 422
219 423
219 425
219 426
219 427
219 428
219 429
219 430
219 431
219 433
219 434
219 435
219 436
219 437
219 438
219 439
219 440
219 441
219 442
219 443
219 444
219 445
219 446
219 447
219 459
219 461
219 462
219 463
219 467
219 469
219 470
219 471
219 473
219 474
219 475
219 476
219 477
219 478
219 479
219 483
219 485
219 486
219 487
219 489
219 490
219 491
219 492
219 493
219 494
219 495
219 499
219 501
219 502
219 503
219 507
220 221
220 222
220 223
220 224
220 228
220 230
220 231
220 232
220 234
220 235
220 236
220 237
220 238
220 239
220 240
220 242
220 243
220 244
220 245
220 246
220 247
220 248
220 250
220 251
220 252
220 253
220 254
220 255
220 256
220 284
220 300
220 302
220 304
220 308
220 310
220 311
220 312
220 316
220 318
220 320
220 332
220 334
220 336
220 340
220 342
220 343
220 344
220 346
220 347
220 348
220 350
220 351
220 352
220 356
220 358
220 359
220 360
220 362
220 363
220 364
220 365
220 366
220 367
220 368
220 372
220 374
220 375
220 376
220 378
220 379
220 380
220 382
220 383
220 384
220 396
220 398
220 400
220 404
220 406
220 407
220 408
220 410
220 411
220 412
220 414
220 415
220 416
220 420
220 422
220 423
220 424
220 426
220 427
220 428
220 429
220 430
220 431
220 432
220 434
220 435
220 436
220 437
220 438
220 439
220 440
220 442
220 443
220 444
220 445
220 446
220 447
220 448
220 460
220 462
220 464
220 468
220 470
220 471
220 472
220 474
220 475
220 476
220 478
220 479
220 480
220 484
220 486
220 487
220 488
220 490
220 491
220 492
220 493
220 494
220 495
220 496
220 500
220 502
220 503
220 504
220 508
221 222
221 223
221 224
221 229
221 231
221 232
221 233
221 234
221 235
221 236
221 237
221 238
221 239
221 240
221 241
221 242
221 243
221 244
221 245
221 246
221 247
221 248
221 249
221 250
221 251
221 252
221 253
221 254
221 255
221 285
221 301
221 303
221 309
221 311
221 312
221 313
221 314
221 315
221 317
221 319
221 333
221 335
221 341
221 343
221 344
221 345
221 346
221 347
221 349
221 350
221 351
221 357
221 359
221 360
221 361
221 362
221 363
221 364
221 365
221 366
221 367
221 368
221 369
221 370
221 371
221 372
221 373
221 374
221 375
221 376
221 377
221 378
221 379
221 381
221 382
221 383
221 397
221 399
221 405
221 407
221 409
221 410
221 411
221 413
221 414
221 415
221 421
221 423
221 425
221 426
221 427
221 429
221 430
221 431
221 433
221 434
221 435
221 436
221 437
221 438
221 439
221 440
221 441
221 442
221 443
221 444
221 445
221 446
221 447
221 461
221 463
221 469
221 471
221 473
221 474
221 475
221 477
221 478
221 479
221 485
221 489
221 490
221 491
221 493
221 495
221 497
221 498
221 499
221 500
221 501
221 502
221 503
221 505
221 506
221 507
221 509
222 223
222 224
222 230
222 231
222 232
222 234
222 235
222 236
222 237
222 238
222 239
222 240
222 242
222 243
222 244
222 245
222 246
222 247
222 248
222 249
222 250
222 251
222 252
222 253
222 254
222 255
222 256
222 286
222 302
222 303
222 304
222 310
222 311
222 312
222 314
222 315
222 316
222 318
222 319
222 320
222 334
222 335
222 336
222 342
222 343
222 344
222 346
222 347
222 348
222 349
222 350
222 351
222 352
222 358
222 359
222 360
222 362
222 363
222 364
222 365
222 366
222 367
222 368
222 370
222 371
222 372
222 373
222 374
222 375
222 376
222 378
222 379
222 380
222 381
222 382
222 383
222 384
222 398
222 399
222 400
222 406
222 407
222 408
222 410
222 411
222 412
222 413
222 414
222 415
222 416
222 422
222 423
222 424
222 426
222 427
222 428
222 429
222 430
222 431
222 432
222 434
222 435
222 436
222 437
222 438
222 439
222 440
222 441
222 442
222 443
222 444
222 445
222 446
222 447
222 448
222 462
222 463
222 464
222 470
222 471
222 472
222 474
222 475
222 476
222 477
222 478
222 479
222 480
222 486
222 490
222 491
222 492
222 494
222 495
222 496
222 498
222 499
222 500
222 501
222 502
222 503
222 504
222 506
222 507
222 508
222 510
223 224
223 231
223 232
223 235
223 236
223 237
223 238
223 239
223 240
223 243
223 244
223 245
223 246
223 247
223 248
223 249
223 250
223 251
223 252
223 253
223 254
223 255
223 256
223 287
223 303
223 304
223 311
223 312
223 315
223 317
223 318
223 319
223 320
223 335
223 336
223 343
223 344
223 347
223 348
223 349
223 350
223 351
223 352
223 359
223 360
223 363
223 364
223 365
223 366
223 367
223 368
223 371
223 373
223 374
223 375
223 376
223 377
223 378
223 379
223 380
223 381
223 382
223 383
223 384
223 399
223 400
223 407
223 408
223 411
223 412
223 413
223 414
223 415
223 416
223 423
223 424
223 427
223 428
223 429
223 430
223 431
223 432
223 435
223 436
223 437
223 438
223 439
223 440
223 441
223 442
223 443
223 444
223 445
223 446
223 447
223 448
223 463
223 464
223 471
223 472
223 475
223 476
223 477
223 478
223 479
223 480
223 487
223 491
223 493
223 494
223 495
223 496
223 499
223 501
223 502
223 503
223 505
223 506
223 507
223 508
223 509
223 510
223 511
224 232
224 236
224 238
224 239
224 240
224 244
224 246
224 247
224 248
224 250
224 251
224 252
224 253
224 254
224 255
224 256
224 288
224 304
224 312
224 316
224 318
224 319
224 320
224 336
224 344
224 348
224 350
224 351
224 352
224 360
224 364
224 366
224 367
224 368
224 372
224 374
224 375
224 376
224 378
224 379
224 380
224 381
224 382
224 383
224 384
224 400
224 408
224 412
224 414
224 415
224 416
224 424
224 428
224 430
224 431
224 432
224 436
224 438
224 439
224 440
224 442
224 443
224 444
224 445
224 446
224 447
224 448
224 464
224 472
224 476
224 478
224 479
224 480
224 488
224 492
224 494
224 495
224 496
224 500
224 502
224 503
224 504
224 506
224 507
224 508
224 509
224 510
224 511
224 512
225 226
225 227
225 228
225 229
225 230
225 231
225 233
225 234
225 235
225 237
225 241
225 242
225 243
225 245
225 249
225 289
225 305
225 313
225 321
225 322
225 323
225 325
225 329
225 337
225 345
225 353
225 354
225 355
225 357
225 361
225 369
225 370
225 371
225 373
225 377
225 385
225 386
225 387
225 388
225 389
225 390
225 391
225 393
225 394
225 395
225 397
225 401
225 402
225 403
225 405
225 409
225 417
225 418
225 419
225 421
225 425
225 433
225 441
225 449
225 450
225 451
225 452
225 453
225 454
225 455
225 457
225 458
225 459
225 461
225 465
225 466
225 467
225 469
225 473
225 481
225 482
225 483
225 485
225 489
225 497
226 227
226 228
226 229
226 230
226 231
226 232
226 233
226 234
226 235
226 236
226 237
226 238
226 241
226 242
226 243
226 244
226 245
226 246
226 249
226 250
226 290
226 305
226 306
226 313
226 314
226 322
226 323
226 324
226 326
226 330
226 337
226 338
226 345
226 346
226 353
226 354
226 355
226 356
226 357
226 358
226 361
226 362
226 369
226 370
226 371
226 372
226 373
226 374
226 377
226 378
226 386
226 387
226 388
226 389
226 390
226 391
226 392
226 394
226 395
226 396
226 398
226 401
226 402
226 403
226 404
226 406
226 410
226 417
226 418
226 419
226 420
226 421
226 422
226 425
226 426
226 433
226 434
226 441
226 442
226 449
226 450
226 451
226 452
226 453
226 454
226 455
226 456
226 457
226 458
226 459
226 460
226 461
226 462
226 465
226 466
226 467
226 468
226 469
226 470
226 473
226 474
226 481
226 482
226 483
226 484
226 485
226 486
226 489
226 490
226 497
226 498
227 228
227 229
227 230
227 231
227 232
227 233
227 234
227 235
227 236
227 237
227 238
227 239
227 241
227 242
227 243
227 244
227 245
227 246
227 247
227 249
227 250
227 251
227 291
227 305
227 306
227 307
227 313
227 314
227 315
227 323
227 325
227 326
227 327
227 331
227 337
227 338
227 339
227 345
227 346
227 347
227 353
227 354
227 355
227 356
227 357
227 358
227 359
227 361
227 362
227 363
227 369
227 370
227 371
227 372
227 373
227 374
227 375
227 377
227 378
227 379
227 387
227 389
227 390
227 391
227 393
227 394
227 395
227 396
227 397
227 398
227 399
227 401
227 402
227 403
227 405
227 406
227 407
227 411
227 417
227 418
227 419
227 420
227 421
227 422
227 423
227 425
227 426
227 427
227 433
227 434
227 435
227 441
227 442
227 443
227 449
227 450
227 451
227 452
227 453
227 454
227 455
227 456
227 457
227 458
227 459
227 460
227 461
227 462
227 463
227 465
227 466
227 467
227 468
227 469
227 470
227 471
227 473
227 474
227 475
227 481
227 482
227 483
227 484
227 485
227 486
227 487
227 489
227 490
227 491
227 497
227 498
227 499
228 229
228 230
228 231
228 232
228 233
228 234
228 235
228 236
228 237
228 238
228 239
228 240
228 241
228 242
228 243
228 244
228 245
228 246
228 247
228 248
228 249
228 250
228 252
228 292
228 306
228 308
228 313
228 314
228 316
228 324
228 326
228 327
228 328
228 332
228 338
228 340
228 345
228 346
228 348
228 354
228 355
228 356
228 358
228 359
228 360
228 361
228 362
228 364
228 369
228 370
228 371
228 372
228 373
228 374
228 375
228 376
228 377
228 378
228 380
228 388
228 390
228 391
228 392
228 394
228 395
228 396
228 397
228 398
228 399
228 400
228 402
228 404
228 406
228 407
228 408
228 412
228 418
228 419
228 420
228 422
228 423
228 424
228 426
228 428
228 434
228 436
228 441
228 442
228 444
228 450
228 451
228 452
228 453
228 454
228 455
228 456
228 458
228 459
228 460
228 461
228 462
228 463
228 464
228 466
228 467
228 468
228 470
228 471
228 472
228 474
228 476
228 482
228 483
228 484
228 486
228 487
228 488
228 490
228 492
228 498
228 500
229 230
229 231
229 232
229 233
229 234
229 235
229 236
229 237
229 238
229 239
229 241
229 242
229 243
229 244
229 245
229 246
229 247
229 249
229 250
229 251
229 253
229 293
229 305
229 307
229 309
229 313
229 314
229 315
229 317
229 325
229 329
229 330
229 331
229 333
229 337
229 339
229 341
229 345
229 346
229 347
229 349
229 353
229 354
229 355
229 357
229 358
229 359
229 361
229 362
229 363
229 365
229 369
229 370
229 371
229 372
229 373
229 374
229 375
229 377
229 378
229 379
229 381
229 389
229 393
229 394
229 395
229 397
229 401
229 402
229 403
229 404
229 405
229 406
229 407
229 409
229 410
229 411
229 413
229 417
229 418
229 419
229 421
229 422
229 423
229 425
229 426
229 427
229 429
229 433
229 435
229 437
229 441
229 442
229 443
229 445
229 449
229 450
229 451
229 452
229 453
229 454
229 455
229 457
229 458
229 459
229 460
229 461
229 462
229 463
229 465
229 466
229 467
229 468
229 469
229 470
229 471
229 473
229 474
229 475
229 477
229 481
229 482
229 483
229 485
229 486
229 487
229 489
229 490
229 491
229 493
229 497
229 499
229 501
230 231
230 232
230 233
230 234
230 235
230 236
230 237
230 238
230 239
230 240
230 241
230 242
230 243
230 244
230 245
230 246
230 247
230 248
230 249
230 250
230 251
230 252
230 254
230 294
230 306
230 307
230 308
230 310
230 313
230 314
230 315
230 316
230 318
230 326
230 330
230 331
230 332
230 334
230 338
230 339
230 340
230 342
230 345
230 346
230 347
230 348
230 350
230 354
230 355
230 356
230 357
230 358
230 359
230 360
230 361
230 362
230 363
230 364
230 366
230 369
230 370
230 371
230 372
230 373
230 374
230 375
230 376
230 377
230 378
230 379
230 380
230 382
230 390
230 394
230 395
230 396
230 398
230 402
230 403
230 404
230 405
230 406
230 407
230 408
230 410
230 411
230 412
230 414
230 418
230 419
230 420
230 421
230 422
230 423
230 424
230 426
230 427
230 428
230 430
230 434
230 435
230 436
230 438
230 441
230 442
230 443
230 444
230 446
230 450
230 451
230 452
230 453
230 454
230 455
230 456
230 457
230 458
230 459
230 460
230 461
230 462
230 463
230 464
230 466
230 467
230 468
230 469
230 470
230 471
230 472
230 474
230 475
230 476
230 478
230 482
230 483
230 484
230 485
230 486
230 487
230 488
230 490
230 491
230 492
230 494
230 498
230 499
230 500
230 502
231 232
231 233
231 234
231 235
231 236
231 237
231 238
231 239
231 240
231 241
231 242
231 243
231 244
231 245
231 246
231 247
231 248
231 249
231 250
231 251
231 252
231 253
231 254
231 255
231 295
231 307
231 308
231 311
231 313
231 314
231 315
231 316
231 319
231 327
231 331
231 333
231 334
231 335
231 339
231 340
231 343
231 345
231 346
231 347
231 348
231 351
231 355
231 356
231 357
231 358
231 359
231 360
231 361
231 362
231 363
231 364
231 365
231 366
231 367
231 369
231 370
231 371
231 372
231 373
231 374
231 375
231 376
231 377
231 378
231 379
231 380
231 381
231 382
231 383
231 391
231 395
231 397
231 398
231 399
231 403
231 404
231 405
231 406
231 407
231 409
231 410
231 411
231 412
231 413
231 414
231 415
231 419
231 420
231 421
231 422
231 423
231 424
231 427
231 428
231 429
231 430
231 431
231 435
231 436
231 439
231 441
231 442
231 443
231 444
231 447
231 451
231 452
231 453
231 454
231 455
231 456
231 457
231 458
231 459
231 460
231 461
231 462
231 463
231 464
231 467
231 468
231 469
231 470
231 471
231 472
231 473
231 474
231 475
231 476
231 477
231 478
231 479
231 483
231 484
231 485
231 486
231 487
231 488
231 491
231 492
231 493
231 494
231 495
231 499
231 500
231 503
232 234
232 235
232 236
232 237
232 238
232 239
232 240
232 242
232 243
232 244
232 246
232 247
232 248
232 250
232 251
232 252
232 253
232 254
232 255
232 256
232 296
232 308
232 312
232 314
232 316
232 320
232 328
232 332
232 334
232 335
232 336
232 340
232 344
232 346
232 348
232 352
232 356
232 358
232 359
232 360
232 362
232 364
232 366
232 367
232 368
232 370
232 371
232 372
232 374
232 375
232 376
232 378
232 380
232 382
232 383
232 384
232 392
232 396
232 398
232 399
232 400
232 404
232 406
232 407
232 408
232 410
232 411
232 412
232 413
232 414
232 415
232 416
232 420
232 422
232 423
232 424
232 428
232 430
232 431
232 432
232 436
232 440
232 442
232 444
232 448
232 452
232 454
232 455
232 456
232 458
232 459
232 460
232 461
232 462
232 463
232 464
232 468
232 470
232 471
232 472
232 474
232 475
232 476
232 477
232 478
232 479
232 480
232 484
232 486
232 487
232 488
232 492
232 494
232 495
232 496
232 500
232 504
233 234
233 235
233 236
233 237
233 238
233 239
233 241
233 242
233 243
233 244
233 245
233 246
233 247
233 249
233 250
233 251
233 253
233 297
233 305
233 309
233 313
233 315
233 317
233 329
233 337
233 338
233 339
233 341
233 345
233 347
233 349
233 353
233 354
233 355
233 357
233 361
233 362
233 363
233 365
233 369
233 370
233 371
233 373
233 374
233 375
233 377
233 378
233 379
233 381
233 393
233 401
233 402
233 403
233 405
233 409
233 417
233 418
233 419
233 420
233 421
233 422
233 423
233 425
233 426
233 427
233 429
233 433
233 434
233 435
233 437
233 441
233 443
233 445
233 449
233 450
233 451
233 452
233 453
233 454
233 455
233 457
233 458
233 459
233 461
233 465
233 466
233 467
233 468
233 469
233 470
233 471
233 473
233 474
233 475
233 477
233 481
233 482
233 483
233 484
233 485
233 486
233 487
233 489
233 490
233 491
233 493
233 497
233 498
233 499
233 501
233 505
234 235
234 236
234 237
234 238
234 239
234 240
234 241
234 242
234 243
234 244
234 245
234 246
234 247
234 248
234 249
234 250
234 251
234 252
234 253
234 254
234 298
234 306
234 309
234 310
234 313
234 314
234 315
234 316
234 317
234 318
234 330
234 338
234 339
234 340
234 341
234 342
234 345
234 346
234 347
234 348
234 349
234 350
234 354
234 355
234 356
234 357
234 358
234 361
234 362
234 363
234 364
234 365
234 366
234 369
234 370
234 371
234 372
234 373
234 374
234 375
234 376
234 377
234 378
234 379
234 380
234 381
234 382
234 394
234 402
234 403
234 404
234 405
234 406
234 410
234 418
234 419
234 420
234 421
234 422
234 423
234 424
234 425
234 426
234 427
234 428
234 429
234 430
234 434
234 435
234 436
234 437
234 438
234 441
234 442
234 443
234 444
234 445
234 446
234 450
234 451
234 452
234 453
234 454
234 455
234 456
234 457
234 458
234 459
234 460
234 461
234 462
234 465
234 466
234 467
234 468
234 469
234 470
234 471
234 472
234 473
234 474
234 475
234 476
234 477
234 478
234 482
234 483
234 484
234 485
234 486
234 487
234 488
234 489
234 490
234 491
234 492
234 493
234 494
234 498
234 499
234 500
234 501
234 502
234 506
235 236
235 237
235 238
235 239
235 240
235 241
235 242
235 243
235 244
235 245
235 246
235 247
235 248
235 249
235 250
235 251
235 252
235 253
235 254
235 255
235 299
235 307
235 309
235 310
235 311
235 313
235 314
235 315
235 316
235 317
235 318
235 319
235 331
235 339
235 341
235 342
235 343
235 345
235 346
235 347
235 348
235 349
235 350
235 351
235 355
235 357
235 358
235 359
235 361
235 362
235 363
235 364
235 365
235 366
235 367
235 369
235 370
235 371
235 372
235 373
235 374
235 375
235 376
235 377
235 378
235 379
235 380
235 381
235 382
235 383
235 395
235 403
235 405
235 406
235 407
235 411
235 419
235 421
235 422
235 423
235 425
235 426
235 427
235 428
235 429
235 430
235 431
235 435
235 437
235 438
235 439
235 441
235 442
235 443
235 444
235 445
235 446
235 447
235 451
235 453
235 454
235 455
235 457
235 458
235 459
235 460
235 461
235 462
235 463
235 465
235 466
235 467
235 468
235 469
235 470
235 471
235 472
235 473
235 474
235 475
235 476
235 477
235 478
235 479
235 483
235 485
235 486
235 487
235 489
235 490
235 491
235 492
235 493
235 494
235 495
235 499
235 501
235 502
235 503
235 507
236 237
236 238
236 239
236 240
236 242
236 243
236 244
236 245
236 246
236 247
236 248
236 250
236 251
236 252
236 253
236 254
236 255
236 256
236 300
236 308
236 310
236 312
236 314
236 315
236 316
236 318
236 320
236 332
236 340
236 342
236 343
236 344
236 346
236 347
236 348
236 350
236 352
236 356
236 358
236 359
236 360
236 362
236 363
236 364
236 366
236 367
236 368
236 370
236 371
236 372
236 373
236 374
236 375
236 376
236 378
236 379
236 380
236 382
236 383
236 384
236 396
236 404
236 406
236 407
236 408
236 412
236 420
236 422
236 423
236 424
236 426
236 427
236 428
236 429
236 430
236 431
236 432
236 436
236 438
236 439
236 440
236 442
236 443
236 444
236 446
236 448
236 452
236 454
236 455
236 456
236 458
236 459
236 460
236 461
236 462
236 463
236 464
236 466
236 467
236 468
236 469
236 470
236 471
236 472
236 474
236 475
236 476
236 477
236 478
236 479
236 480
236 484
236 486
236 487
236 488
236 490
236 491
236 492
236 493
236 494
236 495
236 496
236 500
236 502
236 503
236 504
236 508
237 238
237 239
237 240
237 241
237 242
237 243
237 244
237 245
237 246
237 247
237 248
237 249
237 250
237 251
237 252
237 253
237 254
237 255
237 301
237 309
237 311
237 313
237 315
237 316
237 317
237 319
237 333
237 341
237 343
237 345
237 346
237 347
237 348
237 349
237 351
237 357
237 359
237 361
237 362
237 363
237 364
237 365
237 366
237 367
237 369
237 370
237 371
237 372
237 373
237 374
237 375
237 376
237 377
237 378
237 379
237 380
237 381
237 382
237 383
237 397
237 405
237 407
237 409
237 410
237 411
237 413
237 421
237 423
237 425
237 426
237 427
237 429
237 430
237 431
237 433
237 434
237 435
237 436
237 437
237 438
237 439
237 441
237 442
237 443
237 444
237 445
237 447
237 453
237 455
237 457
237 458
237 459
237 461
237 462
237 463
237 465
237 466
237 467
237 468
237 469
237 470
237 471
237 473
237 474
237 475
237 476
237 477
237 478
237 479
237 485
237 487
237 489
237 490
237 491
237 493
237 494
237 495
237 497
237 498
237 499
237 500
237 501
237 502
237 503
237 505
237 506
237 507
237 509
238 239
238 240
238 242
238 243
238 244
238 245
238 246
238 247
238 248
238 249
238 250
238 251
238 252
238 253
238 254
238 255
238 256
238 302
238 310
238 311
238 312
238 314
238 315
238 316
238 318
238 319
238 320
238 334
238 342
238 343
238 344
238 346
238 347
238 348
238 350
238 351
238 352
238 358
238 359
238 360
238 362
238 363
238 364
238 365
238 366
238 367
238 368
238 370
238 371
238 372
238 373
238 374
238 375
238 376
238 378
238 379
238 380
238 381
238 382
238 383
238 384
238 398
238 406
238 407
238 408
238 410
238 411
238 412
238 414
238 422
238 423
238 424
238 426
238 427
238 428
238 429
238 430
238 431
238 432
238 434
238 435
238 436
238 437
238 438
238 439
238 440
238 442
238 443
238 444
238 446
238 447
238 448
238 454
238 455
238 456
238 458
238 459
238 460
238 461
238 462
238 463
238 464
238 466
238 467
238 468
238 469
238 470
238 471
238 472
238 473
238 474
238 475
238 476
238 477
238 478
238 479
238 480
238 486
238 487
238 488
238 490
238 491
238 492
238 493
238 494
238 495
238 496
238 498
238 499
238 500
238 501
238 502
238 503
238 504
238 506
238 507
238 508
238 510
239 240
239 243
239 244
239 245
239 246
239 247
239 248
239 249
239 250
239 251
239 252
239 253
239 254
239 255
239 256
239 303
239 311
239 312
239 315
239 316
239 319
239 320
239 335
239 343
239 344
239 347
239 348
239 349
239 350
239 351
239 352
239 359
239 360
239 363
239 364
239 365
239 366
239 367
239 368
239 371
239 372
239 373
239 374
239 375
239 376
239 379
239 380
239 381
239 382
239 383
239 384
239 399
239 407
239 408
239 411
239 413
239 414
239 415
239 423
239 424
239 427
239 428
239 429
239 430
239 431
239 432
239 435
239 437
239 438
239 439
239 440
239 441
239 442
239 443
239 444
239 445
239 446
239 447
239 448
239 455
239 456
239 459
239 460
239 461
239 462
239 463
239 464
239 467
239 468
239 469
239 470
239 471
239 472
239 473
239 474
239 475
239 476
239 477
239 478
239 479
239 480
239 487
239 488
239 491
239 492
239 493
239 494
239 495
239 496
239 499
239 501
239 502
239 503
239 504
239 505
239 506
239 507
239 508
239 509
239 510
239 511
240 244
240 246
240 247
240 248
240 250
240 251
240 252
240 253
240 254
240 255
240 256
240 304
240 312
240 316
240 320
240 336
240 344
240 348
240 350
240 351
240 352
240 360
240 364
240 366
240 367
240 368
240 372
240 374
240 375
240 376
240 380
240 382
240 383
240 384
240 400
240 408
240 412
240 414
240 415
240 416
240 424
240 428
240 430
240 431
240 432
240 436
240 438
240 439
240 440
240 442
240 443
240 444
240 445
240 446
240 447
240 448
240 456
240 460
240 462
240 463
240 464
240 468
240 470
240 471
240 472
240 474
240 475
240 476
240 477
240 478
240 479
240 480
240 488
240 492
240 494
240 495
240 496
240 500
240 502
240 503
240 504
240 506
240 507
240 508
240 509
240 510
240 511
240 512
241 242
241 243
241 244
241 245
241 246
241 247
241 249
241 250
241 251
241 253
241 305
241 313
241 317
241 337
241 345
241 349
241 353
241 354
241 355
241 357
241 361
241 365
241 369
241 370
241 371
241 373
241 377
241 378
241 379
241 381
241 401
241 409
241 417
241 418
241 419
241 421
241 425
241 433
241 434
241 435
241 437
241 441
241 445
241 449
241 450
241 451
241 452
241 453
241 454
241 455
241 457
241 458
241 459
241 461
241 465
241 466
241 467
241 469
241 473
241 481
241 482
241 483
241 484
241 485
241 486
241 487
241 489
241 490
241 491
241 493
241 497
241 498
241 499
241 501
241 505
242 243
242 244
242 245
242 246
242 247
242 248
242 249
242 250
242 251
242 252
242 253
242 254
242 306
242 313
242 314
242 317
242 318
242 338
242 345
242 346
242 349
242 350
242 354
242 355
242 356
242 358
242 361
242 362
242 365
242 366
242 369
242 370
242 371
242 372
242 373
242 374
242 377
242 378
242 379
242 380
242 381
242 382
242 402
242 409
242 410
242 418
242 419
242 420
242 422
242 425
242 426
242 433
242 434
242 435
242 436
242 437
242 438
242 441
242 442
242 445
242 446
242 450
242 451
242 452
242 453
242 454
242 455
242 456
242 457
242 458
242 459
242 460
242 462
242 465
242 466
242 467
242 468
242 469
242 470
242 473
242 474
242 481
242 482
242 483
242 484
242 485
242 486
242 487
242 488
242 489
242 490
242 491
242 492
242 493
242 494
242 497
242 498
242 499
242 500
242 501
242 502
242 505
242 506
243 244
243 245
243 246
243 247
243 248
243 249
243 250
243 251
243 252
243 253
243 254
243 255
243 307
243 313
243 314
243 315
243 317
243 318
243 319
243 339
243 345
243 346
243 347
243 349
243 350
243 351
243 355
243 357
243 358
243 359
243 361
243 362
243 363
243 365
243 366
243 367
243 369
243 370
243 371
243 372
243 373
243 374
243 375
243 377
243 378
243 379
243 380
243 381
243 382
243 383
243 403
243 409
243 410
243 411
243 419
243 421
243 422
243 423
243 425
243 426
243 427
243 433
243 434
243 435
243 436
243 437
243 438
243 439
243 441
243 442
243 443
243 445
243 446
243 447
243 451
243 453
243 454
243 455
243 457
243 458
243 459
243 460
243 461
243 462
243 463
243 465
243 466
243 467
243 468
243 469
243 470
243 471
243 473
243 474
243 475
243 481
243 482
243 483
243 484
243 485
243 486
243 487
243 488
243 489
243 490
243 491
243 492
243 493
243 494
243 495
243 497
243 498
243 499
243 500
243 501
243 502
243 503
243 505
243 506
243 507
244 245
244 246
244 247
244 248
244 249
244 250
244 251
244 252
244 253
244 254
244 255
244 256
244 308
244 314
244 316
244 317
244 318
244 320
244 340
244 346
244 348
244 349
244 350
244 352
244 356
244 358
244 359
244 360
244 362
244 364
244 365
244 366
244 368
244 370
244 371
244 372
244 373
244 374
244 375
244 376
244 377
244 378
244 379
244 380
244 381
244 382
244 383
244 384
244 404
244 410
244 412
244 420
244 422
244 423
244 424
244 426
244 428
244 434
244 435
244 436
244 438
244 439
244 440
244 442
244 444
244 445
244 446
244 448
244 452
244 454
244 455
244 456
244 458
244 459
244 460
244 461
244 462
244 463
244 464
244 466
244 467
244 468
244 470
244 471
244 472
244 474
244 476
244 482
244 483
244 484
244 485
244 486
244 487
244 488
244 490
244 491
244 492
244 493
244 494
244 495
244 496
244 498
244 499
244 500
244 502
244 503
244 504
244 506
244 508
245 246
245 247
245 248
245 249
245 250
245 251
245 252
245 253
245 254
245 255
245 309
245 313
245 315
245 317
245 318
245 319
245 341
245 345
245 347
245 349
245 350
245 351
245 357
245 361
245 362
245 363
245 365
245 366
245 367
245 369
245 370
245 371
245 373
245 374
245 375
245 377
245 378
245 379
245 380
245 381
245 382
245 383
245 405
245 409
245 411
245 413
245 421
245 425
245 426
245 427
245 429
245 433
245 434
245 435
245 437
245 438
245 439
245 441
245 442
245 443
245 445
245 446
245 447
245 453
245 457
245 458
245 459
245 461
245 465
245 466
245 467
245 468
245 469
245 470
245 471
245 473
245 474
245 475
245 477
245 481
245 482
245 483
245 484
245 485
245 486
245 487
245 489
245 490
245 491
245 492
245 493
245 494
245 495
245 497
245 498
245 499
245 500
245 501
245 502
245 503
245 505
245 506
245 507
245 509
246 247
246 248
246 249
246 250
246 251
246 252
246 253
246 254
246 255
246 256
246 310
246 314
246 315
246 316
246 317
246 318
246 319
246 320
246 342
246 346
246 347
246 348
246 349
246 350
246 351
246 352
246 358
246 362
246 363
246 364
246 365
246 366
246 367
246 368
246 370
246 371
246 372
246 373
246 374
246 375
246 376
246 377
246 378
246 379
246 380
246 381
246 382
246 383
246 384
246 406
246 410
246 411
246 412
246 414
246 422
246 426
246 427
246 428
246 430
246 434
246 435
246 436
246 437
246 438
246 439
246 440
246 442
246 443
246 444
246 445
246 446
246 447
246 448
246 454
246 458
246 459
246 460
246 462
246 466
246 467
246 468
246 469
246 470
246 471
246 472
246 474
246 475
246 476
246 478
246 482
246 483
246 484
246 485
246 486
246 487
246 488
246 489
246 490
246 491
246 492
246 493
246 494
246 495
246 496
246 498
246 499
246 500
246 501
246 502
246 503
246 504
246 506
246 507
246 508
246 510
247 248
247 249
247 250
247 251
247 252
247 253
247 254
247 255
247 256
247 311
247 315
247 316
247 317
247 318
247 319
247 320
247 343
247 347
247 348
247 349
247 350
247 351
247 352
247 359
247 363
247 364
247 365
247 366
247 367
247 368
247 371
247 372
247 373
247 374
247 375
247 376
247 377
247 378
247 379
247 380
247 381
247 382
247 383
247 384
247 407
247 411
247 412
247 415
247 423
247 427
247 428
247 429
247 430
247 431
247 435
247 436
247 437
247 438
247 439
247 440
247 443
247 444
247 445
247 446
247 447
247 448
247 455
247 459
247 460
247 461
247 462
247 463
247 467
247 468
247 469
247 470
247 471
247 472
247 473
247 474
247 475
247 476
247 477
247 478
247 479
247 483
247 484
247 485
247 486
247 487
247 488
247 489
247 490
247 491
247 492
247 493
247 494
247 495
247 496
247 499
247 500
247 501
247 502
247 503
247 504
247 505
247 506
247 507
247 508
247 509
247 510
247 511
248 250
248 251
248 252
248 253
248 254
248 255
248 256
248 312
248 316
248 318
248 320
248 344
248 348
248 350
248 352
248 360
248 364
248 366
248 367
248 368
248 372
248 374
248 375
248 376
248 378
248 379
248 380
248 382
248 383
248 384
248 408
248 412
248 416
248 424
248 428
248 430
248 431
248 432
248 436
248 438
248 439
248 440
248 444
248 446
248 447
248 448
248 456
248 460
248 462
248 463
248 464
248 468
248 470
248 471
248 472
248 474
248 475
248 476
248 477
248 478
248 479
248 480
248 484
248 486
248 487
248 488
248 490
248 491
248 492
248 493
248 494
248 495
248 496
248 500
248 502
248 503
248 504
248 506
248 507
248 508
248 509
248 510
248 511
248 512
249 250
249 251
249 252
249 253
249 254
249 255
249 313
249 317
249 319
249 345
249 349
249 351
249 361
249 365
249 367
249 369
249 370
249 371
249 373
249 375
249 377
249 378
249 379
249 381
249 382
249 383
249 409
249 413
249 425
249 429
249 433
249 434
249 435
249 437
249 441
249 442
249 443
249 445
249 447
249 457
249 461
249 465
249 466
249 467
249 469
249 473
249 474
249 475
249 477
249 481
249 482
249 483
249 484
249 485
249 486
249 487
249 489
249 490
249 491
249 493
249 497
249 498
249 499
249 500
249 501
249 502
249 503
249 505
249 506
249 507
249 509
250 251
250 252
250 253
250 254
250 255
250 256
250 314
250 317
250 318
250 319
250 320
250 346
250 349
250 350
250 351
250 352
250 362
250 365
250 366
250 367
250 368
250 370
250 371
250 372
250 373
250 374
250 375
250 376
250 377
250 378
250 379
250 380
250 381
250 382
250 383
250 384
250 410
250 413
250 414
250 426
250 429
250 430
250 434
250 435
250 436
250 437
250 438
250 441
250 442
250 443
250 444
250 445
250 446
250 447
250 448
250 458
250 461
250 462
250 466
250 467
250 468
250 469
250 470
250 473
250 474
250 475
250 476
250 477
250 478
250 482
250 483
250 484
250 485
250 486
250 487
250 488
250 489
250 490
250 491
250 492
250 493
250 494
250 497
250 498
250 499
250 500
250 501
250 502
250 503
250 504
250 505
250 506
250 507
250 508
250 509
250 510
251 252
251 253
251 254
251 255
251 256
251 315
251 317
251 318
251 319
251 320
251 347
251 349
251 350
251 351
251 352
251 363
251 365
251 366
251 367
251 368
251 371
251 373
251 374
251 375
251 376
251 377
251 378
251 379
251 380
251 381
251 382
251 383
251 384
251 411
251 413
251 414
251 415
251 427
251 429
251 430
251 431
251 435
251 437
251 438
251 439
251 441
251 442
251 443
251 444
251 445
251 446
251 447
251 448
251 459
251 461
251 462
251 463
251 467
251 469
251 470
251 471
251 473
251 474
251 475
251 476
251 477
251 478
251 479
251 483
251 485
251 486
251 487
251 489
251 490
251 491
251 492
251 493
251 494
251 495
251 497
251 498
251 499
251 500
251 501
251 502
251 503
251 504
251 505
251 506
251 507
251 508
251 509
251 510
251 511
252 253
252 254
252 255
252 256
252 316
252 318
252 319
252 320
252 348
252 350
252 351
252 352
252 364
252 366
252 367
252 368
252 372
252 374
252 375
252 376
252 378
252 379
252 380
252 381
252 382
252 383
252 384
252 412
252 414
252 416
252 428
252 430
252 432
252 436
252 438
252 439
252 440
252 442
252 443
252 444
252 446
252 447
252 448
252 460
252 462
252 464
252 468
252 470
252 471
252 472
252 474
252 475
252 476
252 478
252 479
252 480
252 484
252 486
252 487
252 488
252 490
252 491
252 492
252 493
252 494
252 495
252 496
252 498
252 499
252 500
252 501
252 502
252 503
252 504
252 506
252 507
252 508
252 509
252 510
252 511
252 512
253 254
253 255
253 256
253 317
253 319
253 320
253 349
253 351
253 352
253 365
253 367
253 368
253 373
253 375
253 376
253 377
253 378
253 379
253 380
253 381
253 382
253 383
253 384
253 413
253 415
253 429
253 431
253 437
253 439
253 441
253 442
253 443
253 445
253 446
253 447
253 448
253 461
253 463
253 469
253 471
253 473
253 474
253 475
253 477
253 478
253 479
253 485
253 487
253 489
253 490
253 491
253 493
253 494
253 495
253 497
253 498
253 499
253 500
253 501
253 502
253 503
253 505
253 506
253 507
253 508
253 509
253 510
253 511
254 255
254 256
254 318
254 319
254 320
254 350
254 351
254 352
254 366
254 367
254 368
254 374
254 375
254 376
254 378
254 379
254 380
254 381
254 382
254 383
254 384
254 414
254 415
254 416
254 430
254 431
254 432
254 438
254 439
254 440
254 442
254 443
254 444
254 445
254 446
254 447
254 448
254 462
254 463
254 464
254 470
254 471
254 472
254 474
254 475
254 476
254 477
254 478
254 479
254 480
254 486
254 487
254 488
254 490
254 491
254 492
254 493
254 494
254 495
254 496
254 498
254 499
254 500
254 501
254 502
254 503
254 504
254 505
254 506
254 507
254 508
254 509
254 510
254 511
254 512
255 256
255 319
255 320
255 351
255 352
255 367
255 368
255 375
255 376
255 379
255 380
255 381
255 382
255 383
255 384
255 415
255 416
255 431
255 432
255 439
255 440
255 443
255 444
255 445
255 446
255 447
255 448
255 463
255 464
255 471
255 472
255 475
255 476
255 477
255 478
255 479
255 480
255 487
255 488
255 491
255 492
255 493
255 494
255 495
255 496
255 499
255 500
255 501
255 502
255 503
255 504
255 505
255 506
255 507
255 508
255 509
255 510
255 511
255 512
256 320
256 352
256 368
256 376
256 380
256 382
256 383
256 384
256 416
256 432
256 440
256 444
256 446
256 447
256 448
256 464
256 472
256 476
256 478
256 479
256 480
256 488
256 492
256 494
256 495
256 496
256 500
256 502
256 503
256 504
256 506
256 507
256 508
256 509
256 510
256 511
256 512
257 258
257 259
257 260
257 261
257 262
257 263
257 265
257 266
257 267
257 269
257 273
257 274
257 275
257 277
257 281
257 289
257 290
257 291
257 293
257 297
257 305
257 321
257 322
257 323
257 325
257 329
257 337
257 353
257 385
257 386
257 387
257 389
257 393
257 401
257 417
257 449
258 259
258 260
258 261
258 262
258 263
258 264
258 265
258 266
258 267
258 268
258 269
258 270
258 273
258 274
258 275
258 276
258 277
258 278
258 281
258 282
258 289
258 290
258 291
258 292
258 293
258 294
258 297
258 298
258 305
258 306
258 321
258 322
258 323
258 324
258 325
258 326
258 329
258 330
258 337
258 338
258 353
258 354
258 385
258 386
258 387
258 388
258 389
258 390
258 393
258 394
258 401
258 402
258 417
258 418
258 449
258 450
259 260
259 261
259 262
259 263
259 264
259 265
259 266
259 267
259 268
259 269
259 270
259 271
259 273
259 274
259 275
259 276
259 277
259 278
259 279
259 281
259 282
259 283
259 289
259 290
259 291
259 292
259 293
259 294
259 295
259 297
259 298
259 299
259 305
259 306
259 307
259 321
259 322
259 323
259 324
259 325
259 326
259 327
259 329
259 330
259 331
259 337
259 338
259 339
259 353
259 354
259 355
259 385
259 386
259 387
259 388
259 389
259 390
259 391
259 393
259 394
259 395
259 401
259 402
259 403
259 417
259 418
259 419
259 449
259 450
259 451
260 261
260 262
260 263
260 264
260 265
260 266
260 267
260 268
260 269
260 270
260 271
260 272
260 273
260 274
260 275
260 276
260 277
260 278
260 279
260 280
260 281
260 282
260 284
260 289
260 290
260 291
260 292
260 293
260 294
260 295
260 296
260 297
260 298
260 300
260 305
260 306
260 308
260 321
260 322
260 323
260 324
260 325
260 326
260 327
260 328
260 329
260 330
260 332
260 337
260 338
260 340
260 353
260 354
260 356
260 385
260 386
260 387
260 388
260 389
260 390
260 391
260 392
260 393
260 394
260 396
260 401
260 402
260 404
260 417
260 418
260 420
260 449
260 450
260 452
261 262
261 263
261 264
261 265
261 266
261 267
261 268
261 269
261 270
261 271
261 273
261 274
261 275
261 276
261 277
261 278
261 279
261 281
261 282
261 283
261 285
261 289
261 290
261 291
261 292
261 293
261 294
261 295
261 297
261 298
261 299
261 301
261 305
261 306
261 307
261 309
261 321
261 322
261 323
261 324
261 325
261 326
261 327
261 329
261 330
261 331
261 333
261 337
261 338
261 339
261 341
261 353
261 354
261 355
261 357
261 385
261 386
261 387
261 388
261 389
261 390
261 391
261 393
261 394
261 395
261 397
261 401
261 402
261 403
261 405
261 417
261 418
261 419
261 421
261 449
261 450
261 451
261 453
262 263
262 264
262 265
262 266
262 267
262 268
262 269
262 270
262 271
262 272
262 273
262 274
262 275
262 276
262 277
262 278
262 279
262 280
262 281
262 282
262 283
262 284
262 286
262 289
262 290
262 291
262 292
262 293
262 294
262 295
262 296
262 297
262 298
262 299
262 300
262 302
262 305
262 306
262 307
262 308
262 310
262 321
262 322
262 323
262 324
262 325
262 326
262 327
262 328
262 329
262 330
262 331
262 332
262 334
262 337
262 338
262 339
262 340
262 342
262 353
262 354
262 355
262 356
262 358
262 385
262 386
262 387
262 388
262 389
262 390
262 391
262 392
262 393
262 394
262 395
262 396
262 398
262 401
262 402
262 403
262 404
262 406
262 417
262 418
262 419
262 420
262 422
262 449
262 450
262 451
262 452
262 454
263 264
263 265
263 266
263 267
263 268
263 269
263 270
263 271
263 272
263 273
263 274
263 275
263 276
263 277
263 278
263 279
263 280
263 281
263 282
263 283
263 284
263 285
263 286
263 287
263 289
263 290
263 291
263 292
263 293
263 294
263 295
263 296
263 297
263 298
263 299
263 300
263 301
263 302
263 303
263 305
263 306
263 307
263 308
263 311
263 321
263 322
263 323
263 324
263 325
263 326
263 327
263 328
263 329
263 330
263 331
263 332
263 333
263 334
263 335
263 337
263 338
263 339
263 340
263 343
263 353
263 354
263 355
263 356
263 359
263 385
263 386
263 387
263 388
263 389
263 390
263 391
263 392
263 393
263 394
263 395
263 396
263 397
263 398
263 399
263 401
263 402
263 403
263 404
263 407
263 417
263 418
263 419
263 420
263 423
263 449
263 450
263 451
263 452
263 455
264 266
264 267
264 268
264 269
264 270
264 271
264 272
264 274
264 275
264 276
264 278
264 279
264 280
264 282
264 283
264 284
264 285
264 286
264 287
264 288
264 290
264 291
264 292
264 294
264 295
264 296
264 298
264 300
264 302
264 303
264 304
264 306
264 308
264 312
264 322
264 323
264 324
264 326
264 327
264 328
264 330
264 332
264 334
264 335
264 336
264 338
264 340
264 344
264 354
264 356
264 360
264 386
264 387
264 388
264 390
264 391
264 392
264 394
264 396
264 398
264 399
264 400
264 402
264 404
264 408
264 418
264 420
264 424
264 450
264 452
264 456
265 266
265 267
265 268
265 269
265 270
265 271
265 273
265 274
265 275
265 276
265 277
265 278
265 279
265 281
265 282
265 283
265 285
265 289
265 290
265 291
265 292
265 293
265 294
265 295
265 297
265 298
265 299
265 301
265 305
265 306
265 307
265 309
265 313
265 321
265 322
265 323
265 325
265 326
265 327
265 329
265 330
265 331
265 333
265 337
265 338
265 339
265 341
265 345
265 353
265 355
265 357
265 361
265 385
265 386
265 387
265 389
265 390
265 391
265 393
265 394
265 395
265 397
265 401
265 402
265 403
265 405
265 409
265 417
265 419
265 421
265 425
265 449
265 451
265 453
265 457
266 267
266 268
266 269
266 270
266 271
266 272
266 273
266 274
266 275
266 276
266 277
266 278
266 279
266 280
266 281
266 282
266 283
266 284
266 285
266 286
266 289
266 290
266 291
266 292
266 293
266 294
266 295
266 296
266 297
266 298
266 299
266 300
266 301
266 302
266 305
266 306
266 307
266 308
266 309
266 310
266 314
266 321
266 322
266 323
266 324
266 325
266 326
266 327
266 328
266 329
266 330
266 331
266 332
266 333
266 334
266 337
266 338
266 339
266 340
266 341
266 342
266 346
266 353
266 354
266 355
266 356
266 357
266 358
266 362
266 385
266 386
266 387
266 388
266 389
266 390
266 391
266 392
266 393
266 394
266 395
266 396
266 397
266 398
266 401
266 402
266 403
266 404
266 405
266 406
266 410
266 417
266 418
266 419
266 420
266 421
266 422
266 426
266 449
266 450
266 451
266 452
266 453
266 454
266 458
267 268
267 269
267 270
267 271
267 272
267 273
267 274
267 275
267 276
267 277
267 278
267 279
267 280
267 281
267 282
267 283
267 284
267 285
267 286
267 287
267 289
267 290
267 291
267 292
267 293
267 294
267 295
267 296
267 297
267 298
267 299
267 300
267 301
267 302
267 303
267 305
267 306
267 307
267 308
267 309
267 310
267 311
267 315
267 321
267 322
267 323
267 324
267 325
267 326
267 327
267 328
267 329
267 330
267 331
267 332
267 333
267 334
267 335
267 337
267 338
267 339
267 340
267 341
267 342
267 343
267 347
267 353
267 354
267 355
267 356
267 357
267 358
267 359
267 363
267 385
267 386
267 387
267 388
267 389
267 390
267 391
267 392
267 393
267 394
267 395
267 396
267 397
267 398
267 399
267 401
267 402
267 403
267 404
267 405
267 406
267 407
267 411
267 417
267 418
267 419
267 420
267 421
267 422
267 423
267 427
267 449
267 450
267 451
267 452
267 453
267 454
267 455
267 459
268 269
268 270
268 271
268 272
268 274
268 275
268 276
268 277
268 278
268 279
268 280
268 282
268 283
268 284
268 285
268 286
268 287
268 288
268 290
268 291
268 292
268 293
268 294
268 295
268 296
268 298
268 299
268 300
268 301
268 302
268 303
268 304
268 306
268 307
268 308
268 310
268 311
268 312
268 316
268 322
268 323
268 324
268 325
268 326
268 327
268 328
268 330
268 331
268 332
268 334
268 335
268 336
268 338
268 339
268 340
268 342
268 343
268 344
268 348
268 354
268 355
268 356
268 358
268 360
268 364
268 386
268 387
268 388
268 389
268 390
268 391
268 392
268 394
268 395
268 396
268 398
268 399
268 400
268 402
268 403
268 404
268 406
268 407
268 408
268 412
268 418
268 419
268 420
268 422
268 424
268 428
268 450
268 451
268 452
268 454
268 456
268 460
269 270
269 271
269 272
269 273
269 274
269 275
269 276
269 277
269 278
269 279
269 280
269 281
269 282
269 283
269 284
269 285
269 286
269 287
269 289
269 290
269 291
269 292
269 293
269 294
269 295
269 296
269 297
269 298
269 299
269 300
269 301
269 302
269 303
269 305
269 306
269 307
269 308
269 309
269 310
269 311
269 313
269 314
269 315
269 317
269 321
269 322
269 323
269 324
269 325
269 326
269 327
269 328
269 329
269 330
269 331
269 332
269 333
269 334
269 335
269 337
269 339
269 340
269 341
269 343
269 345
269 346
269 347
269 349
269 353
269 355
269 356
269 357
269 359
269 365
269 385
269 386
269 387
269 388
269 389
269 390
269 391
269 392
269 393
269 394
269 395
269 396
269 397
269 398
269 399
269 401
269 403
269 404
269 405
269 407
269 409
269 410
269 411
269 413
269 417
269 419
269 420
269 421
269 423
269 429
269 449
269 451
269 452
269 453
269 455
269 461
270 271
270 272
270 274
270 275
270 276
270 277
270 278
270 279
270 280
270 281
270 282
270 283
270 284
270 285
270 286
270 287
270 288
270 290
270 291
270 292
270 293
270 294
270 295
270 296
270 298
270 299
270 300
270 301
270 302
270 303
270 304
270 306
270 307
270 308
270 309
270 310
270 311
270 312
270 314
270 315
270 316
270 318
270 322
270 323
270 324
270 325
270 326
270 327
270 328
270 330
270 331
270 332
270 333
270 334
270 335
270 336
270 338
270 339
270 340
270 342
270 343
270 344
270 346
270 347
270 348
270 350
270 354
270 355
270 356
270 358
270 359
270 360
270 366
270 386
270 387
270 388
270 389
270 390
270 391
270 392
270 394
270 395
270 396
270 397
270 398
270 399
270 400
270 402
270 403
270 404
270 406
270 407
270 408
270 410
270 411
270 412
270 414
270 418
270 419
270 420
270 422
270 423
270 424
270 430
270 450
270 451
270 452
270 454
270 455
270 456
270 462
271 272
271 275
271 276
271 277
271 278
271 279
271 280
271 281
271 282
271 283
271 284
271 285
271 286
271 287
271 288
271 291
271 292
271 293
271 294
271 295
271 296
271 299
271 300
271 301
271 302
271 303
271 304
271 307
271 308
271 309
271 310
271 311
271 312
271 313
271 314
271 315
271 316
271 317
271 318
271 319
271 323
271 324
271 325
271 326
271 327
271 328
271 331
271 332
271 333
271 334
271 335
271 336
271 339
271 340
271 343
271 344
271 347
271 349
271 350
271 351
271 355
271 356
271 359
271 360
271 367
271 387
271 388
271 389
271 390
271 391
271 392
271 395
271 396
271 397
271 398
271 399
271 400
271 403
271 404
271 407
271 408
271 411
271 413
271 414
271 415
271 419
271 420
271 423
271 424
271 431
271 451
271 452
271 455
271 456
271 463
272 276
272 278
272 279
272 280
272 282
272 283
272 284
272 285
272 286
272 287
272 288
272 292
272 294
272 295
272 296
272 300
272 302
272 303
272 304
272 308
272 310
272 311
272 312
272 314
272 315
272 316
272 317
272 318
272 319
272 320
272 324
272 326
272 327
272 328
272 332
272 334
272 335
272 336
272 340
272 344
272 348
272 350
272 351
272 352
272 356
272 360
272 368
272 388
272 390
272 391
272 392
272 396
272 398
272 399
272 400
272 404
272 408
272 412
272 414
272 415
272 416
272 420
272 424
272 432
272 452
272 456
272 464
273 274
273 275
273 276
273 277
273 278
273 279
273 281
273 282
273 283
273 285
273 289
273 290
273 291
273 292
273 293
273 294
273 295
273 297
273 298
273 299
273 301
273 305
273 306
273 307
273 309
273 313
273 321
273 322
273 323
273 324
273 325
273 326
273 327
273 329
273 330
273 331
273 333
273 337
273 338
273 339
273 341
273 345
273 353
273 354
273 355
273 357
273 361
273 369
273 385
273 386
273 387
273 389
273 393
273 394
273 395
273 397
273 401
273 402
273 403
273 405
273 409
273 417
273 418
273 419
273 421
273 425
273 433
273 449
273 453
273 457
273 465
274 275
274 276
274 277
274 278
274 279
274 280
274 281
274 282
274 283
274 284
274 285
274 286
274 289
274 290
274 291
274 292
274 293
274 294
274 295
274 296
274 297
274 298
274 299
274 300
274 301
274 302
274 305
274 306
274 307
274 308
274 309
274 310
274 313
274 314
274 321
274 322
274 323
274 324
274 325
274 326
274 327
274 328
274 329
274 330
274 331
274 332
274 333
274 334
274 337
274 338
274 339
274 340
274 341
274 342
274 345
274 346
274 353
274 354
274 355
274 356
274 357
274 358
274 361
274 362
274 370
274 385
274 386
274 387
274 388
274 389
274 390
274 393
274 394
274 395
274 396
274 397
274 398
274 401
274 402
274 403
274 404
274 405
274 406
274 409
274 410
274 417
274 418
274 419
274 420
274 421
274 422
274 425
274 426
274 434
274 449
274 450
274 453
274 454
274 457
274 458
274 466
275 276
275 277
275 278
275 279
275 280
275 281
275 282
275 283
275 284
275 285
275 286
275 287
275 289
275 290
275 291
275 292
275 293
275 294
275 295
275 296
275 297
275 298
275 299
275 300
275 301
275 302
275 303
275 305
275 306
275 307
275 308
275 309
275 310
275 311
275 313
275 314
275 315
275 321
275 322
275 323
275 324
275 325
275 326
275 327
275 329
275 330
275 331
275 332
275 333
275 334
275 335
275 337
275 338
275 339
275 340
275 341
275 342
275 343
275 345
275 346
275 347
275 353
275 354
275 355
275 357
275 358
275 359
275 361
275 362
275 363
275 371
275 385
275 386
275 387
275 388
275 389
275 390
275 391
275 393
275 394
275 395
275 396
275 397
275 398
275 399
275 401
275 402
275 403
275 404
275 405
275 406
275 407
275 409
275 410
275 411
275 417
275 418
275 419
275 421
275 422
275 423
275 425
275 426
275 427
275 435
275 449
275 450
275 451
275 453
275 454
275 455
275 457
275 458
275 459
275 467
276 277
276 278
276 279
276 280
276 281
276 282
276 283
276 284
276 285
276 286
276 287
276 288
276 290
276 291
276 292
276 293
276 294
276 295
276 296
276 297
276 298
276 299
276 300
276 301
276 302
276 303
276 304
276 306
276 307
276 308
276 309
276 310
276 311
276 312
276 314
276 316
276 322
276 323
276 324
276 325
276 326
276 327
276 328
276 329
276 330
276 331
276 332
276 333
276 334
276 335
276 336
276 338
276 339
276 340
276 341
276 342
276 343
276 344
276 346
276 348
276 354
276 356
276 357
276 358
276 359
276 360
276 362
276 364
276 372
276 386
276 387
276 388
276 389
276 390
276 391
276 392
276 393
276 394
276 395
276 396
276 397
276 398
276 399
276 400
276 402
276 403
276 404
276 405
276 406
276 407
276 408
276 410
276 412
276 418
276 420
276 421
276 422
276 423
276 424
276 426
276 428
276 436
276 450
276 452
276 453
276 454
276 456
276 458
276 460
276 468
277 278
277 279
277 280
277 281
277 282
277 283
277 284
277 285
277 286
277 287
277 289
277 290
277 291
277 292
277 293
277 294
277 295
277 297
277 298
277 299
277 300
277 301
277 302
277 303
277 305
277 306
277 307
277 308
277 309
277 310
277 311
277 313
277 314
277 315
277 317
277 321
277 322
277 323
277 325
277 326
277 327
277 329
277 330
277 331
277 332
277 333
277 334
277 335
277 337
277 338
277 339
277 340
277 341
277 342
277 343
277 345
277 346
277 347
277 349
277 353
277 355
277 357
277 358
277 359
277 361
277 362
277 363
277 365
277 373
277 385
277 386
277 387
277 389
277 390
277 391
277 393
277 394
277 395
277 396
277 397
277 398
277 399
277 401
277 402
277 403
277 405
277 406
277 407
277 409
277 410
277 411
277 413
277 417
277 419
277 421
277 422
277 423
277 425
277 426
277 427
277 429
277 437
277 449
277 451
277 453
277 454
277 455
277 457
277 459
277 461
277 469
278 279
278 280
278 281
278 282
278 283
278 284
278 285
278 286
278 287
278 288
278 290
278 291
278 292
278 293
278 294
278 295
278 296
278 297
278 298
278 299
278 300
278 301
278 302
278 303
278 304
278 306
278 307
278 308
278 309
278 310
278 311
278 312
278 314
278 315
278 316
278 318
278 322
278 323
278 324
278 325
278 326
278 327
278 328
278 329
278 330
278 331
278 332
278 333
278 334
278 335
278 336
278 338
278 339
278 340
278 341
278 342
278 343
278 344
278 346
278 347
278 348
278 350
278 354
278 355
278 356
278 357
278 358
278 359
278 360
278 362
278 363
278 364
278 366
278 374
278 386
278 387
278 388
278 389
278 390
278 391
278 392
278 393
278 394
278 395
278 396
278 397
278 398
278 399
278 400
278 402
278 403
278 404
278 405
278 406
278 407
278 408
278 410
278 411
278 412
278 414
278 418
278 419
278 420
278 421
278 422
278 423
278 424
278 426
278 427
278 428
278 430
278 438
278 450
278 451
278 452
278 453
278 454
278 455
278 456
278 458
278 459
278 460
278 462
278 470
279 280
279 281
279 282
279 283
279 284
279 285
279 286
279 287
279 288
279 291
279 292
279 293
279 294
279 295
279 296
279 297
279 298
279 299
279 300
279 301
279 302
279 303
279 304
279 307
279 308
279 309
279 310
279 311
279 312
279 313
279 314
279 315
279 316
279 317
279 318
279 319
279 323
279 324
279 325
279 326
279 327
279 328
279 329
279 330
279 331
279 332
279 333
279 334
279 335
279 336
279 339
279 340
279 341
279 342
279 343
279 344
279 345
279 346
279 347
279 348
279 349
279 350
279 351
279 355
279 356
279 357
279 358
279 359
279 360
279 363
279 364
279 365
279 366
279 367
279 375
279 387
279 388
279 389
279 390
279 391
279 392
279 393
279 394
279 395
279 396
279 397
279 398
279 399
279 400
279 403
279 404
279 405
279 406
279 407
279 408
279 411
279 412
279 413
279 414
279 415
279 419
279 420
279 421
279 422
279 423
279 424
279 427
279 428
279 429
279 430
279 431
279 439
279 451
279 452
279 453
279 454
279 455
279 456
279 459
279 460
279 463
279 471
280 282
280 283
280 284
280 285
280 286
280 287
280 288
280 292
280 294
280 295
280 296
280 298
280 299
280 300
280 301
280 302
280 303
280 304
280 308
280 310
280 311
280 312
280 314
280 315
280 316
280 317
280 318
280 319
280 320
280 324
280 326
280 327
280 328
280 330
280 331
280 332
280 334
280 335
280 336
280 340
280 342
280 343
280 344
280 346
280 347
280 348
280 349
280 350
280 351
280 352
280 356
280 358
280 360
280 364
280 366
280 367
280 368
280 376
280 388
280 390
280 391
280 392
280 394
280 395
280 396
280 398
280 399
280 400
280 404
280 406
280 407
280 408
280 412
280 414
280 415
280 416
280 420
280 422
280 424
280 428
280 430
280 431
280 432
280 440
280 452
280 454
280 456
280 460
280 464
280 472
281 282
281 283
281 284
281 285
281 286
281 287
281 289
281 290
281 291
281 292
281 293
281 294
281 295
281 297
281 298
281 299
281 301
281 302
281 303
281 305
281 306
281 307
281 308
281 309
281 310
281 311
281 313
281 314
281 315
281 317
281 321
281 322
281 323
281 325
281 327
281 329
281 330
281 331
281 333
281 334
281 335
281 337
281 338
281 339
281 341
281 343
281 345
281 346
281 347
281 349
281 353
281 354
281 355
281 356
281 357
281 358
281 359
281 361
281 362
281 363
281 365
281 369
281 370
281 371
281 373
281 377
281 385
281 386
281 387
281 389
281 391
281 393
281 394
281 395
281 397
281 398
281 399
281 401
281 402
281 403
281 405
281 407
281 409
281 410
281 411
281 413
281 417
281 421
281 423
281 425
281 429
281 433
281 434
281 435
281 437
281 441
281 449
281 453
281 455
281 457
281 461
281 473
282 283
282 284
282 285
282 286
282 287
282 288
282 290
282 291
282 292
282 293
282 294
282 295
282 296
282 297
282 298
282 299
282 300
282 301
282 302
282 303
282 304
282 305
282 306
282 307
282 308
282 309
282 310
282 311
282 312
282 313
282 314
282 315
282 316
282 317
282 318
282 322
282 323
282 324
282 325
282 326
282 327
282 328
282 329
282 330
282 331
282 332
282 333
282 334
282 335
282 336
282 338
282 339
282 340
282 341
282 342
282 343
282 344
282 345
282 346
282 347
282 348
282 349
282 350
282 354
282 355
282 356
282 357
282 358
282 359
282 360
282 362
282 363
282 364
282 365
282 366
282 370
282 371
282 372
282 374
282 378
282 386
282 387
282 388
282 389
282 390
282 391
282 392
282 393
282 394
282 395
282 396
282 397
282 398
282 399
282 400
282 402
282 403
282 404
282 405
282 406
282 407
282 408
282 409
282 410
282 411
282 412
282 413
282 414
282 418
282 421
282 422
282 423
282 424
282 426
282 429
282 430
282 434
282 435
282 436
282 438
282 442
282 450
282 453
282 454
282 455
282 456
282 458
282 461
282 462
282 474
283 284
283 285
283 286
283 287
283 288
283 291
283 293
283 294
283 295
283 296
283 297
283 298
283 299
283 300
283 301
283 302
283 303
283 304
283 305
283 306
283 307
283 308
283 309
283 310
283 311
283 312
283 313
283 314
283 315
283 316
283 317
283 318
283 319
283 323
283 325
283 326
283 327
283 328
283 329
283 330
283 331
283 332
283 333
283 334
283 335
283 336
283 339
283 341
283 342
283 343
283 344
283 345
283 346
283 347
283 348
283 349
283 350
283 351
283 355
283 357
283 358
283 359
283 360
283 361
283 362
283 363
283 364
283 365
283 366
283 367
283 371
283 373
283 374
283 375
283 379
283 387
283 389
283 390
283 391
283 392
283 393
283 394
283 395
283 396
283 397
283 398
283 399
283 400
283 403
283 405
283 406
283 407
283 408
283 409
283 410
283 411
283 412
283 413
283 414
283 415
283 419
283 421
283 422
283 423
283 424
283 427
283 429
283 430
283 431
283 435
283 437
283 438
283 439
283 443
283 451
283 453
283 454
283 455
283 456
283 459
283 461
283 462
283 463
283 475
284 285
284 286
284 287
284 288
284 292
284 294
284 295
284 296
284 298
284 299
284 300
284 301
284 302
284 303
284 304
284 306
284 307
284 308
284 309
284 310
284 311
284 312
284 314
284 315
284 316
284 317
284 318
284 319
284 320
284 324
284 326
284 327
284 328
284 330
284 331
284 332
284 333
284 334
284 335
284 336
284 340
284 342
284 343
284 344
284 346
284 347
284 348
284 350
284 351
284 352
284 356
284 358
284 359
284 360
284 362
284 363
284 364
284 365
284 366
284 367
284 368
284 372
284 374
284 375
284 376
284 380
284 388
284 390
284 391
284 392
284 394
284 395
284 396
284 397
284 398
284 399
284 400
284 404
284 406
284 407
284 408
284 410
284 411
284 412
284 414
284 415
284 416
284 420
284 422
284 423
284 424
284 428
284 430
284 432
284 436
284 438
284 439
284 440
284 444
284 452
284 454
284 455
284 456
284 460
284 462
284 464
284 476
285 286
285 287
285 288
285 293
285 295
285 296
285 297
285 298
285 299
285 300
285 301
285 302
285 303
285 304
285 305
285 306
285 307
285 308
285 309
285 310
285 311
285 312
285 313
285 314
285 315
285 316
285 317
285 318
285 319
285 325
285 327
285 328
285 329
285 330
285 331
285 332
285 333
285 334
285 335
285 336
285 341
285 343
285 344
285 345
285 346
285 347
285 349
285 350
285 351
285 357
285 359
285 360
285 361
285 362
285 363
285 365
285 367
285 369
285 370
285 371
285 372
285 373
285 374
285 375
285 377
285 378
285 379
285 381
285 389
285 391
285 392
285 393
285 394
285 395
285 396
285 397
285 398
285 399
285 400
285 405
285 407
285 408
285 409
285 410
285 411
285 413
285 414
285 415
285 421
285 423
285 424
285 429
285 431
285 437
285 441
285 442
285 443
285 445
285 453
285 455
285 456
285 461
285 463
285 477
286 287
286 288
286 294
286 295
286 296
286 298
286 299
286 300
286 301
286 302
286 303
286 304
286 306
286 307
286 308
286 309
286 310
286 311
286 312
286 313
286 314
286 315
286 316
286 317
286 318
286 319
286 320
286 326
286 327
286 328
286 330
286 331
286 332
286 333
286 334
286 335
286 336
286 342
286 343
286 344
286 346
286 347
286 348
286 349
286 350
286 351
286 352
286 358
286 359
286 360
286 362
286 363
286 364
286 366
286 367
286 368
286 370
286 371
286 372
286 373
286 374
286 375
286 376
286 378
286 379
286 380
286 382
286 390
286 391
286 392
286 394
286 395
286 396
286 397
286 398
286 399
286 400
286 406
286 407
286 408
286 410
286 411
286 412
286 413
286 414
286 415
286 416
286 422
286 423
286 424
286 430
286 431
286 432
286 438
286 442
286 443
286 444
286 446
286 454
286 455
286 456
286 462
286 463
286 464
286 478
287 288
287 295
287 296
287 299
287 300
287 301
287 302
287 303
287 304
287 307
287 308
287 309
287 310
287 311
287 312
287 313
287 314
287 315
287 316
287 317
287 318
287 319
287 320
287 327
287 328
287 331
287 332
287 333
287 334
287 335
287 336
287 343
287 344
287 347
287 348
287 349
287 350
287 351
287 352
287 359
287 360
287 363
287 365
287 366
287 367
287 368
287 371
287 373
287 374
287 375
287 377
287 378
287 379
287 380
287 381
287 382
287 383
287 391
287 392
287 395
287 396
287 397
287 398
287 399
287 400
287 407
287 408
287 411
287 412
287 413
287 414
287 415
287 416
287 423
287 424
287 431
287 432
287 439
287 443
287 445
287 446
287 447
287 455
287 456
287 463
287 464
287 479
288 296
288 300
288 302
288 303
288 304
288 308
288 310
288 311
288 312
288 314
288 315
288 316
288 317
288 318
288 319
288 320
288 328
288 332
288 334
288 335
288 336
288 344
288 348
288 350
288 351
288 352
288 360
288 364
288 366
288 367
288 368
288 372
288 374
288 375
288 376
288 378
288 379
288 380
288 381
288 382
288 383
288 384
288 392
288 396
288 398
288 399
288 400
288 408
288 412
288 414
288 415
288 416
288 424
288 432
288 440
288 444
288 446
288 447
288 448
288 456
288 464
288 480
289 290
289 291
289 292
289 293
289 294
289 295
289 297
289 298
289 299
289 301
289 305
289 306
289 307
289 309
289 313
289 321
289 322
289 323
289 324
289 325
289 326
289 327
289 329
289 330
289 331
289 333
289 337
289 338
289 339
289 341
289 345
289 353
289 354
289 355
289 357
289 361
289 369
289 385
289 386
289 387
289 388
289 389
289 390
289 391
289 393
289 394
289 395
289 397
289 401
289 402
289 403
289 405
289 409
289 417
289 418
289 419
289 421
289 425
289 433
289 449
289 450
289 451
289 453
289 457
289 465
289 481
290 291
290 292
290 293
290 294
290 295
290 296
290 297
290 298
290 299
290 300
290 301
290 302
290 305
290 306
290 307
290 308
290 309
290 310
290 313
290 314
290 321
290 322
290 323
290 324
290 325
290 326
290 327
290 328
290 329
290 330
290 331
290 332
290 333
290 334
290 337
290 338
290 339
290 340
290 341
290 342
290 345
290 346
290 353
290 354
290 355
290 356
290 357
290 358
290 361
290 362
290 369
290 370
290 385
290 386
290 387
290 388
290 389
290 390
290 391
290 392
290 393
290 394
290 395
290 396
290 398
290 401
290 402
290 403
290 404
290 405
290 406
290 409
290 410
290 417
290 418
290 419
290 420
290 421
290 422
290 425
290 426
290 433
290 434
290 449
290 450
290 451
290 452
290 454
290 457
290 458
290 465
290 466
290 482
291 292
291 293
291 294
291 295
291 296
291 297
291 298
291 299
291 300
291 301
291 302
291 303
291 305
291 306
291 307
291 308
291 309
291 310
291 311
291 313
291 314
291 315
291 321
291 322
291 323
291 324
291 325
291 326
291 327
291 328
291 329
291 330
291 331
291 332
291 333
291 334
291 335
291 337
291 338
291 339
291 340
291 341
291 342
291 343
291 345
291 346
291 347
291 353
291 354
291 355
291 356
291 357
291 358
291 359
291 361
291 362
291 363
291 369
291 370
291 371
291 385
291 386
291 387
291 388
291 389
291 390
291 391
291 393
291 394
291 395
291 396
291 397
291 398
291 399
291 401
291 402
291 403
291 404
291 405
291 406
291 407
291 409
291 410
291 411
291 417
291 418
291 419
291 420
291 421
291 422
291 423
291 425
291 426
291 427
291 433
291 434
291 435
291 449
291 450
291 451
291 453
291 454
291 455
291 457
291 458
291 459
291 465
291 466
291 467
291 483
292 293
292 294
292 295
292 296
292 297
292 298
292 299
292 300
292 301
292 302
292 303
292 304
292 305
292 306
292 307
292 308
292 309
292 310
292 311
292 312
292 313
292 314
292 316
292 322
292 323
292 324
292 325
292 326
292 327
292 328
292 329
292 330
292 331
292 332
292 333
292 334
292 335
292 336
292 337
292 338
292 339
292 340
292 341
292 342
292 343
292 344
292 345
292 346
292 348
292 354
292 355
292 356
292 358
292 359
292 360
292 361
292 362
292 364
292 370
292 372
292 386
292 387
292 388
292 390
292 391
292 392
292 393
292 394
292 395
292 396
292 397
292 398
292 399
292 400
292 401
292 402
292 403
292 404
292 405
292 406
292 407
292 408
292 409
292 410
292 412
292 418
292 419
292 420
292 422
292 423
292 424
292 425
292 426
292 428
292 434
292 436
292 450
292 452
292 454
292 455
292 456
292 457
292 458
292 460
292 466
292 468
292 484
293 294
293 295
293 296
293 297
293 298
293 299
293 300
293 301
293 302
293 303
293 305
293 306
293 307
293 308
293 309
293 310
293 311
293 313
293 314
293 315
293 317
293 321
293 322
293 323
293 324
293 325
293 326
293 327
293 329
293 330
293 331
293 332
293 333
293 334
293 335
293 337
293 338
293 339
293 340
293 341
293 342
293 343
293 345
293 346
293 347
293 349
293 353
293 354
293 355
293 357
293 358
293 359
293 361
293 362
293 363
293 365
293 369
293 371
293 373
293 385
293 386
293 387
293 389
293 390
293 391
293 393
293 394
293 395
293 397
293 401
293 402
293 403
293 404
293 405
293 406
293 407
293 409
293 410
293 411
293 413
293 417
293 418
293 419
293 421
293 422
293 423
293 425
293 426
293 427
293 429
293 433
293 435
293 437
293 449
293 451
293 453
293 457
293 458
293 459
293 461
293 465
293 467
293 469
293 485
294 295
294 296
294 297
294 298
294 299
294 300
294 301
294 302
294 303
294 304
294 305
294 306
294 307
294 308
294 309
294 310
294 311
294 312
294 313
294 314
294 315
294 316
294 318
294 322
294 323
294 324
294 325
294 326
294 327
294 328
294 329
294 330
294 331
294 332
294 333
294 334
294 335
294 336
294 337
294 338
294 339
294 340
294 341
294 342
294 343
294 344
294 345
294 346
294 347
294 348
294 350
294 354
294 355
294 356
294 357
294 358
294 359
294 360
294 361
294 362
294 363
294 364
294 366
294 370
294 371
294 372
294 374
294 386
294 387
294 388
294 389
294 390
294 391
294 392
294 393
294 394
294 395
294 396
294 398
294 401
294 402
294 403
294 404
294 405
294 406
294 407
294 408
294 409
294 410
294 411
294 412
294 414
294 418
294 419
294 420
294 421
294 422
294 423
294 424
294 425
294 426
294 427
294 428
294 430
294 434
294 435
294 436
294 438
294 450
294 451
294 452
294 454
294 457
294 458
294 459
294 460
294 462
294 466
294 467
294 468
294 470
294 486
295 296
295 297
295 298
295 299
295 300
295 301
295 302
295 303
295 304
295 305
295 306
295 307
295 308
295 309
295 310
295 311
295 312
295 313
295 314
295 315
295 316
295 317
295 318
295 319
295 323
295 324
295 325
295 326
295 327
295 328
295 329
295 330
295 331
295 332
295 333
295 334
295 335
295 336
295 337
295 338
295 339
295 340
295 341
295 342
295 343
295 344
295 345
295 346
295 347
295 348
295 349
295 350
295 351
295 355
295 356
295 357
295 358
295 359
295 360
295 361
295 362
295 363
295 364
295 365
295 366
295 367
295 371
295 372
295 375
295 387
295 388
295 389
295 390
295 391
295 392
295 393
295 394
295 395
295 396
295 397
295 398
295 399
295 401
295 402
295 403
295 404
295 405
295 406
295 407
295 408
295 409
295 410
295 411
295 412
295 413
295 414
295 415
295 419
295 420
295 421
295 422
295 423
295 424
295 425
295 426
295 427
295 428
295 429
295 430
295 431
295 435
295 436
295 439
295 451
295 452
295 455
295 457
295 458
295 459
295 460
295 461
295 462
295 463
295 467
295 468
295 471
295 487
296 298
296 299
296 300
296 301
296 302
296 303
296 304
296 306
296 307
296 308
296 310
296 311
296 312
296 314
296 315
296 316
296 317
296 318
296 319
296 320
296 324
296 326
296 327
296 328
296 330
296 331
296 332
296 333
296 334
296 335
296 336
296 338
296 339
296 340
296 342
296 343
296 344
296 346
296 347
296 348
296 349
296 350
296 351
296 352
296 356
296 358
296 359
296 360
296 362
296 364
296 366
296 367
296 368
296 372
296 376
296 388
296 390
296 391
296 392
296 394
296 396
296 398
296 399
296 400
296 402
296 403
296 404
296 406
296 407
296 408
296 410
296 411
296 412
296 413
296 414
296 415
296 416
296 420
296 422
296 423
296 424
296 426
296 428
296 430
296 431
296 432
296 436
296 440
296 452
296 456
296 458
296 460
296 462
296 463
296 464
296 468
296 472
296 488
297 298
297 299
297 300
297 301
297 302
297 303
297 305
297 306
297 307
297 308
297 309
297 310
297 311
297 313
297 314
297 315
297 317
297 321
297 322
297 323
297 324
297 325
297 326
297 327
297 329
297 330
297 331
297 333
297 337
297 338
297 339
297 340
297 341
297 342
297 343
297 345
297 346
297 347
297 349
297 353
297 354
297 355
297 356
297 357
297 358
297 359
297 361
297 362
297 363
297 365
297 369
297 370
297 371
297 373
297 377
297 385
297 386
297 387
297 389
297 393
297 394
297 395
297 397
297 401
297 402
297 403
297 405
297 406
297 407
297 409
297 410
297 411
297 413
297 417
297 418
297 419
297 420
297 421
297 422
297 423
297 425
297 426
297 427
297 429
297 433
297 434
297 435
297 437
297 441
297 449
297 453
297 457
297 459
297 461
297 465
297 466
297 467
297 469
297 473
297 489
298 299
298 300
298 301
298 302
298 303
298 304
298 305
298 306
298 307
298 308
298 309
298 310
298 311
298 312
298 313
298 314
298 315
298 316
298 317
298 318
298 322
298 323
298 324
298 325
298 326
298 327
298 328
298 329
298 330
298 331
298 332
298 333
298 334
298 337
298 338
298 339
298 340
298 341
298 342
298 343
298 344
298 345
298 346
298 347
298 348
298 349
298 350
298 354
298 355
298 356
298 357
298 358
298 359
298 360
298 361
298 362
298 363
298 364
298 365
298 366
298 370
298 371
298 372
298 373
298 374
298 378
298 386
298 387
298 388
298 389
298 390
298 393
298 394
298 395
298 396
298 397
298 398
298 401
298 402
298 403
298 404
298 405
298 406
298 407
298 408
298 409
298 410
298 411
298 412
298 413
298 414
298 418
298 419
298 420
298 421
298 422
298 423
298 424
298 425
298 426
298 427
298 428
298 429
298 430
298 434
298 435
298 436
298 437
298 438
298 442
298 450
298 453
298 454
298 457
298 458
298 459
298 460
298 461
298 462
298 466
298 467
298 468
298 469
298 470
298 474
298 490
299 300
299 301
299 302
299 303
299 304
299 305
299 306
299 307
299 308
299 309
299 310
299 311
299 312
299 313
299 314
299 315
299 316
299 317
299 318
299 319
299 323
299 325
299 326
299 327
299 329
299 330
299 331
299 332
299 333
299 334
299 335
299 337
299 338
299 339
299 340
299 341
299 342
299 343
299 344
299 345
299 346
299 347
299 348
299 349
299 350
299 351
299 355
299 357
299 358
299 359
299 361
299 362
299 363
299 364
299 365
299 366
299 367
299 371
299 373
299 374
299 375
299 379
299 387
299 389
299 390
299 391
299 393
299 394
299 395
299 396
299 397
299 398
299 399
299 401
299 402
299 403
299 404
299 405
299 406
299 407
299 408
299 409
299 410
299 411
299 412
299 413
299 414
299 415
299 419
299 421
299 422
299 423
299 425
299 426
299 427
299 428
299 429
299 430
299 431
299 435
299 437
299 438
299 439
299 443
299 451
299 453
299 454
299 455
299 457
299 458
299 459
299 460
299 461
299 462
299 463
299 467
299 469
299 470
299 471
299 475
299 491
300 301
300 302
300 303
300 304
300 306
300 307
300 308
300 309
300 310
300 311
300 312
300 314
300 315
300 316
300 317
300 318
300 319
300 320
300 324
300 326
300 327
300 328
300 330
300 331
300 332
300 333
300 334
300 335
300 336
300 338
300 339
300 340
300 341
300 342
300 343
300 344
300 346
300 347
300 348
300 349
300 350
300 351
300 352
300 356
300 358
300 359
300 360
300 362
300 363
300 364
300 365
300 366
300 367
300 368
300 372
300 374
300 375
300 376
300 380
300 388
300 390
300 391
300 392
300 394
300 395
300 396
300 398
300 399
300 400
300 402
300 403
300 404
300 405
300 406
300 407
300 408
300 410
300 411
300 412
300 414
300 415
300 416
300 420
300 422
300 423
300 424
300 426
300 427
300 428
300 429
300 430
300 431
300 432
300 436
300 438
300 439
300 440
300 444
300 452
300 454
300 456
300 458
300 459
300 460
300 462
300 464
300 468
300 470
300 471
300 472
300 476
300 492
301 302
301 303
301 304
301 305
301 306
301 307
301 308
301 309
301 310
301 311
301 312
301 313
301 314
301 315
301 316
301 317
301 318
301 319
301 325
301 327
301 329
301 330
301 331
301 332
301 333
301 334
301 335
301 337
301 338
301 339
301 340
301 341
301 342
301 343
301 344
301 345
301 346
301 347
301 348
301 349
301 350
301 351
301 357
301 359
301 361
301 362
301 363
301 364
301 365
301 366
301 367
301 369
301 370
301 371
301 372
301 373
301 374
301 375
301 377
301 378
301 379
301 381
301 389
301 391
301 393
301 394
301 395
301 396
301 397
301 398
301 399
301 401
301 402
301 403
301 404
301 405
301 406
301 407
301 408
301 409
301 410
301 411
301 412
301 413
301 414
301 415
301 421
301 423
301 425
301 426
301 427
301 428
301 429
301 430
301 431
301 433
301 434
301 435
301 436
301 437
301 438
301 439
301 441
301 442
301 443
301 445
301 453
301 455
301 457
301 459
301 460
301 461
301 463
301 469
301 471
301 473
301 474
301 475
301 477
301 493
302 303
302 304
302 306
302 307
302 308
302 309
302 310
302 311
302 312
302 313
302 314
302 315
302 316
302 317
302 318
302 319
302 320
302 326
302 327
302 328
302 330
302 331
302 332
302 333
302 334
302 335
302 336
302 338
302 339
302 340
302 341
302 342
302 343
302 344
302 345
302 346
302 347
302 348
302 349
302 350
302 351
302 352
302 358
302 359
302 360
302 362
302 363
302 364
302 365
302 366
302 367
302 368
302 370
302 371
302 372
302 373
302 374
302 375
302 376
302 378
302 379
302 380
302 382
302 390
302 391
302 392
302 394
302 395
302 396
302 397
302 398
302 399
302 400
302 402
302 403
302 404
302 405
302 406
302 407
302 408
302 410
302 411
302 412
302 413
302 414
302 415
302 416
302 422
302 423
302 424
302 426
302 427
302 428
302 429
302 430
302 431
302 432
302 434
302 435
302 436
302 437
302 438
302 439
302 440
302 442
302 443
302 444
302 446
302 454
302 455
302 456
302 458
302 459
302 460
302 462
302 463
302 464
302 470
302 471
302 472
302 474
302 475
302 476
302 478
302 494
303 304
303 307
303 308
303 309
303 310
303 311
303 312
303 313
303 314
303 315
303 316
303 317
303 318
303 319
303 320
303 327
303 328
303 331
303 332
303 333
303 334
303 335
303 336
303 339
303 340
303 341
303 342
303 343
303 344
303 345
303 346
303 347
303 348
303 349
303 350
303 351
303 352
303 359
303 360
303 363
303 364
303 365
303 366
303 367
303 368
303 371
303 373
303 374
303 375
303 376
303 377
303 378
303 379
303 380
303 381
303 382
303 383
303 391
303 392
303 395
303 396
303 397
303 398
303 399
303 400
303 403
303 404
303 405
303 406
303 407
303 408
303 411
303 412
303 413
303 414
303 415
303 416
303 423
303 424
303 427
303 428
303 429
303 430
303 431
303 432
303 435
303 437
303 438
303 439
303 440
303 441
303 442
303 443
303 444
303 445
303 446
303 447
303 455
303 456
303 459
303 460
303 463
303 464
303 471
303 472
303 475
303 477
303 478
303 479
303 495
304 308
304 310
304 311
304 312
304 314
304 315
304 316
304 317
304 318
304 319
304 320
304 328
304 332
304 334
304 335
304 336
304 340
304 342
304 343
304 344
304 346
304 347
304 348
304 349
304 350
304 351
304 352
304 360
304 364
304 366
304 367
304 368
304 372
304 374
304 375
304 376
304 378
304 379
304 380
304 381
304 382
304 383
304 384
304 392
304 396
304 398
304 399
304 400
304 404
304 406
304 407
304 408
304 412
304 414
304 415
304 416
304 424
304 428
304 430
304 431
304 432
304 436
304 438
304 439
304 440
304 442
304 443
304 444
304 445
304 446
304 447
304 448
304 456
304 460
304 464
304 472
304 476
304 478
304 479
304 480
304 496
305 306
305 307
305 308
305 309
305 310
305 311
305 313
305 314
305 315
305 317
305 321
305 322
305 323
305 324
305 325
305 326
305 327
305 329
305 330
305 331
305 333
305 337
305 338
305 339
305 341
305 345
305 346
305 347
305 349
305 353
305 354
305 355
305 356
305 357
305 358
305 359
305 361
305 362
305 363
305 365
305 369
305 370
305 371
305 373
305 377
305 385
305 386
305 387
305 389
305 393
305 397
305 401
305 402
305 403
305 405
305 409
305 410
305 411
305 413
305 417
305 418
305 419
305 421
305 425
305 429
305 433
305 434
305 435
305 437
305 441
305 449
305 450
305 451
305 452
305 453
305 454
305 455
305 457
305 458
305 459
305 461
305 465
305 466
305 467
305 469
305 473
305 481
305 482
305 483
305 485
305 489
305 497
306 307
306 308
306 309
306 310
306 311
306 312
306 313
306 314
306 315
306 316
306 317
306 318
306 322
306 323
306 324
306 325
306 326
306 327
306 328
306 329
306 330
306 331
306 332
306 333
306 334
306 337
306 338
306 339
306 340
306 341
306 342
306 345
306 346
306 347
306 348
306 349
306 350
306 353
306 354
306 355
306 356
306 357
306 358
306 359
306 360
306 361
306 362
306 363
306 364
306 365
306 366
306 369
306 370
306 371
306 372
306 373
306 374
306 377
306 378
306 386
306 387
306 388
306 390
306 393
306 394
306 397
306 398
306 401
306 402
306 403
306 404
306 405
306 406
306 409
306 410
306 411
306 412
306 413
306 414
306 418
306 419
306 420
306 422
306 425
306 426
306 429
306 430
306 433
306 434
306 435
306 436
306 437
306 438
306 441
306 442
306 450
306 451
306 452
306 453
306 454
306 455
306 456
306 457
306 458
306 459
306 460
306 461
306 462
306 466
306 467
306 468
306 470
306 473
306 474
306 482
306 483
306 484
306 486
306 490
306 498
307 308
307 309
307 310
307 311
307 312
307 313
307 314
307 315
307 316
307 317
307 318
307 319
307 323
307 325
307 326
307 327
307 329
307 330
307 331
307 332
307 333
307 334
307 335
307 337
307 338
307 339
307 340
307 341
307 342
307 343
307 345
307 346
307 347
307 348
307 349
307 350
307 351
307 353
307 354
307 355
307 356
307 357
307 358
307 359
307 360
307 361
307 362
307 363
307 364
307 365
307 366
307 367
307 369
307 370
307 371
307 372
307 373
307 374
307 375
307 377
307 378
307 379
307 387
307 389
307 390
307 391
307 393
307 394
307 395
307 397
307 398
307 399
307 401
307 402
307 403
307 404
307 405
307 406
307 407
307 409
307 410
307 411
307 412
307 413
307 414
307 415
307 419
307 421
307 422
307 423
307 425
307 426
307 427
307 429
307 430
307 431
307 433
307 434
307 435
307 436
307 437
307 438
307 439
307 441
307 442
307 443
307 451
307 453
307 454
307 455
307 457
307 458
307 459
307 460
307 461
307 462
307 463
307 467
307 469
307 470
307 471
307 473
307 474
307 475
307 483
307 485
307 486
307 487
307 491
307 499
308 309
308 310
308 311
308 312
308 313
308 314
308 315
308 316
308 317
308 318
308 319
308 320
308 324
308 326
308 327
308 328
308 330
308 331
308 332
308 333
308 334
308 335
308 336
308 338
308 339
308 340
308 341
308 342
308 343
308 344
308 345
308 346
308 347
308 348
308 349
308 350
308 351
308 352
308 354
308 355
308 356
308 357
308 358
308 359
308 360
308 362
308 363
308 364
308 365
308 366
308 367
308 368
308 370
308 371
308 372
308 374
308 375
308 376
308 378
308 380
308 388
308 390
308 391
308 392
308 394
308 396
308 397
308 398
308 400
308 402
308 403
308 404
308 405
308 406
308 407
308 408
308 409
308 410
308 411
308 412
308 413
308 414
308 415
308 416
308 420
308 422
308 423
308 424
308 426
308 428
308 429
308 430
308 432
308 434
308 435
308 436
308 438
308 439
308 440
308 442
308 444
308 452
308 454
308 455
308 456
308 458
308 459
308 460
308 461
308 462
308 463
308 464
308 468
308 470
308 471
308 472
308 474
308 476
308 484
308 486
308 487
308 488
308 492
308 500
309 310
309 311
309 312
309 313
309 314
309 315
309 316
309 317
309 318
309 319
309 325
309 329
309 330
309 331
309 333
309 334
309 335
309 337
309 338
309 339
309 340
309 341
309 342
309 343
309 345
309 346
309 347
309 348
309 349
309 350
309 351
309 353
309 354
309 355
309 356
309 357
309 358
309 359
309 361
309 362
309 363
309 364
309 365
309 366
309 367
309 369
309 370
309 371
309 372
309 373
309 374
309 375
309 377
309 378
309 379
309 381
309 389
309 393
309 394
309 395
309 397
309 398
309 399
309 401
309 402
309 403
309 405
309 406
309 407
309 409
309 410
309 411
309 412
309 413
309 414
309 415
309 421
309 425
309 426
309 427
309 429
309 430
309 431
309 433
309 434
309 435
309 437
309 438
309 439
309 441
309 442
309 443
309 445
309 453
309 457
309 458
309 459
309 461
309 462
309 463
309 465
309 466
309 467
309 468
309 469
309 470
309 471
309 473
309 474
309 475
309 477
309 485
309 489
309 490
309 491
309 493
309 501
310 311
310 312
310 313
310 314
310 315
310 316
310 317
310 318
310 319
310 320
310 326
310 330
310 331
310 332
310 333
310 334
310 335
310 336
310 338
310 339
310 340
310 341
310 342
310 343
310 344
310 345
310 346
310 347
310 348
310 349
310 350
310 351
310 352
310 354
310 355
310 356
310 357
310 358
310 359
310 360
310 361
310 362
310 363
310 364
310 365
310 366
310 367
310 368
310 370
310 371
310 372
310 373
310 374
310 375
310 376
310 378
310 379
310 380
310 382
310 390
310 394
310 395
310 396
310 397
310 398
310 399
310 400
310 402
310 403
310 404
310 405
310 406
310 407
310 408
310 409
310 410
310 411
310 412
310 413
310 414
310 415
310 416
310 422
310 426
310 427
310 428
310 429
310 430
310 431
310 432
310 434
310 435
310 436
310 437
310 438
310 439
310 440
310 442
310 443
310 444
310 446
310 454
310 458
310 459
310 460
310 461
310 462
310 463
310 464
310 466
310 467
310 468
310 469
310 470
310 471
310 472
310 474
310 475
310 476
310 478
310 486
310 490
310 491
310 492
310 494
310 502
311 312
311 313
311 314
311 315
311 316
311 317
311 318
311 319
311 320
311 327
311 331
311 332
311 333
311 334
311 335
311 336
311 339
311 340
311 341
311 342
311 343
311 344
311 345
311 346
311 347
311 348
311 349
311 350
311 351
311 352
311 355
311 356
311 357
311 358
311 359
311 360
311 361
311 362
311 363
311 364
311 365
311 366
311 367
311 368
311 371
311 372
311 373
311 374
311 375
311 376
311 377
311 378
311 379
311 380
311 381
311 382
311 383
311 391
311 395
311 396
311 397
311 398
311 399
311 400
311 403
311 404
311 405
311 406
311 407
311 408
311 409
311 410
311 411
311 412
311 413
311 414
311 415
311 416
311 423
311 427
311 428
311 429
311 430
311 431
311 432
311 435
311 436
311 437
311 438
311 439
311 440
311 443
311 444
311 445
311 446
311 447
311 455
311 459
311 460
311 461
311 462
311 463
311 464
311 467
311 469
311 470
311 471
311 473
311 474
311 475
311 476
311 477
311 478
311 479
311 487
311 491
311 493
311 494
311 495
311 503
312 314
312 315
312 316
312 317
312 318
312 319
312 320
312 328
312 332
312 334
312 335
312 336
312 340
312 342
312 343
312 344
312 346
312 347
312 348
312 349
312 350
312 351
312 352
312 356
312 358
312 359
312 360
312 362
312 363
312 364
312 365
312 366
312 367
312 368
312 372
312 374
312 375
312 376
312 378
312 379
312 380
312 381
312 382
312 383
312 384
312 392
312 396
312 398
312 399
312 400
312 404
312 406
312 407
312 408
312 410
312 411
312 412
312 414
312 415
312 416
312 424
312 428
312 430
312 431
312 432
312 436
312 438
312 439
312 440
312 444
312 446
312 447
312 448
312 456
312 460
312 462
312 463
312 464
312 468
312 470
312 471
312 472
312 474
312 475
312 476
312 477
312 478
312 479
312 480
312 488
312 492
312 494
312 495
312 496
312 504
313 314
313 315
313 316
313 317
313 318
313 319
313 329
313 333
313 335
313 337
313 338
313 339
313 341
313 343
313 345
313 346
313 347
313 349
313 350
313 351
313 353
313 354
313 355
313 356
313 357
313 358
313 359
313 361
313 362
313 363
313 365
313 367
313 369
313 370
313 371
313 372
313 373
313 374
313 375
313 377
313 378
313 379
313 381
313 393
313 397
313 399
313 401
313 402
313 403
313 405
313 407
313 409
313 410
313 411
313 413
313 414
313 415
313 425
313 429
313 431
313 433
313 434
313 435
313 437
313 441
313 442
313 443
313 445
313 457
313 461
313 463
313 465
313 466
313 467
313 469
313 473
313 477
313 481
313 482
313 483
313 484
313 485
313 486
313 487
313 489
313 490
313 491
313 493
313 497
313 498
313 499
313 501
313 505
314 315
314 316
314 317
314 318
314 319
314 320
314 330
314 333
314 334
314 335
314 336
314 338
314 339
314 340
314 341
314 342
314 343
314 344
314 345
314 346
314 347
314 348
314 349
314 350
314 351
314 352
314 354
314 355
314 356
314 357
314 358
314 359
314 360
314 361
314 362
314 363
314 364
314 365
314 366
314 367
314 368
314 369
314 370
314 371
314 372
314 373
314 374
314 375
314 376
314 377
314 378
314 379
314 380
314 381
314 382
314 394
314 397
314 398
314 399
314 400
314 402
314 403
314 404
314 405
314 406
314 407
314 408
314 409
314 410
314 411
314 412
314 413
314 414
314 415
314 416
314 426
314 429
314 430
314 431
314 432
314 434
314 435
314 436
314 437
314 438
314 441
314 442
314 443
314 444
314 445
314 446
314 458
314 461
314 462
314 463
314 464
314 466
314 467
314 468
314 470
314 474
314 477
314 478
314 482
314 483
314 484
314 485
314 486
314 487
314 488
314 490
314 491
314 492
314 494
314 498
314 499
314 500
314 502
314 506
315 316
315 317
315 318
315 319
315 320
315 331
315 333
315 334
315 335
315 336
315 339
315 341
315 342
315 343
315 344
315 345
315 346
315 347
315 348
315 349
315 350
315 351
315 352
315 355
315 357
315 358
315 359
315 361
315 362
315 363
315 364
315 365
315 366
315 367
315 368
315 369
315 370
315 371
315 372
315 373
315 374
315 375
315 376
315 377
315 378
315 379
315 380
315 381
315 382
315 383
315 395
315 397
315 398
315 399
315 400
315 403
315 405
315 406
315 407
315 408
315 409
315 410
315 411
315 412
315 413
315 414
315 415
315 416
315 427
315 429
315 430
315 431
315 432
315 435
315 437
315 438
315 439
315 441
315 442
315 443
315 444
315 445
315 446
315 447
315 459
315 461
315 462
315 463
315 464
315 467
315 469
315 470
315 471
315 475
315 477
315 478
315 479
315 483
315 485
315 486
315 487
315 489
315 490
315 491
315 492
315 493
315 494
315 495
315 499
315 501
315 502
315 503
315 507
316 317
316 318
316 319
316 320
316 332
316 334
316 335
316 336
316 340
316 342
316 343
316 344
316 346
316 347
316 348
316 349
316 350
316 351
316 352
316 356
316 358
316 359
316 360
316 362
316 363
316 364
316 365
316 366
316 367
316 368
316 370
316 371
316 372
316 373
316 374
316 375
316 376
316 378
316 379
316 380
316 381
316 382
316 383
316 384
316 396
316 398
316 399
316 400
316 404
316 406
316 407
316 408
316 410
316 411
316 412
316 413
316 414
316 415
316 416
316 428
316 430
316 431
316 432
316 436
316 438
316 439
316 440
316 442
316 443
316 444
316 446
316 447
316 448
316 460
316 462
316 463
316 464
316 468
316 470
316 471
316 472
316 476
316 478
316 480
316 484
316 486
316 487
316 488
316 490
316 491
316 492
316 493
316 494
316 495
316 496
316 500
316 502
316 503
316 504
316 508
317 318
317 319
317 320
317 333
317 335
317 336
317 341
317 343
317 344
317 345
317 346
317 347
317 348
317 349
317 350
317 351
317 352
317 357
317 359
317 361
317 362
317 363
317 365
317 366
317 367
317 368
317 369
317 370
317 371
317 372
317 373
317 374
317 375
317 377
317 378
317 379
317 380
317 381
317 382
317 383
317 397
317 399
317 400
317 405
317 407
317 408
317 409
317 410
317 411
317 412
317 413
317 414
317 415
317 416
317 429
317 431
317 432
317 437
317 439
317 441
317 442
317 443
317 445
317 446
317 447
317 461
317 463
317 464
317 469
317 473
317 474
317 475
317 477
317 479
317 485
317 489
317 490
317 491
317 493
317 497
317 498
317 499
317 500
317 501
317 502
317 503
317 505
317 506
317 507
317 509
318 319
318 320
318 334
318 335
318 336
318 342
318 343
318 344
318 346
318 347
318 348
318 349
318 350
318 351
318 352
318 358
318 359
318 360
318 362
318 363
318 364
318 365
318 366
318 367
318 368
318 370
318 371
318 372
318 373
318 374
318 375
318 376
318 377
318 378
318 379
318 380
318 381
318 382
318 383
318 384
318 398
318 399
318 400
318 406
318 407
318 408
318 410
318 411
318 412
318 413
318 414
318 415
318 416
318 430
318 431
318 432
318 438
318 439
318 440
318 442
318 443
318 444
318 445
318 446
318 447
318 448
318 462
318 463
318 464
318 470
318 474
318 475
318 476
318 478
318 479
318 480
318 486
318 490
318 491
318 492
318 494
318 498
318 499
318 500
318 501
318 502
318 503
318 504
318 506
318 507
318 508
318 510
319 320
319 335
319 336
319 343
319 344
319 347
319 348
319 349
319 350
319 351
319 352
319 359
319 360
319 363
319 364
319 365
319 366
319 367
319 368
319 371
319 372
319 373
319 374
319 375
319 376
319 377
319 378
319 379
319 380
319 381
319 382
319 383
319 384
319 399
319 400
319 407
319 408
319 411
319 412
319 413
319 414
319 415
319 416
319 431
319 432
319 439
319 440
319 443
319 444
319 445
319 446
319 447
319 448
319 463
319 464
319 471
319 475
319 477
319 478
319 479
319 480
319 487
319 491
319 493
319 494
319 495
319 499
319 501
319 502
319 503
319 505
319 506
319 507
319 508
319 509
319 510
319 511
320 336
320 344
320 348
320 350
320 351
320 352
320 360
320 364
320 366
320 367
320 368
320 372
320 374
320 375
320 376
320 378
320 379
320 380
320 381
320 382
320 383
320 384
320 400
320 408
320 412
320 414
320 415
320 416
320 432
320 440
320 444
320 446
320 447
320 448
320 464
320 472
320 476
320 478
320 479
320 480
320 488
320 492
320 494
320 495
320 496
320 500
320 502
320 503
320 504
320 506
320 507
320 508
320 509
320 510
320 511
320 512
321 322
321 323
321 324
321 325
321 326
321 327
321 329
321 330
321 331
321 333
321 337
321 338
321 339
321 341
321 345
321 353
321 354
321 355
321 357
321 361
321 369
321 385
321 386
321 387
321 388
321 389
321 390
321 391
321 393
321 394
321 395
321 397
321 401
321 402
321 403
321 405
321 409
321 417
321 418
321 419
321 421
321 425
321 433
321 449
321 450
321 451
321 453
321 457
321 465
321 481
322 323
322 324
322 325
322 326
322 327
322 328
322 329
322 330
322 331
322 332
322 333
322 334
322 337
322 338
322 339
322 340
322 341
322 342
322 345
322 346
322 353
322 354
322 355
322 356
322 357
322 358
322 361
322 362
322 369
322 370
322 385
322 386
322 387
322 388
322 389
322 390
322 391
322 392
322 393
322 394
322 395
322 396
322 397
322 398
322 401
322 402
322 403
322 404
322 405
322 406
322 409
322 410
322 417
322 418
322 419
322 420
322 421
322 422
322 425
322 426
322 433
322 434
322 449
322 450
322 451
322 452
322 453
322 454
322 457
322 458
322 465
322 466
322 481
322 482
323 324
323 325
323 326
323 327
323 328
323 329
323 330
323 331
323 332
323 333
323 334
323 335
323 337
323 338
323 339
323 340
323 341
323 342
323 343
323 345
323 346
323 347
323 353
323 354
323 355
323 356
323 357
323 358
323 359
323 361
323 362
323 363
323 369
323 370
323 371
323 385
323 386
323 387
323 388
323 389
323 390
323 391
323 392
323 393
323 394
323 395
323 396
323 397
323 398
323 399
323 401
323 402
323 403
323 404
323 405
323 406
323 407
323 409
323 410
323 411
323 417
323 418
323 419
323 420
323 421
323 422
323 423
323 425
323 426
323 427
323 433
323 434
323 435
323 449
323 450
323 451
323 452
323 453
323 454
323 455
323 457
323 458
323 459
323 465
323 466
323 467
323 481
323 482
323 483
324 325
324 326
324 327
324 328
324 329
324 330
324 331
324 332
324 333
324 334
324 335
324 336
324 337
324 338
324 339
324 340
324 341
324 342
324 343
324 344
324 345
324 346
324 348
324 353
324 354
324 355
324 356
324 357
324 358
324 359
324 360
324 361
324 362
324 364
324 369
324 370
324 372
324 386
324 387
324 388
324 389
324 390
324 391
324 392
324 394
324 395
324 396
324 397
324 398
324 399
324 400
324 401
324 402
324 403
324 404
324 406
324 407
324 408
324 410
324 412
324 417
324 418
324 419
324 420
324 421
324 422
324 423
324 424
324 425
324 426
324 428
324 433
324 434
324 436
324 450
324 451
324 452
324 454
324 455
324 456
324 458
324 460
324 465
324 466
324 468
324 482
324 484
325 326
325 327
325 328
325 329
325 330
325 331
325 332
325 333
325 334
325 335
325 337
325 338
325 339
325 340
325 341
325 342
325 343
325 345
325 346
325 347
325 349
325 353
325 354
325 355
325 356
325 357
325 358
325 359
325 361
325 362
325 363
325 365
325 369
325 370
325 371
325 373
325 385
325 386
325 387
325 388
325 389
325 390
325 391
325 393
325 394
325 395
325 396
325 397
325 398
325 399
325 401
325 402
325 403
325 404
325 405
325 406
325 407
325 409
325 410
325 411
325 413
325 417
325 418
325 419
325 420
325 421
325 422
325 423
325 425
325 426
325 427
325 429
325 433
325 434
325 435
325 437
325 449
325 450
325 451
325 453
325 454
325 455
325 457
325 458
325 459
325 461
325 465
325 466
325 467
325 469
325 481
325 483
325 485
326 327
326 328
326 329
326 330
326 331
326 332
326 333
326 334
326 335
326 336
326 337
326 338
326 339
326 340
326 341
326 342
326 343
326 344
326 345
326 346
326 347
326 348
326 350
326 353
326 354
326 355
326 356
326 357
326 358
326 359
326 360
326 361
326 362
326 363
326 364
326 366
326 369
326 370
326 371
326 372
326 374
326 386
326 387
326 388
326 389
326 390
326 391
326 392
326 393
326 394
326 395
326 396
326 397
326 398
326 399
326 400
326 401
326 402
326 403
326 404
326 405
326 406
326 407
326 408
326 410
326 411
326 412
326 414
326 417
326 418
326 419
326 420
326 421
326 422
326 423
326 424
326 425
326 426
326 427
326 428
326 430
326 433
326 434
326 435
326 436
326 438
326 450
326 451
326 452
326 453
326 454
326 455
326 456
326 458
326 459
326 460
326 462
326 465
326 466
326 467
326 468
326 470
326 482
326 483
326 484
326 486
327 328
327 329
327 330
327 331
327 332
327 333
327 334
327 335
327 336
327 337
327 338
327 339
327 340
327 341
327 342
327 343
327 344
327 345
327 346
327 347
327 348
327 349
327 350
327 351
327 353
327 354
327 355
327 356
327 357
327 358
327 359
327 360
327 361
327 362
327 363
327 364
327 365
327 366
327 367
327 369
327 370
327 371
327 372
327 375
327 387
327 388
327 389
327 390
327 391
327 392
327 393
327 394
327 395
327 396
327 397
327 398
327 399
327 400
327 401
327 402
327 403
327 404
327 405
327 406
327 407
327 408
327 409
327 410
327 411
327 412
327 413
327 414
327 415
327 417
327 418
327 419
327 420
327 421
327 422
327 423
327 424
327 425
327 426
327 427
327 428
327 429
327 430
327 431
327 433
327 434
327 435
327 436
327 439
327 451
327 452
327 453
327 454
327 455
327 456
327 459
327 460
327 461
327 462
327 463
327 465
327 466
327 467
327 468
327 471
327 483
327 484
327 487
328 330
328 331
328 332
328 333
328 334
328 335
328 336
328 338
328 339
328 340
328 342
328 343
328 344
328 346
328 347
328 348
328 349
328 350
328 351
328 352
328 354
328 355
328 356
328 358
328 359
328 360
328 362
328 364
328 366
328 367
328 368
328 370
328 372
328 376
328 388
328 390
328 391
328 392
328 394
328 395
328 396
328 397
328 398
328 399
328 400
328 402
328 404
328 406
328 407
328 408
328 410
328 411
328 412
328 413
328 414
328 415
328 416
328 418
328 419
328 420
328 422
328 423
328 424
328 426
328 428
328 430
328 431
328 432
328 434
328 436
328 440
328 452
328 454
328 455
328 456
328 460
328 462
328 463
328 464
328 466
328 468
328 472
328 484
328 488
329 330
329 331
329 332
329 333
329 334
329 335
329 337
329 338
329 339
329 340
329 341
329 342
329 343
329 345
329 346
329 347
329 349
329 353
329 354
329 355
329 356
329 357
329 358
329 359
329 361
329 362
329 363
329 365
329 369
329 370
329 371
329 373
329 377
329 385
329 386
329 387
329 388
329 389
329 390
329 391
329 393
329 394
329 395
329 397
329 401
329 402
329 403
329 404
329 405
329 406
329 407
329 409
329 410
329 411
329 413
329 417
329 418
329 419
329 420
329 421
329 422
329 423
329 425
329 426
329 427
329 429
329 433
329 434
329 435
329 437
329 441
329 449
329 450
329 451
329 453
329 457
329 458
329 459
329 461
329 465
329 466
329 467
329 469
329 473
329 481
329 485
329 489
330 331
330 332
330 333
330 334
330 335
330 336
330 337
330 338
330 339
330 340
330 341
330 342
330 343
330 344
330 345
330 346
330 347
330 348
330 349
330 350
330 353
330 354
330 355
330 356
330 357
330 358
330 359
330 360
330 361
330 362
330 363
330 364
330 365
330 366
330 369
330 370
330 371
330 372
330 373
330 374
330 378
330 386
330 387
330 388
330 389
330 390
330 391
330 392
330 393
330 394
330 395
330 396
330 397
330 398
330 401
330 402
330 403
330 404
330 405
330 406
330 407
330 408
330 409
330 410
330 411
330 412
330 413
330 414
330 417
330 418
330 419
330 420
330 421
330 422
330 423
330 424
330 425
330 426
330 427
330 428
330 429
330 430
330 433
330 434
330 435
330 436
330 437
330 438
330 442
330 450
330 451
330 452
330 453
330 454
330 457
330 458
330 459
330 460
330 461
330 462
330 465
330 466
330 467
330 468
330 469
330 470
330 474
330 482
330 485
330 486
330 490
331 332
331 333
331 334
331 335
331 336
331 337
331 338
331 339
331 340
331 341
331 342
331 343
331 344
331 345
331 346
331 347
331 348
331 349
331 350
331 351
331 353
331 354
331 355
331 356
331 357
331 358
331 359
331 360
331 361
331 362
331 363
331 364
331 365
331 366
331 367
331 369
331 370
331 371
331 372
331 373
331 374
331 375
331 379
331 387
331 389
331 390
331 391
331 393
331 394
331 395
331 396
331 397
331 398
331 399
331 401
331 402
331 403
331 404
331 405
331 406
331 407
331 408
331 409
331 410
331 411
331 412
331 413
331 414
331 415
331 417
331 418
331 419
331 420
331 421
331 422
331 423
331 424
331 425
331 426
331 427
331 428
331 429
331 430
331 431
331 433
331 434
331 435
331 436
331 437
331 438
331 439
331 443
331 451
331 453
331 454
331 455
331 457
331 458
331 459
331 460
331 461
331 462
331 463
331 465
331 466
331 467
331 468
331 469
331 470
331 471
331 475
331 483
331 485
331 486
331 487
331 491
332 333
332 334
332 335
332 336
332 338
332 339
332 340
332 341
332 342
332 343
332 344
332 346
332 347
332 348
332 349
332 350
332 351
332 352
332 354
332 355
332 356
332 357
332 358
332 359
332 360
332 362
332 363
332 364
332 365
332 366
332 367
332 368
332 370
332 371
332 372
332 374
332 375
332 376
332 380
332 388
332 390
332 391
332 392
332 394
332 395
332 396
332 397
332 398
332 399
332 400
332 402
332 403
332 404
332 405
332 406
332 407
332 408
332 410
332 411
332 412
332 413
332 414
332 415
332 416
332 418
332 419
332 420
332 421
332 422
332 423
332 424
332 426
332 427
332 428
332 429
332 430
332 431
332 432
332 434
332 435
332 436
332 438
332 439
332 440
332 444
332 452
332 454
332 455
332 456
332 458
332 459
332 460
332 462
332 463
332 464
332 466
332 467
332 468
332 470
332 471
332 472
332 476
332 484
332 486
332 488
332 492
333 334
333 335
333 336
333 337
333 338
333 339
333 340
333 341
333 342
333 343
333 344
333 345
333 346
333 347
333 348
333 349
333 350
333 351
333 353
333 354
333 355
333 356
333 357
333 358
333 359
333 360
333 361
333 362
333 363
333 364
333 365
333 366
333 367
333 369
333 370
333 371
333 372
333 373
333 374
333 375
333 377
333 378
333 379
333 381
333 389
333 391
333 393
333 394
333 395
333 397
333 398
333 399
333 401
333 402
333 403
333 404
333 405
333 406
333 407
333 409
333 410
333 411
333 412
333 413
333 414
333 415
333 417
333 418
333 419
333 420
333 421
333 422
333 423
333 424
333 425
333 426
333 427
333 428
333 429
333 430
333 431
333 433
333 434
333 435
333 436
333 437
333 438
333 439
333 441
333 442
333 443
333 445
333 453
333 455
333 457
333 458
333 459
333 461
333 462
333 463
333 465
333 467
333 468
333 469
333 471
333 473
333 474
333 475
333 477
333 485
333 487
333 493
334 335
334 336
334 338
334 339
334 340
334 341
334 342
334 343
334 344
334 345
334 346
334 347
334 348
334 349
334 350
334 351
334 352
334 354
334 355
334 356
334 357
334 358
334 359
334 360
334 362
334 363
334 364
334 365
334 366
334 367
334 368
334 370
334 371
334 372
334 373
334 374
334 375
334 376
334 378
334 379
334 380
334 382
334 390
334 391
334 392
334 394
334 395
334 396
334 397
334 398
334 399
334 400
334 402
334 403
334 404
334 405
334 406
334 407
334 408
334 409
334 410
334 411
334 412
334 413
334 414
334 415
334 416
334 418
334 419
334 420
334 421
334 422
334 423
334 424
334 426
334 427
334 428
334 429
334 430
334 431
334 432
334 434
334 435
334 436
334 437
334 438
334 439
334 440
334 442
334 443
334 444
334 446
334 454
334 455
334 456
334 458
334 459
334 460
334 461
334 462
334 463
334 464
334 466
334 467
334 468
334 470
334 471
334 472
334 474
334 475
334 476
334 478
334 486
334 487
334 488
334 494
335 336
335 339
335 340
335 341
335 342
335 343
335 344
335 345
335 346
335 347
335 348
335 349
335 350
335 351
335 352
335 355
335 356
335 357
335 358
335 359
335 360
335 363
335 364
335 365
335 366
335 367
335 368
335 371
335 372
335 373
335 374
335 375
335 376
335 377
335 378
335 379
335 380
335 381
335 382
335 383
335 391
335 392
335 395
335 396
335 397
335 398
335 399
335 400
335 403
335 404
335 405
335 406
335 407
335 408
335 409
335 410
335 411
335 412
335 413
335 414
335 415
335 416
335 419
335 420
335 421
335 422
335 423
335 424
335 427
335 428
335 429
335 430
335 431
335 432
335 435
335 436
335 437
335 438
335 439
335 440
335 441
335 442
335 443
335 444
335 445
335 446
335 447
335 455
335 456
335 459
335 460
335 461
335 462
335 463
335 464
335 467
335 468
335 471
335 472
335 475
335 477
335 478
335 479
335 487
335 488
335 495
336 340
336 342
336 343
336 344
336 346
336 347
336 348
336 349
336 350
336 351
336 352
336 356
336 358
336 359
336 360
336 364
336 366
336 367
336 368
336 372
336 374
336 375
336 376
336 378
336 379
336 380
336 381
336 382
336 383
336 384
336 392
336 396
336 398
336 399
336 400
336 404
336 406
336 407
336 408
336 410
336 411
336 412
336 413
336 414
336 415
336 416
336 420
336 422
336 423
336 424
336 428
336 430
336 431
336 432
336 436
336 438
336 439
336 440
336 442
336 443
336 444
336 445
336 446
336 447
336 448
336 456
336 460
336 462
336 463
336 464
336 468
336 472
336 476
336 478
336 479
336 480
336 488
336 496
337 338
337 339
337 340
337 341
337 342
337 343
337 345
337 346
337 347
337 349
337 353
337 354
337 355
337 356
337 357
337 358
337 359
337 361
337 362
337 363
337 365
337 369
337 370
337 371
337 373
337 377
337 385
337 386
337 387
337 388
337 389
337 390
337 391
337 393
337 394
337 395
337 397
337 401
337 402
337 403
337 405
337 409
337 417
337 418
337 419
337 420
337 421
337 422
337 423
337 425
337 426
337 427
337 429
337 433
337 434
337 435
337 437
337 441
337 449
337 450
337 451
337 452
337 453
337 454
337 455
337 457
337 458
337 459
337 461
337 465
337 466
337 467
337 469
337 473
337 481
337 482
337 483
337 485
337 489
337 497
338 339
338 340
338 341
338 342
338 343
338 344
338 345
338 346
338 347
338 348
338 349
338 350
338 353
338 354
338 355
338 356
338 357
338 358
338 359
338 360
338 361
338 362
338 363
338 364
338 365
338 366
338 369
338 370
338 371
338 372
338 373
338 374
338 377
338 378
338 386
338 387
338 388
338 389
338 390
338 391
338 392
338 393
338 394
338 395
338 396
338 398
338 401
338 402
338 403
338 404
338 405
338 406
338 409
338 410
338 417
338 418
338 419
338 420
338 421
338 422
338 423
338 424
338 425
338 426
338 427
338 428
338 429
338 430
338 433
338 434
338 435
338 436
338 437
338 438
338 441
338 442
338 450
338 451
338 452
338 453
338 454
338 455
338 456
338 457
338 458
338 459
338 460
338 462
338 465
338 466
338 467
338 468
338 469
338 470
338 473
338 474
338 482
338 483
338 484
338 486
338 489
338 490
338 498
339 340
339 341
339 342
339 343
339 344
339 345
339 346
339 347
339 348
339 349
339 350
339 351
339 353
339 354
339 355
339 356
339 357
339 358
339 359
339 360
339 361
339 362
339 363
339 364
339 365
339 366
339 367
339 369
339 370
339 371
339 372
339 373
339 374
339 375
339 377
339 378
339 379
339 387
339 389
339 390
339 391
339 393
339 394
339 395
339 396
339 397
339 398
339 399
339 401
339 402
339 403
339 404
339 405
339 406
339 407
339 409
339 410
339 411
339 417
339 418
339 419
339 420
339 421
339 422
339 423
339 424
339 425
339 426
339 427
339 428
339 429
339 430
339 431
339 433
339 434
339 435
339 436
339 437
339 438
339 439
339 441
339 442
339 443
339 451
339 453
339 454
339 455
339 457
339 458
339 459
339 460
339 461
339 462
339 463
339 465
339 466
339 467
339 468
339 469
339 470
339 471
339 473
339 474
339 475
339 483
339 485
339 486
339 487
339 489
339 490
339 491
339 499
340 341
340 342
340 343
340 344
340 345
340 346
340 347
340 348
340 349
340 350
340 351
340 352
340 354
340 355
340 356
340 357
340 358
340 359
340 360
340 361
340 362
340 363
340 364
340 365
340 366
340 367
340 368
340 370
340 371
340 372
340 373
340 374
340 375
340 376
340 378
340 380
340 388
340 390
340 391
340 392
340 394
340 395
340 396
340 397
340 398
340 399
340 400
340 402
340 403
340 404
340 405
340 406
340 407
340 408
340 410
340 412
340 418
340 419
340 420
340 421
340 422
340 423
340 424
340 425
340 426
340 427
340 428
340 429
340 430
340 431
340 432
340 434
340 435
340 436
340 437
340 438
340 439
340 440
340 442
340 444
340 452
340 454
340 455
340 456
340 458
340 459
340 460
340 461
340 462
340 463
340 464
340 466
340 467
340 468
340 469
340 470
340 471
340 472
340 474
340 476
340 484
340 486
340 487
340 488
340 490
340 492
340 500
341 342
341 343
341 344
341 345
341 346
341 347
341 348
341 349
341 350
341 351
341 353
341 354
341 355
341 356
341 357
341 358
341 359
341 361
341 362
341 363
341 364
341 365
341 366
341 367
341 369
341 370
341 371
341 372
341 373
341 374
341 375
341 377
341 378
341 379
341 381
341 389
341 393
341 394
341 395
341 397
341 401
341 402
341 403
341 404
341 405
341 406
341 407
341 409
341 410
341 411
341 413
341 417
341 418
341 419
341 420
341 421
341 422
341 423
341 425
341 426
341 427
341 428
341 429
341 430
341 431
341 433
341 434
341 435
341 436
341 437
341 438
341 439
341 441
341 442
341 443
341 445
341 453
341 457
341 458
341 459
341 461
341 465
341 466
341 467
341 468
341 469
341 470
341 471
341 473
341 474
341 475
341 477
341 485
341 489
341 490
341 491
341 493
341 501
342 343
342 344
342 345
342 346
342 347
342 348
342 349
342 350
342 351
342 352
342 354
342 355
342 356
342 357
342 358
342 359
342 360
342 361
342 362
342 363
342 364
342 365
342 366
342 367
342 368
342 370
342 371
342 372
342 373
342 374
342 375
342 376
342 378
342 379
342 380
342 382
342 390
342 394
342 395
342 396
342 398
342 402
342 403
342 404
342 405
342 406
342 407
342 408
342 410
342 411
342 412
342 414
342 418
342 419
342 420
342 421
342 422
342 423
342 424
342 425
342 426
342 427
342 428
342 429
342 430
342 431
342 432
342 434
342 435
342 436
342 437
342 438
342 439
342 440
342 442
342 443
342 444
342 446
342 454
342 458
342 459
342 460
342 462
342 466
342 467
342 468
342 469
342 470
342 471
342 472
342 474
342 475
342 476
342 478
342 486
342 490
342 491
342 492
342 494
342 502
343 344
343 345
343 346
343 347
343 348
343 349
343 350
343 351
343 352
343 355
343 356
343 357
343 358
343 359
343 360
343 361
343 362
343 363
343 364
343 365
343 366
343 367
343 368
343 371
343 372
343 373
343 374
343 375
343 376
343 377
343 378
343 379
343 380
343 381
343 382
343 383
343 391
343 395
343 396
343 397
343 398
343 399
343 403
343 404
343 405
343 406
343 407
343 408
343 409
343 410
343 411
343 412
343 413
343 414
343 415
343 419
343 420
343 421
343 422
343 423
343 424
343 425
343 426
343 427
343 428
343 429
343 430
343 431
343 432
343 435
343 436
343 437
343 438
343 439
343 440
343 441
343 442
343 443
343 444
343 445
343 446
343 447
343 455
343 459
343 460
343 461
343 462
343 463
343 467
343 468
343 469
343 470
343 471
343 472
343 473
343 474
343 475
343 476
343 477
343 478
343 479
343 487
343 491
343 492
343 493
343 494
343 495
343 503
344 346
344 347
344 348
344 349
344 350
344 351
344 352
344 356
344 358
344 359
344 360
344 362
344 363
344 364
344 365
344 366
344 367
344 368
344 372
344 374
344 375
344 376
344 378
344 379
344 380
344 381
344 382
344 383
344 384
344 392
344 396
344 398
344 399
344 400
344 404
344 406
344 407
344 408
344 410
344 411
344 412
344 413
344 414
344 415
344 416
344 420
344 422
344 423
344 424
344 426
344 427
344 428
344 429
344 430
344 431
344 432
344 436
344 438
344 439
344 440
344 442
344 443
344 444
344 445
344 446
344 447
344 448
344 456
344 460
344 462
344 463
344 464
344 468
344 470
344 471
344 472
344 474
344 475
344 476
344 477
344 478
344 479
344 480
344 488
344 492
344 494
344 495
344 496
344 504
345 346
345 347
345 348
345 349
345 350
345 351
345 353
345 354
345 355
345 356
345 357
345 358
345 359
345 361
345 362
345 363
345 365
345 366
345 367
345 369
345 370
345 371
345 372
345 373
345 374
345 375
345 377
345 378
345 379
345 381
345 393
345 397
345 401
345 402
345 403
345 405
345 407
345 409
345 410
345 411
345 413
345 417
345 418
345 419
345 420
345 421
345 422
345 423
345 425
345 426
345 427
345 429
345 430
345 431
345 433
345 434
345 435
345 436
345 437
345 438
345 439
345 441
345 442
345 443
345 445
345 457
345 461
345 465
345 466
345 467
345 469
345 471
345 473
345 474
345 475
345 477
345 481
345 482
345 483
345 484
345 485
345 486
345 487
345 489
345 490
345 491
345 493
345 497
345 498
345 499
345 501
345 505
346 347
346 348
346 349
346 350
346 351
346 352
346 354
346 355
346 356
346 357
346 358
346 359
346 360
346 361
346 362
346 363
346 364
346 365
346 366
346 367
346 368
346 369
346 370
346 371
346 372
346 373
346 374
346 375
346 376
346 377
346 378
346 379
346 380
346 381
346 382
346 394
346 397
346 398
346 402
346 403
346 404
346 405
346 406
346 407
346 408
346 409
346 410
346 411
346 412
346 413
346 414
346 418
346 419
346 420
346 421
346 422
346 423
346 424
346 425
346 426
346 427
346 428
346 429
346 430
346 431
346 432
346 433
346 434
346 435
346 436
346 437
346 438
346 439
346 440
346 441
346 442
346 443
346 444
346 445
346 446
346 458
346 461
346 462
346 466
346 467
346 468
346 469
346 470
346 471
346 472
346 473
346 474
346 475
346 476
346 477
346 478
346 482
346 483
346 484
346 485
346 486
346 487
346 488
346 490
346 491
346 492
346 493
346 494
346 498
346 499
346 500
346 502
346 506
347 348
347 349
347 350
347 351
347 352
347 355
347 357
347 358
347 359
347 360
347 361
347 362
347 363
347 364
347 365
347 366
347 367
347 368
347 369
347 370
347 371
347 372
347 373
347 374
347 375
347 376
347 377
347 378
347 379
347 380
347 381
347 382
347 383
347 395
347 397
347 398
347 399
347 403
347 405
347 406
347 407
347 408
347 409
347 410
347 411
347 412
347 413
347 414
347 415
347 419
347 421
347 422
347 423
347 424
347 425
347 426
347 427
347 428
347 429
347 430
347 431
347 432
347 433
347 434
347 435
347 436
347 437
347 438
347 439
347 440
347 441
347 442
347 443
347 444
347 445
347 446
347 447
347 459
347 461
347 462
347 463
347 467
347 469
347 470
347 471
347 472
347 473
347 474
347 475
347 476
347 477
347 478
347 479
347 483
347 485
347 486
347 487
347 489
347 490
347 491
347 492
347 493
347 494
347 495
347 499
347 501
347 502
347 503
347 507
348 349
348 350
348 351
348 352
348 356
348 358
348 359
348 360
348 362
348 363
348 364
348 365
348 366
348 367
348 368
348 370
348 371
348 372
348 373
348 374
348 375
348 376
348 378
348 379
348 380
348 381
348 382
348 383
348 384
348 396
348 398
348 400
348 404
348 406
348 407
348 408
348 410
348 411
348 412
348 414
348 415
348 416
348 420
348 422
348 423
348 424
348 426
348 427
348 428
348 429
348 430
348 431
348 432
348 434
348 435
348 436
348 437
348 438
348 439
348 440
348 442
348 443
348 444
348 445
348 446
348 447
348 448
348 460
348 462
348 464
348 468
348 470
348 471
348 472
348 474
348 475
348 476
348 478
348 479
348 480
348 484
348 486
348 487
348 488
348 490
348 491
348 492
348 493
348 494
348 495
348 496
348 500
348 502
348 503
348 504
348 508
349 350
349 351
349 352
349 357
349 359
349 360
349 361
349 362
349 363
349 364
349 365
349 366
349 367
349 368
349 369
349 370
349 371
349 372
349 373
349 374
349 375
349 376
349 377
349 378
349 379
349 380
349 381
349 382
349 383
349 397
349 399
349 405
349 407
349 408
349 409
349 410
349 411
349 413
349 414
349 415
349 421
349 423
349 424
349 425
349 426
349 427
349 428
349 429
349 430
349 431
349 432
349 433
349 434
349 435
349 436
349 437
349 438
349 439
349 440
349 441
349 442
349 443
349 444
349 445
349 446
349 447
349 461
349 463
349 469
349 471
349 472
349 473
349 474
349 475
349 477
349 478
349 479
349 485
349 489
349 490
349 491
349 493
349 495
349 497
349 498
349 499
349 500
349 501
349 502
349 503
349 505
349 506
349 507
349 509
350 351
350 352
350 358
350 359
350 360
350 362
350 363
350 364
350 365
350 366
350 367
350 368
350 370
350 371
350 372
350 373
350 374
350 375
350 376
350 377
350 378
350 379
350 380
350 381
350 382
350 383
350 384
350 398
350 399
350 400
350 406
350 407
350 408
350 410
350 411
350 412
350 413
350 414
350 415
350 416
350 422
350 423
350 424
350 426
350 427
350 428
350 429
350 430
350 431
350 432
350 434
350 435
350 436
350 437
350 438
350 439
350 440
350 441
350 442
350 443
350 444
350 445
350 446
350 447
350 448
350 462
350 463
350 464
350 470
350 471
350 472
350 474
350 475
350 476
350 477
350 478
350 479
350 480
350 486
350 490
350 491
350 492
350 494
350 495
350 496
350 498
350 499
350 500
350 501
350 502
350 503
350 504
350 506
350 507
350 508
350 510
351 352
351 359
351 360
351 363
351 364
351 365
351 366
351 367
351 368
351 371
351 372
351 373
351 374
351 375
351 376
351 377
351 378
351 379
351 380
351 381
351 382
351 383
351 384
351 399
351 400
351 407
351 408
351 411
351 412
351 413
351 414
351 415
351 416
351 423
351 424
351 427
351 428
351 429
351 430
351 431
351 432
351 435
351 436
351 437
351 438
351 439
351 440
351 441
351 442
351 443
351 444
351 445
351 446
351 447
351 448
351 463
351 464
351 471
351 472
351 475
351 476
351 477
351 478
351 479
351 480
351 487
351 491
351 493
351 494
351 495
351 496
351 499
351 501
351 502
351 503
351 505
351 506
351 507
351 508
351 509
351 510
351 511
352 360
352 364
352 366
352 367
352 368
352 372
352 374
352 375
352 376
352 378
352 379
352 380
352 381
352 382
352 383
352 384
352 400
352 408
352 412
352 414
352 415
352 416
352 424
352 428
352 430
352 431
352 432
352 436
352 438
352 439
352 440
352 442
352 443
352 444
352 445
352 446
352 447
352 448
352 464
352 472
352 476
352 478
352 479
352 480
352 488
352 492
352 494
352 495
352 496
352 500
352 502
352 503
352 504
352 506
352 507
352 508
352 509
352 510
352 511
352 512
353 354
353 355
353 356
353 357
353 358
353 359
353 361
353 362
353 363
353 365
353 369
353 370
353 371
353 373
353 377
353 385
353 386
353 387
353 388
353 389
353 390
353 391
353 393
353 394
353 395
353 397
353 401
353 402
353 403
353 405
353 409
353 417
353 418
353 419
353 421
353 425
353 433
353 434
353 435
353 437
353 441
353 449
353 450
353 451
353 452
353 453
353 454
353 455
353 457
353 458
353 459
353 461
353 465
353 466
353 467
353 469
353 473
353 481
353 482
353 483
353 485
353 489
353 497
354 355
354 356
354 357
354 358
354 359
354 360
354 361
354 362
354 363
354 364
354 365
354 366
354 369
354 370
354 371
354 372
354 373
354 374
354 377
354 378
354 386
354 387
354 388
354 389
354 390
354 391
354 392
354 394
354 395
354 396
354 398
354 401
354 402
354 403
354 404
354 406
354 409
354 410
354 417
354 418
354 419
354 420
354 421
354 422
354 425
354 426
354 433
354 434
354 435
354 436
354 437
354 438
354 441
354 442
354 449
354 450
354 451
354 452
354 453
354 454
354 455
354 456
354 457
354 458
354 459
354 460
354 461
354 462
354 465
354 466
354 467
354 468
354 469
354 470
354 473
354 474
354 481
354 482
354 483
354 484
354 485
354 486
354 489
354 490
354 497
354 498
355 356
355 357
355 358
355 359
355 360
355 361
355 362
355 363
355 364
355 365
355 366
355 367
355 369
355 370
355 371
355 372
355 373
355 374
355 375
355 377
355 378
355 379
355 387
355 389
355 390
355 391
355 393
355 394
355 395
355 396
355 397
355 398
355 399
355 401
355 402
355 403
355 405
355 406
355 407
355 409
355 410
355 411
355 417
355 418
355 419
355 420
355 421
355 422
355 423
355 425
355 426
355 427
355 433
355 434
355 435
355 436
355 437
355 438
355 439
355 441
355 442
355 443
355 449
355 450
355 451
355 452
355 453
355 454
355 455
355 456
355 457
355 458
355 459
355 460
355 461
355 462
355 463
355 465
355 466
355 467
355 468
355 469
355 470
355 471
355 473
355 474
355 475
355 481
355 482
355 483
355 484
355 485
355 486
355 487
355 489
355 490
355 491
355 497
355 498
355 499
356 357
356 358
356 359
356 360
356 361
356 362
356 363
356 364
356 365
356 366
356 367
356 368
356 369
356 370
356 371
356 372
356 373
356 374
356 375
356 376
356 377
356 378
356 380
356 388
356 390
356 391
356 392
356 394
356 395
356 396
356 397
356 398
356 399
356 400
356 402
356 404
356 406
356 407
356 408
356 409
356 410
356 412
356 418
356 419
356 420
356 422
356 423
356 424
356 425
356 426
356 428
356 433
356 434
356 435
356 436
356 437
356 438
356 439
356 440
356 441
356 442
356 444
356 450
356 451
356 452
356 453
356 454
356 455
356 456
356 458
356 459
356 460
356 461
356 462
356 463
356 464
356 466
356 467
356 468
356 470
356 471
356 472
356 473
356 474
356 476
356 482
356 483
356 484
356 486
356 487
356 488
356 490
356 492
356 498
356 500
357 358
357 359
357 360
357 361
357 362
357 363
357 364
357 365
357 366
357 367
357 369
357 370
357 371
357 372
357 373
357 374
357 375
357 377
357 378
357 379
357 381
357 389
357 393
357 394
357 395
357 397
357 401
357 402
357 403
357 404
357 405
357 406
357 407
357 409
357 410
357 411
357 413
357 417
357 418
357 419
357 421
357 422
357 423
357 425
357 426
357 427
357 429
357 433
357 434
357 435
357 436
357 437
357 438
357 439
357 441
357 442
357 443
357 445
357 449
357 450
357 451
357 452
357 453
357 454
357 455
357 457
357 458
357 459
357 460
357 461
357 462
357 463
357 465
357 466
357 467
357 468
357 469
357 470
357 471
357 473
357 474
357 475
357 477
357 481
357 482
357 483
357 485
357 486
357 487
357 489
357 490
357 491
357 493
357 497
357 499
357 501
358 359
358 360
358 361
358 362
358 363
358 364
358 365
358 366
358 367
358 368
358 369
358 370
358 371
358 372
358 373
358 374
358 375
358 376
358 377
358 378
358 379
358 380
358 382
358 390
358 394
358 395
358 396
358 398
358 402
358 403
358 404
358 405
358 406
358 407
358 408
358 409
358 410
358 411
358 412
358 414
358 418
358 419
358 420
358 421
358 422
358 423
358 424
358 425
358 426
358 427
358 428
358 430
358 433
358 434
358 435
358 436
358 437
358 438
358 439
358 440
358 441
358 442
358 443
358 444
358 446
358 450
358 451
358 452
358 453
358 454
358 455
358 456
358 457
358 458
358 459
358 460
358 461
358 462
358 463
358 464
358 466
358 467
358 468
358 469
358 470
358 471
358 472
358 473
358 474
358 475
358 476
358 478
358 482
358 483
358 484
358 485
358 486
358 487
358 488
358 490
358 491
358 492
358 494
358 498
358 499
358 500
358 502
359 360
359 361
359 362
359 363
359 364
359 365
359 366
359 367
359 368
359 369
359 370
359 371
359 372
359 373
359 374
359 375
359 376
359 377
359 378
359 379
359 380
359 381
359 382
359 383
359 391
359 395
359 397
359 398
359 399
359 403
359 404
359 405
359 406
359 407
359 409
359 410
359 411
359 412
359 413
359 414
359 415
359 419
359 420
359 421
359 422
359 423
359 424
359 425
359 426
359 427
359 428
359 429
359 430
359 431
359 433
359 434
359 435
359 436
359 437
359 438
359 439
359 440
359 441
359 442
359 443
359 444
359 445
359 446
359 447
359 451
359 452
359 453
359 454
359 455
359 456
359 457
359 458
359 459
359 460
359 461
359 462
359 463
359 464
359 467
359 468
359 469
359 470
359 471
359 472
359 473
359 474
359 475
359 476
359 477
359 478
359 479
359 483
359 484
359 485
359 486
359 487
359 488
359 491
359 492
359 493
359 494
359 495
359 499
359 500
359 503
360 362
360 363
360 364
360 365
360 366
360 367
360 368
360 370
360 371
360 372
360 374
360 375
360 376
360 378
360 379
360 380
360 381
360 382
360 383
360 384
360 392
360 396
360 398
360 399
360 400
360 404
360 406
360 407
360 408
360 410
360 411
360 412
360 413
360 414
360 415
360 416
360 420
360 422
360 423
360 424
360 426
360 428
360 430
360 431
360 432
360 434
360 435
360 436
360 438
360 439
360 440
360 442
360 444
360 446
360 447
360 448
360 452
360 454
360 455
360 456
360 458
360 459
360 460
360 461
360 462
360 463
360 464
360 468
360 470
360 471
360 472
360 474
360 475
360 476
360 477
360 478
360 479
360 480
360 484
360 486
360 487
360 488
360 492
360 494
360 495
360 496
360 500
360 504
361 362
361 363
361 364
361 365
361 366
361 367
361 369
361 370
361 371
361 372
361 373
361 374
361 375
361 377
361 378
361 379
361 381
361 393
361 401
361 402
361 403
361 405
361 409
361 411
361 413
361 417
361 418
361 419
361 420
361 421
361 422
361 423
361 425
361 426
361 427
361 429
361 433
361 434
361 435
361 437
361 438
361 439
361 441
361 442
361 443
361 445
361 449
361 450
361 451
361 452
361 453
361 454
361 455
361 457
361 458
361 459
361 461
361 465
361 466
361 467
361 468
361 469
361 470
361 471
361 473
361 474
361 475
361 477
361 481
361 482
361 483
361 484
361 485
361 486
361 487
361 489
361 490
361 491
361 493
361 497
361 498
361 499
361 501
361 505
362 363
362 364
362 365
362 366
362 367
362 368
362 369
362 370
362 371
362 372
362 373
362 374
362 375
362 376
362 377
362 378
362 379
362 380
362 381
362 382
362 394
362 402
362 403
362 404
362 405
362 406
362 409
362 410
362 411
362 412
362 413
362 414
362 418
362 419
362 420
362 421
362 422
362 423
362 424
362 425
362 426
362 427
362 428
362 429
362 430
362 433
362 434
362 435
362 436
362 437
362 438
362 439
362 440
362 441
362 442
362 443
362 444
362 445
362 446
362 450
362 451
362 452
362 453
362 454
362 455
362 456
362 457
362 458
362 459
362 460
362 461
362 462
362 465
362 466
362 467
362 468
362 469
362 470
362 471
362 472
362 473
362 474
362 475
362 476
362 477
362 478
362 482
362 483
362 484
362 485
362 486
362 487
362 488
362 489
362 490
362 491
362 492
362 493
362 494
362 498
362 499
362 500
362 501
362 502
362 506
363 364
363 365
363 366
363 367
363 368
363 369
363 370
363 371
363 372
363 373
363 374
363 375
363 376
363 377
363 378
363 379
363 380
363 381
363 382
363 383
363 395
363 403
363 405
363 406
363 407
363 409
363 410
363 411
363 412
363 413
363 414
363 415
363 419
363 421
363 422
363 423
363 425
363 426
363 427
363 428
363 429
363 430
363 431
363 433
363 434
363 435
363 436
363 437
363 438
363 439
363 440
363 441
363 442
363 443
363 444
363 445
363 446
363 447
363 451
363 453
363 454
363 455
363 457
363 458
363 459
363 460
363 461
363 462
363 463
363 465
363 466
363 467
363 468
363 469
363 470
363 471
363 472
363 473
363 474
363 475
363 476
363 477
363 478
363 479
363 483
363 485
363 486
363 487
363 489
363 490
363 491
363 492
363 493
363 494
363 495
363 499
363 501
363 502
363 503
363 507
364 365
364 366
364 367
364 368
364 370
364 371
364 372
364 373
364 374
364 375
364 376
364 378
364 379
364 380
364 381
364 382
364 383
364 384
364 396
364 404
364 406
364 407
364 408
364 410
364 411
364 412
364 414
364 416
364 420
364 422
364 423
364 424
364 426
364 427
364 428
364 429
364 430
364 431
364 432
364 434
364 435
364 436
364 437
364 438
364 439
364 440
364 442
364 443
364 444
364 446
364 447
364 448
364 452
364 454
364 455
364 456
364 458
364 459
364 460
364 461
364 462
364 463
364 464
364 466
364 467
364 468
364 469
364 470
364 471
364 472
364 474
364 475
364 476
364 477
364 478
364 479
364 480
364 484
364 486
364 487
364 488
364 490
364 491
364 492
364 493
364 494
364 495
364 496
364 500
364 502
364 503
364 504
364 508
365 366
365 367
365 368
365 369
365 370
365 371
365 372
365 373
365 374
365 375
365 376
365 377
365 378
365 379
365 380
365 381
365 382
365 383
365 397
365 405
365 407
365 409
365 410
365 411
365 412
365 413
365 415
365 421
365 423
365 425
365 426
365 427
365 428
365 429
365 430
365 431
365 433
365 434
365 435
365 436
365 437
365 438
365 439
365 440
365 441
365 442
365 443
365 444
365 445
365 446
365 447
365 453
365 455
365 457
365 458
365 459
365 461
365 462
365 463
365 465
365 466
365 467
365 468
365 469
365 470
365 471
365 473
365 474
365 475
365 476
365 477
365 478
365 479
365 485
365 487
365 489
365 490
365 491
365 493
365 494
365 495
365 497
365 498
365 499
365 500
365 501
365 502
365 503
365 505
365 506
365 507
365 509
366 367
366 368
366 370
366 371
366 372
366 373
366 374
366 375
366 376
366 377
366 378
366 379
366 380
366 381
366 382
366 383
366 384
366 398
366 406
366 407
366 408
366 410
366 411
366 412
366 414
366 415
366 416
366 422
366 423
366 424
366 426
366 427
366 428
366 429
366 430
366 431
366 432
366 434
366 435
366 436
366 437
366 438
366 439
366 440
366 442
366 443
366 444
366 445
366 446
366 447
366 448
366 454
366 455
366 456
366 458
366 459
366 460
366 461
366 462
366 463
366 464
366 466
366 467
366 468
366 469
366 470
366 471
366 472
366 473
366 474
366 475
366 476
366 477
366 478
366 479
366 480
366 486
366 487
366 488
366 490
366 491
366 492
366 493
366 494
366 495
366 496
366 498
366 499
366 500
366 501
366 502
366 503
366 504
366 506
366 507
366 508
366 510
367 368
367 371
367 372
367 373
367 374
367 375
367 376
367 377
367 378
367 379
367 380
367 381
367 382
367 383
367 384
367 399
367 407
367 408
367 411
367 412
367 413
367 414
367 415
367 416
367 423
367 424
367 427
367 428
367 429
367 430
367 431
367 432
367 435
367 436
367 437
367 438
367 439
367 440
367 441
367 442
367 443
367 444
367 445
367 446
367 447
367 448
367 455
367 456
367 459
367 460
367 461
367 462
367 463
367 464
367 467
367 468
367 469
367 470
367 471
367 472
367 473
367 474
367 475
367 476
367 477
367 478
367 479
367 480
367 487
367 488
367 491
367 492
367 493
367 494
367 495
367 496
367 499
367 501
367 502
367 503
367 504
367 505
367 506
367 507
367 508
367 509
367 510
367 511
368 372
368 374
368 375
368 376
368 378
368 379
368 380
368 381
368 382
368 383
368 384
368 400
368 408
368 412
368 414
368 415
368 416
368 424
368 428
368 430
368 431
368 432
368 436
368 438
368 439
368 440
368 442
368 443
368 444
368 445
368 446
368 447
368 448
368 456
368 460
368 462
368 463
368 464
368 468
368 470
368 471
368 472
368 474
368 475
368 476
368 477
368 478
368 479
368 480
368 488
368 492
368 494
368 495
368 496
368 500
368 502
368 503
368 504
368 506
368 507
368 508
368 509
368 510
368 511
368 512
369 370
369 371
369 372
369 373
369 374
369 375
369 377
369 378
369 379
369 381
369 401
369 409
369 413
369 417
369 418
369 419
369 421
369 425
369 429
369 433
369 434
369 435
369 437
369 441
369 442
369 443
369 445
369 449
369 450
369 451
369 452
369 453
369 454
369 455
369 457
369 458
369 459
369 461
369 465
369 466
369 467
369 469
369 473
369 477
369 481
369 482
369 483
369 484
369 485
369 486
369 487
369 489
369 490
369 491
369 493
369 497
369 498
369 499
369 501
369 505
370 371
370 372
370 373
370 374
370 375
370 376
370 377
370 378
370 379
370 380
370 381
370 382
370 402
370 409
370 410
370 413
370 414
370 418
370 419
370 420
370 422
370 425
370 426
370 429
370 430
370 433
370 434
370 435
370 436
370 437
370 438
370 441
370 442
370 443
370 444
370 445
370 446
370 450
370 451
370 452
370 453
370 454
370 455
370 456
370 457
370 458
370 459
370 460
370 462
370 465
370 466
370 467
370 468
370 469
370 470
370 473
370 474
370 477
370 478
370 481
370 482
370 483
370 484
370 485
370 486
370 487
370 488
370 489
370 490
370 491
370 492
370 493
370 494
370 497
370 498
370 499
370 500
370 501
370 502
370 505
370 506
371 372
371 373
371 374
371 375
371 376
371 377
371 378
371 379
371 380
371 381
371 382
371 383
371 403
371 409
371 410
371 411
371 413
371 414
371 415
371 419
371 421
371 422
371 423
371 425
371 426
371 427
371 429
371 430
371 431
371 433
371 434
371 435
371 436
371 437
371 438
371 439
371 441
371 442
371 443
371 444
371 445
371 446
371 447
371 451
371 453
371 454
371 455
371 457
371 458
371 459
371 460
371 461
371 462
371 463
371 465
371 466
371 467
371 468
371 469
371 470
371 471
371 473
371 474
371 475
371 477
371 478
371 479
371 481
371 482
371 483
371 484
371 485
371 486
371 487
371 488
371 489
371 490
371 491
371 492
371 493
371 494
371 495
371 497
371 498
371 499
371 500
371 501
371 502
371 503
371 505
371 506
371 507
372 373
372 374
372 375
372 376
372 377
372 378
372 379
372 380
372 381
372 382
372 383
372 384
372 404
372 410
372 412
372 413
372 414
372 416
372 420
372 422
372 423
372 424
372 426
372 428
372 429
372 430
372 432
372 434
372 435
372 436
372 437
372 438
372 439
372 440
372 441
372 442
372 443
372 444
372 445
372 446
372 447
372 448
372 452
372 454
372 455
372 456
372 458
372 459
372 460
372 461
372 462
372 463
372 464
372 466
372 467
372 468
372 470
372 471
372 472
372 474
372 476
372 477
372 478
372 480
372 482
372 483
372 484
372 485
372 486
372 487
372 488
372 490
372 491
372 492
372 493
372 494
372 495
372 496
372 498
372 499
372 500
372 502
372 503
372 504
372 506
372 508
373 374
373 375
373 376
373 377
373 378
373 379
373 380
373 381
373 382
373 383
373 405
373 409
373 411
373 413
373 414
373 415
373 421
373 425
373 426
373 427
373 429
373 430
373 431
373 433
373 434
373 435
373 437
373 438
373 439
373 441
373 442
373 443
373 444
373 445
373 446
373 447
373 453
373 457
373 458
373 459
373 461
373 465
373 466
373 467
373 468
373 469
373 470
373 471
373 473
373 474
373 475
373 477
373 478
373 479
373 481
373 482
373 483
373 484
373 485
373 486
373 487
373 489
373 490
373 491
373 492
373 493
373 494
373 495
373 497
373 498
373 499
373 500
373 501
373 502
373 503
373 505
373 506
373 507
373 509
374 375
374 376
374 377
374 378
374 379
374 380
374 381
374 382
374 383
374 384
374 406
374 410
374 411
374 412
374 413
374 414
374 415
374 416
374 422
374 426
374 427
374 428
374 429
374 430
374 431
374 432
374 434
374 435
374 436
374 437
374 438
374 439
374 440
374 441
374 442
374 443
374 444
374 445
374 446
374 447
374 448
374 454
374 458
374 459
374 460
374 462
374 466
374 467
374 468
374 469
374 470
374 471
374 472
374 474
374 475
374 476
374 477
374 478
374 479
374 480
374 482
374 483
374 484
374 485
374 486
374 487
374 488
374 489
374 490
374 491
374 492
374 493
374 494
374 495
374 496
374 498
374 499
374 500
374 501
374 502
374 503
374 504
374 506
374 507
374 508
374 510
375 376
375 377
375 378
375 379
375 380
375 381
375 382
375 383
375 384
375 407
375 411
375 412
375 413
375 414
375 415
375 416
375 423
375 427
375 428
375 429
375 430
375 431
375 432
375 435
375 436
375 437
375 438
375 439
375 440
375 441
375 442
375 443
375 444
375 445
375 446
375 447
375 448
375 455
375 459
375 460
375 461
375 462
375 463
375 467
375 468
375 469
375 470
375 471
375 472
375 473
375 474
375 475
375 476
375 477
375 478
375 479
375 480
375 483
375 484
375 485
375 486
375 487
375 488
375 489
375 490
375 491
375 492
375 493
375 494
375 495
375 496
375 499
375 500
375 501
375 502
375 503
375 504
375 505
375 506
375 507
375 508
375 509
375 510
375 511
376 378
376 379
376 380
376 381
376 382
376 383
376 384
376 408
376 412
376 414
376 416
376 424
376 428
376 430
376 431
376 432
376 436
376 438
376 439
376 440
376 442
376 443
376 444
376 446
376 447
376 448
376 456
376 460
376 462
376 463
376 464
376 468
376 470
376 471
376 472
376 474
376 475
376 476
376 477
376 478
376 479
376 480
376 484
376 486
376 487
376 488
376 490
376 491
376 492
376 493
376 494
376 495
376 496
376 500
376 502
376 503
376 504
376 506
376 507
376 508
376 509
376 510
376 511
376 512
377 378
377 379
377 380
377 381
377 382
377 383
377 409
377 413
377 415
377 425
377 429
377 431
377 433
377 434
377 435
377 437
377 439
377 441
377 442
377 443
377 445
377 446
377 447
377 457
377 461
377 465
377 466
377 467
377 469
377 473
377 474
377 475
377 477
377 479
377 481
377 482
377 483
377 484
377 485
377 486
377 487
377 489
377 490
377 491
377 493
377 497
377 498
377 499
377 500
377 501
377 502
377 503
377 505
377 506
377 507
377 509
378 379
378 380
378 381
378 382
378 383
378 384
378 410
378 413
378 414
378 415
378 416
378 426
378 429
378 430
378 431
378 432
378 434
378 435
378 436
378 437
378 438
378 439
378 440
378 441
378 442
378 443
378 444
378 445
378 446
378 447
378 448
378 458
378 461
378 462
378 466
378 467
378 468
378 469
378 470
378 473
378 474
378 475
378 476
378 477
378 478
378 479
378 480
378 482
378 483
378 484
378 485
378 486
378 487
378 488
378 489
378 490
378 491
378 492
378 493
378 494
378 497
378 498
378 499
378 500
378 501
378 502
378 503
378 504
378 505
378 506
378 507
378 508
378 509
378 510
379 380
379 381
379 382
379 383
379 384
379 411
379 413
379 414
379 415
379 416
379 427
379 429
379 430
379 431
379 432
379 435
379 437
379 438
379 439
379 440
379 441
379 442
379 443
379 444
379 445
379 446
379 447
379 448
379 459
379 461
379 462
379 463
379 467
379 469
379 470
379 471
379 473
379 474
379 475
379 476
379 477
379 478
379 479
379 480
379 483
379 485
379 486
379 487
379 489
379 490
379 491
379 492
379 493
379 494
379 495
379 497
379 498
379 499
379 500
379 501
379 502
379 503
379 504
379 505
379 506
379 507
379 508
379 509
379 510
379 511
380 381
380 382
380 383
380 384
380 412
380 414
380 415
380 416
380 428
380 430
380 431
380 432
380 436
380 438
380 439
380 440
380 442
380 443
380 444
380 445
380 446
380 447
380 448
380 460
380 462
380 464
380 468
380 470
380 471
380 472
380 474
380 475
380 476
380 478
380 479
380 480
380 484
380 486
380 487
380 488
380 490
380 491
380 492
380 493
380 494
380 495
380 496
380 498
380 499
380 500
380 501
380 502
380 503
380 504
380 506
380 507
380 508
380 509
380 510
380 511
380 512
381 382
381 383
381 384
381 413
381 415
381 416
381 429
381 431
381 432
381 437
381 439
381 440
381 441
381 442
381 443
381 444
381 445
381 446
381 447
381 448
381 461
381 463
381 469
381 471
381 473
381 474
381 475
381 477
381 478
381 479
381 480
381 485
381 487
381 489
381 490
381 491
381 493
381 494
381 495
381 497
381 498
381 499
381 500
381 501
381 502
381 503
381 505
381 506
381 507
381 508
381 509
381 510
381 511
382 383
382 384
382 414
382 415
382 416
382 430
382 431
382 432
382 438
382 439
382 440
382 442
382 443
382 444
382 445
382 446
382 447
382 448
382 462
382 463
382 464
382 470
382 471
382 472
382 474
382 475
382 476
382 477
382 478
382 479
382 480
382 486
382 487
382 488
382 490
382 491
382 492
382 493
382 494
382 495
382 496
382 498
382 499
382 500
382 501
382 502
382 503
382 504
382 505
382 506
382 507
382 508
382 509
382 510
382 511
382 512
383 384
383 415
383 416
383 431
383 432
383 439
383 440
383 443
383 444
383 445
383 446
383 447
383 448
383 463
383 464
383 471
383 472
383 475
383 476
383 477
383 478
383 479
383 480
383 487
383 488
383 491
383 492
383 493
383 494
383 495
383 496
383 499
383 500
383 501
383 502
383 503
383 504
383 505
383 506
383 507
383 508
383 509
383 510
383 511
383 512
384 416
384 432
384 440
384 444
384 446
384 447
384 448
384 464
384 472
384 476
384 478
384 479
384 480
384 488
384 492
384 494
384 495
384 496
384 500
384 502
384 503
384 504
384 506
384 507
384 508
384 509
384 510
384 511
384 512
385 386
385 387
385 388
385 389
385 390
385 391
385 393
385 394
385 395
385 397
385 401
385 402
385 403
385 405
385 409
385 417
385 418
385 419
385 421
385 425
385 433
385 449
385 450
385 451
385 453
385 457
385 465
385 481
386 387
386 388
386 389
386 390
386 391
386 392
386 393
386 394
386 395
386 396
386 397
386 398
386 401
386 402
386 403
386 404
386 405
386 406
386 409
386 410
386 417
386 418
386 419
386 420
386 421
386 422
386 425
386 426
386 433
386 434
386 449
386 450
386 451
386 452
386 453
386 454
386 457
386 458
386 465
386 466
386 481
386 482
387 388
387 389
387 390
387 391
387 392
387 393
387 394
387 395
387 396
387 397
387 398
387 399
387 401
387 402
387 403
387 404
387 405
387 406
387 407
387 409
387 410
387 411
387 417
387 418
387 419
387 420
387 421
387 422
387 423
387 425
387 426
387 427
387 433
387 434
387 435
387 449
387 450
387 451
387 452
387 453
387 454
387 455
387 457
387 458
387 459
387 465
387 466
387 467
387 481
387 482
387 483
388 389
388 390
388 391
388 392
388 393
388 394
388 395
388 396
388 397
388 398
388 399
388 400
388 401
388 402
388 403
388 404
388 405
388 406
388 407
388 408
388 409
388 410
388 412
388 417
388 418
388 419
388 420
388 421
388 422
388 423
388 424
388 425
388 426
388 428
388 433
388 434
388 436
388 449
388 450
388 451
388 452
388 453
388 454
388 455
388 456
388 457
388 458
388 460
388 465
388 466
388 468
388 481
388 482
388 484
389 390
389 391
389 392
389 393
389 394
389 395
389 396
389 397
389 398
389 399
389 401
389 402
389 403
389 404
389 405
389 406
389 407
389 409
389 410
389 411
389 413
389 417
389 418
389 419
389 420
389 421
389 422
389 423
389 425
389 426
389 427
389 429
389 433
389 434
389 435
389 437
389 449
389 450
389 451
389 452
389 453
389 454
389 455
389 457
389 458
389 459
389 461
389 465
389 466
389 467
389 469
389 481
389 482
389 483
389 485
390 391
390 392
390 393
390 394
390 395
390 396
390 397
390 398
390 399
390 400
390 401
390 402
390 403
390 404
390 405
390 406
390 407
390 408
390 409
390 410
390 411
390 412
390 414
390 417
390 418
390 419
390 420
390 421
390 422
390 423
390 424
390 425
390 426
390 427
390 428
390 430
390 433
390 434
390 435
390 436
390 438
390 449
390 450
390 451
390 452
390 453
390 454
390 455
390 456
390 457
390 458
390 459
390 460
390 462
390 465
390 466
390 467
390 468
390 470
390 481
390 482
390 483
390 484
390 486
391 392
391 393
391 394
391 395
391 396
391 397
391 398
391 399
391 400
391 401
391 402
391 403
391 404
391 405
391 406
391 407
391 408
391 409
391 410
391 411
391 412
391 413
391 414
391 415
391 417
391 418
391 419
391 420
391 421
391 422
391 423
391 424
391 425
391 426
391 427
391 428
391 429
391 430
391 431
391 433
391 434
391 435
391 436
391 439
391 449
391 450
391 451
391 452
391 453
391 454
391 455
391 456
391 457
391 458
391 459
391 460
391 461
391 462
391 463
391 465
391 466
391 467
391 468
391 471
391 481
391 482
391 483
391 484
391 487
392 394
392 395
392 396
392 397
392 398
392 399
392 400
392 402
392 403
392 404
392 406
392 407
392 408
392 410
392 411
392 412
392 413
392 414
392 415
392 416
392 418
392 419
392 420
392 422
392 423
392 424
392 426
392 428
392 430
392 431
392 432
392 434
392 436
392 440
392 450
392 451
392 452
392 454
392 455
392 456
392 458
392 460
392 462
392 463
392 464
392 466
392 468
392 472
392 482
392 484
392 488
393 394
393 395
393 396
393 397
393 398
393 399
393 401
393 402
393 403
393 404
393 405
393 406
393 407
393 409
393 410
393 411
393 413
393 417
393 418
393 419
393 420
393 421
393 422
393 423
393 425
393 426
393 427
393 429
393 433
393 434
393 435
393 437
393 441
393 449
393 450
393 451
393 453
393 454
393 455
393 457
393 458
393 459
393 461
393 465
393 466
393 467
393 469
393 473
393 481
393 483
393 485
393 489
394 395
394 396
394 397
394 398
394 399
394 400
394 401
394 402
394 403
394 404
394 405
394 406
394 407
394 408
394 409
394 410
394 411
394 412
394 413
394 414
394 417
394 418
394 419
394 420
394 421
394 422
394 423
394 424
394 425
394 426
394 427
394 428
394 429
394 430
394 433
394 434
394 435
394 436
394 437
394 438
394 442
394 449
394 450
394 451
394 452
394 453
394 454
394 455
394 456
394 457
394 458
394 459
394 460
394 461
394 462
394 465
394 466
394 467
394 468
394 469
394 470
394 474
394 481
394 482
394 483
394 484
394 485
394 486
394 490
395 396
395 397
395 398
395 399
395 400
395 401
395 402
395 403
395 404
395 405
395 406
395 407
395 408
395 409
395 410
395 411
395 412
395 413
395 414
395 415
395 417
395 418
395 419
395 420
395 421
395 422
395 423
395 424
395 425
395 426
395 427
395 428
395 429
395 430
395 431
395 433
395 434
395 435
395 436
395 437
395 438
395 439
395 443
395 449
395 450
395 451
395 452
395 453
395 454
395 455
395 456
395 457
395 458
395 459
395 460
395 461
395 462
395 463
395 465
395 466
395 467
395 468
395 469
395 470
395 471
395 475
395 481
395 482
395 483
395 484
395 485
395 486
395 487
395 491
396 397
396 398
396 399
396 400
396 402
396 403
396 404
396 405
396 406
396 407
396 408
396 410
396 411
396 412
396 413
396 414
396 415
396 416
396 418
396 419
396 420
396 421
396 422
396 423
396 424
396 426
396 427
396 428
396 429
396 430
396 431
396 432
396 434
396 435
396 436
396 438
396 439
396 440
396 444
396 450
396 451
396 452
396 453
396 454
396 455
396 456
396 458
396 459
396 460
396 462
396 463
396 464
396 466
396 467
396 468
396 470
396 471
396 472
396 476
396 482
396 483
396 484
396 486
396 488
396 492
397 398
397 399
397 400
397 401
397 402
397 403
397 404
397 405
397 406
397 407
397 408
397 409
397 410
397 411
397 412
397 413
397 414
397 415
397 417
397 418
397 419
397 420
397 421
397 422
397 423
397 424
397 425
397 426
397 427
397 428
397 429
397 430
397 431
397 433
397 434
397 435
397 436
397 437
397 438
397 439
397 441
397 442
397 443
397 445
397 449
397 450
397 451
397 452
397 453
397 454
397 455
397 456
397 457
397 458
397 459
397 460
397 461
397 462
397 463
397 465
397 467
397 468
397 469
397 471
397 473
397 474
397 475
397 477
397 481
397 483
397 484
397 485
397 487
397 493
398 399
398 400
398 402
398 403
398 404
398 405
398 406
398 407
398 408
398 409
398 410
398 411
398 412
398 413
398 414
398 415
398 416
398 418
398 419
398 420
398 421
398 422
398 423
398 424
398 426
398 427
398 428
398 429
398 430
398 431
398 432
398 434
398 435
398 436
398 437
398 438
398 439
398 440
398 442
398 443
398 444
398 446
398 450
398 451
398 452
398 453
398 454
398 455
398 456
398 458
398 459
398 460
398 461
398 462
398 463
398 464
398 466
398 467
398 468
398 470
398 471
398 472
398 474
398 475
398 476
398 478
398 482
398 483
398 484
398 486
398 487
398 488
398 494
399 400
399 403
399 404
399 405
399 406
399 407
399 408
399 409
399 410
399 411
399 412
399 413
399 414
399 415
399 416
399 419
399 420
399 421
399 422
399 423
399 424
399 427
399 428
399 429
399 430
399 431
399 432
399 435
399 436
399 437
399 438
399 439
399 440
399 441
399 442
399 443
399 444
399 445
399 446
399 447
399 451
399 452
399 453
399 454
399 455
399 456
399 459
399 460
399 461
399 462
399 463
399 464
399 467
399 468
399 471
399 472
399 475
399 477
399 478
399 479
399 483
399 484
399 487
399 488
399 495
400 404
400 406
400 407
400 408
400 410
400 411
400 412
400 413
400 414
400 415
400 416
400 420
400 422
400 423
400 424
400 428
400 430
400 431
400 432
400 436
400 438
400 439
400 440
400 442
400 443
400 444
400 445
400 446
400 447
400 448
400 452
400 454
400 455
400 456
400 460
400 462
400 463
400 464
400 468
400 472
400 476
400 478
400 479
400 480
400 484
400 488
400 496
401 402
401 403
401 404
401 405
401 406
401 407
401 409
401 410
401 411
401 413
401 417
401 418
401 419
401 420
401 421
401 422
401 423
401 425
401 426
401 427
401 429
401 433
401 434
401 435
401 437
401 441
401 449
401 450
401 451
401 452
401 453
401 454
401 455
401 457
401 458
401 459
401 461
401 465
401 466
401 467
401 469
401 473
401 481
401 482
401 483
401 485
401 489
401 497
402 403
402 404
402 405
402 406
402 407
402 408
402 409
402 410
402 411
402 412
402 413
402 414
402 417
402 418
402 419
402 420
402 421
402 422
402 423
402 424
402 425
402 426
402 427
402 428
402 429
402 430
402 433
402 434
402 435
402 436
402 437
402 438
402 441
402 442
402 449
402 450
402 451
402 452
402 453
402 454
402 455
402 456
402 457
402 458
402 459
402 460
402 461
402 462
402 465
402 466
402 467
402 468
402 469
402 470
402 473
402 474
402 481
402 482
402 483
402 484
402 485
402 486
402 489
402 490
402 498
403 404
403 405
403 406
403 407
403 408
403 409
403 410
403 411
403 412
403 413
403 414
403 415
403 417
403 418
403 419
403 420
403 421
403 422
403 423
403 424
403 425
403 426
403 427
403 428
403 429
403 430
403 431
403 433
403 434
403 435
403 436
403 437
403 438
403 439
403 441
403 442
403 443
403 449
403 450
403 451
403 452
403 453
403 454
403 455
403 457
403 458
403 459
403 460
403 461
403 462
403 463
403 465
403 466
403 467
403 468
403 469
403 470
403 471
403 473
403 474
403 475
403 481
403 482
403 483
403 485
403 486
403 487
403 489
403 490
403 491
403 499
404 405
404 406
404 407
404 408
404 409
404 410
404 411
404 412
404 413
404 414
404 415
404 416
404 418
404 419
404 420
404 421
404 422
404 423
404 424
404 425
404 426
404 427
404 428
404 429
404 430
404 431
404 432
404 434
404 435
404 436
404 437
404 438
404 439
404 440
404 442
404 444
404 450
404 451
404 452
404 453
404 454
404 455
404 456
404 457
404 458
404 459
404 460
404 461
404 462
404 463
404 464
404 466
404 467
404 468
404 469
404 470
404 471
404 472
404 474
404 476
404 482
404 484
404 485
404 486
404 487
404 488
404 490
404 492
404 500
405 406
405 407
405 408
405 409
405 410
405 411
405 412
405 413
405 414
405 415
405 417
405 418
405 419
405 420
405 421
405 422
405 423
405 425
405 426
405 427
405 428
405 429
405 430
405 431
405 433
405 434
405 435
405 436
405 437
405 438
405 439
405 441
405 442
405 443
405 445
405 449
405 450
405 451
405 453
405 454
405 455
405 457
405 458
405 459
405 460
405 461
405 462
405 463
405 465
405 466
405 467
405 468
405 469
405 470
405 471
405 473
405 474
405 475
405 477
405 481
405 483
405 485
405 486
405 487
405 489
405 490
405 491
405 493
405 501
406 407
406 408
406 409
406 410
406 411
406 412
406 413
406 414
406 415
406 416
406 418
406 419
406 420
406 421
406 422
406 423
406 424
406 425
406 426
406 427
406 428
406 429
406 430
406 431
406 432
406 434
406 435
406 436
406 437
406 438
406 439
406 440
406 442
406 443
406 444
406 446
406 450
406 451
406 452
406 453
406 454
406 455
406 456
406 457
406 458
406 459
406 460
406 461
406 462
406 463
406 464
406 466
406 467
406 468
406 469
406 470
406 471
406 472
406 474
406 475
406 476
406 478
406 482
406 483
406 484
406 485
406 486
406 487
406 488
406 490
406 491
406 492
406 494
406 502
407 408
407 409
407 410
407 411
407 412
407 413
407 414
407 415
407 416
407 419
407 420
407 421
407 422
407 423
407 424
407 425
407 426
407 427
407 428
407 429
407 430
407 431
407 432
407 435
407 436
407 437
407 438
407 439
407 440
407 441
407 442
407 443
407 444
407 445
407 446
407 447
407 451
407 452
407 453
407 454
407 455
407 456
407 457
407 458
407 459
407 460
407 461
407 462
407 463
407 464
407 467
407 468
407 469
407 470
407 471
407 472
407 473
407 474
407 475
407 476
407 477
407 478
407 479
407 483
407 484
407 485
407 486
407 487
407 488
407 491
407 492
407 493
407 494
407 495
407 503
408 410
408 411
408 412
408 413
408 414
408 415
408 416
408 420
408 422
408 423
408 424
408 426
408 427
408 428
408 429
408 430
408 431
408 432
408 436
408 438
408 439
408 440
408 442
408 443
408 444
408 445
408 446
408 447
408 448
408 452
408 454
408 455
408 456
408 458
408 459
408 460
408 462
408 463
408 464
408 468
408 470
408 471
408 472
408 474
408 475
408 476
408 477
408 478
408 479
408 480
408 484
408 486
408 488
408 492
408 494
408 495
408 496
408 504
409 410
409 411
409 412
409 413
409 414
409 415
409 417
409 418
409 419
409 420
409 421
409 422
409 423
409 425
409 426
409 427
409 429
409 430
409 431
409 433
409 434
409 435
409 436
409 437
409 438
409 439
409 441
409 442
409 443
409 445
409 449
409 450
409 451
409 453
409 455
409 457
409 458
409 459
409 461
409 462
409 463
409 465
409 466
409 467
409 469
409 471
409 473
409 474
409 475
409 477
409 481
409 482
409 483
409 484
409 485
409 486
409 487
409 489
409 490
409 491
409 493
409 497
409 498
409 499
409 501
409 505
410 411
410 412
410 413
410 414
410 415
410 416
410 418
410 419
410 420
410 421
410 422
410 423
410 424
410 425
410 426
410 427
410 428
410 429
410 430
410 431
410 432
410 433
410 434
410 435
410 436
410 437
410 438
410 439
410 440
410 441
410 442
410 443
410 444
410 445
410 446
410 450
410 451
410 452
410 453
410 454
410 455
410 456
410 457
410 458
410 459
410 460
410 461
410 462
410 463
410 464
410 466
410 467
410 468
410 469
410 470
410 471
410 472
410 473
410 474
410 475
410 476
410 477
410 478
410 482
410 483
410 484
410 485
410 486
410 487
410 488
410 490
410 491
410 492
410 493
410 494
410 498
410 499
410 500
410 502
410 506
411 412
411 413
411 414
411 415
411 416
411 419
411 421
411 422
411 423
411 424
411 425
411 426
411 427
411 428
411 429
411 430
411 431
411 432
411 433
411 434
411 435
411 436
411 437
411 438
411 439
411 440
411 441
411 442
411 443
411 444
411 445
411 446
411 447
411 451
411 453
411 454
411 455
411 456
411 457
411 458
411 459
411 460
411 461
411 462
411 463
411 464
411 467
411 469
411 470
411 471
411 472
411 473
411 474
411 475
411 476
411 477
411 478
411 479
411 483
411 485
411 486
411 487
411 488
411 489
411 490
411 491
411 492
411 493
411 494
411 495
411 499
411 501
411 502
411 503
411 507
412 413
412 414
412 415
412 416
412 420
412 422
412 423
412 424
412 426
412 427
412 428
412 429
412 430
412 431
412 432
412 434
412 435
412 436
412 437
412 438
412 439
412 440
412 442
412 443
412 444
412 445
412 446
412 447
412 448
412 452
412 454
412 455
412 456
412 458
412 459
412 460
412 461
412 462
412 463
412 464
412 468
412 470
412 471
412 472
412 474
412 475
412 476
412 478
412 479
412 480
412 484
412 486
412 487
412 488
412 490
412 491
412 492
412 493
412 494
412 495
412 496
412 500
412 502
412 503
412 504
412 508
413 414
413 415
413 416
413 421
413 423
413 424
413 425
413 426
413 427
413 428
413 429
413 430
413 431
413 432
413 433
413 434
413 435
413 436
413 437
413 438
413 439
413 440
413 441
413 442
413 443
413 444
413 445
413 446
413 447
413 453
413 455
413 456
413 457
413 458
413 459
413 460
413 461
413 462
413 463
413 464
413 469
413 471
413 472
413 473
413 474
413 475
413 477
413 478
413 479
413 485
413 487
413 488
413 489
413 490
413 491
413 493
413 495
413 497
413 498
413 499
413 500
413 501
413 502
413 503
413 505
413 506
413 507
413 509
414 415
414 416
414 422
414 423
414 424
414 426
414 427
414 428
414 429
414 430
414 431
414 432
414 434
414 435
414 436
414 437
414 438
414 439
414 440
414 441
414 442
414 443
414 444
414 445
414 446
414 447
414 448
414 454
414 455
414 456
414 458
414 459
414 460
414 461
414 462
414 463
414 464
414 470
414 471
414 472
414 474
414 475
414 476
414 477
414 478
414 479
414 480
414 486
414 487
414 488
414 490
414 491
414 492
414 494
414 495
414 496
414 498
414 499
414 500
414 501
414 502
414 503
414 504
414 506
414 507
414 508
414 510
415 416
415 423
415 424
415 427
415 428
415 429
415 430
415 431
415 432
415 435
415 436
415 437
415 438
415 439
415 440
415 441
415 442
415 443
415 444
415 445
415 446
415 447
415 448
415 455
415 456
415 459
415 460
415 461
415 462
415 463
415 464
415 471
415 472
415 475
415 476
415 477
415 478
415 479
415 480
415 487
415 488
415 491
415 493
415 494
415 495
415 496
415 499
415 501
415 502
415 503
415 505
415 506
415 507
415 508
415 509
415 510
415 511
416 424
416 428
416 430
416 431
416 432
416 436
416 438
416 439
416 440
416 442
416 443
416 444
416 445
416 446
416 447
416 448
416 456
416 460
416 462
416 463
416 464
416 472
416 476
416 478
416 479
416 480
416 488
416 492
416 494
416 495
416 496
416 500
416 502
416 503
416 504
416 506
416 507
416 508
416 509
416 510
416 511
416 512
417 418
417 419
417 420
417 421
417 422
417 423
417 425
417 426
417 427
417 429
417 433
417 434
417 435
417 437
417 441
417 449
417 450
417 451
417 452
417 453
417 454
417 455
417 457
417 458
417 459
417 461
417 465
417 466
417 467
417 469
417 473
417 481
417 482
417 483
417 485
417 489
417 497
418 419
418 420
418 421
418 422
418 423
418 424
418 425
418 426
418 427
418 428
418 429
418 430
418 433
418 434
418 435
418 436
418 437
418 438
418 441
418 442
418 449
418 450
418 451
418 452
418 453
418 454
418 455
418 456
418 457
418 458
418 459
418 460
418 461
418 462
418 465
418 466
418 467
418 468
418 469
418 470
418 473
418 474
418 481
418 482
418 483
418 484
418 485
418 486
418 489
418 490
418 497
418 498
419 420
419 421
419 422
419 423
419 424
419 425
419 426
419 427
419 428
419 429
419 430
419 431
419 433
419 434
419 435
419 436
419 437
419 438
419 439
419 441
419 442
419 443
419 449
419 450
419 451
419 452
419 453
419 454
419 455
419 456
419 457
419 458
419 459
419 460
419 461
419 462
419 463
419 465
419 466
419 467
419 468
419 469
419 470
419 471
419 473
419 474
419 475
419 481
419 482
419 483
419 484
419 485
419 486
419 487
419 489
419 490
419 491
419 497
419 498
419 499
420 421
420 422
420 423
420 424
420 425
420 426
420 427
420 428
420 429
420 430
420 431
420 432
420 433
420 434
420 435
420 436
420 437
420 438
420 439
420 440
420 441
420 442
420 444
420 450
420 451
420 452
420 453
420 454
420 455
420 456
420 457
420 458
420 459
420 460
420 461
420 462
420 463
420 464
420 465
420 466
420 467
420 468
420 469
420 470
420 471
420 472
420 473
420 474
420 476
420 482
420 483
420 484
420 486
420 487
420 488
420 489
420 490
420 492
420 498
420 500
421 422
421 423
421 424
421 425
421 426
421 427
421 428
421 429
421 430
421 431
421 433
421 434
421 435
421 436
421 437
421 438
421 439
421 441
421 442
421 443
421 445
421 449
421 450
421 451
421 452
421 453
421 454
421 455
421 457
421 458
421 459
421 460
421 461
421 462
421 463
421 465
421 466
421 467
421 468
421 469
421 470
421 471
421 473
421 474
421 475
421 477
421 481
421 482
421 483
421 485
421 486
421 487
421 489
421 490
421 491
421 493
421 497
421 499
421 501
422 423
422 424
422 425
422 426
422 427
422 428
422 429
422 430
422 431
422 432
422 433
422 434
422 435
422 436
422 437
422 438
422 439
422 440
422 441
422 442
422 443
422 444
422 446
422 450
422 451
422 452
422 453
422 454
422 455
422 456
422 457
422 458
422 459
422 460
422 461
422 462
422 463
422 464
422 465
422 466
422 467
422 468
422 469
422 470
422 471
422 472
422 473
422 474
422 475
422 476
422 478
422 482
422 483
422 484
422 485
422 486
422 487
422 488
422 489
422 490
422 491
422 492
422 494
422 498
422 499
422 500
422 502
423 424
423 425
423 426
423 427
423 428
423 429
423 430
423 431
423 432
423 433
423 434
423 435
423 436
423 437
423 438
423 439
423 440
423 441
423 442
423 443
423 444
423 445
423 446
423 447
423 451
423 452
423 453
423 454
423 455
423 456
423 457
423 458
423 459
423 460
423 461
423 462
423 463
423 464
423 465
423 466
423 467
423 468
423 469
423 470
423 471
423 472
423 473
423 474
423 475
423 476
423 477
423 478
423 479
423 483
423 484
423 485
423 486
423 487
423 488
423 489
423 490
423 491
423 492
423 493
423 494
423 495
423 499
423 500
423 503
424 426
424 427
424 428
424 429
424 430
424 431
424 432
424 434
424 435
424 436
424 438
424 439
424 440
424 442
424 443
424 444
424 445
424 446
424 447
424 448
424 452
424 454
424 455
424 456
424 458
424 459
424 460
424 461
424 462
424 463
424 464
424 466
424 467
424 468
424 470
424 471
424 472
424 474
424 475
424 476
424 477
424 478
424 479
424 480
424 484
424 486
424 487
424 488
424 490
424 492
424 494
424 495
424 496
424 500
424 504
425 426
425 427
425 428
425 429
425 430
425 431
425 433
425 434
425 435
425 436
425 437
425 438
425 439
425 441
425 442
425 443
425 445
425 449
425 450
425 451
425 452
425 453
425 454
425 455
425 457
425 458
425 459
425 461
425 465
425 466
425 467
425 468
425 469
425 470
425 471
425 473
425 474
425 475
425 477
425 481
425 482
425 483
425 484
425 485
425 486
425 487
425 489
425 490
425 491
425 493
425 497
425 498
425 499
425 501
425 505
426 427
426 428
426 429
426 430
426 431
426 432
426 433
426 434
426 435
426 436
426 437
426 438
426 439
426 440
426 441
426 442
426 443
426 444
426 445
426 446
426 450
426 451
426 452
426 453
426 454
426 455
426 456
426 457
426 458
426 459
426 460
426 461
426 462
426 465
426 466
426 467
426 468
426 469
426 470
426 471
426 472
426 473
426 474
426 475
426 476
426 477
426 478
426 482
426 483
426 484
426 485
426 486
426 487
426 488
426 489
426 490
426 491
426 492
426 493
426 494
426 498
426 499
426 500
426 501
426 502
426 506
427 428
427 429
427 430
427 431
427 432
427 433
427 434
427 435
427 436
427 437
427 438
427 439
427 440
427 441
427 442
427 443
427 444
427 445
427 446
427 447
427 451
427 453
427 454
427 455
427 457
427 458
427 459
427 460
427 461
427 462
427 463
427 465
427 466
427 467
427 468
427 469
427 470
427 471
427 472
427 473
427 474
427 475
427 476
427 477
427 478
427 479
427 483
427 485
427 486
427 487
427 489
427 490
427 491
427 492
427 493
427 494
427 495
427 499
427 501
427 502
427 503
427 507
428 429
428 430
428 431
428 432
428 434
428 435
428 436
428 437
428 438
428 439
428 440
428 442
428 443
428 444
428 445
428 446
428 447
428 448
428 452
428 454
428 455
428 456
428 458
428 459
428 460
428 461
428 462
428 463
428 464
428 466
428 467
428 468
428 469
428 470
428 471
428 472
428 474
428 475
428 476
428 477
428 478
428 479
428 480
428 484
428 486
428 487
428 488
428 490
428 491
428 492
428 493
428 494
428 495
428 496
428 500
428 502
428 503
428 504
428 508
429 430
429 431
429 432
429 433
429 434
429 435
429 436
429 437
429 438
429 439
429 440
429 441
429 442
429 443
429 444
429 445
429 446
429 447
429 453
429 455
429 457
429 458
429 459
429 460
429 461
429 462
429 463
429 465
429 466
429 467
429 468
429 469
429 470
429 471
429 472
429 473
429 474
429 475
429 476
429 477
429 478
429 479
429 485
429 487
429 489
429 490
429 491
429 492
429 493
429 494
429 495
429 497
429 498
429 499
429 500
429 501
429 502
429 503
429 505
429 506
429 507
429 509
430 431
430 432
430 434
430 435
430 436
430 437
430 438
430 439
430 440
430 441
430 442
430 443
430 444
430 445
430 446
430 447
430 448
430 454
430 455
430 456
430 458
430 459
430 460
430 461
430 462
430 463
430 464
430 466
430 467
430 468
430 469
430 470
430 471
430 472
430 473
430 474
430 475
430 476
430 477
430 478
430 479
430 480
430 486
430 487
430 488
430 490
430 491
430 492
430 493
430 494
430 495
430 496
430 498
430 499
430 500
430 501
430 502
430 503
430 504
430 506
430 507
430 508
430 510
431 432
431 435
431 436
431 437
431 438
431 439
431 440
431 441
431 442
431 443
431 444
431 445
431 446
431 447
431 448
431 455
431 456
431 459
431 460
431 461
431 462
431 463
431 464
431 467
431 468
431 469
431 470
431 471
431 472
431 473
431 474
431 475
431 476
431 477
431 478
431 479
431 480
431 487
431 488
431 491
431 492
431 493
431 494
431 495
431 496
431 499
431 501
431 502
431 503
431 504
431 505
431 506
431 507
431 508
431 509
431 510
431 511
432 436
432 438
432 439
432 440
432 442
432 443
432 444
432 445
432 446
432 447
432 448
432 456
432 460
432 462
432 463
432 464
432 468
432 470
432 471
432 472
432 474
432 475
432 476
432 477
432 478
432 479
432 480
432 488
432 492
432 494
432 495
432 496
432 500
432 502
432 503
432 504
432 506
432 507
432 508
432 509
432 510
432 511
432 512
433 434
433 435
433 436
433 437
433 438
433 439
433 441
433 442
433 443
433 445
433 449
433 450
433 451
433 452
433 453
433 454
433 455
433 457
433 458
433 459
433 461
433 465
433 466
433 467
433 469
433 473
433 474
433 475
433 477
433 481
433 482
433 483
433 484
433 485
433 486
433 487
433 489
433 490
433 491
433 493
433 497
433 498
433 499
433 501
433 505
434 435
434 436
434 437
434 438
434 439
434 440
434 441
434 442
434 443
434 444
434 445
434 446
434 450
434 451
434 452
434 453
434 454
434 455
434 456
434 457
434 458
434 459
434 460
434 461
434 462
434 465
434 466
434 467
434 468
434 469
434 470
434 473
434 474
434 475
434 476
434 477
434 478
434 481
434 482
434 483
434 484
434 485
434 486
434 487
434 488
434 489
434 490
434 491
434 492
434 493
434 494
434 497
434 498
434 499
434 500
434 501
434 502
434 505
434 506
435 436
435 437
435 438
435 439
435 440
435 441
435 442
435 443
435 444
435 445
435 446
435 447
435 451
435 453
435 454
435 455
435 457
435 458
435 459
435 460
435 461
435 462
435 463
435 465
435 466
435 467
435 468
435 469
435 470
435 471
435 473
435 474
435 475
435 476
435 477
435 478
435 479
435 481
435 482
435 483
435 484
435 485
435 486
435 487
435 488
435 489
435 490
435 491
435 492
435 493
435 494
435 495
435 497
435 498
435 499
435 500
435 501
435 502
435 503
435 505
435 506
435 507
436 437
436 438
436 439
436 440
436 441
436 442
436 443
436 444
436 445
436 446
436 447
436 448
436 452
436 454
436 455
436 456
436 458
436 459
436 460
436 461
436 462
436 463
436 464
436 466
436 467
436 468
436 469
436 470
436 471
436 472
436 473
436 474
436 475
436 476
436 477
436 478
436 479
436 480
436 482
436 483
436 484
436 485
436 486
436 487
436 488
436 490
436 491
436 492
436 493
436 494
436 495
436 496
436 498
436 499
436 500
436 502
436 503
436 504
436 506
436 508
437 438
437 439
437 440
437 441
437 442
437 443
437 444
437 445
437 446
437 447
437 453
437 457
437 458
437 459
437 461
437 462
437 463
437 465
437 466
437 467
437 468
437 469
437 470
437 471
437 473
437 474
437 475
437 476
437 477
437 478
437 479
437 481
437 482
437 483
437 484
437 485
437 486
437 487
437 489
437 490
437 491
437 492
437 493
437 494
437 495
437 497
437 498
437 499
437 500
437 501
437 502
437 503
437 505
437 506
437 507
437 509
438 439
438 440
438 441
438 442
438 443
438 444
438 445
438 446
438 447
438 448
438 454
438 458
438 459
438 460
438 461
438 462
438 463
438 464
438 466
438 467
438 468
438 469
438 470
438 471
438 472
438 473
438 474
438 475
438 476
438 477
438 478
438 479
438 480
438 482
438 483
438 484
438 485
438 486
438 487
438 488
438 489
438 490
438 491
438 492
438 493
438 494
438 495
438 496
438 498
438 499
438 500
438 501
438 502
438 503
438 504
438 506
438 507
438 508
438 510
439 440
439 441
439 442
439 443
439 444
439 445
439 446
439 447
439 448
439 455
439 459
439 460
439 461
439 462
439 463
439 464
439 467
439 468
439 469
439 470
439 471
439 472
439 473
439 474
439 475
439 476
439 477
439 478
439 479
439 480
439 483
439 484
439 485
439 486
439 487
439 488
439 489
439 490
439 491
439 492
439 493
439 494
439 495
439 496
439 499
439 500
439 501
439 502
439 503
439 504
439 505
439 506
439 507
439 508
439 509
439 510
439 511
440 442
440 443
440 444
440 445
440 446
440 447
440 448
440 456
440 460
440 462
440 463
440 464
440 468
440 470
440 471
440 472
440 474
440 475
440 476
440 477
440 478
440 479
440 480
440 484
440 486
440 487
440 488
440 490
440 491
440 492
440 493
440 494
440 495
440 496
440 500
440 502
440 503
440 504
440 506
440 507
440 508
440 509
440 510
440 511
440 512
441 442
441 443
441 444
441 445
441 446
441 447
441 457
441 461
441 463
441 465
441 466
441 467
441 469
441 471
441 473
441 474
441 475
441 477
441 478
441 479
441 481
441 482
441 483
441 484
441 485
441 486
441 487
441 489
441 490
441 491
441 493
441 495
441 497
441 498
441 499
441 500
441 501
441 502
441 503
441 505
441 506
441 507
441 509
442 443
442 444
442 445
442 446
442 447
442 448
442 458
442 461
442 462
442 463
442 464
442 466
442 467
442 468
442 469
442 470
442 471
442 472
442 473
442 474
442 475
442 476
442 477
442 478
442 479
442 480
442 482
442 483
442 484
442 485
442 486
442 487
442 488
442 489
442 490
442 491
442 492
442 493
442 494
442 495
442 496
442 497
442 498
442 499
442 500
442 501
442 502
442 503
442 504
442 505
442 506
442 507
442 508
442 509
442 510
443 444
443 445
443 446
443 447
443 448
443 459
443 461
443 462
443 463
443 464
443 467
443 469
443 470
443 471
443 472
443 473
443 474
443 475
443 476
443 477
443 478
443 479
443 480
443 483
443 485
443 486
443 487
443 489
443 490
443 491
443 492
443 493
443 494
443 495
443 496
443 497
443 498
443 499
443 500
443 501
443 502
443 503
443 504
443 505
443 506
443 507
443 508
443 509
443 510
443 511
444 445
444 446
444 447
444 448
444 460
444 462
444 463
444 464
444 468
444 470
444 471
444 472
444 474
444 475
444 476
444 477
444 478
444 479
444 480
444 484
444 486
444 487
444 488
444 490
444 491
444 492
444 493
444 494
444 495
444 496
444 498
444 499
444 500
444 501
444 502
444 503
444 504
444 506
444 507
444 508
444 509
444 510
444 511
444 512
445 446
445 447
445 448
445 461
445 463
445 464
445 469
445 471
445 472
445 473
445 474
445 475
445 476
445 477
445 478
445 479
445 480
445 485
445 487
445 489
445 490
445 491
445 493
445 494
445 495
445 496
445 497
445 498
445 499
445 500
445 501
445 502
445 503
445 505
445 506
445 507
445 508
445 509
445 510
445 511
446 447
446 448
446 462
446 463
446 464
446 470
446 471
446 472
446 474
446 475
446 476
446 477
446 478
446 479
446 480
446 486
446 487
446 488
446 490
446 491
446 492
446 493
446 494
446 495
446 496
446 498
446 499
446 500
446 501
446 502
446 503
446 504
446 505
446 506
446 507
446 508
446 509
446 510
446 511
446 512
447 448
447 463
447 464
447 471
447 472
447 475
447 476
447 477
447 478
447 479
447 480
447 487
447 488
447 491
447 492
447 493
447 494
447 495
447 496
447 499
447 500
447 501
447 502
447 503
447 504
447 505
447 506
447 507
447 508
447 509
447 510
447 511
447 512
448 464
448 472
448 476
448 478
448 479
448 480
448 488
448 492
448 494
448 495
448 496
448 500
448 502
448 503
448 504
448 506
448 507
448 508
448 509
448 510
448 511
448 512
449 450
449 451
449 452
449 453
449 454
449 455
449 457
449 458
449 459
449 461
449 465
449 466
449 467
449 469
449 473
449 481
449 482
449 483
449 485
449 489
449 497
450 451
450 452
450 453
450 454
450 455
450 456
450 457
450 458
450 459
450 460
450 461
450 462
450 465
450 466
450 467
450 468
450 469
450 470
450 473
450 474
450 481
450 482
450 483
450 484
450 485
450 486
450 489
450 490
450 497
450 498
451 452
451 453
451 454
451 455
451 456
451 457
451 458
451 459
451 460
451 461
451 462
451 463
451 465
451 466
451 467
451 468
451 469
451 470
451 471
451 473
451 474
451 475
451 481
451 482
451 483
451 484
451 485
451 486
451 487
451 489
451 490
451 491
451 497
451 498
451 499
452 453
452 454
452 455
452 456
452 457
452 458
452 459
452 460
452 461
452 462
452 463
452 464
452 465
452 466
452 467
452 468
452 469
452 470
452 471
452 472
452 473
452 474
452 476
452 481
452 482
452 483
452 484
452 485
452 486
452 487
452 488
452 489
452 490
452 492
452 497
452 498
452 500
453 454
453 455
453 456
453 457
453 458
453 459
453 460
453 461
453 462
453 463
453 465
453 466
453 467
453 468
453 469
453 470
453 471
453 473
453 474
453 475
453 477
453 481
453 482
453 483
453 484
453 485
453 486
453 487
453 489
453 490
453 491
453 493
453 497
453 498
453 499
453 501
454 455
454 456
454 457
454 458
454 459
454 460
454 461
454 462
454 463
454 464
454 465
454 466
454 467
454 468
454 469
454 470
454 471
454 472
454 473
454 474
454 475
454 476
454 478
454 481
454 482
454 483
454 484
454 485
454 486
454 487
454 488
454 489
454 490
454 491
454 492
454 494
454 497
454 498
454 499
454 500
454 502
455 456
455 457
455 458
455 459
455 460
455 461
455 462
455 463
455 464
455 465
455 466
455 467
455 468
455 469
455 470
455 471
455 472
455 473
455 474
455 475
455 476
455 477
455 478
455 479
455 481
455 482
455 483
455 484
455 485
455 486
455 487
455 488
455 489
455 490
455 491
455 492
455 493
455 494
455 495
455 497
455 498
455 499
455 500
455 503
456 458
456 459
456 460
456 461
456 462
456 463
456 464
456 466
456 467
456 468
456 470
456 471
456 472
456 474
456 475
456 476
456 477
456 478
456 479
456 480
456 482
456 483
456 484
456 486
456 487
456 488
456 490
456 492
456 494
456 495
456 496
456 498
456 500
456 504
457 458
457 459
457 460
457 461
457 462
457 463
457 465
457 466
457 467
457 468
457 469
457 470
457 471
457 473
457 474
457 475
457 477
457 481
457 482
457 483
457 484
457 485
457 486
457 487
457 489
457 490
457 491
457 493
457 497
457 498
457 499
457 501
457 505
458 459
458 460
458 461
458 462
458 463
458 464
458 465
458 466
458 467
458 468
458 469
458 470
458 471
458 472
458 473
458 474
458 475
458 476
458 477
458 478
458 481
458 482
458 483
458 484
458 485
458 486
458 487
458 488
458 489
458 490
458 491
458 492
458 493
458 494
458 497
458 498
458 499
458 500
458 501
458 502
458 506
459 460
459 461
459 462
459 463
459 464
459 465
459 466
459 467
459 468
459 469
459 470
459 471
459 472
459 473
459 474
459 475
459 476
459 477
459 478
459 479
459 481
459 482
459 483
459 484
459 485
459 486
459 487
459 488
459 489
459 490
459 491
459 492
459 493
459 494
459 495
459 497
459 498
459 499
459 500
459 501
459 502
459 503
459 507
460 461
460 462
460 463
460 464
460 466
460 467
460 468
460 469
460 470
460 471
460 472
460 474
460 475
460 476
460 477
460 478
460 479
460 480
460 482
460 483
460 484
460 485
460 486
460 487
460 488
460 490
460 491
460 492
460 493
460 494
460 495
460 496
460 498
460 499
460 500
460 502
460 503
460 504
460 508
461 462
461 463
461 464
461 465
461 466
461 467
461 468
461 469
461 470
461 471
461 472
461 473
461 474
461 475
461 476
461 477
461 478
461 479
461 481
461 482
461 483
461 484
461 485
461 486
461 487
461 488
461 489
461 490
461 491
461 492
461 493
461 494
461 495
461 497
461 498
461 499
461 500
461 501
461 502
461 503
461 505
461 506
461 507
461 509
462 463
462 464
462 466
462 467
462 468
462 469
462 470
462 471
462 472
462 473
462 474
462 475
462 476
462 477
462 478
462 479
462 480
462 482
462 483
462 484
462 485
462 486
462 487
462 488
462 490
462 491
462 492
462 493
462 494
462 495
462 496
462 498
462 499
462 500
462 501
462 502
462 503
462 504
462 506
462 507
462 508
462 510
463 464
463 467
463 468
463 469
463 470
463 471
463 472
463 473
463 474
463 475
463 476
463 477
463 478
463 479
463 480
463 483
463 484
463 485
463 486
463 487
463 488
463 491
463 492
463 493
463 494
463 495
463 496
463 499
463 500
463 501
463 502
463 503
463 504
463 505
463 506
463 507
463 508
463 509
463 510
463 511
464 468
464 470
464 471
464 472
464 474
464 475
464 476
464 477
464 478
464 479
464 480
464 484
464 486
464 487
464 488
464 492
464 494
464 495
464 496
464 500
464 502
464 503
464 504
464 506
464 507
464 508
464 509
464 510
464 511
464 512
465 466
465 467
465 468
465 469
465 470
465 471
465 473
465 474
465 475
465 477
465 481
465 482
465 483
465 484
465 485
465 486
465 487
465 489
465 490
465 491
465 493
465 497
465 498
465 499
465 501
465 505
466 467
466 468
466 469
466 470
466 471
466 472
466 473
466 474
466 475
466 476
466 477
466 478
466 481
466 482
466 483
466 484
466 485
466 486
466 487
466 488
466 489
466 490
466 491
466 492
466 493
466 494
466 497
466 498
466 499
466 500
466 501
466 502
466 505
466 506
467 468
467 469
467 470
467 471
467 472
467 473
467 474
467 475
467 476
467 477
467 478
467 479
467 481
467 482
467 483
467 484
467 485
467 486
467 487
467 488
467 489
467 490
467 491
467 492
467 493
467 494
467 495
467 497
467 498
467 499
467 500
467 501
467 502
467 503
467 505
467 506
467 507
468 469
468 470
468 471
468 472
468 473
468 474
468 475
468 476
468 477
468 478
468 479
468 480
468 482
468 483
468 484
468 485
468 486
468 487
468 488
468 489
468 490
468 491
468 492
468 493
468 494
468 495
468 496
468 498
468 499
468 500
468 501
468 502
468 503
468 504
468 506
468 508
469 470
469 471
469 472
469 473
469 474
469 475
469 476
469 477
469 478
469 479
469 481
469 482
469 483
469 484
469 485
469 486
469 487
469 489
469 490
469 491
469 492
469 493
469 494
469 495
469 497
469 498
469 499
469 500
469 501
469 502
469 503
469 505
469 506
469 507
469 509
470 471
470 472
470 473
470 474
470 475
470 476
470 477
470 478
470 479
470 480
470 482
470 483
470 484
470 485
470 486
470 487
470 488
470 489
470 490
470 491
470 492
470 493
470 494
470 495
470 496
470 498
470 499
470 500
470 501
470 502
470 503
470 504
470 506
470 507
470 508
470 510
471 472
471 473
471 474
471 475
471 476
471 477
471 478
471 479
471 480
471 483
471 484
471 485
471 486
471 487
471 488
471 489
471 490
471 491
471 492
471 493
471 494
471 495
471 496
471 499
471 500
471 501
471 502
471 503
471 504
471 505
471 506
471 507
471 508
471 509
471 510
471 511
472 474
472 475
472 476
472 477
472 478
472 479
472 480
472 484
472 486
472 487
472 488
472 490
472 491
472 492
472 493
472 494
472 495
472 496
472 500
472 502
472 503
472 504
472 506
472 507
472 508
472 509
472 510
472 511
472 512
473 474
473 475
473 476
473 477
473 478
473 479
473 481
473 482
473 483
473 484
473 485
473 486
473 487
473 489
473 490
473 491
473 493
473 494
473 495
473 497
473 498
473 499
473 500
473 501
473 502
473 503
473 505
473 506
473 507
473 509
474 475
474 476
474 477
474 478
474 479
474 480
474 482
474 483
474 484
474 485
474 486
474 487
474 488
474 489
474 490
474 491
474 492
474 493
474 494
474 495
474 496
474 497
474 498
474 499
474 500
474 501
474 502
474 503
474 504
474 505
474 506
474 507
474 508
474 509
474 510
475 476
475 477
475 478
475 479
475 480
475 483
475 485
475 486
475 487
475 488
475 489
475 490
475 491
475 492
475 493
475 494
475 495
475 496
475 497
475 498
475 499
475 500
475 501
475 502
475 503
475 504
475 505
475 506
475 507
475 508
475 509
475 510
475 511
476 477
476 478
476 479
476 480
476 484
476 486
476 487
476 488
476 490
476 491
476 492
476 493
476 494
476 495
476 496
476 498
476 499
476 500
476 501
476 502
476 503
476 504
476 506
476 507
476 508
476 509
476 510
476 511
476 512
477 478
477 479
477 480
477 485
477 487
477 488
477 489
477 490
477 491
477 492
477 493
477 494
477 495
477 496
477 497
477 498
477 499
477 500
477 501
477 502
477 503
477 504
477 505
477 506
477 507
477 508
477 509
477 510
477 511
478 479
478 480
478 486
478 487
478 488
478 490
478 491
478 492
478 493
478 494
478 495
478 496
478 498
478 499
478 500
478 501
478 502
478 503
478 504
478 505
478 506
478 507
478 508
478 509
478 510
478 511
478 512
479 480
479 487
479 488
479 491
479 492
479 493
479 494
479 495
479 496
479 499
479 500
479 501
479 502
479 503
479 504
479 505
479 506
479 507
479 508
479 509
479 510
479 511
479 512
480 488
480 492
480 494
480 495
480 496
480 500
480 502
480 503
480 504
480 506
480 507
480 508
480 509
480 510
480 511
480 512
481 482
481 483
481 484
481 485
481 486
481 487
481 489
481 490
481 491
481 493
481 497
481 498
481 499
481 501
481 505
482 483
482 484
482 485
482 486
482 487
482 488
482 489
482 490
482 491
482 492
482 493
482 494
482 497
482 498
482 499
482 500
482 501
482 502
482 505
482 506
483 484
483 485
483 486
483 487
483 488
483 489
483 490
483 491
483 492
483 493
483 494
483 495
483 497
483 498
483 499
483 500
483 501
483 502
483 503
483 505
483 506
483 507
484 485
484 486
484 487
484 488
484 489
484 490
484 491
484 492
484 493
484 494
484 495
484 496
484 497
484 498
484 499
484 500
484 501
484 502
484 503
484 504
484 505
484 506
484 508
485 486
485 487
485 488
485 489
485 490
485 491
485 492
485 493
485 494
485 495
485 497
485 498
485 499
485 500
485 501
485 502
485 503
485 505
485 506
485 507
485 509
486 487
486 488
486 489
486 490
486 491
486 492
486 493
486 494
486 495
486 496
486 497
486 498
486 499
486 500
486 501
486 502
486 503
486 504
486 505
486 506
486 507
486 508
486 510
487 488
487 489
487 490
487 491
487 492
487 493
487 494
487 495
487 496
487 497
487 498
487 499
487 500
487 501
487 502
487 503
487 504
487 505
487 506
487 507
487 508
487 509
487 510
487 511
488 490
488 491
488 492
488 493
488 494
488 495
488 496
488 498
488 499
488 500
488 502
488 503
488 504
488 506
488 507
488 508
488 509
488 510
488 511
488 512
489 490
489 491
489 492
489 493
489 494
489 495
489 497
489 498
489 499
489 500
489 501
489 502
489 503
489 505
489 506
489 507
489 509
490 491
490 492
490 493
490 494
490 495
490 496
490 497
490 498
490 499
490 500
490 501
490 502
490 503
490 504
490 505
490 506
490 507
490 508
490 509
490 510
491 492
491 493
491 494
491 495
491 496
491 497
491 498
491 499
491 500
491 501
491 502
491 503
491 504
491 505
491 506
491 507
491 508
491 509
491 510
491 511
492 493
492 494
492 495
492 496
492 498
492 499
492 500
492 501
492 502
492 503
492 504
492 506
492 507
492 508
492 509
492 510
492 511
492 512
493 494
493 495
493 496
493 497
493 498
493 499
493 500
493 501
493 502
493 503
493 504
493 505
493 506
493 507
493 508
493 509
493 510
493 511
494 495
494 496
494 498
494 499
494 500
494 501
494 502
494 503
494 504
494 505
494 506
494 507
494 508
494 509
494 510
494 511
494 512
495 496
495 499
495 500
495 501
495 502
495 503
495 504
495 505
495 506
495 507
495 508
495 509
495 510
495 511
495 512
496 500
496 502
496 503
496 504
496 506
496 507
496 508
496 509
496 510
496 511
496 512
497 498
497 499
497 500
497 501
497 502
497 503
497 505
497 506
497 507
497 509
498 499
498 500
498 501
498 502
498 503
498 504
498 505
498 506
498 507
498 508
498 509
498 510
499 500
499 501
499 502
499 503
499 504
499 505
499 506
499 507
499 508
499 509
499 510
499 511
500 501
500 502
500 503
500 504
500 505
500 506
500 507
500 508
500 509
500 510
500 511
500 512
501 502
501 503
501 504
501 505
501 506
501 507
501 508
501 509
501 510
501 511
502 503
502 504
502 505
502 506
502 507
502 508
502 509
502 510
502 511
502 512
503 504
503 505
503 506
503 507
503 508
503 509
503 510
503 511
503 512
504 506
504 507
504 508
504 509
504 510
504 511
504 512
505 506
505 507
505 508
505 509
505 510
505 511
506 507
506 508
506 509
506 510
506 511
506 512
507 508
507 509
507 510
507 511
507 512
508 509
508 510
508 511
508 512
509 510
509 511
509 512
510 511
510 512
511 512
