256 17183
1 2
1 3
1 4
1 5
1 6
1 7
1 9
1 10
1 11
1 13
1 17
1 18
1 19
1 21
1 25
1 33
1 34
1 35
1 37
1 41
1 49
1 65
1 66
1 67
1 69
1 73
1 81
1 97
1 129
1 130
1 131
1 133
1 137
1 145
1 161
1 193
2 3
2 4
2 5
2 6
2 7
2 8
2 9
2 10
2 11
2 12
2 13
2 14
2 17
2 18
2 19
2 20
2 21
2 22
2 25
2 26
2 33
2 34
2 35
2 36
2 37
2 38
2 41
2 42
2 49
2 50
2 65
2 66
2 67
2 68
2 69
2 70
2 73
2 74
2 81
2 82
2 97
2 98
2 129
2 130
2 131
2 132
2 133
2 134
2 137
2 138
2 145
2 146
2 161
2 162
2 193
2 194
3 4
3 5
3 6
3 7
3 8
3 9
3 10
3 11
3 12
3 13
3 14
3 15
3 17
3 18
3 19
3 20
3 21
3 22
3 23
3 25
3 26
3 27
3 33
3 34
3 35
3 36
3 37
3 38
3 39
3 41
3 42
3 43
3 49
3 50
3 51
3 65
3 66
3 67
3 68
3 69
3 70
3 71
3 73
3 74
3 75
3 81
3 82
3 83
3 97
3 98
3 99
3 129
3 130
3 131
3 132
3 133
3 134
3 135
3 137
3 138
3 139
3 145
3 146
3 147
3 161
3 162
3 163
3 193
3 194
3 195
4 5
4 6
4 7
4 8
4 9
4 10
4 11
4 12
4 13
4 14
4 15
4 16
4 17
4 18
4 19
4 20
4 21
4 22
4 23
4 24
4 25
4 26
4 28
4 33
4 34
4 35
4 36
4 37
4 38
4 39
4 40
4 41
4 42
4 44
4 49
4 50
4 52
4 65
4 66
4 67
4 68
4 69
4 70
4 71
4 72
4 73
4 74
4 76
4 81
4 82
4 84
4 97
4 98
4 100
4 129
4 130
4 131
4 132
4 133
4 134
4 135
4 136
4 137
4 138
4 140
4 145
4 146
4 148
4 161
4 162
4 164
4 193
4 194
4 196
5 6
5 7
5 8
5 9
5 10
5 11
5 12
5 13
5 14
5 15
5 17
5 18
5 19
5 20
5 21
5 22
5 23
5 25
5 26
5 27
5 29
5 33
5 34
5 35
5 36
5 37
5 38
5 39
5 41
5 42
5 43
5 45
5 49
5 50
5 51
5 53
5 65
5 66
5 67
5 68
5 69
5 70
5 71
5 73
5 74
5 75
5 77
5 81
5 82
5 83
5 85
5 97
5 98
5 99
5 101
5 129
5 130
5 131
5 132
5 133
5 134
5 135
5 137
5 138
5 139
5 141
5 145
5 146
5 147
5 149
5 161
5 162
5 163
5 165
5 193
5 194
5 195
5 197
6 7
6 8
6 9
6 10
6 11
6 12
6 13
6 14
6 15
6 16
6 17
6 18
6 19
6 20
6 21
6 22
6 23
6 24
6 25
6 26
6 27
6 28
6 30
6 33
6 34
6 35
6 36
6 37
6 38
6 39
6 40
6 41
6 42
6 43
6 44
6 46
6 49
6 50
6 51
6 52
6 54
6 65
6 66
6 67
6 68
6 69
6 70
6 71
6 72
6 73
6 74
6 75
6 76
6 78
6 81
6 82
6 83
6 84
6 86
6 97
6 98
6 99
6 100
6 102
6 129
6 130
6 131
6 132
6 133
6 134
6 135
6 136
6 137
6 138
6 139
6 140
6 142
6 145
6 146
6 147
6 148
6 150
6 161
6 162
6 163
6 164
6 166
6 193
6 194
6 195
6 196
6 198
7 8
7 9
7 10
7 11
7 12
7 13
7 14
7 15
7 16
7 17
7 18
7 19
7 20
7 21
7 22
7 23
7 24
7 25
7 26
7 27
7 28
7 29
7 30
7 31
7 33
7 34
7 35
7 36
7 37
7 38
7 39
7 40
7 41
7 42
7 43
7 44
7 45
7 46
7 47
7 49
7 50
7 51
7 52
7 55
7 65
7 66
7 67
7 68
7 69
7 70
7 71
7 72
7 73
7 74
7 75
7 76
7 77
7 78
7 79
7 81
7 82
7 83
7 84
7 87
7 97
7 98
7 99
7 100
7 103
7 129
7 130
7 131
7 132
7 133
7 134
7 135
7 136
7 137
7 138
7 139
7 140
7 141
7 142
7 143
7 145
7 146
7 147
7 148
7 151
7 161
7 162
7 163
7 164
7 167
7 193
7 194
7 195
7 196
7 199
8 10
8 11
8 12
8 13
8 14
8 15
8 16
8 18
8 19
8 20
8 22
8 23
8 24
8 26
8 27
8 28
8 29
8 30
8 31
8 32
8 34
8 35
8 36
8 38
8 39
8 40
8 42
8 44
8 46
8 47
8 48
8 50
8 52
8 56
8 66
8 67
8 68
8 70
8 71
8 72
8 74
8 76
8 78
8 79
8 80
8 82
8 84
8 88
8 98
8 100
8 104
8 130
8 131
8 132
8 134
8 135
8 136
8 138
8 140
8 142
8 143
8 144
8 146
8 148
8 152
8 162
8 164
8 168
8 194
8 196
8 200
9 10
9 11
9 12
9 13
9 14
9 15
9 17
9 18
9 19
9 20
9 21
9 22
9 23
9 25
9 26
9 27
9 29
9 33
9 34
9 35
9 36
9 37
9 38
9 39
9 41
9 42
9 43
9 45
9 49
9 50
9 51
9 53
9 57
9 65
9 66
9 67
9 69
9 70
9 71
9 73
9 74
9 75
9 77
9 81
9 82
9 83
9 85
9 89
9 97
9 99
9 101
9 105
9 129
9 130
9 131
9 133
9 134
9 135
9 137
9 138
9 139
9 141
9 145
9 146
9 147
9 149
9 153
9 161
9 163
9 165
9 169
9 193
9 195
9 197
9 201
10 11
10 12
10 13
10 14
10 15
10 16
10 17
10 18
10 19
10 20
10 21
10 22
10 23
10 24
10 25
10 26
10 27
10 28
10 29
10 30
10 33
10 34
10 35
10 36
10 37
10 38
10 39
10 40
10 41
10 42
10 43
10 44
10 45
10 46
10 49
10 50
10 51
10 52
10 53
10 54
10 58
10 65
10 66
10 67
10 68
10 69
10 70
10 71
10 72
10 73
10 74
10 75
10 76
10 77
10 78
10 81
10 82
10 83
10 84
10 85
10 86
10 90
10 97
10 98
10 99
10 100
10 101
10 102
10 106
10 129
10 130
10 131
10 132
10 133
10 134
10 135
10 136
10 137
10 138
10 139
10 140
10 141
10 142
10 145
10 146
10 147
10 148
10 149
10 150
10 154
10 161
10 162
10 163
10 164
10 165
10 166
10 170
10 193
10 194
10 195
10 196
10 197
10 198
10 202
11 12
11 13
11 14
11 15
11 16
11 17
11 18
11 19
11 20
11 21
11 22
11 23
11 24
11 25
11 26
11 27
11 28
11 29
11 30
11 31
11 33
11 34
11 35
11 36
11 37
11 38
11 39
11 40
11 41
11 42
11 43
11 44
11 45
11 46
11 47
11 49
11 50
11 51
11 52
11 53
11 54
11 55
11 59
11 65
11 66
11 67
11 68
11 69
11 70
11 71
11 72
11 73
11 74
11 75
11 76
11 77
11 78
11 79
11 81
11 82
11 83
11 84
11 85
11 86
11 87
11 91
11 97
11 98
11 99
11 100
11 101
11 102
11 103
11 107
11 129
11 130
11 131
11 132
11 133
11 134
11 135
11 136
11 137
11 138
11 139
11 140
11 141
11 142
11 143
11 145
11 146
11 147
11 148
11 149
11 150
11 151
11 155
11 161
11 162
11 163
11 164
11 165
11 166
11 167
11 171
11 193
11 194
11 195
11 196
11 197
11 198
11 199
11 203
12 13
12 14
12 15
12 16
12 18
12 19
12 20
12 21
12 22
12 23
12 24
12 26
12 27
12 28
12 29
12 30
12 31
12 32
12 34
12 35
12 36
12 37
12 38
12 39
12 40
12 42
12 43
12 44
12 45
12 46
12 47
12 48
12 50
12 51
12 52
12 54
12 55
12 56
12 60
12 66
12 67
12 68
12 69
12 70
12 71
12 72
12 74
12 75
12 76
12 78
12 79
12 80
12 82
12 83
12 84
12 86
12 87
12 88
12 92
12 98
12 99
12 100
12 102
12 104
12 108
12 130
12 131
12 132
12 133
12 134
12 135
12 136
12 138
12 139
12 140
12 142
12 143
12 144
12 146
12 147
12 148
12 150
12 151
12 152
12 156
12 162
12 163
12 164
12 166
12 168
12 172
12 194
12 195
12 196
12 198
12 200
12 204
13 14
13 15
13 16
13 17
13 18
13 19
13 20
13 21
13 22
13 23
13 24
13 25
13 26
13 27
13 28
13 29
13 30
13 31
13 33
13 34
13 35
13 36
13 37
13 38
13 39
13 40
13 41
13 42
13 43
13 44
13 45
13 46
13 47
13 49
13 50
13 51
13 52
13 53
13 54
13 55
13 57
13 58
13 59
13 61
13 65
13 66
13 67
13 68
13 69
13 70
13 71
13 72
13 73
13 74
13 75
13 76
13 77
13 78
13 79
13 81
13 83
13 84
13 85
13 87
13 89
13 90
13 91
13 93
13 97
13 99
13 100
13 101
13 103
13 109
13 129
13 130
13 131
13 132
13 133
13 134
13 135
13 136
13 137
13 138
13 139
13 140
13 141
13 142
13 143
13 145
13 147
13 148
13 149
13 151
13 153
13 154
13 155
13 157
13 161
13 163
13 164
13 165
13 167
13 173
13 193
13 195
13 196
13 197
13 199
13 205
14 15
14 16
14 18
14 19
14 20
14 21
14 22
14 23
14 24
14 25
14 26
14 27
14 28
14 29
14 30
14 31
14 32
14 34
14 35
14 36
14 37
14 38
14 39
14 40
14 42
14 43
14 44
14 45
14 46
14 47
14 48
14 50
14 51
14 52
14 53
14 54
14 55
14 56
14 58
14 59
14 60
14 62
14 66
14 67
14 68
14 69
14 70
14 71
14 72
14 74
14 75
14 76
14 77
14 78
14 79
14 80
14 82
14 83
14 84
14 86
14 87
14 88
14 90
14 91
14 92
14 94
14 98
14 99
14 100
14 102
14 103
14 104
14 110
14 130
14 131
14 132
14 133
14 134
14 135
14 136
14 138
14 139
14 140
14 141
14 142
14 143
14 144
14 146
14 147
14 148
14 150
14 151
14 152
14 154
14 155
14 156
14 158
14 162
14 163
14 164
14 166
14 167
14 168
14 174
14 194
14 195
14 196
14 198
14 199
14 200
14 206
15 16
15 19
15 20
15 21
15 22
15 23
15 24
15 25
15 26
15 27
15 28
15 29
15 30
15 31
15 32
15 35
15 36
15 37
15 38
15 39
15 40
15 43
15 44
15 45
15 46
15 47
15 48
15 51
15 52
15 53
15 54
15 55
15 56
15 57
15 58
15 59
15 60
15 61
15 62
15 63
15 67
15 68
15 69
15 70
15 71
15 72
15 75
15 76
15 77
15 78
15 79
15 80
15 83
15 84
15 87
15 88
15 91
15 93
15 94
15 95
15 99
15 100
15 103
15 104
15 111
15 131
15 132
15 133
15 134
15 135
15 136
15 139
15 140
15 141
15 142
15 143
15 144
15 147
15 148
15 151
15 152
15 155
15 157
15 158
15 159
15 163
15 164
15 167
15 168
15 175
15 195
15 196
15 199
15 200
15 207
16 20
16 22
16 23
16 24
16 26
16 27
16 28
16 29
16 30
16 31
16 32
16 36
16 38
16 39
16 40
16 44
16 46
16 47
16 48
16 52
16 54
16 55
16 56
16 58
16 59
16 60
16 61
16 62
16 63
16 64
16 68
16 70
16 71
16 72
16 76
16 78
16 79
16 80
16 84
16 88
16 92
16 94
16 95
16 96
16 100
16 104
16 112
16 132
16 134
16 135
16 136
16 140
16 142
16 143
16 144
16 148
16 152
16 156
16 158
16 159
16 160
16 164
16 168
16 176
16 196
16 200
16 208
17 18
17 19
17 20
17 21
17 22
17 23
17 25
17 26
17 27
17 29
17 33
17 34
17 35
17 36
17 37
17 38
17 39
17 41
17 42
17 43
17 45
17 49
17 50
17 51
17 53
17 57
17 65
17 66
17 67
17 68
17 69
17 70
17 71
17 73
17 74
17 75
17 77
17 81
17 82
17 83
17 85
17 89
17 97
17 98
17 99
17 101
17 105
17 113
17 129
17 130
17 131
17 133
17 137
17 138
17 139
17 141
17 145
17 146
17 147
17 149
17 153
17 161
17 162
17 163
17 165
17 169
17 177
17 193
17 197
17 201
17 209
18 19
18 20
18 21
18 22
18 23
18 24
18 25
18 26
18 27
18 28
18 29
18 30
18 33
18 34
18 35
18 36
18 37
18 38
18 39
18 40
18 41
18 42
18 43
18 44
18 45
18 46
18 49
18 50
18 51
18 52
18 53
18 54
18 57
18 58
18 65
18 66
18 67
18 68
18 69
18 70
18 71
18 72
18 73
18 74
18 75
18 76
18 77
18 78
18 81
18 82
18 83
18 84
18 85
18 86
18 89
18 90
18 97
18 98
18 99
18 100
18 101
18 102
18 105
18 106
18 114
18 129
18 130
18 131
18 132
18 133
18 134
18 137
18 138
18 139
18 140
18 141
18 142
18 145
18 146
18 147
18 148
18 149
18 150
18 153
18 154
18 161
18 162
18 163
18 164
18 165
18 166
18 169
18 170
18 178
18 193
18 194
18 197
18 198
18 201
18 202
18 210
19 20
19 21
19 22
19 23
19 24
19 25
19 26
19 27
19 28
19 29
19 30
19 31
19 33
19 34
19 35
19 36
19 37
19 38
19 39
19 40
19 41
19 42
19 43
19 44
19 45
19 46
19 47
19 49
19 50
19 51
19 52
19 53
19 54
19 55
19 57
19 58
19 59
19 65
19 66
19 67
19 68
19 69
19 70
19 71
19 73
19 74
19 75
19 76
19 77
19 78
19 79
19 81
19 82
19 83
19 84
19 85
19 86
19 87
19 89
19 90
19 91
19 97
19 98
19 99
19 101
19 102
19 103
19 105
19 106
19 107
19 115
19 129
19 130
19 131
19 132
19 133
19 134
19 135
19 137
19 138
19 139
19 140
19 141
19 142
19 143
19 145
19 146
19 147
19 148
19 149
19 150
19 151
19 153
19 154
19 155
19 161
19 162
19 163
19 165
19 166
19 167
19 169
19 170
19 171
19 179
19 193
19 194
19 195
19 197
19 198
19 199
19 201
19 202
19 203
19 211
20 21
20 22
20 23
20 24
20 25
20 26
20 27
20 28
20 29
20 30
20 31
20 32
20 34
20 35
20 36
20 37
20 38
20 39
20 40
20 41
20 42
20 43
20 44
20 45
20 46
20 47
20 48
20 50
20 51
20 52
20 53
20 54
20 55
20 56
20 58
20 60
20 66
20 67
20 68
20 69
20 70
20 71
20 72
20 73
20 74
20 75
20 76
20 77
20 78
20 79
20 80
20 82
20 83
20 84
20 85
20 86
20 87
20 88
20 90
20 92
20 98
20 100
20 101
20 102
20 103
20 104
20 106
20 108
20 116
20 130
20 131
20 132
20 133
20 134
20 135
20 136
20 137
20 138
20 139
20 140
20 141
20 142
20 143
20 144
20 146
20 147
20 148
20 149
20 150
20 151
20 152
20 154
20 156
20 162
20 164
20 165
20 166
20 167
20 168
20 170
20 172
20 180
20 194
20 196
20 197
20 198
20 200
20 202
20 204
20 212
21 22
21 23
21 24
21 25
21 26
21 27
21 28
21 29
21 30
21 31
21 33
21 34
21 35
21 36
21 37
21 38
21 39
21 41
21 42
21 43
21 44
21 45
21 46
21 47
21 49
21 50
21 51
21 52
21 53
21 54
21 55
21 57
21 58
21 59
21 61
21 65
21 66
21 67
21 69
21 70
21 71
21 73
21 74
21 75
21 76
21 77
21 78
21 79
21 81
21 82
21 83
21 84
21 85
21 86
21 87
21 89
21 90
21 91
21 93
21 97
21 99
21 101
21 102
21 103
21 105
21 106
21 107
21 109
21 117
21 129
21 130
21 131
21 133
21 134
21 135
21 137
21 138
21 139
21 140
21 141
21 142
21 143
21 145
21 146
21 147
21 149
21 150
21 151
21 153
21 154
21 155
21 157
21 161
21 163
21 165
21 166
21 167
21 169
21 170
21 171
21 173
21 181
21 193
21 195
21 197
21 198
21 199
21 201
21 203
21 205
21 213
22 23
22 24
22 25
22 26
22 27
22 28
22 29
22 30
22 31
22 32
22 34
22 35
22 36
22 37
22 38
22 39
22 40
22 41
22 42
22 43
22 44
22 45
22 46
22 47
22 48
22 50
22 51
22 52
22 53
22 54
22 55
22 56
22 58
22 59
22 60
22 62
22 66
22 67
22 68
22 69
22 70
22 71
22 72
22 73
22 74
22 75
22 76
22 77
22 78
22 79
22 80
22 82
22 83
22 84
22 85
22 86
22 87
22 88
22 90
22 91
22 92
22 94
22 98
22 99
22 100
22 101
22 102
22 103
22 104
22 106
22 107
22 108
22 110
22 118
22 130
22 131
22 132
22 133
22 134
22 135
22 136
22 137
22 138
22 139
22 140
22 141
22 142
22 143
22 144
22 146
22 147
22 148
22 149
22 150
22 151
22 152
22 154
22 155
22 156
22 158
22 162
22 163
22 164
22 165
22 166
22 167
22 168
22 170
22 171
22 172
22 174
22 182
22 194
22 195
22 196
22 197
22 198
22 199
22 200
22 202
22 203
22 204
22 206
22 214
23 24
23 25
23 26
23 27
23 28
23 29
23 30
23 31
23 32
23 35
23 36
23 37
23 38
23 39
23 40
23 41
23 42
23 43
23 44
23 45
23 46
23 47
23 48
23 51
23 52
23 53
23 54
23 55
23 56
23 57
23 58
23 59
23 60
23 61
23 62
23 63
23 67
23 68
23 69
23 70
23 71
23 72
23 73
23 74
23 75
23 76
23 77
23 78
23 79
23 80
23 83
23 84
23 85
23 86
23 87
23 88
23 89
23 90
23 91
23 92
23 93
23 94
23 95
23 99
23 100
23 101
23 102
23 103
23 104
23 107
23 108
23 109
23 110
23 111
23 119
23 131
23 132
23 133
23 134
23 135
23 136
23 137
23 138
23 139
23 140
23 141
23 142
23 143
23 144
23 147
23 148
23 149
23 150
23 151
23 152
23 155
23 156
23 157
23 158
23 159
23 163
23 164
23 165
23 166
23 167
23 168
23 171
23 172
23 173
23 174
23 175
23 183
23 195
23 196
23 197
23 198
23 199
23 200
23 203
23 204
23 207
23 215
24 26
24 27
24 28
24 29
24 30
24 31
24 32
24 36
24 38
24 39
24 40
24 42
24 43
24 44
24 45
24 46
24 47
24 48
24 52
24 54
24 55
24 56
24 58
24 59
24 60
24 61
24 62
24 63
24 64
24 68
24 70
24 71
24 72
24 74
24 75
24 76
24 78
24 79
24 80
24 84
24 86
24 87
24 88
24 90
24 91
24 92
24 93
24 94
24 95
24 96
24 100
24 102
24 104
24 108
24 110
24 111
24 112
24 120
24 132
24 134
24 135
24 136
24 138
24 139
24 140
24 142
24 143
24 144
24 148
24 150
24 151
24 152
24 156
24 158
24 159
24 160
24 164
24 166
24 168
24 172
24 174
24 175
24 176
24 184
24 196
24 198
24 200
24 204
24 208
24 216
25 26
25 27
25 28
25 29
25 30
25 31
25 33
25 34
25 35
25 36
25 37
25 38
25 39
25 41
25 42
25 43
25 45
25 46
25 47
25 49
25 50
25 51
25 52
25 53
25 54
25 55
25 57
25 58
25 59
25 61
25 65
25 66
25 67
25 69
25 71
25 73
25 74
25 75
25 77
25 78
25 79
25 81
25 82
25 83
25 85
25 87
25 89
25 90
25 91
25 93
25 97
25 98
25 99
25 100
25 101
25 102
25 103
25 105
25 106
25 107
25 109
25 113
25 114
25 115
25 117
25 121
25 129
25 130
25 131
25 133
25 135
25 137
25 138
25 139
25 141
25 142
25 143
25 145
25 146
25 147
25 149
25 151
25 153
25 154
25 155
25 157
25 161
25 165
25 167
25 169
25 173
25 177
25 178
25 179
25 181
25 185
25 193
25 197
25 199
25 201
25 205
25 217
26 27
26 28
26 29
26 30
26 31
26 32
26 34
26 35
26 36
26 37
26 38
26 39
26 40
26 41
26 42
26 43
26 44
26 45
26 46
26 47
26 48
26 49
26 50
26 51
26 52
26 53
26 54
26 55
26 56
26 57
26 58
26 59
26 60
26 61
26 62
26 66
26 67
26 68
26 69
26 70
26 71
26 72
26 73
26 74
26 75
26 76
26 77
26 78
26 79
26 80
26 82
26 83
26 84
26 85
26 86
26 87
26 88
26 89
26 90
26 91
26 92
26 93
26 94
26 98
26 99
26 100
26 101
26 102
26 103
26 104
26 106
26 107
26 108
26 109
26 110
26 114
26 115
26 116
26 118
26 122
26 130
26 131
26 132
26 133
26 134
26 135
26 136
26 137
26 138
26 139
26 140
26 141
26 142
26 143
26 144
26 146
26 147
26 148
26 149
26 150
26 151
26 152
26 153
26 154
26 155
26 156
26 157
26 158
26 162
26 165
26 166
26 167
26 168
26 170
26 173
26 174
26 178
26 179
26 180
26 182
26 186
26 194
26 197
26 198
26 199
26 200
26 202
26 205
26 206
26 218
27 28
27 29
27 30
27 31
27 32
27 35
27 37
27 38
27 39
27 40
27 41
27 42
27 43
27 44
27 45
27 46
27 47
27 48
27 49
27 50
27 51
27 52
27 53
27 54
27 55
27 56
27 57
27 58
27 59
27 60
27 61
27 62
27 63
27 67
27 69
27 70
27 71
27 72
27 73
27 74
27 75
27 76
27 77
27 78
27 79
27 80
27 83
27 85
27 86
27 87
27 88
27 89
27 90
27 91
27 92
27 93
27 94
27 95
27 99
27 101
27 102
27 103
27 104
27 105
27 106
27 107
27 108
27 109
27 110
27 111
27 115
27 117
27 118
27 119
27 123
27 131
27 133
27 134
27 135
27 136
27 137
27 138
27 139
27 140
27 141
27 142
27 143
27 144
27 147
27 149
27 150
27 151
27 152
27 153
27 154
27 155
27 156
27 157
27 158
27 159
27 163
27 165
27 166
27 167
27 168
27 171
27 173
27 174
27 175
27 179
27 181
27 182
27 183
27 187
27 195
27 197
27 198
27 199
27 200
27 203
27 205
27 206
27 207
27 219
28 29
28 30
28 31
28 32
28 36
28 38
28 39
28 40
28 42
28 43
28 44
28 45
28 46
28 47
28 48
28 50
28 51
28 52
28 53
28 54
28 55
28 56
28 58
28 59
28 60
28 61
28 62
28 63
28 64
28 68
28 70
28 71
28 72
28 74
28 75
28 76
28 77
28 78
28 79
28 80
28 84
28 86
28 87
28 88
28 90
28 91
28 92
28 94
28 95
28 96
28 100
28 102
28 103
28 104
28 106
28 107
28 108
28 109
28 110
28 111
28 112
28 116
28 118
28 119
28 120
28 124
28 132
28 134
28 135
28 136
28 138
28 139
28 140
28 141
28 142
28 143
28 144
28 148
28 150
28 151
28 152
28 154
28 155
28 156
28 158
28 159
28 160
28 164
28 166
28 167
28 168
28 172
28 174
28 176
28 180
28 182
28 183
28 184
28 188
28 196
28 198
28 199
28 200
28 204
28 206
28 208
28 220
29 30
29 31
29 32
29 37
29 39
29 40
29 41
29 42
29 43
29 44
29 45
29 46
29 47
29 48
29 49
29 50
29 51
29 52
29 53
29 54
29 55
29 56
29 57
29 58
29 59
29 60
29 61
29 62
29 63
29 69
29 71
29 72
29 73
29 74
29 75
29 76
29 77
29 78
29 79
29 80
29 85
29 87
29 88
29 89
29 90
29 91
29 93
29 94
29 95
29 101
29 103
29 104
29 105
29 106
29 107
29 109
29 111
29 113
29 114
29 115
29 116
29 117
29 118
29 119
29 121
29 122
29 123
29 125
29 133
29 135
29 136
29 137
29 138
29 139
29 140
29 141
29 142
29 143
29 144
29 149
29 151
29 152
29 153
29 154
29 155
29 157
29 158
29 159
29 165
29 167
29 168
29 173
29 175
29 181
29 185
29 186
29 187
29 189
29 197
29 199
29 200
29 205
29 207
29 221
30 31
30 32
30 38
30 39
30 40
30 42
30 43
30 44
30 45
30 46
30 47
30 48
30 50
30 51
30 52
30 53
30 54
30 55
30 56
30 57
30 58
30 59
30 60
30 61
30 62
30 63
30 64
30 70
30 71
30 72
30 74
30 75
30 76
30 77
30 78
30 79
30 80
30 86
30 87
30 88
30 90
30 91
30 92
30 93
30 94
30 95
30 96
30 102
30 103
30 104
30 106
30 107
30 108
30 110
30 111
30 112
30 114
30 115
30 116
30 117
30 118
30 119
30 120
30 122
30 123
30 124
30 126
30 134
30 135
30 136
30 138
30 139
30 140
30 141
30 142
30 143
30 144
30 150
30 151
30 152
30 154
30 155
30 156
30 157
30 158
30 159
30 160
30 166
30 167
30 168
30 174
30 175
30 176
30 182
30 186
30 187
30 188
30 190
30 198
30 199
30 200
30 206
30 207
30 208
30 222
31 32
31 39
31 40
31 43
31 44
31 45
31 46
31 47
31 48
31 51
31 52
31 53
31 54
31 55
31 56
31 57
31 58
31 59
31 60
31 61
31 62
31 63
31 64
31 71
31 72
31 75
31 76
31 77
31 78
31 79
31 80
31 87
31 88
31 91
31 92
31 93
31 94
31 95
31 96
31 103
31 104
31 107
31 109
31 110
31 111
31 112
31 115
31 117
31 118
31 119
31 121
31 122
31 123
31 124
31 125
31 126
31 127
31 135
31 136
31 139
31 140
31 141
31 142
31 143
31 144
31 151
31 152
31 155
31 156
31 157
31 158
31 159
31 160
31 167
31 168
31 175
31 176
31 183
31 187
31 189
31 190
31 191
31 199
31 200
31 207
31 208
31 223
32 40
32 44
32 46
32 47
32 48
32 52
32 54
32 55
32 56
32 58
32 59
32 60
32 61
32 62
32 63
32 64
32 72
32 76
32 78
32 79
32 80
32 88
32 92
32 94
32 95
32 96
32 104
32 108
32 110
32 111
32 112
32 116
32 118
32 119
32 120
32 122
32 123
32 124
32 125
32 126
32 127
32 128
32 136
32 140
32 142
32 143
32 144
32 152
32 156
32 158
32 159
32 160
32 168
32 176
32 184
32 188
32 190
32 191
32 192
32 200
32 208
32 224
33 34
33 35
33 36
33 37
33 38
33 39
33 41
33 42
33 43
33 45
33 49
33 50
33 51
33 53
33 57
33 65
33 66
33 67
33 68
33 69
33 70
33 71
33 73
33 74
33 75
33 77
33 81
33 82
33 83
33 85
33 89
33 97
33 98
33 99
33 101
33 105
33 113
33 129
33 130
33 131
33 132
33 133
33 134
33 135
33 137
33 138
33 139
33 141
33 145
33 146
33 147
33 149
33 153
33 161
33 162
33 163
33 165
33 169
33 177
33 193
33 194
33 195
33 197
33 201
33 209
33 225
34 35
34 36
34 37
34 38
34 39
34 40
34 41
34 42
34 43
34 44
34 45
34 46
34 49
34 50
34 51
34 52
34 53
34 54
34 57
34 58
34 65
34 66
34 67
34 68
34 69
34 70
34 71
34 72
34 73
34 74
34 75
34 76
34 77
34 78
34 81
34 82
34 83
34 84
34 85
34 86
34 89
34 90
34 97
34 98
34 99
34 100
34 101
34 102
34 105
34 106
34 113
34 114
34 129
34 130
34 131
34 132
34 133
34 134
34 135
34 136
34 137
34 138
34 139
34 140
34 142
34 145
34 146
34 147
34 148
34 149
34 150
34 153
34 154
34 161
34 162
34 163
34 164
34 165
34 166
34 169
34 170
34 177
34 178
34 193
34 194
34 195
34 196
34 198
34 201
34 202
34 209
34 210
34 226
35 36
35 37
35 38
35 39
35 40
35 41
35 42
35 43
35 44
35 45
35 46
35 47
35 49
35 50
35 51
35 52
35 53
35 54
35 55
35 57
35 58
35 59
35 65
35 66
35 67
35 68
35 69
35 70
35 71
35 72
35 73
35 74
35 75
35 76
35 77
35 78
35 79
35 81
35 82
35 83
35 84
35 85
35 86
35 87
35 89
35 90
35 91
35 97
35 98
35 99
35 100
35 101
35 102
35 103
35 105
35 106
35 107
35 113
35 114
35 115
35 129
35 130
35 131
35 132
35 133
35 134
35 135
35 137
35 138
35 139
35 140
35 141
35 142
35 143
35 145
35 146
35 147
35 148
35 149
35 150
35 151
35 153
35 154
35 155
35 161
35 162
35 163
35 164
35 165
35 166
35 167
35 169
35 170
35 171
35 177
35 178
35 179
35 193
35 194
35 195
35 197
35 198
35 199
35 201
35 202
35 203
35 209
35 210
35 211
35 227
36 37
36 38
36 39
36 40
36 41
36 42
36 43
36 44
36 45
36 46
36 47
36 48
36 49
36 50
36 51
36 52
36 53
36 54
36 55
36 56
36 57
36 58
36 60
36 66
36 67
36 68
36 69
36 70
36 71
36 72
36 73
36 74
36 75
36 76
36 77
36 78
36 79
36 80
36 81
36 82
36 83
36 84
36 85
36 86
36 87
36 88
36 89
36 90
36 92
36 98
36 99
36 100
36 102
36 103
36 104
36 105
36 106
36 108
36 114
36 116
36 130
36 131
36 132
36 134
36 135
36 136
36 137
36 138
36 139
36 140
36 141
36 142
36 143
36 144
36 145
36 146
36 147
36 148
36 149
36 150
36 151
36 152
36 153
36 154
36 156
36 162
36 163
36 164
36 166
36 167
36 168
36 169
36 170
36 172
36 178
36 180
36 194
36 196
36 198
36 199
36 200
36 201
36 202
36 204
36 210
36 212
36 228
37 38
37 39
37 40
37 41
37 42
37 43
37 44
37 45
37 46
37 47
37 49
37 50
37 51
37 52
37 53
37 54
37 55
37 57
37 58
37 59
37 61
37 65
37 66
37 67
37 68
37 69
37 70
37 71
37 73
37 74
37 75
37 76
37 77
37 78
37 79
37 81
37 82
37 83
37 84
37 85
37 86
37 87
37 89
37 90
37 91
37 93
37 97
37 98
37 99
37 101
37 102
37 103
37 105
37 106
37 107
37 109
37 113
37 115
37 117
37 129
37 130
37 131
37 133
37 134
37 135
37 137
37 138
37 139
37 141
37 145
37 146
37 147
37 148
37 149
37 150
37 151
37 153
37 154
37 155
37 157
37 161
37 162
37 163
37 165
37 166
37 167
37 169
37 170
37 171
37 173
37 177
37 179
37 181
37 193
37 195
37 197
37 201
37 202
37 203
37 205
37 209
37 211
37 213
37 229
38 39
38 40
38 41
38 42
38 43
38 44
38 45
38 46
38 47
38 48
38 49
38 50
38 51
38 52
38 53
38 54
38 55
38 56
38 57
38 58
38 59
38 60
38 62
38 66
38 67
38 68
38 69
38 70
38 71
38 72
38 73
38 74
38 75
38 76
38 77
38 78
38 79
38 80
38 81
38 82
38 83
38 84
38 85
38 86
38 87
38 88
38 89
38 90
38 91
38 92
38 94
38 98
38 99
38 100
38 101
38 102
38 103
38 104
38 105
38 106
38 107
38 108
38 110
38 114
38 115
38 116
38 118
38 130
38 131
38 132
38 133
38 134
38 135
38 136
38 137
38 138
38 139
38 140
38 142
38 145
38 146
38 147
38 148
38 149
38 150
38 151
38 152
38 153
38 154
38 155
38 156
38 158
38 162
38 163
38 164
38 165
38 166
38 167
38 168
38 169
38 170
38 171
38 172
38 174
38 178
38 179
38 180
38 182
38 194
38 195
38 196
38 198
38 201
38 202
38 203
38 204
38 206
38 210
38 211
38 212
38 214
38 230
39 40
39 41
39 42
39 43
39 44
39 45
39 46
39 47
39 48
39 49
39 50
39 51
39 52
39 53
39 54
39 55
39 56
39 57
39 58
39 59
39 60
39 61
39 62
39 63
39 67
39 68
39 69
39 70
39 71
39 72
39 73
39 74
39 75
39 76
39 77
39 78
39 79
39 80
39 81
39 82
39 83
39 84
39 85
39 86
39 87
39 88
39 89
39 90
39 91
39 92
39 93
39 94
39 95
39 99
39 100
39 101
39 102
39 103
39 104
39 105
39 106
39 107
39 108
39 109
39 110
39 111
39 115
39 116
39 119
39 131
39 132
39 133
39 134
39 135
39 136
39 137
39 138
39 139
39 140
39 141
39 142
39 143
39 145
39 146
39 147
39 148
39 149
39 150
39 151
39 152
39 153
39 154
39 155
39 156
39 157
39 158
39 159
39 163
39 164
39 165
39 166
39 167
39 168
39 169
39 170
39 171
39 172
39 173
39 174
39 175
39 179
39 180
39 183
39 195
39 196
39 199
39 201
39 202
39 203
39 204
39 205
39 206
39 207
39 211
39 212
39 215
39 231
40 42
40 43
40 44
40 45
40 46
40 47
40 48
40 50
40 51
40 52
40 54
40 55
40 56
40 58
40 59
40 60
40 61
40 62
40 63
40 64
40 68
40 70
40 71
40 72
40 74
40 75
40 76
40 77
40 78
40 79
40 80
40 82
40 83
40 84
40 86
40 87
40 88
40 90
40 91
40 92
40 93
40 94
40 95
40 96
40 100
40 102
40 103
40 104
40 106
40 108
40 110
40 111
40 112
40 116
40 120
40 132
40 134
40 135
40 136
40 138
40 140
40 142
40 143
40 144
40 146
40 147
40 148
40 150
40 151
40 152
40 154
40 155
40 156
40 157
40 158
40 159
40 160
40 164
40 166
40 167
40 168
40 170
40 172
40 174
40 175
40 176
40 180
40 184
40 196
40 200
40 202
40 204
40 206
40 207
40 208
40 212
40 216
40 232
41 42
41 43
41 44
41 45
41 46
41 47
41 49
41 50
41 51
41 52
41 53
41 54
41 55
41 57
41 58
41 59
41 61
41 65
41 66
41 67
41 68
41 69
41 70
41 71
41 73
41 74
41 75
41 77
41 81
41 82
41 83
41 84
41 85
41 86
41 87
41 89
41 90
41 91
41 93
41 97
41 98
41 99
41 100
41 101
41 102
41 103
41 105
41 106
41 107
41 109
41 113
41 114
41 115
41 117
41 121
41 129
41 130
41 131
41 133
41 137
41 138
41 139
41 141
41 145
41 146
41 147
41 149
41 150
41 151
41 153
41 154
41 155
41 157
41 161
41 162
41 163
41 164
41 165
41 166
41 167
41 169
41 170
41 171
41 173
41 177
41 178
41 179
41 181
41 185
41 193
41 197
41 201
41 203
41 205
41 209
41 210
41 211
41 213
41 217
41 233
42 43
42 44
42 45
42 46
42 47
42 48
42 49
42 50
42 51
42 52
42 53
42 54
42 55
42 56
42 57
42 58
42 59
42 60
42 61
42 62
42 66
42 67
42 68
42 69
42 70
42 71
42 72
42 73
42 74
42 75
42 76
42 77
42 78
42 81
42 82
42 83
42 84
42 85
42 86
42 87
42 88
42 89
42 90
42 91
42 92
42 93
42 94
42 98
42 99
42 100
42 101
42 102
42 103
42 104
42 105
42 106
42 107
42 108
42 109
42 110
42 114
42 115
42 116
42 117
42 118
42 122
42 130
42 131
42 132
42 133
42 134
42 137
42 138
42 139
42 140
42 141
42 142
42 145
42 146
42 147
42 148
42 149
42 150
42 151
42 152
42 153
42 154
42 155
42 156
42 157
42 158
42 162
42 163
42 164
42 165
42 166
42 167
42 168
42 169
42 170
42 171
42 172
42 173
42 174
42 178
42 179
42 180
42 181
42 182
42 186
42 194
42 197
42 198
42 201
42 202
42 203
42 204
42 205
42 206
42 210
42 211
42 212
42 213
42 214
42 218
42 234
43 44
43 45
43 46
43 47
43 48
43 49
43 50
43 51
43 52
43 53
43 54
43 55
43 56
43 57
43 58
43 59
43 60
43 61
43 62
43 63
43 67
43 69
43 70
43 71
43 73
43 74
43 75
43 76
43 77
43 78
43 79
43 81
43 82
43 83
43 84
43 85
43 86
43 87
43 88
43 89
43 90
43 91
43 92
43 93
43 94
43 95
43 99
43 101
43 102
43 103
43 105
43 106
43 107
43 108
43 109
43 110
43 111
43 115
43 117
43 118
43 119
43 123
43 131
43 133
43 134
43 135
43 137
43 138
43 139
43 140
43 141
43 142
43 143
43 145
43 146
43 147
43 148
43 149
43 150
43 151
43 152
43 153
43 154
43 155
43 156
43 157
43 158
43 159
43 163
43 165
43 166
43 167
43 169
43 170
43 171
43 172
43 173
43 174
43 175
43 179
43 181
43 182
43 183
43 187
43 195
43 197
43 198
43 199
43 201
43 202
43 203
43 204
43 205
43 206
43 207
43 211
43 213
43 214
43 215
43 219
43 235
44 45
44 46
44 47
44 48
44 50
44 51
44 52
44 53
44 54
44 55
44 56
44 58
44 59
44 60
44 61
44 62
44 63
44 64
44 68
44 70
44 71
44 72
44 74
44 75
44 76
44 77
44 78
44 79
44 80
44 82
44 83
44 84
44 85
44 86
44 87
44 88
44 90
44 91
44 92
44 93
44 94
44 95
44 96
44 100
44 102
44 103
44 104
44 106
44 107
44 108
44 109
44 110
44 111
44 112
44 116
44 118
44 119
44 120
44 124
44 132
44 134
44 135
44 136
44 138
44 139
44 140
44 142
44 143
44 144
44 146
44 147
44 148
44 149
44 150
44 151
44 152
44 154
44 155
44 156
44 158
44 159
44 160
44 164
44 166
44 167
44 168
44 170
44 171
44 172
44 173
44 174
44 175
44 176
44 180
44 182
44 183
44 184
44 188
44 196
44 198
44 200
44 202
44 203
44 204
44 206
44 208
44 212
44 214
44 215
44 216
44 220
44 236
45 46
45 47
45 48
45 49
45 50
45 51
45 52
45 53
45 54
45 55
45 56
45 57
45 58
45 59
45 60
45 61
45 62
45 63
45 69
45 71
45 73
45 74
45 75
45 76
45 77
45 78
45 79
45 81
45 82
45 83
45 84
45 85
45 86
45 87
45 88
45 89
45 90
45 91
45 92
45 93
45 94
45 95
45 101
45 103
45 105
45 106
45 107
45 108
45 109
45 110
45 111
45 113
45 114
45 115
45 116
45 117
45 118
45 119
45 121
45 122
45 123
45 125
45 133
45 135
45 137
45 138
45 139
45 140
45 141
45 142
45 143
45 145
45 146
45 147
45 148
45 149
45 150
45 151
45 152
45 153
45 154
45 155
45 156
45 157
45 158
45 159
45 165
45 167
45 169
45 170
45 171
45 172
45 173
45 174
45 175
45 177
45 178
45 179
45 180
45 181
45 182
45 183
45 185
45 186
45 187
45 189
45 197
45 199
45 201
45 203
45 204
45 205
45 207
45 213
45 215
45 217
45 218
45 219
45 221
45 237
46 47
46 48
46 50
46 51
46 52
46 53
46 54
46 55
46 56
46 57
46 58
46 59
46 60
46 61
46 62
46 63
46 64
46 70
46 71
46 72
46 74
46 75
46 76
46 77
46 78
46 79
46 80
46 82
46 83
46 84
46 85
46 86
46 87
46 88
46 89
46 90
46 91
46 92
46 93
46 94
46 95
46 96
46 102
46 103
46 104
46 106
46 107
46 108
46 109
46 110
46 111
46 112
46 114
46 115
46 116
46 117
46 118
46 119
46 120
46 122
46 123
46 124
46 126
46 134
46 135
46 136
46 138
46 139
46 140
46 141
46 142
46 143
46 144
46 146
46 147
46 148
46 149
46 150
46 151
46 152
46 154
46 155
46 156
46 157
46 158
46 159
46 160
46 166
46 167
46 168
46 170
46 171
46 172
46 173
46 174
46 175
46 176
46 178
46 179
46 180
46 181
46 182
46 183
46 184
46 186
46 187
46 188
46 190
46 198
46 199
46 200
46 202
46 203
46 204
46 206
46 207
46 208
46 214
46 215
46 216
46 218
46 219
46 220
46 222
46 238
47 48
47 51
47 52
47 53
47 54
47 55
47 56
47 57
47 58
47 59
47 60
47 61
47 62
47 63
47 64
47 71
47 72
47 75
47 76
47 77
47 78
47 79
47 80
47 83
47 84
47 85
47 86
47 87
47 88
47 89
47 90
47 91
47 92
47 93
47 94
47 95
47 96
47 103
47 104
47 107
47 108
47 109
47 110
47 111
47 112
47 115
47 117
47 118
47 119
47 120
47 121
47 122
47 123
47 124
47 125
47 126
47 127
47 135
47 136
47 139
47 140
47 141
47 142
47 143
47 144
47 147
47 148
47 149
47 150
47 151
47 152
47 155
47 156
47 157
47 158
47 159
47 160
47 167
47 168
47 171
47 172
47 173
47 174
47 175
47 176
47 179
47 181
47 182
47 183
47 184
47 185
47 186
47 187
47 188
47 189
47 190
47 191
47 199
47 200
47 203
47 204
47 207
47 208
47 215
47 216
47 219
47 221
47 222
47 223
47 239
48 52
48 54
48 55
48 56
48 58
48 59
48 60
48 61
48 62
48 63
48 64
48 72
48 76
48 78
48 79
48 80
48 84
48 86
48 87
48 88
48 90
48 91
48 92
48 93
48 94
48 95
48 96
48 104
48 108
48 110
48 111
48 112
48 116
48 118
48 119
48 120
48 122
48 123
48 124
48 125
48 126
48 127
48 128
48 136
48 140
48 142
48 143
48 144
48 148
48 150
48 151
48 152
48 156
48 158
48 159
48 160
48 168
48 172
48 174
48 175
48 176
48 180
48 182
48 183
48 184
48 186
48 187
48 188
48 189
48 190
48 191
48 192
48 200
48 204
48 208
48 216
48 220
48 222
48 223
48 224
48 240
49 50
49 51
49 52
49 53
49 54
49 55
49 57
49 58
49 59
49 61
49 65
49 66
49 67
49 68
49 69
49 70
49 71
49 73
49 74
49 75
49 77
49 81
49 82
49 83
49 85
49 89
49 90
49 91
49 93
49 97
49 98
49 99
49 100
49 101
49 102
49 103
49 105
49 106
49 107
49 109
49 113
49 114
49 115
49 117
49 121
49 129
49 130
49 131
49 133
49 137
49 141
49 145
49 146
49 147
49 149
49 153
49 154
49 155
49 157
49 161
49 162
49 163
49 165
49 169
49 173
49 177
49 178
49 179
49 181
49 185
49 193
49 194
49 195
49 196
49 197
49 198
49 199
49 201
49 202
49 203
49 205
49 209
49 210
49 211
49 213
49 217
49 225
49 226
49 227
49 229
49 233
49 241
50 51
50 52
50 53
50 54
50 55
50 56
50 57
50 58
50 59
50 60
50 61
50 62
50 66
50 67
50 68
50 69
50 70
50 71
50 72
50 73
50 74
50 75
50 76
50 77
50 78
50 81
50 82
50 83
50 84
50 85
50 86
50 89
50 90
50 91
50 92
50 93
50 94
50 97
50 98
50 99
50 100
50 101
50 102
50 103
50 104
50 105
50 106
50 107
50 108
50 109
50 110
50 113
50 114
50 115
50 116
50 117
50 118
50 121
50 122
50 130
50 131
50 132
50 134
50 137
50 138
50 141
50 142
50 145
50 146
50 147
50 148
50 149
50 150
50 153
50 154
50 155
50 156
50 157
50 158
50 162
50 163
50 164
50 166
50 169
50 170
50 173
50 174
50 177
50 178
50 179
50 180
50 181
50 182
50 185
50 186
50 194
50 195
50 196
50 197
50 198
50 199
50 200
50 201
50 202
50 203
50 204
50 205
50 206
50 210
50 211
50 212
50 214
50 217
50 218
50 226
50 227
50 228
50 230
50 234
50 242
51 52
51 53
51 54
51 55
51 56
51 57
51 58
51 59
51 60
51 61
51 62
51 63
51 67
51 69
51 70
51 71
51 73
51 74
51 75
51 76
51 77
51 78
51 79
51 81
51 82
51 83
51 84
51 85
51 86
51 87
51 89
51 90
51 91
51 92
51 93
51 94
51 95
51 97
51 98
51 99
51 100
51 101
51 102
51 103
51 104
51 105
51 106
51 107
51 108
51 109
51 110
51 111
51 113
51 114
51 115
51 116
51 117
51 118
51 119
51 121
51 122
51 123
51 131
51 133
51 134
51 135
51 137
51 138
51 139
51 141
51 142
51 143
51 145
51 146
51 147
51 148
51 149
51 150
51 151
51 153
51 154
51 155
51 156
51 157
51 158
51 159
51 163
51 165
51 166
51 167
51 169
51 170
51 171
51 173
51 174
51 175
51 177
51 178
51 179
51 180
51 181
51 182
51 183
51 185
51 186
51 187
51 195
51 197
51 198
51 199
51 201
51 202
51 203
51 204
51 205
51 206
51 207
51 211
51 213
51 214
51 215
51 217
51 218
51 219
51 227
51 229
51 230
51 231
51 235
51 243
52 53
52 54
52 55
52 56
52 57
52 58
52 59
52 60
52 61
52 62
52 63
52 64
52 68
52 70
52 71
52 72
52 74
52 75
52 76
52 77
52 78
52 79
52 80
52 82
52 83
52 84
52 85
52 86
52 87
52 88
52 89
52 90
52 91
52 92
52 93
52 94
52 95
52 96
52 98
52 99
52 100
52 101
52 102
52 103
52 104
52 106
52 107
52 108
52 109
52 110
52 111
52 112
52 114
52 115
52 116
52 118
52 119
52 120
52 122
52 124
52 132
52 134
52 135
52 136
52 138
52 140
52 141
52 142
52 144
52 146
52 147
52 148
52 149
52 150
52 151
52 152
52 153
52 154
52 155
52 156
52 157
52 158
52 159
52 160
52 164
52 166
52 167
52 168
52 170
52 172
52 173
52 174
52 176
52 178
52 179
52 180
52 182
52 183
52 184
52 186
52 188
52 196
52 198
52 199
52 200
52 202
52 203
52 204
52 205
52 206
52 207
52 208
52 212
52 214
52 215
52 216
52 218
52 220
52 228
52 230
52 231
52 232
52 236
52 244
53 54
53 55
53 56
53 57
53 58
53 59
53 60
53 61
53 62
53 63
53 69
53 73
53 74
53 75
53 77
53 78
53 79
53 81
53 82
53 83
53 84
53 85
53 86
53 87
53 89
53 90
53 91
53 92
53 93
53 94
53 95
53 97
53 98
53 99
53 100
53 101
53 102
53 103
53 105
53 106
53 107
53 108
53 109
53 110
53 111
53 113
53 114
53 115
53 116
53 117
53 118
53 119
53 121
53 122
53 123
53 125
53 133
53 137
53 138
53 139
53 141
53 142
53 143
53 145
53 146
53 147
53 149
53 150
53 151
53 153
53 154
53 155
53 156
53 157
53 158
53 159
53 165
53 169
53 170
53 171
53 173
53 174
53 175
53 177
53 178
53 179
53 181
53 182
53 183
53 185
53 186
53 187
53 189
53 197
53 201
53 202
53 203
53 205
53 206
53 207
53 209
53 210
53 211
53 212
53 213
53 214
53 215
53 217
53 218
53 219
53 221
53 229
53 233
53 234
53 235
53 237
53 245
54 55
54 56
54 57
54 58
54 59
54 60
54 61
54 62
54 63
54 64
54 70
54 74
54 75
54 76
54 77
54 78
54 79
54 80
54 82
54 83
54 84
54 85
54 86
54 87
54 88
54 89
54 90
54 91
54 92
54 93
54 94
54 95
54 96
54 98
54 99
54 100
54 101
54 102
54 103
54 104
54 105
54 106
54 107
54 108
54 109
54 110
54 111
54 112
54 114
54 115
54 116
54 117
54 118
54 119
54 120
54 122
54 123
54 124
54 126
54 134
54 138
54 139
54 140
54 141
54 142
54 143
54 144
54 146
54 147
54 148
54 149
54 150
54 151
54 152
54 153
54 154
54 155
54 156
54 157
54 158
54 159
54 160
54 166
54 170
54 171
54 172
54 173
54 174
54 175
54 176
54 178
54 179
54 180
54 181
54 182
54 183
54 184
54 186
54 187
54 188
54 190
54 198
54 202
54 203
54 204
54 205
54 206
54 207
54 208
54 210
54 211
54 212
54 213
54 214
54 215
54 216
54 218
54 219
54 220
54 222
54 230
54 234
54 235
54 236
54 238
54 246
55 56
55 57
55 58
55 59
55 60
55 61
55 62
55 63
55 64
55 71
55 75
55 76
55 77
55 78
55 79
55 80
55 83
55 84
55 85
55 86
55 87
55 88
55 89
55 90
55 91
55 92
55 93
55 94
55 95
55 96
55 99
55 100
55 101
55 102
55 103
55 104
55 105
55 106
55 107
55 108
55 109
55 110
55 111
55 112
55 115
55 116
55 117
55 118
55 119
55 120
55 121
55 122
55 123
55 124
55 125
55 126
55 127
55 135
55 139
55 140
55 141
55 142
55 143
55 144
55 147
55 148
55 149
55 150
55 151
55 152
55 153
55 154
55 155
55 156
55 157
55 158
55 159
55 160
55 167
55 171
55 172
55 173
55 174
55 175
55 176
55 179
55 180
55 181
55 182
55 183
55 184
55 187
55 188
55 189
55 190
55 191
55 199
55 203
55 204
55 205
55 206
55 207
55 208
55 211
55 213
55 214
55 215
55 217
55 218
55 219
55 220
55 221
55 222
55 223
55 231
55 235
55 237
55 238
55 239
55 247
56 58
56 59
56 60
56 61
56 62
56 63
56 64
56 72
56 76
56 78
56 79
56 80
56 84
56 86
56 87
56 88
56 90
56 91
56 92
56 93
56 94
56 95
56 96
56 100
56 102
56 103
56 104
56 106
56 107
56 108
56 109
56 110
56 111
56 112
56 116
56 118
56 119
56 120
56 122
56 123
56 124
56 125
56 126
56 127
56 128
56 136
56 140
56 142
56 143
56 144
56 148
56 150
56 151
56 152
56 154
56 155
56 156
56 158
56 159
56 160
56 168
56 172
56 174
56 175
56 176
56 180
56 182
56 183
56 184
56 188
56 190
56 191
56 192
56 200
56 204
56 206
56 207
56 208
56 212
56 214
56 215
56 216
56 218
56 219
56 220
56 221
56 222
56 223
56 224
56 232
56 236
56 238
56 239
56 240
56 248
57 58
57 59
57 60
57 61
57 62
57 63
57 73
57 77
57 79
57 81
57 82
57 83
57 85
57 87
57 89
57 90
57 91
57 93
57 94
57 95
57 97
57 98
57 99
57 100
57 101
57 102
57 103
57 105
57 106
57 107
57 109
57 111
57 113
57 114
57 115
57 116
57 117
57 118
57 119
57 121
57 122
57 123
57 125
57 137
57 141
57 143
57 145
57 146
57 147
57 149
57 151
57 153
57 154
57 155
57 157
57 158
57 159
57 169
57 173
57 175
57 177
57 178
57 179
57 181
57 185
57 186
57 187
57 189
57 201
57 205
57 207
57 209
57 210
57 211
57 213
57 217
57 221
57 225
57 226
57 227
57 228
57 229
57 230
57 231
57 233
57 234
57 235
57 237
57 241
57 242
57 243
57 245
57 249
58 59
58 60
58 61
58 62
58 63
58 64
58 74
58 77
58 78
58 79
58 80
58 82
58 83
58 84
58 85
58 86
58 87
58 88
58 89
58 90
58 91
58 92
58 93
58 94
58 95
58 96
58 98
58 99
58 100
58 101
58 102
58 103
58 104
58 105
58 106
58 107
58 108
58 109
58 110
58 111
58 112
58 113
58 114
58 115
58 116
58 117
58 118
58 119
58 120
58 121
58 122
58 123
58 124
58 125
58 126
58 138
58 141
58 142
58 143
58 144
58 146
58 147
58 148
58 149
58 150
58 151
58 152
58 153
58 154
58 155
58 156
58 157
58 158
58 159
58 160
58 170
58 173
58 174
58 175
58 176
58 178
58 179
58 180
58 181
58 182
58 185
58 186
58 187
58 188
58 189
58 190
58 202
58 205
58 206
58 207
58 208
58 210
58 211
58 212
58 214
58 218
58 221
58 222
58 226
58 227
58 228
58 229
58 230
58 231
58 232
58 234
58 235
58 236
58 238
58 242
58 243
58 244
58 246
58 250
59 60
59 61
59 62
59 63
59 64
59 75
59 77
59 78
59 79
59 80
59 83
59 85
59 86
59 87
59 88
59 89
59 90
59 91
59 92
59 93
59 94
59 95
59 96
59 99
59 101
59 102
59 103
59 105
59 106
59 107
59 108
59 109
59 110
59 111
59 112
59 113
59 114
59 115
59 116
59 117
59 118
59 119
59 120
59 121
59 122
59 123
59 124
59 125
59 126
59 127
59 139
59 141
59 142
59 143
59 144
59 147
59 149
59 150
59 151
59 152
59 153
59 154
59 155
59 156
59 157
59 158
59 159
59 160
59 171
59 173
59 174
59 175
59 176
59 179
59 181
59 182
59 183
59 185
59 186
59 187
59 188
59 189
59 190
59 191
59 203
59 205
59 206
59 207
59 208
59 211
59 213
59 214
59 215
59 219
59 221
59 222
59 223
59 227
59 229
59 230
59 231
59 233
59 234
59 235
59 236
59 237
59 238
59 239
59 243
59 245
59 246
59 247
59 251
60 61
60 62
60 63
60 64
60 76
60 78
60 79
60 80
60 84
60 86
60 87
60 88
60 90
60 91
60 92
60 93
60 94
60 95
60 96
60 100
60 102
60 103
60 104
60 106
60 107
60 108
60 109
60 110
60 111
60 112
60 114
60 115
60 116
60 117
60 118
60 119
60 120
60 122
60 123
60 124
60 125
60 126
60 127
60 128
60 140
60 142
60 143
60 144
60 148
60 150
60 151
60 152
60 154
60 155
60 156
60 157
60 158
60 159
60 160
60 172
60 174
60 175
60 176
60 180
60 182
60 183
60 184
60 186
60 187
60 188
60 190
60 191
60 192
60 204
60 206
60 207
60 208
60 212
60 214
60 215
60 216
60 220
60 222
60 224
60 228
60 230
60 231
60 232
60 234
60 235
60 236
60 237
60 238
60 239
60 240
60 244
60 246
60 247
60 248
60 252
61 62
61 63
61 64
61 77
61 79
61 80
61 85
61 87
61 88
61 89
61 90
61 91
61 92
61 93
61 94
61 95
61 96
61 101
61 103
61 105
61 106
61 107
61 109
61 110
61 111
61 112
61 113
61 114
61 115
61 116
61 117
61 118
61 119
61 121
61 122
61 123
61 124
61 125
61 126
61 127
61 141
61 143
61 144
61 149
61 151
61 152
61 153
61 154
61 155
61 156
61 157
61 158
61 159
61 160
61 173
61 175
61 176
61 181
61 183
61 185
61 186
61 187
61 189
61 190
61 191
61 205
61 207
61 208
61 213
61 217
61 218
61 219
61 221
61 223
61 229
61 233
61 234
61 235
61 237
61 241
61 242
61 243
61 244
61 245
61 246
61 247
61 249
61 250
61 251
61 253
62 63
62 64
62 78
62 79
62 80
62 86
62 87
62 88
62 90
62 91
62 92
62 93
62 94
62 95
62 96
62 102
62 103
62 104
62 106
62 107
62 108
62 109
62 110
62 111
62 112
62 114
62 115
62 116
62 117
62 118
62 119
62 120
62 121
62 122
62 123
62 124
62 125
62 126
62 127
62 128
62 142
62 143
62 144
62 150
62 151
62 152
62 154
62 155
62 156
62 157
62 158
62 159
62 160
62 174
62 175
62 176
62 182
62 183
62 184
62 186
62 187
62 188
62 189
62 190
62 191
62 192
62 206
62 207
62 208
62 214
62 218
62 219
62 220
62 222
62 223
62 224
62 230
62 234
62 235
62 236
62 238
62 242
62 243
62 244
62 245
62 246
62 247
62 248
62 250
62 251
62 252
62 254
63 64
63 79
63 80
63 87
63 88
63 91
63 92
63 93
63 94
63 95
63 96
63 103
63 104
63 107
63 108
63 109
63 110
63 111
63 112
63 115
63 116
63 117
63 118
63 119
63 120
63 121
63 122
63 123
63 124
63 125
63 126
63 127
63 128
63 143
63 144
63 151
63 152
63 155
63 156
63 157
63 158
63 159
63 160
63 175
63 176
63 183
63 184
63 187
63 188
63 189
63 190
63 191
63 192
63 207
63 208
63 215
63 219
63 221
63 222
63 223
63 224
63 231
63 235
63 237
63 238
63 239
63 243
63 245
63 246
63 247
63 249
63 250
63 251
63 252
63 253
63 254
63 255
64 80
64 88
64 92
64 94
64 95
64 96
64 104
64 108
64 110
64 111
64 112
64 116
64 118
64 119
64 120
64 122
64 123
64 124
64 125
64 126
64 127
64 128
64 144
64 152
64 156
64 158
64 159
64 160
64 176
64 184
64 188
64 190
64 191
64 192
64 208
64 216
64 220
64 222
64 223
64 224
64 232
64 236
64 238
64 239
64 240
64 244
64 246
64 247
64 248
64 250
64 251
64 252
64 253
64 254
64 255
64 256
65 66
65 67
65 68
65 69
65 70
65 71
65 73
65 74
65 75
65 77
65 81
65 82
65 83
65 85
65 89
65 97
65 98
65 99
65 101
65 105
65 113
65 129
65 130
65 131
65 132
65 133
65 134
65 135
65 137
65 138
65 139
65 141
65 145
65 146
65 147
65 149
65 153
65 161
65 162
65 163
65 165
65 169
65 177
65 193
65 194
65 195
65 197
65 201
65 209
65 225
66 67
66 68
66 69
66 70
66 71
66 72
66 73
66 74
66 75
66 76
66 77
66 78
66 81
66 82
66 83
66 84
66 85
66 86
66 89
66 90
66 97
66 98
66 99
66 100
66 101
66 102
66 105
66 106
66 113
66 114
66 129
66 130
66 131
66 132
66 133
66 134
66 135
66 136
66 137
66 138
66 139
66 140
66 141
66 142
66 145
66 146
66 147
66 148
66 149
66 150
66 153
66 154
66 161
66 162
66 163
66 164
66 165
66 166
66 169
66 170
66 177
66 178
66 193
66 194
66 195
66 196
66 197
66 198
66 201
66 202
66 209
66 210
66 225
66 226
67 68
67 69
67 70
67 71
67 72
67 73
67 74
67 75
67 76
67 77
67 78
67 79
67 81
67 82
67 83
67 84
67 85
67 86
67 87
67 89
67 90
67 91
67 97
67 98
67 99
67 100
67 101
67 102
67 103
67 105
67 106
67 107
67 113
67 114
67 115
67 129
67 130
67 131
67 132
67 133
67 134
67 135
67 136
67 137
67 138
67 139
67 140
67 141
67 142
67 143
67 145
67 146
67 147
67 148
67 149
67 150
67 151
67 153
67 154
67 155
67 161
67 162
67 163
67 164
67 165
67 166
67 167
67 169
67 170
67 171
67 177
67 178
67 179
67 193
67 194
67 195
67 196
67 197
67 198
67 199
67 201
67 202
67 203
67 209
67 210
67 211
67 225
67 226
67 227
68 69
68 70
68 71
68 72
68 73
68 74
68 75
68 76
68 77
68 78
68 79
68 80
68 81
68 82
68 83
68 84
68 85
68 86
68 87
68 88
68 89
68 90
68 92
68 97
68 98
68 99
68 100
68 101
68 102
68 103
68 104
68 105
68 106
68 108
68 113
68 114
68 116
68 130
68 131
68 132
68 133
68 134
68 135
68 136
68 138
68 139
68 140
68 141
68 142
68 143
68 144
68 145
68 146
68 147
68 148
68 150
68 151
68 152
68 154
68 156
68 161
68 162
68 163
68 164
68 165
68 166
68 167
68 168
68 169
68 170
68 172
68 177
68 178
68 180
68 194
68 195
68 196
68 198
68 199
68 200
68 202
68 204
68 209
68 210
68 212
68 226
68 228
69 70
69 71
69 72
69 73
69 74
69 75
69 76
69 77
69 78
69 79
69 81
69 82
69 83
69 84
69 85
69 86
69 87
69 89
69 90
69 91
69 93
69 97
69 98
69 99
69 100
69 101
69 102
69 103
69 105
69 106
69 107
69 109
69 113
69 114
69 115
69 117
69 129
69 130
69 131
69 132
69 133
69 134
69 135
69 137
69 138
69 139
69 140
69 141
69 142
69 143
69 145
69 146
69 147
69 148
69 149
69 150
69 151
69 153
69 154
69 155
69 157
69 161
69 162
69 163
69 164
69 165
69 166
69 167
69 169
69 170
69 171
69 173
69 177
69 178
69 179
69 181
69 193
69 194
69 195
69 197
69 198
69 199
69 201
69 202
69 203
69 205
69 209
69 210
69 211
69 213
69 225
69 227
69 229
70 71
70 72
70 73
70 74
70 75
70 76
70 77
70 78
70 79
70 80
70 81
70 82
70 83
70 84
70 85
70 86
70 87
70 88
70 89
70 90
70 91
70 92
70 94
70 97
70 98
70 99
70 100
70 101
70 102
70 103
70 104
70 105
70 106
70 107
70 108
70 110
70 113
70 114
70 115
70 116
70 118
70 130
70 131
70 132
70 133
70 134
70 135
70 136
70 137
70 138
70 139
70 140
70 141
70 142
70 143
70 144
70 145
70 146
70 147
70 148
70 149
70 150
70 151
70 152
70 154
70 155
70 156
70 158
70 161
70 162
70 163
70 164
70 165
70 166
70 167
70 168
70 169
70 170
70 171
70 172
70 174
70 177
70 178
70 179
70 180
70 182
70 194
70 195
70 196
70 197
70 198
70 199
70 200
70 202
70 203
70 204
70 206
70 209
70 210
70 211
70 212
70 214
70 226
70 227
70 228
70 230
71 72
71 73
71 74
71 75
71 76
71 77
71 78
71 79
71 80
71 81
71 82
71 83
71 84
71 85
71 86
71 87
71 88
71 89
71 90
71 91
71 92
71 93
71 94
71 95
71 97
71 98
71 99
71 100
71 101
71 102
71 103
71 104
71 105
71 106
71 107
71 108
71 109
71 110
71 111
71 113
71 114
71 115
71 116
71 119
71 131
71 132
71 133
71 134
71 135
71 136
71 137
71 138
71 139
71 140
71 141
71 142
71 143
71 144
71 145
71 146
71 147
71 148
71 149
71 150
71 151
71 152
71 153
71 154
71 155
71 156
71 157
71 158
71 159
71 161
71 162
71 163
71 164
71 165
71 166
71 167
71 168
71 169
71 170
71 171
71 172
71 173
71 174
71 175
71 177
71 178
71 179
71 180
71 183
71 195
71 196
71 197
71 198
71 199
71 200
71 203
71 204
71 205
71 206
71 207
71 209
71 210
71 211
71 212
71 215
71 227
71 228
71 231
72 74
72 75
72 76
72 77
72 78
72 79
72 80
72 82
72 83
72 84
72 86
72 87
72 88
72 90
72 91
72 92
72 93
72 94
72 95
72 96
72 98
72 99
72 100
72 102
72 103
72 104
72 106
72 108
72 110
72 111
72 112
72 114
72 116
72 120
72 132
72 134
72 135
72 136
72 138
72 139
72 140
72 141
72 142
72 143
72 144
72 146
72 148
72 150
72 151
72 152
72 154
72 155
72 156
72 157
72 158
72 159
72 160
72 162
72 163
72 164
72 166
72 167
72 168
72 170
72 172
72 174
72 175
72 176
72 178
72 180
72 184
72 196
72 198
72 199
72 200
72 204
72 206
72 207
72 208
72 210
72 212
72 216
72 228
72 232
73 74
73 75
73 76
73 77
73 78
73 79
73 81
73 82
73 83
73 84
73 85
73 86
73 87
73 89
73 90
73 91
73 93
73 97
73 98
73 99
73 100
73 101
73 102
73 103
73 105
73 106
73 107
73 109
73 113
73 114
73 115
73 117
73 121
73 129
73 130
73 131
73 132
73 133
73 134
73 135
73 137
73 138
73 139
73 141
73 145
73 146
73 147
73 148
73 149
73 150
73 151
73 153
73 154
73 155
73 157
73 161
73 162
73 163
73 164
73 165
73 166
73 167
73 169
73 170
73 171
73 173
73 177
73 178
73 179
73 181
73 185
73 193
73 194
73 195
73 197
73 201
73 202
73 203
73 205
73 209
73 210
73 211
73 213
73 217
73 225
73 229
73 233
74 75
74 76
74 77
74 78
74 79
74 80
74 81
74 82
74 83
74 84
74 85
74 86
74 87
74 88
74 89
74 90
74 91
74 92
74 93
74 94
74 97
74 98
74 99
74 100
74 101
74 102
74 103
74 104
74 105
74 106
74 107
74 108
74 109
74 110
74 113
74 114
74 115
74 116
74 117
74 118
74 122
74 130
74 131
74 132
74 133
74 134
74 135
74 136
74 137
74 138
74 139
74 140
74 141
74 142
74 145
74 146
74 147
74 148
74 149
74 150
74 151
74 152
74 153
74 154
74 155
74 156
74 157
74 158
74 161
74 162
74 163
74 164
74 165
74 166
74 167
74 168
74 169
74 170
74 171
74 172
74 173
74 174
74 177
74 178
74 179
74 180
74 181
74 182
74 186
74 194
74 195
74 196
74 197
74 198
74 201
74 202
74 203
74 204
74 205
74 206
74 209
74 210
74 211
74 212
74 213
74 214
74 218
74 226
74 229
74 230
74 234
75 76
75 77
75 78
75 79
75 80
75 81
75 82
75 83
75 84
75 85
75 86
75 87
75 88
75 89
75 90
75 91
75 92
75 93
75 94
75 95
75 97
75 98
75 99
75 100
75 101
75 102
75 103
75 104
75 105
75 106
75 107
75 108
75 109
75 110
75 111
75 113
75 114
75 115
75 116
75 117
75 118
75 119
75 123
75 131
75 133
75 134
75 135
75 137
75 138
75 139
75 140
75 141
75 142
75 143
75 145
75 146
75 147
75 148
75 149
75 150
75 151
75 152
75 153
75 154
75 155
75 156
75 157
75 158
75 159
75 161
75 162
75 163
75 164
75 165
75 166
75 167
75 168
75 169
75 170
75 171
75 172
75 173
75 174
75 175
75 177
75 178
75 179
75 180
75 181
75 182
75 183
75 187
75 195
75 197
75 198
75 199
75 201
75 202
75 203
75 204
75 205
75 206
75 207
75 209
75 210
75 211
75 212
75 213
75 214
75 215
75 219
75 227
75 229
75 230
75 231
75 235
76 77
76 78
76 79
76 80
76 82
76 83
76 84
76 85
76 86
76 87
76 88
76 90
76 91
76 92
76 93
76 94
76 95
76 96
76 98
76 99
76 100
76 101
76 102
76 103
76 104
76 106
76 107
76 108
76 109
76 110
76 111
76 112
76 114
76 115
76 116
76 118
76 119
76 120
76 124
76 132
76 134
76 135
76 136
76 138
76 139
76 140
76 141
76 142
76 143
76 144
76 146
76 147
76 148
76 149
76 150
76 151
76 152
76 154
76 155
76 156
76 157
76 158
76 159
76 160
76 162
76 163
76 164
76 165
76 166
76 167
76 168
76 170
76 171
76 172
76 173
76 174
76 175
76 176
76 178
76 179
76 180
76 182
76 183
76 184
76 188
76 196
76 198
76 199
76 200
76 202
76 203
76 204
76 206
76 207
76 208
76 210
76 211
76 212
76 214
76 215
76 216
76 220
76 228
76 230
76 232
76 236
77 78
77 79
77 80
77 81
77 82
77 83
77 84
77 85
77 86
77 87
77 88
77 89
77 90
77 91
77 92
77 93
77 94
77 95
77 97
77 98
77 99
77 100
77 101
77 102
77 103
77 104
77 105
77 106
77 107
77 108
77 109
77 110
77 111
77 113
77 114
77 115
77 116
77 117
77 118
77 119
77 121
77 122
77 123
77 125
77 133
77 135
77 137
77 138
77 139
77 141
77 142
77 143
77 145
77 146
77 147
77 148
77 149
77 150
77 151
77 153
77 154
77 155
77 156
77 157
77 158
77 159
77 161
77 162
77 163
77 164
77 165
77 166
77 167
77 168
77 169
77 170
77 171
77 172
77 173
77 174
77 175
77 177
77 178
77 179
77 180
77 181
77 182
77 183
77 185
77 186
77 187
77 189
77 197
77 199
77 201
77 202
77 203
77 205
77 206
77 207
77 209
77 211
77 212
77 213
77 215
77 217
77 218
77 219
77 221
77 229
77 231
77 237
78 79
78 80
78 82
78 83
78 84
78 85
78 86
78 87
78 88
78 89
78 90
78 91
78 92
78 93
78 94
78 95
78 96
78 98
78 99
78 100
78 101
78 102
78 103
78 104
78 106
78 107
78 108
78 109
78 110
78 111
78 112
78 114
78 115
78 116
78 117
78 118
78 119
78 120
78 122
78 123
78 124
78 126
78 134
78 135
78 136
78 138
78 139
78 140
78 141
78 142
78 143
78 144
78 146
78 147
78 148
78 149
78 150
78 151
78 152
78 153
78 154
78 155
78 156
78 157
78 158
78 159
78 160
78 162
78 163
78 164
78 165
78 166
78 167
78 168
78 170
78 171
78 172
78 173
78 174
78 175
78 176
78 178
78 179
78 180
78 181
78 182
78 183
78 184
78 186
78 187
78 188
78 190
78 198
78 199
78 200
78 202
78 203
78 204
78 205
78 206
78 207
78 208
78 210
78 211
78 212
78 214
78 215
78 216
78 218
78 219
78 220
78 222
78 230
78 231
78 232
78 238
79 80
79 83
79 84
79 85
79 86
79 87
79 88
79 89
79 90
79 91
79 92
79 93
79 94
79 95
79 96
79 99
79 100
79 101
79 102
79 103
79 104
79 107
79 108
79 109
79 110
79 111
79 112
79 115
79 116
79 117
79 118
79 119
79 120
79 121
79 122
79 123
79 124
79 125
79 126
79 127
79 135
79 136
79 139
79 140
79 141
79 142
79 143
79 144
79 147
79 148
79 149
79 150
79 151
79 152
79 153
79 154
79 155
79 156
79 157
79 158
79 159
79 160
79 163
79 164
79 165
79 166
79 167
79 168
79 171
79 172
79 173
79 174
79 175
79 176
79 179
79 180
79 181
79 182
79 183
79 184
79 185
79 186
79 187
79 188
79 189
79 190
79 191
79 199
79 200
79 203
79 204
79 205
79 206
79 207
79 208
79 211
79 212
79 215
79 216
79 219
79 221
79 222
79 223
79 231
79 232
79 239
80 84
80 86
80 87
80 88
80 90
80 91
80 92
80 93
80 94
80 95
80 96
80 100
80 102
80 103
80 104
80 108
80 110
80 111
80 112
80 116
80 118
80 119
80 120
80 122
80 123
80 124
80 125
80 126
80 127
80 128
80 136
80 140
80 142
80 143
80 144
80 148
80 150
80 151
80 152
80 154
80 155
80 156
80 157
80 158
80 159
80 160
80 164
80 166
80 167
80 168
80 172
80 174
80 175
80 176
80 180
80 182
80 183
80 184
80 186
80 187
80 188
80 189
80 190
80 191
80 192
80 200
80 204
80 206
80 207
80 208
80 212
80 216
80 220
80 222
80 223
80 224
80 232
80 240
81 82
81 83
81 84
81 85
81 86
81 87
81 89
81 90
81 91
81 93
81 97
81 98
81 99
81 100
81 101
81 102
81 103
81 105
81 106
81 107
81 109
81 113
81 114
81 115
81 117
81 121
81 129
81 130
81 131
81 132
81 133
81 134
81 135
81 137
81 138
81 139
81 141
81 145
81 146
81 147
81 149
81 153
81 161
81 162
81 163
81 164
81 165
81 166
81 167
81 169
81 170
81 171
81 173
81 177
81 178
81 179
81 181
81 185
81 193
81 194
81 195
81 196
81 197
81 198
81 199
81 201
81 202
81 203
81 205
81 209
81 210
81 211
81 213
81 217
81 225
81 226
81 227
81 229
81 233
81 241
82 83
82 84
82 85
82 86
82 87
82 88
82 89
82 90
82 91
82 92
82 93
82 94
82 97
82 98
82 99
82 100
82 101
82 102
82 103
82 104
82 105
82 106
82 107
82 108
82 109
82 110
82 113
82 114
82 115
82 116
82 117
82 118
82 121
82 122
82 130
82 131
82 132
82 133
82 134
82 135
82 136
82 137
82 138
82 139
82 140
82 142
82 145
82 146
82 147
82 148
82 149
82 150
82 153
82 154
82 161
82 162
82 163
82 164
82 165
82 166
82 167
82 168
82 169
82 170
82 171
82 172
82 173
82 174
82 177
82 178
82 179
82 180
82 181
82 182
82 185
82 186
82 194
82 195
82 196
82 197
82 198
82 199
82 200
82 201
82 202
82 203
82 204
82 206
82 209
82 210
82 211
82 212
82 213
82 214
82 217
82 218
82 226
82 227
82 228
82 230
82 233
82 234
82 242
83 84
83 85
83 86
83 87
83 88
83 89
83 90
83 91
83 92
83 93
83 94
83 95
83 97
83 98
83 99
83 100
83 101
83 102
83 103
83 104
83 105
83 106
83 107
83 108
83 109
83 110
83 111
83 113
83 114
83 115
83 116
83 117
83 118
83 119
83 121
83 122
83 123
83 131
83 133
83 134
83 135
83 137
83 138
83 139
83 140
83 141
83 142
83 143
83 145
83 146
83 147
83 148
83 149
83 150
83 151
83 153
83 154
83 155
83 161
83 162
83 163
83 164
83 165
83 166
83 167
83 168
83 169
83 170
83 171
83 172
83 173
83 174
83 175
83 177
83 178
83 179
83 180
83 181
83 182
83 183
83 185
83 186
83 187
83 195
83 197
83 198
83 199
83 201
83 202
83 203
83 204
83 205
83 206
83 207
83 209
83 210
83 211
83 212
83 213
83 214
83 215
83 217
83 218
83 219
83 227
83 229
83 230
83 231
83 233
83 234
83 235
83 243
84 85
84 86
84 87
84 88
84 89
84 90
84 91
84 92
84 93
84 94
84 95
84 96
84 98
84 99
84 100
84 101
84 102
84 103
84 104
84 105
84 106
84 107
84 108
84 109
84 110
84 111
84 112
84 114
84 115
84 116
84 117
84 118
84 119
84 120
84 122
84 124
84 132
84 134
84 135
84 136
84 138
84 139
84 140
84 141
84 142
84 143
84 144
84 146
84 147
84 148
84 149
84 150
84 151
84 152
84 154
84 156
84 162
84 163
84 164
84 165
84 166
84 167
84 168
84 169
84 170
84 171
84 172
84 173
84 174
84 175
84 176
84 178
84 179
84 180
84 181
84 182
84 183
84 184
84 186
84 188
84 196
84 198
84 199
84 200
84 202
84 203
84 204
84 205
84 206
84 207
84 208
84 210
84 211
84 212
84 213
84 214
84 215
84 216
84 218
84 220
84 228
84 230
84 231
84 232
84 234
84 236
84 244
85 86
85 87
85 88
85 89
85 90
85 91
85 92
85 93
85 94
85 95
85 97
85 98
85 99
85 100
85 101
85 102
85 103
85 105
85 106
85 107
85 108
85 109
85 110
85 111
85 113
85 114
85 115
85 116
85 117
85 118
85 119
85 121
85 122
85 123
85 125
85 133
85 137
85 138
85 139
85 141
85 145
85 146
85 147
85 148
85 149
85 150
85 151
85 153
85 154
85 155
85 157
85 161
85 162
85 163
85 164
85 165
85 166
85 167
85 169
85 170
85 171
85 172
85 173
85 174
85 175
85 177
85 178
85 179
85 180
85 181
85 182
85 183
85 185
85 186
85 187
85 189
85 197
85 201
85 202
85 203
85 205
85 209
85 210
85 211
85 212
85 213
85 214
85 215
85 217
85 218
85 219
85 221
85 229
85 233
85 234
85 235
85 237
85 245
86 87
86 88
86 89
86 90
86 91
86 92
86 93
86 94
86 95
86 96
86 98
86 99
86 100
86 101
86 102
86 103
86 104
86 105
86 106
86 107
86 108
86 109
86 110
86 111
86 112
86 114
86 115
86 116
86 117
86 118
86 119
86 120
86 122
86 123
86 124
86 126
86 134
86 138
86 139
86 140
86 142
86 146
86 147
86 148
86 149
86 150
86 151
86 152
86 154
86 155
86 156
86 158
86 162
86 163
86 164
86 165
86 166
86 167
86 168
86 169
86 170
86 171
86 172
86 173
86 174
86 175
86 176
86 178
86 179
86 180
86 181
86 182
86 183
86 184
86 186
86 187
86 188
86 190
86 198
86 202
86 203
86 204
86 206
86 210
86 211
86 212
86 213
86 214
86 215
86 216
86 218
86 219
86 220
86 222
86 230
86 234
86 235
86 236
86 238
86 246
87 88
87 89
87 90
87 91
87 92
87 93
87 94
87 95
87 96
87 99
87 100
87 101
87 102
87 103
87 104
87 105
87 106
87 107
87 108
87 109
87 110
87 111
87 112
87 115
87 116
87 117
87 118
87 119
87 120
87 121
87 122
87 123
87 124
87 125
87 126
87 127
87 135
87 139
87 140
87 141
87 142
87 143
87 147
87 148
87 149
87 150
87 151
87 152
87 153
87 154
87 155
87 156
87 157
87 158
87 159
87 163
87 164
87 165
87 166
87 167
87 168
87 169
87 170
87 171
87 172
87 173
87 174
87 175
87 176
87 179
87 180
87 181
87 182
87 183
87 184
87 185
87 186
87 187
87 188
87 189
87 190
87 191
87 199
87 203
87 204
87 205
87 206
87 207
87 211
87 212
87 213
87 214
87 215
87 216
87 217
87 218
87 219
87 220
87 221
87 222
87 223
87 231
87 235
87 236
87 237
87 238
87 239
87 247
88 90
88 91
88 92
88 93
88 94
88 95
88 96
88 100
88 102
88 103
88 104
88 106
88 107
88 108
88 109
88 110
88 111
88 112
88 116
88 118
88 119
88 120
88 122
88 123
88 124
88 125
88 126
88 127
88 128
88 136
88 140
88 142
88 143
88 144
88 148
88 150
88 151
88 152
88 154
88 155
88 156
88 157
88 158
88 159
88 160
88 164
88 166
88 167
88 168
88 170
88 171
88 172
88 173
88 174
88 175
88 176
88 180
88 182
88 183
88 184
88 186
88 187
88 188
88 189
88 190
88 191
88 192
88 200
88 204
88 206
88 207
88 208
88 212
88 214
88 215
88 216
88 218
88 219
88 220
88 221
88 222
88 223
88 224
88 232
88 236
88 238
88 239
88 240
88 248
89 90
89 91
89 92
89 93
89 94
89 95
89 97
89 98
89 99
89 100
89 101
89 102
89 103
89 105
89 106
89 107
89 109
89 110
89 111
89 113
89 114
89 115
89 116
89 117
89 118
89 119
89 121
89 122
89 123
89 125
89 137
89 141
89 145
89 146
89 147
89 149
89 151
89 153
89 154
89 155
89 157
89 161
89 162
89 163
89 164
89 165
89 166
89 167
89 169
89 170
89 171
89 173
89 174
89 175
89 177
89 178
89 179
89 180
89 181
89 182
89 183
89 185
89 186
89 187
89 189
89 201
89 205
89 209
89 210
89 211
89 213
89 215
89 217
89 218
89 219
89 221
89 225
89 226
89 227
89 228
89 229
89 230
89 231
89 233
89 234
89 235
89 237
89 241
89 242
89 243
89 245
89 249
90 91
90 92
90 93
90 94
90 95
90 96
90 98
90 99
90 100
90 101
90 102
90 103
90 104
90 105
90 106
90 107
90 108
90 109
90 110
90 111
90 112
90 113
90 114
90 115
90 116
90 117
90 118
90 119
90 120
90 121
90 122
90 123
90 124
90 125
90 126
90 138
90 141
90 142
90 146
90 147
90 148
90 149
90 150
90 151
90 152
90 153
90 154
90 155
90 156
90 157
90 158
90 162
90 163
90 164
90 165
90 166
90 167
90 168
90 169
90 170
90 171
90 172
90 173
90 174
90 175
90 176
90 177
90 178
90 179
90 180
90 181
90 182
90 183
90 184
90 185
90 186
90 187
90 188
90 189
90 190
90 202
90 205
90 206
90 210
90 211
90 212
90 213
90 214
90 215
90 216
90 217
90 218
90 219
90 220
90 221
90 222
90 226
90 227
90 228
90 229
90 230
90 231
90 232
90 234
90 235
90 236
90 237
90 238
90 242
90 243
90 244
90 246
90 250
91 92
91 93
91 94
91 95
91 96
91 99
91 101
91 102
91 103
91 104
91 105
91 106
91 107
91 108
91 109
91 110
91 111
91 112
91 113
91 114
91 115
91 116
91 117
91 118
91 119
91 120
91 121
91 122
91 123
91 124
91 125
91 126
91 127
91 139
91 141
91 142
91 143
91 147
91 149
91 150
91 151
91 152
91 153
91 154
91 155
91 156
91 157
91 158
91 159
91 163
91 165
91 166
91 167
91 168
91 169
91 170
91 171
91 172
91 173
91 174
91 175
91 176
91 177
91 178
91 179
91 180
91 181
91 182
91 183
91 184
91 185
91 186
91 187
91 188
91 189
91 190
91 191
91 203
91 205
91 206
91 207
91 211
91 213
91 214
91 215
91 216
91 217
91 218
91 219
91 220
91 221
91 222
91 223
91 227
91 229
91 230
91 231
91 233
91 234
91 235
91 236
91 237
91 238
91 239
91 243
91 245
91 246
91 247
91 251
92 93
92 94
92 95
92 96
92 100
92 102
92 103
92 104
92 106
92 107
92 108
92 109
92 110
92 111
92 112
92 114
92 115
92 116
92 117
92 118
92 119
92 120
92 122
92 123
92 124
92 125
92 126
92 127
92 128
92 140
92 142
92 144
92 148
92 150
92 151
92 152
92 154
92 155
92 156
92 158
92 159
92 160
92 164
92 166
92 167
92 168
92 170
92 171
92 172
92 173
92 174
92 175
92 176
92 178
92 179
92 180
92 181
92 182
92 183
92 184
92 186
92 187
92 188
92 189
92 190
92 191
92 192
92 204
92 206
92 208
92 212
92 214
92 215
92 216
92 218
92 219
92 220
92 222
92 223
92 224
92 228
92 230
92 231
92 232
92 234
92 235
92 236
92 237
92 238
92 239
92 240
92 244
92 246
92 247
92 248
92 252
93 94
93 95
93 96
93 101
93 103
93 104
93 105
93 106
93 107
93 108
93 109
93 110
93 111
93 112
93 113
93 114
93 115
93 116
93 117
93 118
93 119
93 120
93 121
93 122
93 123
93 124
93 125
93 126
93 127
93 141
93 143
93 149
93 151
93 152
93 153
93 154
93 155
93 157
93 158
93 159
93 165
93 167
93 168
93 169
93 170
93 171
93 172
93 173
93 174
93 175
93 176
93 177
93 178
93 179
93 180
93 181
93 182
93 183
93 184
93 185
93 186
93 187
93 188
93 189
93 190
93 191
93 205
93 207
93 213
93 215
93 216
93 217
93 218
93 219
93 221
93 222
93 223
93 229
93 233
93 234
93 235
93 237
93 239
93 241
93 242
93 243
93 244
93 245
93 246
93 247
93 249
93 250
93 251
93 253
94 95
94 96
94 102
94 103
94 104
94 106
94 107
94 108
94 109
94 110
94 111
94 112
94 114
94 115
94 116
94 117
94 118
94 119
94 120
94 121
94 122
94 123
94 124
94 125
94 126
94 127
94 128
94 142
94 143
94 144
94 150
94 151
94 152
94 154
94 155
94 156
94 157
94 158
94 159
94 160
94 166
94 167
94 168
94 170
94 171
94 172
94 173
94 174
94 175
94 176
94 178
94 179
94 180
94 181
94 182
94 183
94 184
94 185
94 186
94 187
94 188
94 189
94 190
94 191
94 192
94 206
94 207
94 208
94 214
94 215
94 216
94 218
94 219
94 220
94 221
94 222
94 223
94 224
94 230
94 234
94 235
94 236
94 238
94 239
94 240
94 242
94 243
94 244
94 245
94 246
94 247
94 248
94 250
94 251
94 252
94 254
95 96
95 103
95 104
95 107
95 108
95 109
95 110
95 111
95 112
95 115
95 116
95 117
95 118
95 119
95 120
95 121
95 122
95 123
95 124
95 125
95 126
95 127
95 128
95 143
95 144
95 151
95 152
95 155
95 156
95 157
95 158
95 159
95 160
95 167
95 168
95 171
95 172
95 173
95 174
95 175
95 176
95 179
95 180
95 181
95 182
95 183
95 184
95 185
95 186
95 187
95 188
95 189
95 190
95 191
95 192
95 207
95 208
95 215
95 216
95 219
95 220
95 221
95 222
95 223
95 224
95 231
95 235
95 237
95 238
95 239
95 240
95 243
95 245
95 246
95 247
95 249
95 250
95 251
95 252
95 253
95 254
95 255
96 104
96 108
96 110
96 111
96 112
96 116
96 118
96 119
96 120
96 122
96 123
96 124
96 125
96 126
96 127
96 128
96 144
96 152
96 156
96 158
96 159
96 160
96 168
96 172
96 174
96 175
96 176
96 180
96 182
96 183
96 184
96 186
96 187
96 188
96 189
96 190
96 191
96 192
96 208
96 216
96 220
96 222
96 223
96 224
96 232
96 236
96 238
96 239
96 240
96 244
96 246
96 247
96 248
96 250
96 251
96 252
96 253
96 254
96 255
96 256
97 98
97 99
97 100
97 101
97 102
97 103
97 105
97 106
97 107
97 109
97 113
97 114
97 115
97 117
97 121
97 129
97 130
97 131
97 132
97 133
97 134
97 135
97 137
97 138
97 139
97 141
97 145
97 146
97 147
97 149
97 153
97 161
97 162
97 163
97 165
97 169
97 177
97 178
97 179
97 181
97 185
97 193
97 194
97 195
97 196
97 197
97 198
97 199
97 201
97 202
97 203
97 205
97 209
97 210
97 211
97 213
97 217
97 225
97 226
97 227
97 229
97 233
97 241
98 99
98 100
98 101
98 102
98 103
98 104
98 105
98 106
98 107
98 108
98 109
98 110
98 113
98 114
98 115
98 116
98 117
98 118
98 121
98 122
98 130
98 131
98 132
98 133
98 134
98 135
98 136
98 138
98 139
98 140
98 142
98 145
98 146
98 147
98 148
98 150
98 153
98 154
98 161
98 162
98 163
98 164
98 165
98 166
98 169
98 170
98 177
98 178
98 179
98 180
98 181
98 182
98 185
98 186
98 193
98 194
98 195
98 196
98 197
98 198
98 199
98 200
98 201
98 202
98 203
98 204
98 205
98 206
98 209
98 210
98 211
98 212
98 213
98 214
98 217
98 218
98 225
98 226
98 227
98 228
98 229
98 230
98 233
98 234
98 241
98 242
99 100
99 101
99 102
99 103
99 104
99 105
99 106
99 107
99 108
99 109
99 110
99 111
99 113
99 114
99 115
99 116
99 117
99 118
99 119
99 121
99 122
99 123
99 131
99 133
99 134
99 135
99 137
99 138
99 139
99 140
99 141
99 142
99 143
99 145
99 146
99 147
99 149
99 150
99 151
99 153
99 154
99 155
99 161
99 162
99 163
99 164
99 165
99 166
99 167
99 169
99 170
99 171
99 177
99 178
99 179
99 180
99 181
99 182
99 183
99 185
99 186
99 187
99 193
99 194
99 195
99 196
99 197
99 198
99 199
99 200
99 201
99 202
99 203
99 204
99 205
99 206
99 207
99 209
99 210
99 211
99 212
99 213
99 214
99 215
99 217
99 218
99 219
99 225
99 226
99 227
99 228
99 229
99 230
99 231
99 233
99 234
99 235
99 241
99 242
99 243
100 101
100 102
100 103
100 104
100 105
100 106
100 107
100 108
100 109
100 110
100 111
100 112
100 113
100 114
100 115
100 116
100 117
100 118
100 119
100 120
100 121
100 122
100 124
100 132
100 134
100 135
100 136
100 138
100 139
100 140
100 141
100 142
100 143
100 144
100 146
100 148
100 150
100 151
100 152
100 153
100 154
100 156
100 162
100 163
100 164
100 166
100 167
100 168
100 169
100 170
100 172
100 177
100 178
100 179
100 180
100 181
100 182
100 183
100 184
100 185
100 186
100 188
100 194
100 195
100 196
100 197
100 198
100 199
100 200
100 202
100 203
100 204
100 205
100 206
100 207
100 208
100 210
100 211
100 212
100 214
100 215
100 216
100 217
100 218
100 220
100 226
100 227
100 228
100 230
100 231
100 232
100 234
100 236
100 242
100 244
101 102
101 103
101 104
101 105
101 106
101 107
101 108
101 109
101 110
101 111
101 113
101 114
101 115
101 116
101 117
101 118
101 119
101 121
101 122
101 123
101 125
101 133
101 137
101 138
101 139
101 141
101 145
101 146
101 147
101 148
101 149
101 150
101 151
101 153
101 154
101 155
101 157
101 161
101 162
101 163
101 165
101 166
101 167
101 169
101 170
101 171
101 173
101 177
101 178
101 179
101 180
101 181
101 182
101 183
101 185
101 186
101 187
101 189
101 193
101 194
101 195
101 196
101 197
101 198
101 199
101 201
101 202
101 203
101 204
101 205
101 206
101 207
101 209
101 210
101 211
101 212
101 213
101 214
101 215
101 217
101 218
101 219
101 221
101 225
101 226
101 227
101 229
101 230
101 231
101 233
101 234
101 235
101 237
101 241
101 243
101 245
102 103
102 104
102 105
102 106
102 107
102 108
102 109
102 110
102 111
102 112
102 113
102 114
102 115
102 116
102 117
102 118
102 119
102 120
102 121
102 122
102 123
102 124
102 126
102 134
102 138
102 139
102 140
102 142
102 146
102 147
102 148
102 149
102 150
102 151
102 152
102 153
102 154
102 155
102 156
102 158
102 162
102 163
102 164
102 165
102 166
102 167
102 168
102 169
102 170
102 171
102 172
102 174
102 177
102 178
102 179
102 180
102 181
102 182
102 183
102 184
102 185
102 186
102 187
102 188
102 190
102 194
102 195
102 196
102 197
102 198
102 199
102 200
102 201
102 202
102 203
102 204
102 205
102 206
102 207
102 208
102 210
102 211
102 212
102 213
102 214
102 215
102 216
102 217
102 218
102 219
102 220
102 222
102 226
102 227
102 228
102 229
102 230
102 231
102 232
102 234
102 235
102 236
102 238
102 242
102 243
102 244
102 246
103 104
103 105
103 106
103 107
103 108
103 109
103 110
103 111
103 112
103 113
103 114
103 115
103 116
103 117
103 118
103 119
103 120
103 121
103 122
103 123
103 124
103 125
103 126
103 127
103 135
103 139
103 141
103 142
103 143
103 147
103 148
103 149
103 150
103 151
103 153
103 154
103 155
103 156
103 157
103 158
103 159
103 163
103 164
103 165
103 166
103 167
103 168
103 169
103 170
103 171
103 172
103 173
103 174
103 175
103 177
103 178
103 179
103 180
103 181
103 182
103 183
103 184
103 185
103 186
103 187
103 188
103 189
103 190
103 191
103 195
103 196
103 197
103 198
103 199
103 200
103 201
103 202
103 203
103 204
103 205
103 206
103 207
103 208
103 211
103 212
103 213
103 214
103 215
103 216
103 217
103 218
103 219
103 220
103 221
103 222
103 223
103 227
103 228
103 229
103 230
103 231
103 232
103 235
103 236
103 237
103 238
103 239
103 243
103 244
103 247
104 106
104 107
104 108
104 109
104 110
104 111
104 112
104 114
104 115
104 116
104 118
104 119
104 120
104 122
104 123
104 124
104 125
104 126
104 127
104 128
104 136
104 140
104 142
104 143
104 144
104 148
104 150
104 151
104 152
104 154
104 155
104 156
104 157
104 158
104 159
104 160
104 164
104 166
104 167
104 168
104 170
104 172
104 174
104 175
104 176
104 178
104 179
104 180
104 182
104 183
104 184
104 186
104 188
104 190
104 191
104 192
104 196
104 198
104 199
104 200
104 202
104 203
104 204
104 205
104 206
104 207
104 208
104 212
104 214
104 215
104 216
104 218
104 219
104 220
104 221
104 222
104 223
104 224
104 228
104 230
104 231
104 232
104 236
104 238
104 239
104 240
104 244
104 248
105 106
105 107
105 108
105 109
105 110
105 111
105 113
105 114
105 115
105 116
105 117
105 118
105 119
105 121
105 122
105 123
105 125
105 137
105 145
105 146
105 147
105 149
105 153
105 155
105 157
105 161
105 162
105 163
105 164
105 165
105 166
105 167
105 169
105 170
105 171
105 173
105 177
105 178
105 179
105 181
105 182
105 183
105 185
105 186
105 187
105 189
105 193
105 194
105 195
105 196
105 197
105 198
105 199
105 201
105 202
105 203
105 205
105 209
105 210
105 211
105 212
105 213
105 214
105 215
105 217
105 218
105 219
105 221
105 225
105 226
105 227
105 228
105 229
105 230
105 231
105 233
105 234
105 235
105 237
105 241
105 242
105 243
105 245
105 249
106 107
106 108
106 109
106 110
106 111
106 112
106 113
106 114
106 115
106 116
106 117
106 118
106 119
106 120
106 121
106 122
106 123
106 124
106 125
106 126
106 138
106 146
106 147
106 148
106 149
106 150
106 153
106 154
106 155
106 156
106 157
106 158
106 162
106 163
106 164
106 165
106 166
106 167
106 168
106 169
106 170
106 171
106 172
106 173
106 174
106 177
106 178
106 179
106 180
106 181
106 182
106 183
106 184
106 185
106 186
106 187
106 188
106 189
106 190
106 194
106 195
106 196
106 197
106 198
106 199
106 200
106 201
106 202
106 203
106 204
106 205
106 206
106 209
106 210
106 211
106 212
106 213
106 214
106 215
106 216
106 217
106 218
106 219
106 220
106 221
106 222
106 226
106 227
106 228
106 229
106 230
106 231
106 232
106 233
106 234
106 235
106 236
106 237
106 238
106 242
106 243
106 244
106 245
106 246
106 250
107 108
107 109
107 110
107 111
107 112
107 113
107 114
107 115
107 116
107 117
107 118
107 119
107 120
107 121
107 122
107 123
107 124
107 125
107 126
107 127
107 139
107 147
107 149
107 150
107 151
107 153
107 154
107 155
107 156
107 157
107 158
107 159
107 163
107 165
107 166
107 167
107 169
107 170
107 171
107 172
107 173
107 174
107 175
107 177
107 178
107 179
107 180
107 181
107 182
107 183
107 184
107 185
107 186
107 187
107 188
107 189
107 190
107 191
107 195
107 197
107 198
107 199
107 201
107 202
107 203
107 204
107 205
107 206
107 207
107 209
107 210
107 211
107 212
107 213
107 214
107 215
107 216
107 217
107 218
107 219
107 220
107 221
107 222
107 223
107 227
107 229
107 230
107 231
107 233
107 234
107 235
107 236
107 237
107 238
107 239
107 243
107 245
107 246
107 247
107 251
108 109
108 110
108 111
108 112
108 114
108 115
108 116
108 117
108 118
108 119
108 120
108 122
108 123
108 124
108 125
108 126
108 127
108 128
108 140
108 148
108 150
108 151
108 152
108 154
108 155
108 156
108 158
108 160
108 164
108 166
108 167
108 168
108 170
108 171
108 172
108 173
108 174
108 175
108 176
108 178
108 179
108 180
108 181
108 182
108 183
108 184
108 186
108 187
108 188
108 190
108 191
108 192
108 196
108 198
108 199
108 200
108 202
108 203
108 204
108 205
108 206
108 207
108 208
108 210
108 211
108 212
108 213
108 214
108 215
108 216
108 218
108 219
108 220
108 221
108 222
108 223
108 224
108 228
108 230
108 231
108 232
108 234
108 235
108 236
108 237
108 238
108 239
108 240
108 244
108 246
108 247
108 248
108 252
109 110
109 111
109 112
109 113
109 114
109 115
109 116
109 117
109 118
109 119
109 120
109 121
109 122
109 123
109 124
109 125
109 126
109 127
109 141
109 149
109 151
109 153
109 154
109 155
109 156
109 157
109 159
109 165
109 167
109 169
109 170
109 171
109 172
109 173
109 174
109 175
109 177
109 178
109 179
109 180
109 181
109 182
109 183
109 184
109 185
109 186
109 187
109 188
109 189
109 190
109 191
109 197
109 199
109 201
109 202
109 203
109 205
109 206
109 207
109 209
109 210
109 211
109 212
109 213
109 214
109 215
109 217
109 218
109 219
109 220
109 221
109 222
109 223
109 229
109 231
109 233
109 234
109 235
109 237
109 238
109 239
109 241
109 242
109 243
109 244
109 245
109 246
109 247
109 249
109 250
109 251
109 253
110 111
110 112
110 114
110 115
110 116
110 117
110 118
110 119
110 120
110 121
110 122
110 123
110 124
110 125
110 126
110 127
110 128
110 142
110 150
110 151
110 152
110 154
110 155
110 156
110 158
110 159
110 160
110 166
110 167
110 168
110 170
110 171
110 172
110 173
110 174
110 175
110 176
110 178
110 179
110 180
110 181
110 182
110 183
110 184
110 186
110 187
110 188
110 189
110 190
110 191
110 192
110 198
110 199
110 200
110 202
110 203
110 204
110 205
110 206
110 207
110 208
110 210
110 211
110 212
110 213
110 214
110 215
110 216
110 217
110 218
110 219
110 220
110 221
110 222
110 223
110 224
110 230
110 231
110 232
110 234
110 235
110 236
110 237
110 238
110 239
110 240
110 242
110 243
110 244
110 245
110 246
110 247
110 248
110 250
110 251
110 252
110 254
111 112
111 115
111 116
111 117
111 118
111 119
111 120
111 121
111 122
111 123
111 124
111 125
111 126
111 127
111 128
111 143
111 151
111 152
111 155
111 156
111 157
111 158
111 159
111 160
111 167
111 168
111 171
111 172
111 173
111 174
111 175
111 176
111 179
111 180
111 181
111 182
111 183
111 184
111 185
111 186
111 187
111 188
111 189
111 190
111 191
111 192
111 199
111 200
111 203
111 204
111 205
111 206
111 207
111 208
111 211
111 212
111 213
111 214
111 215
111 216
111 217
111 218
111 219
111 220
111 221
111 222
111 223
111 224
111 231
111 232
111 235
111 236
111 237
111 238
111 239
111 240
111 243
111 245
111 246
111 247
111 248
111 249
111 250
111 251
111 252
111 253
111 254
111 255
112 116
112 118
112 119
112 120
112 122
112 123
112 124
112 125
112 126
112 127
112 128
112 144
112 152
112 156
112 158
112 159
112 160
112 168
112 172
112 174
112 175
112 176
112 180
112 182
112 183
112 184
112 186
112 187
112 188
112 189
112 190
112 191
112 192
112 200
112 204
112 206
112 207
112 208
112 212
112 214
112 215
112 216
112 218
112 219
112 220
112 221
112 222
112 223
112 224
112 232
112 236
112 238
112 239
112 240
112 244
112 246
112 247
112 248
112 250
112 251
112 252
112 253
112 254
112 255
112 256
113 114
113 115
113 116
113 117
113 118
113 119
113 121
113 122
113 123
113 125
113 145
113 153
113 157
113 161
113 162
113 163
113 165
113 169
113 173
113 177
113 178
113 179
113 181
113 185
113 186
113 187
113 189
113 193
113 194
113 195
113 196
113 197
113 198
113 199
113 201
113 202
113 203
113 205
113 209
113 210
113 211
113 213
113 217
113 221
113 225
113 226
113 227
113 228
113 229
113 230
113 231
113 233
113 234
113 235
113 237
113 241
113 242
113 243
113 245
113 249
114 115
114 116
114 117
114 118
114 119
114 120
114 121
114 122
114 123
114 124
114 125
114 126
114 146
114 153
114 154
114 157
114 158
114 162
114 163
114 164
114 166
114 169
114 170
114 173
114 174
114 177
114 178
114 179
114 180
114 181
114 182
114 185
114 186
114 187
114 188
114 189
114 190
114 194
114 195
114 196
114 197
114 198
114 199
114 200
114 201
114 202
114 203
114 204
114 206
114 209
114 210
114 211
114 212
114 213
114 214
114 217
114 218
114 221
114 222
114 225
114 226
114 227
114 228
114 229
114 230
114 231
114 232
114 233
114 234
114 235
114 236
114 237
114 238
114 241
114 242
114 243
114 244
114 245
114 246
114 249
114 250
115 116
115 117
115 118
115 119
115 120
115 121
115 122
115 123
115 124
115 125
115 126
115 127
115 147
115 153
115 154
115 155
115 157
115 158
115 159
115 163
115 165
115 166
115 167
115 169
115 170
115 171
115 173
115 174
115 175
115 177
115 178
115 179
115 180
115 181
115 182
115 183
115 185
115 186
115 187
115 188
115 189
115 190
115 191
115 195
115 197
115 198
115 199
115 201
115 202
115 203
115 204
115 205
115 206
115 207
115 209
115 210
115 211
115 212
115 213
115 214
115 215
115 217
115 218
115 219
115 221
115 222
115 223
115 225
115 226
115 227
115 228
115 229
115 230
115 231
115 232
115 233
115 234
115 235
115 236
115 237
115 238
115 239
115 241
115 242
115 243
115 244
115 245
115 246
115 247
115 249
115 250
115 251
116 117
116 118
116 119
116 120
116 121
116 122
116 123
116 124
116 125
116 126
116 127
116 128
116 148
116 154
116 156
116 157
116 158
116 160
116 164
116 166
116 167
116 168
116 170
116 172
116 173
116 174
116 176
116 178
116 179
116 180
116 181
116 182
116 183
116 184
116 185
116 186
116 187
116 188
116 189
116 190
116 191
116 192
116 196
116 198
116 199
116 200
116 202
116 203
116 204
116 205
116 206
116 207
116 208
116 210
116 211
116 212
116 214
116 215
116 216
116 218
116 220
116 221
116 222
116 224
116 226
116 227
116 228
116 229
116 230
116 231
116 232
116 234
116 235
116 236
116 237
116 238
116 239
116 240
116 242
116 243
116 244
116 246
116 247
116 248
116 250
116 252
117 118
117 119
117 120
117 121
117 122
117 123
117 124
117 125
117 126
117 127
117 149
117 153
117 155
117 157
117 158
117 159
117 165
117 169
117 170
117 171
117 173
117 174
117 175
117 177
117 178
117 179
117 181
117 182
117 183
117 185
117 186
117 187
117 188
117 189
117 190
117 191
117 197
117 201
117 202
117 203
117 205
117 209
117 210
117 211
117 212
117 213
117 214
117 215
117 217
117 218
117 219
117 221
117 222
117 223
117 225
117 226
117 227
117 228
117 229
117 230
117 231
117 233
117 234
117 235
117 236
117 237
117 238
117 239
117 241
117 242
117 243
117 244
117 245
117 246
117 247
117 249
117 250
117 251
117 253
118 119
118 120
118 121
118 122
118 123
118 124
118 125
118 126
118 127
118 128
118 150
118 154
118 155
118 156
118 157
118 158
118 159
118 160
118 166
118 170
118 171
118 172
118 173
118 174
118 175
118 176
118 178
118 179
118 180
118 181
118 182
118 183
118 184
118 185
118 186
118 187
118 188
118 189
118 190
118 191
118 192
118 198
118 202
118 203
118 204
118 206
118 210
118 211
118 212
118 213
118 214
118 215
118 216
118 218
118 219
118 220
118 221
118 222
118 223
118 224
118 226
118 227
118 228
118 229
118 230
118 231
118 232
118 233
118 234
118 235
118 236
118 237
118 238
118 239
118 240
118 242
118 243
118 244
118 245
118 246
118 247
118 248
118 250
118 251
118 252
118 254
119 120
119 121
119 122
119 123
119 124
119 125
119 126
119 127
119 128
119 151
119 155
119 156
119 157
119 158
119 159
119 160
119 167
119 171
119 172
119 173
119 174
119 175
119 176
119 179
119 180
119 181
119 182
119 183
119 184
119 185
119 186
119 187
119 188
119 189
119 190
119 191
119 192
119 199
119 203
119 204
119 205
119 206
119 207
119 211
119 212
119 213
119 214
119 215
119 216
119 217
119 218
119 219
119 220
119 221
119 222
119 223
119 224
119 227
119 228
119 229
119 230
119 231
119 232
119 233
119 234
119 235
119 236
119 237
119 238
119 239
119 240
119 243
119 244
119 245
119 246
119 247
119 248
119 249
119 250
119 251
119 252
119 253
119 254
119 255
120 122
120 123
120 124
120 125
120 126
120 127
120 128
120 152
120 156
120 158
120 160
120 168
120 172
120 174
120 175
120 176
120 180
120 182
120 183
120 184
120 186
120 187
120 188
120 190
120 191
120 192
120 200
120 204
120 206
120 207
120 208
120 212
120 214
120 215
120 216
120 218
120 219
120 220
120 221
120 222
120 223
120 224
120 228
120 230
120 231
120 232
120 234
120 235
120 236
120 237
120 238
120 239
120 240
120 244
120 246
120 247
120 248
120 250
120 251
120 252
120 253
120 254
120 255
120 256
121 122
121 123
121 124
121 125
121 126
121 127
121 153
121 157
121 159
121 169
121 173
121 175
121 177
121 178
121 179
121 181
121 183
121 185
121 186
121 187
121 189
121 190
121 191
121 201
121 205
121 209
121 210
121 211
121 213
121 217
121 218
121 219
121 221
121 223
121 225
121 226
121 227
121 228
121 229
121 230
121 231
121 233
121 234
121 235
121 237
121 241
121 242
121 243
121 244
121 245
121 246
121 247
121 249
121 250
121 251
121 253
122 123
122 124
122 125
122 126
122 127
122 128
122 154
122 157
122 158
122 159
122 160
122 170
122 173
122 174
122 175
122 176
122 178
122 179
122 180
122 181
122 182
122 183
122 184
122 185
122 186
122 187
122 188
122 189
122 190
122 191
122 192
122 202
122 205
122 206
122 210
122 211
122 212
122 213
122 214
122 217
122 218
122 219
122 220
122 221
122 222
122 223
122 224
122 226
122 227
122 228
122 229
122 230
122 231
122 232
122 233
122 234
122 235
122 236
122 237
122 238
122 241
122 242
122 243
122 244
122 245
122 246
122 247
122 248
122 249
122 250
122 251
122 252
122 253
122 254
123 124
123 125
123 126
123 127
123 128
123 155
123 157
123 158
123 159
123 160
123 171
123 173
123 174
123 175
123 176
123 179
123 181
123 182
123 183
123 184
123 185
123 186
123 187
123 188
123 189
123 190
123 191
123 192
123 203
123 205
123 206
123 207
123 211
123 213
123 214
123 215
123 217
123 218
123 219
123 220
123 221
123 222
123 223
123 224
123 227
123 229
123 230
123 231
123 233
123 234
123 235
123 236
123 237
123 238
123 239
123 241
123 242
123 243
123 244
123 245
123 246
123 247
123 248
123 249
123 250
123 251
123 252
123 253
123 254
123 255
124 125
124 126
124 127
124 128
124 156
124 158
124 159
124 160
124 172
124 174
124 175
124 176
124 180
124 182
124 183
124 184
124 186
124 187
124 188
124 189
124 190
124 191
124 192
124 204
124 206
124 208
124 212
124 214
124 215
124 216
124 218
124 219
124 220
124 222
124 223
124 224
124 228
124 230
124 231
124 232
124 234
124 235
124 236
124 237
124 238
124 239
124 240
124 242
124 243
124 244
124 245
124 246
124 247
124 248
124 250
124 251
124 252
124 253
124 254
124 255
124 256
125 126
125 127
125 128
125 157
125 159
125 160
125 173
125 175
125 176
125 181
125 183
125 184
125 185
125 186
125 187
125 188
125 189
125 190
125 191
125 192
125 205
125 207
125 213
125 215
125 217
125 218
125 219
125 221
125 222
125 223
125 224
125 229
125 231
125 233
125 234
125 235
125 237
125 238
125 239
125 241
125 242
125 243
125 244
125 245
125 246
125 247
125 249
125 250
125 251
125 252
125 253
125 254
125 255
126 127
126 128
126 158
126 159
126 160
126 174
126 175
126 176
126 182
126 183
126 184
126 186
126 187
126 188
126 189
126 190
126 191
126 192
126 206
126 207
126 208
126 214
126 215
126 216
126 218
126 219
126 220
126 221
126 222
126 223
126 224
126 230
126 231
126 232
126 234
126 235
126 236
126 237
126 238
126 239
126 240
126 242
126 243
126 244
126 245
126 246
126 247
126 248
126 249
126 250
126 251
126 252
126 253
126 254
126 255
126 256
127 128
127 159
127 160
127 175
127 176
127 183
127 184
127 187
127 188
127 189
127 190
127 191
127 192
127 207
127 208
127 215
127 216
127 219
127 220
127 221
127 222
127 223
127 224
127 231
127 232
127 235
127 236
127 237
127 238
127 239
127 240
127 243
127 244
127 245
127 246
127 247
127 248
127 249
127 250
127 251
127 252
127 253
127 254
127 255
127 256
128 160
128 176
128 184
128 188
128 190
128 191
128 192
128 208
128 216
128 220
128 222
128 223
128 224
128 232
128 236
128 238
128 239
128 240
128 244
128 246
128 247
128 248
128 250
128 251
128 252
128 253
128 254
128 255
128 256
129 130
129 131
129 132
129 133
129 134
129 135
129 137
129 138
129 139
129 141
129 145
129 146
129 147
129 149
129 153
129 161
129 162
129 163
129 165
129 169
129 177
129 193
129 194
129 195
129 197
129 201
129 209
129 225
130 131
130 132
130 133
130 134
130 135
130 136
130 137
130 138
130 139
130 140
130 141
130 142
130 145
130 146
130 147
130 148
130 149
130 150
130 153
130 154
130 161
130 162
130 163
130 164
130 165
130 166
130 169
130 170
130 177
130 178
130 193
130 194
130 195
130 196
130 197
130 198
130 201
130 202
130 209
130 210
130 225
130 226
131 132
131 133
131 134
131 135
131 136
131 137
131 138
131 139
131 140
131 141
131 142
131 143
131 145
131 146
131 147
131 148
131 149
131 150
131 151
131 153
131 154
131 155
131 161
131 162
131 163
131 164
131 165
131 166
131 167
131 169
131 170
131 171
131 177
131 178
131 179
131 193
131 194
131 195
131 196
131 197
131 198
131 199
131 201
131 202
131 203
131 209
131 210
131 211
131 225
131 226
131 227
132 133
132 134
132 135
132 136
132 137
132 138
132 139
132 140
132 141
132 142
132 143
132 144
132 145
132 146
132 147
132 148
132 149
132 150
132 151
132 152
132 153
132 154
132 156
132 161
132 162
132 163
132 164
132 165
132 166
132 167
132 168
132 169
132 170
132 172
132 177
132 178
132 180
132 193
132 194
132 195
132 196
132 197
132 198
132 199
132 200
132 201
132 202
132 204
132 209
132 210
132 212
132 225
132 226
132 228
133 134
133 135
133 136
133 137
133 138
133 139
133 140
133 141
133 142
133 143
133 145
133 146
133 147
133 148
133 149
133 150
133 151
133 153
133 154
133 155
133 157
133 161
133 162
133 163
133 164
133 165
133 166
133 167
133 169
133 170
133 171
133 173
133 177
133 178
133 179
133 181
133 193
133 194
133 195
133 196
133 197
133 198
133 199
133 201
133 202
133 203
133 205
133 209
133 210
133 211
133 213
133 225
133 226
133 227
133 229
134 135
134 136
134 137
134 138
134 139
134 140
134 141
134 142
134 143
134 144
134 145
134 146
134 147
134 148
134 149
134 150
134 151
134 152
134 153
134 154
134 155
134 156
134 158
134 161
134 162
134 163
134 164
134 165
134 166
134 167
134 168
134 169
134 170
134 171
134 172
134 174
134 177
134 178
134 179
134 180
134 182
134 193
134 194
134 195
134 196
134 197
134 198
134 199
134 200
134 201
134 202
134 203
134 204
134 206
134 209
134 210
134 211
134 212
134 214
134 225
134 226
134 227
134 228
134 230
135 136
135 137
135 138
135 139
135 140
135 141
135 142
135 143
135 144
135 145
135 146
135 147
135 148
135 149
135 150
135 151
135 152
135 153
135 154
135 155
135 156
135 157
135 158
135 159
135 161
135 162
135 163
135 164
135 165
135 166
135 167
135 168
135 169
135 170
135 171
135 172
135 173
135 174
135 175
135 177
135 178
135 179
135 180
135 183
135 193
135 194
135 195
135 196
135 197
135 198
135 199
135 200
135 201
135 202
135 203
135 204
135 205
135 206
135 207
135 209
135 210
135 211
135 212
135 215
135 225
135 226
135 227
135 228
135 231
136 138
136 139
136 140
136 141
136 142
136 143
136 144
136 146
136 147
136 148
136 150
136 151
136 152
136 154
136 155
136 156
136 157
136 158
136 159
136 160
136 162
136 163
136 164
136 166
136 167
136 168
136 170
136 172
136 174
136 175
136 176
136 178
136 180
136 184
136 194
136 195
136 196
136 198
136 199
136 200
136 202
136 204
136 206
136 207
136 208
136 210
136 212
136 216
136 226
136 228
136 232
137 138
137 139
137 140
137 141
137 142
137 143
137 145
137 146
137 147
137 148
137 149
137 150
137 151
137 153
137 154
137 155
137 157
137 161
137 162
137 163
137 164
137 165
137 166
137 167
137 169
137 170
137 171
137 173
137 177
137 178
137 179
137 181
137 185
137 193
137 194
137 195
137 197
137 198
137 199
137 201
137 202
137 203
137 205
137 209
137 210
137 211
137 213
137 217
137 225
137 227
137 229
137 233
138 139
138 140
138 141
138 142
138 143
138 144
138 145
138 146
138 147
138 148
138 149
138 150
138 151
138 152
138 153
138 154
138 155
138 156
138 157
138 158
138 161
138 162
138 163
138 164
138 165
138 166
138 167
138 168
138 169
138 170
138 171
138 172
138 173
138 174
138 177
138 178
138 179
138 180
138 181
138 182
138 186
138 193
138 194
138 195
138 196
138 197
138 198
138 199
138 200
138 201
138 202
138 203
138 204
138 205
138 206
138 209
138 210
138 211
138 212
138 213
138 214
138 218
138 225
138 226
138 227
138 228
138 229
138 230
138 234
139 140
139 141
139 142
139 143
139 144
139 145
139 146
139 147
139 148
139 149
139 150
139 151
139 152
139 153
139 154
139 155
139 156
139 157
139 158
139 159
139 161
139 162
139 163
139 164
139 165
139 166
139 167
139 168
139 169
139 170
139 171
139 172
139 173
139 174
139 175
139 177
139 178
139 179
139 180
139 181
139 182
139 183
139 187
139 193
139 194
139 195
139 196
139 197
139 198
139 199
139 200
139 201
139 202
139 203
139 204
139 205
139 206
139 207
139 209
139 210
139 211
139 212
139 213
139 214
139 215
139 219
139 225
139 226
139 227
139 228
139 229
139 230
139 231
139 235
140 141
140 142
140 143
140 144
140 146
140 147
140 148
140 149
140 150
140 151
140 152
140 154
140 155
140 156
140 157
140 158
140 159
140 160
140 162
140 163
140 164
140 165
140 166
140 167
140 168
140 170
140 171
140 172
140 173
140 174
140 175
140 176
140 178
140 179
140 180
140 182
140 183
140 184
140 188
140 194
140 195
140 196
140 197
140 198
140 199
140 200
140 202
140 203
140 204
140 206
140 207
140 208
140 210
140 211
140 212
140 214
140 215
140 216
140 220
140 226
140 227
140 228
140 230
140 232
140 236
141 142
141 143
141 144
141 145
141 146
141 147
141 148
141 149
141 150
141 151
141 152
141 153
141 154
141 155
141 156
141 157
141 158
141 159
141 161
141 162
141 163
141 164
141 165
141 166
141 167
141 168
141 169
141 170
141 171
141 172
141 173
141 174
141 175
141 177
141 178
141 179
141 180
141 181
141 182
141 183
141 185
141 186
141 187
141 189
141 193
141 194
141 195
141 196
141 197
141 198
141 199
141 200
141 201
141 202
141 203
141 204
141 205
141 206
141 207
141 209
141 211
141 212
141 213
141 215
141 217
141 218
141 219
141 221
141 225
141 227
141 228
141 229
141 231
141 237
142 143
142 144
142 146
142 147
142 148
142 149
142 150
142 151
142 152
142 153
142 154
142 155
142 156
142 157
142 158
142 159
142 160
142 162
142 163
142 164
142 165
142 166
142 167
142 168
142 170
142 171
142 172
142 173
142 174
142 175
142 176
142 178
142 179
142 180
142 181
142 182
142 183
142 184
142 186
142 187
142 188
142 190
142 194
142 195
142 196
142 197
142 198
142 199
142 200
142 202
142 203
142 204
142 205
142 206
142 207
142 208
142 210
142 211
142 212
142 214
142 215
142 216
142 218
142 219
142 220
142 222
142 226
142 227
142 228
142 230
142 231
142 232
142 238
143 144
143 147
143 148
143 149
143 150
143 151
143 152
143 153
143 154
143 155
143 156
143 157
143 158
143 159
143 160
143 163
143 164
143 165
143 166
143 167
143 168
143 171
143 172
143 173
143 174
143 175
143 176
143 179
143 180
143 181
143 182
143 183
143 184
143 185
143 186
143 187
143 188
143 189
143 190
143 191
143 195
143 196
143 197
143 198
143 199
143 200
143 203
143 204
143 205
143 206
143 207
143 208
143 211
143 212
143 215
143 216
143 219
143 221
143 222
143 223
143 227
143 228
143 231
143 232
143 239
144 148
144 150
144 151
144 152
144 154
144 155
144 156
144 157
144 158
144 159
144 160
144 164
144 166
144 167
144 168
144 172
144 174
144 175
144 176
144 180
144 182
144 183
144 184
144 186
144 187
144 188
144 189
144 190
144 191
144 192
144 196
144 198
144 199
144 200
144 204
144 206
144 207
144 208
144 212
144 216
144 220
144 222
144 223
144 224
144 228
144 232
144 240
145 146
145 147
145 148
145 149
145 150
145 151
145 153
145 154
145 155
145 157
145 161
145 162
145 163
145 164
145 165
145 166
145 167
145 169
145 170
145 171
145 173
145 177
145 178
145 179
145 181
145 185
145 193
145 194
145 195
145 196
145 197
145 198
145 199
145 201
145 202
145 203
145 205
145 209
145 210
145 211
145 213
145 217
145 225
145 226
145 227
145 229
145 233
145 241
146 147
146 148
146 149
146 150
146 151
146 152
146 153
146 154
146 155
146 156
146 157
146 158
146 161
146 162
146 163
146 164
146 165
146 166
146 167
146 168
146 169
146 170
146 171
146 172
146 173
146 174
146 177
146 178
146 179
146 180
146 181
146 182
146 185
146 186
146 193
146 194
146 195
146 196
146 197
146 198
146 199
146 200
146 201
146 202
146 203
146 204
146 205
146 206
146 209
146 210
146 211
146 212
146 213
146 214
146 217
146 218
146 225
146 226
146 227
146 228
146 229
146 230
146 233
146 234
146 242
147 148
147 149
147 150
147 151
147 152
147 153
147 154
147 155
147 156
147 157
147 158
147 159
147 161
147 162
147 163
147 164
147 165
147 166
147 167
147 168
147 169
147 170
147 171
147 172
147 173
147 174
147 175
147 177
147 178
147 179
147 180
147 181
147 182
147 183
147 185
147 186
147 187
147 193
147 194
147 195
147 196
147 197
147 198
147 199
147 201
147 202
147 203
147 204
147 205
147 206
147 207
147 209
147 210
147 211
147 212
147 213
147 214
147 215
147 217
147 218
147 219
147 225
147 226
147 227
147 229
147 230
147 231
147 233
147 234
147 235
147 243
148 149
148 150
148 151
148 152
148 153
148 154
148 155
148 156
148 157
148 158
148 159
148 160
148 162
148 163
148 164
148 165
148 166
148 167
148 168
148 169
148 170
148 171
148 172
148 173
148 174
148 175
148 176
148 178
148 179
148 180
148 181
148 182
148 183
148 184
148 186
148 188
148 194
148 195
148 196
148 197
148 198
148 199
148 200
148 201
148 202
148 203
148 204
148 205
148 206
148 207
148 208
148 210
148 211
148 212
148 213
148 214
148 215
148 216
148 218
148 220
148 226
148 228
148 229
148 230
148 231
148 232
148 234
148 236
148 244
149 150
149 151
149 152
149 153
149 154
149 155
149 156
149 157
149 158
149 159
149 161
149 162
149 163
149 164
149 165
149 166
149 167
149 169
149 170
149 171
149 172
149 173
149 174
149 175
149 177
149 178
149 179
149 180
149 181
149 182
149 183
149 185
149 186
149 187
149 189
149 193
149 194
149 195
149 197
149 198
149 199
149 201
149 202
149 203
149 204
149 205
149 206
149 207
149 209
149 210
149 211
149 212
149 213
149 214
149 215
149 217
149 218
149 219
149 221
149 225
149 227
149 229
149 230
149 231
149 233
149 234
149 235
149 237
149 245
150 151
150 152
150 153
150 154
150 155
150 156
150 157
150 158
150 159
150 160
150 162
150 163
150 164
150 165
150 166
150 167
150 168
150 169
150 170
150 171
150 172
150 173
150 174
150 175
150 176
150 178
150 179
150 180
150 181
150 182
150 183
150 184
150 186
150 187
150 188
150 190
150 194
150 195
150 196
150 197
150 198
150 199
150 200
150 201
150 202
150 203
150 204
150 205
150 206
150 207
150 208
150 210
150 211
150 212
150 213
150 214
150 215
150 216
150 218
150 219
150 220
150 222
150 226
150 227
150 228
150 229
150 230
150 231
150 232
150 234
150 235
150 236
150 238
150 246
151 152
151 153
151 154
151 155
151 156
151 157
151 158
151 159
151 160
151 163
151 164
151 165
151 166
151 167
151 168
151 169
151 170
151 171
151 172
151 173
151 174
151 175
151 176
151 179
151 180
151 181
151 182
151 183
151 184
151 185
151 186
151 187
151 188
151 189
151 190
151 191
151 195
151 196
151 197
151 198
151 199
151 200
151 201
151 202
151 203
151 204
151 205
151 206
151 207
151 208
151 211
151 212
151 213
151 214
151 215
151 216
151 217
151 218
151 219
151 220
151 221
151 222
151 223
151 227
151 228
151 229
151 230
151 231
151 232
151 235
151 236
151 237
151 238
151 239
151 247
152 154
152 155
152 156
152 157
152 158
152 159
152 160
152 164
152 166
152 167
152 168
152 170
152 171
152 172
152 173
152 174
152 175
152 176
152 180
152 182
152 183
152 184
152 186
152 187
152 188
152 189
152 190
152 191
152 192
152 196
152 198
152 199
152 200
152 202
152 203
152 204
152 206
152 207
152 208
152 212
152 214
152 215
152 216
152 218
152 219
152 220
152 221
152 222
152 223
152 224
152 228
152 230
152 232
152 236
152 238
152 239
152 240
152 248
153 154
153 155
153 156
153 157
153 158
153 159
153 161
153 162
153 163
153 164
153 165
153 166
153 167
153 169
153 170
153 171
153 173
153 174
153 175
153 177
153 178
153 179
153 180
153 181
153 182
153 183
153 185
153 186
153 187
153 189
153 193
153 194
153 195
153 197
153 199
153 201
153 202
153 203
153 205
153 206
153 207
153 209
153 210
153 211
153 213
153 215
153 217
153 218
153 219
153 221
153 225
153 226
153 227
153 228
153 229
153 230
153 231
153 233
153 234
153 235
153 237
153 241
153 242
153 243
153 245
153 249
154 155
154 156
154 157
154 158
154 159
154 160
154 162
154 163
154 164
154 165
154 166
154 167
154 168
154 169
154 170
154 171
154 172
154 173
154 174
154 175
154 176
154 177
154 178
154 179
154 180
154 181
154 182
154 183
154 184
154 185
154 186
154 187
154 188
154 189
154 190
154 194
154 195
154 196
154 197
154 198
154 199
154 200
154 201
154 202
154 203
154 204
154 205
154 206
154 207
154 208
154 210
154 211
154 212
154 213
154 214
154 215
154 216
154 217
154 218
154 219
154 220
154 221
154 222
154 226
154 227
154 228
154 229
154 230
154 231
154 232
154 234
154 235
154 236
154 237
154 238
154 242
154 243
154 244
154 246
154 250
155 156
155 157
155 158
155 159
155 160
155 163
155 165
155 166
155 167
155 168
155 169
155 170
155 171
155 172
155 173
155 174
155 175
155 176
155 177
155 178
155 179
155 180
155 181
155 182
155 183
155 184
155 185
155 186
155 187
155 188
155 189
155 190
155 191
155 195
155 197
155 198
155 199
155 200
155 201
155 202
155 203
155 204
155 205
155 206
155 207
155 208
155 211
155 213
155 214
155 215
155 216
155 217
155 218
155 219
155 220
155 221
155 222
155 223
155 227
155 229
155 230
155 231
155 232
155 233
155 234
155 235
155 236
155 237
155 238
155 239
155 243
155 245
155 246
155 247
155 251
156 157
156 158
156 159
156 160
156 164
156 166
156 167
156 168
156 170
156 171
156 172
156 173
156 174
156 175
156 176
156 178
156 179
156 180
156 181
156 182
156 183
156 184
156 186
156 187
156 188
156 189
156 190
156 191
156 192
156 196
156 198
156 199
156 200
156 202
156 203
156 204
156 205
156 206
156 207
156 208
156 212
156 214
156 215
156 216
156 218
156 219
156 220
156 222
156 223
156 224
156 228
156 230
156 231
156 232
156 234
156 235
156 236
156 237
156 238
156 239
156 240
156 244
156 246
156 247
156 248
156 252
157 158
157 159
157 160
157 165
157 167
157 168
157 169
157 170
157 171
157 172
157 173
157 174
157 175
157 176
157 177
157 178
157 179
157 180
157 181
157 182
157 183
157 184
157 185
157 186
157 187
157 188
157 189
157 190
157 191
157 197
157 199
157 200
157 201
157 202
157 203
157 204
157 205
157 206
157 207
157 208
157 213
157 215
157 216
157 217
157 218
157 219
157 221
157 222
157 223
157 229
157 231
157 232
157 233
157 234
157 235
157 237
157 239
157 241
157 242
157 243
157 244
157 245
157 246
157 247
157 249
157 250
157 251
157 253
158 159
158 160
158 166
158 167
158 168
158 170
158 171
158 172
158 173
158 174
158 175
158 176
158 178
158 179
158 180
158 181
158 182
158 183
158 184
158 185
158 186
158 187
158 188
158 189
158 190
158 191
158 192
158 198
158 199
158 200
158 202
158 203
158 204
158 205
158 206
158 207
158 208
158 214
158 215
158 216
158 218
158 219
158 220
158 221
158 222
158 223
158 224
158 230
158 231
158 232
158 234
158 235
158 236
158 238
158 239
158 240
158 242
158 243
158 244
158 245
158 246
158 247
158 248
158 250
158 251
158 252
158 254
159 160
159 167
159 168
159 171
159 172
159 173
159 174
159 175
159 176
159 179
159 180
159 181
159 182
159 183
159 184
159 185
159 186
159 187
159 188
159 189
159 190
159 191
159 192
159 199
159 200
159 203
159 204
159 205
159 206
159 207
159 208
159 215
159 216
159 219
159 220
159 221
159 222
159 223
159 224
159 231
159 232
159 235
159 237
159 238
159 239
159 240
159 243
159 245
159 246
159 247
159 249
159 250
159 251
159 252
159 253
159 254
159 255
160 168
160 172
160 174
160 175
160 176
160 180
160 182
160 183
160 184
160 186
160 187
160 188
160 189
160 190
160 191
160 192
160 200
160 204
160 206
160 207
160 208
160 216
160 220
160 222
160 223
160 224
160 232
160 236
160 238
160 239
160 240
160 244
160 246
160 247
160 248
160 250
160 251
160 252
160 253
160 254
160 255
160 256
161 162
161 163
161 164
161 165
161 166
161 167
161 169
161 170
161 171
161 173
161 177
161 178
161 179
161 181
161 185
161 193
161 194
161 195
161 196
161 197
161 198
161 199
161 201
161 202
161 203
161 205
161 209
161 210
161 211
161 213
161 217
161 225
161 226
161 227
161 229
161 233
161 241
162 163
162 164
162 165
162 166
162 167
162 168
162 169
162 170
162 171
162 172
162 173
162 174
162 177
162 178
162 179
162 180
162 181
162 182
162 185
162 186
162 193
162 194
162 195
162 196
162 197
162 198
162 199
162 200
162 201
162 202
162 203
162 204
162 205
162 206
162 209
162 210
162 211
162 212
162 213
162 214
162 217
162 218
162 225
162 226
162 227
162 228
162 229
162 230
162 233
162 234
162 241
162 242
163 164
163 165
163 166
163 167
163 168
163 169
163 170
163 171
163 172
163 173
163 174
163 175
163 177
163 178
163 179
163 180
163 181
163 182
163 183
163 185
163 186
163 187
163 193
163 194
163 195
163 196
163 197
163 198
163 199
163 200
163 201
163 202
163 203
163 204
163 205
163 206
163 207
163 209
163 210
163 211
163 212
163 213
163 214
163 215
163 217
163 218
163 219
163 225
163 226
163 227
163 228
163 229
163 230
163 231
163 233
163 234
163 235
163 241
163 242
163 243
164 165
164 166
164 167
164 168
164 169
164 170
164 171
164 172
164 173
164 174
164 175
164 176
164 177
164 178
164 179
164 180
164 181
164 182
164 183
164 184
164 185
164 186
164 188
164 194
164 195
164 196
164 197
164 198
164 199
164 200
164 201
164 202
164 203
164 204
164 205
164 206
164 207
164 208
164 209
164 210
164 211
164 212
164 213
164 214
164 215
164 216
164 217
164 218
164 220
164 226
164 227
164 228
164 230
164 231
164 232
164 233
164 234
164 236
164 242
164 244
165 166
165 167
165 168
165 169
165 170
165 171
165 172
165 173
165 174
165 175
165 177
165 178
165 179
165 180
165 181
165 182
165 183
165 185
165 186
165 187
165 189
165 193
165 194
165 195
165 196
165 197
165 198
165 199
165 201
165 202
165 203
165 204
165 205
165 206
165 207
165 209
165 210
165 211
165 212
165 213
165 214
165 215
165 217
165 218
165 219
165 221
165 225
165 226
165 227
165 229
165 230
165 231
165 233
165 234
165 235
165 237
165 241
165 243
165 245
166 167
166 168
166 169
166 170
166 171
166 172
166 173
166 174
166 175
166 176
166 177
166 178
166 179
166 180
166 181
166 182
166 183
166 184
166 185
166 186
166 187
166 188
166 190
166 194
166 195
166 196
166 197
166 198
166 199
166 200
166 201
166 202
166 203
166 204
166 205
166 206
166 207
166 208
166 209
166 210
166 211
166 212
166 213
166 214
166 215
166 216
166 217
166 218
166 219
166 220
166 222
166 226
166 227
166 228
166 229
166 230
166 231
166 232
166 233
166 234
166 235
166 236
166 238
166 242
166 243
166 244
166 246
167 168
167 169
167 170
167 171
167 172
167 173
167 174
167 175
167 176
167 177
167 178
167 179
167 180
167 181
167 182
167 183
167 184
167 185
167 186
167 187
167 188
167 189
167 190
167 191
167 195
167 196
167 197
167 198
167 199
167 200
167 201
167 202
167 203
167 204
167 205
167 206
167 207
167 208
167 209
167 210
167 211
167 212
167 213
167 214
167 215
167 216
167 217
167 218
167 219
167 220
167 221
167 222
167 223
167 227
167 228
167 229
167 230
167 231
167 232
167 233
167 234
167 235
167 236
167 237
167 238
167 239
167 243
167 244
167 247
168 170
168 171
168 172
168 173
168 174
168 175
168 176
168 178
168 179
168 180
168 182
168 183
168 184
168 186
168 187
168 188
168 189
168 190
168 191
168 192
168 196
168 198
168 199
168 200
168 202
168 203
168 204
168 205
168 206
168 207
168 208
168 210
168 211
168 212
168 214
168 215
168 216
168 218
168 219
168 220
168 221
168 222
168 223
168 224
168 228
168 230
168 231
168 232
168 234
168 236
168 238
168 239
168 240
168 244
168 248
169 170
169 171
169 172
169 173
169 174
169 175
169 177
169 178
169 179
169 180
169 181
169 182
169 183
169 185
169 186
169 187
169 189
169 193
169 194
169 195
169 196
169 197
169 198
169 199
169 201
169 202
169 203
169 205
169 209
169 210
169 211
169 212
169 213
169 214
169 215
169 217
169 218
169 219
169 221
169 225
169 226
169 227
169 228
169 229
169 230
169 231
169 233
169 234
169 235
169 237
169 241
169 242
169 243
169 245
169 249
170 171
170 172
170 173
170 174
170 175
170 176
170 177
170 178
170 179
170 180
170 181
170 182
170 183
170 184
170 185
170 186
170 187
170 188
170 189
170 190
170 194
170 195
170 196
170 197
170 198
170 199
170 200
170 201
170 202
170 203
170 204
170 205
170 206
170 209
170 210
170 211
170 212
170 213
170 214
170 215
170 216
170 217
170 218
170 219
170 220
170 221
170 222
170 226
170 227
170 228
170 229
170 230
170 231
170 232
170 233
170 234
170 235
170 236
170 237
170 238
170 242
170 243
170 244
170 245
170 246
170 250
171 172
171 173
171 174
171 175
171 176
171 177
171 178
171 179
171 180
171 181
171 182
171 183
171 184
171 185
171 186
171 187
171 188
171 189
171 190
171 191
171 195
171 197
171 198
171 199
171 201
171 202
171 203
171 204
171 205
171 206
171 207
171 209
171 210
171 211
171 212
171 213
171 214
171 215
171 216
171 217
171 218
171 219
171 220
171 221
171 222
171 223
171 227
171 229
171 230
171 231
171 233
171 234
171 235
171 236
171 237
171 238
171 239
171 243
171 245
171 246
171 247
171 251
172 173
172 174
172 175
172 176
172 178
172 179
172 180
172 181
172 182
172 183
172 184
172 186
172 187
172 188
172 189
172 190
172 191
172 192
172 196
172 198
172 199
172 200
172 202
172 203
172 204
172 205
172 206
172 207
172 208
172 210
172 211
172 212
172 213
172 214
172 215
172 216
172 218
172 219
172 220
172 221
172 222
172 223
172 224
172 228
172 230
172 231
172 232
172 234
172 235
172 236
172 237
172 238
172 239
172 240
172 244
172 246
172 247
172 248
172 252
173 174
173 175
173 176
173 177
173 178
173 179
173 180
173 181
173 182
173 183
173 184
173 185
173 186
173 187
173 188
173 189
173 190
173 191
173 197
173 199
173 201
173 202
173 203
173 204
173 205
173 206
173 207
173 209
173 210
173 211
173 212
173 213
173 214
173 215
173 216
173 217
173 218
173 219
173 220
173 221
173 222
173 223
173 229
173 231
173 233
173 234
173 235
173 236
173 237
173 238
173 239
173 241
173 242
173 243
173 244
173 245
173 246
173 247
173 249
173 250
173 251
173 253
174 175
174 176
174 178
174 179
174 180
174 181
174 182
174 183
174 184
174 185
174 186
174 187
174 188
174 189
174 190
174 191
174 192
174 198
174 199
174 200
174 202
174 203
174 204
174 205
174 206
174 207
174 208
174 210
174 211
174 212
174 213
174 214
174 215
174 216
174 217
174 218
174 219
174 220
174 221
174 222
174 223
174 224
174 230
174 231
174 232
174 234
174 235
174 236
174 237
174 238
174 239
174 240
174 242
174 243
174 244
174 245
174 246
174 247
174 248
174 250
174 251
174 252
174 254
175 176
175 179
175 180
175 181
175 182
175 183
175 184
175 185
175 186
175 187
175 188
175 189
175 190
175 191
175 192
175 199
175 200
175 203
175 204
175 205
175 206
175 207
175 208
175 211
175 212
175 213
175 214
175 215
175 216
175 217
175 218
175 219
175 220
175 221
175 222
175 223
175 224
175 231
175 232
175 235
175 236
175 237
175 238
175 239
175 240
175 243
175 245
175 246
175 247
175 248
175 249
175 250
175 251
175 252
175 253
175 254
175 255
176 180
176 182
176 183
176 184
176 186
176 187
176 188
176 189
176 190
176 191
176 192
176 200
176 204
176 206
176 207
176 208
176 212
176 214
176 215
176 216
176 218
176 219
176 220
176 221
176 222
176 223
176 224
176 232
176 236
176 238
176 239
176 240
176 244
176 246
176 247
176 248
176 250
176 251
176 252
176 253
176 254
176 255
176 256
177 178
177 179
177 180
177 181
177 182
177 183
177 185
177 186
177 187
177 189
177 193
177 194
177 195
177 196
177 197
177 198
177 199
177 201
177 202
177 203
177 205
177 209
177 210
177 211
177 213
177 217
177 218
177 219
177 221
177 225
177 226
177 227
177 228
177 229
177 230
177 231
177 233
177 234
177 235
177 237
177 241
177 242
177 243
177 245
177 249
178 179
178 180
178 181
178 182
178 183
178 184
178 185
178 186
178 187
178 188
178 189
178 190
178 194
178 195
178 196
178 197
178 198
178 199
178 200
178 201
178 202
178 203
178 204
178 205
178 206
178 209
178 210
178 211
178 212
178 213
178 214
178 217
178 218
178 219
178 220
178 221
178 222
178 225
178 226
178 227
178 228
178 229
178 230
178 231
178 232
178 233
178 234
178 235
178 236
178 237
178 238
178 241
178 242
178 243
178 244
178 245
178 246
178 249
178 250
179 180
179 181
179 182
179 183
179 184
179 185
179 186
179 187
179 188
179 189
179 190
179 191
179 195
179 197
179 198
179 199
179 201
179 202
179 203
179 204
179 205
179 206
179 207
179 209
179 210
179 211
179 212
179 213
179 214
179 215
179 217
179 218
179 219
179 220
179 221
179 222
179 223
179 225
179 226
179 227
179 228
179 229
179 230
179 231
179 232
179 233
179 234
179 235
179 236
179 237
179 238
179 239
179 241
179 242
179 243
179 244
179 245
179 246
179 247
179 249
179 250
179 251
180 181
180 182
180 183
180 184
180 185
180 186
180 187
180 188
180 189
180 190
180 191
180 192
180 196
180 198
180 199
180 200
180 202
180 203
180 204
180 205
180 206
180 207
180 208
180 210
180 211
180 212
180 213
180 214
180 215
180 216
180 217
180 218
180 219
180 220
180 221
180 222
180 223
180 224
180 226
180 227
180 228
180 229
180 230
180 231
180 232
180 234
180 235
180 236
180 237
180 238
180 239
180 240
180 242
180 243
180 244
180 246
180 247
180 248
180 250
180 252
181 182
181 183
181 184
181 185
181 186
181 187
181 188
181 189
181 190
181 191
181 197
181 201
181 202
181 203
181 205
181 206
181 207
181 209
181 210
181 211
181 212
181 213
181 214
181 215
181 217
181 218
181 219
181 220
181 221
181 222
181 223
181 225
181 226
181 227
181 228
181 229
181 230
181 231
181 233
181 234
181 235
181 236
181 237
181 238
181 239
181 241
181 242
181 243
181 244
181 245
181 246
181 247
181 249
181 250
181 251
181 253
182 183
182 184
182 185
182 186
182 187
182 188
182 189
182 190
182 191
182 192
182 198
182 202
182 203
182 204
182 205
182 206
182 207
182 208
182 210
182 211
182 212
182 213
182 214
182 215
182 216
182 217
182 218
182 219
182 220
182 221
182 222
182 223
182 224
182 226
182 227
182 228
182 229
182 230
182 231
182 232
182 233
182 234
182 235
182 236
182 237
182 238
182 239
182 240
182 242
182 243
182 244
182 245
182 246
182 247
182 248
182 250
182 251
182 252
182 254
183 184
183 185
183 186
183 187
183 188
183 189
183 190
183 191
183 192
183 199
183 203
183 204
183 205
183 206
183 207
183 208
183 211
183 212
183 213
183 214
183 215
183 216
183 217
183 218
183 219
183 220
183 221
183 222
183 223
183 224
183 227
183 228
183 229
183 230
183 231
183 232
183 233
183 234
183 235
183 236
183 237
183 238
183 239
183 240
183 243
183 244
183 245
183 246
183 247
183 248
183 249
183 250
183 251
183 252
183 253
183 254
183 255
184 186
184 187
184 188
184 189
184 190
184 191
184 192
184 200
184 204
184 206
184 207
184 208
184 212
184 214
184 215
184 216
184 218
184 219
184 220
184 221
184 222
184 223
184 224
184 228
184 230
184 231
184 232
184 234
184 235
184 236
184 237
184 238
184 239
184 240
184 244
184 246
184 247
184 248
184 250
184 251
184 252
184 253
184 254
184 255
184 256
185 186
185 187
185 188
185 189
185 190
185 191
185 201
185 205
185 207
185 209
185 210
185 211
185 213
185 215
185 217
185 218
185 219
185 221
185 222
185 223
185 225
185 226
185 227
185 228
185 229
185 230
185 231
185 233
185 234
185 235
185 237
185 239
185 241
185 242
185 243
185 244
185 245
185 246
185 247
185 249
185 250
185 251
185 253
186 187
186 188
186 189
186 190
186 191
186 192
186 202
186 205
186 206
186 207
186 208
186 210
186 211
186 212
186 213
186 214
186 215
186 216
186 217
186 218
186 219
186 220
186 221
186 222
186 223
186 224
186 226
186 227
186 228
186 229
186 230
186 231
186 232
186 233
186 234
186 235
186 236
186 237
186 238
186 239
186 240
186 241
186 242
186 243
186 244
186 245
186 246
186 247
186 248
186 249
186 250
186 251
186 252
186 253
186 254
187 188
187 189
187 190
187 191
187 192
187 203
187 205
187 206
187 207
187 208
187 211
187 213
187 214
187 215
187 216
187 217
187 218
187 219
187 220
187 221
187 222
187 223
187 224
187 227
187 229
187 230
187 231
187 233
187 234
187 235
187 236
187 237
187 238
187 239
187 240
187 241
187 242
187 243
187 244
187 245
187 246
187 247
187 248
187 249
187 250
187 251
187 252
187 253
187 254
187 255
188 189
188 190
188 191
188 192
188 204
188 206
188 207
188 208
188 212
188 214
188 215
188 216
188 218
188 219
188 220
188 221
188 222
188 223
188 224
188 228
188 230
188 231
188 232
188 234
188 235
188 236
188 237
188 238
188 239
188 240
188 242
188 243
188 244
188 245
188 246
188 247
188 248
188 250
188 251
188 252
188 253
188 254
188 255
188 256
189 190
189 191
189 192
189 205
189 207
189 208
189 213
189 215
189 216
189 217
189 218
189 219
189 220
189 221
189 222
189 223
189 224
189 229
189 231
189 233
189 234
189 235
189 237
189 238
189 239
189 240
189 241
189 242
189 243
189 244
189 245
189 246
189 247
189 249
189 250
189 251
189 252
189 253
189 254
189 255
190 191
190 192
190 206
190 207
190 208
190 214
190 215
190 216
190 218
190 219
190 220
190 221
190 222
190 223
190 224
190 230
190 231
190 232
190 234
190 235
190 236
190 237
190 238
190 239
190 240
190 242
190 243
190 244
190 245
190 246
190 247
190 248
190 249
190 250
190 251
190 252
190 253
190 254
190 255
190 256
191 192
191 207
191 208
191 215
191 216
191 219
191 220
191 221
191 222
191 223
191 224
191 231
191 232
191 235
191 236
191 237
191 238
191 239
191 240
191 243
191 244
191 245
191 246
191 247
191 248
191 249
191 250
191 251
191 252
191 253
191 254
191 255
191 256
192 208
192 216
192 220
192 222
192 223
192 224
192 232
192 236
192 238
192 239
192 240
192 244
192 246
192 247
192 248
192 250
192 251
192 252
192 253
192 254
192 255
192 256
193 194
193 195
193 196
193 197
193 198
193 199
193 201
193 202
193 203
193 205
193 209
193 210
193 211
193 213
193 217
193 225
193 226
193 227
193 229
193 233
193 241
194 195
194 196
194 197
194 198
194 199
194 200
194 201
194 202
194 203
194 204
194 205
194 206
194 209
194 210
194 211
194 212
194 213
194 214
194 217
194 218
194 225
194 226
194 227
194 228
194 229
194 230
194 233
194 234
194 241
194 242
195 196
195 197
195 198
195 199
195 200
195 201
195 202
195 203
195 204
195 205
195 206
195 207
195 209
195 210
195 211
195 212
195 213
195 214
195 215
195 217
195 218
195 219
195 225
195 226
195 227
195 228
195 229
195 230
195 231
195 233
195 234
195 235
195 241
195 242
195 243
196 197
196 198
196 199
196 200
196 201
196 202
196 203
196 204
196 205
196 206
196 207
196 208
196 209
196 210
196 211
196 212
196 213
196 214
196 215
196 216
196 217
196 218
196 220
196 225
196 226
196 227
196 228
196 229
196 230
196 231
196 232
196 233
196 234
196 236
196 241
196 242
196 244
197 198
197 199
197 200
197 201
197 202
197 203
197 204
197 205
197 206
197 207
197 209
197 210
197 211
197 212
197 213
197 214
197 215
197 217
197 218
197 219
197 221
197 225
197 226
197 227
197 228
197 229
197 230
197 231
197 233
197 234
197 235
197 237
197 241
197 242
197 243
197 245
198 199
198 200
198 201
198 202
198 203
198 204
198 205
198 206
198 207
198 208
198 209
198 210
198 211
198 212
198 213
198 214
198 215
198 216
198 217
198 218
198 219
198 220
198 222
198 225
198 226
198 227
198 228
198 229
198 230
198 231
198 232
198 233
198 234
198 235
198 236
198 238
198 241
198 242
198 243
198 244
198 246
199 200
199 201
199 202
199 203
199 204
199 205
199 206
199 207
199 208
199 209
199 210
199 211
199 212
199 213
199 214
199 215
199 216
199 217
199 218
199 219
199 220
199 221
199 222
199 223
199 225
199 226
199 227
199 228
199 229
199 230
199 231
199 232
199 233
199 234
199 235
199 236
199 237
199 238
199 239
199 241
199 242
199 243
199 244
199 247
200 202
200 203
200 204
200 205
200 206
200 207
200 208
200 210
200 211
200 212
200 214
200 215
200 216
200 218
200 219
200 220
200 221
200 222
200 223
200 224
200 226
200 227
200 228
200 230
200 231
200 232
200 234
200 236
200 238
200 239
200 240
200 242
200 244
200 248
201 202
201 203
201 204
201 205
201 206
201 207
201 209
201 210
201 211
201 212
201 213
201 214
201 215
201 217
201 218
201 219
201 221
201 225
201 226
201 227
201 228
201 229
201 230
201 231
201 233
201 234
201 235
201 237
201 241
201 242
201 243
201 245
201 249
202 203
202 204
202 205
202 206
202 207
202 208
202 209
202 210
202 211
202 212
202 213
202 214
202 215
202 216
202 217
202 218
202 219
202 220
202 221
202 222
202 225
202 226
202 227
202 228
202 229
202 230
202 231
202 232
202 233
202 234
202 235
202 236
202 237
202 238
202 241
202 242
202 243
202 244
202 245
202 246
202 250
203 204
203 205
203 206
203 207
203 208
203 209
203 210
203 211
203 212
203 213
203 214
203 215
203 216
203 217
203 218
203 219
203 220
203 221
203 222
203 223
203 225
203 226
203 227
203 228
203 229
203 230
203 231
203 232
203 233
203 234
203 235
203 236
203 237
203 238
203 239
203 241
203 242
203 243
203 244
203 245
203 246
203 247
203 251
204 205
204 206
204 207
204 208
204 210
204 211
204 212
204 213
204 214
204 215
204 216
204 218
204 219
204 220
204 221
204 222
204 223
204 224
204 226
204 227
204 228
204 229
204 230
204 231
204 232
204 234
204 235
204 236
204 237
204 238
204 239
204 240
204 242
204 243
204 244
204 246
204 247
204 248
204 252
205 206
205 207
205 208
205 209
205 210
205 211
205 212
205 213
205 214
205 215
205 216
205 217
205 218
205 219
205 220
205 221
205 222
205 223
205 225
205 226
205 227
205 228
205 229
205 230
205 231
205 232
205 233
205 234
205 235
205 236
205 237
205 238
205 239
205 241
205 242
205 243
205 244
205 245
205 246
205 247
205 249
205 250
205 251
205 253
206 207
206 208
206 210
206 211
206 212
206 213
206 214
206 215
206 216
206 217
206 218
206 219
206 220
206 221
206 222
206 223
206 224
206 226
206 227
206 228
206 229
206 230
206 231
206 232
206 234
206 235
206 236
206 237
206 238
206 239
206 240
206 242
206 243
206 244
206 245
206 246
206 247
206 248
206 250
206 251
206 252
206 254
207 208
207 211
207 212
207 213
207 214
207 215
207 216
207 217
207 218
207 219
207 220
207 221
207 222
207 223
207 224
207 227
207 228
207 229
207 230
207 231
207 232
207 235
207 236
207 237
207 238
207 239
207 240
207 243
207 244
207 245
207 246
207 247
207 248
207 249
207 250
207 251
207 252
207 253
207 254
207 255
208 212
208 214
208 215
208 216
208 218
208 219
208 220
208 221
208 222
208 223
208 224
208 228
208 230
208 231
208 232
208 236
208 238
208 239
208 240
208 244
208 246
208 247
208 248
208 250
208 251
208 252
208 253
208 254
208 255
208 256
209 210
209 211
209 212
209 213
209 214
209 215
209 217
209 218
209 219
209 221
209 225
209 226
209 227
209 228
209 229
209 230
209 231
209 233
209 234
209 235
209 237
209 241
209 242
209 243
209 245
209 249
210 211
210 212
210 213
210 214
210 215
210 216
210 217
210 218
210 219
210 220
210 221
210 222
210 225
210 226
210 227
210 228
210 229
210 230
210 231
210 232
210 233
210 234
210 235
210 236
210 237
210 238
210 241
210 242
210 243
210 244
210 245
210 246
210 249
210 250
211 212
211 213
211 214
211 215
211 216
211 217
211 218
211 219
211 220
211 221
211 222
211 223
211 225
211 226
211 227
211 228
211 229
211 230
211 231
211 232
211 233
211 234
211 235
211 236
211 237
211 238
211 239
211 241
211 242
211 243
211 244
211 245
211 246
211 247
211 249
211 250
211 251
212 213
212 214
212 215
212 216
212 217
212 218
212 219
212 220
212 221
212 222
212 223
212 224
212 226
212 227
212 228
212 229
212 230
212 231
212 232
212 233
212 234
212 235
212 236
212 237
212 238
212 239
212 240
212 242
212 243
212 244
212 245
212 246
212 247
212 248
212 250
212 252
213 214
213 215
213 216
213 217
213 218
213 219
213 220
213 221
213 222
213 223
213 225
213 226
213 227
213 228
213 229
213 230
213 231
213 233
213 234
213 235
213 236
213 237
213 238
213 239
213 241
213 242
213 243
213 244
213 245
213 246
213 247
213 249
213 250
213 251
213 253
214 215
214 216
214 217
214 218
214 219
214 220
214 221
214 222
214 223
214 224
214 226
214 227
214 228
214 229
214 230
214 231
214 232
214 233
214 234
214 235
214 236
214 237
214 238
214 239
214 240
214 242
214 243
214 244
214 245
214 246
214 247
214 248
214 250
214 251
214 252
214 254
215 216
215 217
215 218
215 219
215 220
215 221
215 222
215 223
215 224
215 227
215 228
215 229
215 230
215 231
215 232
215 233
215 234
215 235
215 236
215 237
215 238
215 239
215 240
215 243
215 244
215 245
215 246
215 247
215 248
215 249
215 250
215 251
215 252
215 253
215 254
215 255
216 218
216 219
216 220
216 221
216 222
216 223
216 224
216 228
216 230
216 231
216 232
216 234
216 235
216 236
216 237
216 238
216 239
216 240
216 244
216 246
216 247
216 248
216 250
216 251
216 252
216 253
216 254
216 255
216 256
217 218
217 219
217 220
217 221
217 222
217 223
217 225
217 226
217 227
217 228
217 229
217 230
217 231
217 233
217 234
217 235
217 237
217 238
217 239
217 241
217 242
217 243
217 244
217 245
217 246
217 247
217 249
217 250
217 251
217 253
218 219
218 220
218 221
218 222
218 223
218 224
218 226
218 227
218 228
218 229
218 230
218 231
218 232
218 233
218 234
218 235
218 236
218 237
218 238
218 239
218 240
218 241
218 242
218 243
218 244
218 245
218 246
218 247
218 248
218 249
218 250
218 251
218 252
218 253
218 254
219 220
219 221
219 222
219 223
219 224
219 227
219 229
219 230
219 231
219 232
219 233
219 234
219 235
219 236
219 237
219 238
219 239
219 240
219 241
219 242
219 243
219 244
219 245
219 246
219 247
219 248
219 249
219 250
219 251
219 252
219 253
219 254
219 255
220 221
220 222
220 223
220 224
220 228
220 230
220 231
220 232
220 234
220 235
220 236
220 237
220 238
220 239
220 240
220 242
220 243
220 244
220 245
220 246
220 247
220 248
220 250
220 251
220 252
220 253
220 254
220 255
220 256
221 222
221 223
221 224
221 229
221 231
221 232
221 233
221 234
221 235
221 236
221 237
221 238
221 239
221 240
221 241
221 242
221 243
221 244
221 245
221 246
221 247
221 248
221 249
221 250
221 251
221 252
221 253
221 254
221 255
222 223
222 224
222 230
222 231
222 232
222 234
222 235
222 236
222 237
222 238
222 239
222 240
222 242
222 243
222 244
222 245
222 246
222 247
222 248
222 249
222 250
222 251
222 252
222 253
222 254
222 255
222 256
223 224
223 231
223 232
223 235
223 236
223 237
223 238
223 239
223 240
223 243
223 244
223 245
223 246
223 247
223 248
223 249
223 250
223 251
223 252
223 253
223 254
223 255
223 256
224 232
224 236
224 238
224 239
224 240
224 244
224 246
224 247
224 248
224 250
224 251
224 252
224 253
224 254
224 255
224 256
225 226
225 227
225 228
225 229
225 230
225 231
225 233
225 234
225 235
225 237
225 241
225 242
225 243
225 245
225 249
226 227
226 228
226 229
226 230
226 231
226 232
226 233
226 234
226 235
226 236
226 237
226 238
226 241
226 242
226 243
226 244
226 245
226 246
226 249
226 250
227 228
227 229
227 230
227 231
227 232
227 233
227 234
227 235
227 236
227 237
227 238
227 239
227 241
227 242
227 243
227 244
227 245
227 246
227 247
227 249
227 250
227 251
228 229
228 230
228 231
228 232
228 233
228 234
228 235
228 236
228 237
228 238
228 239
228 240
228 241
228 242
228 243
228 244
228 245
228 246
228 247
228 248
228 249
228 250
228 252
229 230
229 231
229 232
229 233
229 234
229 235
229 236
229 237
229 238
229 239
229 241
229 242
229 243
229 244
229 245
229 246
229 247
229 249
229 250
229 251
229 253
230 231
230 232
230 233
230 234
230 235
230 236
230 237
230 238
230 239
230 240
230 241
230 242
230 243
230 244
230 245
230 246
230 247
230 248
230 249
230 250
230 251
230 252
230 254
231 232
231 233
231 234
231 235
231 236
231 237
231 238
231 239
231 240
231 241
231 242
231 243
231 244
231 245
231 246
231 247
231 248
231 249
231 250
231 251
231 252
231 253
231 254
231 255
232 234
232 235
232 236
232 237
232 238
232 239
232 240
232 242
232 243
232 244
232 246
232 247
232 248
232 250
232 251
232 252
232 253
232 254
232 255
232 256
233 234
233 235
233 236
233 237
233 238
233 239
233 241
233 242
233 243
233 244
233 245
233 246
233 247
233 249
233 250
233 251
233 253
234 235
234 236
234 237
234 238
234 239
234 240
234 241
234 242
234 243
234 244
234 245
234 246
234 247
234 248
234 249
234 250
234 251
234 252
234 253
234 254
235 236
235 237
235 238
235 239
235 240
235 241
235 242
235 243
235 244
235 245
235 246
235 247
235 248
235 249
235 250
235 251
235 252
235 253
235 254
235 255
236 237
236 238
236 239
236 240
236 242
236 243
236 244
236 245
236 246
236 247
236 248
236 250
236 251
236 252
236 253
236 254
236 255
236 256
237 238
237 239
237 240
237 241
237 242
237 243
237 244
237 245
237 246
237 247
237 248
237 249
237 250
237 251
237 252
237 253
237 254
237 255
238 239
238 240
238 242
238 243
238 244
238 245
238 246
238 247
238 248
238 249
238 250
238 251
238 252
238 253
238 254
238 255
238 256
239 240
239 243
239 244
239 245
239 246
239 247
239 248
239 249
239 250
239 251
239 252
239 253
239 254
239 255
239 256
240 244
240 246
240 247
240 248
240 250
240 251
240 252
240 253
240 254
240 255
240 256
241 242
241 243
241 244
241 245
241 246
241 247
241 249
241 250
241 251
241 253
242 243
242 244
242 245
242 246
242 247
242 248
242 249
242 250
242 251
242 252
242 253
242 254
243 244
243 245
243 246
243 247
243 248
243 249
243 250
243 251
243 252
243 253
243 254
243 255
244 245
244 246
244 247
244 248
244 249
244 250
244 251
244 252
244 253
244 254
244 255
244 256
245 246
245 247
245 248
245 249
245 250
245 251
245 252
245 253
245 254
245 255
246 247
246 248
246 249
246 250
246 251
246 252
246 253
246 254
246 255
246 256
247 248
247 249
247 250
247 251
247 252
247 253
247 254
247 255
247 256
248 250
248 251
248 252
248 253
248 254
248 255
248 256
249 250
249 251
249 252
249 253
249 254
249 255
250 251
250 252
250 253
250 254
250 255
250 256
251 252
251 253
251 254
251 255
251 256
252 253
252 254
252 255
252 256
253 254
253 255
253 256
254 255
254 256
255 256
