instance,seed,best_value,best_step,elapsed,A,B,b,known_alpha
C125.9,0,34,86297,0.3178814999992028,1,2.0,8.0,34
C125.9,1,34,29291,0.03580958298698533,1,2.0,8.0,34
C125.9,2,34,146025,0.03220654200413264,1,2.0,8.0,34
C125.9,3,34,18012,0.0359607909922488,1,2.0,8.0,34
C125.9,4,34,42424,0.024439667002297938,1,2.0,8.0,34
C125.9,5,34,25594,0.024153708000085317,1,2.0,8.0,34
C125.9,6,34,49345,0.02384316601091996,1,2.0,8.0,34
C125.9,7,34,48750,0.023610500007634982,1,2.0,8.0,34
C125.9,8,34,127939,0.023885624992544763,1,2.0,8.0,34
C125.9,9,34,47695,0.023736041999654844,1,2.0,8.0,34
C125.9,10,34,67046,0.02404891699552536,1,2.0,8.0,34
C125.9,11,34,43093,0.023299583001062274,1,2.0,8.0,34
C125.9,12,34,119448,0.02357016700261738,1,2.0,8.0,34
C125.9,13,34,13317,0.023570707999169827,1,2.0,8.0,34
C125.9,14,34,34343,0.023695916999713518,1,2.0,8.0,34
C125.9,15,34,43584,0.02350062500045169,1,2.0,8.0,34
C125.9,16,34,65648,0.023469666004530154,1,2.0,8.0,34
C125.9,17,34,129957,0.02372950001154095,1,2.0,8.0,34
C125.9,18,34,120040,0.023434999995515682,1,2.0,8.0,34
C125.9,19,34,277791,0.023761250005918555,1,2.0,8.0,34
C125.9,20,34,148551,0.023843041999498382,1,2.0,8.0,34
C125.9,21,34,43555,0.024147125004674308,1,2.0,8.0,34
C125.9,22,34,42474,0.024267167013022117,1,2.0,8.0,34
C125.9,23,34,66451,0.024683915995410644,1,2.0,8.0,34
C125.9,24,34,117480,0.024517249999917112,1,2.0,8.0,34
C125.9,25,34,52610,0.024560833000577986,1,2.0,8.0,34
C125.9,26,34,79914,0.024260791993583553,1,2.0,8.0,34
C125.9,27,34,148062,0.024148917000275105,1,2.0,8.0,34
C125.9,28,34,281324,0.024062500000582077,1,2.0,8.0,34
C125.9,29,34,30043,0.023895249993074685,1,2.0,8.0,34
C125.9,30,34,33663,0.02427129198622424,1,2.0,8.0,34
C125.9,31,34,6004,0.024262666003778577,1,2.0,8.0,34
C125.9,32,34,51128,0.02414262499951292,1,2.0,8.0,34
C125.9,33,34,50673,0.023862957998062484,1,2.0,8.0,34
C125.9,34,34,9444,0.024126417003571987,1,2.0,8.0,34
C125.9,35,34,34879,0.023788874997990206,1,2.0,8.0,34
C125.9,36,34,5278,0.02363070799037814,1,2.0,8.0,34
C125.9,37,34,52017,0.02368504198966548,1,2.0,8.0,34
C125.9,38,34,73070,0.023899749998236075,1,2.0,8.0,34
C125.9,39,34,10061,0.024061708012595773,1,2.0,8.0,34
C125.9,40,34,34875,0.023818041998310946,1,2.0,8.0,34
C125.9,41,34,136156,0.02380616699520033,1,2.0,8.0,34
C125.9,42,34,40201,0.0239543330098968,1,2.0,8.0,34
C125.9,43,34,113106,0.023906292000901885,1,2.0,8.0,34
C125.9,44,34,57047,0.024061415999312885,1,2.0,8.0,34
C125.9,45,34,16123,0.023835707994294353,1,2.0,8.0,34
C125.9,46,34,25200,0.023543207993498072,1,2.0,8.0,34
C125.9,47,34,46743,0.023644458007765934,1,2.0,8.0,34
C125.9,48,34,46728,0.023640917002921924,1,2.0,8.0,34
C125.9,49,34,50253,0.02413187499041669,1,2.0,8.0,34
C125.9,50,34,9330,0.024002249992918223,1,2.0,8.0,34
C125.9,51,34,35378,0.023806541998055764,1,2.0,8.0,34
C125.9,52,34,10461,0.023712374997558072,1,2.0,8.0,34
C125.9,53,34,15976,0.023771708001731895,1,2.0,8.0,34
C125.9,54,34,94544,0.024008249994949438,1,2.0,8.0,34
C125.9,55,34,50217,0.02406854199944064,1,2.0,8.0,34
C125.9,56,34,16995,0.02403095799672883,1,2.0,8.0,34
C125.9,57,34,13428,0.0239883330068551,1,2.0,8.0,34
C125.9,58,34,44007,0.024027790990658104,1,2.0,8.0,34
C125.9,59,34,20023,0.024072374988463707,1,2.0,8.0,34
C125.9,60,34,66352,0.024117833003401756,1,2.0,8.0,34
C125.9,61,34,52571,0.023928750000777654,1,2.0,8.0,34
C125.9,62,34,47505,0.02366137500212062,1,2.0,8.0,34
C125.9,63,34,84365,0.02359620800416451,1,2.0,8.0,34
C125.9,64,34,10434,0.02383970801020041,1,2.0,8.0,34
C125.9,65,34,99482,0.024112749990308657,1,2.0,8.0,34
C125.9,66,34,20550,0.024024333004490472,1,2.0,8.0,34
C125.9,67,34,108971,0.02396670800226275,1,2.0,8.0,34
C125.9,68,34,49552,0.024033833004068583,1,2.0,8.0,34
C125.9,69,34,162447,0.024163374997442588,1,2.0,8.0,34
C125.9,70,34,59937,0.02373379199707415,1,2.0,8.0,34
C125.9,71,34,69674,0.023772959000780247,1,2.0,8.0,34
C125.9,72,34,80654,0.02398699999321252,1,2.0,8.0,34
C125.9,73,34,28300,0.023880875000031665,1,2.0,8.0,34
C125.9,74,34,58926,0.024189374991692603,1,2.0,8.0,34
C125.9,75,34,13104,0.023965625005075708,1,2.0,8.0,34
C125.9,76,34,5400,0.02412495799944736,1,2.0,8.0,34
C125.9,77,34,140597,0.024073417007457465,1,2.0,8.0,34
C125.9,78,34,5852,0.024002792008104734,1,2.0,8.0,34
C125.9,79,34,13778,0.0238332090084441,1,2.0,8.0,34
C125.9,80,34,79053,0.023732292000204325,1,2.0,8.0,34
C125.9,81,34,24053,0.023582957990583964,1,2.0,8.0,34
C125.9,82,34,36652,0.02351808300591074,1,2.0,8.0,34
C125.9,83,34,120004,0.023390249989461154,1,2.0,8.0,34
C125.9,84,34,33698,0.023722708006971516,1,2.0,8.0,34
C125.9,85,34,126458,0.023581416986417025,1,2.0,8.0,34
C125.9,86,34,18514,0.023600792002980597,1,2.0,8.0,34
C125.9,87,34,68553,0.023448250009096228,1,2.0,8.0,34
C125.9,88,34,108162,0.02350408400525339,1,2.0,8.0,34
C125.9,89,34,15880,0.023600500004249625,1,2.0,8.0,34
C125.9,90,34,25965,0.024274916999274865,1,2.0,8.0,34
C125.9,91,34,16498,0.024255291995359585,1,2.0,8.0,34
C125.9,92,34,69566,0.02404137499979697,1,2.0,8.0,34
C125.9,93,34,92055,0.024017458999878727,1,2.0,8.0,34
C125.9,94,34,94645,0.023908041010145098,1,2.0,8.0,34
C125.9,95,34,17501,0.024151667006663047,1,2.0,8.0,34
C125.9,96,34,49480,0.023847667005611584,1,2.0,8.0,34
C125.9,97,34,74761,0.02390200000081677,1,2.0,8.0,34
C125.9,98,34,118874,0.023900832995423116,1,2.0,8.0,34
C125.9,99,34,96911,0.024209000010159798,1,2.0,8.0,34
MANN_a9,0,16,965,0.027825874989503063,1,2.0,8.0,16
MANN_a9,1,16,1191,0.02747833299508784,1,2.0,8.0,16
MANN_a9,2,16,1279,0.0274942079995526,1,2.0,8.0,16
MANN_a9,3,16,2842,0.027407000001403503,1,2.0,8.0,16
MANN_a9,4,16,4698,0.02747066599840764,1,2.0,8.0,16
MANN_a9,5,16,1018,0.02782333300274331,1,2.0,8.0,16
MANN_a9,6,16,3263,0.027777875002357177,1,2.0,8.0,16
MANN_a9,7,16,2551,0.027910459000850096,1,2.0,8.0,16
MANN_a9,8,16,668,0.027622583002084866,1,2.0,8.0,16
MANN_a9,9,16,1211,0.027970333001576364,1,2.0,8.0,16
MANN_a9,10,16,358,0.032468875011545606,1,2.0,8.0,16
MANN_a9,11,16,533,0.03097508300561458,1,2.0,8.0,16
MANN_a9,12,16,1360,0.028052833004039712,1,2.0,8.0,16
MANN_a9,13,16,804,0.027455750008812174,1,2.0,8.0,16
MANN_a9,14,16,3073,0.027290999991237186,1,2.0,8.0,16
MANN_a9,15,16,2015,0.027140040998347104,1,2.0,8.0,16
MANN_a9,16,16,226,0.02736495900899172,1,2.0,8.0,16
MANN_a9,17,16,184,0.027723332997993566,1,2.0,8.0,16
MANN_a9,18,16,2201,0.027607416996033862,1,2.0,8.0,16
MANN_a9,19,16,459,0.0273390410002321,1,2.0,8.0,16
MANN_a9,20,16,854,0.0274924999976065,1,2.0,8.0,16
MANN_a9,21,16,330,0.02745774999493733,1,2.0,8.0,16
MANN_a9,22,16,222,0.027576458000112325,1,2.0,8.0,16
MANN_a9,23,16,1310,0.028042042002198286,1,2.0,8.0,16
MANN_a9,24,16,324,0.029229874999145977,1,2.0,8.0,16
MANN_a9,25,16,190,0.028173582992167212,1,2.0,8.0,16
MANN_a9,26,16,205,0.02716208400670439,1,2.0,8.0,16
MANN_a9,27,16,737,0.02694566700665746,1,2.0,8.0,16
MANN_a9,28,16,318,0.027272791994619183,1,2.0,8.0,16
MANN_a9,29,16,374,0.028095250003389083,1,2.0,8.0,16
MANN_a9,30,16,313,0.02800695798941888,1,2.0,8.0,16
MANN_a9,31,16,4562,0.027970750001259148,1,2.0,8.0,16
MANN_a9,32,16,385,0.027644250003504567,1,2.0,8.0,16
MANN_a9,33,16,1048,0.027645000009215437,1,2.0,8.0,16
MANN_a9,34,16,111,0.027318791995639913,1,2.0,8.0,16
MANN_a9,35,16,889,0.027177334006410092,1,2.0,8.0,16
MANN_a9,36,16,161,0.02735699999902863,1,2.0,8.0,16
MANN_a9,37,16,3998,0.027177666997886263,1,2.0,8.0,16
MANN_a9,38,16,487,0.02698108299227897,1,2.0,8.0,16
MANN_a9,39,16,748,0.02708037500269711,1,2.0,8.0,16
MANN_a9,40,16,2327,0.02751608399557881,1,2.0,8.0,16
MANN_a9,41,16,1107,0.02775258300243877,1,2.0,8.0,16
MANN_a9,42,16,297,0.02742741600377485,1,2.0,8.0,16
MANN_a9,43,16,105,0.027374416997190565,1,2.0,8.0,16
MANN_a9,44,16,1131,0.027472625006339513,1,2.0,8.0,16
MANN_a9,45,16,448,0.02773458301089704,1,2.0,8.0,16
MANN_a9,46,16,3696,0.028012458002194762,1,2.0,8.0,16
MANN_a9,47,16,188,0.027650249990983866,1,2.0,8.0,16
MANN_a9,48,16,870,0.027893042002688162,1,2.0,8.0,16
MANN_a9,49,16,352,0.0278759170032572,1,2.0,8.0,16
MANN_a9,50,16,1128,0.02766074999817647,1,2.0,8.0,16
MANN_a9,51,16,261,0.027792875000159256,1,2.0,8.0,16
MANN_a9,52,16,1196,0.027771916997153312,1,2.0,8.0,16
MANN_a9,53,16,2599,0.027503292003530078,1,2.0,8.0,16
MANN_a9,54,16,1036,0.027320791996316984,1,2.0,8.0,16
MANN_a9,55,16,533,0.027619374988717027,1,2.0,8.0,16
MANN_a9,56,16,1248,0.027641207998385653,1,2.0,8.0,16
MANN_a9,57,16,2472,0.027193249989068136,1,2.0,8.0,16
MANN_a9,58,16,1282,0.026946958008920774,1,2.0,8.0,16
MANN_a9,59,16,1263,0.027400749997468665,1,2.0,8.0,16
MANN_a9,60,16,1371,0.027647084003547207,1,2.0,8.0,16
MANN_a9,61,16,114,0.027570874997763894,1,2.0,8.0,16
MANN_a9,62,16,643,0.027296499989461154,1,2.0,8.0,16
MANN_a9,63,16,998,0.027352124991011806,1,2.0,8.0,16
MANN_a9,64,16,631,0.027494041991303675,1,2.0,8.0,16
MANN_a9,65,16,2188,0.027581166999880224,1,2.0,8.0,16
MANN_a9,66,16,1551,0.027472292000311427,1,2.0,8.0,16
MANN_a9,67,16,617,0.027465375009342097,1,2.0,8.0,16
MANN_a9,68,16,2831,0.027452624999568798,1,2.0,8.0,16
MANN_a9,69,16,676,0.02749579200462904,1,2.0,8.0,16
MANN_a9,70,16,1029,0.027462999991257675,1,2.0,8.0,16
MANN_a9,71,16,712,0.027509040999575518,1,2.0,8.0,16
MANN_a9,72,16,1326,0.027760332988691516,1,2.0,8.0,16
MANN_a9,73,16,1489,0.027087499998742715,1,2.0,8.0,16
MANN_a9,74,16,4065,0.026979417001712136,1,2.0,8.0,16
MANN_a9,75,16,788,0.02708183399226982,1,2.0,8.0,16
MANN_a9,76,16,395,0.027575166008318774,1,2.0,8.0,16
MANN_a9,77,16,886,0.02785891700477805,1,2.0,8.0,16
MANN_a9,78,16,1291,0.027733041992178187,1,2.0,8.0,16
MANN_a9,79,16,205,0.02756933300406672,1,2.0,8.0,16
MANN_a9,80,16,391,0.027393417010898702,1,2.0,8.0,16
MANN_a9,81,16,1572,0.027442916994914412,1,2.0,8.0,16
MANN_a9,82,16,127,0.027468250002129935,1,2.0,8.0,16
MANN_a9,83,16,3789,0.0277004169911379,1,2.0,8.0,16
MANN_a9,84,16,1168,0.027499750009155832,1,2.0,8.0,16
MANN_a9,85,16,3144,0.027296540996758267,1,2.0,8.0,16
MANN_a9,86,16,546,0.02717800000391435,1,2.0,8.0,16
MANN_a9,87,16,1370,0.02697295800317079,1,2.0,8.0,16
MANN_a9,88,16,743,0.027238542010309175,1,2.0,8.0,16
MANN_a9,89,16,5709,0.02726362500106916,1,2.0,8.0,16
MANN_a9,90,16,426,0.027512582993949763,1,2.0,8.0,16
MANN_a9,91,16,393,0.02730958300526254,1,2.0,8.0,16
MANN_a9,92,16,1036,0.0275082080042921,1,2.0,8.0,16
MANN_a9,93,16,428,0.027513958993949927,1,2.0,8.0,16
MANN_a9,94,16,877,0.027545250006369315,1,2.0,8.0,16
MANN_a9,95,16,1581,0.027575625004828908,1,2.0,8.0,16
MANN_a9,96,16,1412,0.027302375005092472,1,2.0,8.0,16
MANN_a9,97,16,654,0.027000832997146063,1,2.0,8.0,16
MANN_a9,98,16,707,0.02680433398927562,1,2.0,8.0,16
MANN_a9,99,16,570,0.027175083989277482,1,2.0,8.0,16
brock200-4,0,16,247496,0.019332291994942352,1,2.0,8.0,17
brock200-4,1,16,508945,0.0196366250020219,1,2.0,8.0,17
brock200-4,2,16,298168,0.020560333010507748,1,2.0,8.0,17
brock200-4,3,16,339208,0.021278208994772285,1,2.0,8.0,17
brock200-4,4,16,305282,0.019466124998871237,1,2.0,8.0,17
brock200-4,5,15,4723,0.019064084001001902,1,2.0,8.0,17
brock200-4,6,16,450072,0.01917100000719074,1,2.0,8.0,17
brock200-4,7,16,174405,0.018775083008222282,1,2.0,8.0,17
brock200-4,8,16,380081,0.019044250002480112,1,2.0,8.0,17
brock200-4,9,16,291308,0.018796000003931113,1,2.0,8.0,17
brock200-4,10,16,128181,0.01876116699713748,1,2.0,8.0,17
brock200-4,11,15,119867,0.01900579099310562,1,2.0,8.0,17
brock200-4,12,16,90934,0.019049291004193947,1,2.0,8.0,17
brock200-4,13,16,403962,0.018834000002243556,1,2.0,8.0,17
brock200-4,14,16,410105,0.018768000009004027,1,2.0,8.0,17
brock200-4,15,16,166242,0.018890291001298465,1,2.0,8.0,17
brock200-4,16,16,307515,0.018870999992941506,1,2.0,8.0,17
brock200-4,17,16,491259,0.018953374994453043,1,2.0,8.0,17
brock200-4,18,16,380552,0.018975083003169857,1,2.0,8.0,17
brock200-4,19,16,597593,0.019053166004596278,1,2.0,8.0,17
brock200-4,20,16,154176,0.019266291987150908,1,2.0,8.0,17
brock200-4,21,16,328884,0.018931042010081,1,2.0,8.0,17
brock200-4,22,16,355781,0.01904437498888001,1,2.0,8.0,17
brock200-4,23,16,463720,0.019297291000839323,1,2.0,8.0,17
brock200-4,24,16,182806,0.019987958003184758,1,2.0,8.0,17
brock200-4,25,16,85873,0.019175958004780114,1,2.0,8.0,17
brock200-4,26,16,542980,0.01912037500005681,1,2.0,8.0,17
brock200-4,27,16,459433,0.019133249996230006,1,2.0,8.0,17
brock200-4,28,15,28644,0.01906641600362491,1,2.0,8.0,17
brock200-4,29,16,209579,0.019174708009813912,1,2.0,8.0,17
brock200-4,30,16,120836,0.019003374996827915,1,2.0,8.0,17
brock200-4,31,16,256771,0.01906954099831637,1,2.0,8.0,17
brock200-4,32,16,951348,0.019136542003252544,1,2.0,8.0,17
brock200-4,33,16,542252,0.019063457992160693,1,2.0,8.0,17
brock200-4,34,16,101889,0.01904229099454824,1,2.0,8.0,17
brock200-4,35,16,862956,0.019229625002481043,1,2.0,8.0,17
brock200-4,36,16,642875,0.019005916998139583,1,2.0,8.0,17
brock200-4,37,16,268122,0.01873791699472349,1,2.0,8.0,17
brock200-4,38,16,853253,0.01865995799016673,1,2.0,8.0,17
brock200-4,39,16,460488,0.01870666600007098,1,2.0,8.0,17
brock200-4,40,15,247779,0.01879129199369345,1,2.0,8.0,17
brock200-4,41,16,388682,0.01891220900870394,1,2.0,8.0,17
brock200-4,42,16,9640,0.01925554200715851,1,2.0,8.0,17
brock200-4,43,16,67512,0.019040667000808753,1,2.0,8.0,17
brock200-4,44,16,347368,0.019250707991886884,1,2.0,8.0,17
brock200-4,45,16,22527,0.019154375011567026,1,2.0,8.0,17
brock200-4,46,16,36889,0.019031833988265134,1,2.0,8.0,17
brock200-4,47,16,78548,0.0191894999879878,1,2.0,8.0,17
brock200-4,48,16,60951,0.019143875004374422,1,2.0,8.0,17
brock200-4,49,16,154293,0.019114082999294624,1,2.0,8.0,17
brock200-4,50,16,142983,0.019198458001483232,1,2.0,8.0,17
brock200-4,51,16,491232,0.01909420799347572,1,2.0,8.0,17
brock200-4,52,16,237909,0.019110209002974443,1,2.0,8.0,17
brock200-4,53,16,31535,0.019212250001146458,1,2.0,8.0,17
brock200-4,54,16,176743,0.018957332998979837,1,2.0,8.0,17
brock200-4,55,16,141191,0.018704125002841465,1,2.0,8.0,17
brock200-4,56,16,432255,0.01882912499422673,1,2.0,8.0,17
brock200-4,57,16,96678,0.018720959007623605,1,2.0,8.0,17
brock200-4,58,16,371908,0.01881366599991452,1,2.0,8.0,17
brock200-4,59,16,461700,0.01900529100385029,1,2.0,8.0,17
brock200-4,60,16,669414,0.018801041005644947,1,2.0,8.0,17
brock200-4,61,16,170735,0.018679665998206474,1,2.0,8.0,17
brock200-4,62,16,459127,0.01866637499188073,1,2.0,8.0,17
brock200-4,63,16,627157,0.018914125001174398,1,2.0,8.0,17
brock200-4,64,16,731716,0.018714916994213127,1,2.0,8.0,17
brock200-4,65,16,178323,0.018967374999192543,1,2.0,8.0,17
brock200-4,66,16,51238,0.01910933399631176,1,2.0,8.0,17
brock200-4,67,16,502209,0.01891520799836144,1,2.0,8.0,17
brock200-4,68,17,662980,0.019004499990842305,1,2.0,8.0,17
brock200-4,69,16,45162,0.019073000003118068,1,2.0,8.0,17
brock200-4,70,16,39111,0.018976416991790757,1,2.0,8.0,17
brock200-4,71,16,249699,0.019162958007655106,1,2.0,8.0,17
brock200-4,72,17,102905,0.018791958995279856,1,2.0,8.0,17
brock200-4,73,16,230715,0.018716125006903894,1,2.0,8.0,17
brock200-4,74,16,185697,0.018718332998105325,1,2.0,8.0,17
brock200-4,75,16,748254,0.018740958999842405,1,2.0,8.0,17
brock200-4,76,16,474083,0.018740291998255998,1,2.0,8.0,17
brock200-4,77,16,789134,0.01890399999683723,1,2.0,8.0,17
brock200-4,78,16,374014,0.019211583989090286,1,2.0,8.0,17
brock200-4,79,16,60481,0.019142917008139193,1,2.0,8.0,17
brock200-4,80,16,315317,0.019139791998895817,1,2.0,8.0,17
brock200-4,81,16,241662,0.019064624997554347,1,2.0,8.0,17
brock200-4,82,15,121013,0.019115875009447336,1,2.0,8.0,17
brock200-4,83,16,737186,0.019121833000099286,1,2.0,8.0,17
brock200-4,84,16,114838,0.018947749995277263,1,2.0,8.0,17
brock200-4,85,15,38008,0.018845290993340313,1,2.0,8.0,17
brock200-4,86,16,117670,0.01871324999956414,1,2.0,8.0,17
brock200-4,87,16,44614,0.01865445800649468,1,2.0,8.0,17
brock200-4,88,16,620274,0.018674874998396263,1,2.0,8.0,17
brock200-4,89,15,163582,0.018756625009700656,1,2.0,8.0,17
brock200-4,90,16,47985,0.019152124994434416,1,2.0,8.0,17
brock200-4,91,16,265844,0.019284167006844655,1,2.0,8.0,17
brock200-4,92,16,741104,0.01924808400508482,1,2.0,8.0,17
brock200-4,93,16,387980,0.019214957996155135,1,2.0,8.0,17
brock200-4,94,16,342621,0.019457417001831345,1,2.0,8.0,17
brock200-4,95,16,16235,0.019686083003762178,1,2.0,8.0,17
brock200-4,96,16,310008,0.020125457987887785,1,2.0,8.0,17
brock200-4,97,16,357637,0.019448916995315813,1,2.0,8.0,17
brock200-4,98,16,156055,0.019272457997431047,1,2.0,8.0,17
brock200-4,99,16,276248,0.019194416992831975,1,2.0,8.0,17
brock800_1,0,19,264541,0.019253209000453353,1,2.0,8.0,23
brock800_1,1,18,151293,0.019173749999026768,1,2.0,8.0,23
brock800_1,2,19,254978,0.018809083994710818,1,2.0,8.0,23
brock800_1,3,18,590535,0.019144666992360726,1,2.0,8.0,23
brock800_1,4,19,240340,0.01897162500245031,1,2.0,8.0,23
brock800_1,5,18,132924,0.019810124998912215,1,2.0,8.0,23
brock800_1,6,18,227803,0.018728708004346117,1,2.0,8.0,23
brock800_1,7,19,245133,0.01907724999182392,1,2.0,8.0,23
brock800_1,8,18,822202,0.018991999997524545,1,2.0,8.0,23
brock800_1,9,19,745603,0.01883137501135934,1,2.0,8.0,23
brock800_1,10,18,814128,0.01870874999440275,1,2.0,8.0,23
brock800_1,11,19,214201,0.018666124989977106,1,2.0,8.0,23
brock800_1,12,19,586608,0.018614790998981334,1,2.0,8.0,23
brock800_1,13,18,563189,0.018474999989848584,1,2.0,8.0,23
brock800_1,14,18,278501,0.01817724999273196,1,2.0,8.0,23
brock800_1,15,18,71470,0.01840749999973923,1,2.0,8.0,23
brock800_1,16,18,34010,0.01840083400020376,1,2.0,8.0,23
brock800_1,17,19,892739,0.018412083009025082,1,2.0,8.0,23
brock800_1,18,19,144357,0.01838804199360311,1,2.0,8.0,23
brock800_1,19,19,977968,0.01888395800779108,1,2.0,8.0,23
brock800_1,20,17,54621,0.019021250001969747,1,2.0,8.0,23
brock800_1,21,19,818010,0.018713874989771284,1,2.0,8.0,23
brock800_1,22,19,550696,0.01887295799679123,1,2.0,8.0,23
brock800_1,23,18,273540,0.018954375002067536,1,2.0,8.0,23
brock800_1,24,17,39185,0.018800332996761426,1,2.0,8.0,23
brock800_1,25,18,727267,0.01890287500282284,1,2.0,8.0,23
brock800_1,26,19,543270,0.019066374996327795,1,2.0,8.0,23
brock800_1,27,18,515607,0.018835333990864456,1,2.0,8.0,23
brock800_1,28,18,90364,0.019080457990639843,1,2.0,8.0,23
brock800_1,29,18,191753,0.01902558299480006,1,2.0,8.0,23
brock800_1,30,20,330746,0.019063291998463683,1,2.0,8.0,23
brock800_1,31,18,625653,0.01923091600474436,1,2.0,8.0,23
brock800_1,32,19,32665,0.019188749996828847,1,2.0,8.0,23
brock800_1,33,18,39030,0.018944708004710265,1,2.0,8.0,23
brock800_1,34,18,203082,0.019052040996029973,1,2.0,8.0,23
brock800_1,35,19,431205,0.018832791000022553,1,2.0,8.0,23
brock800_1,36,18,172479,0.018806749998475425,1,2.0,8.0,23
brock800_1,37,18,44312,0.018925541997305118,1,2.0,8.0,23
brock800_1,38,19,138981,0.01877233300183434,1,2.0,8.0,23
brock800_1,39,18,694536,0.018761500003165565,1,2.0,8.0,23
brock800_1,40,18,880426,0.019094292001682334,1,2.0,8.0,23
brock800_1,41,18,16763,0.018838375006453134,1,2.0,8.0,23
brock800_1,42,18,302975,0.019070249996730126,1,2.0,8.0,23
brock800_1,43,18,99341,0.018904874988947995,1,2.0,8.0,23
brock800_1,44,18,618405,0.019440333999227732,1,2.0,8.0,23
brock800_1,45,18,79367,0.01913662499282509,1,2.0,8.0,23
brock800_1,46,18,65410,0.018782125000143424,1,2.0,8.0,23
brock800_1,47,19,455469,0.018496624994440936,1,2.0,8.0,23
brock800_1,48,18,24899,0.01859087499906309,1,2.0,8.0,23
brock800_1,49,18,426879,0.01899445899471175,1,2.0,8.0,23
brock800_1,50,18,515193,0.019051916009630077,1,2.0,8.0,23
brock800_1,51,18,340401,0.018906875004176982,1,2.0,8.0,23
brock800_1,52,18,148776,0.01901216599799227,1,2.0,8.0,23
brock800_1,53,18,999312,0.018608166996273212,1,2.0,8.0,23
brock800_1,54,18,249341,0.018645332995220087,1,2.0,8.0,23
brock800_1,55,19,215711,0.01918812499206979,1,2.0,8.0,23
brock800_1,56,18,419622,0.018708499992499128,1,2.0,8.0,23
brock800_1,57,18,256201,0.01889258300070651,1,2.0,8.0,23
brock800_1,58,19,983879,0.01865983298921492,1,2.0,8.0,23
brock800_1,59,19,218349,0.01882129099976737,1,2.0,8.0,23
brock800_1,60,18,932620,0.01886920900142286,1,2.0,8.0,23
brock800_1,61,18,87340,0.019020874999114312,1,2.0,8.0,23
brock800_1,62,19,373279,0.01910991700424347,1,2.0,8.0,23
brock800_1,63,18,532032,0.01890791699406691,1,2.0,8.0,23
brock800_1,64,20,525796,0.018693165999138728,1,2.0,8.0,23
brock800_1,65,18,143198,0.0185434170125518,1,2.0,8.0,23
brock800_1,66,19,973081,0.029465665997122414,1,2.0,8.0,23
brock800_1,67,18,103929,0.04708183300681412,1,2.0,8.0,23
brock800_1,68,18,118249,0.06105479199322872,1,2.0,8.0,23
brock800_1,69,18,11574,0.1047919999982696,1,2.0,8.0,23
brock800_1,70,18,6008,0.022751832992071286,1,2.0,8.0,23
brock800_1,71,18,231259,0.02051016699988395,1,2.0,8.0,23
brock800_1,72,18,54818,0.02184641700296197,1,2.0,8.0,23
brock800_1,73,18,599769,0.02048083300178405,1,2.0,8.0,23
brock800_1,74,18,537589,0.02224995900178328,1,2.0,8.0,23
brock800_1,75,19,861520,0.02134387500700541,1,2.0,8.0,23
brock800_1,76,19,533395,0.02105366700561717,1,2.0,8.0,23
brock800_1,77,18,107459,0.03016320799360983,1,2.0,8.0,23
brock800_1,78,18,253703,0.02201545800198801,1,2.0,8.0,23
brock800_1,79,18,78763,0.020639750000555068,1,2.0,8.0,23
brock800_1,80,18,44938,0.019757542002480477,1,2.0,8.0,23
brock800_1,81,18,10692,0.020452500000828877,1,2.0,8.0,23
brock800_1,82,19,110835,0.01992074999725446,1,2.0,8.0,23
brock800_1,83,19,913601,0.020070416998350993,1,2.0,8.0,23
brock800_1,84,18,103729,0.020407000003615394,1,2.0,8.0,23
brock800_1,85,18,74209,0.019352667004568502,1,2.0,8.0,23
brock800_1,86,18,55549,0.019450082996627316,1,2.0,8.0,23
brock800_1,87,18,714235,0.01969558300334029,1,2.0,8.0,23
brock800_1,88,18,362523,0.019383042003028095,1,2.0,8.0,23
brock800_1,89,19,278422,0.01899870800843928,1,2.0,8.0,23
brock800_1,90,19,956471,0.019002125001861714,1,2.0,8.0,23
brock800_1,91,17,19434,0.01864212501095608,1,2.0,8.0,23
brock800_1,92,18,71345,0.01855791600246448,1,2.0,8.0,23
brock800_1,93,18,451477,0.019497707995469682,1,2.0,8.0,23
brock800_1,94,18,51629,0.019179916998837143,1,2.0,8.0,23
brock800_1,95,19,435260,0.018676916006370448,1,2.0,8.0,23
brock800_1,96,19,400384,0.01886304101208225,1,2.0,8.0,23
brock800_1,97,19,780533,0.018886416000896133,1,2.0,8.0,23
brock800_1,98,18,252306,0.019768792000832036,1,2.0,8.0,23
brock800_1,99,18,625849,0.020036166009958833,1,2.0,8.0,23
brock800_2,0,18,161261,0.0195452500047395,1,2.0,8.0,24
brock800_2,1,18,203236,0.019822541988105513,1,2.0,8.0,24
brock800_2,2,19,172620,0.021373916999436915,1,2.0,8.0,24
brock800_2,3,19,534972,0.02125204200274311,1,2.0,8.0,24
brock800_2,4,19,91826,0.02980645799834747,1,2.0,8.0,24
brock800_2,5,19,495468,0.019743124998058192,1,2.0,8.0,24
brock800_2,6,19,621199,0.01908562499738764,1,2.0,8.0,24
brock800_2,7,18,24249,0.019220624992158264,1,2.0,8.0,24
brock800_2,8,19,215827,0.019013209006516263,1,2.0,8.0,24
brock800_2,9,18,547238,0.01888074999442324,1,2.0,8.0,24
brock800_2,10,18,303819,0.019954832998337224,1,2.0,8.0,24
brock800_2,11,18,248044,0.0191945830010809,1,2.0,8.0,24
brock800_2,12,19,294315,0.019067541012191214,1,2.0,8.0,24
brock800_2,13,19,158114,0.01881962499464862,1,2.0,8.0,24
brock800_2,14,19,572898,0.0186254580039531,1,2.0,8.0,24
brock800_2,15,18,79608,0.01865324999380391,1,2.0,8.0,24
brock800_2,16,19,382207,0.020108166994759813,1,2.0,8.0,24
brock800_2,17,18,251212,0.02038962500228081,1,2.0,8.0,24
brock800_2,18,18,98203,0.02017912500014063,1,2.0,8.0,24
brock800_2,19,18,423750,0.019431082997471094,1,2.0,8.0,24
brock800_2,20,18,165154,0.01899166699149646,1,2.0,8.0,24
brock800_2,21,18,92543,0.019096165997325443,1,2.0,8.0,24
brock800_2,22,18,29327,0.018886542005930096,1,2.0,8.0,24
brock800_2,23,19,286087,0.018572834000224248,1,2.0,8.0,24
brock800_2,24,18,82507,0.018548374995589256,1,2.0,8.0,24
brock800_2,25,18,609760,0.01854245801223442,1,2.0,8.0,24
brock800_2,26,20,779834,0.018381874993792735,1,2.0,8.0,24
brock800_2,27,19,931560,0.019000542000867426,1,2.0,8.0,24
brock800_2,28,19,159188,0.01877733299625106,1,2.0,8.0,24
brock800_2,29,18,185808,0.018661417008843273,1,2.0,8.0,24
brock800_2,30,19,437678,0.019499000001815148,1,2.0,8.0,24
brock800_2,31,19,343925,0.020053916989127174,1,2.0,8.0,24
brock800_2,32,18,509373,0.01939870900241658,1,2.0,8.0,24
brock800_2,33,19,115687,0.02200470799289178,1,2.0,8.0,24
brock800_2,34,18,765465,0.020035375011502765,1,2.0,8.0,24
brock800_2,35,18,66715,0.01936145799118094,1,2.0,8.0,24
brock800_2,36,18,22720,0.019543957998394035,1,2.0,8.0,24
brock800_2,37,18,20098,0.019746374993701465,1,2.0,8.0,24
brock800_2,38,18,182756,0.019532416001311503,1,2.0,8.0,24
brock800_2,39,18,540205,0.018818750002537854,1,2.0,8.0,24
brock800_2,40,19,345666,0.019033459000638686,1,2.0,8.0,24
brock800_2,41,18,208111,0.019028665992664173,1,2.0,8.0,24
brock800_2,42,19,245883,0.01858074999472592,1,2.0,8.0,24
brock800_2,43,19,909495,0.018546416991739534,1,2.0,8.0,24
brock800_2,44,18,68522,0.0187818749982398,1,2.0,8.0,24
brock800_2,45,18,556335,0.018914166998001747,1,2.0,8.0,24
brock800_2,46,19,996167,0.019486709003103897,1,2.0,8.0,24
brock800_2,47,18,73655,0.019586416994570754,1,2.0,8.0,24
brock800_2,48,19,226252,0.01931391700054519,1,2.0,8.0,24
brock800_2,49,18,249899,0.019536291001713835,1,2.0,8.0,24
brock800_2,50,18,247336,0.01925129198934883,1,2.0,8.0,24
brock800_2,51,18,46725,0.019150207997881807,1,2.0,8.0,24
brock800_2,52,19,55867,0.019271500001195818,1,2.0,8.0,24
brock800_2,53,19,558285,0.019208167010219768,1,2.0,8.0,24
brock800_2,54,19,713357,0.019729291001567617,1,2.0,8.0,24
brock800_2,55,18,229184,0.019337999998242594,1,2.0,8.0,24
brock800_2,56,18,282098,0.019505790987750515,1,2.0,8.0,24
brock800_2,57,19,170577,0.019143666999298148,1,2.0,8.0,24
brock800_2,58,19,827499,0.018667832991923206,1,2.0,8.0,24
brock800_2,59,18,334984,0.018969540993566625,1,2.0,8.0,24
brock800_2,60,18,86942,0.018874707995564677,1,2.0,8.0,24
brock800_2,61,18,248628,0.018842041012248956,1,2.0,8.0,24
brock800_2,62,18,70139,0.018947749995277263,1,2.0,8.0,24
brock800_2,63,19,914573,0.018963708003866486,1,2.0,8.0,24
brock800_2,64,19,513918,0.01867291599046439,1,2.0,8.0,24
brock800_2,65,20,648980,0.018827624997356907,1,2.0,8.0,24
brock800_2,66,19,10870,0.018832917005056515,1,2.0,8.0,24
brock800_2,67,19,111458,0.018640042006154545,1,2.0,8.0,24
brock800_2,68,19,711708,0.01866470801178366,1,2.0,8.0,24
brock800_2,69,19,784681,0.018927749988506548,1,2.0,8.0,24
brock800_2,70,18,416738,0.018807375003234483,1,2.0,8.0,24
brock800_2,71,19,891412,0.018765000000712462,1,2.0,8.0,24
brock800_2,72,19,789251,0.018491957991500385,1,2.0,8.0,24
brock800_2,73,18,24324,0.018568125000456348,1,2.0,8.0,24
brock800_2,74,18,110135,0.018448874994646758,1,2.0,8.0,24
brock800_2,75,18,207808,0.018677999993087724,1,2.0,8.0,24
brock800_2,76,18,156159,0.01866487500956282,1,2.0,8.0,24
brock800_2,77,18,573015,0.01856658299220726,1,2.0,8.0,24
brock800_2,78,18,81184,0.018728707989794202,1,2.0,8.0,24
brock800_2,79,18,274245,0.018592666994663887,1,2.0,8.0,24
brock800_2,80,19,267813,0.01861274999100715,1,2.0,8.0,24
brock800_2,81,19,418783,0.018807540996931493,1,2.0,8.0,24
brock800_2,82,18,99884,0.018614917004015297,1,2.0,8.0,24
brock800_2,83,18,322348,0.018681624991586432,1,2.0,8.0,24
brock800_2,84,18,101658,0.018372041988186538,1,2.0,8.0,24
brock800_2,85,19,194996,0.01867099999799393,1,2.0,8.0,24
brock800_2,86,20,674881,0.01850824999564793,1,2.0,8.0,24
brock800_2,87,18,344587,0.019357290992047638,1,2.0,8.0,24
brock800_2,88,18,289487,0.01867145900905598,1,2.0,8.0,24
brock800_2,89,18,280817,0.01869500000611879,1,2.0,8.0,24
brock800_2,90,18,222341,0.018771208997350186,1,2.0,8.0,24
brock800_2,91,19,177886,0.019365165993804112,1,2.0,8.0,24
brock800_2,92,18,222905,0.01909183300449513,1,2.0,8.0,24
brock800_2,93,20,610311,0.019367000000784174,1,2.0,8.0,24
brock800_2,94,18,221079,0.019334416996571235,1,2.0,8.0,24
brock800_2,95,19,882328,0.019089875000645407,1,2.0,8.0,24
brock800_2,96,18,507644,0.019061333005083725,1,2.0,8.0,24
brock800_2,97,18,202260,0.019051708004553802,1,2.0,8.0,24
brock800_2,98,19,197068,0.01879762500175275,1,2.0,8.0,24
brock800_2,99,18,93130,0.018861083008232526,1,2.0,8.0,24
brock800_3,0,18,509071,0.01871291600400582,1,2.0,8.0,25
brock800_3,1,18,990125,0.01857791699876543,1,2.0,8.0,25
brock800_3,2,18,154799,0.019455333007499576,1,2.0,8.0,25
brock800_3,3,18,532692,0.019142083008773625,1,2.0,8.0,25
brock800_3,4,19,229861,0.018648500001290813,1,2.0,8.0,25
brock800_3,5,18,227139,0.018561042001238093,1,2.0,8.0,25
brock800_3,6,18,44763,0.018937083004857413,1,2.0,8.0,25
brock800_3,7,19,57332,0.01893591700354591,1,2.0,8.0,25
brock800_3,8,19,361169,0.018886833000578918,1,2.0,8.0,25
brock800_3,9,18,51447,0.018505000000004657,1,2.0,8.0,25
brock800_3,10,18,143201,0.01831829099683091,1,2.0,8.0,25
brock800_3,11,19,957083,0.018380166991846636,1,2.0,8.0,25
brock800_3,12,19,134713,0.018688709009438753,1,2.0,8.0,25
brock800_3,13,18,17751,0.018941208007163368,1,2.0,8.0,25
brock800_3,14,18,226021,0.01863454199337866,1,2.0,8.0,25
brock800_3,15,19,832813,0.01843933400232345,1,2.0,8.0,25
brock800_3,16,19,806413,0.01884295800118707,1,2.0,8.0,25
brock800_3,17,19,311262,0.018888958991738036,1,2.0,8.0,25
brock800_3,18,18,239797,0.01924587500980124,1,2.0,8.0,25
brock800_3,19,19,390711,0.018863457997213118,1,2.0,8.0,25
brock800_3,20,18,184984,0.018959875000291504,1,2.0,8.0,25
brock800_3,21,19,297998,0.0194802080077352,1,2.0,8.0,25
brock800_3,22,19,161759,0.01876295800320804,1,2.0,8.0,25
brock800_3,23,18,30197,0.01878362499701325,1,2.0,8.0,25
brock800_3,24,19,119904,0.018965166003908962,1,2.0,8.0,25
brock800_3,25,19,680813,0.018498415985959582,1,2.0,8.0,25
brock800_3,26,18,14795,0.018469957998604514,1,2.0,8.0,25
brock800_3,27,18,366109,0.01838212499569636,1,2.0,8.0,25
brock800_3,28,18,114374,0.019516792002832517,1,2.0,8.0,25
brock800_3,29,19,895541,0.019317416998092085,1,2.0,8.0,25
brock800_3,30,18,115320,0.019223792012780905,1,2.0,8.0,25
brock800_3,31,18,29635,0.018653749997611158,1,2.0,8.0,25
brock800_3,32,19,336381,0.018563541991170496,1,2.0,8.0,25
brock800_3,33,18,311090,0.018768084002658725,1,2.0,8.0,25
brock800_3,34,19,308701,0.01884358401002828,1,2.0,8.0,25
brock800_3,35,19,758761,0.01922958299110178,1,2.0,8.0,25
brock800_3,36,18,472553,0.019174291999661364,1,2.0,8.0,25
brock800_3,37,18,329205,0.018829499997082166,1,2.0,8.0,25
brock800_3,38,18,194098,0.018934874999104068,1,2.0,8.0,25
brock800_3,39,19,213545,0.018867542006773874,1,2.0,8.0,25
brock800_3,40,18,214979,0.018758584003080614,1,2.0,8.0,25
brock800_3,41,18,230510,0.01868054199439939,1,2.0,8.0,25
brock800_3,42,18,421315,0.0188303330069175,1,2.0,8.0,25
brock800_3,43,18,183527,0.018945374991744757,1,2.0,8.0,25
brock800_3,44,18,38033,0.01881762499397155,1,2.0,8.0,25
brock800_3,45,18,206780,0.018685167000512592,1,2.0,8.0,25
brock800_3,46,18,598087,0.018779749996610917,1,2.0,8.0,25
brock800_3,47,18,629132,0.020621832998585887,1,2.0,8.0,25
brock800_3,48,19,218606,0.023322250010096468,1,2.0,8.0,25
brock800_3,49,18,357987,0.019193957996321842,1,2.0,8.0,25
brock800_3,50,19,554601,0.018713208002736792,1,2.0,8.0,25
brock800_3,51,18,138522,0.01888633299677167,1,2.0,8.0,25
brock800_3,52,18,253743,0.018818249998730607,1,2.0,8.0,25
brock800_3,53,19,607873,0.018838207994122058,1,2.0,8.0,25
brock800_3,54,18,66605,0.01876116699713748,1,2.0,8.0,25
brock800_3,55,18,63532,0.019006833012099378,1,2.0,8.0,25
brock800_3,56,19,100889,0.018761667000944726,1,2.0,8.0,25
brock800_3,57,18,148481,0.01878470899828244,1,2.0,8.0,25
brock800_3,58,19,218676,0.01881958299782127,1,2.0,8.0,25
brock800_3,59,19,819826,0.018754000004264526,1,2.0,8.0,25
brock800_3,60,19,798873,0.01899616699665785,1,2.0,8.0,25
brock800_3,61,18,451039,0.019004417001269758,1,2.0,8.0,25
brock800_3,62,18,759783,0.018858208000892773,1,2.0,8.0,25
brock800_3,63,19,176926,0.01859462499851361,1,2.0,8.0,25
brock800_3,64,18,82073,0.01872520800679922,1,2.0,8.0,25
brock800_3,65,18,141940,0.018775624994304962,1,2.0,8.0,25
brock800_3,66,18,210576,0.018974708989844657,1,2.0,8.0,25
brock800_3,67,18,630026,0.018815292001818307,1,2.0,8.0,25
brock800_3,68,18,120749,0.018744667002465576,1,2.0,8.0,25
brock800_3,69,18,172055,0.018782375002047047,1,2.0,8.0,25
brock800_3,70,18,202843,0.01868300000205636,1,2.0,8.0,25
brock800_3,71,18,359731,0.018913583000539802,1,2.0,8.0,25
brock800_3,72,19,372763,0.019325916000525467,1,2.0,8.0,25
brock800_3,73,18,201924,0.01868583299801685,1,2.0,8.0,25
brock800_3,74,18,52596,0.019185915996786207,1,2.0,8.0,25
brock800_3,75,18,206461,0.018840749995433725,1,2.0,8.0,25
brock800_3,76,18,186184,0.019112000009045005,1,2.0,8.0,25
brock800_3,77,18,518688,0.01884112499828916,1,2.0,8.0,25
brock800_3,78,18,488199,0.018849000000045635,1,2.0,8.0,25
brock800_3,79,18,171533,0.018657916007214226,1,2.0,8.0,25
brock800_3,80,18,179180,0.018442500004312024,1,2.0,8.0,25
brock800_3,81,17,152750,0.018622333009261638,1,2.0,8.0,25
brock800_3,82,18,21874,0.018731582997133955,1,2.0,8.0,25
brock800_3,83,19,789743,0.018602583004394546,1,2.0,8.0,25
brock800_3,84,18,114106,0.01870612498896662,1,2.0,8.0,25
brock800_3,85,18,554261,0.019272459001513198,1,2.0,8.0,25
brock800_3,86,18,271259,0.018668666001758538,1,2.0,8.0,25
brock800_3,87,19,154970,0.018671500001801178,1,2.0,8.0,25
brock800_3,88,19,229350,0.01874245799263008,1,2.0,8.0,25
brock800_3,89,17,253412,0.01879016699967906,1,2.0,8.0,25
brock800_3,90,18,120085,0.018842166988179088,1,2.0,8.0,25
brock800_3,91,19,783356,0.019000666012289003,1,2.0,8.0,25
brock800_3,92,19,729889,0.018800457997713238,1,2.0,8.0,25
brock800_3,93,18,171369,0.018800042002112605,1,2.0,8.0,25
brock800_3,94,18,211160,0.018778375000692904,1,2.0,8.0,25
brock800_3,95,18,24488,0.01905399998940993,1,2.0,8.0,25
brock800_3,96,18,830677,0.019956874995841645,1,2.0,8.0,25
brock800_3,97,19,320855,0.019419165997533128,1,2.0,8.0,25
brock800_3,98,19,988299,0.019465042001684196,1,2.0,8.0,25
brock800_3,99,19,591376,0.019368875000509433,1,2.0,8.0,25
brock800_4,0,20,103059,0.019274124992080033,1,2.0,8.0,26
brock800_4,1,18,52002,0.018807665997883305,1,2.0,8.0,26
brock800_4,2,19,541156,0.019124416998238303,1,2.0,8.0,26
brock800_4,3,18,526005,0.019044708998990245,1,2.0,8.0,26
brock800_4,4,19,729460,0.01890691599692218,1,2.0,8.0,26
brock800_4,5,18,489828,0.01874433399643749,1,2.0,8.0,26
brock800_4,6,18,115529,0.019021083993720822,1,2.0,8.0,26
brock800_4,7,19,838114,0.018803290993673727,1,2.0,8.0,26
brock800_4,8,18,262286,0.018639540998265147,1,2.0,8.0,26
brock800_4,9,18,132242,0.018732374999672174,1,2.0,8.0,26
brock800_4,10,18,232715,0.018807375003234483,1,2.0,8.0,26
brock800_4,11,18,541805,0.01879045799432788,1,2.0,8.0,26
brock800_4,12,19,504175,0.018890958002884872,1,2.0,8.0,26
brock800_4,13,19,162878,0.018668833989067934,1,2.0,8.0,26
brock800_4,14,18,201083,0.01898620899009984,1,2.0,8.0,26
brock800_4,15,18,199896,0.01930858299601823,1,2.0,8.0,26
brock800_4,16,19,494248,0.018896082998253405,1,2.0,8.0,26
brock800_4,17,19,552119,0.018712916993536055,1,2.0,8.0,26
brock800_4,18,18,342699,0.01879983399703633,1,2.0,8.0,26
brock800_4,19,18,978368,0.018691249992116354,1,2.0,8.0,26
brock800_4,20,20,10128,0.018669375000172295,1,2.0,8.0,26
brock800_4,21,18,175964,0.01896045899775345,1,2.0,8.0,26
brock800_4,22,17,41858,0.019432291999692097,1,2.0,8.0,26
brock800_4,23,18,950887,0.01928483300434891,1,2.0,8.0,26
brock800_4,24,18,118268,0.019595749996369705,1,2.0,8.0,26
brock800_4,25,18,441016,0.018978833002620377,1,2.0,8.0,26
brock800_4,26,18,165320,0.019083833001786843,1,2.0,8.0,26
brock800_4,27,18,101790,0.019014666992006823,1,2.0,8.0,26
brock800_4,28,19,738323,0.019147958999383263,1,2.0,8.0,26
brock800_4,29,19,345757,0.0191635410010349,1,2.0,8.0,26
brock800_4,30,18,236080,0.021484375,1,2.0,8.0,26
brock800_4,31,19,936679,0.0190224580001086,1,2.0,8.0,26
brock800_4,32,18,104145,0.018744625005638227,1,2.0,8.0,26
brock800_4,33,18,529715,0.01867004099767655,1,2.0,8.0,26
brock800_4,34,19,439490,0.0187929579988122,1,2.0,8.0,26
brock800_4,35,18,279529,0.01871408299484756,1,2.0,8.0,26
brock800_4,36,19,712942,0.019052332994760945,1,2.0,8.0,26
brock800_4,37,18,79488,0.018930833000922576,1,2.0,8.0,26
brock800_4,38,18,55293,0.019018167004105635,1,2.0,8.0,26
brock800_4,39,18,466364,0.01895045899436809,1,2.0,8.0,26
brock800_4,40,19,212154,0.018793833995005116,1,2.0,8.0,26
brock800_4,41,20,136751,0.018793499999446794,1,2.0,8.0,26
brock800_4,42,18,69991,0.019001416003447957,1,2.0,8.0,26
brock800_4,43,19,393263,0.019003082998096943,1,2.0,8.0,26
brock800_4,44,18,341124,0.01902137500292156,1,2.0,8.0,26
brock800_4,45,18,223762,0.01880841699312441,1,2.0,8.0,26
brock800_4,46,19,701220,0.018631832994287834,1,2.0,8.0,26
brock800_4,47,20,437783,0.0188064999965718,1,2.0,8.0,26
brock800_4,48,18,476385,0.018950790996314026,1,2.0,8.0,26
brock800_4,49,18,131494,0.019003875000635162,1,2.0,8.0,26
brock800_4,50,18,627120,0.018877125010476448,1,2.0,8.0,26
brock800_4,51,19,321205,0.018571292006527074,1,2.0,8.0,26
brock800_4,52,18,310134,0.018793209004797973,1,2.0,8.0,26
brock800_4,53,18,579742,0.018789833004120737,1,2.0,8.0,26
brock800_4,54,18,211439,0.018871749998652376,1,2.0,8.0,26
brock800_4,55,19,864135,0.018800249992636964,1,2.0,8.0,26
brock800_4,56,18,837459,0.018932999999378808,1,2.0,8.0,26
brock800_4,57,19,46672,0.01872745899891015,1,2.0,8.0,26
brock800_4,58,19,205358,0.0187461669993354,1,2.0,8.0,26
brock800_4,59,19,130732,0.018702000001212582,1,2.0,8.0,26
brock800_4,60,18,63378,0.019155250003677793,1,2.0,8.0,26
brock800_4,61,18,289045,0.01869833299133461,1,2.0,8.0,26
brock800_4,62,18,94811,0.018858582989196293,1,2.0,8.0,26
brock800_4,63,18,259018,0.018567667008028366,1,2.0,8.0,26
brock800_4,64,19,577794,0.018845416998374276,1,2.0,8.0,26
brock800_4,65,18,618831,0.018913667008746415,1,2.0,8.0,26
brock800_4,66,19,235801,0.01892362500075251,1,2.0,8.0,26
brock800_4,67,18,102058,0.019231958998716436,1,2.0,8.0,26
brock800_4,68,18,176337,0.019086790998699144,1,2.0,8.0,26
brock800_4,69,19,33071,0.018731707998085767,1,2.0,8.0,26
brock800_4,70,19,133987,0.018849000000045635,1,2.0,8.0,26
brock800_4,71,18,109690,0.01891125000838656,1,2.0,8.0,26
brock800_4,72,19,643359,0.018802583013894036,1,2.0,8.0,26
brock800_4,73,19,422012,0.018870874991989695,1,2.0,8.0,26
brock800_4,74,19,189616,0.019049583992455155,1,2.0,8.0,26
brock800_4,75,18,298491,0.018870792002417147,1,2.0,8.0,26
brock800_4,76,18,524923,0.018754958000499755,1,2.0,8.0,26
brock800_4,77,18,56467,0.018687000003410503,1,2.0,8.0,26
brock800_4,78,19,853514,0.018647667006007396,1,2.0,8.0,26
brock800_4,79,20,930313,0.018776208002236672,1,2.0,8.0,26
brock800_4,80,18,216359,0.018682374997297302,1,2.0,8.0,26
brock800_4,81,19,381647,0.018579541996587068,1,2.0,8.0,26
brock800_4,82,18,140742,0.018653959006769583,1,2.0,8.0,26
brock800_4,83,18,464411,0.01891683301073499,1,2.0,8.0,26
brock800_4,84,19,389666,0.018970792007166892,1,2.0,8.0,26
brock800_4,85,18,83947,0.019442958990111947,1,2.0,8.0,26
brock800_4,86,19,588952,0.01907912499154918,1,2.0,8.0,26
brock800_4,87,18,831099,0.01909841700398829,1,2.0,8.0,26
brock800_4,88,19,880329,0.01909499999601394,1,2.0,8.0,26
brock800_4,89,18,324279,0.019169749997672625,1,2.0,8.0,26
brock800_4,90,18,483513,0.01945404100115411,1,2.0,8.0,26
brock800_4,91,18,236708,0.019605333000072278,1,2.0,8.0,26
brock800_4,92,18,287108,0.01958858300349675,1,2.0,8.0,26
brock800_4,93,19,69258,0.019543124988558702,1,2.0,8.0,26
brock800_4,94,18,739459,0.019602457992732525,1,2.0,8.0,26
brock800_4,95,18,172518,0.01968783298798371,1,2.0,8.0,26
brock800_4,96,20,631366,0.01931291600340046,1,2.0,8.0,26
brock800_4,97,18,345751,0.01922487499541603,1,2.0,8.0,26
brock800_4,98,19,143209,0.018932040999061428,1,2.0,8.0,26
brock800_4,99,18,626451,0.019106208012090065,1,2.0,8.0,26
c-fat200-1,0,10,543,0.0200294170062989,1,2.0,8.0,12
c-fat200-1,1,10,454,0.020197332996758632,1,2.0,8.0,12
c-fat200-1,2,12,667,0.020612124993931502,1,2.0,8.0,12
c-fat200-1,3,12,738020,0.020399707995238714,1,2.0,8.0,12
c-fat200-1,4,10,1541,0.02687033300753683,1,2.0,8.0,12
c-fat200-1,5,10,2202,0.038834125007269904,1,2.0,8.0,12
c-fat200-1,6,10,1227,0.022260209007072262,1,2.0,8.0,12
c-fat200-1,7,12,1361,0.021078584002680145,1,2.0,8.0,12
c-fat200-1,8,12,927,0.022628125007031485,1,2.0,8.0,12
c-fat200-1,9,12,2496,0.020336792003945448,1,2.0,8.0,12
c-fat200-1,10,12,2230,0.020191332994727418,1,2.0,8.0,12
c-fat200-1,11,10,1144,0.019717500006663613,1,2.0,8.0,12
c-fat200-1,12,12,1119,0.020015207992400974,1,2.0,8.0,12
c-fat200-1,13,12,1989,0.01992337500269059,1,2.0,8.0,12
c-fat200-1,14,10,848,0.019669041997985914,1,2.0,8.0,12
c-fat200-1,15,12,1050,0.019946333006373607,1,2.0,8.0,12
c-fat200-1,16,10,369,0.019627707995823584,1,2.0,8.0,12
c-fat200-1,17,12,9869,0.01993595898966305,1,2.0,8.0,12
c-fat200-1,18,10,2018,0.0190088750096038,1,2.0,8.0,12
c-fat200-1,19,12,975,0.019811834004940465,1,2.0,8.0,12
c-fat200-1,20,10,553,0.018818999989889562,1,2.0,8.0,12
c-fat200-1,21,10,1881,0.019021249987417832,1,2.0,8.0,12
c-fat200-1,22,11,459274,0.019135958995320834,1,2.0,8.0,12
c-fat200-1,23,12,687,0.019525583993527107,1,2.0,8.0,12
c-fat200-1,24,12,1011,0.0194382079935167,1,2.0,8.0,12
c-fat200-1,25,10,1926,0.01860424999904353,1,2.0,8.0,12
c-fat200-1,26,10,929,0.018763375002890825,1,2.0,8.0,12
c-fat200-1,27,10,2202,0.018994291007402353,1,2.0,8.0,12
c-fat200-1,28,10,306,0.018829499997082166,1,2.0,8.0,12
c-fat200-1,29,12,1722,0.01952266700391192,1,2.0,8.0,12
c-fat200-1,30,12,1423,0.01943795901024714,1,2.0,8.0,12
c-fat200-1,31,10,718,0.018731292002485134,1,2.0,8.0,12
c-fat200-1,32,10,789,0.018836249990272336,1,2.0,8.0,12
c-fat200-1,33,10,376,0.018813540998962708,1,2.0,8.0,12
c-fat200-1,34,12,286299,0.019564415997592732,1,2.0,8.0,12
c-fat200-1,35,10,1151,0.018767125002341345,1,2.0,8.0,12
c-fat200-1,36,11,981,0.019214374988223426,1,2.0,8.0,12
c-fat200-1,37,12,597,0.01953700000012759,1,2.0,8.0,12
c-fat200-1,38,12,1623,0.0196489579975605,1,2.0,8.0,12
c-fat200-1,39,12,1195,0.01969037498929538,1,2.0,8.0,12
c-fat200-1,40,10,873,0.018731874995864928,1,2.0,8.0,12
c-fat200-1,41,10,2384,0.01950529198802542,1,2.0,8.0,12
c-fat200-1,42,10,1780,0.019096666990662925,1,2.0,8.0,12
c-fat200-1,43,10,1258,0.019465042001684196,1,2.0,8.0,12
c-fat200-1,44,10,1097,0.01973008298955392,1,2.0,8.0,12
c-fat200-1,45,11,46514,0.019514166997396387,1,2.0,8.0,12
c-fat200-1,46,10,562,0.019347541994648054,1,2.0,8.0,12
c-fat200-1,47,10,576,0.018981249988428317,1,2.0,8.0,12
c-fat200-1,48,10,1221,0.018888083010097034,1,2.0,8.0,12
c-fat200-1,49,12,933,0.019599334002123214,1,2.0,8.0,12
c-fat200-1,50,12,867,0.019576583988964558,1,2.0,8.0,12
c-fat200-1,51,12,1110,0.019503125004121102,1,2.0,8.0,12
c-fat200-1,52,10,382,0.01920145799522288,1,2.0,8.0,12
c-fat200-1,53,12,1069,0.019446667007287033,1,2.0,8.0,12
c-fat200-1,54,12,968,0.019579915999202058,1,2.0,8.0,12
c-fat200-1,55,12,945,0.019528083998011425,1,2.0,8.0,12
c-fat200-1,56,10,490,0.01955850000376813,1,2.0,8.0,12
c-fat200-1,57,10,1299,0.018969500000821427,1,2.0,8.0,12
c-fat200-1,58,12,3046,0.019384750004974194,1,2.0,8.0,12
c-fat200-1,59,12,846,0.019449958999757655,1,2.0,8.0,12
c-fat200-1,60,12,1066,0.019710416003363207,1,2.0,8.0,12
c-fat200-1,61,12,1794,0.019908542002667673,1,2.0,8.0,12
c-fat200-1,62,12,704,0.01958679099334404,1,2.0,8.0,12
c-fat200-1,63,10,803,0.018835165989003144,1,2.0,8.0,12
c-fat200-1,64,10,1268,0.01898470800369978,1,2.0,8.0,12
c-fat200-1,65,11,804315,0.01901870900474023,1,2.0,8.0,12
c-fat200-1,66,12,689,0.01960954099195078,1,2.0,8.0,12
c-fat200-1,67,12,1508,0.01948904199525714,1,2.0,8.0,12
c-fat200-1,68,10,1282,0.018831708002835512,1,2.0,8.0,12
c-fat200-1,69,12,2167,0.019452874999842606,1,2.0,8.0,12
c-fat200-1,70,12,973,0.01930108299711719,1,2.0,8.0,12
c-fat200-1,71,12,3147,0.019638833007775247,1,2.0,8.0,12
c-fat200-1,72,12,1050,0.01985758299997542,1,2.0,8.0,12
c-fat200-1,73,10,680,0.01924620900535956,1,2.0,8.0,12
c-fat200-1,74,12,1764,0.01966595799603965,1,2.0,8.0,12
c-fat200-1,75,12,1210,0.019750249994103797,1,2.0,8.0,12
c-fat200-1,76,12,1442,0.019634875003248453,1,2.0,8.0,12
c-fat200-1,77,12,925,0.019831708996207453,1,2.0,8.0,12
c-fat200-1,78,12,989073,0.019426500002737157,1,2.0,8.0,12
c-fat200-1,79,10,973,0.01889099999971222,1,2.0,8.0,12
c-fat200-1,80,10,961,0.019120458004181273,1,2.0,8.0,12
c-fat200-1,81,12,305,0.019534125007339753,1,2.0,8.0,12
c-fat200-1,82,10,1054,0.019215417007217184,1,2.0,8.0,12
c-fat200-1,83,10,1573,0.018878957998822443,1,2.0,8.0,12
c-fat200-1,84,10,422,0.018691958000999875,1,2.0,8.0,12
c-fat200-1,85,10,1467,0.018695625010877848,1,2.0,8.0,12
c-fat200-1,86,12,1794,0.01968416600720957,1,2.0,8.0,12
c-fat200-1,87,12,2005,0.0196489579975605,1,2.0,8.0,12
c-fat200-1,88,10,785,0.018981540997629054,1,2.0,8.0,12
c-fat200-1,89,10,220,0.018997459003003314,1,2.0,8.0,12
c-fat200-1,90,10,671,0.01893904199823737,1,2.0,8.0,12
c-fat200-1,91,10,527,0.018988374999025837,1,2.0,8.0,12
c-fat200-1,92,12,314439,0.019435124995652586,1,2.0,8.0,12
c-fat200-1,93,12,1624,0.019651041002362035,1,2.0,8.0,12
c-fat200-1,94,12,487,0.019629582995548844,1,2.0,8.0,12
c-fat200-1,95,12,332495,0.019560207991162315,1,2.0,8.0,12
c-fat200-1,96,11,169278,0.01907904200197663,1,2.0,8.0,12
c-fat200-1,97,12,596,0.019647499997518025,1,2.0,8.0,12
c-fat200-1,98,12,984,0.019513166989781894,1,2.0,8.0,12
c-fat200-1,99,12,1432,0.01947566600574646,1,2.0,8.0,12
c-fat200-2,0,22,935,0.02285166700312402,1,2.0,8.0,24
c-fat200-2,1,22,584,0.02289866699720733,1,2.0,8.0,24
c-fat200-2,2,22,1518,0.02287475000775885,1,2.0,8.0,24
c-fat200-2,3,23,1263,0.023222417003125884,1,2.0,8.0,24
c-fat200-2,4,24,1443,0.023695208990829997,1,2.0,8.0,24
c-fat200-2,5,22,732,0.02299741600290872,1,2.0,8.0,24
c-fat200-2,6,23,3444,0.023476084010326304,1,2.0,8.0,24
c-fat200-2,7,23,2544,0.02311100000224542,1,2.0,8.0,24
c-fat200-2,8,22,1781,0.02263891600887291,1,2.0,8.0,24
c-fat200-2,9,22,552,0.022678084002109244,1,2.0,8.0,24
c-fat200-2,10,22,702,0.022780915998737328,1,2.0,8.0,24
c-fat200-2,11,22,1323,0.02259875000163447,1,2.0,8.0,24
c-fat200-2,12,22,1119,0.023135249997721985,1,2.0,8.0,24
c-fat200-2,13,22,2410,0.022984832990914583,1,2.0,8.0,24
c-fat200-2,14,22,2917,0.02286220899259206,1,2.0,8.0,24
c-fat200-2,15,22,2427,0.022794832999352366,1,2.0,8.0,24
c-fat200-2,16,23,3794,0.023200208001071587,1,2.0,8.0,24
c-fat200-2,17,22,422,0.023037749997456558,1,2.0,8.0,24
c-fat200-2,18,22,2235,0.02290683401224669,1,2.0,8.0,24
c-fat200-2,19,22,2767,0.02294604199414607,1,2.0,8.0,24
c-fat200-2,20,22,2336,0.022790500006522052,1,2.0,8.0,24
c-fat200-2,21,22,3227,0.023048249990097247,1,2.0,8.0,24
c-fat200-2,22,23,1855,0.02494870800001081,1,2.0,8.0,24
c-fat200-2,23,22,1324,0.025373290991410613,1,2.0,8.0,24
c-fat200-2,24,22,5738,0.025142500002402812,1,2.0,8.0,24
c-fat200-2,25,22,2549,0.023251334001543,1,2.0,8.0,24
c-fat200-2,26,22,2233,0.023591833989485167,1,2.0,8.0,24
c-fat200-2,27,23,1362,0.023226582998177037,1,2.0,8.0,24
c-fat200-2,28,22,908,0.02278108400059864,1,2.0,8.0,24
c-fat200-2,29,22,795,0.023092082992661744,1,2.0,8.0,24
c-fat200-2,30,22,2917,0.023625583009561524,1,2.0,8.0,24
c-fat200-2,31,23,1369,0.023202750002383254,1,2.0,8.0,24
c-fat200-2,32,22,1123,0.022829291003290564,1,2.0,8.0,24
c-fat200-2,33,22,904,0.022773292002966627,1,2.0,8.0,24
c-fat200-2,34,24,1432,0.02336233299865853,1,2.0,8.0,24
c-fat200-2,35,22,1046,0.022747417009668425,1,2.0,8.0,24
c-fat200-2,36,23,979,0.023046041998895817,1,2.0,8.0,24
c-fat200-2,37,22,1298,0.022865457998705097,1,2.0,8.0,24
c-fat200-2,38,22,3746,0.02274920800118707,1,2.0,8.0,24
c-fat200-2,39,22,2114,0.02276912498928141,1,2.0,8.0,24
c-fat200-2,40,23,1242,0.023661832994548604,1,2.0,8.0,24
c-fat200-2,41,22,2472,0.02299462500377558,1,2.0,8.0,24
c-fat200-2,42,22,2267,0.02294291599537246,1,2.0,8.0,24
c-fat200-2,43,22,1303,0.023049957992043346,1,2.0,8.0,24
c-fat200-2,44,22,957,0.023055582991219126,1,2.0,8.0,24
c-fat200-2,45,22,2170,0.022990832992945798,1,2.0,8.0,24
c-fat200-2,46,23,734,0.02340612500847783,1,2.0,8.0,24
c-fat200-2,47,24,1092,0.02358437499788124,1,2.0,8.0,24
c-fat200-2,48,22,4574,0.02266520900593605,1,2.0,8.0,24
c-fat200-2,49,22,2606,0.022783125008572824,1,2.0,8.0,24
c-fat200-2,50,22,2374,0.022878499992657453,1,2.0,8.0,24
c-fat200-2,51,22,1040,0.02274270799534861,1,2.0,8.0,24
c-fat200-2,52,22,2329,0.022729500007699244,1,2.0,8.0,24
c-fat200-2,53,22,1046,0.022892334003699943,1,2.0,8.0,24
c-fat200-2,54,22,3481,0.024200250001740642,1,2.0,8.0,24
c-fat200-2,55,22,1193,0.023889333999250084,1,2.0,8.0,24
c-fat200-2,56,24,1852,0.023570874996948987,1,2.0,8.0,24
c-fat200-2,57,22,3386,0.022996083993348293,1,2.0,8.0,24
c-fat200-2,58,22,544,0.022604874990065582,1,2.0,8.0,24
c-fat200-2,59,22,982,0.022686625001369976,1,2.0,8.0,24
c-fat200-2,60,22,3065,0.02281504099664744,1,2.0,8.0,24
c-fat200-2,61,22,1075,0.022660875009023584,1,2.0,8.0,24
c-fat200-2,62,22,1211,0.022658499990939163,1,2.0,8.0,24
c-fat200-2,63,24,1072,0.023784165998222306,1,2.0,8.0,24
c-fat200-2,64,22,1187,0.02292220799427014,1,2.0,8.0,24
c-fat200-2,65,22,1624,0.022708125005010515,1,2.0,8.0,24
c-fat200-2,66,22,1035,0.022916666988749057,1,2.0,8.0,24
c-fat200-2,67,22,1508,0.02271633299824316,1,2.0,8.0,24
c-fat200-2,68,22,1064,0.022691625010338612,1,2.0,8.0,24
c-fat200-2,69,22,932,0.02283279200491961,1,2.0,8.0,24
c-fat200-2,70,22,1912,0.022823000006610528,1,2.0,8.0,24
c-fat200-2,71,22,2912,0.022964332994888537,1,2.0,8.0,24
c-fat200-2,72,22,2071,0.02291958399291616,1,2.0,8.0,24
c-fat200-2,73,22,7589,0.022602332988753915,1,2.0,8.0,24
c-fat200-2,74,22,916,0.022968999997829087,1,2.0,8.0,24
c-fat200-2,75,22,825,0.02652837500500027,1,2.0,8.0,24
c-fat200-2,76,22,5960,0.023501916002715006,1,2.0,8.0,24
c-fat200-2,77,22,2525,0.02437208400806412,1,2.0,8.0,24
c-fat200-2,78,22,1364,0.023211666994029656,1,2.0,8.0,24
c-fat200-2,79,22,4805,0.02283883398922626,1,2.0,8.0,24
c-fat200-2,80,23,1316,0.023127499996917322,1,2.0,8.0,24
c-fat200-2,81,22,3413,0.022734333004336804,1,2.0,8.0,24
c-fat200-2,82,22,1453,0.02298237499780953,1,2.0,8.0,24
c-fat200-2,83,22,1980,0.022793666998040862,1,2.0,8.0,24
c-fat200-2,84,22,2116,0.022726082999724895,1,2.0,8.0,24
c-fat200-2,85,22,5096,0.022573957990971394,1,2.0,8.0,24
c-fat200-2,86,22,701,0.022701458001392893,1,2.0,8.0,24
c-fat200-2,87,22,5623,0.022582041987334378,1,2.0,8.0,24
c-fat200-2,88,22,1566,0.022727874995325692,1,2.0,8.0,24
c-fat200-2,89,22,2138,0.022569915992789902,1,2.0,8.0,24
c-fat200-2,90,22,4133,0.022667417011689395,1,2.0,8.0,24
c-fat200-2,91,22,1083,0.02285320901137311,1,2.0,8.0,24
c-fat200-2,92,23,3601,0.02316941700701136,1,2.0,8.0,24
c-fat200-2,93,22,2389,0.022844749997602776,1,2.0,8.0,24
c-fat200-2,94,22,2683,0.022833958006231114,1,2.0,8.0,24
c-fat200-2,95,23,564,0.022975083993515,1,2.0,8.0,24
c-fat200-2,96,24,1679,0.02340904100856278,1,2.0,8.0,24
c-fat200-2,97,22,2462,0.022874249989399686,1,2.0,8.0,24
c-fat200-2,98,22,2201,0.022843375001684763,1,2.0,8.0,24
c-fat200-2,99,22,894,0.022815749995061196,1,2.0,8.0,24
c-fat200-5,0,58,16358,0.03152783299447037,1,2.0,8.0,58
c-fat200-5,1,57,83614,0.03154674998950213,1,2.0,8.0,58
c-fat200-5,2,57,71766,0.031327584001701325,1,2.0,8.0,58
c-fat200-5,3,58,10393,0.03141545799735468,1,2.0,8.0,58
c-fat200-5,4,56,72363,0.031278791997465305,1,2.0,8.0,58
c-fat200-5,5,58,1079,0.03150920900225174,1,2.0,8.0,58
c-fat200-5,6,56,11151,0.031260666000889614,1,2.0,8.0,58
c-fat200-5,7,56,44733,0.03117970899620559,1,2.0,8.0,58
c-fat200-5,8,58,5890,0.03155666599923279,1,2.0,8.0,58
c-fat200-5,9,58,25107,0.03152195899747312,1,2.0,8.0,58
c-fat200-5,10,58,28298,0.0313927500101272,1,2.0,8.0,58
c-fat200-5,11,56,884,0.031175124997389503,1,2.0,8.0,58
c-fat200-5,12,56,857,0.031840791009017266,1,2.0,8.0,58
c-fat200-5,13,57,13385,0.03156683300039731,1,2.0,8.0,58
c-fat200-5,14,57,12803,0.031463666004128754,1,2.0,8.0,58
c-fat200-5,15,56,15626,0.031208041997160763,1,2.0,8.0,58
c-fat200-5,16,58,46394,0.03166454200982116,1,2.0,8.0,58
c-fat200-5,17,58,33195,0.031515292008407414,1,2.0,8.0,58
c-fat200-5,18,58,90839,0.032233207995886914,1,2.0,8.0,58
c-fat200-5,19,56,70427,0.03129745899059344,1,2.0,8.0,58
c-fat200-5,20,57,38559,0.031481792000704445,1,2.0,8.0,58
c-fat200-5,21,56,4889,0.031328708995715715,1,2.0,8.0,58
c-fat200-5,22,57,10070,0.031387750001158565,1,2.0,8.0,58
c-fat200-5,23,58,28677,0.0317125409928849,1,2.0,8.0,58
c-fat200-5,24,57,1638,0.03153608299908228,1,2.0,8.0,58
c-fat200-5,25,58,44860,0.03153325000312179,1,2.0,8.0,58
c-fat200-5,26,56,6540,0.031058499997016042,1,2.0,8.0,58
c-fat200-5,27,57,22514,0.03125374999945052,1,2.0,8.0,58
c-fat200-5,28,58,46995,0.03191308300301898,1,2.0,8.0,58
c-fat200-5,29,57,6524,0.03121679200557992,1,2.0,8.0,58
c-fat200-5,30,58,69996,0.031437833997188136,1,2.0,8.0,58
c-fat200-5,31,56,61965,0.03096745900984388,1,2.0,8.0,58
c-fat200-5,32,58,13269,0.03160199998819735,1,2.0,8.0,58
c-fat200-5,33,57,11105,0.031174207993899472,1,2.0,8.0,58
c-fat200-5,34,57,15390,0.031231375003699213,1,2.0,8.0,58
c-fat200-5,35,57,11797,0.03091820899862796,1,2.0,8.0,58
c-fat200-5,36,58,107706,0.03141475000302307,1,2.0,8.0,58
c-fat200-5,37,58,72708,0.03139758299221285,1,2.0,8.0,58
c-fat200-5,38,57,12920,0.03202187499846332,1,2.0,8.0,58
c-fat200-5,39,56,34347,0.03153395900153555,1,2.0,8.0,58
c-fat200-5,40,56,31972,0.03129795799031854,1,2.0,8.0,58
c-fat200-5,41,57,28285,0.03213604100164957,1,2.0,8.0,58
c-fat200-5,42,57,3582,0.03192808400490321,1,2.0,8.0,58
c-fat200-5,43,57,10693,0.031832624998060055,1,2.0,8.0,58
c-fat200-5,44,58,13099,0.03227145799610298,1,2.0,8.0,58
c-fat200-5,45,58,1179,0.03465104200586211,1,2.0,8.0,58
c-fat200-5,46,57,24224,0.031381958004203625,1,2.0,8.0,58
c-fat200-5,47,56,2172,0.030905334002454765,1,2.0,8.0,58
c-fat200-5,48,58,5172,0.03171345900045708,1,2.0,8.0,58
c-fat200-5,49,58,26310,0.03137379100371618,1,2.0,8.0,58
c-fat200-5,50,58,3726,0.03128287500294391,1,2.0,8.0,58
c-fat200-5,51,56,17183,0.030860875005600974,1,2.0,8.0,58
c-fat200-5,52,57,63479,0.031169333000434563,1,2.0,8.0,58
c-fat200-5,53,57,60143,0.030947500010370277,1,2.0,8.0,58
c-fat200-5,54,58,29732,0.031286208002711646,1,2.0,8.0,58
c-fat200-5,55,56,29973,0.030803874993580393,1,2.0,8.0,58
c-fat200-5,56,58,4345,0.031143000000156462,1,2.0,8.0,58
c-fat200-5,57,57,6376,0.031115458987187594,1,2.0,8.0,58
c-fat200-5,58,56,24766,0.03094829199835658,1,2.0,8.0,58
c-fat200-5,59,58,49016,0.03135162500257138,1,2.0,8.0,58
c-fat200-5,60,56,13976,0.030972334003308788,1,2.0,8.0,58
c-fat200-5,61,58,50252,0.03136600001016632,1,2.0,8.0,58
c-fat200-5,62,58,53887,0.031372041994472966,1,2.0,8.0,58
c-fat200-5,63,58,38193,0.031353041995316744,1,2.0,8.0,58
c-fat200-5,64,57,25196,0.031000292001408525,1,2.0,8.0,58
c-fat200-5,65,56,9368,0.030965749989263713,1,2.0,8.0,58
c-fat200-5,66,57,10042,0.03155087500636,1,2.0,8.0,58
c-fat200-5,67,58,4739,0.03161862499837298,1,2.0,8.0,58
c-fat200-5,68,56,6112,0.031158124998910353,1,2.0,8.0,58
c-fat200-5,69,57,33541,0.031419124992680736,1,2.0,8.0,58
c-fat200-5,70,58,32334,0.0316503750073025,1,2.0,8.0,58
c-fat200-5,71,58,5228,0.03158133300894406,1,2.0,8.0,58
c-fat200-5,72,58,31073,0.031638625005143695,1,2.0,8.0,58
c-fat200-5,73,58,44349,0.031186624997644685,1,2.0,8.0,58
c-fat200-5,74,57,54560,0.03132079199713189,1,2.0,8.0,58
c-fat200-5,75,57,13750,0.03150195800117217,1,2.0,8.0,58
c-fat200-5,76,58,23130,0.0316422500036424,1,2.0,8.0,58
c-fat200-5,77,56,35249,0.03134870900248643,1,2.0,8.0,58
c-fat200-5,78,57,12080,0.031483458005823195,1,2.0,8.0,58
c-fat200-5,79,58,16529,0.03144712500215974,1,2.0,8.0,58
c-fat200-5,80,57,13562,0.031430332994204946,1,2.0,8.0,58
c-fat200-5,81,58,25778,0.031458582991035655,1,2.0,8.0,58
c-fat200-5,82,57,43446,0.031366249997518025,1,2.0,8.0,58
c-fat200-5,83,58,123275,0.031410167008289136,1,2.0,8.0,58
c-fat200-5,84,56,72115,0.031030624988488853,1,2.0,8.0,58
c-fat200-5,85,57,155090,0.030995624998467974,1,2.0,8.0,58
c-fat200-5,86,58,14098,0.03130912499909755,1,2.0,8.0,58
c-fat200-5,87,57,109639,0.031703500004368834,1,2.0,8.0,58
c-fat200-5,88,58,69969,0.03153041598852724,1,2.0,8.0,58
c-fat200-5,89,58,20012,0.03172487499250565,1,2.0,8.0,58
c-fat200-5,90,56,11109,0.03104145899123978,1,2.0,8.0,58
c-fat200-5,91,58,23693,0.0316206669958774,1,2.0,8.0,58
c-fat200-5,92,56,47663,0.031084208007087,1,2.0,8.0,58
c-fat200-5,93,58,54669,0.031412958007422276,1,2.0,8.0,58
c-fat200-5,94,58,4239,0.03145141700224485,1,2.0,8.0,58
c-fat200-5,95,56,7764,0.031233708999934606,1,2.0,8.0,58
c-fat200-5,96,56,88952,0.031180833000689745,1,2.0,8.0,58
c-fat200-5,97,56,74221,0.031187667002086528,1,2.0,8.0,58
c-fat200-5,98,57,35499,0.03117970799212344,1,2.0,8.0,58
c-fat200-5,99,58,3184,0.03161554200050887,1,2.0,8.0,58
c-fat500-1,0,12,2691,0.019135750000714324,1,2.0,8.0,14
c-fat500-1,1,12,547,0.018969083001138642,1,2.0,8.0,14
c-fat500-1,2,14,4060,0.01971645900630392,1,2.0,8.0,14
c-fat500-1,3,14,1587,0.019593584001995623,1,2.0,8.0,14
c-fat500-1,4,12,3150,0.019236417007050477,1,2.0,8.0,14
c-fat500-1,5,14,4097,0.01970454199181404,1,2.0,8.0,14
c-fat500-1,6,12,4359,0.01903408399084583,1,2.0,8.0,14
c-fat500-1,7,12,3233,0.018954416998894885,1,2.0,8.0,14
c-fat500-1,8,12,1400,0.01895945900469087,1,2.0,8.0,14
c-fat500-1,9,12,3141,0.01909029200032819,1,2.0,8.0,14
c-fat500-1,10,12,1578,0.019306999995023943,1,2.0,8.0,14
c-fat500-1,11,12,4359,0.0191465420066379,1,2.0,8.0,14
c-fat500-1,12,14,5643,0.019750749997911043,1,2.0,8.0,14
c-fat500-1,13,12,4084,0.019408209001994692,1,2.0,8.0,14
c-fat500-1,14,12,4065,0.01933066600759048,1,2.0,8.0,14
c-fat500-1,15,14,2810,0.01924249999865424,1,2.0,8.0,14
c-fat500-1,16,12,4028,0.018953042002976872,1,2.0,8.0,14
c-fat500-1,17,12,5049,0.01893237499461975,1,2.0,8.0,14
c-fat500-1,18,12,4110,0.018884915989474393,1,2.0,8.0,14
c-fat500-1,19,14,4114,0.01953400000638794,1,2.0,8.0,14
c-fat500-1,20,14,2657,0.019396875009988435,1,2.0,8.0,14
c-fat500-1,21,12,903,0.01901699999871198,1,2.0,8.0,14
c-fat500-1,22,14,6010,0.01942904198949691,1,2.0,8.0,14
c-fat500-1,23,12,3036,0.018917666995548643,1,2.0,8.0,14
c-fat500-1,24,12,1379,0.01904129100148566,1,2.0,8.0,14
c-fat500-1,25,14,2049,0.01976187499531079,1,2.0,8.0,14
c-fat500-1,26,12,2806,0.019072833005338907,1,2.0,8.0,14
c-fat500-1,27,14,4397,0.019610375005868264,1,2.0,8.0,14
c-fat500-1,28,12,2499,0.019191333994967863,1,2.0,8.0,14
c-fat500-1,29,12,1900,0.018959707987960428,1,2.0,8.0,14
c-fat500-1,30,12,968,0.0190704580018064,1,2.0,8.0,14
c-fat500-1,31,12,2207,0.019083082996075973,1,2.0,8.0,14
c-fat500-1,32,12,1488,0.01916820800397545,1,2.0,8.0,14
c-fat500-1,33,12,8599,0.019129624997731298,1,2.0,8.0,14
c-fat500-1,34,14,7117,0.01990566699532792,1,2.0,8.0,14
c-fat500-1,35,12,2244,0.018925917000160553,1,2.0,8.0,14
c-fat500-1,36,12,3103,0.019289875010144897,1,2.0,8.0,14
c-fat500-1,37,13,4294,0.019486082994262688,1,2.0,8.0,14
c-fat500-1,38,12,2662,0.019016083009773865,1,2.0,8.0,14
c-fat500-1,39,12,1810,0.019355166994500905,1,2.0,8.0,14
c-fat500-1,40,12,2954,0.019158208000590093,1,2.0,8.0,14
c-fat500-1,41,12,1413,0.018947416989249177,1,2.0,8.0,14
c-fat500-1,42,12,2892,0.019035958001040854,1,2.0,8.0,14
c-fat500-1,43,14,6003,0.019764124997891486,1,2.0,8.0,14
c-fat500-1,44,14,3414,0.019741708994843066,1,2.0,8.0,14
c-fat500-1,45,12,4282,0.01913295801205095,1,2.0,8.0,14
c-fat500-1,46,14,2833,0.019767082994803786,1,2.0,8.0,14
c-fat500-1,47,12,3031,0.019082458995399065,1,2.0,8.0,14
c-fat500-1,48,14,8974,0.019955625000875443,1,2.0,8.0,14
c-fat500-1,49,12,914,0.019229041994549334,1,2.0,8.0,14
c-fat500-1,50,14,1548,0.01976579199254047,1,2.0,8.0,14
c-fat500-1,51,12,3662,0.019040875005885027,1,2.0,8.0,14
c-fat500-1,52,14,1426,0.019741958007216454,1,2.0,8.0,14
c-fat500-1,53,14,7250,0.019762833006097935,1,2.0,8.0,14
c-fat500-1,54,12,1307,0.01917679100006353,1,2.0,8.0,14
c-fat500-1,55,12,3137,0.01940979200298898,1,2.0,8.0,14
c-fat500-1,56,12,4119,0.01920970799983479,1,2.0,8.0,14
c-fat500-1,57,12,2836,0.01901575000374578,1,2.0,8.0,14
c-fat500-1,58,12,4370,0.018976209001266398,1,2.0,8.0,14
c-fat500-1,59,12,2545,0.01926708300015889,1,2.0,8.0,14
c-fat500-1,60,14,5784,0.019799625006271526,1,2.0,8.0,14
c-fat500-1,61,12,2224,0.019131499997456558,1,2.0,8.0,14
c-fat500-1,62,12,932,0.018907958990894258,1,2.0,8.0,14
c-fat500-1,63,12,3197,0.01910820799821522,1,2.0,8.0,14
c-fat500-1,64,14,1868,0.01983166600984987,1,2.0,8.0,14
c-fat500-1,65,14,3772,0.019770625003729947,1,2.0,8.0,14
c-fat500-1,66,12,3846,0.01915404200553894,1,2.0,8.0,14
c-fat500-1,67,14,4346,0.019754624998313375,1,2.0,8.0,14
c-fat500-1,68,14,1892,0.019695916009368375,1,2.0,8.0,14
c-fat500-1,69,12,2127,0.01900920800107997,1,2.0,8.0,14
c-fat500-1,70,14,1579,0.019734999994398095,1,2.0,8.0,14
c-fat500-1,71,12,4193,0.019084207990090363,1,2.0,8.0,14
c-fat500-1,72,12,1479,0.019135624999762513,1,2.0,8.0,14
c-fat500-1,73,14,2354,0.019707208004547283,1,2.0,8.0,14
c-fat500-1,74,13,1784,0.019449041996267624,1,2.0,8.0,14
c-fat500-1,75,14,2016,0.019644542000605725,1,2.0,8.0,14
c-fat500-1,76,12,1775,0.019057165991398506,1,2.0,8.0,14
c-fat500-1,77,12,2371,0.019115207993309014,1,2.0,8.0,14
c-fat500-1,78,12,3615,0.019094332994427532,1,2.0,8.0,14
c-fat500-1,79,12,2960,0.019038625003304332,1,2.0,8.0,14
c-fat500-1,80,12,5339,0.0190785420127213,1,2.0,8.0,14
c-fat500-1,81,12,5459,0.019237749991589226,1,2.0,8.0,14
c-fat500-1,82,12,1014,0.01901495800120756,1,2.0,8.0,14
c-fat500-1,83,12,2416,0.01907437499903608,1,2.0,8.0,14
c-fat500-1,84,12,6309,0.019082750004599802,1,2.0,8.0,14
c-fat500-1,85,12,1191,0.020248917004209943,1,2.0,8.0,14
c-fat500-1,86,12,1791,0.019052332994760945,1,2.0,8.0,14
c-fat500-1,87,12,1330,0.019152875000145286,1,2.0,8.0,14
c-fat500-1,88,14,1957,0.019902125000953674,1,2.0,8.0,14
c-fat500-1,89,12,2899,0.019360582999070175,1,2.0,8.0,14
c-fat500-1,90,12,3068,0.01935333300207276,1,2.0,8.0,14
c-fat500-1,91,12,3014,0.019308000002638437,1,2.0,8.0,14
c-fat500-1,92,14,3324,0.019867374998284504,1,2.0,8.0,14
c-fat500-1,93,12,3260,0.019136749993776903,1,2.0,8.0,14
c-fat500-1,94,12,6867,0.019325166998896748,1,2.0,8.0,14
c-fat500-1,95,12,2328,0.019160374999046326,1,2.0,8.0,14
c-fat500-1,96,12,2537,0.01916920900112018,1,2.0,8.0,14
c-fat500-1,97,12,5815,0.019166790996678174,1,2.0,8.0,14
c-fat500-1,98,12,2643,0.019103833998087794,1,2.0,8.0,14
c-fat500-1,99,13,3184,0.019463124990579672,1,2.0,8.0,14
c-fat500-2,0,26,4864,0.023644459011848085,1,2.0,8.0,26
c-fat500-2,1,24,5699,0.022556833006092347,1,2.0,8.0,26
c-fat500-2,2,26,4060,0.02323174999037292,1,2.0,8.0,26
c-fat500-2,3,26,8129,0.023299583001062274,1,2.0,8.0,26
c-fat500-2,4,26,1640,0.024236375000327826,1,2.0,8.0,26
c-fat500-2,5,26,3953,0.02332008400117047,1,2.0,8.0,26
c-fat500-2,6,24,4359,0.022806708002462983,1,2.0,8.0,26
c-fat500-2,7,24,3233,0.02283499999612104,1,2.0,8.0,26
c-fat500-2,8,24,5963,0.022929333004867658,1,2.0,8.0,26
c-fat500-2,9,26,1258,0.023491291009122506,1,2.0,8.0,26
c-fat500-2,10,24,1962,0.023139832992455922,1,2.0,8.0,26
c-fat500-2,11,24,9612,0.023090000002412125,1,2.0,8.0,26
c-fat500-2,12,26,2127,0.023697416996583343,1,2.0,8.0,26
c-fat500-2,13,25,4437,0.023270749996299855,1,2.0,8.0,26
c-fat500-2,14,26,6669,0.023308499992708676,1,2.0,8.0,26
c-fat500-2,15,24,3311,0.022898708004504442,1,2.0,8.0,26
c-fat500-2,16,24,11598,0.022825041000032797,1,2.0,8.0,26
c-fat500-2,17,26,5124,0.023387041001114994,1,2.0,8.0,26
c-fat500-2,18,26,5161,0.023280915993382223,1,2.0,8.0,26
c-fat500-2,19,26,6667,0.023305541995796375,1,2.0,8.0,26
c-fat500-2,20,26,3479,0.023717957999906503,1,2.0,8.0,26
c-fat500-2,21,24,7132,0.022853665999718942,1,2.0,8.0,26
c-fat500-2,22,24,5725,0.02293337500304915,1,2.0,8.0,26
c-fat500-2,23,24,4612,0.0227642499958165,1,2.0,8.0,26
c-fat500-2,24,24,3465,0.022934583001188003,1,2.0,8.0,26
c-fat500-2,25,26,4103,0.023463250006898306,1,2.0,8.0,26
c-fat500-2,26,24,2806,0.022677374989143573,1,2.0,8.0,26
c-fat500-2,27,26,4397,0.02319020799768623,1,2.0,8.0,26
c-fat500-2,28,24,7374,0.02261829200142529,1,2.0,8.0,26
c-fat500-2,29,24,2131,0.0227361249999376,1,2.0,8.0,26
c-fat500-2,30,26,5358,0.023409708999679424,1,2.0,8.0,26
c-fat500-2,31,24,9199,0.022805833999882452,1,2.0,8.0,26
c-fat500-2,32,25,2764,0.023082375002559274,1,2.0,8.0,26
c-fat500-2,33,24,11502,0.022656250002910383,1,2.0,8.0,26
c-fat500-2,34,24,8609,0.0229563339962624,1,2.0,8.0,26
c-fat500-2,35,26,2513,0.023484374993131496,1,2.0,8.0,26
c-fat500-2,36,26,3205,0.0235335839970503,1,2.0,8.0,26
c-fat500-2,37,25,4390,0.02303716698952485,1,2.0,8.0,26
c-fat500-2,38,26,6944,0.02366762500605546,1,2.0,8.0,26
c-fat500-2,39,24,2862,0.022528207991854288,1,2.0,8.0,26
c-fat500-2,40,26,3162,0.023326082999119535,1,2.0,8.0,26
c-fat500-2,41,24,2512,0.022850332999951206,1,2.0,8.0,26
c-fat500-2,42,26,3246,0.023374958007480018,1,2.0,8.0,26
c-fat500-2,43,26,7614,0.023745999991660938,1,2.0,8.0,26
c-fat500-2,44,26,5765,0.023637499994947575,1,2.0,8.0,26
c-fat500-2,45,24,4282,0.023012791003566235,1,2.0,8.0,26
c-fat500-2,46,26,7362,0.023440999997546896,1,2.0,8.0,26
c-fat500-2,47,26,3064,0.023529415993834846,1,2.0,8.0,26
c-fat500-2,48,26,11692,0.023457625007722527,1,2.0,8.0,26
c-fat500-2,49,24,2010,0.02305187500314787,1,2.0,8.0,26
c-fat500-2,50,26,17369,0.023254625004483387,1,2.0,8.0,26
c-fat500-2,51,24,3662,0.02263091699569486,1,2.0,8.0,26
c-fat500-2,52,26,5514,0.02342033300374169,1,2.0,8.0,26
c-fat500-2,53,26,10283,0.023492334003094584,1,2.0,8.0,26
c-fat500-2,54,24,4288,0.022668250006972812,1,2.0,8.0,26
c-fat500-2,55,26,2845,0.023258125002030283,1,2.0,8.0,26
c-fat500-2,56,26,5586,0.02334425000299234,1,2.0,8.0,26
c-fat500-2,57,24,8516,0.022721290995832533,1,2.0,8.0,26
c-fat500-2,58,26,8562,0.023256458996911533,1,2.0,8.0,26
c-fat500-2,59,24,2144,0.022720916007529013,1,2.0,8.0,26
c-fat500-2,60,26,20256,0.023941916995681822,1,2.0,8.0,26
c-fat500-2,61,26,14924,0.024445292001473717,1,2.0,8.0,26
c-fat500-2,62,24,6506,0.023100584003259428,1,2.0,8.0,26
c-fat500-2,63,24,10362,0.02270650000718888,1,2.0,8.0,26
c-fat500-2,64,26,12783,0.023349166993284598,1,2.0,8.0,26
c-fat500-2,65,26,3772,0.02345979200617876,1,2.0,8.0,26
c-fat500-2,66,24,6782,0.023001499997917563,1,2.0,8.0,26
c-fat500-2,67,26,8117,0.023441875004209578,1,2.0,8.0,26
c-fat500-2,68,26,6082,0.02325804199790582,1,2.0,8.0,26
c-fat500-2,69,24,2127,0.023004125003353693,1,2.0,8.0,26
c-fat500-2,70,26,2024,0.02360683400183916,1,2.0,8.0,26
c-fat500-2,71,24,3724,0.022808875000919215,1,2.0,8.0,26
c-fat500-2,72,24,1706,0.02322495900443755,1,2.0,8.0,26
c-fat500-2,73,26,3728,0.023537583998404443,1,2.0,8.0,26
c-fat500-2,74,25,3489,0.023045624999213032,1,2.0,8.0,26
c-fat500-2,75,26,2456,0.02350437499990221,1,2.0,8.0,26
c-fat500-2,76,26,1961,0.023458916999516077,1,2.0,8.0,26
c-fat500-2,77,24,9663,0.0227314590010792,1,2.0,8.0,26
c-fat500-2,78,26,8509,0.023784958000760525,1,2.0,8.0,26
c-fat500-2,79,26,4002,0.02340912500221748,1,2.0,8.0,26
c-fat500-2,80,26,8248,0.023311541008297354,1,2.0,8.0,26
c-fat500-2,81,26,10226,0.023763541990774684,1,2.0,8.0,26
c-fat500-2,82,24,3580,0.022820291997049935,1,2.0,8.0,26
c-fat500-2,83,26,20182,0.02370725000218954,1,2.0,8.0,26
c-fat500-2,84,26,8464,0.023556416999781504,1,2.0,8.0,26
c-fat500-2,85,24,1931,0.023103041006834246,1,2.0,8.0,26
c-fat500-2,86,24,2014,0.02292329199553933,1,2.0,8.0,26
c-fat500-2,87,24,1330,0.023012999998172745,1,2.0,8.0,26
c-fat500-2,88,26,2663,0.023779499999363907,1,2.0,8.0,26
c-fat500-2,89,24,2904,0.02320812499965541,1,2.0,8.0,26
c-fat500-2,90,26,8116,0.02390579199709464,1,2.0,8.0,26
c-fat500-2,91,24,20521,0.023045290989102796,1,2.0,8.0,26
c-fat500-2,92,26,22907,0.02345933299511671,1,2.0,8.0,26
c-fat500-2,93,24,15509,0.022877666997374035,1,2.0,8.0,26
c-fat500-2,94,24,3548,0.022972250008024275,1,2.0,8.0,26
c-fat500-2,95,24,3214,0.02409787499345839,1,2.0,8.0,26
c-fat500-2,96,26,2607,0.02459308400284499,1,2.0,8.0,26
c-fat500-2,97,26,5276,0.02488562499638647,1,2.0,8.0,26
c-fat500-2,98,26,2740,0.024702083988813683,1,2.0,8.0,26
c-fat500-2,99,26,2359,0.02468741699703969,1,2.0,8.0,26
c-fat500-5,0,62,154040,0.033185124993906356,1,2.0,8.0,64
c-fat500-5,1,62,79699,0.03348620799079072,1,2.0,8.0,64
c-fat500-5,2,64,24147,0.034166333003668115,1,2.0,8.0,64
c-fat500-5,3,62,71965,0.03330583299975842,1,2.0,8.0,64
c-fat500-5,4,62,290337,0.03341250000812579,1,2.0,8.0,64
c-fat500-5,5,62,92085,0.03394824999850243,1,2.0,8.0,64
c-fat500-5,6,62,75799,0.033871125007863156,1,2.0,8.0,64
c-fat500-5,7,62,52239,0.033950416996958666,1,2.0,8.0,64
c-fat500-5,8,62,114645,0.03368945799593348,1,2.0,8.0,64
c-fat500-5,9,64,267815,0.03400741599034518,1,2.0,8.0,64
c-fat500-5,10,63,98504,0.0337107079976704,1,2.0,8.0,64
c-fat500-5,11,63,21065,0.03401233300974127,1,2.0,8.0,64
c-fat500-5,12,62,115994,0.034012708987575024,1,2.0,8.0,64
c-fat500-5,13,63,147535,0.034040333004668355,1,2.0,8.0,64
c-fat500-5,14,62,108133,0.034311707990127616,1,2.0,8.0,64
c-fat500-5,15,64,35869,0.03430283299530856,1,2.0,8.0,64
c-fat500-5,16,62,90494,0.03379116699215956,1,2.0,8.0,64
c-fat500-5,17,64,222268,0.03416754098725505,1,2.0,8.0,64
c-fat500-5,18,62,166767,0.03459316599764861,1,2.0,8.0,64
c-fat500-5,19,62,107034,0.033244833000935614,1,2.0,8.0,64
c-fat500-5,20,62,94631,0.03345312499732245,1,2.0,8.0,64
c-fat500-5,21,62,351158,0.03405041700170841,1,2.0,8.0,64
c-fat500-5,22,62,200408,0.03247758399811573,1,2.0,8.0,64
c-fat500-5,23,64,8555,0.032581374995061196,1,2.0,8.0,64
c-fat500-5,24,62,338477,0.03226300000096671,1,2.0,8.0,64
c-fat500-5,25,62,2206,0.03250745798868593,1,2.0,8.0,64
c-fat500-5,26,64,219510,0.03288700000848621,1,2.0,8.0,64
c-fat500-5,27,64,525874,0.032359958000597544,1,2.0,8.0,64
c-fat500-5,28,62,74103,0.03227183400304057,1,2.0,8.0,64
c-fat500-5,29,63,14259,0.03217679201043211,1,2.0,8.0,64
c-fat500-5,30,62,85914,0.03236708299664315,1,2.0,8.0,64
c-fat500-5,31,64,88339,0.03286800000932999,1,2.0,8.0,64
c-fat500-5,32,62,105828,0.03223745799914468,1,2.0,8.0,64
c-fat500-5,33,62,47043,0.03234441600216087,1,2.0,8.0,64
c-fat500-5,34,64,182152,0.03304154101351742,1,2.0,8.0,64
c-fat500-5,35,64,378732,0.032522958994377404,1,2.0,8.0,64
c-fat500-5,36,62,192489,0.03231216699350625,1,2.0,8.0,64
c-fat500-5,37,63,225813,0.03322337499412242,1,2.0,8.0,64
c-fat500-5,38,62,333527,0.033129292001831345,1,2.0,8.0,64
c-fat500-5,39,62,133478,0.032625042003928684,1,2.0,8.0,64
c-fat500-5,40,62,105698,0.03203304100316018,1,2.0,8.0,64
c-fat500-5,41,62,379665,0.03251924998767208,1,2.0,8.0,64
c-fat500-5,42,64,274508,0.032729625003412366,1,2.0,8.0,64
c-fat500-5,43,64,27842,0.03313987501314841,1,2.0,8.0,64
c-fat500-5,44,62,361403,0.03251833400281612,1,2.0,8.0,64
c-fat500-5,45,62,146218,0.03258145900326781,1,2.0,8.0,64
c-fat500-5,46,62,18947,0.03249820799101144,1,2.0,8.0,64
c-fat500-5,47,63,215193,0.03273658300167881,1,2.0,8.0,64
c-fat500-5,48,64,227431,0.03314850000606384,1,2.0,8.0,64
c-fat500-5,49,62,27021,0.03278541601321194,1,2.0,8.0,64
c-fat500-5,50,62,20517,0.03233587498834822,1,2.0,8.0,64
c-fat500-5,51,62,114125,0.03257224999833852,1,2.0,8.0,64
c-fat500-5,52,64,147239,0.03263316700758878,1,2.0,8.0,64
c-fat500-5,53,64,223812,0.03265254199504852,1,2.0,8.0,64
c-fat500-5,54,63,112861,0.032232084005954675,1,2.0,8.0,64
c-fat500-5,55,62,120434,0.032221957997535355,1,2.0,8.0,64
c-fat500-5,56,62,175986,0.032085375001770444,1,2.0,8.0,64
c-fat500-5,57,62,83750,0.032052417009253986,1,2.0,8.0,64
c-fat500-5,58,62,174772,0.0323377500026254,1,2.0,8.0,64
c-fat500-5,59,62,480884,0.03209849999984726,1,2.0,8.0,64
c-fat500-5,60,62,29482,0.032203916998696513,1,2.0,8.0,64
c-fat500-5,61,64,58631,0.03263170899299439,1,2.0,8.0,64
c-fat500-5,62,63,103121,0.03212895800243132,1,2.0,8.0,64
c-fat500-5,63,63,188064,0.03211937501328066,1,2.0,8.0,64
c-fat500-5,64,62,47351,0.03217550000408664,1,2.0,8.0,64
c-fat500-5,65,62,26111,0.03219208300288301,1,2.0,8.0,64
c-fat500-5,66,62,52343,0.03251841700694058,1,2.0,8.0,64
c-fat500-5,67,62,12251,0.032553708006162196,1,2.0,8.0,64
c-fat500-5,68,64,649204,0.032598040997982025,1,2.0,8.0,64
c-fat500-5,69,62,3257,0.032125875004567206,1,2.0,8.0,64
c-fat500-5,70,64,110292,0.03252670800429769,1,2.0,8.0,64
c-fat500-5,71,62,6770,0.03211845800979063,1,2.0,8.0,64
c-fat500-5,72,62,252172,0.03215533400361892,1,2.0,8.0,64
c-fat500-5,73,62,85241,0.032141999996383674,1,2.0,8.0,64
c-fat500-5,74,63,84327,0.032604583000647835,1,2.0,8.0,64
c-fat500-5,75,62,39718,0.0324332919990411,1,2.0,8.0,64
c-fat500-5,76,62,129262,0.0321434590005083,1,2.0,8.0,64
c-fat500-5,77,62,106884,0.032213416998274624,1,2.0,8.0,64
c-fat500-5,78,64,27990,0.03258708299836144,1,2.0,8.0,64
c-fat500-5,79,62,142149,0.0319607499986887,1,2.0,8.0,64
c-fat500-5,80,62,393155,0.03227304200117942,1,2.0,8.0,64
c-fat500-5,81,62,12619,0.03221666700846981,1,2.0,8.0,64
c-fat500-5,82,62,23748,0.031977167003788054,1,2.0,8.0,64
c-fat500-5,83,62,48111,0.03238391700142529,1,2.0,8.0,64
c-fat500-5,84,62,255855,0.032108125000377186,1,2.0,8.0,64
c-fat500-5,85,62,89443,0.03227787499781698,1,2.0,8.0,64
c-fat500-5,86,64,80801,0.03255870900466107,1,2.0,8.0,64
c-fat500-5,87,62,296829,0.03215029199782293,1,2.0,8.0,64
c-fat500-5,88,62,155355,0.03246566699817777,1,2.0,8.0,64
c-fat500-5,89,62,20270,0.03220570899429731,1,2.0,8.0,64
c-fat500-5,90,62,33711,0.032290041010128334,1,2.0,8.0,64
c-fat500-5,91,62,5333,0.0324151249951683,1,2.0,8.0,64
c-fat500-5,92,63,82808,0.03234004200203344,1,2.0,8.0,64
c-fat500-5,93,62,97907,0.031812500004889444,1,2.0,8.0,64
c-fat500-5,94,62,152651,0.031711167001049034,1,2.0,8.0,64
c-fat500-5,95,64,173001,0.03250325001135934,1,2.0,8.0,64
c-fat500-5,96,62,188374,0.03185324999503791,1,2.0,8.0,64
c-fat500-5,97,62,18662,0.03205645800335333,1,2.0,8.0,64
c-fat500-5,98,62,69019,0.03231799999775831,1,2.0,8.0,64
c-fat500-5,99,63,13070,0.03223495901329443,1,2.0,8.0,64
dsjc125.5,0,10,245713,0.018820875004166737,1,2.0,8.0,10
dsjc125.5,1,10,145296,0.01864529200247489,1,2.0,8.0,10
dsjc125.5,2,10,92323,0.01894245900621172,1,2.0,8.0,10
dsjc125.5,3,10,30234,0.01929970900528133,1,2.0,8.0,10
dsjc125.5,4,10,309062,0.01893908299098257,1,2.0,8.0,10
dsjc125.5,5,10,88327,0.018764624997857027,1,2.0,8.0,10
dsjc125.5,6,10,58800,0.018950292011140846,1,2.0,8.0,10
dsjc125.5,7,10,2262,0.01882324999314733,1,2.0,8.0,10
dsjc125.5,8,10,97971,0.018862333992728963,1,2.0,8.0,10
dsjc125.5,9,10,314620,0.019153957997332327,1,2.0,8.0,10
dsjc125.5,10,10,103871,0.018970540986629203,1,2.0,8.0,10
dsjc125.5,11,10,24501,0.019008625007700175,1,2.0,8.0,10
dsjc125.5,12,10,131547,0.01928633399074897,1,2.0,8.0,10
dsjc125.5,13,10,203630,0.018972332996781915,1,2.0,8.0,10
dsjc125.5,14,10,228325,0.018897957997978665,1,2.0,8.0,10
dsjc125.5,15,10,25247,0.01910508300352376,1,2.0,8.0,10
dsjc125.5,16,10,21041,0.018875666995882057,1,2.0,8.0,10
dsjc125.5,17,10,68793,0.018872457992983982,1,2.0,8.0,10
dsjc125.5,18,10,5995,0.018938209002953954,1,2.0,8.0,10
dsjc125.5,19,10,371924,0.01893295800255146,1,2.0,8.0,10
dsjc125.5,20,10,55013,0.018928042001789436,1,2.0,8.0,10
dsjc125.5,21,10,169766,0.018834792004781775,1,2.0,8.0,10
dsjc125.5,22,10,20333,0.018986499999300577,1,2.0,8.0,10
dsjc125.5,23,10,247268,0.019052250005188398,1,2.0,8.0,10
dsjc125.5,24,10,61250,0.018992458004504442,1,2.0,8.0,10
dsjc125.5,25,10,100344,0.01889912500337232,1,2.0,8.0,10
dsjc125.5,26,10,110321,0.018917290988611057,1,2.0,8.0,10
dsjc125.5,27,10,78898,0.018945416013593785,1,2.0,8.0,10
dsjc125.5,28,10,92521,0.018978667008923367,1,2.0,8.0,10
dsjc125.5,29,10,182825,0.0190951669937931,1,2.0,8.0,10
dsjc125.5,30,10,52806,0.01931529099238105,1,2.0,8.0,10
dsjc125.5,31,10,25926,0.019378791010240093,1,2.0,8.0,10
dsjc125.5,32,10,24266,0.01906841700838413,1,2.0,8.0,10
dsjc125.5,33,10,14977,0.018856333001167513,1,2.0,8.0,10
dsjc125.5,34,10,354266,0.019054040996707045,1,2.0,8.0,10
dsjc125.5,35,10,133518,0.018996625003637746,1,2.0,8.0,10
dsjc125.5,36,10,373140,0.01903504198708106,1,2.0,8.0,10
dsjc125.5,37,10,76729,0.019018834005692042,1,2.0,8.0,10
dsjc125.5,38,10,160493,0.01887387500028126,1,2.0,8.0,10
dsjc125.5,39,10,346716,0.019039916005567648,1,2.0,8.0,10
dsjc125.5,40,10,57755,0.018953000006149523,1,2.0,8.0,10
dsjc125.5,41,10,12716,0.019144000005326234,1,2.0,8.0,10
dsjc125.5,42,10,9623,0.019079499994404614,1,2.0,8.0,10
dsjc125.5,43,10,158479,0.018897207992267795,1,2.0,8.0,10
dsjc125.5,44,10,312484,0.018990291995578445,1,2.0,8.0,10
dsjc125.5,45,10,1956,0.01899625000078231,1,2.0,8.0,10
dsjc125.5,46,10,220138,0.019179750001057982,1,2.0,8.0,10
dsjc125.5,47,10,11431,0.01911695799208246,1,2.0,8.0,10
dsjc125.5,48,10,73684,0.019210416998248547,1,2.0,8.0,10
dsjc125.5,49,10,28950,0.019109291999484412,1,2.0,8.0,10
dsjc125.5,50,10,180712,0.019187833997420967,1,2.0,8.0,10
dsjc125.5,51,10,296127,0.019411083005252294,1,2.0,8.0,10
dsjc125.5,52,10,231839,0.01911024999571964,1,2.0,8.0,10
dsjc125.5,53,10,81568,0.01919175000512041,1,2.0,8.0,10
dsjc125.5,54,10,153735,0.019350457994733006,1,2.0,8.0,10
dsjc125.5,55,10,3144,0.018995249993167818,1,2.0,8.0,10
dsjc125.5,56,10,146525,0.018828833010047674,1,2.0,8.0,10
dsjc125.5,57,10,31215,0.01892487499571871,1,2.0,8.0,10
dsjc125.5,58,10,43890,0.01895137499377597,1,2.0,8.0,10
dsjc125.5,59,10,30456,0.0189879999961704,1,2.0,8.0,10
dsjc125.5,60,10,206218,0.01903108299302403,1,2.0,8.0,10
dsjc125.5,61,10,234599,0.018914000000222586,1,2.0,8.0,10
dsjc125.5,62,10,52349,0.018838582996977493,1,2.0,8.0,10
dsjc125.5,63,10,237134,0.019153665998601355,1,2.0,8.0,10
dsjc125.5,64,10,132706,0.01904212500085123,1,2.0,8.0,10
dsjc125.5,65,10,533338,0.018975249986397102,1,2.0,8.0,10
dsjc125.5,66,10,3128,0.018952500002342276,1,2.0,8.0,10
dsjc125.5,67,10,367735,0.0188485410035355,1,2.0,8.0,10
dsjc125.5,68,10,195328,0.018854583002394065,1,2.0,8.0,10
dsjc125.5,69,10,253261,0.019179541006451473,1,2.0,8.0,10
dsjc125.5,70,10,45886,0.0191729159996612,1,2.0,8.0,10
dsjc125.5,71,10,14227,0.019170542000210844,1,2.0,8.0,10
dsjc125.5,72,10,44830,0.019023457993171178,1,2.0,8.0,10
dsjc125.5,73,10,33227,0.018968542004586197,1,2.0,8.0,10
dsjc125.5,74,10,65338,0.0191852919961093,1,2.0,8.0,10
dsjc125.5,75,10,151921,0.019078833996900357,1,2.0,8.0,10
dsjc125.5,76,10,129293,0.019040500003029592,1,2.0,8.0,10
dsjc125.5,77,10,176989,0.019080500002019107,1,2.0,8.0,10
dsjc125.5,78,10,124605,0.019054083997616544,1,2.0,8.0,10
dsjc125.5,79,10,223941,0.019073165996815078,1,2.0,8.0,10
dsjc125.5,80,10,85499,0.01948916699620895,1,2.0,8.0,10
dsjc125.5,81,10,149736,0.019332708994625136,1,2.0,8.0,10
dsjc125.5,82,10,125409,0.019207499994081445,1,2.0,8.0,10
dsjc125.5,83,10,3578,0.01900108299741987,1,2.0,8.0,10
dsjc125.5,84,10,9362,0.019000332991709,1,2.0,8.0,10
dsjc125.5,85,10,31618,0.018968916992889717,1,2.0,8.0,10
dsjc125.5,86,10,265077,0.019046749992412515,1,2.0,8.0,10
dsjc125.5,87,10,102246,0.019310749994474463,1,2.0,8.0,10
dsjc125.5,88,10,17513,0.01919962499232497,1,2.0,8.0,10
dsjc125.5,89,10,235592,0.019023000000743195,1,2.0,8.0,10
dsjc125.5,90,10,18045,0.019010165997315198,1,2.0,8.0,10
dsjc125.5,91,10,86939,0.01881279199733399,1,2.0,8.0,10
dsjc125.5,92,10,184498,0.018892082996899262,1,2.0,8.0,10
dsjc125.5,93,10,8056,0.019293333010864444,1,2.0,8.0,10
dsjc125.5,94,10,244789,0.01886729200487025,1,2.0,8.0,10
dsjc125.5,95,10,71463,0.018924791002064012,1,2.0,8.0,10
dsjc125.5,96,10,50762,0.01882974999898579,1,2.0,8.0,10
dsjc125.5,97,10,53365,0.018816333991708234,1,2.0,8.0,10
dsjc125.5,98,10,168860,0.018851834000088274,1,2.0,8.0,10
dsjc125.5,99,10,131363,0.018890374994953163,1,2.0,8.0,10
dsjc125.9,0,34,86364,0.023740749995340593,1,2.0,8.0,34
dsjc125.9,1,34,24905,0.0234596250083996,1,2.0,8.0,34
dsjc125.9,2,34,372302,0.02346616701106541,1,2.0,8.0,34
dsjc125.9,3,34,23492,0.02368025000032503,1,2.0,8.0,34
dsjc125.9,4,34,228333,0.023765000005369075,1,2.0,8.0,34
dsjc125.9,5,34,634713,0.023644707995117642,1,2.0,8.0,34
dsjc125.9,6,34,309476,0.02372612500039395,1,2.0,8.0,34
dsjc125.9,7,34,57115,0.0237074169999687,1,2.0,8.0,34
dsjc125.9,8,34,76775,0.023704833001829684,1,2.0,8.0,34
dsjc125.9,9,34,279684,0.023795417000656016,1,2.0,8.0,34
dsjc125.9,10,34,226893,0.02368683299573604,1,2.0,8.0,34
dsjc125.9,11,34,39451,0.023349790993961506,1,2.0,8.0,34
dsjc125.9,12,34,31065,0.023753667002893053,1,2.0,8.0,34
dsjc125.9,13,34,63767,0.02364912499615457,1,2.0,8.0,34
dsjc125.9,14,34,32352,0.023670457987464033,1,2.0,8.0,34
dsjc125.9,15,34,54573,0.02362312498735264,1,2.0,8.0,34
dsjc125.9,16,34,93746,0.02373491699108854,1,2.0,8.0,34
dsjc125.9,17,34,695879,0.0235785830009263,1,2.0,8.0,34
dsjc125.9,18,34,35738,0.02381129199056886,1,2.0,8.0,34
dsjc125.9,19,34,72427,0.023806333003449254,1,2.0,8.0,34
dsjc125.9,20,34,106801,0.0238952910003718,1,2.0,8.0,34
dsjc125.9,21,34,71399,0.023751833999995142,1,2.0,8.0,34
dsjc125.9,22,34,174802,0.023651666997466236,1,2.0,8.0,34
dsjc125.9,23,34,113378,0.023641958003281616,1,2.0,8.0,34
dsjc125.9,24,34,368432,0.023590249998960644,1,2.0,8.0,34
dsjc125.9,25,34,8065,0.023778250004397705,1,2.0,8.0,34
dsjc125.9,26,34,969008,0.023656334000406787,1,2.0,8.0,34
dsjc125.9,27,34,293291,0.023897708000731654,1,2.0,8.0,34
dsjc125.9,28,34,160283,0.02371220799977891,1,2.0,8.0,34
dsjc125.9,29,34,17424,0.023560083005577326,1,2.0,8.0,34
dsjc125.9,30,34,160019,0.023619208004674874,1,2.0,8.0,34
dsjc125.9,31,34,228478,0.023567124997498468,1,2.0,8.0,34
dsjc125.9,32,34,271359,0.023548083001514897,1,2.0,8.0,34
dsjc125.9,33,34,192014,0.02374512499955017,1,2.0,8.0,34
dsjc125.9,34,34,292138,0.023626959009561688,1,2.0,8.0,34
dsjc125.9,35,34,478073,0.023586750001413748,1,2.0,8.0,34
dsjc125.9,36,34,173745,0.02359579199401196,1,2.0,8.0,34
dsjc125.9,37,34,112251,0.023553624996566214,1,2.0,8.0,34
dsjc125.9,38,34,163569,0.023530207996373065,1,2.0,8.0,34
dsjc125.9,39,34,721011,0.023799374990630895,1,2.0,8.0,34
dsjc125.9,40,34,286755,0.02394258399726823,1,2.0,8.0,34
dsjc125.9,41,34,111882,0.023857249994762242,1,2.0,8.0,34
dsjc125.9,42,34,50671,0.023797083005774766,1,2.0,8.0,34
dsjc125.9,43,34,178430,0.023512291998486035,1,2.0,8.0,34
dsjc125.9,44,34,289964,0.023464084006263874,1,2.0,8.0,34
dsjc125.9,45,34,333515,0.02365358300448861,1,2.0,8.0,34
dsjc125.9,46,34,230787,0.023580583001603372,1,2.0,8.0,34
dsjc125.9,47,34,338586,0.023495791989262216,1,2.0,8.0,34
dsjc125.9,48,34,172446,0.023627791000762954,1,2.0,8.0,34
dsjc125.9,49,34,55067,0.023779540992109105,1,2.0,8.0,34
dsjc125.9,50,34,471322,0.024094583000987768,1,2.0,8.0,34
dsjc125.9,51,34,116968,0.023690291985985823,1,2.0,8.0,34
dsjc125.9,52,34,617637,0.023692540999036282,1,2.0,8.0,34
dsjc125.9,53,34,49076,0.023641958003281616,1,2.0,8.0,34
dsjc125.9,54,34,208576,0.02368308400036767,1,2.0,8.0,34
dsjc125.9,55,34,61121,0.02391304100456182,1,2.0,8.0,34
dsjc125.9,56,34,190644,0.023753458008286543,1,2.0,8.0,34
dsjc125.9,57,34,250514,0.02384550000715535,1,2.0,8.0,34
dsjc125.9,58,34,6640,0.023443625002983026,1,2.0,8.0,34
dsjc125.9,59,34,89623,0.023604041009093635,1,2.0,8.0,34
dsjc125.9,60,34,293590,0.02358233300037682,1,2.0,8.0,34
dsjc125.9,61,34,140298,0.023508792000939138,1,2.0,8.0,34
dsjc125.9,62,33,89503,0.0235862909903517,1,2.0,8.0,34
dsjc125.9,63,34,157275,0.023493125001550652,1,2.0,8.0,34
dsjc125.9,64,34,10432,0.023503000003984198,1,2.0,8.0,34
dsjc125.9,65,34,206992,0.02351433300646022,1,2.0,8.0,34
dsjc125.9,66,34,259870,0.02353170899732504,1,2.0,8.0,34
dsjc125.9,67,34,56143,0.023356292003882118,1,2.0,8.0,34
dsjc125.9,68,34,253347,0.023465332997147925,1,2.0,8.0,34
dsjc125.9,69,34,62189,0.02370537500246428,1,2.0,8.0,34
dsjc125.9,70,34,263907,0.023527000012109056,1,2.0,8.0,34
dsjc125.9,71,34,447657,0.02357504199608229,1,2.0,8.0,34
dsjc125.9,72,34,357808,0.02354645800369326,1,2.0,8.0,34
dsjc125.9,73,34,263269,0.023567957992781885,1,2.0,8.0,34
dsjc125.9,74,34,26452,0.02357858400500845,1,2.0,8.0,34
dsjc125.9,75,34,187811,0.02359166700625792,1,2.0,8.0,34
dsjc125.9,76,34,28526,0.0237524160038447,1,2.0,8.0,34
dsjc125.9,77,34,14573,0.024117124994518235,1,2.0,8.0,34
dsjc125.9,78,34,162201,0.023714834009297192,1,2.0,8.0,34
dsjc125.9,79,34,397694,0.023570709003251977,1,2.0,8.0,34
dsjc125.9,80,34,52223,0.023687666005571373,1,2.0,8.0,34
dsjc125.9,81,34,455483,0.02349849999882281,1,2.0,8.0,34
dsjc125.9,82,34,159873,0.023565708004753105,1,2.0,8.0,34
dsjc125.9,83,34,235056,0.023550708006951027,1,2.0,8.0,34
dsjc125.9,84,34,319674,0.023540499998489395,1,2.0,8.0,34
dsjc125.9,85,34,133536,0.02367104201402981,1,2.0,8.0,34
dsjc125.9,86,34,105367,0.023472207991289906,1,2.0,8.0,34
dsjc125.9,87,34,136279,0.023681749997194856,1,2.0,8.0,34
dsjc125.9,88,34,216184,0.023541707996628247,1,2.0,8.0,34
dsjc125.9,89,34,108421,0.02360249999037478,1,2.0,8.0,34
dsjc125.9,90,34,186816,0.023669415997574106,1,2.0,8.0,34
dsjc125.9,91,34,26130,0.023740582997561432,1,2.0,8.0,34
dsjc125.9,92,34,20029,0.023631874995771796,1,2.0,8.0,34
dsjc125.9,93,34,47906,0.023648249989491887,1,2.0,8.0,34
dsjc125.9,94,34,67542,0.02339862500957679,1,2.0,8.0,34
dsjc125.9,95,34,103144,0.023576666993903928,1,2.0,8.0,34
dsjc125.9,96,34,187957,0.023513708991231397,1,2.0,8.0,34
dsjc125.9,97,34,254685,0.023595082995598204,1,2.0,8.0,34
dsjc125.9,98,34,127395,0.023573042009957135,1,2.0,8.0,34
dsjc125.9,99,34,29195,0.02348908400745131,1,2.0,8.0,34
evil-N120-p98-chv12x10,0,20,1640,0.024138624998158775,1,2.0,8.0,20
evil-N120-p98-chv12x10,1,20,1110,0.02406291599618271,1,2.0,8.0,20
evil-N120-p98-chv12x10,2,20,390,0.024053125001955777,1,2.0,8.0,20
evil-N120-p98-chv12x10,3,20,158,0.023908000002847984,1,2.0,8.0,20
evil-N120-p98-chv12x10,4,20,493,0.02405433400417678,1,2.0,8.0,20
evil-N120-p98-chv12x10,5,20,846,0.023969374989974312,1,2.0,8.0,20
evil-N120-p98-chv12x10,6,20,223,0.02400616700469982,1,2.0,8.0,20
evil-N120-p98-chv12x10,7,20,673,0.023903791996417567,1,2.0,8.0,20
evil-N120-p98-chv12x10,8,20,256,0.02382312499685213,1,2.0,8.0,20
evil-N120-p98-chv12x10,9,20,2027,0.02400274999672547,1,2.0,8.0,20
evil-N120-p98-chv12x10,10,20,242,0.023946916000568308,1,2.0,8.0,20
evil-N120-p98-chv12x10,11,20,869,0.02405233299941756,1,2.0,8.0,20
evil-N120-p98-chv12x10,12,20,604,0.02391466699191369,1,2.0,8.0,20
evil-N120-p98-chv12x10,13,20,190,0.02398566600459162,1,2.0,8.0,20
evil-N120-p98-chv12x10,14,20,212,0.023931624993565492,1,2.0,8.0,20
evil-N120-p98-chv12x10,15,20,400,0.02401787499547936,1,2.0,8.0,20
evil-N120-p98-chv12x10,16,20,578,0.023835708998376504,1,2.0,8.0,20
evil-N120-p98-chv12x10,17,20,1960,0.02397174999350682,1,2.0,8.0,20
evil-N120-p98-chv12x10,18,20,1647,0.024039875002927147,1,2.0,8.0,20
evil-N120-p98-chv12x10,19,20,1090,0.023957958997925743,1,2.0,8.0,20
evil-N120-p98-chv12x10,20,20,623,0.02407600000151433,1,2.0,8.0,20
evil-N120-p98-chv12x10,21,20,651,0.024050332998740487,1,2.0,8.0,20
evil-N120-p98-chv12x10,22,20,2280,0.02418420799949672,1,2.0,8.0,20
evil-N120-p98-chv12x10,23,20,242,0.02402912499383092,1,2.0,8.0,20
evil-N120-p98-chv12x10,24,20,144,0.02421679100370966,1,2.0,8.0,20
evil-N120-p98-chv12x10,25,20,605,0.024234540993347764,1,2.0,8.0,20
evil-N120-p98-chv12x10,26,20,1411,0.024081249997834675,1,2.0,8.0,20
evil-N120-p98-chv12x10,27,20,285,0.024138541994034313,1,2.0,8.0,20
evil-N120-p98-chv12x10,28,20,1678,0.03068491700105369,1,2.0,8.0,20
evil-N120-p98-chv12x10,29,20,1204,0.048025291005615145,1,2.0,8.0,20
evil-N120-p98-chv12x10,30,20,685,0.038037249993067235,1,2.0,8.0,20
evil-N120-p98-chv12x10,31,20,1730,0.03699262499867473,1,2.0,8.0,20
evil-N120-p98-chv12x10,32,20,349,0.03322370900423266,1,2.0,8.0,20
evil-N120-p98-chv12x10,33,20,551,0.027857165987370536,1,2.0,8.0,20
evil-N120-p98-chv12x10,34,20,1828,0.02532200000132434,1,2.0,8.0,20
evil-N120-p98-chv12x10,35,20,345,0.024964000011095777,1,2.0,8.0,20
evil-N120-p98-chv12x10,36,20,143,0.024757459003012627,1,2.0,8.0,20
evil-N120-p98-chv12x10,37,20,458,0.024614250010927208,1,2.0,8.0,20
evil-N120-p98-chv12x10,38,20,597,0.024678417001268826,1,2.0,8.0,20
evil-N120-p98-chv12x10,39,20,1922,0.024567333006416447,1,2.0,8.0,20
evil-N120-p98-chv12x10,40,20,368,0.024393291998421773,1,2.0,8.0,20
evil-N120-p98-chv12x10,41,20,579,0.024438083011773415,1,2.0,8.0,20
evil-N120-p98-chv12x10,42,20,670,0.024187375005567446,1,2.0,8.0,20
evil-N120-p98-chv12x10,43,20,789,0.02467616699868813,1,2.0,8.0,20
evil-N120-p98-chv12x10,44,20,479,0.024584250000771135,1,2.0,8.0,20
evil-N120-p98-chv12x10,45,20,1321,0.023904250003397465,1,2.0,8.0,20
evil-N120-p98-chv12x10,46,20,696,0.023932958996738307,1,2.0,8.0,20
evil-N120-p98-chv12x10,47,20,73,0.023983541992492974,1,2.0,8.0,20
evil-N120-p98-chv12x10,48,20,3288,0.024096833003568463,1,2.0,8.0,20
evil-N120-p98-chv12x10,49,20,208,0.024061917007202283,1,2.0,8.0,20
evil-N120-p98-chv12x10,50,20,269,0.024135750005370937,1,2.0,8.0,20
evil-N120-p98-chv12x10,51,20,765,0.02416174999962095,1,2.0,8.0,20
evil-N120-p98-chv12x10,52,20,2527,0.024087500001769513,1,2.0,8.0,20
evil-N120-p98-chv12x10,53,20,1202,0.024193083998397924,1,2.0,8.0,20
evil-N120-p98-chv12x10,54,20,538,0.024059791991021484,1,2.0,8.0,20
evil-N120-p98-chv12x10,55,20,976,0.02455491598811932,1,2.0,8.0,20
evil-N120-p98-chv12x10,56,20,613,0.02429524999752175,1,2.0,8.0,20
evil-N120-p98-chv12x10,57,20,360,0.024126332995365374,1,2.0,8.0,20
evil-N120-p98-chv12x10,58,20,374,0.02405600000929553,1,2.0,8.0,20
evil-N120-p98-chv12x10,59,20,2049,0.024186167007428594,1,2.0,8.0,20
evil-N120-p98-chv12x10,60,20,222,0.024130042002070695,1,2.0,8.0,20
evil-N120-p98-chv12x10,61,20,627,0.024219333005021326,1,2.0,8.0,20
evil-N120-p98-chv12x10,62,20,415,0.024259958998300135,1,2.0,8.0,20
evil-N120-p98-chv12x10,63,20,1162,0.024091708997730166,1,2.0,8.0,20
evil-N120-p98-chv12x10,64,20,633,0.02396016700367909,1,2.0,8.0,20
evil-N120-p98-chv12x10,65,20,1155,0.024108375000650994,1,2.0,8.0,20
evil-N120-p98-chv12x10,66,20,294,0.024676707995240577,1,2.0,8.0,20
evil-N120-p98-chv12x10,67,20,550,0.024050416992395185,1,2.0,8.0,20
evil-N120-p98-chv12x10,68,20,712,0.02490354199835565,1,2.0,8.0,20
evil-N120-p98-chv12x10,69,20,517,0.024293291993672028,1,2.0,8.0,20
evil-N120-p98-chv12x10,70,20,882,0.02401850000023842,1,2.0,8.0,20
evil-N120-p98-chv12x10,71,20,1449,0.024099040994769894,1,2.0,8.0,20
evil-N120-p98-chv12x10,72,20,599,0.024064416997134686,1,2.0,8.0,20
evil-N120-p98-chv12x10,73,20,915,0.024028333005844615,1,2.0,8.0,20
evil-N120-p98-chv12x10,74,20,1147,0.02379487500002142,1,2.0,8.0,20
evil-N120-p98-chv12x10,75,20,135,0.02403370800311677,1,2.0,8.0,20
evil-N120-p98-chv12x10,76,20,428,0.023954457996296696,1,2.0,8.0,20
evil-N120-p98-chv12x10,77,20,334,0.0239802919968497,1,2.0,8.0,20
evil-N120-p98-chv12x10,78,20,171,0.023981083009857684,1,2.0,8.0,20
evil-N120-p98-chv12x10,79,20,1151,0.023860042012529448,1,2.0,8.0,20
evil-N120-p98-chv12x10,80,20,395,0.023863750000600703,1,2.0,8.0,20
evil-N120-p98-chv12x10,81,20,155,0.023984375002328306,1,2.0,8.0,20
evil-N120-p98-chv12x10,82,20,680,0.023986875006812625,1,2.0,8.0,20
evil-N120-p98-chv12x10,83,20,406,0.024005832994589582,1,2.0,8.0,20
evil-N120-p98-chv12x10,84,20,451,0.023833500003092922,1,2.0,8.0,20
evil-N120-p98-chv12x10,85,20,149,0.023908666989882477,1,2.0,8.0,20
evil-N120-p98-chv12x10,86,20,1667,0.023956709002959542,1,2.0,8.0,20
evil-N120-p98-chv12x10,87,20,671,0.02395662499475293,1,2.0,8.0,20
evil-N120-p98-chv12x10,88,20,1577,0.024003208003705367,1,2.0,8.0,20
evil-N120-p98-chv12x10,89,20,121,0.02422012499300763,1,2.0,8.0,20
evil-N120-p98-chv12x10,90,20,515,0.024119417008478194,1,2.0,8.0,20
evil-N120-p98-chv12x10,91,20,136,0.024024500002269633,1,2.0,8.0,20
evil-N120-p98-chv12x10,92,20,283,0.02384045798680745,1,2.0,8.0,20
evil-N120-p98-chv12x10,93,20,85,0.024003792001167312,1,2.0,8.0,20
evil-N120-p98-chv12x10,94,20,1615,0.023851709003793076,1,2.0,8.0,20
evil-N120-p98-chv12x10,95,20,153,0.02394608400936704,1,2.0,8.0,20
evil-N120-p98-chv12x10,96,20,227,0.023794958004145883,1,2.0,8.0,20
evil-N120-p98-chv12x10,97,20,595,0.024066875004791655,1,2.0,8.0,20
evil-N120-p98-chv12x10,98,20,434,0.023781291994964704,1,2.0,8.0,20
evil-N120-p98-chv12x10,99,20,192,0.023822874994948506,1,2.0,8.0,20
evil-N120-p98-myc5x24,0,48,199405,0.028202458008308895,1,2.0,8.0,48
evil-N120-p98-myc5x24,1,48,573640,0.028690082996035926,1,2.0,8.0,48
evil-N120-p98-myc5x24,2,48,98156,0.028572082999744453,1,2.0,8.0,48
evil-N120-p98-myc5x24,3,48,57491,0.02813458400487434,1,2.0,8.0,48
evil-N120-p98-myc5x24,4,48,91835,0.028338250005617738,1,2.0,8.0,48
evil-N120-p98-myc5x24,5,48,31575,0.02853904099902138,1,2.0,8.0,48
evil-N120-p98-myc5x24,6,48,30333,0.028439541987609118,1,2.0,8.0,48
evil-N120-p98-myc5x24,7,48,26991,0.028301167010795325,1,2.0,8.0,48
evil-N120-p98-myc5x24,8,48,64112,0.02824466700258199,1,2.0,8.0,48
evil-N120-p98-myc5x24,9,48,251985,0.028227167000295594,1,2.0,8.0,48
evil-N120-p98-myc5x24,10,48,162293,0.02797012499650009,1,2.0,8.0,48
evil-N120-p98-myc5x24,11,48,261200,0.028380582996760495,1,2.0,8.0,48
evil-N120-p98-myc5x24,12,48,101560,0.02836879200185649,1,2.0,8.0,48
evil-N120-p98-myc5x24,13,48,165572,0.028511374999652617,1,2.0,8.0,48
evil-N120-p98-myc5x24,14,48,118403,0.028503749999799766,1,2.0,8.0,48
evil-N120-p98-myc5x24,15,48,164104,0.028416417000698857,1,2.0,8.0,48
evil-N120-p98-myc5x24,16,48,580285,0.028289374997257255,1,2.0,8.0,48
evil-N120-p98-myc5x24,17,48,255735,0.028787999995984137,1,2.0,8.0,48
evil-N120-p98-myc5x24,18,48,22317,0.02835933299502358,1,2.0,8.0,48
evil-N120-p98-myc5x24,19,48,68554,0.028588833010871895,1,2.0,8.0,48
evil-N120-p98-myc5x24,20,48,61617,0.028263000000151806,1,2.0,8.0,48
evil-N120-p98-myc5x24,21,48,112095,0.028279707999899983,1,2.0,8.0,48
evil-N120-p98-myc5x24,22,48,246705,0.02815333299804479,1,2.0,8.0,48
evil-N120-p98-myc5x24,23,48,87859,0.029581458002212457,1,2.0,8.0,48
evil-N120-p98-myc5x24,24,48,203159,0.028726542004733346,1,2.0,8.0,48
evil-N120-p98-myc5x24,25,48,147759,0.028956041991477832,1,2.0,8.0,48
evil-N120-p98-myc5x24,26,48,80629,0.028709416001220234,1,2.0,8.0,48
evil-N120-p98-myc5x24,27,48,633935,0.029074915990349837,1,2.0,8.0,48
evil-N120-p98-myc5x24,28,48,194428,0.02893404199858196,1,2.0,8.0,48
evil-N120-p98-myc5x24,29,48,71284,0.028737874992657453,1,2.0,8.0,48
evil-N120-p98-myc5x24,30,48,110583,0.028947540995432064,1,2.0,8.0,48
evil-N120-p98-myc5x24,31,48,62764,0.028771541998139583,1,2.0,8.0,48
evil-N120-p98-myc5x24,32,48,16259,0.028795833000913262,1,2.0,8.0,48
evil-N120-p98-myc5x24,33,48,72172,0.028931125008966774,1,2.0,8.0,48
evil-N120-p98-myc5x24,34,48,6358,0.02864545899501536,1,2.0,8.0,48
evil-N120-p98-myc5x24,35,48,296448,0.028550957998959348,1,2.0,8.0,48
evil-N120-p98-myc5x24,36,48,734685,0.028369916006340645,1,2.0,8.0,48
evil-N120-p98-myc5x24,37,48,28813,0.02844733301026281,1,2.0,8.0,48
evil-N120-p98-myc5x24,38,48,332658,0.02869049999571871,1,2.0,8.0,48
evil-N120-p98-myc5x24,39,48,147820,0.028620291996048763,1,2.0,8.0,48
evil-N120-p98-myc5x24,40,48,215080,0.028503250010544434,1,2.0,8.0,48
evil-N120-p98-myc5x24,41,48,85114,0.02843537500302773,1,2.0,8.0,48
evil-N120-p98-myc5x24,42,48,109782,0.02852858300320804,1,2.0,8.0,48
evil-N120-p98-myc5x24,43,48,765811,0.02856808299839031,1,2.0,8.0,48
evil-N120-p98-myc5x24,44,48,100485,0.028342541001620702,1,2.0,8.0,48
evil-N120-p98-myc5x24,45,48,381320,0.02844595799979288,1,2.0,8.0,48
evil-N120-p98-myc5x24,46,48,532456,0.028613625006983057,1,2.0,8.0,48
evil-N120-p98-myc5x24,47,48,180632,0.028392999985953793,1,2.0,8.0,48
evil-N120-p98-myc5x24,48,48,105345,0.0283847499958938,1,2.0,8.0,48
evil-N120-p98-myc5x24,49,48,24591,0.02868474999559112,1,2.0,8.0,48
evil-N120-p98-myc5x24,50,48,918150,0.028473416998167522,1,2.0,8.0,48
evil-N120-p98-myc5x24,51,48,90359,0.028604250008356757,1,2.0,8.0,48
evil-N120-p98-myc5x24,52,48,141538,0.028835709003033116,1,2.0,8.0,48
evil-N120-p98-myc5x24,53,48,110658,0.028294750009081326,1,2.0,8.0,48
evil-N120-p98-myc5x24,54,48,26683,0.028187500007334165,1,2.0,8.0,48
evil-N120-p98-myc5x24,55,48,542002,0.02826070800074376,1,2.0,8.0,48
evil-N120-p98-myc5x24,56,48,46275,0.02848183299647644,1,2.0,8.0,48
evil-N120-p98-myc5x24,57,48,136028,0.028111542007536627,1,2.0,8.0,48
evil-N120-p98-myc5x24,58,48,153388,0.02814000000944361,1,2.0,8.0,48
evil-N120-p98-myc5x24,59,48,589783,0.02829683398886118,1,2.0,8.0,48
evil-N120-p98-myc5x24,60,48,26237,0.02843849999771919,1,2.0,8.0,48
evil-N120-p98-myc5x24,61,48,810839,0.02811745800136123,1,2.0,8.0,48
evil-N120-p98-myc5x24,62,48,215209,0.02816849999362603,1,2.0,8.0,48
evil-N120-p98-myc5x24,63,48,225834,0.028222291002748534,1,2.0,8.0,48
evil-N120-p98-myc5x24,64,48,10525,0.028103000004193746,1,2.0,8.0,48
evil-N120-p98-myc5x24,65,48,422728,0.0281058750115335,1,2.0,8.0,48
evil-N120-p98-myc5x24,66,48,107335,0.02819399999862071,1,2.0,8.0,48
evil-N120-p98-myc5x24,67,48,374609,0.028198458006954752,1,2.0,8.0,48
evil-N120-p98-myc5x24,68,48,202421,0.02862195899069775,1,2.0,8.0,48
evil-N120-p98-myc5x24,69,48,251148,0.028486458002589643,1,2.0,8.0,48
evil-N120-p98-myc5x24,70,48,243095,0.028354041001875885,1,2.0,8.0,48
evil-N120-p98-myc5x24,71,48,453024,0.02833558300335426,1,2.0,8.0,48
evil-N120-p98-myc5x24,72,48,132816,0.028123666997998953,1,2.0,8.0,48
evil-N120-p98-myc5x24,73,48,428314,0.028003125000395812,1,2.0,8.0,48
evil-N120-p98-myc5x24,74,48,116994,0.028343750003841706,1,2.0,8.0,48
evil-N120-p98-myc5x24,75,48,342366,0.028286417000344954,1,2.0,8.0,48
evil-N120-p98-myc5x24,76,48,104025,0.028193624995765276,1,2.0,8.0,48
evil-N120-p98-myc5x24,77,48,28855,0.028502583998488262,1,2.0,8.0,48
evil-N120-p98-myc5x24,78,48,270482,0.028078500006813556,1,2.0,8.0,48
evil-N120-p98-myc5x24,79,48,185330,0.0281083750014659,1,2.0,8.0,48
evil-N120-p98-myc5x24,80,48,142965,0.028695084009086713,1,2.0,8.0,48
evil-N120-p98-myc5x24,81,48,16885,0.028238292012247257,1,2.0,8.0,48
evil-N120-p98-myc5x24,82,48,633868,0.028533375007100403,1,2.0,8.0,48
evil-N120-p98-myc5x24,83,48,135231,0.028289959009271115,1,2.0,8.0,48
evil-N120-p98-myc5x24,84,48,986406,0.028150875004939735,1,2.0,8.0,48
evil-N120-p98-myc5x24,85,48,78845,0.028044250007951632,1,2.0,8.0,48
evil-N120-p98-myc5x24,86,48,64012,0.027915790997212753,1,2.0,8.0,48
evil-N120-p98-myc5x24,87,48,27373,0.02803016699908767,1,2.0,8.0,48
evil-N120-p98-myc5x24,88,48,763152,0.028022416998283006,1,2.0,8.0,48
evil-N120-p98-myc5x24,89,48,227305,0.028051917004631832,1,2.0,8.0,48
evil-N120-p98-myc5x24,90,48,162708,0.028028334010741673,1,2.0,8.0,48
evil-N120-p98-myc5x24,91,48,8442,0.0280387079983484,1,2.0,8.0,48
evil-N120-p98-myc5x24,92,48,431118,0.028430000005755574,1,2.0,8.0,48
evil-N120-p98-myc5x24,93,48,34265,0.02841312499367632,1,2.0,8.0,48
evil-N120-p98-myc5x24,94,48,220501,0.02791962499031797,1,2.0,8.0,48
evil-N120-p98-myc5x24,95,48,127723,0.02803766699798871,1,2.0,8.0,48
evil-N120-p98-myc5x24,96,48,374808,0.028154500003438443,1,2.0,8.0,48
evil-N120-p98-myc5x24,97,48,185668,0.02803495900298003,1,2.0,8.0,48
evil-N120-p98-myc5x24,98,48,195526,0.028347416999167763,1,2.0,8.0,48
evil-N120-p98-myc5x24,99,48,295122,0.027983417006907985,1,2.0,8.0,48
evil-N121-p98-myc11x11,0,22,1642,0.024394625012064353,1,2.0,8.0,22
evil-N121-p98-myc11x11,1,22,266,0.024315415997989476,1,2.0,8.0,22
evil-N121-p98-myc11x11,2,22,366,0.024249915994005278,1,2.0,8.0,22
evil-N121-p98-myc11x11,3,22,253,0.024614958005258814,1,2.0,8.0,22
evil-N121-p98-myc11x11,4,22,2662,0.024287374995765276,1,2.0,8.0,22
evil-N121-p98-myc11x11,5,22,210,0.024380791990552098,1,2.0,8.0,22
evil-N121-p98-myc11x11,6,22,1600,0.024308584004756995,1,2.0,8.0,22
evil-N121-p98-myc11x11,7,22,949,0.024303083002450876,1,2.0,8.0,22
evil-N121-p98-myc11x11,8,22,1059,0.0246259160048794,1,2.0,8.0,22
evil-N121-p98-myc11x11,9,22,290,0.02456391700252425,1,2.0,8.0,22
evil-N121-p98-myc11x11,10,22,782,0.02440816699527204,1,2.0,8.0,22
evil-N121-p98-myc11x11,11,22,1822,0.02451412500522565,1,2.0,8.0,22
evil-N121-p98-myc11x11,12,22,99,0.024386374992900528,1,2.0,8.0,22
evil-N121-p98-myc11x11,13,22,203,0.02429487500921823,1,2.0,8.0,22
evil-N121-p98-myc11x11,14,22,3003,0.02427391598757822,1,2.0,8.0,22
evil-N121-p98-myc11x11,15,22,396,0.024409416000708006,1,2.0,8.0,22
evil-N121-p98-myc11x11,16,22,3618,0.0243403339991346,1,2.0,8.0,22
evil-N121-p98-myc11x11,17,22,1539,0.02452933299355209,1,2.0,8.0,22
evil-N121-p98-myc11x11,18,22,2132,0.024747874995227903,1,2.0,8.0,22
evil-N121-p98-myc11x11,19,22,1063,0.024766583999735303,1,2.0,8.0,22
evil-N121-p98-myc11x11,20,22,1314,0.024493999997503124,1,2.0,8.0,22
evil-N121-p98-myc11x11,21,22,1081,0.024277999997138977,1,2.0,8.0,22
evil-N121-p98-myc11x11,22,22,356,0.024186333001125604,1,2.0,8.0,22
evil-N121-p98-myc11x11,23,22,483,0.024211083000409417,1,2.0,8.0,22
evil-N121-p98-myc11x11,24,22,972,0.02449533299659379,1,2.0,8.0,22
evil-N121-p98-myc11x11,25,22,1598,0.02452458300103899,1,2.0,8.0,22
evil-N121-p98-myc11x11,26,22,1394,0.024334415997145697,1,2.0,8.0,22
evil-N121-p98-myc11x11,27,22,3520,0.024350332998437807,1,2.0,8.0,22
evil-N121-p98-myc11x11,28,22,818,0.0248550419928506,1,2.0,8.0,22
evil-N121-p98-myc11x11,29,22,275,0.024470292002661154,1,2.0,8.0,22
evil-N121-p98-myc11x11,30,22,1244,0.024424209012067877,1,2.0,8.0,22
evil-N121-p98-myc11x11,31,22,1236,0.024258667006506585,1,2.0,8.0,22
evil-N121-p98-myc11x11,32,22,319,0.02443712500098627,1,2.0,8.0,22
evil-N121-p98-myc11x11,33,22,3116,0.024406750002526678,1,2.0,8.0,22
evil-N121-p98-myc11x11,34,22,1042,0.02476983300584834,1,2.0,8.0,22
evil-N121-p98-myc11x11,35,22,1133,0.024348792008822784,1,2.0,8.0,22
evil-N121-p98-myc11x11,36,22,791,0.024451457997201942,1,2.0,8.0,22
evil-N121-p98-myc11x11,37,22,1438,0.024358540991670452,1,2.0,8.0,22
evil-N121-p98-myc11x11,38,22,2789,0.02431487500143703,1,2.0,8.0,22
evil-N121-p98-myc11x11,39,22,2506,0.02414399999543093,1,2.0,8.0,22
evil-N121-p98-myc11x11,40,22,1037,0.024316541996086016,1,2.0,8.0,22
evil-N121-p98-myc11x11,41,22,1984,0.024394000007305294,1,2.0,8.0,22
evil-N121-p98-myc11x11,42,22,1223,0.024304291990119964,1,2.0,8.0,22
evil-N121-p98-myc11x11,43,22,257,0.02429445799498353,1,2.0,8.0,22
evil-N121-p98-myc11x11,44,22,629,0.024595459006377496,1,2.0,8.0,22
evil-N121-p98-myc11x11,45,22,209,0.02435820800019428,1,2.0,8.0,22
evil-N121-p98-myc11x11,46,22,269,0.024558707998949103,1,2.0,8.0,22
evil-N121-p98-myc11x11,47,22,3402,0.02418262501305435,1,2.0,8.0,22
evil-N121-p98-myc11x11,48,22,1690,0.024655040993820876,1,2.0,8.0,22
evil-N121-p98-myc11x11,49,22,727,0.024532208000891842,1,2.0,8.0,22
evil-N121-p98-myc11x11,50,22,1616,0.02418891699926462,1,2.0,8.0,22
evil-N121-p98-myc11x11,51,22,3747,0.024365207995288074,1,2.0,8.0,22
evil-N121-p98-myc11x11,52,22,933,0.024384542004554532,1,2.0,8.0,22
evil-N121-p98-myc11x11,53,22,620,0.024259832993266173,1,2.0,8.0,22
evil-N121-p98-myc11x11,54,22,318,0.024234208001871593,1,2.0,8.0,22
evil-N121-p98-myc11x11,55,22,716,0.024332916000275873,1,2.0,8.0,22
evil-N121-p98-myc11x11,56,22,1093,0.024398916997597553,1,2.0,8.0,22
evil-N121-p98-myc11x11,57,22,300,0.024502457992639393,1,2.0,8.0,22
evil-N121-p98-myc11x11,58,22,351,0.024432207996142097,1,2.0,8.0,22
evil-N121-p98-myc11x11,59,22,1810,0.024694332998478785,1,2.0,8.0,22
evil-N121-p98-myc11x11,60,22,1727,0.0243696659890702,1,2.0,8.0,22
evil-N121-p98-myc11x11,61,22,1530,0.02434483300021384,1,2.0,8.0,22
evil-N121-p98-myc11x11,62,22,769,0.02427716599777341,1,2.0,8.0,22
evil-N121-p98-myc11x11,63,22,795,0.024331167005584575,1,2.0,8.0,22
evil-N121-p98-myc11x11,64,22,549,0.02425099999527447,1,2.0,8.0,22
evil-N121-p98-myc11x11,65,22,852,0.024339417010196485,1,2.0,8.0,22
evil-N121-p98-myc11x11,66,22,184,0.024226084002293646,1,2.0,8.0,22
evil-N121-p98-myc11x11,67,22,843,0.024280416997498833,1,2.0,8.0,22
evil-N121-p98-myc11x11,68,22,1244,0.024223582993727177,1,2.0,8.0,22
evil-N121-p98-myc11x11,69,22,1712,0.024540958998841234,1,2.0,8.0,22
evil-N121-p98-myc11x11,70,22,1324,0.024290041998028755,1,2.0,8.0,22
evil-N121-p98-myc11x11,71,22,2339,0.024341915996046737,1,2.0,8.0,22
evil-N121-p98-myc11x11,72,22,2416,0.02436579199275002,1,2.0,8.0,22
evil-N121-p98-myc11x11,73,22,2968,0.024309665997861885,1,2.0,8.0,22
evil-N121-p98-myc11x11,74,22,889,0.02418000000761822,1,2.0,8.0,22
evil-N121-p98-myc11x11,75,22,761,0.024388916994212195,1,2.0,8.0,22
evil-N121-p98-myc11x11,76,22,382,0.02420929100480862,1,2.0,8.0,22
evil-N121-p98-myc11x11,77,22,1275,0.02445429199724458,1,2.0,8.0,22
evil-N121-p98-myc11x11,78,22,105,0.024456749990349635,1,2.0,8.0,22
evil-N121-p98-myc11x11,79,22,736,0.02442000000155531,1,2.0,8.0,22
evil-N121-p98-myc11x11,80,22,395,0.02420108299702406,1,2.0,8.0,22
evil-N121-p98-myc11x11,81,22,573,0.024143749993527308,1,2.0,8.0,22
evil-N121-p98-myc11x11,82,22,313,0.02420799998799339,1,2.0,8.0,22
evil-N121-p98-myc11x11,83,22,1118,0.024407250006333925,1,2.0,8.0,22
evil-N121-p98-myc11x11,84,22,1984,0.024292792004416697,1,2.0,8.0,22
evil-N121-p98-myc11x11,85,22,102,0.0242162499926053,1,2.0,8.0,22
evil-N121-p98-myc11x11,86,22,439,0.024093415995594114,1,2.0,8.0,22
evil-N121-p98-myc11x11,87,22,2108,0.024095666012726724,1,2.0,8.0,22
evil-N121-p98-myc11x11,88,22,780,0.02423208300024271,1,2.0,8.0,22
evil-N121-p98-myc11x11,89,22,4265,0.02424533299927134,1,2.0,8.0,22
evil-N121-p98-myc11x11,90,22,1164,0.024368458005483262,1,2.0,8.0,22
evil-N121-p98-myc11x11,91,22,631,0.02431783299834933,1,2.0,8.0,22
evil-N121-p98-myc11x11,92,22,1017,0.024357208007131703,1,2.0,8.0,22
evil-N121-p98-myc11x11,93,22,923,0.024325457998202182,1,2.0,8.0,22
evil-N121-p98-myc11x11,94,22,1427,0.024320750002516434,1,2.0,8.0,22
evil-N121-p98-myc11x11,95,22,734,0.02449937499477528,1,2.0,8.0,22
evil-N121-p98-myc11x11,96,22,950,0.0242888749926351,1,2.0,8.0,22
evil-N121-p98-myc11x11,97,22,1662,0.024239124992163852,1,2.0,8.0,22
evil-N121-p98-myc11x11,98,22,457,0.024395166008616798,1,2.0,8.0,22
evil-N121-p98-myc11x11,99,22,375,0.02419058300438337,1,2.0,8.0,22
evil-N125-p98-s3m25x5,0,20,360,0.022078041001805104,1,2.0,8.0,20
evil-N125-p98-s3m25x5,1,20,430,0.022105458003352396,1,2.0,8.0,20
evil-N125-p98-s3m25x5,2,20,1038,0.022079332993598655,1,2.0,8.0,20
evil-N125-p98-s3m25x5,3,20,1102,0.02201545800198801,1,2.0,8.0,20
evil-N125-p98-s3m25x5,4,20,1181,0.022031750006135553,1,2.0,8.0,20
evil-N125-p98-s3m25x5,5,20,1759,0.022212542011402547,1,2.0,8.0,20
evil-N125-p98-s3m25x5,6,20,2922,0.02207770799577702,1,2.0,8.0,20
evil-N125-p98-s3m25x5,7,20,1429,0.02193283299857285,1,2.0,8.0,20
evil-N125-p98-s3m25x5,8,20,768,0.02202908399340231,1,2.0,8.0,20
evil-N125-p98-s3m25x5,9,20,508,0.022023832992999814,1,2.0,8.0,20
evil-N125-p98-s3m25x5,10,20,1789,0.021976625008392148,1,2.0,8.0,20
evil-N125-p98-s3m25x5,11,20,1788,0.02215154100849759,1,2.0,8.0,20
evil-N125-p98-s3m25x5,12,20,715,0.02201966699794866,1,2.0,8.0,20
evil-N125-p98-s3m25x5,13,20,528,0.022012540997820906,1,2.0,8.0,20
evil-N125-p98-s3m25x5,14,20,968,0.022073375002946705,1,2.0,8.0,20
evil-N125-p98-s3m25x5,15,20,475,0.022014959002262913,1,2.0,8.0,20
evil-N125-p98-s3m25x5,16,20,1059,0.022060749994125217,1,2.0,8.0,20
evil-N125-p98-s3m25x5,17,20,233,0.022686416006763466,1,2.0,8.0,20
evil-N125-p98-s3m25x5,18,20,1501,0.0224555830063764,1,2.0,8.0,20
evil-N125-p98-s3m25x5,19,20,1457,0.021882874993025325,1,2.0,8.0,20
evil-N125-p98-s3m25x5,20,20,3556,0.0221249589958461,1,2.0,8.0,20
evil-N125-p98-s3m25x5,21,20,2528,0.02193595799326431,1,2.0,8.0,20
evil-N125-p98-s3m25x5,22,20,1157,0.021893584009376355,1,2.0,8.0,20
evil-N125-p98-s3m25x5,23,20,520,0.022017875002347864,1,2.0,8.0,20
evil-N125-p98-s3m25x5,24,20,439,0.021971208989270963,1,2.0,8.0,20
evil-N125-p98-s3m25x5,25,20,600,0.02203274999919813,1,2.0,8.0,20
evil-N125-p98-s3m25x5,26,20,1216,0.022154042002512142,1,2.0,8.0,20
evil-N125-p98-s3m25x5,27,20,644,0.022410667006624863,1,2.0,8.0,20
evil-N125-p98-s3m25x5,28,20,656,0.022278125004959293,1,2.0,8.0,20
evil-N125-p98-s3m25x5,29,20,2219,0.02218400000128895,1,2.0,8.0,20
evil-N125-p98-s3m25x5,30,20,587,0.02215312499902211,1,2.0,8.0,20
evil-N125-p98-s3m25x5,31,20,2551,0.02200308300962206,1,2.0,8.0,20
evil-N125-p98-s3m25x5,32,20,283,0.022030042004189454,1,2.0,8.0,20
evil-N125-p98-s3m25x5,33,20,2292,0.022053625012631528,1,2.0,8.0,20
evil-N125-p98-s3m25x5,34,20,306,0.02248779199726414,1,2.0,8.0,20
evil-N125-p98-s3m25x5,35,20,1032,0.022092415994848125,1,2.0,8.0,20
evil-N125-p98-s3m25x5,36,20,2411,0.022096166998380795,1,2.0,8.0,20
evil-N125-p98-s3m25x5,37,20,702,0.022004750004271045,1,2.0,8.0,20
evil-N125-p98-s3m25x5,38,20,1184,0.021918500002357177,1,2.0,8.0,20
evil-N125-p98-s3m25x5,39,20,442,0.022076000008382834,1,2.0,8.0,20
evil-N125-p98-s3m25x5,40,20,1620,0.02200500000617467,1,2.0,8.0,20
evil-N125-p98-s3m25x5,41,20,981,0.022524125000927597,1,2.0,8.0,20
evil-N125-p98-s3m25x5,42,20,831,0.022224667001864873,1,2.0,8.0,20
evil-N125-p98-s3m25x5,43,20,1270,0.022200416002306156,1,2.0,8.0,20
evil-N125-p98-s3m25x5,44,20,218,0.022180166997713968,1,2.0,8.0,20
evil-N125-p98-s3m25x5,45,20,2082,0.022055375011404976,1,2.0,8.0,20
evil-N125-p98-s3m25x5,46,20,682,0.022075749991927296,1,2.0,8.0,20
evil-N125-p98-s3m25x5,47,20,1843,0.02191970800049603,1,2.0,8.0,20
evil-N125-p98-s3m25x5,48,20,2554,0.022021334007149562,1,2.0,8.0,20
evil-N125-p98-s3m25x5,49,20,2206,0.022096625005360693,1,2.0,8.0,20
evil-N125-p98-s3m25x5,50,20,619,0.022238792007556185,1,2.0,8.0,20
evil-N125-p98-s3m25x5,51,20,927,0.02219895800226368,1,2.0,8.0,20
evil-N125-p98-s3m25x5,52,20,1028,0.022083749994635582,1,2.0,8.0,20
evil-N125-p98-s3m25x5,53,20,2429,0.02193766599521041,1,2.0,8.0,20
evil-N125-p98-s3m25x5,54,20,1142,0.021946708002360538,1,2.0,8.0,20
evil-N125-p98-s3m25x5,55,20,409,0.022177541002747603,1,2.0,8.0,20
evil-N125-p98-s3m25x5,56,20,1767,0.02196566700877156,1,2.0,8.0,20
evil-N125-p98-s3m25x5,57,20,749,0.022231125010875985,1,2.0,8.0,20
evil-N125-p98-s3m25x5,58,20,610,0.022528458997840062,1,2.0,8.0,20
evil-N125-p98-s3m25x5,59,20,3105,0.02209483399929013,1,2.0,8.0,20
evil-N125-p98-s3m25x5,60,20,332,0.021979249999276362,1,2.0,8.0,20
evil-N125-p98-s3m25x5,61,20,1089,0.022102707996964455,1,2.0,8.0,20
evil-N125-p98-s3m25x5,62,20,2091,0.02216341599705629,1,2.0,8.0,20
evil-N125-p98-s3m25x5,63,20,498,0.022005624996381812,1,2.0,8.0,20
evil-N125-p98-s3m25x5,64,20,853,0.022236250006244518,1,2.0,8.0,20
evil-N125-p98-s3m25x5,65,20,1418,0.022040166993974708,1,2.0,8.0,20
evil-N125-p98-s3m25x5,66,20,3771,0.022073500003898516,1,2.0,8.0,20
evil-N125-p98-s3m25x5,67,20,559,0.02202387500437908,1,2.0,8.0,20
evil-N125-p98-s3m25x5,68,20,785,0.021906166002736427,1,2.0,8.0,20
evil-N125-p98-s3m25x5,69,20,603,0.022395499996491708,1,2.0,8.0,20
evil-N125-p98-s3m25x5,70,20,376,0.022184125002240762,1,2.0,8.0,20
evil-N125-p98-s3m25x5,71,20,3632,0.021969542009173892,1,2.0,8.0,20
evil-N125-p98-s3m25x5,72,20,1841,0.022008249987266026,1,2.0,8.0,20
evil-N125-p98-s3m25x5,73,20,1463,0.02224737498909235,1,2.0,8.0,20
evil-N125-p98-s3m25x5,74,20,752,0.0220182500052033,1,2.0,8.0,20
evil-N125-p98-s3m25x5,75,20,3889,0.0220411670015892,1,2.0,8.0,20
evil-N125-p98-s3m25x5,76,20,2452,0.022065833007218316,1,2.0,8.0,20
evil-N125-p98-s3m25x5,77,20,822,0.02199020799889695,1,2.0,8.0,20
evil-N125-p98-s3m25x5,78,20,772,0.02203454199479893,1,2.0,8.0,20
evil-N125-p98-s3m25x5,79,20,1023,0.02200720900145825,1,2.0,8.0,20
evil-N125-p98-s3m25x5,80,20,3269,0.021962416009046137,1,2.0,8.0,20
evil-N125-p98-s3m25x5,81,20,3016,0.021989000000758097,1,2.0,8.0,20
evil-N125-p98-s3m25x5,82,20,695,0.022081125003751367,1,2.0,8.0,20
evil-N125-p98-s3m25x5,83,20,1319,0.02199604199267924,1,2.0,8.0,20
evil-N125-p98-s3m25x5,84,20,1553,0.021933416996034794,1,2.0,8.0,20
evil-N125-p98-s3m25x5,85,20,1136,0.022064499993575737,1,2.0,8.0,20
evil-N125-p98-s3m25x5,86,20,839,0.021981458994559944,1,2.0,8.0,20
evil-N125-p98-s3m25x5,87,20,569,0.02200545799860265,1,2.0,8.0,20
evil-N125-p98-s3m25x5,88,20,2790,0.021979249999276362,1,2.0,8.0,20
evil-N125-p98-s3m25x5,89,20,2892,0.022221291001187637,1,2.0,8.0,20
evil-N125-p98-s3m25x5,90,20,542,0.02203058400482405,1,2.0,8.0,20
evil-N125-p98-s3m25x5,91,20,837,0.022007709005265497,1,2.0,8.0,20
evil-N125-p98-s3m25x5,92,20,646,0.022395166000933386,1,2.0,8.0,20
evil-N125-p98-s3m25x5,93,20,300,0.022442292000050656,1,2.0,8.0,20
evil-N125-p98-s3m25x5,94,20,1496,0.02211337500193622,1,2.0,8.0,20
evil-N125-p98-s3m25x5,95,20,176,0.02222816599532962,1,2.0,8.0,20
evil-N125-p98-s3m25x5,96,20,1232,0.022063332988182083,1,2.0,8.0,20
evil-N125-p98-s3m25x5,97,20,211,0.0220207909878809,1,2.0,8.0,20
evil-N125-p98-s3m25x5,98,20,2097,0.022062834003008902,1,2.0,8.0,20
evil-N125-p98-s3m25x5,99,20,837,0.022183791996212676,1,2.0,8.0,20
hamming6_2,0,32,1260,0.030806166992988437,1,2.0,8.0,32
hamming6_2,1,32,2669,0.030402042000787333,1,2.0,8.0,32
hamming6_2,2,32,1949,0.030477209002128802,1,2.0,8.0,32
hamming6_2,3,32,532,0.03009245899738744,1,2.0,8.0,32
hamming6_2,4,32,1459,0.030340333003550768,1,2.0,8.0,32
hamming6_2,5,32,2733,0.030643749996670522,1,2.0,8.0,32
hamming6_2,6,32,1955,0.031053083002916537,1,2.0,8.0,32
hamming6_2,7,32,1177,0.03068029199494049,1,2.0,8.0,32
hamming6_2,8,32,4246,0.030600459009292535,1,2.0,8.0,32
hamming6_2,9,32,2337,0.03025012501166202,1,2.0,8.0,32
hamming6_2,10,32,800,0.029794999994919635,1,2.0,8.0,32
hamming6_2,11,32,1124,0.030061291996389627,1,2.0,8.0,32
hamming6_2,12,32,945,0.03016024999669753,1,2.0,8.0,32
hamming6_2,13,32,1317,0.030393708002520725,1,2.0,8.0,32
hamming6_2,14,32,843,0.030163041010382585,1,2.0,8.0,32
hamming6_2,15,32,2475,0.029920499990112148,1,2.0,8.0,32
hamming6_2,16,32,2930,0.030322457998408936,1,2.0,8.0,32
hamming6_2,17,32,975,0.03018450000672601,1,2.0,8.0,32
hamming6_2,18,32,859,0.030255500008934177,1,2.0,8.0,32
hamming6_2,19,32,627,0.03051779199449811,1,2.0,8.0,32
hamming6_2,20,32,2022,0.03127125000173692,1,2.0,8.0,32
hamming6_2,21,32,1413,0.03129495900066104,1,2.0,8.0,32
hamming6_2,22,32,4649,0.031037708002259023,1,2.0,8.0,32
hamming6_2,23,32,827,0.03157320800528396,1,2.0,8.0,32
hamming6_2,24,32,2011,0.03408412499993574,1,2.0,8.0,32
hamming6_2,25,32,4145,0.03362616599770263,1,2.0,8.0,32
hamming6_2,26,32,1599,0.03598112499457784,1,2.0,8.0,32
hamming6_2,27,32,2434,0.03590595799323637,1,2.0,8.0,32
hamming6_2,28,32,2461,0.035815124996588565,1,2.0,8.0,32
hamming6_2,29,32,1454,0.03534570799092762,1,2.0,8.0,32
hamming6_2,30,32,818,0.035144416004186496,1,2.0,8.0,32
hamming6_2,31,32,3045,0.04740045900689438,1,2.0,8.0,32
hamming6_2,32,32,689,0.05548675000318326,1,2.0,8.0,32
hamming6_2,33,32,1837,0.06780670899024699,1,2.0,8.0,32
hamming6_2,34,32,815,0.06083354199654423,1,2.0,8.0,32
hamming6_2,35,32,1045,0.04661816700536292,1,2.0,8.0,32
hamming6_2,36,32,742,0.04345054199802689,1,2.0,8.0,32
hamming6_2,37,32,3824,0.04205691599054262,1,2.0,8.0,32
hamming6_2,38,32,1452,0.03941045800456777,1,2.0,8.0,32
hamming6_2,39,32,467,0.03848712499893736,1,2.0,8.0,32
hamming6_2,40,32,1314,0.03834649999043904,1,2.0,8.0,32
hamming6_2,41,32,1872,0.03856558300321922,1,2.0,8.0,32
hamming6_2,42,32,2641,0.03712170899962075,1,2.0,8.0,32
hamming6_2,43,32,1337,0.035534916998585686,1,2.0,8.0,32
hamming6_2,44,32,3973,0.0368968330003554,1,2.0,8.0,32
hamming6_2,45,32,3233,0.03863479199935682,1,2.0,8.0,32
hamming6_2,46,32,1895,0.03606220899382606,1,2.0,8.0,32
hamming6_2,47,32,2064,0.03685383299307432,1,2.0,8.0,32
hamming6_2,48,32,1059,0.03630070900544524,1,2.0,8.0,32
hamming6_2,49,32,1614,0.03537937501096167,1,2.0,8.0,32
hamming6_2,50,32,562,0.03517129100509919,1,2.0,8.0,32
hamming6_2,51,32,487,0.03538920800201595,1,2.0,8.0,32
hamming6_2,52,32,2886,0.035402084002271295,1,2.0,8.0,32
hamming6_2,53,32,2943,0.03524062500218861,1,2.0,8.0,32
hamming6_2,54,32,1387,0.03528491700126324,1,2.0,8.0,32
hamming6_2,55,32,2571,0.03540983400307596,1,2.0,8.0,32
hamming6_2,56,32,2294,0.03540466699632816,1,2.0,8.0,32
hamming6_2,57,32,3995,0.0352230839926051,1,2.0,8.0,32
hamming6_2,58,32,2597,0.03526658299961127,1,2.0,8.0,32
hamming6_2,59,32,3009,0.03542995800671633,1,2.0,8.0,32
hamming6_2,60,32,1119,0.035297375012305565,1,2.0,8.0,32
hamming6_2,61,32,1908,0.035393792000832036,1,2.0,8.0,32
hamming6_2,62,32,811,0.03518633400381077,1,2.0,8.0,32
hamming6_2,63,32,4160,0.035340249989531,1,2.0,8.0,32
hamming6_2,64,32,2406,0.03534550000040326,1,2.0,8.0,32
hamming6_2,65,32,2239,0.035358333989279345,1,2.0,8.0,32
hamming6_2,66,32,2885,0.035120708009344526,1,2.0,8.0,32
hamming6_2,67,32,1507,0.03542133299924899,1,2.0,8.0,32
hamming6_2,68,32,732,0.03548566698736977,1,2.0,8.0,32
hamming6_2,69,32,1912,0.03525179100688547,1,2.0,8.0,32
hamming6_2,70,32,1777,0.035414958008914255,1,2.0,8.0,32
hamming6_2,71,32,2636,0.03603879199363291,1,2.0,8.0,32
hamming6_2,72,32,1329,0.03616866598895285,1,2.0,8.0,32
hamming6_2,73,32,1466,0.03601150000758935,1,2.0,8.0,32
hamming6_2,74,32,2657,0.03554495800926816,1,2.0,8.0,32
hamming6_2,75,32,4736,0.0355977909930516,1,2.0,8.0,32
hamming6_2,76,32,1460,0.035747166999499314,1,2.0,8.0,32
hamming6_2,77,32,3375,0.036361000005854294,1,2.0,8.0,32
hamming6_2,78,32,1640,0.035787082990282215,1,2.0,8.0,32
hamming6_2,79,32,2307,0.03534462499374058,1,2.0,8.0,32
hamming6_2,80,32,2395,0.035099540997180156,1,2.0,8.0,32
hamming6_2,81,32,2372,0.03507916700618807,1,2.0,8.0,32
hamming6_2,82,32,1717,0.035146125010214746,1,2.0,8.0,32
hamming6_2,83,32,930,0.03534058399964124,1,2.0,8.0,32
hamming6_2,84,32,2052,0.03664479199505877,1,2.0,8.0,32
hamming6_2,85,32,1600,0.0355940840090625,1,2.0,8.0,32
hamming6_2,86,32,2208,0.03503433299192693,1,2.0,8.0,32
hamming6_2,87,32,528,0.035252874993602745,1,2.0,8.0,32
hamming6_2,88,32,2172,0.03509487499832176,1,2.0,8.0,32
hamming6_2,89,32,3702,0.03567349999502767,1,2.0,8.0,32
hamming6_2,90,32,2126,0.03628487499372568,1,2.0,8.0,32
hamming6_2,91,32,4392,0.03548083300120197,1,2.0,8.0,32
hamming6_2,92,32,2261,0.03528654201363679,1,2.0,8.0,32
hamming6_2,93,32,1709,0.035239457996794954,1,2.0,8.0,32
hamming6_2,94,32,5858,0.03528516599908471,1,2.0,8.0,32
hamming6_2,95,32,2499,0.03549129200109746,1,2.0,8.0,32
hamming6_2,96,32,509,0.03531837499758694,1,2.0,8.0,32
hamming6_2,97,32,1333,0.03545091699925251,1,2.0,8.0,32
hamming6_2,98,32,1583,0.03523416600364726,1,2.0,8.0,32
hamming6_2,99,32,1907,0.03501412499463186,1,2.0,8.0,32
hamming6_4,0,4,104,0.023928124996018596,1,2.0,8.0,4
hamming6_4,1,4,587,0.023172750006779097,1,2.0,8.0,4
hamming6_4,2,4,189,0.023033292003674433,1,2.0,8.0,4
hamming6_4,3,4,563,0.023083457999746315,1,2.0,8.0,4
hamming6_4,4,4,22,0.02351687499321997,1,2.0,8.0,4
hamming6_4,5,4,62,0.023525582990259863,1,2.0,8.0,4
hamming6_4,6,4,54,0.023402332997648045,1,2.0,8.0,4
hamming6_4,7,4,340,0.02332366599875968,1,2.0,8.0,4
hamming6_4,8,4,29,0.022993791004410014,1,2.0,8.0,4
hamming6_4,9,4,360,0.02321549999760464,1,2.0,8.0,4
hamming6_4,10,4,139,0.023154291993705556,1,2.0,8.0,4
hamming6_4,11,4,250,0.02301633400202263,1,2.0,8.0,4
hamming6_4,12,4,664,0.023042125001666136,1,2.0,8.0,4
hamming6_4,13,4,351,0.023282292007934302,1,2.0,8.0,4
hamming6_4,14,4,206,0.024030291999224573,1,2.0,8.0,4
hamming6_4,15,4,471,0.024019541990128346,1,2.0,8.0,4
hamming6_4,16,4,134,0.023237166009494103,1,2.0,8.0,4
hamming6_4,17,4,256,0.023065582994604483,1,2.0,8.0,4
hamming6_4,18,4,80,0.023011750003206544,1,2.0,8.0,4
hamming6_4,19,4,327,0.023216583009343594,1,2.0,8.0,4
hamming6_4,20,4,208,0.02431354198779445,1,2.0,8.0,4
hamming6_4,21,4,132,0.024043000012170523,1,2.0,8.0,4
hamming6_4,22,4,145,0.023939583988976665,1,2.0,8.0,4
hamming6_4,23,4,165,0.024200208004913293,1,2.0,8.0,4
hamming6_4,24,4,490,0.024471708995406516,1,2.0,8.0,4
hamming6_4,25,4,410,0.023804583004675806,1,2.0,8.0,4
hamming6_4,26,4,394,0.023322167005972005,1,2.0,8.0,4
hamming6_4,27,4,65,0.02317412500269711,1,2.0,8.0,4
hamming6_4,28,4,508,0.022903999997652136,1,2.0,8.0,4
hamming6_4,29,4,220,0.023095625001587905,1,2.0,8.0,4
hamming6_4,30,4,19,0.02413166599581018,1,2.0,8.0,4
hamming6_4,31,4,17,0.023924207998788916,1,2.0,8.0,4
hamming6_4,32,4,447,0.023843375005526468,1,2.0,8.0,4
hamming6_4,33,4,49,0.024183999994420446,1,2.0,8.0,4
hamming6_4,34,4,17,0.02448612499574665,1,2.0,8.0,4
hamming6_4,35,4,16,0.02329820800514426,1,2.0,8.0,4
hamming6_4,36,4,243,0.023359875005553477,1,2.0,8.0,4
hamming6_4,37,4,267,0.023257458000443876,1,2.0,8.0,4
hamming6_4,38,4,432,0.023018291001790203,1,2.0,8.0,4
hamming6_4,39,4,28,0.023184167002909817,1,2.0,8.0,4
hamming6_4,40,4,39,0.024042666991590522,1,2.0,8.0,4
hamming6_4,41,4,518,0.024026999992202036,1,2.0,8.0,4
hamming6_4,42,4,534,0.023978207987966016,1,2.0,8.0,4
hamming6_4,43,4,55,0.02419483299308922,1,2.0,8.0,4
hamming6_4,44,4,6,0.023465499994927086,1,2.0,8.0,4
hamming6_4,45,4,84,0.023308292002184317,1,2.0,8.0,4
hamming6_4,46,4,216,0.02315449999878183,1,2.0,8.0,4
hamming6_4,47,4,93,0.023014833001070656,1,2.0,8.0,4
hamming6_4,48,4,18,0.023640749990590848,1,2.0,8.0,4
hamming6_4,49,4,270,0.024424582996289246,1,2.0,8.0,4
hamming6_4,50,4,208,0.02319333399645984,1,2.0,8.0,4
hamming6_4,51,4,469,0.024676333996467292,1,2.0,8.0,4
hamming6_4,52,4,175,0.024062208001851104,1,2.0,8.0,4
hamming6_4,53,4,85,0.024788374998024665,1,2.0,8.0,4
hamming6_4,54,4,137,0.023276291001820937,1,2.0,8.0,4
hamming6_4,55,4,42,0.023253624996868894,1,2.0,8.0,4
hamming6_4,56,4,659,0.023129957990022376,1,2.0,8.0,4
hamming6_4,57,4,477,0.023031500008073635,1,2.0,8.0,4
hamming6_4,58,4,607,0.023060999999870546,1,2.0,8.0,4
hamming6_4,59,4,23,0.023967209010152146,1,2.0,8.0,4
hamming6_4,60,4,394,0.023958249992574565,1,2.0,8.0,4
hamming6_4,61,4,156,0.023978750003152527,1,2.0,8.0,4
hamming6_4,62,4,67,0.024466834001941606,1,2.0,8.0,4
hamming6_4,63,4,359,0.02437850000569597,1,2.0,8.0,4
hamming6_4,64,4,325,0.023250459009432234,1,2.0,8.0,4
hamming6_4,65,4,431,0.023208209007862024,1,2.0,8.0,4
hamming6_4,66,4,411,0.023154082999099046,1,2.0,8.0,4
hamming6_4,67,4,98,0.022978833003435284,1,2.0,8.0,4
hamming6_4,68,4,861,0.023514459011494182,1,2.0,8.0,4
hamming6_4,69,4,523,0.024027583000133745,1,2.0,8.0,4
hamming6_4,70,4,160,0.023950666000018828,1,2.0,8.0,4
hamming6_4,71,4,138,0.023924875000375323,1,2.0,8.0,4
hamming6_4,72,4,294,0.02396891699754633,1,2.0,8.0,4
hamming6_4,73,4,402,0.024402750001172535,1,2.0,8.0,4
hamming6_4,74,4,35,0.02317562501411885,1,2.0,8.0,4
hamming6_4,75,4,15,0.02321437500359025,1,2.0,8.0,4
hamming6_4,76,4,548,0.023032584009342827,1,2.0,8.0,4
hamming6_4,77,4,267,0.022983834001934156,1,2.0,8.0,4
hamming6_4,78,4,1240,0.023184042001958005,1,2.0,8.0,4
hamming6_4,79,4,36,0.02404183401085902,1,2.0,8.0,4
hamming6_4,80,4,92,0.024125374999130145,1,2.0,8.0,4
hamming6_4,81,4,373,0.024109791993396357,1,2.0,8.0,4
hamming6_4,82,4,592,0.024401207992923446,1,2.0,8.0,4
hamming6_4,83,4,174,0.023923749991809018,1,2.0,8.0,4
hamming6_4,84,4,676,0.023274332997971214,1,2.0,8.0,4
hamming6_4,85,4,180,0.023192125008790754,1,2.0,8.0,4
hamming6_4,86,4,687,0.0230387920018984,1,2.0,8.0,4
hamming6_4,87,4,342,0.02318016698700376,1,2.0,8.0,4
hamming6_4,88,4,396,0.0239942920015892,1,2.0,8.0,4
hamming6_4,89,4,68,0.023836499996832572,1,2.0,8.0,4
hamming6_4,90,4,653,0.023905416004708968,1,2.0,8.0,4
hamming6_4,91,4,1059,0.024080959003185853,1,2.0,8.0,4
hamming6_4,92,4,265,0.024588250002125278,1,2.0,8.0,4
hamming6_4,93,4,257,0.02324291699915193,1,2.0,8.0,4
hamming6_4,94,4,430,0.023276292005903088,1,2.0,8.0,4
hamming6_4,95,4,101,0.023078541998984292,1,2.0,8.0,4
hamming6_4,96,4,538,0.02306137500272598,1,2.0,8.0,4
hamming6_4,97,4,417,0.023913917000754736,1,2.0,8.0,4
hamming6_4,98,4,179,0.02402345799782779,1,2.0,8.0,4
hamming6_4,99,4,17,0.02394420800555963,1,2.0,8.0,4
johnson16_2_4,0,8,261,0.024773874989477918,1,2.0,8.0,8
johnson16_2_4,1,8,1347,0.02469720800581854,1,2.0,8.0,8
johnson16_2_4,2,8,1247,0.02530158299487084,1,2.0,8.0,8
johnson16_2_4,3,8,40,0.023752792010782287,1,2.0,8.0,8
johnson16_2_4,4,8,114,0.023763749995850958,1,2.0,8.0,8
johnson16_2_4,5,8,692,0.023549709003418684,1,2.0,8.0,8
johnson16_2_4,6,8,63,0.023562000002129935,1,2.0,8.0,8
johnson16_2_4,7,8,647,0.024283416991238482,1,2.0,8.0,8
johnson16_2_4,8,8,96,0.024515458004316315,1,2.0,8.0,8
johnson16_2_4,9,8,712,0.02471754199359566,1,2.0,8.0,8
johnson16_2_4,10,8,2561,0.024763166991760954,1,2.0,8.0,8
johnson16_2_4,11,8,1548,0.02522970800055191,1,2.0,8.0,8
johnson16_2_4,12,8,95,0.024005833998671733,1,2.0,8.0,8
johnson16_2_4,13,8,949,0.023852667000028305,1,2.0,8.0,8
johnson16_2_4,14,8,632,0.023739041993394494,1,2.0,8.0,8
johnson16_2_4,15,8,164,0.023560375004308298,1,2.0,8.0,8
johnson16_2_4,16,8,920,0.02442183300445322,1,2.0,8.0,8
johnson16_2_4,17,8,509,0.02471516700461507,1,2.0,8.0,8
johnson16_2_4,18,8,653,0.02364829200087115,1,2.0,8.0,8
johnson16_2_4,19,8,730,0.024677209003129974,1,2.0,8.0,8
johnson16_2_4,20,8,634,0.02488033298868686,1,2.0,8.0,8
johnson16_2_4,21,8,361,0.02489683299791068,1,2.0,8.0,8
johnson16_2_4,22,8,852,0.02377300000807736,1,2.0,8.0,8
johnson16_2_4,23,8,2039,0.023724667000351474,1,2.0,8.0,8
johnson16_2_4,24,8,790,0.02360575000056997,1,2.0,8.0,8
johnson16_2_4,25,8,608,0.0245732500043232,1,2.0,8.0,8
johnson16_2_4,26,8,1809,0.023885791000793688,1,2.0,8.0,8
johnson16_2_4,27,8,409,0.02453979199344758,1,2.0,8.0,8
johnson16_2_4,28,8,737,0.0245944999915082,1,2.0,8.0,8
johnson16_2_4,29,8,568,0.02538500000082422,1,2.0,8.0,8
johnson16_2_4,30,8,344,0.024681458991835825,1,2.0,8.0,8
johnson16_2_4,31,8,1278,0.024191916003474034,1,2.0,8.0,8
johnson16_2_4,32,8,201,0.023765541991451755,1,2.0,8.0,8
johnson16_2_4,33,8,216,0.023649541995837353,1,2.0,8.0,8
johnson16_2_4,34,8,272,0.02364645899797324,1,2.0,8.0,8
johnson16_2_4,35,8,534,0.024452416997519322,1,2.0,8.0,8
johnson16_2_4,36,8,1454,0.024560416000895202,1,2.0,8.0,8
johnson16_2_4,37,8,2400,0.02450983399467077,1,2.0,8.0,8
johnson16_2_4,38,8,1060,0.02529270900413394,1,2.0,8.0,8
johnson16_2_4,39,8,1262,0.024899124997318722,1,2.0,8.0,8
johnson16_2_4,40,8,84,0.02408162500069011,1,2.0,8.0,8
johnson16_2_4,41,8,397,0.023789749990100972,1,2.0,8.0,8
johnson16_2_4,42,8,1901,0.02377887499460485,1,2.0,8.0,8
johnson16_2_4,43,8,747,0.023579457993037067,1,2.0,8.0,8
johnson16_2_4,44,8,536,0.024510959003237076,1,2.0,8.0,8
johnson16_2_4,45,8,1522,0.024428665987215936,1,2.0,8.0,8
johnson16_2_4,46,8,1107,0.02443158399546519,1,2.0,8.0,8
johnson16_2_4,47,8,80,0.02450879199022893,1,2.0,8.0,8
johnson16_2_4,48,8,192,0.024591208013589494,1,2.0,8.0,8
johnson16_2_4,49,8,741,0.024362834010389633,1,2.0,8.0,8
johnson16_2_4,50,8,90,0.026017959011369385,1,2.0,8.0,8
johnson16_2_4,51,8,734,0.024910291002015583,1,2.0,8.0,8
johnson16_2_4,52,8,299,0.024705707997782156,1,2.0,8.0,8
johnson16_2_4,53,8,1298,0.024268834007671103,1,2.0,8.0,8
johnson16_2_4,54,8,105,0.02545474999351427,1,2.0,8.0,8
johnson16_2_4,55,8,1577,0.025300916997366585,1,2.0,8.0,8
johnson16_2_4,56,8,829,0.023983208011486568,1,2.0,8.0,8
johnson16_2_4,57,8,325,0.024225166998803616,1,2.0,8.0,8
johnson16_2_4,58,8,167,0.02453570799843874,1,2.0,8.0,8
johnson16_2_4,59,8,1193,0.024732958001550287,1,2.0,8.0,8
johnson16_2_4,60,8,171,0.024557915996410884,1,2.0,8.0,8
johnson16_2_4,61,8,122,0.023972833005245775,1,2.0,8.0,8
johnson16_2_4,62,8,1208,0.024364291995880194,1,2.0,8.0,8
johnson16_2_4,63,8,1125,0.02464095900359098,1,2.0,8.0,8
johnson16_2_4,64,8,3225,0.02476600000227336,1,2.0,8.0,8
johnson16_2_4,65,8,1068,0.02586949999385979,1,2.0,8.0,8
johnson16_2_4,66,8,96,0.02473062499484513,1,2.0,8.0,8
johnson16_2_4,67,8,1200,0.02938374999212101,1,2.0,8.0,8
johnson16_2_4,68,8,1267,0.025040583001100458,1,2.0,8.0,8
johnson16_2_4,69,8,506,0.024513041993486695,1,2.0,8.0,8
johnson16_2_4,70,8,772,0.023910791001981124,1,2.0,8.0,8
johnson16_2_4,71,8,502,0.025219875009497628,1,2.0,8.0,8
johnson16_2_4,72,8,805,0.024534333002520725,1,2.0,8.0,8
johnson16_2_4,73,8,152,0.025022457994055003,1,2.0,8.0,8
johnson16_2_4,74,8,1788,0.025463541998760775,1,2.0,8.0,8
johnson16_2_4,75,8,368,0.024044624995440245,1,2.0,8.0,8
johnson16_2_4,76,8,182,0.024475166996126063,1,2.0,8.0,8
johnson16_2_4,77,8,1841,0.02409095800248906,1,2.0,8.0,8
johnson16_2_4,78,8,568,0.025020874993060715,1,2.0,8.0,8
johnson16_2_4,79,8,445,0.02461429199320264,1,2.0,8.0,8
johnson16_2_4,80,8,2093,0.02748825000890065,1,2.0,8.0,8
johnson16_2_4,81,8,299,0.026883042010013014,1,2.0,8.0,8
johnson16_2_4,82,8,514,0.024813916999846697,1,2.0,8.0,8
johnson16_2_4,83,8,546,0.02439962499192916,1,2.0,8.0,8
johnson16_2_4,84,8,1435,0.026010542002040893,1,2.0,8.0,8
johnson16_2_4,85,8,1527,0.026475666993064806,1,2.0,8.0,8
johnson16_2_4,86,8,798,0.02481699999771081,1,2.0,8.0,8
johnson16_2_4,87,8,2067,0.02490183399640955,1,2.0,8.0,8
johnson16_2_4,88,8,1326,0.026198792009381577,1,2.0,8.0,8
johnson16_2_4,89,8,123,0.02525437499571126,1,2.0,8.0,8
johnson16_2_4,90,8,477,0.025667541005532257,1,2.0,8.0,8
johnson16_2_4,91,8,1135,0.024285083010909148,1,2.0,8.0,8
johnson16_2_4,92,8,425,0.025723291997564957,1,2.0,8.0,8
johnson16_2_4,93,8,1596,0.025702209008159116,1,2.0,8.0,8
johnson16_2_4,94,8,1527,0.025018334010383114,1,2.0,8.0,8
johnson16_2_4,95,8,3192,0.02498687501065433,1,2.0,8.0,8
johnson16_2_4,96,8,952,0.02603866599383764,1,2.0,8.0,8
johnson16_2_4,97,8,704,0.025629583004047163,1,2.0,8.0,8
johnson16_2_4,98,8,768,0.024121374997776,1,2.0,8.0,8
johnson16_2_4,99,8,777,0.02632670899038203,1,2.0,8.0,8
johnson8_2_4,0,4,11,0.027703375002602115,1,2.0,8.0,4
johnson8_2_4,1,4,153,0.026474333004443906,1,2.0,8.0,4
johnson8_2_4,2,4,27,0.026577625001664273,1,2.0,8.0,4
johnson8_2_4,3,4,32,0.02863437499036081,1,2.0,8.0,4
johnson8_2_4,4,4,104,0.027735832991311327,1,2.0,8.0,4
johnson8_2_4,5,4,128,0.025809667000430636,1,2.0,8.0,4
johnson8_2_4,6,4,182,0.027204083002288826,1,2.0,8.0,4
johnson8_2_4,7,4,248,0.025828582991380244,1,2.0,8.0,4
johnson8_2_4,8,4,33,0.02647324999270495,1,2.0,8.0,4
johnson8_2_4,9,4,86,0.025443040998652577,1,2.0,8.0,4
johnson8_2_4,10,4,26,0.026370166000560857,1,2.0,8.0,4
johnson8_2_4,11,4,14,0.02622820800752379,1,2.0,8.0,4
johnson8_2_4,12,4,30,0.025509083992801607,1,2.0,8.0,4
johnson8_2_4,13,4,23,0.02553695801179856,1,2.0,8.0,4
johnson8_2_4,14,4,23,0.025678541001980193,1,2.0,8.0,4
johnson8_2_4,15,4,75,0.025955750010325573,1,2.0,8.0,4
johnson8_2_4,16,4,104,0.02559829200617969,1,2.0,8.0,4
johnson8_2_4,17,4,27,0.02554016700014472,1,2.0,8.0,4
johnson8_2_4,18,4,12,0.02585829199233558,1,2.0,8.0,4
johnson8_2_4,19,4,21,0.02601699999650009,1,2.0,8.0,4
johnson8_2_4,20,4,145,0.026975500004482456,1,2.0,8.0,4
johnson8_2_4,21,4,5,0.026233083990518935,1,2.0,8.0,4
johnson8_2_4,22,4,49,0.027404332999140024,1,2.0,8.0,4
johnson8_2_4,23,4,48,0.029003334013395943,1,2.0,8.0,4
johnson8_2_4,24,4,119,0.02794979201280512,1,2.0,8.0,4
johnson8_2_4,25,4,7,0.0278636250004638,1,2.0,8.0,4
johnson8_2_4,26,4,98,0.028033541995682754,1,2.0,8.0,4
johnson8_2_4,27,4,66,0.026728249998996034,1,2.0,8.0,4
johnson8_2_4,28,4,37,0.027916000006371178,1,2.0,8.0,4
johnson8_2_4,29,4,48,0.02804991700395476,1,2.0,8.0,4
johnson8_2_4,30,4,31,0.027922666995436884,1,2.0,8.0,4
johnson8_2_4,31,4,7,0.02670133300125599,1,2.0,8.0,4
johnson8_2_4,32,4,80,0.027813417007564567,1,2.0,8.0,4
johnson8_2_4,33,4,10,0.028091917003621347,1,2.0,8.0,4
johnson8_2_4,34,4,144,0.028435458996682428,1,2.0,8.0,4
johnson8_2_4,35,4,287,0.028180084002087824,1,2.0,8.0,4
johnson8_2_4,36,4,123,0.027989708993118256,1,2.0,8.0,4
johnson8_2_4,37,4,60,0.027861166003276594,1,2.0,8.0,4
johnson8_2_4,38,4,11,0.027515666995896026,1,2.0,8.0,4
johnson8_2_4,39,4,91,0.027500875003170222,1,2.0,8.0,4
johnson8_2_4,40,4,62,0.02746862500498537,1,2.0,8.0,4
johnson8_2_4,41,4,35,0.02761725000164006,1,2.0,8.0,4
johnson8_2_4,42,4,70,0.027544540993403643,1,2.0,8.0,4
johnson8_2_4,43,4,61,0.02749654201033991,1,2.0,8.0,4
johnson8_2_4,44,4,273,0.026505708010517992,1,2.0,8.0,4
johnson8_2_4,45,4,343,0.027318458989611827,1,2.0,8.0,4
johnson8_2_4,46,4,169,0.02666970799327828,1,2.0,8.0,4
johnson8_2_4,47,4,83,0.028029875000356697,1,2.0,8.0,4
johnson8_2_4,48,4,40,0.028683041004114784,1,2.0,8.0,4
johnson8_2_4,49,4,31,0.029850165999960154,1,2.0,8.0,4
johnson8_2_4,50,4,25,0.030367375002242625,1,2.0,8.0,4
johnson8_2_4,51,4,25,0.03072612499818206,1,2.0,8.0,4
johnson8_2_4,52,4,74,0.027623749992926605,1,2.0,8.0,4
johnson8_2_4,53,4,105,0.027450541994767264,1,2.0,8.0,4
johnson8_2_4,54,4,36,0.02744233400153462,1,2.0,8.0,4
johnson8_2_4,55,4,85,0.027525917001185007,1,2.0,8.0,4
johnson8_2_4,56,4,87,0.02757512500102166,1,2.0,8.0,4
johnson8_2_4,57,4,4,0.0275826659926679,1,2.0,8.0,4
johnson8_2_4,58,4,21,0.02770625000994187,1,2.0,8.0,4
johnson8_2_4,59,4,419,0.02614016699953936,1,2.0,8.0,4
johnson8_2_4,60,4,22,0.025711833004606888,1,2.0,8.0,4
johnson8_2_4,61,4,15,0.02557058299134951,1,2.0,8.0,4
johnson8_2_4,62,4,124,0.025378124992130324,1,2.0,8.0,4
johnson8_2_4,63,4,12,0.025430083987885155,1,2.0,8.0,4
johnson8_2_4,64,4,33,0.02560108300531283,1,2.0,8.0,4
johnson8_2_4,65,4,123,0.025991333997808397,1,2.0,8.0,4
johnson8_2_4,66,4,30,0.02615624999452848,1,2.0,8.0,4
johnson8_2_4,67,4,16,0.025756916991667822,1,2.0,8.0,4
johnson8_2_4,68,4,19,0.026448959004483186,1,2.0,8.0,4
johnson8_2_4,69,4,6,0.02655366700491868,1,2.0,8.0,4
johnson8_2_4,70,4,110,0.028115499997511506,1,2.0,8.0,4
johnson8_2_4,71,4,40,0.026515582998399623,1,2.0,8.0,4
johnson8_2_4,72,4,55,0.027824667005916126,1,2.0,8.0,4
johnson8_2_4,73,4,109,0.02672816699487157,1,2.0,8.0,4
johnson8_2_4,74,4,50,0.027590208002948202,1,2.0,8.0,4
johnson8_2_4,75,4,106,0.027187917003175244,1,2.0,8.0,4
johnson8_2_4,76,4,12,0.02762508299201727,1,2.0,8.0,4
johnson8_2_4,77,4,148,0.028796208003768697,1,2.0,8.0,4
johnson8_2_4,78,4,35,0.028353250003419816,1,2.0,8.0,4
johnson8_2_4,79,4,247,0.028187791001982987,1,2.0,8.0,4
johnson8_2_4,80,4,246,0.02760333300102502,1,2.0,8.0,4
johnson8_2_4,81,4,119,0.028568749999976717,1,2.0,8.0,4
johnson8_2_4,82,4,56,0.028226458001881838,1,2.0,8.0,4
johnson8_2_4,83,4,68,0.027851458988152444,1,2.0,8.0,4
johnson8_2_4,84,4,20,0.027705333995982073,1,2.0,8.0,4
johnson8_2_4,85,4,120,0.028560750011820346,1,2.0,8.0,4
johnson8_2_4,86,4,42,0.02816549999988638,1,2.0,8.0,4
johnson8_2_4,87,4,64,0.02774862501246389,1,2.0,8.0,4
johnson8_2_4,88,4,177,0.02770520899503026,1,2.0,8.0,4
johnson8_2_4,89,4,27,0.028704915996058844,1,2.0,8.0,4
johnson8_2_4,90,4,116,0.027798374998383224,1,2.0,8.0,4
johnson8_2_4,91,4,687,0.027785084006609395,1,2.0,8.0,4
johnson8_2_4,92,4,34,0.028013916002237238,1,2.0,8.0,4
johnson8_2_4,93,4,27,0.027665000001434237,1,2.0,8.0,4
johnson8_2_4,94,4,17,0.027690374990925193,1,2.0,8.0,4
johnson8_2_4,95,4,14,0.02768287500657607,1,2.0,8.0,4
johnson8_2_4,96,4,63,0.027732834001653828,1,2.0,8.0,4
johnson8_2_4,97,4,71,0.027743625003495254,1,2.0,8.0,4
johnson8_2_4,98,4,85,0.026510916999541223,1,2.0,8.0,4
johnson8_2_4,99,4,11,0.026928083010716364,1,2.0,8.0,4
johnson8_4_4,0,14,1047,0.026479499996639788,1,2.0,8.0,14
johnson8_4_4,1,14,1179,0.026016499992692843,1,2.0,8.0,14
johnson8_4_4,2,14,607,0.026156957988860086,1,2.0,8.0,14
johnson8_4_4,3,14,784,0.025935749989002943,1,2.0,8.0,14
johnson8_4_4,4,14,766,0.026469999997061677,1,2.0,8.0,14
johnson8_4_4,5,14,528,0.025962833999074064,1,2.0,8.0,14
johnson8_4_4,6,14,1294,0.026002665996202268,1,2.0,8.0,14
johnson8_4_4,7,14,719,0.02563358399493154,1,2.0,8.0,14
johnson8_4_4,8,14,779,0.02577754198864568,1,2.0,8.0,14
johnson8_4_4,9,14,1689,0.028113291002227925,1,2.0,8.0,14
johnson8_4_4,10,14,1265,0.026156708001508377,1,2.0,8.0,14
johnson8_4_4,11,14,1353,0.026072459004353732,1,2.0,8.0,14
johnson8_4_4,12,14,1255,0.026388666999991983,1,2.0,8.0,14
johnson8_4_4,13,14,835,0.027612000005319715,1,2.0,8.0,14
johnson8_4_4,14,14,758,0.027279375004582107,1,2.0,8.0,14
johnson8_4_4,15,14,3589,0.02739024999027606,1,2.0,8.0,14
johnson8_4_4,16,14,1756,0.02746212499914691,1,2.0,8.0,14
johnson8_4_4,17,14,1683,0.026453874990693294,1,2.0,8.0,14
johnson8_4_4,18,14,954,0.027205332997255027,1,2.0,8.0,14
johnson8_4_4,19,14,859,0.02615079098904971,1,2.0,8.0,14
johnson8_4_4,20,14,518,0.026897832998656668,1,2.0,8.0,14
johnson8_4_4,21,14,401,0.026552499999525025,1,2.0,8.0,14
johnson8_4_4,22,14,907,0.02606575000390876,1,2.0,8.0,14
johnson8_4_4,23,14,751,0.026922709002974443,1,2.0,8.0,14
johnson8_4_4,24,14,1027,0.025464708000072278,1,2.0,8.0,14
johnson8_4_4,25,14,2697,0.02759458300715778,1,2.0,8.0,14
johnson8_4_4,26,14,896,0.02647570800036192,1,2.0,8.0,14
johnson8_4_4,27,14,2218,0.02626770800270606,1,2.0,8.0,14
johnson8_4_4,28,14,2023,0.026547999994363636,1,2.0,8.0,14
johnson8_4_4,29,14,1420,0.026855541989789344,1,2.0,8.0,14
johnson8_4_4,30,14,1481,0.026101417010067962,1,2.0,8.0,14
johnson8_4_4,31,14,2975,0.026044540994917043,1,2.0,8.0,14
johnson8_4_4,32,14,3302,0.027335541002685204,1,2.0,8.0,14
johnson8_4_4,33,14,2079,0.027052250006818213,1,2.0,8.0,14
johnson8_4_4,34,14,3137,0.02636262500891462,1,2.0,8.0,14
johnson8_4_4,35,14,1623,0.026763625006424263,1,2.0,8.0,14
johnson8_4_4,36,14,618,0.027311875004670583,1,2.0,8.0,14
johnson8_4_4,37,14,1214,0.0275358749931911,1,2.0,8.0,14
johnson8_4_4,38,14,1179,0.026353167006163858,1,2.0,8.0,14
johnson8_4_4,39,14,1131,0.02760620799381286,1,2.0,8.0,14
johnson8_4_4,40,14,157,0.02694841600896325,1,2.0,8.0,14
johnson8_4_4,41,14,2910,0.02693641700898297,1,2.0,8.0,14
johnson8_4_4,42,14,1520,0.029427834000671282,1,2.0,8.0,14
johnson8_4_4,43,14,852,0.028690582999843173,1,2.0,8.0,14
johnson8_4_4,44,14,1134,0.027581999995163642,1,2.0,8.0,14
johnson8_4_4,45,14,2594,0.027478832998895086,1,2.0,8.0,14
johnson8_4_4,46,14,684,0.027283207993605174,1,2.0,8.0,14
johnson8_4_4,47,14,2481,0.027096042002085596,1,2.0,8.0,14
johnson8_4_4,48,14,1743,0.027220042000408284,1,2.0,8.0,14
johnson8_4_4,49,14,1639,0.027142499995534308,1,2.0,8.0,14
johnson8_4_4,50,14,556,0.027000000001862645,1,2.0,8.0,14
johnson8_4_4,51,14,1312,0.02647570800036192,1,2.0,8.0,14
johnson8_4_4,52,14,535,0.025281958005507477,1,2.0,8.0,14
johnson8_4_4,53,14,4810,0.02509058300347533,1,2.0,8.0,14
johnson8_4_4,54,14,814,0.02531245800491888,1,2.0,8.0,14
johnson8_4_4,55,14,1295,0.026437125008669682,1,2.0,8.0,14
johnson8_4_4,56,14,1665,0.026444583010743372,1,2.0,8.0,14
johnson8_4_4,57,14,1781,0.02731024999229703,1,2.0,8.0,14
johnson8_4_4,58,14,478,0.027672708994941786,1,2.0,8.0,14
johnson8_4_4,59,14,1680,0.027251249994151294,1,2.0,8.0,14
johnson8_4_4,60,14,1723,0.02718008399824612,1,2.0,8.0,14
johnson8_4_4,61,14,1379,0.029161792001104914,1,2.0,8.0,14
johnson8_4_4,62,14,673,0.028488625001045875,1,2.0,8.0,14
johnson8_4_4,63,14,243,0.027210582993575372,1,2.0,8.0,14
johnson8_4_4,64,14,1317,0.027122333005536348,1,2.0,8.0,14
johnson8_4_4,65,14,1795,0.026123082992853597,1,2.0,8.0,14
johnson8_4_4,66,14,1032,0.02598108300298918,1,2.0,8.0,14
johnson8_4_4,67,14,794,0.026052999994135462,1,2.0,8.0,14
johnson8_4_4,68,14,897,0.026339999996707775,1,2.0,8.0,14
johnson8_4_4,69,14,244,0.026112042003660463,1,2.0,8.0,14
johnson8_4_4,70,14,1987,0.026055750000523403,1,2.0,8.0,14
johnson8_4_4,71,14,547,0.025678207995952107,1,2.0,8.0,14
johnson8_4_4,72,14,875,0.026847540997550823,1,2.0,8.0,14
johnson8_4_4,73,14,427,0.02665812500345055,1,2.0,8.0,14
johnson8_4_4,74,14,1727,0.027026249998016283,1,2.0,8.0,14
johnson8_4_4,75,14,1284,0.026275458993040957,1,2.0,8.0,14
johnson8_4_4,76,14,408,0.027727584005333483,1,2.0,8.0,14
johnson8_4_4,77,14,1177,0.028669166000327095,1,2.0,8.0,14
johnson8_4_4,78,14,426,0.033621875001699664,1,2.0,8.0,14
johnson8_4_4,79,14,645,0.02847529099381063,1,2.0,8.0,14
johnson8_4_4,80,14,2126,0.029381041997112334,1,2.0,8.0,14
johnson8_4_4,81,14,2217,0.02815625000221189,1,2.0,8.0,14
johnson8_4_4,82,14,1427,0.027957833008258604,1,2.0,8.0,14
johnson8_4_4,83,14,829,0.027457750009489246,1,2.0,8.0,14
johnson8_4_4,84,14,2178,0.027627458999631926,1,2.0,8.0,14
johnson8_4_4,85,14,1109,0.02751137499581091,1,2.0,8.0,14
johnson8_4_4,86,14,996,0.027405125001678243,1,2.0,8.0,14
johnson8_4_4,87,14,781,0.027599749999353662,1,2.0,8.0,14
johnson8_4_4,88,14,489,0.025282500006142072,1,2.0,8.0,14
johnson8_4_4,89,14,881,0.026248875001328997,1,2.0,8.0,14
johnson8_4_4,90,14,2583,0.026015665993327275,1,2.0,8.0,14
johnson8_4_4,91,14,558,0.027140332997078076,1,2.0,8.0,14
johnson8_4_4,92,14,642,0.02639458401245065,1,2.0,8.0,14
johnson8_4_4,93,14,290,0.026263916995958425,1,2.0,8.0,14
johnson8_4_4,94,14,1932,0.025995707997935824,1,2.0,8.0,14
johnson8_4_4,95,14,735,0.026131874998100102,1,2.0,8.0,14
johnson8_4_4,96,14,1667,0.025919708001310937,1,2.0,8.0,14
johnson8_4_4,97,14,341,0.025069958996027708,1,2.0,8.0,14
johnson8_4_4,98,14,1633,0.025022749992785975,1,2.0,8.0,14
johnson8_4_4,99,14,511,0.025053542005480267,1,2.0,8.0,14
keller4,0,11,11709,0.024039667012402788,1,2.0,8.0,11
keller4,1,11,29365,0.023945915992953815,1,2.0,8.0,11
keller4,2,11,11830,0.024043500001425855,1,2.0,8.0,11
keller4,3,11,8944,0.024204833011026494,1,2.0,8.0,11
keller4,4,11,131441,0.02431954200437758,1,2.0,8.0,11
keller4,5,11,13798,0.024130625010002404,1,2.0,8.0,11
keller4,6,11,19967,0.024085625002044253,1,2.0,8.0,11
keller4,7,11,11076,0.024542999992263503,1,2.0,8.0,11
keller4,8,11,2948,0.024572583002736792,1,2.0,8.0,11
keller4,9,11,51210,0.02489991699985694,1,2.0,8.0,11
keller4,10,11,16483,0.02580725000007078,1,2.0,8.0,11
keller4,11,11,4188,0.025744915998075157,1,2.0,8.0,11
keller4,12,11,5629,0.02515570799005218,1,2.0,8.0,11
keller4,13,11,26512,0.025285750001785345,1,2.0,8.0,11
keller4,14,11,22966,0.025157083000522107,1,2.0,8.0,11
keller4,15,11,18824,0.02592558400647249,1,2.0,8.0,11
keller4,16,11,39871,0.025266666008974425,1,2.0,8.0,11
keller4,17,11,27802,0.024796874989988282,1,2.0,8.0,11
keller4,18,11,11681,0.026363375000073574,1,2.0,8.0,11
keller4,19,11,18554,0.025325124996015802,1,2.0,8.0,11
keller4,20,11,43160,0.02571249999164138,1,2.0,8.0,11
keller4,21,11,18419,0.024960541995824315,1,2.0,8.0,11
keller4,22,11,27289,0.02486954200139735,1,2.0,8.0,11
keller4,23,11,9585,0.02584424999076873,1,2.0,8.0,11
keller4,24,11,25726,0.024958000009064563,1,2.0,8.0,11
keller4,25,11,25938,0.025806458012084477,1,2.0,8.0,11
keller4,26,11,62168,0.025302624999312684,1,2.0,8.0,11
keller4,27,11,6426,0.02569325000513345,1,2.0,8.0,11
keller4,28,11,13055,0.02606187500350643,1,2.0,8.0,11
keller4,29,11,7779,0.025121084006968886,1,2.0,8.0,11
keller4,30,11,11027,0.026524291999521665,1,2.0,8.0,11
keller4,31,11,8544,0.02663475000008475,1,2.0,8.0,11
keller4,32,11,3049,0.026696875007473864,1,2.0,8.0,11
keller4,33,11,34801,0.02638929200475104,1,2.0,8.0,11
keller4,34,11,27904,0.02492599999823142,1,2.0,8.0,11
keller4,35,11,19681,0.02615345799131319,1,2.0,8.0,11
keller4,36,11,7524,0.024686082993866876,1,2.0,8.0,11
keller4,37,11,4622,0.02515583399508614,1,2.0,8.0,11
keller4,38,11,6909,0.02623666600266006,1,2.0,8.0,11
keller4,39,11,1270,0.025291749989264645,1,2.0,8.0,11
keller4,40,11,2595,0.025775500005693175,1,2.0,8.0,11
keller4,41,11,3886,0.024855416995706037,1,2.0,8.0,11
keller4,42,11,276,0.02568674999929499,1,2.0,8.0,11
keller4,43,11,4361,0.025006249998114072,1,2.0,8.0,11
keller4,44,11,87533,0.02471254199917894,1,2.0,8.0,11
keller4,45,11,31741,0.024083958007395267,1,2.0,8.0,11
keller4,46,11,38581,0.023974915995495394,1,2.0,8.0,11
keller4,47,11,26413,0.024089041995466687,1,2.0,8.0,11
keller4,48,11,1520,0.024188499999581836,1,2.0,8.0,11
keller4,49,11,27428,0.024074500004644506,1,2.0,8.0,11
keller4,50,11,9601,0.023807124991435558,1,2.0,8.0,11
keller4,51,11,1032,0.023888958006864414,1,2.0,8.0,11
keller4,52,11,39023,0.024020625001867302,1,2.0,8.0,11
keller4,53,11,1437,0.024101750008412637,1,2.0,8.0,11
keller4,54,11,5994,0.02389154100092128,1,2.0,8.0,11
keller4,55,11,33075,0.024051833999692462,1,2.0,8.0,11
keller4,56,11,18016,0.02408895900589414,1,2.0,8.0,11
keller4,57,11,22048,0.02390383300371468,1,2.0,8.0,11
keller4,58,11,64120,0.025423792001674883,1,2.0,8.0,11
keller4,59,11,9554,0.025027249997947365,1,2.0,8.0,11
keller4,60,11,5384,0.02494608399865683,1,2.0,8.0,11
keller4,61,11,7936,0.02520837499469053,1,2.0,8.0,11
keller4,62,11,25754,0.02484691700374242,1,2.0,8.0,11
keller4,63,11,649,0.024892916990211233,1,2.0,8.0,11
keller4,64,11,31334,0.02546520798932761,1,2.0,8.0,11
keller4,65,11,7134,0.024973499996121973,1,2.0,8.0,11
keller4,66,11,48893,0.02485829099896364,1,2.0,8.0,11
keller4,67,11,34842,0.025204124991432764,1,2.0,8.0,11
keller4,68,11,29639,0.024831083996105008,1,2.0,8.0,11
keller4,69,11,782,0.025408125002286397,1,2.0,8.0,11
keller4,70,11,5694,0.024864750012056902,1,2.0,8.0,11
keller4,71,11,24297,0.02503008300845977,1,2.0,8.0,11
keller4,72,11,32930,0.0249685419985326,1,2.0,8.0,11
keller4,73,11,30453,0.02494483299960848,1,2.0,8.0,11
keller4,74,11,12788,0.026027500003692694,1,2.0,8.0,11
keller4,75,11,103208,0.025079166996874847,1,2.0,8.0,11
keller4,76,11,40504,0.02490662499621976,1,2.0,8.0,11
keller4,77,11,18710,0.025413250012206845,1,2.0,8.0,11
keller4,78,11,44216,0.025726042003952898,1,2.0,8.0,11
keller4,79,11,138856,0.02506108301167842,1,2.0,8.0,11
keller4,80,11,12322,0.024819083002512343,1,2.0,8.0,11
keller4,81,11,57968,0.024980833011795767,1,2.0,8.0,11
keller4,82,11,39362,0.024841166989062913,1,2.0,8.0,11
keller4,83,11,16544,0.0247653749975143,1,2.0,8.0,11
keller4,84,11,26956,0.025086374997044913,1,2.0,8.0,11
keller4,85,11,12138,0.024770124990027398,1,2.0,8.0,11
keller4,86,11,15073,0.02531900000758469,1,2.0,8.0,11
keller4,87,11,7647,0.02472850000776816,1,2.0,8.0,11
keller4,88,11,26201,0.024729290991672315,1,2.0,8.0,11
keller4,89,11,36844,0.024741041008383036,1,2.0,8.0,11
keller4,90,11,56417,0.024711167003260925,1,2.0,8.0,11
keller4,91,11,92320,0.02487120901059825,1,2.0,8.0,11
keller4,92,11,31950,0.023847332995501347,1,2.0,8.0,11
keller4,93,11,2812,0.023872375008068047,1,2.0,8.0,11
keller4,94,11,37096,0.023769291990902275,1,2.0,8.0,11
keller4,95,11,22144,0.023948582995217294,1,2.0,8.0,11
keller4,96,11,11787,0.023906290996819735,1,2.0,8.0,11
keller4,97,11,54792,0.023840291003580205,1,2.0,8.0,11
keller4,98,11,40295,0.023861166002461687,1,2.0,8.0,11
keller4,99,11,104762,0.023875582992332056,1,2.0,8.0,11
p-hat500-1,0,9,266624,0.02337820800312329,1,2.0,8.0,9
p-hat500-1,1,9,183906,0.02315529200132005,1,2.0,8.0,9
p-hat500-1,2,9,107650,0.02310754200152587,1,2.0,8.0,9
p-hat500-1,3,9,344726,0.02456799999345094,1,2.0,8.0,9
p-hat500-1,4,9,510014,0.023130124987801537,1,2.0,8.0,9
p-hat500-1,5,9,540260,0.023479084004065953,1,2.0,8.0,9
p-hat500-1,6,9,757888,0.024232874988229014,1,2.0,8.0,9
p-hat500-1,7,9,132766,0.023519958995166235,1,2.0,8.0,9
p-hat500-1,8,9,401513,0.02318012499017641,1,2.0,8.0,9
p-hat500-1,9,9,62143,0.024228249996667728,1,2.0,8.0,9
p-hat500-1,10,9,277971,0.023419834004016593,1,2.0,8.0,9
p-hat500-1,11,9,237827,0.023218332993565127,1,2.0,8.0,9
p-hat500-1,12,9,39340,0.024078209011349827,1,2.0,8.0,9
p-hat500-1,13,9,73389,0.023685666994424537,1,2.0,8.0,9
p-hat500-1,14,9,101631,0.024576166993938386,1,2.0,8.0,9
p-hat500-1,15,9,328070,0.024489499992341734,1,2.0,8.0,9
p-hat500-1,16,9,327689,0.024523915999452583,1,2.0,8.0,9
p-hat500-1,17,9,7138,0.02422054100316018,1,2.0,8.0,9
p-hat500-1,18,9,57149,0.023047291004331782,1,2.0,8.0,9
p-hat500-1,19,9,140032,0.02333154199004639,1,2.0,8.0,9
p-hat500-1,20,9,490231,0.024573834001785144,1,2.0,8.0,9
p-hat500-1,21,9,98527,0.023235332992044277,1,2.0,8.0,9
p-hat500-1,22,9,166196,0.02353633299935609,1,2.0,8.0,9
p-hat500-1,23,9,61324,0.023384416999761015,1,2.0,8.0,9
p-hat500-1,24,9,413944,0.023391624999931082,1,2.0,8.0,9
p-hat500-1,25,9,200807,0.02293279099103529,1,2.0,8.0,9
p-hat500-1,26,9,30675,0.024413124992861412,1,2.0,8.0,9
p-hat500-1,27,9,301213,0.023518541987868957,1,2.0,8.0,9
p-hat500-1,28,9,180578,0.022613041001022793,1,2.0,8.0,9
p-hat500-1,29,9,203535,0.02445224999974016,1,2.0,8.0,9
p-hat500-1,30,9,300399,0.023381582999718376,1,2.0,8.0,9
p-hat500-1,31,9,61276,0.02329379199363757,1,2.0,8.0,9
p-hat500-1,32,9,207207,0.023247292003361508,1,2.0,8.0,9
p-hat500-1,33,9,956791,0.023904624991700985,1,2.0,8.0,9
p-hat500-1,34,9,493859,0.023051415992085822,1,2.0,8.0,9
p-hat500-1,35,9,179135,0.022824333995231427,1,2.0,8.0,9
p-hat500-1,36,9,360508,0.022315917012747377,1,2.0,8.0,9
p-hat500-1,37,9,139715,0.02241337500163354,1,2.0,8.0,9
p-hat500-1,38,9,279332,0.022412792008253746,1,2.0,8.0,9
p-hat500-1,39,9,114244,0.022367708006640896,1,2.0,8.0,9
p-hat500-1,40,9,91804,0.02235520900285337,1,2.0,8.0,9
p-hat500-1,41,9,66221,0.022438375002820976,1,2.0,8.0,9
p-hat500-1,42,9,231589,0.022361125011229888,1,2.0,8.0,9
p-hat500-1,43,9,432061,0.0224449580127839,1,2.0,8.0,9
p-hat500-1,44,9,229877,0.022330459003569558,1,2.0,8.0,9
p-hat500-1,45,9,62238,0.022585041995625943,1,2.0,8.0,9
p-hat500-1,46,9,17072,0.022902957993210293,1,2.0,8.0,9
p-hat500-1,47,9,41649,0.02258350000192877,1,2.0,8.0,9
p-hat500-1,48,9,60174,0.022871541004860774,1,2.0,8.0,9
p-hat500-1,49,9,104684,0.022474249999504536,1,2.0,8.0,9
p-hat500-1,50,9,147815,0.022252374998060986,1,2.0,8.0,9
p-hat500-1,51,9,408346,0.023243167001055554,1,2.0,8.0,9
p-hat500-1,52,9,110315,0.024323582998476923,1,2.0,8.0,9
p-hat500-1,53,9,3805,0.023328625000431202,1,2.0,8.0,9
p-hat500-1,54,9,495944,0.02339862500957679,1,2.0,8.0,9
p-hat500-1,55,9,401794,0.02406462500221096,1,2.0,8.0,9
p-hat500-1,56,9,124195,0.023314707999816164,1,2.0,8.0,9
p-hat500-1,57,9,145173,0.023412708003888838,1,2.0,8.0,9
p-hat500-1,58,9,295099,0.02431116699881386,1,2.0,8.0,9
p-hat500-1,59,9,96429,0.023141333993407898,1,2.0,8.0,9
p-hat500-1,60,9,543454,0.02352179100853391,1,2.0,8.0,9
p-hat500-1,61,9,199772,0.02368483299505897,1,2.0,8.0,9
p-hat500-1,62,9,530745,0.02426404099969659,1,2.0,8.0,9
p-hat500-1,63,9,133200,0.023196207999717444,1,2.0,8.0,9
p-hat500-1,64,9,232335,0.02320512500591576,1,2.0,8.0,9
p-hat500-1,65,9,180229,0.023777416994562373,1,2.0,8.0,9
p-hat500-1,66,9,102898,0.024028415995417163,1,2.0,8.0,9
p-hat500-1,67,9,233862,0.023184541991213337,1,2.0,8.0,9
p-hat500-1,68,9,291730,0.02331333300389815,1,2.0,8.0,9
p-hat500-1,69,9,266335,0.023844124996685423,1,2.0,8.0,9
p-hat500-1,70,9,336671,0.02345820800110232,1,2.0,8.0,9
p-hat500-1,71,9,68991,0.0240470829885453,1,2.0,8.0,9
p-hat500-1,72,9,68788,0.02383337500214111,1,2.0,8.0,9
p-hat500-1,73,9,330928,0.023257625012774952,1,2.0,8.0,9
p-hat500-1,74,9,211035,0.023473458000808023,1,2.0,8.0,9
p-hat500-1,75,9,166526,0.02418700000271201,1,2.0,8.0,9
p-hat500-1,76,9,448510,0.023122208993299864,1,2.0,8.0,9
p-hat500-1,77,9,341551,0.023221500014187768,1,2.0,8.0,9
p-hat500-1,78,9,132519,0.02318537500104867,1,2.0,8.0,9
p-hat500-1,79,9,10838,0.023541749993455596,1,2.0,8.0,9
p-hat500-1,80,9,221678,0.023881999994046055,1,2.0,8.0,9
p-hat500-1,81,9,367309,0.02337916700344067,1,2.0,8.0,9
p-hat500-1,82,9,394272,0.023409542001900263,1,2.0,8.0,9
p-hat500-1,83,9,276920,0.02330104100110475,1,2.0,8.0,9
p-hat500-1,84,9,223878,0.02358762500807643,1,2.0,8.0,9
p-hat500-1,85,9,101319,0.02261079200252425,1,2.0,8.0,9
p-hat500-1,86,9,165776,0.024321832999703474,1,2.0,8.0,9
p-hat500-1,87,9,199975,0.02240966699901037,1,2.0,8.0,9
p-hat500-1,88,9,155579,0.02264874998945743,1,2.0,8.0,9
p-hat500-1,89,9,89579,0.022606500002439134,1,2.0,8.0,9
p-hat500-1,90,9,304884,0.0224322080030106,1,2.0,8.0,9
p-hat500-1,91,9,181316,0.022459750005509704,1,2.0,8.0,9
p-hat500-1,92,9,41567,0.02242725000542123,1,2.0,8.0,9
p-hat500-1,93,9,414793,0.02242116699926555,1,2.0,8.0,9
p-hat500-1,94,9,169846,0.022460915992269292,1,2.0,8.0,9
p-hat500-1,95,9,30232,0.022593457993934862,1,2.0,8.0,9
p-hat500-1,96,9,703325,0.022572832996957004,1,2.0,8.0,9
p-hat500-1,97,9,2014,0.022356375004164875,1,2.0,8.0,9
p-hat500-1,98,8,14530,0.022368249992723577,1,2.0,8.0,9
p-hat500-1,99,9,392538,0.02271891600685194,1,2.0,8.0,9
p_hat1500_1,0,11,132914,0.027410041991970502,1,2.0,8.0,12
p_hat1500_1,1,10,119494,0.0256839170033345,1,2.0,8.0,12
p_hat1500_1,2,11,183592,0.024788125010672957,1,2.0,8.0,12
p_hat1500_1,3,10,658270,0.024758707993896678,1,2.0,8.0,12
p_hat1500_1,4,10,284982,0.02420666700345464,1,2.0,8.0,12
p_hat1500_1,5,11,175335,0.025147624997771345,1,2.0,8.0,12
p_hat1500_1,6,11,913588,0.02409587499278132,1,2.0,8.0,12
p_hat1500_1,7,10,273939,0.0248214160092175,1,2.0,8.0,12
p_hat1500_1,8,11,860063,0.024645791010698304,1,2.0,8.0,12
p_hat1500_1,9,10,178773,0.024630707994219847,1,2.0,8.0,12
p_hat1500_1,10,10,490617,0.02458766699419357,1,2.0,8.0,12
p_hat1500_1,11,10,34943,0.02439216698985547,1,2.0,8.0,12
p_hat1500_1,12,11,389922,0.02451449999352917,1,2.0,8.0,12
p_hat1500_1,13,10,127781,0.024424083007033914,1,2.0,8.0,12
p_hat1500_1,14,10,285814,0.026250750001054257,1,2.0,8.0,12
p_hat1500_1,15,11,442656,0.025192374989273958,1,2.0,8.0,12
p_hat1500_1,16,10,207089,0.024946417004684918,1,2.0,8.0,12
p_hat1500_1,17,10,134872,0.025302833993919194,1,2.0,8.0,12
p_hat1500_1,18,10,429969,0.02588824999111239,1,2.0,8.0,12
p_hat1500_1,19,10,54281,0.02530216600280255,1,2.0,8.0,12
p_hat1500_1,20,10,348778,0.025144041996099986,1,2.0,8.0,12
p_hat1500_1,21,10,40810,0.02528883400373161,1,2.0,8.0,12
p_hat1500_1,22,10,130334,0.024880458004190587,1,2.0,8.0,12
p_hat1500_1,23,10,554416,0.02506895799888298,1,2.0,8.0,12
p_hat1500_1,24,10,424869,0.025132624999969266,1,2.0,8.0,12
p_hat1500_1,25,10,120044,0.0253825409890851,1,2.0,8.0,12
p_hat1500_1,26,10,109183,0.025005124989547767,1,2.0,8.0,12
p_hat1500_1,27,10,523143,0.02517337500466965,1,2.0,8.0,12
p_hat1500_1,28,10,243617,0.02536504200543277,1,2.0,8.0,12
p_hat1500_1,29,10,190757,0.02534404199104756,1,2.0,8.0,12
p_hat1500_1,30,10,195625,0.025145584004349075,1,2.0,8.0,12
p_hat1500_1,31,10,450765,0.025065833004191518,1,2.0,8.0,12
p_hat1500_1,32,10,194074,0.02512787500745617,1,2.0,8.0,12
p_hat1500_1,33,11,649045,0.025070791991311125,1,2.0,8.0,12
p_hat1500_1,34,10,32454,0.02516516699688509,1,2.0,8.0,12
p_hat1500_1,35,10,83086,0.02484145799826365,1,2.0,8.0,12
p_hat1500_1,36,10,139957,0.024409792007645592,1,2.0,8.0,12
p_hat1500_1,37,10,233775,0.024514250006177463,1,2.0,8.0,12
p_hat1500_1,38,10,9701,0.023935167002491653,1,2.0,8.0,12
p_hat1500_1,39,10,435918,0.024284332990646362,1,2.0,8.0,12
p_hat1500_1,40,10,379619,0.024414750005234964,1,2.0,8.0,12
p_hat1500_1,41,11,658031,0.024321000004420057,1,2.0,8.0,12
p_hat1500_1,42,10,94174,0.02398929100309033,1,2.0,8.0,12
p_hat1500_1,43,10,46041,0.02425774998846464,1,2.0,8.0,12
p_hat1500_1,44,11,234735,0.024340999996638857,1,2.0,8.0,12
p_hat1500_1,45,10,196677,0.024265667001600377,1,2.0,8.0,12
p_hat1500_1,46,10,576255,0.024204291999922134,1,2.0,8.0,12
p_hat1500_1,47,10,682987,0.0237060830113478,1,2.0,8.0,12
p_hat1500_1,48,10,229699,0.026200749998679385,1,2.0,8.0,12
p_hat1500_1,49,11,127181,0.026450792007381096,1,2.0,8.0,12
p_hat1500_1,50,10,110051,0.025385291999555193,1,2.0,8.0,12
p_hat1500_1,51,10,75269,0.02558983300696127,1,2.0,8.0,12
p_hat1500_1,52,10,249464,0.025933832992450334,1,2.0,8.0,12
p_hat1500_1,53,10,849743,0.026477500010514632,1,2.0,8.0,12
p_hat1500_1,54,10,369847,0.02461770799709484,1,2.0,8.0,12
p_hat1500_1,55,10,328734,0.025785083998925984,1,2.0,8.0,12
p_hat1500_1,56,10,173100,0.025104917003773153,1,2.0,8.0,12
p_hat1500_1,57,10,79646,0.024989833997096866,1,2.0,8.0,12
p_hat1500_1,58,10,10305,0.02538974999333732,1,2.0,8.0,12
p_hat1500_1,59,10,373991,0.02550816599978134,1,2.0,8.0,12
p_hat1500_1,60,10,364289,0.0253795419994276,1,2.0,8.0,12
p_hat1500_1,61,10,133746,0.02516874999855645,1,2.0,8.0,12
p_hat1500_1,62,10,225024,0.02564370899926871,1,2.0,8.0,12
p_hat1500_1,63,10,255789,0.02637587500794325,1,2.0,8.0,12
p_hat1500_1,64,10,428389,0.024857917000190355,1,2.0,8.0,12
p_hat1500_1,65,11,926113,0.026757667001220398,1,2.0,8.0,12
p_hat1500_1,66,11,651686,0.024428249991615303,1,2.0,8.0,12
p_hat1500_1,67,11,575216,0.024315583999850787,1,2.0,8.0,12
p_hat1500_1,68,10,192227,0.024248500005342066,1,2.0,8.0,12
p_hat1500_1,69,10,802347,0.025795250010560267,1,2.0,8.0,12
p_hat1500_1,70,10,218140,0.02422895800555125,1,2.0,8.0,12
p_hat1500_1,71,10,179239,0.024469166004564613,1,2.0,8.0,12
p_hat1500_1,72,10,27912,0.024703417002456263,1,2.0,8.0,12
p_hat1500_1,73,11,541969,0.026111624989425763,1,2.0,8.0,12
p_hat1500_1,74,11,569111,0.025366542002302594,1,2.0,8.0,12
p_hat1500_1,75,10,73772,0.025522291995002888,1,2.0,8.0,12
p_hat1500_1,76,9,17741,0.02584579199901782,1,2.0,8.0,12
p_hat1500_1,77,10,34494,0.025192959001287818,1,2.0,8.0,12
p_hat1500_1,78,10,620405,0.025051041011465713,1,2.0,8.0,12
p_hat1500_1,79,10,198616,0.024980957998195663,1,2.0,8.0,12
p_hat1500_1,80,10,51384,0.025051333010196686,1,2.0,8.0,12
p_hat1500_1,81,10,94646,0.024588915999629535,1,2.0,8.0,12
p_hat1500_1,82,10,185753,0.024729791999561712,1,2.0,8.0,12
p_hat1500_1,83,9,28534,0.024717666005017236,1,2.0,8.0,12
p_hat1500_1,84,10,79946,0.024585833001765423,1,2.0,8.0,12
p_hat1500_1,85,11,800711,0.02409287499904167,1,2.0,8.0,12
p_hat1500_1,86,10,73036,0.024292041998705827,1,2.0,8.0,12
p_hat1500_1,87,11,846019,0.024079458991764113,1,2.0,8.0,12
p_hat1500_1,88,11,711224,0.024048207997111604,1,2.0,8.0,12
p_hat1500_1,89,10,434253,0.024806083005387336,1,2.0,8.0,12
p_hat1500_1,90,10,86097,0.024040707998210564,1,2.0,8.0,12
p_hat1500_1,91,9,145205,0.024310541994054802,1,2.0,8.0,12
p_hat1500_1,92,10,93905,0.024442166002700105,1,2.0,8.0,12
p_hat1500_1,93,10,406270,0.024445792005280964,1,2.0,8.0,12
p_hat1500_1,94,11,849172,0.024756291997618973,1,2.0,8.0,12
p_hat1500_1,95,10,122554,0.02500112500274554,1,2.0,8.0,12
p_hat1500_1,96,10,551343,0.023560749992611818,1,2.0,8.0,12
p_hat1500_1,97,10,228893,0.023339457999099977,1,2.0,8.0,12
p_hat1500_1,98,10,131332,0.0259444999974221,1,2.0,8.0,12
p_hat1500_1,99,9,1538,0.02499441700638272,1,2.0,8.0,12
p_hat1500_2,0,63,371859,0.028574374999152496,1,2.0,8.0,65
p_hat1500_2,1,62,294138,0.027276000007987022,1,2.0,8.0,65
p_hat1500_2,2,64,793164,0.0283116669888841,1,2.0,8.0,65
p_hat1500_2,3,63,257503,0.02796820799994748,1,2.0,8.0,65
p_hat1500_2,4,60,204081,0.029216416005510837,1,2.0,8.0,65
p_hat1500_2,5,62,566983,0.030128583006444387,1,2.0,8.0,65
p_hat1500_2,6,62,698805,0.033444291999330744,1,2.0,8.0,65
p_hat1500_2,7,61,668752,0.031220208009472117,1,2.0,8.0,65
p_hat1500_2,8,62,211093,0.03647258300043177,1,2.0,8.0,65
p_hat1500_2,9,62,253384,0.032455416992888786,1,2.0,8.0,65
p_hat1500_2,10,61,599920,0.03062020799552556,1,2.0,8.0,65
p_hat1500_2,11,61,129163,0.030518040992319584,1,2.0,8.0,65
p_hat1500_2,12,60,148281,0.030270833012764342,1,2.0,8.0,65
p_hat1500_2,13,62,975467,0.03048737499921117,1,2.0,8.0,65
p_hat1500_2,14,62,325170,0.02959704199747648,1,2.0,8.0,65
p_hat1500_2,15,63,881483,0.029386916998191737,1,2.0,8.0,65
p_hat1500_2,16,61,916695,0.030840833991533145,1,2.0,8.0,65
p_hat1500_2,17,62,782924,0.029212749999715015,1,2.0,8.0,65
p_hat1500_2,18,63,635510,0.029775874994811602,1,2.0,8.0,65
p_hat1500_2,19,62,780507,0.028609500004677102,1,2.0,8.0,65
p_hat1500_2,20,61,589218,0.029025374999037012,1,2.0,8.0,65
p_hat1500_2,21,61,715626,0.028550999995786697,1,2.0,8.0,65
p_hat1500_2,22,62,613179,0.028054791007889435,1,2.0,8.0,65
p_hat1500_2,23,61,715859,0.028662500000791624,1,2.0,8.0,65
p_hat1500_2,24,62,157568,0.028843917010817677,1,2.0,8.0,65
p_hat1500_2,25,63,255927,0.029531708001741208,1,2.0,8.0,65
p_hat1500_2,26,61,222469,0.029419500002404675,1,2.0,8.0,65
p_hat1500_2,27,62,637354,0.02917241600516718,1,2.0,8.0,65
p_hat1500_2,28,62,969974,0.030182292000972666,1,2.0,8.0,65
p_hat1500_2,29,61,133411,0.028995707994909026,1,2.0,8.0,65
p_hat1500_2,30,62,538077,0.02902491600252688,1,2.0,8.0,65
p_hat1500_2,31,64,500746,0.029029541998170316,1,2.0,8.0,65
p_hat1500_2,32,61,64894,0.029002833005506545,1,2.0,8.0,65
p_hat1500_2,33,63,212352,0.029176791998906992,1,2.0,8.0,65
p_hat1500_2,34,61,112382,0.029780583005049266,1,2.0,8.0,65
p_hat1500_2,35,61,639668,0.029410499992081895,1,2.0,8.0,65
p_hat1500_2,36,61,766426,0.02949970800545998,1,2.0,8.0,65
p_hat1500_2,37,64,344594,0.028534500001114793,1,2.0,8.0,65
p_hat1500_2,38,61,321306,0.028609832996153273,1,2.0,8.0,65
p_hat1500_2,39,62,129056,0.02885854100168217,1,2.0,8.0,65
p_hat1500_2,40,62,43208,0.028399749993695877,1,2.0,8.0,65
p_hat1500_2,41,61,447221,0.028345166007056832,1,2.0,8.0,65
p_hat1500_2,42,62,937615,0.028168333010398783,1,2.0,8.0,65
p_hat1500_2,43,63,333941,0.02811874999315478,1,2.0,8.0,65
p_hat1500_2,44,61,224159,0.02809941698797047,1,2.0,8.0,65
p_hat1500_2,45,63,530533,0.0281722079962492,1,2.0,8.0,65
p_hat1500_2,46,62,726950,0.02843645900429692,1,2.0,8.0,65
p_hat1500_2,47,62,565026,0.0281628329976229,1,2.0,8.0,65
p_hat1500_2,48,62,311859,0.028213750003487803,1,2.0,8.0,65
p_hat1500_2,49,62,975440,0.028416666013072245,1,2.0,8.0,65
p_hat1500_2,50,61,270138,0.03085691700107418,1,2.0,8.0,65
p_hat1500_2,51,60,814961,0.0311182080040453,1,2.0,8.0,65
p_hat1500_2,52,63,438588,0.03085704200202599,1,2.0,8.0,65
p_hat1500_2,53,62,391236,0.02945929100678768,1,2.0,8.0,65
p_hat1500_2,54,63,766944,0.02975933300331235,1,2.0,8.0,65
p_hat1500_2,55,62,82080,0.028973958003916778,1,2.0,8.0,65
p_hat1500_2,56,61,111561,0.029507958999602124,1,2.0,8.0,65
p_hat1500_2,57,62,787418,0.029894083010731265,1,2.0,8.0,65
p_hat1500_2,58,62,638924,0.029496291012037545,1,2.0,8.0,65
p_hat1500_2,59,62,286849,0.029487125008017756,1,2.0,8.0,65
p_hat1500_2,60,62,811905,0.029459958008374088,1,2.0,8.0,65
p_hat1500_2,61,63,463929,0.030146334000164643,1,2.0,8.0,65
p_hat1500_2,62,62,493078,0.02970695799740497,1,2.0,8.0,65
p_hat1500_2,63,61,691010,0.029236292000859976,1,2.0,8.0,65
p_hat1500_2,64,61,842571,0.029202374993474223,1,2.0,8.0,65
p_hat1500_2,65,62,901318,0.028860666003311053,1,2.0,8.0,65
p_hat1500_2,66,62,850170,0.02929008300998248,1,2.0,8.0,65
p_hat1500_2,67,61,37633,0.02952662498864811,1,2.0,8.0,65
p_hat1500_2,68,63,915906,0.029405042005237192,1,2.0,8.0,65
p_hat1500_2,69,63,835450,0.028928915999131277,1,2.0,8.0,65
p_hat1500_2,70,61,279387,0.028604167004232295,1,2.0,8.0,65
p_hat1500_2,71,61,160157,0.028757957989000715,1,2.0,8.0,65
p_hat1500_2,72,61,846102,0.02859270799672231,1,2.0,8.0,65
p_hat1500_2,73,62,688581,0.029286290999152698,1,2.0,8.0,65
p_hat1500_2,74,61,556180,0.028297334007220343,1,2.0,8.0,65
p_hat1500_2,75,62,187175,0.029027500000665896,1,2.0,8.0,65
p_hat1500_2,76,60,574615,0.028229999996256083,1,2.0,8.0,65
p_hat1500_2,77,61,524926,0.02986770900315605,1,2.0,8.0,65
p_hat1500_2,78,63,823322,0.02872191600908991,1,2.0,8.0,65
p_hat1500_2,79,62,285712,0.028439375004381873,1,2.0,8.0,65
p_hat1500_2,80,61,679446,0.028606958003365435,1,2.0,8.0,65
p_hat1500_2,81,62,845623,0.028094459004933015,1,2.0,8.0,65
p_hat1500_2,82,61,355630,0.02836524999293033,1,2.0,8.0,65
p_hat1500_2,83,62,884522,0.02761445900250692,1,2.0,8.0,65
p_hat1500_2,84,59,144310,0.02733341600105632,1,2.0,8.0,65
p_hat1500_2,85,62,152279,0.02775758299685549,1,2.0,8.0,65
p_hat1500_2,86,60,728814,0.02715479099424556,1,2.0,8.0,65
p_hat1500_2,87,62,270026,0.02837099999305792,1,2.0,8.0,65
p_hat1500_2,88,63,521809,0.031021292001241818,1,2.0,8.0,65
p_hat1500_2,89,62,939122,0.027935834004892968,1,2.0,8.0,65
p_hat1500_2,90,61,113947,0.028395583998644724,1,2.0,8.0,65
p_hat1500_2,91,62,647322,0.02722354099387303,1,2.0,8.0,65
p_hat1500_2,92,64,450727,0.027942417000303976,1,2.0,8.0,65
p_hat1500_2,93,60,151480,0.028952249995199963,1,2.0,8.0,65
p_hat1500_2,94,62,237744,0.029024791001575068,1,2.0,8.0,65
p_hat1500_2,95,62,539905,0.02984712499892339,1,2.0,8.0,65
p_hat1500_2,96,62,150132,0.030894374998752028,1,2.0,8.0,65
p_hat1500_2,97,62,206624,0.029806500009726733,1,2.0,8.0,65
p_hat1500_2,98,63,868801,0.029983999993419275,1,2.0,8.0,65
p_hat1500_2,99,61,451119,0.029872166996938176,1,2.0,8.0,65
p_hat1500_3,0,87,833771,0.02758374999393709,1,2.0,8.0,94
p_hat1500_3,1,86,963645,0.026995583000825718,1,2.0,8.0,94
p_hat1500_3,2,90,719015,0.026306166997528635,1,2.0,8.0,94
p_hat1500_3,3,87,272464,0.026212041993858293,1,2.0,8.0,94
p_hat1500_3,4,87,732346,0.026282874998287298,1,2.0,8.0,94
p_hat1500_3,5,88,339869,0.02632091699342709,1,2.0,8.0,94
p_hat1500_3,6,88,967550,0.026387749996501952,1,2.0,8.0,94
p_hat1500_3,7,88,230184,0.02633162500569597,1,2.0,8.0,94
p_hat1500_3,8,88,882661,0.02644950000103563,1,2.0,8.0,94
p_hat1500_3,9,88,204142,0.026314458998967893,1,2.0,8.0,94
p_hat1500_3,10,86,167084,0.026347541992436163,1,2.0,8.0,94
p_hat1500_3,11,87,588028,0.026440625006216578,1,2.0,8.0,94
p_hat1500_3,12,87,438380,0.026465499991900288,1,2.0,8.0,94
p_hat1500_3,13,89,160980,0.02827966699260287,1,2.0,8.0,94
p_hat1500_3,14,88,222310,0.027820792005513795,1,2.0,8.0,94
p_hat1500_3,15,88,882174,0.02746395900612697,1,2.0,8.0,94
p_hat1500_3,16,88,872705,0.02820641698781401,1,2.0,8.0,94
p_hat1500_3,17,88,291801,0.027818957998533733,1,2.0,8.0,94
p_hat1500_3,18,89,650059,0.027429709007265046,1,2.0,8.0,94
p_hat1500_3,19,88,961459,0.027678625003318302,1,2.0,8.0,94
p_hat1500_3,20,91,172351,0.028056124996510334,1,2.0,8.0,94
p_hat1500_3,21,85,416021,0.02844974999607075,1,2.0,8.0,94
p_hat1500_3,22,89,372596,0.03177179199701641,1,2.0,8.0,94
p_hat1500_3,23,87,151094,0.028868166002212092,1,2.0,8.0,94
p_hat1500_3,24,85,160730,0.028599208002560772,1,2.0,8.0,94
p_hat1500_3,25,87,842213,0.02891333399747964,1,2.0,8.0,94
p_hat1500_3,26,87,174319,0.028395707995514385,1,2.0,8.0,94
p_hat1500_3,27,88,882687,0.027387792011722922,1,2.0,8.0,94
p_hat1500_3,28,89,452189,0.027579708010307513,1,2.0,8.0,94
p_hat1500_3,29,87,292415,0.02802229201188311,1,2.0,8.0,94
p_hat1500_3,30,86,719776,0.028551291004987434,1,2.0,8.0,94
p_hat1500_3,31,90,509922,0.0276259590027621,1,2.0,8.0,94
p_hat1500_3,32,87,422770,0.027729417008231394,1,2.0,8.0,94
p_hat1500_3,33,89,987115,0.027650916992570274,1,2.0,8.0,94
p_hat1500_3,34,88,777593,0.027819416995043866,1,2.0,8.0,94
p_hat1500_3,35,88,158519,0.028313959002844058,1,2.0,8.0,94
p_hat1500_3,36,87,756309,0.027526166988536716,1,2.0,8.0,94
p_hat1500_3,37,89,467569,0.02746116599882953,1,2.0,8.0,94
p_hat1500_3,38,89,516736,0.028561708008055575,1,2.0,8.0,94
p_hat1500_3,39,89,552000,0.027453874994535,1,2.0,8.0,94
p_hat1500_3,40,87,694998,0.027604416987742297,1,2.0,8.0,94
p_hat1500_3,41,87,127860,0.026453874990693294,1,2.0,8.0,94
p_hat1500_3,42,87,195068,0.027689249996910803,1,2.0,8.0,94
p_hat1500_3,43,88,280933,0.02720845899602864,1,2.0,8.0,94
p_hat1500_3,44,88,113110,0.02641662499809172,1,2.0,8.0,94
p_hat1500_3,45,86,542611,0.02654429200629238,1,2.0,8.0,94
p_hat1500_3,46,88,429973,0.02661575000092853,1,2.0,8.0,94
p_hat1500_3,47,87,553152,0.026430750003783032,1,2.0,8.0,94
p_hat1500_3,48,87,507585,0.026378749986179173,1,2.0,8.0,94
p_hat1500_3,49,89,561684,0.027036707993829623,1,2.0,8.0,94
p_hat1500_3,50,86,686637,0.028057333998731337,1,2.0,8.0,94
p_hat1500_3,51,87,84666,0.02626695799699519,1,2.0,8.0,94
p_hat1500_3,52,89,502803,0.026413583997054957,1,2.0,8.0,94
p_hat1500_3,53,88,338846,0.026168124997639097,1,2.0,8.0,94
p_hat1500_3,54,87,134606,0.026515625009778887,1,2.0,8.0,94
p_hat1500_3,55,88,712591,0.027723958002752624,1,2.0,8.0,94
p_hat1500_3,56,87,826578,0.02873066600295715,1,2.0,8.0,94
p_hat1500_3,57,88,273067,0.027419125006417744,1,2.0,8.0,94
p_hat1500_3,58,87,246394,0.027401999992434867,1,2.0,8.0,94
p_hat1500_3,59,87,939651,0.02746783300244715,1,2.0,8.0,94
p_hat1500_3,60,88,336656,0.02842208300717175,1,2.0,8.0,94
p_hat1500_3,61,87,74590,0.02743400000326801,1,2.0,8.0,94
p_hat1500_3,62,87,72464,0.027453415998024866,1,2.0,8.0,94
p_hat1500_3,63,87,498803,0.028637916009756736,1,2.0,8.0,94
p_hat1500_3,64,88,918997,0.027733125010854565,1,2.0,8.0,94
p_hat1500_3,65,88,435685,0.027898875006940216,1,2.0,8.0,94
p_hat1500_3,66,86,921729,0.028692624997347593,1,2.0,8.0,94
p_hat1500_3,67,88,452015,0.027718582990928553,1,2.0,8.0,94
p_hat1500_3,68,89,763565,0.028506667003966868,1,2.0,8.0,94
p_hat1500_3,69,88,426660,0.027585791001911275,1,2.0,8.0,94
p_hat1500_3,70,89,284294,0.02747537499817554,1,2.0,8.0,94
p_hat1500_3,71,87,189929,0.02821183299238328,1,2.0,8.0,94
p_hat1500_3,72,89,701038,0.02796166700136382,1,2.0,8.0,94
p_hat1500_3,73,87,535144,0.02858225000090897,1,2.0,8.0,94
p_hat1500_3,74,88,406913,0.027386457993998192,1,2.0,8.0,94
p_hat1500_3,75,88,311137,0.02823645899479743,1,2.0,8.0,94
p_hat1500_3,76,87,176365,0.0279936659935629,1,2.0,8.0,94
p_hat1500_3,77,89,340849,0.027524667006218806,1,2.0,8.0,94
p_hat1500_3,78,87,698205,0.027568791003432125,1,2.0,8.0,94
p_hat1500_3,79,88,939740,0.027874666004208848,1,2.0,8.0,94
p_hat1500_3,80,88,686589,0.027344792004441842,1,2.0,8.0,94
p_hat1500_3,81,86,164338,0.027666957990732044,1,2.0,8.0,94
p_hat1500_3,82,89,122285,0.027652625009068288,1,2.0,8.0,94
p_hat1500_3,83,87,410882,0.02756562500144355,1,2.0,8.0,94
p_hat1500_3,84,88,783437,0.027515041001606733,1,2.0,8.0,94
p_hat1500_3,85,87,253675,0.027842749987030402,1,2.0,8.0,94
p_hat1500_3,86,87,293909,0.026173957987339236,1,2.0,8.0,94
p_hat1500_3,87,88,366148,0.02637700000195764,1,2.0,8.0,94
p_hat1500_3,88,88,656337,0.026476375001948327,1,2.0,8.0,94
p_hat1500_3,89,89,722115,0.026438334010890685,1,2.0,8.0,94
p_hat1500_3,90,84,273302,0.026435082996613346,1,2.0,8.0,94
p_hat1500_3,91,89,869806,0.026237708996632136,1,2.0,8.0,94
p_hat1500_3,92,87,331034,0.02639137499500066,1,2.0,8.0,94
p_hat1500_3,93,87,448277,0.02630637500260491,1,2.0,8.0,94
p_hat1500_3,94,88,199130,0.02652312499412801,1,2.0,8.0,94
p_hat1500_3,95,88,609669,0.02645575000497047,1,2.0,8.0,94
p_hat1500_3,96,87,181975,0.02668454199738335,1,2.0,8.0,94
p_hat1500_3,97,88,239295,0.026228957998682745,1,2.0,8.0,94
p_hat1500_3,98,86,125102,0.027897625011974014,1,2.0,8.0,94
p_hat1500_3,99,86,154762,0.027603082999121398,1,2.0,8.0,94
paley101,0,5,141,0.025684000007458963,1,2.0,8.0,5
paley101,1,5,290,0.02476629200100433,1,2.0,8.0,5
paley101,2,5,367,0.024527917004888877,1,2.0,8.0,5
paley101,3,5,48,0.024431041005300358,1,2.0,8.0,5
paley101,4,5,49,0.025296249994426034,1,2.0,8.0,5
paley101,5,5,101,0.024577916992711835,1,2.0,8.0,5
paley101,6,5,79,0.02466712500608992,1,2.0,8.0,5
paley101,7,5,117,0.0246799159940565,1,2.0,8.0,5
paley101,8,5,113,0.025824625001405366,1,2.0,8.0,5
paley101,9,5,60,0.024677292007254437,1,2.0,8.0,5
paley101,10,5,84,0.024783209009910934,1,2.0,8.0,5
paley101,11,5,396,0.024778709004749544,1,2.0,8.0,5
paley101,12,5,733,0.02456637501018122,1,2.0,8.0,5
paley101,13,5,285,0.0247980840067612,1,2.0,8.0,5
paley101,14,5,173,0.02467316600086633,1,2.0,8.0,5
paley101,15,5,199,0.024520499995560385,1,2.0,8.0,5
paley101,16,5,37,0.025352416996611282,1,2.0,8.0,5
paley101,17,5,38,0.024637624999741092,1,2.0,8.0,5
paley101,18,5,51,0.025438333992497064,1,2.0,8.0,5
paley101,19,5,16,0.023869625001680106,1,2.0,8.0,5
paley101,20,5,227,0.025576083004125394,1,2.0,8.0,5
paley101,21,5,80,0.024765292007941753,1,2.0,8.0,5
paley101,22,5,145,0.024650665989611298,1,2.0,8.0,5
paley101,23,5,199,0.02391529199667275,1,2.0,8.0,5
paley101,24,5,333,0.025249875005101785,1,2.0,8.0,5
paley101,25,5,30,0.024920958996517584,1,2.0,8.0,5
paley101,26,5,105,0.024577624993980862,1,2.0,8.0,5
paley101,27,5,33,0.024234541997429915,1,2.0,8.0,5
paley101,28,5,265,0.024633708002511412,1,2.0,8.0,5
paley101,29,5,225,0.024562292004702613,1,2.0,8.0,5
paley101,30,5,114,0.024593708003521897,1,2.0,8.0,5
paley101,31,5,17,0.02375187499274034,1,2.0,8.0,5
paley101,32,5,374,0.023604415997397155,1,2.0,8.0,5
paley101,33,5,53,0.02368537501024548,1,2.0,8.0,5
paley101,34,5,138,0.02369904099032283,1,2.0,8.0,5
paley101,35,5,125,0.023722708006971516,1,2.0,8.0,5
paley101,36,5,123,0.023727709005470388,1,2.0,8.0,5
paley101,37,5,113,0.023712666996289045,1,2.0,8.0,5
paley101,38,5,243,0.02381437500298489,1,2.0,8.0,5
paley101,39,5,313,0.023673333998885937,1,2.0,8.0,5
paley101,40,5,94,0.023553749997518025,1,2.0,8.0,5
paley101,41,5,234,0.023706374995526858,1,2.0,8.0,5
paley101,42,5,32,0.02364708299865015,1,2.0,8.0,5
paley101,43,5,72,0.023739292009850033,1,2.0,8.0,5
paley101,44,5,45,0.023599125008331612,1,2.0,8.0,5
paley101,45,5,85,0.023689583991654217,1,2.0,8.0,5
paley101,46,5,74,0.024772917007794604,1,2.0,8.0,5
paley101,47,5,286,0.024682333998498507,1,2.0,8.0,5
paley101,48,5,137,0.02565275000233669,1,2.0,8.0,5
paley101,49,5,205,0.024554457995691337,1,2.0,8.0,5
paley101,50,5,153,0.02462224999908358,1,2.0,8.0,5
paley101,51,5,22,0.02514495801005978,1,2.0,8.0,5
paley101,52,5,130,0.025181457996950485,1,2.0,8.0,5
paley101,53,5,15,0.024635291993035935,1,2.0,8.0,5
paley101,54,5,121,0.024647416998050176,1,2.0,8.0,5
paley101,55,5,79,0.02457920799497515,1,2.0,8.0,5
paley101,56,5,208,0.024577415999374352,1,2.0,8.0,5
paley101,57,5,30,0.024620791999041103,1,2.0,8.0,5
paley101,58,5,160,0.0256044169946108,1,2.0,8.0,5
paley101,59,5,15,0.02468149999913294,1,2.0,8.0,5
paley101,60,5,48,0.024613875008071773,1,2.0,8.0,5
paley101,61,5,63,0.025060125000891276,1,2.0,8.0,5
paley101,62,5,130,0.02458637500240002,1,2.0,8.0,5
paley101,63,5,16,0.025325374997919425,1,2.0,8.0,5
paley101,64,5,106,0.024638792005134746,1,2.0,8.0,5
paley101,65,5,469,0.024618582989205606,1,2.0,8.0,5
paley101,66,5,86,0.025117375000263564,1,2.0,8.0,5
paley101,67,5,72,0.026022082995041274,1,2.0,8.0,5
paley101,68,5,78,0.025602832989534363,1,2.0,8.0,5
paley101,69,5,14,0.024802208004985005,1,2.0,8.0,5
paley101,70,5,108,0.024946875011664815,1,2.0,8.0,5
paley101,71,5,51,0.025118792007560842,1,2.0,8.0,5
paley101,72,5,149,0.024650249994010665,1,2.0,8.0,5
paley101,73,5,113,0.02460841699212324,1,2.0,8.0,5
paley101,74,5,40,0.024585334002040327,1,2.0,8.0,5
paley101,75,5,41,0.024601917000836693,1,2.0,8.0,5
paley101,76,5,61,0.023706916996161453,1,2.0,8.0,5
paley101,77,5,136,0.024497667007381096,1,2.0,8.0,5
paley101,78,5,177,0.025438875003601424,1,2.0,8.0,5
paley101,79,5,203,0.024127124997903593,1,2.0,8.0,5
paley101,80,5,223,0.024613624991616234,1,2.0,8.0,5
paley101,81,5,13,0.02459624999028165,1,2.0,8.0,5
paley101,82,5,307,0.02402441699814517,1,2.0,8.0,5
paley101,83,5,102,0.02464608299487736,1,2.0,8.0,5
paley101,84,5,214,0.024555915995733812,1,2.0,8.0,5
paley101,85,5,72,0.02423679200001061,1,2.0,8.0,5
paley101,86,5,51,0.024783832996035926,1,2.0,8.0,5
paley101,87,5,501,0.0250229999946896,1,2.0,8.0,5
paley101,88,5,138,0.02399495900317561,1,2.0,8.0,5
paley101,89,5,51,0.02428812498692423,1,2.0,8.0,5
paley101,90,5,87,0.024774292003712617,1,2.0,8.0,5
paley101,91,5,122,0.024016374998609535,1,2.0,8.0,5
paley101,92,5,47,0.024218417005613446,1,2.0,8.0,5
paley101,93,5,21,0.02472104100161232,1,2.0,8.0,5
paley101,94,5,59,0.0246846249938244,1,2.0,8.0,5
paley101,95,5,27,0.02731237500847783,1,2.0,8.0,5
paley101,96,5,67,0.026545542001258582,1,2.0,8.0,5
paley101,97,5,126,0.029069583004456945,1,2.0,8.0,5
paley101,98,5,453,0.027166291998582892,1,2.0,8.0,5
paley101,99,5,156,0.02736804100277368,1,2.0,8.0,5
paley61,0,5,66,0.028100875002564862,1,2.0,8.0,5
paley61,1,5,39,0.026654792003682815,1,2.0,8.0,5
paley61,2,5,146,0.027731458001653664,1,2.0,8.0,5
paley61,3,5,56,0.027016874999389984,1,2.0,8.0,5
paley61,4,5,276,0.02695987500192132,1,2.0,8.0,5
paley61,5,5,47,0.027886624986422248,1,2.0,8.0,5
paley61,6,5,205,0.027698749996488914,1,2.0,8.0,5
paley61,7,5,526,0.02662225000676699,1,2.0,8.0,5
paley61,8,5,68,0.028282332990784198,1,2.0,8.0,5
paley61,9,5,450,0.026046000013593584,1,2.0,8.0,5
paley61,10,5,96,0.025433208007598296,1,2.0,8.0,5
paley61,11,5,199,0.025581000008969568,1,2.0,8.0,5
paley61,12,5,162,0.025074042001506314,1,2.0,8.0,5
paley61,13,5,48,0.025073083001188934,1,2.0,8.0,5
paley61,14,5,34,0.02411533400299959,1,2.0,8.0,5
paley61,15,5,38,0.025994458002969623,1,2.0,8.0,5
paley61,16,5,90,0.02529674999823328,1,2.0,8.0,5
paley61,17,5,221,0.02440241699514445,1,2.0,8.0,5
paley61,18,5,316,0.024732709003728814,1,2.0,8.0,5
paley61,19,5,23,0.025511624990031123,1,2.0,8.0,5
paley61,20,5,119,0.02620987499540206,1,2.0,8.0,5
paley61,21,5,212,0.027014792009140365,1,2.0,8.0,5
paley61,22,5,127,0.026649459003238007,1,2.0,8.0,5
paley61,23,5,46,0.026624082995112985,1,2.0,8.0,5
paley61,24,5,169,0.026459375003469177,1,2.0,8.0,5
paley61,25,5,33,0.026858332988922484,1,2.0,8.0,5
paley61,26,5,82,0.027849416990648024,1,2.0,8.0,5
paley61,27,5,295,0.026077666989294812,1,2.0,8.0,5
paley61,28,5,46,0.02478891699865926,1,2.0,8.0,5
paley61,29,5,230,0.02581004099920392,1,2.0,8.0,5
paley61,30,5,126,0.02498462499352172,1,2.0,8.0,5
paley61,31,5,327,0.025080958002945408,1,2.0,8.0,5
paley61,32,5,106,0.024573832997702993,1,2.0,8.0,5
paley61,33,5,18,0.024985458003357053,1,2.0,8.0,5
paley61,34,5,131,0.024880708995624445,1,2.0,8.0,5
paley61,35,5,101,0.025229417005903088,1,2.0,8.0,5
paley61,36,5,84,0.024693500003195368,1,2.0,8.0,5
paley61,37,5,281,0.027238208000198938,1,2.0,8.0,5
paley61,38,5,42,0.02522875000431668,1,2.0,8.0,5
paley61,39,5,375,0.024171583994757384,1,2.0,8.0,5
paley61,40,5,53,0.025029540993273258,1,2.0,8.0,5
paley61,41,5,183,0.025079500002902932,1,2.0,8.0,5
paley61,42,5,43,0.02438241700292565,1,2.0,8.0,5
paley61,43,5,315,0.024973499996121973,1,2.0,8.0,5
paley61,44,5,85,0.025218583003152162,1,2.0,8.0,5
paley61,45,5,83,0.025277832988649607,1,2.0,8.0,5
paley61,46,5,91,0.024091458995826542,1,2.0,8.0,5
paley61,47,5,358,0.02633925000554882,1,2.0,8.0,5
paley61,48,5,100,0.02661604099557735,1,2.0,8.0,5
paley61,49,5,46,0.02628125000046566,1,2.0,8.0,5
paley61,50,5,22,0.025716375006595626,1,2.0,8.0,5
paley61,51,5,61,0.024967833000118844,1,2.0,8.0,5
paley61,52,5,100,0.02530908399785403,1,2.0,8.0,5
paley61,53,5,237,0.02453208299994003,1,2.0,8.0,5
paley61,54,5,84,0.024942749994806945,1,2.0,8.0,5
paley61,55,5,67,0.024869499990018085,1,2.0,8.0,5
paley61,56,5,19,0.024378875008551404,1,2.0,8.0,5
paley61,57,5,219,0.02515829200274311,1,2.0,8.0,5
paley61,58,5,238,0.024359290997381322,1,2.0,8.0,5
paley61,59,5,43,0.024777999991783872,1,2.0,8.0,5
paley61,60,5,115,0.02503895800327882,1,2.0,8.0,5
paley61,61,5,28,0.02470570801233407,1,2.0,8.0,5
paley61,62,5,58,0.025295375002315268,1,2.0,8.0,5
paley61,63,5,136,0.025119083002209663,1,2.0,8.0,5
paley61,64,5,129,0.024054165987763554,1,2.0,8.0,5
paley61,65,5,53,0.025124332998530008,1,2.0,8.0,5
paley61,66,5,14,0.024911250002332963,1,2.0,8.0,5
paley61,67,5,44,0.024272750000818633,1,2.0,8.0,5
paley61,68,5,42,0.02458299999125302,1,2.0,8.0,5
paley61,69,5,204,0.025073917000554502,1,2.0,8.0,5
paley61,70,5,384,0.02445995899324771,1,2.0,8.0,5
paley61,71,5,40,0.024685124997631647,1,2.0,8.0,5
paley61,72,5,215,0.02498524999828078,1,2.0,8.0,5
paley61,73,5,40,0.02499191599781625,1,2.0,8.0,5
paley61,74,5,41,0.024068458005785942,1,2.0,8.0,5
paley61,75,5,57,0.025218209004378878,1,2.0,8.0,5
paley61,76,5,417,0.025196125003276393,1,2.0,8.0,5
paley61,77,5,64,0.024367874997551553,1,2.0,8.0,5
paley61,78,5,98,0.025028834003023803,1,2.0,8.0,5
paley61,79,5,106,0.02446708299976308,1,2.0,8.0,5
paley61,80,5,271,0.024629917010315694,1,2.0,8.0,5
paley61,81,5,84,0.02550091699231416,1,2.0,8.0,5
paley61,82,5,125,0.02497266601130832,1,2.0,8.0,5
paley61,83,5,74,0.025906625000061467,1,2.0,8.0,5
paley61,84,5,100,0.025290917008533143,1,2.0,8.0,5
paley61,85,5,109,0.024943625001469627,1,2.0,8.0,5
paley61,86,5,217,0.025068457995075732,1,2.0,8.0,5
paley61,87,5,126,0.025101541003095917,1,2.0,8.0,5
paley61,88,5,59,0.02505599999858532,1,2.0,8.0,5
paley61,89,5,341,0.024472624994814396,1,2.0,8.0,5
paley61,90,5,233,0.024967916004243307,1,2.0,8.0,5
paley61,91,5,169,0.024994999999762513,1,2.0,8.0,5
paley61,92,5,36,0.02495937499043066,1,2.0,8.0,5
paley61,93,5,333,0.0251300420059124,1,2.0,8.0,5
paley61,94,5,17,0.02409545800765045,1,2.0,8.0,5
paley61,95,5,117,0.0239990419941023,1,2.0,8.0,5
paley61,96,5,124,0.02414758299710229,1,2.0,8.0,5
paley61,97,5,159,0.024024290993111208,1,2.0,8.0,5
paley61,98,5,110,0.024047250000876375,1,2.0,8.0,5
paley61,99,5,86,0.024073375010630116,1,2.0,8.0,5
paley73,0,5,464,0.023995541996555403,1,2.0,8.0,5
paley73,1,5,287,0.024011625006096438,1,2.0,8.0,5
paley73,2,5,100,0.023931791991344653,1,2.0,8.0,5
paley73,3,5,24,0.023696082993410528,1,2.0,8.0,5
paley73,4,5,44,0.023765332996845245,1,2.0,8.0,5
paley73,5,5,42,0.023747458995785564,1,2.0,8.0,5
paley73,6,5,35,0.023894290992757306,1,2.0,8.0,5
paley73,7,5,542,0.023875124999904074,1,2.0,8.0,5
paley73,8,5,250,0.02388312500261236,1,2.0,8.0,5
paley73,9,5,47,0.0238514579978073,1,2.0,8.0,5
paley73,10,5,29,0.023873250000178814,1,2.0,8.0,5
paley73,11,5,51,0.02372708400071133,1,2.0,8.0,5
paley73,12,5,61,0.02368254101020284,1,2.0,8.0,5
paley73,13,5,247,0.023747624989482574,1,2.0,8.0,5
paley73,14,5,140,0.024053374989307486,1,2.0,8.0,5
paley73,15,5,26,0.02437216699763667,1,2.0,8.0,5
paley73,16,5,268,0.0245715420023771,1,2.0,8.0,5
paley73,17,5,27,0.023844208000809886,1,2.0,8.0,5
paley73,18,5,118,0.023681292004766874,1,2.0,8.0,5
paley73,19,5,80,0.023667208006372675,1,2.0,8.0,5
paley73,20,5,251,0.023777166003128514,1,2.0,8.0,5
paley73,21,5,95,0.02360054101154674,1,2.0,8.0,5
paley73,22,5,69,0.023686250002356246,1,2.0,8.0,5
paley73,23,5,199,0.023803542004316114,1,2.0,8.0,5
paley73,24,5,33,0.025438124997890554,1,2.0,8.0,5
paley73,25,5,57,0.024660292008775286,1,2.0,8.0,5
paley73,26,5,290,0.024798583996016532,1,2.0,8.0,5
paley73,27,5,103,0.025676208999357186,1,2.0,8.0,5
paley73,28,5,116,0.024681707989657298,1,2.0,8.0,5
paley73,29,5,161,0.025412792005226947,1,2.0,8.0,5
paley73,30,5,86,0.025050125012057833,1,2.0,8.0,5
paley73,31,5,707,0.02468125001178123,1,2.0,8.0,5
paley73,32,5,72,0.02575616601097863,1,2.0,8.0,5
paley73,33,5,39,0.024745999995502643,1,2.0,8.0,5
paley73,34,5,130,0.02501062500232365,1,2.0,8.0,5
paley73,35,5,240,0.02555883300374262,1,2.0,8.0,5
paley73,36,5,43,0.024836708005750552,1,2.0,8.0,5
paley73,37,5,131,0.02479670799220912,1,2.0,8.0,5
paley73,38,5,129,0.025530250000883825,1,2.0,8.0,5
paley73,39,5,195,0.02489112500916235,1,2.0,8.0,5
paley73,40,5,26,0.024429958008113317,1,2.0,8.0,5
paley73,41,5,151,0.024760250002145767,1,2.0,8.0,5
paley73,42,5,43,0.02577125000243541,1,2.0,8.0,5
paley73,43,5,91,0.024986625008750707,1,2.0,8.0,5
paley73,44,5,422,0.02533233299618587,1,2.0,8.0,5
paley73,45,5,38,0.024643707991344854,1,2.0,8.0,5
paley73,46,5,307,0.02467308299674187,1,2.0,8.0,5
paley73,47,5,271,0.02461866699741222,1,2.0,8.0,5
paley73,48,5,322,0.025578458997188136,1,2.0,8.0,5
paley73,49,5,31,0.02459925001312513,1,2.0,8.0,5
paley73,50,5,196,0.024697917004232295,1,2.0,8.0,5
paley73,51,5,60,0.02535925000847783,1,2.0,8.0,5
paley73,52,5,87,0.02502233299310319,1,2.0,8.0,5
paley73,53,5,200,0.02459337499749381,1,2.0,8.0,5
paley73,54,5,571,0.02497008300269954,1,2.0,8.0,5
paley73,55,5,18,0.02526070800377056,1,2.0,8.0,5
paley73,56,5,755,0.024878291005734354,1,2.0,8.0,5
paley73,57,5,13,0.02474787500977982,1,2.0,8.0,5
paley73,58,5,181,0.024689458005013876,1,2.0,8.0,5
paley73,59,5,217,0.024664917000336573,1,2.0,8.0,5
paley73,60,5,38,0.024749916003202088,1,2.0,8.0,5
paley73,61,5,23,0.02484758298669476,1,2.0,8.0,5
paley73,62,5,26,0.025465458995313384,1,2.0,8.0,5
paley73,63,5,191,0.025175625007250346,1,2.0,8.0,5
paley73,64,5,126,0.024746416995185427,1,2.0,8.0,5
paley73,65,5,21,0.024732166988542303,1,2.0,8.0,5
paley73,66,5,90,0.02479645899438765,1,2.0,8.0,5
paley73,67,5,34,0.02498929199646227,1,2.0,8.0,5
paley73,68,5,23,0.02473708300385624,1,2.0,8.0,5
paley73,69,5,45,0.024616916009108536,1,2.0,8.0,5
paley73,70,5,98,0.024632417000248097,1,2.0,8.0,5
paley73,71,5,125,0.02466279199870769,1,2.0,8.0,5
paley73,72,5,31,0.025660166997113265,1,2.0,8.0,5
paley73,73,5,176,0.024703374991077,1,2.0,8.0,5
paley73,74,5,38,0.024601708006230183,1,2.0,8.0,5
paley73,75,5,24,0.023942415995406918,1,2.0,8.0,5
paley73,76,5,218,0.02469187500537373,1,2.0,8.0,5
paley73,77,5,54,0.02484633399581071,1,2.0,8.0,5
paley73,78,5,296,0.024764332993072458,1,2.0,8.0,5
paley73,79,5,27,0.024631624997709878,1,2.0,8.0,5
paley73,80,5,28,0.024674999993294477,1,2.0,8.0,5
paley73,81,5,209,0.02485579199856147,1,2.0,8.0,5
paley73,82,5,9,0.0240521250088932,1,2.0,8.0,5
paley73,83,5,76,0.0246400000032736,1,2.0,8.0,5
paley73,84,5,40,0.024641500000143424,1,2.0,8.0,5
paley73,85,5,30,0.02470720899873413,1,2.0,8.0,5
paley73,86,5,91,0.024698374996660277,1,2.0,8.0,5
paley73,87,5,98,0.02467787500063423,1,2.0,8.0,5
paley73,88,5,328,0.02459225000347942,1,2.0,8.0,5
paley73,89,5,34,0.023702000005869195,1,2.0,8.0,5
paley73,90,5,291,0.023883000001660548,1,2.0,8.0,5
paley73,91,5,191,0.023717042000498623,1,2.0,8.0,5
paley73,92,5,267,0.02366775000700727,1,2.0,8.0,5
paley73,93,5,93,0.023710041990852915,1,2.0,8.0,5
paley73,94,5,44,0.023702958002104424,1,2.0,8.0,5
paley73,95,5,64,0.023725667007965967,1,2.0,8.0,5
paley73,96,5,12,0.023759415998938493,1,2.0,8.0,5
paley73,97,5,462,0.023782207994372584,1,2.0,8.0,5
paley73,98,5,21,0.02380424999864772,1,2.0,8.0,5
paley73,99,5,108,0.023739875003229827,1,2.0,8.0,5
paley89,0,5,159,0.02396016700367909,1,2.0,8.0,5
paley89,1,5,37,0.02388691699889023,1,2.0,8.0,5
paley89,2,5,24,0.02384087500104215,1,2.0,8.0,5
paley89,3,5,19,0.02378895800211467,1,2.0,8.0,5
paley89,4,5,45,0.023686166998231784,1,2.0,8.0,5
paley89,5,5,340,0.023740542004816234,1,2.0,8.0,5
paley89,6,5,110,0.02363799999875482,1,2.0,8.0,5
paley89,7,5,290,0.023628249997273088,1,2.0,8.0,5
paley89,8,5,229,0.023653374999412335,1,2.0,8.0,5
paley89,9,5,74,0.023601791996043175,1,2.0,8.0,5
paley89,10,5,23,0.023746167003992014,1,2.0,8.0,5
paley89,11,5,93,0.02400520800438244,1,2.0,8.0,5
paley89,12,5,95,0.024318249998032115,1,2.0,8.0,5
paley89,13,5,17,0.023694792005699128,1,2.0,8.0,5
paley89,14,5,31,0.02357370800746139,1,2.0,8.0,5
paley89,15,5,193,0.02374324999982491,1,2.0,8.0,5
paley89,16,5,144,0.02357241699064616,1,2.0,8.0,5
paley89,17,5,134,0.023597208011779003,1,2.0,8.0,5
paley89,18,5,379,0.02361154099344276,1,2.0,8.0,5
paley89,19,5,67,0.024546417000237852,1,2.0,8.0,5
paley89,20,5,111,0.025214250010321848,1,2.0,8.0,5
paley89,21,5,67,0.024570499997935258,1,2.0,8.0,5
paley89,22,5,280,0.025790750005398877,1,2.0,8.0,5
paley89,23,5,30,0.024404499999945983,1,2.0,8.0,5
paley89,24,5,47,0.024632250002468936,1,2.0,8.0,5
paley89,25,5,23,0.024644332996103913,1,2.0,8.0,5
paley89,26,5,64,0.024601875004009344,1,2.0,8.0,5
paley89,27,5,280,0.024679166002897546,1,2.0,8.0,5
paley89,28,5,24,0.024664415992447175,1,2.0,8.0,5
paley89,29,5,28,0.024545457999920473,1,2.0,8.0,5
paley89,30,5,46,0.025377166995895095,1,2.0,8.0,5
paley89,31,5,390,0.024499958992237225,1,2.0,8.0,5
paley89,32,5,47,0.02459470801113639,1,2.0,8.0,5
paley89,33,5,26,0.025286250005592592,1,2.0,8.0,5
paley89,34,5,138,0.02459975000238046,1,2.0,8.0,5
paley89,35,5,99,0.02478029200574383,1,2.0,8.0,5
paley89,36,5,23,0.024540875005186535,1,2.0,8.0,5
paley89,37,5,112,0.02555966700310819,1,2.0,8.0,5
paley89,38,5,359,0.024655500004882924,1,2.0,8.0,5
paley89,39,5,130,0.024529459013137966,1,2.0,8.0,5
paley89,40,5,165,0.02463908400386572,1,2.0,8.0,5
paley89,41,5,84,0.024688500008778647,1,2.0,8.0,5
paley89,42,5,85,0.025867166987154633,1,2.0,8.0,5
paley89,43,5,159,0.024588624990428798,1,2.0,8.0,5
paley89,44,5,179,0.024574916998972185,1,2.0,8.0,5
paley89,45,5,85,0.024624125013360754,1,2.0,8.0,5
paley89,46,5,32,0.02475416699599009,1,2.0,8.0,5
paley89,47,5,25,0.024650667008245364,1,2.0,8.0,5
paley89,48,5,44,0.024550125002861023,1,2.0,8.0,5
paley89,49,5,32,0.024570082998252474,1,2.0,8.0,5
paley89,50,5,44,0.02452833400457166,1,2.0,8.0,5
paley89,51,5,300,0.024602500008768402,1,2.0,8.0,5
paley89,52,5,119,0.02557175001129508,1,2.0,8.0,5
paley89,53,5,24,0.024654999986523762,1,2.0,8.0,5
paley89,54,5,87,0.02499662499758415,1,2.0,8.0,5
paley89,55,5,270,0.025221959003829397,1,2.0,8.0,5
paley89,56,5,219,0.024631332998978905,1,2.0,8.0,5
paley89,57,5,181,0.02475054099340923,1,2.0,8.0,5
paley89,58,5,53,0.024473457990097813,1,2.0,8.0,5
paley89,59,5,25,0.024685124997631647,1,2.0,8.0,5
paley89,60,5,123,0.02520170899515506,1,2.0,8.0,5
paley89,61,5,72,0.024510874995030463,1,2.0,8.0,5
paley89,62,5,92,0.024467124996590428,1,2.0,8.0,5
paley89,63,5,308,0.024574082999606617,1,2.0,8.0,5
paley89,64,5,126,0.025453833004576154,1,2.0,8.0,5
paley89,65,5,32,0.024679084002855234,1,2.0,8.0,5
paley89,66,5,32,0.02459716699377168,1,2.0,8.0,5
paley89,67,5,112,0.02492500000516884,1,2.0,8.0,5
paley89,68,5,251,0.02475441701244563,1,2.0,8.0,5
paley89,69,5,247,0.024701749993255362,1,2.0,8.0,5
paley89,70,5,31,0.024261999991722405,1,2.0,8.0,5
paley89,71,5,70,0.02432087498891633,1,2.0,8.0,5
paley89,72,5,139,0.02452745799382683,1,2.0,8.0,5
paley89,73,5,243,0.02462162499432452,1,2.0,8.0,5
paley89,74,5,105,0.024508167000021785,1,2.0,8.0,5
paley89,75,5,376,0.024488416005624458,1,2.0,8.0,5
paley89,76,5,96,0.024460083994199522,1,2.0,8.0,5
paley89,77,5,107,0.024564791994635016,1,2.0,8.0,5
paley89,78,5,115,0.02389075000246521,1,2.0,8.0,5
paley89,79,5,58,0.024597084004199132,1,2.0,8.0,5
paley89,80,5,150,0.0245774579962017,1,2.0,8.0,5
paley89,81,5,44,0.024700249996385537,1,2.0,8.0,5
paley89,82,5,16,0.024666875004186295,1,2.0,8.0,5
paley89,83,5,92,0.024632291999296285,1,2.0,8.0,5
paley89,84,5,81,0.024458125000819564,1,2.0,8.0,5
paley89,85,5,150,0.02372529100102838,1,2.0,8.0,5
paley89,86,5,45,0.023640917002921924,1,2.0,8.0,5
paley89,87,5,456,0.023695707990555093,1,2.0,8.0,5
paley89,88,5,175,0.023656666991882958,1,2.0,8.0,5
paley89,89,5,53,0.023757542003295384,1,2.0,8.0,5
paley89,90,5,670,0.023785291996318847,1,2.0,8.0,5
paley89,91,5,338,0.023586041992530227,1,2.0,8.0,5
paley89,92,5,304,0.023689875000854954,1,2.0,8.0,5
paley89,93,5,221,0.023707584012299776,1,2.0,8.0,5
paley89,94,5,67,0.02357849999680184,1,2.0,8.0,5
paley89,95,5,110,0.02356800000416115,1,2.0,8.0,5
paley89,96,5,53,0.02360108299762942,1,2.0,8.0,5
paley89,97,5,333,0.02369529199495446,1,2.0,8.0,5
paley89,98,5,250,0.023637165999389254,1,2.0,8.0,5
paley89,99,5,134,0.023618332998012193,1,2.0,8.0,5
paley97,0,6,725,0.023308167001232505,1,2.0,8.0,6
paley97,1,6,110,0.023104042003978975,1,2.0,8.0,6
paley97,2,6,439,0.0231225000025006,1,2.0,8.0,6
paley97,3,6,241,0.022989374992903322,1,2.0,8.0,6
paley97,4,6,376,0.02291095799591858,1,2.0,8.0,6
paley97,5,6,412,0.023128124987124465,1,2.0,8.0,6
paley97,6,6,123,0.02295349999621976,1,2.0,8.0,6
paley97,7,6,40,0.02295283401326742,1,2.0,8.0,6
paley97,8,6,214,0.02329174999613315,1,2.0,8.0,6
paley97,9,6,170,0.022913792010513134,1,2.0,8.0,6
paley97,10,6,90,0.022871082997880876,1,2.0,8.0,6
paley97,11,6,115,0.022899125004187226,1,2.0,8.0,6
paley97,12,6,251,0.02285199999460019,1,2.0,8.0,6
paley97,13,6,329,0.022932042003958486,1,2.0,8.0,6
paley97,14,6,109,0.022971083992160857,1,2.0,8.0,6
paley97,15,6,266,0.02390575000026729,1,2.0,8.0,6
paley97,16,6,601,0.02459149999776855,1,2.0,8.0,6
paley97,17,6,167,0.0238566250045551,1,2.0,8.0,6
paley97,18,6,210,0.023821124996175058,1,2.0,8.0,6
paley97,19,6,67,0.024265874992124736,1,2.0,8.0,6
paley97,20,6,375,0.023986000000149943,1,2.0,8.0,6
paley97,21,6,255,0.02396233299805317,1,2.0,8.0,6
paley97,22,6,103,0.024754041005508043,1,2.0,8.0,6
paley97,23,6,77,0.023885082991910167,1,2.0,8.0,6
paley97,24,6,215,0.0239522919873707,1,2.0,8.0,6
paley97,25,6,435,0.023845833013183437,1,2.0,8.0,6
paley97,26,6,234,0.023892875004094094,1,2.0,8.0,6
paley97,27,6,918,0.024775875004706904,1,2.0,8.0,6
paley97,28,6,150,0.023800916998879984,1,2.0,8.0,6
paley97,29,6,108,0.024131791011313908,1,2.0,8.0,6
paley97,30,6,98,0.023919250001199543,1,2.0,8.0,6
paley97,31,6,192,0.02379566700255964,1,2.0,8.0,6
paley97,32,6,334,0.023820916991098784,1,2.0,8.0,6
paley97,33,6,50,0.02385245799086988,1,2.0,8.0,6
paley97,34,6,81,0.02462224999908358,1,2.0,8.0,6
paley97,35,6,102,0.024307874991791323,1,2.0,8.0,6
paley97,36,6,891,0.023715541989076883,1,2.0,8.0,6
paley97,37,6,501,0.023824874995625578,1,2.0,8.0,6
paley97,38,6,399,0.024398207999183796,1,2.0,8.0,6
paley97,39,6,689,0.023966000007931143,1,2.0,8.0,6
paley97,40,6,63,0.023957917001098394,1,2.0,8.0,6
paley97,41,6,583,0.023940917002619244,1,2.0,8.0,6
paley97,42,6,120,0.024380165996262804,1,2.0,8.0,6
paley97,43,6,205,0.024278500000946224,1,2.0,8.0,6
paley97,44,6,507,0.02415737500996329,1,2.0,8.0,6
paley97,45,6,144,0.024623459001304582,1,2.0,8.0,6
paley97,46,6,103,0.023733458001515828,1,2.0,8.0,6
paley97,47,6,171,0.024077000009128824,1,2.0,8.0,6
paley97,48,6,873,0.02385599999979604,1,2.0,8.0,6
paley97,49,6,597,0.023809792008250952,1,2.0,8.0,6
paley97,50,6,325,0.02468254200357478,1,2.0,8.0,6
paley97,51,6,744,0.025639624989707954,1,2.0,8.0,6
paley97,52,6,179,0.02396570800920017,1,2.0,8.0,6
paley97,53,6,164,0.024130207995767705,1,2.0,8.0,6
paley97,54,6,233,0.0229177089931909,1,2.0,8.0,6
paley97,55,6,90,0.024740166001720354,1,2.0,8.0,6
paley97,56,6,332,0.023892833007266745,1,2.0,8.0,6
paley97,57,6,222,0.023944125001435168,1,2.0,8.0,6
paley97,58,6,918,0.023886208000476472,1,2.0,8.0,6
paley97,59,6,47,0.023839791989303194,1,2.0,8.0,6
paley97,60,6,2235,0.0241447500011418,1,2.0,8.0,6
paley97,61,6,329,0.023912916993140243,1,2.0,8.0,6
paley97,62,6,51,0.02385766700899694,1,2.0,8.0,6
paley97,63,6,252,0.024395875007030554,1,2.0,8.0,6
paley97,64,6,126,0.02398762499797158,1,2.0,8.0,6
paley97,65,6,1834,0.024483957997290418,1,2.0,8.0,6
paley97,66,6,228,0.02387866699427832,1,2.0,8.0,6
paley97,67,6,95,0.023890875003417023,1,2.0,8.0,6
paley97,68,6,212,0.02311883399670478,1,2.0,8.0,6
paley97,69,6,123,0.02393008400395047,1,2.0,8.0,6
paley97,70,6,112,0.023838166001951322,1,2.0,8.0,6
paley97,71,6,105,0.024051625005085953,1,2.0,8.0,6
paley97,72,6,141,0.02340250000997912,1,2.0,8.0,6
paley97,73,6,177,0.0238162080058828,1,2.0,8.0,6
paley97,74,6,482,0.023710416004178114,1,2.0,8.0,6
paley97,75,6,625,0.023741124998196028,1,2.0,8.0,6
paley97,76,6,421,0.023783332988386974,1,2.0,8.0,6
paley97,77,6,79,0.023902375003672205,1,2.0,8.0,6
paley97,78,6,38,0.023327000002609566,1,2.0,8.0,6
paley97,79,6,152,0.023990625006263144,1,2.0,8.0,6
paley97,80,6,215,0.024028040992561728,1,2.0,8.0,6
paley97,81,6,54,0.023877250001532957,1,2.0,8.0,6
paley97,82,6,324,0.023012874997220933,1,2.0,8.0,6
paley97,83,6,20,0.022998750006081536,1,2.0,8.0,6
paley97,84,6,407,0.023206750003737397,1,2.0,8.0,6
paley97,85,6,134,0.023082291998434812,1,2.0,8.0,6
paley97,86,6,234,0.023071250005159527,1,2.0,8.0,6
paley97,87,6,113,0.023126917003537528,1,2.0,8.0,6
paley97,88,6,98,0.022946333992877044,1,2.0,8.0,6
paley97,89,6,618,0.023013832993456163,1,2.0,8.0,6
paley97,90,6,349,0.023169874999439344,1,2.0,8.0,6
paley97,91,6,245,0.02299387499806471,1,2.0,8.0,6
paley97,92,6,481,0.023042625005473383,1,2.0,8.0,6
paley97,93,6,277,0.023110750000341795,1,2.0,8.0,6
paley97,94,6,121,0.02293558299425058,1,2.0,8.0,6
paley97,95,6,77,0.023067457994329743,1,2.0,8.0,6
paley97,96,6,424,0.023140874996897765,1,2.0,8.0,6
paley97,97,6,1497,0.02301900000020396,1,2.0,8.0,6
paley97,98,6,1144,0.022970874997554347,1,2.0,8.0,6
paley97,99,6,899,0.022980415989877656,1,2.0,8.0,6
san200-0-7-1,0,16,544,0.033449667011154816,1,2.0,8.0,30
san200-0-7-1,1,16,872,0.03350245898764115,1,2.0,8.0,30
san200-0-7-1,2,16,690753,0.03304700000444427,1,2.0,8.0,30
san200-0-7-1,3,15,3243,0.033167750007123686,1,2.0,8.0,30
san200-0-7-1,4,16,146363,0.03364029200747609,1,2.0,8.0,30
san200-0-7-1,5,16,110748,0.0336019169917563,1,2.0,8.0,30
san200-0-7-1,6,15,163,0.03306337499816436,1,2.0,8.0,30
san200-0-7-1,7,16,883551,0.033395291000488214,1,2.0,8.0,30
san200-0-7-1,8,15,4808,0.03347500000381842,1,2.0,8.0,30
san200-0-7-1,9,15,628,0.03314820800733287,1,2.0,8.0,30
san200-0-7-1,10,15,464,0.03453504199569579,1,2.0,8.0,30
san200-0-7-1,11,16,221127,0.035282833996461704,1,2.0,8.0,30
san200-0-7-1,12,16,880207,0.034889291011495516,1,2.0,8.0,30
san200-0-7-1,13,16,1008,0.03437116599525325,1,2.0,8.0,30
san200-0-7-1,14,15,7573,0.034740165996481664,1,2.0,8.0,30
san200-0-7-1,15,15,7894,0.035220124991610646,1,2.0,8.0,30
san200-0-7-1,16,16,977,0.0350122499949066,1,2.0,8.0,30
san200-0-7-1,17,16,236160,0.03435950000130106,1,2.0,8.0,30
san200-0-7-1,18,16,9612,0.035863791999872774,1,2.0,8.0,30
san200-0-7-1,19,16,503189,0.03522191599768121,1,2.0,8.0,30
san200-0-7-1,20,16,455844,0.034743584008538164,1,2.0,8.0,30
san200-0-7-1,21,15,273,0.035118457992211916,1,2.0,8.0,30
san200-0-7-1,22,15,2412,0.03473308299726341,1,2.0,8.0,30
san200-0-7-1,23,16,416365,0.03414616700320039,1,2.0,8.0,30
san200-0-7-1,24,15,184,0.03494666700134985,1,2.0,8.0,30
san200-0-7-1,25,16,631085,0.034501833011745475,1,2.0,8.0,30
san200-0-7-1,26,16,753827,0.0351609159988584,1,2.0,8.0,30
san200-0-7-1,27,16,834942,0.034818333995644934,1,2.0,8.0,30
san200-0-7-1,28,15,5174,0.03395762501168065,1,2.0,8.0,30
san200-0-7-1,29,16,883922,0.03495537501294166,1,2.0,8.0,30
san200-0-7-1,30,16,407654,0.03479129199695308,1,2.0,8.0,30
san200-0-7-1,31,15,100,0.03415845800191164,1,2.0,8.0,30
san200-0-7-1,32,18,340,0.03500587499001995,1,2.0,8.0,30
san200-0-7-1,33,16,1082,0.03417891699064057,1,2.0,8.0,30
san200-0-7-1,34,16,450718,0.03506575000938028,1,2.0,8.0,30
san200-0-7-1,35,15,11620,0.03423004200158175,1,2.0,8.0,30
san200-0-7-1,36,16,658543,0.034760583002935164,1,2.0,8.0,30
san200-0-7-1,37,15,928,0.0342079159891,1,2.0,8.0,30
san200-0-7-1,38,15,1550,0.034628167006303556,1,2.0,8.0,30
san200-0-7-1,39,16,889079,0.034474041996872984,1,2.0,8.0,30
san200-0-7-1,40,15,645,0.03496495800209232,1,2.0,8.0,30
san200-0-7-1,41,16,330653,0.0338465829991037,1,2.0,8.0,30
san200-0-7-1,42,15,939,0.03470874999766238,1,2.0,8.0,30
san200-0-7-1,43,16,566,0.03458520800631959,1,2.0,8.0,30
san200-0-7-1,44,16,737,0.03463199999532662,1,2.0,8.0,30
san200-0-7-1,45,15,178,0.034440750008798204,1,2.0,8.0,30
san200-0-7-1,46,16,901453,0.03457708300265949,1,2.0,8.0,30
san200-0-7-1,47,15,73,0.03511854200041853,1,2.0,8.0,30
san200-0-7-1,48,16,619505,0.03388308400462847,1,2.0,8.0,30
san200-0-7-1,49,16,1093,0.03446904099837411,1,2.0,8.0,30
san200-0-7-1,50,16,576512,0.03435891699336935,1,2.0,8.0,30
san200-0-7-1,51,16,1344,0.0339712499990128,1,2.0,8.0,30
san200-0-7-1,52,16,500724,0.03435416700085625,1,2.0,8.0,30
san200-0-7-1,53,16,874,0.033740334009053186,1,2.0,8.0,30
san200-0-7-1,54,15,489,0.03497016600158531,1,2.0,8.0,30
san200-0-7-1,55,15,237,0.03368566698918585,1,2.0,8.0,30
san200-0-7-1,56,16,102163,0.034181499999249354,1,2.0,8.0,30
san200-0-7-1,57,16,5132,0.033540250005899,1,2.0,8.0,30
san200-0-7-1,58,15,7185,0.03346849999797996,1,2.0,8.0,30
san200-0-7-1,59,16,610330,0.033446125002228655,1,2.0,8.0,30
san200-0-7-1,60,16,378036,0.033425916990381666,1,2.0,8.0,30
san200-0-7-1,61,16,338347,0.0331615420000162,1,2.0,8.0,30
san200-0-7-1,62,16,384,0.03338316599547397,1,2.0,8.0,30
san200-0-7-1,63,15,2875,0.033572083004401065,1,2.0,8.0,30
san200-0-7-1,64,16,536,0.03350220799620729,1,2.0,8.0,30
san200-0-7-1,65,16,838319,0.03354537500126753,1,2.0,8.0,30
san200-0-7-1,66,15,343,0.03312779200496152,1,2.0,8.0,30
san200-0-7-1,67,15,9181,0.03334995800105389,1,2.0,8.0,30
san200-0-7-1,68,16,742351,0.0331347079918487,1,2.0,8.0,30
san200-0-7-1,69,15,5006,0.03368937500636093,1,2.0,8.0,30
san200-0-7-1,70,15,13771,0.033594874999835156,1,2.0,8.0,30
san200-0-7-1,71,15,6212,0.03228712499549147,1,2.0,8.0,30
san200-0-7-1,72,16,155139,0.03221849999681581,1,2.0,8.0,30
san200-0-7-1,73,16,741866,0.034197749992017634,1,2.0,8.0,30
san200-0-7-1,74,16,747032,0.033353165999869816,1,2.0,8.0,30
san200-0-7-1,75,15,8439,0.03332116699311882,1,2.0,8.0,30
san200-0-7-1,76,16,469885,0.033691916993120685,1,2.0,8.0,30
san200-0-7-1,77,16,648678,0.03300041599140968,1,2.0,8.0,30
san200-0-7-1,78,16,560,0.03329458300140686,1,2.0,8.0,30
san200-0-7-1,79,15,526,0.033065416995668784,1,2.0,8.0,30
san200-0-7-1,80,15,2713,0.034258833999047056,1,2.0,8.0,30
san200-0-7-1,81,16,361993,0.0349921660090331,1,2.0,8.0,30
san200-0-7-1,82,16,423651,0.034983500008820556,1,2.0,8.0,30
san200-0-7-1,83,15,232,0.035327333011082374,1,2.0,8.0,30
san200-0-7-1,84,16,932823,0.03460537499631755,1,2.0,8.0,30
san200-0-7-1,85,16,858607,0.034944291997817345,1,2.0,8.0,30
san200-0-7-1,86,16,966333,0.035182000006898306,1,2.0,8.0,30
san200-0-7-1,87,15,4389,0.035138084000209346,1,2.0,8.0,30
san200-0-7-1,88,16,467331,0.03406945899769198,1,2.0,8.0,30
san200-0-7-1,89,15,4215,0.034809707998647355,1,2.0,8.0,30
san200-0-7-1,90,15,3281,0.03567737499543,1,2.0,8.0,30
san200-0-7-1,91,30,1722,0.026611791996401735,1,2.0,8.0,30
san200-0-7-1,92,16,1090,0.03521145900595002,1,2.0,8.0,30
san200-0-7-1,93,16,876564,0.03482695799903013,1,2.0,8.0,30
san200-0-7-1,94,15,139,0.034096832998329774,1,2.0,8.0,30
san200-0-7-1,95,15,1129,0.03523620800115168,1,2.0,8.0,30
san200-0-7-1,96,15,4593,0.03442100000393111,1,2.0,8.0,30
san200-0-7-1,97,16,263915,0.03476120800769422,1,2.0,8.0,30
san200-0-7-1,98,15,694,0.03506687500339467,1,2.0,8.0,30
san200-0-7-1,99,16,79638,0.03471033299865667,1,2.0,8.0,30
san200-0-7-2,0,12,233,0.035317208006745204,1,2.0,8.0,18
san200-0-7-2,1,13,238841,0.03476437499921303,1,2.0,8.0,18
san200-0-7-2,2,13,138318,0.03352454100968316,1,2.0,8.0,18
san200-0-7-2,3,13,63328,0.034483959010685794,1,2.0,8.0,18
san200-0-7-2,4,13,25529,0.03411791700636968,1,2.0,8.0,18
san200-0-7-2,5,13,379374,0.03345354199700523,1,2.0,8.0,18
san200-0-7-2,6,13,1549,0.03348299999197479,1,2.0,8.0,18
san200-0-7-2,7,14,989,0.034536082996055484,1,2.0,8.0,18
san200-0-7-2,8,13,261858,0.03361866599880159,1,2.0,8.0,18
san200-0-7-2,9,13,532095,0.0345420829980867,1,2.0,8.0,18
san200-0-7-2,10,12,50,0.03334612499747891,1,2.0,8.0,18
san200-0-7-2,11,13,100531,0.03438079199986532,1,2.0,8.0,18
san200-0-7-2,12,13,495949,0.03449125000042841,1,2.0,8.0,18
san200-0-7-2,13,13,529,0.07292933399730828,1,2.0,8.0,18
san200-0-7-2,14,13,327537,0.034857874998124316,1,2.0,8.0,18
san200-0-7-2,15,13,787409,0.03412916600063909,1,2.0,8.0,18
san200-0-7-2,16,13,449268,0.034352542003034614,1,2.0,8.0,18
san200-0-7-2,17,13,195267,0.03446245899249334,1,2.0,8.0,18
san200-0-7-2,18,13,3686,0.032860750012332574,1,2.0,8.0,18
san200-0-7-2,19,13,909896,0.03280325001105666,1,2.0,8.0,18
san200-0-7-2,20,13,172931,0.03366620899760164,1,2.0,8.0,18
san200-0-7-2,21,13,319232,0.035619417001726106,1,2.0,8.0,18
san200-0-7-2,22,13,635,0.03570024999498855,1,2.0,8.0,18
san200-0-7-2,23,13,225706,0.035503874998539686,1,2.0,8.0,18
san200-0-7-2,24,13,232,0.03422691700689029,1,2.0,8.0,18
san200-0-7-2,25,13,831,0.03559749999840278,1,2.0,8.0,18
san200-0-7-2,26,13,854157,0.035105999995721504,1,2.0,8.0,18
san200-0-7-2,27,13,290880,0.034521875000791624,1,2.0,8.0,18
san200-0-7-2,28,13,269139,0.03351304201351013,1,2.0,8.0,18
san200-0-7-2,29,13,227932,0.032720332994358614,1,2.0,8.0,18
san200-0-7-2,30,12,13423,0.03289674999541603,1,2.0,8.0,18
san200-0-7-2,31,13,656719,0.032799958004034124,1,2.0,8.0,18
san200-0-7-2,32,13,845953,0.03475799999432638,1,2.0,8.0,18
san200-0-7-2,33,12,3242,0.03677458400488831,1,2.0,8.0,18
san200-0-7-2,34,13,565268,0.03698808299668599,1,2.0,8.0,18
san200-0-7-2,35,13,362825,0.035777084005530924,1,2.0,8.0,18
san200-0-7-2,36,13,731565,0.03560629200364929,1,2.0,8.0,18
san200-0-7-2,37,13,666014,0.03560191699943971,1,2.0,8.0,18
san200-0-7-2,38,13,1702,0.03519483299169224,1,2.0,8.0,18
san200-0-7-2,39,13,775407,0.03275374999793712,1,2.0,8.0,18
san200-0-7-2,40,13,207383,0.03264445799868554,1,2.0,8.0,18
san200-0-7-2,41,13,506644,0.03307670899084769,1,2.0,8.0,18
san200-0-7-2,42,13,339391,0.03590016599628143,1,2.0,8.0,18
san200-0-7-2,43,13,870,0.04213116699247621,1,2.0,8.0,18
san200-0-7-2,44,12,2621,0.0416953329986427,1,2.0,8.0,18
san200-0-7-2,45,13,899981,0.03919941700587515,1,2.0,8.0,18
san200-0-7-2,46,13,6246,0.03901600000972394,1,2.0,8.0,18
san200-0-7-2,47,13,601517,0.03619804100890178,1,2.0,8.0,18
san200-0-7-2,48,13,62354,0.03584616701118648,1,2.0,8.0,18
san200-0-7-2,49,13,4958,0.03544112500094343,1,2.0,8.0,18
san200-0-7-2,50,13,503,0.035255666996818036,1,2.0,8.0,18
san200-0-7-2,51,13,222491,0.03568012500181794,1,2.0,8.0,18
san200-0-7-2,52,13,687529,0.03548920899629593,1,2.0,8.0,18
san200-0-7-2,53,13,105944,0.03534591700008605,1,2.0,8.0,18
san200-0-7-2,54,13,3211,0.034459832997526973,1,2.0,8.0,18
san200-0-7-2,55,12,35934,0.034262084009242244,1,2.0,8.0,18
san200-0-7-2,56,12,10730,0.03355316701345146,1,2.0,8.0,18
san200-0-7-2,57,13,986779,0.034534459002316,1,2.0,8.0,18
san200-0-7-2,58,12,7323,0.03378408300341107,1,2.0,8.0,18
san200-0-7-2,59,12,3620,0.034186917007900774,1,2.0,8.0,18
san200-0-7-2,60,13,48522,0.034366833002422936,1,2.0,8.0,18
san200-0-7-2,61,13,128033,0.03375233299448155,1,2.0,8.0,18
san200-0-7-2,62,12,6105,0.03386174999468494,1,2.0,8.0,18
san200-0-7-2,63,12,4764,0.035006917009013705,1,2.0,8.0,18
san200-0-7-2,64,14,969,0.033260917000006884,1,2.0,8.0,18
san200-0-7-2,65,13,138302,0.034974000009242445,1,2.0,8.0,18
san200-0-7-2,66,12,2438,0.03442820800410118,1,2.0,8.0,18
san200-0-7-2,67,13,477496,0.034367833999567665,1,2.0,8.0,18
san200-0-7-2,68,13,1252,0.033732249998138286,1,2.0,8.0,18
san200-0-7-2,69,13,384157,0.03405275000841357,1,2.0,8.0,18
san200-0-7-2,70,14,1802,0.03419808400212787,1,2.0,8.0,18
san200-0-7-2,71,13,2331,0.033529874999658205,1,2.0,8.0,18
san200-0-7-2,72,12,1016,0.034617917001014575,1,2.0,8.0,18
san200-0-7-2,73,12,5777,0.033684416994219646,1,2.0,8.0,18
san200-0-7-2,74,13,875968,0.034137665992602706,1,2.0,8.0,18
san200-0-7-2,75,12,525,0.03353354199498426,1,2.0,8.0,18
san200-0-7-2,76,13,581421,0.03477641700010281,1,2.0,8.0,18
san200-0-7-2,77,13,287528,0.034295457997359335,1,2.0,8.0,18
san200-0-7-2,78,12,39,0.03414912500011269,1,2.0,8.0,18
san200-0-7-2,79,14,622,0.03462816699175164,1,2.0,8.0,18
san200-0-7-2,80,14,1621,0.03362583401030861,1,2.0,8.0,18
san200-0-7-2,81,12,33,0.034684500002185814,1,2.0,8.0,18
san200-0-7-2,82,12,14428,0.03287866699974984,1,2.0,8.0,18
san200-0-7-2,83,12,7397,0.03455416701035574,1,2.0,8.0,18
san200-0-7-2,84,13,878007,0.03450433300167788,1,2.0,8.0,18
san200-0-7-2,85,13,726495,0.03406512500077952,1,2.0,8.0,18
san200-0-7-2,86,12,1262,0.03308529200148769,1,2.0,8.0,18
san200-0-7-2,87,13,455985,0.03478479200566653,1,2.0,8.0,18
san200-0-7-2,88,13,586651,0.03292491700267419,1,2.0,8.0,18
san200-0-7-2,89,12,4719,0.03377033400465734,1,2.0,8.0,18
san200-0-7-2,90,13,647882,0.03339974999835249,1,2.0,8.0,18
san200-0-7-2,91,13,196,0.03424545799498446,1,2.0,8.0,18
san200-0-7-2,92,12,1458,0.034346165994065814,1,2.0,8.0,18
san200-0-7-2,93,12,540,0.033193374998518266,1,2.0,8.0,18
san200-0-7-2,94,13,1536,0.033891875005792826,1,2.0,8.0,18
san200-0-7-2,95,12,1535,0.033804459002567455,1,2.0,8.0,18
san200-0-7-2,96,13,117728,0.03432691699708812,1,2.0,8.0,18
san200-0-7-2,97,13,28503,0.03440370800672099,1,2.0,8.0,18
san200-0-7-2,98,13,669410,0.03339650000270922,1,2.0,8.0,18
san200-0-7-2,99,13,1928,0.03460166699369438,1,2.0,8.0,18
sanr200-0-7,0,18,258511,0.025058333994820714,1,2.0,8.0,18
sanr200-0-7,1,18,661418,0.02568674999929499,1,2.0,8.0,18
sanr200-0-7,2,18,499986,0.02460879200953059,1,2.0,8.0,18
sanr200-0-7,3,18,30446,0.024410917001659982,1,2.0,8.0,18
sanr200-0-7,4,18,165255,0.02373529200849589,1,2.0,8.0,18
sanr200-0-7,5,18,28830,0.02438820799579844,1,2.0,8.0,18
sanr200-0-7,6,18,132329,0.023808416008250788,1,2.0,8.0,18
sanr200-0-7,7,17,116422,0.023536458000307903,1,2.0,8.0,18
sanr200-0-7,8,18,301776,0.023531208003987558,1,2.0,8.0,18
sanr200-0-7,9,18,325256,0.023927791000460275,1,2.0,8.0,18
sanr200-0-7,10,18,480427,0.023470125001040287,1,2.0,8.0,18
sanr200-0-7,11,18,999875,0.023625000001629815,1,2.0,8.0,18
sanr200-0-7,12,18,263591,0.023487750004278496,1,2.0,8.0,18
sanr200-0-7,13,18,71944,0.023460541997337714,1,2.0,8.0,18
sanr200-0-7,14,18,37254,0.023664542008191347,1,2.0,8.0,18
sanr200-0-7,15,18,255360,0.02371799999673385,1,2.0,8.0,18
sanr200-0-7,16,18,820705,0.023491582993301563,1,2.0,8.0,18
sanr200-0-7,17,18,778581,0.023505417004344054,1,2.0,8.0,18
sanr200-0-7,18,18,150852,0.023481874988647178,1,2.0,8.0,18
sanr200-0-7,19,18,36940,0.023929666000185534,1,2.0,8.0,18
sanr200-0-7,20,18,12127,0.02354441701027099,1,2.0,8.0,18
sanr200-0-7,21,17,41743,0.02346379100345075,1,2.0,8.0,18
sanr200-0-7,22,17,104071,0.023371624993160367,1,2.0,8.0,18
sanr200-0-7,23,18,66943,0.023661707993596792,1,2.0,8.0,18
sanr200-0-7,24,18,135605,0.023543332994449884,1,2.0,8.0,18
sanr200-0-7,25,18,754189,0.023543417002656497,1,2.0,8.0,18
sanr200-0-7,26,18,53141,0.02359454199904576,1,2.0,8.0,18
sanr200-0-7,27,18,412279,0.024589500011643395,1,2.0,8.0,18
sanr200-0-7,28,18,692543,0.023842458002036437,1,2.0,8.0,18
sanr200-0-7,29,18,8555,0.023639374994672835,1,2.0,8.0,18
sanr200-0-7,30,17,162860,0.02355016701039858,1,2.0,8.0,18
sanr200-0-7,31,18,27779,0.02338704199064523,1,2.0,8.0,18
sanr200-0-7,32,18,85258,0.023485458004870452,1,2.0,8.0,18
sanr200-0-7,33,18,377486,0.023382458006381057,1,2.0,8.0,18
sanr200-0-7,34,18,64013,0.025165375001961365,1,2.0,8.0,18
sanr200-0-7,35,18,232903,0.024767459006397985,1,2.0,8.0,18
sanr200-0-7,36,18,503270,0.02442329098994378,1,2.0,8.0,18
sanr200-0-7,37,18,109359,0.025352374999783933,1,2.0,8.0,18
sanr200-0-7,38,17,13356,0.024407417004113086,1,2.0,8.0,18
sanr200-0-7,39,18,186575,0.02471545799926389,1,2.0,8.0,18
sanr200-0-7,40,18,205060,0.02541866700630635,1,2.0,8.0,18
sanr200-0-7,41,18,391949,0.024473708996083587,1,2.0,8.0,18
sanr200-0-7,42,18,264748,0.024417916996753775,1,2.0,8.0,18
sanr200-0-7,43,18,542787,0.02447841700632125,1,2.0,8.0,18
sanr200-0-7,44,18,409682,0.024751416000071913,1,2.0,8.0,18
sanr200-0-7,45,18,75341,0.025338209001347423,1,2.0,8.0,18
sanr200-0-7,46,18,865042,0.024392292005359195,1,2.0,8.0,18
sanr200-0-7,47,18,308485,0.024393457992118783,1,2.0,8.0,18
sanr200-0-7,48,18,351092,0.02437212500080932,1,2.0,8.0,18
sanr200-0-7,49,18,134130,0.02589679199445527,1,2.0,8.0,18
sanr200-0-7,50,18,455220,0.025036291001015343,1,2.0,8.0,18
sanr200-0-7,51,18,393681,0.02498037500481587,1,2.0,8.0,18
sanr200-0-7,52,18,76961,0.02433395899424795,1,2.0,8.0,18
sanr200-0-7,53,18,709783,0.024912292006774805,1,2.0,8.0,18
sanr200-0-7,54,18,46621,0.025337292012409307,1,2.0,8.0,18
sanr200-0-7,55,18,236729,0.02544991599279456,1,2.0,8.0,18
sanr200-0-7,56,18,536640,0.024380916001973674,1,2.0,8.0,18
sanr200-0-7,57,18,177810,0.024421666996204294,1,2.0,8.0,18
sanr200-0-7,58,18,245842,0.024520249993656762,1,2.0,8.0,18
sanr200-0-7,59,18,12182,0.0253191660012817,1,2.0,8.0,18
sanr200-0-7,60,18,140225,0.024395457992795855,1,2.0,8.0,18
sanr200-0-7,61,18,313489,0.024377333000302315,1,2.0,8.0,18
sanr200-0-7,62,18,109617,0.025416874996153638,1,2.0,8.0,18
sanr200-0-7,63,18,422843,0.02503587500541471,1,2.0,8.0,18
sanr200-0-7,64,18,268919,0.024454500002320856,1,2.0,8.0,18
sanr200-0-7,65,18,85261,0.02455758399446495,1,2.0,8.0,18
sanr200-0-7,66,18,140068,0.024849042005371302,1,2.0,8.0,18
sanr200-0-7,67,18,327994,0.0254526659991825,1,2.0,8.0,18
sanr200-0-7,68,18,315289,0.02439737500390038,1,2.0,8.0,18
sanr200-0-7,69,18,335344,0.025205166995874606,1,2.0,8.0,18
sanr200-0-7,70,18,158258,0.02456408299622126,1,2.0,8.0,18
sanr200-0-7,71,18,625548,0.025129790999926627,1,2.0,8.0,18
sanr200-0-7,72,18,944578,0.024949415994342417,1,2.0,8.0,18
sanr200-0-7,73,18,27869,0.024405834003118798,1,2.0,8.0,18
sanr200-0-7,74,18,69589,0.02526095899520442,1,2.0,8.0,18
sanr200-0-7,75,18,463624,0.02470516700122971,1,2.0,8.0,18
sanr200-0-7,76,18,639341,0.024378375004744157,1,2.0,8.0,18
sanr200-0-7,77,18,264691,0.024493167002219707,1,2.0,8.0,18
sanr200-0-7,78,18,171109,0.02561066699854564,1,2.0,8.0,18
sanr200-0-7,79,18,815664,0.024566166001022793,1,2.0,8.0,18
sanr200-0-7,80,18,29488,0.024411416990915313,1,2.0,8.0,18
sanr200-0-7,81,18,218906,0.025010707991896197,1,2.0,8.0,18
sanr200-0-7,82,18,899549,0.025124040999799035,1,2.0,8.0,18
sanr200-0-7,83,18,644196,0.024629749997984618,1,2.0,8.0,18
sanr200-0-7,84,18,11882,0.024735500002861954,1,2.0,8.0,18
sanr200-0-7,85,18,23224,0.024873542002751492,1,2.0,8.0,18
sanr200-0-7,86,18,239283,0.023965749991475604,1,2.0,8.0,18
sanr200-0-7,87,18,43494,0.024528417008696124,1,2.0,8.0,18
sanr200-0-7,88,18,205277,0.02430904100765474,1,2.0,8.0,18
sanr200-0-7,89,18,291937,0.024287124993861653,1,2.0,8.0,18
sanr200-0-7,90,18,163355,0.0242688750004163,1,2.0,8.0,18
sanr200-0-7,91,18,282152,0.024945709010353312,1,2.0,8.0,18
sanr200-0-7,92,18,137691,0.024574249997385778,1,2.0,8.0,18
sanr200-0-7,93,18,569685,0.024279499994008802,1,2.0,8.0,18
sanr200-0-7,94,18,225172,0.02432437500101514,1,2.0,8.0,18
sanr200-0-7,95,18,40727,0.025340459003928117,1,2.0,8.0,18
sanr200-0-7,96,18,77387,0.023999458004254848,1,2.0,8.0,18
sanr200-0-7,97,18,200890,0.024366417012060992,1,2.0,8.0,18
sanr200-0-7,98,18,29668,0.02447812500759028,1,2.0,8.0,18
sanr200-0-7,99,18,101283,0.024453917008941062,1,2.0,8.0,18
