instance,n,m,A,B,ratio,base,best,mean,std,known_alpha,gap,relative_gap
C125.9,125,787,1,1.0,1.0,3,13,4.76,2.6386360112755223,34,21,0.6176470588235294
C125.9,125,787,1,1.0,1.0,4,23,5.2,3.40587727318528,34,11,0.3235294117647059
C125.9,125,787,1,1.0,1.0,5,29,6.57,6.389452245693679,34,5,0.14705882352941177
C125.9,125,787,1,1.0,1.0,6,33,7.67,7.789807443063017,34,1,0.029411764705882353
C125.9,125,787,1,1.0,1.0,7,31,11.5,10.313583276436953,34,3,0.08823529411764706
C125.9,125,787,1,1.0,1.0,8,33,14.43,11.892228554816798,34,1,0.029411764705882353
C125.9,125,787,1,1.0,1.0,10,33,20.57,12.21004094997228,34,1,0.029411764705882353
C125.9,125,787,1,1.0,1.0,12,34,25.08,10.320542621393509,34,0,0.0
C125.9,125,787,1,1.0,1.0,15,34,27.68,9.07951540557094,34,0,0.0
C125.9,125,787,1,1.0,1.0,18,34,29.69,7.043713509222249,34,0,0.0
C125.9,125,787,1,1.0,1.0,20,34,30.99,4.96486656416867,34,0,0.0
C125.9,125,787,1,1.0,1.0,25,34,31.01,6.2393829823148375,34,0,0.0
C125.9,125,787,1,1.0,1.0,30,34,32.34,3.118397024113511,34,0,0.0
C125.9,125,787,1,1.0,1.0,40,34,32.28,4.342994358734536,34,0,0.0
C125.9,125,787,1,1.0,1.0,50,34,32.96,1.1306635220082055,34,0,0.0
C125.9,125,787,1,1.0,1.0,75,34,33.02,1.0675204916066015,34,0,0.0
C125.9,125,787,1,1.0,1.0,100,34,33.06,1.0846197490365,34,0,0.0
C125.9,125,787,1,1.5,1.5,3,29,14.52,9.819857432773654,34,5,0.14705882352941177
C125.9,125,787,1,1.5,1.5,4,31,26.05,5.452293095569973,34,3,0.08823529411764706
C125.9,125,787,1,1.5,1.5,5,33,29.26,1.82,34,1,0.029411764705882353
C125.9,125,787,1,1.5,1.5,6,33,30.43,1.491676908717166,34,1,0.029411764705882353
C125.9,125,787,1,1.5,1.5,7,34,31.09,1.4077997016621364,34,0,0.0
C125.9,125,787,1,1.5,1.5,8,34,31.72,1.1320777358467924,34,0,0.0
C125.9,125,787,1,1.5,1.5,10,34,32.3,1.3527749258468684,34,0,0.0
C125.9,125,787,1,1.5,1.5,12,34,32.58,1.0017983829094554,34,0,0.0
C125.9,125,787,1,1.5,1.5,15,34,32.44,1.125344391730816,34,0,0.0
C125.9,125,787,1,1.5,1.5,18,34,32.68,1.1034491379306977,34,0,0.0
C125.9,125,787,1,1.5,1.5,20,34,32.74,1.0641428475538421,34,0,0.0
C125.9,125,787,1,1.5,1.5,25,34,32.68,1.1214276615100949,34,0,0.0
C125.9,125,787,1,1.5,1.5,30,34,32.5,1.0908712114635715,34,0,0.0
C125.9,125,787,1,1.5,1.5,40,34,32.27,1.3989639023220004,34,0,0.0
C125.9,125,787,1,1.5,1.5,50,34,32.13,1.301191761424887,34,0,0.0
C125.9,125,787,1,1.5,1.5,75,34,31.87,1.3164725595317208,34,0,0.0
C125.9,125,787,1,1.5,1.5,100,34,31.8,1.489966442575134,34,0,0.0
C125.9,125,787,1,2,2,3,31,27.19,1.5728636304524306,34,3,0.08823529411764706
C125.9,125,787,1,2,2,4,33,29.62,1.5282669923805854,34,1,0.029411764705882353
C125.9,125,787,1,2,2,5,33,30.72,1.3570556362949897,34,1,0.029411764705882353
C125.9,125,787,1,2,2,6,34,31.47,1.2037856952132304,34,0,0.0
C125.9,125,787,1,2,2,7,34,31.65,1.2278029157808672,34,0,0.0
C125.9,125,787,1,2,2,8,34,31.82,1.3592645070036957,34,0,0.0
C125.9,125,787,1,2,2,10,34,32.12,1.2270289320142374,34,0,0.0
C125.9,125,787,1,2,2,12,34,31.89,1.4063783274780655,34,0,0.0
C125.9,125,787,1,2,2,15,34,31.96,1.462326912834473,34,0,0.0
C125.9,125,787,1,2,2,18,34,31.5,1.6401219466856725,34,0,0.0
C125.9,125,787,1,2,2,20,34,31.45,1.5058220346375597,34,0,0.0
C125.9,125,787,1,2,2,25,34,31.1,1.4177446878757824,34,0,0.0
C125.9,125,787,1,2,2,30,34,31.02,1.4211263138792414,34,0,0.0
C125.9,125,787,1,2,2,40,34,30.65,1.5835087622113115,34,0,0.0
C125.9,125,787,1,2,2,50,33,30.28,1.6857046004564382,34,1,0.029411764705882353
C125.9,125,787,1,2,2,75,33,29.56,1.5957443404254956,34,1,0.029411764705882353
C125.9,125,787,1,2,2,100,33,29.07,1.5508384828859514,34,1,0.029411764705882353
C125.9,125,787,1,2.5,2.5,3,33,28.44,1.4093970341958293,34,1,0.029411764705882353
C125.9,125,787,1,2.5,2.5,4,33,30.11,1.223887249708894,34,1,0.029411764705882353
C125.9,125,787,1,2.5,2.5,5,33,31.12,1.1513470371699404,34,1,0.029411764705882353
C125.9,125,787,1,2.5,2.5,6,34,31.47,1.2919365309487925,34,0,0.0
C125.9,125,787,1,2.5,2.5,7,34,31.37,1.4258681565979374,34,0,0.0
C125.9,125,787,1,2.5,2.5,8,34,31.54,1.3222707740852475,34,0,0.0
C125.9,125,787,1,2.5,2.5,10,34,31.42,1.3797101144805743,34,0,0.0
C125.9,125,787,1,2.5,2.5,12,34,31.56,1.3734627770711516,34,0,0.0
C125.9,125,787,1,2.5,2.5,15,34,31.1,1.6643316977093239,34,0,0.0
C125.9,125,787,1,2.5,2.5,18,34,31.02,1.6910351859142376,34,0,0.0
C125.9,125,787,1,2.5,2.5,20,34,30.82,1.6454786537661312,34,0,0.0
C125.9,125,787,1,2.5,2.5,25,34,30.34,1.5570484899321537,34,0,0.0
C125.9,125,787,1,2.5,2.5,30,34,29.93,1.727744194028734,34,0,0.0
C125.9,125,787,1,2.5,2.5,40,33,29.29,1.608073381410189,34,1,0.029411764705882353
C125.9,125,787,1,2.5,2.5,50,33,28.95,1.8513508581573617,34,1,0.029411764705882353
C125.9,125,787,1,2.5,2.5,75,33,28.22,1.9625493624365224,34,1,0.029411764705882353
C125.9,125,787,1,2.5,2.5,100,33,28.02,1.9645864704817653,34,1,0.029411764705882353
C125.9,125,787,1,3,3,3,32,29.0,1.2806248474865698,34,2,0.058823529411764705
C125.9,125,787,1,3,3,4,34,30.38,1.426744546160945,34,0,0.0
C125.9,125,787,1,3,3,5,34,30.75,1.3665650368716449,34,0,0.0
C125.9,125,787,1,3,3,6,34,30.95,1.3219304066402287,34,0,0.0
C125.9,125,787,1,3,3,7,34,31.37,1.3758997056471813,34,0,0.0
C125.9,125,787,1,3,3,8,34,31.16,1.5538339679644027,34,0,0.0
C125.9,125,787,1,3,3,10,34,31.47,1.322535443759448,34,0,0.0
C125.9,125,787,1,3,3,12,34,31.09,1.4771255870778217,34,0,0.0
C125.9,125,787,1,3,3,15,34,30.67,1.6495757030218403,34,0,0.0
C125.9,125,787,1,3,3,18,34,30.23,1.7880436236289092,34,0,0.0
C125.9,125,787,1,3,3,20,34,30.1,1.808314132002512,34,0,0.0
C125.9,125,787,1,3,3,25,34,29.73,1.7768230075052494,34,0,0.0
C125.9,125,787,1,3,3,30,33,29.58,1.7039953051578516,34,1,0.029411764705882353
C125.9,125,787,1,3,3,40,33,28.97,1.7346757622103333,34,1,0.029411764705882353
C125.9,125,787,1,3,3,50,33,28.55,1.9306734576307825,34,1,0.029411764705882353
C125.9,125,787,1,3,3,75,33,27.84,1.820549367636044,34,1,0.029411764705882353
C125.9,125,787,1,3,3,100,33,27.6,1.9849433241279206,34,1,0.029411764705882353
C125.9,125,787,1,3.5,3.5,3,32,29.35,1.4378803844548405,34,2,0.058823529411764705
C125.9,125,787,1,3.5,3.5,4,33,30.41,1.312211873136347,34,1,0.029411764705882353
C125.9,125,787,1,3.5,3.5,5,34,30.78,1.404136745477448,34,0,0.0
C125.9,125,787,1,3.5,3.5,6,34,31.01,1.3601102896456596,34,0,0.0
C125.9,125,787,1,3.5,3.5,7,34,31.12,1.4372195378577344,34,0,0.0
C125.9,125,787,1,3.5,3.5,8,34,31.22,1.493854075872205,34,0,0.0
C125.9,125,787,1,3.5,3.5,10,34,31.12,1.2432216214336045,34,0,0.0
C125.9,125,787,1,3.5,3.5,12,34,30.93,1.4508962747212495,34,0,0.0
C125.9,125,787,1,3.5,3.5,15,34,30.59,1.6376507564190843,34,0,0.0
C125.9,125,787,1,3.5,3.5,18,34,30.15,1.7797471730557688,34,0,0.0
C125.9,125,787,1,3.5,3.5,20,34,29.96,1.76022725805505,34,0,0.0
C125.9,125,787,1,3.5,3.5,25,34,29.68,1.737124060048677,34,0,0.0
C125.9,125,787,1,3.5,3.5,30,33,29.43,1.6808033793397725,34,1,0.029411764705882353
C125.9,125,787,1,3.5,3.5,40,33,28.85,1.7853571071357128,34,1,0.029411764705882353
C125.9,125,787,1,3.5,3.5,50,33,28.5,1.9157244060668017,34,1,0.029411764705882353
C125.9,125,787,1,3.5,3.5,75,33,27.89,1.7826665420094696,34,1,0.029411764705882353
C125.9,125,787,1,3.5,3.5,100,33,27.61,1.9590558950678258,34,1,0.029411764705882353
C125.9,125,787,1,4,4,3,33,29.44,1.1689311356961967,34,1,0.029411764705882353
C125.9,125,787,1,4,4,4,34,30.5,1.2124355652982142,34,0,0.0
C125.9,125,787,1,4,4,5,34,30.71,1.2751078385768007,34,0,0.0
C125.9,125,787,1,4,4,6,33,31.06,1.4270248771482577,34,1,0.029411764705882353
C125.9,125,787,1,4,4,7,34,30.96,1.4485855169785458,34,0,0.0
C125.9,125,787,1,4,4,8,34,30.93,1.5313719339206917,34,0,0.0
C125.9,125,787,1,4,4,10,34,30.98,1.3036870790185808,34,0,0.0
C125.9,125,787,1,4,4,12,34,30.83,1.4903355326905412,34,0,0.0
C125.9,125,787,1,4,4,15,34,30.58,1.7560182231400674,34,0,0.0
C125.9,125,787,1,4,4,18,34,30.08,1.7302023003105733,34,0,0.0
C125.9,125,787,1,4,4,20,34,29.95,1.6454482671904334,34,0,0.0
C125.9,125,787,1,4,4,25,34,29.57,1.698558212131689,34,0,0.0
C125.9,125,787,1,4,4,30,33,29.34,1.7275416058665563,34,1,0.029411764705882353
C125.9,125,787,1,4,4,40,33,28.85,1.7853571071357128,34,1,0.029411764705882353
C125.9,125,787,1,4,4,50,33,28.5,1.9157244060668017,34,1,0.029411764705882353
C125.9,125,787,1,4,4,75,33,27.89,1.7826665420094696,34,1,0.029411764705882353
C125.9,125,787,1,4,4,100,33,27.61,1.9590558950678258,34,1,0.029411764705882353
C125.9,125,787,1,4.5,4.5,3,34,29.46,1.4242190842703941,34,0,0.0
C125.9,125,787,1,4.5,4.5,4,33,30.53,1.2284543133547947,34,1,0.029411764705882353
C125.9,125,787,1,4.5,4.5,5,34,30.69,1.3468110483657314,34,0,0.0
C125.9,125,787,1,4.5,4.5,6,34,30.97,1.4032462364104172,34,0,0.0
C125.9,125,787,1,4.5,4.5,7,34,30.85,1.5256146302392357,34,0,0.0
C125.9,125,787,1,4.5,4.5,8,33,31.03,1.41742724681022,34,1,0.029411764705882353
C125.9,125,787,1,4.5,4.5,10,34,30.99,1.3601102896456596,34,0,0.0
C125.9,125,787,1,4.5,4.5,12,34,30.85,1.4790199457749043,34,0,0.0
C125.9,125,787,1,4.5,4.5,15,34,30.61,1.7826665420094698,34,0,0.0
C125.9,125,787,1,4.5,4.5,18,34,30.05,1.7797471730557686,34,0,0.0
C125.9,125,787,1,4.5,4.5,20,34,29.98,1.624684584773303,34,0,0.0
C125.9,125,787,1,4.5,4.5,25,34,29.57,1.6808033793397725,34,0,0.0
C125.9,125,787,1,4.5,4.5,30,33,29.34,1.7275416058665563,34,1,0.029411764705882353
C125.9,125,787,1,4.5,4.5,40,33,28.85,1.7853571071357128,34,1,0.029411764705882353
C125.9,125,787,1,4.5,4.5,50,33,28.5,1.9157244060668017,34,1,0.029411764705882353
C125.9,125,787,1,4.5,4.5,75,33,27.89,1.7826665420094696,34,1,0.029411764705882353
C125.9,125,787,1,4.5,4.5,100,33,27.61,1.9590558950678258,34,1,0.029411764705882353
C125.9,125,787,1,5,5,3,33,29.62,1.3174217244299564,34,1,0.029411764705882353
C125.9,125,787,1,5,5,4,33,30.38,1.347442021016118,34,1,0.029411764705882353
C125.9,125,787,1,5,5,5,33,30.8,1.2884098726725126,34,1,0.029411764705882353
C125.9,125,787,1,5,5,6,34,30.94,1.4616429112474771,34,0,0.0
C125.9,125,787,1,5,5,7,34,30.97,1.5195723082499235,34,0,0.0
C125.9,125,787,1,5,5,8,33,31.09,1.421935300919138,34,1,0.029411764705882353
C125.9,125,787,1,5,5,10,34,30.97,1.3671503209230507,34,0,0.0
C125.9,125,787,1,5,5,12,34,30.86,1.4901006677402704,34,0,0.0
C125.9,125,787,1,5,5,15,34,30.62,1.7876241215647097,34,0,0.0
C125.9,125,787,1,5,5,18,34,30.04,1.799555500672319,34,0,0.0
C125.9,125,787,1,5,5,20,34,29.98,1.624684584773303,34,0,0.0
C125.9,125,787,1,5,5,25,34,29.57,1.6808033793397725,34,0,0.0
C125.9,125,787,1,5,5,30,33,29.34,1.7275416058665563,34,1,0.029411764705882353
C125.9,125,787,1,5,5,40,33,28.85,1.7853571071357128,34,1,0.029411764705882353
C125.9,125,787,1,5,5,50,33,28.5,1.9157244060668017,34,1,0.029411764705882353
C125.9,125,787,1,5,5,75,33,27.89,1.7826665420094696,34,1,0.029411764705882353
C125.9,125,787,1,5,5,100,33,27.61,1.9590558950678258,34,1,0.029411764705882353
MANN_a9,45,72,1,1.0,1.0,3,15,8.45,4.116734142496938,16,1,0.0625
MANN_a9,45,72,1,1.0,1.0,4,15,10.48,4.260234735316823,16,1,0.0625
MANN_a9,45,72,1,1.0,1.0,5,16,12.1,3.664696440361739,16,0,0.0
MANN_a9,45,72,1,1.0,1.0,6,16,13.06,3.1106912415088708,16,0,0.0
MANN_a9,45,72,1,1.0,1.0,7,16,13.63,2.8623591668412263,16,0,0.0
MANN_a9,45,72,1,1.0,1.0,8,16,14.51,1.7916193792209327,16,0,0.0
MANN_a9,45,72,1,1.0,1.0,10,16,14.68,1.9843386807699939,16,0,0.0
MANN_a9,45,72,1,1.0,1.0,12,16,15.19,1.5600961508830153,16,0,0.0
MANN_a9,45,72,1,1.0,1.0,15,16,15.43,1.210413152605341,16,0,0.0
MANN_a9,45,72,1,1.0,1.0,18,16,15.68,0.5268775948927796,16,0,0.0
MANN_a9,45,72,1,1.0,1.0,20,16,15.86,0.34698703145794946,16,0,0.0
MANN_a9,45,72,1,1.0,1.0,25,16,15.89,0.3433656942677879,16,0,0.0
MANN_a9,45,72,1,1.0,1.0,30,16,15.94,0.23748684174075835,16,0,0.0
MANN_a9,45,72,1,1.0,1.0,40,16,15.98,0.13999999999999999,16,0,0.0
MANN_a9,45,72,1,1.0,1.0,50,16,16.0,0.0,16,0,0.0
MANN_a9,45,72,1,1.0,1.0,75,16,16.0,0.0,16,0,0.0
MANN_a9,45,72,1,1.0,1.0,100,16,16.0,0.0,16,0,0.0
MANN_a9,45,72,1,1.5,1.5,3,16,14.74,0.6726068688320095,16,0,0.0
MANN_a9,45,72,1,1.5,1.5,4,16,15.25,0.5545268253204708,16,0,0.0
MANN_a9,45,72,1,1.5,1.5,5,16,15.77,0.4208325082500163,16,0,0.0
MANN_a9,45,72,1,1.5,1.5,6,16,15.85,0.35707142142714254,16,0,0.0
MANN_a9,45,72,1,1.5,1.5,7,16,15.97,0.17058722109231986,16,0,0.0
MANN_a9,45,72,1,1.5,1.5,8,16,15.99,0.09949874371066199,16,0,0.0
MANN_a9,45,72,1,1.5,1.5,10,16,16.0,0.0,16,0,0.0
MANN_a9,45,72,1,1.5,1.5,12,16,16.0,0.0,16,0,0.0
MANN_a9,45,72,1,1.5,1.5,15,16,16.0,0.0,16,0,0.0
MANN_a9,45,72,1,1.5,1.5,18,16,16.0,0.0,16,0,0.0
MANN_a9,45,72,1,1.5,1.5,20,16,16.0,0.0,16,0,0.0
MANN_a9,45,72,1,1.5,1.5,25,16,16.0,0.0,16,0,0.0
MANN_a9,45,72,1,1.5,1.5,30,16,16.0,0.0,16,0,0.0
MANN_a9,45,72,1,1.5,1.5,40,16,16.0,0.0,16,0,0.0
MANN_a9,45,72,1,1.5,1.5,50,16,16.0,0.0,16,0,0.0
MANN_a9,45,72,1,1.5,1.5,75,16,16.0,0.0,16,0,0.0
MANN_a9,45,72,1,1.5,1.5,100,16,16.0,0.0,16,0,0.0
MANN_a9,45,72,1,2,2,3,16,15.45,0.5361902647381804,16,0,0.0
MANN_a9,45,72,1,2,2,4,16,15.92,0.2712931993250107,16,0,0.0
MANN_a9,45,72,1,2,2,5,16,15.95,0.21794494717703372,16,0,0.0
MANN_a9,45,72,1,2,2,6,16,16.0,0.0,16,0,0.0
MANN_a9,45,72,1,2,2,7,16,16.0,0.0,16,0,0.0
MANN_a9,45,72,1,2,2,8,16,16.0,0.0,16,0,0.0
MANN_a9,45,72,1,2,2,10,16,16.0,0.0,16,0,0.0
MANN_a9,45,72,1,2,2,12,16,16.0,0.0,16,0,0.0
MANN_a9,45,72,1,2,2,15,16,16.0,0.0,16,0,0.0
MANN_a9,45,72,1,2,2,18,16,16.0,0.0,16,0,0.0
MANN_a9,45,72,1,2,2,20,16,16.0,0.0,16,0,0.0
MANN_a9,45,72,1,2,2,25,16,16.0,0.0,16,0,0.0
MANN_a9,45,72,1,2,2,30,16,16.0,0.0,16,0,0.0
MANN_a9,45,72,1,2,2,40,16,16.0,0.0,16,0,0.0
MANN_a9,45,72,1,2,2,50,16,16.0,0.0,16,0,0.0
MANN_a9,45,72,1,2,2,75,16,15.97,0.17058722109231986,16,0,0.0
MANN_a9,45,72,1,2,2,100,16,15.92,0.2712931993250107,16,0,0.0
MANN_a9,45,72,1,2.5,2.5,3,16,15.79,0.407308237088326,16,0,0.0
MANN_a9,45,72,1,2.5,2.5,4,16,15.97,0.17058722109231983,16,0,0.0
MANN_a9,45,72,1,2.5,2.5,5,16,16.0,0.0,16,0,0.0
MANN_a9,45,72,1,2.5,2.5,6,16,16.0,0.0,16,0,0.0
MANN_a9,45,72,1,2.5,2.5,7,16,16.0,0.0,16,0,0.0
MANN_a9,45,72,1,2.5,2.5,8,16,16.0,0.0,16,0,0.0
MANN_a9,45,72,1,2.5,2.5,10,16,16.0,0.0,16,0,0.0
MANN_a9,45,72,1,2.5,2.5,12,16,16.0,0.0,16,0,0.0
MANN_a9,45,72,1,2.5,2.5,15,16,16.0,0.0,16,0,0.0
MANN_a9,45,72,1,2.5,2.5,18,16,16.0,0.0,16,0,0.0
MANN_a9,45,72,1,2.5,2.5,20,16,15.99,0.09949874371066199,16,0,0.0
MANN_a9,45,72,1,2.5,2.5,25,16,15.99,0.09949874371066199,16,0,0.0
MANN_a9,45,72,1,2.5,2.5,30,16,16.0,0.0,16,0,0.0
MANN_a9,45,72,1,2.5,2.5,40,16,15.96,0.19595917942265423,16,0,0.0
MANN_a9,45,72,1,2.5,2.5,50,16,15.95,0.21794494717703367,16,0,0.0
MANN_a9,45,72,1,2.5,2.5,75,16,15.88,0.32496153618543844,16,0,0.0
MANN_a9,45,72,1,2.5,2.5,100,16,15.71,0.4537620521815371,16,0,0.0
MANN_a9,45,72,1,3,3,3,16,15.9,0.3,16,0,0.0
MANN_a9,45,72,1,3,3,4,16,16.0,0.0,16,0,0.0
MANN_a9,45,72,1,3,3,5,16,16.0,0.0,16,0,0.0
MANN_a9,45,72,1,3,3,6,16,16.0,0.0,16,0,0.0
MANN_a9,45,72,1,3,3,7,16,16.0,0.0,16,0,0.0
MANN_a9,45,72,1,3,3,8,16,16.0,0.0,16,0,0.0
MANN_a9,45,72,1,3,3,10,16,16.0,0.0,16,0,0.0
MANN_a9,45,72,1,3,3,12,16,16.0,0.0,16,0,0.0
MANN_a9,45,72,1,3,3,15,16,16.0,0.0,16,0,0.0
MANN_a9,45,72,1,3,3,18,16,16.0,0.0,16,0,0.0
MANN_a9,45,72,1,3,3,20,16,15.99,0.09949874371066199,16,0,0.0
MANN_a9,45,72,1,3,3,25,16,15.98,0.13999999999999999,16,0,0.0
MANN_a9,45,72,1,3,3,30,16,15.96,0.19595917942265423,16,0,0.0
MANN_a9,45,72,1,3,3,40,16,15.94,0.23748684174075838,16,0,0.0
MANN_a9,45,72,1,3,3,50,16,15.91,0.28618176042508375,16,0,0.0
MANN_a9,45,72,1,3,3,75,16,15.83,0.40137264480778956,16,0,0.0
MANN_a9,45,72,1,3,3,100,16,15.67,0.4910193478876367,16,0,0.0
MANN_a9,45,72,1,3.5,3.5,3,16,15.95,0.21794494717703367,16,0,0.0
MANN_a9,45,72,1,3.5,3.5,4,16,16.0,0.0,16,0,0.0
MANN_a9,45,72,1,3.5,3.5,5,16,16.0,0.0,16,0,0.0
MANN_a9,45,72,1,3.5,3.5,6,16,16.0,0.0,16,0,0.0
MANN_a9,45,72,1,3.5,3.5,7,16,16.0,0.0,16,0,0.0
MANN_a9,45,72,1,3.5,3.5,8,16,16.0,0.0,16,0,0.0
MANN_a9,45,72,1,3.5,3.5,10,16,16.0,0.0,16,0,0.0
MANN_a9,45,72,1,3.5,3.5,12,16,16.0,0.0,16,0,0.0
MANN_a9,45,72,1,3.5,3.5,15,16,15.99,0.09949874371066199,16,0,0.0
MANN_a9,45,72,1,3.5,3.5,18,16,15.99,0.09949874371066199,16,0,0.0
MANN_a9,45,72,1,3.5,3.5,20,16,15.98,0.13999999999999999,16,0,0.0
MANN_a9,45,72,1,3.5,3.5,25,16,15.98,0.13999999999999999,16,0,0.0
MANN_a9,45,72,1,3.5,3.5,30,16,15.98,0.13999999999999999,16,0,0.0
MANN_a9,45,72,1,3.5,3.5,40,16,15.92,0.2712931993250107,16,0,0.0
MANN_a9,45,72,1,3.5,3.5,50,16,15.9,0.3,16,0,0.0
MANN_a9,45,72,1,3.5,3.5,75,16,15.81,0.41701318923986097,16,0,0.0
MANN_a9,45,72,1,3.5,3.5,100,16,15.66,0.494368283772331,16,0,0.0
MANN_a9,45,72,1,4,4,3,16,15.97,0.17058722109231986,16,0,0.0
MANN_a9,45,72,1,4,4,4,16,16.0,0.0,16,0,0.0
MANN_a9,45,72,1,4,4,5,16,16.0,0.0,16,0,0.0
MANN_a9,45,72,1,4,4,6,16,16.0,0.0,16,0,0.0
MANN_a9,45,72,1,4,4,7,16,16.0,0.0,16,0,0.0
MANN_a9,45,72,1,4,4,8,16,16.0,0.0,16,0,0.0
MANN_a9,45,72,1,4,4,10,16,16.0,0.0,16,0,0.0
MANN_a9,45,72,1,4,4,12,16,16.0,0.0,16,0,0.0
MANN_a9,45,72,1,4,4,15,16,15.99,0.09949874371066199,16,0,0.0
MANN_a9,45,72,1,4,4,18,16,15.99,0.09949874371066199,16,0,0.0
MANN_a9,45,72,1,4,4,20,16,15.98,0.13999999999999999,16,0,0.0
MANN_a9,45,72,1,4,4,25,16,15.98,0.13999999999999999,16,0,0.0
MANN_a9,45,72,1,4,4,30,16,15.98,0.13999999999999999,16,0,0.0
MANN_a9,45,72,1,4,4,40,16,15.92,0.2712931993250107,16,0,0.0
MANN_a9,45,72,1,4,4,50,16,15.9,0.3,16,0,0.0
MANN_a9,45,72,1,4,4,75,16,15.81,0.41701318923986097,16,0,0.0
MANN_a9,45,72,1,4,4,100,16,15.66,0.494368283772331,16,0,0.0
MANN_a9,45,72,1,4.5,4.5,3,16,15.97,0.17058722109231986,16,0,0.0
MANN_a9,45,72,1,4.5,4.5,4,16,16.0,0.0,16,0,0.0
MANN_a9,45,72,1,4.5,4.5,5,16,16.0,0.0,16,0,0.0
MANN_a9,45,72,1,4.5,4.5,6,16,16.0,0.0,16,0,0.0
MANN_a9,45,72,1,4.5,4.5,7,16,16.0,0.0,16,0,0.0
MANN_a9,45,72,1,4.5,4.5,8,16,16.0,0.0,16,0,0.0
MANN_a9,45,72,1,4.5,4.5,10,16,16.0,0.0,16,0,0.0
MANN_a9,45,72,1,4.5,4.5,12,16,16.0,0.0,16,0,0.0
MANN_a9,45,72,1,4.5,4.5,15,16,15.99,0.09949874371066199,16,0,0.0
MANN_a9,45,72,1,4.5,4.5,18,16,15.99,0.09949874371066199,16,0,0.0
MANN_a9,45,72,1,4.5,4.5,20,16,15.98,0.13999999999999999,16,0,0.0
MANN_a9,45,72,1,4.5,4.5,25,16,15.98,0.13999999999999999,16,0,0.0
MANN_a9,45,72,1,4.5,4.5,30,16,15.98,0.13999999999999999,16,0,0.0
MANN_a9,45,72,1,4.5,4.5,40,16,15.92,0.2712931993250107,16,0,0.0
MANN_a9,45,72,1,4.5,4.5,50,16,15.9,0.3,16,0,0.0
MANN_a9,45,72,1,4.5,4.5,75,16,15.81,0.41701318923986097,16,0,0.0
MANN_a9,45,72,1,4.5,4.5,100,16,15.66,0.494368283772331,16,0,0.0
MANN_a9,45,72,1,5,5,3,16,15.98,0.13999999999999999,16,0,0.0
MANN_a9,45,72,1,5,5,4,16,16.0,0.0,16,0,0.0
MANN_a9,45,72,1,5,5,5,16,16.0,0.0,16,0,0.0
MANN_a9,45,72,1,5,5,6,16,16.0,0.0,16,0,0.0
MANN_a9,45,72,1,5,5,7,16,16.0,0.0,16,0,0.0
MANN_a9,45,72,1,5,5,8,16,16.0,0.0,16,0,0.0
MANN_a9,45,72,1,5,5,10,16,16.0,0.0,16,0,0.0
MANN_a9,45,72,1,5,5,12,16,16.0,0.0,16,0,0.0
MANN_a9,45,72,1,5,5,15,16,15.99,0.09949874371066199,16,0,0.0
MANN_a9,45,72,1,5,5,18,16,15.99,0.09949874371066199,16,0,0.0
MANN_a9,45,72,1,5,5,20,16,15.98,0.13999999999999999,16,0,0.0
MANN_a9,45,72,1,5,5,25,16,15.98,0.13999999999999999,16,0,0.0
MANN_a9,45,72,1,5,5,30,16,15.98,0.13999999999999999,16,0,0.0
MANN_a9,45,72,1,5,5,40,16,15.92,0.2712931993250107,16,0,0.0
MANN_a9,45,72,1,5,5,50,16,15.9,0.3,16,0,0.0
MANN_a9,45,72,1,5,5,75,16,15.81,0.41701318923986097,16,0,0.0
MANN_a9,45,72,1,5,5,100,16,15.66,0.494368283772331,16,0,0.0
brock200-4,200,6811,1,1.0,1.0,3,12,2.9,2.224859546128699,17,5,0.29411764705882354
brock200-4,200,6811,1,1.0,1.0,4,13,3.86,3.3317262792732536,17,4,0.23529411764705882
brock200-4,200,6811,1,1.0,1.0,5,14,5.86,4.36811172018299,17,3,0.17647058823529413
brock200-4,200,6811,1,1.0,1.0,6,14,8.4,4.123105625617661,17,3,0.17647058823529413
brock200-4,200,6811,1,1.0,1.0,7,15,9.74,3.9284093473058537,17,2,0.11764705882352941
brock200-4,200,6811,1,1.0,1.0,8,15,10.86,3.2404320699561038,17,2,0.11764705882352941
brock200-4,200,6811,1,1.0,1.0,10,15,12.49,1.9467665499489144,17,2,0.11764705882352941
brock200-4,200,6811,1,1.0,1.0,12,15,12.86,2.029876843554801,17,2,0.11764705882352941
brock200-4,200,6811,1,1.0,1.0,15,16,13.42,1.1240996397117118,17,1,0.058823529411764705
brock200-4,200,6811,1,1.0,1.0,18,16,13.49,1.0148398888494676,17,1,0.058823529411764705
brock200-4,200,6811,1,1.0,1.0,20,16,13.64,0.8662563131083085,17,1,0.058823529411764705
brock200-4,200,6811,1,1.0,1.0,25,16,13.64,0.9221713506718803,17,1,0.058823529411764705
brock200-4,200,6811,1,1.0,1.0,30,16,13.73,0.9365361712181757,17,1,0.058823529411764705
brock200-4,200,6811,1,1.0,1.0,40,16,13.86,0.8720091742636656,17,1,0.058823529411764705
brock200-4,200,6811,1,1.0,1.0,50,16,13.78,0.8435638683585257,17,1,0.058823529411764705
brock200-4,200,6811,1,1.0,1.0,75,16,13.72,0.7626270385975048,17,1,0.058823529411764705
brock200-4,200,6811,1,1.0,1.0,100,16,13.81,0.7575618786607469,17,1,0.058823529411764705
brock200-4,200,6811,1,1.5,1.5,3,13,8.85,3.099596747965774,17,4,0.23529411764705882
brock200-4,200,6811,1,1.5,1.5,4,14,11.63,1.073824939177704,17,3,0.17647058823529413
brock200-4,200,6811,1,1.5,1.5,5,17,12.41,1.1410083259994206,17,0,0.0
brock200-4,200,6811,1,1.5,1.5,6,16,12.73,1.1032225523438144,17,1,0.058823529411764705
brock200-4,200,6811,1,1.5,1.5,7,15,13.04,0.8236504112789599,17,2,0.11764705882352941
brock200-4,200,6811,1,1.5,1.5,8,15,13.22,0.889719056781409,17,2,0.11764705882352941
brock200-4,200,6811,1,1.5,1.5,10,16,13.4,0.9486832980505138,17,1,0.058823529411764705
brock200-4,200,6811,1,1.5,1.5,12,16,13.59,0.9496841580230766,17,1,0.058823529411764705
brock200-4,200,6811,1,1.5,1.5,15,16,13.51,0.8999444427296609,17,1,0.058823529411764705
brock200-4,200,6811,1,1.5,1.5,18,16,13.62,0.8692525524840293,17,1,0.058823529411764705
brock200-4,200,6811,1,1.5,1.5,20,16,13.64,0.8662563131083085,17,1,0.058823529411764705
brock200-4,200,6811,1,1.5,1.5,25,16,13.53,0.8769834662067467,17,1,0.058823529411764705
brock200-4,200,6811,1,1.5,1.5,30,16,13.44,0.8867919710958146,17,1,0.058823529411764705
brock200-4,200,6811,1,1.5,1.5,40,15,13.23,0.7463913182774837,17,2,0.11764705882352941
brock200-4,200,6811,1,1.5,1.5,50,16,13.23,0.7855571271397135,17,1,0.058823529411764705
brock200-4,200,6811,1,1.5,1.5,75,16,13.13,0.9659710140578753,17,1,0.058823529411764705
brock200-4,200,6811,1,1.5,1.5,100,16,12.99,0.9746281342132496,17,1,0.058823529411764705
brock200-4,200,6811,1,2,2,3,14,11.73,0.9680392554023831,17,3,0.17647058823529413
brock200-4,200,6811,1,2,2,4,15,12.5,0.8426149773176358,17,2,0.11764705882352941
brock200-4,200,6811,1,2,2,5,15,12.92,0.795989949685296,17,2,0.11764705882352941
brock200-4,200,6811,1,2,2,6,16,13.06,0.8811356308764277,17,1,0.058823529411764705
brock200-4,200,6811,1,2,2,7,15,13.27,0.7050531894828928,17,2,0.11764705882352941
brock200-4,200,6811,1,2,2,8,15,13.28,0.8376156636548769,17,2,0.11764705882352941
brock200-4,200,6811,1,2,2,10,15,13.32,0.8109253973085317,17,2,0.11764705882352941
brock200-4,200,6811,1,2,2,12,16,13.41,0.7495998932764065,17,1,0.058823529411764705
brock200-4,200,6811,1,2,2,15,15,13.3,0.8306623862918074,17,2,0.11764705882352941
brock200-4,200,6811,1,2,2,18,15,13.0,0.7348469228349535,17,2,0.11764705882352941
brock200-4,200,6811,1,2,2,20,15,12.9,0.8185352771872451,17,2,0.11764705882352941
brock200-4,200,6811,1,2,2,25,15,12.86,0.8248636250920511,17,2,0.11764705882352941
brock200-4,200,6811,1,2,2,30,15,12.66,0.751265598839718,17,2,0.11764705882352941
brock200-4,200,6811,1,2,2,40,15,12.52,0.7934733769950949,17,2,0.11764705882352941
brock200-4,200,6811,1,2,2,50,15,12.35,0.8645808232895291,17,2,0.11764705882352941
brock200-4,200,6811,1,2,2,75,14,12.2,0.8717797887081348,17,3,0.17647058823529413
brock200-4,200,6811,1,2,2,100,14,12.01,0.877439456600853,17,3,0.17647058823529413
brock200-4,200,6811,1,2.5,2.5,3,14,12.24,0.873155198117723,17,3,0.17647058823529413
brock200-4,200,6811,1,2.5,2.5,4,16,12.91,0.8728688332160797,17,1,0.058823529411764705
brock200-4,200,6811,1,2.5,2.5,5,15,13.22,0.9228217596047463,17,2,0.11764705882352941
brock200-4,200,6811,1,2.5,2.5,6,15,13.11,0.8233468284993877,17,2,0.11764705882352941
brock200-4,200,6811,1,2.5,2.5,7,15,13.09,0.7495998932764064,17,2,0.11764705882352941
brock200-4,200,6811,1,2.5,2.5,8,16,13.28,0.9389355675444403,17,1,0.058823529411764705
brock200-4,200,6811,1,2.5,2.5,10,16,13.15,0.8411301920630361,17,1,0.058823529411764705
brock200-4,200,6811,1,2.5,2.5,12,15,13.07,0.8972736483370056,17,2,0.11764705882352941
brock200-4,200,6811,1,2.5,2.5,15,15,12.92,0.9019977827023745,17,2,0.11764705882352941
brock200-4,200,6811,1,2.5,2.5,18,15,12.71,0.828190799272728,17,2,0.11764705882352941
brock200-4,200,6811,1,2.5,2.5,20,15,12.62,0.8096912991998866,17,2,0.11764705882352941
brock200-4,200,6811,1,2.5,2.5,25,14,12.42,0.7769169839822013,17,3,0.17647058823529413
brock200-4,200,6811,1,2.5,2.5,30,14,12.28,0.7756287771866126,17,3,0.17647058823529413
brock200-4,200,6811,1,2.5,2.5,40,14,12.01,0.8887631855561976,17,3,0.17647058823529413
brock200-4,200,6811,1,2.5,2.5,50,15,11.87,1.0164152694642088,17,2,0.11764705882352941
brock200-4,200,6811,1,2.5,2.5,75,15,11.7,1.014889156509222,17,2,0.11764705882352941
brock200-4,200,6811,1,2.5,2.5,100,15,11.53,1.053138167573467,17,2,0.11764705882352941
brock200-4,200,6811,1,3,3,3,15,12.62,0.8340263784797218,17,2,0.11764705882352941
brock200-4,200,6811,1,3,3,4,15,13.09,0.7886063656856948,17,2,0.11764705882352941
brock200-4,200,6811,1,3,3,5,17,13.16,0.9350935782048768,17,0,0.0
brock200-4,200,6811,1,3,3,6,16,13.14,0.9275774900244184,17,1,0.058823529411764705
brock200-4,200,6811,1,3,3,7,16,13.01,0.8425556361451747,17,1,0.058823529411764705
brock200-4,200,6811,1,3,3,8,15,12.93,0.8031811750782012,17,2,0.11764705882352941
brock200-4,200,6811,1,3,3,10,16,13.08,0.8565045242145541,17,1,0.058823529411764705
brock200-4,200,6811,1,3,3,12,15,12.79,0.8519976525789258,17,2,0.11764705882352941
brock200-4,200,6811,1,3,3,15,14,12.66,0.885663593019381,17,3,0.17647058823529413
brock200-4,200,6811,1,3,3,18,14,12.45,0.8874119674649423,17,3,0.17647058823529413
brock200-4,200,6811,1,3,3,20,14,12.42,0.8022468448052631,17,3,0.17647058823529413
brock200-4,200,6811,1,3,3,25,14,12.37,0.783007024234138,17,3,0.17647058823529413
brock200-4,200,6811,1,3,3,30,14,12.25,0.8046738469715541,17,3,0.17647058823529413
brock200-4,200,6811,1,3,3,40,15,12.09,0.9807650075323854,17,2,0.11764705882352941
brock200-4,200,6811,1,3,3,50,15,11.9,1.0148891565092222,17,2,0.11764705882352941
brock200-4,200,6811,1,3,3,75,15,11.62,0.9877246579892599,17,2,0.11764705882352941
brock200-4,200,6811,1,3,3,100,15,11.42,1.0215674231297707,17,2,0.11764705882352941
brock200-4,200,6811,1,3.5,3.5,3,15,12.93,0.9083501527494781,17,2,0.11764705882352941
brock200-4,200,6811,1,3.5,3.5,4,16,12.99,0.877439456600853,17,1,0.058823529411764705
brock200-4,200,6811,1,3.5,3.5,5,15,12.95,0.7794228634059948,17,2,0.11764705882352941
brock200-4,200,6811,1,3.5,3.5,6,15,13.08,0.8681013765684282,17,2,0.11764705882352941
brock200-4,200,6811,1,3.5,3.5,7,15,12.94,0.8345058418010028,17,2,0.11764705882352941
brock200-4,200,6811,1,3.5,3.5,8,15,12.86,0.8720091742636656,17,2,0.11764705882352941
brock200-4,200,6811,1,3.5,3.5,10,15,12.93,0.8397023282092293,17,2,0.11764705882352941
brock200-4,200,6811,1,3.5,3.5,12,15,12.81,0.8797158632194829,17,2,0.11764705882352941
brock200-4,200,6811,1,3.5,3.5,15,15,12.64,0.9748846085563154,17,2,0.11764705882352941
brock200-4,200,6811,1,3.5,3.5,18,14,12.5,0.8888194417315589,17,3,0.17647058823529413
brock200-4,200,6811,1,3.5,3.5,20,14,12.39,0.8472897969408106,17,3,0.17647058823529413
brock200-4,200,6811,1,3.5,3.5,25,14,12.36,0.7939773296511683,17,3,0.17647058823529413
brock200-4,200,6811,1,3.5,3.5,30,14,12.26,0.8200000000000001,17,3,0.17647058823529413
brock200-4,200,6811,1,3.5,3.5,40,15,12.05,0.9836157786453001,17,2,0.11764705882352941
brock200-4,200,6811,1,3.5,3.5,50,15,11.87,0.9965440281292143,17,2,0.11764705882352941
brock200-4,200,6811,1,3.5,3.5,75,15,11.63,0.986458311334037,17,2,0.11764705882352941
brock200-4,200,6811,1,3.5,3.5,100,15,11.43,1.0223013254417699,17,2,0.11764705882352941
brock200-4,200,6811,1,4,4,3,15,12.83,0.8491760712596652,17,2,0.11764705882352941
brock200-4,200,6811,1,4,4,4,15,13.06,0.8464041587799532,17,2,0.11764705882352941
brock200-4,200,6811,1,4,4,5,15,13.11,0.8590110593001701,17,2,0.11764705882352941
brock200-4,200,6811,1,4,4,6,15,13.05,0.8760707733967615,17,2,0.11764705882352941
brock200-4,200,6811,1,4,4,7,15,12.91,0.8011866199581719,17,2,0.11764705882352941
brock200-4,200,6811,1,4,4,8,15,12.86,0.8604649905719581,17,2,0.11764705882352941
brock200-4,200,6811,1,4,4,10,15,12.93,0.8860586888011427,17,2,0.11764705882352941
brock200-4,200,6811,1,4,4,12,15,12.74,0.8674099376880576,17,2,0.11764705882352941
brock200-4,200,6811,1,4,4,15,15,12.59,0.9807650075323854,17,2,0.11764705882352941
brock200-4,200,6811,1,4,4,18,14,12.46,0.876584280032445,17,3,0.17647058823529413
brock200-4,200,6811,1,4,4,20,14,12.38,0.8576712656956628,17,3,0.17647058823529413
brock200-4,200,6811,1,4,4,25,14,12.34,0.7901898506055364,17,3,0.17647058823529413
brock200-4,200,6811,1,4,4,30,14,12.25,0.8411301920630361,17,3,0.17647058823529413
brock200-4,200,6811,1,4,4,40,15,12.06,0.9676776322722358,17,2,0.11764705882352941
brock200-4,200,6811,1,4,4,50,15,11.86,1.0101485039339513,17,2,0.11764705882352941
brock200-4,200,6811,1,4,4,75,15,11.63,0.986458311334037,17,2,0.11764705882352941
brock200-4,200,6811,1,4,4,100,15,11.43,1.0223013254417699,17,2,0.11764705882352941
brock200-4,200,6811,1,4.5,4.5,3,15,12.81,0.7706490770772388,17,2,0.11764705882352941
brock200-4,200,6811,1,4.5,4.5,4,15,13.22,0.8435638683585257,17,2,0.11764705882352941
brock200-4,200,6811,1,4.5,4.5,5,15,13.08,0.8328265125462805,17,2,0.11764705882352941
brock200-4,200,6811,1,4.5,4.5,6,15,13.03,0.8769834662067467,17,2,0.11764705882352941
brock200-4,200,6811,1,4.5,4.5,7,15,12.92,0.8681013765684281,17,2,0.11764705882352941
brock200-4,200,6811,1,4.5,4.5,8,15,12.81,0.8797158632194828,17,2,0.11764705882352941
brock200-4,200,6811,1,4.5,4.5,10,15,12.92,0.8908422980528035,17,2,0.11764705882352941
brock200-4,200,6811,1,4.5,4.5,12,15,12.67,0.8252878285786117,17,2,0.11764705882352941
brock200-4,200,6811,1,4.5,4.5,15,15,12.57,0.9407975340103735,17,2,0.11764705882352941
brock200-4,200,6811,1,4.5,4.5,18,14,12.46,0.876584280032445,17,3,0.17647058823529413
brock200-4,200,6811,1,4.5,4.5,20,14,12.38,0.8576712656956628,17,3,0.17647058823529413
brock200-4,200,6811,1,4.5,4.5,25,14,12.34,0.7901898506055364,17,3,0.17647058823529413
brock200-4,200,6811,1,4.5,4.5,30,14,12.25,0.8411301920630361,17,3,0.17647058823529413
brock200-4,200,6811,1,4.5,4.5,40,15,12.06,0.9676776322722358,17,2,0.11764705882352941
brock200-4,200,6811,1,4.5,4.5,50,15,11.86,1.0101485039339513,17,2,0.11764705882352941
brock200-4,200,6811,1,4.5,4.5,75,15,11.63,0.986458311334037,17,2,0.11764705882352941
brock200-4,200,6811,1,4.5,4.5,100,15,11.43,1.0223013254417699,17,2,0.11764705882352941
brock200-4,200,6811,1,5,5,3,15,12.84,0.7838367176906169,17,2,0.11764705882352941
brock200-4,200,6811,1,5,5,4,15,13.06,0.8464041587799532,17,2,0.11764705882352941
brock200-4,200,6811,1,5,5,5,15,13.09,0.8011866199581719,17,2,0.11764705882352941
brock200-4,200,6811,1,5,5,6,15,13.03,0.8883130078975541,17,2,0.11764705882352941
brock200-4,200,6811,1,5,5,7,15,12.91,0.8496469855181034,17,2,0.11764705882352941
brock200-4,200,6811,1,5,5,8,15,12.83,0.8950418984606252,17,2,0.11764705882352941
brock200-4,200,6811,1,5,5,10,15,12.88,0.84,17,2,0.11764705882352941
brock200-4,200,6811,1,5,5,12,15,12.67,0.8252878285786117,17,2,0.11764705882352941
brock200-4,200,6811,1,5,5,15,15,12.57,0.9407975340103735,17,2,0.11764705882352941
brock200-4,200,6811,1,5,5,18,14,12.46,0.876584280032445,17,3,0.17647058823529413
brock200-4,200,6811,1,5,5,20,14,12.38,0.8576712656956628,17,3,0.17647058823529413
brock200-4,200,6811,1,5,5,25,14,12.34,0.7901898506055364,17,3,0.17647058823529413
brock200-4,200,6811,1,5,5,30,14,12.25,0.8411301920630361,17,3,0.17647058823529413
brock200-4,200,6811,1,5,5,40,15,12.06,0.9676776322722358,17,2,0.11764705882352941
brock200-4,200,6811,1,5,5,50,15,11.86,1.0101485039339513,17,2,0.11764705882352941
brock200-4,200,6811,1,5,5,75,15,11.63,0.986458311334037,17,2,0.11764705882352941
brock200-4,200,6811,1,5,5,100,15,11.43,1.0223013254417699,17,2,0.11764705882352941
brock800_1,800,112095,1,1.0,1.0,3,6,2.31,1.262497524750049,23,17,0.7391304347826086
brock800_1,800,112095,1,1.0,1.0,4,6,2.44,1.3588230201170421,23,17,0.7391304347826086
brock800_1,800,112095,1,1.0,1.0,5,6,2.42,1.3577923257994944,23,17,0.7391304347826086
brock800_1,800,112095,1,1.0,1.0,6,13,2.6,1.7320508075688776,23,10,0.43478260869565216
brock800_1,800,112095,1,1.0,1.0,7,15,2.82,2.507508723813339,23,8,0.34782608695652173
brock800_1,800,112095,1,1.0,1.0,8,17,3.6,3.797367509209505,23,6,0.2608695652173913
brock800_1,800,112095,1,1.0,1.0,10,16,4.61,4.525251374233259,23,7,0.30434782608695654
brock800_1,800,112095,1,1.0,1.0,12,18,5.07,5.044313630217692,23,5,0.21739130434782608
brock800_1,800,112095,1,1.0,1.0,15,18,6.69,5.719606629830412,23,5,0.21739130434782608
brock800_1,800,112095,1,1.0,1.0,18,17,6.87,5.873082665857854,23,6,0.2608695652173913
brock800_1,800,112095,1,1.0,1.0,20,16,7.4,6.087692502089769,23,7,0.30434782608695654
brock800_1,800,112095,1,1.0,1.0,25,17,8.91,6.280278656238113,23,6,0.2608695652173913
brock800_1,800,112095,1,1.0,1.0,30,17,10.56,5.802275415731314,23,6,0.2608695652173913
brock800_1,800,112095,1,1.0,1.0,40,17,11.06,5.878469188487765,23,6,0.2608695652173913
brock800_1,800,112095,1,1.0,1.0,50,18,12.45,5.261891294962297,23,5,0.21739130434782608
brock800_1,800,112095,1,1.0,1.0,75,19,12.69,5.34732643477093,23,4,0.17391304347826086
brock800_1,800,112095,1,1.0,1.0,100,19,12.73,5.384895542162355,23,4,0.17391304347826086
brock800_1,800,112095,1,1.5,1.5,3,12,2.84,1.653602128687551,23,11,0.4782608695652174
brock800_1,800,112095,1,1.5,1.5,4,18,5.52,4.561754048608933,23,5,0.21739130434782608
brock800_1,800,112095,1,1.5,1.5,5,16,7.72,5.099176404087233,23,7,0.30434782608695654
brock800_1,800,112095,1,1.5,1.5,6,15,10.77,4.333255127499418,23,8,0.34782608695652173
brock800_1,800,112095,1,1.5,1.5,7,17,11.98,4.418099138769976,23,6,0.2608695652173913
brock800_1,800,112095,1,1.5,1.5,8,17,13.35,2.688401011754013,23,6,0.2608695652173913
brock800_1,800,112095,1,1.5,1.5,10,18,14.19,2.3353586448338084,23,5,0.21739130434782608
brock800_1,800,112095,1,1.5,1.5,12,18,14.83,1.2810542533398028,23,5,0.21739130434782608
brock800_1,800,112095,1,1.5,1.5,15,18,15.14,1.2330450113438682,23,5,0.21739130434782608
brock800_1,800,112095,1,1.5,1.5,18,18,15.19,1.1197767634667188,23,5,0.21739130434782608
brock800_1,800,112095,1,1.5,1.5,20,17,15.31,1.0069260151570223,23,6,0.2608695652173913
brock800_1,800,112095,1,1.5,1.5,25,18,15.29,1.1339753083731585,23,5,0.21739130434782608
brock800_1,800,112095,1,1.5,1.5,30,18,15.29,1.0226925246622272,23,5,0.21739130434782608
brock800_1,800,112095,1,1.5,1.5,40,17,15.39,0.9475758544834288,23,6,0.2608695652173913
brock800_1,800,112095,1,1.5,1.5,50,19,15.32,1.0665833300778707,23,4,0.17391304347826086
brock800_1,800,112095,1,1.5,1.5,75,17,15.26,1.0734989520255713,23,6,0.2608695652173913
brock800_1,800,112095,1,1.5,1.5,100,17,15.08,0.9967948635501689,23,6,0.2608695652173913
brock800_1,800,112095,1,2,2,3,14,7.38,4.627699212351641,23,9,0.391304347826087
brock800_1,800,112095,1,2,2,4,16,12.34,3.277865158910598,23,7,0.30434782608695654
brock800_1,800,112095,1,2,2,5,17,14.25,1.16081867662439,23,6,0.2608695652173913
brock800_1,800,112095,1,2,2,6,17,14.49,1.1357376457615553,23,6,0.2608695652173913
brock800_1,800,112095,1,2,2,7,17,14.62,0.9977975746613138,23,6,0.2608695652173913
brock800_1,800,112095,1,2,2,8,18,15.1,1.0246950765959597,23,5,0.21739130434782608
brock800_1,800,112095,1,2,2,10,18,15.32,0.9785703858180054,23,5,0.21739130434782608
brock800_1,800,112095,1,2,2,12,18,15.41,0.9807650075323854,23,5,0.21739130434782608
brock800_1,800,112095,1,2,2,15,18,15.32,1.0943491216243562,23,5,0.21739130434782608
brock800_1,800,112095,1,2,2,18,18,15.13,1.083097410208334,23,5,0.21739130434782608
brock800_1,800,112095,1,2,2,20,18,14.94,0.9145490692138942,23,5,0.21739130434782608
brock800_1,800,112095,1,2,2,25,17,14.98,0.9271461589199409,23,6,0.2608695652173913
brock800_1,800,112095,1,2,2,30,17,14.84,0.8685620300243387,23,6,0.2608695652173913
brock800_1,800,112095,1,2,2,40,17,14.72,0.9389355675444403,23,6,0.2608695652173913
brock800_1,800,112095,1,2,2,50,17,14.51,0.9433451118228153,23,6,0.2608695652173913
brock800_1,800,112095,1,2,2,75,17,14.35,1.0988630487917956,23,6,0.2608695652173913
brock800_1,800,112095,1,2,2,100,17,14.35,1.0805091392487154,23,6,0.2608695652173913
brock800_1,800,112095,1,2.5,2.5,3,16,12.32,2.6865591376331177,23,7,0.30434782608695654
brock800_1,800,112095,1,2.5,2.5,4,17,14.33,1.0300970828033638,23,6,0.2608695652173913
brock800_1,800,112095,1,2.5,2.5,5,18,14.62,1.074988372030135,23,5,0.21739130434782608
brock800_1,800,112095,1,2.5,2.5,6,18,15.1,1.014889156509222,23,5,0.21739130434782608
brock800_1,800,112095,1,2.5,2.5,7,17,15.14,0.8720091742636656,23,6,0.2608695652173913
brock800_1,800,112095,1,2.5,2.5,8,17,15.1,0.9539392014169457,23,6,0.2608695652173913
brock800_1,800,112095,1,2.5,2.5,10,18,15.05,1.0037429949942365,23,5,0.21739130434782608
brock800_1,800,112095,1,2.5,2.5,12,17,14.89,1.0089103032480142,23,6,0.2608695652173913
brock800_1,800,112095,1,2.5,2.5,15,17,14.77,0.903935838431025,23,6,0.2608695652173913
brock800_1,800,112095,1,2.5,2.5,18,17,14.77,1.056929515152264,23,6,0.2608695652173913
brock800_1,800,112095,1,2.5,2.5,20,17,14.68,0.9785703858180054,23,6,0.2608695652173913
brock800_1,800,112095,1,2.5,2.5,25,17,14.57,1.0124722218411721,23,6,0.2608695652173913
brock800_1,800,112095,1,2.5,2.5,30,18,14.56,1.0613199329137282,23,5,0.21739130434782608
brock800_1,800,112095,1,2.5,2.5,40,18,14.34,1.0790736768172968,23,5,0.21739130434782608
brock800_1,800,112095,1,2.5,2.5,50,17,14.18,1.013706071797935,23,6,0.2608695652173913
brock800_1,800,112095,1,2.5,2.5,75,16,14.01,1.0246462804304712,23,7,0.30434782608695654
brock800_1,800,112095,1,2.5,2.5,100,16,13.99,0.9949371839468056,23,7,0.30434782608695654
brock800_1,800,112095,1,3,3,3,16,13.75,1.061838029079765,23,7,0.30434782608695654
brock800_1,800,112095,1,3,3,4,18,14.46,0.9318798205777395,23,5,0.21739130434782608
brock800_1,800,112095,1,3,3,5,17,14.82,0.9314504817756012,23,6,0.2608695652173913
brock800_1,800,112095,1,3,3,6,17,14.82,0.94212525706511,23,6,0.2608695652173913
brock800_1,800,112095,1,3,3,7,17,14.98,0.8942035562443263,23,6,0.2608695652173913
brock800_1,800,112095,1,3,3,8,17,14.99,0.9326842981416594,23,6,0.2608695652173913
brock800_1,800,112095,1,3,3,10,18,14.86,0.8834025130143109,23,5,0.21739130434782608
brock800_1,800,112095,1,3,3,12,18,14.8,0.9486832980505138,23,5,0.21739130434782608
brock800_1,800,112095,1,3,3,15,18,14.77,1.028153685010174,23,5,0.21739130434782608
brock800_1,800,112095,1,3,3,18,17,14.51,0.9848350115628505,23,6,0.2608695652173913
brock800_1,800,112095,1,3,3,20,17,14.4,1.0295630140986998,23,6,0.2608695652173913
brock800_1,800,112095,1,3,3,25,18,14.51,1.0723339032223125,23,5,0.21739130434782608
brock800_1,800,112095,1,3,3,30,17,14.37,1.0065286881157438,23,6,0.2608695652173913
brock800_1,800,112095,1,3,3,40,16,14.16,0.9769339793455851,23,7,0.30434782608695654
brock800_1,800,112095,1,3,3,50,16,14.07,1.0416813332300814,23,7,0.30434782608695654
brock800_1,800,112095,1,3,3,75,16,13.99,1.0246462804304712,23,7,0.30434782608695654
brock800_1,800,112095,1,3,3,100,16,13.98,0.999799979995999,23,7,0.30434782608695654
brock800_1,800,112095,1,3.5,3.5,3,17,14.32,0.9785703858180055,23,6,0.2608695652173913
brock800_1,800,112095,1,3.5,3.5,4,17,14.85,1.0136567466356647,23,6,0.2608695652173913
brock800_1,800,112095,1,3.5,3.5,5,17,14.96,1.0190191362285597,23,6,0.2608695652173913
brock800_1,800,112095,1,3.5,3.5,6,18,15.0,0.9695359714832658,23,5,0.21739130434782608
brock800_1,800,112095,1,3.5,3.5,7,17,14.91,0.8613361713059542,23,6,0.2608695652173913
brock800_1,800,112095,1,3.5,3.5,8,18,14.94,0.9779570542718121,23,5,0.21739130434782608
brock800_1,800,112095,1,3.5,3.5,10,17,14.91,0.895488693395958,23,6,0.2608695652173913
brock800_1,800,112095,1,3.5,3.5,12,17,14.76,0.928654941299512,23,6,0.2608695652173913
brock800_1,800,112095,1,3.5,3.5,15,17,14.64,1.0051865498503252,23,6,0.2608695652173913
brock800_1,800,112095,1,3.5,3.5,18,17,14.51,0.9643132271207316,23,6,0.2608695652173913
brock800_1,800,112095,1,3.5,3.5,20,17,14.39,0.998949448170427,23,6,0.2608695652173913
brock800_1,800,112095,1,3.5,3.5,25,17,14.47,1.062591172558854,23,6,0.2608695652173913
brock800_1,800,112095,1,3.5,3.5,30,17,14.35,1.0331989159885913,23,6,0.2608695652173913
brock800_1,800,112095,1,3.5,3.5,40,16,14.15,0.9733961166965893,23,7,0.30434782608695654
brock800_1,800,112095,1,3.5,3.5,50,16,14.07,1.0416813332300814,23,7,0.30434782608695654
brock800_1,800,112095,1,3.5,3.5,75,16,13.99,1.0246462804304712,23,7,0.30434782608695654
brock800_1,800,112095,1,3.5,3.5,100,16,13.98,0.999799979995999,23,7,0.30434782608695654
brock800_1,800,112095,1,4,4,3,17,14.53,0.9105492847726585,23,6,0.2608695652173913
brock800_1,800,112095,1,4,4,4,18,14.87,0.8325262758616091,23,5,0.21739130434782608
brock800_1,800,112095,1,4,4,5,18,15.0,1.131370849898476,23,5,0.21739130434782608
brock800_1,800,112095,1,4,4,6,17,15.12,0.8975522268926751,23,6,0.2608695652173913
brock800_1,800,112095,1,4,4,7,17,14.92,0.8795453370918408,23,6,0.2608695652173913
brock800_1,800,112095,1,4,4,8,17,14.87,0.9236341266973628,23,6,0.2608695652173913
brock800_1,800,112095,1,4,4,10,17,14.78,0.975499871860576,23,6,0.2608695652173913
brock800_1,800,112095,1,4,4,12,17,14.79,0.8977193325310533,23,6,0.2608695652173913
brock800_1,800,112095,1,4,4,15,17,14.62,1.0176443386566842,23,6,0.2608695652173913
brock800_1,800,112095,1,4,4,18,17,14.49,0.9949371839468057,23,6,0.2608695652173913
brock800_1,800,112095,1,4,4,20,17,14.38,1.0077698149875298,23,6,0.2608695652173913
brock800_1,800,112095,1,4,4,25,17,14.47,1.062591172558854,23,6,0.2608695652173913
brock800_1,800,112095,1,4,4,30,17,14.35,1.0331989159885913,23,6,0.2608695652173913
brock800_1,800,112095,1,4,4,40,16,14.15,0.9733961166965893,23,7,0.30434782608695654
brock800_1,800,112095,1,4,4,50,16,14.07,1.0416813332300814,23,7,0.30434782608695654
brock800_1,800,112095,1,4,4,75,16,13.99,1.0246462804304712,23,7,0.30434782608695654
brock800_1,800,112095,1,4,4,100,16,13.98,0.999799979995999,23,7,0.30434782608695654
brock800_1,800,112095,1,4.5,4.5,3,16,14.38,0.8919641248391105,23,7,0.30434782608695654
brock800_1,800,112095,1,4.5,4.5,4,17,14.76,0.849941174435031,23,6,0.2608695652173913
brock800_1,800,112095,1,4.5,4.5,5,17,15.01,0.9746281342132496,23,6,0.2608695652173913
brock800_1,800,112095,1,4.5,4.5,6,17,15.0,0.916515138991168,23,6,0.2608695652173913
brock800_1,800,112095,1,4.5,4.5,7,17,14.97,0.8655056325639944,23,6,0.2608695652173913
brock800_1,800,112095,1,4.5,4.5,8,17,14.86,0.8946507698538018,23,6,0.2608695652173913
brock800_1,800,112095,1,4.5,4.5,10,17,14.76,0.9393614852653902,23,6,0.2608695652173913
brock800_1,800,112095,1,4.5,4.5,12,17,14.77,0.9149316914393119,23,6,0.2608695652173913
brock800_1,800,112095,1,4.5,4.5,15,17,14.62,1.0176443386566842,23,6,0.2608695652173913
brock800_1,800,112095,1,4.5,4.5,18,17,14.49,0.9949371839468057,23,6,0.2608695652173913
brock800_1,800,112095,1,4.5,4.5,20,17,14.38,1.0077698149875298,23,6,0.2608695652173913
brock800_1,800,112095,1,4.5,4.5,25,17,14.47,1.062591172558854,23,6,0.2608695652173913
brock800_1,800,112095,1,4.5,4.5,30,17,14.35,1.0331989159885913,23,6,0.2608695652173913
brock800_1,800,112095,1,4.5,4.5,40,16,14.15,0.9733961166965893,23,7,0.30434782608695654
brock800_1,800,112095,1,4.5,4.5,50,16,14.07,1.0416813332300814,23,7,0.30434782608695654
brock800_1,800,112095,1,4.5,4.5,75,16,13.99,1.0246462804304712,23,7,0.30434782608695654
brock800_1,800,112095,1,4.5,4.5,100,16,13.98,0.999799979995999,23,7,0.30434782608695654
brock800_1,800,112095,1,5,5,3,17,14.64,0.8546344247688599,23,6,0.2608695652173913
brock800_1,800,112095,1,5,5,4,17,14.8,0.8124038404635961,23,6,0.2608695652173913
brock800_1,800,112095,1,5,5,5,17,14.94,0.94678403028357,23,6,0.2608695652173913
brock800_1,800,112095,1,5,5,6,17,14.99,0.9746281342132496,23,6,0.2608695652173913
brock800_1,800,112095,1,5,5,7,17,14.95,0.8986100377805715,23,6,0.2608695652173913
brock800_1,800,112095,1,5,5,8,17,14.86,0.883402513014311,23,6,0.2608695652173913
brock800_1,800,112095,1,5,5,10,17,14.76,0.9393614852653902,23,6,0.2608695652173913
brock800_1,800,112095,1,5,5,12,17,14.76,0.928654941299512,23,6,0.2608695652173913
brock800_1,800,112095,1,5,5,15,17,14.61,1.0285426583277917,23,6,0.2608695652173913
brock800_1,800,112095,1,5,5,18,17,14.49,0.9949371839468057,23,6,0.2608695652173913
brock800_1,800,112095,1,5,5,20,17,14.38,1.0077698149875298,23,6,0.2608695652173913
brock800_1,800,112095,1,5,5,25,17,14.47,1.062591172558854,23,6,0.2608695652173913
brock800_1,800,112095,1,5,5,30,17,14.35,1.0331989159885913,23,6,0.2608695652173913
brock800_1,800,112095,1,5,5,40,16,14.15,0.9733961166965893,23,7,0.30434782608695654
brock800_1,800,112095,1,5,5,50,16,14.07,1.0416813332300814,23,7,0.30434782608695654
brock800_1,800,112095,1,5,5,75,16,13.99,1.0246462804304712,23,7,0.30434782608695654
brock800_1,800,112095,1,5,5,100,16,13.98,0.999799979995999,23,7,0.30434782608695654
brock800_2,800,111434,1,1.0,1.0,3,8,2.62,1.3840520221436765,24,16,0.6666666666666666
brock800_2,800,111434,1,1.0,1.0,4,7,2.67,1.4286707108357757,24,17,0.7083333333333334
brock800_2,800,111434,1,1.0,1.0,5,7,2.67,1.4495171609884445,24,17,0.7083333333333334
brock800_2,800,111434,1,1.0,1.0,6,13,2.76,1.7095028517086481,24,11,0.4583333333333333
brock800_2,800,111434,1,1.0,1.0,7,14,3.23,2.6901858671846446,24,10,0.4166666666666667
brock800_2,800,111434,1,1.0,1.0,8,16,3.5,3.1953090617340916,24,8,0.3333333333333333
brock800_2,800,111434,1,1.0,1.0,10,16,3.61,3.2585119303142047,24,8,0.3333333333333333
brock800_2,800,111434,1,1.0,1.0,12,18,5.77,5.373741713182724,24,6,0.25
brock800_2,800,111434,1,1.0,1.0,15,17,6.62,5.652928444620541,24,7,0.2916666666666667
brock800_2,800,111434,1,1.0,1.0,18,17,7.42,6.031881961709795,24,7,0.2916666666666667
brock800_2,800,111434,1,1.0,1.0,20,17,9.55,6.148780366869515,24,7,0.2916666666666667
brock800_2,800,111434,1,1.0,1.0,25,18,9.46,6.318892307991963,24,6,0.25
brock800_2,800,111434,1,1.0,1.0,30,17,9.55,6.302975487815259,24,7,0.2916666666666667
brock800_2,800,111434,1,1.0,1.0,40,18,11.66,5.807271304149651,24,6,0.25
brock800_2,800,111434,1,1.0,1.0,50,20,12.38,5.294865437383654,24,4,0.16666666666666666
brock800_2,800,111434,1,1.0,1.0,75,20,13.06,5.203498822907525,24,4,0.16666666666666666
brock800_2,800,111434,1,1.0,1.0,100,20,13.14,5.099058736668955,24,4,0.16666666666666666
brock800_2,800,111434,1,1.5,1.5,3,11,3.34,1.9759554650851825,24,13,0.5416666666666666
brock800_2,800,111434,1,1.5,1.5,4,16,5.59,4.221599223043325,24,8,0.3333333333333333
brock800_2,800,111434,1,1.5,1.5,5,15,7.29,5.109393310364744,24,9,0.375
brock800_2,800,111434,1,1.5,1.5,6,18,11.11,4.888547841639682,24,6,0.25
brock800_2,800,111434,1,1.5,1.5,7,17,13.15,3.0178634826645157,24,7,0.2916666666666667
brock800_2,800,111434,1,1.5,1.5,8,17,13.29,3.1663701615572366,24,7,0.2916666666666667
brock800_2,800,111434,1,1.5,1.5,10,18,14.28,2.7389048906451645,24,6,0.25
brock800_2,800,111434,1,1.5,1.5,12,18,14.87,1.2700787377166818,24,6,0.25
brock800_2,800,111434,1,1.5,1.5,15,18,15.22,0.9651942809610924,24,6,0.25
brock800_2,800,111434,1,1.5,1.5,18,18,15.43,0.982395032560731,24,6,0.25
brock800_2,800,111434,1,1.5,1.5,20,18,15.46,1.0528057750601485,24,6,0.25
brock800_2,800,111434,1,1.5,1.5,25,18,15.57,1.0416813332300814,24,6,0.25
brock800_2,800,111434,1,1.5,1.5,30,18,15.53,0.9534673565466203,24,6,0.25
brock800_2,800,111434,1,1.5,1.5,40,18,15.62,1.046709128650362,24,6,0.25
brock800_2,800,111434,1,1.5,1.5,50,18,15.54,1.0432641084595982,24,6,0.25
brock800_2,800,111434,1,1.5,1.5,75,19,15.51,1.1090085662428402,24,5,0.20833333333333334
brock800_2,800,111434,1,1.5,1.5,100,18,15.45,1.0712142642814275,24,6,0.25
brock800_2,800,111434,1,2,2,3,15,7.95,4.842261868176896,24,9,0.375
brock800_2,800,111434,1,2,2,4,17,12.16,3.4488258871679793,24,7,0.2916666666666667
brock800_2,800,111434,1,2,2,5,17,13.97,1.187055179846329,24,7,0.2916666666666667
brock800_2,800,111434,1,2,2,6,18,14.54,1.9205207627099479,24,6,0.25
brock800_2,800,111434,1,2,2,7,18,14.95,1.1346805717910218,24,6,0.25
brock800_2,800,111434,1,2,2,8,18,15.03,0.9429209935090002,24,6,0.25
brock800_2,800,111434,1,2,2,10,18,15.24,1.0781465577554845,24,6,0.25
brock800_2,800,111434,1,2,2,12,18,15.41,1.1322102278287367,24,6,0.25
brock800_2,800,111434,1,2,2,15,18,15.2,1.0099504938362078,24,6,0.25
brock800_2,800,111434,1,2,2,18,17,15.2,1.1135528725660044,24,7,0.2916666666666667
brock800_2,800,111434,1,2,2,20,17,15.1,1.0908712114635715,24,7,0.2916666666666667
brock800_2,800,111434,1,2,2,25,17,15.09,0.9175510884958941,24,7,0.2916666666666667
brock800_2,800,111434,1,2,2,30,17,15.07,1.0416813332300814,24,7,0.2916666666666667
brock800_2,800,111434,1,2,2,40,17,14.92,1.0457533169921096,24,7,0.2916666666666667
brock800_2,800,111434,1,2,2,50,17,14.63,1.0644716999526103,24,7,0.2916666666666667
brock800_2,800,111434,1,2,2,75,17,14.57,1.0416813332300814,24,7,0.2916666666666667
brock800_2,800,111434,1,2,2,100,17,14.49,1.0629675441893793,24,7,0.2916666666666667
brock800_2,800,111434,1,2.5,2.5,3,16,12.46,2.459349507491768,24,8,0.3333333333333333
brock800_2,800,111434,1,2.5,2.5,4,17,14.29,1.051617801294748,24,7,0.2916666666666667
brock800_2,800,111434,1,2.5,2.5,5,17,14.69,1.0362914647916386,24,7,0.2916666666666667
brock800_2,800,111434,1,2.5,2.5,6,17,14.84,0.8452218643646175,24,7,0.2916666666666667
brock800_2,800,111434,1,2.5,2.5,7,18,15.22,0.9856977224281286,24,6,0.25
brock800_2,800,111434,1,2.5,2.5,8,17,15.17,0.9597395480024776,24,7,0.2916666666666667
brock800_2,800,111434,1,2.5,2.5,10,17,15.17,0.9905049217444606,24,7,0.2916666666666667
brock800_2,800,111434,1,2.5,2.5,12,17,15.16,0.9971960689854329,24,7,0.2916666666666667
brock800_2,800,111434,1,2.5,2.5,15,17,14.9,1.0723805294763609,24,7,0.2916666666666667
brock800_2,800,111434,1,2.5,2.5,18,17,14.86,1.1047171583713182,24,7,0.2916666666666667
brock800_2,800,111434,1,2.5,2.5,20,17,14.79,1.1072036849649662,24,7,0.2916666666666667
brock800_2,800,111434,1,2.5,2.5,25,17,14.66,1.0697663296253066,24,7,0.2916666666666667
brock800_2,800,111434,1,2.5,2.5,30,17,14.58,1.0117311895953391,24,7,0.2916666666666667
brock800_2,800,111434,1,2.5,2.5,40,18,14.44,1.1341957503006261,24,6,0.25
brock800_2,800,111434,1,2.5,2.5,50,17,14.24,1.087382177525455,24,7,0.2916666666666667
brock800_2,800,111434,1,2.5,2.5,75,17,14.15,1.0037429949942367,24,7,0.2916666666666667
brock800_2,800,111434,1,2.5,2.5,100,17,14.12,1.0322790320451152,24,7,0.2916666666666667
brock800_2,800,111434,1,3,3,3,17,13.9,1.4730919862656235,24,7,0.2916666666666667
brock800_2,800,111434,1,3,3,4,17,14.91,0.9807650075323855,24,7,0.2916666666666667
brock800_2,800,111434,1,3,3,5,19,15.23,1.0849423947841654,24,5,0.20833333333333334
brock800_2,800,111434,1,3,3,6,18,15.14,0.9697422337920526,24,6,0.25
brock800_2,800,111434,1,3,3,7,17,15.25,0.9526279441628825,24,7,0.2916666666666667
brock800_2,800,111434,1,3,3,8,17,15.19,0.8209141246196218,24,7,0.2916666666666667
brock800_2,800,111434,1,3,3,10,17,14.99,0.9538867857350787,24,7,0.2916666666666667
brock800_2,800,111434,1,3,3,12,17,14.87,0.9450396817065408,24,7,0.2916666666666667
brock800_2,800,111434,1,3,3,15,17,14.74,0.9446692542895634,24,7,0.2916666666666667
brock800_2,800,111434,1,3,3,18,17,14.7,1.044030650891055,24,7,0.2916666666666667
brock800_2,800,111434,1,3,3,20,17,14.73,1.1300884921102419,24,7,0.2916666666666667
brock800_2,800,111434,1,3,3,25,18,14.56,1.1074294559925701,24,6,0.25
brock800_2,800,111434,1,3,3,30,18,14.52,1.0533755265810953,24,6,0.25
brock800_2,800,111434,1,3,3,40,18,14.34,1.142103322821539,24,6,0.25
brock800_2,800,111434,1,3,3,50,17,14.17,1.0775435026020992,24,7,0.2916666666666667
brock800_2,800,111434,1,3,3,75,17,14.16,0.976933979345585,24,7,0.2916666666666667
brock800_2,800,111434,1,3,3,100,17,14.1,1.004987562112089,24,7,0.2916666666666667
brock800_2,800,111434,1,3.5,3.5,3,17,14.38,0.9249864863877743,24,7,0.2916666666666667
brock800_2,800,111434,1,3.5,3.5,4,17,14.87,0.8562125904236636,24,7,0.2916666666666667
brock800_2,800,111434,1,3.5,3.5,5,18,15.14,0.8720091742636656,24,6,0.25
brock800_2,800,111434,1,3.5,3.5,6,18,15.2,0.9055385138137418,24,6,0.25
brock800_2,800,111434,1,3.5,3.5,7,18,15.21,0.9622369770487933,24,6,0.25
brock800_2,800,111434,1,3.5,3.5,8,18,15.12,0.9303762679690406,24,6,0.25
brock800_2,800,111434,1,3.5,3.5,10,17,14.97,0.9429209935090002,24,7,0.2916666666666667
brock800_2,800,111434,1,3.5,3.5,12,17,14.86,0.9488940931421168,24,7,0.2916666666666667
brock800_2,800,111434,1,3.5,3.5,15,17,14.79,1.0128672173587216,24,7,0.2916666666666667
brock800_2,800,111434,1,3.5,3.5,18,17,14.7,1.03440804327886,24,7,0.2916666666666667
brock800_2,800,111434,1,3.5,3.5,20,17,14.67,1.0867842472174503,24,7,0.2916666666666667
brock800_2,800,111434,1,3.5,3.5,25,17,14.53,1.0242558274181308,24,7,0.2916666666666667
brock800_2,800,111434,1,3.5,3.5,30,18,14.5,1.044030650891055,24,6,0.25
brock800_2,800,111434,1,3.5,3.5,40,17,14.3,1.0816653826391966,24,7,0.2916666666666667
brock800_2,800,111434,1,3.5,3.5,50,17,14.14,1.0394229168149027,24,7,0.2916666666666667
brock800_2,800,111434,1,3.5,3.5,75,17,14.16,0.976933979345585,24,7,0.2916666666666667
brock800_2,800,111434,1,3.5,3.5,100,17,14.09,1.0108906963663284,24,7,0.2916666666666667
brock800_2,800,111434,1,4,4,3,18,14.65,0.9836157786453001,24,6,0.25
brock800_2,800,111434,1,4,4,4,17,14.98,0.9271461589199409,24,7,0.2916666666666667
brock800_2,800,111434,1,4,4,5,17,15.19,0.9240670971309388,24,7,0.2916666666666667
brock800_2,800,111434,1,4,4,6,17,15.12,0.9195651146058119,24,7,0.2916666666666667
brock800_2,800,111434,1,4,4,7,17,15.22,0.9957911427603683,24,7,0.2916666666666667
brock800_2,800,111434,1,4,4,8,17,15.12,0.8749857141690943,24,7,0.2916666666666667
brock800_2,800,111434,1,4,4,10,17,15.01,0.9538867857350787,24,7,0.2916666666666667
brock800_2,800,111434,1,4,4,12,17,14.89,0.9262289133902053,24,7,0.2916666666666667
brock800_2,800,111434,1,4,4,15,17,14.75,0.9733961166965892,24,7,0.2916666666666667
brock800_2,800,111434,1,4,4,18,17,14.66,0.9921693403849969,24,7,0.2916666666666667
brock800_2,800,111434,1,4,4,20,17,14.66,1.050904372433572,24,7,0.2916666666666667
brock800_2,800,111434,1,4,4,25,17,14.52,1.0244998779892558,24,7,0.2916666666666667
brock800_2,800,111434,1,4,4,30,18,14.5,1.044030650891055,24,6,0.25
brock800_2,800,111434,1,4,4,40,17,14.29,1.0889903580840374,24,7,0.2916666666666667
brock800_2,800,111434,1,4,4,50,17,14.13,1.0455142275454696,24,7,0.2916666666666667
brock800_2,800,111434,1,4,4,75,17,14.15,0.9836157786453,24,7,0.2916666666666667
brock800_2,800,111434,1,4,4,100,17,14.09,1.0108906963663284,24,7,0.2916666666666667
brock800_2,800,111434,1,4.5,4.5,3,17,14.67,0.8950418984606252,24,7,0.2916666666666667
brock800_2,800,111434,1,4.5,4.5,4,17,15.06,0.9035485598461216,24,7,0.2916666666666667
brock800_2,800,111434,1,4.5,4.5,5,17,15.12,0.8749857141690944,24,7,0.2916666666666667
brock800_2,800,111434,1,4.5,4.5,6,17,15.15,0.8874119674649424,24,7,0.2916666666666667
brock800_2,800,111434,1,4.5,4.5,7,17,15.25,0.9630680142129111,24,7,0.2916666666666667
brock800_2,800,111434,1,4.5,4.5,8,17,15.12,0.8749857141690943,24,7,0.2916666666666667
brock800_2,800,111434,1,4.5,4.5,10,17,14.95,0.931396800509858,24,7,0.2916666666666667
brock800_2,800,111434,1,4.5,4.5,12,17,14.87,0.9450396817065408,24,7,0.2916666666666667
brock800_2,800,111434,1,4.5,4.5,15,17,14.75,0.9733961166965892,24,7,0.2916666666666667
brock800_2,800,111434,1,4.5,4.5,18,17,14.66,0.9921693403849969,24,7,0.2916666666666667
brock800_2,800,111434,1,4.5,4.5,20,17,14.66,1.050904372433572,24,7,0.2916666666666667
brock800_2,800,111434,1,4.5,4.5,25,17,14.5,1.044030650891055,24,7,0.2916666666666667
brock800_2,800,111434,1,4.5,4.5,30,18,14.49,1.0535179163165664,24,6,0.25
brock800_2,800,111434,1,4.5,4.5,40,17,14.29,1.0889903580840374,24,7,0.2916666666666667
brock800_2,800,111434,1,4.5,4.5,50,17,14.13,1.0455142275454696,24,7,0.2916666666666667
brock800_2,800,111434,1,4.5,4.5,75,17,14.15,0.9836157786453,24,7,0.2916666666666667
brock800_2,800,111434,1,4.5,4.5,100,17,14.09,1.0108906963663284,24,7,0.2916666666666667
brock800_2,800,111434,1,5,5,3,17,14.81,0.9021640649017227,24,7,0.2916666666666667
brock800_2,800,111434,1,5,5,4,17,15.05,0.8986100377805715,24,7,0.2916666666666667
brock800_2,800,111434,1,5,5,5,17,15.16,0.913454979733539,24,7,0.2916666666666667
brock800_2,800,111434,1,5,5,6,17,15.17,0.8608716512930368,24,7,0.2916666666666667
brock800_2,800,111434,1,5,5,7,17,15.25,0.9526279441628825,24,7,0.2916666666666667
brock800_2,800,111434,1,5,5,8,17,15.06,0.9145490692138943,24,7,0.2916666666666667
brock800_2,800,111434,1,5,5,10,17,14.94,0.9254188241007422,24,7,0.2916666666666667
brock800_2,800,111434,1,5,5,12,17,14.87,0.9450396817065408,24,7,0.2916666666666667
brock800_2,800,111434,1,5,5,15,17,14.75,0.9733961166965892,24,7,0.2916666666666667
brock800_2,800,111434,1,5,5,18,17,14.66,0.9921693403849969,24,7,0.2916666666666667
brock800_2,800,111434,1,5,5,20,17,14.65,1.061838029079765,24,7,0.2916666666666667
brock800_2,800,111434,1,5,5,25,17,14.5,1.044030650891055,24,7,0.2916666666666667
brock800_2,800,111434,1,5,5,30,18,14.49,1.0535179163165664,24,6,0.25
brock800_2,800,111434,1,5,5,40,17,14.29,1.0889903580840374,24,7,0.2916666666666667
brock800_2,800,111434,1,5,5,50,17,14.13,1.0455142275454696,24,7,0.2916666666666667
brock800_2,800,111434,1,5,5,75,17,14.15,0.9836157786453,24,7,0.2916666666666667
brock800_2,800,111434,1,5,5,100,17,14.09,1.0108906963663284,24,7,0.2916666666666667
brock800_3,800,112267,1,1.0,1.0,3,7,2.41,1.327365812427004,25,18,0.72
brock800_3,800,112267,1,1.0,1.0,4,7,2.54,1.4725488107359974,25,18,0.72
brock800_3,800,112267,1,1.0,1.0,5,13,2.67,1.8923794545492192,25,12,0.48
brock800_3,800,112267,1,1.0,1.0,6,12,2.65,1.7457090250096092,25,13,0.52
brock800_3,800,112267,1,1.0,1.0,7,13,2.77,2.0290638235403047,25,12,0.48
brock800_3,800,112267,1,1.0,1.0,8,17,3.12,2.9975990392312313,25,8,0.32
brock800_3,800,112267,1,1.0,1.0,10,16,4.23,4.270491774959881,25,9,0.36
brock800_3,800,112267,1,1.0,1.0,12,17,5.41,5.2632594463887115,25,8,0.32
brock800_3,800,112267,1,1.0,1.0,15,18,6.7,5.862593282839942,25,7,0.28
brock800_3,800,112267,1,1.0,1.0,18,17,7.3,6.1489836558572835,25,8,0.32
brock800_3,800,112267,1,1.0,1.0,20,17,8.26,6.218713693361354,25,8,0.32
brock800_3,800,112267,1,1.0,1.0,25,18,9.92,6.4617025620187745,25,7,0.28
brock800_3,800,112267,1,1.0,1.0,30,18,11.36,5.894946988735352,25,7,0.28
brock800_3,800,112267,1,1.0,1.0,40,19,10.27,6.13327807946126,25,6,0.24
brock800_3,800,112267,1,1.0,1.0,50,19,12.09,5.815659893769579,25,6,0.24
brock800_3,800,112267,1,1.0,1.0,75,19,13.62,4.878073390181824,25,6,0.24
brock800_3,800,112267,1,1.0,1.0,100,18,13.14,5.316051166044209,25,7,0.28
brock800_3,800,112267,1,1.5,1.5,3,14,3.01,2.1189384134514153,25,11,0.44
brock800_3,800,112267,1,1.5,1.5,4,14,5.36,4.3417047343180775,25,11,0.44
brock800_3,800,112267,1,1.5,1.5,5,16,7.9,5.316954015223378,25,9,0.36
brock800_3,800,112267,1,1.5,1.5,6,17,10.64,4.952817380037346,25,8,0.32
brock800_3,800,112267,1,1.5,1.5,7,17,11.89,4.474136788253126,25,8,0.32
brock800_3,800,112267,1,1.5,1.5,8,17,13.77,2.221958595473822,25,8,0.32
brock800_3,800,112267,1,1.5,1.5,10,17,14.16,2.3354656923192003,25,8,0.32
brock800_3,800,112267,1,1.5,1.5,12,18,14.92,1.1196428001822722,25,7,0.28
brock800_3,800,112267,1,1.5,1.5,15,18,14.93,1.6263763402115758,25,7,0.28
brock800_3,800,112267,1,1.5,1.5,18,17,15.04,1.0287856919689347,25,8,0.32
brock800_3,800,112267,1,1.5,1.5,20,17,15.25,1.023474474522936,25,8,0.32
brock800_3,800,112267,1,1.5,1.5,25,18,15.33,1.0104949282406122,25,7,0.28
brock800_3,800,112267,1,1.5,1.5,30,18,15.34,1.0790736768172968,25,7,0.28
brock800_3,800,112267,1,1.5,1.5,40,18,15.46,1.0141005867269774,25,7,0.28
brock800_3,800,112267,1,1.5,1.5,50,18,15.31,0.9240670971309388,25,7,0.28
brock800_3,800,112267,1,1.5,1.5,75,18,15.21,1.051617801294748,25,7,0.28
brock800_3,800,112267,1,1.5,1.5,100,18,15.32,1.0759182125050213,25,7,0.28
brock800_3,800,112267,1,2,2,3,16,8.37,4.945007583411779,25,9,0.36
brock800_3,800,112267,1,2,2,4,16,12.33,2.800196421681879,25,9,0.36
brock800_3,800,112267,1,2,2,5,18,14.24,1.217538500417954,25,7,0.28
brock800_3,800,112267,1,2,2,6,17,14.48,1.1443775600735975,25,8,0.32
brock800_3,800,112267,1,2,2,7,17,14.88,1.1249888888340187,25,8,0.32
brock800_3,800,112267,1,2,2,8,18,14.82,1.0989085494252921,25,7,0.28
brock800_3,800,112267,1,2,2,10,18,15.15,0.9630680142129112,25,7,0.28
brock800_3,800,112267,1,2,2,12,18,15.28,0.9806120537705012,25,7,0.28
brock800_3,800,112267,1,2,2,15,18,15.31,1.0069260151570225,25,7,0.28
brock800_3,800,112267,1,2,2,18,18,15.2,1.0295630140987,25,7,0.28
brock800_3,800,112267,1,2,2,20,18,15.18,1.1435033887138246,25,7,0.28
brock800_3,800,112267,1,2,2,25,18,15.16,1.0461357464497616,25,7,0.28
brock800_3,800,112267,1,2,2,30,18,14.98,1.0952625256074453,25,7,0.28
brock800_3,800,112267,1,2,2,40,18,14.84,0.9971960689854329,25,7,0.28
brock800_3,800,112267,1,2,2,50,18,14.82,1.107971118757163,25,7,0.28
brock800_3,800,112267,1,2,2,75,17,14.57,1.1068423555321687,25,8,0.32
brock800_3,800,112267,1,2,2,100,17,14.43,1.1424097338520887,25,8,0.32
brock800_3,800,112267,1,2.5,2.5,3,17,12.98,1.7831432920547916,25,8,0.32
brock800_3,800,112267,1,2.5,2.5,4,17,14.17,1.0493331215586401,25,8,0.32
brock800_3,800,112267,1,2.5,2.5,5,18,14.76,0.9911609354691093,25,7,0.28
brock800_3,800,112267,1,2.5,2.5,6,18,15.01,1.0343597053249898,25,7,0.28
brock800_3,800,112267,1,2.5,2.5,7,17,15.06,0.9779570542718122,25,8,0.32
brock800_3,800,112267,1,2.5,2.5,8,18,15.2,1.0954451150103324,25,7,0.28
brock800_3,800,112267,1,2.5,2.5,10,18,15.13,1.0065286881157436,25,7,0.28
brock800_3,800,112267,1,2.5,2.5,12,18,14.93,0.9823950325607311,25,7,0.28
brock800_3,800,112267,1,2.5,2.5,15,17,14.82,1.0989085494252921,25,8,0.32
brock800_3,800,112267,1,2.5,2.5,18,17,14.92,1.0552724766618335,25,8,0.32
brock800_3,800,112267,1,2.5,2.5,20,17,14.83,1.1406577050105784,25,8,0.32
brock800_3,800,112267,1,2.5,2.5,25,17,14.67,1.1050339361304702,25,8,0.32
brock800_3,800,112267,1,2.5,2.5,30,17,14.53,1.1700854669638454,25,8,0.32
brock800_3,800,112267,1,2.5,2.5,40,17,14.5,1.1789826122551597,25,8,0.32
brock800_3,800,112267,1,2.5,2.5,50,17,14.38,1.1813551540497886,25,8,0.32
brock800_3,800,112267,1,2.5,2.5,75,17,14.19,1.2860404348231047,25,8,0.32
brock800_3,800,112267,1,2.5,2.5,100,17,14.07,1.2590075456485557,25,8,0.32
brock800_3,800,112267,1,3,3,3,16,13.85,1.0988630487917956,25,9,0.36
brock800_3,800,112267,1,3,3,4,17,14.73,0.9680392554023831,25,8,0.32
brock800_3,800,112267,1,3,3,5,17,14.85,0.9526279441628827,25,8,0.32
brock800_3,800,112267,1,3,3,6,17,14.93,1.0607073111843814,25,8,0.32
brock800_3,800,112267,1,3,3,7,17,14.94,0.9145490692138942,25,8,0.32
brock800_3,800,112267,1,3,3,8,18,15.01,0.9949371839468057,25,7,0.28
brock800_3,800,112267,1,3,3,10,18,15.15,1.0428326807307104,25,7,0.28
brock800_3,800,112267,1,3,3,12,18,14.98,1.1043550153822819,25,7,0.28
brock800_3,800,112267,1,3,3,15,17,14.83,1.1406577050105786,25,8,0.32
brock800_3,800,112267,1,3,3,18,17,14.77,1.1212047092302102,25,8,0.32
brock800_3,800,112267,1,3,3,20,17,14.68,1.1989995829857487,25,8,0.32
brock800_3,800,112267,1,3,3,25,17,14.53,1.1700854669638452,25,8,0.32
brock800_3,800,112267,1,3,3,30,17,14.36,1.2126005112979297,25,8,0.32
brock800_3,800,112267,1,3,3,40,17,14.32,1.190630085290977,25,8,0.32
brock800_3,800,112267,1,3,3,50,17,14.25,1.1863810517704672,25,8,0.32
brock800_3,800,112267,1,3,3,75,17,14.1,1.2449899597988734,25,8,0.32
brock800_3,800,112267,1,3,3,100,17,14.05,1.2278029157808674,25,8,0.32
brock800_3,800,112267,1,3.5,3.5,3,17,14.14,0.9057593499379402,25,8,0.32
brock800_3,800,112267,1,3.5,3.5,4,18,14.9,1.014889156509222,25,7,0.28
brock800_3,800,112267,1,3.5,3.5,5,18,15.03,1.024255827418131,25,7,0.28
brock800_3,800,112267,1,3.5,3.5,6,18,15.04,1.10381157812373,25,7,0.28
brock800_3,800,112267,1,3.5,3.5,7,18,14.93,0.9925220400575495,25,7,0.28
brock800_3,800,112267,1,3.5,3.5,8,18,14.9,0.9746794344808964,25,7,0.28
brock800_3,800,112267,1,3.5,3.5,10,18,15.04,1.0855413396089528,25,7,0.28
brock800_3,800,112267,1,3.5,3.5,12,18,14.9,1.118033988749895,25,7,0.28
brock800_3,800,112267,1,3.5,3.5,15,17,14.77,1.1122499719037984,25,8,0.32
brock800_3,800,112267,1,3.5,3.5,18,17,14.77,1.1122499719037984,25,8,0.32
brock800_3,800,112267,1,3.5,3.5,20,17,14.66,1.2018319350058893,25,8,0.32
brock800_3,800,112267,1,3.5,3.5,25,17,14.52,1.153082824431966,25,8,0.32
brock800_3,800,112267,1,3.5,3.5,30,17,14.34,1.2101239605924676,25,8,0.32
brock800_3,800,112267,1,3.5,3.5,40,17,14.32,1.190630085290977,25,8,0.32
brock800_3,800,112267,1,3.5,3.5,50,17,14.26,1.1884443613396463,25,8,0.32
brock800_3,800,112267,1,3.5,3.5,75,17,14.11,1.2481586437628833,25,8,0.32
brock800_3,800,112267,1,3.5,3.5,100,17,14.06,1.2314219423089716,25,8,0.32
brock800_3,800,112267,1,4,4,3,16,14.55,0.8986100377805714,25,9,0.36
brock800_3,800,112267,1,4,4,4,18,14.98,0.999799979995999,25,7,0.28
brock800_3,800,112267,1,4,4,5,17,15.01,0.9433451118228153,25,8,0.32
brock800_3,800,112267,1,4,4,6,18,15.07,0.9407975340103737,25,7,0.28
brock800_3,800,112267,1,4,4,7,17,14.97,0.9429209935090002,25,8,0.32
brock800_3,800,112267,1,4,4,8,18,14.93,1.002546757014355,25,7,0.28
brock800_3,800,112267,1,4,4,10,18,14.99,1.090825375575761,25,7,0.28
brock800_3,800,112267,1,4,4,12,18,14.92,1.0925200226998129,25,7,0.28
brock800_3,800,112267,1,4,4,15,17,14.75,1.107925990308017,25,8,0.32
brock800_3,800,112267,1,4,4,18,17,14.75,1.1258330249197703,25,8,0.32
brock800_3,800,112267,1,4,4,20,17,14.65,1.2031209415515967,25,8,0.32
brock800_3,800,112267,1,4,4,25,17,14.52,1.153082824431966,25,8,0.32
brock800_3,800,112267,1,4,4,30,17,14.34,1.2101239605924676,25,8,0.32
brock800_3,800,112267,1,4,4,40,17,14.32,1.190630085290977,25,8,0.32
brock800_3,800,112267,1,4,4,50,17,14.26,1.1884443613396463,25,8,0.32
brock800_3,800,112267,1,4,4,75,17,14.11,1.2481586437628833,25,8,0.32
brock800_3,800,112267,1,4,4,100,17,14.06,1.2314219423089716,25,8,0.32
brock800_3,800,112267,1,4.5,4.5,3,17,14.79,1.0029456615390486,25,8,0.32
brock800_3,800,112267,1,4.5,4.5,4,17,14.98,0.9378699270154685,25,8,0.32
brock800_3,800,112267,1,4.5,4.5,5,18,15.02,1.009752444909147,25,7,0.28
brock800_3,800,112267,1,4.5,4.5,6,18,15.09,0.9807650075323856,25,7,0.28
brock800_3,800,112267,1,4.5,4.5,7,17,15.02,0.9484724561103504,25,8,0.32
brock800_3,800,112267,1,4.5,4.5,8,18,14.92,0.9453041838477177,25,7,0.28
brock800_3,800,112267,1,4.5,4.5,10,18,14.99,1.0723339032223125,25,7,0.28
brock800_3,800,112267,1,4.5,4.5,12,18,14.92,1.1016351483136329,25,7,0.28
brock800_3,800,112267,1,4.5,4.5,15,17,14.75,1.107925990308017,25,8,0.32
brock800_3,800,112267,1,4.5,4.5,18,17,14.75,1.1258330249197703,25,8,0.32
brock800_3,800,112267,1,4.5,4.5,20,17,14.64,1.21260051129793,25,8,0.32
brock800_3,800,112267,1,4.5,4.5,25,17,14.52,1.153082824431966,25,8,0.32
brock800_3,800,112267,1,4.5,4.5,30,17,14.34,1.2101239605924676,25,8,0.32
brock800_3,800,112267,1,4.5,4.5,40,17,14.32,1.190630085290977,25,8,0.32
brock800_3,800,112267,1,4.5,4.5,50,17,14.26,1.1884443613396463,25,8,0.32
brock800_3,800,112267,1,4.5,4.5,75,17,14.11,1.2481586437628833,25,8,0.32
brock800_3,800,112267,1,4.5,4.5,100,17,14.06,1.2314219423089716,25,8,0.32
brock800_3,800,112267,1,5,5,3,17,14.72,0.906421535489973,25,8,0.32
brock800_3,800,112267,1,5,5,4,17,14.92,0.7959899496852959,25,8,0.32
brock800_3,800,112267,1,5,5,5,18,15.08,1.0361467077590893,25,7,0.28
brock800_3,800,112267,1,5,5,6,18,15.05,0.9630680142129111,25,7,0.28
brock800_3,800,112267,1,5,5,7,17,14.98,0.9484724561103502,25,8,0.32
brock800_3,800,112267,1,5,5,8,18,14.92,0.9346657156438337,25,7,0.28
brock800_3,800,112267,1,5,5,10,18,14.97,1.081249277456406,25,7,0.28
brock800_3,800,112267,1,5,5,12,18,14.91,1.0963119993870358,25,7,0.28
brock800_3,800,112267,1,5,5,15,17,14.74,1.1191067866830224,25,8,0.32
brock800_3,800,112267,1,5,5,18,17,14.75,1.1258330249197703,25,8,0.32
brock800_3,800,112267,1,5,5,20,17,14.64,1.21260051129793,25,8,0.32
brock800_3,800,112267,1,5,5,25,17,14.52,1.153082824431966,25,8,0.32
brock800_3,800,112267,1,5,5,30,17,14.34,1.2101239605924676,25,8,0.32
brock800_3,800,112267,1,5,5,40,17,14.32,1.190630085290977,25,8,0.32
brock800_3,800,112267,1,5,5,50,17,14.26,1.1884443613396463,25,8,0.32
brock800_3,800,112267,1,5,5,75,17,14.11,1.2481586437628833,25,8,0.32
brock800_3,800,112267,1,5,5,100,17,14.06,1.2314219423089716,25,8,0.32
brock800_4,800,111957,1,1.0,1.0,3,6,2.23,1.173499041328965,26,20,0.7692307692307693
brock800_4,800,111957,1,1.0,1.0,4,6,2.2,1.148912529307606,26,20,0.7692307692307693
brock800_4,800,111957,1,1.0,1.0,5,12,2.38,1.5347964034359736,26,14,0.5384615384615384
brock800_4,800,111957,1,1.0,1.0,6,14,2.76,2.2141364004956876,26,12,0.46153846153846156
brock800_4,800,111957,1,1.0,1.0,7,14,2.83,2.2452394081700953,26,12,0.46153846153846156
brock800_4,800,111957,1,1.0,1.0,8,15,3.31,3.100628968451401,26,11,0.4230769230769231
brock800_4,800,111957,1,1.0,1.0,10,16,3.94,3.9517591019696527,26,10,0.38461538461538464
brock800_4,800,111957,1,1.0,1.0,12,16,4.85,4.838129803963511,26,10,0.38461538461538464
brock800_4,800,111957,1,1.0,1.0,15,17,5.18,5.154376780950341,26,9,0.34615384615384615
brock800_4,800,111957,1,1.0,1.0,18,17,7.03,5.850564075369143,26,9,0.34615384615384615
brock800_4,800,111957,1,1.0,1.0,20,16,6.69,5.752729786805565,26,10,0.38461538461538464
brock800_4,800,111957,1,1.0,1.0,25,18,9.08,6.255685414085334,26,8,0.3076923076923077
brock800_4,800,111957,1,1.0,1.0,30,18,11.29,5.739851914466087,26,8,0.3076923076923077
brock800_4,800,111957,1,1.0,1.0,40,18,12.58,5.217623980319011,26,8,0.3076923076923077
brock800_4,800,111957,1,1.0,1.0,50,18,12.26,5.71947550042834,26,8,0.3076923076923077
brock800_4,800,111957,1,1.0,1.0,75,18,13.51,5.012973169686828,26,8,0.3076923076923077
brock800_4,800,111957,1,1.0,1.0,100,18,13.9,4.672258554489466,26,8,0.3076923076923077
brock800_4,800,111957,1,1.5,1.5,3,14,3.05,2.422292302757865,26,12,0.46153846153846156
brock800_4,800,111957,1,1.5,1.5,4,15,4.86,4.164180591665064,26,11,0.4230769230769231
brock800_4,800,111957,1,1.5,1.5,5,16,8.66,5.1927256811813205,26,10,0.38461538461538464
brock800_4,800,111957,1,1.5,1.5,6,17,11.35,4.644082255946809,26,9,0.34615384615384615
brock800_4,800,111957,1,1.5,1.5,7,16,12.31,3.8123352423416286,26,10,0.38461538461538464
brock800_4,800,111957,1,1.5,1.5,8,16,13.47,2.9375329785382838,26,10,0.38461538461538464
brock800_4,800,111957,1,1.5,1.5,10,17,14.23,2.1016897963305623,26,9,0.34615384615384615
brock800_4,800,111957,1,1.5,1.5,12,18,14.86,1.1663618649458667,26,8,0.3076923076923077
brock800_4,800,111957,1,1.5,1.5,15,18,15.11,1.0382196299434914,26,8,0.3076923076923077
brock800_4,800,111957,1,1.5,1.5,18,18,15.17,1.1836807001890333,26,8,0.3076923076923077
brock800_4,800,111957,1,1.5,1.5,20,18,15.24,1.257934815481311,26,8,0.3076923076923077
brock800_4,800,111957,1,1.5,1.5,25,18,15.31,1.0834666584625483,26,8,0.3076923076923077
brock800_4,800,111957,1,1.5,1.5,30,18,15.29,1.0128672173587219,26,8,0.3076923076923077
brock800_4,800,111957,1,1.5,1.5,40,19,15.41,0.9909086738948246,26,7,0.2692307692307692
brock800_4,800,111957,1,1.5,1.5,50,18,15.45,1.033198915988591,26,8,0.3076923076923077
brock800_4,800,111957,1,1.5,1.5,75,18,15.42,0.94,26,8,0.3076923076923077
brock800_4,800,111957,1,1.5,1.5,100,19,15.26,1.0061808982484215,26,7,0.2692307692307692
brock800_4,800,111957,1,2,2,3,15,7.71,4.846225335248042,26,11,0.4230769230769231
brock800_4,800,111957,1,2,2,4,17,12.39,3.3343515111637525,26,9,0.34615384615384615
brock800_4,800,111957,1,2,2,5,18,14.28,1.2006664815842907,26,8,0.3076923076923077
brock800_4,800,111957,1,2,2,6,17,14.65,1.1779218989389748,26,9,0.34615384615384615
brock800_4,800,111957,1,2,2,7,19,14.85,1.116915395184434,26,7,0.2692307692307692
brock800_4,800,111957,1,2,2,8,20,15.01,1.1957842614786331,26,6,0.23076923076923078
brock800_4,800,111957,1,2,2,10,18,15.13,1.0065286881157438,26,8,0.3076923076923077
brock800_4,800,111957,1,2,2,12,18,15.16,1.0836973747315255,26,8,0.3076923076923077
brock800_4,800,111957,1,2,2,15,17,15.12,0.8975522268926751,26,9,0.34615384615384615
brock800_4,800,111957,1,2,2,18,18,15.07,1.02230132544177,26,8,0.3076923076923077
brock800_4,800,111957,1,2,2,20,18,15.13,0.8792610533851707,26,8,0.3076923076923077
brock800_4,800,111957,1,2,2,25,17,14.82,0.9734474818910365,26,9,0.34615384615384615
brock800_4,800,111957,1,2,2,30,17,14.85,0.9630680142129111,26,9,0.34615384615384615
brock800_4,800,111957,1,2,2,40,17,14.87,0.9965440281292143,26,9,0.34615384615384615
brock800_4,800,111957,1,2,2,50,17,14.85,0.9420721840708386,26,9,0.34615384615384615
brock800_4,800,111957,1,2,2,75,17,14.48,0.9744742172063867,26,9,0.34615384615384615
brock800_4,800,111957,1,2,2,100,17,14.34,0.9404254356406998,26,9,0.34615384615384615
brock800_4,800,111957,1,2.5,2.5,3,17,12.63,2.138480769144301,26,9,0.34615384615384615
brock800_4,800,111957,1,2.5,2.5,4,17,14.26,1.2216382443260358,26,9,0.34615384615384615
brock800_4,800,111957,1,2.5,2.5,5,17,14.7,0.8999999999999999,26,9,0.34615384615384615
brock800_4,800,111957,1,2.5,2.5,6,18,15.0,1.0295630140987,26,8,0.3076923076923077
brock800_4,800,111957,1,2.5,2.5,7,17,15.09,0.9283856957105706,26,9,0.34615384615384615
brock800_4,800,111957,1,2.5,2.5,8,17,15.07,0.8746999485537885,26,9,0.34615384615384615
brock800_4,800,111957,1,2.5,2.5,10,18,15.14,1.000199980003999,26,8,0.3076923076923077
brock800_4,800,111957,1,2.5,2.5,12,18,14.96,0.9264987857520374,26,8,0.3076923076923077
brock800_4,800,111957,1,2.5,2.5,15,18,15.09,0.9283856957105706,26,8,0.3076923076923077
brock800_4,800,111957,1,2.5,2.5,18,17,14.97,1.0719608201795436,26,9,0.34615384615384615
brock800_4,800,111957,1,2.5,2.5,20,17,14.94,0.9981983770774224,26,9,0.34615384615384615
brock800_4,800,111957,1,2.5,2.5,25,17,14.62,0.9357350052231669,26,9,0.34615384615384615
brock800_4,800,111957,1,2.5,2.5,30,18,14.63,0.986458311334037,26,8,0.3076923076923077
brock800_4,800,111957,1,2.5,2.5,40,18,14.31,1.0168087332433764,26,8,0.3076923076923077
brock800_4,800,111957,1,2.5,2.5,50,18,14.2,1.0488088481701516,26,8,0.3076923076923077
brock800_4,800,111957,1,2.5,2.5,75,16,14.01,1.0148398888494676,26,10,0.38461538461538464
brock800_4,800,111957,1,2.5,2.5,100,16,13.93,1.002546757014355,26,10,0.38461538461538464
brock800_4,800,111957,1,3,3,3,16,13.79,0.9725739046468396,26,10,0.38461538461538464
brock800_4,800,111957,1,3,3,4,16,14.45,0.9096702699330126,26,10,0.38461538461538464
brock800_4,800,111957,1,3,3,5,17,15.07,0.8746999485537885,26,9,0.34615384615384615
brock800_4,800,111957,1,3,3,6,18,15.23,0.968039255402383,26,8,0.3076923076923077
brock800_4,800,111957,1,3,3,7,17,15.14,0.9167333309092671,26,9,0.34615384615384615
brock800_4,800,111957,1,3,3,8,18,15.12,0.9620810776644556,26,8,0.3076923076923077
brock800_4,800,111957,1,3,3,10,17,14.93,0.851528038293514,26,9,0.34615384615384615
brock800_4,800,111957,1,3,3,12,17,14.79,0.8636550237218561,26,9,0.34615384615384615
brock800_4,800,111957,1,3,3,15,18,14.76,0.8260750571225353,26,8,0.3076923076923077
brock800_4,800,111957,1,3,3,18,18,14.7,1.03440804327886,26,8,0.3076923076923077
brock800_4,800,111957,1,3,3,20,18,14.67,1.0867842472174503,26,8,0.3076923076923077
brock800_4,800,111957,1,3,3,25,16,14.35,0.9630680142129113,26,10,0.38461538461538464
brock800_4,800,111957,1,3,3,30,16,14.28,0.9703607576566563,26,10,0.38461538461538464
brock800_4,800,111957,1,3,3,40,16,14.13,0.9555626614722867,26,10,0.38461538461538464
brock800_4,800,111957,1,3,3,50,16,14.07,0.9513674369033239,26,10,0.38461538461538464
brock800_4,800,111957,1,3,3,75,16,13.99,0.9949371839468057,26,10,0.38461538461538464
brock800_4,800,111957,1,3,3,100,16,13.91,1.000949549178179,26,10,0.38461538461538464
brock800_4,800,111957,1,3.5,3.5,3,16,14.25,0.82915619758885,26,10,0.38461538461538464
brock800_4,800,111957,1,3.5,3.5,4,17,14.8,0.938083151964686,26,9,0.34615384615384615
brock800_4,800,111957,1,3.5,3.5,5,18,15.09,0.895488693395958,26,8,0.3076923076923077
brock800_4,800,111957,1,3.5,3.5,6,17,15.03,0.8301204731844649,26,9,0.34615384615384615
brock800_4,800,111957,1,3.5,3.5,7,17,15.02,0.9162968951164246,26,9,0.34615384615384615
brock800_4,800,111957,1,3.5,3.5,8,18,14.85,0.8986100377805714,26,8,0.3076923076923077
brock800_4,800,111957,1,3.5,3.5,10,18,14.79,0.8636550237218561,26,8,0.3076923076923077
brock800_4,800,111957,1,3.5,3.5,12,18,14.72,0.9907572861200667,26,8,0.3076923076923077
brock800_4,800,111957,1,3.5,3.5,15,17,14.6,0.8602325267042626,26,9,0.34615384615384615
brock800_4,800,111957,1,3.5,3.5,18,17,14.62,0.9672641831474998,26,9,0.34615384615384615
brock800_4,800,111957,1,3.5,3.5,20,17,14.52,0.9537295214053091,26,9,0.34615384615384615
brock800_4,800,111957,1,3.5,3.5,25,16,14.4,0.9899494936611665,26,10,0.38461538461538464
brock800_4,800,111957,1,3.5,3.5,30,16,14.31,0.9868637190615531,26,10,0.38461538461538464
brock800_4,800,111957,1,3.5,3.5,40,16,14.15,0.9630680142129112,26,10,0.38461538461538464
brock800_4,800,111957,1,3.5,3.5,50,16,14.07,0.9618211892030659,26,10,0.38461538461538464
brock800_4,800,111957,1,3.5,3.5,75,16,13.97,1.0045396955820112,26,10,0.38461538461538464
brock800_4,800,111957,1,3.5,3.5,100,16,13.89,1.0187737727287647,26,10,0.38461538461538464
brock800_4,800,111957,1,4,4,3,17,14.67,0.9171150418568002,26,9,0.34615384615384615
brock800_4,800,111957,1,4,4,4,17,14.82,0.9097252332435325,26,9,0.34615384615384615
brock800_4,800,111957,1,4,4,5,17,14.92,0.8908422980528035,26,9,0.34615384615384615
brock800_4,800,111957,1,4,4,6,18,15.03,0.9214662229295222,26,8,0.3076923076923077
brock800_4,800,111957,1,4,4,7,17,15.04,0.835703296631047,26,9,0.34615384615384615
brock800_4,800,111957,1,4,4,8,18,14.82,0.9314504817756014,26,8,0.3076923076923077
brock800_4,800,111957,1,4,4,10,17,14.72,0.8494704232638122,26,9,0.34615384615384615
brock800_4,800,111957,1,4,4,12,17,14.69,0.8910106621135351,26,9,0.34615384615384615
brock800_4,800,111957,1,4,4,15,17,14.61,0.8932524839036274,26,9,0.34615384615384615
brock800_4,800,111957,1,4,4,18,17,14.66,1.0021975853094038,26,9,0.34615384615384615
brock800_4,800,111957,1,4,4,20,17,14.54,0.9840731680114035,26,9,0.34615384615384615
brock800_4,800,111957,1,4,4,25,16,14.37,1.0065286881157438,26,10,0.38461538461538464
brock800_4,800,111957,1,4,4,30,16,14.28,1.0007996802557444,26,10,0.38461538461538464
brock800_4,800,111957,1,4,4,40,16,14.14,0.9697422337920526,26,10,0.38461538461538464
brock800_4,800,111957,1,4,4,50,16,14.06,0.9676776322722358,26,10,0.38461538461538464
brock800_4,800,111957,1,4,4,75,16,13.96,1.009158064923429,26,10,0.38461538461538464
brock800_4,800,111957,1,4,4,100,16,13.89,1.0187737727287647,26,10,0.38461538461538464
brock800_4,800,111957,1,4.5,4.5,3,17,14.57,0.9513674369033238,26,9,0.34615384615384615
brock800_4,800,111957,1,4.5,4.5,4,18,15.01,0.9219002115196633,26,8,0.3076923076923077
brock800_4,800,111957,1,4.5,4.5,5,17,14.98,0.8121576201698781,26,9,0.34615384615384615
brock800_4,800,111957,1,4.5,4.5,6,18,14.93,0.8860586888011427,26,8,0.3076923076923077
brock800_4,800,111957,1,4.5,4.5,7,17,14.94,0.8811356308764278,26,9,0.34615384615384615
brock800_4,800,111957,1,4.5,4.5,8,18,14.86,0.9057593499379402,26,8,0.3076923076923077
brock800_4,800,111957,1,4.5,4.5,10,17,14.79,0.8160269603389338,26,9,0.34615384615384615
brock800_4,800,111957,1,4.5,4.5,12,17,14.67,0.9171150418567999,26,9,0.34615384615384615
brock800_4,800,111957,1,4.5,4.5,15,17,14.63,0.9236341266973627,26,9,0.34615384615384615
brock800_4,800,111957,1,4.5,4.5,18,17,14.62,0.9877246579892597,26,9,0.34615384615384615
brock800_4,800,111957,1,4.5,4.5,20,17,14.53,0.9945350672550466,26,9,0.34615384615384615
brock800_4,800,111957,1,4.5,4.5,25,16,14.37,1.0065286881157438,26,10,0.38461538461538464
brock800_4,800,111957,1,4.5,4.5,30,16,14.27,1.0085137579626766,26,10,0.38461538461538464
brock800_4,800,111957,1,4.5,4.5,40,16,14.14,0.9697422337920526,26,10,0.38461538461538464
brock800_4,800,111957,1,4.5,4.5,50,16,14.06,0.9676776322722358,26,10,0.38461538461538464
brock800_4,800,111957,1,4.5,4.5,75,16,13.96,1.009158064923429,26,10,0.38461538461538464
brock800_4,800,111957,1,4.5,4.5,100,16,13.89,1.0187737727287647,26,10,0.38461538461538464
brock800_4,800,111957,1,5,5,3,18,14.62,0.8459314393022641,26,8,0.3076923076923077
brock800_4,800,111957,1,5,5,4,18,14.93,0.951367436903324,26,8,0.3076923076923077
brock800_4,800,111957,1,5,5,5,17,14.86,0.8368990381163071,26,9,0.34615384615384615
brock800_4,800,111957,1,5,5,6,18,14.93,0.8746999485537884,26,8,0.3076923076923077
brock800_4,800,111957,1,5,5,7,18,14.96,0.8935323161475469,26,8,0.3076923076923077
brock800_4,800,111957,1,5,5,8,18,14.87,0.8792610533851708,26,8,0.3076923076923077
brock800_4,800,111957,1,5,5,10,17,14.77,0.810617048920142,26,9,0.34615384615384615
brock800_4,800,111957,1,5,5,12,17,14.67,0.9171150418567999,26,9,0.34615384615384615
brock800_4,800,111957,1,5,5,15,17,14.63,0.9236341266973627,26,9,0.34615384615384615
brock800_4,800,111957,1,5,5,18,17,14.62,0.9877246579892597,26,9,0.34615384615384615
brock800_4,800,111957,1,5,5,20,17,14.53,0.9945350672550466,26,9,0.34615384615384615
brock800_4,800,111957,1,5,5,25,16,14.37,1.0065286881157438,26,10,0.38461538461538464
brock800_4,800,111957,1,5,5,30,16,14.27,1.0085137579626766,26,10,0.38461538461538464
brock800_4,800,111957,1,5,5,40,16,14.14,0.9697422337920526,26,10,0.38461538461538464
brock800_4,800,111957,1,5,5,50,16,14.06,0.9676776322722358,26,10,0.38461538461538464
brock800_4,800,111957,1,5,5,75,16,13.96,1.009158064923429,26,10,0.38461538461538464
brock800_4,800,111957,1,5,5,100,16,13.89,1.0187737727287647,26,10,0.38461538461538464
c-fat200-1,200,18366,1,1.0,1.0,3,12,10.88,1.3948476619330157,12,0,0.0
c-fat200-1,200,18366,1,1.0,1.0,4,12,11.2,0.9591663046625439,12,0,0.0
c-fat200-1,200,18366,1,1.0,1.0,5,12,11.3,0.9327379053088813,12,0,0.0
c-fat200-1,200,18366,1,1.0,1.0,6,12,11.26,0.9446692542895635,12,0,0.0
c-fat200-1,200,18366,1,1.0,1.0,7,12,11.09,0.970515327029924,12,0,0.0
c-fat200-1,200,18366,1,1.0,1.0,8,12,11.23,0.9576533819707422,12,0,0.0
c-fat200-1,200,18366,1,1.0,1.0,10,12,11.08,0.9867117106835207,12,0,0.0
c-fat200-1,200,18366,1,1.0,1.0,12,12,10.94,0.9779570542718121,12,0,0.0
c-fat200-1,200,18366,1,1.0,1.0,15,12,11.01,0.9746281342132496,12,0,0.0
c-fat200-1,200,18366,1,1.0,1.0,18,12,11.05,0.9733961166965893,12,0,0.0
c-fat200-1,200,18366,1,1.0,1.0,20,12,11.03,0.9844287683728061,12,0,0.0
c-fat200-1,200,18366,1,1.0,1.0,25,12,11.01,0.9848350115628506,12,0,0.0
c-fat200-1,200,18366,1,1.0,1.0,30,12,10.98,0.9795917517006767,12,0,0.0
c-fat200-1,200,18366,1,1.0,1.0,40,12,11.04,0.9789790600416333,12,0,0.0
c-fat200-1,200,18366,1,1.0,1.0,50,12,11.02,0.9795917517006767,12,0,0.0
c-fat200-1,200,18366,1,1.0,1.0,75,12,11.0,0.9797958971132712,12,0,0.0
c-fat200-1,200,18366,1,1.0,1.0,100,12,10.98,0.9795917517006767,12,0,0.0
c-fat200-1,200,18366,1,1.5,1.5,3,12,11.14,0.8946507698538017,12,0,0.0
c-fat200-1,200,18366,1,1.5,1.5,4,12,11.08,0.9558242516278815,12,0,0.0
c-fat200-1,200,18366,1,1.5,1.5,5,12,10.98,0.9897474425326898,12,0,0.0
c-fat200-1,200,18366,1,1.5,1.5,6,12,10.94,0.9676776322722358,12,0,0.0
c-fat200-1,200,18366,1,1.5,1.5,7,12,10.94,0.9779570542718122,12,0,0.0
c-fat200-1,200,18366,1,1.5,1.5,8,12,11.03,0.9844287683728061,12,0,0.0
c-fat200-1,200,18366,1,1.5,1.5,10,12,11.05,0.9836157786453003,12,0,0.0
c-fat200-1,200,18366,1,1.5,1.5,12,12,11.06,0.9779570542718122,12,0,0.0
c-fat200-1,200,18366,1,1.5,1.5,15,12,11.11,0.9787236586493657,12,0,0.0
c-fat200-1,200,18366,1,1.5,1.5,18,12,11.07,0.9823950325607311,12,0,0.0
c-fat200-1,200,18366,1,1.5,1.5,20,12,11.08,0.9765244492586961,12,0,0.0
c-fat200-1,200,18366,1,1.5,1.5,25,12,11.09,0.970515327029924,12,0,0.0
c-fat200-1,200,18366,1,1.5,1.5,30,12,11.03,0.9638983348880731,12,0,0.0
c-fat200-1,200,18366,1,1.5,1.5,40,12,11.0,0.9695359714832658,12,0,0.0
c-fat200-1,200,18366,1,1.5,1.5,50,12,11.01,0.9848350115628506,12,0,0.0
c-fat200-1,200,18366,1,1.5,1.5,75,12,10.96,0.989141041510259,12,0,0.0
c-fat200-1,200,18366,1,1.5,1.5,100,12,10.92,0.9867117106835207,12,0,0.0
c-fat200-1,200,18366,1,2,2,3,12,11.21,0.9517877914745492,12,0,0.0
c-fat200-1,200,18366,1,2,2,4,12,11.11,0.9787236586493658,12,0,0.0
c-fat200-1,200,18366,1,2,2,5,12,11.05,0.9630680142129112,12,0,0.0
c-fat200-1,200,18366,1,2,2,6,12,11.08,0.9662297863344929,12,0,0.0
c-fat200-1,200,18366,1,2,2,7,12,11.07,0.9823950325607311,12,0,0.0
c-fat200-1,200,18366,1,2,2,8,12,11.06,0.9881295461628501,12,0,0.0
c-fat200-1,200,18366,1,2,2,10,12,10.99,0.9848350115628506,12,0,0.0
c-fat200-1,200,18366,1,2,2,12,12,11.0,0.9899494936611666,12,0,0.0
c-fat200-1,200,18366,1,2,2,15,12,11.0,0.9797958971132712,12,0,0.0
c-fat200-1,200,18366,1,2,2,18,12,10.97,0.9844287683728061,12,0,0.0
c-fat200-1,200,18366,1,2,2,20,12,10.94,0.9881295461628502,12,0,0.0
c-fat200-1,200,18366,1,2,2,25,12,10.86,0.98,12,0,0.0
c-fat200-1,200,18366,1,2,2,30,12,10.88,0.9826494797230599,12,0,0.0
c-fat200-1,200,18366,1,2,2,40,12,10.88,0.9826494797230599,12,0,0.0
c-fat200-1,200,18366,1,2,2,50,12,10.88,0.9826494797230599,12,0,0.0
c-fat200-1,200,18366,1,2,2,75,12,10.84,0.9769339793455851,12,0,0.0
c-fat200-1,200,18366,1,2,2,100,12,10.84,0.9769339793455851,12,0,0.0
c-fat200-1,200,18366,1,2.5,2.5,3,12,11.11,0.9684523736353793,12,0,0.0
c-fat200-1,200,18366,1,2.5,2.5,4,12,11.1,0.9848857801796104,12,0,0.0
c-fat200-1,200,18366,1,2.5,2.5,5,12,11.04,0.989141041510259,12,0,0.0
c-fat200-1,200,18366,1,2.5,2.5,6,12,11.03,0.9742176348229383,12,0,0.0
c-fat200-1,200,18366,1,2.5,2.5,7,12,10.98,0.9795917517006767,12,0,0.0
c-fat200-1,200,18366,1,2.5,2.5,8,12,10.94,0.9881295461628502,12,0,0.0
c-fat200-1,200,18366,1,2.5,2.5,10,12,10.93,0.9823950325607311,12,0,0.0
c-fat200-1,200,18366,1,2.5,2.5,12,12,10.91,0.9807650075323856,12,0,0.0
c-fat200-1,200,18366,1,2.5,2.5,15,12,10.89,0.9787236586493657,12,0,0.0
c-fat200-1,200,18366,1,2.5,2.5,18,12,10.89,0.9787236586493657,12,0,0.0
c-fat200-1,200,18366,1,2.5,2.5,20,12,10.88,0.9826494797230599,12,0,0.0
c-fat200-1,200,18366,1,2.5,2.5,25,12,10.84,0.9769339793455852,12,0,0.0
c-fat200-1,200,18366,1,2.5,2.5,30,12,10.84,0.9769339793455852,12,0,0.0
c-fat200-1,200,18366,1,2.5,2.5,40,12,10.84,0.9769339793455852,12,0,0.0
c-fat200-1,200,18366,1,2.5,2.5,50,12,10.84,0.9769339793455852,12,0,0.0
c-fat200-1,200,18366,1,2.5,2.5,75,12,10.82,0.9734474818910364,12,0,0.0
c-fat200-1,200,18366,1,2.5,2.5,100,12,10.84,0.9769339793455851,12,0,0.0
c-fat200-1,200,18366,1,3,3,3,12,11.18,0.9836666101886348,12,0,0.0
c-fat200-1,200,18366,1,3,3,4,12,11.04,0.989141041510259,12,0,0.0
c-fat200-1,200,18366,1,3,3,5,12,10.92,0.9867117106835207,12,0,0.0
c-fat200-1,200,18366,1,3,3,6,12,10.92,0.9765244492586962,12,0,0.0
c-fat200-1,200,18366,1,3,3,7,12,10.93,0.9721625378505386,12,0,0.0
c-fat200-1,200,18366,1,3,3,8,12,10.89,0.9787236586493657,12,0,0.0
c-fat200-1,200,18366,1,3,3,10,12,10.88,0.9724196624914576,12,0,0.0
c-fat200-1,200,18366,1,3,3,12,12,10.87,0.9762684057163787,12,0,0.0
c-fat200-1,200,18366,1,3,3,15,12,10.87,0.9762684057163787,12,0,0.0
c-fat200-1,200,18366,1,3,3,18,12,10.87,0.9762684057163787,12,0,0.0
c-fat200-1,200,18366,1,3,3,20,12,10.86,0.98,12,0,0.0
c-fat200-1,200,18366,1,3,3,25,12,10.84,0.9769339793455852,12,0,0.0
c-fat200-1,200,18366,1,3,3,30,12,10.84,0.9769339793455852,12,0,0.0
c-fat200-1,200,18366,1,3,3,40,12,10.84,0.9769339793455852,12,0,0.0
c-fat200-1,200,18366,1,3,3,50,12,10.84,0.9769339793455852,12,0,0.0
c-fat200-1,200,18366,1,3,3,75,12,10.82,0.9734474818910364,12,0,0.0
c-fat200-1,200,18366,1,3,3,100,12,10.84,0.9769339793455851,12,0,0.0
c-fat200-1,200,18366,1,3.5,3.5,3,12,11.1,0.99498743710662,12,0,0.0
c-fat200-1,200,18366,1,3.5,3.5,4,12,10.98,0.9897474425326898,12,0,0.0
c-fat200-1,200,18366,1,3.5,3.5,5,12,10.93,0.9721625378505386,12,0,0.0
c-fat200-1,200,18366,1,3.5,3.5,6,12,10.92,0.966229786334493,12,0,0.0
c-fat200-1,200,18366,1,3.5,3.5,7,12,10.9,0.9643650760992956,12,0,0.0
c-fat200-1,200,18366,1,3.5,3.5,8,12,10.88,0.9724196624914576,12,0,0.0
c-fat200-1,200,18366,1,3.5,3.5,10,12,10.88,0.9724196624914576,12,0,0.0
c-fat200-1,200,18366,1,3.5,3.5,12,12,10.87,0.9762684057163787,12,0,0.0
c-fat200-1,200,18366,1,3.5,3.5,15,12,10.87,0.9762684057163787,12,0,0.0
c-fat200-1,200,18366,1,3.5,3.5,18,12,10.87,0.9762684057163787,12,0,0.0
c-fat200-1,200,18366,1,3.5,3.5,20,12,10.86,0.98,12,0,0.0
c-fat200-1,200,18366,1,3.5,3.5,25,12,10.84,0.9769339793455852,12,0,0.0
c-fat200-1,200,18366,1,3.5,3.5,30,12,10.84,0.9769339793455852,12,0,0.0
c-fat200-1,200,18366,1,3.5,3.5,40,12,10.84,0.9769339793455852,12,0,0.0
c-fat200-1,200,18366,1,3.5,3.5,50,12,10.84,0.9769339793455852,12,0,0.0
c-fat200-1,200,18366,1,3.5,3.5,75,12,10.82,0.9734474818910364,12,0,0.0
c-fat200-1,200,18366,1,3.5,3.5,100,12,10.84,0.9769339793455851,12,0,0.0
c-fat200-1,200,18366,1,4,4,3,12,11.07,1.002546757014355,12,0,0.0
c-fat200-1,200,18366,1,4,4,4,12,10.98,0.9795917517006766,12,0,0.0
c-fat200-1,200,18366,1,4,4,5,12,10.91,0.970515327029924,12,0,0.0
c-fat200-1,200,18366,1,4,4,6,12,10.9,0.9643650760992956,12,0,0.0
c-fat200-1,200,18366,1,4,4,7,12,10.9,0.9643650760992956,12,0,0.0
c-fat200-1,200,18366,1,4,4,8,12,10.88,0.9724196624914576,12,0,0.0
c-fat200-1,200,18366,1,4,4,10,12,10.88,0.9724196624914576,12,0,0.0
c-fat200-1,200,18366,1,4,4,12,12,10.87,0.9762684057163787,12,0,0.0
c-fat200-1,200,18366,1,4,4,15,12,10.87,0.9762684057163787,12,0,0.0
c-fat200-1,200,18366,1,4,4,18,12,10.87,0.9762684057163787,12,0,0.0
c-fat200-1,200,18366,1,4,4,20,12,10.86,0.98,12,0,0.0
c-fat200-1,200,18366,1,4,4,25,12,10.84,0.9769339793455852,12,0,0.0
c-fat200-1,200,18366,1,4,4,30,12,10.84,0.9769339793455852,12,0,0.0
c-fat200-1,200,18366,1,4,4,40,12,10.84,0.9769339793455852,12,0,0.0
c-fat200-1,200,18366,1,4,4,50,12,10.84,0.9769339793455852,12,0,0.0
c-fat200-1,200,18366,1,4,4,75,12,10.82,0.9734474818910364,12,0,0.0
c-fat200-1,200,18366,1,4,4,100,12,10.84,0.9769339793455851,12,0,0.0
c-fat200-1,200,18366,1,4.5,4.5,3,12,10.99,0.9949371839468059,12,0,0.0
c-fat200-1,200,18366,1,4.5,4.5,4,12,10.96,0.9789790600416333,12,0,0.0
c-fat200-1,200,18366,1,4.5,4.5,5,12,10.91,0.970515327029924,12,0,0.0
c-fat200-1,200,18366,1,4.5,4.5,6,12,10.9,0.9643650760992956,12,0,0.0
c-fat200-1,200,18366,1,4.5,4.5,7,12,10.9,0.9643650760992956,12,0,0.0
c-fat200-1,200,18366,1,4.5,4.5,8,12,10.88,0.9724196624914576,12,0,0.0
c-fat200-1,200,18366,1,4.5,4.5,10,12,10.88,0.9724196624914576,12,0,0.0
c-fat200-1,200,18366,1,4.5,4.5,12,12,10.87,0.9762684057163787,12,0,0.0
c-fat200-1,200,18366,1,4.5,4.5,15,12,10.87,0.9762684057163787,12,0,0.0
c-fat200-1,200,18366,1,4.5,4.5,18,12,10.87,0.9762684057163787,12,0,0.0
c-fat200-1,200,18366,1,4.5,4.5,20,12,10.86,0.98,12,0,0.0
c-fat200-1,200,18366,1,4.5,4.5,25,12,10.84,0.9769339793455852,12,0,0.0
c-fat200-1,200,18366,1,4.5,4.5,30,12,10.84,0.9769339793455852,12,0,0.0
c-fat200-1,200,18366,1,4.5,4.5,40,12,10.84,0.9769339793455852,12,0,0.0
c-fat200-1,200,18366,1,4.5,4.5,50,12,10.84,0.9769339793455852,12,0,0.0
c-fat200-1,200,18366,1,4.5,4.5,75,12,10.82,0.9734474818910364,12,0,0.0
c-fat200-1,200,18366,1,4.5,4.5,100,12,10.84,0.9769339793455851,12,0,0.0
c-fat200-1,200,18366,1,5,5,3,12,10.99,0.9848350115628506,12,0,0.0
c-fat200-1,200,18366,1,5,5,4,12,10.96,0.9789790600416333,12,0,0.0
c-fat200-1,200,18366,1,5,5,5,12,10.91,0.970515327029924,12,0,0.0
c-fat200-1,200,18366,1,5,5,6,12,10.9,0.9643650760992956,12,0,0.0
c-fat200-1,200,18366,1,5,5,7,12,10.9,0.9643650760992956,12,0,0.0
c-fat200-1,200,18366,1,5,5,8,12,10.88,0.9724196624914576,12,0,0.0
c-fat200-1,200,18366,1,5,5,10,12,10.88,0.9724196624914576,12,0,0.0
c-fat200-1,200,18366,1,5,5,12,12,10.87,0.9762684057163787,12,0,0.0
c-fat200-1,200,18366,1,5,5,15,12,10.87,0.9762684057163787,12,0,0.0
c-fat200-1,200,18366,1,5,5,18,12,10.87,0.9762684057163787,12,0,0.0
c-fat200-1,200,18366,1,5,5,20,12,10.86,0.98,12,0,0.0
c-fat200-1,200,18366,1,5,5,25,12,10.84,0.9769339793455852,12,0,0.0
c-fat200-1,200,18366,1,5,5,30,12,10.84,0.9769339793455852,12,0,0.0
c-fat200-1,200,18366,1,5,5,40,12,10.84,0.9769339793455852,12,0,0.0
c-fat200-1,200,18366,1,5,5,50,12,10.84,0.9769339793455852,12,0,0.0
c-fat200-1,200,18366,1,5,5,75,12,10.82,0.9734474818910364,12,0,0.0
c-fat200-1,200,18366,1,5,5,100,12,10.84,0.9769339793455851,12,0,0.0
c-fat200-2,200,16665,1,1.0,1.0,3,24,21.55,0.804673846971554,24,0,0.0
c-fat200-2,200,16665,1,1.0,1.0,4,24,21.82,0.7124605252222751,24,0,0.0
c-fat200-2,200,16665,1,1.0,1.0,5,24,22.1,0.5567764362830022,24,0,0.0
c-fat200-2,200,16665,1,1.0,1.0,6,24,22.18,0.5173006862551025,24,0,0.0
c-fat200-2,200,16665,1,1.0,1.0,7,24,22.2,0.4898979485566356,24,0,0.0
c-fat200-2,200,16665,1,1.0,1.0,8,24,22.21,0.4958830507286975,24,0,0.0
c-fat200-2,200,16665,1,1.0,1.0,10,24,22.18,0.4770744176750625,24,0,0.0
c-fat200-2,200,16665,1,1.0,1.0,12,24,22.19,0.4836320915737499,24,0,0.0
c-fat200-2,200,16665,1,1.0,1.0,15,24,22.18,0.4770744176750625,24,0,0.0
c-fat200-2,200,16665,1,1.0,1.0,18,24,22.2,0.5099019513592785,24,0,0.0
c-fat200-2,200,16665,1,1.0,1.0,20,24,22.2,0.5099019513592785,24,0,0.0
c-fat200-2,200,16665,1,1.0,1.0,25,24,22.2,0.5099019513592785,24,0,0.0
c-fat200-2,200,16665,1,1.0,1.0,30,24,22.18,0.4975942121849891,24,0,0.0
c-fat200-2,200,16665,1,1.0,1.0,40,24,22.16,0.463033476111609,24,0,0.0
c-fat200-2,200,16665,1,1.0,1.0,50,24,22.15,0.4330127018922193,24,0,0.0
c-fat200-2,200,16665,1,1.0,1.0,75,24,22.19,0.4836320915737499,24,0,0.0
c-fat200-2,200,16665,1,1.0,1.0,100,24,22.19,0.4836320915737499,24,0,0.0
c-fat200-2,200,16665,1,1.5,1.5,3,24,21.51,0.7279423054061359,24,0,0.0
c-fat200-2,200,16665,1,1.5,1.5,4,24,21.85,0.7123903424387504,24,0,0.0
c-fat200-2,200,16665,1,1.5,1.5,5,24,22.09,0.649538297562199,24,0,0.0
c-fat200-2,200,16665,1,1.5,1.5,6,24,22.14,0.44766058571198786,24,0,0.0
c-fat200-2,200,16665,1,1.5,1.5,7,24,22.17,0.4484417464955732,24,0,0.0
c-fat200-2,200,16665,1,1.5,1.5,8,24,22.16,0.4409081537009721,24,0,0.0
c-fat200-2,200,16665,1,1.5,1.5,10,24,22.17,0.47021271782034985,24,0,0.0
c-fat200-2,200,16665,1,1.5,1.5,12,24,22.13,0.41605288125429435,24,0,0.0
c-fat200-2,200,16665,1,1.5,1.5,15,24,22.13,0.41605288125429435,24,0,0.0
c-fat200-2,200,16665,1,1.5,1.5,18,24,22.13,0.41605288125429435,24,0,0.0
c-fat200-2,200,16665,1,1.5,1.5,20,24,22.14,0.4247352116319061,24,0,0.0
c-fat200-2,200,16665,1,1.5,1.5,25,24,22.16,0.463033476111609,24,0,0.0
c-fat200-2,200,16665,1,1.5,1.5,30,24,22.19,0.523354564325181,24,0,0.0
c-fat200-2,200,16665,1,1.5,1.5,40,24,22.19,0.5038849074937649,24,0,0.0
c-fat200-2,200,16665,1,1.5,1.5,50,24,22.19,0.5038849074937649,24,0,0.0
c-fat200-2,200,16665,1,1.5,1.5,75,24,22.22,0.5582114294781145,24,0,0.0
c-fat200-2,200,16665,1,1.5,1.5,100,24,22.24,0.5678027826631357,24,0,0.0
c-fat200-2,200,16665,1,2,2,3,24,21.39,0.8472897969408106,24,0,0.0
c-fat200-2,200,16665,1,2,2,4,24,21.81,0.6884039511798287,24,0,0.0
c-fat200-2,200,16665,1,2,2,5,24,22.1,0.6082762530298219,24,0,0.0
c-fat200-2,200,16665,1,2,2,6,24,22.16,0.48414873747640813,24,0,0.0
c-fat200-2,200,16665,1,2,2,7,24,22.21,0.5156549233741495,24,0,0.0
c-fat200-2,200,16665,1,2,2,8,24,22.22,0.5211525688318154,24,0,0.0
c-fat200-2,200,16665,1,2,2,10,24,22.22,0.54,24,0,0.0
c-fat200-2,200,16665,1,2,2,12,24,22.22,0.5758472019555189,24,0,0.0
c-fat200-2,200,16665,1,2,2,15,24,22.22,0.5758472019555189,24,0,0.0
c-fat200-2,200,16665,1,2,2,18,24,22.2,0.5477225575051661,24,0,0.0
c-fat200-2,200,16665,1,2,2,20,24,22.2,0.5477225575051661,24,0,0.0
c-fat200-2,200,16665,1,2,2,25,24,22.23,0.5806031346797914,24,0,0.0
c-fat200-2,200,16665,1,2,2,30,24,22.23,0.5806031346797914,24,0,0.0
c-fat200-2,200,16665,1,2,2,40,24,22.22,0.5582114294781146,24,0,0.0
c-fat200-2,200,16665,1,2,2,50,24,22.22,0.5582114294781146,24,0,0.0
c-fat200-2,200,16665,1,2,2,75,24,22.22,0.5582114294781146,24,0,0.0
c-fat200-2,200,16665,1,2,2,100,24,22.22,0.5582114294781146,24,0,0.0
c-fat200-2,200,16665,1,2.5,2.5,3,24,21.52,0.8182909018191513,24,0,0.0
c-fat200-2,200,16665,1,2.5,2.5,4,24,21.88,0.6368673331236263,24,0,0.0
c-fat200-2,200,16665,1,2.5,2.5,5,24,22.16,0.6437390775772431,24,0,0.0
c-fat200-2,200,16665,1,2.5,2.5,6,24,22.23,0.6140846847137617,24,0,0.0
c-fat200-2,200,16665,1,2.5,2.5,7,24,22.24,0.5851495535331118,24,0,0.0
c-fat200-2,200,16665,1,2.5,2.5,8,24,22.25,0.5894913061275798,24,0,0.0
c-fat200-2,200,16665,1,2.5,2.5,10,24,22.25,0.5894913061275798,24,0,0.0
c-fat200-2,200,16665,1,2.5,2.5,12,24,22.21,0.5530822723609933,24,0,0.0
c-fat200-2,200,16665,1,2.5,2.5,15,24,22.21,0.5530822723609933,24,0,0.0
c-fat200-2,200,16665,1,2.5,2.5,18,24,22.21,0.5530822723609933,24,0,0.0
c-fat200-2,200,16665,1,2.5,2.5,20,24,22.21,0.5530822723609933,24,0,0.0
c-fat200-2,200,16665,1,2.5,2.5,25,24,22.21,0.5530822723609933,24,0,0.0
c-fat200-2,200,16665,1,2.5,2.5,30,24,22.22,0.5758472019555189,24,0,0.0
c-fat200-2,200,16665,1,2.5,2.5,40,24,22.23,0.5806031346797914,24,0,0.0
c-fat200-2,200,16665,1,2.5,2.5,50,24,22.23,0.5806031346797914,24,0,0.0
c-fat200-2,200,16665,1,2.5,2.5,75,24,22.23,0.5806031346797914,24,0,0.0
c-fat200-2,200,16665,1,2.5,2.5,100,24,22.23,0.5806031346797914,24,0,0.0
c-fat200-2,200,16665,1,3,3,3,24,21.52,0.8059776671843953,24,0,0.0
c-fat200-2,200,16665,1,3,3,4,24,21.86,0.6931089380465382,24,0,0.0
c-fat200-2,200,16665,1,3,3,5,24,22.17,0.7078841713161835,24,0,0.0
c-fat200-2,200,16665,1,3,3,6,24,22.26,0.626418390534633,24,0,0.0
c-fat200-2,200,16665,1,3,3,7,24,22.26,0.5936328831862332,24,0,0.0
c-fat200-2,200,16665,1,3,3,8,24,22.24,0.5678027826631357,24,0,0.0
c-fat200-2,200,16665,1,3,3,10,24,22.23,0.5631163290120436,24,0,0.0
c-fat200-2,200,16665,1,3,3,12,24,22.22,0.5758472019555189,24,0,0.0
c-fat200-2,200,16665,1,3,3,15,24,22.22,0.5758472019555189,24,0,0.0
c-fat200-2,200,16665,1,3,3,18,24,22.22,0.5758472019555189,24,0,0.0
c-fat200-2,200,16665,1,3,3,20,24,22.22,0.5758472019555189,24,0,0.0
c-fat200-2,200,16665,1,3,3,25,24,22.22,0.5758472019555189,24,0,0.0
c-fat200-2,200,16665,1,3,3,30,24,22.22,0.5758472019555189,24,0,0.0
c-fat200-2,200,16665,1,3,3,40,24,22.23,0.5806031346797914,24,0,0.0
c-fat200-2,200,16665,1,3,3,50,24,22.23,0.5806031346797914,24,0,0.0
c-fat200-2,200,16665,1,3,3,75,24,22.23,0.5806031346797914,24,0,0.0
c-fat200-2,200,16665,1,3,3,100,24,22.23,0.5806031346797914,24,0,0.0
c-fat200-2,200,16665,1,3.5,3.5,3,24,21.49,0.8306021911842034,24,0,0.0
c-fat200-2,200,16665,1,3.5,3.5,4,24,21.88,0.7386474125047755,24,0,0.0
c-fat200-2,200,16665,1,3.5,3.5,5,24,22.14,0.6931089380465382,24,0,0.0
c-fat200-2,200,16665,1,3.5,3.5,6,24,22.24,0.6019966777316965,24,0,0.0
c-fat200-2,200,16665,1,3.5,3.5,7,24,22.26,0.5936328831862332,24,0,0.0
c-fat200-2,200,16665,1,3.5,3.5,8,24,22.24,0.5678027826631357,24,0,0.0
c-fat200-2,200,16665,1,3.5,3.5,10,24,22.24,0.5851495535331118,24,0,0.0
c-fat200-2,200,16665,1,3.5,3.5,12,24,22.22,0.5758472019555189,24,0,0.0
c-fat200-2,200,16665,1,3.5,3.5,15,24,22.22,0.5758472019555189,24,0,0.0
c-fat200-2,200,16665,1,3.5,3.5,18,24,22.22,0.5758472019555189,24,0,0.0
c-fat200-2,200,16665,1,3.5,3.5,20,24,22.22,0.5758472019555189,24,0,0.0
c-fat200-2,200,16665,1,3.5,3.5,25,24,22.22,0.5758472019555189,24,0,0.0
c-fat200-2,200,16665,1,3.5,3.5,30,24,22.22,0.5758472019555189,24,0,0.0
c-fat200-2,200,16665,1,3.5,3.5,40,24,22.23,0.5806031346797914,24,0,0.0
c-fat200-2,200,16665,1,3.5,3.5,50,24,22.23,0.5806031346797914,24,0,0.0
c-fat200-2,200,16665,1,3.5,3.5,75,24,22.23,0.5806031346797914,24,0,0.0
c-fat200-2,200,16665,1,3.5,3.5,100,24,22.23,0.5806031346797914,24,0,0.0
c-fat200-2,200,16665,1,4,4,3,24,21.44,0.8979977728257459,24,0,0.0
c-fat200-2,200,16665,1,4,4,4,24,21.86,0.7073895673530958,24,0,0.0
c-fat200-2,200,16665,1,4,4,5,24,22.14,0.6931089380465382,24,0,0.0
c-fat200-2,200,16665,1,4,4,6,24,22.24,0.6019966777316965,24,0,0.0
c-fat200-2,200,16665,1,4,4,7,24,22.26,0.5936328831862332,24,0,0.0
c-fat200-2,200,16665,1,4,4,8,24,22.24,0.5678027826631357,24,0,0.0
c-fat200-2,200,16665,1,4,4,10,24,22.24,0.5851495535331118,24,0,0.0
c-fat200-2,200,16665,1,4,4,12,24,22.22,0.5758472019555189,24,0,0.0
c-fat200-2,200,16665,1,4,4,15,24,22.22,0.5758472019555189,24,0,0.0
c-fat200-2,200,16665,1,4,4,18,24,22.22,0.5758472019555189,24,0,0.0
c-fat200-2,200,16665,1,4,4,20,24,22.22,0.5758472019555189,24,0,0.0
c-fat200-2,200,16665,1,4,4,25,24,22.22,0.5758472019555189,24,0,0.0
c-fat200-2,200,16665,1,4,4,30,24,22.22,0.5758472019555189,24,0,0.0
c-fat200-2,200,16665,1,4,4,40,24,22.23,0.5806031346797914,24,0,0.0
c-fat200-2,200,16665,1,4,4,50,24,22.23,0.5806031346797914,24,0,0.0
c-fat200-2,200,16665,1,4,4,75,24,22.23,0.5806031346797914,24,0,0.0
c-fat200-2,200,16665,1,4,4,100,24,22.23,0.5806031346797914,24,0,0.0
c-fat200-2,200,16665,1,4.5,4.5,3,24,21.42,0.8506468127254694,24,0,0.0
c-fat200-2,200,16665,1,4.5,4.5,4,24,21.85,0.7123903424387503,24,0,0.0
c-fat200-2,200,16665,1,4.5,4.5,5,24,22.14,0.6931089380465382,24,0,0.0
c-fat200-2,200,16665,1,4.5,4.5,6,24,22.24,0.6019966777316965,24,0,0.0
c-fat200-2,200,16665,1,4.5,4.5,7,24,22.26,0.5936328831862332,24,0,0.0
c-fat200-2,200,16665,1,4.5,4.5,8,24,22.24,0.5678027826631357,24,0,0.0
c-fat200-2,200,16665,1,4.5,4.5,10,24,22.24,0.5851495535331118,24,0,0.0
c-fat200-2,200,16665,1,4.5,4.5,12,24,22.22,0.5758472019555189,24,0,0.0
c-fat200-2,200,16665,1,4.5,4.5,15,24,22.22,0.5758472019555189,24,0,0.0
c-fat200-2,200,16665,1,4.5,4.5,18,24,22.22,0.5758472019555189,24,0,0.0
c-fat200-2,200,16665,1,4.5,4.5,20,24,22.22,0.5758472019555189,24,0,0.0
c-fat200-2,200,16665,1,4.5,4.5,25,24,22.22,0.5758472019555189,24,0,0.0
c-fat200-2,200,16665,1,4.5,4.5,30,24,22.22,0.5758472019555189,24,0,0.0
c-fat200-2,200,16665,1,4.5,4.5,40,24,22.23,0.5806031346797914,24,0,0.0
c-fat200-2,200,16665,1,4.5,4.5,50,24,22.23,0.5806031346797914,24,0,0.0
c-fat200-2,200,16665,1,4.5,4.5,75,24,22.23,0.5806031346797914,24,0,0.0
c-fat200-2,200,16665,1,4.5,4.5,100,24,22.23,0.5806031346797914,24,0,0.0
c-fat200-2,200,16665,1,5,5,3,24,21.41,0.8613361713059541,24,0,0.0
c-fat200-2,200,16665,1,5,5,4,24,21.85,0.7123903424387503,24,0,0.0
c-fat200-2,200,16665,1,5,5,5,24,22.14,0.6931089380465382,24,0,0.0
c-fat200-2,200,16665,1,5,5,6,24,22.24,0.6019966777316965,24,0,0.0
c-fat200-2,200,16665,1,5,5,7,24,22.26,0.5936328831862332,24,0,0.0
c-fat200-2,200,16665,1,5,5,8,24,22.24,0.5678027826631357,24,0,0.0
c-fat200-2,200,16665,1,5,5,10,24,22.24,0.5851495535331118,24,0,0.0
c-fat200-2,200,16665,1,5,5,12,24,22.22,0.5758472019555189,24,0,0.0
c-fat200-2,200,16665,1,5,5,15,24,22.22,0.5758472019555189,24,0,0.0
c-fat200-2,200,16665,1,5,5,18,24,22.22,0.5758472019555189,24,0,0.0
c-fat200-2,200,16665,1,5,5,20,24,22.22,0.5758472019555189,24,0,0.0
c-fat200-2,200,16665,1,5,5,25,24,22.22,0.5758472019555189,24,0,0.0
c-fat200-2,200,16665,1,5,5,30,24,22.22,0.5758472019555189,24,0,0.0
c-fat200-2,200,16665,1,5,5,40,24,22.23,0.5806031346797914,24,0,0.0
c-fat200-2,200,16665,1,5,5,50,24,22.23,0.5806031346797914,24,0,0.0
c-fat200-2,200,16665,1,5,5,75,24,22.23,0.5806031346797914,24,0,0.0
c-fat200-2,200,16665,1,5,5,100,24,22.23,0.5806031346797914,24,0,0.0
c-fat200-5,200,11427,1,1.0,1.0,3,54,51.2,1.349073756323204,58,4,0.06896551724137931
c-fat200-5,200,11427,1,1.0,1.0,4,58,53.35,1.306713434537198,58,0,0.0
c-fat200-5,200,11427,1,1.0,1.0,5,57,54.48,1.2367699866992246,58,1,0.017241379310344827
c-fat200-5,200,11427,1,1.0,1.0,6,58,55.35,1.2359207094308273,58,0,0.0
c-fat200-5,200,11427,1,1.0,1.0,7,58,55.9,1.1704699910719623,58,0,0.0
c-fat200-5,200,11427,1,1.0,1.0,8,58,56.3,1.1269427669584646,58,0,0.0
c-fat200-5,200,11427,1,1.0,1.0,10,58,56.73,0.9576533819707422,58,0,0.0
c-fat200-5,200,11427,1,1.0,1.0,12,58,56.99,0.9538867857350787,58,0,0.0
c-fat200-5,200,11427,1,1.0,1.0,15,58,57.17,0.8491760712596653,58,0,0.0
c-fat200-5,200,11427,1,1.0,1.0,18,58,57.22,0.8316249154516716,58,0,0.0
c-fat200-5,200,11427,1,1.0,1.0,20,58,57.24,0.8380930735902786,58,0,0.0
c-fat200-5,200,11427,1,1.0,1.0,25,58,57.22,0.8435638683585257,58,0,0.0
c-fat200-5,200,11427,1,1.0,1.0,30,58,57.21,0.8519976525789258,58,0,0.0
c-fat200-5,200,11427,1,1.0,1.0,40,58,57.23,0.810617048920142,58,0,0.0
c-fat200-5,200,11427,1,1.0,1.0,50,58,57.23,0.810617048920142,58,0,0.0
c-fat200-5,200,11427,1,1.0,1.0,75,58,57.25,0.8046738469715541,58,0,0.0
c-fat200-5,200,11427,1,1.0,1.0,100,58,57.25,0.8046738469715541,58,0,0.0
c-fat200-5,200,11427,1,1.5,1.5,3,55,51.26,1.5913516267626084,58,3,0.05172413793103448
c-fat200-5,200,11427,1,1.5,1.5,4,56,53.36,1.2846789482201384,58,2,0.034482758620689655
c-fat200-5,200,11427,1,1.5,1.5,5,57,54.57,1.1769027147559818,58,1,0.017241379310344827
c-fat200-5,200,11427,1,1.5,1.5,6,58,55.35,1.194780314534852,58,0,0.0
c-fat200-5,200,11427,1,1.5,1.5,7,58,55.86,1.1918053532351665,58,0,0.0
c-fat200-5,200,11427,1,1.5,1.5,8,58,56.32,1.1214276615100949,58,0,0.0
c-fat200-5,200,11427,1,1.5,1.5,10,58,56.79,0.9725739046468396,58,0,0.0
c-fat200-5,200,11427,1,1.5,1.5,12,58,57.04,0.9372299611087984,58,0,0.0
c-fat200-5,200,11427,1,1.5,1.5,15,58,57.16,0.856971411425142,58,0,0.0
c-fat200-5,200,11427,1,1.5,1.5,18,58,57.19,0.8330066026148895,58,0,0.0
c-fat200-5,200,11427,1,1.5,1.5,20,58,57.2,0.8366600265340757,58,0,0.0
c-fat200-5,200,11427,1,1.5,1.5,25,58,57.21,0.8519976525789258,58,0,0.0
c-fat200-5,200,11427,1,1.5,1.5,30,58,57.17,0.8373171442171718,58,0,0.0
c-fat200-5,200,11427,1,1.5,1.5,40,58,57.14,0.8368990381163071,58,0,0.0
c-fat200-5,200,11427,1,1.5,1.5,50,58,57.11,0.8354040938372281,58,0,0.0
c-fat200-5,200,11427,1,1.5,1.5,75,58,57.09,0.8257723657279892,58,0,0.0
c-fat200-5,200,11427,1,1.5,1.5,100,58,57.08,0.8207313811473276,58,0,0.0
c-fat200-5,200,11427,1,2,2,3,55,51.38,1.4681961721786363,58,3,0.05172413793103448
c-fat200-5,200,11427,1,2,2,4,56,53.23,1.2558264211267418,58,2,0.034482758620689655
c-fat200-5,200,11427,1,2,2,5,57,54.48,1.2286578042726135,58,1,0.017241379310344827
c-fat200-5,200,11427,1,2,2,6,58,55.3,1.2609520212918492,58,0,0.0
c-fat200-5,200,11427,1,2,2,7,58,55.9,1.1532562594670794,58,0,0.0
c-fat200-5,200,11427,1,2,2,8,58,56.3,1.0723805294763609,58,0,0.0
c-fat200-5,200,11427,1,2,2,10,58,56.68,0.9785703858180054,58,0,0.0
c-fat200-5,200,11427,1,2,2,12,58,56.93,0.9083501527494781,58,0,0.0
c-fat200-5,200,11427,1,2,2,15,58,57.1,0.8185352771872451,58,0,0.0
c-fat200-5,200,11427,1,2,2,18,58,57.17,0.8006872048434394,58,0,0.0
c-fat200-5,200,11427,1,2,2,20,58,57.17,0.8006872048434394,58,0,0.0
c-fat200-5,200,11427,1,2,2,25,58,57.16,0.8089499366462674,58,0,0.0
c-fat200-5,200,11427,1,2,2,30,58,57.14,0.8126499861564017,58,0,0.0
c-fat200-5,200,11427,1,2,2,40,58,57.12,0.8280096617793778,58,0,0.0
c-fat200-5,200,11427,1,2,2,50,58,57.13,0.8204267182387469,58,0,0.0
c-fat200-5,200,11427,1,2,2,75,58,57.12,0.8280096617793778,58,0,0.0
c-fat200-5,200,11427,1,2,2,100,58,57.12,0.8280096617793778,58,0,0.0
c-fat200-5,200,11427,1,2.5,2.5,3,55,51.28,1.4496896219536095,58,3,0.05172413793103448
c-fat200-5,200,11427,1,2.5,2.5,4,56,53.21,1.1857065404222076,58,2,0.034482758620689655
c-fat200-5,200,11427,1,2.5,2.5,5,57,54.44,1.2753038853543888,58,1,0.017241379310344827
c-fat200-5,200,11427,1,2.5,2.5,6,58,55.31,1.189075270956385,58,0,0.0
c-fat200-5,200,11427,1,2.5,2.5,7,58,55.9,1.1789826122551594,58,0,0.0
c-fat200-5,200,11427,1,2.5,2.5,8,58,56.29,1.1161989070053777,58,0,0.0
c-fat200-5,200,11427,1,2.5,2.5,10,58,56.69,0.9454628496138812,58,0,0.0
c-fat200-5,200,11427,1,2.5,2.5,12,58,56.97,0.9105492847726585,58,0,0.0
c-fat200-5,200,11427,1,2.5,2.5,15,58,57.13,0.8325262758616092,58,0,0.0
c-fat200-5,200,11427,1,2.5,2.5,18,58,57.16,0.8089499366462674,58,0,0.0
c-fat200-5,200,11427,1,2.5,2.5,20,58,57.17,0.8130805618141416,58,0,0.0
c-fat200-5,200,11427,1,2.5,2.5,25,58,57.16,0.8212186067059124,58,0,0.0
c-fat200-5,200,11427,1,2.5,2.5,30,58,57.13,0.8325262758616092,58,0,0.0
c-fat200-5,200,11427,1,2.5,2.5,40,58,57.12,0.8280096617793778,58,0,0.0
c-fat200-5,200,11427,1,2.5,2.5,50,58,57.13,0.8204267182387469,58,0,0.0
c-fat200-5,200,11427,1,2.5,2.5,75,58,57.12,0.8280096617793778,58,0,0.0
c-fat200-5,200,11427,1,2.5,2.5,100,58,57.12,0.8280096617793778,58,0,0.0
c-fat200-5,200,11427,1,3,3,3,55,51.14,1.4967965793654125,58,3,0.05172413793103448
c-fat200-5,200,11427,1,3,3,4,56,53.25,1.2359207094308275,58,2,0.034482758620689655
c-fat200-5,200,11427,1,3,3,5,57,54.51,1.2368912644206038,58,1,0.017241379310344827
c-fat200-5,200,11427,1,3,3,6,58,55.33,1.1580587204455568,58,0,0.0
c-fat200-5,200,11427,1,3,3,7,58,55.87,1.180296572900218,58,0,0.0
c-fat200-5,200,11427,1,3,3,8,58,56.27,1.1300884921102419,58,0,0.0
c-fat200-5,200,11427,1,3,3,10,58,56.71,0.9622369770487934,58,0,0.0
c-fat200-5,200,11427,1,3,3,12,58,56.97,0.899499861033897,58,0,0.0
c-fat200-5,200,11427,1,3,3,15,58,57.11,0.8354040938372281,58,0,0.0
c-fat200-5,200,11427,1,3,3,18,58,57.15,0.8170067319184094,58,0,0.0
c-fat200-5,200,11427,1,3,3,20,58,57.16,0.8212186067059124,58,0,0.0
c-fat200-5,200,11427,1,3,3,25,58,57.15,0.8291561975888497,58,0,0.0
c-fat200-5,200,11427,1,3,3,30,58,57.12,0.8399999999999999,58,0,0.0
c-fat200-5,200,11427,1,3,3,40,58,57.12,0.8280096617793778,58,0,0.0
c-fat200-5,200,11427,1,3,3,50,58,57.13,0.8204267182387469,58,0,0.0
c-fat200-5,200,11427,1,3,3,75,58,57.12,0.8280096617793778,58,0,0.0
c-fat200-5,200,11427,1,3,3,100,58,57.12,0.8280096617793778,58,0,0.0
c-fat200-5,200,11427,1,3.5,3.5,3,55,51.18,1.4654692081377896,58,3,0.05172413793103448
c-fat200-5,200,11427,1,3.5,3.5,4,56,53.25,1.1863810517704672,58,2,0.034482758620689655
c-fat200-5,200,11427,1,3.5,3.5,5,57,54.5,1.2288205727444508,58,1,0.017241379310344827
c-fat200-5,200,11427,1,3.5,3.5,6,58,55.32,1.1478675881825393,58,0,0.0
c-fat200-5,200,11427,1,3.5,3.5,7,58,55.88,1.142628548566856,58,0,0.0
c-fat200-5,200,11427,1,3.5,3.5,8,58,56.28,1.1232096865679178,58,0,0.0
c-fat200-5,200,11427,1,3.5,3.5,10,58,56.7,0.9643650760992956,58,0,0.0
c-fat200-5,200,11427,1,3.5,3.5,12,58,56.97,0.899499861033897,58,0,0.0
c-fat200-5,200,11427,1,3.5,3.5,15,58,57.1,0.8426149773176358,58,0,0.0
c-fat200-5,200,11427,1,3.5,3.5,18,58,57.14,0.8248636250920511,58,0,0.0
c-fat200-5,200,11427,1,3.5,3.5,20,58,57.15,0.8291561975888497,58,0,0.0
c-fat200-5,200,11427,1,3.5,3.5,25,58,57.14,0.8368990381163071,58,0,0.0
c-fat200-5,200,11427,1,3.5,3.5,30,58,57.12,0.8399999999999999,58,0,0.0
c-fat200-5,200,11427,1,3.5,3.5,40,58,57.12,0.8280096617793778,58,0,0.0
c-fat200-5,200,11427,1,3.5,3.5,50,58,57.13,0.8204267182387469,58,0,0.0
c-fat200-5,200,11427,1,3.5,3.5,75,58,57.12,0.8280096617793778,58,0,0.0
c-fat200-5,200,11427,1,3.5,3.5,100,58,57.12,0.8280096617793778,58,0,0.0
c-fat200-5,200,11427,1,4,4,3,55,51.27,1.3989639023220006,58,3,0.05172413793103448
c-fat200-5,200,11427,1,4,4,4,56,53.24,1.158619868636819,58,2,0.034482758620689655
c-fat200-5,200,11427,1,4,4,5,57,54.49,1.2206145992900461,58,1,0.017241379310344827
c-fat200-5,200,11427,1,4,4,6,58,55.31,1.1462547709824376,58,0,0.0
c-fat200-5,200,11427,1,4,4,7,58,55.88,1.142628548566856,58,0,0.0
c-fat200-5,200,11427,1,4,4,8,58,56.28,1.1232096865679178,58,0,0.0
c-fat200-5,200,11427,1,4,4,10,58,56.69,0.9766780431646861,58,0,0.0
c-fat200-5,200,11427,1,4,4,12,58,56.95,0.9205976319760982,58,0,0.0
c-fat200-5,200,11427,1,4,4,15,58,57.1,0.8426149773176358,58,0,0.0
c-fat200-5,200,11427,1,4,4,18,58,57.14,0.8248636250920511,58,0,0.0
c-fat200-5,200,11427,1,4,4,20,58,57.15,0.8291561975888497,58,0,0.0
c-fat200-5,200,11427,1,4,4,25,58,57.14,0.8368990381163071,58,0,0.0
c-fat200-5,200,11427,1,4,4,30,58,57.12,0.8399999999999999,58,0,0.0
c-fat200-5,200,11427,1,4,4,40,58,57.12,0.8280096617793778,58,0,0.0
c-fat200-5,200,11427,1,4,4,50,58,57.13,0.8204267182387469,58,0,0.0
c-fat200-5,200,11427,1,4,4,75,58,57.12,0.8280096617793778,58,0,0.0
c-fat200-5,200,11427,1,4,4,100,58,57.12,0.8280096617793778,58,0,0.0
c-fat200-5,200,11427,1,4.5,4.5,3,55,51.3,1.4177446878757827,58,3,0.05172413793103448
c-fat200-5,200,11427,1,4.5,4.5,4,56,53.25,1.16081867662439,58,2,0.034482758620689655
c-fat200-5,200,11427,1,4.5,4.5,5,57,54.5,1.2206555615733703,58,1,0.017241379310344827
c-fat200-5,200,11427,1,4.5,4.5,6,58,55.31,1.1462547709824376,58,0,0.0
c-fat200-5,200,11427,1,4.5,4.5,7,58,55.88,1.142628548566856,58,0,0.0
c-fat200-5,200,11427,1,4.5,4.5,8,58,56.27,1.1389029809426263,58,0,0.0
c-fat200-5,200,11427,1,4.5,4.5,10,58,56.69,0.9766780431646861,58,0,0.0
c-fat200-5,200,11427,1,4.5,4.5,12,58,56.95,0.9205976319760982,58,0,0.0
c-fat200-5,200,11427,1,4.5,4.5,15,58,57.1,0.8426149773176358,58,0,0.0
c-fat200-5,200,11427,1,4.5,4.5,18,58,57.14,0.8248636250920511,58,0,0.0
c-fat200-5,200,11427,1,4.5,4.5,20,58,57.15,0.8291561975888497,58,0,0.0
c-fat200-5,200,11427,1,4.5,4.5,25,58,57.14,0.8368990381163071,58,0,0.0
c-fat200-5,200,11427,1,4.5,4.5,30,58,57.12,0.8399999999999999,58,0,0.0
c-fat200-5,200,11427,1,4.5,4.5,40,58,57.12,0.8280096617793778,58,0,0.0
c-fat200-5,200,11427,1,4.5,4.5,50,58,57.13,0.8204267182387469,58,0,0.0
c-fat200-5,200,11427,1,4.5,4.5,75,58,57.12,0.8280096617793778,58,0,0.0
c-fat200-5,200,11427,1,4.5,4.5,100,58,57.12,0.8280096617793778,58,0,0.0
c-fat200-5,200,11427,1,5,5,3,55,51.26,1.3972830779766852,58,3,0.05172413793103448
c-fat200-5,200,11427,1,5,5,4,56,53.26,1.1629273408085306,58,2,0.034482758620689655
c-fat200-5,200,11427,1,5,5,5,57,54.5,1.2206555615733703,58,1,0.017241379310344827
c-fat200-5,200,11427,1,5,5,6,58,55.32,1.1303096920755833,58,0,0.0
c-fat200-5,200,11427,1,5,5,7,58,55.88,1.142628548566856,58,0,0.0
c-fat200-5,200,11427,1,5,5,8,58,56.27,1.1389029809426263,58,0,0.0
c-fat200-5,200,11427,1,5,5,10,58,56.69,0.9766780431646861,58,0,0.0
c-fat200-5,200,11427,1,5,5,12,58,56.95,0.9205976319760982,58,0,0.0
c-fat200-5,200,11427,1,5,5,15,58,57.1,0.8426149773176358,58,0,0.0
c-fat200-5,200,11427,1,5,5,18,58,57.14,0.8248636250920511,58,0,0.0
c-fat200-5,200,11427,1,5,5,20,58,57.15,0.8291561975888497,58,0,0.0
c-fat200-5,200,11427,1,5,5,25,58,57.14,0.8368990381163071,58,0,0.0
c-fat200-5,200,11427,1,5,5,30,58,57.12,0.8399999999999999,58,0,0.0
c-fat200-5,200,11427,1,5,5,40,58,57.12,0.8280096617793778,58,0,0.0
c-fat200-5,200,11427,1,5,5,50,58,57.13,0.8204267182387469,58,0,0.0
c-fat200-5,200,11427,1,5,5,75,58,57.12,0.8280096617793778,58,0,0.0
c-fat200-5,200,11427,1,5,5,100,58,57.12,0.8280096617793778,58,0,0.0
c-fat500-1,500,120291,1,1.0,1.0,3,14,5.79,4.663249939687986,14,0,0.0
c-fat500-1,500,120291,1,1.0,1.0,4,14,10.51,3.8431627600194087,14,0,0.0
c-fat500-1,500,120291,1,1.0,1.0,5,14,12.12,1.9456618411224496,14,0,0.0
c-fat500-1,500,120291,1,1.0,1.0,6,14,12.51,1.3152566289511716,14,0,0.0
c-fat500-1,500,120291,1,1.0,1.0,7,14,12.67,0.9803570778037969,14,0,0.0
c-fat500-1,500,120291,1,1.0,1.0,8,14,12.66,0.9297311439335567,14,0,0.0
c-fat500-1,500,120291,1,1.0,1.0,10,14,12.64,0.9645724441429995,14,0,0.0
c-fat500-1,500,120291,1,1.0,1.0,12,14,12.68,0.9368030742904295,14,0,0.0
c-fat500-1,500,120291,1,1.0,1.0,15,14,12.65,0.9205976319760986,14,0,0.0
c-fat500-1,500,120291,1,1.0,1.0,18,14,12.68,0.9368030742904295,14,0,0.0
c-fat500-1,500,120291,1,1.0,1.0,20,14,12.64,0.9221713506718803,14,0,0.0
c-fat500-1,500,120291,1,1.0,1.0,25,14,12.62,0.9141115905621151,14,0,0.0
c-fat500-1,500,120291,1,1.0,1.0,30,14,12.66,0.9297311439335566,14,0,0.0
c-fat500-1,500,120291,1,1.0,1.0,40,14,12.66,0.9297311439335566,14,0,0.0
c-fat500-1,500,120291,1,1.0,1.0,50,14,12.63,0.9236341266973627,14,0,0.0
c-fat500-1,500,120291,1,1.0,1.0,75,14,12.55,0.8874119674649422,14,0,0.0
c-fat500-1,500,120291,1,1.0,1.0,100,14,12.57,0.8972736483370053,14,0,0.0
c-fat500-1,500,120291,1,1.5,1.5,3,14,11.47,2.570816990763831,14,0,0.0
c-fat500-1,500,120291,1,1.5,1.5,4,14,12.29,1.282926342390708,14,0,0.0
c-fat500-1,500,120291,1,1.5,1.5,5,14,12.53,0.9322553298319082,14,0,0.0
c-fat500-1,500,120291,1,1.5,1.5,6,14,12.64,0.9748846085563152,14,0,0.0
c-fat500-1,500,120291,1,1.5,1.5,7,14,12.61,0.9369631796394137,14,0,0.0
c-fat500-1,500,120291,1,1.5,1.5,8,14,12.66,0.9404254356406997,14,0,0.0
c-fat500-1,500,120291,1,1.5,1.5,10,14,12.66,0.9189124006128113,14,0,0.0
c-fat500-1,500,120291,1,1.5,1.5,12,14,12.68,0.926066952223218,14,0,0.0
c-fat500-1,500,120291,1,1.5,1.5,15,14,12.73,0.9471536306217698,14,0,0.0
c-fat500-1,500,120291,1,1.5,1.5,18,14,12.73,0.9471536306217698,14,0,0.0
c-fat500-1,500,120291,1,1.5,1.5,20,14,12.69,0.9348261870529729,14,0,0.0
c-fat500-1,500,120291,1,1.5,1.5,25,14,12.7,0.9433981132056604,14,0,0.0
c-fat500-1,500,120291,1,1.5,1.5,30,14,12.65,0.9205976319760986,14,0,0.0
c-fat500-1,500,120291,1,1.5,1.5,40,14,12.63,0.9127431182978045,14,0,0.0
c-fat500-1,500,120291,1,1.5,1.5,50,14,12.56,0.8867919710958145,14,0,0.0
c-fat500-1,500,120291,1,1.5,1.5,75,14,12.58,0.8964373932405988,14,0,0.0
c-fat500-1,500,120291,1,1.5,1.5,100,14,12.64,0.9221713506718803,14,0,0.0
c-fat500-1,500,120291,1,2,2,3,14,12.02,1.8054362353736009,14,0,0.0
c-fat500-1,500,120291,1,2,2,4,14,12.45,0.9836157786452999,14,0,0.0
c-fat500-1,500,120291,1,2,2,5,14,12.51,0.9219002115196632,14,0,0.0
c-fat500-1,500,120291,1,2,2,6,14,12.66,0.9718024490605074,14,0,0.0
c-fat500-1,500,120291,1,2,2,7,14,12.59,0.8954886933959582,14,0,0.0
c-fat500-1,500,120291,1,2,2,8,14,12.65,0.9205976319760986,14,0,0.0
c-fat500-1,500,120291,1,2,2,10,14,12.6,0.9055385138137417,14,0,0.0
c-fat500-1,500,120291,1,2,2,12,14,12.61,0.9043782394551519,14,0,0.0
c-fat500-1,500,120291,1,2,2,15,14,12.58,0.8964373932405989,14,0,0.0
c-fat500-1,500,120291,1,2,2,18,14,12.6,0.9055385138137416,14,0,0.0
c-fat500-1,500,120291,1,2,2,20,14,12.64,0.9221713506718803,14,0,0.0
c-fat500-1,500,120291,1,2,2,25,14,12.65,0.9205976319760986,14,0,0.0
c-fat500-1,500,120291,1,2,2,30,14,12.63,0.9127431182978044,14,0,0.0
c-fat500-1,500,120291,1,2,2,40,14,12.63,0.9127431182978044,14,0,0.0
c-fat500-1,500,120291,1,2,2,50,14,12.63,0.9127431182978044,14,0,0.0
c-fat500-1,500,120291,1,2,2,75,14,12.57,0.8860586888011425,14,0,0.0
c-fat500-1,500,120291,1,2,2,100,14,12.55,0.8760707733967614,14,0,0.0
c-fat500-1,500,120291,1,2.5,2.5,3,14,12.27,1.147649772360889,14,0,0.0
c-fat500-1,500,120291,1,2.5,2.5,4,14,12.44,0.9830564581955608,14,0,0.0
c-fat500-1,500,120291,1,2.5,2.5,5,14,12.54,0.9531002045955084,14,0,0.0
c-fat500-1,500,120291,1,2.5,2.5,6,14,12.51,0.8887631855561975,14,0,0.0
c-fat500-1,500,120291,1,2.5,2.5,7,14,12.63,0.9127431182978044,14,0,0.0
c-fat500-1,500,120291,1,2.5,2.5,8,14,12.65,0.9205976319760986,14,0,0.0
c-fat500-1,500,120291,1,2.5,2.5,10,14,12.67,0.9279547402756236,14,0,0.0
c-fat500-1,500,120291,1,2.5,2.5,12,14,12.65,0.9205976319760986,14,0,0.0
c-fat500-1,500,120291,1,2.5,2.5,15,14,12.65,0.9205976319760986,14,0,0.0
c-fat500-1,500,120291,1,2.5,2.5,18,14,12.57,0.8860586888011425,14,0,0.0
c-fat500-1,500,120291,1,2.5,2.5,20,14,12.59,0.8954886933959579,14,0,0.0
c-fat500-1,500,120291,1,2.5,2.5,25,14,12.61,0.9043782394551519,14,0,0.0
c-fat500-1,500,120291,1,2.5,2.5,30,14,12.59,0.8954886933959579,14,0,0.0
c-fat500-1,500,120291,1,2.5,2.5,40,14,12.59,0.8954886933959579,14,0,0.0
c-fat500-1,500,120291,1,2.5,2.5,50,14,12.59,0.8954886933959579,14,0,0.0
c-fat500-1,500,120291,1,2.5,2.5,75,14,12.59,0.8954886933959579,14,0,0.0
c-fat500-1,500,120291,1,2.5,2.5,100,14,12.57,0.8860586888011425,14,0,0.0
c-fat500-1,500,120291,1,3,3,3,14,12.34,0.9509994742374992,14,0,0.0
c-fat500-1,500,120291,1,3,3,4,14,12.35,0.9733961166965892,14,0,0.0
c-fat500-1,500,120291,1,3,3,5,14,12.55,0.9313968005098577,14,0,0.0
c-fat500-1,500,120291,1,3,3,6,14,12.63,0.9450396817065407,14,0,0.0
c-fat500-1,500,120291,1,3,3,7,14,12.62,0.9249864863877743,14,0,0.0
c-fat500-1,500,120291,1,3,3,8,14,12.65,0.9205976319760986,14,0,0.0
c-fat500-1,500,120291,1,3,3,10,14,12.57,0.8860586888011426,14,0,0.0
c-fat500-1,500,120291,1,3,3,12,14,12.57,0.8860586888011425,14,0,0.0
c-fat500-1,500,120291,1,3,3,15,14,12.57,0.8860586888011425,14,0,0.0
c-fat500-1,500,120291,1,3,3,18,14,12.57,0.8860586888011425,14,0,0.0
c-fat500-1,500,120291,1,3,3,20,14,12.59,0.8954886933959579,14,0,0.0
c-fat500-1,500,120291,1,3,3,25,14,12.61,0.9043782394551519,14,0,0.0
c-fat500-1,500,120291,1,3,3,30,14,12.59,0.8954886933959579,14,0,0.0
c-fat500-1,500,120291,1,3,3,40,14,12.57,0.8860586888011425,14,0,0.0
c-fat500-1,500,120291,1,3,3,50,14,12.57,0.8860586888011425,14,0,0.0
c-fat500-1,500,120291,1,3,3,75,14,12.57,0.8860586888011425,14,0,0.0
c-fat500-1,500,120291,1,3,3,100,14,12.57,0.8860586888011425,14,0,0.0
c-fat500-1,500,120291,1,3.5,3.5,3,14,12.21,0.9197282207261012,14,0,0.0
c-fat500-1,500,120291,1,3.5,3.5,4,14,12.45,0.9836157786453,14,0,0.0
c-fat500-1,500,120291,1,3.5,3.5,5,14,12.57,0.982395032560731,14,0,0.0
c-fat500-1,500,120291,1,3.5,3.5,6,14,12.54,0.9210863151735564,14,0,0.0
c-fat500-1,500,120291,1,3.5,3.5,7,14,12.58,0.9075241043630744,14,0,0.0
c-fat500-1,500,120291,1,3.5,3.5,8,14,12.59,0.8954886933959579,14,0,0.0
c-fat500-1,500,120291,1,3.5,3.5,10,14,12.57,0.8860586888011425,14,0,0.0
c-fat500-1,500,120291,1,3.5,3.5,12,14,12.57,0.8860586888011425,14,0,0.0
c-fat500-1,500,120291,1,3.5,3.5,15,14,12.57,0.8860586888011425,14,0,0.0
c-fat500-1,500,120291,1,3.5,3.5,18,14,12.57,0.8860586888011425,14,0,0.0
c-fat500-1,500,120291,1,3.5,3.5,20,14,12.59,0.8954886933959579,14,0,0.0
c-fat500-1,500,120291,1,3.5,3.5,25,14,12.59,0.8954886933959579,14,0,0.0
c-fat500-1,500,120291,1,3.5,3.5,30,14,12.57,0.8860586888011425,14,0,0.0
c-fat500-1,500,120291,1,3.5,3.5,40,14,12.59,0.895488693395958,14,0,0.0
c-fat500-1,500,120291,1,3.5,3.5,50,14,12.59,0.895488693395958,14,0,0.0
c-fat500-1,500,120291,1,3.5,3.5,75,14,12.59,0.895488693395958,14,0,0.0
c-fat500-1,500,120291,1,3.5,3.5,100,14,12.57,0.8860586888011425,14,0,0.0
c-fat500-1,500,120291,1,4,4,3,14,12.37,0.9127431182978044,14,0,0.0
c-fat500-1,500,120291,1,4,4,4,14,12.52,0.9846826900072936,14,0,0.0
c-fat500-1,500,120291,1,4,4,5,14,12.5,0.9433981132056604,14,0,0.0
c-fat500-1,500,120291,1,4,4,6,14,12.55,0.9096702699330126,14,0,0.0
c-fat500-1,500,120291,1,4,4,7,14,12.58,0.9075241043630744,14,0,0.0
c-fat500-1,500,120291,1,4,4,8,14,12.59,0.8954886933959579,14,0,0.0
c-fat500-1,500,120291,1,4,4,10,14,12.57,0.8860586888011425,14,0,0.0
c-fat500-1,500,120291,1,4,4,12,14,12.57,0.8860586888011425,14,0,0.0
c-fat500-1,500,120291,1,4,4,15,14,12.57,0.8860586888011425,14,0,0.0
c-fat500-1,500,120291,1,4,4,18,14,12.57,0.8860586888011425,14,0,0.0
c-fat500-1,500,120291,1,4,4,20,14,12.61,0.9043782394551519,14,0,0.0
c-fat500-1,500,120291,1,4,4,25,14,12.61,0.9043782394551519,14,0,0.0
c-fat500-1,500,120291,1,4,4,30,14,12.59,0.895488693395958,14,0,0.0
c-fat500-1,500,120291,1,4,4,40,14,12.59,0.895488693395958,14,0,0.0
c-fat500-1,500,120291,1,4,4,50,14,12.59,0.895488693395958,14,0,0.0
c-fat500-1,500,120291,1,4,4,75,14,12.59,0.895488693395958,14,0,0.0
c-fat500-1,500,120291,1,4,4,100,14,12.57,0.8860586888011425,14,0,0.0
c-fat500-1,500,120291,1,4.5,4.5,3,14,12.34,0.9297311439335568,14,0,0.0
c-fat500-1,500,120291,1,4.5,4.5,4,14,12.44,0.9414881836751856,14,0,0.0
c-fat500-1,500,120291,1,4.5,4.5,5,14,12.54,0.9318798205777395,14,0,0.0
c-fat500-1,500,120291,1,4.5,4.5,6,14,12.55,0.9096702699330126,14,0,0.0
c-fat500-1,500,120291,1,4.5,4.5,7,14,12.58,0.9075241043630744,14,0,0.0
c-fat500-1,500,120291,1,4.5,4.5,8,14,12.59,0.8954886933959579,14,0,0.0
c-fat500-1,500,120291,1,4.5,4.5,10,14,12.57,0.8860586888011425,14,0,0.0
c-fat500-1,500,120291,1,4.5,4.5,12,14,12.59,0.895488693395958,14,0,0.0
c-fat500-1,500,120291,1,4.5,4.5,15,14,12.59,0.895488693395958,14,0,0.0
c-fat500-1,500,120291,1,4.5,4.5,18,14,12.59,0.895488693395958,14,0,0.0
c-fat500-1,500,120291,1,4.5,4.5,20,14,12.61,0.9043782394551519,14,0,0.0
c-fat500-1,500,120291,1,4.5,4.5,25,14,12.61,0.9043782394551519,14,0,0.0
c-fat500-1,500,120291,1,4.5,4.5,30,14,12.59,0.895488693395958,14,0,0.0
c-fat500-1,500,120291,1,4.5,4.5,40,14,12.59,0.895488693395958,14,0,0.0
c-fat500-1,500,120291,1,4.5,4.5,50,14,12.59,0.895488693395958,14,0,0.0
c-fat500-1,500,120291,1,4.5,4.5,75,14,12.59,0.895488693395958,14,0,0.0
c-fat500-1,500,120291,1,4.5,4.5,100,14,12.57,0.8860586888011425,14,0,0.0
c-fat500-1,500,120291,1,5,5,3,14,12.28,0.96,14,0,0.0
c-fat500-1,500,120291,1,5,5,4,14,12.45,0.9313968005098577,14,0,0.0
c-fat500-1,500,120291,1,5,5,5,14,12.56,0.9414881836751857,14,0,0.0
c-fat500-1,500,120291,1,5,5,6,14,12.57,0.9192932067626737,14,0,0.0
c-fat500-1,500,120291,1,5,5,7,14,12.58,0.9075241043630744,14,0,0.0
c-fat500-1,500,120291,1,5,5,8,14,12.59,0.8954886933959579,14,0,0.0
c-fat500-1,500,120291,1,5,5,10,14,12.59,0.8954886933959579,14,0,0.0
c-fat500-1,500,120291,1,5,5,12,14,12.59,0.895488693395958,14,0,0.0
c-fat500-1,500,120291,1,5,5,15,14,12.59,0.895488693395958,14,0,0.0
c-fat500-1,500,120291,1,5,5,18,14,12.59,0.895488693395958,14,0,0.0
c-fat500-1,500,120291,1,5,5,20,14,12.61,0.9043782394551519,14,0,0.0
c-fat500-1,500,120291,1,5,5,25,14,12.61,0.9043782394551519,14,0,0.0
c-fat500-1,500,120291,1,5,5,30,14,12.59,0.895488693395958,14,0,0.0
c-fat500-1,500,120291,1,5,5,40,14,12.59,0.895488693395958,14,0,0.0
c-fat500-1,500,120291,1,5,5,50,14,12.59,0.895488693395958,14,0,0.0
c-fat500-1,500,120291,1,5,5,75,14,12.59,0.895488693395958,14,0,0.0
c-fat500-1,500,120291,1,5,5,100,14,12.57,0.8860586888011425,14,0,0.0
c-fat500-2,500,115611,1,1.0,1.0,3,25,23.01,1.34532523948672,26,1,0.038461538461538464
c-fat500-2,500,115611,1,1.0,1.0,4,26,23.89,1.2320308437697491,26,0,0.0
c-fat500-2,500,115611,1,1.0,1.0,5,26,24.29,1.1687172455303294,26,0,0.0
c-fat500-2,500,115611,1,1.0,1.0,6,26,24.59,1.087152243248387,26,0,0.0
c-fat500-2,500,115611,1,1.0,1.0,7,26,24.69,1.0458967444255671,26,0,0.0
c-fat500-2,500,115611,1,1.0,1.0,8,26,24.95,1.0136567466356647,26,0,0.0
c-fat500-2,500,115611,1,1.0,1.0,10,26,24.99,1.0246462804304712,26,0,0.0
c-fat500-2,500,115611,1,1.0,1.0,12,26,25.0,0.9899494936611666,26,0,0.0
c-fat500-2,500,115611,1,1.0,1.0,15,26,24.99,0.9746281342132495,26,0,0.0
c-fat500-2,500,115611,1,1.0,1.0,18,26,25.02,0.9693296652842108,26,0,0.0
c-fat500-2,500,115611,1,1.0,1.0,20,26,25.04,0.9687104830649866,26,0,0.0
c-fat500-2,500,115611,1,1.0,1.0,25,26,25.09,0.9705153270299239,26,0,0.0
c-fat500-2,500,115611,1,1.0,1.0,30,26,25.08,0.9765244492586962,26,0,0.0
c-fat500-2,500,115611,1,1.0,1.0,40,26,25.14,0.9697422337920526,26,0,0.0
c-fat500-2,500,115611,1,1.0,1.0,50,26,25.14,0.9593747964169165,26,0,0.0
c-fat500-2,500,115611,1,1.0,1.0,75,26,25.13,0.9659710140578753,26,0,0.0
c-fat500-2,500,115611,1,1.0,1.0,100,26,25.15,0.9630680142129109,26,0,0.0
c-fat500-2,500,115611,1,1.5,1.5,3,26,23.38,1.3840520221436765,26,0,0.0
c-fat500-2,500,115611,1,1.5,1.5,4,26,24.05,1.1779218989389748,26,0,0.0
c-fat500-2,500,115611,1,1.5,1.5,5,26,24.44,1.1603447763488233,26,0,0.0
c-fat500-2,500,115611,1,1.5,1.5,6,26,24.74,1.0258654882585727,26,0,0.0
c-fat500-2,500,115611,1,1.5,1.5,7,26,24.88,1.0225458424931373,26,0,0.0
c-fat500-2,500,115611,1,1.5,1.5,8,26,24.93,0.9721625378505387,26,0,0.0
c-fat500-2,500,115611,1,1.5,1.5,10,26,24.96,0.9991996797437436,26,0,0.0
c-fat500-2,500,115611,1,1.5,1.5,12,26,25.11,0.9475758544834288,26,0,0.0
c-fat500-2,500,115611,1,1.5,1.5,15,26,25.12,0.9620810776644555,26,0,0.0
c-fat500-2,500,115611,1,1.5,1.5,18,26,25.11,0.9684523736353794,26,0,0.0
c-fat500-2,500,115611,1,1.5,1.5,20,26,25.18,0.9526804291051642,26,0,0.0
c-fat500-2,500,115611,1,1.5,1.5,25,26,25.12,0.9620810776644555,26,0,0.0
c-fat500-2,500,115611,1,1.5,1.5,30,26,25.05,0.9630680142129113,26,0,0.0
c-fat500-2,500,115611,1,1.5,1.5,40,26,25.04,0.9583318840568751,26,0,0.0
c-fat500-2,500,115611,1,1.5,1.5,50,26,25.04,0.9583318840568751,26,0,0.0
c-fat500-2,500,115611,1,1.5,1.5,75,26,25.09,0.9496841580230768,26,0,0.0
c-fat500-2,500,115611,1,1.5,1.5,100,26,25.07,0.9513674369033239,26,0,0.0
c-fat500-2,500,115611,1,2,2,3,26,23.2,1.3928388277184118,26,0,0.0
c-fat500-2,500,115611,1,2,2,4,26,23.87,1.1802965729002182,26,0,0.0
c-fat500-2,500,115611,1,2,2,5,26,24.33,1.1406577050105786,26,0,0.0
c-fat500-2,500,115611,1,2,2,6,26,24.63,1.092291169972549,26,0,0.0
c-fat500-2,500,115611,1,2,2,7,26,24.87,0.986458311334037,26,0,0.0
c-fat500-2,500,115611,1,2,2,8,26,24.95,0.9526279441628827,26,0,0.0
c-fat500-2,500,115611,1,2,2,10,26,24.99,0.9643132271207316,26,0,0.0
c-fat500-2,500,115611,1,2,2,12,26,24.99,0.9848350115628505,26,0,0.0
c-fat500-2,500,115611,1,2,2,15,26,25.02,0.9589577675789482,26,0,0.0
c-fat500-2,500,115611,1,2,2,18,26,25.02,0.9589577675789482,26,0,0.0
c-fat500-2,500,115611,1,2,2,20,26,25.04,0.9583318840568751,26,0,0.0
c-fat500-2,500,115611,1,2,2,25,26,25.01,0.9538867857350787,26,0,0.0
c-fat500-2,500,115611,1,2,2,30,26,25.02,0.9589577675789481,26,0,0.0
c-fat500-2,500,115611,1,2,2,40,26,25.01,0.9538867857350787,26,0,0.0
c-fat500-2,500,115611,1,2,2,50,26,25.05,0.9526279441628825,26,0,0.0
c-fat500-2,500,115611,1,2,2,75,26,25.02,0.9589577675789481,26,0,0.0
c-fat500-2,500,115611,1,2,2,100,26,24.98,0.9589577675789481,26,0,0.0
c-fat500-2,500,115611,1,2.5,2.5,3,26,23.28,1.3570556362949897,26,0,0.0
c-fat500-2,500,115611,1,2.5,2.5,4,26,23.9,1.2288205727444508,26,0,0.0
c-fat500-2,500,115611,1,2.5,2.5,5,26,24.3,1.1090536506409416,26,0,0.0
c-fat500-2,500,115611,1,2.5,2.5,6,26,24.55,1.0712142642814275,26,0,0.0
c-fat500-2,500,115611,1,2.5,2.5,7,26,24.76,1.0594338110519221,26,0,0.0
c-fat500-2,500,115611,1,2.5,2.5,8,26,24.9,1.004987562112089,26,0,0.0
c-fat500-2,500,115611,1,2.5,2.5,10,26,25.0,0.9695359714832658,26,0,0.0
c-fat500-2,500,115611,1,2.5,2.5,12,26,25.01,0.9746281342132493,26,0,0.0
c-fat500-2,500,115611,1,2.5,2.5,15,26,25.05,0.9526279441628825,26,0,0.0
c-fat500-2,500,115611,1,2.5,2.5,18,26,25.02,0.9589577675789481,26,0,0.0
c-fat500-2,500,115611,1,2.5,2.5,20,26,25.0,0.9591663046625439,26,0,0.0
c-fat500-2,500,115611,1,2.5,2.5,25,26,25.0,0.9591663046625439,26,0,0.0
c-fat500-2,500,115611,1,2.5,2.5,30,26,25.0,0.9591663046625439,26,0,0.0
c-fat500-2,500,115611,1,2.5,2.5,40,26,25.0,0.9591663046625439,26,0,0.0
c-fat500-2,500,115611,1,2.5,2.5,50,26,25.0,0.9591663046625439,26,0,0.0
c-fat500-2,500,115611,1,2.5,2.5,75,26,25.04,0.9583318840568751,26,0,0.0
c-fat500-2,500,115611,1,2.5,2.5,100,26,25.0,0.9591663046625439,26,0,0.0
c-fat500-2,500,115611,1,3,3,3,26,23.12,1.380434714138992,26,0,0.0
c-fat500-2,500,115611,1,3,3,4,26,23.84,1.1551623262554922,26,0,0.0
c-fat500-2,500,115611,1,3,3,5,26,24.28,1.1838918869558992,26,0,0.0
c-fat500-2,500,115611,1,3,3,6,26,24.65,1.0428326807307107,26,0,0.0
c-fat500-2,500,115611,1,3,3,7,26,24.85,1.0712142642814273,26,0,0.0
c-fat500-2,500,115611,1,3,3,8,26,24.94,1.018037327409953,26,0,0.0
c-fat500-2,500,115611,1,3,3,10,26,24.93,0.9513674369033239,26,0,0.0
c-fat500-2,500,115611,1,3,3,12,26,25.01,0.9643132271207316,26,0,0.0
c-fat500-2,500,115611,1,3,3,15,26,25.02,0.9589577675789481,26,0,0.0
c-fat500-2,500,115611,1,3,3,18,26,25.02,0.9589577675789481,26,0,0.0
c-fat500-2,500,115611,1,3,3,20,26,25.02,0.9589577675789481,26,0,0.0
c-fat500-2,500,115611,1,3,3,25,26,25.02,0.9589577675789481,26,0,0.0
c-fat500-2,500,115611,1,3,3,30,26,25.0,0.9591663046625439,26,0,0.0
c-fat500-2,500,115611,1,3,3,40,26,25.0,0.9591663046625439,26,0,0.0
c-fat500-2,500,115611,1,3,3,50,26,25.0,0.9591663046625439,26,0,0.0
c-fat500-2,500,115611,1,3,3,75,26,25.02,0.9589577675789481,26,0,0.0
c-fat500-2,500,115611,1,3,3,100,26,25.02,0.9589577675789481,26,0,0.0
c-fat500-2,500,115611,1,3.5,3.5,3,26,23.1,1.3601470508735443,26,0,0.0
c-fat500-2,500,115611,1,3.5,3.5,4,26,23.91,1.1670047129296437,26,0,0.0
c-fat500-2,500,115611,1,3.5,3.5,5,26,24.36,1.144727041700335,26,0,0.0
c-fat500-2,500,115611,1,3.5,3.5,6,26,24.59,1.0591978096654089,26,0,0.0
c-fat500-2,500,115611,1,3.5,3.5,7,26,24.82,1.0805554127392076,26,0,0.0
c-fat500-2,500,115611,1,3.5,3.5,8,26,24.9,1.014889156509222,26,0,0.0
c-fat500-2,500,115611,1,3.5,3.5,10,26,24.95,0.9526279441628825,26,0,0.0
c-fat500-2,500,115611,1,3.5,3.5,12,26,25.01,0.9643132271207316,26,0,0.0
c-fat500-2,500,115611,1,3.5,3.5,15,26,25.02,0.9589577675789481,26,0,0.0
c-fat500-2,500,115611,1,3.5,3.5,18,26,25.02,0.9589577675789481,26,0,0.0
c-fat500-2,500,115611,1,3.5,3.5,20,26,25.02,0.9589577675789481,26,0,0.0
c-fat500-2,500,115611,1,3.5,3.5,25,26,25.02,0.9589577675789481,26,0,0.0
c-fat500-2,500,115611,1,3.5,3.5,30,26,25.0,0.9591663046625439,26,0,0.0
c-fat500-2,500,115611,1,3.5,3.5,40,26,25.02,0.9589577675789481,26,0,0.0
c-fat500-2,500,115611,1,3.5,3.5,50,26,25.02,0.9589577675789481,26,0,0.0
c-fat500-2,500,115611,1,3.5,3.5,75,26,25.04,0.9583318840568751,26,0,0.0
c-fat500-2,500,115611,1,3.5,3.5,100,26,25.02,0.9589577675789481,26,0,0.0
c-fat500-2,500,115611,1,4,4,3,26,23.26,1.3901079094804116,26,0,0.0
c-fat500-2,500,115611,1,4,4,4,26,23.98,1.1914696806885183,26,0,0.0
c-fat500-2,500,115611,1,4,4,5,26,24.32,1.1737120600896966,26,0,0.0
c-fat500-2,500,115611,1,4,4,6,26,24.63,1.0644716999526103,26,0,0.0
c-fat500-2,500,115611,1,4,4,7,26,24.85,1.0712142642814273,26,0,0.0
c-fat500-2,500,115611,1,4,4,8,26,24.9,1.014889156509222,26,0,0.0
c-fat500-2,500,115611,1,4,4,10,26,24.92,0.966229786334493,26,0,0.0
c-fat500-2,500,115611,1,4,4,12,26,24.98,0.9795917517006766,26,0,0.0
c-fat500-2,500,115611,1,4,4,15,26,25.02,0.9589577675789481,26,0,0.0
c-fat500-2,500,115611,1,4,4,18,26,25.02,0.9589577675789481,26,0,0.0
c-fat500-2,500,115611,1,4,4,20,26,25.04,0.9583318840568751,26,0,0.0
c-fat500-2,500,115611,1,4,4,25,26,25.04,0.9583318840568751,26,0,0.0
c-fat500-2,500,115611,1,4,4,30,26,25.02,0.9589577675789481,26,0,0.0
c-fat500-2,500,115611,1,4,4,40,26,25.02,0.9589577675789481,26,0,0.0
c-fat500-2,500,115611,1,4,4,50,26,25.02,0.9589577675789481,26,0,0.0
c-fat500-2,500,115611,1,4,4,75,26,25.04,0.9583318840568751,26,0,0.0
c-fat500-2,500,115611,1,4,4,100,26,25.02,0.9589577675789481,26,0,0.0
c-fat500-2,500,115611,1,4.5,4.5,3,26,23.26,1.460273946901745,26,0,0.0
c-fat500-2,500,115611,1,4.5,4.5,4,26,23.94,1.2068139873236472,26,0,0.0
c-fat500-2,500,115611,1,4.5,4.5,5,26,24.39,1.1823282116231515,26,0,0.0
c-fat500-2,500,115611,1,4.5,4.5,6,26,24.63,1.0644716999526103,26,0,0.0
c-fat500-2,500,115611,1,4.5,4.5,7,26,24.82,1.0805554127392076,26,0,0.0
c-fat500-2,500,115611,1,4.5,4.5,8,26,24.87,1.0262066068779716,26,0,0.0
c-fat500-2,500,115611,1,4.5,4.5,10,26,24.92,0.966229786334493,26,0,0.0
c-fat500-2,500,115611,1,4.5,4.5,12,26,25.0,0.9797958971132712,26,0,0.0
c-fat500-2,500,115611,1,4.5,4.5,15,26,25.04,0.9583318840568751,26,0,0.0
c-fat500-2,500,115611,1,4.5,4.5,18,26,25.04,0.9583318840568751,26,0,0.0
c-fat500-2,500,115611,1,4.5,4.5,20,26,25.04,0.9583318840568751,26,0,0.0
c-fat500-2,500,115611,1,4.5,4.5,25,26,25.04,0.9583318840568751,26,0,0.0
c-fat500-2,500,115611,1,4.5,4.5,30,26,25.02,0.9589577675789481,26,0,0.0
c-fat500-2,500,115611,1,4.5,4.5,40,26,25.02,0.9589577675789481,26,0,0.0
c-fat500-2,500,115611,1,4.5,4.5,50,26,25.02,0.9589577675789481,26,0,0.0
c-fat500-2,500,115611,1,4.5,4.5,75,26,25.04,0.9583318840568751,26,0,0.0
c-fat500-2,500,115611,1,4.5,4.5,100,26,25.02,0.9589577675789481,26,0,0.0
c-fat500-2,500,115611,1,5,5,3,26,23.2,1.4,26,0,0.0
c-fat500-2,500,115611,1,5,5,4,26,23.96,1.2158947322856533,26,0,0.0
c-fat500-2,500,115611,1,5,5,5,26,24.39,1.1823282116231515,26,0,0.0
c-fat500-2,500,115611,1,5,5,6,26,24.62,1.0842508934743842,26,0,0.0
c-fat500-2,500,115611,1,5,5,7,26,24.82,1.0805554127392076,26,0,0.0
c-fat500-2,500,115611,1,5,5,8,26,24.87,1.0262066068779716,26,0,0.0
c-fat500-2,500,115611,1,5,5,10,26,24.94,0.9676776322722357,26,0,0.0
c-fat500-2,500,115611,1,5,5,12,26,25.0,0.9797958971132712,26,0,0.0
c-fat500-2,500,115611,1,5,5,15,26,25.04,0.9583318840568751,26,0,0.0
c-fat500-2,500,115611,1,5,5,18,26,25.04,0.9583318840568751,26,0,0.0
c-fat500-2,500,115611,1,5,5,20,26,25.04,0.9583318840568751,26,0,0.0
c-fat500-2,500,115611,1,5,5,25,26,25.04,0.9583318840568751,26,0,0.0
c-fat500-2,500,115611,1,5,5,30,26,25.02,0.9589577675789481,26,0,0.0
c-fat500-2,500,115611,1,5,5,40,26,25.02,0.9589577675789481,26,0,0.0
c-fat500-2,500,115611,1,5,5,50,26,25.02,0.9589577675789481,26,0,0.0
c-fat500-2,500,115611,1,5,5,75,26,25.04,0.9583318840568751,26,0,0.0
c-fat500-2,500,115611,1,5,5,100,26,25.02,0.9589577675789481,26,0,0.0
c-fat500-5,500,101559,1,1.0,1.0,3,59,54.33,1.7553062410872922,64,5,0.078125
c-fat500-5,500,101559,1,1.0,1.0,4,61,56.73,1.6300613485387596,64,3,0.046875
c-fat500-5,500,101559,1,1.0,1.0,5,61,57.98,1.3782597723216041,64,3,0.046875
c-fat500-5,500,101559,1,1.0,1.0,6,62,59.07,1.1769027147559816,64,2,0.03125
c-fat500-5,500,101559,1,1.0,1.0,7,64,59.78,1.2773409881468611,64,0,0.0
c-fat500-5,500,101559,1,1.0,1.0,8,63,60.38,1.17285975291166,64,1,0.015625
c-fat500-5,500,101559,1,1.0,1.0,10,64,61.24,1.087382177525455,64,0,0.0
c-fat500-5,500,101559,1,1.0,1.0,12,64,61.52,1.0438390680559912,64,0,0.0
c-fat500-5,500,101559,1,1.0,1.0,15,64,61.94,0.9676776322722358,64,0,0.0
c-fat500-5,500,101559,1,1.0,1.0,18,64,62.15,0.8986100377805712,64,0,0.0
c-fat500-5,500,101559,1,1.0,1.0,20,64,62.19,0.8797158632194833,64,0,0.0
c-fat500-5,500,101559,1,1.0,1.0,25,64,62.37,0.7956758133813041,64,0,0.0
c-fat500-5,500,101559,1,1.0,1.0,30,64,62.4,0.7745966692414834,64,0,0.0
c-fat500-5,500,101559,1,1.0,1.0,40,64,62.42,0.7769169839822011,64,0,0.0
c-fat500-5,500,101559,1,1.0,1.0,50,64,62.43,0.7649182962905253,64,0,0.0
c-fat500-5,500,101559,1,1.0,1.0,75,64,62.45,0.7794228634059946,64,0,0.0
c-fat500-5,500,101559,1,1.0,1.0,100,64,62.45,0.7794228634059946,64,0,0.0
c-fat500-5,500,101559,1,1.5,1.5,3,59,54.65,1.7853571071357126,64,5,0.078125
c-fat500-5,500,101559,1,1.5,1.5,4,60,56.86,1.5557634781675522,64,4,0.0625
c-fat500-5,500,101559,1,1.5,1.5,5,61,58.16,1.5278743403827422,64,3,0.046875
c-fat500-5,500,101559,1,1.5,1.5,6,63,59.27,1.2716524682475159,64,1,0.015625
c-fat500-5,500,101559,1,1.5,1.5,7,64,60.1,1.2922847983320085,64,0,0.0
c-fat500-5,500,101559,1,1.5,1.5,8,64,60.56,1.2831211945876355,64,0,0.0
c-fat500-5,500,101559,1,1.5,1.5,10,64,61.21,1.1601293031382323,64,0,0.0
c-fat500-5,500,101559,1,1.5,1.5,12,64,61.62,1.0934349546269317,64,0,0.0
c-fat500-5,500,101559,1,1.5,1.5,15,64,61.97,0.9534673565466203,64,0,0.0
c-fat500-5,500,101559,1,1.5,1.5,18,64,62.2,0.9591663046625439,64,0,0.0
c-fat500-5,500,101559,1,1.5,1.5,20,64,62.33,0.9279547402756236,64,0,0.0
c-fat500-5,500,101559,1,1.5,1.5,25,64,62.52,0.8657944328765347,64,0,0.0
c-fat500-5,500,101559,1,1.5,1.5,30,64,62.54,0.8534635317340747,64,0,0.0
c-fat500-5,500,101559,1,1.5,1.5,40,64,62.54,0.8416650165000326,64,0,0.0
c-fat500-5,500,101559,1,1.5,1.5,50,64,62.54,0.8175573374387878,64,0,0.0
c-fat500-5,500,101559,1,1.5,1.5,75,64,62.56,0.7914543574963753,64,0,0.0
c-fat500-5,500,101559,1,1.5,1.5,100,64,62.53,0.7675285010994706,64,0,0.0
c-fat500-5,500,101559,1,2,2,3,59,54.56,1.9147845831842285,64,5,0.078125
c-fat500-5,500,101559,1,2,2,4,60,56.69,1.44703144402601,64,4,0.0625
c-fat500-5,500,101559,1,2,2,5,61,58.07,1.4983657764377827,64,3,0.046875
c-fat500-5,500,101559,1,2,2,6,62,59.31,1.2545517127643644,64,2,0.03125
c-fat500-5,500,101559,1,2,2,7,64,60.0,1.224744871391589,64,0,0.0
c-fat500-5,500,101559,1,2,2,8,63,60.51,1.1268983982595768,64,1,0.015625
c-fat500-5,500,101559,1,2,2,10,64,61.22,1.0543244282477762,64,0,0.0
c-fat500-5,500,101559,1,2,2,12,64,61.57,1.0512373661547614,64,0,0.0
c-fat500-5,500,101559,1,2,2,15,64,62.0,0.9486832980505138,64,0,0.0
c-fat500-5,500,101559,1,2,2,18,64,62.23,0.9680392554023829,64,0,0.0
c-fat500-5,500,101559,1,2,2,20,64,62.34,0.9404254356406998,64,0,0.0
c-fat500-5,500,101559,1,2,2,25,64,62.51,0.8659676668328903,64,0,0.0
c-fat500-5,500,101559,1,2,2,30,64,62.51,0.8184741901856158,64,0,0.0
c-fat500-5,500,101559,1,2,2,40,64,62.52,0.8059776671843955,64,0,0.0
c-fat500-5,500,101559,1,2,2,50,64,62.55,0.8046738469715539,64,0,0.0
c-fat500-5,500,101559,1,2,2,75,64,62.56,0.8163332652783424,64,0,0.0
c-fat500-5,500,101559,1,2,2,100,64,62.56,0.8163332652783424,64,0,0.0
c-fat500-5,500,101559,1,2.5,2.5,3,59,54.39,1.7140303381212365,64,5,0.078125
c-fat500-5,500,101559,1,2.5,2.5,4,60,56.72,1.5236797563792726,64,4,0.0625
c-fat500-5,500,101559,1,2.5,2.5,5,61,58.32,1.4958609561052123,64,3,0.046875
c-fat500-5,500,101559,1,2.5,2.5,6,63,59.41,1.3718236038208411,64,1,0.015625
c-fat500-5,500,101559,1,2.5,2.5,7,63,60.06,1.1901260437449472,64,1,0.015625
c-fat500-5,500,101559,1,2.5,2.5,8,64,60.58,1.1762652762026087,64,0,0.0
c-fat500-5,500,101559,1,2.5,2.5,10,64,61.18,1.116960160435456,64,0,0.0
c-fat500-5,500,101559,1,2.5,2.5,12,64,61.62,1.037111372997134,64,0,0.0
c-fat500-5,500,101559,1,2.5,2.5,15,64,62.0,0.9591663046625439,64,0,0.0
c-fat500-5,500,101559,1,2.5,2.5,18,64,62.26,0.9861034428496839,64,0,0.0
c-fat500-5,500,101559,1,2.5,2.5,20,64,62.36,0.9645724441429995,64,0,0.0
c-fat500-5,500,101559,1,2.5,2.5,25,64,62.52,0.854166260162505,64,0,0.0
c-fat500-5,500,101559,1,2.5,2.5,30,64,62.55,0.8291561975888497,64,0,0.0
c-fat500-5,500,101559,1,2.5,2.5,40,64,62.56,0.8163332652783424,64,0,0.0
c-fat500-5,500,101559,1,2.5,2.5,50,64,62.56,0.8163332652783424,64,0,0.0
c-fat500-5,500,101559,1,2.5,2.5,75,64,62.56,0.8163332652783424,64,0,0.0
c-fat500-5,500,101559,1,2.5,2.5,100,64,62.56,0.8163332652783424,64,0,0.0
c-fat500-5,500,101559,1,3,3,3,58,54.46,1.785609139761555,64,6,0.09375
c-fat500-5,500,101559,1,3,3,4,60,56.73,1.5482570845954493,64,4,0.0625
c-fat500-5,500,101559,1,3,3,5,63,58.28,1.6252999723128034,64,1,0.015625
c-fat500-5,500,101559,1,3,3,6,63,59.33,1.3860375175297384,64,1,0.015625
c-fat500-5,500,101559,1,3,3,7,63,60.03,1.2365678307314971,64,1,0.015625
c-fat500-5,500,101559,1,3,3,8,64,60.59,1.1924344845734716,64,0,0.0
c-fat500-5,500,101559,1,3,3,10,64,61.17,1.1050339361304702,64,0,0.0
c-fat500-5,500,101559,1,3,3,12,64,61.61,1.0382196299434914,64,0,0.0
c-fat500-5,500,101559,1,3,3,15,64,61.99,0.9538867857350787,64,0,0.0
c-fat500-5,500,101559,1,3,3,18,64,62.26,0.9861034428496839,64,0,0.0
c-fat500-5,500,101559,1,3,3,20,64,62.36,0.9645724441429995,64,0,0.0
c-fat500-5,500,101559,1,3,3,25,64,62.52,0.854166260162505,64,0,0.0
c-fat500-5,500,101559,1,3,3,30,64,62.55,0.8291561975888497,64,0,0.0
c-fat500-5,500,101559,1,3,3,40,64,62.56,0.8163332652783424,64,0,0.0
c-fat500-5,500,101559,1,3,3,50,64,62.56,0.8163332652783424,64,0,0.0
c-fat500-5,500,101559,1,3,3,75,64,62.56,0.8163332652783424,64,0,0.0
c-fat500-5,500,101559,1,3,3,100,64,62.56,0.8163332652783424,64,0,0.0
c-fat500-5,500,101559,1,3.5,3.5,3,59,54.67,1.760994037468611,64,5,0.078125
c-fat500-5,500,101559,1,3.5,3.5,4,60,56.72,1.5367498169838838,64,4,0.0625
c-fat500-5,500,101559,1,3.5,3.5,5,63,58.23,1.5675139552807815,64,1,0.015625
c-fat500-5,500,101559,1,3.5,3.5,6,63,59.36,1.3893883546366728,64,1,0.015625
c-fat500-5,500,101559,1,3.5,3.5,7,63,59.99,1.2449497981846496,64,1,0.015625
c-fat500-5,500,101559,1,3.5,3.5,8,64,60.53,1.1786008654332476,64,0,0.0
c-fat500-5,500,101559,1,3.5,3.5,10,64,61.15,1.1079259903080168,64,0,0.0
c-fat500-5,500,101559,1,3.5,3.5,12,64,61.61,1.0382196299434914,64,0,0.0
c-fat500-5,500,101559,1,3.5,3.5,15,64,61.99,0.9538867857350787,64,0,0.0
c-fat500-5,500,101559,1,3.5,3.5,18,64,62.26,0.9861034428496839,64,0,0.0
c-fat500-5,500,101559,1,3.5,3.5,20,64,62.36,0.9645724441429995,64,0,0.0
c-fat500-5,500,101559,1,3.5,3.5,25,64,62.52,0.854166260162505,64,0,0.0
c-fat500-5,500,101559,1,3.5,3.5,30,64,62.55,0.8291561975888497,64,0,0.0
c-fat500-5,500,101559,1,3.5,3.5,40,64,62.56,0.8163332652783424,64,0,0.0
c-fat500-5,500,101559,1,3.5,3.5,50,64,62.56,0.8163332652783424,64,0,0.0
c-fat500-5,500,101559,1,3.5,3.5,75,64,62.56,0.8163332652783424,64,0,0.0
c-fat500-5,500,101559,1,3.5,3.5,100,64,62.56,0.8163332652783424,64,0,0.0
c-fat500-5,500,101559,1,4,4,3,59,54.49,1.7860291151042302,64,5,0.078125
c-fat500-5,500,101559,1,4,4,4,60,56.75,1.5771810295587503,64,4,0.0625
c-fat500-5,500,101559,1,4,4,5,63,58.19,1.5664928981645592,64,1,0.015625
c-fat500-5,500,101559,1,4,4,6,63,59.35,1.3665650368716449,64,1,0.015625
c-fat500-5,500,101559,1,4,4,7,63,59.99,1.2449497981846496,64,1,0.015625
c-fat500-5,500,101559,1,4,4,8,64,60.53,1.1786008654332476,64,0,0.0
c-fat500-5,500,101559,1,4,4,10,64,61.15,1.1079259903080168,64,0,0.0
c-fat500-5,500,101559,1,4,4,12,64,61.61,1.0382196299434914,64,0,0.0
c-fat500-5,500,101559,1,4,4,15,64,61.99,0.9538867857350787,64,0,0.0
c-fat500-5,500,101559,1,4,4,18,64,62.26,0.9861034428496839,64,0,0.0
c-fat500-5,500,101559,1,4,4,20,64,62.36,0.9645724441429995,64,0,0.0
c-fat500-5,500,101559,1,4,4,25,64,62.52,0.854166260162505,64,0,0.0
c-fat500-5,500,101559,1,4,4,30,64,62.55,0.8291561975888497,64,0,0.0
c-fat500-5,500,101559,1,4,4,40,64,62.56,0.8163332652783424,64,0,0.0
c-fat500-5,500,101559,1,4,4,50,64,62.56,0.8163332652783424,64,0,0.0
c-fat500-5,500,101559,1,4,4,75,64,62.56,0.8163332652783424,64,0,0.0
c-fat500-5,500,101559,1,4,4,100,64,62.56,0.8163332652783424,64,0,0.0
c-fat500-5,500,101559,1,4.5,4.5,3,58,54.49,1.7058429001522972,64,6,0.09375
c-fat500-5,500,101559,1,4.5,4.5,4,60,56.73,1.5352849898308782,64,4,0.0625
c-fat500-5,500,101559,1,4.5,4.5,5,63,58.19,1.5600961508830153,64,1,0.015625
c-fat500-5,500,101559,1,4.5,4.5,6,63,59.35,1.3665650368716449,64,1,0.015625
c-fat500-5,500,101559,1,4.5,4.5,7,63,59.99,1.2449497981846496,64,1,0.015625
c-fat500-5,500,101559,1,4.5,4.5,8,64,60.53,1.1786008654332476,64,0,0.0
c-fat500-5,500,101559,1,4.5,4.5,10,64,61.15,1.1079259903080168,64,0,0.0
c-fat500-5,500,101559,1,4.5,4.5,12,64,61.61,1.0382196299434914,64,0,0.0
c-fat500-5,500,101559,1,4.5,4.5,15,64,61.99,0.9538867857350787,64,0,0.0
c-fat500-5,500,101559,1,4.5,4.5,18,64,62.26,0.9861034428496839,64,0,0.0
c-fat500-5,500,101559,1,4.5,4.5,20,64,62.36,0.9645724441429995,64,0,0.0
c-fat500-5,500,101559,1,4.5,4.5,25,64,62.52,0.854166260162505,64,0,0.0
c-fat500-5,500,101559,1,4.5,4.5,30,64,62.55,0.8291561975888497,64,0,0.0
c-fat500-5,500,101559,1,4.5,4.5,40,64,62.56,0.8163332652783424,64,0,0.0
c-fat500-5,500,101559,1,4.5,4.5,50,64,62.56,0.8163332652783424,64,0,0.0
c-fat500-5,500,101559,1,4.5,4.5,75,64,62.56,0.8163332652783424,64,0,0.0
c-fat500-5,500,101559,1,4.5,4.5,100,64,62.56,0.8163332652783424,64,0,0.0
c-fat500-5,500,101559,1,5,5,3,58,54.47,1.7404309811078402,64,6,0.09375
c-fat500-5,500,101559,1,5,5,4,60,56.74,1.5272196960489999,64,4,0.0625
c-fat500-5,500,101559,1,5,5,5,63,58.19,1.5600961508830153,64,1,0.015625
c-fat500-5,500,101559,1,5,5,6,63,59.35,1.3665650368716449,64,1,0.015625
c-fat500-5,500,101559,1,5,5,7,63,59.99,1.2449497981846496,64,1,0.015625
c-fat500-5,500,101559,1,5,5,8,64,60.53,1.1786008654332476,64,0,0.0
c-fat500-5,500,101559,1,5,5,10,64,61.15,1.1079259903080168,64,0,0.0
c-fat500-5,500,101559,1,5,5,12,64,61.61,1.0382196299434914,64,0,0.0
c-fat500-5,500,101559,1,5,5,15,64,61.99,0.9538867857350787,64,0,0.0
c-fat500-5,500,101559,1,5,5,18,64,62.26,0.9861034428496839,64,0,0.0
c-fat500-5,500,101559,1,5,5,20,64,62.36,0.9645724441429995,64,0,0.0
c-fat500-5,500,101559,1,5,5,25,64,62.52,0.854166260162505,64,0,0.0
c-fat500-5,500,101559,1,5,5,30,64,62.55,0.8291561975888497,64,0,0.0
c-fat500-5,500,101559,1,5,5,40,64,62.56,0.8163332652783424,64,0,0.0
c-fat500-5,500,101559,1,5,5,50,64,62.56,0.8163332652783424,64,0,0.0
c-fat500-5,500,101559,1,5,5,75,64,62.56,0.8163332652783424,64,0,0.0
c-fat500-5,500,101559,1,5,5,100,64,62.56,0.8163332652783424,64,0,0.0
evil-N120-p98-chv12x10,120,545,1,1.0,1.0,3,12,5.71,2.627907913150687,20,8,0.4
evil-N120-p98-chv12x10,120,545,1,1.0,1.0,4,13,5.77,2.682741135480648,20,7,0.35
evil-N120-p98-chv12x10,120,545,1,1.0,1.0,5,16,5.8,2.874021572639983,20,4,0.2
evil-N120-p98-chv12x10,120,545,1,1.0,1.0,6,16,5.87,2.9686865782699257,20,4,0.2
evil-N120-p98-chv12x10,120,545,1,1.0,1.0,7,17,5.95,3.0244834269673224,20,3,0.15
evil-N120-p98-chv12x10,120,545,1,1.0,1.0,8,16,5.95,2.9576172842340505,20,4,0.2
evil-N120-p98-chv12x10,120,545,1,1.0,1.0,10,16,6.03,2.9713801507043827,20,4,0.2
evil-N120-p98-chv12x10,120,545,1,1.0,1.0,12,19,6.19,3.264031249850405,20,1,0.05
evil-N120-p98-chv12x10,120,545,1,1.0,1.0,15,19,6.23,3.295011380860467,20,1,0.05
evil-N120-p98-chv12x10,120,545,1,1.0,1.0,18,17,6.12,3.0766215236847057,20,3,0.15
evil-N120-p98-chv12x10,120,545,1,1.0,1.0,20,17,6.14,3.085514543799786,20,3,0.15
evil-N120-p98-chv12x10,120,545,1,1.0,1.0,25,17,6.16,3.084542105402356,20,3,0.15
evil-N120-p98-chv12x10,120,545,1,1.0,1.0,30,17,6.15,3.112474899497183,20,3,0.15
evil-N120-p98-chv12x10,120,545,1,1.0,1.0,40,20,6.32,3.449289781969616,20,0,0.0
evil-N120-p98-chv12x10,120,545,1,1.0,1.0,50,18,6.19,3.1644746799429444,20,2,0.1
evil-N120-p98-chv12x10,120,545,1,1.0,1.0,75,18,6.21,3.163210394520099,20,2,0.1
evil-N120-p98-chv12x10,120,545,1,1.0,1.0,100,18,6.26,3.2144050771488026,20,2,0.1
evil-N120-p98-chv12x10,120,545,1,1.5,1.5,3,20,6.96,3.654914499683952,20,0,0.0
evil-N120-p98-chv12x10,120,545,1,1.5,1.5,4,20,8.0,4.496665431183423,20,0,0.0
evil-N120-p98-chv12x10,120,545,1,1.5,1.5,5,20,10.34,6.007029215843719,20,0,0.0
evil-N120-p98-chv12x10,120,545,1,1.5,1.5,6,20,13.27,6.36530439177892,20,0,0.0
evil-N120-p98-chv12x10,120,545,1,1.5,1.5,7,20,16.64,5.343257433438894,20,0,0.0
evil-N120-p98-chv12x10,120,545,1,1.5,1.5,8,20,17.48,4.744428311187765,20,0,0.0
evil-N120-p98-chv12x10,120,545,1,1.5,1.5,10,20,18.9,3.248076353782343,20,0,0.0
evil-N120-p98-chv12x10,120,545,1,1.5,1.5,12,20,19.84,1.5919798993705918,20,0,0.0
evil-N120-p98-chv12x10,120,545,1,1.5,1.5,15,20,19.99,0.09949874371066196,20,0,0.0
evil-N120-p98-chv12x10,120,545,1,1.5,1.5,18,20,20.0,0.0,20,0,0.0
evil-N120-p98-chv12x10,120,545,1,1.5,1.5,20,20,20.0,0.0,20,0,0.0
evil-N120-p98-chv12x10,120,545,1,1.5,1.5,25,20,20.0,0.0,20,0,0.0
evil-N120-p98-chv12x10,120,545,1,1.5,1.5,30,20,20.0,0.0,20,0,0.0
evil-N120-p98-chv12x10,120,545,1,1.5,1.5,40,20,20.0,0.0,20,0,0.0
evil-N120-p98-chv12x10,120,545,1,1.5,1.5,50,20,20.0,0.0,20,0,0.0
evil-N120-p98-chv12x10,120,545,1,1.5,1.5,75,20,20.0,0.0,20,0,0.0
evil-N120-p98-chv12x10,120,545,1,1.5,1.5,100,20,20.0,0.0,20,0,0.0
evil-N120-p98-chv12x10,120,545,1,2,2,3,20,14.75,5.752173502251127,20,0,0.0
evil-N120-p98-chv12x10,120,545,1,2,2,4,20,19.63,1.055035544424926,20,0,0.0
evil-N120-p98-chv12x10,120,545,1,2,2,5,20,19.97,0.17058722109231983,20,0,0.0
evil-N120-p98-chv12x10,120,545,1,2,2,6,20,20.0,0.0,20,0,0.0
evil-N120-p98-chv12x10,120,545,1,2,2,7,20,20.0,0.0,20,0,0.0
evil-N120-p98-chv12x10,120,545,1,2,2,8,20,20.0,0.0,20,0,0.0
evil-N120-p98-chv12x10,120,545,1,2,2,10,20,20.0,0.0,20,0,0.0
evil-N120-p98-chv12x10,120,545,1,2,2,12,20,20.0,0.0,20,0,0.0
evil-N120-p98-chv12x10,120,545,1,2,2,15,20,20.0,0.0,20,0,0.0
evil-N120-p98-chv12x10,120,545,1,2,2,18,20,20.0,0.0,20,0,0.0
evil-N120-p98-chv12x10,120,545,1,2,2,20,20,20.0,0.0,20,0,0.0
evil-N120-p98-chv12x10,120,545,1,2,2,25,20,20.0,0.0,20,0,0.0
evil-N120-p98-chv12x10,120,545,1,2,2,30,20,20.0,0.0,20,0,0.0
evil-N120-p98-chv12x10,120,545,1,2,2,40,20,20.0,0.0,20,0,0.0
evil-N120-p98-chv12x10,120,545,1,2,2,50,20,20.0,0.0,20,0,0.0
evil-N120-p98-chv12x10,120,545,1,2,2,75,20,20.0,0.0,20,0,0.0
evil-N120-p98-chv12x10,120,545,1,2,2,100,20,20.0,0.0,20,0,0.0
evil-N120-p98-chv12x10,120,545,1,2.5,2.5,3,20,19.76,0.44988887516807974,20,0,0.0
evil-N120-p98-chv12x10,120,545,1,2.5,2.5,4,20,20.0,0.0,20,0,0.0
evil-N120-p98-chv12x10,120,545,1,2.5,2.5,5,20,20.0,0.0,20,0,0.0
evil-N120-p98-chv12x10,120,545,1,2.5,2.5,6,20,20.0,0.0,20,0,0.0
evil-N120-p98-chv12x10,120,545,1,2.5,2.5,7,20,20.0,0.0,20,0,0.0
evil-N120-p98-chv12x10,120,545,1,2.5,2.5,8,20,20.0,0.0,20,0,0.0
evil-N120-p98-chv12x10,120,545,1,2.5,2.5,10,20,20.0,0.0,20,0,0.0
evil-N120-p98-chv12x10,120,545,1,2.5,2.5,12,20,20.0,0.0,20,0,0.0
evil-N120-p98-chv12x10,120,545,1,2.5,2.5,15,20,20.0,0.0,20,0,0.0
evil-N120-p98-chv12x10,120,545,1,2.5,2.5,18,20,20.0,0.0,20,0,0.0
evil-N120-p98-chv12x10,120,545,1,2.5,2.5,20,20,20.0,0.0,20,0,0.0
evil-N120-p98-chv12x10,120,545,1,2.5,2.5,25,20,20.0,0.0,20,0,0.0
evil-N120-p98-chv12x10,120,545,1,2.5,2.5,30,20,20.0,0.0,20,0,0.0
evil-N120-p98-chv12x10,120,545,1,2.5,2.5,40,20,20.0,0.0,20,0,0.0
evil-N120-p98-chv12x10,120,545,1,2.5,2.5,50,20,20.0,0.0,20,0,0.0
evil-N120-p98-chv12x10,120,545,1,2.5,2.5,75,20,20.0,0.0,20,0,0.0
evil-N120-p98-chv12x10,120,545,1,2.5,2.5,100,20,20.0,0.0,20,0,0.0
evil-N120-p98-chv12x10,120,545,1,3,3,3,20,20.0,0.0,20,0,0.0
evil-N120-p98-chv12x10,120,545,1,3,3,4,20,20.0,0.0,20,0,0.0
evil-N120-p98-chv12x10,120,545,1,3,3,5,20,20.0,0.0,20,0,0.0
evil-N120-p98-chv12x10,120,545,1,3,3,6,20,20.0,0.0,20,0,0.0
evil-N120-p98-chv12x10,120,545,1,3,3,7,20,20.0,0.0,20,0,0.0
evil-N120-p98-chv12x10,120,545,1,3,3,8,20,20.0,0.0,20,0,0.0
evil-N120-p98-chv12x10,120,545,1,3,3,10,20,20.0,0.0,20,0,0.0
evil-N120-p98-chv12x10,120,545,1,3,3,12,20,20.0,0.0,20,0,0.0
evil-N120-p98-chv12x10,120,545,1,3,3,15,20,20.0,0.0,20,0,0.0
evil-N120-p98-chv12x10,120,545,1,3,3,18,20,20.0,0.0,20,0,0.0
evil-N120-p98-chv12x10,120,545,1,3,3,20,20,20.0,0.0,20,0,0.0
evil-N120-p98-chv12x10,120,545,1,3,3,25,20,20.0,0.0,20,0,0.0
evil-N120-p98-chv12x10,120,545,1,3,3,30,20,20.0,0.0,20,0,0.0
evil-N120-p98-chv12x10,120,545,1,3,3,40,20,20.0,0.0,20,0,0.0
evil-N120-p98-chv12x10,120,545,1,3,3,50,20,20.0,0.0,20,0,0.0
evil-N120-p98-chv12x10,120,545,1,3,3,75,20,20.0,0.0,20,0,0.0
evil-N120-p98-chv12x10,120,545,1,3,3,100,20,20.0,0.0,20,0,0.0
evil-N120-p98-chv12x10,120,545,1,3.5,3.5,3,20,20.0,0.0,20,0,0.0
evil-N120-p98-chv12x10,120,545,1,3.5,3.5,4,20,20.0,0.0,20,0,0.0
evil-N120-p98-chv12x10,120,545,1,3.5,3.5,5,20,20.0,0.0,20,0,0.0
evil-N120-p98-chv12x10,120,545,1,3.5,3.5,6,20,20.0,0.0,20,0,0.0
evil-N120-p98-chv12x10,120,545,1,3.5,3.5,7,20,20.0,0.0,20,0,0.0
evil-N120-p98-chv12x10,120,545,1,3.5,3.5,8,20,20.0,0.0,20,0,0.0
evil-N120-p98-chv12x10,120,545,1,3.5,3.5,10,20,20.0,0.0,20,0,0.0
evil-N120-p98-chv12x10,120,545,1,3.5,3.5,12,20,20.0,0.0,20,0,0.0
evil-N120-p98-chv12x10,120,545,1,3.5,3.5,15,20,20.0,0.0,20,0,0.0
evil-N120-p98-chv12x10,120,545,1,3.5,3.5,18,20,20.0,0.0,20,0,0.0
evil-N120-p98-chv12x10,120,545,1,3.5,3.5,20,20,20.0,0.0,20,0,0.0
evil-N120-p98-chv12x10,120,545,1,3.5,3.5,25,20,20.0,0.0,20,0,0.0
evil-N120-p98-chv12x10,120,545,1,3.5,3.5,30,20,20.0,0.0,20,0,0.0
evil-N120-p98-chv12x10,120,545,1,3.5,3.5,40,20,20.0,0.0,20,0,0.0
evil-N120-p98-chv12x10,120,545,1,3.5,3.5,50,20,20.0,0.0,20,0,0.0
evil-N120-p98-chv12x10,120,545,1,3.5,3.5,75,20,20.0,0.0,20,0,0.0
evil-N120-p98-chv12x10,120,545,1,3.5,3.5,100,20,20.0,0.0,20,0,0.0
evil-N120-p98-chv12x10,120,545,1,4,4,3,20,20.0,0.0,20,0,0.0
evil-N120-p98-chv12x10,120,545,1,4,4,4,20,20.0,0.0,20,0,0.0
evil-N120-p98-chv12x10,120,545,1,4,4,5,20,20.0,0.0,20,0,0.0
evil-N120-p98-chv12x10,120,545,1,4,4,6,20,20.0,0.0,20,0,0.0
evil-N120-p98-chv12x10,120,545,1,4,4,7,20,20.0,0.0,20,0,0.0
evil-N120-p98-chv12x10,120,545,1,4,4,8,20,20.0,0.0,20,0,0.0
evil-N120-p98-chv12x10,120,545,1,4,4,10,20,20.0,0.0,20,0,0.0
evil-N120-p98-chv12x10,120,545,1,4,4,12,20,20.0,0.0,20,0,0.0
evil-N120-p98-chv12x10,120,545,1,4,4,15,20,20.0,0.0,20,0,0.0
evil-N120-p98-chv12x10,120,545,1,4,4,18,20,20.0,0.0,20,0,0.0
evil-N120-p98-chv12x10,120,545,1,4,4,20,20,20.0,0.0,20,0,0.0
evil-N120-p98-chv12x10,120,545,1,4,4,25,20,20.0,0.0,20,0,0.0
evil-N120-p98-chv12x10,120,545,1,4,4,30,20,20.0,0.0,20,0,0.0
evil-N120-p98-chv12x10,120,545,1,4,4,40,20,20.0,0.0,20,0,0.0
evil-N120-p98-chv12x10,120,545,1,4,4,50,20,20.0,0.0,20,0,0.0
evil-N120-p98-chv12x10,120,545,1,4,4,75,20,20.0,0.0,20,0,0.0
evil-N120-p98-chv12x10,120,545,1,4,4,100,20,20.0,0.0,20,0,0.0
evil-N120-p98-chv12x10,120,545,1,4.5,4.5,3,20,20.0,0.0,20,0,0.0
evil-N120-p98-chv12x10,120,545,1,4.5,4.5,4,20,20.0,0.0,20,0,0.0
evil-N120-p98-chv12x10,120,545,1,4.5,4.5,5,20,20.0,0.0,20,0,0.0
evil-N120-p98-chv12x10,120,545,1,4.5,4.5,6,20,20.0,0.0,20,0,0.0
evil-N120-p98-chv12x10,120,545,1,4.5,4.5,7,20,20.0,0.0,20,0,0.0
evil-N120-p98-chv12x10,120,545,1,4.5,4.5,8,20,20.0,0.0,20,0,0.0
evil-N120-p98-chv12x10,120,545,1,4.5,4.5,10,20,20.0,0.0,20,0,0.0
evil-N120-p98-chv12x10,120,545,1,4.5,4.5,12,20,20.0,0.0,20,0,0.0
evil-N120-p98-chv12x10,120,545,1,4.5,4.5,15,20,20.0,0.0,20,0,0.0
evil-N120-p98-chv12x10,120,545,1,4.5,4.5,18,20,20.0,0.0,20,0,0.0
evil-N120-p98-chv12x10,120,545,1,4.5,4.5,20,20,20.0,0.0,20,0,0.0
evil-N120-p98-chv12x10,120,545,1,4.5,4.5,25,20,20.0,0.0,20,0,0.0
evil-N120-p98-chv12x10,120,545,1,4.5,4.5,30,20,20.0,0.0,20,0,0.0
evil-N120-p98-chv12x10,120,545,1,4.5,4.5,40,20,20.0,0.0,20,0,0.0
evil-N120-p98-chv12x10,120,545,1,4.5,4.5,50,20,20.0,0.0,20,0,0.0
evil-N120-p98-chv12x10,120,545,1,4.5,4.5,75,20,20.0,0.0,20,0,0.0
evil-N120-p98-chv12x10,120,545,1,4.5,4.5,100,20,20.0,0.0,20,0,0.0
evil-N120-p98-chv12x10,120,545,1,5,5,3,20,20.0,0.0,20,0,0.0
evil-N120-p98-chv12x10,120,545,1,5,5,4,20,20.0,0.0,20,0,0.0
evil-N120-p98-chv12x10,120,545,1,5,5,5,20,20.0,0.0,20,0,0.0
evil-N120-p98-chv12x10,120,545,1,5,5,6,20,20.0,0.0,20,0,0.0
evil-N120-p98-chv12x10,120,545,1,5,5,7,20,20.0,0.0,20,0,0.0
evil-N120-p98-chv12x10,120,545,1,5,5,8,20,20.0,0.0,20,0,0.0
evil-N120-p98-chv12x10,120,545,1,5,5,10,20,20.0,0.0,20,0,0.0
evil-N120-p98-chv12x10,120,545,1,5,5,12,20,20.0,0.0,20,0,0.0
evil-N120-p98-chv12x10,120,545,1,5,5,15,20,20.0,0.0,20,0,0.0
evil-N120-p98-chv12x10,120,545,1,5,5,18,20,20.0,0.0,20,0,0.0
evil-N120-p98-chv12x10,120,545,1,5,5,20,20,20.0,0.0,20,0,0.0
evil-N120-p98-chv12x10,120,545,1,5,5,25,20,20.0,0.0,20,0,0.0
evil-N120-p98-chv12x10,120,545,1,5,5,30,20,20.0,0.0,20,0,0.0
evil-N120-p98-chv12x10,120,545,1,5,5,40,20,20.0,0.0,20,0,0.0
evil-N120-p98-chv12x10,120,545,1,5,5,50,20,20.0,0.0,20,0,0.0
evil-N120-p98-chv12x10,120,545,1,5,5,75,20,20.0,0.0,20,0,0.0
evil-N120-p98-chv12x10,120,545,1,5,5,100,20,20.0,0.0,20,0,0.0
evil-N120-p98-myc5x24,120,236,1,1.0,1.0,3,19,8.19,3.7568470823284783,48,29,0.6041666666666666
evil-N120-p98-myc5x24,120,236,1,1.0,1.0,4,19,8.47,3.9254426501988284,48,29,0.6041666666666666
evil-N120-p98-myc5x24,120,236,1,1.0,1.0,5,19,8.74,3.9789948479484107,48,29,0.6041666666666666
evil-N120-p98-myc5x24,120,236,1,1.0,1.0,6,19,8.93,4.00812923943328,48,29,0.6041666666666666
evil-N120-p98-myc5x24,120,236,1,1.0,1.0,7,40,9.33,5.165375107385716,48,8,0.16666666666666666
evil-N120-p98-myc5x24,120,236,1,1.0,1.0,8,44,9.58,5.493960320206181,48,4,0.08333333333333333
evil-N120-p98-myc5x24,120,236,1,1.0,1.0,10,42,9.8,5.4845236803208355,48,6,0.125
evil-N120-p98-myc5x24,120,236,1,1.0,1.0,12,44,10.1,6.44903093495449,48,4,0.08333333333333333
evil-N120-p98-myc5x24,120,236,1,1.0,1.0,15,45,10.52,7.261514993443172,48,3,0.0625
evil-N120-p98-myc5x24,120,236,1,1.0,1.0,18,45,10.43,7.301034173320927,48,3,0.0625
evil-N120-p98-myc5x24,120,236,1,1.0,1.0,20,47,11.59,9.388391768561856,48,1,0.020833333333333332
evil-N120-p98-myc5x24,120,236,1,1.0,1.0,25,47,11.91,10.097618531119107,48,1,0.020833333333333332
evil-N120-p98-myc5x24,120,236,1,1.0,1.0,30,48,13.59,12.207452641726691,48,0,0.0
evil-N120-p98-myc5x24,120,236,1,1.0,1.0,40,48,16.05,14.306903927824496,48,0,0.0
evil-N120-p98-myc5x24,120,236,1,1.0,1.0,50,48,17.61,15.991181945059598,48,0,0.0
evil-N120-p98-myc5x24,120,236,1,1.0,1.0,75,48,23.12,18.346814437389398,48,0,0.0
evil-N120-p98-myc5x24,120,236,1,1.0,1.0,100,48,24.14,18.468362136367155,48,0,0.0
evil-N120-p98-myc5x24,120,236,1,1.5,1.5,3,39,11.22,7.603393979007007,48,9,0.1875
evil-N120-p98-myc5x24,120,236,1,1.5,1.5,4,44,20.53,13.95382026543269,48,4,0.08333333333333333
evil-N120-p98-myc5x24,120,236,1,1.5,1.5,5,45,31.06,14.232231026792672,48,3,0.0625
evil-N120-p98-myc5x24,120,236,1,1.5,1.5,6,45,39.8,7.877816956492451,48,3,0.0625
evil-N120-p98-myc5x24,120,236,1,1.5,1.5,7,47,43.14,1.6734395716607158,48,1,0.020833333333333332
evil-N120-p98-myc5x24,120,236,1,1.5,1.5,8,47,44.11,1.4345382532369084,48,1,0.020833333333333332
evil-N120-p98-myc5x24,120,236,1,1.5,1.5,10,48,45.19,1.2860404348231045,48,0,0.0
evil-N120-p98-myc5x24,120,236,1,1.5,1.5,12,48,46.01,1.0723339032223125,48,0,0.0
evil-N120-p98-myc5x24,120,236,1,1.5,1.5,15,48,46.49,0.9643132271207315,48,0,0.0
evil-N120-p98-myc5x24,120,236,1,1.5,1.5,18,48,46.82,0.8529947244854449,48,0,0.0
evil-N120-p98-myc5x24,120,236,1,1.5,1.5,20,48,46.96,0.7605261336732617,48,0,0.0
evil-N120-p98-myc5x24,120,236,1,1.5,1.5,25,48,47.13,0.6878226515607057,48,0,0.0
evil-N120-p98-myc5x24,120,236,1,1.5,1.5,30,48,47.22,0.6867313885355758,48,0,0.0
evil-N120-p98-myc5x24,120,236,1,1.5,1.5,40,48,47.3,0.6855654600401043,48,0,0.0
evil-N120-p98-myc5x24,120,236,1,1.5,1.5,50,48,47.27,0.7050531894828929,48,0,0.0
evil-N120-p98-myc5x24,120,236,1,1.5,1.5,75,48,47.16,0.7172168430816442,48,0,0.0
evil-N120-p98-myc5x24,120,236,1,1.5,1.5,100,48,47.08,0.7704544113703289,48,0,0.0
evil-N120-p98-myc5x24,120,236,1,2,2,3,44,36.7,6.949100661236675,48,4,0.08333333333333333
evil-N120-p98-myc5x24,120,236,1,2,2,4,46,42.05,1.2196310917650468,48,2,0.041666666666666664
evil-N120-p98-myc5x24,120,236,1,2,2,5,48,43.75,1.1346805717910218,48,0,0.0
evil-N120-p98-myc5x24,120,236,1,2,2,6,47,44.67,1.039759587597056,48,1,0.020833333333333332
evil-N120-p98-myc5x24,120,236,1,2,2,7,47,45.34,1.0121264743103997,48,1,0.020833333333333332
evil-N120-p98-myc5x24,120,236,1,2,2,8,48,45.81,0.8682741502544,48,0,0.0
evil-N120-p98-myc5x24,120,236,1,2,2,10,48,46.26,0.7952358140828416,48,0,0.0
evil-N120-p98-myc5x24,120,236,1,2,2,12,48,46.53,0.8056674251823762,48,0,0.0
evil-N120-p98-myc5x24,120,236,1,2,2,15,48,46.67,0.7753063910480811,48,0,0.0
evil-N120-p98-myc5x24,120,236,1,2,2,18,48,46.95,0.804673846971554,48,0,0.0
evil-N120-p98-myc5x24,120,236,1,2,2,20,48,46.78,0.8316249154516716,48,0,0.0
evil-N120-p98-myc5x24,120,236,1,2,2,25,48,46.8,0.7999999999999999,48,0,0.0
evil-N120-p98-myc5x24,120,236,1,2,2,30,48,46.54,0.7539230729988305,48,0,0.0
evil-N120-p98-myc5x24,120,236,1,2,2,40,48,46.34,0.9297311439335567,48,0,0.0
evil-N120-p98-myc5x24,120,236,1,2,2,50,48,46.11,1.0089103032480142,48,0,0.0
evil-N120-p98-myc5x24,120,236,1,2,2,75,48,45.76,1.049952379872535,48,0,0.0
evil-N120-p98-myc5x24,120,236,1,2,2,100,48,45.26,1.2051555916146264,48,0,0.0
evil-N120-p98-myc5x24,120,236,1,2.5,2.5,3,44,41.2,1.3416407864998738,48,4,0.08333333333333333
evil-N120-p98-myc5x24,120,236,1,2.5,2.5,4,47,43.62,1.1382442620105757,48,1,0.020833333333333332
evil-N120-p98-myc5x24,120,236,1,2.5,2.5,5,47,44.69,0.8449260322655472,48,1,0.020833333333333332
evil-N120-p98-myc5x24,120,236,1,2.5,2.5,6,47,45.31,1.0168087332433768,48,1,0.020833333333333332
evil-N120-p98-myc5x24,120,236,1,2.5,2.5,7,48,45.88,0.9086253353280438,48,0,0.0
evil-N120-p98-myc5x24,120,236,1,2.5,2.5,8,48,46.1,0.9643650760992956,48,0,0.0
evil-N120-p98-myc5x24,120,236,1,2.5,2.5,10,48,46.37,0.8562125904236634,48,0,0.0
evil-N120-p98-myc5x24,120,236,1,2.5,2.5,12,48,46.65,0.931396800509858,48,0,0.0
evil-N120-p98-myc5x24,120,236,1,2.5,2.5,15,48,46.44,0.8867919710958148,48,0,0.0
evil-N120-p98-myc5x24,120,236,1,2.5,2.5,18,48,46.35,0.82915619758885,48,0,0.0
evil-N120-p98-myc5x24,120,236,1,2.5,2.5,20,48,46.17,1.0203430795570674,48,0,0.0
evil-N120-p98-myc5x24,120,236,1,2.5,2.5,25,48,46.05,1.0331989159885913,48,0,0.0
evil-N120-p98-myc5x24,120,236,1,2.5,2.5,30,48,45.7,1.1958260743101399,48,0,0.0
evil-N120-p98-myc5x24,120,236,1,2.5,2.5,40,48,45.52,1.260793400997959,48,0,0.0
evil-N120-p98-myc5x24,120,236,1,2.5,2.5,50,48,45.15,1.4026760139105539,48,0,0.0
evil-N120-p98-myc5x24,120,236,1,2.5,2.5,75,47,44.7,1.452583904633395,48,1,0.020833333333333332
evil-N120-p98-myc5x24,120,236,1,2.5,2.5,100,47,44.27,1.495693818934878,48,1,0.020833333333333332
evil-N120-p98-myc5x24,120,236,1,3,3,3,46,42.3,1.014889156509222,48,2,0.041666666666666664
evil-N120-p98-myc5x24,120,236,1,3,3,4,46,44.09,0.8135723692456621,48,2,0.041666666666666664
evil-N120-p98-myc5x24,120,236,1,3,3,5,47,45.03,0.9429209935090002,48,1,0.020833333333333332
evil-N120-p98-myc5x24,120,236,1,3,3,6,48,45.73,0.8701149349367588,48,0,0.0
evil-N120-p98-myc5x24,120,236,1,3,3,7,48,45.99,0.8184741901856161,48,0,0.0
evil-N120-p98-myc5x24,120,236,1,3,3,8,48,46.07,0.7778817390837762,48,0,0.0
evil-N120-p98-myc5x24,120,236,1,3,3,10,48,46.21,0.7522632517942106,48,0,0.0
evil-N120-p98-myc5x24,120,236,1,3,3,12,48,46.44,0.8163332652783423,48,0,0.0
evil-N120-p98-myc5x24,120,236,1,3,3,15,48,46.24,0.8616263691415207,48,0,0.0
evil-N120-p98-myc5x24,120,236,1,3,3,18,48,46.3,0.9110433579144299,48,0,0.0
evil-N120-p98-myc5x24,120,236,1,3,3,20,48,46.04,0.9991996797437436,48,0,0.0
evil-N120-p98-myc5x24,120,236,1,3,3,25,48,45.8,1.1224972160321824,48,0,0.0
evil-N120-p98-myc5x24,120,236,1,3,3,30,48,45.54,1.1612062693595828,48,0,0.0
evil-N120-p98-myc5x24,120,236,1,3,3,40,48,45.45,1.1346805717910218,48,0,0.0
evil-N120-p98-myc5x24,120,236,1,3,3,50,47,44.96,1.3184839779079607,48,1,0.020833333333333332
evil-N120-p98-myc5x24,120,236,1,3,3,75,47,44.56,1.4513442045221387,48,1,0.020833333333333332
evil-N120-p98-myc5x24,120,236,1,3,3,100,47,44.16,1.5982490419205635,48,1,0.020833333333333332
evil-N120-p98-myc5x24,120,236,1,3.5,3.5,3,45,42.84,0.9666436778875658,48,3,0.0625
evil-N120-p98-myc5x24,120,236,1,3.5,3.5,4,47,44.37,0.9127431182978044,48,1,0.020833333333333332
evil-N120-p98-myc5x24,120,236,1,3.5,3.5,5,48,45.22,0.9335952013587044,48,0,0.0
evil-N120-p98-myc5x24,120,236,1,3.5,3.5,6,47,45.71,0.8751571287488893,48,1,0.020833333333333332
evil-N120-p98-myc5x24,120,236,1,3.5,3.5,7,48,45.91,0.8135723692456621,48,0,0.0
evil-N120-p98-myc5x24,120,236,1,3.5,3.5,8,48,46.18,0.9097252332435326,48,0,0.0
evil-N120-p98-myc5x24,120,236,1,3.5,3.5,10,48,46.17,0.8252878285786118,48,0,0.0
evil-N120-p98-myc5x24,120,236,1,3.5,3.5,12,48,46.36,0.9221713506718803,48,0,0.0
evil-N120-p98-myc5x24,120,236,1,3.5,3.5,15,48,46.15,0.9526279441628822,48,0,0.0
evil-N120-p98-myc5x24,120,236,1,3.5,3.5,18,48,46.23,0.8701149349367587,48,0,0.0
evil-N120-p98-myc5x24,120,236,1,3.5,3.5,20,48,46.04,1.009158064923429,48,0,0.0
evil-N120-p98-myc5x24,120,236,1,3.5,3.5,25,48,45.8,1.0954451150103324,48,0,0.0
evil-N120-p98-myc5x24,120,236,1,3.5,3.5,30,48,45.55,1.1434596626029272,48,0,0.0
evil-N120-p98-myc5x24,120,236,1,3.5,3.5,40,47,45.41,1.1233432244866213,48,1,0.020833333333333332
evil-N120-p98-myc5x24,120,236,1,3.5,3.5,50,47,44.96,1.3108775686539151,48,1,0.020833333333333332
evil-N120-p98-myc5x24,120,236,1,3.5,3.5,75,47,44.49,1.506618730800862,48,1,0.020833333333333332
evil-N120-p98-myc5x24,120,236,1,3.5,3.5,100,47,44.14,1.600124995117569,48,1,0.020833333333333332
evil-N120-p98-myc5x24,120,236,1,4,4,3,46,43.17,1.0104949282406122,48,2,0.041666666666666664
evil-N120-p98-myc5x24,120,236,1,4,4,4,47,44.51,0.8774394566008528,48,1,0.020833333333333332
evil-N120-p98-myc5x24,120,236,1,4,4,5,48,45.26,0.9446692542895634,48,0,0.0
evil-N120-p98-myc5x24,120,236,1,4,4,6,48,45.78,0.87840765023991,48,0,0.0
evil-N120-p98-myc5x24,120,236,1,4,4,7,48,46.03,0.9322553298319082,48,0,0.0
evil-N120-p98-myc5x24,120,236,1,4,4,8,48,46.22,0.9119210492142398,48,0,0.0
evil-N120-p98-myc5x24,120,236,1,4,4,10,48,46.23,0.7855571271397136,48,0,0.0
evil-N120-p98-myc5x24,120,236,1,4,4,12,48,46.31,0.9348261870529732,48,0,0.0
evil-N120-p98-myc5x24,120,236,1,4,4,15,48,46.12,0.9620810776644555,48,0,0.0
evil-N120-p98-myc5x24,120,236,1,4,4,18,48,46.19,0.8910106621135352,48,0,0.0
evil-N120-p98-myc5x24,120,236,1,4,4,20,48,46.06,1.0180373274099532,48,0,0.0
evil-N120-p98-myc5x24,120,236,1,4,4,25,48,45.79,1.0889903580840374,48,0,0.0
evil-N120-p98-myc5x24,120,236,1,4,4,30,48,45.52,1.17881296226331,48,0,0.0
evil-N120-p98-myc5x24,120,236,1,4,4,40,47,45.39,1.130442391278742,48,1,0.020833333333333332
evil-N120-p98-myc5x24,120,236,1,4,4,50,47,44.94,1.3177253128023305,48,1,0.020833333333333332
evil-N120-p98-myc5x24,120,236,1,4,4,75,47,44.48,1.5131424255502186,48,1,0.020833333333333332
evil-N120-p98-myc5x24,120,236,1,4,4,100,47,44.14,1.600124995117569,48,1,0.020833333333333332
evil-N120-p98-myc5x24,120,236,1,4.5,4.5,3,45,43.3,0.9643650760992956,48,3,0.0625
evil-N120-p98-myc5x24,120,236,1,4.5,4.5,4,47,44.59,0.8954886933959579,48,1,0.020833333333333332
evil-N120-p98-myc5x24,120,236,1,4.5,4.5,5,48,45.3,0.9643650760992956,48,0,0.0
evil-N120-p98-myc5x24,120,236,1,4.5,4.5,6,48,45.74,0.9232551110067032,48,0,0.0
evil-N120-p98-myc5x24,120,236,1,4.5,4.5,7,48,45.96,0.9583318840568751,48,0,0.0
evil-N120-p98-myc5x24,120,236,1,4.5,4.5,8,48,46.22,0.9119210492142398,48,0,0.0
evil-N120-p98-myc5x24,120,236,1,4.5,4.5,10,48,46.24,0.8380930735902786,48,0,0.0
evil-N120-p98-myc5x24,120,236,1,4.5,4.5,12,48,46.29,0.9305374790947434,48,0,0.0
evil-N120-p98-myc5x24,120,236,1,4.5,4.5,15,48,46.12,0.9620810776644555,48,0,0.0
evil-N120-p98-myc5x24,120,236,1,4.5,4.5,18,48,46.18,0.9097252332435326,48,0,0.0
evil-N120-p98-myc5x24,120,236,1,4.5,4.5,20,48,46.03,1.0045396955820112,48,0,0.0
evil-N120-p98-myc5x24,120,236,1,4.5,4.5,25,48,45.78,1.0916043239196151,48,0,0.0
evil-N120-p98-myc5x24,120,236,1,4.5,4.5,30,48,45.5,1.1874342087037917,48,0,0.0
evil-N120-p98-myc5x24,120,236,1,4.5,4.5,40,47,45.37,1.1371455491712572,48,1,0.020833333333333332
evil-N120-p98-myc5x24,120,236,1,4.5,4.5,50,47,44.93,1.3285706605220513,48,1,0.020833333333333332
evil-N120-p98-myc5x24,120,236,1,4.5,4.5,75,47,44.48,1.5131424255502186,48,1,0.020833333333333332
evil-N120-p98-myc5x24,120,236,1,4.5,4.5,100,47,44.14,1.600124995117569,48,1,0.020833333333333332
evil-N120-p98-myc5x24,120,236,1,5,5,3,45,43.18,0.9937806599043874,48,3,0.0625
evil-N120-p98-myc5x24,120,236,1,5,5,4,47,44.68,0.8930845424706444,48,1,0.020833333333333332
evil-N120-p98-myc5x24,120,236,1,5,5,5,48,45.34,0.9820386957752734,48,0,0.0
evil-N120-p98-myc5x24,120,236,1,5,5,6,48,45.75,0.9096702699330126,48,0,0.0
evil-N120-p98-myc5x24,120,236,1,5,5,7,48,45.93,0.9407975340103737,48,0,0.0
evil-N120-p98-myc5x24,120,236,1,5,5,8,48,46.16,0.913454979733539,48,0,0.0
evil-N120-p98-myc5x24,120,236,1,5,5,10,48,46.3,0.8426149773176358,48,0,0.0
evil-N120-p98-myc5x24,120,236,1,5,5,12,48,46.3,0.9327379053088815,48,0,0.0
evil-N120-p98-myc5x24,120,236,1,5,5,15,48,46.11,0.9580709785814411,48,0,0.0
evil-N120-p98-myc5x24,120,236,1,5,5,18,48,46.16,0.9134549797335388,48,0,0.0
evil-N120-p98-myc5x24,120,236,1,5,5,20,48,46.03,1.0045396955820112,48,0,0.0
evil-N120-p98-myc5x24,120,236,1,5,5,25,48,45.76,1.1056219968868204,48,0,0.0
evil-N120-p98-myc5x24,120,236,1,5,5,30,48,45.49,1.1957842614786331,48,0,0.0
evil-N120-p98-myc5x24,120,236,1,5,5,40,47,45.37,1.1371455491712572,48,1,0.020833333333333332
evil-N120-p98-myc5x24,120,236,1,5,5,50,47,44.93,1.3285706605220513,48,1,0.020833333333333332
evil-N120-p98-myc5x24,120,236,1,5,5,75,47,44.48,1.5131424255502186,48,1,0.020833333333333332
evil-N120-p98-myc5x24,120,236,1,5,5,100,47,44.14,1.600124995117569,48,1,0.020833333333333332
evil-N121-p98-myc11x11,121,508,1,1.0,1.0,3,12,5.45,2.479415253643488,22,10,0.45454545454545453
evil-N121-p98-myc11x11,121,508,1,1.0,1.0,4,12,5.68,2.5802325476592225,22,10,0.45454545454545453
evil-N121-p98-myc11x11,121,508,1,1.0,1.0,5,12,5.78,2.6517164252611924,22,10,0.45454545454545453
evil-N121-p98-myc11x11,121,508,1,1.0,1.0,6,12,5.87,2.5638057648737744,22,10,0.45454545454545453
evil-N121-p98-myc11x11,121,508,1,1.0,1.0,7,13,6.01,2.64005681757041,22,9,0.4090909090909091
evil-N121-p98-myc11x11,121,508,1,1.0,1.0,8,13,6.09,2.709594065538231,22,9,0.4090909090909091
evil-N121-p98-myc11x11,121,508,1,1.0,1.0,10,14,6.2,2.80713376952364,22,8,0.36363636363636365
evil-N121-p98-myc11x11,121,508,1,1.0,1.0,12,22,6.41,3.3048297989457796,22,0,0.0
evil-N121-p98-myc11x11,121,508,1,1.0,1.0,15,22,6.36,3.377928359216637,22,0,0.0
evil-N121-p98-myc11x11,121,508,1,1.0,1.0,18,15,6.22,2.9952629266894086,22,7,0.3181818181818182
evil-N121-p98-myc11x11,121,508,1,1.0,1.0,20,15,6.25,3.0442568879777543,22,7,0.3181818181818182
evil-N121-p98-myc11x11,121,508,1,1.0,1.0,25,15,6.27,3.049114625592157,22,7,0.3181818181818182
evil-N121-p98-myc11x11,121,508,1,1.0,1.0,30,15,6.38,3.081493144564823,22,7,0.3181818181818182
evil-N121-p98-myc11x11,121,508,1,1.0,1.0,40,21,6.59,3.376669957221167,22,1,0.045454545454545456
evil-N121-p98-myc11x11,121,508,1,1.0,1.0,50,22,6.74,3.7030257898102734,22,0,0.0
evil-N121-p98-myc11x11,121,508,1,1.0,1.0,75,22,6.62,3.422805866536985,22,0,0.0
evil-N121-p98-myc11x11,121,508,1,1.0,1.0,100,21,6.57,3.3771437635966874,22,1,0.045454545454545456
evil-N121-p98-myc11x11,121,508,1,1.5,1.5,3,20,6.67,3.6470673149806268,22,2,0.09090909090909091
evil-N121-p98-myc11x11,121,508,1,1.5,1.5,4,22,8.34,5.144356130751446,22,0,0.0
evil-N121-p98-myc11x11,121,508,1,1.5,1.5,5,22,10.89,6.688639622524151,22,0,0.0
evil-N121-p98-myc11x11,121,508,1,1.5,1.5,6,22,13.96,7.029822188362946,22,0,0.0
evil-N121-p98-myc11x11,121,508,1,1.5,1.5,7,22,16.7,6.879680225126746,22,0,0.0
evil-N121-p98-myc11x11,121,508,1,1.5,1.5,8,22,18.35,5.836737102183034,22,0,0.0
evil-N121-p98-myc11x11,121,508,1,1.5,1.5,10,22,20.94,3.4170747723747574,22,0,0.0
evil-N121-p98-myc11x11,121,508,1,1.5,1.5,12,22,21.54,2.5511566004461583,22,0,0.0
evil-N121-p98-myc11x11,121,508,1,1.5,1.5,15,22,21.97,0.17058722109231983,22,0,0.0
evil-N121-p98-myc11x11,121,508,1,1.5,1.5,18,22,21.99,0.09949874371066199,22,0,0.0
evil-N121-p98-myc11x11,121,508,1,1.5,1.5,20,22,22.0,0.0,22,0,0.0
evil-N121-p98-myc11x11,121,508,1,1.5,1.5,25,22,22.0,0.0,22,0,0.0
evil-N121-p98-myc11x11,121,508,1,1.5,1.5,30,22,22.0,0.0,22,0,0.0
evil-N121-p98-myc11x11,121,508,1,1.5,1.5,40,22,22.0,0.0,22,0,0.0
evil-N121-p98-myc11x11,121,508,1,1.5,1.5,50,22,22.0,0.0,22,0,0.0
evil-N121-p98-myc11x11,121,508,1,1.5,1.5,75,22,22.0,0.0,22,0,0.0
evil-N121-p98-myc11x11,121,508,1,1.5,1.5,100,22,22.0,0.0,22,0,0.0
evil-N121-p98-myc11x11,121,508,1,2,2,3,22,15.37,6.532465078360541,22,0,0.0
evil-N121-p98-myc11x11,121,508,1,2,2,4,22,21.22,1.8632230140270387,22,0,0.0
evil-N121-p98-myc11x11,121,508,1,2,2,5,22,21.91,0.28618176042508375,22,0,0.0
evil-N121-p98-myc11x11,121,508,1,2,2,6,22,22.0,0.0,22,0,0.0
evil-N121-p98-myc11x11,121,508,1,2,2,7,22,22.0,0.0,22,0,0.0
evil-N121-p98-myc11x11,121,508,1,2,2,8,22,22.0,0.0,22,0,0.0
evil-N121-p98-myc11x11,121,508,1,2,2,10,22,22.0,0.0,22,0,0.0
evil-N121-p98-myc11x11,121,508,1,2,2,12,22,22.0,0.0,22,0,0.0
evil-N121-p98-myc11x11,121,508,1,2,2,15,22,22.0,0.0,22,0,0.0
evil-N121-p98-myc11x11,121,508,1,2,2,18,22,22.0,0.0,22,0,0.0
evil-N121-p98-myc11x11,121,508,1,2,2,20,22,22.0,0.0,22,0,0.0
evil-N121-p98-myc11x11,121,508,1,2,2,25,22,22.0,0.0,22,0,0.0
evil-N121-p98-myc11x11,121,508,1,2,2,30,22,22.0,0.0,22,0,0.0
evil-N121-p98-myc11x11,121,508,1,2,2,40,22,22.0,0.0,22,0,0.0
evil-N121-p98-myc11x11,121,508,1,2,2,50,22,22.0,0.0,22,0,0.0
evil-N121-p98-myc11x11,121,508,1,2,2,75,22,22.0,0.0,22,0,0.0
evil-N121-p98-myc11x11,121,508,1,2,2,100,22,22.0,0.0,22,0,0.0
evil-N121-p98-myc11x11,121,508,1,2.5,2.5,3,22,21.61,0.563826214360418,22,0,0.0
evil-N121-p98-myc11x11,121,508,1,2.5,2.5,4,22,22.0,0.0,22,0,0.0
evil-N121-p98-myc11x11,121,508,1,2.5,2.5,5,22,22.0,0.0,22,0,0.0
evil-N121-p98-myc11x11,121,508,1,2.5,2.5,6,22,22.0,0.0,22,0,0.0
evil-N121-p98-myc11x11,121,508,1,2.5,2.5,7,22,22.0,0.0,22,0,0.0
evil-N121-p98-myc11x11,121,508,1,2.5,2.5,8,22,22.0,0.0,22,0,0.0
evil-N121-p98-myc11x11,121,508,1,2.5,2.5,10,22,22.0,0.0,22,0,0.0
evil-N121-p98-myc11x11,121,508,1,2.5,2.5,12,22,22.0,0.0,22,0,0.0
evil-N121-p98-myc11x11,121,508,1,2.5,2.5,15,22,22.0,0.0,22,0,0.0
evil-N121-p98-myc11x11,121,508,1,2.5,2.5,18,22,22.0,0.0,22,0,0.0
evil-N121-p98-myc11x11,121,508,1,2.5,2.5,20,22,22.0,0.0,22,0,0.0
evil-N121-p98-myc11x11,121,508,1,2.5,2.5,25,22,22.0,0.0,22,0,0.0
evil-N121-p98-myc11x11,121,508,1,2.5,2.5,30,22,22.0,0.0,22,0,0.0
evil-N121-p98-myc11x11,121,508,1,2.5,2.5,40,22,22.0,0.0,22,0,0.0
evil-N121-p98-myc11x11,121,508,1,2.5,2.5,50,22,21.99,0.09949874371066196,22,0,0.0
evil-N121-p98-myc11x11,121,508,1,2.5,2.5,75,22,21.98,0.13999999999999999,22,0,0.0
evil-N121-p98-myc11x11,121,508,1,2.5,2.5,100,22,21.98,0.13999999999999999,22,0,0.0
evil-N121-p98-myc11x11,121,508,1,3,3,3,22,21.96,0.19595917942265423,22,0,0.0
evil-N121-p98-myc11x11,121,508,1,3,3,4,22,22.0,0.0,22,0,0.0
evil-N121-p98-myc11x11,121,508,1,3,3,5,22,22.0,0.0,22,0,0.0
evil-N121-p98-myc11x11,121,508,1,3,3,6,22,22.0,0.0,22,0,0.0
evil-N121-p98-myc11x11,121,508,1,3,3,7,22,22.0,0.0,22,0,0.0
evil-N121-p98-myc11x11,121,508,1,3,3,8,22,22.0,0.0,22,0,0.0
evil-N121-p98-myc11x11,121,508,1,3,3,10,22,22.0,0.0,22,0,0.0
evil-N121-p98-myc11x11,121,508,1,3,3,12,22,22.0,0.0,22,0,0.0
evil-N121-p98-myc11x11,121,508,1,3,3,15,22,22.0,0.0,22,0,0.0
evil-N121-p98-myc11x11,121,508,1,3,3,18,22,22.0,0.0,22,0,0.0
evil-N121-p98-myc11x11,121,508,1,3,3,20,22,22.0,0.0,22,0,0.0
evil-N121-p98-myc11x11,121,508,1,3,3,25,22,22.0,0.0,22,0,0.0
evil-N121-p98-myc11x11,121,508,1,3,3,30,22,22.0,0.0,22,0,0.0
evil-N121-p98-myc11x11,121,508,1,3,3,40,22,22.0,0.0,22,0,0.0
evil-N121-p98-myc11x11,121,508,1,3,3,50,22,21.99,0.09949874371066196,22,0,0.0
evil-N121-p98-myc11x11,121,508,1,3,3,75,22,21.98,0.13999999999999999,22,0,0.0
evil-N121-p98-myc11x11,121,508,1,3,3,100,22,21.98,0.13999999999999999,22,0,0.0
evil-N121-p98-myc11x11,121,508,1,3.5,3.5,3,22,22.0,0.0,22,0,0.0
evil-N121-p98-myc11x11,121,508,1,3.5,3.5,4,22,22.0,0.0,22,0,0.0
evil-N121-p98-myc11x11,121,508,1,3.5,3.5,5,22,22.0,0.0,22,0,0.0
evil-N121-p98-myc11x11,121,508,1,3.5,3.5,6,22,22.0,0.0,22,0,0.0
evil-N121-p98-myc11x11,121,508,1,3.5,3.5,7,22,22.0,0.0,22,0,0.0
evil-N121-p98-myc11x11,121,508,1,3.5,3.5,8,22,22.0,0.0,22,0,0.0
evil-N121-p98-myc11x11,121,508,1,3.5,3.5,10,22,22.0,0.0,22,0,0.0
evil-N121-p98-myc11x11,121,508,1,3.5,3.5,12,22,22.0,0.0,22,0,0.0
evil-N121-p98-myc11x11,121,508,1,3.5,3.5,15,22,22.0,0.0,22,0,0.0
evil-N121-p98-myc11x11,121,508,1,3.5,3.5,18,22,22.0,0.0,22,0,0.0
evil-N121-p98-myc11x11,121,508,1,3.5,3.5,20,22,22.0,0.0,22,0,0.0
evil-N121-p98-myc11x11,121,508,1,3.5,3.5,25,22,22.0,0.0,22,0,0.0
evil-N121-p98-myc11x11,121,508,1,3.5,3.5,30,22,22.0,0.0,22,0,0.0
evil-N121-p98-myc11x11,121,508,1,3.5,3.5,40,22,22.0,0.0,22,0,0.0
evil-N121-p98-myc11x11,121,508,1,3.5,3.5,50,22,21.99,0.09949874371066196,22,0,0.0
evil-N121-p98-myc11x11,121,508,1,3.5,3.5,75,22,21.98,0.13999999999999999,22,0,0.0
evil-N121-p98-myc11x11,121,508,1,3.5,3.5,100,22,21.98,0.13999999999999999,22,0,0.0
evil-N121-p98-myc11x11,121,508,1,4,4,3,22,22.0,0.0,22,0,0.0
evil-N121-p98-myc11x11,121,508,1,4,4,4,22,22.0,0.0,22,0,0.0
evil-N121-p98-myc11x11,121,508,1,4,4,5,22,22.0,0.0,22,0,0.0
evil-N121-p98-myc11x11,121,508,1,4,4,6,22,22.0,0.0,22,0,0.0
evil-N121-p98-myc11x11,121,508,1,4,4,7,22,22.0,0.0,22,0,0.0
evil-N121-p98-myc11x11,121,508,1,4,4,8,22,22.0,0.0,22,0,0.0
evil-N121-p98-myc11x11,121,508,1,4,4,10,22,22.0,0.0,22,0,0.0
evil-N121-p98-myc11x11,121,508,1,4,4,12,22,22.0,0.0,22,0,0.0
evil-N121-p98-myc11x11,121,508,1,4,4,15,22,22.0,0.0,22,0,0.0
evil-N121-p98-myc11x11,121,508,1,4,4,18,22,22.0,0.0,22,0,0.0
evil-N121-p98-myc11x11,121,508,1,4,4,20,22,22.0,0.0,22,0,0.0
evil-N121-p98-myc11x11,121,508,1,4,4,25,22,22.0,0.0,22,0,0.0
evil-N121-p98-myc11x11,121,508,1,4,4,30,22,22.0,0.0,22,0,0.0
evil-N121-p98-myc11x11,121,508,1,4,4,40,22,22.0,0.0,22,0,0.0
evil-N121-p98-myc11x11,121,508,1,4,4,50,22,21.99,0.09949874371066196,22,0,0.0
evil-N121-p98-myc11x11,121,508,1,4,4,75,22,21.98,0.13999999999999999,22,0,0.0
evil-N121-p98-myc11x11,121,508,1,4,4,100,22,21.98,0.13999999999999999,22,0,0.0
evil-N121-p98-myc11x11,121,508,1,4.5,4.5,3,22,22.0,0.0,22,0,0.0
evil-N121-p98-myc11x11,121,508,1,4.5,4.5,4,22,22.0,0.0,22,0,0.0
evil-N121-p98-myc11x11,121,508,1,4.5,4.5,5,22,22.0,0.0,22,0,0.0
evil-N121-p98-myc11x11,121,508,1,4.5,4.5,6,22,22.0,0.0,22,0,0.0
evil-N121-p98-myc11x11,121,508,1,4.5,4.5,7,22,22.0,0.0,22,0,0.0
evil-N121-p98-myc11x11,121,508,1,4.5,4.5,8,22,22.0,0.0,22,0,0.0
evil-N121-p98-myc11x11,121,508,1,4.5,4.5,10,22,22.0,0.0,22,0,0.0
evil-N121-p98-myc11x11,121,508,1,4.5,4.5,12,22,22.0,0.0,22,0,0.0
evil-N121-p98-myc11x11,121,508,1,4.5,4.5,15,22,22.0,0.0,22,0,0.0
evil-N121-p98-myc11x11,121,508,1,4.5,4.5,18,22,22.0,0.0,22,0,0.0
evil-N121-p98-myc11x11,121,508,1,4.5,4.5,20,22,22.0,0.0,22,0,0.0
evil-N121-p98-myc11x11,121,508,1,4.5,4.5,25,22,22.0,0.0,22,0,0.0
evil-N121-p98-myc11x11,121,508,1,4.5,4.5,30,22,22.0,0.0,22,0,0.0
evil-N121-p98-myc11x11,121,508,1,4.5,4.5,40,22,22.0,0.0,22,0,0.0
evil-N121-p98-myc11x11,121,508,1,4.5,4.5,50,22,21.99,0.09949874371066196,22,0,0.0
evil-N121-p98-myc11x11,121,508,1,4.5,4.5,75,22,21.98,0.13999999999999999,22,0,0.0
evil-N121-p98-myc11x11,121,508,1,4.5,4.5,100,22,21.98,0.13999999999999999,22,0,0.0
evil-N121-p98-myc11x11,121,508,1,5,5,3,22,22.0,0.0,22,0,0.0
evil-N121-p98-myc11x11,121,508,1,5,5,4,22,22.0,0.0,22,0,0.0
evil-N121-p98-myc11x11,121,508,1,5,5,5,22,22.0,0.0,22,0,0.0
evil-N121-p98-myc11x11,121,508,1,5,5,6,22,22.0,0.0,22,0,0.0
evil-N121-p98-myc11x11,121,508,1,5,5,7,22,22.0,0.0,22,0,0.0
evil-N121-p98-myc11x11,121,508,1,5,5,8,22,22.0,0.0,22,0,0.0
evil-N121-p98-myc11x11,121,508,1,5,5,10,22,22.0,0.0,22,0,0.0
evil-N121-p98-myc11x11,121,508,1,5,5,12,22,22.0,0.0,22,0,0.0
evil-N121-p98-myc11x11,121,508,1,5,5,15,22,22.0,0.0,22,0,0.0
evil-N121-p98-myc11x11,121,508,1,5,5,18,22,22.0,0.0,22,0,0.0
evil-N121-p98-myc11x11,121,508,1,5,5,20,22,22.0,0.0,22,0,0.0
evil-N121-p98-myc11x11,121,508,1,5,5,25,22,22.0,0.0,22,0,0.0
evil-N121-p98-myc11x11,121,508,1,5,5,30,22,22.0,0.0,22,0,0.0
evil-N121-p98-myc11x11,121,508,1,5,5,40,22,22.0,0.0,22,0,0.0
evil-N121-p98-myc11x11,121,508,1,5,5,50,22,21.99,0.09949874371066196,22,0,0.0
evil-N121-p98-myc11x11,121,508,1,5,5,75,22,21.98,0.13999999999999999,22,0,0.0
evil-N121-p98-myc11x11,121,508,1,5,5,100,22,21.98,0.13999999999999999,22,0,0.0
evil-N125-p98-s3m25x5,125,873,1,1.0,1.0,3,14,4.8,2.3999999999999995,20,6,0.3
evil-N125-p98-s3m25x5,125,873,1,1.0,1.0,4,17,5.15,2.80490641555115,20,3,0.15
evil-N125-p98-s3m25x5,125,873,1,1.0,1.0,5,20,5.36,3.0708956348270773,20,0,0.0
evil-N125-p98-s3m25x5,125,873,1,1.0,1.0,6,19,5.43,3.073288141388633,20,1,0.05
evil-N125-p98-s3m25x5,125,873,1,1.0,1.0,7,19,5.55,3.4362043012603305,20,1,0.05
evil-N125-p98-s3m25x5,125,873,1,1.0,1.0,8,20,6.37,4.522510364830577,20,0,0.0
evil-N125-p98-s3m25x5,125,873,1,1.0,1.0,10,20,6.52,4.665790393920412,20,0,0.0
evil-N125-p98-s3m25x5,125,873,1,1.0,1.0,12,20,7.86,6.033274401185479,20,0,0.0
evil-N125-p98-s3m25x5,125,873,1,1.0,1.0,15,20,9.57,6.937225670251761,20,0,0.0
evil-N125-p98-s3m25x5,125,873,1,1.0,1.0,18,20,9.89,6.770369266147895,20,0,0.0
evil-N125-p98-s3m25x5,125,873,1,1.0,1.0,20,20,11.2,7.3688533707762165,20,0,0.0
evil-N125-p98-s3m25x5,125,873,1,1.0,1.0,25,20,12.53,7.42489730568713,20,0,0.0
evil-N125-p98-s3m25x5,125,873,1,1.0,1.0,30,20,13.06,7.372679295886943,20,0,0.0
evil-N125-p98-s3m25x5,125,873,1,1.0,1.0,40,20,14.98,7.1595809933263554,20,0,0.0
evil-N125-p98-s3m25x5,125,873,1,1.0,1.0,50,20,15.29,6.994705140318641,20,0,0.0
evil-N125-p98-s3m25x5,125,873,1,1.0,1.0,75,20,17.0,6.028266749240614,20,0,0.0
evil-N125-p98-s3m25x5,125,873,1,1.0,1.0,100,20,16.78,6.327053026488715,20,0,0.0
evil-N125-p98-s3m25x5,125,873,1,1.5,1.5,3,20,7.64,5.28492194833566,20,0,0.0
evil-N125-p98-s3m25x5,125,873,1,1.5,1.5,4,20,12.89,6.519041340565344,20,0,0.0
evil-N125-p98-s3m25x5,125,873,1,1.5,1.5,5,20,18.56,1.0892199043352082,20,0,0.0
evil-N125-p98-s3m25x5,125,873,1,1.5,1.5,6,20,19.28,0.9282241108697834,20,0,0.0
evil-N125-p98-s3m25x5,125,873,1,1.5,1.5,7,20,19.69,0.5038849074937649,20,0,0.0
evil-N125-p98-s3m25x5,125,873,1,1.5,1.5,8,20,19.9,0.33166247903553986,20,0,0.0
evil-N125-p98-s3m25x5,125,873,1,1.5,1.5,10,20,19.98,0.13999999999999999,20,0,0.0
evil-N125-p98-s3m25x5,125,873,1,1.5,1.5,12,20,20.0,0.0,20,0,0.0
evil-N125-p98-s3m25x5,125,873,1,1.5,1.5,15,20,20.0,0.0,20,0,0.0
evil-N125-p98-s3m25x5,125,873,1,1.5,1.5,18,20,20.0,0.0,20,0,0.0
evil-N125-p98-s3m25x5,125,873,1,1.5,1.5,20,20,20.0,0.0,20,0,0.0
evil-N125-p98-s3m25x5,125,873,1,1.5,1.5,25,20,20.0,0.0,20,0,0.0
evil-N125-p98-s3m25x5,125,873,1,1.5,1.5,30,20,20.0,0.0,20,0,0.0
evil-N125-p98-s3m25x5,125,873,1,1.5,1.5,40,20,20.0,0.0,20,0,0.0
evil-N125-p98-s3m25x5,125,873,1,1.5,1.5,50,20,20.0,0.0,20,0,0.0
evil-N125-p98-s3m25x5,125,873,1,1.5,1.5,75,20,20.0,0.0,20,0,0.0
evil-N125-p98-s3m25x5,125,873,1,1.5,1.5,100,20,20.0,0.0,20,0,0.0
evil-N125-p98-s3m25x5,125,873,1,2,2,3,20,18.04,2.0145470955031057,20,0,0.0
evil-N125-p98-s3m25x5,125,873,1,2,2,4,20,19.55,0.5361902647381804,20,0,0.0
evil-N125-p98-s3m25x5,125,873,1,2,2,5,20,19.93,0.2551470164434615,20,0,0.0
evil-N125-p98-s3m25x5,125,873,1,2,2,6,20,19.99,0.09949874371066199,20,0,0.0
evil-N125-p98-s3m25x5,125,873,1,2,2,7,20,20.0,0.0,20,0,0.0
evil-N125-p98-s3m25x5,125,873,1,2,2,8,20,20.0,0.0,20,0,0.0
evil-N125-p98-s3m25x5,125,873,1,2,2,10,20,20.0,0.0,20,0,0.0
evil-N125-p98-s3m25x5,125,873,1,2,2,12,20,20.0,0.0,20,0,0.0
evil-N125-p98-s3m25x5,125,873,1,2,2,15,20,20.0,0.0,20,0,0.0
evil-N125-p98-s3m25x5,125,873,1,2,2,18,20,20.0,0.0,20,0,0.0
evil-N125-p98-s3m25x5,125,873,1,2,2,20,20,20.0,0.0,20,0,0.0
evil-N125-p98-s3m25x5,125,873,1,2,2,25,20,20.0,0.0,20,0,0.0
evil-N125-p98-s3m25x5,125,873,1,2,2,30,20,20.0,0.0,20,0,0.0
evil-N125-p98-s3m25x5,125,873,1,2,2,40,20,20.0,0.0,20,0,0.0
evil-N125-p98-s3m25x5,125,873,1,2,2,50,20,20.0,0.0,20,0,0.0
evil-N125-p98-s3m25x5,125,873,1,2,2,75,20,20.0,0.0,20,0,0.0
evil-N125-p98-s3m25x5,125,873,1,2,2,100,20,19.95,0.21794494717703367,20,0,0.0
evil-N125-p98-s3m25x5,125,873,1,2.5,2.5,3,20,19.4,0.58309518948453,20,0,0.0
evil-N125-p98-s3m25x5,125,873,1,2.5,2.5,4,20,19.95,0.21794494717703367,20,0,0.0
evil-N125-p98-s3m25x5,125,873,1,2.5,2.5,5,20,20.0,0.0,20,0,0.0
evil-N125-p98-s3m25x5,125,873,1,2.5,2.5,6,20,20.0,0.0,20,0,0.0
evil-N125-p98-s3m25x5,125,873,1,2.5,2.5,7,20,20.0,0.0,20,0,0.0
evil-N125-p98-s3m25x5,125,873,1,2.5,2.5,8,20,20.0,0.0,20,0,0.0
evil-N125-p98-s3m25x5,125,873,1,2.5,2.5,10,20,20.0,0.0,20,0,0.0
evil-N125-p98-s3m25x5,125,873,1,2.5,2.5,12,20,20.0,0.0,20,0,0.0
evil-N125-p98-s3m25x5,125,873,1,2.5,2.5,15,20,19.99,0.09949874371066197,20,0,0.0
evil-N125-p98-s3m25x5,125,873,1,2.5,2.5,18,20,20.0,0.0,20,0,0.0
evil-N125-p98-s3m25x5,125,873,1,2.5,2.5,20,20,19.99,0.09949874371066199,20,0,0.0
evil-N125-p98-s3m25x5,125,873,1,2.5,2.5,25,20,19.98,0.13999999999999999,20,0,0.0
evil-N125-p98-s3m25x5,125,873,1,2.5,2.5,30,20,19.99,0.09949874371066199,20,0,0.0
evil-N125-p98-s3m25x5,125,873,1,2.5,2.5,40,20,19.98,0.13999999999999999,20,0,0.0
evil-N125-p98-s3m25x5,125,873,1,2.5,2.5,50,20,19.97,0.17058722109231983,20,0,0.0
evil-N125-p98-s3m25x5,125,873,1,2.5,2.5,75,20,19.94,0.2374868417407583,20,0,0.0
evil-N125-p98-s3m25x5,125,873,1,2.5,2.5,100,20,19.91,0.2861817604250837,20,0,0.0
evil-N125-p98-s3m25x5,125,873,1,3,3,3,20,19.79,0.40730823708832603,20,0,0.0
evil-N125-p98-s3m25x5,125,873,1,3,3,4,20,19.99,0.09949874371066196,20,0,0.0
evil-N125-p98-s3m25x5,125,873,1,3,3,5,20,20.0,0.0,20,0,0.0
evil-N125-p98-s3m25x5,125,873,1,3,3,6,20,20.0,0.0,20,0,0.0
evil-N125-p98-s3m25x5,125,873,1,3,3,7,20,20.0,0.0,20,0,0.0
evil-N125-p98-s3m25x5,125,873,1,3,3,8,20,20.0,0.0,20,0,0.0
evil-N125-p98-s3m25x5,125,873,1,3,3,10,20,20.0,0.0,20,0,0.0
evil-N125-p98-s3m25x5,125,873,1,3,3,12,20,20.0,0.0,20,0,0.0
evil-N125-p98-s3m25x5,125,873,1,3,3,15,20,20.0,0.0,20,0,0.0
evil-N125-p98-s3m25x5,125,873,1,3,3,18,20,20.0,0.0,20,0,0.0
evil-N125-p98-s3m25x5,125,873,1,3,3,20,20,20.0,0.0,20,0,0.0
evil-N125-p98-s3m25x5,125,873,1,3,3,25,20,19.99,0.09949874371066199,20,0,0.0
evil-N125-p98-s3m25x5,125,873,1,3,3,30,20,19.99,0.09949874371066199,20,0,0.0
evil-N125-p98-s3m25x5,125,873,1,3,3,40,20,19.97,0.17058722109231986,20,0,0.0
evil-N125-p98-s3m25x5,125,873,1,3,3,50,20,19.95,0.2179449471770337,20,0,0.0
evil-N125-p98-s3m25x5,125,873,1,3,3,75,20,19.9,0.29999999999999993,20,0,0.0
evil-N125-p98-s3m25x5,125,873,1,3,3,100,20,19.86,0.34698703145794946,20,0,0.0
evil-N125-p98-s3m25x5,125,873,1,3.5,3.5,3,20,19.96,0.19595917942265423,20,0,0.0
evil-N125-p98-s3m25x5,125,873,1,3.5,3.5,4,20,20.0,0.0,20,0,0.0
evil-N125-p98-s3m25x5,125,873,1,3.5,3.5,5,20,20.0,0.0,20,0,0.0
evil-N125-p98-s3m25x5,125,873,1,3.5,3.5,6,20,20.0,0.0,20,0,0.0
evil-N125-p98-s3m25x5,125,873,1,3.5,3.5,7,20,20.0,0.0,20,0,0.0
evil-N125-p98-s3m25x5,125,873,1,3.5,3.5,8,20,20.0,0.0,20,0,0.0
evil-N125-p98-s3m25x5,125,873,1,3.5,3.5,10,20,20.0,0.0,20,0,0.0
evil-N125-p98-s3m25x5,125,873,1,3.5,3.5,12,20,20.0,0.0,20,0,0.0
evil-N125-p98-s3m25x5,125,873,1,3.5,3.5,15,20,20.0,0.0,20,0,0.0
evil-N125-p98-s3m25x5,125,873,1,3.5,3.5,18,20,20.0,0.0,20,0,0.0
evil-N125-p98-s3m25x5,125,873,1,3.5,3.5,20,20,19.99,0.09949874371066196,20,0,0.0
evil-N125-p98-s3m25x5,125,873,1,3.5,3.5,25,20,19.99,0.09949874371066199,20,0,0.0
evil-N125-p98-s3m25x5,125,873,1,3.5,3.5,30,20,19.98,0.13999999999999999,20,0,0.0
evil-N125-p98-s3m25x5,125,873,1,3.5,3.5,40,20,19.97,0.17058722109231986,20,0,0.0
evil-N125-p98-s3m25x5,125,873,1,3.5,3.5,50,20,19.95,0.2179449471770337,20,0,0.0
evil-N125-p98-s3m25x5,125,873,1,3.5,3.5,75,20,19.88,0.3249615361854384,20,0,0.0
evil-N125-p98-s3m25x5,125,873,1,3.5,3.5,100,20,19.85,0.35707142142714243,20,0,0.0
evil-N125-p98-s3m25x5,125,873,1,4,4,3,20,19.98,0.13999999999999999,20,0,0.0
evil-N125-p98-s3m25x5,125,873,1,4,4,4,20,20.0,0.0,20,0,0.0
evil-N125-p98-s3m25x5,125,873,1,4,4,5,20,20.0,0.0,20,0,0.0
evil-N125-p98-s3m25x5,125,873,1,4,4,6,20,20.0,0.0,20,0,0.0
evil-N125-p98-s3m25x5,125,873,1,4,4,7,20,20.0,0.0,20,0,0.0
evil-N125-p98-s3m25x5,125,873,1,4,4,8,20,20.0,0.0,20,0,0.0
evil-N125-p98-s3m25x5,125,873,1,4,4,10,20,20.0,0.0,20,0,0.0
evil-N125-p98-s3m25x5,125,873,1,4,4,12,20,20.0,0.0,20,0,0.0
evil-N125-p98-s3m25x5,125,873,1,4,4,15,20,19.99,0.09949874371066196,20,0,0.0
evil-N125-p98-s3m25x5,125,873,1,4,4,18,20,20.0,0.0,20,0,0.0
evil-N125-p98-s3m25x5,125,873,1,4,4,20,20,19.99,0.09949874371066196,20,0,0.0
evil-N125-p98-s3m25x5,125,873,1,4,4,25,20,19.99,0.09949874371066199,20,0,0.0
evil-N125-p98-s3m25x5,125,873,1,4,4,30,20,19.98,0.13999999999999999,20,0,0.0
evil-N125-p98-s3m25x5,125,873,1,4,4,40,20,19.97,0.17058722109231986,20,0,0.0
evil-N125-p98-s3m25x5,125,873,1,4,4,50,20,19.95,0.2179449471770337,20,0,0.0
evil-N125-p98-s3m25x5,125,873,1,4,4,75,20,19.88,0.3249615361854384,20,0,0.0
evil-N125-p98-s3m25x5,125,873,1,4,4,100,20,19.85,0.35707142142714243,20,0,0.0
evil-N125-p98-s3m25x5,125,873,1,4.5,4.5,3,20,19.99,0.09949874371066196,20,0,0.0
evil-N125-p98-s3m25x5,125,873,1,4.5,4.5,4,20,20.0,0.0,20,0,0.0
evil-N125-p98-s3m25x5,125,873,1,4.5,4.5,5,20,20.0,0.0,20,0,0.0
evil-N125-p98-s3m25x5,125,873,1,4.5,4.5,6,20,20.0,0.0,20,0,0.0
evil-N125-p98-s3m25x5,125,873,1,4.5,4.5,7,20,20.0,0.0,20,0,0.0
evil-N125-p98-s3m25x5,125,873,1,4.5,4.5,8,20,20.0,0.0,20,0,0.0
evil-N125-p98-s3m25x5,125,873,1,4.5,4.5,10,20,20.0,0.0,20,0,0.0
evil-N125-p98-s3m25x5,125,873,1,4.5,4.5,12,20,20.0,0.0,20,0,0.0
evil-N125-p98-s3m25x5,125,873,1,4.5,4.5,15,20,19.99,0.09949874371066196,20,0,0.0
evil-N125-p98-s3m25x5,125,873,1,4.5,4.5,18,20,20.0,0.0,20,0,0.0
evil-N125-p98-s3m25x5,125,873,1,4.5,4.5,20,20,19.99,0.09949874371066196,20,0,0.0
evil-N125-p98-s3m25x5,125,873,1,4.5,4.5,25,20,19.99,0.09949874371066199,20,0,0.0
evil-N125-p98-s3m25x5,125,873,1,4.5,4.5,30,20,19.98,0.13999999999999999,20,0,0.0
evil-N125-p98-s3m25x5,125,873,1,4.5,4.5,40,20,19.97,0.17058722109231986,20,0,0.0
evil-N125-p98-s3m25x5,125,873,1,4.5,4.5,50,20,19.95,0.2179449471770337,20,0,0.0
evil-N125-p98-s3m25x5,125,873,1,4.5,4.5,75,20,19.88,0.3249615361854384,20,0,0.0
evil-N125-p98-s3m25x5,125,873,1,4.5,4.5,100,20,19.85,0.35707142142714243,20,0,0.0
evil-N125-p98-s3m25x5,125,873,1,5,5,3,20,20.0,0.0,20,0,0.0
evil-N125-p98-s3m25x5,125,873,1,5,5,4,20,20.0,0.0,20,0,0.0
evil-N125-p98-s3m25x5,125,873,1,5,5,5,20,20.0,0.0,20,0,0.0
evil-N125-p98-s3m25x5,125,873,1,5,5,6,20,20.0,0.0,20,0,0.0
evil-N125-p98-s3m25x5,125,873,1,5,5,7,20,20.0,0.0,20,0,0.0
evil-N125-p98-s3m25x5,125,873,1,5,5,8,20,20.0,0.0,20,0,0.0
evil-N125-p98-s3m25x5,125,873,1,5,5,10,20,20.0,0.0,20,0,0.0
evil-N125-p98-s3m25x5,125,873,1,5,5,12,20,20.0,0.0,20,0,0.0
evil-N125-p98-s3m25x5,125,873,1,5,5,15,20,19.99,0.09949874371066196,20,0,0.0
evil-N125-p98-s3m25x5,125,873,1,5,5,18,20,20.0,0.0,20,0,0.0
evil-N125-p98-s3m25x5,125,873,1,5,5,20,20,19.99,0.09949874371066196,20,0,0.0
evil-N125-p98-s3m25x5,125,873,1,5,5,25,20,19.99,0.09949874371066199,20,0,0.0
evil-N125-p98-s3m25x5,125,873,1,5,5,30,20,19.98,0.13999999999999999,20,0,0.0
evil-N125-p98-s3m25x5,125,873,1,5,5,40,20,19.97,0.17058722109231986,20,0,0.0
evil-N125-p98-s3m25x5,125,873,1,5,5,50,20,19.95,0.2179449471770337,20,0,0.0
evil-N125-p98-s3m25x5,125,873,1,5,5,75,20,19.88,0.3249615361854384,20,0,0.0
evil-N125-p98-s3m25x5,125,873,1,5,5,100,20,19.85,0.35707142142714243,20,0,0.0
hamming6_2,64,192,1,1.0,1.0,3,32,28.74,1.597623234683322,32,0,0.0
hamming6_2,64,192,1,1.0,1.0,4,32,31.11,0.7196526940128828,32,0,0.0
hamming6_2,64,192,1,1.0,1.0,5,32,31.79,0.407308237088326,32,0,0.0
hamming6_2,64,192,1,1.0,1.0,6,32,31.96,0.19595917942265423,32,0,0.0
hamming6_2,64,192,1,1.0,1.0,7,32,32.0,0.0,32,0,0.0
hamming6_2,64,192,1,1.0,1.0,8,32,32.0,0.0,32,0,0.0
hamming6_2,64,192,1,1.0,1.0,10,32,32.0,0.0,32,0,0.0
hamming6_2,64,192,1,1.0,1.0,12,32,32.0,0.0,32,0,0.0
hamming6_2,64,192,1,1.0,1.0,15,32,32.0,0.0,32,0,0.0
hamming6_2,64,192,1,1.0,1.0,18,32,32.0,0.0,32,0,0.0
hamming6_2,64,192,1,1.0,1.0,20,32,32.0,0.0,32,0,0.0
hamming6_2,64,192,1,1.0,1.0,25,32,32.0,0.0,32,0,0.0
hamming6_2,64,192,1,1.0,1.0,30,32,32.0,0.0,32,0,0.0
hamming6_2,64,192,1,1.0,1.0,40,32,32.0,0.0,32,0,0.0
hamming6_2,64,192,1,1.0,1.0,50,32,32.0,0.0,32,0,0.0
hamming6_2,64,192,1,1.0,1.0,75,32,32.0,0.0,32,0,0.0
hamming6_2,64,192,1,1.0,1.0,100,32,32.0,0.0,32,0,0.0
hamming6_2,64,192,1,1.5,1.5,3,32,30.44,0.7525955088890712,32,0,0.0
hamming6_2,64,192,1,1.5,1.5,4,32,31.44,0.5535341001239218,32,0,0.0
hamming6_2,64,192,1,1.5,1.5,5,32,31.84,0.36660605559646725,32,0,0.0
hamming6_2,64,192,1,1.5,1.5,6,32,31.96,0.19595917942265423,32,0,0.0
hamming6_2,64,192,1,1.5,1.5,7,32,32.0,0.0,32,0,0.0
hamming6_2,64,192,1,1.5,1.5,8,32,32.0,0.0,32,0,0.0
hamming6_2,64,192,1,1.5,1.5,10,32,32.0,0.0,32,0,0.0
hamming6_2,64,192,1,1.5,1.5,12,32,32.0,0.0,32,0,0.0
hamming6_2,64,192,1,1.5,1.5,15,32,32.0,0.0,32,0,0.0
hamming6_2,64,192,1,1.5,1.5,18,32,32.0,0.0,32,0,0.0
hamming6_2,64,192,1,1.5,1.5,20,32,32.0,0.0,32,0,0.0
hamming6_2,64,192,1,1.5,1.5,25,32,32.0,0.0,32,0,0.0
hamming6_2,64,192,1,1.5,1.5,30,32,32.0,0.0,32,0,0.0
hamming6_2,64,192,1,1.5,1.5,40,32,32.0,0.0,32,0,0.0
hamming6_2,64,192,1,1.5,1.5,50,32,32.0,0.0,32,0,0.0
hamming6_2,64,192,1,1.5,1.5,75,32,31.7,1.7058722109231979,32,0,0.0
hamming6_2,64,192,1,1.5,1.5,100,32,31.4,2.3748684174075834,32,0,0.0
hamming6_2,64,192,1,2,2,3,32,30.73,0.7050531894828928,32,0,0.0
hamming6_2,64,192,1,2,2,4,32,31.52,0.4995998398718718,32,0,0.0
hamming6_2,64,192,1,2,2,5,32,31.88,0.3249615361854384,32,0,0.0
hamming6_2,64,192,1,2,2,6,32,31.99,0.09949874371066199,32,0,0.0
hamming6_2,64,192,1,2,2,7,32,32.0,0.0,32,0,0.0
hamming6_2,64,192,1,2,2,8,32,32.0,0.0,32,0,0.0
hamming6_2,64,192,1,2,2,10,32,32.0,0.0,32,0,0.0
hamming6_2,64,192,1,2,2,12,32,32.0,0.0,32,0,0.0
hamming6_2,64,192,1,2,2,15,32,32.0,0.0,32,0,0.0
hamming6_2,64,192,1,2,2,18,32,31.9,0.9949874371066202,32,0,0.0
hamming6_2,64,192,1,2,2,20,32,31.8,1.4282856857085697,32,0,0.0
hamming6_2,64,192,1,2,2,25,32,31.8,1.4000000000000001,32,0,0.0
hamming6_2,64,192,1,2,2,30,32,31.9,0.9949874371066203,32,0,0.0
hamming6_2,64,192,1,2,2,40,32,30.93,3.1024345279151344,32,0,0.0
hamming6_2,64,192,1,2,2,50,32,31.18,2.787041442103077,32,0,0.0
hamming6_2,64,192,1,2,2,75,32,30.61,3.492549212251704,32,0,0.0
hamming6_2,64,192,1,2,2,100,32,30.36,3.721612553719153,32,0,0.0
hamming6_2,64,192,1,2.5,2.5,3,32,30.81,0.6737210105080588,32,0,0.0
hamming6_2,64,192,1,2.5,2.5,4,32,31.51,0.5384236250388722,32,0,0.0
hamming6_2,64,192,1,2.5,2.5,5,32,31.87,0.3363034344160047,32,0,0.0
hamming6_2,64,192,1,2.5,2.5,6,32,31.98,0.13999999999999999,32,0,0.0
hamming6_2,64,192,1,2.5,2.5,7,32,32.0,0.0,32,0,0.0
hamming6_2,64,192,1,2.5,2.5,8,32,32.0,0.0,32,0,0.0
hamming6_2,64,192,1,2.5,2.5,10,32,32.0,0.0,32,0,0.0
hamming6_2,64,192,1,2.5,2.5,12,32,32.0,0.0,32,0,0.0
hamming6_2,64,192,1,2.5,2.5,15,32,31.8,1.4,32,0,0.0
hamming6_2,64,192,1,2.5,2.5,18,32,31.63,1.8849668432097155,32,0,0.0
hamming6_2,64,192,1,2.5,2.5,20,32,31.68,1.826909959467078,32,0,0.0
hamming6_2,64,192,1,2.5,2.5,25,32,31.7,1.6093476939431082,32,0,0.0
hamming6_2,64,192,1,2.5,2.5,30,32,30.81,3.16131301835171,32,0,0.0
hamming6_2,64,192,1,2.5,2.5,40,32,30.51,3.3896755006932455,32,0,0.0
hamming6_2,64,192,1,2.5,2.5,50,32,29.88,3.9806532127277805,32,0,0.0
hamming6_2,64,192,1,2.5,2.5,75,32,27.99,4.546416171007666,32,0,0.0
hamming6_2,64,192,1,2.5,2.5,100,32,26.71,5.010578808880267,32,0,0.0
hamming6_2,64,192,1,3,3,3,32,30.78,0.6720119046564577,32,0,0.0
hamming6_2,64,192,1,3,3,4,32,31.51,0.5195190083144215,32,0,0.0
hamming6_2,64,192,1,3,3,5,32,31.87,0.3363034344160047,32,0,0.0
hamming6_2,64,192,1,3,3,6,32,31.96,0.19595917942265423,32,0,0.0
hamming6_2,64,192,1,3,3,7,32,32.0,0.0,32,0,0.0
hamming6_2,64,192,1,3,3,8,32,32.0,0.0,32,0,0.0
hamming6_2,64,192,1,3,3,10,32,32.0,0.0,32,0,0.0
hamming6_2,64,192,1,3,3,12,32,31.9,0.9949874371066201,32,0,0.0
hamming6_2,64,192,1,3,3,15,32,31.58,2.0648486627353586,32,0,0.0
hamming6_2,64,192,1,3,3,18,32,31.6,1.9949937343260005,32,0,0.0
hamming6_2,64,192,1,3,3,20,32,31.08,2.9552664854459403,32,0,0.0
hamming6_2,64,192,1,3,3,25,32,31.3,2.3979157616563596,32,0,0.0
hamming6_2,64,192,1,3,3,30,32,30.5,3.442382895611701,32,0,0.0
hamming6_2,64,192,1,3,3,40,32,29.59,4.113623706660588,32,0,0.0
hamming6_2,64,192,1,3,3,50,32,28.78,4.323378308684078,32,0,0.0
hamming6_2,64,192,1,3,3,75,32,26.96,4.688112626633452,32,0,0.0
hamming6_2,64,192,1,3,3,100,32,26.03,4.805111861341003,32,0,0.0
hamming6_2,64,192,1,3.5,3.5,3,32,30.8,0.692820323027551,32,0,0.0
hamming6_2,64,192,1,3.5,3.5,4,32,31.48,0.5192301994298867,32,0,0.0
hamming6_2,64,192,1,3.5,3.5,5,32,31.86,0.34698703145794946,32,0,0.0
hamming6_2,64,192,1,3.5,3.5,6,32,31.96,0.19595917942265423,32,0,0.0
hamming6_2,64,192,1,3.5,3.5,7,32,32.0,0.0,32,0,0.0
hamming6_2,64,192,1,3.5,3.5,8,32,31.99,0.09949874371066199,32,0,0.0
hamming6_2,64,192,1,3.5,3.5,10,32,31.99,0.09949874371066199,32,0,0.0
hamming6_2,64,192,1,3.5,3.5,12,32,31.99,0.09949874371066199,32,0,0.0
hamming6_2,64,192,1,3.5,3.5,15,32,31.52,2.1141428523162764,32,0,0.0
hamming6_2,64,192,1,3.5,3.5,18,32,31.23,2.6901858671846446,32,0,0.0
hamming6_2,64,192,1,3.5,3.5,20,32,31.05,2.840334487344757,32,0,0.0
hamming6_2,64,192,1,3.5,3.5,25,32,31.07,2.6953849446785894,32,0,0.0
hamming6_2,64,192,1,3.5,3.5,30,32,30.37,3.500442829128909,32,0,0.0
hamming6_2,64,192,1,3.5,3.5,40,32,29.47,4.131476733566341,32,0,0.0
hamming6_2,64,192,1,3.5,3.5,50,32,28.58,4.377624926829617,32,0,0.0
hamming6_2,64,192,1,3.5,3.5,75,32,26.92,4.6468914340664345,32,0,0.0
hamming6_2,64,192,1,3.5,3.5,100,32,25.97,4.830020703889374,32,0,0.0
hamming6_2,64,192,1,4,4,3,32,30.77,0.6760917097554148,32,0,0.0
hamming6_2,64,192,1,4,4,4,32,31.5,0.5,32,0,0.0
hamming6_2,64,192,1,4,4,5,32,31.85,0.3570714214271424,32,0,0.0
hamming6_2,64,192,1,4,4,6,32,31.97,0.17058722109231983,32,0,0.0
hamming6_2,64,192,1,4,4,7,32,32.0,0.0,32,0,0.0
hamming6_2,64,192,1,4,4,8,32,31.99,0.09949874371066199,32,0,0.0
hamming6_2,64,192,1,4,4,10,32,31.99,0.09949874371066199,32,0,0.0
hamming6_2,64,192,1,4,4,12,32,31.76,1.4150618361046983,32,0,0.0
hamming6_2,64,192,1,4,4,15,32,31.37,2.3565016443872895,32,0,0.0
hamming6_2,64,192,1,4,4,18,32,31.2,2.5495097567963922,32,0,0.0
hamming6_2,64,192,1,4,4,20,32,31.08,2.7809350945320532,32,0,0.0
hamming6_2,64,192,1,4,4,25,32,31.03,2.740273708956826,32,0,0.0
hamming6_2,64,192,1,4,4,30,32,30.27,3.5940367276921363,32,0,0.0
hamming6_2,64,192,1,4,4,40,32,29.47,4.131476733566341,32,0,0.0
hamming6_2,64,192,1,4,4,50,32,28.58,4.377624926829617,32,0,0.0
hamming6_2,64,192,1,4,4,75,32,26.92,4.6468914340664345,32,0,0.0
hamming6_2,64,192,1,4,4,100,32,25.97,4.830020703889374,32,0,0.0
hamming6_2,64,192,1,4.5,4.5,3,32,30.79,0.6677574409918619,32,0,0.0
hamming6_2,64,192,1,4.5,4.5,4,32,31.5,0.5,32,0,0.0
hamming6_2,64,192,1,4.5,4.5,5,32,31.85,0.35707142142714243,32,0,0.0
hamming6_2,64,192,1,4.5,4.5,6,32,31.97,0.17058722109231983,32,0,0.0
hamming6_2,64,192,1,4.5,4.5,7,32,32.0,0.0,32,0,0.0
hamming6_2,64,192,1,4.5,4.5,8,32,31.99,0.09949874371066199,32,0,0.0
hamming6_2,64,192,1,4.5,4.5,10,32,31.99,0.09949874371066199,32,0,0.0
hamming6_2,64,192,1,4.5,4.5,12,32,31.75,1.479019945774904,32,0,0.0
hamming6_2,64,192,1,4.5,4.5,15,32,31.37,2.3565016443872895,32,0,0.0
hamming6_2,64,192,1,4.5,4.5,18,32,31.2,2.5495097567963922,32,0,0.0
hamming6_2,64,192,1,4.5,4.5,20,32,31.08,2.7809350945320532,32,0,0.0
hamming6_2,64,192,1,4.5,4.5,25,32,31.03,2.740273708956826,32,0,0.0
hamming6_2,64,192,1,4.5,4.5,30,32,30.27,3.5940367276921363,32,0,0.0
hamming6_2,64,192,1,4.5,4.5,40,32,29.47,4.131476733566341,32,0,0.0
hamming6_2,64,192,1,4.5,4.5,50,32,28.58,4.377624926829617,32,0,0.0
hamming6_2,64,192,1,4.5,4.5,75,32,26.92,4.6468914340664345,32,0,0.0
hamming6_2,64,192,1,4.5,4.5,100,32,25.97,4.830020703889374,32,0,0.0
hamming6_2,64,192,1,5,5,3,32,30.8,0.6782329983125269,32,0,0.0
hamming6_2,64,192,1,5,5,4,32,31.5,0.5,32,0,0.0
hamming6_2,64,192,1,5,5,5,32,31.85,0.35707142142714243,32,0,0.0
hamming6_2,64,192,1,5,5,6,32,31.97,0.17058722109231983,32,0,0.0
hamming6_2,64,192,1,5,5,7,32,31.99,0.09949874371066196,32,0,0.0
hamming6_2,64,192,1,5,5,8,32,31.99,0.09949874371066199,32,0,0.0
hamming6_2,64,192,1,5,5,10,32,31.99,0.09949874371066199,32,0,0.0
hamming6_2,64,192,1,5,5,12,32,31.75,1.479019945774904,32,0,0.0
hamming6_2,64,192,1,5,5,15,32,31.37,2.3565016443872895,32,0,0.0
hamming6_2,64,192,1,5,5,18,32,31.2,2.5495097567963922,32,0,0.0
hamming6_2,64,192,1,5,5,20,32,31.08,2.7809350945320532,32,0,0.0
hamming6_2,64,192,1,5,5,25,32,31.03,2.740273708956826,32,0,0.0
hamming6_2,64,192,1,5,5,30,32,30.27,3.5940367276921363,32,0,0.0
hamming6_2,64,192,1,5,5,40,32,29.47,4.131476733566341,32,0,0.0
hamming6_2,64,192,1,5,5,50,32,28.58,4.377624926829617,32,0,0.0
hamming6_2,64,192,1,5,5,75,32,26.92,4.6468914340664345,32,0,0.0
hamming6_2,64,192,1,5,5,100,32,25.97,4.830020703889374,32,0,0.0
hamming6_4,64,1312,1,1.0,1.0,3,4,3.8,0.4,4,0,0.0
hamming6_4,64,1312,1,1.0,1.0,4,4,3.95,0.21794494717703367,4,0,0.0
hamming6_4,64,1312,1,1.0,1.0,5,4,4.0,0.0,4,0,0.0
hamming6_4,64,1312,1,1.0,1.0,6,4,4.0,0.0,4,0,0.0
hamming6_4,64,1312,1,1.0,1.0,7,4,4.0,0.0,4,0,0.0
hamming6_4,64,1312,1,1.0,1.0,8,4,4.0,0.0,4,0,0.0
hamming6_4,64,1312,1,1.0,1.0,10,4,4.0,0.0,4,0,0.0
hamming6_4,64,1312,1,1.0,1.0,12,4,4.0,0.0,4,0,0.0
hamming6_4,64,1312,1,1.0,1.0,15,4,4.0,0.0,4,0,0.0
hamming6_4,64,1312,1,1.0,1.0,18,4,4.0,0.0,4,0,0.0
hamming6_4,64,1312,1,1.0,1.0,20,4,4.0,0.0,4,0,0.0
hamming6_4,64,1312,1,1.0,1.0,25,4,4.0,0.0,4,0,0.0
hamming6_4,64,1312,1,1.0,1.0,30,4,4.0,0.0,4,0,0.0
hamming6_4,64,1312,1,1.0,1.0,40,4,4.0,0.0,4,0,0.0
hamming6_4,64,1312,1,1.0,1.0,50,4,4.0,0.0,4,0,0.0
hamming6_4,64,1312,1,1.0,1.0,75,4,4.0,0.0,4,0,0.0
hamming6_4,64,1312,1,1.0,1.0,100,4,4.0,0.0,4,0,0.0
hamming6_4,64,1312,1,1.5,1.5,3,4,4.0,0.0,4,0,0.0
hamming6_4,64,1312,1,1.5,1.5,4,4,4.0,0.0,4,0,0.0
hamming6_4,64,1312,1,1.5,1.5,5,4,4.0,0.0,4,0,0.0
hamming6_4,64,1312,1,1.5,1.5,6,4,4.0,0.0,4,0,0.0
hamming6_4,64,1312,1,1.5,1.5,7,4,4.0,0.0,4,0,0.0
hamming6_4,64,1312,1,1.5,1.5,8,4,4.0,0.0,4,0,0.0
hamming6_4,64,1312,1,1.5,1.5,10,4,4.0,0.0,4,0,0.0
hamming6_4,64,1312,1,1.5,1.5,12,4,4.0,0.0,4,0,0.0
hamming6_4,64,1312,1,1.5,1.5,15,4,4.0,0.0,4,0,0.0
hamming6_4,64,1312,1,1.5,1.5,18,4,4.0,0.0,4,0,0.0
hamming6_4,64,1312,1,1.5,1.5,20,4,4.0,0.0,4,0,0.0
hamming6_4,64,1312,1,1.5,1.5,25,4,4.0,0.0,4,0,0.0
hamming6_4,64,1312,1,1.5,1.5,30,4,4.0,0.0,4,0,0.0
hamming6_4,64,1312,1,1.5,1.5,40,4,4.0,0.0,4,0,0.0
hamming6_4,64,1312,1,1.5,1.5,50,4,4.0,0.0,4,0,0.0
hamming6_4,64,1312,1,1.5,1.5,75,4,4.0,0.0,4,0,0.0
hamming6_4,64,1312,1,1.5,1.5,100,4,4.0,0.0,4,0,0.0
hamming6_4,64,1312,1,2,2,3,4,4.0,0.0,4,0,0.0
hamming6_4,64,1312,1,2,2,4,4,4.0,0.0,4,0,0.0
hamming6_4,64,1312,1,2,2,5,4,4.0,0.0,4,0,0.0
hamming6_4,64,1312,1,2,2,6,4,4.0,0.0,4,0,0.0
hamming6_4,64,1312,1,2,2,7,4,4.0,0.0,4,0,0.0
hamming6_4,64,1312,1,2,2,8,4,4.0,0.0,4,0,0.0
hamming6_4,64,1312,1,2,2,10,4,4.0,0.0,4,0,0.0
hamming6_4,64,1312,1,2,2,12,4,4.0,0.0,4,0,0.0
hamming6_4,64,1312,1,2,2,15,4,4.0,0.0,4,0,0.0
hamming6_4,64,1312,1,2,2,18,4,4.0,0.0,4,0,0.0
hamming6_4,64,1312,1,2,2,20,4,4.0,0.0,4,0,0.0
hamming6_4,64,1312,1,2,2,25,4,4.0,0.0,4,0,0.0
hamming6_4,64,1312,1,2,2,30,4,4.0,0.0,4,0,0.0
hamming6_4,64,1312,1,2,2,40,4,4.0,0.0,4,0,0.0
hamming6_4,64,1312,1,2,2,50,4,4.0,0.0,4,0,0.0
hamming6_4,64,1312,1,2,2,75,4,4.0,0.0,4,0,0.0
hamming6_4,64,1312,1,2,2,100,4,4.0,0.0,4,0,0.0
hamming6_4,64,1312,1,2.5,2.5,3,4,4.0,0.0,4,0,0.0
hamming6_4,64,1312,1,2.5,2.5,4,4,4.0,0.0,4,0,0.0
hamming6_4,64,1312,1,2.5,2.5,5,4,4.0,0.0,4,0,0.0
hamming6_4,64,1312,1,2.5,2.5,6,4,4.0,0.0,4,0,0.0
hamming6_4,64,1312,1,2.5,2.5,7,4,4.0,0.0,4,0,0.0
hamming6_4,64,1312,1,2.5,2.5,8,4,4.0,0.0,4,0,0.0
hamming6_4,64,1312,1,2.5,2.5,10,4,4.0,0.0,4,0,0.0
hamming6_4,64,1312,1,2.5,2.5,12,4,4.0,0.0,4,0,0.0
hamming6_4,64,1312,1,2.5,2.5,15,4,4.0,0.0,4,0,0.0
hamming6_4,64,1312,1,2.5,2.5,18,4,4.0,0.0,4,0,0.0
hamming6_4,64,1312,1,2.5,2.5,20,4,4.0,0.0,4,0,0.0
hamming6_4,64,1312,1,2.5,2.5,25,4,4.0,0.0,4,0,0.0
hamming6_4,64,1312,1,2.5,2.5,30,4,4.0,0.0,4,0,0.0
hamming6_4,64,1312,1,2.5,2.5,40,4,4.0,0.0,4,0,0.0
hamming6_4,64,1312,1,2.5,2.5,50,4,4.0,0.0,4,0,0.0
hamming6_4,64,1312,1,2.5,2.5,75,4,4.0,0.0,4,0,0.0
hamming6_4,64,1312,1,2.5,2.5,100,4,4.0,0.0,4,0,0.0
hamming6_4,64,1312,1,3,3,3,4,4.0,0.0,4,0,0.0
hamming6_4,64,1312,1,3,3,4,4,4.0,0.0,4,0,0.0
hamming6_4,64,1312,1,3,3,5,4,4.0,0.0,4,0,0.0
hamming6_4,64,1312,1,3,3,6,4,4.0,0.0,4,0,0.0
hamming6_4,64,1312,1,3,3,7,4,4.0,0.0,4,0,0.0
hamming6_4,64,1312,1,3,3,8,4,4.0,0.0,4,0,0.0
hamming6_4,64,1312,1,3,3,10,4,4.0,0.0,4,0,0.0
hamming6_4,64,1312,1,3,3,12,4,4.0,0.0,4,0,0.0
hamming6_4,64,1312,1,3,3,15,4,4.0,0.0,4,0,0.0
hamming6_4,64,1312,1,3,3,18,4,4.0,0.0,4,0,0.0
hamming6_4,64,1312,1,3,3,20,4,4.0,0.0,4,0,0.0
hamming6_4,64,1312,1,3,3,25,4,4.0,0.0,4,0,0.0
hamming6_4,64,1312,1,3,3,30,4,4.0,0.0,4,0,0.0
hamming6_4,64,1312,1,3,3,40,4,4.0,0.0,4,0,0.0
hamming6_4,64,1312,1,3,3,50,4,4.0,0.0,4,0,0.0
hamming6_4,64,1312,1,3,3,75,4,3.98,0.19899748742132398,4,0,0.0
hamming6_4,64,1312,1,3,3,100,4,3.98,0.19899748742132398,4,0,0.0
hamming6_4,64,1312,1,3.5,3.5,3,4,4.0,0.0,4,0,0.0
hamming6_4,64,1312,1,3.5,3.5,4,4,4.0,0.0,4,0,0.0
hamming6_4,64,1312,1,3.5,3.5,5,4,4.0,0.0,4,0,0.0
hamming6_4,64,1312,1,3.5,3.5,6,4,4.0,0.0,4,0,0.0
hamming6_4,64,1312,1,3.5,3.5,7,4,4.0,0.0,4,0,0.0
hamming6_4,64,1312,1,3.5,3.5,8,4,4.0,0.0,4,0,0.0
hamming6_4,64,1312,1,3.5,3.5,10,4,4.0,0.0,4,0,0.0
hamming6_4,64,1312,1,3.5,3.5,12,4,4.0,0.0,4,0,0.0
hamming6_4,64,1312,1,3.5,3.5,15,4,4.0,0.0,4,0,0.0
hamming6_4,64,1312,1,3.5,3.5,18,4,4.0,0.0,4,0,0.0
hamming6_4,64,1312,1,3.5,3.5,20,4,4.0,0.0,4,0,0.0
hamming6_4,64,1312,1,3.5,3.5,25,4,4.0,0.0,4,0,0.0
hamming6_4,64,1312,1,3.5,3.5,30,4,4.0,0.0,4,0,0.0
hamming6_4,64,1312,1,3.5,3.5,40,4,4.0,0.0,4,0,0.0
hamming6_4,64,1312,1,3.5,3.5,50,4,3.98,0.19899748742132398,4,0,0.0
hamming6_4,64,1312,1,3.5,3.5,75,4,3.98,0.19899748742132398,4,0,0.0
hamming6_4,64,1312,1,3.5,3.5,100,4,3.98,0.19899748742132398,4,0,0.0
hamming6_4,64,1312,1,4,4,3,4,4.0,0.0,4,0,0.0
hamming6_4,64,1312,1,4,4,4,4,4.0,0.0,4,0,0.0
hamming6_4,64,1312,1,4,4,5,4,4.0,0.0,4,0,0.0
hamming6_4,64,1312,1,4,4,6,4,4.0,0.0,4,0,0.0
hamming6_4,64,1312,1,4,4,7,4,4.0,0.0,4,0,0.0
hamming6_4,64,1312,1,4,4,8,4,4.0,0.0,4,0,0.0
hamming6_4,64,1312,1,4,4,10,4,4.0,0.0,4,0,0.0
hamming6_4,64,1312,1,4,4,12,4,4.0,0.0,4,0,0.0
hamming6_4,64,1312,1,4,4,15,4,4.0,0.0,4,0,0.0
hamming6_4,64,1312,1,4,4,18,4,4.0,0.0,4,0,0.0
hamming6_4,64,1312,1,4,4,20,4,4.0,0.0,4,0,0.0
hamming6_4,64,1312,1,4,4,25,4,4.0,0.0,4,0,0.0
hamming6_4,64,1312,1,4,4,30,4,4.0,0.0,4,0,0.0
hamming6_4,64,1312,1,4,4,40,4,4.0,0.0,4,0,0.0
hamming6_4,64,1312,1,4,4,50,4,3.98,0.19899748742132398,4,0,0.0
hamming6_4,64,1312,1,4,4,75,4,3.98,0.19899748742132398,4,0,0.0
hamming6_4,64,1312,1,4,4,100,4,3.98,0.19899748742132398,4,0,0.0
hamming6_4,64,1312,1,4.5,4.5,3,4,4.0,0.0,4,0,0.0
hamming6_4,64,1312,1,4.5,4.5,4,4,4.0,0.0,4,0,0.0
hamming6_4,64,1312,1,4.5,4.5,5,4,4.0,0.0,4,0,0.0
hamming6_4,64,1312,1,4.5,4.5,6,4,4.0,0.0,4,0,0.0
hamming6_4,64,1312,1,4.5,4.5,7,4,4.0,0.0,4,0,0.0
hamming6_4,64,1312,1,4.5,4.5,8,4,4.0,0.0,4,0,0.0
hamming6_4,64,1312,1,4.5,4.5,10,4,4.0,0.0,4,0,0.0
hamming6_4,64,1312,1,4.5,4.5,12,4,4.0,0.0,4,0,0.0
hamming6_4,64,1312,1,4.5,4.5,15,4,4.0,0.0,4,0,0.0
hamming6_4,64,1312,1,4.5,4.5,18,4,4.0,0.0,4,0,0.0
hamming6_4,64,1312,1,4.5,4.5,20,4,4.0,0.0,4,0,0.0
hamming6_4,64,1312,1,4.5,4.5,25,4,4.0,0.0,4,0,0.0
hamming6_4,64,1312,1,4.5,4.5,30,4,4.0,0.0,4,0,0.0
hamming6_4,64,1312,1,4.5,4.5,40,4,4.0,0.0,4,0,0.0
hamming6_4,64,1312,1,4.5,4.5,50,4,3.98,0.19899748742132398,4,0,0.0
hamming6_4,64,1312,1,4.5,4.5,75,4,3.98,0.19899748742132398,4,0,0.0
hamming6_4,64,1312,1,4.5,4.5,100,4,3.98,0.19899748742132398,4,0,0.0
hamming6_4,64,1312,1,5,5,3,4,4.0,0.0,4,0,0.0
hamming6_4,64,1312,1,5,5,4,4,4.0,0.0,4,0,0.0
hamming6_4,64,1312,1,5,5,5,4,4.0,0.0,4,0,0.0
hamming6_4,64,1312,1,5,5,6,4,4.0,0.0,4,0,0.0
hamming6_4,64,1312,1,5,5,7,4,4.0,0.0,4,0,0.0
hamming6_4,64,1312,1,5,5,8,4,4.0,0.0,4,0,0.0
hamming6_4,64,1312,1,5,5,10,4,4.0,0.0,4,0,0.0
hamming6_4,64,1312,1,5,5,12,4,4.0,0.0,4,0,0.0
hamming6_4,64,1312,1,5,5,15,4,4.0,0.0,4,0,0.0
hamming6_4,64,1312,1,5,5,18,4,4.0,0.0,4,0,0.0
hamming6_4,64,1312,1,5,5,20,4,4.0,0.0,4,0,0.0
hamming6_4,64,1312,1,5,5,25,4,4.0,0.0,4,0,0.0
hamming6_4,64,1312,1,5,5,30,4,4.0,0.0,4,0,0.0
hamming6_4,64,1312,1,5,5,40,4,4.0,0.0,4,0,0.0
hamming6_4,64,1312,1,5,5,50,4,3.98,0.19899748742132398,4,0,0.0
hamming6_4,64,1312,1,5,5,75,4,3.98,0.19899748742132398,4,0,0.0
hamming6_4,64,1312,1,5,5,100,4,3.98,0.19899748742132398,4,0,0.0
johnson16_2_4,120,1680,1,1.0,1.0,3,7,3.05,1.2678722333105965,8,1,0.125
johnson16_2_4,120,1680,1,1.0,1.0,4,8,3.17,1.3270644294833616,8,0,0.0
johnson16_2_4,120,1680,1,1.0,1.0,5,8,3.6,1.7320508075688774,8,0,0.0
johnson16_2_4,120,1680,1,1.0,1.0,6,8,3.65,1.7051392904979934,8,0,0.0
johnson16_2_4,120,1680,1,1.0,1.0,7,8,3.76,1.8874321179846443,8,0,0.0
johnson16_2_4,120,1680,1,1.0,1.0,8,8,4.24,2.1685017869487684,8,0,0.0
johnson16_2_4,120,1680,1,1.0,1.0,10,8,5.33,2.276202978646676,8,0,0.0
johnson16_2_4,120,1680,1,1.0,1.0,12,8,5.9,2.2248595461286986,8,0,0.0
johnson16_2_4,120,1680,1,1.0,1.0,15,8,6.57,1.9659857578324416,8,0,0.0
johnson16_2_4,120,1680,1,1.0,1.0,18,8,6.77,1.9690352967887603,8,0,0.0
johnson16_2_4,120,1680,1,1.0,1.0,20,8,7.18,1.6023732399163437,8,0,0.0
johnson16_2_4,120,1680,1,1.0,1.0,25,8,7.75,0.7123903424387503,8,0,0.0
johnson16_2_4,120,1680,1,1.0,1.0,30,8,7.89,0.31288975694324034,8,0,0.0
johnson16_2_4,120,1680,1,1.0,1.0,40,8,7.91,0.28618176042508375,8,0,0.0
johnson16_2_4,120,1680,1,1.0,1.0,50,8,8.0,0.0,8,0,0.0
johnson16_2_4,120,1680,1,1.0,1.0,75,8,7.99,0.09949874371066199,8,0,0.0
johnson16_2_4,120,1680,1,1.0,1.0,100,8,8.0,0.0,8,0,0.0
johnson16_2_4,120,1680,1,1.5,1.5,3,8,5.04,2.153694500155489,8,0,0.0
johnson16_2_4,120,1680,1,1.5,1.5,4,8,7.01,1.1445086281894077,8,0,0.0
johnson16_2_4,120,1680,1,1.5,1.5,5,8,7.69,0.48363209157374987,8,0,0.0
johnson16_2_4,120,1680,1,1.5,1.5,6,8,7.89,0.31288975694324034,8,0,0.0
johnson16_2_4,120,1680,1,1.5,1.5,7,8,7.92,0.2712931993250107,8,0,0.0
johnson16_2_4,120,1680,1,1.5,1.5,8,8,7.98,0.13999999999999999,8,0,0.0
johnson16_2_4,120,1680,1,1.5,1.5,10,8,8.0,0.0,8,0,0.0
johnson16_2_4,120,1680,1,1.5,1.5,12,8,8.0,0.0,8,0,0.0
johnson16_2_4,120,1680,1,1.5,1.5,15,8,8.0,0.0,8,0,0.0
johnson16_2_4,120,1680,1,1.5,1.5,18,8,8.0,0.0,8,0,0.0
johnson16_2_4,120,1680,1,1.5,1.5,20,8,8.0,0.0,8,0,0.0
johnson16_2_4,120,1680,1,1.5,1.5,25,8,8.0,0.0,8,0,0.0
johnson16_2_4,120,1680,1,1.5,1.5,30,8,8.0,0.0,8,0,0.0
johnson16_2_4,120,1680,1,1.5,1.5,40,8,8.0,0.0,8,0,0.0
johnson16_2_4,120,1680,1,1.5,1.5,50,8,8.0,0.0,8,0,0.0
johnson16_2_4,120,1680,1,1.5,1.5,75,8,8.0,0.0,8,0,0.0
johnson16_2_4,120,1680,1,1.5,1.5,100,8,8.0,0.0,8,0,0.0
johnson16_2_4,120,1680,1,2,2,3,8,7.64,0.5003998401278722,8,0,0.0
johnson16_2_4,120,1680,1,2,2,4,8,7.97,0.1705872210923198,8,0,0.0
johnson16_2_4,120,1680,1,2,2,5,8,8.0,0.0,8,0,0.0
johnson16_2_4,120,1680,1,2,2,6,8,8.0,0.0,8,0,0.0
johnson16_2_4,120,1680,1,2,2,7,8,8.0,0.0,8,0,0.0
johnson16_2_4,120,1680,1,2,2,8,8,8.0,0.0,8,0,0.0
johnson16_2_4,120,1680,1,2,2,10,8,8.0,0.0,8,0,0.0
johnson16_2_4,120,1680,1,2,2,12,8,8.0,0.0,8,0,0.0
johnson16_2_4,120,1680,1,2,2,15,8,8.0,0.0,8,0,0.0
johnson16_2_4,120,1680,1,2,2,18,8,8.0,0.0,8,0,0.0
johnson16_2_4,120,1680,1,2,2,20,8,8.0,0.0,8,0,0.0
johnson16_2_4,120,1680,1,2,2,25,8,8.0,0.0,8,0,0.0
johnson16_2_4,120,1680,1,2,2,30,8,8.0,0.0,8,0,0.0
johnson16_2_4,120,1680,1,2,2,40,8,8.0,0.0,8,0,0.0
johnson16_2_4,120,1680,1,2,2,50,8,8.0,0.0,8,0,0.0
johnson16_2_4,120,1680,1,2,2,75,8,8.0,0.0,8,0,0.0
johnson16_2_4,120,1680,1,2,2,100,8,8.0,0.0,8,0,0.0
johnson16_2_4,120,1680,1,2.5,2.5,3,8,7.95,0.21794494717703367,8,0,0.0
johnson16_2_4,120,1680,1,2.5,2.5,4,8,8.0,0.0,8,0,0.0
johnson16_2_4,120,1680,1,2.5,2.5,5,8,8.0,0.0,8,0,0.0
johnson16_2_4,120,1680,1,2.5,2.5,6,8,8.0,0.0,8,0,0.0
johnson16_2_4,120,1680,1,2.5,2.5,7,8,8.0,0.0,8,0,0.0
johnson16_2_4,120,1680,1,2.5,2.5,8,8,8.0,0.0,8,0,0.0
johnson16_2_4,120,1680,1,2.5,2.5,10,8,8.0,0.0,8,0,0.0
johnson16_2_4,120,1680,1,2.5,2.5,12,8,8.0,0.0,8,0,0.0
johnson16_2_4,120,1680,1,2.5,2.5,15,8,8.0,0.0,8,0,0.0
johnson16_2_4,120,1680,1,2.5,2.5,18,8,8.0,0.0,8,0,0.0
johnson16_2_4,120,1680,1,2.5,2.5,20,8,8.0,0.0,8,0,0.0
johnson16_2_4,120,1680,1,2.5,2.5,25,8,8.0,0.0,8,0,0.0
johnson16_2_4,120,1680,1,2.5,2.5,30,8,8.0,0.0,8,0,0.0
johnson16_2_4,120,1680,1,2.5,2.5,40,8,8.0,0.0,8,0,0.0
johnson16_2_4,120,1680,1,2.5,2.5,50,8,8.0,0.0,8,0,0.0
johnson16_2_4,120,1680,1,2.5,2.5,75,8,8.0,0.0,8,0,0.0
johnson16_2_4,120,1680,1,2.5,2.5,100,8,8.0,0.0,8,0,0.0
johnson16_2_4,120,1680,1,3,3,3,8,8.0,0.0,8,0,0.0
johnson16_2_4,120,1680,1,3,3,4,8,8.0,0.0,8,0,0.0
johnson16_2_4,120,1680,1,3,3,5,8,8.0,0.0,8,0,0.0
johnson16_2_4,120,1680,1,3,3,6,8,8.0,0.0,8,0,0.0
johnson16_2_4,120,1680,1,3,3,7,8,8.0,0.0,8,0,0.0
johnson16_2_4,120,1680,1,3,3,8,8,8.0,0.0,8,0,0.0
johnson16_2_4,120,1680,1,3,3,10,8,8.0,0.0,8,0,0.0
johnson16_2_4,120,1680,1,3,3,12,8,8.0,0.0,8,0,0.0
johnson16_2_4,120,1680,1,3,3,15,8,8.0,0.0,8,0,0.0
johnson16_2_4,120,1680,1,3,3,18,8,8.0,0.0,8,0,0.0
johnson16_2_4,120,1680,1,3,3,20,8,8.0,0.0,8,0,0.0
johnson16_2_4,120,1680,1,3,3,25,8,8.0,0.0,8,0,0.0
johnson16_2_4,120,1680,1,3,3,30,8,8.0,0.0,8,0,0.0
johnson16_2_4,120,1680,1,3,3,40,8,8.0,0.0,8,0,0.0
johnson16_2_4,120,1680,1,3,3,50,8,8.0,0.0,8,0,0.0
johnson16_2_4,120,1680,1,3,3,75,8,8.0,0.0,8,0,0.0
johnson16_2_4,120,1680,1,3,3,100,8,8.0,0.0,8,0,0.0
johnson16_2_4,120,1680,1,3.5,3.5,3,8,8.0,0.0,8,0,0.0
johnson16_2_4,120,1680,1,3.5,3.5,4,8,8.0,0.0,8,0,0.0
johnson16_2_4,120,1680,1,3.5,3.5,5,8,8.0,0.0,8,0,0.0
johnson16_2_4,120,1680,1,3.5,3.5,6,8,8.0,0.0,8,0,0.0
johnson16_2_4,120,1680,1,3.5,3.5,7,8,8.0,0.0,8,0,0.0
johnson16_2_4,120,1680,1,3.5,3.5,8,8,8.0,0.0,8,0,0.0
johnson16_2_4,120,1680,1,3.5,3.5,10,8,8.0,0.0,8,0,0.0
johnson16_2_4,120,1680,1,3.5,3.5,12,8,8.0,0.0,8,0,0.0
johnson16_2_4,120,1680,1,3.5,3.5,15,8,8.0,0.0,8,0,0.0
johnson16_2_4,120,1680,1,3.5,3.5,18,8,8.0,0.0,8,0,0.0
johnson16_2_4,120,1680,1,3.5,3.5,20,8,8.0,0.0,8,0,0.0
johnson16_2_4,120,1680,1,3.5,3.5,25,8,8.0,0.0,8,0,0.0
johnson16_2_4,120,1680,1,3.5,3.5,30,8,8.0,0.0,8,0,0.0
johnson16_2_4,120,1680,1,3.5,3.5,40,8,8.0,0.0,8,0,0.0
johnson16_2_4,120,1680,1,3.5,3.5,50,8,8.0,0.0,8,0,0.0
johnson16_2_4,120,1680,1,3.5,3.5,75,8,8.0,0.0,8,0,0.0
johnson16_2_4,120,1680,1,3.5,3.5,100,8,8.0,0.0,8,0,0.0
johnson16_2_4,120,1680,1,4,4,3,8,8.0,0.0,8,0,0.0
johnson16_2_4,120,1680,1,4,4,4,8,8.0,0.0,8,0,0.0
johnson16_2_4,120,1680,1,4,4,5,8,8.0,0.0,8,0,0.0
johnson16_2_4,120,1680,1,4,4,6,8,8.0,0.0,8,0,0.0
johnson16_2_4,120,1680,1,4,4,7,8,8.0,0.0,8,0,0.0
johnson16_2_4,120,1680,1,4,4,8,8,8.0,0.0,8,0,0.0
johnson16_2_4,120,1680,1,4,4,10,8,8.0,0.0,8,0,0.0
johnson16_2_4,120,1680,1,4,4,12,8,8.0,0.0,8,0,0.0
johnson16_2_4,120,1680,1,4,4,15,8,8.0,0.0,8,0,0.0
johnson16_2_4,120,1680,1,4,4,18,8,8.0,0.0,8,0,0.0
johnson16_2_4,120,1680,1,4,4,20,8,8.0,0.0,8,0,0.0
johnson16_2_4,120,1680,1,4,4,25,8,8.0,0.0,8,0,0.0
johnson16_2_4,120,1680,1,4,4,30,8,8.0,0.0,8,0,0.0
johnson16_2_4,120,1680,1,4,4,40,8,8.0,0.0,8,0,0.0
johnson16_2_4,120,1680,1,4,4,50,8,8.0,0.0,8,0,0.0
johnson16_2_4,120,1680,1,4,4,75,8,8.0,0.0,8,0,0.0
johnson16_2_4,120,1680,1,4,4,100,8,8.0,0.0,8,0,0.0
johnson16_2_4,120,1680,1,4.5,4.5,3,8,8.0,0.0,8,0,0.0
johnson16_2_4,120,1680,1,4.5,4.5,4,8,8.0,0.0,8,0,0.0
johnson16_2_4,120,1680,1,4.5,4.5,5,8,8.0,0.0,8,0,0.0
johnson16_2_4,120,1680,1,4.5,4.5,6,8,8.0,0.0,8,0,0.0
johnson16_2_4,120,1680,1,4.5,4.5,7,8,8.0,0.0,8,0,0.0
johnson16_2_4,120,1680,1,4.5,4.5,8,8,8.0,0.0,8,0,0.0
johnson16_2_4,120,1680,1,4.5,4.5,10,8,8.0,0.0,8,0,0.0
johnson16_2_4,120,1680,1,4.5,4.5,12,8,8.0,0.0,8,0,0.0
johnson16_2_4,120,1680,1,4.5,4.5,15,8,8.0,0.0,8,0,0.0
johnson16_2_4,120,1680,1,4.5,4.5,18,8,8.0,0.0,8,0,0.0
johnson16_2_4,120,1680,1,4.5,4.5,20,8,8.0,0.0,8,0,0.0
johnson16_2_4,120,1680,1,4.5,4.5,25,8,8.0,0.0,8,0,0.0
johnson16_2_4,120,1680,1,4.5,4.5,30,8,8.0,0.0,8,0,0.0
johnson16_2_4,120,1680,1,4.5,4.5,40,8,8.0,0.0,8,0,0.0
johnson16_2_4,120,1680,1,4.5,4.5,50,8,8.0,0.0,8,0,0.0
johnson16_2_4,120,1680,1,4.5,4.5,75,8,8.0,0.0,8,0,0.0
johnson16_2_4,120,1680,1,4.5,4.5,100,8,8.0,0.0,8,0,0.0
johnson16_2_4,120,1680,1,5,5,3,8,8.0,0.0,8,0,0.0
johnson16_2_4,120,1680,1,5,5,4,8,8.0,0.0,8,0,0.0
johnson16_2_4,120,1680,1,5,5,5,8,8.0,0.0,8,0,0.0
johnson16_2_4,120,1680,1,5,5,6,8,8.0,0.0,8,0,0.0
johnson16_2_4,120,1680,1,5,5,7,8,8.0,0.0,8,0,0.0
johnson16_2_4,120,1680,1,5,5,8,8,8.0,0.0,8,0,0.0
johnson16_2_4,120,1680,1,5,5,10,8,8.0,0.0,8,0,0.0
johnson16_2_4,120,1680,1,5,5,12,8,8.0,0.0,8,0,0.0
johnson16_2_4,120,1680,1,5,5,15,8,8.0,0.0,8,0,0.0
johnson16_2_4,120,1680,1,5,5,18,8,8.0,0.0,8,0,0.0
johnson16_2_4,120,1680,1,5,5,20,8,8.0,0.0,8,0,0.0
johnson16_2_4,120,1680,1,5,5,25,8,8.0,0.0,8,0,0.0
johnson16_2_4,120,1680,1,5,5,30,8,8.0,0.0,8,0,0.0
johnson16_2_4,120,1680,1,5,5,40,8,8.0,0.0,8,0,0.0
johnson16_2_4,120,1680,1,5,5,50,8,8.0,0.0,8,0,0.0
johnson16_2_4,120,1680,1,5,5,75,8,8.0,0.0,8,0,0.0
johnson16_2_4,120,1680,1,5,5,100,8,8.0,0.0,8,0,0.0
johnson8_2_4,28,168,1,1.0,1.0,3,4,4.0,0.0,4,0,0.0
johnson8_2_4,28,168,1,1.0,1.0,4,4,4.0,0.0,4,0,0.0
johnson8_2_4,28,168,1,1.0,1.0,5,4,4.0,0.0,4,0,0.0
johnson8_2_4,28,168,1,1.0,1.0,6,4,4.0,0.0,4,0,0.0
johnson8_2_4,28,168,1,1.0,1.0,7,4,4.0,0.0,4,0,0.0
johnson8_2_4,28,168,1,1.0,1.0,8,4,4.0,0.0,4,0,0.0
johnson8_2_4,28,168,1,1.0,1.0,10,4,4.0,0.0,4,0,0.0
johnson8_2_4,28,168,1,1.0,1.0,12,4,4.0,0.0,4,0,0.0
johnson8_2_4,28,168,1,1.0,1.0,15,4,4.0,0.0,4,0,0.0
johnson8_2_4,28,168,1,1.0,1.0,18,4,4.0,0.0,4,0,0.0
johnson8_2_4,28,168,1,1.0,1.0,20,4,4.0,0.0,4,0,0.0
johnson8_2_4,28,168,1,1.0,1.0,25,4,4.0,0.0,4,0,0.0
johnson8_2_4,28,168,1,1.0,1.0,30,4,4.0,0.0,4,0,0.0
johnson8_2_4,28,168,1,1.0,1.0,40,4,4.0,0.0,4,0,0.0
johnson8_2_4,28,168,1,1.0,1.0,50,4,4.0,0.0,4,0,0.0
johnson8_2_4,28,168,1,1.0,1.0,75,4,4.0,0.0,4,0,0.0
johnson8_2_4,28,168,1,1.0,1.0,100,4,4.0,0.0,4,0,0.0
johnson8_2_4,28,168,1,1.5,1.5,3,4,4.0,0.0,4,0,0.0
johnson8_2_4,28,168,1,1.5,1.5,4,4,4.0,0.0,4,0,0.0
johnson8_2_4,28,168,1,1.5,1.5,5,4,4.0,0.0,4,0,0.0
johnson8_2_4,28,168,1,1.5,1.5,6,4,4.0,0.0,4,0,0.0
johnson8_2_4,28,168,1,1.5,1.5,7,4,4.0,0.0,4,0,0.0
johnson8_2_4,28,168,1,1.5,1.5,8,4,4.0,0.0,4,0,0.0
johnson8_2_4,28,168,1,1.5,1.5,10,4,4.0,0.0,4,0,0.0
johnson8_2_4,28,168,1,1.5,1.5,12,4,4.0,0.0,4,0,0.0
johnson8_2_4,28,168,1,1.5,1.5,15,4,4.0,0.0,4,0,0.0
johnson8_2_4,28,168,1,1.5,1.5,18,4,4.0,0.0,4,0,0.0
johnson8_2_4,28,168,1,1.5,1.5,20,4,4.0,0.0,4,0,0.0
johnson8_2_4,28,168,1,1.5,1.5,25,4,4.0,0.0,4,0,0.0
johnson8_2_4,28,168,1,1.5,1.5,30,4,4.0,0.0,4,0,0.0
johnson8_2_4,28,168,1,1.5,1.5,40,4,4.0,0.0,4,0,0.0
johnson8_2_4,28,168,1,1.5,1.5,50,4,4.0,0.0,4,0,0.0
johnson8_2_4,28,168,1,1.5,1.5,75,4,4.0,0.0,4,0,0.0
johnson8_2_4,28,168,1,1.5,1.5,100,4,4.0,0.0,4,0,0.0
johnson8_2_4,28,168,1,2,2,3,4,4.0,0.0,4,0,0.0
johnson8_2_4,28,168,1,2,2,4,4,4.0,0.0,4,0,0.0
johnson8_2_4,28,168,1,2,2,5,4,4.0,0.0,4,0,0.0
johnson8_2_4,28,168,1,2,2,6,4,4.0,0.0,4,0,0.0
johnson8_2_4,28,168,1,2,2,7,4,4.0,0.0,4,0,0.0
johnson8_2_4,28,168,1,2,2,8,4,4.0,0.0,4,0,0.0
johnson8_2_4,28,168,1,2,2,10,4,4.0,0.0,4,0,0.0
johnson8_2_4,28,168,1,2,2,12,4,4.0,0.0,4,0,0.0
johnson8_2_4,28,168,1,2,2,15,4,4.0,0.0,4,0,0.0
johnson8_2_4,28,168,1,2,2,18,4,4.0,0.0,4,0,0.0
johnson8_2_4,28,168,1,2,2,20,4,4.0,0.0,4,0,0.0
johnson8_2_4,28,168,1,2,2,25,4,4.0,0.0,4,0,0.0
johnson8_2_4,28,168,1,2,2,30,4,4.0,0.0,4,0,0.0
johnson8_2_4,28,168,1,2,2,40,4,4.0,0.0,4,0,0.0
johnson8_2_4,28,168,1,2,2,50,4,4.0,0.0,4,0,0.0
johnson8_2_4,28,168,1,2,2,75,4,4.0,0.0,4,0,0.0
johnson8_2_4,28,168,1,2,2,100,4,4.0,0.0,4,0,0.0
johnson8_2_4,28,168,1,2.5,2.5,3,4,4.0,0.0,4,0,0.0
johnson8_2_4,28,168,1,2.5,2.5,4,4,4.0,0.0,4,0,0.0
johnson8_2_4,28,168,1,2.5,2.5,5,4,4.0,0.0,4,0,0.0
johnson8_2_4,28,168,1,2.5,2.5,6,4,4.0,0.0,4,0,0.0
johnson8_2_4,28,168,1,2.5,2.5,7,4,4.0,0.0,4,0,0.0
johnson8_2_4,28,168,1,2.5,2.5,8,4,4.0,0.0,4,0,0.0
johnson8_2_4,28,168,1,2.5,2.5,10,4,4.0,0.0,4,0,0.0
johnson8_2_4,28,168,1,2.5,2.5,12,4,4.0,0.0,4,0,0.0
johnson8_2_4,28,168,1,2.5,2.5,15,4,4.0,0.0,4,0,0.0
johnson8_2_4,28,168,1,2.5,2.5,18,4,4.0,0.0,4,0,0.0
johnson8_2_4,28,168,1,2.5,2.5,20,4,4.0,0.0,4,0,0.0
johnson8_2_4,28,168,1,2.5,2.5,25,4,4.0,0.0,4,0,0.0
johnson8_2_4,28,168,1,2.5,2.5,30,4,4.0,0.0,4,0,0.0
johnson8_2_4,28,168,1,2.5,2.5,40,4,4.0,0.0,4,0,0.0
johnson8_2_4,28,168,1,2.5,2.5,50,4,4.0,0.0,4,0,0.0
johnson8_2_4,28,168,1,2.5,2.5,75,4,4.0,0.0,4,0,0.0
johnson8_2_4,28,168,1,2.5,2.5,100,4,4.0,0.0,4,0,0.0
johnson8_2_4,28,168,1,3,3,3,4,4.0,0.0,4,0,0.0
johnson8_2_4,28,168,1,3,3,4,4,4.0,0.0,4,0,0.0
johnson8_2_4,28,168,1,3,3,5,4,4.0,0.0,4,0,0.0
johnson8_2_4,28,168,1,3,3,6,4,4.0,0.0,4,0,0.0
johnson8_2_4,28,168,1,3,3,7,4,4.0,0.0,4,0,0.0
johnson8_2_4,28,168,1,3,3,8,4,4.0,0.0,4,0,0.0
johnson8_2_4,28,168,1,3,3,10,4,4.0,0.0,4,0,0.0
johnson8_2_4,28,168,1,3,3,12,4,4.0,0.0,4,0,0.0
johnson8_2_4,28,168,1,3,3,15,4,4.0,0.0,4,0,0.0
johnson8_2_4,28,168,1,3,3,18,4,4.0,0.0,4,0,0.0
johnson8_2_4,28,168,1,3,3,20,4,4.0,0.0,4,0,0.0
johnson8_2_4,28,168,1,3,3,25,4,4.0,0.0,4,0,0.0
johnson8_2_4,28,168,1,3,3,30,4,4.0,0.0,4,0,0.0
johnson8_2_4,28,168,1,3,3,40,4,4.0,0.0,4,0,0.0
johnson8_2_4,28,168,1,3,3,50,4,4.0,0.0,4,0,0.0
johnson8_2_4,28,168,1,3,3,75,4,4.0,0.0,4,0,0.0
johnson8_2_4,28,168,1,3,3,100,4,4.0,0.0,4,0,0.0
johnson8_2_4,28,168,1,3.5,3.5,3,4,4.0,0.0,4,0,0.0
johnson8_2_4,28,168,1,3.5,3.5,4,4,4.0,0.0,4,0,0.0
johnson8_2_4,28,168,1,3.5,3.5,5,4,4.0,0.0,4,0,0.0
johnson8_2_4,28,168,1,3.5,3.5,6,4,4.0,0.0,4,0,0.0
johnson8_2_4,28,168,1,3.5,3.5,7,4,4.0,0.0,4,0,0.0
johnson8_2_4,28,168,1,3.5,3.5,8,4,4.0,0.0,4,0,0.0
johnson8_2_4,28,168,1,3.5,3.5,10,4,4.0,0.0,4,0,0.0
johnson8_2_4,28,168,1,3.5,3.5,12,4,4.0,0.0,4,0,0.0
johnson8_2_4,28,168,1,3.5,3.5,15,4,4.0,0.0,4,0,0.0
johnson8_2_4,28,168,1,3.5,3.5,18,4,4.0,0.0,4,0,0.0
johnson8_2_4,28,168,1,3.5,3.5,20,4,4.0,0.0,4,0,0.0
johnson8_2_4,28,168,1,3.5,3.5,25,4,4.0,0.0,4,0,0.0
johnson8_2_4,28,168,1,3.5,3.5,30,4,4.0,0.0,4,0,0.0
johnson8_2_4,28,168,1,3.5,3.5,40,4,4.0,0.0,4,0,0.0
johnson8_2_4,28,168,1,3.5,3.5,50,4,4.0,0.0,4,0,0.0
johnson8_2_4,28,168,1,3.5,3.5,75,4,4.0,0.0,4,0,0.0
johnson8_2_4,28,168,1,3.5,3.5,100,4,4.0,0.0,4,0,0.0
johnson8_2_4,28,168,1,4,4,3,4,4.0,0.0,4,0,0.0
johnson8_2_4,28,168,1,4,4,4,4,4.0,0.0,4,0,0.0
johnson8_2_4,28,168,1,4,4,5,4,4.0,0.0,4,0,0.0
johnson8_2_4,28,168,1,4,4,6,4,4.0,0.0,4,0,0.0
johnson8_2_4,28,168,1,4,4,7,4,4.0,0.0,4,0,0.0
johnson8_2_4,28,168,1,4,4,8,4,4.0,0.0,4,0,0.0
johnson8_2_4,28,168,1,4,4,10,4,4.0,0.0,4,0,0.0
johnson8_2_4,28,168,1,4,4,12,4,4.0,0.0,4,0,0.0
johnson8_2_4,28,168,1,4,4,15,4,4.0,0.0,4,0,0.0
johnson8_2_4,28,168,1,4,4,18,4,4.0,0.0,4,0,0.0
johnson8_2_4,28,168,1,4,4,20,4,4.0,0.0,4,0,0.0
johnson8_2_4,28,168,1,4,4,25,4,4.0,0.0,4,0,0.0
johnson8_2_4,28,168,1,4,4,30,4,4.0,0.0,4,0,0.0
johnson8_2_4,28,168,1,4,4,40,4,4.0,0.0,4,0,0.0
johnson8_2_4,28,168,1,4,4,50,4,4.0,0.0,4,0,0.0
johnson8_2_4,28,168,1,4,4,75,4,4.0,0.0,4,0,0.0
johnson8_2_4,28,168,1,4,4,100,4,4.0,0.0,4,0,0.0
johnson8_2_4,28,168,1,4.5,4.5,3,4,4.0,0.0,4,0,0.0
johnson8_2_4,28,168,1,4.5,4.5,4,4,4.0,0.0,4,0,0.0
johnson8_2_4,28,168,1,4.5,4.5,5,4,4.0,0.0,4,0,0.0
johnson8_2_4,28,168,1,4.5,4.5,6,4,4.0,0.0,4,0,0.0
johnson8_2_4,28,168,1,4.5,4.5,7,4,4.0,0.0,4,0,0.0
johnson8_2_4,28,168,1,4.5,4.5,8,4,4.0,0.0,4,0,0.0
johnson8_2_4,28,168,1,4.5,4.5,10,4,4.0,0.0,4,0,0.0
johnson8_2_4,28,168,1,4.5,4.5,12,4,4.0,0.0,4,0,0.0
johnson8_2_4,28,168,1,4.5,4.5,15,4,4.0,0.0,4,0,0.0
johnson8_2_4,28,168,1,4.5,4.5,18,4,4.0,0.0,4,0,0.0
johnson8_2_4,28,168,1,4.5,4.5,20,4,4.0,0.0,4,0,0.0
johnson8_2_4,28,168,1,4.5,4.5,25,4,4.0,0.0,4,0,0.0
johnson8_2_4,28,168,1,4.5,4.5,30,4,4.0,0.0,4,0,0.0
johnson8_2_4,28,168,1,4.5,4.5,40,4,4.0,0.0,4,0,0.0
johnson8_2_4,28,168,1,4.5,4.5,50,4,4.0,0.0,4,0,0.0
johnson8_2_4,28,168,1,4.5,4.5,75,4,4.0,0.0,4,0,0.0
johnson8_2_4,28,168,1,4.5,4.5,100,4,4.0,0.0,4,0,0.0
johnson8_2_4,28,168,1,5,5,3,4,4.0,0.0,4,0,0.0
johnson8_2_4,28,168,1,5,5,4,4,4.0,0.0,4,0,0.0
johnson8_2_4,28,168,1,5,5,5,4,4.0,0.0,4,0,0.0
johnson8_2_4,28,168,1,5,5,6,4,4.0,0.0,4,0,0.0
johnson8_2_4,28,168,1,5,5,7,4,4.0,0.0,4,0,0.0
johnson8_2_4,28,168,1,5,5,8,4,4.0,0.0,4,0,0.0
johnson8_2_4,28,168,1,5,5,10,4,4.0,0.0,4,0,0.0
johnson8_2_4,28,168,1,5,5,12,4,4.0,0.0,4,0,0.0
johnson8_2_4,28,168,1,5,5,15,4,4.0,0.0,4,0,0.0
johnson8_2_4,28,168,1,5,5,18,4,4.0,0.0,4,0,0.0
johnson8_2_4,28,168,1,5,5,20,4,4.0,0.0,4,0,0.0
johnson8_2_4,28,168,1,5,5,25,4,4.0,0.0,4,0,0.0
johnson8_2_4,28,168,1,5,5,30,4,4.0,0.0,4,0,0.0
johnson8_2_4,28,168,1,5,5,40,4,4.0,0.0,4,0,0.0
johnson8_2_4,28,168,1,5,5,50,4,4.0,0.0,4,0,0.0
johnson8_2_4,28,168,1,5,5,75,4,4.0,0.0,4,0,0.0
johnson8_2_4,28,168,1,5,5,100,4,4.0,0.0,4,0,0.0
johnson8_4_4,70,560,1,1.0,1.0,3,14,5.61,2.95599391068385,14,0,0.0
johnson8_4_4,70,560,1,1.0,1.0,4,14,8.93,2.9941776834383096,14,0,0.0
johnson8_4_4,70,560,1,1.0,1.0,5,14,11.18,2.1325102578885757,14,0,0.0
johnson8_4_4,70,560,1,1.0,1.0,6,14,12.86,1.378549962823256,14,0,0.0
johnson8_4_4,70,560,1,1.0,1.0,7,14,13.35,0.9526279441628827,14,0,0.0
johnson8_4_4,70,560,1,1.0,1.0,8,14,13.8,0.5830951894845301,14,0,0.0
johnson8_4_4,70,560,1,1.0,1.0,10,14,13.99,0.09949874371066199,14,0,0.0
johnson8_4_4,70,560,1,1.0,1.0,12,14,14.0,0.0,14,0,0.0
johnson8_4_4,70,560,1,1.0,1.0,15,14,14.0,0.0,14,0,0.0
johnson8_4_4,70,560,1,1.0,1.0,18,14,14.0,0.0,14,0,0.0
johnson8_4_4,70,560,1,1.0,1.0,20,14,14.0,0.0,14,0,0.0
johnson8_4_4,70,560,1,1.0,1.0,25,14,14.0,0.0,14,0,0.0
johnson8_4_4,70,560,1,1.0,1.0,30,14,14.0,0.0,14,0,0.0
johnson8_4_4,70,560,1,1.0,1.0,40,14,14.0,0.0,14,0,0.0
johnson8_4_4,70,560,1,1.0,1.0,50,14,14.0,0.0,14,0,0.0
johnson8_4_4,70,560,1,1.0,1.0,75,14,14.0,0.0,14,0,0.0
johnson8_4_4,70,560,1,1.0,1.0,100,14,14.0,0.0,14,0,0.0
johnson8_4_4,70,560,1,1.5,1.5,3,14,11.47,1.3744453426746368,14,0,0.0
johnson8_4_4,70,560,1,1.5,1.5,4,14,13.18,0.9734474818910364,14,0,0.0
johnson8_4_4,70,560,1,1.5,1.5,5,14,13.81,0.4624932431938871,14,0,0.0
johnson8_4_4,70,560,1,1.5,1.5,6,14,14.0,0.0,14,0,0.0
johnson8_4_4,70,560,1,1.5,1.5,7,14,14.0,0.0,14,0,0.0
johnson8_4_4,70,560,1,1.5,1.5,8,14,14.0,0.0,14,0,0.0
johnson8_4_4,70,560,1,1.5,1.5,10,14,14.0,0.0,14,0,0.0
johnson8_4_4,70,560,1,1.5,1.5,12,14,14.0,0.0,14,0,0.0
johnson8_4_4,70,560,1,1.5,1.5,15,14,14.0,0.0,14,0,0.0
johnson8_4_4,70,560,1,1.5,1.5,18,14,14.0,0.0,14,0,0.0
johnson8_4_4,70,560,1,1.5,1.5,20,14,14.0,0.0,14,0,0.0
johnson8_4_4,70,560,1,1.5,1.5,25,14,14.0,0.0,14,0,0.0
johnson8_4_4,70,560,1,1.5,1.5,30,14,14.0,0.0,14,0,0.0
johnson8_4_4,70,560,1,1.5,1.5,40,14,14.0,0.0,14,0,0.0
johnson8_4_4,70,560,1,1.5,1.5,50,14,14.0,0.0,14,0,0.0
johnson8_4_4,70,560,1,1.5,1.5,75,14,14.0,0.0,14,0,0.0
johnson8_4_4,70,560,1,1.5,1.5,100,14,13.88,0.6823488843692793,14,0,0.0
johnson8_4_4,70,560,1,2,2,3,14,12.65,1.0331989159885913,14,0,0.0
johnson8_4_4,70,560,1,2,2,4,14,13.78,0.5015974481593781,14,0,0.0
johnson8_4_4,70,560,1,2,2,5,14,13.99,0.09949874371066199,14,0,0.0
johnson8_4_4,70,560,1,2,2,6,14,14.0,0.0,14,0,0.0
johnson8_4_4,70,560,1,2,2,7,14,14.0,0.0,14,0,0.0
johnson8_4_4,70,560,1,2,2,8,14,14.0,0.0,14,0,0.0
johnson8_4_4,70,560,1,2,2,10,14,14.0,0.0,14,0,0.0
johnson8_4_4,70,560,1,2,2,12,14,14.0,0.0,14,0,0.0
johnson8_4_4,70,560,1,2,2,15,14,14.0,0.0,14,0,0.0
johnson8_4_4,70,560,1,2,2,18,14,14.0,0.0,14,0,0.0
johnson8_4_4,70,560,1,2,2,20,14,14.0,0.0,14,0,0.0
johnson8_4_4,70,560,1,2,2,25,14,13.93,0.49507575177946234,14,0,0.0
johnson8_4_4,70,560,1,2,2,30,14,13.82,0.7922120928135343,14,0,0.0
johnson8_4_4,70,560,1,2,2,40,14,13.66,1.0883014288330235,14,0,0.0
johnson8_4_4,70,560,1,2,2,50,14,13.63,1.1283173312503891,14,0,0.0
johnson8_4_4,70,560,1,2,2,75,14,13.23,1.509006295546841,14,0,0.0
johnson8_4_4,70,560,1,2,2,100,14,12.87,1.741579742647462,14,0,0.0
johnson8_4_4,70,560,1,2.5,2.5,3,14,13.5,0.7280109889280518,14,0,0.0
johnson8_4_4,70,560,1,2.5,2.5,4,14,13.97,0.17058722109231986,14,0,0.0
johnson8_4_4,70,560,1,2.5,2.5,5,14,14.0,0.0,14,0,0.0
johnson8_4_4,70,560,1,2.5,2.5,6,14,14.0,0.0,14,0,0.0
johnson8_4_4,70,560,1,2.5,2.5,7,14,14.0,0.0,14,0,0.0
johnson8_4_4,70,560,1,2.5,2.5,8,14,14.0,0.0,14,0,0.0
johnson8_4_4,70,560,1,2.5,2.5,10,14,14.0,0.0,14,0,0.0
johnson8_4_4,70,560,1,2.5,2.5,12,14,14.0,0.0,14,0,0.0
johnson8_4_4,70,560,1,2.5,2.5,15,14,14.0,0.0,14,0,0.0
johnson8_4_4,70,560,1,2.5,2.5,18,14,13.9,0.5744562646538028,14,0,0.0
johnson8_4_4,70,560,1,2.5,2.5,20,14,13.83,0.7490660852021002,14,0,0.0
johnson8_4_4,70,560,1,2.5,2.5,25,14,13.76,0.8845337754998392,14,0,0.0
johnson8_4_4,70,560,1,2.5,2.5,30,14,13.57,1.1769027147559816,14,0,0.0
johnson8_4_4,70,560,1,2.5,2.5,40,14,13.2,1.5620499351813306,14,0,0.0
johnson8_4_4,70,560,1,2.5,2.5,50,14,12.89,1.7140303381212363,14,0,0.0
johnson8_4_4,70,560,1,2.5,2.5,75,14,12.13,1.8849668432097155,14,0,0.0
johnson8_4_4,70,560,1,2.5,2.5,100,14,11.8,1.9595917942265424,14,0,0.0
johnson8_4_4,70,560,1,3,3,3,14,13.72,0.5114684741017769,14,0,0.0
johnson8_4_4,70,560,1,3,3,4,14,13.97,0.1705872210923198,14,0,0.0
johnson8_4_4,70,560,1,3,3,5,14,13.99,0.09949874371066199,14,0,0.0
johnson8_4_4,70,560,1,3,3,6,14,14.0,0.0,14,0,0.0
johnson8_4_4,70,560,1,3,3,7,14,14.0,0.0,14,0,0.0
johnson8_4_4,70,560,1,3,3,8,14,14.0,0.0,14,0,0.0
johnson8_4_4,70,560,1,3,3,10,14,14.0,0.0,14,0,0.0
johnson8_4_4,70,560,1,3,3,12,14,14.0,0.0,14,0,0.0
johnson8_4_4,70,560,1,3,3,15,14,13.94,0.42,14,0,0.0
johnson8_4_4,70,560,1,3,3,18,14,13.77,0.8468175718535841,14,0,0.0
johnson8_4_4,70,560,1,3,3,20,14,13.68,1.0283968105745953,14,0,0.0
johnson8_4_4,70,560,1,3,3,25,14,13.49,1.2766753698571929,14,0,0.0
johnson8_4_4,70,560,1,3,3,30,14,13.22,1.5269577597301114,14,0,0.0
johnson8_4_4,70,560,1,3,3,40,14,12.92,1.7474552927042226,14,0,0.0
johnson8_4_4,70,560,1,3,3,50,14,12.63,1.8146900561803936,14,0,0.0
johnson8_4_4,70,560,1,3,3,75,14,12.06,1.8858419870180003,14,0,0.0
johnson8_4_4,70,560,1,3,3,100,14,11.63,1.9060692537261075,14,0,0.0
johnson8_4_4,70,560,1,3.5,3.5,3,14,13.86,0.34698703145794946,14,0,0.0
johnson8_4_4,70,560,1,3.5,3.5,4,14,13.99,0.09949874371066199,14,0,0.0
johnson8_4_4,70,560,1,3.5,3.5,5,14,13.99,0.09949874371066199,14,0,0.0
johnson8_4_4,70,560,1,3.5,3.5,6,14,14.0,0.0,14,0,0.0
johnson8_4_4,70,560,1,3.5,3.5,7,14,13.99,0.09949874371066199,14,0,0.0
johnson8_4_4,70,560,1,3.5,3.5,8,14,14.0,0.0,14,0,0.0
johnson8_4_4,70,560,1,3.5,3.5,10,14,14.0,0.0,14,0,0.0
johnson8_4_4,70,560,1,3.5,3.5,12,14,13.97,0.298496231131986,14,0,0.0
johnson8_4_4,70,560,1,3.5,3.5,15,14,13.89,0.5812916651733447,14,0,0.0
johnson8_4_4,70,560,1,3.5,3.5,18,14,13.71,0.9305374790947434,14,0,0.0
johnson8_4_4,70,560,1,3.5,3.5,20,14,13.56,1.1516944039110375,14,0,0.0
johnson8_4_4,70,560,1,3.5,3.5,25,14,13.41,1.3645145656972666,14,0,0.0
johnson8_4_4,70,560,1,3.5,3.5,30,14,13.27,1.4754999152829527,14,0,0.0
johnson8_4_4,70,560,1,3.5,3.5,40,14,12.93,1.7335224255832398,14,0,0.0
johnson8_4_4,70,560,1,3.5,3.5,50,14,12.57,1.8179933993279511,14,0,0.0
johnson8_4_4,70,560,1,3.5,3.5,75,14,12.05,1.8621224449536071,14,0,0.0
johnson8_4_4,70,560,1,3.5,3.5,100,14,11.68,1.907249328221143,14,0,0.0
johnson8_4_4,70,560,1,4,4,3,14,13.79,0.4537620521815371,14,0,0.0
johnson8_4_4,70,560,1,4,4,4,14,13.96,0.31368774282716244,14,0,0.0
johnson8_4_4,70,560,1,4,4,5,14,13.98,0.19899748742132398,14,0,0.0
johnson8_4_4,70,560,1,4,4,6,14,14.0,0.0,14,0,0.0
johnson8_4_4,70,560,1,4,4,7,14,13.99,0.09949874371066199,14,0,0.0
johnson8_4_4,70,560,1,4,4,8,14,14.0,0.0,14,0,0.0
johnson8_4_4,70,560,1,4,4,10,14,14.0,0.0,14,0,0.0
johnson8_4_4,70,560,1,4,4,12,14,13.97,0.298496231131986,14,0,0.0
johnson8_4_4,70,560,1,4,4,15,14,13.86,0.6931089380465382,14,0,0.0
johnson8_4_4,70,560,1,4,4,18,14,13.7,0.9643650760992956,14,0,0.0
johnson8_4_4,70,560,1,4,4,20,14,13.56,1.1516944039110375,14,0,0.0
johnson8_4_4,70,560,1,4,4,25,14,13.37,1.4046707799338605,14,0,0.0
johnson8_4_4,70,560,1,4,4,30,14,13.26,1.4941218156495808,14,0,0.0
johnson8_4_4,70,560,1,4,4,40,14,12.96,1.7258041603843697,14,0,0.0
johnson8_4_4,70,560,1,4,4,50,14,12.6,1.8165902124584947,14,0,0.0
johnson8_4_4,70,560,1,4,4,75,14,12.05,1.8621224449536071,14,0,0.0
johnson8_4_4,70,560,1,4,4,100,14,11.68,1.907249328221143,14,0,0.0
johnson8_4_4,70,560,1,4.5,4.5,3,14,13.86,0.34698703145794946,14,0,0.0
johnson8_4_4,70,560,1,4.5,4.5,4,14,13.97,0.17058722109231986,14,0,0.0
johnson8_4_4,70,560,1,4.5,4.5,5,14,13.98,0.19899748742132398,14,0,0.0
johnson8_4_4,70,560,1,4.5,4.5,6,14,14.0,0.0,14,0,0.0
johnson8_4_4,70,560,1,4.5,4.5,7,14,13.99,0.09949874371066199,14,0,0.0
johnson8_4_4,70,560,1,4.5,4.5,8,14,14.0,0.0,14,0,0.0
johnson8_4_4,70,560,1,4.5,4.5,10,14,14.0,0.0,14,0,0.0
johnson8_4_4,70,560,1,4.5,4.5,12,14,13.93,0.4950757517794625,14,0,0.0
johnson8_4_4,70,560,1,4.5,4.5,15,14,13.86,0.6931089380465382,14,0,0.0
johnson8_4_4,70,560,1,4.5,4.5,18,14,13.69,0.9969453345093703,14,0,0.0
johnson8_4_4,70,560,1,4.5,4.5,20,14,13.58,1.1240996397117118,14,0,0.0
johnson8_4_4,70,560,1,4.5,4.5,25,14,13.39,1.406378327478065,14,0,0.0
johnson8_4_4,70,560,1,4.5,4.5,30,14,13.29,1.4784789481084943,14,0,0.0
johnson8_4_4,70,560,1,4.5,4.5,40,14,12.96,1.7258041603843697,14,0,0.0
johnson8_4_4,70,560,1,4.5,4.5,50,14,12.6,1.8165902124584947,14,0,0.0
johnson8_4_4,70,560,1,4.5,4.5,75,14,12.05,1.8621224449536071,14,0,0.0
johnson8_4_4,70,560,1,4.5,4.5,100,14,11.68,1.907249328221143,14,0,0.0
johnson8_4_4,70,560,1,5,5,3,14,13.85,0.3570714214271425,14,0,0.0
johnson8_4_4,70,560,1,5,5,4,14,14.0,0.0,14,0,0.0
johnson8_4_4,70,560,1,5,5,5,14,13.98,0.19899748742132398,14,0,0.0
johnson8_4_4,70,560,1,5,5,6,14,13.99,0.09949874371066199,14,0,0.0
johnson8_4_4,70,560,1,5,5,7,14,14.0,0.0,14,0,0.0
johnson8_4_4,70,560,1,5,5,8,14,14.0,0.0,14,0,0.0
johnson8_4_4,70,560,1,5,5,10,14,13.97,0.2984962311319859,14,0,0.0
johnson8_4_4,70,560,1,5,5,12,14,13.93,0.4950757517794625,14,0,0.0
johnson8_4_4,70,560,1,5,5,15,14,13.84,0.7172168430816444,14,0,0.0
johnson8_4_4,70,560,1,5,5,18,14,13.73,0.9257969539807314,14,0,0.0
johnson8_4_4,70,560,1,5,5,20,14,13.58,1.1240996397117118,14,0,0.0
johnson8_4_4,70,560,1,5,5,25,14,13.39,1.406378327478065,14,0,0.0
johnson8_4_4,70,560,1,5,5,30,14,13.29,1.4784789481084943,14,0,0.0
johnson8_4_4,70,560,1,5,5,40,14,12.96,1.7258041603843697,14,0,0.0
johnson8_4_4,70,560,1,5,5,50,14,12.6,1.8165902124584947,14,0,0.0
johnson8_4_4,70,560,1,5,5,75,14,12.05,1.8621224449536071,14,0,0.0
johnson8_4_4,70,560,1,5,5,100,14,11.68,1.907249328221143,14,0,0.0
keller4,171,5100,1,1.0,1.0,3,9,2.49,1.4932849694549264,11,2,0.18181818181818182
keller4,171,5100,1,1.0,1.0,4,9,2.63,1.6288339387426822,11,2,0.18181818181818182
keller4,171,5100,1,1.0,1.0,5,9,3.21,2.1227105313725656,11,2,0.18181818181818182
keller4,171,5100,1,1.0,1.0,6,11,3.38,2.4567458150976873,11,0,0.0
keller4,171,5100,1,1.0,1.0,7,11,3.98,2.660751773465537,11,0,0.0
keller4,171,5100,1,1.0,1.0,8,10,4.66,2.7828762099669473,11,1,0.09090909090909091
keller4,171,5100,1,1.0,1.0,10,11,5.48,2.971464285499659,11,0,0.0
keller4,171,5100,1,1.0,1.0,12,11,6.63,3.1957941110152888,11,0,0.0
keller4,171,5100,1,1.0,1.0,15,11,7.77,2.712397463499773,11,0,0.0
keller4,171,5100,1,1.0,1.0,18,11,7.99,2.451509738916001,11,0,0.0
keller4,171,5100,1,1.0,1.0,20,11,8.45,2.325403190846697,11,0,0.0
keller4,171,5100,1,1.0,1.0,25,11,9.32,1.8861601204563732,11,0,0.0
keller4,171,5100,1,1.0,1.0,30,11,9.39,1.8809306207300684,11,0,0.0
keller4,171,5100,1,1.0,1.0,40,11,9.9,1.0908712114635715,11,0,0.0
keller4,171,5100,1,1.0,1.0,50,11,9.64,2.051925924588897,11,0,0.0
keller4,171,5100,1,1.0,1.0,75,11,10.21,1.2593252161375947,11,0,0.0
keller4,171,5100,1,1.0,1.0,100,11,10.38,0.9141115905621151,11,0,0.0
keller4,171,5100,1,1.5,1.5,3,9,4.98,2.771209122386833,11,2,0.18181818181818182
keller4,171,5100,1,1.5,1.5,4,10,7.56,1.4022838514366485,11,1,0.09090909090909091
keller4,171,5100,1,1.5,1.5,5,11,8.46,1.0809255293497328,11,0,0.0
keller4,171,5100,1,1.5,1.5,6,11,8.79,0.8160269603389338,11,0,0.0
keller4,171,5100,1,1.5,1.5,7,11,9.16,0.913454979733539,11,0,0.0
keller4,171,5100,1,1.5,1.5,8,11,9.34,0.8627861844049197,11,0,0.0
keller4,171,5100,1,1.5,1.5,10,11,9.64,0.943610088966836,11,0,0.0
keller4,171,5100,1,1.5,1.5,12,11,9.81,0.9348261870529729,11,0,0.0
keller4,171,5100,1,1.5,1.5,15,11,9.91,1.0207350292803714,11,0,0.0
keller4,171,5100,1,1.5,1.5,18,11,10.04,0.9583318840568751,11,0,0.0
keller4,171,5100,1,1.5,1.5,20,11,10.09,0.9175510884958942,11,0,0.0
keller4,171,5100,1,1.5,1.5,25,11,10.19,0.9348261870529729,11,0,0.0
keller4,171,5100,1,1.5,1.5,30,11,10.25,0.9420721840708386,11,0,0.0
keller4,171,5100,1,1.5,1.5,40,11,10.31,0.9240670971309388,11,0,0.0
keller4,171,5100,1,1.5,1.5,50,11,10.1,0.9539392014169458,11,0,0.0
keller4,171,5100,1,1.5,1.5,75,11,10.2,0.916515138991168,11,0,0.0
keller4,171,5100,1,1.5,1.5,100,11,10.14,0.98,11,0,0.0
keller4,171,5100,1,2,2,3,11,8.15,0.9096702699330127,11,0,0.0
keller4,171,5100,1,2,2,4,11,9.03,0.8655056325639944,11,0,0.0
keller4,171,5100,1,2,2,5,11,9.33,0.8252878285786117,11,0,0.0
keller4,171,5100,1,2,2,6,11,9.52,0.8772684879784522,11,0,0.0
keller4,171,5100,1,2,2,7,11,9.84,0.8800000000000002,11,0,0.0
keller4,171,5100,1,2,2,8,11,9.84,0.913454979733539,11,0,0.0
keller4,171,5100,1,2,2,10,11,9.89,0.9369631796394137,11,0,0.0
keller4,171,5100,1,2,2,12,11,9.98,0.9271461589199408,11,0,0.0
keller4,171,5100,1,2,2,15,11,10.07,0.9083501527494781,11,0,0.0
keller4,171,5100,1,2,2,18,11,9.97,1.053138167573467,11,0,0.0
keller4,171,5100,1,2,2,20,11,9.96,0.989141041510259,11,0,0.0
keller4,171,5100,1,2,2,25,11,9.9,1.02469507659596,11,0,0.0
keller4,171,5100,1,2,2,30,11,9.73,1.037834283496166,11,0,0.0
keller4,171,5100,1,2,2,40,11,9.47,0.9322553298319082,11,0,0.0
keller4,171,5100,1,2,2,50,11,9.57,0.9925220400575494,11,0,0.0
keller4,171,5100,1,2,2,75,11,9.33,1.1050339361304702,11,0,0.0
keller4,171,5100,1,2,2,100,11,8.92,1.1106754701531856,11,0,0.0
keller4,171,5100,1,2.5,2.5,3,11,8.8,0.7211102550927979,11,0,0.0
keller4,171,5100,1,2.5,2.5,4,11,9.37,0.8678133439859057,11,0,0.0
keller4,171,5100,1,2.5,2.5,5,11,9.67,0.895041898460625,11,0,0.0
keller4,171,5100,1,2.5,2.5,6,11,9.74,1.0355674772799695,11,0,0.0
keller4,171,5100,1,2.5,2.5,7,11,9.92,0.966229786334493,11,0,0.0
keller4,171,5100,1,2.5,2.5,8,11,9.83,0.9597395480024776,11,0,0.0
keller4,171,5100,1,2.5,2.5,10,11,9.87,0.9343982020530648,11,0,0.0
keller4,171,5100,1,2.5,2.5,12,11,9.85,1.0136567466356647,11,0,0.0
keller4,171,5100,1,2.5,2.5,15,11,9.73,0.9783148777362023,11,0,0.0
keller4,171,5100,1,2.5,2.5,18,11,9.48,0.9846826900072938,11,0,0.0
keller4,171,5100,1,2.5,2.5,20,11,9.46,1.0239140588936164,11,0,0.0
keller4,171,5100,1,2.5,2.5,25,11,9.16,0.9562426470305537,11,0,0.0
keller4,171,5100,1,2.5,2.5,30,11,9.17,0.9597395480024776,11,0,0.0
keller4,171,5100,1,2.5,2.5,40,11,8.98,0.9795917517006767,11,0,0.0
keller4,171,5100,1,2.5,2.5,50,11,8.71,0.9087904048789248,11,0,0.0
keller4,171,5100,1,2.5,2.5,75,11,8.57,0.9721625378505386,11,0,0.0
keller4,171,5100,1,2.5,2.5,100,11,8.47,1.0045396955820112,11,0,0.0
keller4,171,5100,1,3,3,3,11,9.16,0.7578918128598566,11,0,0.0
keller4,171,5100,1,3,3,4,11,9.62,0.845931439302264,11,0,0.0
keller4,171,5100,1,3,3,5,11,9.73,0.9257969539807311,11,0,0.0
keller4,171,5100,1,3,3,6,11,9.85,0.9526279441628827,11,0,0.0
keller4,171,5100,1,3,3,7,11,9.8,0.9899494936611666,11,0,0.0
keller4,171,5100,1,3,3,8,11,9.82,0.9421252570651101,11,0,0.0
keller4,171,5100,1,3,3,10,11,9.8,1.0099504938362076,11,0,0.0
keller4,171,5100,1,3,3,12,11,9.5,0.9219544457292888,11,0,0.0
keller4,171,5100,1,3,3,15,11,9.29,0.9305374790947434,11,0,0.0
keller4,171,5100,1,3,3,18,11,9.39,1.0285426583277917,11,0,0.0
keller4,171,5100,1,3,3,20,11,9.3,0.99498743710662,11,0,0.0
keller4,171,5100,1,3,3,25,11,9.0,0.9591663046625439,11,0,0.0
keller4,171,5100,1,3,3,30,11,8.9,1.044030650891055,11,0,0.0
keller4,171,5100,1,3,3,40,11,8.75,0.931396800509858,11,0,0.0
keller4,171,5100,1,3,3,50,11,8.54,0.8534635317340747,11,0,0.0
keller4,171,5100,1,3,3,75,11,8.46,1.0141005867269774,11,0,0.0
keller4,171,5100,1,3,3,100,11,8.3,1.0246950765959597,11,0,0.0
keller4,171,5100,1,3.5,3.5,3,11,9.33,0.7078841713161836,11,0,0.0
keller4,171,5100,1,3.5,3.5,4,11,9.74,0.9340235543068492,11,0,0.0
keller4,171,5100,1,3.5,3.5,5,11,9.73,0.9680392554023831,11,0,0.0
keller4,171,5100,1,3.5,3.5,6,11,9.71,0.9517877914745493,11,0,0.0
keller4,171,5100,1,3.5,3.5,7,11,9.75,0.9937303457175896,11,0,0.0
keller4,171,5100,1,3.5,3.5,8,11,9.49,0.9326842981416594,11,0,0.0
keller4,171,5100,1,3.5,3.5,10,11,9.61,0.9580709785814411,11,0,0.0
keller4,171,5100,1,3.5,3.5,12,11,9.39,0.9369631796394137,11,0,0.0
keller4,171,5100,1,3.5,3.5,15,11,9.28,0.9282241108697834,11,0,0.0
keller4,171,5100,1,3.5,3.5,18,11,9.15,0.8760707733967615,11,0,0.0
keller4,171,5100,1,3.5,3.5,20,11,9.09,0.9283856957105706,11,0,0.0
keller4,171,5100,1,3.5,3.5,25,11,8.89,0.9043782394551519,11,0,0.0
keller4,171,5100,1,3.5,3.5,30,11,8.83,0.9597395480024776,11,0,0.0
keller4,171,5100,1,3.5,3.5,40,11,8.72,0.9600000000000001,11,0,0.0
keller4,171,5100,1,3.5,3.5,50,11,8.56,0.8979977728257461,11,0,0.0
keller4,171,5100,1,3.5,3.5,75,11,8.45,1.0234744745229358,11,0,0.0
keller4,171,5100,1,3.5,3.5,100,11,8.3,1.0246950765959597,11,0,0.0
keller4,171,5100,1,4,4,3,11,9.59,0.8496469855181032,11,0,0.0
keller4,171,5100,1,4,4,4,11,9.54,0.7927168473042566,11,0,0.0
keller4,171,5100,1,4,4,5,11,9.7,0.8888194417315589,11,0,0.0
keller4,171,5100,1,4,4,6,11,9.69,0.9021640649017227,11,0,0.0
keller4,171,5100,1,4,4,7,11,9.74,0.9961927524329818,11,0,0.0
keller4,171,5100,1,4,4,8,11,9.46,0.8534635317340747,11,0,0.0
keller4,171,5100,1,4,4,10,11,9.47,0.899499861033897,11,0,0.0
keller4,171,5100,1,4,4,12,11,9.45,0.9096702699330126,11,0,0.0
keller4,171,5100,1,4,4,15,11,9.26,0.9013323471395,11,0,0.0
keller4,171,5100,1,4,4,18,11,9.16,0.88,11,0,0.0
keller4,171,5100,1,4,4,20,11,9.09,0.9283856957105706,11,0,0.0
keller4,171,5100,1,4,4,25,11,8.89,0.9262289133902052,11,0,0.0
keller4,171,5100,1,4,4,30,11,8.82,0.9734474818910365,11,0,0.0
keller4,171,5100,1,4,4,40,11,8.72,0.96,11,0,0.0
keller4,171,5100,1,4,4,50,11,8.55,0.9096702699330127,11,0,0.0
keller4,171,5100,1,4,4,75,11,8.45,1.0234744745229358,11,0,0.0
keller4,171,5100,1,4,4,100,11,8.3,1.0246950765959597,11,0,0.0
keller4,171,5100,1,4.5,4.5,3,11,9.42,0.7769169839822013,11,0,0.0
keller4,171,5100,1,4.5,4.5,4,11,9.67,0.8608716512930369,11,0,0.0
keller4,171,5100,1,4.5,4.5,5,11,9.67,0.8491760712596653,11,0,0.0
keller4,171,5100,1,4.5,4.5,6,11,9.67,0.938669270829721,11,0,0.0
keller4,171,5100,1,4.5,4.5,7,11,9.55,0.9526279441628822,11,0,0.0
keller4,171,5100,1,4.5,4.5,8,11,9.46,0.8175573374387878,11,0,0.0
keller4,171,5100,1,4.5,4.5,10,11,9.43,0.9301075206662935,11,0,0.0
keller4,171,5100,1,4.5,4.5,12,11,9.44,0.909065454189081,11,0,0.0
keller4,171,5100,1,4.5,4.5,15,11,9.3,0.9219544457292888,11,0,0.0
keller4,171,5100,1,4.5,4.5,18,11,9.16,0.88,11,0,0.0
keller4,171,5100,1,4.5,4.5,20,11,9.08,0.9346657156438337,11,0,0.0
keller4,171,5100,1,4.5,4.5,25,11,8.89,0.9475758544834288,11,0,0.0
keller4,171,5100,1,4.5,4.5,30,11,8.82,0.9734474818910365,11,0,0.0
keller4,171,5100,1,4.5,4.5,40,11,8.72,0.96,11,0,0.0
keller4,171,5100,1,4.5,4.5,50,11,8.55,0.9096702699330127,11,0,0.0
keller4,171,5100,1,4.5,4.5,75,11,8.45,1.0234744745229358,11,0,0.0
keller4,171,5100,1,4.5,4.5,100,11,8.3,1.0246950765959597,11,0,0.0
keller4,171,5100,1,5,5,3,11,9.53,0.7931582439841371,11,0,0.0
keller4,171,5100,1,5,5,4,11,9.63,0.832526275861609,11,0,0.0
keller4,171,5100,1,5,5,5,11,9.52,0.8885943956609225,11,0,0.0
keller4,171,5100,1,5,5,6,11,9.64,0.9112628599915614,11,0,0.0
keller4,171,5100,1,5,5,7,11,9.53,0.899499861033897,11,0,0.0
keller4,171,5100,1,5,5,8,11,9.41,0.7758221445666525,11,0,0.0
keller4,171,5100,1,5,5,10,11,9.4,0.9165151389911679,11,0,0.0
keller4,171,5100,1,5,5,12,11,9.45,0.931396800509858,11,0,0.0
keller4,171,5100,1,5,5,15,11,9.3,0.9219544457292888,11,0,0.0
keller4,171,5100,1,5,5,18,11,9.15,0.8874119674649424,11,0,0.0
keller4,171,5100,1,5,5,20,11,9.07,0.9407975340103737,11,0,0.0
keller4,171,5100,1,5,5,25,11,8.88,0.9516301802696255,11,0,0.0
keller4,171,5100,1,5,5,30,11,8.82,0.9734474818910365,11,0,0.0
keller4,171,5100,1,5,5,40,11,8.72,0.96,11,0,0.0
keller4,171,5100,1,5,5,50,11,8.55,0.9096702699330127,11,0,0.0
keller4,171,5100,1,5,5,75,11,8.45,1.0234744745229358,11,0,0.0
keller4,171,5100,1,5,5,100,11,8.3,1.0246950765959597,11,0,0.0
p-hat500-1,500,93181,1,1.0,1.0,3,6,1.56,0.9520504188329523,9,3,0.3333333333333333
p-hat500-1,500,93181,1,1.0,1.0,4,7,2.4,1.8547236990991407,9,2,0.2222222222222222
p-hat500-1,500,93181,1,1.0,1.0,5,8,3.42,2.2053571139386925,9,1,0.1111111111111111
p-hat500-1,500,93181,1,1.0,1.0,6,8,4.21,2.4260873850708675,9,1,0.1111111111111111
p-hat500-1,500,93181,1,1.0,1.0,7,8,4.63,2.216551375447905,9,1,0.1111111111111111
p-hat500-1,500,93181,1,1.0,1.0,8,8,5.47,2.0221523186941184,9,1,0.1111111111111111
p-hat500-1,500,93181,1,1.0,1.0,10,9,6.06,1.5219724044804492,9,0,0.0
p-hat500-1,500,93181,1,1.0,1.0,12,9,6.52,1.2367699866992246,9,0,0.0
p-hat500-1,500,93181,1,1.0,1.0,15,9,6.71,0.9622369770487933,9,0,0.0
p-hat500-1,500,93181,1,1.0,1.0,18,9,7.03,0.7543871685016919,9,0,0.0
p-hat500-1,500,93181,1,1.0,1.0,20,9,7.04,0.8708616422830895,9,0,0.0
p-hat500-1,500,93181,1,1.0,1.0,25,9,7.05,0.82915619758885,9,0,0.0
p-hat500-1,500,93181,1,1.0,1.0,30,9,7.09,0.8613361713059542,9,0,0.0
p-hat500-1,500,93181,1,1.0,1.0,40,9,7.22,0.8195120499419151,9,0,0.0
p-hat500-1,500,93181,1,1.0,1.0,50,9,7.28,0.735934779718964,9,0,0.0
p-hat500-1,500,93181,1,1.0,1.0,75,9,7.32,0.76,9,0,0.0
p-hat500-1,500,93181,1,1.0,1.0,100,9,7.41,0.8496469855181032,9,0,0.0
p-hat500-1,500,93181,1,1.5,1.5,3,7,4.61,1.8595429545993283,9,2,0.2222222222222222
p-hat500-1,500,93181,1,1.5,1.5,4,8,5.84,1.0836973747315253,9,1,0.1111111111111111
p-hat500-1,500,93181,1,1.5,1.5,5,9,6.46,0.876584280032445,9,0,0.0
p-hat500-1,500,93181,1,1.5,1.5,6,9,6.69,0.783517708797957,9,0,0.0
p-hat500-1,500,93181,1,1.5,1.5,7,8,6.71,0.7911384202527394,9,1,0.1111111111111111
p-hat500-1,500,93181,1,1.5,1.5,8,9,6.85,0.739932429347437,9,0,0.0
p-hat500-1,500,93181,1,1.5,1.5,10,9,6.95,0.7533259586659681,9,0,0.0
p-hat500-1,500,93181,1,1.5,1.5,12,9,7.13,0.7570336848516054,9,0,0.0
p-hat500-1,500,93181,1,1.5,1.5,15,9,7.08,0.7166589146867567,9,0,0.0
p-hat500-1,500,93181,1,1.5,1.5,18,9,7.2,0.7071067811865476,9,0,0.0
p-hat500-1,500,93181,1,1.5,1.5,20,9,7.18,0.6838128398911505,9,0,0.0
p-hat500-1,500,93181,1,1.5,1.5,25,9,7.09,0.6941901756723441,9,0,0.0
p-hat500-1,500,93181,1,1.5,1.5,30,9,7.14,0.6785278181474949,9,0,0.0
p-hat500-1,500,93181,1,1.5,1.5,40,9,7.11,0.7334166619323562,9,0,0.0
p-hat500-1,500,93181,1,1.5,1.5,50,9,7.07,0.7778817390837762,9,0,0.0
p-hat500-1,500,93181,1,1.5,1.5,75,9,6.98,0.7613146524269712,9,0,0.0
p-hat500-1,500,93181,1,1.5,1.5,100,9,6.94,0.7186097689288672,9,0,0.0
p-hat500-1,500,93181,1,2,2,3,8,6.01,0.9219002115196635,9,1,0.1111111111111111
p-hat500-1,500,93181,1,2,2,4,9,6.56,0.7391887445030532,9,0,0.0
p-hat500-1,500,93181,1,2,2,5,9,6.82,0.7533923280734945,9,0,0.0
p-hat500-1,500,93181,1,2,2,6,9,7.0,0.6633249580710799,9,0,0.0
p-hat500-1,500,93181,1,2,2,7,9,7.25,0.7262919523166975,9,0,0.0
p-hat500-1,500,93181,1,2,2,8,9,7.0,0.6782329983125268,9,0,0.0
p-hat500-1,500,93181,1,2,2,10,8,6.99,0.6854925236645547,9,1,0.1111111111111111
p-hat500-1,500,93181,1,2,2,12,9,7.13,0.7570336848516055,9,0,0.0
p-hat500-1,500,93181,1,2,2,15,9,7.04,0.7605261336732618,9,0,0.0
p-hat500-1,500,93181,1,2,2,18,9,6.78,0.8435638683585257,9,0,0.0
p-hat500-1,500,93181,1,2,2,20,9,6.85,0.8529361054615989,9,0,0.0
p-hat500-1,500,93181,1,2,2,25,9,6.76,0.7499333303701069,9,0,0.0
p-hat500-1,500,93181,1,2,2,30,9,6.7,0.7681145747868608,9,0,0.0
p-hat500-1,500,93181,1,2,2,40,9,6.57,0.8631917515824626,9,0,0.0
p-hat500-1,500,93181,1,2,2,50,9,6.42,0.7236021006050218,9,0,0.0
p-hat500-1,500,93181,1,2,2,75,9,6.2,0.7211102550927978,9,0,0.0
p-hat500-1,500,93181,1,2,2,100,8,6.01,0.6854925236645547,9,1,0.1111111111111111
p-hat500-1,500,93181,1,2.5,2.5,3,8,6.56,0.7914543574963752,9,1,0.1111111111111111
p-hat500-1,500,93181,1,2.5,2.5,4,8,6.9,0.6855654600401043,9,1,0.1111111111111111
p-hat500-1,500,93181,1,2.5,2.5,5,8,6.95,0.7123903424387503,9,1,0.1111111111111111
p-hat500-1,500,93181,1,2.5,2.5,6,9,7.14,0.632771680782255,9,0,0.0
p-hat500-1,500,93181,1,2.5,2.5,7,9,7.02,0.7068238818828916,9,0,0.0
p-hat500-1,500,93181,1,2.5,2.5,8,9,6.99,0.6854925236645547,9,0,0.0
p-hat500-1,500,93181,1,2.5,2.5,10,8,6.83,0.6936137253543935,9,1,0.1111111111111111
p-hat500-1,500,93181,1,2.5,2.5,12,9,6.73,0.6760917097554147,9,0,0.0
p-hat500-1,500,93181,1,2.5,2.5,15,9,6.73,0.6611353870426238,9,0,0.0
p-hat500-1,500,93181,1,2.5,2.5,18,8,6.57,0.8277076778670112,9,1,0.1111111111111111
p-hat500-1,500,93181,1,2.5,2.5,20,9,6.44,0.863944442658207,9,0,0.0
p-hat500-1,500,93181,1,2.5,2.5,25,8,6.28,0.7626270385975048,9,1,0.1111111111111111
p-hat500-1,500,93181,1,2.5,2.5,30,8,6.15,0.7533259586659682,9,1,0.1111111111111111
p-hat500-1,500,93181,1,2.5,2.5,40,8,6.15,0.7533259586659681,9,1,0.1111111111111111
p-hat500-1,500,93181,1,2.5,2.5,50,8,6.05,0.7533259586659681,9,1,0.1111111111111111
p-hat500-1,500,93181,1,2.5,2.5,75,8,5.91,0.7886063656856948,9,1,0.1111111111111111
p-hat500-1,500,93181,1,2.5,2.5,100,8,5.82,0.8529947244854448,9,1,0.1111111111111111
p-hat500-1,500,93181,1,3,3,3,8,6.84,0.7031358332498777,9,1,0.1111111111111111
p-hat500-1,500,93181,1,3,3,4,8,6.89,0.6464518543557595,9,1,0.1111111111111111
p-hat500-1,500,93181,1,3,3,5,8,6.94,0.6296030495478876,9,1,0.1111111111111111
p-hat500-1,500,93181,1,3,3,6,9,6.86,0.678527818147495,9,0,0.0
p-hat500-1,500,93181,1,3,3,7,9,6.9,0.7681145747868607,9,0,0.0
p-hat500-1,500,93181,1,3,3,8,9,6.76,0.7364781055808788,9,0,0.0
p-hat500-1,500,93181,1,3,3,10,9,6.66,0.7378346698278687,9,0,0.0
p-hat500-1,500,93181,1,3,3,12,9,6.68,0.7194442299441981,9,0,0.0
p-hat500-1,500,93181,1,3,3,15,9,6.58,0.7639371701913711,9,0,0.0
p-hat500-1,500,93181,1,3,3,18,8,6.42,0.873842090998139,9,1,0.1111111111111111
p-hat500-1,500,93181,1,3,3,20,9,6.34,0.9079647570252934,9,0,0.0
p-hat500-1,500,93181,1,3,3,25,8,6.24,0.7631513611335566,9,1,0.1111111111111111
p-hat500-1,500,93181,1,3,3,30,8,6.12,0.7652450587883597,9,1,0.1111111111111111
p-hat500-1,500,93181,1,3,3,40,8,6.11,0.7986864215698174,9,1,0.1111111111111111
p-hat500-1,500,93181,1,3,3,50,8,6.0,0.7745966692414834,9,1,0.1111111111111111
p-hat500-1,500,93181,1,3,3,75,8,5.88,0.7782030583337488,9,1,0.1111111111111111
p-hat500-1,500,93181,1,3,3,100,8,5.78,0.8195120499419151,9,1,0.1111111111111111
p-hat500-1,500,93181,1,3.5,3.5,3,9,6.86,0.7351190379795642,9,0,0.0
p-hat500-1,500,93181,1,3.5,3.5,4,8,6.94,0.6296030495478878,9,1,0.1111111111111111
p-hat500-1,500,93181,1,3.5,3.5,5,9,6.97,0.6701492371106603,9,0,0.0
p-hat500-1,500,93181,1,3.5,3.5,6,9,6.85,0.7123903424387503,9,0,0.0
p-hat500-1,500,93181,1,3.5,3.5,7,9,6.82,0.6384355879804948,9,0,0.0
p-hat500-1,500,93181,1,3.5,3.5,8,9,6.72,0.6645299090334461,9,0,0.0
p-hat500-1,500,93181,1,3.5,3.5,10,9,6.65,0.7664854858377946,9,0,0.0
p-hat500-1,500,93181,1,3.5,3.5,12,9,6.54,0.8296987405076617,9,0,0.0
p-hat500-1,500,93181,1,3.5,3.5,15,9,6.46,0.8296987405076617,9,0,0.0
p-hat500-1,500,93181,1,3.5,3.5,18,8,6.38,0.8806815542521599,9,1,0.1111111111111111
p-hat500-1,500,93181,1,3.5,3.5,20,9,6.34,0.9297311439335567,9,0,0.0
p-hat500-1,500,93181,1,3.5,3.5,25,8,6.27,0.8349251463454673,9,1,0.1111111111111111
p-hat500-1,500,93181,1,3.5,3.5,30,8,6.17,0.8006872048434394,9,1,0.1111111111111111
p-hat500-1,500,93181,1,3.5,3.5,40,8,6.11,0.8111103500757466,9,1,0.1111111111111111
p-hat500-1,500,93181,1,3.5,3.5,50,8,5.98,0.7871467461661771,9,1,0.1111111111111111
p-hat500-1,500,93181,1,3.5,3.5,75,8,5.86,0.7618398781896364,9,1,0.1111111111111111
p-hat500-1,500,93181,1,3.5,3.5,100,8,5.78,0.8195120499419151,9,1,0.1111111111111111
p-hat500-1,500,93181,1,4,4,3,9,6.9,0.7,9,0,0.0
p-hat500-1,500,93181,1,4,4,4,9,6.97,0.6993568473962345,9,0,0.0
p-hat500-1,500,93181,1,4,4,5,9,6.99,0.6402343321003647,9,0,0.0
p-hat500-1,500,93181,1,4,4,6,9,6.71,0.6825686778632609,9,0,0.0
p-hat500-1,500,93181,1,4,4,7,9,6.75,0.6689544080129826,9,0,0.0
p-hat500-1,500,93181,1,4,4,8,9,6.68,0.6764613810115107,9,0,0.0
p-hat500-1,500,93181,1,4,4,10,9,6.6,0.7615773105863908,9,0,0.0
p-hat500-1,500,93181,1,4,4,12,9,6.47,0.8056674251823764,9,0,0.0
p-hat500-1,500,93181,1,4,4,15,9,6.46,0.8416650165000326,9,0,0.0
p-hat500-1,500,93181,1,4,4,18,8,6.42,0.885211839053229,9,1,0.1111111111111111
p-hat500-1,500,93181,1,4,4,20,9,6.36,0.943610088966836,9,0,0.0
p-hat500-1,500,93181,1,4,4,25,8,6.25,0.8411301920630361,9,1,0.1111111111111111
p-hat500-1,500,93181,1,4,4,30,8,6.14,0.8002499609497022,9,1,0.1111111111111111
p-hat500-1,500,93181,1,4,4,40,8,6.11,0.8111103500757466,9,1,0.1111111111111111
p-hat500-1,500,93181,1,4,4,50,8,5.98,0.7871467461661771,9,1,0.1111111111111111
p-hat500-1,500,93181,1,4,4,75,8,5.86,0.7618398781896364,9,1,0.1111111111111111
p-hat500-1,500,93181,1,4,4,100,8,5.78,0.8195120499419151,9,1,0.1111111111111111
p-hat500-1,500,93181,1,4.5,4.5,3,9,6.9,0.6855654600401043,9,0,0.0
p-hat500-1,500,93181,1,4.5,4.5,4,9,6.95,0.6837397165588672,9,0,0.0
p-hat500-1,500,93181,1,4.5,4.5,5,9,6.81,0.6114736298484179,9,0,0.0
p-hat500-1,500,93181,1,4.5,4.5,6,9,6.69,0.6587108622149783,9,0,0.0
p-hat500-1,500,93181,1,4.5,4.5,7,9,6.71,0.6825686778632609,9,0,0.0
p-hat500-1,500,93181,1,4.5,4.5,8,9,6.63,0.6581033353509158,9,0,0.0
p-hat500-1,500,93181,1,4.5,4.5,10,9,6.57,0.7517313349861106,9,0,0.0
p-hat500-1,500,93181,1,4.5,4.5,12,9,6.47,0.8056674251823764,9,0,0.0
p-hat500-1,500,93181,1,4.5,4.5,15,9,6.47,0.8538735269347563,9,0,0.0
p-hat500-1,500,93181,1,4.5,4.5,18,8,6.4,0.8831760866327846,9,1,0.1111111111111111
p-hat500-1,500,93181,1,4.5,4.5,20,9,6.35,0.9420721840708386,9,0,0.0
p-hat500-1,500,93181,1,4.5,4.5,25,8,6.25,0.8411301920630361,9,1,0.1111111111111111
p-hat500-1,500,93181,1,4.5,4.5,30,8,6.14,0.8002499609497022,9,1,0.1111111111111111
p-hat500-1,500,93181,1,4.5,4.5,40,8,6.11,0.8111103500757466,9,1,0.1111111111111111
p-hat500-1,500,93181,1,4.5,4.5,50,8,5.98,0.7871467461661771,9,1,0.1111111111111111
p-hat500-1,500,93181,1,4.5,4.5,75,8,5.86,0.7618398781896364,9,1,0.1111111111111111
p-hat500-1,500,93181,1,4.5,4.5,100,8,5.78,0.8195120499419151,9,1,0.1111111111111111
p-hat500-1,500,93181,1,5,5,3,9,6.91,0.6941901756723441,9,0,0.0
p-hat500-1,500,93181,1,5,5,4,9,6.85,0.739932429347437,9,0,0.0
p-hat500-1,500,93181,1,5,5,5,9,6.79,0.6048966853934645,9,0,0.0
p-hat500-1,500,93181,1,5,5,6,9,6.66,0.6359245238233858,9,0,0.0
p-hat500-1,500,93181,1,5,5,7,9,6.68,0.6910861017268399,9,0,0.0
p-hat500-1,500,93181,1,5,5,8,9,6.61,0.6766830868286867,9,0,0.0
p-hat500-1,500,93181,1,5,5,10,9,6.55,0.7664854858377946,9,0,0.0
p-hat500-1,500,93181,1,5,5,12,9,6.48,0.8182909018191513,9,0,0.0
p-hat500-1,500,93181,1,5,5,15,9,6.47,0.8538735269347563,9,0,0.0
p-hat500-1,500,93181,1,5,5,18,8,6.4,0.8831760866327846,9,1,0.1111111111111111
p-hat500-1,500,93181,1,5,5,20,9,6.35,0.9420721840708386,9,0,0.0
p-hat500-1,500,93181,1,5,5,25,8,6.25,0.8411301920630361,9,1,0.1111111111111111
p-hat500-1,500,93181,1,5,5,30,8,6.14,0.8002499609497022,9,1,0.1111111111111111
p-hat500-1,500,93181,1,5,5,40,8,6.11,0.8111103500757466,9,1,0.1111111111111111
p-hat500-1,500,93181,1,5,5,50,8,5.98,0.7871467461661771,9,1,0.1111111111111111
p-hat500-1,500,93181,1,5,5,75,8,5.86,0.7618398781896364,9,1,0.1111111111111111
p-hat500-1,500,93181,1,5,5,100,8,5.78,0.8195120499419151,9,1,0.1111111111111111
p_hat1500_1,1500,839327,1,1.0,1.0,3,4,1.49,0.6854925236645546,12,8,0.6666666666666666
p_hat1500_1,1500,839327,1,1.0,1.0,4,4,1.48,0.71386273190299,12,8,0.6666666666666666
p_hat1500_1,1500,839327,1,1.0,1.0,5,6,1.5,0.8306623862918074,12,6,0.5
p_hat1500_1,1500,839327,1,1.0,1.0,6,9,1.79,1.402105559506844,12,3,0.25
p_hat1500_1,1500,839327,1,1.0,1.0,7,8,1.75,1.329473580030833,12,4,0.3333333333333333
p_hat1500_1,1500,839327,1,1.0,1.0,8,9,2.37,2.0864083972223653,12,3,0.25
p_hat1500_1,1500,839327,1,1.0,1.0,10,8,2.61,2.204064427370489,12,4,0.3333333333333333
p_hat1500_1,1500,839327,1,1.0,1.0,12,9,3.04,2.6150334605889847,12,3,0.25
p_hat1500_1,1500,839327,1,1.0,1.0,15,9,4.46,2.9203424456731097,12,3,0.25
p_hat1500_1,1500,839327,1,1.0,1.0,18,10,4.92,2.972137278121588,12,2,0.16666666666666666
p_hat1500_1,1500,839327,1,1.0,1.0,20,9,5.05,3.0112289849827096,12,3,0.25
p_hat1500_1,1500,839327,1,1.0,1.0,25,9,5.45,2.8683619018526936,12,3,0.25
p_hat1500_1,1500,839327,1,1.0,1.0,30,9,5.96,2.741970094658219,12,3,0.25
p_hat1500_1,1500,839327,1,1.0,1.0,40,9,5.93,2.676770442155995,12,3,0.25
p_hat1500_1,1500,839327,1,1.0,1.0,50,10,6.44,2.5152335875619976,12,2,0.16666666666666666
p_hat1500_1,1500,839327,1,1.0,1.0,75,10,6.76,2.3542302351299456,12,2,0.16666666666666666
p_hat1500_1,1500,839327,1,1.0,1.0,100,10,6.95,2.19260119492807,12,2,0.16666666666666666
p_hat1500_1,1500,839327,1,1.5,1.5,3,8,2.22,1.6527552752903258,12,4,0.3333333333333333
p_hat1500_1,1500,839327,1,1.5,1.5,4,8,3.9,2.4879710609249455,12,4,0.3333333333333333
p_hat1500_1,1500,839327,1,1.5,1.5,5,9,4.53,2.566924229501136,12,3,0.25
p_hat1500_1,1500,839327,1,1.5,1.5,6,9,5.27,2.4325089927891326,12,3,0.25
p_hat1500_1,1500,839327,1,1.5,1.5,7,9,6.4,2.0542638584174138,12,3,0.25
p_hat1500_1,1500,839327,1,1.5,1.5,8,9,6.51,1.7691523393987303,12,3,0.25
p_hat1500_1,1500,839327,1,1.5,1.5,10,10,6.82,1.6515447314559784,12,2,0.16666666666666666
p_hat1500_1,1500,839327,1,1.5,1.5,12,10,6.97,1.3817018491700734,12,2,0.16666666666666666
p_hat1500_1,1500,839327,1,1.5,1.5,15,9,7.16,1.2306096050332131,12,3,0.25
p_hat1500_1,1500,839327,1,1.5,1.5,18,9,7.34,0.9509994742374992,12,3,0.25
p_hat1500_1,1500,839327,1,1.5,1.5,20,10,7.46,1.135077089893017,12,2,0.16666666666666666
p_hat1500_1,1500,839327,1,1.5,1.5,25,10,7.56,0.9090654541890809,12,2,0.16666666666666666
p_hat1500_1,1500,839327,1,1.5,1.5,30,10,7.64,0.7418894796396563,12,2,0.16666666666666666
p_hat1500_1,1500,839327,1,1.5,1.5,40,10,7.66,0.8272847151978574,12,2,0.16666666666666666
p_hat1500_1,1500,839327,1,1.5,1.5,50,10,7.54,0.817557337438788,12,2,0.16666666666666666
p_hat1500_1,1500,839327,1,1.5,1.5,75,9,7.63,0.783007024234138,12,3,0.25
p_hat1500_1,1500,839327,1,1.5,1.5,100,10,7.61,0.8233468284993877,12,2,0.16666666666666666
p_hat1500_1,1500,839327,1,2,2,3,8,4.34,2.241517343229804,12,4,0.3333333333333333
p_hat1500_1,1500,839327,1,2,2,4,9,6.3,1.7,12,3,0.25
p_hat1500_1,1500,839327,1,2,2,5,9,6.6,1.70293863659264,12,3,0.25
p_hat1500_1,1500,839327,1,2,2,6,10,7.34,0.992169340384997,12,2,0.16666666666666666
p_hat1500_1,1500,839327,1,2,2,7,9,7.18,0.9734474818910365,12,3,0.25
p_hat1500_1,1500,839327,1,2,2,8,9,7.35,0.8645808232895291,12,3,0.25
p_hat1500_1,1500,839327,1,2,2,10,9,7.55,0.7794228634059948,12,3,0.25
p_hat1500_1,1500,839327,1,2,2,12,9,7.37,0.7437069315261221,12,3,0.25
p_hat1500_1,1500,839327,1,2,2,15,9,7.36,0.7812809993849843,12,3,0.25
p_hat1500_1,1500,839327,1,2,2,18,9,7.4,0.7483314773547883,12,3,0.25
p_hat1500_1,1500,839327,1,2,2,20,9,7.48,0.7678541528180988,12,3,0.25
p_hat1500_1,1500,839327,1,2,2,25,9,7.43,0.7517313349861106,12,3,0.25
p_hat1500_1,1500,839327,1,2,2,30,9,7.39,0.7196526940128828,12,3,0.25
p_hat1500_1,1500,839327,1,2,2,40,9,7.38,0.8219489035213807,12,3,0.25
p_hat1500_1,1500,839327,1,2,2,50,9,7.22,0.8072174428244225,12,3,0.25
p_hat1500_1,1500,839327,1,2,2,75,9,7.11,0.7732399368889323,12,3,0.25
p_hat1500_1,1500,839327,1,2,2,100,9,7.07,0.7246378405796925,12,3,0.25
p_hat1500_1,1500,839327,1,2.5,2.5,3,9,6.32,1.6117071694324625,12,3,0.25
p_hat1500_1,1500,839327,1,2.5,2.5,4,10,7.18,0.9734474818910365,12,2,0.16666666666666666
p_hat1500_1,1500,839327,1,2.5,2.5,5,10,7.4,0.9486832980505138,12,2,0.16666666666666666
p_hat1500_1,1500,839327,1,2.5,2.5,6,9,7.45,0.7262919523166976,12,3,0.25
p_hat1500_1,1500,839327,1,2.5,2.5,7,9,7.46,0.7405403432629447,12,3,0.25
p_hat1500_1,1500,839327,1,2.5,2.5,8,9,7.59,0.7495998932764065,12,3,0.25
p_hat1500_1,1500,839327,1,2.5,2.5,10,10,7.54,0.7927168473042566,12,2,0.16666666666666666
p_hat1500_1,1500,839327,1,2.5,2.5,12,10,7.4,0.848528137423857,12,2,0.16666666666666666
p_hat1500_1,1500,839327,1,2.5,2.5,15,9,7.35,0.7262919523166975,12,3,0.25
p_hat1500_1,1500,839327,1,2.5,2.5,18,9,7.21,0.7388504584826352,12,3,0.25
p_hat1500_1,1500,839327,1,2.5,2.5,20,9,7.21,0.7388504584826352,12,3,0.25
p_hat1500_1,1500,839327,1,2.5,2.5,25,9,7.19,0.7306846104852626,12,3,0.25
p_hat1500_1,1500,839327,1,2.5,2.5,30,9,7.14,0.7351190379795641,12,3,0.25
p_hat1500_1,1500,839327,1,2.5,2.5,40,9,7.04,0.7863841300535,12,3,0.25
p_hat1500_1,1500,839327,1,2.5,2.5,50,9,6.97,0.7675285010994706,12,3,0.25
p_hat1500_1,1500,839327,1,2.5,2.5,75,9,6.92,0.744043009509531,12,3,0.25
p_hat1500_1,1500,839327,1,2.5,2.5,100,9,6.84,0.7709734106958552,12,3,0.25
p_hat1500_1,1500,839327,1,3,3,3,9,6.96,0.9891410415102591,12,3,0.25
p_hat1500_1,1500,839327,1,3,3,4,9,7.48,0.8304215796810678,12,3,0.25
p_hat1500_1,1500,839327,1,3,3,5,9,7.5,0.7280109889280518,12,3,0.25
p_hat1500_1,1500,839327,1,3,3,6,9,7.51,0.7549172140042906,12,3,0.25
p_hat1500_1,1500,839327,1,3,3,7,9,7.48,0.7413501197140256,12,3,0.25
p_hat1500_1,1500,839327,1,3,3,8,10,7.36,0.7812809993849844,12,2,0.16666666666666666
p_hat1500_1,1500,839327,1,3,3,10,10,7.33,0.860871651293037,12,2,0.16666666666666666
p_hat1500_1,1500,839327,1,3,3,12,10,7.31,0.8797158632194828,12,2,0.16666666666666666
p_hat1500_1,1500,839327,1,3,3,15,9,7.23,0.8228608630868283,12,3,0.25
p_hat1500_1,1500,839327,1,3,3,18,9,7.13,0.8325262758616091,12,3,0.25
p_hat1500_1,1500,839327,1,3,3,20,9,7.11,0.8354040938372281,12,3,0.25
p_hat1500_1,1500,839327,1,3,3,25,9,7.02,0.7480641683706017,12,3,0.25
p_hat1500_1,1500,839327,1,3,3,30,9,7.0,0.7483314773547883,12,3,0.25
p_hat1500_1,1500,839327,1,3,3,40,9,6.88,0.7782030583337488,12,3,0.25
p_hat1500_1,1500,839327,1,3,3,50,9,6.87,0.7701298591796062,12,3,0.25
p_hat1500_1,1500,839327,1,3,3,75,9,6.82,0.7794870107962032,12,3,0.25
p_hat1500_1,1500,839327,1,3,3,100,9,6.8,0.7874007874011811,12,3,0.25
p_hat1500_1,1500,839327,1,3.5,3.5,3,9,7.26,0.7825599018605541,12,3,0.25
p_hat1500_1,1500,839327,1,3.5,3.5,4,9,7.49,0.7809609465267774,12,3,0.25
p_hat1500_1,1500,839327,1,3.5,3.5,5,10,7.43,0.8031811750782012,12,2,0.16666666666666666
p_hat1500_1,1500,839327,1,3.5,3.5,6,9,7.45,0.7399324293474372,12,3,0.25
p_hat1500_1,1500,839327,1,3.5,3.5,7,9,7.45,0.7664854858377947,12,3,0.25
p_hat1500_1,1500,839327,1,3.5,3.5,8,10,7.38,0.9031057523900509,12,2,0.16666666666666666
p_hat1500_1,1500,839327,1,3.5,3.5,10,10,7.29,0.9305374790947436,12,2,0.16666666666666666
p_hat1500_1,1500,839327,1,3.5,3.5,12,10,7.21,0.8865100112237876,12,2,0.16666666666666666
p_hat1500_1,1500,839327,1,3.5,3.5,15,9,7.11,0.8705745229444749,12,3,0.25
p_hat1500_1,1500,839327,1,3.5,3.5,18,9,7.02,0.8829496021857647,12,3,0.25
p_hat1500_1,1500,839327,1,3.5,3.5,20,9,7.03,0.8538735269347564,12,3,0.25
p_hat1500_1,1500,839327,1,3.5,3.5,25,9,6.95,0.7664854858377946,12,3,0.25
p_hat1500_1,1500,839327,1,3.5,3.5,30,9,6.96,0.7735631842325486,12,3,0.25
p_hat1500_1,1500,839327,1,3.5,3.5,40,9,6.87,0.7830070242341379,12,3,0.25
p_hat1500_1,1500,839327,1,3.5,3.5,50,9,6.85,0.7794228634059948,12,3,0.25
p_hat1500_1,1500,839327,1,3.5,3.5,75,9,6.81,0.783517708797957,12,3,0.25
p_hat1500_1,1500,839327,1,3.5,3.5,100,9,6.8,0.7874007874011811,12,3,0.25
p_hat1500_1,1500,839327,1,4,4,3,9,7.5,0.7280109889280518,12,3,0.25
p_hat1500_1,1500,839327,1,4,4,4,9,7.51,0.7680494775728969,12,3,0.25
p_hat1500_1,1500,839327,1,4,4,5,10,7.48,0.7678541528180988,12,2,0.16666666666666666
p_hat1500_1,1500,839327,1,4,4,6,9,7.5,0.806225774829855,12,3,0.25
p_hat1500_1,1500,839327,1,4,4,7,9,7.41,0.8257723657279892,12,3,0.25
p_hat1500_1,1500,839327,1,4,4,8,10,7.34,0.9189124006128113,12,2,0.16666666666666666
p_hat1500_1,1500,839327,1,4,4,10,10,7.2,0.9695359714832659,12,2,0.16666666666666666
p_hat1500_1,1500,839327,1,4,4,12,10,7.11,0.9580709785814411,12,2,0.16666666666666666
p_hat1500_1,1500,839327,1,4,4,15,9,7.06,0.9035485598461215,12,3,0.25
p_hat1500_1,1500,839327,1,4,4,18,9,7.02,0.8942035562443263,12,3,0.25
p_hat1500_1,1500,839327,1,4,4,20,9,7.02,0.86,12,3,0.25
p_hat1500_1,1500,839327,1,4,4,25,9,6.93,0.7778817390837761,12,3,0.25
p_hat1500_1,1500,839327,1,4,4,30,9,6.95,0.7794228634059946,12,3,0.25
p_hat1500_1,1500,839327,1,4,4,40,9,6.87,0.7830070242341379,12,3,0.25
p_hat1500_1,1500,839327,1,4,4,50,9,6.85,0.7794228634059948,12,3,0.25
p_hat1500_1,1500,839327,1,4,4,75,9,6.81,0.783517708797957,12,3,0.25
p_hat1500_1,1500,839327,1,4,4,100,9,6.8,0.7874007874011811,12,3,0.25
p_hat1500_1,1500,839327,1,4.5,4.5,3,10,7.52,0.8997777503361594,12,2,0.16666666666666666
p_hat1500_1,1500,839327,1,4.5,4.5,4,10,7.54,0.8296987405076617,12,2,0.16666666666666666
p_hat1500_1,1500,839327,1,4.5,4.5,5,9,7.52,0.7547184905645283,12,3,0.25
p_hat1500_1,1500,839327,1,4.5,4.5,6,9,7.46,0.8534635317340747,12,3,0.25
p_hat1500_1,1500,839327,1,4.5,4.5,7,9,7.39,0.8472897969408106,12,3,0.25
p_hat1500_1,1500,839327,1,4.5,4.5,8,10,7.3,0.9433981132056604,12,2,0.16666666666666666
p_hat1500_1,1500,839327,1,4.5,4.5,10,10,7.16,0.9871170143402453,12,2,0.16666666666666666
p_hat1500_1,1500,839327,1,4.5,4.5,12,10,7.1,0.9539392014169457,12,2,0.16666666666666666
p_hat1500_1,1500,839327,1,4.5,4.5,15,9,7.05,0.8986100377805714,12,3,0.25
p_hat1500_1,1500,839327,1,4.5,4.5,18,9,7.0,0.8944271909999159,12,3,0.25
p_hat1500_1,1500,839327,1,4.5,4.5,20,9,7.02,0.86,12,3,0.25
p_hat1500_1,1500,839327,1,4.5,4.5,25,9,6.93,0.7778817390837761,12,3,0.25
p_hat1500_1,1500,839327,1,4.5,4.5,30,9,6.95,0.7794228634059946,12,3,0.25
p_hat1500_1,1500,839327,1,4.5,4.5,40,9,6.87,0.7830070242341379,12,3,0.25
p_hat1500_1,1500,839327,1,4.5,4.5,50,9,6.85,0.7794228634059948,12,3,0.25
p_hat1500_1,1500,839327,1,4.5,4.5,75,9,6.81,0.783517708797957,12,3,0.25
p_hat1500_1,1500,839327,1,4.5,4.5,100,9,6.8,0.7874007874011811,12,3,0.25
p_hat1500_1,1500,839327,1,5,5,3,9,7.4,0.7615773105863908,12,3,0.25
p_hat1500_1,1500,839327,1,5,5,4,10,7.62,0.8340263784797217,12,2,0.16666666666666666
p_hat1500_1,1500,839327,1,5,5,5,9,7.47,0.7410128204019146,12,3,0.25
p_hat1500_1,1500,839327,1,5,5,6,9,7.46,0.8534635317340747,12,3,0.25
p_hat1500_1,1500,839327,1,5,5,7,9,7.37,0.832526275861609,12,3,0.25
p_hat1500_1,1500,839327,1,5,5,8,10,7.28,0.9389355675444403,12,2,0.16666666666666666
p_hat1500_1,1500,839327,1,5,5,10,10,7.17,0.9905049217444606,12,2,0.16666666666666666
p_hat1500_1,1500,839327,1,5,5,12,10,7.1,0.9539392014169457,12,2,0.16666666666666666
p_hat1500_1,1500,839327,1,5,5,15,9,7.05,0.8986100377805714,12,3,0.25
p_hat1500_1,1500,839327,1,5,5,18,9,7.0,0.8944271909999159,12,3,0.25
p_hat1500_1,1500,839327,1,5,5,20,9,7.02,0.86,12,3,0.25
p_hat1500_1,1500,839327,1,5,5,25,9,6.93,0.7778817390837761,12,3,0.25
p_hat1500_1,1500,839327,1,5,5,30,9,6.95,0.7794228634059946,12,3,0.25
p_hat1500_1,1500,839327,1,5,5,40,9,6.87,0.7830070242341379,12,3,0.25
p_hat1500_1,1500,839327,1,5,5,50,9,6.85,0.7794228634059948,12,3,0.25
p_hat1500_1,1500,839327,1,5,5,75,9,6.81,0.783517708797957,12,3,0.25
p_hat1500_1,1500,839327,1,5,5,100,9,6.8,0.7874007874011811,12,3,0.25
p_hat1500_2,1500,555290,1,1.0,1.0,3,5,1.91,1.000949549178179,65,60,0.9230769230769231
p_hat1500_2,1500,555290,1,1.0,1.0,4,5,1.94,1.047091209016674,65,60,0.9230769230769231
p_hat1500_2,1500,555290,1,1.0,1.0,5,5,1.92,1.0457533169921096,65,60,0.9230769230769231
p_hat1500_2,1500,555290,1,1.0,1.0,6,5,1.96,1.0762899237658967,65,60,0.9230769230769231
p_hat1500_2,1500,555290,1,1.0,1.0,7,8,2.03,1.2605950975630518,65,57,0.8769230769230769
p_hat1500_2,1500,555290,1,1.0,1.0,8,8,2.05,1.2757350822173072,65,57,0.8769230769230769
p_hat1500_2,1500,555290,1,1.0,1.0,10,8,2.07,1.290387538687506,65,57,0.8769230769230769
p_hat1500_2,1500,555290,1,1.0,1.0,12,8,2.11,1.3703649149040558,65,57,0.8769230769230769
p_hat1500_2,1500,555290,1,1.0,1.0,15,8,2.13,1.3612861565446113,65,57,0.8769230769230769
p_hat1500_2,1500,555290,1,1.0,1.0,18,8,2.16,1.4122322755127783,65,57,0.8769230769230769
p_hat1500_2,1500,555290,1,1.0,1.0,20,8,2.17,1.4146024176424978,65,57,0.8769230769230769
p_hat1500_2,1500,555290,1,1.0,1.0,25,8,2.22,1.418308852119312,65,57,0.8769230769230769
p_hat1500_2,1500,555290,1,1.0,1.0,30,28,2.53,2.9307166359100636,65,37,0.5692307692307692
p_hat1500_2,1500,555290,1,1.0,1.0,40,29,2.56,3.0209932141598728,65,36,0.5538461538461539
p_hat1500_2,1500,555290,1,1.0,1.0,50,8,2.29,1.4373239022572468,65,57,0.8769230769230769
p_hat1500_2,1500,555290,1,1.0,1.0,75,52,3.29,6.967488787217385,65,13,0.2
p_hat1500_2,1500,555290,1,1.0,1.0,100,50,3.2,6.434283176858165,65,15,0.23076923076923078
p_hat1500_2,1500,555290,1,1.5,1.5,3,8,2.19,1.3393655214316964,65,57,0.8769230769230769
p_hat1500_2,1500,555290,1,1.5,1.5,4,10,2.32,1.684517735139645,65,55,0.8461538461538461
p_hat1500_2,1500,555290,1,1.5,1.5,5,45,2.94,4.709182519291433,65,20,0.3076923076923077
p_hat1500_2,1500,555290,1,1.5,1.5,6,46,2.97,4.682851695281413,65,19,0.2923076923076923
p_hat1500_2,1500,555290,1,1.5,1.5,7,47,4.24,8.149993865028364,65,18,0.27692307692307694
p_hat1500_2,1500,555290,1,1.5,1.5,8,46,5.15,9.682329265212996,65,19,0.2923076923076923
p_hat1500_2,1500,555290,1,1.5,1.5,10,53,9.17,14.286395626609252,65,12,0.18461538461538463
p_hat1500_2,1500,555290,1,1.5,1.5,12,50,12.16,16.205998889300222,65,15,0.23076923076923078
p_hat1500_2,1500,555290,1,1.5,1.5,15,51,18.83,19.218769471534852,65,14,0.2153846153846154
p_hat1500_2,1500,555290,1,1.5,1.5,18,51,21.83,18.73662456260465,65,14,0.2153846153846154
p_hat1500_2,1500,555290,1,1.5,1.5,20,51,24.01,18.958636554351685,65,14,0.2153846153846154
p_hat1500_2,1500,555290,1,1.5,1.5,25,50,29.18,17.19149789867073,65,15,0.23076923076923078
p_hat1500_2,1500,555290,1,1.5,1.5,30,54,31.21,16.944789759687197,65,11,0.16923076923076924
p_hat1500_2,1500,555290,1,1.5,1.5,40,52,33.72,14.441661954221196,65,13,0.2
p_hat1500_2,1500,555290,1,1.5,1.5,50,52,36.7,12.511994245522974,65,13,0.2
p_hat1500_2,1500,555290,1,1.5,1.5,75,51,38.44,10.27260434359272,65,14,0.2153846153846154
p_hat1500_2,1500,555290,1,1.5,1.5,100,51,38.92,8.887834381895289,65,14,0.2153846153846154
p_hat1500_2,1500,555290,1,2,2,3,46,3.21,4.903661896990861,65,19,0.2923076923076923
p_hat1500_2,1500,555290,1,2,2,4,49,9.19,13.590213390524816,65,16,0.24615384615384617
p_hat1500_2,1500,555290,1,2,2,5,48,16.82,16.894010773052088,65,17,0.26153846153846155
p_hat1500_2,1500,555290,1,2,2,6,51,24.93,17.137243068825278,65,14,0.2153846153846154
p_hat1500_2,1500,555290,1,2,2,7,51,30.42,15.206695893585827,65,14,0.2153846153846154
p_hat1500_2,1500,555290,1,2,2,8,51,33.37,13.527494224726173,65,14,0.2153846153846154
p_hat1500_2,1500,555290,1,2,2,10,51,38.1,8.181075723888638,65,14,0.2153846153846154
p_hat1500_2,1500,555290,1,2,2,12,51,37.01,8.661980143131245,65,14,0.2153846153846154
p_hat1500_2,1500,555290,1,2,2,15,51,38.26,5.867912746454228,65,14,0.2153846153846154
p_hat1500_2,1500,555290,1,2,2,18,48,37.97,5.5775532269983765,65,17,0.26153846153846155
p_hat1500_2,1500,555290,1,2,2,20,51,38.24,5.394664030317366,65,14,0.2153846153846154
p_hat1500_2,1500,555290,1,2,2,25,48,36.49,5.054690890648012,65,17,0.26153846153846155
p_hat1500_2,1500,555290,1,2,2,30,47,35.43,5.308964117414997,65,18,0.27692307692307694
p_hat1500_2,1500,555290,1,2,2,40,48,34.57,5.333394791312566,65,17,0.26153846153846155
p_hat1500_2,1500,555290,1,2,2,50,45,33.82,5.5953194725591855,65,20,0.3076923076923077
p_hat1500_2,1500,555290,1,2,2,75,45,32.56,5.23702205456498,65,20,0.3076923076923077
p_hat1500_2,1500,555290,1,2,2,100,45,31.86,5.213482521309532,65,20,0.3076923076923077
p_hat1500_2,1500,555290,1,2.5,2.5,3,44,11.46,13.750214543780764,65,21,0.3230769230769231
p_hat1500_2,1500,555290,1,2.5,2.5,4,48,27.22,14.566797863634958,65,17,0.26153846153846155
p_hat1500_2,1500,555290,1,2.5,2.5,5,52,35.67,9.69644780319061,65,13,0.2
p_hat1500_2,1500,555290,1,2.5,2.5,6,49,37.13,7.27551372756591,65,16,0.24615384615384617
p_hat1500_2,1500,555290,1,2.5,2.5,7,51,37.93,5.278740380052802,65,14,0.2153846153846154
p_hat1500_2,1500,555290,1,2.5,2.5,8,50,37.46,5.82652555130414,65,15,0.23076923076923078
p_hat1500_2,1500,555290,1,2.5,2.5,10,48,36.8,5.293392107146419,65,17,0.26153846153846155
p_hat1500_2,1500,555290,1,2.5,2.5,12,48,36.05,5.119326127528897,65,17,0.26153846153846155
p_hat1500_2,1500,555290,1,2.5,2.5,15,47,34.95,5.365398400864563,65,18,0.27692307692307694
p_hat1500_2,1500,555290,1,2.5,2.5,18,46,34.0,5.612486080160912,65,19,0.2923076923076923
p_hat1500_2,1500,555290,1,2.5,2.5,20,46,33.29,5.523214643665408,65,19,0.2923076923076923
p_hat1500_2,1500,555290,1,2.5,2.5,25,46,32.54,5.387801035673088,65,19,0.2923076923076923
p_hat1500_2,1500,555290,1,2.5,2.5,30,43,31.55,5.256186830773807,65,22,0.3384615384615385
p_hat1500_2,1500,555290,1,2.5,2.5,40,43,31.01,5.150718396495774,65,22,0.3384615384615385
p_hat1500_2,1500,555290,1,2.5,2.5,50,42,30.37,5.25481683791167,65,23,0.35384615384615387
p_hat1500_2,1500,555290,1,2.5,2.5,75,39,29.92,4.983332218506007,65,26,0.4
p_hat1500_2,1500,555290,1,2.5,2.5,100,39,29.31,4.898356867358686,65,26,0.4
p_hat1500_2,1500,555290,1,3,3,3,51,29.7,13.437633720264891,65,14,0.2153846153846154
p_hat1500_2,1500,555290,1,3,3,4,47,36.49,5.847213011341386,65,18,0.27692307692307694
p_hat1500_2,1500,555290,1,3,3,5,48,37.34,6.4175073042420445,65,17,0.26153846153846155
p_hat1500_2,1500,555290,1,3,3,6,46,36.64,4.708545422951763,65,19,0.2923076923076923
p_hat1500_2,1500,555290,1,3,3,7,47,35.91,5.045978596863051,65,18,0.27692307692307694
p_hat1500_2,1500,555290,1,3,3,8,46,35.64,5.348869039339064,65,19,0.2923076923076923
p_hat1500_2,1500,555290,1,3,3,10,46,34.46,5.47981751520979,65,19,0.2923076923076923
p_hat1500_2,1500,555290,1,3,3,12,45,33.57,5.337143430712726,65,20,0.3076923076923077
p_hat1500_2,1500,555290,1,3,3,15,44,32.56,5.08,65,21,0.3230769230769231
p_hat1500_2,1500,555290,1,3,3,18,42,31.87,5.25481683791167,65,23,0.35384615384615387
p_hat1500_2,1500,555290,1,3,3,20,41,31.37,5.2965177239390036,65,24,0.36923076923076925
p_hat1500_2,1500,555290,1,3,3,25,42,30.99,5.2201436761836355,65,23,0.35384615384615387
p_hat1500_2,1500,555290,1,3,3,30,42,30.28,5.2518187325915955,65,23,0.35384615384615387
p_hat1500_2,1500,555290,1,3,3,40,43,30.02,5.143889578908163,65,22,0.3384615384615385
p_hat1500_2,1500,555290,1,3,3,50,41,29.75,5.167929953085665,65,24,0.36923076923076925
p_hat1500_2,1500,555290,1,3,3,75,39,29.4,5.079370039680118,65,26,0.4
p_hat1500_2,1500,555290,1,3,3,100,39,29.05,4.964624859946619,65,26,0.4
p_hat1500_2,1500,555290,1,3.5,3.5,3,47,35.63,7.750683840797533,65,18,0.27692307692307694
p_hat1500_2,1500,555290,1,3.5,3.5,4,48,37.27,4.749431544932509,65,17,0.26153846153846155
p_hat1500_2,1500,555290,1,3.5,3.5,5,47,36.13,5.131578704453436,65,18,0.27692307692307694
p_hat1500_2,1500,555290,1,3.5,3.5,6,45,35.17,5.418588377059103,65,20,0.3076923076923077
p_hat1500_2,1500,555290,1,3.5,3.5,7,45,34.61,5.201720869097072,65,20,0.3076923076923077
p_hat1500_2,1500,555290,1,3.5,3.5,8,47,33.98,5.537111160162852,65,18,0.27692307692307694
p_hat1500_2,1500,555290,1,3.5,3.5,10,47,33.15,5.501590679067282,65,18,0.27692307692307694
p_hat1500_2,1500,555290,1,3.5,3.5,12,46,32.88,5.508684053383348,65,19,0.2923076923076923
p_hat1500_2,1500,555290,1,3.5,3.5,15,41,31.67,4.849855667955491,65,24,0.36923076923076925
p_hat1500_2,1500,555290,1,3.5,3.5,18,42,31.44,5.040476167982545,65,23,0.35384615384615387
p_hat1500_2,1500,555290,1,3.5,3.5,20,41,31.06,5.124099920961729,65,24,0.36923076923076925
p_hat1500_2,1500,555290,1,3.5,3.5,25,42,30.66,5.130730942078331,65,23,0.35384615384615387
p_hat1500_2,1500,555290,1,3.5,3.5,30,42,30.15,5.316718913013928,65,23,0.35384615384615387
p_hat1500_2,1500,555290,1,3.5,3.5,40,43,29.88,5.206303871269905,65,22,0.3384615384615385
p_hat1500_2,1500,555290,1,3.5,3.5,50,41,29.6,5.1788029504896205,65,24,0.36923076923076925
p_hat1500_2,1500,555290,1,3.5,3.5,75,39,29.35,5.0386009963084,65,26,0.4
p_hat1500_2,1500,555290,1,3.5,3.5,100,39,28.96,4.9028971027342605,65,26,0.4
p_hat1500_2,1500,555290,1,4,4,3,46,36.35,5.47608436750202,65,19,0.2923076923076923
p_hat1500_2,1500,555290,1,4,4,4,49,36.27,4.839121821157223,65,16,0.24615384615384617
p_hat1500_2,1500,555290,1,4,4,5,49,34.94,5.369953444863373,65,16,0.24615384615384617
p_hat1500_2,1500,555290,1,4,4,6,45,34.57,5.396767551043865,65,20,0.3076923076923077
p_hat1500_2,1500,555290,1,4,4,7,45,33.66,5.323945905059517,65,20,0.3076923076923077
p_hat1500_2,1500,555290,1,4,4,8,45,33.32,5.4550527036867384,65,20,0.3076923076923077
p_hat1500_2,1500,555290,1,4,4,10,43,32.58,5.246293930004303,65,22,0.3384615384615385
p_hat1500_2,1500,555290,1,4,4,12,45,32.46,5.313040560733562,65,20,0.3076923076923077
p_hat1500_2,1500,555290,1,4,4,15,40,31.49,4.813512231209141,65,25,0.38461538461538464
p_hat1500_2,1500,555290,1,4,4,18,42,31.3,5.08822169328342,65,23,0.35384615384615387
p_hat1500_2,1500,555290,1,4,4,20,41,30.88,5.0976072818529286,65,24,0.36923076923076925
p_hat1500_2,1500,555290,1,4,4,25,42,30.46,5.050584124633506,65,23,0.35384615384615387
p_hat1500_2,1500,555290,1,4,4,30,42,30.03,5.17581877580736,65,23,0.35384615384615387
p_hat1500_2,1500,555290,1,4,4,40,43,29.83,5.171179749341537,65,22,0.3384615384615385
p_hat1500_2,1500,555290,1,4,4,50,41,29.56,5.16782352639871,65,24,0.36923076923076925
p_hat1500_2,1500,555290,1,4,4,75,39,29.31,5.025325860081115,65,26,0.4
p_hat1500_2,1500,555290,1,4,4,100,39,28.96,4.9028971027342605,65,26,0.4
p_hat1500_2,1500,555290,1,4.5,4.5,3,47,36.7,3.850973902793942,65,18,0.27692307692307694
p_hat1500_2,1500,555290,1,4.5,4.5,4,46,35.38,4.755586188894067,65,19,0.2923076923076923
p_hat1500_2,1500,555290,1,4.5,4.5,5,49,34.53,5.339391351081132,65,16,0.24615384615384617
p_hat1500_2,1500,555290,1,4.5,4.5,6,45,34.07,5.355847271907592,65,20,0.3076923076923077
p_hat1500_2,1500,555290,1,4.5,4.5,7,45,33.35,5.40624638728203,65,20,0.3076923076923077
p_hat1500_2,1500,555290,1,4.5,4.5,8,45,33.13,5.40676428189726,65,20,0.3076923076923077
p_hat1500_2,1500,555290,1,4.5,4.5,10,43,32.48,5.233507428102114,65,22,0.3384615384615385
p_hat1500_2,1500,555290,1,4.5,4.5,12,45,32.29,5.244606753608892,65,20,0.3076923076923077
p_hat1500_2,1500,555290,1,4.5,4.5,15,40,31.5,4.725462940284264,65,25,0.38461538461538464
p_hat1500_2,1500,555290,1,4.5,4.5,18,42,31.2,4.983974317750845,65,23,0.35384615384615387
p_hat1500_2,1500,555290,1,4.5,4.5,20,41,30.83,5.0617289536283945,65,24,0.36923076923076925
p_hat1500_2,1500,555290,1,4.5,4.5,25,42,30.46,5.050584124633506,65,23,0.35384615384615387
p_hat1500_2,1500,555290,1,4.5,4.5,30,42,29.98,5.1322119987389465,65,23,0.35384615384615387
p_hat1500_2,1500,555290,1,4.5,4.5,40,43,29.79,5.161966679474016,65,22,0.3384615384615385
p_hat1500_2,1500,555290,1,4.5,4.5,50,41,29.56,5.16782352639871,65,24,0.36923076923076925
p_hat1500_2,1500,555290,1,4.5,4.5,75,39,29.31,5.025325860081115,65,26,0.4
p_hat1500_2,1500,555290,1,4.5,4.5,100,39,28.96,4.9028971027342605,65,26,0.4
p_hat1500_2,1500,555290,1,5,5,3,46,36.34,4.224263249372605,65,19,0.2923076923076923
p_hat1500_2,1500,555290,1,5,5,4,43,35.08,4.524776237561367,65,22,0.3384615384615385
p_hat1500_2,1500,555290,1,5,5,5,49,34.36,5.588416591486357,65,16,0.24615384615384617
p_hat1500_2,1500,555290,1,5,5,6,45,33.99,5.382369366738035,65,20,0.3076923076923077
p_hat1500_2,1500,555290,1,5,5,7,45,33.32,5.358880480100297,65,20,0.3076923076923077
p_hat1500_2,1500,555290,1,5,5,8,45,33.03,5.356220682533534,65,20,0.3076923076923077
p_hat1500_2,1500,555290,1,5,5,10,43,32.51,5.235446494808251,65,22,0.3384615384615385
p_hat1500_2,1500,555290,1,5,5,12,45,32.25,5.196874060432868,65,20,0.3076923076923077
p_hat1500_2,1500,555290,1,5,5,15,40,31.5,4.725462940284264,65,25,0.38461538461538464
p_hat1500_2,1500,555290,1,5,5,18,42,31.15,4.950505024742424,65,23,0.35384615384615387
p_hat1500_2,1500,555290,1,5,5,20,41,30.78,5.025097013988884,65,24,0.36923076923076925
p_hat1500_2,1500,555290,1,5,5,25,42,30.41,5.010179637498041,65,23,0.35384615384615387
p_hat1500_2,1500,555290,1,5,5,30,42,29.98,5.1322119987389465,65,23,0.35384615384615387
p_hat1500_2,1500,555290,1,5,5,40,43,29.79,5.161966679474016,65,22,0.3384615384615385
p_hat1500_2,1500,555290,1,5,5,50,41,29.56,5.16782352639871,65,24,0.36923076923076925
p_hat1500_2,1500,555290,1,5,5,75,39,29.31,5.025325860081115,65,26,0.4
p_hat1500_2,1500,555290,1,5,5,100,39,28.96,4.9028971027342605,65,26,0.4
p_hat1500_3,1500,277006,1,1.0,1.0,3,10,3.16,1.9479219696897512,94,84,0.8936170212765957
p_hat1500_3,1500,277006,1,1.0,1.0,4,9,3.12,1.8126224096595518,94,85,0.9042553191489362
p_hat1500_3,1500,277006,1,1.0,1.0,5,9,3.08,1.758863269273652,94,85,0.9042553191489362
p_hat1500_3,1500,277006,1,1.0,1.0,6,10,3.19,1.90627909813857,94,84,0.8936170212765957
p_hat1500_3,1500,277006,1,1.0,1.0,7,10,3.23,1.8913222887704781,94,84,0.8936170212765957
p_hat1500_3,1500,277006,1,1.0,1.0,8,10,3.23,1.8966022250329668,94,84,0.8936170212765957
p_hat1500_3,1500,277006,1,1.0,1.0,10,10,3.25,1.8993419913222578,94,84,0.8936170212765957
p_hat1500_3,1500,277006,1,1.0,1.0,12,11,3.29,1.9559907975243647,94,83,0.8829787234042553
p_hat1500_3,1500,277006,1,1.0,1.0,15,11,3.31,1.9477936235648785,94,83,0.8829787234042553
p_hat1500_3,1500,277006,1,1.0,1.0,18,11,3.34,2.006090725764914,94,83,0.8829787234042553
p_hat1500_3,1500,277006,1,1.0,1.0,20,11,3.35,2.011839953873071,94,83,0.8829787234042553
p_hat1500_3,1500,277006,1,1.0,1.0,25,11,3.39,2.0341828826337127,94,83,0.8829787234042553
p_hat1500_3,1500,277006,1,1.0,1.0,30,11,3.44,2.0313542280951395,94,83,0.8829787234042553
p_hat1500_3,1500,277006,1,1.0,1.0,40,11,3.47,2.0613345191889647,94,83,0.8829787234042553
p_hat1500_3,1500,277006,1,1.0,1.0,50,11,3.48,2.0517309765171454,94,83,0.8829787234042553
p_hat1500_3,1500,277006,1,1.0,1.0,75,11,3.46,2.0367621363330572,94,83,0.8829787234042553
p_hat1500_3,1500,277006,1,1.0,1.0,100,11,3.48,2.027214838146169,94,83,0.8829787234042553
p_hat1500_3,1500,277006,1,1.5,1.5,3,11,3.62,2.257343571545989,94,83,0.8829787234042553
p_hat1500_3,1500,277006,1,1.5,1.5,4,11,3.76,2.2632719677493465,94,83,0.8829787234042553
p_hat1500_3,1500,277006,1,1.5,1.5,5,15,4.1,2.563201123595259,94,79,0.8404255319148937
p_hat1500_3,1500,277006,1,1.5,1.5,6,16,4.39,2.95599391068385,94,78,0.8297872340425532
p_hat1500_3,1500,277006,1,1.5,1.5,7,65,5.76,8.971198359193716,94,29,0.30851063829787234
p_hat1500_3,1500,277006,1,1.5,1.5,8,65,5.35,6.8342885511222,94,29,0.30851063829787234
p_hat1500_3,1500,277006,1,1.5,1.5,10,65,6.95,11.206582886857172,94,29,0.30851063829787234
p_hat1500_3,1500,277006,1,1.5,1.5,12,69,8.41,13.631650670406723,94,25,0.26595744680851063
p_hat1500_3,1500,277006,1,1.5,1.5,15,62,12.12,17.04774471887704,94,32,0.3404255319148936
p_hat1500_3,1500,277006,1,1.5,1.5,18,67,15.23,20.076282026311542,94,27,0.2872340425531915
p_hat1500_3,1500,277006,1,1.5,1.5,20,67,19.12,22.390748089333684,94,27,0.2872340425531915
p_hat1500_3,1500,277006,1,1.5,1.5,25,71,24.79,24.754108749862112,94,23,0.24468085106382978
p_hat1500_3,1500,277006,1,1.5,1.5,30,72,26.37,25.229211244111458,94,22,0.23404255319148937
p_hat1500_3,1500,277006,1,1.5,1.5,40,73,35.71,24.38987289839781,94,21,0.22340425531914893
p_hat1500_3,1500,277006,1,1.5,1.5,50,72,39.72,23.479812605725797,94,22,0.23404255319148937
p_hat1500_3,1500,277006,1,1.5,1.5,75,72,47.8,18.6306199574786,94,22,0.23404255319148937
p_hat1500_3,1500,277006,1,1.5,1.5,100,69,49.08,14.757154197202112,94,25,0.26595744680851063
p_hat1500_3,1500,277006,1,2,2,3,14,4.49,2.7513451255704,94,80,0.851063829787234
p_hat1500_3,1500,277006,1,2,2,4,25,5.21,3.7531187031587474,94,69,0.7340425531914894
p_hat1500_3,1500,277006,1,2,2,5,64,12.37,16.80455592986616,94,30,0.3191489361702128
p_hat1500_3,1500,277006,1,2,2,6,70,18.88,20.975833714062478,94,24,0.2553191489361702
p_hat1500_3,1500,277006,1,2,2,7,67,26.71,23.619184998640407,94,27,0.2872340425531915
p_hat1500_3,1500,277006,1,2,2,8,67,37.3,22.720255280255987,94,27,0.2872340425531915
p_hat1500_3,1500,277006,1,2,2,10,69,42.14,21.228763506148915,94,25,0.26595744680851063
p_hat1500_3,1500,277006,1,2,2,12,69,47.58,14.76629946872269,94,25,0.26595744680851063
p_hat1500_3,1500,277006,1,2,2,15,69,50.56,9.698783428863642,94,25,0.26595744680851063
p_hat1500_3,1500,277006,1,2,2,18,67,50.27,10.884718645881483,94,27,0.2872340425531915
p_hat1500_3,1500,277006,1,2,2,20,67,49.4,10.219589032832975,94,27,0.2872340425531915
p_hat1500_3,1500,277006,1,2,2,25,66,50.15,6.64887208479754,94,28,0.2978723404255319
p_hat1500_3,1500,277006,1,2,2,30,64,49.49,6.385131165449931,94,30,0.3191489361702128
p_hat1500_3,1500,277006,1,2,2,40,61,48.32,5.966372432223788,94,33,0.35106382978723405
p_hat1500_3,1500,277006,1,2,2,50,64,47.89,6.009816968926758,94,30,0.3191489361702128
p_hat1500_3,1500,277006,1,2,2,75,64,46.34,6.323321911780232,94,30,0.3191489361702128
p_hat1500_3,1500,277006,1,2,2,100,61,45.72,6.127120041259188,94,33,0.35106382978723405
p_hat1500_3,1500,277006,1,2.5,2.5,3,59,8.34,11.190370860699835,94,35,0.3723404255319149
p_hat1500_3,1500,277006,1,2.5,2.5,4,68,30.03,23.403612968941353,94,26,0.2765957446808511
p_hat1500_3,1500,277006,1,2.5,2.5,5,66,43.41,18.596824997832293,94,28,0.2978723404255319
p_hat1500_3,1500,277006,1,2.5,2.5,6,70,49.03,12.339736626038661,94,24,0.2553191489361702
p_hat1500_3,1500,277006,1,2.5,2.5,7,71,51.09,11.169686656303298,94,23,0.24468085106382978
p_hat1500_3,1500,277006,1,2.5,2.5,8,71,52.13,7.8735697113825065,94,23,0.24468085106382978
p_hat1500_3,1500,277006,1,2.5,2.5,10,66,51.78,6.676196521972671,94,28,0.2978723404255319
p_hat1500_3,1500,277006,1,2.5,2.5,12,66,49.61,6.616486983286523,94,28,0.2978723404255319
p_hat1500_3,1500,277006,1,2.5,2.5,15,63,49.48,6.1130679695223415,94,31,0.32978723404255317
p_hat1500_3,1500,277006,1,2.5,2.5,18,62,48.39,6.133343297093356,94,32,0.3404255319148936
p_hat1500_3,1500,277006,1,2.5,2.5,20,62,47.92,6.100295074830397,94,32,0.3404255319148936
p_hat1500_3,1500,277006,1,2.5,2.5,25,61,46.87,6.136212186683247,94,33,0.35106382978723405
p_hat1500_3,1500,277006,1,2.5,2.5,30,61,46.0,6.095900261651268,94,33,0.35106382978723405
p_hat1500_3,1500,277006,1,2.5,2.5,40,61,45.23,6.105497522724908,94,33,0.35106382978723405
p_hat1500_3,1500,277006,1,2.5,2.5,50,61,44.86,6.0942924117570865,94,33,0.35106382978723405
p_hat1500_3,1500,277006,1,2.5,2.5,75,61,44.0,6.095900261651268,94,33,0.35106382978723405
p_hat1500_3,1500,277006,1,2.5,2.5,100,61,43.63,5.999424972445277,94,33,0.35106382978723405
p_hat1500_3,1500,277006,1,3,3,3,70,32.14,21.29648797337251,94,24,0.2553191489361702
p_hat1500_3,1500,277006,1,3,3,4,70,48.76,11.738074799557209,94,24,0.2553191489361702
p_hat1500_3,1500,277006,1,3,3,5,65,51.05,8.589965075598387,94,29,0.30851063829787234
p_hat1500_3,1500,277006,1,3,3,6,66,51.7,5.795688052336841,94,28,0.2978723404255319
p_hat1500_3,1500,277006,1,3,3,7,66,51.34,6.1971283672359085,94,28,0.2978723404255319
p_hat1500_3,1500,277006,1,3,3,8,64,50.36,6.1927699779662415,94,30,0.3191489361702128
p_hat1500_3,1500,277006,1,3,3,10,62,49.04,6.590781440770131,94,32,0.3404255319148936
p_hat1500_3,1500,277006,1,3,3,12,63,48.36,6.17336213096235,94,31,0.32978723404255317
p_hat1500_3,1500,277006,1,3,3,15,60,47.44,5.769436714272893,94,34,0.3617021276595745
p_hat1500_3,1500,277006,1,3,3,18,61,46.67,5.651645778001307,94,33,0.35106382978723405
p_hat1500_3,1500,277006,1,3,3,20,61,46.18,5.985616091932391,94,33,0.35106382978723405
p_hat1500_3,1500,277006,1,3,3,25,61,45.58,5.9852819482460475,94,33,0.35106382978723405
p_hat1500_3,1500,277006,1,3,3,30,61,44.78,5.9625162473573186,94,33,0.35106382978723405
p_hat1500_3,1500,277006,1,3,3,40,61,44.43,5.906360977793348,94,33,0.35106382978723405
p_hat1500_3,1500,277006,1,3,3,50,61,44.19,5.950957906085372,94,33,0.35106382978723405
p_hat1500_3,1500,277006,1,3,3,75,61,43.65,5.968877616436778,94,33,0.35106382978723405
p_hat1500_3,1500,277006,1,3,3,100,61,43.51,6.010815252526067,94,33,0.35106382978723405
p_hat1500_3,1500,277006,1,3.5,3.5,3,60,46.2,12.268659258452,94,34,0.3617021276595745
p_hat1500_3,1500,277006,1,3.5,3.5,4,67,51.17,6.598568026473623,94,27,0.2872340425531915
p_hat1500_3,1500,277006,1,3.5,3.5,5,66,50.55,5.85726045178119,94,28,0.2978723404255319
p_hat1500_3,1500,277006,1,3.5,3.5,6,63,49.92,6.060825026347485,94,31,0.32978723404255317
p_hat1500_3,1500,277006,1,3.5,3.5,7,61,49.07,6.206859109082467,94,33,0.35106382978723405
p_hat1500_3,1500,277006,1,3.5,3.5,8,61,48.75,6.119436248544469,94,33,0.35106382978723405
p_hat1500_3,1500,277006,1,3.5,3.5,10,62,48.17,6.248287765460231,94,32,0.3404255319148936
p_hat1500_3,1500,277006,1,3.5,3.5,12,62,47.14,5.98334354688079,94,32,0.3404255319148936
p_hat1500_3,1500,277006,1,3.5,3.5,15,58,46.5,5.46168472176855,94,36,0.3829787234042553
p_hat1500_3,1500,277006,1,3.5,3.5,18,61,45.97,5.530741360794229,94,33,0.35106382978723405
p_hat1500_3,1500,277006,1,3.5,3.5,20,61,45.67,5.831046218304225,94,33,0.35106382978723405
p_hat1500_3,1500,277006,1,3.5,3.5,25,61,45.3,5.952310475773252,94,33,0.35106382978723405
p_hat1500_3,1500,277006,1,3.5,3.5,30,61,44.83,5.9043289203769795,94,33,0.35106382978723405
p_hat1500_3,1500,277006,1,3.5,3.5,40,61,44.31,5.932444690007653,94,33,0.35106382978723405
p_hat1500_3,1500,277006,1,3.5,3.5,50,61,44.14,5.948142567222141,94,33,0.35106382978723405
p_hat1500_3,1500,277006,1,3.5,3.5,75,61,43.56,6.051974884283643,94,33,0.35106382978723405
p_hat1500_3,1500,277006,1,3.5,3.5,100,61,43.43,6.071663692926347,94,33,0.35106382978723405
p_hat1500_3,1500,277006,1,4,4,3,63,50.27,6.206214627290938,94,31,0.32978723404255317
p_hat1500_3,1500,277006,1,4,4,4,62,50.32,5.399777773205116,94,32,0.3404255319148936
p_hat1500_3,1500,277006,1,4,4,5,64,49.9,5.8283788483591215,94,30,0.3191489361702128
p_hat1500_3,1500,277006,1,4,4,6,62,49.53,6.166773872941994,94,32,0.3404255319148936
p_hat1500_3,1500,277006,1,4,4,7,61,48.6,5.976621118993575,94,33,0.35106382978723405
p_hat1500_3,1500,277006,1,4,4,8,61,48.34,6.111006463750467,94,33,0.35106382978723405
p_hat1500_3,1500,277006,1,4,4,10,62,47.49,6.063818928695018,94,32,0.3404255319148936
p_hat1500_3,1500,277006,1,4,4,12,62,46.78,6.08700254640985,94,32,0.3404255319148936
p_hat1500_3,1500,277006,1,4,4,15,59,46.51,5.541651378425026,94,35,0.3723404255319149
p_hat1500_3,1500,277006,1,4,4,18,61,46.03,5.448770503517284,94,33,0.35106382978723405
p_hat1500_3,1500,277006,1,4,4,20,61,45.64,5.773248652188817,94,33,0.35106382978723405
p_hat1500_3,1500,277006,1,4,4,25,61,45.31,5.955996977836708,94,33,0.35106382978723405
p_hat1500_3,1500,277006,1,4,4,30,61,44.78,5.8933521869984995,94,33,0.35106382978723405
p_hat1500_3,1500,277006,1,4,4,40,61,44.22,6.015945478476347,94,33,0.35106382978723405
p_hat1500_3,1500,277006,1,4,4,50,61,44.05,6.0288887865012075,94,33,0.35106382978723405
p_hat1500_3,1500,277006,1,4,4,75,61,43.53,6.071993083000012,94,33,0.35106382978723405
p_hat1500_3,1500,277006,1,4,4,100,61,43.43,6.071663692926347,94,33,0.35106382978723405
p_hat1500_3,1500,277006,1,4.5,4.5,3,64,51.21,5.940193599538655,94,30,0.3191489361702128
p_hat1500_3,1500,277006,1,4.5,4.5,4,63,50.58,5.694172459629231,94,31,0.32978723404255317
p_hat1500_3,1500,277006,1,4.5,4.5,5,64,49.98,5.880442160246116,94,30,0.3191489361702128
p_hat1500_3,1500,277006,1,4.5,4.5,6,62,49.03,5.952234874398019,94,32,0.3404255319148936
p_hat1500_3,1500,277006,1,4.5,4.5,7,61,48.18,5.795480998157098,94,33,0.35106382978723405
p_hat1500_3,1500,277006,1,4.5,4.5,8,61,48.02,5.922803390287407,94,33,0.35106382978723405
p_hat1500_3,1500,277006,1,4.5,4.5,10,62,47.45,6.022250409938133,94,32,0.3404255319148936
p_hat1500_3,1500,277006,1,4.5,4.5,12,62,46.76,5.978494793842343,94,32,0.3404255319148936
p_hat1500_3,1500,277006,1,4.5,4.5,15,59,46.49,5.525386864283803,94,35,0.3723404255319149
p_hat1500_3,1500,277006,1,4.5,4.5,18,61,45.99,5.44884391407939,94,33,0.35106382978723405
p_hat1500_3,1500,277006,1,4.5,4.5,20,61,45.63,5.766550095160883,94,33,0.35106382978723405
p_hat1500_3,1500,277006,1,4.5,4.5,25,61,45.3,5.948949487094339,94,33,0.35106382978723405
p_hat1500_3,1500,277006,1,4.5,4.5,30,61,44.78,5.8933521869984995,94,33,0.35106382978723405
p_hat1500_3,1500,277006,1,4.5,4.5,40,61,44.22,6.015945478476347,94,33,0.35106382978723405
p_hat1500_3,1500,277006,1,4.5,4.5,50,61,44.05,6.0288887865012075,94,33,0.35106382978723405
p_hat1500_3,1500,277006,1,4.5,4.5,75,61,43.53,6.071993083000012,94,33,0.35106382978723405
p_hat1500_3,1500,277006,1,4.5,4.5,100,61,43.43,6.071663692926347,94,33,0.35106382978723405
p_hat1500_3,1500,277006,1,5,5,3,62,51.18,5.216090490012611,94,32,0.3404255319148936
p_hat1500_3,1500,277006,1,5,5,4,63,50.12,5.9131717377394,94,31,0.32978723404255317
p_hat1500_3,1500,277006,1,5,5,5,64,49.67,5.62326417661486,94,30,0.3191489361702128
p_hat1500_3,1500,277006,1,5,5,6,61,48.59,5.9667327743078955,94,33,0.35106382978723405
p_hat1500_3,1500,277006,1,5,5,7,61,48.13,5.754398317808735,94,33,0.35106382978723405
p_hat1500_3,1500,277006,1,5,5,8,61,47.97,5.90839233632974,94,33,0.35106382978723405
p_hat1500_3,1500,277006,1,5,5,10,62,47.53,5.942146076965796,94,32,0.3404255319148936
p_hat1500_3,1500,277006,1,5,5,12,62,46.7,5.987486951969082,94,32,0.3404255319148936
p_hat1500_3,1500,277006,1,5,5,15,59,46.49,5.525386864283803,94,35,0.3723404255319149
p_hat1500_3,1500,277006,1,5,5,18,61,46.01,5.463506200234424,94,33,0.35106382978723405
p_hat1500_3,1500,277006,1,5,5,20,61,45.65,5.781652013049557,94,33,0.35106382978723405
p_hat1500_3,1500,277006,1,5,5,25,61,45.3,5.948949487094339,94,33,0.35106382978723405
p_hat1500_3,1500,277006,1,5,5,30,61,44.78,5.8933521869984995,94,33,0.35106382978723405
p_hat1500_3,1500,277006,1,5,5,40,61,44.22,6.015945478476347,94,33,0.35106382978723405
p_hat1500_3,1500,277006,1,5,5,50,61,44.05,6.0288887865012075,94,33,0.35106382978723405
p_hat1500_3,1500,277006,1,5,5,75,61,43.53,6.071993083000012,94,33,0.35106382978723405
p_hat1500_3,1500,277006,1,5,5,100,61,43.43,6.071663692926347,94,33,0.35106382978723405
san200-0-7-1,200,5970,1,1.0,1.0,3,11,3.33,2.191141255145364,30,19,0.6333333333333333
san200-0-7-1,200,5970,1,1.0,1.0,4,12,3.68,2.5372425977820883,30,18,0.6
san200-0-7-1,200,5970,1,1.0,1.0,5,30,4.03,3.5984857926633533,30,0,0.0
san200-0-7-1,200,5970,1,1.0,1.0,6,12,3.95,2.6433879775772606,30,18,0.6
san200-0-7-1,200,5970,1,1.0,1.0,7,12,4.03,2.7293039405679975,30,18,0.6
san200-0-7-1,200,5970,1,1.0,1.0,8,12,4.1,2.808914381037628,30,18,0.6
san200-0-7-1,200,5970,1,1.0,1.0,10,12,4.21,2.9096219685725497,30,18,0.6
san200-0-7-1,200,5970,1,1.0,1.0,12,12,4.2,2.9154759474226504,30,18,0.6
san200-0-7-1,200,5970,1,1.0,1.0,15,12,4.22,2.9345527768298867,30,18,0.6
san200-0-7-1,200,5970,1,1.0,1.0,18,12,4.27,2.9558585893103886,30,18,0.6
san200-0-7-1,200,5970,1,1.0,1.0,20,12,4.36,2.9917219122104246,30,18,0.6
san200-0-7-1,200,5970,1,1.0,1.0,25,14,4.57,3.1788519940380993,30,16,0.5333333333333333
san200-0-7-1,200,5970,1,1.0,1.0,30,30,4.89,4.032108629489042,30,0,0.0
san200-0-7-1,200,5970,1,1.0,1.0,40,15,4.73,3.346206807715267,30,15,0.5
san200-0-7-1,200,5970,1,1.0,1.0,50,15,4.72,3.3528495343513405,30,15,0.5
san200-0-7-1,200,5970,1,1.0,1.0,75,14,4.64,3.2047464798326875,30,16,0.5333333333333333
san200-0-7-1,200,5970,1,1.0,1.0,100,14,4.64,3.226515147957622,30,16,0.5333333333333333
san200-0-7-1,200,5970,1,1.5,1.5,3,13,4.44,3.076751533679637,30,17,0.5666666666666667
san200-0-7-1,200,5970,1,1.5,1.5,4,13,4.91,3.35587544464928,30,17,0.5666666666666667
san200-0-7-1,200,5970,1,1.5,1.5,5,15,5.29,3.389085422352172,30,15,0.5
san200-0-7-1,200,5970,1,1.5,1.5,6,14,5.93,3.7716176900635094,30,16,0.5333333333333333
san200-0-7-1,200,5970,1,1.5,1.5,7,16,6.49,4.186872341020203,30,14,0.4666666666666667
san200-0-7-1,200,5970,1,1.5,1.5,8,30,7.3,4.9869830559166735,30,0,0.0
san200-0-7-1,200,5970,1,1.5,1.5,10,16,7.46,4.650634365331251,30,14,0.4666666666666667
san200-0-7-1,200,5970,1,1.5,1.5,12,17,8.3,4.836320915737499,30,13,0.43333333333333335
san200-0-7-1,200,5970,1,1.5,1.5,15,30,10.24,5.20983684965278,30,0,0.0
san200-0-7-1,200,5970,1,1.5,1.5,18,17,10.89,4.824717608316574,30,13,0.43333333333333335
san200-0-7-1,200,5970,1,1.5,1.5,20,17,11.34,4.615668965599678,30,13,0.43333333333333335
san200-0-7-1,200,5970,1,1.5,1.5,25,17,12.6,3.9572717874818757,30,13,0.43333333333333335
san200-0-7-1,200,5970,1,1.5,1.5,30,17,13.51,3.3451307896702636,30,13,0.43333333333333335
san200-0-7-1,200,5970,1,1.5,1.5,40,17,14.88,1.7792133093027378,30,13,0.43333333333333335
san200-0-7-1,200,5970,1,1.5,1.5,50,17,15.19,0.8566796367370945,30,13,0.43333333333333335
san200-0-7-1,200,5970,1,1.5,1.5,75,17,15.32,0.4874423042781576,30,13,0.43333333333333335
san200-0-7-1,200,5970,1,1.5,1.5,100,17,15.36,0.5003998401278722,30,13,0.43333333333333335
san200-0-7-1,200,5970,1,2,2,3,15,6.55,4.107006208906921,30,15,0.5
san200-0-7-1,200,5970,1,2,2,4,30,10.1,5.0803543183522155,30,0,0.0
san200-0-7-1,200,5970,1,2,2,5,30,11.91,4.825132122543382,30,0,0.0
san200-0-7-1,200,5970,1,2,2,6,30,13.86,3.6959978354972014,30,0,0.0
san200-0-7-1,200,5970,1,2,2,7,30,14.98,2.3237039398339885,30,0,0.0
san200-0-7-1,200,5970,1,2,2,8,30,15.3,1.5329709716755893,30,0,0.0
san200-0-7-1,200,5970,1,2,2,10,30,15.34,1.5506127820961622,30,0,0.0
san200-0-7-1,200,5970,1,2,2,12,17,15.29,0.47528938553264577,30,13,0.43333333333333335
san200-0-7-1,200,5970,1,2,2,15,18,15.33,0.5487257967327579,30,12,0.4
san200-0-7-1,200,5970,1,2,2,18,18,15.37,0.5595533933415113,30,12,0.4
san200-0-7-1,200,5970,1,2,2,20,18,15.39,0.5812916651733447,30,12,0.4
san200-0-7-1,200,5970,1,2,2,25,18,15.47,0.6075360071633614,30,12,0.4
san200-0-7-1,200,5970,1,2,2,30,17,15.42,0.532541078227774,30,13,0.43333333333333335
san200-0-7-1,200,5970,1,2,2,40,17,15.42,0.532541078227774,30,13,0.43333333333333335
san200-0-7-1,200,5970,1,2,2,50,17,15.47,0.5736723803705387,30,13,0.43333333333333335
san200-0-7-1,200,5970,1,2,2,75,17,15.48,0.574108003776293,30,13,0.43333333333333335
san200-0-7-1,200,5970,1,2,2,100,17,15.47,0.5187484939737175,30,13,0.43333333333333335
san200-0-7-1,200,5970,1,2.5,2.5,3,28,12.23,4.586621850556246,30,2,0.06666666666666667
san200-0-7-1,200,5970,1,2.5,2.5,4,30,15.4,2.111871208194288,30,0,0.0
san200-0-7-1,200,5970,1,2.5,2.5,5,30,15.46,2.1091230405075945,30,0,0.0
san200-0-7-1,200,5970,1,2.5,2.5,6,30,15.38,1.5347964034359733,30,0,0.0
san200-0-7-1,200,5970,1,2.5,2.5,7,30,15.44,1.5447977213862016,30,0,0.0
san200-0-7-1,200,5970,1,2.5,2.5,8,30,15.51,1.5459301407243473,30,0,0.0
san200-0-7-1,200,5970,1,2.5,2.5,10,30,15.56,1.5447977213862016,30,0,0.0
san200-0-7-1,200,5970,1,2.5,2.5,12,18,15.43,0.5701754116059373,30,12,0.4
san200-0-7-1,200,5970,1,2.5,2.5,15,18,15.5,0.6082762530298219,30,12,0.4
san200-0-7-1,200,5970,1,2.5,2.5,18,22,15.56,0.8754427451295714,30,8,0.26666666666666666
san200-0-7-1,200,5970,1,2.5,2.5,20,22,15.58,0.9075241043630742,30,8,0.26666666666666666
san200-0-7-1,200,5970,1,2.5,2.5,25,21,15.54,0.8296987405076617,30,9,0.3
san200-0-7-1,200,5970,1,2.5,2.5,30,20,15.49,0.6999285677838846,30,10,0.3333333333333333
san200-0-7-1,200,5970,1,2.5,2.5,40,17,15.41,0.5673623181001713,30,13,0.43333333333333335
san200-0-7-1,200,5970,1,2.5,2.5,50,17,15.44,0.5713142742834281,30,13,0.43333333333333335
san200-0-7-1,200,5970,1,2.5,2.5,75,17,15.37,0.6269768735766894,30,13,0.43333333333333335
san200-0-7-1,200,5970,1,2.5,2.5,100,25,15.46,1.1438531374263043,30,5,0.16666666666666666
san200-0-7-1,200,5970,1,3,3,3,30,15.32,1.9691622584236166,30,0,0.0
san200-0-7-1,200,5970,1,3,3,4,30,15.33,1.530065358081151,30,0,0.0
san200-0-7-1,200,5970,1,3,3,5,30,15.57,2.1130783232052712,30,0,0.0
san200-0-7-1,200,5970,1,3,3,6,30,15.67,2.107391752854699,30,0,0.0
san200-0-7-1,200,5970,1,3,3,7,30,15.64,1.5525462956060283,30,0,0.0
san200-0-7-1,200,5970,1,3,3,8,30,15.65,1.5516120649182903,30,0,0.0
san200-0-7-1,200,5970,1,3,3,10,17,15.43,0.5339475629684998,30,13,0.43333333333333335
san200-0-7-1,200,5970,1,3,3,12,18,15.5,0.5916079783099616,30,12,0.4
san200-0-7-1,200,5970,1,3,3,15,18,15.48,0.6079473661428266,30,12,0.4
san200-0-7-1,200,5970,1,3,3,18,18,15.48,0.6079473661428266,30,12,0.4
san200-0-7-1,200,5970,1,3,3,20,18,15.51,0.6081940479813988,30,12,0.4
san200-0-7-1,200,5970,1,3,3,25,21,15.54,0.805232885567896,30,9,0.3
san200-0-7-1,200,5970,1,3,3,30,20,15.48,0.6997142273814361,30,10,0.3333333333333333
san200-0-7-1,200,5970,1,3,3,40,19,15.44,0.6829348431585549,30,11,0.36666666666666664
san200-0-7-1,200,5970,1,3,3,50,19,15.45,0.6982120021884471,30,11,0.36666666666666664
san200-0-7-1,200,5970,1,3,3,75,19,15.35,0.7399324293474372,30,11,0.36666666666666664
san200-0-7-1,200,5970,1,3,3,100,19,15.35,0.7533259586659682,30,11,0.36666666666666664
san200-0-7-1,200,5970,1,3.5,3.5,3,28,15.24,1.3275541420220873,30,2,0.06666666666666667
san200-0-7-1,200,5970,1,3.5,3.5,4,30,15.55,2.108909670896314,30,0,0.0
san200-0-7-1,200,5970,1,3.5,3.5,5,30,15.65,2.1041625412500817,30,0,0.0
san200-0-7-1,200,5970,1,3.5,3.5,6,30,15.78,2.10513657514186,30,0,0.0
san200-0-7-1,200,5970,1,3.5,3.5,7,17,15.5,0.5567764362830022,30,13,0.43333333333333335
san200-0-7-1,200,5970,1,3.5,3.5,8,17,15.53,0.5559676249567055,30,13,0.43333333333333335
san200-0-7-1,200,5970,1,3.5,3.5,10,17,15.47,0.5559676249567055,30,13,0.43333333333333335
san200-0-7-1,200,5970,1,3.5,3.5,12,18,15.49,0.5743692192309751,30,12,0.4
san200-0-7-1,200,5970,1,3.5,3.5,15,18,15.47,0.6396092557178953,30,12,0.4
san200-0-7-1,200,5970,1,3.5,3.5,18,18,15.46,0.6232174580353154,30,12,0.4
san200-0-7-1,200,5970,1,3.5,3.5,20,18,15.5,0.6082762530298219,30,12,0.4
san200-0-7-1,200,5970,1,3.5,3.5,25,18,15.47,0.6237788069500277,30,12,0.4
san200-0-7-1,200,5970,1,3.5,3.5,30,17,15.43,0.5701754116059373,30,13,0.43333333333333335
san200-0-7-1,200,5970,1,3.5,3.5,40,19,15.43,0.6964912059746339,30,11,0.36666666666666664
san200-0-7-1,200,5970,1,3.5,3.5,50,19,15.43,0.7107038764492564,30,11,0.36666666666666664
san200-0-7-1,200,5970,1,3.5,3.5,75,19,15.35,0.7399324293474372,30,11,0.36666666666666664
san200-0-7-1,200,5970,1,3.5,3.5,100,19,15.35,0.7533259586659682,30,11,0.36666666666666664
san200-0-7-1,200,5970,1,4,4,3,30,15.44,1.9764614845728719,30,0,0.0
san200-0-7-1,200,5970,1,4,4,4,30,15.66,2.103425777154972,30,0,0.0
san200-0-7-1,200,5970,1,4,4,5,30,15.5,1.5329709716755893,30,0,0.0
san200-0-7-1,200,5970,1,4,4,6,30,15.61,1.548515418069836,30,0,0.0
san200-0-7-1,200,5970,1,4,4,7,17,15.49,0.5566866263886712,30,13,0.43333333333333335
san200-0-7-1,200,5970,1,4,4,8,17,15.52,0.5564171097297421,30,13,0.43333333333333335
san200-0-7-1,200,5970,1,4,4,10,17,15.48,0.5564171097297421,30,13,0.43333333333333335
san200-0-7-1,200,5970,1,4,4,12,18,15.5,0.5916079783099616,30,12,0.4
san200-0-7-1,200,5970,1,4,4,15,18,15.48,0.6400000000000001,30,12,0.4
san200-0-7-1,200,5970,1,4,4,18,18,15.47,0.6237788069500277,30,12,0.4
san200-0-7-1,200,5970,1,4,4,20,18,15.51,0.6081940479813988,30,12,0.4
san200-0-7-1,200,5970,1,4,4,25,25,15.54,1.108332080199793,30,5,0.16666666666666666
san200-0-7-1,200,5970,1,4,4,30,17,15.43,0.5701754116059373,30,13,0.43333333333333335
san200-0-7-1,200,5970,1,4,4,40,19,15.43,0.6964912059746339,30,11,0.36666666666666664
san200-0-7-1,200,5970,1,4,4,50,19,15.43,0.7107038764492564,30,11,0.36666666666666664
san200-0-7-1,200,5970,1,4,4,75,19,15.35,0.7399324293474372,30,11,0.36666666666666664
san200-0-7-1,200,5970,1,4,4,100,19,15.35,0.7533259586659682,30,11,0.36666666666666664
san200-0-7-1,200,5970,1,4.5,4.5,3,30,15.51,1.9773467070799697,30,0,0.0
san200-0-7-1,200,5970,1,4.5,4.5,4,30,15.51,1.532938354924946,30,0,0.0
san200-0-7-1,200,5970,1,4.5,4.5,5,30,15.48,1.5328405005087777,30,0,0.0
san200-0-7-1,200,5970,1,4.5,4.5,6,30,15.62,1.5477725931156683,30,0,0.0
san200-0-7-1,200,5970,1,4.5,4.5,7,17,15.47,0.6075360071633614,30,13,0.43333333333333335
san200-0-7-1,200,5970,1,4.5,4.5,8,17,15.52,0.5564171097297421,30,13,0.43333333333333335
san200-0-7-1,200,5970,1,4.5,4.5,10,17,15.49,0.5566866263886712,30,13,0.43333333333333335
san200-0-7-1,200,5970,1,4.5,4.5,12,18,15.51,0.5915234568468101,30,12,0.4
san200-0-7-1,200,5970,1,4.5,4.5,15,18,15.48,0.6400000000000001,30,12,0.4
san200-0-7-1,200,5970,1,4.5,4.5,18,18,15.47,0.6237788069500277,30,12,0.4
san200-0-7-1,200,5970,1,4.5,4.5,20,25,15.58,1.0970870521521983,30,5,0.16666666666666666
san200-0-7-1,200,5970,1,4.5,4.5,25,25,15.54,1.108332080199793,30,5,0.16666666666666666
san200-0-7-1,200,5970,1,4.5,4.5,30,17,15.43,0.5701754116059373,30,13,0.43333333333333335
san200-0-7-1,200,5970,1,4.5,4.5,40,19,15.43,0.6964912059746339,30,11,0.36666666666666664
san200-0-7-1,200,5970,1,4.5,4.5,50,19,15.43,0.7107038764492564,30,11,0.36666666666666664
san200-0-7-1,200,5970,1,4.5,4.5,75,19,15.35,0.7399324293474372,30,11,0.36666666666666664
san200-0-7-1,200,5970,1,4.5,4.5,100,19,15.35,0.7533259586659682,30,11,0.36666666666666664
san200-0-7-1,200,5970,1,5,5,3,30,15.69,2.3861894308709024,30,0,0.0
san200-0-7-1,200,5970,1,5,5,4,30,15.51,1.532938354924946,30,0,0.0
san200-0-7-1,200,5970,1,5,5,5,30,15.49,1.5329383549249462,30,0,0.0
san200-0-7-1,200,5970,1,5,5,6,30,15.61,1.548515418069836,30,0,0.0
san200-0-7-1,200,5970,1,5,5,7,17,15.48,0.6079473661428266,30,13,0.43333333333333335
san200-0-7-1,200,5970,1,5,5,8,17,15.53,0.5559676249567055,30,13,0.43333333333333335
san200-0-7-1,200,5970,1,5,5,10,17,15.49,0.5566866263886712,30,13,0.43333333333333335
san200-0-7-1,200,5970,1,5,5,12,18,15.51,0.5915234568468101,30,12,0.4
san200-0-7-1,200,5970,1,5,5,15,18,15.48,0.6400000000000001,30,12,0.4
san200-0-7-1,200,5970,1,5,5,18,18,15.47,0.6237788069500277,30,12,0.4
san200-0-7-1,200,5970,1,5,5,20,25,15.57,1.0977704678119193,30,5,0.16666666666666666
san200-0-7-1,200,5970,1,5,5,25,25,15.54,1.108332080199793,30,5,0.16666666666666666
san200-0-7-1,200,5970,1,5,5,30,17,15.43,0.5701754116059373,30,13,0.43333333333333335
san200-0-7-1,200,5970,1,5,5,40,19,15.43,0.6964912059746339,30,11,0.36666666666666664
san200-0-7-1,200,5970,1,5,5,50,19,15.43,0.7107038764492564,30,11,0.36666666666666664
san200-0-7-1,200,5970,1,5,5,75,19,15.35,0.7399324293474372,30,11,0.36666666666666664
san200-0-7-1,200,5970,1,5,5,100,19,15.35,0.7533259586659682,30,11,0.36666666666666664
san200-0-7-2,200,5970,1,1.0,1.0,3,10,3.38,1.943090322141511,18,8,0.4444444444444444
san200-0-7-2,200,5970,1,1.0,1.0,4,10,3.51,2.229327252782776,18,8,0.4444444444444444
san200-0-7-2,200,5970,1,1.0,1.0,5,11,3.54,2.2865694828716663,18,7,0.3888888888888889
san200-0-7-2,200,5970,1,1.0,1.0,6,11,3.71,2.3845125287991253,18,7,0.3888888888888889
san200-0-7-2,200,5970,1,1.0,1.0,7,10,3.64,2.224949437627741,18,8,0.4444444444444444
san200-0-7-2,200,5970,1,1.0,1.0,8,10,3.69,2.2746208475260223,18,8,0.4444444444444444
san200-0-7-2,200,5970,1,1.0,1.0,10,10,3.75,2.3382685902179845,18,8,0.4444444444444444
san200-0-7-2,200,5970,1,1.0,1.0,12,10,3.82,2.3340094258592874,18,8,0.4444444444444444
san200-0-7-2,200,5970,1,1.0,1.0,15,10,3.85,2.414021540914662,18,8,0.4444444444444444
san200-0-7-2,200,5970,1,1.0,1.0,18,12,3.91,2.50237886819722,18,6,0.3333333333333333
san200-0-7-2,200,5970,1,1.0,1.0,20,13,3.99,2.5435998112910765,18,5,0.2777777777777778
san200-0-7-2,200,5970,1,1.0,1.0,25,12,4.11,2.6866149705530935,18,6,0.3333333333333333
san200-0-7-2,200,5970,1,1.0,1.0,30,12,3.92,2.504715552712523,18,6,0.3333333333333333
san200-0-7-2,200,5970,1,1.0,1.0,40,12,4.11,2.622575070422198,18,6,0.3333333333333333
san200-0-7-2,200,5970,1,1.0,1.0,50,12,4.22,2.711383410733347,18,6,0.3333333333333333
san200-0-7-2,200,5970,1,1.0,1.0,75,14,4.43,3.060245088224144,18,4,0.2222222222222222
san200-0-7-2,200,5970,1,1.0,1.0,100,14,4.46,3.080324658213806,18,4,0.2222222222222222
san200-0-7-2,200,5970,1,1.5,1.5,3,11,4.01,2.406221103722599,18,7,0.3888888888888889
san200-0-7-2,200,5970,1,1.5,1.5,4,12,4.38,2.5837182508934675,18,6,0.3333333333333333
san200-0-7-2,200,5970,1,1.5,1.5,5,12,4.84,2.852086955196142,18,6,0.3333333333333333
san200-0-7-2,200,5970,1,1.5,1.5,6,14,5.04,3.085190431723786,18,4,0.2222222222222222
san200-0-7-2,200,5970,1,1.5,1.5,7,13,5.41,3.1019187610251824,18,5,0.2777777777777778
san200-0-7-2,200,5970,1,1.5,1.5,8,13,5.71,3.063641623950164,18,5,0.2777777777777778
san200-0-7-2,200,5970,1,1.5,1.5,10,14,6.85,3.5954832776693593,18,4,0.2222222222222222
san200-0-7-2,200,5970,1,1.5,1.5,12,16,7.35,3.705064102009572,18,2,0.1111111111111111
san200-0-7-2,200,5970,1,1.5,1.5,15,16,7.87,3.890128532580897,18,2,0.1111111111111111
san200-0-7-2,200,5970,1,1.5,1.5,18,14,8.45,3.67525509318741,18,4,0.2222222222222222
san200-0-7-2,200,5970,1,1.5,1.5,20,14,8.6,3.7815340802378072,18,4,0.2222222222222222
san200-0-7-2,200,5970,1,1.5,1.5,25,14,9.41,3.644434112451479,18,4,0.2222222222222222
san200-0-7-2,200,5970,1,1.5,1.5,30,15,10.25,3.344772040064913,18,3,0.16666666666666666
san200-0-7-2,200,5970,1,1.5,1.5,40,15,11.13,3.100499959683922,18,3,0.16666666666666666
san200-0-7-2,200,5970,1,1.5,1.5,50,15,11.8,2.32379000772445,18,3,0.16666666666666666
san200-0-7-2,200,5970,1,1.5,1.5,75,15,12.21,1.7566729917659691,18,3,0.16666666666666666
san200-0-7-2,200,5970,1,1.5,1.5,100,15,12.55,0.792148975887743,18,3,0.16666666666666666
san200-0-7-2,200,5970,1,2,2,3,13,5.38,3.1137758429276823,18,5,0.2777777777777778
san200-0-7-2,200,5970,1,2,2,4,13,6.59,3.4295626543336395,18,5,0.2777777777777778
san200-0-7-2,200,5970,1,2,2,5,13,7.97,3.439345868039444,18,5,0.2777777777777778
san200-0-7-2,200,5970,1,2,2,6,13,9.38,3.599388837011083,18,5,0.2777777777777778
san200-0-7-2,200,5970,1,2,2,7,14,11.3,2.215851980616034,18,4,0.2222222222222222
san200-0-7-2,200,5970,1,2,2,8,14,11.84,1.820549367636044,18,4,0.2222222222222222
san200-0-7-2,200,5970,1,2,2,10,14,12.31,0.48363209157374987,18,4,0.2222222222222222
san200-0-7-2,200,5970,1,2,2,12,15,12.39,0.7196526940128828,18,3,0.16666666666666666
san200-0-7-2,200,5970,1,2,2,15,15,12.49,0.714072825417688,18,3,0.16666666666666666
san200-0-7-2,200,5970,1,2,2,18,15,12.5,0.6557438524302001,18,3,0.16666666666666666
san200-0-7-2,200,5970,1,2,2,20,15,12.53,0.6993568473962345,18,3,0.16666666666666666
san200-0-7-2,200,5970,1,2,2,25,14,12.45,0.6224949798994367,18,4,0.2222222222222222
san200-0-7-2,200,5970,1,2,2,30,15,12.41,0.788606365685695,18,3,0.16666666666666666
san200-0-7-2,200,5970,1,2,2,40,15,12.59,0.813572369245662,18,3,0.16666666666666666
san200-0-7-2,200,5970,1,2,2,50,15,12.34,1.0121264743103997,18,3,0.16666666666666666
san200-0-7-2,200,5970,1,2,2,75,14,12.15,1.267872233310597,18,4,0.2222222222222222
san200-0-7-2,200,5970,1,2,2,100,14,12.08,1.1373653766490344,18,4,0.2222222222222222
san200-0-7-2,200,5970,1,2.5,2.5,3,13,8.14,3.3046028505707006,18,5,0.2777777777777778
san200-0-7-2,200,5970,1,2.5,2.5,4,13,11.17,2.408547280000955,18,5,0.2777777777777778
san200-0-7-2,200,5970,1,2.5,2.5,5,14,12.26,0.46086874487211643,18,4,0.2222222222222222
san200-0-7-2,200,5970,1,2.5,2.5,6,14,12.36,0.7812809993849844,18,4,0.2222222222222222
san200-0-7-2,200,5970,1,2.5,2.5,7,14,12.39,0.6147357155721472,18,4,0.2222222222222222
san200-0-7-2,200,5970,1,2.5,2.5,8,14,12.45,0.6062177826491071,18,4,0.2222222222222222
san200-0-7-2,200,5970,1,2.5,2.5,10,14,12.51,0.6556675987114202,18,4,0.2222222222222222
san200-0-7-2,200,5970,1,2.5,2.5,12,14,12.55,0.6837397165588672,18,4,0.2222222222222222
san200-0-7-2,200,5970,1,2.5,2.5,15,14,12.56,0.637495098020369,18,4,0.2222222222222222
san200-0-7-2,200,5970,1,2.5,2.5,18,14,12.42,0.8623224454924039,18,4,0.2222222222222222
san200-0-7-2,200,5970,1,2.5,2.5,20,15,12.43,0.9407975340103735,18,3,0.16666666666666666
san200-0-7-2,200,5970,1,2.5,2.5,25,14,12.33,1.077543502602099,18,4,0.2222222222222222
san200-0-7-2,200,5970,1,2.5,2.5,30,14,12.18,1.116960160435456,18,4,0.2222222222222222
san200-0-7-2,200,5970,1,2.5,2.5,40,14,12.09,1.2735383779062175,18,4,0.2222222222222222
san200-0-7-2,200,5970,1,2.5,2.5,50,14,11.98,1.3926952286842949,18,4,0.2222222222222222
san200-0-7-2,200,5970,1,2.5,2.5,75,14,11.78,1.6587947431795174,18,4,0.2222222222222222
san200-0-7-2,200,5970,1,2.5,2.5,100,14,11.62,1.7075128110793196,18,4,0.2222222222222222
san200-0-7-2,200,5970,1,3,3,3,13,11.57,1.82896145394046,18,5,0.2777777777777778
san200-0-7-2,200,5970,1,3,3,4,14,12.35,0.4974937185533099,18,4,0.2222222222222222
san200-0-7-2,200,5970,1,3,3,5,14,12.32,0.5268775948927796,18,4,0.2222222222222222
san200-0-7-2,200,5970,1,3,3,6,14,12.39,0.5812916651733447,18,4,0.2222222222222222
san200-0-7-2,200,5970,1,3,3,7,14,12.48,0.64,18,4,0.2222222222222222
san200-0-7-2,200,5970,1,3,3,8,15,12.5,0.6855654600401044,18,3,0.16666666666666666
san200-0-7-2,200,5970,1,3,3,10,14,12.6,0.6324555320336759,18,4,0.2222222222222222
san200-0-7-2,200,5970,1,3,3,12,14,12.63,0.7022107945624304,18,4,0.2222222222222222
san200-0-7-2,200,5970,1,3,3,15,14,12.5,0.8544003745317531,18,4,0.2222222222222222
san200-0-7-2,200,5970,1,3,3,18,14,12.38,1.0656453443805776,18,4,0.2222222222222222
san200-0-7-2,200,5970,1,3,3,20,14,12.32,1.0943491216243562,18,4,0.2222222222222222
san200-0-7-2,200,5970,1,3,3,25,14,12.33,1.0588200980336555,18,4,0.2222222222222222
san200-0-7-2,200,5970,1,3,3,30,14,12.09,1.3273658124270038,18,4,0.2222222222222222
san200-0-7-2,200,5970,1,3,3,40,14,11.94,1.2870120434556935,18,4,0.2222222222222222
san200-0-7-2,200,5970,1,3,3,50,14,11.81,1.4261486598528221,18,4,0.2222222222222222
san200-0-7-2,200,5970,1,3,3,75,14,11.62,1.6839239887833417,18,4,0.2222222222222222
san200-0-7-2,200,5970,1,3,3,100,14,11.5,1.905255888325765,18,4,0.2222222222222222
san200-0-7-2,200,5970,1,3.5,3.5,3,14,12.3,0.5,18,4,0.2222222222222222
san200-0-7-2,200,5970,1,3.5,3.5,4,14,12.28,0.47074409183759275,18,4,0.2222222222222222
san200-0-7-2,200,5970,1,3.5,3.5,5,14,12.4,0.565685424949238,18,4,0.2222222222222222
san200-0-7-2,200,5970,1,3.5,3.5,6,14,12.48,0.6241794613730894,18,4,0.2222222222222222
san200-0-7-2,200,5970,1,3.5,3.5,7,15,12.5,0.6403124237432849,18,3,0.16666666666666666
san200-0-7-2,200,5970,1,3.5,3.5,8,15,12.54,0.6390618123468184,18,3,0.16666666666666666
san200-0-7-2,200,5970,1,3.5,3.5,10,14,12.53,0.6849087530467106,18,4,0.2222222222222222
san200-0-7-2,200,5970,1,3.5,3.5,12,14,12.55,0.7533259586659681,18,4,0.2222222222222222
san200-0-7-2,200,5970,1,3.5,3.5,15,14,12.44,0.9520504188329524,18,4,0.2222222222222222
san200-0-7-2,200,5970,1,3.5,3.5,18,14,12.37,1.1194194924156002,18,4,0.2222222222222222
san200-0-7-2,200,5970,1,3.5,3.5,20,14,12.25,1.2359207094308275,18,4,0.2222222222222222
san200-0-7-2,200,5970,1,3.5,3.5,25,14,12.13,1.301191761424887,18,4,0.2222222222222222
san200-0-7-2,200,5970,1,3.5,3.5,30,14,11.97,1.374445342674637,18,4,0.2222222222222222
san200-0-7-2,200,5970,1,3.5,3.5,40,14,11.88,1.3658696863171098,18,4,0.2222222222222222
san200-0-7-2,200,5970,1,3.5,3.5,50,14,11.73,1.5222023518573347,18,4,0.2222222222222222
san200-0-7-2,200,5970,1,3.5,3.5,75,14,11.58,1.7730200224475752,18,4,0.2222222222222222
san200-0-7-2,200,5970,1,3.5,3.5,100,14,11.49,1.9209112420931898,18,4,0.2222222222222222
san200-0-7-2,200,5970,1,4,4,3,14,12.26,0.46086874487211643,18,4,0.2222222222222222
san200-0-7-2,200,5970,1,4,4,4,14,12.37,0.5413871073455666,18,4,0.2222222222222222
san200-0-7-2,200,5970,1,4,4,5,15,12.48,0.64,18,3,0.16666666666666666
san200-0-7-2,200,5970,1,4,4,6,14,12.59,0.6495382975621992,18,4,0.2222222222222222
san200-0-7-2,200,5970,1,4,4,7,15,12.61,0.7334166619323561,18,3,0.16666666666666666
san200-0-7-2,200,5970,1,4,4,8,14,12.59,0.6796322535018479,18,4,0.2222222222222222
san200-0-7-2,200,5970,1,4,4,10,14,12.59,0.6647555941848102,18,4,0.2222222222222222
san200-0-7-2,200,5970,1,4,4,12,14,12.51,0.7680494775728969,18,4,0.2222222222222222
san200-0-7-2,200,5970,1,4,4,15,14,12.43,0.9618211892030659,18,4,0.2222222222222222
san200-0-7-2,200,5970,1,4,4,18,14,12.39,1.0853110153315502,18,4,0.2222222222222222
san200-0-7-2,200,5970,1,4,4,20,14,12.24,1.2257242756835651,18,4,0.2222222222222222
san200-0-7-2,200,5970,1,4,4,25,14,12.14,1.303993865016243,18,4,0.2222222222222222
san200-0-7-2,200,5970,1,4,4,30,14,11.97,1.374445342674637,18,4,0.2222222222222222
san200-0-7-2,200,5970,1,4,4,40,14,11.9,1.3379088160259653,18,4,0.2222222222222222
san200-0-7-2,200,5970,1,4,4,50,14,11.73,1.5222023518573347,18,4,0.2222222222222222
san200-0-7-2,200,5970,1,4,4,75,14,11.58,1.7730200224475752,18,4,0.2222222222222222
san200-0-7-2,200,5970,1,4,4,100,14,11.48,1.9415457759218557,18,4,0.2222222222222222
san200-0-7-2,200,5970,1,4.5,4.5,3,14,12.31,0.5038849074937649,18,4,0.2222222222222222
san200-0-7-2,200,5970,1,4.5,4.5,4,15,12.51,0.6244197306299665,18,3,0.16666666666666666
san200-0-7-2,200,5970,1,4.5,4.5,5,15,12.54,0.6696267617113283,18,3,0.16666666666666666
san200-0-7-2,200,5970,1,4.5,4.5,6,15,12.58,0.6954135460285484,18,3,0.16666666666666666
san200-0-7-2,200,5970,1,4.5,4.5,7,14,12.59,0.6796322535018479,18,4,0.2222222222222222
san200-0-7-2,200,5970,1,4.5,4.5,8,14,12.58,0.6508456038109193,18,4,0.2222222222222222
san200-0-7-2,200,5970,1,4.5,4.5,10,14,12.58,0.6660330322138687,18,4,0.2222222222222222
san200-0-7-2,200,5970,1,4.5,4.5,12,14,12.48,0.7547184905645283,18,4,0.2222222222222222
san200-0-7-2,200,5970,1,4.5,4.5,15,14,12.41,0.9909086738948245,18,4,0.2222222222222222
san200-0-7-2,200,5970,1,4.5,4.5,18,14,12.39,1.0853110153315502,18,4,0.2222222222222222
san200-0-7-2,200,5970,1,4.5,4.5,20,14,12.22,1.2048236385463227,18,4,0.2222222222222222
san200-0-7-2,200,5970,1,4.5,4.5,25,14,12.15,1.2757350822173075,18,4,0.2222222222222222
san200-0-7-2,200,5970,1,4.5,4.5,30,14,11.97,1.374445342674637,18,4,0.2222222222222222
san200-0-7-2,200,5970,1,4.5,4.5,40,14,11.9,1.3379088160259653,18,4,0.2222222222222222
san200-0-7-2,200,5970,1,4.5,4.5,50,14,11.72,1.5367498169838836,18,4,0.2222222222222222
san200-0-7-2,200,5970,1,4.5,4.5,75,14,11.58,1.7730200224475752,18,4,0.2222222222222222
san200-0-7-2,200,5970,1,4.5,4.5,100,14,11.48,1.9415457759218557,18,4,0.2222222222222222
san200-0-7-2,200,5970,1,5,5,3,14,12.37,0.5225897052181568,18,4,0.2222222222222222
san200-0-7-2,200,5970,1,5,5,4,15,12.51,0.6402343321003645,18,3,0.16666666666666666
san200-0-7-2,200,5970,1,5,5,5,15,12.53,0.6701492371106603,18,3,0.16666666666666666
san200-0-7-2,200,5970,1,5,5,6,15,12.61,0.7334166619323562,18,3,0.16666666666666666
san200-0-7-2,200,5970,1,5,5,7,15,12.58,0.6954135460285483,18,3,0.16666666666666666
san200-0-7-2,200,5970,1,5,5,8,14,12.57,0.6364746656387825,18,4,0.2222222222222222
san200-0-7-2,200,5970,1,5,5,10,14,12.57,0.6519969325081215,18,4,0.2222222222222222
san200-0-7-2,200,5970,1,5,5,12,14,12.51,0.714072825417688,18,4,0.2222222222222222
san200-0-7-2,200,5970,1,5,5,15,14,12.42,0.9610411021387171,18,4,0.2222222222222222
san200-0-7-2,200,5970,1,5,5,18,14,12.38,1.084250893474384,18,4,0.2222222222222222
san200-0-7-2,200,5970,1,5,5,20,14,12.22,1.2048236385463227,18,4,0.2222222222222222
san200-0-7-2,200,5970,1,5,5,25,14,12.15,1.2757350822173075,18,4,0.2222222222222222
san200-0-7-2,200,5970,1,5,5,30,14,11.97,1.374445342674637,18,4,0.2222222222222222
san200-0-7-2,200,5970,1,5,5,40,14,11.88,1.3804347141389917,18,4,0.2222222222222222
san200-0-7-2,200,5970,1,5,5,50,14,11.72,1.5367498169838836,18,4,0.2222222222222222
san200-0-7-2,200,5970,1,5,5,75,14,11.58,1.7730200224475752,18,4,0.2222222222222222
san200-0-7-2,200,5970,1,5,5,100,14,11.48,1.9415457759218557,18,4,0.2222222222222222
sanr200-0-7,200,6032,1,1.0,1.0,3,10,2.94,1.5480310074413886,18,8,0.4444444444444444
sanr200-0-7,200,6032,1,1.0,1.0,4,14,3.9,3.116087290176577,18,4,0.2222222222222222
sanr200-0-7,200,6032,1,1.0,1.0,5,15,5.83,4.447594855649511,18,3,0.16666666666666666
sanr200-0-7,200,6032,1,1.0,1.0,6,16,8.36,4.86727850035315,18,2,0.1111111111111111
sanr200-0-7,200,6032,1,1.0,1.0,7,17,10.69,4.187349997313337,18,1,0.05555555555555555
sanr200-0-7,200,6032,1,1.0,1.0,8,17,12.18,3.868798263026905,18,1,0.05555555555555555
sanr200-0-7,200,6032,1,1.0,1.0,10,17,12.91,3.583559682773541,18,1,0.05555555555555555
sanr200-0-7,200,6032,1,1.0,1.0,12,17,14.45,1.6147755261955141,18,1,0.05555555555555555
sanr200-0-7,200,6032,1,1.0,1.0,15,17,15.05,1.2278029157808674,18,1,0.05555555555555555
sanr200-0-7,200,6032,1,1.0,1.0,18,18,15.11,1.5290192935342577,18,0,0.0
sanr200-0-7,200,6032,1,1.0,1.0,20,18,15.38,1.0934349546269317,18,0,0.0
sanr200-0-7,200,6032,1,1.0,1.0,25,18,15.49,1.1090085662428402,18,0,0.0
sanr200-0-7,200,6032,1,1.0,1.0,30,18,15.53,1.1086478250553689,18,0,0.0
sanr200-0-7,200,6032,1,1.0,1.0,40,18,15.5,1.0908712114635715,18,0,0.0
sanr200-0-7,200,6032,1,1.0,1.0,50,18,15.52,1.0533755265810953,18,0,0.0
sanr200-0-7,200,6032,1,1.0,1.0,75,18,15.77,0.9985489472229191,18,0,0.0
sanr200-0-7,200,6032,1,1.0,1.0,100,18,15.6,0.9695359714832658,18,0,0.0
sanr200-0-7,200,6032,1,1.5,1.5,3,16,9.43,3.876222387841028,18,2,0.1111111111111111
sanr200-0-7,200,6032,1,1.5,1.5,4,16,12.91,1.8171130949943652,18,2,0.1111111111111111
sanr200-0-7,200,6032,1,1.5,1.5,5,17,13.87,1.1545994976614185,18,1,0.05555555555555555
sanr200-0-7,200,6032,1,1.5,1.5,6,17,14.4,1.0770329614269007,18,1,0.05555555555555555
sanr200-0-7,200,6032,1,1.5,1.5,7,17,14.68,1.0476640682967036,18,1,0.05555555555555555
sanr200-0-7,200,6032,1,1.5,1.5,8,17,14.89,1.0667239567948215,18,1,0.05555555555555555
sanr200-0-7,200,6032,1,1.5,1.5,10,18,15.15,1.0805091392487154,18,0,0.0
sanr200-0-7,200,6032,1,1.5,1.5,12,17,15.2,0.8602325267042628,18,1,0.05555555555555555
sanr200-0-7,200,6032,1,1.5,1.5,15,17,15.38,0.9463614531456784,18,1,0.05555555555555555
sanr200-0-7,200,6032,1,1.5,1.5,18,17,15.14,0.8946507698538017,18,1,0.05555555555555555
sanr200-0-7,200,6032,1,1.5,1.5,20,18,15.14,0.9901515035589251,18,0,0.0
sanr200-0-7,200,6032,1,1.5,1.5,25,17,15.25,1.0331989159885913,18,1,0.05555555555555555
sanr200-0-7,200,6032,1,1.5,1.5,30,18,15.23,0.968039255402383,18,0,0.0
sanr200-0-7,200,6032,1,1.5,1.5,40,17,15.13,1.035905401086412,18,1,0.05555555555555555
sanr200-0-7,200,6032,1,1.5,1.5,50,17,14.95,0.9937303457175896,18,1,0.05555555555555555
sanr200-0-7,200,6032,1,1.5,1.5,75,17,14.93,0.9407975340103737,18,1,0.05555555555555555
sanr200-0-7,200,6032,1,1.5,1.5,100,18,14.88,1.0322790320451152,18,0,0.0
sanr200-0-7,200,6032,1,2,2,3,16,13.0,1.1224972160321824,18,2,0.1111111111111111
sanr200-0-7,200,6032,1,2,2,4,17,14.14,1.1137324633860683,18,1,0.05555555555555555
sanr200-0-7,200,6032,1,2,2,5,17,14.75,0.9096702699330126,18,1,0.05555555555555555
sanr200-0-7,200,6032,1,2,2,6,18,14.89,1.0187737727287645,18,0,0.0
sanr200-0-7,200,6032,1,2,2,7,18,15.16,1.1637869220780925,18,0,0.0
sanr200-0-7,200,6032,1,2,2,8,17,15.08,1.0067770358922576,18,1,0.05555555555555555
sanr200-0-7,200,6032,1,2,2,10,17,15.0,0.9055385138137416,18,1,0.05555555555555555
sanr200-0-7,200,6032,1,2,2,12,17,15.06,0.94678403028357,18,1,0.05555555555555555
sanr200-0-7,200,6032,1,2,2,15,17,14.73,0.9471536306217699,18,1,0.05555555555555555
sanr200-0-7,200,6032,1,2,2,18,17,14.66,0.9189124006128113,18,1,0.05555555555555555
sanr200-0-7,200,6032,1,2,2,20,17,14.67,0.9279547402756235,18,1,0.05555555555555555
sanr200-0-7,200,6032,1,2,2,25,17,14.39,0.9369631796394138,18,1,0.05555555555555555
sanr200-0-7,200,6032,1,2,2,30,18,14.37,1.035905401086412,18,0,0.0
sanr200-0-7,200,6032,1,2,2,40,17,14.07,0.9721625378505387,18,1,0.05555555555555555
sanr200-0-7,200,6032,1,2,2,50,16,13.99,1.0343597053249898,18,2,0.1111111111111111
sanr200-0-7,200,6032,1,2,2,75,16,13.76,0.9810198774744577,18,2,0.1111111111111111
sanr200-0-7,200,6032,1,2,2,100,16,13.46,1.0528057750601485,18,2,0.1111111111111111
sanr200-0-7,200,6032,1,2.5,2.5,3,17,13.76,0.9707728879609279,18,1,0.05555555555555555
sanr200-0-7,200,6032,1,2.5,2.5,4,17,14.57,0.9407975340103735,18,1,0.05555555555555555
sanr200-0-7,200,6032,1,2.5,2.5,5,17,14.77,0.9039358384310249,18,1,0.05555555555555555
sanr200-0-7,200,6032,1,2.5,2.5,6,18,14.92,1.0552724766618335,18,0,0.0
sanr200-0-7,200,6032,1,2.5,2.5,7,17,14.96,0.9478396488858227,18,1,0.05555555555555555
sanr200-0-7,200,6032,1,2.5,2.5,8,17,14.79,0.8636550237218561,18,1,0.05555555555555555
sanr200-0-7,200,6032,1,2.5,2.5,10,17,14.7,0.9327379053088815,18,1,0.05555555555555555
sanr200-0-7,200,6032,1,2.5,2.5,12,18,14.54,0.9738583059151881,18,0,0.0
sanr200-0-7,200,6032,1,2.5,2.5,15,17,14.28,0.990757286120067,18,1,0.05555555555555555
sanr200-0-7,200,6032,1,2.5,2.5,18,17,14.15,1.0331989159885913,18,1,0.05555555555555555
sanr200-0-7,200,6032,1,2.5,2.5,20,17,14.11,1.0667239567948217,18,1,0.05555555555555555
sanr200-0-7,200,6032,1,2.5,2.5,25,16,13.98,0.9589577675789482,18,2,0.1111111111111111
sanr200-0-7,200,6032,1,2.5,2.5,30,16,13.74,1.016070863670443,18,2,0.1111111111111111
sanr200-0-7,200,6032,1,2.5,2.5,40,17,13.47,1.1265433857601757,18,1,0.05555555555555555
sanr200-0-7,200,6032,1,2.5,2.5,50,16,13.34,1.0974515934655158,18,2,0.1111111111111111
sanr200-0-7,200,6032,1,2.5,2.5,75,16,13.21,1.051617801294748,18,2,0.1111111111111111
sanr200-0-7,200,6032,1,2.5,2.5,100,16,13.01,1.1090085662428402,18,2,0.1111111111111111
sanr200-0-7,200,6032,1,3,3,3,17,14.13,0.9762684057163789,18,1,0.05555555555555555
sanr200-0-7,200,6032,1,3,3,4,17,14.78,0.9442457307290302,18,1,0.05555555555555555
sanr200-0-7,200,6032,1,3,3,5,18,14.7,0.9327379053088815,18,0,0.0
sanr200-0-7,200,6032,1,3,3,6,17,14.8,0.8831760866327848,18,1,0.05555555555555555
sanr200-0-7,200,6032,1,3,3,7,17,14.75,0.9630680142129111,18,1,0.05555555555555555
sanr200-0-7,200,6032,1,3,3,8,17,14.74,1.0547037498748169,18,1,0.05555555555555555
sanr200-0-7,200,6032,1,3,3,10,17,14.44,1.022936948203554,18,1,0.05555555555555555
sanr200-0-7,200,6032,1,3,3,12,17,14.21,1.022692524662227,18,1,0.05555555555555555
sanr200-0-7,200,6032,1,3,3,15,17,14.07,1.0793979803575695,18,1,0.05555555555555555
sanr200-0-7,200,6032,1,3,3,18,16,13.92,1.0740577265678042,18,2,0.1111111111111111
sanr200-0-7,200,6032,1,3,3,20,16,13.81,1.0362914647916386,18,2,0.1111111111111111
sanr200-0-7,200,6032,1,3,3,25,16,13.78,1.0447966309287182,18,2,0.1111111111111111
sanr200-0-7,200,6032,1,3,3,30,16,13.52,1.0814804667676619,18,2,0.1111111111111111
sanr200-0-7,200,6032,1,3,3,40,16,13.33,1.0588200980336557,18,2,0.1111111111111111
sanr200-0-7,200,6032,1,3,3,50,16,13.25,1.1346805717910218,18,2,0.1111111111111111
sanr200-0-7,200,6032,1,3,3,75,16,13.06,1.1473447607410774,18,2,0.1111111111111111
sanr200-0-7,200,6032,1,3,3,100,16,12.84,1.2547509713086498,18,2,0.1111111111111111
sanr200-0-7,200,6032,1,3.5,3.5,3,17,14.42,0.9293008124391154,18,1,0.05555555555555555
sanr200-0-7,200,6032,1,3.5,3.5,4,17,14.54,0.8991106717195609,18,1,0.05555555555555555
sanr200-0-7,200,6032,1,3.5,3.5,5,17,14.53,0.888313007897554,18,1,0.05555555555555555
sanr200-0-7,200,6032,1,3.5,3.5,6,17,14.71,0.9412226091632097,18,1,0.05555555555555555
sanr200-0-7,200,6032,1,3.5,3.5,7,17,14.68,1.0087616170334794,18,1,0.05555555555555555
sanr200-0-7,200,6032,1,3.5,3.5,8,17,14.61,0.9989494481704269,18,1,0.05555555555555555
sanr200-0-7,200,6032,1,3.5,3.5,10,17,14.41,1.0207350292803712,18,1,0.05555555555555555
sanr200-0-7,200,6032,1,3.5,3.5,12,17,14.26,1.0451794104363137,18,1,0.05555555555555555
sanr200-0-7,200,6032,1,3.5,3.5,15,16,14.08,0.9967948635501689,18,2,0.1111111111111111
sanr200-0-7,200,6032,1,3.5,3.5,18,16,13.94,1.0180373274099532,18,2,0.1111111111111111
sanr200-0-7,200,6032,1,3.5,3.5,20,16,13.72,1.049571341072154,18,2,0.1111111111111111
sanr200-0-7,200,6032,1,3.5,3.5,25,16,13.69,1.074197374787334,18,2,0.1111111111111111
sanr200-0-7,200,6032,1,3.5,3.5,30,16,13.47,1.081249277456406,18,2,0.1111111111111111
sanr200-0-7,200,6032,1,3.5,3.5,40,16,13.31,1.074197374787334,18,2,0.1111111111111111
sanr200-0-7,200,6032,1,3.5,3.5,50,16,13.23,1.1389029809426263,18,2,0.1111111111111111
sanr200-0-7,200,6032,1,3.5,3.5,75,16,13.06,1.1473447607410774,18,2,0.1111111111111111
sanr200-0-7,200,6032,1,3.5,3.5,100,16,12.86,1.2411285187280163,18,2,0.1111111111111111
sanr200-0-7,200,6032,1,4,4,3,18,14.43,0.9083501527494778,18,0,0.0
sanr200-0-7,200,6032,1,4,4,4,17,14.65,0.8529361054615991,18,1,0.05555555555555555
sanr200-0-7,200,6032,1,4,4,5,17,14.55,0.9096702699330124,18,1,0.05555555555555555
sanr200-0-7,200,6032,1,4,4,6,17,14.65,0.9836157786453001,18,1,0.05555555555555555
sanr200-0-7,200,6032,1,4,4,7,17,14.61,0.9684523736353793,18,1,0.05555555555555555
sanr200-0-7,200,6032,1,4,4,8,17,14.53,0.9844287683728061,18,1,0.05555555555555555
sanr200-0-7,200,6032,1,4,4,10,17,14.36,0.9850888284819802,18,1,0.05555555555555555
sanr200-0-7,200,6032,1,4,4,12,17,14.23,0.968039255402383,18,1,0.05555555555555555
sanr200-0-7,200,6032,1,4,4,15,16,14.01,0.9949371839468059,18,2,0.1111111111111111
sanr200-0-7,200,6032,1,4,4,18,16,13.9,1.02469507659596,18,2,0.1111111111111111
sanr200-0-7,200,6032,1,4,4,20,16,13.68,1.0665833300778707,18,2,0.1111111111111111
sanr200-0-7,200,6032,1,4,4,25,16,13.67,1.0867842472174503,18,2,0.1111111111111111
sanr200-0-7,200,6032,1,4,4,30,16,13.46,1.0809255293497328,18,2,0.1111111111111111
sanr200-0-7,200,6032,1,4,4,40,16,13.31,1.074197374787334,18,2,0.1111111111111111
sanr200-0-7,200,6032,1,4,4,50,16,13.23,1.1389029809426263,18,2,0.1111111111111111
sanr200-0-7,200,6032,1,4,4,75,16,13.06,1.1473447607410774,18,2,0.1111111111111111
sanr200-0-7,200,6032,1,4,4,100,16,12.86,1.2411285187280163,18,2,0.1111111111111111
sanr200-0-7,200,6032,1,4.5,4.5,3,17,14.44,0.92,18,1,0.05555555555555555
sanr200-0-7,200,6032,1,4.5,4.5,4,17,14.55,0.8291561975888498,18,1,0.05555555555555555
sanr200-0-7,200,6032,1,4.5,4.5,5,17,14.46,0.876584280032445,18,1,0.05555555555555555
sanr200-0-7,200,6032,1,4.5,4.5,6,17,14.63,0.9450396817065407,18,1,0.05555555555555555
sanr200-0-7,200,6032,1,4.5,4.5,7,17,14.59,0.9705153270299238,18,1,0.05555555555555555
sanr200-0-7,200,6032,1,4.5,4.5,8,17,14.53,0.9742176348229382,18,1,0.05555555555555555
sanr200-0-7,200,6032,1,4.5,4.5,10,17,14.35,0.9733961166965893,18,1,0.05555555555555555
sanr200-0-7,200,6032,1,4.5,4.5,12,17,14.19,0.966385016440135,18,1,0.05555555555555555
sanr200-0-7,200,6032,1,4.5,4.5,15,16,13.99,0.9949371839468057,18,2,0.1111111111111111
sanr200-0-7,200,6032,1,4.5,4.5,18,16,13.87,1.0262066068779716,18,2,0.1111111111111111
sanr200-0-7,200,6032,1,4.5,4.5,20,16,13.67,1.0493331215586401,18,2,0.1111111111111111
sanr200-0-7,200,6032,1,4.5,4.5,25,16,13.67,1.0867842472174503,18,2,0.1111111111111111
sanr200-0-7,200,6032,1,4.5,4.5,30,16,13.46,1.0809255293497328,18,2,0.1111111111111111
sanr200-0-7,200,6032,1,4.5,4.5,40,16,13.31,1.074197374787334,18,2,0.1111111111111111
sanr200-0-7,200,6032,1,4.5,4.5,50,16,13.23,1.1389029809426263,18,2,0.1111111111111111
sanr200-0-7,200,6032,1,4.5,4.5,75,16,13.06,1.1473447607410774,18,2,0.1111111111111111
sanr200-0-7,200,6032,1,4.5,4.5,100,16,12.86,1.2411285187280163,18,2,0.1111111111111111
sanr200-0-7,200,6032,1,5,5,3,17,14.56,0.8404760555780278,18,1,0.05555555555555555
sanr200-0-7,200,6032,1,5,5,4,17,14.58,0.8506468127254695,18,1,0.05555555555555555
sanr200-0-7,200,6032,1,5,5,5,17,14.56,0.9308061022576078,18,1,0.05555555555555555
sanr200-0-7,200,6032,1,5,5,6,17,14.71,0.9412226091632097,18,1,0.05555555555555555
sanr200-0-7,200,6032,1,5,5,7,17,14.59,0.9807650075323855,18,1,0.05555555555555555
sanr200-0-7,200,6032,1,5,5,8,17,14.56,0.9728309205612249,18,1,0.05555555555555555
sanr200-0-7,200,6032,1,5,5,10,17,14.36,0.9748846085563152,18,1,0.05555555555555555
sanr200-0-7,200,6032,1,5,5,12,17,14.2,0.9797958971132712,18,1,0.05555555555555555
sanr200-0-7,200,6032,1,5,5,15,16,13.97,0.9945350672550466,18,2,0.1111111111111111
sanr200-0-7,200,6032,1,5,5,18,16,13.87,1.0262066068779716,18,2,0.1111111111111111
sanr200-0-7,200,6032,1,5,5,20,16,13.68,1.0665833300778707,18,2,0.1111111111111111
sanr200-0-7,200,6032,1,5,5,25,16,13.67,1.0867842472174503,18,2,0.1111111111111111
sanr200-0-7,200,6032,1,5,5,30,16,13.46,1.0809255293497328,18,2,0.1111111111111111
sanr200-0-7,200,6032,1,5,5,40,16,13.31,1.074197374787334,18,2,0.1111111111111111
sanr200-0-7,200,6032,1,5,5,50,16,13.23,1.1389029809426263,18,2,0.1111111111111111
sanr200-0-7,200,6032,1,5,5,75,16,13.06,1.1473447607410774,18,2,0.1111111111111111
sanr200-0-7,200,6032,1,5,5,100,16,12.86,1.2411285187280163,18,2,0.1111111111111111
